ET,SA,SR,IA,FZ,V,P ,REIn,TS,FX,FY,MX,MY,MZ,REOut,RL,T,TX
s,rad,-,rad,N,m/s,Pa,m,1/m,N,N,Nm,Nm,Nm,m,m,m,m
0,-0.212336881,-0.999581016,9.75E-05,-1109.530979,11.16576623,83988.03235,0,0,-10.55742387,2535.890969,-45.21046112,0,-3.086517417,-1045.986619,0.185583567,0,0
0,-0.204813419,-0.998240105,9.75E-05,-1109.530979,11.16576623,83988.03235,0,0,1.943216428,2528.674208,-43.12302111,0,-0.431405913,-1634.142688,0.185859023,0,0
0,-0.201623186,-0.996454652,9.75E-05,-1109.530979,11.16576623,83988.03235,0,0,-32.36311855,2545.013882,-46.02258006,0,-12.4698025,-1971.313834,0.18620669,0,0
0,-0.194851984,-0.993075966,9.75E-05,-1109.530979,11.16576623,83988.03235,0,0,-35.73635154,2548.238574,-45.6405243,0,-16.91232084,-971.3462749,0.186891794,0,0
0,-0.189276821,-0.988459445,9.75E-05,-1109.530979,11.16576623,83988.03235,0,0,-20.35831641,2569.269473,-44.88459322,0,-10.57996522,-519.8865099,0.18778649,0,0
0,-0.185241687,-0.99114447,9.75E-05,-1109.530979,11.16576623,83988.03235,0,0,-28.49429548,2559.829785,-46.09434503,0,-16.36856791,-1248.558325,0.187284715,0,0
0,-0.178458548,-0.988657293,9.75E-05,-1109.530979,11.16576623,83988.03235,0,0,-40.11368428,2563.642361,-45.53973035,0,-23.15175306,-1109.336785,0.187763784,0,0
0,-0.172971821,-0.987673766,9.75E-05,-1109.530979,11.16576623,83988.03235,0,0,-27.72521586,2563.727291,-45.63828818,0,-17.82682579,-592.7444484,0.187953188,0,0
0,-0.168766377,-0.985590735,9.75E-05,-1109.530979,11.16576623,83988.03235,0,0,-24.05173282,2580.599799,-45.50988746,0,-20.05584007,-777.7126312,0.188424362,0,0
0,-0.162283627,-0.983514488,9.75E-05,-1109.530979,11.16576623,83988.03235,0,0,-39.50645532,2576.158289,-45.83736521,0,-26.5825237,-1269.414337,0.188879789,0,0
0,-0.157142376,-0.988485669,9.75E-05,-1109.530979,11.16576623,83988.03235,0,0,-32.59059115,2547.174544,-45.56495032,0,-25.64407186,-1565.45241,0.187926639,0,0
0,-0.151901883,-0.979745153,9.75E-05,-1109.530979,11.16576623,83988.03235,0,0,-25.30050141,2578.506613,-45.45603744,0,-26.09615351,-1358.430821,0.189786166,0,0
0,-0.14603743,-0.981018815,9.75E-05,-1109.530979,11.16576623,83988.03235,0,0,-36.18767003,2560.958726,-45.76836794,0,-30.94151986,-142.2449685,0.189586291,0,0
0,-0.141310624,-0.990905517,9.75E-05,-1109.530979,11.16576623,83988.03235,0,0,-35.06592785,2504.455819,-45.70099035,0,-32.62919014,-2219.440003,0.187650881,0,0
0,-0.135796854,-0.97902165,9.75E-05,-1109.530979,11.16576623,83988.03235,0,0,-28.54561729,2536.69424,-44.7231454,0,-31.5347036,779.1448197,0.190182621,0,0
0,-0.130523009,-0.98330676,9.75E-05,-1109.530979,11.16576623,83988.03235,0,0,-35.15783162,2504.203379,-45.21967847,0,-36.16613342,370.4359368,0.189485488,0,0
0,-0.125750207,-0.988519791,9.75E-05,-1109.530979,11.16576623,83988.03235,0,0,-32.95543267,2462.271946,-44.41801264,0,-38.01975502,-1919.549432,0.18859591,0,0
0,-0.119374284,-0.982925386,9.75E-05,-1109.530979,11.16576623,83988.03235,0,0,-30.04712573,2453.368748,-44.14599656,0,-39.29307199,-290.0682875,0.189948066,0,0
0,-0.113480227,-0.995513811,9.75E-05,-1109.530979,11.16576623,83988.03235,0,0,-34.90830341,2367.532796,-43.01989667,0,-43.76155869,-783.9886664,0.187653668,0,0
0,-0.109650836,-0.985394535,9.75E-05,-1109.530979,11.16576623,83988.03235,0,0,-30.90000372,2383.532237,-43.00819365,0,-45.86398959,1063.932733,0.189946247,0,0
0,-0.103907732,-0.99008609,9.75E-05,-1109.530979,11.16576623,83988.03235,0,0,-31.90936239,2323.347354,-41.96999698,0,-47.56316302,-892.7631011,0.189347735,0,0
0,-0.097291451,-0.994155714,9.75E-05,-1109.530979,11.16576623,83988.03235,0,0,-30.46775854,2249.104024,-40.89046923,0,-50.62359009,43.25911018,0.188862549,0,0
0,-0.09239857,-0.996474594,9.75E-05,-1109.530979,11.16576623,83988.03235,0,0,-31.24217266,2186.160603,-40.34838326,0,-52.55306215,-1703.619108,0.188556897,0,0
0,-0.087847893,-0.986902193,9.75E-05,-1109.530979,11.16576623,83988.03235,0,0,-29.79808995,2178.588898,-39.49091933,0,-54.6813225,-2155.492322,0.190862463,0,0
0,-0.081213428,-0.987767433,9.75E-05,-1109.530979,11.16576623,83988.03235,0,0,-30.55867172,2091.15133,-37.9347488,0,-57.31485274,-3037.413412,0.190960985,0,0
0,-0.076443447,-0.992771055,9.75E-05,-1109.530979,11.16576623,83988.03235,0,0,-31.9589966,2004.439291,-36.8871142,0,-57.99343113,-181.5559408,0.190112114,0,0
0,-0.072050395,-0.983894547,9.75E-05,-1109.530979,11.16576623,83988.03235,0,0,-32.86904836,1974.467596,-36.17589271,0,-59.61612446,1266.952998,0.192272056,0,0
0,-0.065345448,-0.988846841,9.75E-05,-1109.530979,11.16576623,83988.03235,0,0,-32.01374378,1840.887525,-34.12694241,0,-59.7900412,-1142.37278,0.191572982,0,0
0,-0.059625091,-0.96704727,9.75E-05,-1109.530979,11.16576623,83988.03235,0,0,-34.47519638,1808.113672,-31.79603316,0,-60.77102553,-893.6642679,0.196387178,0,0
0,-0.055397402,-0.99463638,9.75E-05,-1109.530979,11.16576623,83988.03235,0,0,-37.76985218,1626.66958,-30.59875477,0,-58.00656431,-217.398155,0.191021057,0,0
0,-0.049683602,-0.98315605,9.75E-05,-1109.530979,11.16576623,83988.03235,0,0,-38.29470742,1538.06829,-28.27572824,0,-57.04661298,-1263.465729,0.193544778,0,0
0,-0.044135012,-0.97529138,9.75E-05,-1109.530979,11.16576623,83988.03235,0,0,-36.95930295,1427.971791,-26.27046574,0,-54.8679163,-1510.035645,0.19550433,0,0
0,-0.038898465,-0.994869158,9.75E-05,-1109.530979,11.16576623,83988.03235,0,0,-43.8142168,1235.377408,-24.15229116,0,-50.87523412,-806.734148,0.191891341,0,0
0,-0.033338474,-0.989427272,9.75E-05,-1109.530979,11.16576623,83988.03235,0,0,-51.32686568,1098.840573,-21.5572196,0,-49.18733998,689.1779565,0.19303228,0,0
0,-0.028024615,-0.976613175,9.75E-05,-1109.530979,11.16576623,83988.03235,0,0,-40.81997824,969.0681436,-18.34453951,0,-41.33519562,1492.010381,0.196037329,0,0
0,-0.022588868,-0.992860334,9.75E-05,-1109.530979,11.16576623,83988.03235,0,0,-47.29368631,749.7250505,-15.18134221,0,-34.10666243,8.595607457,0.192883388,0,0
0,-0.017011365,-0.987199173,9.75E-05,-1109.530979,11.16576623,83988.03235,0,0,-61.04378654,577.4788537,-13.02486778,0,-29.80704735,-1046.870012,0.193961695,0,0
0,-0.011738502,-0.989450881,9.75E-05,-1109.530979,11.16576623,83988.03235,0,0,-55.52741479,396.3408737,-10.09516757,0,-20.44841435,-1233.35068,0.193560692,0,0
0,-0.006400792,-1.000817512,9.75E-05,-1109.530979,11.16576623,83988.03235,0,0,-59.49699587,191.4136852,-7.127009863,0,-11.7631511,-850.5646454,0.191260059,0,0
0,-0.001484069,-0.989672259,9.75E-05,-1109.530979,11.16576623,83988.03235,0,0,-59.49276484,14.97674705,-3.115631368,0,-3.773263636,-174.4095779,0.193408744,0,0
0,0.004505692,-0.990597834,9.75E-05,-1109.530979,11.16576623,83988.03235,0,0,-64.3382928,-188.0977036,0.486558844,0,5.768917469,603.7298789,0.193300314,0,0
0,0.009946404,-1.005157991,9.75E-05,-1109.530979,11.16576623,83988.03235,0,0,-57.16109256,-365.7874866,2.727688635,0,14.38162458,2032.779919,0.190396918,0,0
0,0.015109577,-1.008371201,9.75E-05,-1109.530979,11.16576623,83988.03235,0,0,-49.17140044,-521.8101441,5.775402254,0,22.78387895,1796.685873,0.189722493,0,0
0,0.020532325,-1.01601296,9.75E-05,-1109.530979,11.16576623,83988.03235,0,0,-49.95344266,-676.2593061,7.642320522,0,29.62278103,-842.4501618,0.188177747,0,0
0,0.026449605,-1.032496211,9.75E-05,-1109.530979,11.16576623,83988.03235,0,0,-45.28607625,-820.9054222,10.30345596,0,33.08761604,628.5819294,0.185030789,0,0
0,0.031045284,-1.02219844,9.75E-05,-1109.530979,11.16576623,83988.03235,0,0,-46.78324787,-943.156692,12.38684231,0,35.10952836,1423.925817,0.186798425,0,0
0,0.03671977,-1.038342233,9.75E-05,-1109.530979,11.16576623,83988.03235,0,0,-36.04153341,-1063.743762,14.67071265,0,44.12915127,1689.263713,0.183739726,0,0
0,0.042339185,-1.053069409,9.75E-05,-1109.530979,11.16576623,83988.03235,0,0,-29.72709732,-1187.999111,16.04542539,0,47.18964332,2040.155865,0.180937253,0,0
0,0.047032788,-1.040726733,9.75E-05,-1109.530979,11.16576623,83988.03235,0,0,-38.66718531,-1303.05488,18.16743715,0,48.25073173,1539.606842,0.182913959,0,0
0,0.053317457,-1.052199252,9.75E-05,-1109.530979,11.16576623,83988.03235,0,0,-37.112832,-1413.062265,19.89447511,0,52.25063783,819.4432627,0.180738697,0,0
0,0.05822099,-1.053507044,9.75E-05,-1109.530979,11.16576623,83988.03235,0,0,-23.74841645,-1518.201245,21.83054755,0,54.43580378,791.2562031,0.180282019,0,0
0,0.062822547,-1.045468269,9.75E-05,-1109.530979,11.16576623,83988.03235,0,0,-30.63091882,-1619.525149,23.96903064,0,56.36795934,1183.337367,0.181475462,0,0
0,0.069560683,-1.05180028,9.75E-05,-1109.530979,11.16576623,83988.03235,0,0,-26.25209362,-1724.972878,25.41938994,0,57.47002282,1091.693663,0.180182089,0,0
0,0.074140348,-1.048472728,9.75E-05,-1109.530979,11.16576623,83988.03235,0,0,-16.86148486,-1811.272567,26.39022695,0,56.25130341,1626.558847,0.180559542,0,0
0,0.07910386,-1.046343345,9.75E-05,-1109.530979,11.16576623,83988.03235,0,0,-23.2186651,-1884.746413,28.46975162,0,56.54640794,1398.993764,0.180775204,0,0
0,0.086238276,-1.049919578,9.75E-05,-1109.530979,11.16576623,83988.03235,0,0,-21.84664945,-1967.33574,30.35437266,0,55.36577661,911.5982114,0.17992141,0,0
0,0.090722005,-1.014630358,9.75E-05,-1109.530979,11.16576623,83988.03235,0,0,-12.78780054,-2159.534777,31.29623708,0,54.64106182,54.94495644,0.186919789,0,0
0,0.095176972,-1.005607907,9.75E-05,-1109.530979,11.16576623,83988.03235,0,0,-14.6749432,-2244.160763,32.48409278,0,52.40466904,899.2999051,0.188536802,0,0
0,0.10221685,-1.004760622,9.75E-05,-1109.530979,11.16576623,83988.03235,0,0,-15.55711638,-2326.470752,33.53891453,0,49.59312649,961.8354163,0.188463711,0,0
0,0.107028396,-1.003675465,9.75E-05,-1109.530979,11.16576623,83988.03235,0,0,-13.81169729,-2370.828842,34.35037105,0,48.0691839,1209.375493,0.188389477,0,0
0,0.111231774,-1.006483339,9.75E-05,-1109.530979,11.16576623,83988.03235,0,0,-15.25379019,-2398.555074,35.0922484,0,46.58553382,758.610343,0.187662942,0,0
0,0.118111057,-1.003307532,9.75E-05,-1109.530979,11.16576623,83988.03235,0,0,-16.14641489,-2469.712672,35.90728755,0,43.47850294,854.4049378,0.188062467,0,0
0,0.124103267,-0.992181221,9.75E-05,-1109.530979,11.16576623,83988.03235,0,0,-13.07955981,-2563.662404,36.83635484,0,41.16438336,1144.266416,0.190050702,0,0
0,0.127061449,-1.010340859,9.75E-05,-1109.530979,11.16576623,83988.03235,0,0,-17.86172444,-2498.954256,37.06834326,0,39.89249968,794.7241466,0.186257858,0,0
0,0.133731603,-1.00255362,9.75E-05,-1109.530979,11.16576623,83988.03235,0,0,-13.2961145,-2573.362971,37.51543634,0,38.49732932,724.2038264,0.187650408,0,0
0,0.140314263,-1.006461434,9.75E-05,-1109.530979,11.16576623,83988.03235,0,0,-21.19979258,-2575.820189,38.27271209,0,34.03149312,715.0350712,0.186631959,0,0
0,0.143538523,-0.996263273,9.75E-05,-1109.530979,11.16576623,83988.03235,0,0,-14.03660968,-2658.092083,38.36889326,0,33.76578208,910.3303065,0.188663746,0,0
0,0.149886091,-1.002467907,9.75E-05,-1109.530979,11.16576623,83988.03235,0,0,-13.00662654,-2638.695029,38.73166615,0,32.77027212,865.6649557,0.187235665,0,0
0,0.155876742,-1.014610037,9.75E-05,-1109.530979,11.16576623,83988.03235,0,0,-23.28934364,-2586.691036,38.27894227,0,27.26588705,995.2602298,0.1847486,0,0
0,0.160142255,-0.993320831,9.75E-05,-1109.530979,11.16576623,83988.03235,0,0,-13.32654278,-2711.961325,39.59154431,0,28.25127477,753.0172027,0.188808564,0,0
0,0.166032125,-1.008629129,9.75E-05,-1109.530979,11.16576623,83988.03235,0,0,-12.75412598,-2655.362444,39.48775004,0,26.63346981,724.1214608,0.185830979,0,0
0,0.171562947,-1.011892984,9.75E-05,-1109.530979,11.16576623,83988.03235,0,0,-21.33861096,-2628.887395,39.08214242,0,22.46695806,1063.852013,0.185154709,0,0
0,0.177130021,-1.002630524,9.75E-05,-1109.530979,11.16576623,83988.03235,0,0,-13.85182785,-2698.488405,39.70391411,0,22.13927759,1016.009799,0.186822338,0,0
0,0.181941347,-1.012267806,9.75E-05,-1109.530979,11.16576623,83988.03235,0,0,-14.60991098,-2648.857152,39.08176695,0,21.05850825,1152.358823,0.185026738,0,0
0,0.187114012,-1.012739629,9.75E-05,-1109.530979,11.16576623,83988.03235,0,0,-14.63192575,-2645.950598,39.28246379,0,19.0444956,880.070613,0.184874192,0,0
0,0.19400153,-1.009060228,9.75E-05,-1109.530979,11.16576623,83988.03235,0,0,-15.51020133,-2667.10475,39.33766359,0,15.34064239,728.7798044,0.185512882,0,0
0,0.197454567,-1.018863941,9.75E-05,-1109.530979,11.16576623,83988.03235,0,0,-22.16599265,-2619.240397,39.09852232,0,13.89629955,990.9184636,0.183738075,0,0
0,0.2036107,-1.016373446,9.75E-05,-1109.530979,11.16576623,83988.03235,0,0,-5.465160241,-2634.896306,39.1627161,0,18.31072925,1185.321568,0.184158567,0,0
0,0.210059458,-1.019068816,9.75E-05,-1109.530979,11.16576623,83988.03235,0,0,-50.02501315,-2634.436965,39.2595132,0,-4.281614155,1004.363275,0.18360025,0,0
0,0.21358453,-1.021541869,9.75E-05,-1109.530979,11.16576623,83988.03235,0,0,-37.75606404,-2614.687119,39.05305661,0,0.945071915,1518.311089,0.183224527,0,0
0,-0.212101519,-0.999744134,0.000100195,-882.5619422,11.16598502,84052.24719,0,0,-0.854356183,2047.454065,-29.79127765,0,3.813444853,-785.3445139,0.190629737,0,0
0,-0.20435401,-0.998295002,0.000100195,-882.5619422,11.16598502,84052.24719,0,0,8.587314103,2053.904489,-30.01023871,0,7.698698636,-270.4878812,0.19092049,0,0
0,-0.201717994,-1.000474429,0.000100195,-882.5619422,11.16598502,84052.24719,0,0,-28.03609328,2044.584458,-29.88577785,0,-9.37305071,-1539.43433,0.190502899,0,0
0,-0.194808169,-0.996616131,0.000100195,-882.5619422,11.16598502,84052.24719,0,0,-26.86841849,2054.216657,-30.25055605,0,-10.22685614,-63.28087405,0.191262618,0,0
0,-0.188403319,-0.993875265,0.000100195,-882.5619422,11.16598502,84052.24719,0,0,-13.22204996,2057.001802,-29.9971273,0,-3.137855485,-615.4004379,0.191812159,0,0
0,-0.185287809,-0.996377605,0.000100195,-882.5619422,11.16598502,84052.24719,0,0,-21.30225244,2066.196103,-30.5675686,0,-11.05110145,610.0211202,0.191347071,0,0
0,-0.178450261,-0.992594034,0.000100195,-882.5619422,11.16598502,84052.24719,0,0,-31.37561593,2068.753171,-30.37882155,0,-14.84424531,-1919.179761,0.192098989,0,0
0,-0.172427378,-0.994432049,0.000100195,-882.5619422,11.16598502,84052.24719,0,0,-15.84461448,2061.01069,-30.1305066,0,-7.5823356,-10.92207646,0.191749814,0,0
0,-0.168423908,-0.98656209,0.000100195,-882.5619422,11.16598502,84052.24719,0,0,-18.01863314,2096.097754,-29.98502264,0,-12.44583386,-32.65780478,0.193300469,0,0
0,-0.162212211,-0.988228994,0.000100195,-882.5619422,11.16598502,84052.24719,0,0,-29.53388706,2083.648814,-30.51409536,0,-16.42921161,-819.3315563,0.193025357,0,0
0,-0.1568471,-0.990722783,0.000100195,-882.5619422,11.16598502,84052.24719,0,0,-23.91158734,2064.631545,-30.10324616,0,-15.07900233,-767.1476496,0.19252689,0,0
0,-0.152074662,-0.982058598,0.000100195,-882.5619422,11.16598502,84052.24719,0,0,-17.73893402,2100.007111,-30.06285033,0,-15.11692912,-1418.09983,0.194343312,0,0
0,-0.146080205,-0.987484252,0.000100195,-882.5619422,11.16598502,84052.24719,0,0,-26.48414449,2069.527188,-30.03803957,0,-18.79270656,-947.2547988,0.193250221,0,0
0,-0.1409911,-0.995008581,0.000100195,-882.5619422,11.16598502,84052.24719,0,0,-27.00107602,2034.815193,-29.92618294,0,-20.05431187,-617.4698729,0.19177313,0,0
0,-0.135815688,-0.982116938,0.000100195,-882.5619422,11.16598502,84052.24719,0,0,-18.35680108,2065.237181,-29.63477131,0,-19.03514495,-1329.746853,0.194451274,0,0
0,-0.130303222,-0.990063083,0.000100195,-882.5619422,11.16598502,84052.24719,0,0,-24.31677879,2029.869676,-29.4715587,0,-22.23980419,-221.4517739,0.192932995,0,0
0,-0.125643794,-1.002633271,0.000100195,-882.5619422,11.16598502,84052.24719,0,0,-27.8732971,1982.095379,-29.50076586,0,-24.34067988,-1679.065428,0.190481472,0,0
0,-0.11945528,-0.991489194,0.000100195,-882.5619422,11.16598502,84052.24719,0,0,-20.24559488,1990.024713,-29.03497486,0,-23.58341609,-1317.763751,0.192819345,0,0
0,-0.113230018,-0.982667372,0.000100195,-882.5619422,11.16598502,84052.24719,0,0,-22.22155243,1994.055172,-28.4372913,0,-27.31702373,-2238.417523,0.194709369,0,0
0,-0.109443227,-1.006371091,0.000100195,-882.5619422,11.16598502,84052.24719,0,0,-25.67205244,1905.15643,-28.97608991,0,-28.97215068,-1548.828924,0.190028771,0,0
0,-0.103492195,-0.99143388,0.000100195,-882.5619422,11.16598502,84052.24719,0,0,-20.85234603,1921.165134,-28.15473107,0,-29.37449814,-341.8207853,0.193169152,0,0
0,-0.097063465,-0.982049394,0.000100195,-882.5619422,11.16598502,84052.24719,0,0,-21.21370398,1913.116893,-27.35777993,0,-32.79008468,-948.1289453,0.195190803,0,0
0,-0.09321232,-1.006277779,0.000100195,-882.5619422,11.16598502,84052.24719,0,0,-23.611923,1811.470526,-28.03008568,0,-34.03217125,-354.3542582,0.190461481,0,0
0,-0.087509967,-0.989751372,0.000100195,-882.5619422,11.16598502,84052.24719,0,0,-21.57864968,1825.118829,-27.05009124,0,-35.81811633,579.8261647,0.193920946,0,0
0,-0.08095584,-0.978022994,0.000100195,-882.5619422,11.16598502,84052.24719,0,0,-21.29521217,1807.333885,-25.63953815,0,-39.2064698,-1280.05194,0.196455391,0,0
0,-0.076859167,-1.003762701,0.000100195,-882.5619422,11.16598502,84052.24719,0,0,-24.12460001,1681.138479,-26.09866652,0,-39.05992365,-1817.383859,0.191432251,0,0
0,-0.071246276,-0.985663506,0.000100195,-882.5619422,11.16598502,84052.24719,0,0,-24.54064423,1681.645501,-25.19378467,0,-41.13445288,-626.9685032,0.195242365,0,0
0,-0.064772528,-0.976426104,0.000100195,-882.5619422,11.16598502,84052.24719,0,0,-24.70860551,1624.552986,-23.81411474,0,-42.28321917,-968.7202163,0.197315657,0,0
0,-0.060566686,-0.992191929,0.000100195,-882.5619422,11.16598502,84052.24719,0,0,-27.43418351,1521.288354,-23.43683606,0,-41.53776127,-1566.362475,0.194409797,0,0
0,-0.055643226,-0.989491181,0.000100195,-882.5619422,11.16598502,84052.24719,0,0,-27.15711948,1450.130807,-22.14026977,0,-41.0080074,-377.0996101,0.195014871,0,0
0,-0.049204394,-0.985135817,0.000100195,-882.5619422,11.16598502,84052.24719,0,0,-29.13487751,1351.983788,-20.91647738,0,-40.55086667,-45.57715616,0.196143158,0,0
0,-0.043608565,-0.978410856,0.000100195,-882.5619422,11.16598502,84052.24719,0,0,-27.02131558,1266.79995,-19.40000687,0,-39.02397145,-1133.966592,0.197847336,0,0
0,-0.038859849,-1.004974479,0.000100195,-882.5619422,11.16598502,84052.24719,0,0,-35.31586898,1098.450299,-18.49054398,0,-35.50085103,-117.0767181,0.19252192,0,0
0,-0.03340824,-0.990439849,0.000100195,-882.5619422,11.16598502,84052.24719,0,0,-38.66298438,1012.656146,-16.69503983,0,-36.71362108,-1621.893245,0.19552976,0,0
0,-0.027840485,-0.990370069,0.000100195,-882.5619422,11.16598502,84052.24719,0,0,-31.79233104,875.1197683,-14.91595263,0,-29.7540843,1101.024609,0.195908739,0,0
0,-0.022126198,-0.995320793,0.000100195,-882.5619422,11.16598502,84052.24719,0,0,-39.38808447,696.2669676,-13.24211338,0,-24.78903964,-348.3444905,0.195048959,0,0
0,-0.016852411,-0.988912628,0.000100195,-882.5619422,11.16598502,84052.24719,0,0,-48.26382773,549.4605438,-10.94103224,0,-22.38844191,-1490.724201,0.19627392,0,0
0,-0.011590991,-0.986679675,0.000100195,-882.5619422,11.16598502,84052.24719,0,0,-43.57563554,396.9720904,-8.561187918,0,-16.31832319,-594.7425626,0.197039105,0,0
0,-0.006288032,-0.99039298,0.000100195,-882.5619422,11.16598502,84052.24719,0,0,-47.40155403,200.2517984,-6.527206055,0,-8.527225816,501.0080252,0.196190265,0,0
0,-0.001083173,-0.991520198,0.000100195,-882.5619422,11.16598502,84052.24719,0,0,-49.45513568,10.0967374,-4.144384677,0,-2.32204161,419.7707067,0.195841917,0,0
0,0.004369922,-1.006299205,0.000100195,-882.5619422,11.16598502,84052.24719,0,0,-38.9628775,-167.7731581,-2.195242995,0,7.393255938,-24.9673083,0.193074262,0,0
0,0.009565547,-0.999105841,0.000100195,-882.5619422,11.16598502,84052.24719,0,0,-43.64592358,-324.8860839,0.437344759,0,10.24669226,1661.134171,0.194425553,0,0
0,0.015231438,-1.010950611,0.000100195,-882.5619422,11.16598502,84052.24719,0,0,-40.54943756,-493.1418918,2.232295244,0,15.458696,-41.19185106,0.192192414,0,0
0,0.020892491,-1.020113823,0.000100195,-882.5619422,11.16598502,84052.24719,0,0,-32.52628136,-649.9893811,3.686355838,0,23.63682469,-56.80689238,0.190479719,0,0
0,0.025798805,-1.011314957,0.000100195,-882.5619422,11.16598502,84052.24719,0,0,-27.81227192,-780.3513478,6.259925155,0,26.14093372,414.8259276,0.192147379,0,0
0,0.031193791,-1.021270148,0.000100195,-882.5619422,11.16598502,84052.24719,0,0,-32.17439726,-893.4655131,7.386478915,0,26.16169878,566.7611453,0.190250315,0,0
0,0.037402228,-1.026284972,0.000100195,-882.5619422,11.16598502,84052.24719,0,0,-20.62617908,-1021.011484,8.681839939,0,32.20404927,1087.041885,0.189355677,0,0
0,0.042130852,-1.009552164,0.000100195,-882.5619422,11.16598502,84052.24719,0,0,-22.88725249,-1149.255479,10.44499215,0,32.57029991,1770.53645,0.192517682,0,0
0,0.047219451,-1.004784252,0.000100195,-882.5619422,11.16598502,84052.24719,0,0,-19.36284792,-1252.487766,11.5095279,0,35.74289487,1732.84862,0.193483283,0,0
0,0.053000015,-0.994346016,0.000100195,-882.5619422,11.16598502,84052.24719,0,0,-15.02300082,-1374.510239,12.37022182,0,35.29931729,890.9290586,0.195680259,0,0
0,0.058041929,-0.988632028,0.000100195,-882.5619422,11.16598502,84052.24719,0,0,-16.96600876,-1469.66393,13.97440043,0,35.90144385,369.0764854,0.196663724,0,0
0,0.063820626,-1.006015174,0.000100195,-882.5619422,11.16598502,84052.24719,0,0,-13.62821021,-1521.132592,15.40537253,0,39.61655221,1402.312798,0.192959858,0,0
0,0.068913542,-0.991803828,0.000100195,-882.5619422,11.16598502,84052.24719,0,0,-11.12465732,-1626.160342,15.49209205,0,37.87956854,989.3281864,0.19584939,0,0
0,0.074431476,-0.990696224,0.000100195,-882.5619422,11.16598502,84052.24719,0,0,-11.28870968,-1701.856312,16.53823784,0,36.3365143,703.1694804,0.195706045,0,0
0,0.080200966,-1.015208869,0.000100195,-882.5619422,11.16598502,84052.24719,0,0,-15.11578844,-1702.693559,17.55803181,0,37.02045527,1416.874706,0.190602931,0,0
0,0.084568015,-0.989810564,0.000100195,-882.5619422,11.16598502,84052.24719,0,0,-7.867886583,-1820.371326,17.49496728,0,34.94094548,1027.653655,0.195818309,0,0
0,0.090170453,-1.001072668,0.000100195,-882.5619422,11.16598502,84052.24719,0,0,-9.360229407,-1838.697224,18.36169156,0,34.18049596,868.4979155,0.19329946,0,0
0,0.096766873,-1.013795409,0.000100195,-882.5619422,11.16598502,84052.24719,0,0,-10.6833589,-1855.330581,19.16852504,0,33.09163465,1263.911139,0.190640692,0,0
0,0.100687095,-0.997635692,0.000100195,-882.5619422,11.16598502,84052.24719,0,0,-7.591057615,-1938.623611,19.69446534,0,31.3434512,-227.88953,0.193803687,0,0
0,0.106276365,-1.004079714,0.000100195,-882.5619422,11.16598502,84052.24719,0,0,-9.801208914,-1952.454114,20.07129598,0,29.44985509,1276.726912,0.192327836,0,0
0,0.112883802,-1.015249183,0.000100195,-882.5619422,11.16598502,84052.24719,0,0,-9.983341856,-1959.344812,20.79124624,0,28.30542597,914.5423711,0.189965152,0,0
0,0.116728478,-0.995654568,0.000100195,-882.5619422,11.16598502,84052.24719,0,0,-5.723532653,-2051.048375,21.06120795,0,27.41172407,1268.687186,0.193826982,0,0
0,0.122308537,-1.00620245,0.000100195,-882.5619422,11.16598502,84052.24719,0,0,-9.97666456,-2040.502928,21.52192329,0,25.38695608,793.9696701,0.191571393,0,0
0,0.128679527,-1.013435341,0.000100195,-882.5619422,11.16598502,84052.24719,0,0,-12.23806526,-2044.036784,21.68016646,0,23.44317214,1163.141032,0.189993159,0,0
0,0.133746228,-1.008195518,0.000100195,-882.5619422,11.16598502,84052.24719,0,0,-7.831985244,-2079.954048,22.13325152,0,23.41275508,919.9872023,0.190954922,0,0
0,0.13903195,-0.998551428,0.000100195,-882.5619422,11.16598502,84052.24719,0,0,-4.866539046,-2139.000046,22.03040236,0,21.82641806,1158.857356,0.192814369,0,0
0,0.144220757,-1.017260488,0.000100195,-882.5619422,11.16598502,84052.24719,0,0,-16.34715296,-2073.014835,22.18845119,0,18.12063472,1511.068859,0.189022432,0,0
0,0.150065665,-1.008251477,0.000100195,-882.5619422,11.16598502,84052.24719,0,0,-6.910321596,-2117.825045,22.57921842,0,19.44705114,856.4259958,0.190777391,0,0
0,0.156474853,-1.003295378,0.000100195,-882.5619422,11.16598502,84052.24719,0,0,-4.761372373,-2164.482459,23.23174101,0,17.30245602,1111.920185,0.191712135,0,0
0,0.160101554,-1.01412484,0.000100195,-882.5619422,11.16598502,84052.24719,0,0,-17.33075483,-2098.958399,22.45606435,0,13.42884099,1043.2971,0.189535189,0,0
0,0.166346069,-1.009345366,0.000100195,-882.5619422,11.16598502,84052.24719,0,0,-4.667610993,-2133.609598,22.91342924,0,16.7577912,723.7953542,0.190444946,0,0
0,0.172537924,-1.006754578,0.000100195,-882.5619422,11.16598502,84052.24719,0,0,-6.605421421,-2153.705952,23.30197992,0,13.90681828,1303.234271,0.19093185,0,0
0,0.17603136,-1.014294238,0.000100195,-882.5619422,11.16598502,84052.24719,0,0,-16.4151111,-2112.571714,22.77300398,0,9.76413827,951.4549208,0.189444118,0,0
0,0.182681069,-1.012334087,0.000100195,-882.5619422,11.16598502,84052.24719,0,0,-2.060930441,-2130.303154,22.95384128,0,14.10651607,493.0565947,0.189809215,0,0
0,0.188933037,-1.006298053,0.000100195,-882.5619422,11.16598502,84052.24719,0,0,-11.42018151,-2136.877492,23.74918796,0,8.99860216,1208.338459,0.190928753,0,0
0,0.192187453,-1.016951408,0.000100195,-882.5619422,11.16598502,84052.24719,0,0,-15.0829167,-2123.099741,22.37276244,0,7.592077944,893.3987234,0.188909129,0,0
0,0.199370318,-1.015503524,0.000100195,-882.5619422,11.16598502,84052.24719,0,0,-4.142868202,-2114.034307,22.98885553,0,10.23209589,1162.382913,0.189168421,0,0
0,0.205289389,-1.010563658,0.000100195,-882.5619422,11.16598502,84052.24719,0,0,-17.7666632,-2116.652495,22.99276267,0,5.237869118,751.4239723,0.190068343,0,0
0,0.208143301,-1.022735681,0.000100195,-882.5619422,11.16598502,84052.24719,0,0,-12.76031734,-2101.224626,22.41680359,0,4.40174833,587.5243562,0.187802333,0,0
0,0.213442671,-1.010559738,0.000100195,-882.5619422,11.16598502,84052.24719,0,0,-37.33044044,-2100.720198,22.57087263,0,-7.117794152,809.5677882,0.189990999,0,0
0,-0.210638592,-0.999254034,0.000100921,-660.1990201,11.16556501,84100.86747,0,0,10.98697323,1569.116949,-17.55420396,0,9.627487432,400.2572615,0.194831468,0,0
0,-0.204449747,-1.001374715,0.000100921,-660.1990201,11.16556501,84100.86747,0,0,11.25245326,1566.535365,-17.42602174,0,7.964258347,-116.3460194,0.194390699,0,0
0,-0.200109422,-0.995083899,0.000100921,-660.1990201,11.16556501,84100.86747,0,0,-26.55750959,1572.324299,-18.34440772,0,-7.113762565,304.6279109,0.195684813,0,0
0,-0.194066019,-0.994102155,0.000100921,-660.1990201,11.16556501,84100.86747,0,0,-15.08621306,1574.915032,-18.07629175,0,-4.354532828,-32.53126586,0.195909376,0,0
0,-0.187974381,-0.989460831,0.000100921,-660.1990201,11.16556501,84100.86747,0,0,-11.79509722,1589.352457,-17.88212336,0,-3.966047513,-2294.838448,0.196855623,0,0
0,-0.183964088,-0.992395635,0.000100921,-660.1990201,11.16556501,84100.86747,0,0,-16.77213333,1578.470558,-18.25289519,0,-3.935907628,316.660377,0.196242171,0,0
0,-0.177747722,-0.99169295,0.000100921,-660.1990201,11.16556501,84100.86747,0,0,-24.35147402,1583.602134,-18.06155549,0,-9.786549897,-1450.580135,0.196420371,0,0
0,-0.172306566,-0.991646996,0.000100921,-660.1990201,11.16556501,84100.86747,0,0,-14.3225957,1592.840259,-17.74004696,0,-6.761234782,-1693.46644,0.196453228,0,0
0,-0.168702435,-0.992052657,0.000100921,-660.1990201,11.16556501,84100.86747,0,0,-9.024153223,1580.363845,-17.88629764,0,-3.154649,379.5154718,0.196356959,0,0
0,-0.161705597,-0.990531616,0.000100921,-660.1990201,11.16556501,84100.86747,0,0,-23.51755332,1582.931898,-17.84290889,0,-11.06591123,-1947.540323,0.196687179,0,0
0,-0.155772567,-0.990685661,0.000100921,-660.1990201,11.16556501,84100.86747,0,0,-15.04156116,1582.991182,-17.86789872,0,-8.779075603,-892.7524073,0.196710519,0,0
0,-0.152547092,-0.991214588,0.000100921,-660.1990201,11.16556501,84100.86747,0,0,-10.23879126,1576.323683,-17.69552729,0,-6.637550804,-1804.939584,0.196580009,0,0
0,-0.145822406,-0.991114551,0.000100921,-660.1990201,11.16556501,84100.86747,0,0,-20.75684142,1574.370749,-17.85114304,0,-11.95897739,-817.9130007,0.196652117,0,0
0,-0.139095332,-0.991677898,0.000100921,-660.1990201,11.16556501,84100.86747,0,0,-16.44515644,1565.422677,-17.73930907,0,-10.9918846,4.596387532,0.196563312,0,0
0,-0.136276087,-0.991205643,0.000100921,-660.1990201,11.16556501,84100.86747,0,0,-12.19452096,1563.764335,-17.20217946,0,-10.54373738,-330.5909392,0.196659645,0,0
0,-0.130026431,-0.991958635,0.000100921,-660.1990201,11.16556501,84100.86747,0,0,-18.27968429,1553.063647,-17.64211446,0,-13.01976771,2.188861574,0.196563711,0,0
0,-0.123148411,-0.994163288,0.000100921,-660.1990201,11.16556501,84100.86747,0,0,-17.69423519,1531.265588,-17.5366787,0,-14.58872526,-760.4118677,0.196165778,0,0
0,-0.119211495,-0.992359058,0.000100921,-660.1990201,11.16556501,84100.86747,0,0,-11.11887089,1531.921194,-17.14213848,0,-13.2171517,-1268.585766,0.196571952,0,0
0,-0.114461808,-0.996887389,0.000100921,-660.1990201,11.16556501,84100.86747,0,0,-15.99012142,1510.821564,-17.45587221,0,-15.78511635,140.458166,0.195713158,0,0
0,-0.107388606,-0.99352357,0.000100921,-660.1990201,11.16556501,84100.86747,0,0,-18.14664365,1500.045583,-17.48572384,0,-18.36665353,-434.0327804,0.196438978,0,0
0,-0.102147632,-0.992318175,0.000100921,-660.1990201,11.16556501,84100.86747,0,0,-12.95822959,1478.156672,-16.45497327,0,-17.48600683,-1557.787775,0.196686503,0,0
0,-0.098303961,-0.995609119,0.000100921,-660.1990201,11.16556501,84100.86747,0,0,-14.71601686,1466.34785,-16.92354985,0,-19.28391779,-1025.691972,0.196143596,0,0
0,-0.091384041,-0.989085772,0.000100921,-660.1990201,11.16556501,84100.86747,0,0,-17.62583642,1455.538408,-16.89071932,0,-22.09806998,-614.005261,0.197493004,0,0
0,-0.0866485,-0.994022628,0.000100921,-660.1990201,11.16556501,84100.86747,0,0,-13.86296114,1409.897707,-16.92227923,0,-22.02430474,1407.045641,0.196525348,0,0
0,-0.082074602,-0.988849913,0.000100921,-660.1990201,11.16556501,84100.86747,0,0,-15.95921645,1412.694629,-16.48730637,0,-23.78566361,424.180969,0.197675401,0,0
0,-0.075087859,-0.98256816,0.000100921,-660.1990201,11.16556501,84100.86747,0,0,-19.40208475,1376.76143,-16.08254433,0,-26.05223527,-513.6801094,0.199058473,0,0
0,-0.070865315,-0.985290278,0.000100921,-660.1990201,11.16556501,84100.86747,0,0,-17.0489694,1337.6071,-16.31952686,0,-25.9349791,-539.8184301,0.198550451,0,0
0,-0.066215905,-0.983986029,0.000100921,-660.1990201,11.16556501,84100.86747,0,0,-18.88645804,1303.930226,-15.50982687,0,-26.74456588,-1638.114833,0.198943443,0,0
0,-0.059466695,-0.983636518,0.000100921,-660.1990201,11.16556501,84100.86747,0,0,-19.04276438,1231.507104,-15.04837562,0,-26.55853874,55.60990283,0.199117242,0,0
0,-0.054315724,-0.977864333,0.000100921,-660.1990201,11.16556501,84100.86747,0,0,-20.80480029,1185.815599,-14.38044647,0,-26.19964648,-311.3690395,0.20044079,0,0
0,-0.049900756,-0.993018062,0.000100921,-660.1990201,11.16556501,84100.86747,0,0,-23.30864482,1099.558911,-14.26853319,0,-26.87107895,-1416.604749,0.197396439,0,0
0,-0.043666327,-0.990875559,0.000100921,-660.1990201,11.16556501,84100.86747,0,0,-21.1271887,1015.939875,-13.64048641,0,-24.07954634,217.089712,0.197928848,0,0
0,-0.037904463,-0.983532709,0.000100921,-660.1990201,11.16556501,84100.86747,0,0,-24.44780939,942.5175294,-12.55614631,0,-25.02122897,-237.2079797,0.199457397,0,0
0,-0.033094006,-1.005964894,0.000100921,-660.1990201,11.16556501,84100.86747,0,0,-31.91244882,821.7424711,-12.02840616,0,-24.15779305,987.0398048,0.195039085,0,0
0,-0.027593749,-1.001026289,0.000100921,-660.1990201,11.16556501,84100.86747,0,0,-25.42196515,727.6648483,-11.16886269,0,-18.75062358,-542.0932611,0.196018278,0,0
0,-0.021864336,-0.99271858,0.000100921,-660.1990201,11.16556501,84100.86747,0,0,-29.14901109,605.3653655,-9.921284595,0,-18.47088513,-685.0192668,0.197723124,0,0
0,-0.016989586,-1.001654295,0.000100921,-660.1990201,11.16556501,84100.86747,0,0,-37.6867897,469.6563898,-9.659409931,0,-15.21675973,-1355.240536,0.196138036,0,0
0,-0.011650641,-0.976038962,0.000100921,-660.1990201,11.16556501,84100.86747,0,0,-36.61691406,358.6675892,-7.364275554,0,-10.84506925,766.8328896,0.201408567,0,0
0,-0.006237168,-0.977168874,0.000100921,-660.1990201,11.16556501,84100.86747,0,0,-35.22742853,180.1149366,-5.09310416,0,-6.770416581,-1.988484167,0.201438841,0,0
0,-0.0008268,-0.965791396,0.000100921,-660.1990201,11.16556501,84100.86747,0,0,-42.99599712,8.384256003,-4.128567506,0,-1.670522228,1313.306344,0.204111234,0,0
0,0.004790646,-0.981520885,0.000100921,-660.1990201,11.16556501,84100.86747,0,0,-27.71320528,-159.5461363,-2.740266473,0,7.187892927,592.2504091,0.200693377,0,0
0,0.01013444,-0.989715249,0.000100921,-660.1990201,11.16556501,84100.86747,0,0,-38.18270011,-300.0455714,-1.59962509,0,6.564986807,334.6864085,0.198971374,0,0
0,0.015183259,-1.001309188,0.000100921,-660.1990201,11.16556501,84100.86747,0,0,-33.75815936,-432.1160035,0.438574465,0,9.774428691,1397.959064,0.196651087,0,0
0,0.020932099,-1.028407095,0.000100921,-660.1990201,11.16556501,84100.86747,0,0,-22.1477015,-551.4392132,1.090362686,0,17.63775667,703.9009305,0.191411844,0,0
0,0.0262454,-1.036143494,0.000100921,-660.1990201,11.16556501,84100.86747,0,0,-22.67449408,-650.3024255,2.211925315,0,17.86866952,1738.07104,0.189985449,0,0
0,0.031328391,-1.028112249,0.000100921,-660.1990201,11.16556501,84100.86747,0,0,-25.46931273,-752.1538299,3.074476664,0,16.85600303,1794.393695,0.191493939,0,0
0,0.037554464,-1.028450701,0.000100921,-660.1990201,11.16556501,84100.86747,0,0,-14.01058687,-854.1016762,4.539283252,0,22.05144036,0.822123765,0.191467628,0,0
0,0.042714195,-1.013385724,0.000100921,-660.1990201,11.16556501,84100.86747,0,0,-15.716136,-957.4536258,4.93100375,0,21.11702683,529.3505631,0.194362476,0,0
0,0.046799665,-1.005975044,0.000100921,-660.1990201,11.16556501,84100.86747,0,0,-17.52093764,-1017.716976,5.947248699,0,22.71006098,1120.721865,0.195739681,0,0
0,0.053114506,-1.005942239,0.000100921,-660.1990201,11.16556501,84100.86747,0,0,-11.85228824,-1103.110313,6.266623329,0,23.45840004,322.9335166,0.195801768,0,0
0,0.058825934,-0.988918375,0.000100921,-660.1990201,11.16556501,84100.86747,0,0,-12.68748439,-1200.628511,6.710531032,0,21.74553818,963.63756,0.199306619,0,0
0,0.064068571,-0.993134298,0.000100921,-660.1990201,11.16556501,84100.86747,0,0,-5.088588051,-1247.841206,7.308016237,0,25.97921095,1299.837692,0.198387302,0,0
0,0.069831106,-1.005446091,0.000100921,-660.1990201,11.16556501,84100.86747,0,0,-14.11589441,-1282.000823,8.283877356,0,23.21940964,703.7079648,0.195768774,0,0
0,0.074194794,-0.97761242,0.000100921,-660.1990201,11.16556501,84100.86747,0,0,-6.254012741,-1367.830171,7.935429295,0,21.74225533,1049.140959,0.20155508,0,0
0,0.079693475,-1.002731483,0.000100921,-660.1990201,11.16556501,84100.86747,0,0,-8.810062101,-1368.403265,8.44844139,0,23.25589089,1057.258922,0.196168869,0,0
0,0.085272684,-1.004051698,0.000100921,-660.1990201,11.16556501,84100.86747,0,0,-9.027675049,-1405.872932,8.657068158,0,21.34210822,1409.85007,0.195944662,0,0
0,0.090569096,-0.98819352,0.000100921,-660.1990201,11.16556501,84100.86747,0,0,-2.542085465,-1473.166641,8.751711651,0,21.02803397,1722.870099,0.1990487,0,0
0,0.095861001,-1.012011033,0.000100921,-660.1990201,11.16556501,84100.86747,0,0,-6.391285374,-1451.24665,9.392953351,0,20.77739758,906.4277256,0.194173737,0,0
0,0.101445823,-1.007474618,0.000100921,-660.1990201,11.16556501,84100.86747,0,0,-6.6062184,-1491.376461,9.30051562,0,18.9345088,1161.902538,0.19505064,0,0
0,0.106719773,-0.996795501,0.000100921,-660.1990201,11.16556501,84100.86747,0,0,-2.294261042,-1540.890929,9.476583508,0,18.09815488,696.6030976,0.197160997,0,0
0,0.112507091,-1.012539211,0.000100921,-660.1990201,11.16556501,84100.86747,0,0,-6.66083674,-1515.911821,9.937638961,0,16.908607,1222.077541,0.193918764,0,0
0,0.117696673,-1.012418485,0.000100921,-660.1990201,11.16556501,84100.86747,0,0,-4.53797245,-1546.844885,9.734259459,0,16.24291309,387.3876344,0.193887445,0,0
0,0.122821543,-1.001659781,0.000100921,-660.1990201,11.16556501,84100.86747,0,0,-4.339502098,-1593.919664,9.731159893,0,15.20517562,944.8579922,0.196035778,0,0
0,0.128708282,-1.015968448,0.000100921,-660.1990201,11.16556501,84100.86747,0,0,-7.64160158,-1563.565287,10.28912993,0,12.97433491,1373.586243,0.193097569,0,0
0,0.133769798,-1.010568295,0.000100921,-660.1990201,11.16556501,84100.86747,0,0,-3.909338038,-1597.234647,10.18167461,0,14.21513572,428.1879287,0.194099008,0,0
0,0.138880183,-1.004970378,0.000100921,-660.1990201,11.16556501,84100.86747,0,0,-2.290115745,-1629.081576,10.03881409,0,13.25185844,1165.724551,0.195196017,0,0
0,0.144576286,-1.01487194,0.000100921,-660.1990201,11.16556501,84100.86747,0,0,-10.52341632,-1601.247303,10.52348376,0,10.07181794,1288.365926,0.193170291,0,0
0,0.150060114,-1.010991324,0.000100921,-660.1990201,11.16556501,84100.86747,0,0,-2.0038896,-1624.640641,10.36591808,0,12.18018191,658.8007285,0.193899658,0,0
0,0.155078575,-1.001813153,0.000100921,-660.1990201,11.16556501,84100.86747,0,0,-1.348811946,-1653.440569,10.50923084,0,10.65979855,839.3577801,0.195695177,0,0
0,0.160230675,-1.013100053,0.000100921,-660.1990201,11.16556501,84100.86747,0,0,-11.18356008,-1629.638661,10.63839767,0,7.59169645,963.3069264,0.193420577,0,0
0,0.166070478,-1.008771044,0.000100921,-660.1990201,11.16556501,84100.86747,0,0,-0.389573748,-1643.145432,10.76493008,0,10.56303181,992.6322109,0.194260112,0,0
0,0.171140293,-1.008721666,0.000100921,-660.1990201,11.16556501,84100.86747,0,0,-3.141134389,-1645.101723,10.75182928,0,8.669681351,820.0331079,0.19424619,0,0
0,0.176441739,-1.015248246,0.000100921,-660.1990201,11.16556501,84100.86747,0,0,-9.522655999,-1634.288516,10.79390838,0,5.314638352,1382.037807,0.192976275,0,0
0,0.182279747,-1.011315366,0.000100921,-660.1990201,11.16556501,84100.86747,0,0,1.317752319,-1644.084257,11.07549024,0,9.428503147,712.4290324,0.193696247,0,0
0,0.187744816,-1.008022469,0.000100921,-660.1990201,11.16556501,84100.86747,0,0,-7.300425568,-1642.894923,11.22516011,0,5.655111847,951.4567866,0.194356048,0,0
0,0.192402138,-1.021320233,0.000100921,-660.1990201,11.16556501,84100.86747,0,0,-11.83301678,-1630.766955,10.06954891,0,3.187069086,412.6880753,0.191774344,0,0
0,0.198154487,-1.007024882,0.000100921,-660.1990201,11.16556501,84100.86747,0,0,0.882113861,-1645.060307,11.32468476,0,7.616080002,898.5971417,0.19449076,0,0
0,0.203835588,-1.014715154,0.000100921,-660.1990201,11.16556501,84100.86747,0,0,-13.11815114,-1631.126802,10.80367219,0,1.315475699,904.6477528,0.193002654,0,0
0,0.208705581,-1.026331107,0.000100921,-660.1990201,11.16556501,84100.86747,0,0,-5.576505068,-1623.608581,9.756101223,0,3.591985983,798.4131366,0.190781442,0,0
0,0.21291392,-1.009105244,0.000100921,-660.1990201,11.16556501,84100.86747,0,0,-26.59655134,-1642.691777,9.959010559,0,-5.680273287,1530.356697,0.194029907,0,0
0,-0.208285321,-1.007075383,0.000107213,-215.8226083,11.16450026,84122.99358,0,0,15.37767469,552.2357322,-3.825474507,0,8.619681379,805.661778,0.200454449,0,0
0,-0.203289578,-1.006056004,0.000107213,-215.8226083,11.16450026,84122.99358,0,0,1.439114735,552.324872,-3.950570675,0,2.267564224,260.5380192,0.200765469,0,0
0,-0.197602034,-0.985335735,0.000107213,-215.8226083,11.16450026,84122.99358,0,0,-1.479492487,561.4136101,-3.662720574,0,0.716974803,109.5576439,0.205081233,0,0
0,-0.192862469,-0.96794292,0.000107213,-215.8226083,11.16450026,84122.99358,0,0,7.222315219,568.9711891,-3.17415385,0,4.495917859,-331.3657489,0.208884112,0,0
0,-0.18648017,-0.983525717,0.000107213,-215.8226083,11.16450026,84122.99358,0,0,-11.44924385,566.1792342,-3.398361794,0,-4.235057228,399.8537406,0.205551934,0,0
0,-0.181597959,-0.982988525,0.000107213,-215.8226083,11.16450026,84122.99358,0,0,-9.799360755,566.0723555,-2.887468938,0,-3.92527364,339.8429477,0.205681623,0,0
0,-0.177150733,-0.97609153,0.000107213,-215.8226083,11.16450026,84122.99358,0,0,-6.158949699,570.6303526,-3.395003994,0,-1.817928776,-283.5646363,0.207094137,0,0
0,-0.17196823,-0.988394272,0.000107213,-215.8226083,11.16450026,84122.99358,0,0,-4.701771592,564.0833764,-3.29269342,0,-1.862092481,-171.7011337,0.204547945,0,0
0,-0.165482867,-0.981777982,0.000107213,-215.8226083,11.16450026,84122.99358,0,0,-9.554166977,567.6252921,-3.586079683,0,-3.794733727,19.9189355,0.205915603,0,0
0,-0.159985062,-0.984883284,0.000107213,-215.8226083,11.16450026,84122.99358,0,0,-3.845889416,567.8549339,-3.763832089,0,-0.959364453,214.4791557,0.205153424,0,0
0,-0.154832658,-1.000382141,0.000107213,-215.8226083,11.16450026,84122.99358,0,0,-7.074976825,562.2076333,-3.685511025,0,-3.346971227,-1140.19285,0.202045609,0,0
0,-0.149929791,-0.965668552,0.000107213,-215.8226083,11.16450026,84122.99358,0,0,-8.63516616,577.253226,-3.145270404,0,-3.687399307,1301.496161,0.209196341,0,0
0,-0.144669425,-0.994432899,0.000107213,-215.8226083,11.16450026,84122.99358,0,0,-6.849556709,565.8224505,-3.313662337,0,-3.405535266,1129.0416,0.20324841,0,0
0,-0.138718778,-0.992504902,0.000107213,-215.8226083,11.16450026,84122.99358,0,0,-5.863088006,568.6747682,-3.413157104,0,-3.058319747,-1415.384248,0.203720634,0,0
0,-0.134228141,-0.977652868,0.000107213,-215.8226083,11.16450026,84122.99358,0,0,-6.581417384,572.2366871,-3.605939756,0,-2.955796783,235.0412106,0.206679822,0,0
0,-0.128794341,-0.990109289,0.000107213,-215.8226083,11.16450026,84122.99358,0,0,-7.991068381,568.3627766,-3.421004575,0,-3.989784691,-945.530686,0.20420826,0,0
0,-0.122309485,-0.996409851,0.000107213,-215.8226083,11.16450026,84122.99358,0,0,-5.085131411,564.5290138,-3.24772959,0,-3.809929067,-734.1096096,0.202830331,0,0
0,-0.118186066,-0.98435141,0.000107213,-215.8226083,11.16450026,84122.99358,0,0,-6.698343285,569.6669889,-3.501576362,0,-2.82443332,636.6258876,0.205387295,0,0
0,-0.112480101,-0.988976834,0.000107213,-215.8226083,11.16450026,84122.99358,0,0,-8.758919561,568.4942965,-3.326400156,0,-5.389852295,650.5140307,0.204499426,0,0
0,-0.106860344,-0.986632353,0.000107213,-215.8226083,11.16450026,84122.99358,0,0,-7.283340752,565.1055388,-3.10343654,0,-4.891583645,-633.6001441,0.204871689,0,0
0,-0.102177331,-0.999786098,0.000107213,-215.8226083,11.16450026,84122.99358,0,0,-5.764550435,558.6209627,-3.641523713,0,-3.978716382,364.3493469,0.202137534,0,0
0,-0.096884256,-0.99622805,0.000107213,-215.8226083,11.16450026,84122.99358,0,0,-8.295474886,561.3631326,-3.410396889,0,-5.580609837,-969.1693687,0.203060192,0,0
0,-0.091068443,-0.988650852,0.000107213,-215.8226083,11.16450026,84122.99358,0,0,-8.989932215,557.243348,-3.294651756,0,-5.325474862,156.0869196,0.204492055,0,0
0,-0.085758777,-1.008921577,0.000107213,-215.8226083,11.16450026,84122.99358,0,0,-8.626813011,546.4373191,-3.900003756,0,-5.514762983,-295.233178,0.200208603,0,0
0,-0.080472919,-1.00859325,0.000107213,-215.8226083,11.16450026,84122.99358,0,0,-7.701433945,534.9729761,-3.283554816,0,-5.776124647,-769.5270142,0.200668269,0,0
0,-0.074870557,-1.001080576,0.000107213,-215.8226083,11.16450026,84122.99358,0,0,-8.168471728,532.7951069,-3.372233346,0,-5.987034962,-253.4944659,0.202207031,0,0
0,-0.069405111,-0.998923163,0.000107213,-215.8226083,11.16450026,84122.99358,0,0,-12.65574583,517.4929835,-3.449497555,0,-6.846946167,-60.85630452,0.202233662,0,0
0,-0.064193062,-1.017371827,0.000107213,-215.8226083,11.16450026,84122.99358,0,0,-5.385095566,504.6306941,-3.031656462,0,-5.242475325,-409.0829062,0.198831524,0,0
0,-0.059101847,-1.001504955,0.000107213,-215.8226083,11.16450026,84122.99358,0,0,-14.01900957,478.1459139,-3.381921672,0,-6.972233875,-47.48226261,0.20210183,0,0
0,-0.053483605,-1.010382498,0.000107213,-215.8226083,11.16450026,84122.99358,0,0,-12.71795192,459.138182,-3.433297907,0,-7.113776537,-913.8418477,0.200115047,0,0
0,-0.0479781,-1.015089593,0.000107213,-215.8226083,11.16450026,84122.99358,0,0,-4.591901546,444.5093592,-3.029185792,0,-4.570739058,-14.67156349,0.1993767,0,0
0,-0.043390685,-0.979547627,0.000107213,-215.8226083,11.16450026,84122.99358,0,0,-16.26916336,412.8675471,-3.54924616,0,-6.625252193,-447.0782333,0.206580902,0,0
0,-0.036970851,-0.991670768,0.000107213,-215.8226083,11.16450026,84122.99358,0,0,-17.13750586,387.4957897,-3.499489481,0,-7.951014512,518.399395,0.204314634,0,0
0,-0.031785472,-0.993499234,0.000107213,-215.8226083,11.16450026,84122.99358,0,0,-8.208054746,362.3416942,-2.951044808,0,-4.33018931,-1154.503377,0.203345454,0,0
0,-0.028154934,-0.974095563,0.000107213,-215.8226083,11.16450026,84122.99358,0,0,-11.80413519,329.3720741,-3.383307445,0,-3.841136073,248.8450941,0.207771836,0,0
0,-0.021076969,-0.942591802,0.000107213,-215.8226083,11.16450026,84122.99358,0,0,-19.6847778,286.7533044,-2.955788753,0,-6.467832403,1045.167748,0.214454015,0,0
0,-0.016103233,-0.937714622,0.000107213,-215.8226083,11.16450026,84122.99358,0,0,-24.02224533,230.321769,-3.080957739,0,-6.214650352,-477.7594717,0.215662849,0,0
0,-0.011663351,-0.949082986,0.000107213,-215.8226083,11.16450026,84122.99358,0,0,-13.77856134,176.4235351,-2.742667034,0,-1.606213241,-1195.764071,0.213246447,0,0
0,-0.005620203,-0.938623287,0.000107213,-215.8226083,11.16450026,84122.99358,0,0,-22.27387879,86.35840975,-3.0255344,0,-2.626952989,216.8756974,0.215893807,0,0
0,-0.000231764,-0.943037595,0.000107213,-215.8226083,11.16450026,84122.99358,0,0,-23.90716505,-2.312928242,-2.947031812,0,-1.003063496,-817.8867211,0.214984317,0,0
0,0.005201871,-0.971245856,0.000107213,-215.8226083,11.16450026,84122.99358,0,0,-12.00017001,-84.73348308,-3.00190984,0,3.463857938,-474.727049,0.20894819,0,0
0,0.010277085,-0.972379827,0.000107213,-215.8226083,11.16450026,84122.99358,0,0,-21.2881439,-152.2075152,-2.671201054,0,0.282757353,1871.760442,0.208949401,0,0
0,0.015030308,-0.986513599,0.000107213,-215.8226083,11.16450026,84122.99358,0,0,-17.5078129,-206.7312413,-2.657510762,0,2.325835731,913.6846199,0.206616084,0,0
0,0.021234139,-0.987545213,0.000107213,-215.8226083,11.16450026,84122.99358,0,0,-17.49323409,-263.056358,-2.949753627,0,3.745725791,1771.376386,0.20685991,0,0
0,0.025581972,-1.066153441,0.000107213,-215.8226083,11.16450026,84122.99358,0,0,-4.381144744,-278.7344535,-2.554099594,0,6.015392687,1162.848156,0.190037777,0,0
0,0.031383104,-1.035479737,0.000107213,-215.8226083,11.16450026,84122.99358,0,0,-12.55525374,-322.3744949,-2.729171337,0,4.100866409,376.5329791,0.197466797,0,0
0,0.036554443,-1.003328626,0.000107213,-215.8226083,11.16450026,84122.99358,0,0,-10.66434817,-360.6466931,-2.760573958,0,4.957100193,1328.88726,0.203059522,0,0
0,0.04287808,-1.082442015,0.000107213,-215.8226083,11.16450026,84122.99358,0,0,-2.505477085,-374.4094748,-2.791832917,0,6.525267236,743.7657231,0.188357384,0,0
0,0.047250716,-1.022064935,0.000107213,-215.8226083,11.16450026,84122.99358,0,0,-10.52637267,-406.3355321,-3.069652569,0,4.619716569,1088.679916,0.198506585,0,0
0,0.053007589,-1.024017239,0.000107213,-215.8226083,11.16450026,84122.99358,0,0,-7.207394192,-432.5395315,-2.71452176,0,4.83652651,431.8891823,0.198602528,0,0
0,0.058592902,-1.025063659,0.000107213,-215.8226083,11.16450026,84122.99358,0,0,-0.850975672,-452.9923262,-2.912059747,0,6.735320715,30.88784925,0.198218971,0,0
0,0.063681426,-1.019417903,0.000107213,-215.8226083,11.16450026,84122.99358,0,0,-6.551318254,-470.0654558,-3.355270322,0,5.236631145,634.967502,0.19876425,0,0
0,0.068786643,-0.997455851,0.000107213,-215.8226083,11.16450026,84122.99358,0,0,-4.897600535,-496.0792707,-2.885906666,0,4.890708155,1130.631975,0.203509667,0,0
0,0.074586761,-1.023497269,0.000107213,-215.8226083,11.16450026,84122.99358,0,0,-2.680355634,-499.8737286,-3.397169052,0,5.869438422,45.43939981,0.198331316,0,0
0,0.079939714,-1.002108206,0.000107213,-215.8226083,11.16450026,84122.99358,0,0,-2.116206335,-518.0606714,-2.87110373,0,5.938382941,1190.445374,0.202171162,0,0
0,0.084421869,-1.013719472,0.000107213,-215.8226083,11.16450026,84122.99358,0,0,-5.086672994,-524.3600149,-3.281543121,0,3.973657875,41.39974328,0.200123453,0,0
0,0.091029875,-1.015609417,0.000107213,-215.8226083,11.16450026,84122.99358,0,0,1.414537257,-533.653551,-3.40311021,0,5.882892026,1252.892941,0.199791302,0,0
0,0.096270428,-0.996495794,0.000107213,-215.8226083,11.16450026,84122.99358,0,0,-0.905198618,-544.7492442,-3.046473551,0,5.158518109,169.225228,0.20337226,0,0
0,0.100475264,-1.024285184,0.000107213,-215.8226083,11.16450026,84122.99358,0,0,-4.420045675,-545.3905197,-3.920679849,0,3.944465066,373.6695865,0.197987315,0,0
0,0.106521809,-1.002876444,0.000107213,-215.8226083,11.16450026,84122.99358,0,0,0.104389019,-554.7398598,-3.44103627,0,4.688469714,468.2350161,0.202143632,0,0
0,0.111201029,-1.020462155,0.000107213,-215.8226083,11.16450026,84122.99358,0,0,1.702039708,-552.5459556,-3.395184907,0,4.818861443,109.7728428,0.198731657,0,0
0,0.117258975,-1.014537744,0.000107213,-215.8226083,11.16450026,84122.99358,0,0,-2.256720614,-559.3370168,-3.414266609,0,3.597422914,844.6911781,0.199844376,0,0
0,0.122715982,-1.012683046,0.000107213,-215.8226083,11.16450026,84122.99358,0,0,0.160373851,-564.0100483,-3.463665368,0,4.361460528,709.7663522,0.200284913,0,0
0,0.127759987,-1.026150033,0.000107213,-215.8226083,11.16450026,84122.99358,0,0,0.69767173,-561.7385086,-3.375127767,0,4.218091216,1339.833321,0.197832673,0,0
0,0.132535187,-1.003280466,0.000107213,-215.8226083,11.16450026,84122.99358,0,0,-0.273063013,-568.2501886,-3.06413354,0,3.14125453,504.7991624,0.202153429,0,0
0,0.138176438,-1.017489349,0.000107213,-215.8226083,11.16450026,84122.99358,0,0,-0.926194051,-568.032712,-3.638349082,0,3.720769093,97.6732272,0.199222969,0,0
0,0.143740675,-1.021919108,0.000107213,-215.8226083,11.16450026,84122.99358,0,0,2.134965272,-567.7429837,-3.457560249,0,3.761832287,219.7340766,0.198642311,0,0
0,0.148593574,-1.001321809,0.000107213,-215.8226083,11.16450026,84122.99358,0,0,-1.2851095,-574.5651909,-3.55143298,0,2.689974462,-240.8732919,0.202648372,0,0
0,0.154754911,-1.016766194,0.000107213,-215.8226083,11.16450026,84122.99358,0,0,1.476698439,-572.5212968,-3.913617915,0,3.620295181,903.5664642,0.199620811,0,0
0,0.160271338,-1.010001027,0.000107213,-215.8226083,11.16450026,84122.99358,0,0,1.063516098,-575.0312408,-3.91371349,0,2.514828481,1588.678985,0.200891165,0,0
0,0.165147288,-1.004887588,0.000107213,-215.8226083,11.16450026,84122.99358,0,0,-0.278268678,-576.8888954,-3.754016677,0,2.256504858,923.9880609,0.202032124,0,0
0,0.170489634,-1.011770341,0.000107213,-215.8226083,11.16450026,84122.99358,0,0,1.022762042,-575.26559,-3.708935251,0,2.491485678,1057.903427,0.200492508,0,0
0,0.175606036,-0.994834229,0.000107213,-215.8226083,11.16450026,84122.99358,0,0,0.331962157,-581.6294732,-3.719962565,0,2.55696021,930.3714987,0.203873337,0,0
0,0.180993155,-0.998173735,0.000107213,-215.8226083,11.16450026,84122.99358,0,0,2.259347464,-580.786729,-3.63803116,0,2.577952806,828.5522659,0.203313931,0,0
0,0.18634029,-0.99258271,0.000107213,-215.8226083,11.16450026,84122.99358,0,0,0.821377322,-583.6777294,-3.712562967,0,3.212677933,739.5857057,0.204369905,0,0
0,0.191606808,-0.999136541,0.000107213,-215.8226083,11.16450026,84122.99358,0,0,-6.041850969,-580.2426168,-3.422411703,0,-1.422511824,-105.6663703,0.203201409,0,0
0,0.196561321,-1.008976397,0.000107213,-215.8226083,11.16450026,84122.99358,0,0,-5.381234219,-579.3896228,-3.775168862,0,-0.627901186,-178.5789497,0.201158085,0,0
0,0.20226508,-1.00824816,0.000107213,-215.8226083,11.16450026,84122.99358,0,0,-6.883811246,-579.8080868,-3.784060639,0,-1.602471518,940.7959069,0.201040724,0,0
0,0.207971595,-1.033668862,0.000107213,-215.8226083,11.16450026,84122.99358,0,0,-13.70234612,-574.535618,-4.431414697,0,-3.176320599,1285.492199,0.195879397,0,0
0,0.212388859,-1.049339145,0.000107213,-215.8226083,11.16450026,84122.99358,0,0,15.70781333,-566.8367552,-4.355926562,0,7.090386903,-2400.113844,0.192920632,0,0
0,-0.212104129,-0.999252219,0.000101767,-1106.559591,11.16579399,84085.14836,0,0,-9.955216935,2504.421108,-45.64607409,0,-2.422583015,-1146.53666,0.186297523,0,0
0,-0.204777435,-0.996292662,0.000101767,-1106.559591,11.16579399,84085.14836,0,0,1.593654394,2502.057315,-43.43925061,0,0.759455983,-120.9052047,0.186893946,0,0
0,-0.201455003,-0.997305424,0.000101767,-1106.559591,11.16579399,84085.14836,0,0,-32.45026008,2509.89658,-45.875871,0,-13.03484714,-814.8850441,0.186706266,0,0
0,-0.194791146,-0.9956694,0.000101767,-1106.559591,11.16579399,84085.14836,0,0,-30.93982736,2508.356413,-45.44673714,0,-15.41714714,-621.1543349,0.18704112,0,0
0,-0.188788229,-0.993420459,0.000101767,-1106.559591,11.16579399,84085.14836,0,0,-21.65812295,2516.082727,-45.23893458,0,-9.38929791,-435.7607869,0.187494459,0,0
0,-0.185279303,-0.995009204,0.000101767,-1106.559591,11.16579399,84085.14836,0,0,-30.2730306,2516.216782,-45.83088517,0,-18.48775849,-1118.631947,0.187230687,0,0
0,-0.178604815,-0.991091603,0.000101767,-1106.559591,11.16579399,84085.14836,0,0,-38.6857047,2525.614153,-45.81650902,0,-22.25405773,-1334.515281,0.187977289,0,0
0,-0.172891841,-0.991265669,0.000101767,-1106.559591,11.16579399,84085.14836,0,0,-24.12717912,2521.877502,-45.72301397,0,-15.8567095,-776.080434,0.187985005,0,0
0,-0.168553723,-0.9863578,0.000101767,-1106.559591,11.16579399,84085.14836,0,0,-24.5950887,2546.265534,-45.64617488,0,-21.02976719,-889.3431776,0.188970197,0,0
0,-0.162719163,-0.987012344,0.000101767,-1106.559591,11.16579399,84085.14836,0,0,-38.93160404,2532.166451,-45.92561405,0,-25.95114579,-1951.244696,0.188885128,0,0
0,-0.157196034,-0.989801159,0.000101767,-1106.559591,11.16579399,84085.14836,0,0,-29.51473314,2509.189166,-45.97622864,0,-24.25490849,-116.7971183,0.188340405,0,0
0,-0.151990318,-0.983630619,0.000101767,-1106.559591,11.16579399,84085.14836,0,0,-24.85176338,2528.702794,-45.45545588,0,-25.14160003,-378.9278501,0.189680767,0,0
0,-0.146646923,-0.986707831,0.000101767,-1106.559591,11.16579399,84085.14836,0,0,-38.86718327,2510.269392,-45.86302639,0,-30.93504882,-471.2593079,0.18914249,0,0
0,-0.141808842,-0.990036303,0.000101767,-1106.559591,11.16579399,84085.14836,0,0,-31.41624028,2480.331315,-45.33408056,0,-30.87654356,-1962.727838,0.188547691,0,0
0,-0.135403995,-0.985909751,0.000101767,-1106.559591,11.16579399,84085.14836,0,0,-27.16237424,2474.118692,-45.18023344,0,-31.06784176,-1464.731676,0.189489666,0,0
0,-0.129671723,-0.982277703,0.000101767,-1106.559591,11.16579399,84085.14836,0,0,-32.06770792,2465.295167,-45.15052371,0,-35.99162973,-930.6902234,0.190409245,0,0
0,-0.125615225,-0.995824427,0.000101767,-1106.559591,11.16579399,84085.14836,0,0,-32.59341826,2399.502675,-44.84729118,0,-36.85629835,-1914.346195,0.187807735,0,0
0,-0.119644957,-0.989652474,0.000101767,-1106.559591,11.16579399,84085.14836,0,0,-27.50925244,2389.533046,-44.00798785,0,-37.52517587,-306.3008289,0.189237867,0,0
0,-0.113289832,-0.988927591,0.000101767,-1106.559591,11.16579399,84085.14836,0,0,-31.50627964,2352.774346,-43.28814219,0,-41.82395579,-215.9960672,0.189621747,0,0
0,-0.109207242,-1.000210452,0.000101767,-1106.559591,11.16579399,84085.14836,0,0,-29.65146014,2286.619697,-43.02172324,0,-44.08809043,-1543.662402,0.187622553,0,0
0,-0.103924129,-0.995243305,0.000101767,-1106.559591,11.16579399,84085.14836,0,0,-28.57433898,2261.68167,-42.00230505,0,-45.65891057,-522.5709006,0.188816494,0,0
0,-0.097244012,-0.99106538,0.000101767,-1106.559591,11.16579399,84085.14836,0,0,-29.7094104,2219.562469,-40.91934864,0,-48.79158499,-812.5825557,0.189943402,0,0
0,-0.092424259,-1.003370098,0.000101767,-1106.559591,11.16579399,84085.14836,0,0,-29.90239958,2125.247464,-40.26623142,0,-50.46041027,-932.1449687,0.187662169,0,0
0,-0.087909215,-0.993776175,0.000101767,-1106.559591,11.16579399,84085.14836,0,0,-27.24375274,2120.658485,-39.16843863,0,-52.8838041,89.13520767,0.18986072,0,0
0,-0.081174881,-0.988733802,0.000101767,-1106.559591,11.16579399,84085.14836,0,0,-29.86172378,2057.530905,-37.88753441,0,-55.74722827,-1965.943396,0.191141105,0,0
0,-0.07601874,-0.992728463,0.000101767,-1106.559591,11.16579399,84085.14836,0,0,-32.50998633,1969.772215,-36.3559895,0,-56.97057449,896.3510838,0.19050248,0,0
0,-0.071868019,-0.988718228,0.000101767,-1106.559591,11.16579399,84085.14836,0,0,-30.7457532,1925.99608,-35.70705391,0,-58.22651506,-442.094153,0.19163073,0,0
0,-0.065346595,-0.984937916,0.000101767,-1106.559591,11.16579399,84085.14836,0,0,-33.78599285,1829.871228,-33.84484431,0,-58.57904703,-1416.359472,0.192661226,0,0
0,-0.05951232,-0.976814159,0.000101767,-1106.559591,11.16579399,84085.14836,0,0,-33.75579876,1750.241525,-31.69540558,0,-58.49555412,-395.8321857,0.194653623,0,0
0,-0.055289407,-1.002122268,0.000101767,-1106.559591,11.16579399,84085.14836,0,0,-36.70420112,1583.500373,-30.37106097,0,-55.92448149,-862.560545,0.189767383,0,0
0,-0.049587754,-0.983946845,0.000101767,-1106.559591,11.16579399,84085.14836,0,0,-39.17375775,1519.194648,-28.36379295,0,-55.53379145,-643.8041422,0.193706388,0,0
0,-0.043912768,-0.979718611,0.000101767,-1106.559591,11.16579399,84085.14836,0,0,-35.66815655,1395.535294,-25.83081219,0,-52.76610477,-705.9760689,0.194880159,0,0
0,-0.038676569,-0.993889908,0.000101767,-1106.559591,11.16579399,84085.14836,0,0,-44.01408642,1223.235399,-24.17023045,0,-49.37959758,-812.456419,0.192311007,0,0
0,-0.033190624,-0.99817468,0.000101767,-1106.559591,11.16579399,84085.14836,0,0,-51.48627357,1066.678097,-21.78021795,0,-46.86712781,492.7562733,0.191489685,0,0
0,-0.027914481,-0.978108086,0.000101767,-1106.559591,11.16579399,84085.14836,0,0,-42.03125728,961.2391734,-18.49881571,0,-40.162723,40.03697154,0.195986676,0,0
0,-0.022470386,-0.99390178,0.000101767,-1106.559591,11.16579399,84085.14836,0,0,-47.12743591,746.0830836,-15.53897633,0,-32.84336165,-59.78425382,0.192925609,0,0
0,-0.016869153,-0.990353377,0.000101767,-1106.559591,11.16579399,84085.14836,0,0,-62.14795279,575.3723199,-13.36394854,0,-28.68384978,913.6597433,0.193523067,0,0
0,-0.011811336,-0.993096121,0.000101767,-1106.559591,11.16579399,84085.14836,0,0,-55.85305529,405.0871783,-10.50194736,0,-20.28417585,-1503.856893,0.193058219,0,0
0,-0.006438511,-1.000612606,0.000101767,-1106.559591,11.16579399,84085.14836,0,0,-59.46894385,202.1743817,-7.066940227,0,-11.22838574,-1106.696254,0.191573836,0,0
0,-0.000946549,-0.999057376,0.000101767,-1106.559591,11.16579399,84085.14836,0,0,-56.38059198,3.93501012,-3.93687691,0,-2.109187808,115.1734834,0.191908105,0,0
0,0.00447996,-1.00459745,0.000101767,-1106.559591,11.16579399,84085.14836,0,0,-51.97793508,-180.588421,-1.034863529,0,8.336645426,1011.532332,0.190975245,0,0
0,0.009993761,-1.012869493,0.000101767,-1106.559591,11.16579399,84085.14836,0,0,-52.67627745,-353.5993464,1.325617927,0,13.62711052,1516.181346,0.189456538,0,0
0,0.015207949,-1.009969325,0.000101767,-1106.559591,11.16579399,84085.14836,0,0,-54.24047759,-520.211325,3.410165779,0,20.14521831,870.4813162,0.190003416,0,0
0,0.020373156,-1.014483144,0.000101767,-1106.559591,11.16579399,84085.14836,0,0,-43.11637746,-682.1801851,6.050940113,0,29.5611852,746.7083537,0.189178253,0,0
0,0.026012915,-1.016390617,0.000101767,-1106.559591,11.16579399,84085.14836,0,0,-35.27766458,-847.4380437,8.397069166,0,34.22387177,824.8711005,0.188839587,0,0
0,0.031422038,-1.010659098,0.000101767,-1106.559591,11.16579399,84085.14836,0,0,-39.87333572,-1000.519869,11.00928385,0,37.09421246,282.0731208,0.189853392,0,0
0,0.036788082,-1.016426196,0.000101767,-1106.559591,11.16579399,84085.14836,0,0,-33.58804364,-1116.151133,13.02694816,0,43.42870537,1181.313231,0.188658606,0,0
0,0.042096816,-1.002499168,0.000101767,-1106.559591,11.16579399,84085.14836,0,0,-28.80766961,-1300.482995,14.95415834,0,45.39976165,920.2338312,0.191623991,0,0
0,0.047417618,-0.995712296,0.000101767,-1106.559591,11.16579399,84085.14836,0,0,-23.50260168,-1434.781504,17.57734487,0,50.54387274,-145.3998449,0.19285683,0,0
0,0.05362897,-0.999895141,0.000101767,-1106.559591,11.16579399,84085.14836,0,0,-30.08681907,-1556.069306,20.19665605,0,49.59063406,1589.210653,0.19192142,0,0
0,0.058001323,-0.995351011,0.000101767,-1106.559591,11.16579399,84085.14836,0,0,-26.94779609,-1662.219392,21.01536082,0,51.91006477,-296.197168,0.192574952,0,0
0,0.063320108,-0.998700069,0.000101767,-1106.559591,11.16579399,84085.14836,0,0,-18.7295627,-1758.339661,22.73009909,0,55.55204867,807.2836736,0.191645097,0,0
0,0.069875846,-1.001290364,0.000101767,-1106.559591,11.16579399,84085.14836,0,0,-20.081069,-1873.734586,24.90705745,0,55.38737536,1084.285445,0.190914891,0,0
0,0.074330633,-0.999415033,0.000101767,-1106.559591,11.16579399,84085.14836,0,0,-21.10700731,-1949.28646,26.61922686,0,54.90747163,723.2031719,0.190966576,0,0
0,0.079396401,-1.001214856,0.000101767,-1106.559591,11.16579399,84085.14836,0,0,-18.2497762,-2019.948797,27.36459225,0,54.65242435,1054.386732,0.190468009,0,0
0,0.086278688,-1.005081474,0.000101767,-1106.559591,11.16579399,84085.14836,0,0,-16.63484796,-2107.185278,29.00081757,0,53.11173319,1023.797048,0.189527488,0,0
0,0.090701073,-1.011753857,0.000101767,-1106.559591,11.16579399,84085.14836,0,0,-13.22513879,-2130.92338,29.96593288,0,52.34673273,271.5216253,0.187876383,0,0
0,0.095332862,-1.004573834,0.000101767,-1106.559591,11.16579399,84085.14836,0,0,-14.59129399,-2211.060796,30.93366557,0,51.00269005,1055.716374,0.189258617,0,0
0,0.102139825,-1.009868799,0.000101767,-1106.559591,11.16579399,84085.14836,0,0,-13.52951073,-2269.675042,31.97771797,0,48.19716427,506.6775645,0.188012288,0,0
0,0.107236183,-0.992694361,0.000101767,-1106.559591,11.16579399,84085.14836,0,0,-12.47355727,-2376.178293,33.05082383,0,46.72162025,849.1073307,0.191108363,0,0
0,0.111771354,-1.015912222,0.000101767,-1106.559591,11.16579399,84085.14836,0,0,-15.99553453,-2329.927555,33.713494,0,44.90288467,694.1451804,0.18639103,0,0
0,0.118283707,-1.008866148,0.000101767,-1106.559591,11.16579399,84085.14836,0,0,-13.70250442,-2408.842693,34.43997927,0,42.29470998,952.5277128,0.187527201,0,0
0,0.123827875,-0.989171861,0.000101767,-1106.559591,11.16579399,84085.14836,0,0,-12.81263194,-2534.392226,35.30163727,0,40.63890553,1064.011991,0.191258223,0,0
0,0.127487275,-1.01612036,0.000101767,-1106.559591,11.16579399,84085.14836,0,0,-19.00625582,-2437.406126,35.82520867,0,37.99060302,1086.84868,0.185699071,0,0
0,0.133872378,-1.004710851,0.000101767,-1106.559591,11.16579399,84085.14836,0,0,-12.85003907,-2523.226996,36.48742155,0,37.58821633,694.7551227,0.187798466,0,0
0,0.139955137,-0.997067843,0.000101767,-1106.559591,11.16579399,84085.14836,0,0,-12.26293558,-2591.197508,36.67214582,0,34.41552951,804.0892752,0.189182323,0,0
0,0.143052972,-1.010756671,0.000101767,-1106.559591,11.16579399,84085.14836,0,0,-20.48042155,-2533.275118,37.05532225,0,31.3707873,973.077854,0.186369039,0,0
0,0.150021187,-1.006735697,0.000101767,-1106.559591,11.16579399,84085.14836,0,0,-12.1922178,-2580.862762,37.62047112,0,31.79194968,1143.198961,0.187051686,0,0
0,0.156389534,-1.01577809,0.000101767,-1106.559591,11.16579399,84085.14836,0,0,-22.0625539,-2549.091327,37.41843993,0,26.6390024,1210.799895,0.185147676,0,0
0,0.159991926,-1.000316488,0.000101767,-1106.559591,11.16579399,84085.14836,0,0,-14.72814581,-2643.739296,38.27588009,0,26.11639909,882.7671952,0.188188404,0,0
0,0.166466736,-1.010161341,0.000101767,-1106.559591,11.16579399,84085.14836,0,0,-11.3367225,-2600.346527,38.07668305,0,25.80474666,969.1376586,0.186155918,0,0
0,0.17249149,-1.01687222,0.000101767,-1106.559591,11.16579399,84085.14836,0,0,-20.03873191,-2562.347009,37.71652206,0,21.71640728,1063.608925,0.184823544,0,0
0,0.176794164,-1.004947304,0.000101767,-1106.559591,11.16579399,84085.14836,0,0,-13.22578009,-2652.987431,38.67728472,0,20.60457112,857.3366733,0.187080814,0,0
0,0.182230349,-1.013095795,0.000101767,-1106.559591,11.16579399,84085.14836,0,0,-12.9860326,-2584.535672,37.73937011,0,20.54480921,686.0445346,0.185500471,0,0
0,0.187677106,-1.015051145,0.000101767,-1106.559591,11.16579399,84085.14836,0,0,-15.04228812,-2595.868098,38.0010741,0,18.24554039,1175.730547,0.18513019,0,0
0,0.193586296,-1.010819487,0.000101767,-1106.559591,11.16579399,84085.14836,0,0,-15.55224768,-2627.555047,38.81372221,0,14.32281216,1321.367549,0.185880883,0,0
0,0.198310964,-1.01683293,0.000101767,-1106.559591,11.16579399,84085.14836,0,0,-17.92861182,-2568.98345,37.93956823,0,14.50684122,925.5430052,0.184746733,0,0
0,0.204206592,-1.016922339,0.000101767,-1106.559591,11.16579399,84085.14836,0,0,-7.67895795,-2589.829942,37.8943808,0,16.16037506,1018.456255,0.184731304,0,0
0,0.209566322,-1.02290805,0.000101767,-1106.559591,11.16579399,84085.14836,0,0,-29.02628169,-2579.81466,38.06637635,0,2.95084879,967.7847173,0.183576011,0,0
0,0.213373591,-1.021033399,0.000101767,-1106.559591,11.16579399,84085.14836,0,0,-60.66328993,-2569.451247,38.89159803,0,-8.76275564,1198.254699,0.183924076,0,0
0,-0.20915877,-0.991753826,0.000104902,-436.7626988,11.16533744,84115.22088,0,0,7.950590175,1089.979913,-9.324991005,0,6.957352715,-1321.540262,0.200101396,0,0
0,-0.203593556,-1.003651365,0.000104902,-436.7626988,11.16533744,84115.22088,0,0,-10.94822446,1076.329259,-9.552488944,0,-2.931555609,-751.6628428,0.19780767,0,0
0,-0.199637195,-0.991456215,0.000104902,-436.7626988,11.16533744,84115.22088,0,0,-1.875403229,1088.737429,-9.069057992,0,2.605419642,-329.773876,0.200217615,0,0
0,-0.193371378,-0.992358797,0.000104902,-436.7626988,11.16533744,84115.22088,0,0,-14.63651461,1085.795585,-9.554837197,0,-4.190451798,-138.2329959,0.200054298,0,0
0,-0.188220714,-0.994177769,0.000104902,-436.7626988,11.16533744,84115.22088,0,0,-9.058247329,1085.970857,-9.679879488,0,-1.80609505,748.5130127,0.199734642,0,0
0,-0.182872699,-0.989286876,0.000104902,-436.7626988,11.16533744,84115.22088,0,0,-10.04968086,1090.093006,-9.669103057,0,-2.494715063,-1090.909634,0.200747294,0,0
0,-0.177054568,-0.989957712,0.000104902,-436.7626988,11.16533744,84115.22088,0,0,-19.33708847,1087.251724,-9.128173498,0,-7.564645427,564.0643611,0.20055276,0,0
0,-0.172108368,-0.992874592,0.000104902,-436.7626988,11.16533744,84115.22088,0,0,-5.292388107,1087.272594,-9.640721632,0,-0.580655856,-877.9692227,0.200040594,0,0
0,-0.166807275,-0.989593419,0.000104902,-436.7626988,11.16533744,84115.22088,0,0,-8.892527401,1087.131734,-9.052850686,0,-4.393235201,1087.751246,0.200723302,0,0
0,-0.161656551,-0.995835225,0.000104902,-436.7626988,11.16533744,84115.22088,0,0,-17.63899931,1078.765123,-9.92820315,0,-6.805454592,-558.555051,0.199406908,0,0
0,-0.155810289,-0.993161826,0.000104902,-436.7626988,11.16533744,84115.22088,0,0,-7.6933892,1078.633096,-9.577071609,0,-3.498554485,-2071.74242,0.199988787,0,0
0,-0.150934748,-0.984213268,0.000104902,-436.7626988,11.16533744,84115.22088,0,0,-8.538088806,1087.049234,-9.748210991,0,-4.816849847,-240.7873524,0.201838314,0,0
0,-0.145208816,-0.992612737,0.000104902,-436.7626988,11.16533744,84115.22088,0,0,-13.51957801,1075.085305,-9.706450898,0,-6.678056568,160.3699426,0.200098453,0,0
0,-0.139315346,-1.000315008,0.000104902,-436.7626988,11.16533744,84115.22088,0,0,-11.72273972,1061.241873,-9.521028071,0,-5.928942354,-83.70753712,0.198588505,0,0
0,-0.134840109,-0.986969051,0.000104902,-436.7626988,11.16533744,84115.22088,0,0,-7.928132691,1073.609676,-9.330962455,0,-6.336407867,-754.728193,0.201327199,0,0
0,-0.129545551,-0.989986446,0.000104902,-436.7626988,11.16533744,84115.22088,0,0,-9.424130262,1065.058431,-9.613683969,0,-6.586036306,-370.4234162,0.200706846,0,0
0,-0.123670721,-0.996803467,0.000104902,-436.7626988,11.16533744,84115.22088,0,0,-14.2114253,1047.149572,-9.494554699,0,-8.560603041,-168.1816978,0.199331133,0,0
0,-0.119145275,-0.982378762,0.000104902,-436.7626988,11.16533744,84115.22088,0,0,-8.645114993,1067.008722,-9.38902296,0,-7.866073643,-1436.743105,0.202336015,0,0
0,-0.113267913,-0.987748282,0.000104902,-436.7626988,11.16533744,84115.22088,0,0,-10.20297284,1050.425522,-9.323999861,0,-8.687279967,489.301861,0.201235639,0,0
0,-0.107284697,-1.000037957,0.000104902,-436.7626988,11.16533744,84115.22088,0,0,-15.04045553,1019.545217,-9.608958589,0,-10.64304495,-1009.201961,0.198716707,0,0
0,-0.102890409,-0.978543406,0.000104902,-436.7626988,11.16533744,84115.22088,0,0,-8.263929635,1053.12012,-8.946111509,0,-10.09159913,578.5846248,0.203203274,0,0
0,-0.097233946,-0.985596518,0.000104902,-436.7626988,11.16533744,84115.22088,0,0,-10.19001839,1029.354049,-9.12074215,0,-10.74004059,-943.0373591,0.201756818,0,0
0,-0.090923719,-0.991639381,0.000104902,-436.7626988,11.16533744,84115.22088,0,0,-14.46982108,1001.458444,-9.390738794,0,-11.77944022,-307.3587925,0.200450261,0,0
0,-0.087304821,-0.979851861,0.000104902,-436.7626988,11.16533744,84115.22088,0,0,-8.7653024,1025.426361,-9.00406869,0,-12.91172202,224.1417233,0.202924221,0,0
0,-0.081373657,-0.987336757,0.000104902,-436.7626988,11.16533744,84115.22088,0,0,-11.63891707,991.3278564,-8.959674219,0,-12.81043811,-335.0752879,0.201406176,0,0
0,-0.07431428,-0.988418617,0.000104902,-436.7626988,11.16533744,84115.22088,0,0,-13.62619045,959.6364583,-8.967751574,0,-13.9920278,-549.1091778,0.201189663,0,0
0,-0.070534587,-0.986725713,0.000104902,-436.7626988,11.16533744,84115.22088,0,0,-15.33210308,947.364007,-8.872479545,0,-15.64866959,-213.9307272,0.201481138,0,0
0,-0.065846539,-0.991833034,0.000104902,-436.7626988,11.16533744,84115.22088,0,0,-12.70345066,916.4821027,-8.999031229,0,-14.09368158,-216.6604032,0.200470916,0,0
0,-0.059139842,-0.99275883,0.000104902,-436.7626988,11.16533744,84115.22088,0,0,-14.23310778,870.7625696,-8.680403483,0,-14.1626039,546.1762139,0.200283694,0,0
0,-0.054227265,-0.994493385,0.000104902,-436.7626988,11.16533744,84115.22088,0,0,-17.18767841,824.7054204,-8.928342905,0,-15.51707523,-1465.493168,0.199926924,0,0
0,-0.049912092,-1.006289396,0.000104902,-436.7626988,11.16533744,84115.22088,0,0,-16.08581378,786.0409083,-8.484070817,0,-14.6005845,30.02869217,0.19761569,0,0
0,-0.043485522,-1.004984669,0.000104902,-436.7626988,11.16533744,84115.22088,0,0,-14.6072061,725.0220993,-8.022531891,0,-12.85992384,415.3486257,0.197895944,0,0
0,-0.037802077,-0.995347552,0.000104902,-436.7626988,11.16533744,84115.22088,0,0,-22.26008072,683.0794623,-7.058995383,0,-15.88770974,677.3605439,0.199737884,0,0
0,-0.033800791,-1.017977935,0.000104902,-436.7626988,11.16533744,84115.22088,0,0,-24.02343183,606.7058759,-8.084270072,0,-13.99098151,-1192.612003,0.195329033,0,0
0,-0.0275391,-1.001175733,0.000104902,-436.7626988,11.16533744,84115.22088,0,0,-15.89448131,544.3897971,-7.344192906,0,-9.763695417,-227.2955613,0.198618868,0,0
0,-0.021950422,-0.986805751,0.000104902,-436.7626988,11.16533744,84115.22088,0,0,-24.29705794,464.0159026,-6.21474932,0,-10.81248994,440.7834724,0.201533537,0,0
0,-0.017296174,-0.997348383,0.000104902,-436.7626988,11.16533744,84115.22088,0,0,-29.65619514,375.9625149,-6.751741236,0,-11.23853377,-252.3078704,0.199437507,0,0
0,-0.011258899,-0.96978823,0.000104902,-436.7626988,11.16533744,84115.22088,0,0,-24.42345028,268.1434671,-6.002558662,0,-4.875838093,645.077233,0.20528652,0,0
0,-0.005839525,-0.937650112,0.000104902,-436.7626988,11.16533744,84115.22088,0,0,-30.77971231,140.9278947,-4.629281604,0,-4.964888119,-210.0475691,0.212845076,0,0
0,-0.000879356,-0.946114383,0.000104902,-436.7626988,11.16533744,84115.22088,0,0,-33.9304699,7.622978242,-3.851544568,0,-1.328429916,309.377333,0.211176954,0,0
0,0.004681472,-0.963347111,0.000104902,-436.7626988,11.16533744,84115.22088,0,0,-18.87294109,-123.6681651,-3.395596135,0,5.805771383,210.2300951,0.207652829,0,0
0,0.009906758,-0.970473535,0.000104902,-436.7626988,11.16533744,84115.22088,0,0,-31.00617439,-236.6618571,-2.363166158,0,2.584783198,1203.002642,0.205796643,0,0
0,0.015805969,-1.019295445,0.000104902,-436.7626988,11.16533744,84115.22088,0,0,-26.30833454,-334.9361168,-2.241917441,0,6.441971632,920.8340579,0.196214,0,0
0,0.021114465,-1.0391993,0.000104902,-436.7626988,11.16533744,84115.22088,0,0,-14.74784711,-415.4493172,-1.771289029,0,12.09040336,892.7550979,0.192093781,0,0
0,0.025828966,-1.030901118,0.000104902,-436.7626988,11.16533744,84115.22088,0,0,-18.12030399,-491.1462577,-1.263015961,0,9.331238558,434.5456572,0.19399165,0,0
0,0.032252933,-1.038227793,0.000104902,-436.7626988,11.16533744,84115.22088,0,0,-17.14364865,-563.1733505,-0.312581558,0,10.15189186,498.6931422,0.192452499,0,0
0,0.036978265,-1.021106712,0.000104902,-436.7626988,11.16533744,84115.22088,0,0,-8.387347495,-621.59823,-0.233414826,0,13.95451038,788.3927082,0.195394561,0,0
0,0.04141726,-1.014736648,0.000104902,-436.7626988,11.16533744,84115.22088,0,0,-13.05324281,-676.6227234,0.109261055,0,11.51026885,609.5464356,0.196806062,0,0
0,0.047955023,-1.014414446,0.000104902,-436.7626988,11.16533744,84115.22088,0,0,-9.508526779,-737.7514422,0.203617306,0,12.69743824,711.9950719,0.196815153,0,0
0,0.053162321,-1.010323227,0.000104902,-436.7626988,11.16533744,84115.22088,0,0,-4.374078645,-787.4069876,0.722096014,0,14.96651336,826.6481505,0.19757312,0,0
0,0.056988436,-1.005710321,0.000104902,-436.7626988,11.16533744,84115.22088,0,0,-13.01805623,-819.5963845,1.104119518,0,11.32623269,1370.946204,0.198501567,0,0
0,0.063809078,-1.008090829,0.000104902,-436.7626988,11.16533744,84115.22088,0,0,-6.198383482,-869.631816,0.810848296,0,13.45251091,746.192955,0.198064248,0,0
0,0.069696781,-0.998286756,0.000104902,-436.7626988,11.16533744,84115.22088,0,0,-0.004148518,-914.7833346,0.955466086,0,14.55124887,-29.91667757,0.200028328,0,0
0,0.073634199,-1.010084284,0.000104902,-436.7626988,11.16533744,84115.22088,0,0,-13.27054509,-927.5624868,0.976486112,0,10.60555461,569.3065937,0.197611858,0,0
0,0.07993326,-1.001637218,0.000104902,-436.7626988,11.16533744,84115.22088,0,0,-1.73734251,-964.7317175,1.339526343,0,13.67272913,1006.603878,0.199355881,0,0
0,0.085339825,-0.994680566,0.000104902,-436.7626988,11.16533744,84115.22088,0,0,-2.719571203,-994.3411476,0.734795496,0,11.45601318,1125.482053,0.200811368,0,0
0,0.090380815,-1.00275376,0.000104902,-436.7626988,11.16533744,84115.22088,0,0,-8.296929458,-1002.501334,1.483344832,0,10.51304767,667.5548483,0.199138557,0,0
0,0.096064354,-1.003215817,0.000104902,-436.7626988,11.16533744,84115.22088,0,0,-0.335821504,-1020.122327,1.291373866,0,12.63428019,840.1520641,0.198963808,0,0
0,0.100763399,-0.992342432,0.000104902,-436.7626988,11.16533744,84115.22088,0,0,-0.844387803,-1040.526125,0.579259744,0,10.64779945,127.6017454,0.201362028,0,0
0,0.106418244,-1.00067572,0.000104902,-436.7626988,11.16533744,84115.22088,0,0,-5.458246569,-1044.158845,1.362258201,0,8.988020189,155.047363,0.199589479,0,0
0,0.112109793,-0.996821454,0.000104902,-436.7626988,11.16533744,84115.22088,0,0,-0.494752152,-1059.279865,1.39825222,0,10.25618224,390.0677638,0.200237446,0,0
0,0.116861619,-1.004300619,0.000104902,-436.7626988,11.16533744,84115.22088,0,0,-1.768452595,-1064.903318,1.031854571,0,9.223816766,1522.449718,0.198895629,0,0
0,0.12263992,-1.006166783,0.000104902,-436.7626988,11.16533744,84115.22088,0,0,-4.924634342,-1065.194464,1.73315149,0,6.911194401,292.4749266,0.198398407,0,0
0,0.128168727,-0.997992387,0.000104902,-436.7626988,11.16533744,84115.22088,0,0,0.411388283,-1085.571455,1.405894534,0,8.7071767,1345.693919,0.199931918,0,0
0,0.132819327,-1.011336879,0.000104902,-436.7626988,11.16533744,84115.22088,0,0,-1.968733962,-1080.23624,1.586462376,0,7.939676909,1329.488082,0.197405043,0,0
0,0.138554677,-1.004324331,0.000104902,-436.7626988,11.16533744,84115.22088,0,0,-2.877626306,-1091.411443,1.553384566,0,5.994552325,943.2205066,0.198641456,0,0
0,0.144112112,-1.012582785,0.000104902,-436.7626988,11.16533744,84115.22088,0,0,-0.991317377,-1096.955268,1.281160808,0,7.327097768,1820.030132,0.197001655,0,0
0,0.149816814,-1.00952181,0.000104902,-436.7626988,11.16533744,84115.22088,0,0,-3.802338198,-1102.46627,1.610566058,0,5.594490267,1060.391004,0.197662811,0,0
0,0.154786945,-1.006242594,0.000104902,-436.7626988,11.16533744,84115.22088,0,0,-0.575004133,-1111.074003,1.405126812,0,5.22142675,574.1285566,0.198229138,0,0
0,0.160092437,-1.013350521,0.000104902,-436.7626988,11.16533744,84115.22088,0,0,-1.079636658,-1109.5585,1.480513021,0,6.048030925,930.578448,0.196803046,0,0
0,0.165458287,-1.009941021,0.000104902,-436.7626988,11.16533744,84115.22088,0,0,-2.955321692,-1118.525953,1.539888841,0,4.392110302,769.2222073,0.197480499,0,0
0,0.17042206,-1.006792987,0.000104902,-436.7626988,11.16533744,84115.22088,0,0,-2.121702742,-1122.499296,1.436861758,0,4.311621969,745.1785547,0.198059661,0,0
0,0.17627516,-1.012437745,0.000104902,-436.7626988,11.16533744,84115.22088,0,0,0.628062683,-1121.650073,1.335694242,0,5.598168014,873.7898089,0.196948969,0,0
0,0.181631698,-1.008808145,0.000104902,-436.7626988,11.16533744,84115.22088,0,0,-4.251719023,-1126.398851,1.527066246,0,2.670178681,1409.373673,0.197635532,0,0
0,0.187003858,-1.015693488,0.000104902,-436.7626988,11.16533744,84115.22088,0,0,-1.316611873,-1124.284405,1.590459691,0,4.037197038,1379.755817,0.196327572,0,0
0,0.192411113,-1.01375519,0.000104902,-436.7626988,11.16533744,84115.22088,0,0,-1.089831959,-1122.477998,1.990452509,0,4.130650456,1001.279237,0.196605716,0,0
0,0.198081112,-1.009108257,0.000104902,-436.7626988,11.16533744,84115.22088,0,0,-3.23095705,-1129.756065,1.814741322,0,1.619639583,1137.024612,0.197604077,0,0
0,0.202849821,-1.015442765,0.000104902,-436.7626988,11.16533744,84115.22088,0,0,0.715485877,-1127.788707,1.371925827,0,4.41944697,1541.145583,0.196257985,0,0
0,0.208445562,-1.015205675,0.000104902,-436.7626988,11.16533744,84115.22088,0,0,-14.44221204,-1128.724439,1.915529229,0,-3.222498579,954.5255022,0.196341063,0,0
0,0.212549412,-1.020093907,0.000104902,-436.7626988,11.16533744,84115.22088,0,0,-28.09516935,-1125.21275,2.328896905,0,-9.059342712,576.6257999,0.195296466,0,0
0,-0.212902959,-1.003014348,0.034955625,-890.9861637,11.16543437,84118.54735,0,0,-6.971084061,2019.017853,-42.50579604,0,16.32683685,-909.643223,0.190876651,0,0
0,-0.205292964,-1.006762917,0.034955625,-890.9861637,11.16543437,84118.54735,0,0,-9.335591083,2025.189303,-42.53829888,0,15.24530068,-409.0731457,0.190171485,0,0
0,-0.200332022,-1.002580641,0.034955625,-890.9861637,11.16543437,84118.54735,0,0,-30.54235171,2027.954992,-41.97435479,0,3.560404429,-1186.986723,0.19100278,0,0
0,-0.195337226,-1.002563304,0.034955625,-890.9861637,11.16543437,84118.54735,0,0,-22.03119666,2034.61304,-42.41734913,0,6.208876765,-1140.737238,0.191019451,0,0
0,-0.189751093,-1.002206372,0.034955625,-890.9861637,11.16543437,84118.54735,0,0,-15.79439106,2035.877872,-42.33365103,0,10.45824151,1259.016506,0.191121769,0,0
0,-0.184894915,-1.002890125,0.034955625,-890.9861637,11.16543437,84118.54735,0,0,-23.73553066,2038.207565,-41.96620557,0,2.404970343,-494.175727,0.190993706,0,0
0,-0.179140324,-0.999326425,0.034955625,-890.9861637,11.16543437,84118.54735,0,0,-30.26439156,2051.526212,-42.49439341,0,0.562129763,-704.4819333,0.191679401,0,0
0,-0.173686181,-1.000020682,0.034955625,-890.9861637,11.16543437,84118.54735,0,0,-15.00864702,2039.022705,-42.14880525,0,7.813205543,122.0295059,0.191561434,0,0
0,-0.167795169,-0.996293168,0.034955625,-890.9861637,11.16543437,84118.54735,0,0,-24.29614247,2056.191316,-41.93728368,0,0.935899985,-1077.581513,0.192314183,0,0
0,-0.162006386,-0.994032041,0.034955625,-890.9861637,11.16543437,84118.54735,0,0,-25.38411194,2066.240123,-42.66815148,0,-1.790466473,-393.3497404,0.192789531,0,0
0,-0.157823544,-1.000873652,0.034955625,-890.9861637,11.16543437,84118.54735,0,0,-21.54840398,2035.094368,-42.49717823,0,1.585250731,546.4735858,0.191412976,0,0
0,-0.151524424,-0.996860795,0.034955625,-890.9861637,11.16543437,84118.54735,0,0,-20.64643403,2042.185142,-41.73898647,0,-1.343790257,-36.98752001,0.192262392,0,0
0,-0.145485847,-0.989535442,0.034955625,-890.9861637,11.16543437,84118.54735,0,0,-25.09701096,2060.373692,-41.62252471,0,-4.694155152,-1796.520427,0.193799182,0,0
0,-0.141963802,-1.004889574,0.034955625,-890.9861637,11.16543437,84118.54735,0,0,-22.26475293,2008.125991,-41.8062819,0,-3.56958583,-523.8417176,0.190730037,0,0
0,-0.135839599,-0.997223335,0.034955625,-890.9861637,11.16543437,84118.54735,0,0,-20.49687747,2022.105407,-41.50749243,0,-4.30179484,-1781.815838,0.192341535,0,0
0,-0.12907751,-0.996367767,0.034955625,-890.9861637,11.16543437,84118.54735,0,0,-23.58024584,2005.255393,-41.48517804,0,-8.124687998,-813.7726869,0.192570971,0,0
0,-0.125041489,-1.00451927,0.034955625,-890.9861637,11.16543437,84118.54735,0,0,-19.65838072,1978.439222,-41.35996601,0,-7.585191104,-927.4598643,0.191043338,0,0
0,-0.11981722,-1.002080032,0.034955625,-890.9861637,11.16543437,84118.54735,0,0,-18.58069125,1967.46828,-41.0893759,0,-8.716990028,-1071.169211,0.19156739,0,0
0,-0.113116332,-0.999258608,0.034955625,-890.9861637,11.16543437,84118.54735,0,0,-21.99521849,1949.579362,-40.91348872,0,-12.2833162,-1528.58521,0.192236231,0,0
0,-0.108802112,-1.004779342,0.034955625,-890.9861637,11.16543437,84118.54735,0,0,-19.15205155,1915.834703,-40.76361181,0,-13.18788981,10.23863121,0.191212838,0,0
0,-0.10390599,-1.001671095,0.034955625,-890.9861637,11.16543437,84118.54735,0,0,-17.53871072,1905.387402,-40.59995412,0,-14.33623693,-464.6630135,0.19195686,0,0
0,-0.097061167,-0.999194589,0.034955625,-890.9861637,11.16543437,84118.54735,0,0,-18.80272677,1870.5578,-40.06106269,0,-17.33532952,-258.8253974,0.192542697,0,0
0,-0.092398974,-1.001937065,0.034955625,-890.9861637,11.16543437,84118.54735,0,0,-19.48943999,1829.711271,-39.78570251,0,-18.56494142,973.0144725,0.192025189,0,0
0,-0.087654229,-0.999157464,0.034955625,-890.9861637,11.16543437,84118.54735,0,0,-16.52541956,1813.614703,-39.51949709,0,-19.63109665,-1174.982074,0.192758013,0,0
0,-0.08096249,-0.993997177,0.034955625,-890.9861637,11.16543437,84118.54735,0,0,-19.11618796,1771.445005,-38.94830369,0,-22.09376092,261.6952309,0.193888755,0,0
0,-0.076180686,-1.001662338,0.034955625,-890.9861637,11.16543437,84118.54735,0,0,-20.4312802,1695.413188,-38.89322945,0,-22.79988164,484.3976431,0.192401017,0,0
0,-0.071630211,-0.994408329,0.034955625,-890.9861637,11.16543437,84118.54735,0,0,-18.53934616,1679.476517,-38.09601091,0,-23.32552426,-213.0431738,0.194060407,0,0
0,-0.065058646,-0.994443134,0.034955625,-890.9861637,11.16543437,84118.54735,0,0,-20.92991875,1598.709824,-37.09296941,0,-23.58753579,-396.154437,0.194118777,0,0
0,-0.059912252,-0.989653889,0.034955625,-890.9861637,11.16543437,84118.54735,0,0,-22.93236062,1546.966767,-36.15746222,0,-23.4729291,-858.9533883,0.195221373,0,0
0,-0.055591082,-1.002636838,0.034955625,-890.9861637,11.16543437,84118.54735,0,0,-21.63746167,1446.505929,-36.05302165,0,-21.56748544,675.7547261,0.192706869,0,0
0,-0.049468156,-0.995524027,0.034955625,-890.9861637,11.16543437,84118.54735,0,0,-25.92408309,1371.835188,-34.95597624,0,-21.0202436,-868.6930803,0.194253583,0,0
0,-0.043731106,-0.996142624,0.034955625,-890.9861637,11.16543437,84118.54735,0,0,-24.60835864,1275.834424,-33.0461316,0,-18.29568976,407.3627545,0.194298937,0,0
0,-0.038803182,-1.008318837,0.034955625,-890.9861637,11.16543437,84118.54735,0,0,-32.22038093,1152.119775,-32.86319762,0,-15.51793093,-120.9028115,0.19198945,0,0
0,-0.033528074,-1.006330571,0.034955625,-890.9861637,11.16543437,84118.54735,0,0,-35.98602497,1054.39577,-31.28395257,0,-14.99056181,-412.5156796,0.192393693,0,0
0,-0.027899065,-0.998616937,0.034955625,-890.9861637,11.16543437,84118.54735,0,0,-29.88566014,949.1551093,-29.68558211,0,-8.820419101,325.020003,0.194148434,0,0
0,-0.022636598,-1.002412168,0.034955625,-890.9861637,11.16543437,84118.54735,0,0,-38.99060741,803.252527,-28.69424969,0,-3.689755401,348.8245506,0.193630097,0,0
0,-0.01722252,-1.000200686,0.034955625,-890.9861637,11.16543437,84118.54735,0,0,-47.70370527,662.6898085,-26.63377193,0,-1.085219864,-410.3163279,0.194038402,0,0
0,-0.011489427,-0.984771113,0.034955625,-890.9861637,11.16543437,84118.54735,0,0,-44.4175725,525.8459954,-24.12513536,0,5.454669225,-958.1707455,0.197388114,0,0
0,-0.006258491,-0.995913699,0.034955625,-890.9861637,11.16543437,84118.54735,0,0,-49.70551231,340.7490802,-22.81218161,0,12.50286875,293.9762749,0.195180459,0,0
0,-0.000947215,-0.996009556,0.034955625,-890.9861637,11.16543437,84118.54735,0,0,-51.9140774,163.5925315,-20.78561956,0,19.83894897,-144.5780074,0.195072499,0,0
0,0.004622476,-0.999832743,0.034955625,-890.9861637,11.16543437,84118.54735,0,0,-41.29328216,-13.17545726,-18.1962303,0,28.24068863,801.4705809,0.19451355,0,0
0,0.009853611,-0.996008402,0.034955625,-890.9861637,11.16543437,84118.54735,0,0,-50.1323461,-176.3922547,-16.02286677,0,31.46768779,378.7234521,0.195246663,0,0
0,0.015257766,-1.006730324,0.034955625,-890.9861637,11.16543437,84118.54735,0,0,-45.85725709,-343.2900876,-13.9843059,0,36.50705063,1458.949917,0.193143485,0,0
0,0.02071453,-1.015372832,0.034955625,-890.9861637,11.16543437,84118.54735,0,0,-34.27498273,-499.4370011,-12.06368453,0,43.87642418,746.0238769,0.191489009,0,0
0,0.025920973,-1.006003365,0.034955625,-890.9861637,11.16543437,84118.54735,0,0,-37.47503021,-644.0262563,-9.97438942,0,45.99418166,306.9383424,0.193325713,0,0
0,0.031462424,-1.007965875,0.034955625,-890.9861637,11.16543437,84118.54735,0,0,-38.68955294,-777.5790617,-8.052511116,0,46.7236438,1111.197777,0.192917936,0,0
0,0.037332197,-1.012916576,0.034955625,-890.9861637,11.16543437,84118.54735,0,0,-25.92508305,-914.1480948,-6.768039087,0,51.44672349,158.9884113,0.192060283,0,0
0,0.042472411,-0.99804242,0.034955625,-890.9861637,11.16543437,84118.54735,0,0,-27.94535412,-1056.813518,-5.12615238,0,52.32096627,-115.1209618,0.194922206,0,0
0,0.048177368,-0.995763896,0.034955625,-890.9861637,11.16543437,84118.54735,0,0,-25.01666918,-1177.679301,-3.37117081,0,55.13590165,368.3958104,0.195516152,0,0
0,0.052754026,-0.982633631,0.034955625,-890.9861637,11.16543437,84118.54735,0,0,-28.73227659,-1281.940273,-2.130117172,0,52.38785405,1484.517024,0.19817751,0,0
0,0.057770387,-0.981233541,0.034955625,-890.9861637,11.16543437,84118.54735,0,0,-25.04076116,-1377.572997,-0.476793524,0,54.10629067,1012.182258,0.198366636,0,0
0,0.064207716,-0.987149796,0.034955625,-890.9861637,11.16543437,84118.54735,0,0,-19.21448533,-1472.238465,0.42406205,0,55.80348389,1120.363815,0.196874527,0,0
0,0.069281931,-0.985692468,0.034955625,-890.9861637,11.16543437,84118.54735,0,0,-21.52776932,-1557.171234,1.257521197,0,54.13310336,843.1659611,0.196878024,0,0
0,0.073716707,-0.987838718,0.034955625,-890.9861637,11.16543437,84118.54735,0,0,-20.56765435,-1606.702503,2.27873324,0,53.39391791,1244.441654,0.19633112,0,0
0,0.080574782,-0.994513609,0.034955625,-890.9861637,11.16543437,84118.54735,0,0,-18.97342184,-1678.767351,3.600832245,0,51.63238369,948.0937139,0.194798601,0,0
0,0.085154689,-0.995721274,0.034955625,-890.9861637,11.16543437,84118.54735,0,0,-17.90430585,-1728.110929,4.137675758,0,50.88647554,1375.251641,0.19426982,0,0
0,0.089648355,-0.996459022,0.034955625,-890.9861637,11.16543437,84118.54735,0,0,-16.65785765,-1763.358481,4.980029258,0,49.33584869,1475.477592,0.194081612,0,0
0,0.096620335,-0.996501242,0.034955625,-890.9861637,11.16543437,84118.54735,0,0,-16.67919512,-1829.2893,5.992601483,0,47.69449464,1292.859906,0.193897901,0,0
0,0.102528882,-0.984569163,0.034955625,-890.9861637,11.16543437,84118.54735,0,0,-11.29307107,-1918.409399,6.459579015,0,46.31086545,762.1608711,0.196095021,0,0
0,0.106005374,-1.008737361,0.034955625,-890.9861637,11.16543437,84118.54735,0,0,-20.70690536,-1861.022924,7.342164187,0,44.00111448,778.9595956,0.191074593,0,0
0,0.112511904,-0.998291561,0.034955625,-890.9861637,11.16543437,84118.54735,0,0,-15.51053644,-1946.66678,8.035602787,0,42.97905779,966.5020462,0.19303524,0,0
0,0.118413545,-0.985705524,0.034955625,-890.9861637,11.16543437,84118.54735,0,0,-12.01786641,-2026.962745,8.234681402,0,41.87837952,610.8152496,0.195384845,0,0
0,0.121871327,-1.005880285,0.034955625,-890.9861637,11.16543437,84118.54735,0,0,-17.23821289,-1978.217591,8.982352327,0,40.07917495,672.9552637,0.191213021,0,0
0,0.128514208,-1.000395943,0.034955625,-890.9861637,11.16543437,84118.54735,0,0,-15.16204302,-2030.840775,9.424323385,0,38.36657261,990.2957774,0.192157043,0,0
0,0.134607627,-1.007895315,0.034955625,-890.9861637,11.16543437,84118.54735,0,0,-14.93013295,-2034.281282,9.594586216,0,38.34449258,1124.848227,0.190528828,0,0
0,0.13795374,-0.993646634,0.034955625,-890.9861637,11.16543437,84118.54735,0,0,-10.73629032,-2087.405341,9.907137371,0,36.32278105,1298.343962,0.193333402,0,0
0,0.144838477,-0.999309515,0.034955625,-890.9861637,11.16543437,84118.54735,0,0,-15.41588079,-2091.154318,10.04360364,0,33.32625471,1502.540097,0.192059518,0,0
0,0.150917026,-1.009193907,0.034955625,-890.9861637,11.16543437,84118.54735,0,0,-12.63319772,-2068.512279,10.16239229,0,34.68861103,1221.624255,0.19000823,0,0
0,0.154770362,-0.992959751,0.034955625,-890.9861637,11.16543437,84118.54735,0,0,-8.594830819,-2138.546356,10.93322677,0,31.74243057,1390.75601,0.193228083,0,0
0,0.160880616,-1.002426763,0.034955625,-890.9861637,11.16543437,84118.54735,0,0,-15.79864695,-2109.423369,10.76962703,0,28.71606817,401.3836549,0.191299714,0,0
0,0.166542109,-1.007632833,0.034955625,-890.9861637,11.16543437,84118.54735,0,0,-9.333056171,-2093.195683,11.04915574,0,31.70480047,1068.615589,0.190245168,0,0
0,0.171357188,-0.997219248,0.034955625,-890.9861637,11.16543437,84118.54735,0,0,-9.866477572,-2147.397588,11.38949481,0,27.73660935,335.2784054,0.192239254,0,0
0,0.176739688,-1.004256963,0.034955625,-890.9861637,11.16543437,84118.54735,0,0,-16.45024053,-2112.048849,10.96212153,0,24.69971009,1061.998014,0.190849021,0,0
0,0.181923938,-1.004651224,0.034955625,-890.9861637,11.16543437,84118.54735,0,0,-4.433575144,-2110.912807,11.27349875,0,28.94370076,795.4199272,0.190766981,0,0
0,0.188637612,-1.00343441,0.034955625,-890.9861637,11.16543437,84118.54735,0,0,-13.16591255,-2131.781977,11.66730269,0,23.01904844,1214.746124,0.190946582,0,0
0,0.192538673,-1.009956121,0.034955625,-890.9861637,11.16543437,84118.54735,0,0,-21.39080121,-2102.6147,10.25441075,0,20.17004479,1626.371357,0.189737639,0,0
0,0.19802394,-1.006516432,0.034955625,-890.9861637,11.16543437,84118.54735,0,0,-3.160162483,-2106.819826,11.17243047,0,25.89080683,736.1333092,0.190381788,0,0
0,0.205266628,-1.009157965,0.034955625,-890.9861637,11.16543437,84118.54735,0,0,-17.52264468,-2100.856656,11.23465213,0,18.94707304,618.11203,0.189793033,0,0
0,0.207844078,-1.015271882,0.034955625,-890.9861637,11.16543437,84118.54735,0,0,-24.2007582,-2097.868566,9.931364581,0,14.00198744,1148.194235,0.18867601,0,0
0,0.213518628,-1.006567787,0.034955625,-890.9861637,11.16543437,84118.54735,0,0,-41.92744245,-2092.018064,10.80929852,0,7.461930151,1207.156785,0.190318704,0,0
0,-0.210802705,-1.009726155,0.034763555,-666.5899599,11.16606081,84145.2488,0,0,11.87721957,1541.065164,-29.62356558,0,23.70145754,294.4286314,0.193526295,0,0
0,-0.204879187,-1.009396894,0.034763555,-666.5899599,11.16606081,84145.2488,0,0,-8.705158385,1541.508609,-28.59237443,0,14.52994229,-978.6677829,0.193622778,0,0
0,-0.199091345,-1.006572447,0.034763555,-666.5899599,11.16606081,84145.2488,0,0,-30.60792252,1539.434586,-28.87103048,0,3.708018366,460.5313924,0.194185809,0,0
0,-0.194484763,-1.003094974,0.034763555,-666.5899599,11.16606081,84145.2488,0,0,-13.63918274,1549.98271,-29.39108788,0,9.996741663,39.7047867,0.194959736,0,0
0,-0.189070532,-1.007377673,0.034763555,-666.5899599,11.16606081,84145.2488,0,0,-8.776670855,1541.964649,-29.15190813,0,13.2643148,-1105.850903,0.194076233,0,0
0,-0.183308411,-1.005106774,0.034763555,-666.5899599,11.16606081,84145.2488,0,0,-24.88495572,1546.876839,-29.15635473,0,4.21239034,-744.3107815,0.194524924,0,0
0,-0.177655548,-1.001455728,0.034763555,-666.5899599,11.16606081,84145.2488,0,0,-15.31918827,1555.720551,-29.15487899,0,7.732506074,243.002067,0.195280834,0,0
0,-0.173232601,-1.003794787,0.034763555,-666.5899599,11.16606081,84145.2488,0,0,-10.94104324,1551.731933,-28.81285529,0,11.30538024,-356.5148988,0.194803795,0,0
0,-0.167461071,-1.005183307,0.034763555,-666.5899599,11.16606081,84145.2488,0,0,-20.28078256,1550.55505,-28.91115325,0,4.620824142,-122.3163731,0.19454434,0,0
0,-0.161482987,-0.997065998,0.034763555,-666.5899599,11.16606081,84145.2488,0,0,-17.77616178,1567.90828,-28.78873574,0,4.521524679,-1683.92373,0.196183892,0,0
0,-0.158013647,-1.010692331,0.034763555,-666.5899599,11.16606081,84145.2488,0,0,-12.9870264,1533.521605,-28.88063854,0,8.164788123,13.24076267,0.193494747,0,0
0,-0.151429104,-1.003155677,0.034763555,-666.5899599,11.16606081,84145.2488,0,0,-16.55379101,1549.125486,-29.18862424,0,4.683849505,-97.64289843,0.195011867,0,0
0,-0.144855177,-0.997866243,0.034763555,-666.5899599,11.16606081,84145.2488,0,0,-17.43525479,1554.627601,-28.96837092,0,2.423122926,-234.985174,0.196077379,0,0
0,-0.141466486,-1.010808134,0.034763555,-666.5899599,11.16606081,84145.2488,0,0,-16.84842593,1521.872658,-28.64742489,0,4.585339848,-471.8607747,0.193503445,0,0
0,-0.13562438,-1.005134306,0.034763555,-666.5899599,11.16606081,84145.2488,0,0,-14.26720023,1530.644757,-28.68139721,0,3.378129067,-105.4036393,0.194689571,0,0
0,-0.12860924,-1.004654938,0.034763555,-666.5899599,11.16606081,84145.2488,0,0,-17.70883099,1520.177472,-28.56521024,0,0.325466051,-229.9390319,0.194833375,0,0
0,-0.12420809,-1.003393306,0.034763555,-666.5899599,11.16606081,84145.2488,0,0,-15.32122894,1514.718257,-29.05023495,0,1.515065404,-1264.543325,0.195079974,0,0
0,-0.119534061,-1.007918285,0.034763555,-666.5899599,11.16606081,84145.2488,0,0,-12.24288075,1496.373736,-28.53795217,0,0.918689503,-939.7720767,0.194245279,0,0
0,-0.112485856,-1.005900406,0.034763555,-666.5899599,11.16606081,84145.2488,0,0,-17.26780894,1485.608204,-28.52896643,0,-2.442932921,-127.3674464,0.194696752,0,0
0,-0.107787655,-1.002007507,0.034763555,-666.5899599,11.16606081,84145.2488,0,0,-14.81013127,1484.424325,-28.49279104,0,-2.292889934,1510.388142,0.195542207,0,0
0,-0.103572162,-1.010249072,0.034763555,-666.5899599,11.16606081,84145.2488,0,0,-12.24707769,1450.418856,-28.39931136,0,-2.597466938,-2034.063854,0.19393217,0,0
0,-0.096538216,-1.00170416,0.034763555,-666.5899599,11.16606081,84145.2488,0,0,-14.77683404,1445.297715,-28.64299605,0,-5.14130116,1008.007974,0.195634649,0,0
0,-0.091779694,-1.005537883,0.034763555,-666.5899599,11.16606081,84145.2488,0,0,-15.15854154,1414.014649,-28.12705483,0,-5.948332457,-957.7679647,0.194972483,0,0
0,-0.087227321,-1.004275728,0.034763555,-666.5899599,11.16606081,84145.2488,0,0,-11.86620727,1397.469739,-28.27242219,0,-5.329839114,174.3440025,0.195192579,0,0
0,-0.080633713,-0.992247947,0.034763555,-666.5899599,11.16606081,84145.2488,0,0,-13.44510268,1387.141552,-27.38033839,0,-8.394446385,-765.7239784,0.197674324,0,0
0,-0.076437933,-1.004955634,0.034763555,-666.5899599,11.16606081,84145.2488,0,0,-16.78970059,1325.892359,-28.23099483,0,-8.609040362,-1371.791526,0.195222647,0,0
0,-0.071066635,-1.003019879,0.034763555,-666.5899599,11.16606081,84145.2488,0,0,-14.3459978,1292.223161,-27.09571055,0,-8.150118518,-1095.680528,0.195634192,0,0
0,-0.064572237,-0.989505106,0.034763555,-666.5899599,11.16606081,84145.2488,0,0,-16.58246389,1270.463595,-26.76372847,0,-9.947264031,-1571.475733,0.198389017,0,0
0,-0.059690655,-0.997231517,0.034763555,-666.5899599,11.16606081,84145.2488,0,0,-15.24147304,1205.876924,-26.16145559,0,-8.512800215,-1071.256419,0.196936637,0,0
0,-0.05486151,-1.008699116,0.034763555,-666.5899599,11.16606081,84145.2488,0,0,-18.90355048,1121.984845,-26.75342001,0,-7.457653559,-1.188738006,0.194589407,0,0
0,-0.048728367,-1.001758996,0.034763555,-666.5899599,11.16606081,84145.2488,0,0,-20.13817884,1074.278826,-25.67857945,0,-8.34615502,-956.2184042,0.196070904,0,0
0,-0.043222403,-1.00249272,0.034763555,-666.5899599,11.16606081,84145.2488,0,0,-14.49590741,1010.18761,-25.00815038,0,-5.806782207,211.0079199,0.196005137,0,0
0,-0.038224372,-1.011153971,0.034763555,-666.5899599,11.16606081,84145.2488,0,0,-26.33343852,907.0058326,-25.10562481,0,-4.586839155,-1553.051823,0.194252941,0,0
0,-0.032763532,-1.00609879,0.034763555,-666.5899599,11.16606081,84145.2488,0,0,-28.9878345,841.1488304,-24.18084539,0,-5.420064004,140.5671708,0.195233302,0,0
0,-0.027589849,-1.004001198,0.034763555,-666.5899599,11.16606081,84145.2488,0,0,-20.27012001,758.7229342,-23.36906135,0,0.614158126,-557.8607608,0.195810397,0,0
0,-0.022060816,-1.00401596,0.034763555,-666.5899599,11.16606081,84145.2488,0,0,-31.31453504,634.0363283,-23.25163017,0,2.893489493,-575.3668689,0.195815127,0,0
0,-0.016714406,-0.997121932,0.034763555,-666.5899599,11.16606081,84145.2488,0,0,-35.93909174,527.8308514,-21.66972958,0,3.57817244,213.8758036,0.197180298,0,0
0,-0.011281297,-0.985991489,0.034763555,-666.5899599,11.16606081,84145.2488,0,0,-32.02266593,411.0436856,-19.66351606,0,9.686395628,-1156.222383,0.199729461,0,0
0,-0.005980362,-0.983824525,0.034763555,-666.5899599,11.16606081,84145.2488,0,0,-41.26278271,256.6101514,-19.37534863,0,13.96893404,216.0837444,0.200181216,0,0
0,-0.000963622,-0.986864767,0.034763555,-666.5899599,11.16606081,84145.2488,0,0,-36.83339826,104.6150894,-18.05369481,0,17.9804197,-652.3513608,0.199517408,0,0
0,0.004707033,-0.974656194,0.034763555,-666.5899599,11.16606081,84145.2488,0,0,-30.86709519,-51.9690291,-16.15136863,0,26.68039271,140.5488938,0.202118462,0,0
0,0.010233638,-0.9840103,0.034763555,-666.5899599,11.16606081,84145.2488,0,0,-39.72652286,-204.0857493,-14.90701092,0,25.85716001,357.1855293,0.200238857,0,0
0,0.015617394,-0.998840739,0.034763555,-666.5899599,11.16606081,84145.2488,0,0,-37.64311194,-339.6072237,-13.96640612,0,30.96631742,1105.92802,0.197230309,0,0
0,0.02061865,-1.005136222,0.034763555,-666.5899599,11.16606081,84145.2488,0,0,-18.87001206,-456.6606245,-12.42259992,0,37.26554547,860.7155157,0.195926141,0,0
0,0.026008536,-1.016822833,0.034763555,-666.5899599,11.16606081,84145.2488,0,0,-27.79837397,-559.956451,-11.46370267,0,35.66821104,934.8932535,0.193665901,0,0
0,0.031926166,-1.025225096,0.034763555,-666.5899599,11.16606081,84145.2488,0,0,-31.72944257,-661.8934087,-10.12024683,0,34.91688491,916.1718273,0.192069939,0,0
0,0.036714521,-1.013646355,0.034763555,-666.5899599,11.16606081,84145.2488,0,0,-13.56165304,-764.249599,-9.032757169,0,40.30633254,313.6257169,0.194304207,0,0
0,0.042101331,-1.002578349,0.034763555,-666.5899599,11.16606081,84145.2488,0,0,-21.96643625,-867.870556,-8.071761039,0,38.84090497,360.7781961,0.196506498,0,0
0,0.048265705,-0.995163507,0.034763555,-666.5899599,11.16606081,84145.2488,0,0,-16.05585881,-972.8285546,-7.60688116,0,41.09064995,1327.998365,0.198089693,0,0
0,0.053926209,-0.976745945,0.034763555,-666.5899599,11.16606081,84145.2488,0,0,-17.30666216,-1076.316124,-7.090284165,0,38.95046533,891.5976561,0.201857821,0,0
0,0.058214848,-0.992352133,0.034763555,-666.5899599,11.16606081,84145.2488,0,0,-23.77799074,-1109.52069,-6.084422827,0,39.49924983,692.8685429,0.198501372,0,0
0,0.063552495,-0.978029098,0.034763555,-666.5899599,11.16606081,84145.2488,0,0,-9.244728994,-1191.868343,-5.470189767,0,42.84140538,784.376161,0.20162176,0,0
0,0.069095176,-0.961032701,0.034763555,-666.5899599,11.16606081,84145.2488,0,0,-11.110256,-1278.269674,-5.151291397,0,39.29359826,1334.511762,0.205044428,0,0
0,0.074421249,-0.996154086,0.034763555,-666.5899599,11.16606081,84145.2488,0,0,-18.92716555,-1278.457088,-4.44487952,0,38.70204893,1296.196895,0.197431696,0,0
0,0.079949096,-0.987995313,0.034763555,-666.5899599,11.16606081,84145.2488,0,0,-10.53514179,-1334.978838,-4.135702719,0,38.97519831,1689.595218,0.199125809,0,0
0,0.085418255,-0.97135144,0.034763555,-666.5899599,11.16606081,84145.2488,0,0,-7.097109217,-1412.229298,-4.115026035,0,37.39650685,1004.127722,0.202371447,0,0
0,0.090436911,-1.002634183,0.034763555,-666.5899599,11.16606081,84145.2488,0,0,-14.53194975,-1383.893729,-2.811215794,0,36.07836627,1162.062288,0.195850904,0,0
0,0.096087334,-0.996772869,0.034763555,-666.5899599,11.16606081,84145.2488,0,0,-8.495250313,-1430.891255,-2.754405562,0,35.95764906,674.0363082,0.197048371,0,0
0,0.101666595,-0.979701152,0.034763555,-666.5899599,11.16606081,84145.2488,0,0,-6.706809529,-1498.183473,-2.862507535,0,34.93731719,1493.740126,0.200359222,0,0
0,0.107414289,-1.003026766,0.034763555,-666.5899599,11.16606081,84145.2488,0,0,-11.90444278,-1473.032993,-1.937805288,0,32.30527057,1214.42963,0.195560179,0,0
0,0.11246972,-0.998763836,0.034763555,-666.5899599,11.16606081,84145.2488,0,0,-8.529657374,-1506.088568,-1.83479079,0,32.53168427,1382.765214,0.196276246,0,0
0,0.117409524,-0.990238344,0.034763555,-666.5899599,11.16606081,84145.2488,0,0,-5.764141854,-1550.859779,-1.860216921,0,31.64129296,885.4456279,0.197994478,0,0
0,0.123157422,-1.000801958,0.034763555,-666.5899599,11.16606081,84145.2488,0,0,-11.18184585,-1540.402611,-1.447090612,0,29.41126801,525.3978341,0.195732986,0,0
0,0.128362095,-0.998071546,0.034763555,-666.5899599,11.16606081,84145.2488,0,0,-9.123887236,-1568.202488,-1.283838878,0,29.35027471,1198.625034,0.196216949,0,0
0,0.133811783,-0.994198255,0.034763555,-666.5899599,11.16606081,84145.2488,0,0,-4.216202946,-1594.833317,-1.041091833,0,29.09451654,1675.114561,0.196976223,0,0
0,0.138883011,-1.001994585,0.034763555,-666.5899599,11.16606081,84145.2488,0,0,-10.05698501,-1581.639057,-0.68988518,0,27.73662042,899.7443695,0.195290502,0,0
0,0.144650628,-1.000133648,0.034763555,-666.5899599,11.16606081,84145.2488,0,0,-9.202399362,-1598.093263,-0.714879903,0,25.70329091,880.6032448,0.19564106,0,0
0,0.150942781,-0.989783955,0.034763555,-666.5899599,11.16606081,84145.2488,0,0,-4.421464215,-1629.060937,-0.62359692,0,26.42920106,1308.515384,0.197639562,0,0
0,0.154197685,-1.007744924,0.034763555,-666.5899599,11.16606081,84145.2488,0,0,-7.338817352,-1596.142348,-0.773287552,0,26.22426694,136.8212987,0.194028649,0,0
0,0.160394675,-0.9985204,0.034763555,-666.5899599,11.16606081,84145.2488,0,0,-9.24481946,-1619.015241,-0.214190375,0,22.93864057,1126.334122,0.195840047,0,0
0,0.166702434,-0.992777558,0.034763555,-666.5899599,11.16606081,84145.2488,0,0,-3.708067931,-1630.379148,0.0891795,0,25.07722482,1727.862276,0.196910167,0,0
0,0.170358966,-1.001860616,0.034763555,-666.5899599,11.16606081,84145.2488,0,0,-4.984359389,-1626.740754,-0.245051532,0,23.68178602,1162.343808,0.195154333,0,0
0,0.176492162,-0.999091928,0.034763555,-666.5899599,11.16606081,84145.2488,0,0,-9.485098103,-1627.425993,-0.267069127,0,20.39662944,448.911959,0.195657519,0,0
0,0.183117411,-0.996842117,0.034763555,-666.5899599,11.16606081,84145.2488,0,0,-0.205686511,-1623.673224,-0.183099337,0,24.49626928,-5.041153597,0.196075972,0,0
0,0.18686761,-1.006093624,0.034763555,-666.5899599,11.16606081,84145.2488,0,0,-3.690900916,-1626.309166,-0.381299539,0,21.11361143,1056.384336,0.194275724,0,0
0,0.192905301,-1.000987427,0.034763555,-666.5899599,11.16606081,84145.2488,0,0,-13.89307305,-1618.604162,-0.211465657,0,16.60927158,1492.631888,0.19527091,0,0
0,0.198963962,-1.002306182,0.034763555,-666.5899599,11.16606081,84145.2488,0,0,6.489038146,-1613.940751,-0.760827964,0,25.5605932,245.5401607,0.194959058,0,0
0,0.203305084,-1.004864478,0.034763555,-666.5899599,11.16606081,84145.2488,0,0,-4.964838726,-1607.944761,0.048707987,0,17.12937181,697.4458032,0.194480658,0,0
0,0.209079125,-1.010272819,0.034763555,-666.5899599,11.16606081,84145.2488,0,0,-42.87493739,-1604.190234,-0.625074018,0,1.999284601,507.8699155,0.193413826,0,0
0,0.213290218,-0.999336776,0.034763555,-666.5899599,11.16606081,84145.2488,0,0,-2.096711049,-1600.002417,0.115728663,0,18.70221531,1180.723782,0.195498556,0,0
0,-0.207943579,-1.015548012,0.034765304,-221.3797831,11.1648622,82158.49799,0,0,3.531370398,557.5326192,-10.46521605,0,15.51223114,1159.436732,0.199490816,0,0
0,-0.202891616,-0.994170943,0.034765304,-221.3797831,11.1648622,82158.49799,0,0,4.419051083,563.6428431,-10.16486174,0,15.92327697,-242.8348474,0.20380877,0,0
0,-0.197807837,-1.011935325,0.034765304,-221.3797831,11.1648622,82158.49799,0,0,0.119915761,560.310484,-10.18247436,0,13.23664333,117.9891082,0.200287011,0,0
0,-0.192336584,-1.00180837,0.034765304,-221.3797831,11.1648622,82158.49799,0,0,-11.92429206,566.0205717,-9.716164473,0,7.980109499,-408.3544088,0.202330305,0,0
0,-0.18717994,-1.004373242,0.034765304,-221.3797831,11.1648622,82158.49799,0,0,-8.063492863,567.0913322,-9.843886651,0,10.04148871,278.4560109,0.201765199,0,0
0,-0.181052525,-1.009149286,0.034765304,-221.3797831,11.1648622,82158.49799,0,0,-3.950823801,564.5377733,-9.749112229,0,10.19934163,412.9520166,0.200787101,0,0
0,-0.176326345,-1.009801575,0.034765304,-221.3797831,11.1648622,82158.49799,0,0,-13.00197167,564.4875946,-10.11822846,0,7.455836792,618.3439179,0.200633421,0,0
0,-0.171289947,-1.012255408,0.034765304,-221.3797831,11.1648622,82158.49799,0,0,-5.786847231,562.659818,-10.44200259,0,10.03295185,-582.0168372,0.200202302,0,0
0,-0.165642478,-1.013958206,0.034765304,-221.3797831,11.1648622,82158.49799,0,0,-3.95320449,563.7271694,-10.17145263,0,11.0026486,-615.9371562,0.199871115,0,0
0,-0.160467753,-1.013979521,0.034765304,-221.3797831,11.1648622,82158.49799,0,0,-10.42489957,563.3893992,-10.06632277,0,7.460481935,-806.9813044,0.199831804,0,0
0,-0.155573242,-1.015476957,0.034765304,-221.3797831,11.1648622,82158.49799,0,0,-6.855302098,565.9477215,-10.05621955,0,9.229203577,586.3350894,0.199570002,0,0
0,-0.149908586,-1.011010269,0.034765304,-221.3797831,11.1648622,82158.49799,0,0,-4.195061621,565.5409384,-9.51880028,0,9.912301723,1061.760572,0.2004474,0,0
0,-0.144398583,-1.020729393,0.034765304,-221.3797831,11.1648622,82158.49799,0,0,-8.708411785,561.77858,-10.11388639,0,7.748303084,-1808.318388,0.198492816,0,0
0,-0.139556622,-1.016801334,0.034765304,-221.3797831,11.1648622,82158.49799,0,0,-7.337009667,563.7033339,-10.19026749,0,8.771594545,518.4751832,0.199334075,0,0
0,-0.133942618,-1.015211956,0.034765304,-221.3797831,11.1648622,82158.49799,0,0,-5.374952597,560.4877945,-10.13990507,0,8.786856306,-884.5473315,0.199632767,0,0
0,-0.128210397,-1.021614273,0.034765304,-221.3797831,11.1648622,82158.49799,0,0,-9.719696236,558.3396961,-10.14721783,0,7.333438481,-508.0716601,0.198320737,0,0
0,-0.123641943,-1.021921421,0.034765304,-221.3797831,11.1648622,82158.49799,0,0,-4.827372689,555.9991862,-10.3143206,0,8.694496669,-678.8403273,0.198310864,0,0
0,-0.118462711,-1.0069827,0.034765304,-221.3797831,11.1648622,82158.49799,0,0,-5.123076269,559.6167979,-9.878077409,0,8.880360061,-342.8223252,0.201137665,0,0
0,-0.112293635,-1.02331632,0.034765304,-221.3797831,11.1648622,82158.49799,0,0,-9.506455237,550.9220972,-10.13551578,0,6.542443983,-912.2346019,0.198027182,0,0
0,-0.106575839,-1.037584938,0.034765304,-221.3797831,11.1648622,82158.49799,0,0,-5.593334619,542.8618131,-9.960546555,0,7.612771211,-212.6275144,0.195269234,0,0
0,-0.102222155,-1.011893617,0.034765304,-221.3797831,11.1648622,82158.49799,0,0,-6.198467524,548.8656968,-9.88333309,0,7.786922212,330.2222047,0.200229102,0,0
0,-0.096420329,-1.029140869,0.034765304,-221.3797831,11.1648622,82158.49799,0,0,-8.637873079,537.3981498,-9.693426516,0,6.699445528,-1335.765149,0.19689158,0,0
0,-0.090399745,-1.050293847,0.034765304,-221.3797831,11.1648622,82158.49799,0,0,-7.256839979,526.6374186,-10.09211295,0,5.835727971,-423.7363442,0.192914499,0,0
0,-0.086362049,-1.03911731,0.034765304,-221.3797831,11.1648622,82158.49799,0,0,-6.4411586,525.5333379,-9.920285261,0,7.003016047,-257.1542998,0.195233229,0,0
0,-0.08027263,-1.029901747,0.034765304,-221.3797831,11.1648622,82158.49799,0,0,-9.257474847,515.1283338,-9.591716328,0,6.291945472,70.74411569,0.196807878,0,0
0,-0.075585233,-1.083332921,0.034765304,-221.3797831,11.1648622,82158.49799,0,0,-9.578311979,503.9089548,-9.530907263,0,3.975060398,-1045.874947,0.187021992,0,0
0,-0.069815172,-1.041157584,0.034765304,-221.3797831,11.1648622,82158.49799,0,0,-6.996243488,488.8380326,-9.61141125,0,6.929629273,-356.7165595,0.194934632,0,0
0,-0.064073167,-1.029265601,0.034765304,-221.3797831,11.1648622,82158.49799,0,0,-8.978399184,472.3934944,-9.8938141,0,6.506842333,-1624.266176,0.197269436,0,0
0,-0.058993123,-1.067050163,0.034765304,-221.3797831,11.1648622,82158.49799,0,0,-11.74990027,457.0676858,-9.457897919,0,3.357747473,44.18975753,0.190092903,0,0
0,-0.053578865,-1.005498202,0.034765304,-221.3797831,11.1648622,82158.49799,0,0,-10.33178178,438.6672563,-10.11542161,0,7.357733683,-21.67035047,0.201880572,0,0
0,-0.048835478,-1.057977303,0.034765304,-221.3797831,11.1648622,82158.49799,0,0,-1.826309398,421.3575956,-9.442371094,0,7.929996942,479.3800995,0.191877043,0,0
0,-0.043908114,-0.996966488,0.034765304,-221.3797831,11.1648622,82158.49799,0,0,-16.16838506,399.1688027,-9.817704028,0,5.794940032,-536.912767,0.203420042,0,0
0,-0.038008883,-1.013133598,0.034765304,-221.3797831,11.1648622,82158.49799,0,0,-15.06829029,369.996773,-9.812725568,0,5.488124726,-412.9525352,0.2005548,0,0
0,-0.031934394,-1.011504562,0.034765304,-221.3797831,11.1648622,82158.49799,0,0,-3.909248072,348.1315312,-9.278365569,0,9.431200982,144.9804312,0.200404663,0,0
0,-0.027604647,-0.97175863,0.034765304,-221.3797831,11.1648622,82158.49799,0,0,-16.37578118,309.7970402,-9.976398191,0,8.82255503,-1048.270596,0.208636379,0,0
0,-0.021354153,-0.957527943,0.034765304,-221.3797831,11.1648622,82158.49799,0,0,-17.69569981,271.6785739,-9.621987511,0,7.451223401,-1040.324127,0.21156775,0,0
0,-0.016086801,-0.944898526,0.034765304,-221.3797831,11.1648622,82158.49799,0,0,-23.29267854,217.4036151,-9.476351642,0,8.455903851,-248.3622234,0.21431274,0,0
0,-0.011443732,-0.942353442,0.034765304,-221.3797831,11.1648622,82158.49799,0,0,-10.77183484,169.9904,-9.070407424,0,13.1028058,95.84489333,0.214983324,0,0
0,-0.005923184,-0.93361124,0.034765304,-221.3797831,11.1648622,82158.49799,0,0,-21.19152412,90.53421121,-9.099551079,0,11.69710223,212.5609679,0.217228234,0,0
0,-0.000492667,-0.919074535,0.034765304,-221.3797831,11.1648622,82158.49799,0,0,-21.46783077,8.147009118,-9.142523919,0,13.05527389,-755.0096579,0.22088599,0,0
0,0.004978892,-0.958237255,0.034765304,-221.3797831,11.1648622,82158.49799,0,0,-13.02058472,-68.0693528,-9.448391258,0,18.39340481,-196.0424064,0.211884188,0,0
0,0.010064227,-0.963838721,0.034765304,-221.3797831,11.1648622,82158.49799,0,0,-18.92759943,-132.0416398,-9.031335956,0,14.1398983,-796.164101,0.210338337,0,0
0,0.015513911,-0.989346469,0.034765304,-221.3797831,11.1648622,82158.49799,0,0,-17.14935706,-186.3426265,-8.993863416,0,15.69058237,506.5689295,0.20544151,0,0
0,0.020864513,-0.988255834,0.034765304,-221.3797831,11.1648622,82158.49799,0,0,-13.44442829,-234.2148381,-8.955575037,0,19.38169548,313.2920268,0.205466003,0,0
0,0.026057709,-1.034267247,0.034765304,-221.3797831,11.1648622,82158.49799,0,0,-8.371564463,-262.2511796,-8.814456809,0,16.74523875,87.60893199,0.196121891,0,0
0,0.031207012,-1.011197178,0.034765304,-221.3797831,11.1648622,82158.49799,0,0,-13.17664303,-302.0554349,-9.108412892,0,17.05208072,683.9630916,0.201185473,0,0
0,0.036534945,-1.016630657,0.034765304,-221.3797831,11.1648622,82158.49799,0,0,-8.665828878,-331.1232835,-8.609935295,0,17.88040571,1072.673984,0.199626785,0,0
0,0.042923316,-1.068864323,0.034765304,-221.3797831,11.1648622,82158.49799,0,0,-3.354613818,-349.6313548,-8.722617316,0,17.48844219,650.3151395,0.189723977,0,0
0,0.047002636,-1.005144758,0.034765304,-221.3797831,11.1648622,82158.49799,0,0,-9.285604868,-387.6444399,-8.894355344,0,17.73757124,120.2848092,0.201882183,0,0
0,0.052431297,-1.020517829,0.034765304,-221.3797831,11.1648622,82158.49799,0,0,-8.463829649,-408.3747189,-8.935598087,0,17.16137565,744.8665867,0.198933929,0,0
0,0.05819331,-1.010272544,0.034765304,-221.3797831,11.1648622,82158.49799,0,0,-1.079427905,-436.9796257,-9.249259623,0,19.11933323,1214.884131,0.200759498,0,0
0,0.063403282,-0.999222515,0.034765304,-221.3797831,11.1648622,82158.49799,0,0,-4.970113593,-455.6720584,-9.179837153,0,17.25424353,735.5631897,0.202918233,0,0
0,0.069452263,-0.986988408,0.034765304,-221.3797831,11.1648622,82158.49799,0,0,-4.017524874,-477.031016,-9.069900351,0,18.08506307,812.5689353,0.205373134,0,0
0,0.074247477,-0.990503095,0.034765304,-221.3797831,11.1648622,82158.49799,0,0,-1.647631118,-489.4454067,-9.004572964,0,18.78005087,477.6712955,0.204706371,0,0
0,0.078854166,-0.993330325,0.034765304,-221.3797831,11.1648622,82158.49799,0,0,-2.355618769,-497.0506701,-9.398763091,0,17.64454348,533.5305051,0.204096747,0,0
0,0.085321566,-0.983060119,0.034765304,-221.3797831,11.1648622,82158.49799,0,0,-3.828087326,-511.0878958,-8.943748201,0,16.47085628,397.3589357,0.206205926,0,0
0,0.090279123,-0.979282748,0.034765304,-221.3797831,11.1648622,82158.49799,0,0,-0.195764285,-520.10414,-8.774819682,0,18.024629,866.454762,0.207010548,0,0
0,0.095131076,-1.002186772,0.034765304,-221.3797831,11.1648622,82158.49799,0,0,-1.816067116,-519.4169819,-9.40673107,0,17.36875448,830.0024468,0.202213018,0,0
0,0.101020681,-0.976053949,0.034765304,-221.3797831,11.1648622,82158.49799,0,0,-2.791762763,-534.3431188,-8.947954903,0,16.31263987,1057.264374,0.207675742,0,0
0,0.106523851,-0.988067703,0.034765304,-221.3797831,11.1648622,82158.49799,0,0,0.235646903,-535.7405033,-9.184106778,0,17.0141843,471.7823055,0.205280428,0,0
0,0.111828018,-0.995754228,0.034765304,-221.3797831,11.1648622,82158.49799,0,0,0.146859763,-537.2430155,-9.525547689,0,16.35592093,82.33477767,0.203663836,0,0
0,0.116804138,-0.980447063,0.034765304,-221.3797831,11.1648622,82158.49799,0,0,-2.290946387,-546.3582059,-9.480764348,0,15.78704271,734.3097206,0.206668173,0,0
0,0.121951238,-0.979190288,0.034765304,-221.3797831,11.1648622,82158.49799,0,0,-0.241590143,-551.0971792,-9.614417494,0,16.57454107,390.6266904,0.207083034,0,0
0,0.127688521,-0.983232262,0.034765304,-221.3797831,11.1648622,82158.49799,0,0,-0.188206595,-552.2339181,-9.46640747,0,15.57742118,1509.467619,0.206259709,0,0
0,0.132998975,-0.981130103,0.034765304,-221.3797831,11.1648622,82158.49799,0,0,0.79462351,-554.2651912,-9.314512083,0,15.43103716,-570.8869387,0.206715441,0,0
0,0.138608049,-0.985008416,0.034765304,-221.3797831,11.1648622,82158.49799,0,0,-0.69049608,-556.4481545,-9.438070256,0,16.06610875,1405.868281,0.205785978,0,0
0,0.143371179,-0.975123736,0.034765304,-221.3797831,11.1648622,82158.49799,0,0,0.906274777,-562.2966115,-9.313892475,0,15.18129776,689.3309822,0.208010215,0,0
0,0.148658909,-0.977828533,0.034765304,-221.3797831,11.1648622,82158.49799,0,0,-1.004615708,-563.3028306,-9.177606355,0,14.78822097,657.3729971,0.207374203,0,0
0,0.154380183,-0.986260622,0.034765304,-221.3797831,11.1648622,82158.49799,0,0,0.225676337,-563.8250056,-9.42197979,0,15.67033645,1210.145621,0.205678943,0,0
0,0.159562517,-0.974558164,0.034765304,-221.3797831,11.1648622,82158.49799,0,0,-0.507691765,-568.4299513,-8.949442989,0,14.36567202,-52.10911942,0.208030422,0,0
0,0.164752938,-0.983394724,0.034765304,-221.3797831,11.1648622,82158.49799,0,0,-0.905143151,-567.7359181,-9.591068965,0,14.16175682,930.731592,0.206229603,0,0
0,0.169939363,-0.961500565,0.034765304,-221.3797831,11.1648622,82158.49799,0,0,-0.085308727,-577.5055229,-9.011351968,0,15.05263605,1242.465219,0.210938925,0,0
0,0.176015942,-0.98355304,0.034765304,-221.3797831,11.1648622,82158.49799,0,0,-0.35429601,-570.4966791,-9.524771573,0,14.00310774,742.8838769,0.206255877,0,0
0,0.181092731,-0.970849164,0.034765304,-221.3797831,11.1648622,82158.49799,0,0,-0.696257136,-577.4757918,-9.571299949,0,14.29227874,1481.781819,0.208894366,0,0
0,0.186206496,-0.958461003,0.034765304,-221.3797831,11.1648622,82158.49799,0,0,1.485848327,-583.6477236,-9.412949306,0,14.5676831,1013.130346,0.211624189,0,0
0,0.191185876,-0.977067999,0.034765304,-221.3797831,11.1648622,82158.49799,0,0,-1.120637487,-578.2789572,-9.758887708,0,13.38307814,927.6504296,0.207446126,0,0
0,0.197481471,-0.978696887,0.034765304,-221.3797831,11.1648622,82158.49799,0,0,-11.96861806,-576.077721,-8.746712333,0,8.148690123,917.0911415,0.207061837,0,0
0,0.202164152,-0.985000986,0.034765304,-221.3797831,11.1648622,82158.49799,0,0,-7.073870601,-581.0464548,-9.742335837,0,11.79275784,-1068.225823,0.205709,0,0
0,0.207121214,-0.993516468,0.034765304,-221.3797831,11.1648622,82158.49799,0,0,-18.36628914,-571.6380354,-8.9860483,0,4.316962265,-213.9448715,0.203736983,0,0
0,0.211496498,-1.015511673,0.034765304,-221.3797831,11.1648622,82158.49799,0,0,-21.09117567,-564.4415511,-9.087994702,0,2.922321997,-341.0490007,0.199349799,0,0
0,-0.212632346,-1.000788984,0.03479685,-1114.622335,11.16541653,82841.11557,0,0,-3.886980418,2510.458809,-56.42782028,0,14.60034839,-666.3068369,0.185860278,0,0
0,-0.205165826,-1.002234546,0.03479685,-1114.622335,11.16541653,82841.11557,0,0,-7.876860678,2507.634264,-56.94439903,0,12.68593469,-2528.547733,0.185605656,0,0
0,-0.200264469,-0.998011967,0.03479685,-1114.622335,11.16541653,82841.11557,0,0,-45.4917333,2515.18719,-56.637741,0,-5.626602973,-890.8401072,0.186443573,0,0
0,-0.195003266,-0.997206694,0.03479685,-1114.622335,11.16541653,82841.11557,0,0,-28.33110494,2517.745897,-56.85060255,0,0.928010472,-1962.213391,0.186608735,0,0
0,-0.190371461,-0.997290638,0.03479685,-1114.622335,11.16541653,82841.11557,0,0,-18.50408183,2516.607537,-56.50200927,0,2.068495708,-1639.163278,0.186643623,0,0
0,-0.184218218,-0.993148072,0.03479685,-1114.622335,11.16541653,82841.11557,0,0,-38.34698512,2533.385196,-56.69275834,0,-5.187667171,-659.6744864,0.187426213,0,0
0,-0.179350763,-0.994579262,0.03479685,-1114.622335,11.16541653,82841.11557,0,0,-34.51072562,2520.772152,-56.72742584,0,-7.947351429,-936.8498461,0.187178454,0,0
0,-0.173977307,-0.990151523,0.03479685,-1114.622335,11.16541653,82841.11557,0,0,-21.75202966,2537.139339,-57.01586219,0,-2.853983657,-594.2965801,0.188104193,0,0
0,-0.167968644,-0.990699322,0.03479685,-1114.622335,11.16541653,82841.11557,0,0,-33.14169174,2534.56473,-57.10763862,0,-7.487970282,-1138.005253,0.188009722,0,0
0,-0.1631324,-0.991273871,0.03479685,-1114.622335,11.16541653,82841.11557,0,0,-34.00526973,2522.317455,-56.43694862,0,-12.61287477,-2138.175783,0.187965129,0,0
0,-0.157890671,-0.987529716,0.03479685,-1114.622335,11.16541653,82841.11557,0,0,-23.75963587,2530.31858,-56.79179657,0,-9.828253478,-897.7391053,0.188822769,0,0
0,-0.152482238,-0.994247266,0.03479685,-1114.622335,11.16541653,82841.11557,0,0,-27.92469474,2500.494009,-56.74262495,0,-11.97194538,-877.6396866,0.18745617,0,0
0,-0.147028775,-0.990775598,0.03479685,-1114.622335,11.16541653,82841.11557,0,0,-33.97258043,2499.371933,-56.49851621,0,-17.74209007,409.0410158,0.188285338,0,0
0,-0.141232669,-0.986542057,0.03479685,-1114.622335,11.16541653,82841.11557,0,0,-25.50504561,2498.47767,-56.12179847,0,-14.96171559,-1426.764019,0.189299043,0,0
0,-0.136255338,-0.995560574,0.03479685,-1114.622335,11.16541653,82841.11557,0,0,-26.11813134,2456.053875,-56.08949578,0,-18.35024131,-152.7588702,0.187589352,0,0
0,-0.130962436,-0.99444867,0.03479685,-1114.622335,11.16541653,82841.11557,0,0,-31.60897485,2438.569405,-56.02805901,0,-22.59015335,-2092.307082,0.188042575,0,0
0,-0.125033939,-0.995758246,0.03479685,-1114.622335,11.16541653,82841.11557,0,0,-24.20950205,2409.976531,-55.4417874,0,-21.68953043,-798.1419203,0.187991926,0,0
0,-0.119368389,-1.007797565,0.03479685,-1114.622335,11.16541653,82841.11557,0,0,-29.67898747,2342.600916,-54.79155946,0,-25.88341747,169.3922402,0.185730857,0,0
0,-0.114767085,-0.995821395,0.03479685,-1114.622335,11.16541653,82841.11557,0,0,-24.54085055,2354.04688,-54.44774247,0,-28.30392133,-347.8718781,0.188485021,0,0
0,-0.109170588,-1.000409084,0.03479685,-1114.622335,11.16541653,82841.11557,0,0,-24.74339884,2306.099432,-53.99749118,0,-29.93672771,-1313.15651,0.187832,0,0
0,-0.103099774,-1.00500893,0.03479685,-1114.622335,11.16541653,82841.11557,0,0,-26.85304322,2246.047585,-53.06930718,0,-32.65282336,-709.2866715,0.18714073,0,0
0,-0.098502692,-1.006283318,0.03479685,-1114.622335,11.16541653,82841.11557,0,0,-23.02082196,2204.148451,-52.70088519,0,-35.30276847,-355.7292394,0.18710375,0,0
0,-0.093330534,-1.000934823,0.03479685,-1114.622335,11.16541653,82841.11557,0,0,-23.092993,2182.0611,-52.33500908,0,-36.92684826,-806.9376706,0.188453313,0,0
0,-0.086777958,-0.999486003,0.03479685,-1114.622335,11.16541653,82841.11557,0,0,-23.19984825,2124.933589,-51.226494,0,-38.61167805,343.0358752,0.188973923,0,0
0,-0.082067504,-1.008770072,0.03479685,-1114.622335,11.16541653,82841.11557,0,0,-24.63760628,2039.629641,-50.50029145,0,-39.80406737,-909.6663224,0.187331855,0,0
0,-0.077284185,-1.00378438,0.03479685,-1114.622335,11.16541653,82841.11557,0,0,-24.7954115,2003.412037,-49.96669365,0,-41.10348614,-167.5844439,0.188557239,0,0
0,-0.070880113,-0.997394735,0.03479685,-1114.622335,11.16541653,82841.11557,0,0,-25.77418743,1938.682873,-48.3104017,0,-41.2755042,-1867.29888,0.190004522,0,0
0,-0.066122905,-0.99691254,0.03479685,-1114.622335,11.16541653,82841.11557,0,0,-26.66735921,1870.614393,-47.40938863,0,-40.86977561,-1119.039237,0.190452274,0,0
0,-0.061268225,-1.0060033,0.03479685,-1114.622335,11.16541653,82841.11557,0,0,-28.53065414,1759.877877,-46.56685628,0,-39.48832525,-1131.6588,0.188683535,0,0
0,-0.055006148,-0.993220654,0.03479685,-1114.622335,11.16541653,82841.11557,0,0,-30.69827519,1689.744509,-44.41240846,0,-37.87931468,-986.7926574,0.191466191,0,0
0,-0.049409214,-0.992930985,0.03479685,-1114.622335,11.16541653,82841.11557,0,0,-30.6338043,1581.69467,-42.72838305,0,-35.76448391,54.41470035,0.19189161,0,0
0,-0.044315632,-1.01349609,0.03479685,-1114.622335,11.16541653,82841.11557,0,0,-38.12899815,1415.221871,-40.83517674,0,-30.97499285,809.5114627,0.187831027,0,0
0,-0.039098742,-0.994254876,0.03479685,-1114.622335,11.16541653,82841.11557,0,0,-37.28826239,1351.539054,-39.63363992,0,-28.65860038,-1400.020829,0.191834177,0,0
0,-0.033597322,-1.002100352,0.03479685,-1114.622335,11.16541653,82841.11557,0,0,-42.65618803,1202.457048,-37.51443471,0,-26.04914625,155.3008299,0.190604838,0,0
0,-0.027894721,-0.998884514,0.03479685,-1114.622335,11.16541653,82841.11557,0,0,-43.61789877,1059.209661,-35.70915029,0,-17.42015362,-429.9687794,0.191457976,0,0
0,-0.022791507,-1.003661308,0.03479685,-1114.622335,11.16541653,82841.11557,0,0,-44.94752556,893.7920975,-32.68825795,0,-9.927885203,-1229.222349,0.190596678,0,0
0,-0.01741436,-0.998319637,0.03479685,-1114.622335,11.16541653,82841.11557,0,0,-52.12875676,747.0939513,-29.60843797,0,-6.856771676,179.1591785,0.191952535,0,0
0,-0.011740474,-0.988157334,0.03479685,-1114.622335,11.16541653,82841.11557,0,0,-57.95418917,598.3389582,-26.95824137,0,1.90544064,129.4005048,0.194035426,0,0
0,-0.006690884,-0.999929674,0.03479685,-1114.622335,11.16541653,82841.11557,0,0,-58.65826419,403.4345832,-24.9849762,0,10.42570443,-122.8876809,0.191664937,0,0
0,-0.001643222,-1.004984019,0.03479685,-1114.622335,11.16541653,82841.11557,0,0,-60.03584667,223.7561829,-22.24398955,0,18.87421769,1006.859297,0.190736569,0,0
0,0.004067391,-1.005911269,0.03479685,-1114.622335,11.16541653,82841.11557,0,0,-55.87846341,37.79491122,-18.71027645,0,29.33875571,1144.719331,0.190804358,0,0
0,0.009365209,-1.003930887,0.03479685,-1114.622335,11.16541653,82841.11557,0,0,-60.04516544,-139.7786192,-16.17090757,0,35.28366572,-1076.029496,0.191138168,0,0
0,0.014905656,-1.014643818,0.03479685,-1114.622335,11.16541653,82841.11557,0,0,-55.6554748,-321.7953563,-13.49358826,0,42.13250824,497.0487214,0.189117985,0,0
0,0.020267031,-1.014670114,0.03479685,-1114.622335,11.16541653,82841.11557,0,0,-47.69696088,-491.7695127,-10.85836974,0,50.53087974,1496.332164,0.189141603,0,0
0,0.025482727,-1.007430482,0.03479685,-1114.622335,11.16541653,82841.11557,0,0,-47.75387546,-651.3190261,-8.069606643,0,55.30985704,1024.626722,0.190491172,0,0
0,0.031185742,-1.009144049,0.03479685,-1114.622335,11.16541653,82841.11557,0,0,-45.78955945,-816.9400269,-5.513030688,0,57.93346658,1101.343239,0.190208936,0,0
0,0.036742533,-0.998960956,0.03479685,-1114.622335,11.16541653,82841.11557,0,0,-34.7477354,-992.543599,-3.053836447,0,63.31498906,1012.442216,0.192252679,0,0
0,0.04205649,-1.001374392,0.03479685,-1114.622335,11.16541653,82841.11557,0,0,-39.30542687,-1130.035743,-0.736072325,0,66.00915363,1400.343153,0.191642156,0,0
0,0.04756251,-0.993574658,0.03479685,-1114.622335,11.16541653,82841.11557,0,0,-34.02104561,-1292.271336,1.691054345,0,69.72791675,1165.219026,0.193453783,0,0
0,0.052142216,-0.974303685,0.03479685,-1114.622335,11.16541653,82841.11557,0,0,-36.06873157,-1442.297965,4.18167234,0,67.85847775,1458.084876,0.197211169,0,0
0,0.058012014,-0.986728516,0.03479685,-1114.622335,11.16541653,82841.11557,0,0,-33.94742447,-1547.035688,6.451986798,0,70.64436778,1125.367799,0.194443916,0,0
0,0.064383928,-0.997045847,0.03479685,-1114.622335,11.16541653,82841.11557,0,0,-26.95781874,-1658.977679,8.089173775,0,72.70738858,755.3032436,0.191991615,0,0
0,0.068542276,-0.992304533,0.03479685,-1114.622335,11.16541653,82841.11557,0,0,-32.04971063,-1740.347562,9.959855057,0,71.76067917,1096.780597,0.192574667,0,0
0,0.074178151,-0.991359395,0.03479685,-1114.622335,11.16541653,82841.11557,0,0,-29.900964,-1855.250875,11.69656165,0,70.63651437,1265.028802,0.192626901,0,0
0,0.08043959,-0.979574608,0.03479685,-1114.622335,11.16541653,82841.11557,0,0,-23.20017963,-2009.442094,13.36387379,0,68.80718545,1076.337586,0.194858918,0,0
0,0.084680658,-1.012607772,0.03479685,-1114.622335,11.16541653,82841.11557,0,0,-31.13303742,-1948.112201,15.23866189,0,68.20087695,862.5041965,0.187748942,0,0
0,0.090257596,-0.99779294,0.03479685,-1114.622335,11.16541653,82841.11557,0,0,-26.10713833,-2080.241546,16.51978622,0,67.00061791,727.6832032,0.190627943,0,0
0,0.09620179,-0.982578463,0.03479685,-1114.622335,11.16541653,82841.11557,0,0,-20.14753122,-2223.530057,17.39703762,0,65.06145869,1027.694693,0.193458154,0,0
0,0.100705453,-1.01464803,0.03479685,-1114.622335,11.16541653,82841.11557,0,0,-27.26793349,-2151.714565,18.71707958,0,63.81609582,660.7871622,0.186628951,0,0
0,0.106160063,-1.00538918,0.03479685,-1114.622335,11.16541653,82841.11557,0,0,-26.04785017,-2249.405748,20.16665387,0,61.50258186,841.0532695,0.188278038,0,0
0,0.112823326,-0.999084915,0.03479685,-1114.622335,11.16541653,82841.11557,0,0,-23.94616593,-2341.291526,21.62154963,0,59.41876831,942.1769356,0.189251859,0,0
0,0.117305538,-0.998599491,0.03479685,-1114.622335,11.16541653,82841.11557,0,0,-22.8752148,-2382.32935,22.20264426,0,58.48526648,792.6313944,0.188958734,0,0
0,0.122071346,-1.000664214,0.03479685,-1114.622335,11.16541653,82841.11557,0,0,-25.1850923,-2407.625011,23.17069913,0,55.39937478,1041.086896,0.188474648,0,0
0,0.129038933,-0.999870792,0.03479685,-1114.622335,11.16541653,82841.11557,0,0,-24.16654564,-2464.862849,23.98552512,0,52.79637253,1144.542234,0.188427935,0,0
0,0.133363129,-1.004485595,0.03479685,-1114.622335,11.16541653,82841.11557,0,0,-21.11451036,-2475.400998,24.03807968,0,52.78305857,837.5777435,0.187253334,0,0
0,0.138117018,-1.000695647,0.03479685,-1114.622335,11.16541653,82841.11557,0,0,-21.91627106,-2510.260387,25.26898215,0,50.26023462,1001.235576,0.187929944,0,0
0,0.145231042,-1.003218138,0.03479685,-1114.622335,11.16541653,82841.11557,0,0,-24.43777398,-2529.376597,25.87593952,0,45.45920044,1147.369991,0.187263811,0,0
0,0.150730898,-1.00780652,0.03479685,-1114.622335,11.16541653,82841.11557,0,0,-22.0378484,-2535.92977,26.11370615,0,46.42023682,971.5628225,0.18619862,0,0
0,0.154612489,-0.997540221,0.03479685,-1114.622335,11.16541653,82841.11557,0,0,-18.73383435,-2580.203822,26.76722988,0,43.91318063,656.9174853,0.18819195,0,0
0,0.161344845,-1.002792423,0.03479685,-1114.622335,11.16541653,82841.11557,0,0,-24.07185417,-2576.001773,26.75706966,0,39.1613425,734.7023948,0.187040213,0,0
0,0.166655171,-1.006931728,0.03479685,-1114.622335,11.16541653,82841.11557,0,0,-17.3856104,-2560.375938,26.63378309,0,42.25199555,1325.798248,0.186134209,0,0
0,0.171011162,-0.994297651,0.03479685,-1114.622335,11.16541653,82841.11557,0,0,-16.2201744,-2638.464075,27.38079507,0,37.96958673,726.8701261,0.188616224,0,0
0,0.176501789,-1.005735031,0.03479685,-1114.622335,11.16541653,82841.11557,0,0,-27.44610255,-2581.273526,26.84297792,0,33.18418533,474.601593,0.186281291,0,0
0,0.181919017,-1.003859331,0.03479685,-1114.622335,11.16541653,82841.11557,0,0,-13.8699913,-2588.54468,27.03188315,0,36.87696901,917.2358118,0.186645862,0,0
0,0.18834809,-1.004790527,0.03479685,-1114.622335,11.16541653,82841.11557,0,0,-16.56070928,-2608.509334,27.47455628,0,31.57606971,1150.640569,0.186489908,0,0
0,0.191763661,-1.007618954,0.03479685,-1114.622335,11.16541653,82841.11557,0,0,-30.77563913,-2575.780207,26.98302825,0,27.2110756,1462.538212,0.185889218,0,0
0,0.198170015,-1.008448059,0.03479685,-1114.622335,11.16541653,82841.11557,0,0,-12.79864978,-2582.081197,27.13075798,0,31.71952859,987.3786188,0.185729201,0,0
0,0.20519419,-1.009945153,0.03479685,-1114.622335,11.16541653,82841.11557,0,0,-24.06304634,-2582.132083,27.13894541,0,25.20329356,1134.634974,0.18542436,0,0
0,0.207870848,-1.014167014,0.03479685,-1114.622335,11.16541653,82841.11557,0,0,-33.71968654,-2574.266415,26.2250276,0,18.06860739,877.5446328,0.184595441,0,0
0,0.213887598,-1.009531354,0.03479685,-1114.622335,11.16541653,82841.11557,0,0,-43.67190121,-2557.508948,26.58667149,0,13.26359553,1406.459001,0.185480545,0,0
0,-0.209549952,-1.010278196,0.03490723,-443.225245,11.16654002,82288.53815,0,0,2.847280476,1066.297762,-19.14757563,0,19.54983336,-2060.84951,0.197015819,0,0
0,-0.204238993,-1.011259386,0.03490723,-443.225245,11.16654002,82288.53815,0,0,-10.72928517,1065.84946,-18.94268884,0,13.72292291,600.6325089,0.196836672,0,0
0,-0.198078262,-1.016590514,0.03490723,-443.225245,11.16654002,82288.53815,0,0,-11.94355655,1061.429951,-19.22854037,0,11.46956748,12.15655324,0.195870437,0,0
0,-0.194160426,-1.004783086,0.03490723,-443.225245,11.16654002,82288.53815,0,0,-11.87093343,1068.584103,-18.79131612,0,12.51251584,900.7732948,0.19814646,0,0
0,-0.188132111,-1.006874,0.03490723,-443.225245,11.16654002,82288.53815,0,0,-6.64226239,1070.925296,-18.97916093,0,13.87179576,-1057.944873,0.197793732,0,0
0,-0.181835212,-1.018554299,0.03490723,-443.225245,11.16654002,82288.53815,0,0,-23.43473871,1062.385145,-19.22013983,0,7.389407538,-293.4004228,0.195467106,0,0
0,-0.177938808,-0.995368593,0.03490723,-443.225245,11.16654002,82288.53815,0,0,-13.50914843,1076.446445,-18.63901409,0,9.984836807,-1198.895805,0.200081304,0,0
0,-0.171936287,-1.006688669,0.03490723,-443.225245,11.16654002,82288.53815,0,0,-4.689599015,1069.647977,-18.7077421,0,14.69346652,-1000.927702,0.197860114,0,0
0,-0.165906437,-1.007462755,0.03490723,-443.225245,11.16654002,82288.53815,0,0,-19.18004731,1066.94673,-18.55314384,0,7.745080362,-1016.149687,0.197721503,0,0
0,-0.161445695,-0.997870924,0.03490723,-443.225245,11.16654002,82288.53815,0,0,-11.45536207,1068.504519,-18.65341855,0,9.478206579,40.89812026,0.19967194,0,0
0,-0.155508095,-1.003722569,0.03490723,-443.225245,11.16654002,82288.53815,0,0,-6.095673664,1065.477487,-18.7973596,0,13.15466597,-8.774968008,0.198442881,0,0
0,-0.150003326,-1.004192814,0.03490723,-443.225245,11.16654002,82288.53815,0,0,-14.55402896,1062.268069,-18.87346225,0,8.836309665,593.9211475,0.198420129,0,0
0,-0.14579573,-0.994251978,0.03490723,-443.225245,11.16654002,82288.53815,0,0,-13.34137547,1070.219453,-19.07441339,0,8.05430147,-491.2482958,0.200476648,0,0
0,-0.139795514,-1.006694969,0.03490723,-443.225245,11.16654002,82288.53815,0,0,-8.899192352,1055.859216,-18.79842748,0,10.14996573,-875.664477,0.197913642,0,0
0,-0.133343542,-1.012285503,0.03490723,-443.225245,11.16654002,82288.53815,0,0,-12.02766292,1046.573413,-18.84040916,0,8.445890443,-778.12753,0.196832214,0,0
0,-0.129379587,-1.000203593,0.03490723,-443.225245,11.16654002,82288.53815,0,0,-12.19135774,1059.508685,-18.32482288,0,6.5118628,-478.7373901,0.199259947,0,0
0,-0.123773783,-1.009861116,0.03490723,-443.225245,11.16654002,82288.53815,0,0,-7.939945673,1042.841761,-18.95866213,0,8.388660761,-530.4278872,0.197331096,0,0
0,-0.117134262,-1.017624068,0.03490723,-443.225245,11.16654002,82288.53815,0,0,-12.38694058,1023.458345,-18.7185252,0,7.368438851,291.0960477,0.195771942,0,0
0,-0.114064564,-1.004609877,0.03490723,-443.225245,11.16654002,82288.53815,0,0,-11.72022408,1040.314101,-18.42945699,0,4.793508587,188.5686527,0.198382764,0,0
0,-0.10792069,-1.01402233,0.03490723,-443.225245,11.16654002,82288.53815,0,0,-9.667638332,1018.772658,-18.6679412,0,6.001619734,-25.05500487,0.196535542,0,0
0,-0.100740066,-1.015579136,0.03490723,-443.225245,11.16654002,82288.53815,0,0,-11.18932826,1004.129038,-18.60723793,0,5.122963219,-147.3351436,0.196198661,0,0
0,-0.097626901,-1.011045423,0.03490723,-443.225245,11.16654002,82288.53815,0,0,-11.08906426,1004.327228,-18.5183782,0,4.60214121,-486.149894,0.197112524,0,0
0,-0.091999112,-1.017184268,0.03490723,-443.225245,11.16654002,82288.53815,0,0,-10.55758033,984.7545542,-18.61094357,0,3.883710377,-588.7695499,0.195921324,0,0
0,-0.085232421,-1.014218276,0.03490723,-443.225245,11.16654002,82288.53815,0,0,-9.060926909,971.1093584,-18.00484628,0,2.934824115,226.1640994,0.19651215,0,0
0,-0.081593342,-1.021510817,0.03490723,-443.225245,11.16654002,82288.53815,0,0,-10.94776467,943.3479906,-18.68359933,0,3.979605641,-862.6908004,0.195076665,0,0
0,-0.075881261,-1.019792096,0.03490723,-443.225245,11.16654002,82288.53815,0,0,-11.69158546,929.8417849,-18.60342834,0,2.178955257,219.3005944,0.195415379,0,0
0,-0.069189514,-1.017019877,0.03490723,-443.225245,11.16654002,82288.53815,0,0,-12.18628424,909.0928179,-17.81809687,0,0.970192508,-1291.37219,0.19597878,0,0
0,-0.065277139,-1.022953439,0.03490723,-443.225245,11.16654002,82288.53815,0,0,-12.04799827,865.1298561,-18.46043246,0,3.555783141,-1035.776947,0.194793646,0,0
0,-0.059879329,-1.02275957,0.03490723,-443.225245,11.16654002,82288.53815,0,0,-11.92952837,833.9801348,-17.90624688,0,2.349378436,-195.7618542,0.19487594,0,0
0,-0.053505172,-1.020984567,0.03490723,-443.225245,11.16654002,82288.53815,0,0,-14.97263971,803.4576818,-17.31954231,0,0.160725712,343.6278241,0.195244943,0,0
0,-0.049059653,-1.01950314,0.03490723,-443.225245,11.16654002,82288.53815,0,0,-14.80969261,745.9747409,-18.23684993,0,4.236288628,-156.4127224,0.195447855,0,0
0,-0.043708413,-1.022556133,0.03490723,-443.225245,11.16654002,82288.53815,0,0,-13.79094045,705.3563573,-17.68354119,0,4.333113399,-743.3073541,0.194933127,0,0
0,-0.037533635,-1.014254967,0.03490723,-443.225245,11.16654002,82288.53815,0,0,-17.38022208,659.2683148,-16.95450539,0,1.769076533,-308.1087579,0.196545346,0,0
0,-0.03286224,-1.018312024,0.03490723,-443.225245,11.16654002,82288.53815,0,0,-23.263903,593.038831,-17.10319648,0,4.33661141,-977.3321431,0.195732758,0,0
0,-0.027389524,-1.00932159,0.03490723,-443.225245,11.16654002,82288.53815,0,0,-15.87592118,534.6290814,-16.89399778,0,8.811769831,-556.0735562,0.19750014,0,0
0,-0.02158898,-0.985488877,0.03490723,-443.225245,11.16654002,82288.53815,0,0,-21.10749948,467.9116475,-16.48302967,0,6.987680318,-502.7419864,0.202246465,0,0
0,-0.016839981,-0.992205916,0.03490723,-443.225245,11.16654002,82288.53815,0,0,-30.85534008,373.4189497,-16.29097,0,8.329562354,14.62424744,0.200934876,0,0
0,-0.011038855,-0.962952887,0.03490723,-443.225245,11.16654002,82288.53815,0,0,-23.84178979,285.5033065,-14.87259289,0,14.47472647,191.8424913,0.207159824,0,0
0,-0.0058397,-0.95137033,0.03490723,-443.225245,11.16654002,82288.53815,0,0,-26.6898758,164.534269,-14.23001954,0,14.86050018,-533.9849427,0.209849168,0,0
0,-0.000647155,-0.950346077,0.03490723,-443.225245,11.16654002,82288.53815,0,0,-34.92349565,44.17406332,-14.61958086,0,16.91200887,332.1423603,0.210081693,0,0
0,0.004833977,-0.956400331,0.03490723,-443.225245,11.16654002,82288.53815,0,0,-22.33107271,-80.63139545,-13.29319693,0,23.24838803,592.5562341,0.208615172,0,0
0,0.010174065,-0.972857799,0.03490723,-443.225245,11.16654002,82288.53815,0,0,-28.38683581,-189.1086944,-12.82345548,0,19.94504685,51.96627065,0.205125662,0,0
0,0.015746153,-1.002259139,0.03490723,-443.225245,11.16654002,82288.53815,0,0,-25.96449496,-284.6186458,-12.37039027,0,23.92459866,838.5957221,0.199157455,0,0
0,0.020921767,-1.013401405,0.03490723,-443.225245,11.16654002,82288.53815,0,0,-15.09823092,-363.7510224,-11.69582081,0,28.47999546,675.1446319,0.196808932,0,0
0,0.026212907,-1.023713585,0.03490723,-443.225245,11.16654002,82288.53815,0,0,-17.574659,-436.6660994,-11.21059475,0,25.19836951,125.9062765,0.195014017,0,0
0,0.031801222,-1.026386333,0.03490723,-443.225245,11.16654002,82288.53815,0,0,-23.78728142,-503.1224908,-10.99306327,0,24.93433666,479.192602,0.194477762,0,0
0,0.037230428,-1.024692447,0.03490723,-443.225245,11.16654002,82288.53815,0,0,-10.36290182,-568.5723967,-10.3326731,0,29.08254542,-25.30466744,0.194670287,0,0
0,0.042722449,-1.017328073,0.03490723,-443.225245,11.16654002,82288.53815,0,0,-12.92330968,-638.3589479,-10.21691943,0,26.2347747,-336.3684201,0.196187306,0,0
0,0.048249226,-1.00719267,0.03490723,-443.225245,11.16654002,82288.53815,0,0,-12.4242606,-698.5873028,-9.66833337,0,28.14931152,1155.02253,0.198156005,0,0
0,0.053953299,-1.003045648,0.03490723,-443.225245,11.16654002,82288.53815,0,0,-13.97590862,-748.4244694,-9.19624218,0,28.27549716,950.2077959,0.198900654,0,0
0,0.057771066,-0.981016041,0.03490723,-443.225245,11.16654002,82288.53815,0,0,-11.42243154,-804.1131373,-9.56458948,0,26.18714155,520.5303362,0.203506432,0,0
0,0.063389795,-0.981459756,0.03490723,-443.225245,11.16654002,82288.53815,0,0,-6.161878634,-844.1997622,-9.081477772,0,29.76824705,319.8606823,0.203459017,0,0
0,0.069996122,-0.978290313,0.03490723,-443.225245,11.16654002,82288.53815,0,0,-8.820309884,-890.8418414,-9.055776602,0,27.16065564,178.7424435,0.20412035,0,0
0,0.075183456,-0.964981046,0.03490723,-443.225245,11.16654002,82288.53815,0,0,-6.850274776,-930.1158828,-9.065199211,0,26.39377248,836.3800282,0.206960477,0,0
0,0.079349947,-0.989183231,0.03490723,-443.225245,11.16654002,82288.53815,0,0,-7.173893494,-929.0043617,-8.132404999,0,28.27871501,940.9696698,0.201802196,0,0
0,0.085154361,-0.96610699,0.03490723,-443.225245,11.16654002,82288.53815,0,0,-8.011259504,-971.1027023,-8.335266042,0,25.0972099,376.3131464,0.206725483,0,0
0,0.090853641,-0.97290077,0.03490723,-443.225245,11.16654002,82288.53815,0,0,-2.995876037,-989.9523604,-8.857974086,0,25.93337351,994.5299349,0.20522728,0,0
0,0.096141698,-0.997700915,0.03490723,-443.225245,11.16654002,82288.53815,0,0,-7.424480213,-984.2036021,-8.249555469,0,25.64233307,1116.997734,0.199897844,0,0
0,0.101406851,-0.97033309,0.03490723,-443.225245,11.16654002,82288.53815,0,0,-4.943735854,-1026.784331,-8.744173672,0,24.33352709,1319.786243,0.205585781,0,0
0,0.106301926,-0.992766316,0.03490723,-443.225245,11.16654002,82288.53815,0,0,-4.98766072,-1018.443903,-8.376238041,0,23.04721321,1447.840864,0.200933986,0,0
0,0.111516216,-0.995844258,0.03490723,-443.225245,11.16654002,82288.53815,0,0,-4.803157701,-1028.335467,-7.96092008,0,23.16767496,1235.738888,0.200140229,0,0
0,0.117845126,-0.980292851,0.03490723,-443.225245,11.16654002,82288.53815,0,0,-2.544981682,-1060.611989,-8.001152885,0,22.22218679,1107.317153,0.203302984,0,0
0,0.122856493,-0.989843537,0.03490723,-443.225245,11.16654002,82288.53815,0,0,-5.182206601,-1061.727599,-7.932511377,0,21.92518167,-279.0131887,0.201422582,0,0
0,0.127900561,-1.000214055,0.03490723,-443.225245,11.16654002,82288.53815,0,0,-4.956828116,-1060.617204,-7.977237153,0,21.12683243,435.6639254,0.199115808,0,0
0,0.133716964,-0.981547058,0.03490723,-443.225245,11.16654002,82288.53815,0,0,-1.79862777,-1090.929331,-7.801649248,0,21.44794129,1361.979994,0.202926838,0,0
0,0.138373023,-0.989244294,0.03490723,-443.225245,11.16654002,82288.53815,0,0,-4.128964669,-1088.909508,-7.539330754,0,20.7447595,1433.764162,0.201467209,0,0
0,0.144037658,-0.993951181,0.03490723,-443.225245,11.16654002,82288.53815,0,0,-5.414073235,-1093.814598,-7.966144727,0,19.20513062,83.57380126,0.200324773,0,0
0,0.150130523,-0.987295758,0.03490723,-443.225245,11.16654002,82288.53815,0,0,-1.716276939,-1106.90028,-7.60698736,0,20.00781344,1348.495263,0.201617013,0,0
0,0.155351898,-0.98828747,0.03490723,-443.225245,11.16654002,82288.53815,0,0,-2.515485107,-1108.825678,-7.591000477,0,19.86065305,1045.990537,0.201473552,0,0
0,0.160501181,-1.00072199,0.03490723,-443.225245,11.16654002,82288.53815,0,0,-8.059973414,-1105.617032,-7.852047816,0,16.82148788,313.1337448,0.198888834,0,0
0,0.16560591,-0.984722234,0.03490723,-443.225245,11.16654002,82288.53815,0,0,0.063173699,-1117.051989,-7.37226459,0,19.77029478,1258.712689,0.202088113,0,0
0,0.171330745,-0.988689693,0.03490723,-443.225245,11.16654002,82288.53815,0,0,-2.839759262,-1115.969926,-7.355120407,0,18.10444446,892.1116749,0.20133203,0,0
0,0.176943043,-0.99811582,0.03490723,-443.225245,11.16654002,82288.53815,0,0,-6.781219529,-1116.98829,-8.065859948,0,16.37465643,1436.452818,0.199358421,0,0
0,0.181549855,-0.985090703,0.03490723,-443.225245,11.16654002,82288.53815,0,0,1.864364281,-1118.045041,-7.597002455,0,19.21419306,1584.994642,0.201974571,0,0
0,0.186815978,-0.991588384,0.03490723,-443.225245,11.16654002,82288.53815,0,0,-5.056994248,-1120.326272,-7.7430779,0,16.46271405,1032.285579,0.20069724,0,0
0,0.192395469,-1.001289232,0.03490723,-443.225245,11.16654002,82288.53815,0,0,-8.461789248,-1113.324779,-7.412788231,0,13.68496423,1019.242355,0.19868099,0,0
0,0.197620899,-0.983466721,0.03490723,-443.225245,11.16654002,82288.53815,0,0,7.666342764,-1109.820281,-7.635321419,0,21.34279798,1036.160232,0.202267712,0,0
0,0.202815224,-1.007420644,0.03490723,-443.225245,11.16654002,82288.53815,0,0,-10.80581209,-1104.963434,-7.30044607,0,13.00264929,1366.416181,0.19745736,0,0
0,0.208992974,-0.998473758,0.03490723,-443.225245,11.16654002,82288.53815,0,0,-27.95157835,-1097.383769,-7.642707146,0,4.743133585,941.7010247,0.199199638,0,0
0,0.212244725,-1.010096782,0.03490723,-443.225245,11.16654002,82288.53815,0,0,-12.28102268,-1096.616325,-7.438989251,0,12.57251307,2089.872513,0.196920702,0,0
0,-0.212012203,-1.020914561,0.069819151,-895.663748,11.16555252,82790.99518,0,0,26.67129397,1955.888189,-50.44663841,0,41.9832865,-1931.687579,0.188211111,0,0
0,-0.205500198,-1.012098077,0.069819151,-895.663748,11.16555252,82790.99518,0,0,-18.54954729,1975.245734,-51.03775931,0,22.21823479,266.1384852,0.189903332,0,0
0,-0.20054048,-1.009082598,0.069819151,-895.663748,11.16555252,82790.99518,0,0,-35.65324106,1984.508668,-51.45314434,0,13.20354091,-1431.285343,0.190476441,0,0
0,-0.195817871,-1.009822155,0.069819151,-895.663748,11.16555252,82790.99518,0,0,-19.12073779,1983.902385,-51.65440678,0,22.01015165,278.895719,0.190316029,0,0
0,-0.189506145,-1.007889463,0.069819151,-895.663748,11.16555252,82790.99518,0,0,-23.97809237,1989.771986,-51.08791578,0,17.55016866,100.3640809,0.19072231,0,0
0,-0.183341275,-1.00294969,0.069819151,-895.663748,11.16555252,82790.99518,0,0,-26.47823124,2012.220283,-51.15624609,0,13.92496323,-115.1132483,0.191704342,0,0
0,-0.179640386,-1.010260185,0.069819151,-895.663748,11.16555252,82790.99518,0,0,-28.88992965,1986.795768,-51.57885618,0,14.66763143,-336.1735106,0.190276266,0,0
0,-0.173337514,-1.004809229,0.069819151,-895.663748,11.16555252,82790.99518,0,0,-18.35280775,2006.417336,-51.39815579,0,17.78010813,-1871.618558,0.191347821,0,0
0,-0.167678261,-1.001258658,0.069819151,-895.663748,11.16555252,82790.99518,0,0,-26.23400427,2023.658938,-51.90918209,0,12.06916298,233.6029122,0.192081645,0,0
0,-0.163739198,-1.006716795,0.069819151,-895.663748,11.16555252,82790.99518,0,0,-28.0138674,1999.395606,-51.67828407,0,10.79946599,-848.2395374,0.190999328,0,0
0,-0.157267768,-1.003137287,0.069819151,-895.663748,11.16555252,82790.99518,0,0,-18.67335176,2012.110104,-51.62825452,0,14.18778543,-109.0454044,0.19174542,0,0
0,-0.151525512,-1.000928172,0.069819151,-895.663748,11.16555252,82790.99518,0,0,-24.91150096,2006.756987,-51.43157523,0,10.4650828,-1233.531438,0.192175299,0,0
0,-0.147742005,-1.004105349,0.069819151,-895.663748,11.16555252,82790.99518,0,0,-26.4250144,2004.014256,-51.51479434,0,7.863574865,-1234.833834,0.19164702,0,0
0,-0.141236482,-1.003209657,0.069819151,-895.663748,11.16555252,82790.99518,0,0,-19.09879256,1993.002826,-51.50202667,0,10.37907385,-473.3506231,0.191830103,0,0
0,-0.134781997,-1.003111381,0.069819151,-895.663748,11.16555252,82790.99518,0,0,-24.44130583,1974.873428,-51.10441435,0,7.934747683,-1382.682679,0.191845357,0,0
0,-0.131148927,-1.004600693,0.069819151,-895.663748,11.16555252,82790.99518,0,0,-19.98337394,1977.288191,-51.24025633,0,5.182440172,-1050.8965,0.19167945,0,0
0,-0.125231851,-1.003910655,0.069819151,-895.663748,11.16555252,82790.99518,0,0,-17.69062261,1961.286853,-51.22250639,0,6.155494007,-388.3022693,0.191861263,0,0
0,-0.11931655,-1.012490915,0.069819151,-895.663748,11.16555252,82790.99518,0,0,-22.20104095,1912.862255,-50.85881846,0,3.550235587,-1288.945354,0.190211514,0,0
0,-0.114727337,-1.00062767,0.069819151,-895.663748,11.16555252,82790.99518,0,0,-18.20985022,1946.207036,-50.45311084,0,0.554863132,21.17698658,0.192670495,0,0
0,-0.109404333,-1.008003493,0.069819151,-895.663748,11.16555252,82790.99518,0,0,-17.14428705,1898.766442,-50.66696042,0,-0.244988295,-1271.398355,0.191318891,0,0
0,-0.103314417,-1.013509745,0.069819151,-895.663748,11.16555252,82790.99518,0,0,-18.2763945,1840.272324,-50.46612149,0,-0.78553687,-1493.8902,0.190312704,0,0
0,-0.098535344,-1.002458695,0.069819151,-895.663748,11.16555252,82790.99518,0,0,-16.48241171,1859.349114,-50.08037321,0,-4.535973612,-141.8430148,0.192600061,0,0
0,-0.093192675,-1.007387891,0.069819151,-895.663748,11.16555252,82790.99518,0,0,-14.89618609,1809.569936,-49.71827473,0,-4.674221438,-1165.881179,0.191765294,0,0
0,-0.086962227,-1.00742701,0.069819151,-895.663748,11.16555252,82790.99518,0,0,-14.9582101,1754.600834,-49.27813338,0,-4.066604315,-133.2857027,0.191799313,0,0
0,-0.082171321,-1.006525053,0.069819151,-895.663748,11.16555252,82790.99518,0,0,-16.19334073,1728.706278,-48.41841054,0,-7.443206984,-1158.459398,0.192038919,0,0
0,-0.076882793,-1.006020189,0.069819151,-895.663748,11.16555252,82790.99518,0,0,-15.98883393,1683.439082,-48.18096794,0,-8.222407077,-312.7482687,0.192313092,0,0
0,-0.070604697,-1.000866466,0.069819151,-895.663748,11.16555252,82790.99518,0,0,-15.32227622,1628.405681,-47.5052815,0,-6.633991153,-955.2911285,0.193380021,0,0
0,-0.066004048,-1.004620116,0.069819151,-895.663748,11.16555252,82790.99518,0,0,-18.40574348,1564.962484,-47.14252544,0,-7.598705113,-1067.783033,0.19269049,0,0
0,-0.061109783,-1.005305518,0.069819151,-895.663748,11.16555252,82790.99518,0,0,-18.49075537,1504.437134,-46.46788071,0,-6.252169601,-285.4380957,0.192649069,0,0
0,-0.054860527,-1.00122314,0.069819151,-895.663748,11.16555252,82790.99518,0,0,-20.82400448,1430.488115,-45.67728893,0,-4.418509542,-814.8048391,0.193516788,0,0
0,-0.04955504,-1.00472567,0.069819151,-895.663748,11.16555252,82790.99518,0,0,-25.96673651,1342.608049,-44.69251662,0,-3.18109582,-347.9318216,0.192850583,0,0
0,-0.044697606,-1.007448356,0.069819151,-895.663748,11.16555252,82790.99518,0,0,-23.52652877,1265.054903,-44.00198712,0,-0.023020492,1232.096502,0.19245885,0,0
0,-0.038709717,-1.005614715,0.069819151,-895.663748,11.16555252,82790.99518,0,0,-29.17396605,1165.512117,-42.95850279,0,2.564988009,700.4195419,0.192887423,0,0
0,-0.033282685,-0.999184384,0.069819151,-895.663748,11.16555252,82790.99518,0,0,-36.36297748,1082.287971,-41.59697222,0,2.730670991,-33.5910319,0.194364319,0,0
0,-0.028459866,-1.010992416,0.069819151,-895.663748,11.16555252,82790.99518,0,0,-33.23648357,966.1375559,-40.91331812,0,10.76600679,129.2318809,0.192098037,0,0
0,-0.022890705,-1.000443266,0.069819151,-895.663748,11.16555252,82790.99518,0,0,-35.72059561,860.2260581,-39.30882495,0,15.31778728,275.4906727,0.194264336,0,0
0,-0.017246248,-0.99938491,0.069819151,-895.663748,11.16555252,82790.99518,0,0,-45.3358572,728.7324828,-37.94939158,0,17.14038196,-818.1900578,0.194577454,0,0
0,-0.011798432,-1.000959023,0.069819151,-895.663748,11.16555252,82790.99518,0,0,-46.82935576,597.301503,-36.81850587,0,24.77915614,378.6457869,0.194298324,0,0
0,-0.006524548,-1.00561953,0.069819151,-895.663748,11.16555252,82790.99518,0,0,-50.53044475,435.5160384,-35.0755814,0,30.59263002,-333.7169591,0.193329791,0,0
0,-0.001320377,-1.004832337,0.069819151,-895.663748,11.16555252,82790.99518,0,0,-47.22942473,282.6745997,-32.47837613,0,36.44131909,558.8431007,0.193597716,0,0
0,0.004125707,-0.998205456,0.069819151,-895.663748,11.16555252,82790.99518,0,0,-45.37185431,124.9125147,-31.16971953,0,45.90293806,-589.6085386,0.194960476,0,0
0,0.009674135,-1.007923399,0.069819151,-895.663748,11.16555252,82790.99518,0,0,-51.53964078,-33.99629727,-29.00921205,0,46.94389049,-111.9022252,0.193089103,0,0
0,0.014857787,-1.00732768,0.069819151,-895.663748,11.16555252,82790.99518,0,0,-50.61586004,-186.5972156,-27.32007989,0,52.21295178,1748.024941,0.193211698,0,0
0,0.019978637,-1.00349686,0.069819151,-895.663748,11.16555252,82790.99518,0,0,-42.27656844,-332.8976369,-25.64316986,0,59.59975723,1098.545306,0.19391567,0,0
0,0.026052999,-1.009219643,0.069819151,-895.663748,11.16555252,82790.99518,0,0,-43.35422732,-483.0018003,-23.59352781,0,60.12433453,917.6136908,0.192847323,0,0
0,0.031296753,-1.0054965,0.069819151,-895.663748,11.16555252,82790.99518,0,0,-40.91516196,-618.770972,-21.92561062,0,61.78424984,843.8256069,0.193556419,0,0
0,0.036429852,-1.001850668,0.069819151,-895.663748,11.16555252,82790.99518,0,0,-38.59158175,-735.5410361,-20.32461387,0,65.868295,1135.549143,0.194248949,0,0
0,0.042101017,-1.001963427,0.069819151,-895.663748,11.16555252,82790.99518,0,0,-38.82697119,-873.052675,-18.72879145,0,65.43602328,719.4592236,0.19438141,0,0
0,0.046996939,-0.982107054,0.069819151,-895.663748,11.16555252,82790.99518,0,0,-27.21040949,-1013.509814,-17.69224583,0,69.85937015,1299.419806,0.198381615,0,0
0,0.052896854,-0.98563169,0.069819151,-895.663748,11.16555252,82790.99518,0,0,-38.27058845,-1115.994821,-15.75624432,0,65.95500388,1319.456207,0.197732428,0,0
0,0.058562003,-0.976468456,0.069819151,-895.663748,11.16555252,82790.99518,0,0,-30.30284372,-1244.617567,-14.08677968,0,68.25763362,1589.847755,0.199697519,0,0
0,0.063331411,-0.97749553,0.069819151,-895.663748,11.16555252,82790.99518,0,0,-29.69051652,-1316.779744,-12.78893841,0,69.22709238,666.2305236,0.19914692,0,0
0,0.068723018,-0.979775437,0.069819151,-895.663748,11.16555252,82790.99518,0,0,-31.58854379,-1402.837747,-12.05141061,0,66.2822885,1263.626721,0.198564427,0,0
0,0.074757106,-0.977906179,0.069819151,-895.663748,11.16555252,82790.99518,0,0,-24.41585044,-1503.432679,-10.96312212,0,65.80600713,786.0678425,0.198737394,0,0
0,0.079344685,-0.998088476,0.069819151,-895.663748,11.16555252,82790.99518,0,0,-32.87175619,-1507.402535,-8.97447565,0,63.7966174,1119.636186,0.194199178,0,0
0,0.084736713,-0.987123972,0.069819151,-895.663748,11.16555252,82790.99518,0,0,-28.07161007,-1600.391429,-8.271278774,0,62.59973061,956.8620428,0.196400558,0,0
0,0.090660846,-0.968988302,0.069819151,-895.663748,11.16555252,82790.99518,0,0,-21.88885569,-1718.361587,-7.750955814,0,61.84407361,961.3392873,0.199911061,0,0
0,0.095666567,-1.003256693,0.069819151,-895.663748,11.16555252,82790.99518,0,0,-27.99611526,-1682.359232,-6.568416573,0,59.15369008,1150.457025,0.19260136,0,0
0,0.10083806,-0.997191487,0.069819151,-895.663748,11.16555252,82790.99518,0,0,-26.87891058,-1745.619973,-5.445081554,0,57.97846958,1373.10865,0.193737967,0,0
0,0.106501174,-0.980853685,0.069819151,-895.663748,11.16555252,82790.99518,0,0,-20.27256904,-1841.426742,-5.122739874,0,56.34243576,913.5405154,0.196820908,0,0
0,0.112146048,-0.994924659,0.069819151,-895.663748,11.16555252,82790.99518,0,0,-24.86549508,-1851.066696,-4.198295693,0,54.53222818,633.9313386,0.193676941,0,0
0,0.117452674,-1.010654694,0.069819151,-895.663748,11.16555252,82790.99518,0,0,-25.47634236,-1848.556062,-3.212657098,0,54.0525288,1211.612653,0.190312235,0,0
0,0.123381243,-0.992482885,0.069819151,-895.663748,11.16555252,82790.99518,0,0,-24.55412524,-1934.224343,-2.998193789,0,51.29059772,545.5101695,0.193822566,0,0
0,0.128199312,-0.996649248,0.069819151,-895.663748,11.16555252,82790.99518,0,0,-21.97052641,-1954.701608,-2.422198046,0,50.33997687,1192.527841,0.192719819,0,0
0,0.132417493,-0.991053494,0.069819151,-895.663748,11.16555252,82790.99518,0,0,-19.31025437,-1970.807944,-2.002469848,0,50.19311555,555.1606628,0.193808941,0,0
0,0.139191766,-0.991063426,0.069819151,-895.663748,11.16555252,82790.99518,0,0,-21.19094925,-1990.320836,-1.547612534,0,46.33873244,1277.06322,0.193649548,0,0
0,0.144651954,-0.990887979,0.069819151,-895.663748,11.16555252,82790.99518,0,0,-21.173133,-2007.870258,-1.959168624,0,46.40671789,1543.642284,0.193555383,0,0
0,0.149845866,-0.983246028,0.069819151,-895.663748,11.16555252,82790.99518,0,0,-17.15417339,-2021.966002,-1.281952184,0,44.25954811,1120.367216,0.195072516,0,0
0,0.155399515,-0.974603744,0.069819151,-895.663748,11.16555252,82790.99518,0,0,-19.25277501,-2055.929782,-0.988213589,0,42.2535454,898.5293794,0.196836117,0,0
0,0.159456068,-0.979498621,0.069819151,-895.663748,11.16555252,82790.99518,0,0,-16.29818827,-2038.242496,-0.849937584,0,41.8268856,1293.496208,0.195828231,0,0
0,0.165178974,-0.979283295,0.069819151,-895.663748,11.16555252,82790.99518,0,0,-15.18545865,-2034.568325,-1.224537605,0,40.24223038,711.4400457,0.19592456,0,0
0,0.171535643,-0.997163402,0.069819151,-895.663748,11.16555252,82790.99518,0,0,-23.12287321,-1973.883577,-0.725113361,0,38.0108504,1010.630732,0.192304086,0,0
0,0.175926621,-0.995286405,0.069819151,-895.663748,11.16555252,82790.99518,0,0,-15.65058694,-1961.068841,-1.250821244,0,38.70290028,1168.887098,0.192738744,0,0
0,0.182970572,-1.001624444,0.069819151,-895.663748,11.16555252,82790.99518,0,0,-13.50022157,-1924.442579,-2.038846104,0,41.83350715,1330.872114,0.191542855,0,0
0,0.186661016,-1.00334393,0.069819151,-895.663748,11.16555252,82790.99518,0,0,-14.51827043,-1923.64928,-1.417321725,0,35.60497045,634.3450089,0.191134367,0,0
0,0.192856271,-1.003778987,0.069819151,-895.663748,11.16555252,82790.99518,0,0,-19.99536453,-1915.85053,-1.762333133,0,35.92454291,1555.969277,0.191113482,0,0
0,0.198559992,-1.001271852,0.069819151,-895.663748,11.16555252,82790.99518,0,0,-1.858863359,-1900.299062,-2.532259691,0,45.23915153,716.3626858,0.191596142,0,0
0,0.203380235,-1.007626055,0.069819151,-895.663748,11.16555252,82790.99518,0,0,-17.68190037,-1902.21159,-1.604503877,0,34.17749025,357.835328,0.190292085,0,0
0,0.208576634,-1.003385296,0.069819151,-895.663748,11.16555252,82790.99518,0,0,-53.48591504,-1886.914473,-2.708529946,0,17.96632649,1185.002241,0.191240241,0,0
0,0.21342852,-1.000409674,0.069819151,-895.663748,11.16555252,82790.99518,0,0,-1.819704632,-1865.812672,-3.136472205,0,41.07003463,139.9795797,0.191791152,0,0
0,-0.210831204,-1.017340766,0.069712754,-671.4202169,11.16526827,82599.54217,0,0,18.78619535,1497.082709,-36.57246892,0,36.85962072,-737.6956538,0.192917229,0,0
0,-0.204190196,-1.014307626,0.069712754,-671.4202169,11.16526827,82599.54217,0,0,-25.25263534,1499.638473,-37.75910757,0,17.95107245,-1346.347416,0.193512602,0,0
0,-0.200344783,-1.015503877,0.069712754,-671.4202169,11.16526827,82599.54217,0,0,-22.95149153,1504.564597,-37.60244968,0,16.80267797,-247.8062296,0.19330217,0,0
0,-0.194122587,-1.012119924,0.069712754,-671.4202169,11.16526827,82599.54217,0,0,-12.36385561,1504.68348,-37.2641496,0,21.89890617,-129.4778152,0.193964452,0,0
0,-0.187948958,-1.015956283,0.069712754,-671.4202169,11.16526827,82599.54217,0,0,-23.22217926,1503.345667,-37.37179756,0,17.76755255,-144.9283284,0.193232449,0,0
0,-0.183272088,-1.009673373,0.069712754,-671.4202169,11.16526827,82599.54217,0,0,-19.13853451,1516.748077,-37.36229568,0,15.77765718,-559.9819134,0.194469762,0,0
0,-0.178095776,-1.013234284,0.069712754,-671.4202169,11.16526827,82599.54217,0,0,-18.21936201,1510.162383,-37.3500773,0,17.98934813,954.5624787,0.193760534,0,0
0,-0.172378262,-1.013448364,0.069712754,-671.4202169,11.16526827,82599.54217,0,0,-13.53207897,1511.294625,-37.18857729,0,20.59689828,203.0701603,0.193736799,0,0
0,-0.167117323,-1.007562395,0.069712754,-671.4202169,11.16526827,82599.54217,0,0,-18.05798045,1522.090098,-37.16487294,0,15.11291103,-528.2957423,0.194904438,0,0
0,-0.162039235,-1.009587757,0.069712754,-671.4202169,11.16526827,82599.54217,0,0,-24.5087974,1518.561158,-37.73225807,0,15.12509767,49.5103393,0.194475001,0,0
0,-0.1567888,-1.010869261,0.069712754,-671.4202169,11.16526827,82599.54217,0,0,-12.38238508,1511.406253,-37.45895847,0,18.51893058,313.5091941,0.194244037,0,0
0,-0.151389692,-1.006671519,0.069712754,-671.4202169,11.16526827,82599.54217,0,0,-14.16767279,1525.145749,-37.52779534,0,14.9148039,-273.7774083,0.195129293,0,0
0,-0.146058771,-1.014534253,0.069712754,-671.4202169,11.16526827,82599.54217,0,0,-23.48334011,1497.060119,-37.57477867,0,12.25384902,-2127.423465,0.193565556,0,0
0,-0.140668154,-1.01199211,0.069712754,-671.4202169,11.16526827,82599.54217,0,0,-13.03402753,1500.291513,-37.55917486,0,16.17179473,-772.9889273,0.194096696,0,0
0,-0.134996832,-1.008289447,0.069712754,-671.4202169,11.16526827,82599.54217,0,0,-12.77028588,1505.90278,-36.82844735,0,12.95910951,-573.9561152,0.194848345,0,0
0,-0.130249477,-1.016893825,0.069712754,-671.4202169,11.16526827,82599.54217,0,0,-22.74978097,1475.534563,-37.27887879,0,10.84741362,221.401227,0.193162296,0,0
0,-0.125038106,-1.017539833,0.069712754,-671.4202169,11.16526827,82599.54217,0,0,-11.51319407,1470.713616,-37.21317511,0,13.11288524,-864.2814227,0.193093108,0,0
0,-0.118296265,-1.011910932,0.069712754,-671.4202169,11.16526827,82599.54217,0,0,-15.35443834,1466.860434,-37.00248303,0,10.56024299,-795.4199407,0.194224947,0,0
0,-0.113422915,-1.015238674,0.069712754,-671.4202169,11.16526827,82599.54217,0,0,-18.06144377,1446.510455,-37.16067331,0,8.642186494,468.166503,0.193636742,0,0
0,-0.108745351,-1.017464974,0.069712754,-671.4202169,11.16526827,82599.54217,0,0,-12.6064118,1434.641851,-36.88161651,0,9.654129034,354.5791667,0.193219305,0,0
0,-0.102062685,-1.009734113,0.069712754,-671.4202169,11.16526827,82599.54217,0,0,-13.37100272,1426.130597,-36.92290886,0,8.056825462,-646.4653781,0.194735038,0,0
0,-0.097789481,-1.01594772,0.069712754,-671.4202169,11.16526827,82599.54217,0,0,-16.11811331,1403.625586,-37.20006996,0,6.074745157,-1215.397022,0.193666146,0,0
0,-0.092571246,-1.015915423,0.069712754,-671.4202169,11.16526827,82599.54217,0,0,-11.23816286,1379.020141,-36.51792525,0,6.625827198,871.3374993,0.193632556,0,0
0,-0.086093529,-1.005783099,0.069712754,-671.4202169,11.16526827,82599.54217,0,0,-11.81060528,1370.856718,-36.18027002,0,5.039086335,-1045.422624,0.195668347,0,0
0,-0.081479606,-1.015477481,0.069712754,-671.4202169,11.16526827,82599.54217,0,0,-15.88505894,1316.930107,-36.23476169,0,3.934497853,-871.4788262,0.193844573,0,0
0,-0.076213345,-1.011593717,0.069712754,-671.4202169,11.16526827,82599.54217,0,0,-13.06434356,1295.30218,-35.8530353,0,4.195525064,-815.0263164,0.194605208,0,0
0,-0.069961288,-1.001692664,0.069712754,-671.4202169,11.16526827,82599.54217,0,0,-13.28932099,1271.426938,-35.44195777,0,2.842419153,-1918.092863,0.196594601,0,0
0,-0.064868517,-1.005435216,0.069712754,-671.4202169,11.16526827,82599.54217,0,0,-15.19868203,1215.563256,-35.49529985,0,3.744217184,42.3859554,0.195927208,0,0
0,-0.059902291,-1.011259172,0.069712754,-671.4202169,11.16526827,82599.54217,0,0,-15.2515304,1153.384811,-35.33026404,0,5.473724217,60.47256168,0.19473469,0,0
0,-0.054412543,-1.001410244,0.069712754,-671.4202169,11.16526827,82599.54217,0,0,-16.63481477,1127.363744,-34.14105568,0,3.046531727,-2058.045566,0.196767861,0,0
0,-0.0489018,-1.007659491,0.069712754,-671.4202169,11.16526827,82599.54217,0,0,-17.51703911,1047.882236,-33.83443535,0,6.149647708,1631.390855,0.195550423,0,0
0,-0.043413681,-1.013767782,0.069712754,-671.4202169,11.16526827,82599.54217,0,0,-19.60998076,957.5541278,-34.2608937,0,10.23648447,649.0316343,0.19432527,0,0
0,-0.03828802,-1.003087421,0.069712754,-671.4202169,11.16526827,82599.54217,0,0,-21.57043283,920.0734603,-32.7690664,0,7.775220426,-530.9058968,0.196505141,0,0
0,-0.032862696,-1.004299382,0.069712754,-671.4202169,11.16526827,82599.54217,0,0,-29.09980708,841.927894,-32.66065461,0,8.304936952,-1025.688862,0.196345364,0,0
0,-0.027629171,-1.006548842,0.069712754,-671.4202169,11.16526827,82599.54217,0,0,-24.32884882,747.2341695,-31.99060145,0,16.94783754,-311.3338653,0.195859262,0,0
0,-0.022405708,-1.002144013,0.069712754,-671.4202169,11.16526827,82599.54217,0,0,-27.45237561,658.5767861,-31.07883624,0,16.38847993,-73.71873603,0.196751874,0,0
0,-0.016792428,-1.00251468,0.069712754,-671.4202169,11.16526827,82599.54217,0,0,-35.44414316,544.6038807,-30.42219773,0,18.51323482,-1239.148348,0.196735977,0,0
0,-0.011238196,-0.996242113,0.069712754,-671.4202169,11.16526827,82599.54217,0,0,-36.3524639,439.6264456,-29.09237323,0,24.67807122,-775.4881103,0.198026506,0,0
0,-0.006180148,-0.999541817,0.069712754,-671.4202169,11.16526827,82599.54217,0,0,-37.78575291,304.03217,-28.67895929,0,27.22635822,233.1413621,0.197314429,0,0
0,-0.001040956,-0.997113151,0.069712754,-671.4202169,11.16526827,82599.54217,0,0,-40.0410544,174.22605,-27.35803129,0,31.02092908,-592.050156,0.197840657,0,0
0,0.004625741,-0.991585936,0.069712754,-671.4202169,11.16526827,82599.54217,0,0,-36.6627431,33.55221622,-25.84437723,0,37.83178895,709.4752095,0.199018497,0,0
0,0.010169446,-0.991313381,0.069712754,-671.4202169,11.16526827,82599.54217,0,0,-42.8427798,-104.6698902,-25.15896836,0,37.2934658,467.7223745,0.199031203,0,0
0,0.01554676,-0.997038836,0.069712754,-671.4202169,11.16526827,82599.54217,0,0,-34.55261852,-230.5316433,-23.6957801,0,41.16483696,1196.857229,0.197903871,0,0
0,0.020547483,-0.994698508,0.069712754,-671.4202169,11.16526827,82599.54217,0,0,-29.23835625,-340.1226696,-22.87303924,0,47.81314636,-265.7939626,0.198367984,0,0
0,0.025959385,-1.006742581,0.069712754,-671.4202169,11.16526827,82599.54217,0,0,-31.58311538,-443.5232107,-22.05748175,0,45.28663956,-262.2298145,0.195969958,0,0
0,0.031415697,-1.014407916,0.069712754,-671.4202169,11.16526827,82599.54217,0,0,-29.54384587,-541.3221192,-21.16816891,0,45.41326167,2078.358615,0.194492367,0,0
0,0.036578164,-1.017668506,0.069712754,-671.4202169,11.16526827,82599.54217,0,0,-27.11510392,-622.478286,-20.15082185,0,49.82647816,84.89879971,0.193799417,0,0
0,0.042002104,-1.011938553,0.069712754,-671.4202169,11.16526827,82599.54217,0,0,-26.67359164,-728.4500303,-19.13941978,0,47.94965739,113.0373464,0.195021655,0,0
0,0.047091564,-0.992869197,0.069712754,-671.4202169,11.16526827,82599.54217,0,0,-19.48547416,-830.2962584,-18.22265426,0,50.4938467,1481.305382,0.198784755,0,0
0,0.05307708,-0.990576108,0.069712754,-671.4202169,11.16526827,82599.54217,0,0,-24.33306601,-916.7575265,-17.59557977,0,48.7967208,1312.935914,0.199326535,0,0
0,0.058923916,-0.982341611,0.069712754,-671.4202169,11.16526827,82599.54217,0,0,-21.17882645,-1012.636468,-17.04379751,0,49.25828908,1509.758441,0.201196984,0,0
0,0.0638479,-0.96688189,0.069712754,-671.4202169,11.16526827,82599.54217,0,0,-14.00156273,-1091.68531,-16.20441402,0,51.5979617,866.6827128,0.204351411,0,0
0,0.068813829,-0.984839254,0.069712754,-671.4202169,11.16526827,82599.54217,0,0,-23.9947314,-1115.099513,-14.91502958,0,47.96010285,341.0270721,0.20052065,0,0
0,0.074787531,-0.972999377,0.069712754,-671.4202169,11.16526827,82599.54217,0,0,-17.06846203,-1200.615531,-15.41731838,0,48.22561967,1620.632975,0.202885601,0,0
0,0.080344252,-0.979215416,0.069712754,-671.4202169,11.16526827,82599.54217,0,0,-14.69629209,-1241.244555,-14.79996484,0,47.00917088,-287.3694115,0.201202897,0,0
0,0.084794589,-0.989994408,0.069712754,-671.4202169,11.16526827,82599.54217,0,0,-19.52734875,-1259.029006,-14.11818715,0,46.4508639,1257.709077,0.198970493,0,0
0,0.090471204,-0.976428334,0.069712754,-671.4202169,11.16526827,82599.54217,0,0,-10.75618268,-1328.026638,-13.76927691,0,45.20168577,892.9449564,0.201726148,0,0
0,0.095981001,-0.988036411,0.069712754,-671.4202169,11.16526827,82599.54217,0,0,-15.28511566,-1348.335704,-13.70183616,0,43.94877382,840.2015473,0.199047867,0,0
0,0.101667563,-1.00803777,0.069712754,-671.4202169,11.16526827,82599.54217,0,0,-16.60188991,-1353.508899,-12.77202382,0,44.17292907,353.1656597,0.194908562,0,0
0,0.106694709,-0.981976486,0.069712754,-671.4202169,11.16526827,82599.54217,0,0,-12.63345413,-1423.143172,-12.63517799,0,41.6938385,1191.339914,0.200064867,0,0
0,0.112187058,-0.987187699,0.069712754,-671.4202169,11.16526827,82599.54217,0,0,-12.82491279,-1441.171357,-12.14410136,0,40.23061189,1066.241318,0.198819157,0,0
0,0.11709891,-0.998929333,0.069712754,-671.4202169,11.16526827,82599.54217,0,0,-15.34427959,-1440.828122,-11.9971106,0,41.19738077,1302.954504,0.196185551,0,0
0,0.122416987,-0.981494121,0.069712754,-671.4202169,11.16526827,82599.54217,0,0,-14.27300442,-1487.718379,-11.49546132,0,38.14700079,724.4781545,0.199684469,0,0
0,0.129100118,-0.978129561,0.069712754,-671.4202169,11.16526827,82599.54217,0,0,-10.86134993,-1514.864696,-11.33679365,0,38.40129403,817.8886699,0.200255504,0,0
0,0.134586913,-0.980641623,0.069712754,-671.4202169,11.16526827,82599.54217,0,0,-14.183267,-1517.405871,-11.54458217,0,36.7030663,963.9525062,0.199621804,0,0
0,0.138874049,-0.970169131,0.069712754,-671.4202169,11.16526827,82599.54217,0,0,-10.00282588,-1546.638104,-10.78726304,0,35.44074859,1071.329949,0.201820416,0,0
0,0.143985354,-0.97213892,0.069712754,-671.4202169,11.16526827,82599.54217,0,0,-9.120819739,-1548.194848,-11.39368509,0,36.01059638,1334.71938,0.20135751,0,0
0,0.148615362,-0.966673868,0.069712754,-671.4202169,11.16526827,82599.54217,0,0,-12.98366756,-1549.490994,-10.98612587,0,34.28869681,1442.712388,0.202534363,0,0
0,0.155788883,-0.977979481,0.069712754,-671.4202169,11.16526827,82599.54217,0,0,-10.70318459,-1535.797159,-10.53722587,0,31.69693205,1119.185707,0.200136692,0,0
0,0.159770261,-0.97660119,0.069712754,-671.4202169,11.16526827,82599.54217,0,0,-7.599783886,-1506.992527,-11.27443923,0,34.7228491,841.2665463,0.200443117,0,0
0,0.165801164,-0.985205424,0.069712754,-671.4202169,11.16526827,82599.54217,0,0,-8.669957482,-1492.246262,-10.66521363,0,32.32306937,-786.0026241,0.198647276,0,0
0,0.171406156,-0.993208872,0.069712754,-671.4202169,11.16526827,82599.54217,0,0,-16.41369424,-1468.991375,-11.41358234,0,28.95905746,1073.050329,0.197054176,0,0
0,0.176168603,-0.994223035,0.069712754,-671.4202169,11.16526827,82599.54217,0,0,-8.528504279,-1440.02831,-10.51941938,0,31.18310924,1107.545581,0.196908765,0,0
0,0.182621793,-0.996237252,0.069712754,-671.4202169,11.16526827,82599.54217,0,0,-9.445926205,-1441.627143,-10.65978411,0,32.7006998,691.7757371,0.196551563,0,0
0,0.186189294,-1.001846205,0.069712754,-671.4202169,11.16526827,82599.54217,0,0,-11.20092991,-1420.150525,-10.16871804,0,28.20388822,57.74826033,0.195334633,0,0
0,0.19250772,-0.998641053,0.069712754,-671.4202169,11.16526827,82599.54217,0,0,-11.28775831,-1416.819109,-10.91065543,0,29.44518757,1079.068338,0.196025732,0,0
0,0.198857427,-0.994067095,0.069712754,-671.4202169,11.16526827,82599.54217,0,0,2.312942294,-1414.197841,-11.76434064,0,37.59384582,1015.520656,0.196946675,0,0
0,0.202872238,-1.002419065,0.069712754,-671.4202169,11.16526827,82599.54217,0,0,-17.61567072,-1394.022164,-10.3387377,0,23.86737942,1097.389121,0.195257587,0,0
0,0.208183005,-0.995286571,0.069712754,-671.4202169,11.16526827,82599.54217,0,0,-37.21024995,-1402.783055,-11.56813519,0,17.4019892,507.0515765,0.196761055,0,0
0,0.212331737,-0.995259597,0.069712754,-671.4202169,11.16526827,82599.54217,0,0,0.534591311,-1399.594107,-11.80924996,0,34.13742424,773.0773768,0.196743406,0,0
0,-0.20801462,-1.002396886,0.069683174,-225.5887631,11.16454092,82402.05622,0,0,20.62669969,537.0988418,-14.00143969,0,34.94716419,13.94487841,0.20323255,0,0
0,-0.202737285,-1.012905097,0.069683174,-225.5887631,11.16454092,82402.05622,0,0,-3.217674509,533.5515222,-14.71379497,0,22.40279391,-620.1689964,0.201190642,0,0
0,-0.197773688,-1.008018856,0.069683174,-225.5887631,11.16454092,82402.05622,0,0,-13.74240772,536.7570825,-14.04538125,0,18.81613125,-2236.993507,0.202145376,0,0
0,-0.192055889,-1.003741547,0.069683174,-225.5887631,11.16454092,82402.05622,0,0,-6.130436307,539.4782801,-14.41430214,0,22.10858399,639.8801411,0.202956798,0,0
0,-0.186926481,-1.012267659,0.069683174,-225.5887631,11.16454092,82402.05622,0,0,-8.39411091,537.0655403,-13.63634353,0,20.02646677,319.0029058,0.201317147,0,0
0,-0.180933143,-1.013413893,0.069683174,-225.5887631,11.16454092,82402.05622,0,0,-9.125349821,535.8860656,-13.96741422,0,19.68596876,-857.6819113,0.201095735,0,0
0,-0.175954943,-1.009565329,0.069683174,-225.5887631,11.16454092,82402.05622,0,0,-7.953397255,535.9037054,-14.21353441,0,20.26690393,-1088.000177,0.201804297,0,0
0,-0.170644773,-1.02753908,0.069683174,-225.5887631,11.16454092,82402.05622,0,0,-6.437719049,533.2293662,-14.21919003,0,19.9342946,286.9296993,0.198315474,0,0
0,-0.166445857,-1.014465054,0.069683174,-225.5887631,11.16454092,82402.05622,0,0,-6.590951305,540.054086,-14.32109172,0,22.288546,-1605.421656,0.200895348,0,0
0,-0.160262153,-1.010322658,0.069683174,-225.5887631,11.16454092,82402.05622,0,0,-11.77943305,535.3952721,-14.06259389,0,17.99740247,466.6529147,0.201661038,0,0
0,-0.15492144,-1.024811351,0.069683174,-225.5887631,11.16454092,82402.05622,0,0,-3.110571652,532.5572161,-14.18704371,0,21.54943201,506.8326228,0.198853512,0,0
0,-0.149885491,-1.022278689,0.069683174,-225.5887631,11.16454092,82402.05622,0,0,-7.091195474,533.9995655,-13.60531938,0,19.44836797,43.55716541,0.199356917,0,0
0,-0.144685782,-1.01451859,0.069683174,-225.5887631,11.16454092,82402.05622,0,0,-12.31328425,532.4335702,-13.82652112,0,17.90484968,-371.14606,0.200814769,0,0
0,-0.138358595,-1.027135935,0.069683174,-225.5887631,11.16454092,82402.05622,0,0,-3.743808437,527.3535841,-13.77824765,0,21.03716248,-337.3579583,0.198375762,0,0
0,-0.134978435,-1.011643978,0.069683174,-225.5887631,11.16454092,82402.05622,0,0,-4.094590228,528.6784456,-14.22768635,0,19.86069519,-58.34708701,0.201407983,0,0
0,-0.128696318,-1.020966263,0.069683174,-225.5887631,11.16454092,82402.05622,0,0,-10.21009048,524.8072457,-14.19283587,0,17.44660075,-1060.255407,0.199580115,0,0
0,-0.121980586,-1.027650645,0.069683174,-225.5887631,11.16454092,82402.05622,0,0,-5.258716001,519.0840821,-14.12738994,0,19.7633335,72.98600349,0.19828763,0,0
0,-0.11730235,-1.028792608,0.069683174,-225.5887631,11.16454092,82402.05622,0,0,-5.105277272,517.0370326,-14.03269945,0,18.53251135,-863.3621613,0.198070686,0,0
0,-0.113003484,-1.026158589,0.069683174,-225.5887631,11.16454092,82402.05622,0,0,-9.963905408,512.2946441,-13.92040369,0,17.18387792,105.935991,0.198564996,0,0
0,-0.106568832,-1.03162863,0.069683174,-225.5887631,11.16454092,82402.05622,0,0,-6.344892908,509.3270363,-13.8149365,0,17.91924849,-820.0510267,0.197479018,0,0
0,-0.101213286,-1.037581087,0.069683174,-225.5887631,11.16454092,82402.05622,0,0,-4.073827634,503.3615363,-13.75562552,0,18.3806808,-51.88799296,0.19638259,0,0
0,-0.095896989,-1.044118871,0.069683174,-225.5887631,11.16454092,82402.05622,0,0,-11.52850662,491.4990581,-13.85145252,0,16.50586788,289.3467281,0.195174512,0,0
0,-0.091419551,-1.044923395,0.069683174,-225.5887631,11.16454092,82402.05622,0,0,-6.937220421,491.7999317,-13.65769182,0,15.77473769,403.5896295,0.194979416,0,0
0,-0.086501222,-1.059405982,0.069683174,-225.5887631,11.16454092,82402.05622,0,0,-3.382767058,482.7950977,-13.74642767,0,18.19181628,77.54004623,0.192346321,0,0
0,-0.079232404,-1.054442829,0.069683174,-225.5887631,11.16454092,82402.05622,0,0,-11.15115709,473.2937269,-13.75728124,0,14.98651065,512.9685923,0.193394513,0,0
0,-0.074656653,-1.056858582,0.069683174,-225.5887631,11.16454092,82402.05622,0,0,-9.05480039,460.934237,-14.12977462,0,15.27498705,-1244.277843,0.192945722,0,0
0,-0.070235202,-1.061104448,0.069683174,-225.5887631,11.16454092,82402.05622,0,0,-4.317444813,449.3513318,-13.56240989,0,17.57718885,210.881856,0.192208559,0,0
0,-0.063256913,-1.024798723,0.069683174,-225.5887631,11.16454092,82402.05622,0,0,-9.570564289,433.1860834,-13.56584515,0,17.23052172,739.726023,0.199030494,0,0
0,-0.059930057,-1.071106494,0.069683174,-225.5887631,11.16454092,82402.05622,0,0,-12.16155885,419.0702458,-13.28232616,0,12.86645748,-366.4375716,0.190421242,0,0
0,-0.053036634,-1.036691405,0.069683174,-225.5887631,11.16454092,82402.05622,0,0,-5.751840795,402.7299189,-13.5088597,0,18.35069473,-157.4159855,0.196760818,0,0
0,-0.048120064,-1.032527626,0.069683174,-225.5887631,11.16454092,82402.05622,0,0,-6.203461029,380.3418553,-13.3227722,0,18.60101808,403.3352898,0.197729969,0,0
0,-0.042948855,-1.013768067,0.069683174,-225.5887631,11.16454092,82402.05622,0,0,-13.68308857,363.620646,-13.74832248,0,15.59648065,393.3066608,0.201210306,0,0
0,-0.036926173,-0.981867848,0.069683174,-225.5887631,11.16454092,82402.05622,0,0,-16.57854242,336.3166887,-13.732243,0,17.79665521,-452.7695152,0.20778411,0,0
0,-0.032391011,-0.999952119,0.069683174,-225.5887631,11.16454092,82402.05622,0,0,-4.491215847,319.4969076,-13.3507212,0,19.65838346,-1433.508374,0.203935302,0,0
0,-0.027328844,-0.959036052,0.069683174,-225.5887631,11.16454092,82402.05622,0,0,-11.76688202,287.9933065,-13.50273698,0,21.94208143,510.700458,0.212436044,0,0
0,-0.021699983,-0.946754235,0.069683174,-225.5887631,11.16454092,82402.05622,0,0,-16.76678873,247.7157748,-13.35579043,0,19.48624961,-692.1185301,0.215295991,0,0
0,-0.015826753,-0.919014995,0.069683174,-225.5887631,11.16454092,82402.05622,0,0,-19.74189493,204.3175921,-12.74350981,0,19.43765552,202.0633686,0.221577852,0,0
0,-0.011061715,-0.926425883,0.069683174,-225.5887631,11.16454092,82402.05622,0,0,-11.4215222,146.0092591,-13.05338439,0,26.34779338,1138.538601,0.219758132,0,0
0,-0.005579861,-0.942877242,0.069683174,-225.5887631,11.16454092,82402.05622,0,0,-22.04284624,76.58070976,-13.13941983,0,23.15188104,-830.8222171,0.215915874,0,0
0,-8.39E-05,-0.945464656,0.069683174,-225.5887631,11.16454092,82402.05622,0,0,-16.3092699,10.6579865,-13.09050848,0,24.34608816,965.7653225,0.2154371,0,0
0,0.005065453,-0.957829704,0.069683174,-225.5887631,11.16454092,82402.05622,0,0,-8.258624448,-53.16737158,-12.66107903,0,30.15949268,192.987637,0.21258206,0,0
0,0.010556164,-0.98596236,0.069683174,-225.5887631,11.16454092,82402.05622,0,0,-22.19477594,-108.5511466,-13.16744856,0,25.85053281,1329.080421,0.206537554,0,0
0,0.015472515,-0.991235226,0.069683174,-225.5887631,11.16454092,82402.05622,0,0,-13.6722908,-153.1433695,-12.64476446,0,26.75240433,234.5435764,0.205350034,0,0
0,0.020994761,-1.008031119,0.069683174,-225.5887631,11.16454092,82402.05622,0,0,-6.853262054,-195.9607071,-12.65666279,0,30.1776864,742.1883192,0.202120207,0,0
0,0.027061171,-1.018953051,0.069683174,-225.5887631,11.16454092,82402.05622,0,0,-19.63257683,-234.7245262,-12.94924795,0,26.35820927,374.8404268,0.199893148,0,0
0,0.031816049,-1.023733772,0.069683174,-225.5887631,11.16454092,82402.05622,0,0,-6.44276719,-260.4146762,-12.10202303,0,27.50781643,255.5840257,0.198843488,0,0
0,0.037062868,-1.025711564,0.069683174,-225.5887631,11.16454092,82402.05622,0,0,-4.303302649,-292.1356945,-12.46201048,0,29.82011416,272.9915965,0.198716776,0,0
0,0.042786125,-1.018093091,0.069683174,-225.5887631,11.16454092,82402.05622,0,0,-14.07951416,-322.8986146,-12.47116459,0,27.69467136,402.7202225,0.199997968,0,0
0,0.047526761,-1.030555174,0.069683174,-225.5887631,11.16454092,82402.05622,0,0,-6.303293094,-343.0692091,-12.10940507,0,27.34209102,583.8600974,0.197553457,0,0
0,0.053144951,-1.01789733,0.069683174,-225.5887631,11.16454092,82402.05622,0,0,-2.452574386,-371.50034,-12.22766352,0,30.14412699,-215.6624539,0.200017321,0,0
0,0.058990844,-1.011173321,0.069683174,-225.5887631,11.16454092,82402.05622,0,0,-10.29429084,-394.9497598,-12.5827412,0,28.06383679,981.2682731,0.20126529,0,0
0,0.062810647,-1.005958584,0.069683174,-225.5887631,11.16454092,82402.05622,0,0,-5.816648211,-413.2032005,-12.34882492,0,27.36933124,-727.4784102,0.202292593,0,0
0,0.068322711,-0.997002323,0.069683174,-225.5887631,11.16454092,82402.05622,0,0,-0.81466782,-431.4380907,-12.20192749,0,30.33970968,863.1491696,0.204137306,0,0
0,0.074987714,-0.991685903,0.069683174,-225.5887631,11.16454092,82402.05622,0,0,-7.686264325,-451.1211063,-12.33283703,0,27.3437747,1272.395712,0.205217224,0,0
0,0.079592476,-0.990971412,0.069683174,-225.5887631,11.16454092,82402.05622,0,0,-2.124548206,-464.8596744,-12.68656978,0,30.31385202,1610.048246,0.205352955,0,0
0,0.083920466,-0.987823597,0.069683174,-225.5887631,11.16454092,82402.05622,0,0,-1.454672996,-473.1259758,-12.22264504,0,29.36284558,907.8320694,0.206048826,0,0
0,0.090501079,-0.983364984,0.069683174,-225.5887631,11.16454092,82402.05622,0,0,-3.502250237,-486.486568,-12.52526523,0,27.96147368,37.95582315,0.207034381,0,0
0,0.09644406,-0.974918741,0.069683174,-225.5887631,11.16454092,82402.05622,0,0,1.687284983,-499.8075269,-12.54102787,0,29.66452248,1264.591778,0.20878475,0,0
0,0.100688206,-0.98081637,0.069683174,-225.5887631,11.16454092,82402.05622,0,0,-2.356534238,-503.9625091,-12.89881287,0,29.0027583,1224.95776,0.207600158,0,0
0,0.105983844,-0.981371625,0.069683174,-225.5887631,11.16454092,82402.05622,0,0,-4.007077507,-507.9481743,-12.65469468,0,27.31086136,1313.269436,0.207453962,0,0
0,0.111169697,-0.968119025,0.069683174,-225.5887631,11.16454092,82402.05622,0,0,0.683268849,-519.5660439,-12.35785644,0,28.66864698,888.8795626,0.210395511,0,0
0,0.117184156,-0.977277421,0.069683174,-225.5887631,11.16454092,82402.05622,0,0,0.196022918,-521.9738098,-12.64451476,0,28.60844001,672.6396102,0.208415202,0,0
0,0.123019612,-0.979146686,0.069683174,-225.5887631,11.16454092,82402.05622,0,0,-3.345754954,-526.5856747,-12.8407893,0,26.43207412,413.1190702,0.207955927,0,0
0,0.127071463,-0.968752835,0.069683174,-225.5887631,11.16454092,82402.05622,0,0,-0.381971933,-535.1935216,-12.72920234,0,28.21866563,977.4783838,0.210152758,0,0
0,0.132560982,-0.972266368,0.069683174,-225.5887631,11.16454092,82402.05622,0,0,2.642661505,-537.3750468,-12.79426294,0,28.76675408,125.1112489,0.209489156,0,0
0,0.138623293,-0.963251784,0.069683174,-225.5887631,11.16454092,82402.05622,0,0,-2.035056135,-547.5856173,-12.7483868,0,26.57636738,1291.641016,0.211418871,0,0
0,0.142913479,-0.980840785,0.069683174,-225.5887631,11.16454092,82402.05622,0,0,-1.287874232,-543.2501317,-12.76692536,0,26.64010329,863.206647,0.207638282,0,0
0,0.147814767,-0.969597448,0.069683174,-225.5887631,11.16454092,82402.05622,0,0,2.216887833,-549.6424102,-12.64539928,0,28.66842428,360.9070023,0.210024869,0,0
0,0.154472144,-0.964373328,0.069683174,-225.5887631,11.16454092,82402.05622,0,0,-2.422715171,-556.5593914,-12.65612321,0,25.68012501,769.6802366,0.211130589,0,0
0,0.159903958,-0.968121524,0.069683174,-225.5887631,11.16454092,82402.05622,0,0,0.453453588,-559.5821385,-12.21950371,0,26.44717193,421.3409539,0.210372872,0,0
0,0.16435497,-0.980756904,0.069683174,-225.5887631,11.16454092,82402.05622,0,0,2.64008196,-551.8752643,-12.24240429,0,27.88399659,74.77529307,0.207530262,0,0
0,0.170803998,-0.967856978,0.069683174,-225.5887631,11.16454092,82402.05622,0,0,-3.414281787,-563.9531428,-12.42941906,0,25.14100717,-494.3934126,0.210320233,0,0
0,0.176051335,-0.96674332,0.069683174,-225.5887631,11.16454092,82402.05622,0,0,2.2442872,-566.7017884,-12.20382958,0,27.03981078,386.5047154,0.210513012,0,0
0,0.180988768,-0.971487224,0.069683174,-225.5887631,11.16454092,82402.05622,0,0,0.096019588,-562.464213,-12.00757472,0,26.18506317,-861.4447049,0.209467116,0,0
0,0.186402086,-0.979844939,0.069683174,-225.5887631,11.16454092,82402.05622,0,0,-4.645833436,-565.0296303,-12.89528739,0,23.92880486,1276.905617,0.207698053,0,0
0,0.191322931,-0.978233068,0.069683174,-225.5887631,11.16454092,82402.05622,0,0,2.127530107,-566.0814469,-12.63827208,0,26.93707642,126.566018,0.207934323,0,0
0,0.197144201,-0.973439325,0.069683174,-225.5887631,11.16454092,82402.05622,0,0,-1.653722455,-566.8013901,-12.24485879,0,24.50215302,-34.47847747,0.208923617,0,0
0,0.201669681,-0.985875367,0.069683174,-225.5887631,11.16454092,82402.05622,0,0,-3.662363192,-564.885663,-12.79939879,0,24.17331373,1350.293989,0.20624006,0,0
0,0.207349278,-0.98534164,0.069683174,-225.5887631,11.16454092,82402.05622,0,0,-20.81508595,-561.6217062,-13.01563696,0,15.3530081,180.2784029,0.20628877,0,0
0,0.211463167,-1.005148824,0.069683174,-225.5887631,11.16454092,82402.05622,0,0,-37.6393864,-549.1227812,-11.73775468,0,6.36304891,215.9078489,0.202219479,0,0
0,-0.213265733,-1.004255231,0.069666769,-1118.838444,11.16431934,82901.17883,0,0,-2.371545221,2501.5517,-64.41722144,0,26.34434245,-114.0122806,0.185355997,0,0
0,-0.205283499,-1.003943336,0.069666769,-1118.838444,11.16431934,82901.17883,0,0,-14.37355623,2501.263429,-64.16020336,0,19.36217259,-308.4365067,0.185444622,0,0
0,-0.201151602,-1.004429241,0.069666769,-1118.838444,11.16431934,82901.17883,0,0,-50.47509243,2496.067289,-64.79268695,0,1.176627938,-1914.55426,0.18538987,0,0
0,-0.196384472,-1.003175115,0.069666769,-1118.838444,11.16431934,82901.17883,0,0,-24.02742211,2498.087453,-64.84143325,0,11.20385168,-1624.571753,0.185633798,0,0
0,-0.189906511,-0.997865579,0.069666769,-1118.838444,11.16431934,82901.17883,0,0,-28.4453399,2520.585386,-64.47804467,0,10.29250761,-1115.594814,0.186638358,0,0
0,-0.185483779,-0.99890845,0.069666769,-1118.838444,11.16431934,82901.17883,0,0,-33.71633837,2510.534978,-63.98567385,0,2.033472884,-2020.189403,0.18655023,0,0
0,-0.180005813,-0.996309718,0.069666769,-1118.838444,11.16431934,82901.17883,0,0,-33.75991441,2522.389448,-64.95835802,0,3.02506643,-591.3962412,0.187095092,0,0
0,-0.174280521,-0.997466984,0.069666769,-1118.838444,11.16431934,82901.17883,0,0,-22.01481936,2512.126316,-64.8151329,0,7.384779864,-1586.58756,0.186798035,0,0
0,-0.16895202,-0.991141679,0.069666769,-1118.838444,11.16431934,82901.17883,0,0,-29.65876341,2531.663067,-64.8771014,0,-0.026683268,514.6955912,0.18819833,0,0
0,-0.163288389,-0.991551806,0.069666769,-1118.838444,11.16431934,82901.17883,0,0,-34.42035457,2523.081074,-64.73092169,0,-2.927646012,-735.6746106,0.188110345,0,0
0,-0.158042947,-0.992459428,0.069666769,-1118.838444,11.16431934,82901.17883,0,0,-21.80717035,2510.576101,-64.86920043,0,0.554674523,-2881.919042,0.187948761,0,0
0,-0.152571172,-0.987311336,0.069666769,-1118.838444,11.16431934,82901.17883,0,0,-26.80149767,2518.112857,-64.47658948,0,-4.283810914,-355.1294931,0.189161662,0,0
0,-0.146882982,-0.988946068,0.069666769,-1118.838444,11.16431934,82901.17883,0,0,-30.81093917,2498.196846,-64.36903884,0,-7.877864894,-997.4985277,0.188937097,0,0
0,-0.14233114,-1.000414816,0.069666769,-1118.838444,11.16431934,82901.17883,0,0,-22.01066708,2442.747906,-64.34184749,0,-6.30868584,441.3475416,0.186612459,0,0
0,-0.136545185,-0.99373254,0.069666769,-1118.838444,11.16431934,82901.17883,0,0,-26.47765994,2449.865468,-64.39167873,0,-10.04880028,-332.8920991,0.188227527,0,0
0,-0.130617422,-1.003082994,0.069666769,-1118.838444,11.16431934,82901.17883,0,0,-26.723985,2400.607763,-63.61618445,0,-12.77769267,596.1209084,0.186472503,0,0
0,-0.125547652,-1.00012582,0.069666769,-1118.838444,11.16431934,82901.17883,0,0,-19.97994415,2386.263127,-63.99667932,0,-12.40435462,-628.5770144,0.18735653,0,0
0,-0.12041468,-1.001246887,0.069666769,-1118.838444,11.16431934,82901.17883,0,0,-23.53184888,2360.162689,-63.66812223,0,-16.95726272,-1169.553034,0.187468209,0,0
0,-0.114629287,-1.00720835,0.069666769,-1118.838444,11.16431934,82901.17883,0,0,-22.62627602,2310.2781,-63.23355485,0,-18.74773338,-291.8597598,0.186544239,0,0
0,-0.109375922,-1.013560579,0.069666769,-1118.838444,11.16431934,82901.17883,0,0,-21.9230059,2255.187067,-62.60005279,0,-20.39298789,-479.0261793,0.185434961,0,0
0,-0.10439233,-0.998477486,0.069666769,-1118.838444,11.16431934,82901.17883,0,0,-17.98942204,2268.223223,-62.25017372,0,-22.5327694,-654.9225437,0.188886926,0,0
0,-0.098712965,-1.008350615,0.069666769,-1118.838444,11.16431934,82901.17883,0,0,-20.25632198,2193.871118,-61.64600327,0,-24.78093838,-475.1884731,0.187135581,0,0
0,-0.093054863,-1.014983921,0.069666769,-1118.838444,11.16431934,82901.17883,0,0,-21.99490935,2125.412086,-61.22379327,0,-25.2179645,-1527.57188,0.18598602,0,0
0,-0.088331062,-1.000747461,0.069666769,-1118.838444,11.16431934,82901.17883,0,0,-17.90914719,2124.62824,-60.59094421,0,-27.27157802,-723.8490364,0.189157745,0,0
0,-0.082697792,-1.009537114,0.069666769,-1118.838444,11.16431934,82901.17883,0,0,-21.40706296,2044.447529,-59.81408036,0,-28.46497287,-2006.081136,0.18765366,0,0
0,-0.076499382,-1.005773929,0.069666769,-1118.838444,11.16431934,82901.17883,0,0,-22.29350943,1989.002791,-59.09375644,0,-28.25033982,-1080.63381,0.188591456,0,0
0,-0.071583196,-1.018336365,0.069666769,-1118.838444,11.16431934,82901.17883,0,0,-23.10252695,1889.81467,-58.3794637,0,-27.51614685,-967.3508504,0.186263829,0,0
0,-0.066839936,-1.014094384,0.069666769,-1118.838444,11.16431934,82901.17883,0,0,-24.04322451,1845.603952,-57.74920531,0,-26.52558805,-168.7038141,0.187384137,0,0
0,-0.060595076,-1.010420797,0.069666769,-1118.838444,11.16431934,82901.17883,0,0,-28.06332517,1768.49763,-56.48620994,0,-24.88184543,-1103.166487,0.188215081,0,0
0,-0.055199728,-1.007400476,0.069666769,-1118.838444,11.16431934,82901.17883,0,0,-27.5467684,1693.033015,-55.18393015,0,-22.29969936,-500.67533,0.18917412,0,0
0,-0.050229605,-1.020661784,0.069666769,-1118.838444,11.16431934,82901.17883,0,0,-34.43076608,1570.895496,-54.61232225,0,-19.14147235,163.6532236,0.186586414,0,0
0,-0.044641192,-1.008051389,0.069666769,-1118.838444,11.16431934,82901.17883,0,0,-32.32688248,1500.15196,-53.15983015,0,-15.54615251,-629.5085564,0.1892305,0,0
0,-0.039226606,-1.009455636,0.069666769,-1118.838444,11.16431934,82901.17883,0,0,-35.2426201,1390.077733,-51.70159914,0,-11.75146076,590.5604113,0.189293471,0,0
0,-0.033817356,-1.017913032,0.069666769,-1118.838444,11.16431934,82901.17883,0,0,-49.14240773,1255.183634,-50.12624475,0,-7.687165198,-2148.81015,0.187606835,0,0
0,-0.028602156,-1.006459685,0.069666769,-1118.838444,11.16431934,82901.17883,0,0,-41.35592217,1158.769523,-48.17579974,0,-1.118068422,-831.382515,0.190119589,0,0
0,-0.023151961,-1.008802526,0.069666769,-1118.838444,11.16431934,82901.17883,0,0,-42.76008949,1006.097019,-46.10529898,0,6.991748024,-725.6204292,0.189898568,0,0
0,-0.017563745,-0.999812236,0.069666769,-1118.838444,11.16431934,82901.17883,0,0,-59.41581246,871.6714932,-44.28418669,0,10.9199133,-120.1769431,0.191770783,0,0
0,-0.01223261,-0.995549019,0.069666769,-1118.838444,11.16431934,82901.17883,0,0,-56.9727717,730.310251,-41.73188259,0,18.60781174,-208.4454395,0.192798121,0,0
0,-0.006984133,-1.009120538,0.069666769,-1118.838444,11.16431934,82901.17883,0,0,-58.86856809,548.3529893,-39.97001877,0,27.24597841,-287.9081441,0.190070088,0,0
0,-0.001547823,-0.997878092,0.069666769,-1118.838444,11.16431934,82901.17883,0,0,-63.52879898,377.9657125,-36.92990722,0,36.08883558,-1037.71804,0.192338387,0,0
0,0.004045505,-1.009227616,0.069666769,-1118.838444,11.16431934,82901.17883,0,0,-55.39801718,197.2222942,-34.18550955,0,46.74087754,-68.48308689,0.190394488,0,0
0,0.009399331,-1.011606968,0.069666769,-1118.838444,11.16431934,82901.17883,0,0,-60.78687975,28.41026933,-31.04181178,0,50.60054406,-30.53624977,0.189943931,0,0
0,0.01454644,-1.009031094,0.069666769,-1118.838444,11.16431934,82901.17883,0,0,-62.73017798,-142.7583065,-28.49798039,0,56.75553591,49.57199457,0.19046883,0,0
0,0.020210327,-1.010706071,0.069666769,-1118.838444,11.16431934,82901.17883,0,0,-53.44254692,-323.9142543,-25.82508671,0,65.78381291,-156.7285817,0.190145467,0,0
0,0.026027788,-1.014667982,0.069666769,-1118.838444,11.16431934,82901.17883,0,0,-51.50430994,-490.6096517,-23.220429,0,69.03299842,231.6202336,0.189433354,0,0
0,0.030744773,-1.003712877,0.069666769,-1118.838444,11.16431934,82901.17883,0,0,-57.42348275,-634.3530566,-20.96215974,0,71.01537715,610.7775829,0.191475666,0,0
0,0.036124714,-1.000848412,0.069666769,-1118.838444,11.16431934,82901.17883,0,0,-48.9083283,-783.1013481,-18.70357319,0,76.3521342,1422.04096,0.192062384,0,0
0,0.041766077,-0.992614658,0.069666769,-1118.838444,11.16431934,82901.17883,0,0,-45.18907962,-965.7121144,-16.33135982,0,78.04797743,1287.728747,0.193839419,0,0
0,0.047002553,-0.980350044,0.069666769,-1118.838444,11.16431934,82901.17883,0,0,-41.41052517,-1118.8951,-13.96027291,0,81.07900066,892.8296495,0.196210853,0,0
0,0.052868232,-0.987905004,0.069666769,-1118.838444,11.16431934,82901.17883,0,0,-49.53954377,-1238.435302,-10.98152322,0,78.86441932,740.077009,0.19469386,0,0
0,0.058064145,-0.979408693,0.069666769,-1118.838444,11.16431934,82901.17883,0,0,-42.41835433,-1385.458549,-8.913768379,0,80.76141874,549.663032,0.196442879,0,0
0,0.062461238,-0.976023072,0.069666769,-1118.838444,11.16431934,82901.17883,0,0,-40.05282921,-1484.048636,-7.573914727,0,82.22252902,1098.087124,0.196753298,0,0
0,0.068745345,-0.987969179,0.069666769,-1118.838444,11.16431934,82901.17883,0,0,-41.70108919,-1584.390505,-5.02085344,0,79.59838995,1871.441115,0.194062882,0,0
0,0.074668135,-0.975769344,0.069666769,-1118.838444,11.16431934,82901.17883,0,0,-36.06210726,-1736.753856,-3.556578843,0,78.59058925,758.9898571,0.196266319,0,0
0,0.078888502,-0.999376882,0.069666769,-1118.838444,11.16431934,82901.17883,0,0,-45.27418333,-1721.917641,-1.213420002,0,77.10446654,1104.679348,0.19113653,0,0
0,0.084859287,-0.990219724,0.069666769,-1118.838444,11.16431934,82901.17883,0,0,-37.51916419,-1854.585131,-0.087593063,0,75.12467677,845.9806762,0.192850896,0,0
0,0.090726213,-0.969116467,0.069666769,-1118.838444,11.16431934,82901.17883,0,0,-31.97490444,-2010.119702,0.919907782,0,73.44487784,1119.113009,0.196808499,0,0
0,0.095358944,-1.017890858,0.069666769,-1118.838444,11.16431934,82901.17883,0,0,-41.70993733,-1921.399296,3.442351745,0,71.79176519,868.6837528,0.186619313,0,0
0,0.100778437,-0.99467149,0.069666769,-1118.838444,11.16431934,82901.17883,0,0,-37.183403,-2066.903027,4.49050339,0,69.31091769,1086.319854,0.19111798,0,0
0,0.106644585,-0.978202919,0.069666769,-1118.838444,11.16431934,82901.17883,0,0,-32.33452465,-2193.706615,5.533295672,0,67.3933541,1164.556614,0.194077917,0,0
0,0.11131824,-1.013986464,0.069666769,-1118.838444,11.16431934,82901.17883,0,0,-39.77252088,-2132.208213,6.871910487,0,66.43283909,856.9158503,0.186498421,0,0
0,0.116873655,-0.999378363,0.069666769,-1118.838444,11.16431934,82901.17883,0,0,-34.9498773,-2227.696423,8.580102193,0,63.75590786,928.8538202,0.189263596,0,0
0,0.123026831,-0.984357889,0.069666769,-1118.838444,11.16431934,82901.17883,0,0,-31.22063849,-2338.894891,9.288676369,0,61.09197298,910.669068,0.192072939,0,0
0,0.127303843,-1.009130955,0.069666769,-1118.838444,11.16431934,82901.17883,0,0,-39.40991699,-2298.671988,9.756865916,0,60.22859859,1356.738014,0.186738603,0,0
0,0.132988261,-0.996240257,0.069666769,-1118.838444,11.16431934,82901.17883,0,0,-30.950529,-2365.303693,10.80786368,0,58.65916975,611.4408636,0.18922547,0,0
0,0.139603886,-1.001520851,0.069666769,-1118.838444,11.16431934,82901.17883,0,0,-31.29495408,-2387.639337,11.73864436,0,54.76853823,973.2102456,0.187956494,0,0
0,0.144158742,-0.99524648,0.069666769,-1118.838444,11.16431934,82901.17883,0,0,-33.25100496,-2423.675382,12.06517655,0,52.75887582,649.8967225,0.189112233,0,0
0,0.148914095,-0.995277266,0.069666769,-1118.838444,11.16431934,82901.17883,0,0,-26.02757194,-2430.669363,12.15204364,0,52.17731966,540.1196701,0.18897758,0,0
0,0.154706228,-0.998070184,0.069666769,-1118.838444,11.16431934,82901.17883,0,0,-31.30224337,-2449.350978,12.25550037,0,48.99180704,609.9753267,0.188281831,0,0
0,0.160387806,-0.992574629,0.069666769,-1118.838444,11.16431934,82901.17883,0,0,-28.08632461,-2460.524097,12.87613948,0,46.75971008,1147.97245,0.189320019,0,0
0,0.166899173,-0.991216851,0.069666769,-1118.838444,11.16431934,82901.17883,0,0,-22.72233776,-2481.606269,13.24579656,0,45.62423017,966.6933901,0.189549122,0,0
0,0.171708065,-0.989222312,0.069666769,-1118.838444,11.16431934,82901.17883,0,0,-27.34761033,-2505.493745,13.02299029,0,42.82712291,956.172996,0.189953898,0,0
0,0.17589502,-0.991374282,0.069666769,-1118.838444,11.16431934,82901.17883,0,0,-22.33981839,-2465.895545,13.00893312,0,41.31708992,988.0202961,0.189498635,0,0
0,0.182196733,-0.994439456,0.069666769,-1118.838444,11.16431934,82901.17883,0,0,-20.28992326,-2465.45781,12.78180076,0,42.2697688,1198.569752,0.188948226,0,0
0,0.18785575,-0.99305836,0.069666769,-1118.838444,11.16431934,82901.17883,0,0,-31.91070075,-2441.473237,12.81696505,0,34.22880097,1046.380025,0.189244581,0,0
0,0.192543348,-0.996564841,0.069666769,-1118.838444,11.16431934,82901.17883,0,0,-16.859781,-2447.27971,13.07259091,0,38.27135902,1007.441536,0.188542142,0,0
0,0.198336247,-0.996415771,0.069666769,-1118.838444,11.16431934,82901.17883,0,0,-9.895658363,-2442.902189,11.99713291,0,42.60772248,760.3343218,0.188585575,0,0
0,0.203787399,-1.004863706,0.069666769,-1118.838444,11.16431934,82901.17883,0,0,-18.70582487,-2375.687085,13.23554226,0,34.74091894,1113.781205,0.187019025,0,0
0,0.209038072,-1.01061574,0.069666769,-1118.838444,11.16431934,82901.17883,0,0,-61.81696073,-2364.339527,11.32738157,0,17.71459152,816.4065255,0.185955027,0,0
0,0.213531618,-1.002559626,0.069666769,-1118.838444,11.16431934,82901.17883,0,0,-28.24781276,-2390.391484,12.58402396,0,27.64785422,757.1562036,0.187392775,0,0
0,-0.20974382,-1.026281199,0.0696635,-447.5064526,11.16741849,82518.04173,0,0,18.49010174,1022.550706,-25.42235508,0,34.57297525,-393.6196686,0.194848966,0,0
0,-0.203481362,-1.017678381,0.0696635,-447.5064526,11.16741849,82518.04173,0,0,-12.50815481,1025.297117,-25.36729597,0,18.51330085,-425.4117432,0.196595567,0,0
0,-0.198789406,-1.017189409,0.0696635,-447.5064526,11.16741849,82518.04173,0,0,-25.1962249,1028.285891,-25.8716774,0,14.46880444,-1234.890186,0.196665701,0,0
0,-0.193863504,-1.017496577,0.0696635,-447.5064526,11.16741849,82518.04173,0,0,-2.378506867,1027.92391,-25.23606217,0,23.60666118,1420.742266,0.196623922,0,0
0,-0.18712551,-1.009198293,0.0696635,-447.5064526,11.16741849,82518.04173,0,0,-11.09677548,1036.735874,-25.57781999,0,19.08232288,-942.3362966,0.198336926,0,0
0,-0.183055952,-1.015309796,0.0696635,-447.5064526,11.16741849,82518.04173,0,0,-23.79799541,1030.483493,-25.85300208,0,14.19474254,-619.2070693,0.197053597,0,0
0,-0.177097232,-1.013121114,0.0696635,-447.5064526,11.16741849,82518.04173,0,0,-7.42285743,1033.672565,-25.45748109,0,20.68175851,-1226.397295,0.197554863,0,0
0,-0.170397255,-1.012504398,0.0696635,-447.5064526,11.16741849,82518.04173,0,0,-11.38839112,1035.073208,-25.15820228,0,18.76675159,-1749.520098,0.197725522,0,0
0,-0.167491994,-1.010728403,0.0696635,-447.5064526,11.16741849,82518.04173,0,0,-16.05289046,1032.472994,-25.18973041,0,16.56644921,-1582.610808,0.198047883,0,0
0,-0.160395918,-1.008735127,0.0696635,-447.5064526,11.16741849,82518.04173,0,0,-12.27861038,1032.816709,-25.16414073,0,17.87148035,-791.4067824,0.198448491,0,0
0,-0.154211048,-1.012766997,0.0696635,-447.5064526,11.16741849,82518.04173,0,0,-9.488946675,1035.254187,-25.16459898,0,18.28987482,609.4555233,0.19769021,0,0
0,-0.151207221,-1.009296427,0.0696635,-447.5064526,11.16741849,82518.04173,0,0,-11.54349765,1031.407238,-25.24652616,0,17.85684402,-220.6973419,0.198336932,0,0
0,-0.144667014,-1.014393681,0.0696635,-447.5064526,11.16741849,82518.04173,0,0,-14.71463728,1025.257336,-25.20764391,0,15.6152009,-674.9203825,0.197363436,0,0
0,-0.138080338,-1.014215453,0.0696635,-447.5064526,11.16741849,82518.04173,0,0,-8.332886553,1025.587714,-24.91655886,0,17.60808332,-426.405165,0.19738811,0,0
0,-0.135362965,-1.016712979,0.0696635,-447.5064526,11.16741849,82518.04173,0,0,-10.43799687,1017.672843,-25.44566278,0,17.02401205,-861.7026832,0.196915303,0,0
0,-0.128784186,-1.017840498,0.0696635,-447.5064526,11.16741849,82518.04173,0,0,-14.03730322,1012.343018,-25.34741636,0,14.3314142,-674.2637093,0.19668654,0,0
0,-0.122193927,-1.011497482,0.0696635,-447.5064526,11.16741849,82518.04173,0,0,-7.864820495,1019.192181,-25.27239886,0,15.86114522,-1009.810845,0.197976378,0,0
0,-0.118754165,-1.025621433,0.0696635,-447.5064526,11.16741849,82518.04173,0,0,-10.15474097,990.7466072,-25.53641369,0,16.21537618,-1735.199888,0.195133477,0,0
0,-0.112986966,-1.022834962,0.0696635,-447.5064526,11.16741849,82518.04173,0,0,-14.39713597,989.8601615,-25.28773894,0,12.46048342,-605.6047361,0.195735261,0,0
0,-0.106537975,-1.014947323,0.0696635,-447.5064526,11.16741849,82518.04173,0,0,-7.823780657,994.5118785,-24.85535292,0,14.16927176,460.2821534,0.197279899,0,0
0,-0.102715872,-1.029673397,0.0696635,-447.5064526,11.16741849,82518.04173,0,0,-11.03447731,960.6060579,-25.39734545,0,14.17115331,-1347.187354,0.194450699,0,0
0,-0.097059194,-1.026952031,0.0696635,-447.5064526,11.16741849,82518.04173,0,0,-11.90000165,957.0402334,-25.09565908,0,11.31047822,-600.8186682,0.194944101,0,0
0,-0.090998344,-1.024449301,0.0696635,-447.5064526,11.16741849,82518.04173,0,0,-6.45233623,956.8219238,-24.76499012,0,11.88470461,-739.1104158,0.195418853,0,0
0,-0.085772857,-1.031724058,0.0696635,-447.5064526,11.16741849,82518.04173,0,0,-9.815880618,927.3156412,-24.74724618,0,11.60483025,-1144.554382,0.19403946,0,0
0,-0.080371449,-1.028658521,0.0696635,-447.5064526,11.16741849,82518.04173,0,0,-13.52995797,898.1360769,-25.32731337,0,10.74284675,-173.4660201,0.194617888,0,0
0,-0.07551191,-1.032002668,0.0696635,-447.5064526,11.16741849,82518.04173,0,0,-8.222272641,904.0561803,-24.40724969,0,9.636465246,176.7991963,0.193985906,0,0
0,-0.069684419,-1.027486834,0.0696635,-447.5064526,11.16741849,82518.04173,0,0,-10.84213186,861.775798,-24.60779827,0,10.58999804,-2382.352872,0.194844511,0,0
0,-0.064081497,-1.026685294,0.0696635,-447.5064526,11.16741849,82518.04173,0,0,-12.48107844,820.148313,-24.65471012,0,11.38605963,-496.9500214,0.19503526,0,0
0,-0.059598761,-1.03455113,0.0696635,-447.5064526,11.16741849,82518.04173,0,0,-8.375016679,812.705095,-23.82255808,0,10.17023765,-1878.635037,0.193551292,0,0
0,-0.053751546,-1.02113305,0.0696635,-447.5064526,11.16741849,82518.04173,0,0,-15.46774119,763.2912269,-24.42285425,0,10.83634196,-835.2396517,0.196079773,0,0
0,-0.048748664,-1.022384435,0.0696635,-447.5064526,11.16741849,82518.04173,0,0,-13.29287553,723.0555214,-24.09842816,0,12.11926483,304.7009809,0.195858212,0,0
0,-0.043598082,-1.025059616,0.0696635,-447.5064526,11.16741849,82518.04173,0,0,-10.82789354,685.6916322,-23.69668551,0,13.08397084,-446.6426325,0.195301971,0,0
0,-0.03776391,-1.010522889,0.0696635,-447.5064526,11.16741849,82518.04173,0,0,-22.79105245,630.751619,-24.07794139,0,12.5773569,-444.0987325,0.198155412,0,0
0,-0.032535404,-1.013754597,0.0696635,-447.5064526,11.16741849,82518.04173,0,0,-19.80367586,583.6080005,-23.26102753,0,13.09059265,12.02011547,0.197536283,0,0
0,-0.027243423,-1.005503191,0.0696635,-447.5064526,11.16741849,82518.04173,0,0,-12.77207505,525.9277378,-23.41897031,0,18.57820297,1374.806352,0.199101664,0,0
0,-0.021693253,-0.988726387,0.0696635,-447.5064526,11.16741849,82518.04173,0,0,-27.00156587,451.2143233,-23.39582786,0,17.92679454,-156.1272657,0.202517535,0,0
0,-0.016290937,-0.980907058,0.0696635,-447.5064526,11.16741849,82518.04173,0,0,-29.11616436,379.0926813,-22.20827832,0,17.46067791,-241.487134,0.204120218,0,0
0,-0.011037256,-0.97180018,0.0696635,-447.5064526,11.16741849,82518.04173,0,0,-20.95389906,293.575705,-21.45093919,0,24.6170982,-1147.890157,0.206130136,0,0
0,-0.005684895,-0.960118775,0.0696635,-447.5064526,11.16741849,82518.04173,0,0,-33.28179007,184.1994428,-21.47275283,0,24.89755954,-358.3064832,0.20863551,0,0
0,-0.000235379,-0.958947954,0.0696635,-447.5064526,11.16741849,82518.04173,0,0,-27.35638427,70.64702974,-20.77013281,0,26.80714761,642.1740565,0.208847592,0,0
0,0.004962332,-0.951505049,0.0696635,-447.5064526,11.16741849,82518.04173,0,0,-22.77131994,-35.54169459,-19.82625992,0,33.94474647,-124.2588418,0.210571152,0,0
0,0.010242497,-0.959077666,0.0696635,-447.5064526,11.16741849,82518.04173,0,0,-31.59792291,-134.3089029,-19.54870868,0,30.89642041,243.8188245,0.208869104,0,0
0,0.015822237,-0.991847465,0.0696635,-447.5064526,11.16741849,82518.04173,0,0,-26.70839956,-219.532022,-19.0057843,0,33.16125982,541.8753926,0.201911094,0,0
0,0.021012313,-1.005416954,0.0696635,-447.5064526,11.16741849,82518.04173,0,0,-16.25092199,-292.100533,-18.1591969,0,37.20128446,1233.042834,0.199187579,0,0
0,0.026348614,-1.017957198,0.0696635,-447.5064526,11.16741849,82518.04173,0,0,-22.44664661,-360.7047944,-17.92651221,0,34.57323689,1131.415109,0.19675956,0,0
0,0.03231682,-1.026505999,0.0696635,-447.5064526,11.16741849,82518.04173,0,0,-22.94139623,-432.9372435,-17.21621063,0,34.21908205,225.0084146,0.195074227,0,0
0,0.036980259,-1.017401563,0.0696635,-447.5064526,11.16741849,82518.04173,0,0,-9.378472651,-490.5767304,-16.5604724,0,38.5899683,544.9073176,0.196780766,0,0
0,0.042268339,-1.017514784,0.0696635,-447.5064526,11.16741849,82518.04173,0,0,-17.98171967,-551.1454851,-16.56660843,0,35.41121602,745.7572009,0.196765394,0,0
0,0.048358476,-1.015445113,0.0696635,-447.5064526,11.16741849,82518.04173,0,0,-14.86985335,-617.5584137,-16.43445162,0,36.58792164,155.5228245,0.197164856,0,0
0,0.053268529,-1.003333771,0.0696635,-447.5064526,11.16741849,82518.04173,0,0,-9.297273198,-670.6840204,-15.90196392,0,39.06625362,337.2289223,0.199527982,0,0
0,0.05818804,-0.996826615,0.0696635,-447.5064526,11.16741849,82518.04173,0,0,-18.93951823,-715.0618925,-15.35220913,0,34.96812371,520.392414,0.200865408,0,0
0,0.063865337,-0.991318679,0.0696635,-447.5064526,11.16741849,82518.04173,0,0,-8.938753417,-768.9827729,-15.48295601,0,38.21004699,1606.751547,0.202038639,0,0
0,0.069293464,-0.975818436,0.0696635,-447.5064526,11.16741849,82518.04173,0,0,-7.701750294,-817.1203606,-15.09787706,0,37.53939189,900.547547,0.20530787,0,0
0,0.074938305,-0.974524297,0.0696635,-447.5064526,11.16741849,82518.04173,0,0,-12.8565894,-854.4052399,-15.47967405,0,35.69138659,1106.054106,0.205604402,0,0
0,0.080819737,-0.987551321,0.0696635,-447.5064526,11.16741849,82518.04173,0,0,-8.620050002,-875.715645,-15.40536213,0,36.55416878,1229.095666,0.202942749,0,0
0,0.084428868,-0.967220144,0.0696635,-447.5064526,11.16741849,82518.04173,0,0,-8.268266801,-905.667903,-14.77255506,0,35.66093194,1050.355383,0.2072706,0,0
0,0.090648288,-0.972846964,0.0696635,-447.5064526,11.16741849,82518.04173,0,0,-8.148649839,-928.6662792,-14.85299146,0,35.18919436,270.0644995,0.206111082,0,0
0,0.096739772,-0.956792872,0.0696635,-447.5064526,11.16741849,82518.04173,0,0,-5.503548621,-966.7476508,-14.56390501,0,33.59766178,687.5762057,0.209483359,0,0
0,0.100147189,-0.995171437,0.0696635,-447.5064526,11.16741849,82518.04173,0,0,-7.988347871,-943.0572276,-14.37700808,0,34.71542446,-191.0452973,0.201118266,0,0
0,0.106494616,-0.978282544,0.0696635,-447.5064526,11.16741849,82518.04173,0,0,-7.566150732,-980.2915144,-14.49273459,0,32.92362235,610.5699582,0.204616048,0,0
0,0.113560358,-0.980593616,0.0696635,-447.5064526,11.16741849,82518.04173,0,0,-5.61970639,-998.7423675,-14.37524057,0,32.05072317,562.1843487,0.203951772,0,0
0,0.117137471,-0.987113165,0.0696635,-447.5064526,11.16741849,82518.04173,0,0,-3.411760335,-998.2826839,-14.38116852,0,32.70686719,801.7298784,0.202497158,0,0
0,0.122121815,-0.97678439,0.0696635,-447.5064526,11.16741849,82518.04173,0,0,-7.030274485,-1024.280339,-14.01316768,0,30.77476914,953.5626775,0.204611245,0,0
0,0.128501026,-0.9758864,0.0696635,-447.5064526,11.16741849,82518.04173,0,0,-5.266921482,-1035.815886,-14.06340423,0,31.00651941,467.8985933,0.204707358,0,0
0,0.133803757,-0.978389969,0.0696635,-447.5064526,11.16741849,82518.04173,0,0,-6.861006735,-1043.56731,-14.16098425,0,30.66692582,395.0506944,0.204118379,0,0
0,0.139396751,-0.966534324,0.0696635,-447.5064526,11.16741849,82518.04173,0,0,-5.329992015,-1065.294075,-13.82880367,0,29.32725296,787.1772555,0.206599298,0,0
0,0.144245979,-0.975951166,0.0696635,-447.5064526,11.16741849,82518.04173,0,0,-6.43137037,-1060.405239,-14.36961736,0,29.68320946,671.6057035,0.204536539,0,0
0,0.148429534,-0.969834548,0.0696635,-447.5064526,11.16741849,82518.04173,0,0,-3.556049354,-1070.032645,-13.91039177,0,29.47606089,1317.243372,0.205846434,0,0
0,0.155713059,-0.971833434,0.0696635,-447.5064526,11.16741849,82518.04173,0,0,-6.465395663,-1070.044287,-13.6346765,0,27.36927742,1357.983618,0.205385576,0,0
0,0.160443485,-0.971883465,0.0696635,-447.5064526,11.16741849,82518.04173,0,0,-4.220048462,-1070.486993,-13.86871887,0,29.65058317,-312.0755822,0.205377282,0,0
0,0.164353747,-0.974963684,0.0696635,-447.5064526,11.16741849,82518.04173,0,0,-0.630504422,-1065.616022,-13.81873028,0,28.70226106,548.6367129,0.204731143,0,0
0,0.172462841,-0.979485094,0.0696635,-447.5064526,11.16741849,82518.04173,0,0,-6.335851854,-1044.020538,-13.97175396,0,26.81684808,-93.25429626,0.203765218,0,0
0,0.175339695,-0.985082569,0.0696635,-447.5064526,11.16741849,82518.04173,0,0,-6.369558693,-1034.428279,-13.81867611,0,26.41376736,1005.404824,0.202619102,0,0
0,0.181971992,-0.986568988,0.0696635,-447.5064526,11.16741849,82518.04173,0,0,-0.944649216,-1023.937886,-13.52003925,0,28.62680177,847.3180517,0.202301423,0,0
0,0.187584558,-0.988984053,0.0696635,-447.5064526,11.16741849,82518.04173,0,0,-12.9653315,-996.4013814,-13.06619294,0,24.34298883,-528.8017488,0.201830033,0,0
0,0.191953544,-0.993879645,0.0696635,-447.5064526,11.16741849,82518.04173,0,0,-9.432283121,-995.6175055,-12.99525743,0,24.32043921,858.5552298,0.20082484,0,0
0,0.198275516,-0.992347059,0.0696635,-447.5064526,11.16741849,82518.04173,0,0,8.122733315,-1000.452791,-13.6285259,0,32.3165419,603.1555376,0.201102754,0,0
0,0.202875477,-0.991297865,0.0696635,-447.5064526,11.16741849,82518.04173,0,0,-17.74181771,-998.0949577,-12.72832092,0,18.85910913,808.6102505,0.201333866,0,0
0,0.208740385,-0.996932589,0.0696635,-447.5064526,11.16741849,82518.04173,0,0,-34.93474839,-989.8320595,-13.13241559,0,12.22436318,1137.686071,0.200188319,0,0
0,0.212192292,-0.99555168,0.0696635,-447.5064526,11.16741849,82518.04173,0,0,-9.504396748,-995.7835831,-13.42650595,0,23.91675813,275.4971134,0.200408904,0,0
0,-0.212815792,-0.991710831,9.85E-05,-885.4116774,6.696453414,82793.03371,0,0,-3.221590745,2146.048289,-30.97830002,0,0.993061473,-1292.392465,0.191604774,0,0
0,-0.208151829,-1.001347557,9.85E-05,-885.4116774,6.696453414,82793.03371,0,0,-1.594765163,2097.821968,-29.67279122,0,0.7656532,-528.3687291,0.189745732,0,0
0,-0.202260819,-0.9880686,9.85E-05,-885.4116774,6.696453414,82793.03371,0,0,-40.05626962,2116.969886,-29.09240398,0,-18.53251869,-2530.38326,0.192316392,0,0
0,-0.197479775,-0.989494637,9.85E-05,-885.4116774,6.696453414,82793.03371,0,0,-22.36813685,2134.84768,-31.15059961,0,-9.165289,-839.2702464,0.19205839,0,0
0,-0.191750424,-0.986058075,9.85E-05,-885.4116774,6.696453414,82793.03371,0,0,-11.39186251,2141.136558,-29.8938671,0,-5.278622333,-1645.189817,0.192812331,0,0
0,-0.185884947,-0.985179656,9.85E-05,-885.4116774,6.696453414,82793.03371,0,0,-24.348671,2137.878681,-30.96837845,0,-11.24667933,-727.4492856,0.192999102,0,0
0,-0.181315529,-0.994862037,9.85E-05,-885.4116774,6.696453414,82793.03371,0,0,-33.12306515,2124.928246,-30.94022987,0,-17.32562445,-1081.471315,0.191075208,0,0
0,-0.175224865,-0.987830944,9.85E-05,-885.4116774,6.696453414,82793.03371,0,0,-18.00926235,2128.273617,-30.89513494,0,-9.904496373,-828.7186228,0.192445587,0,0
0,-0.170845077,-0.991705761,9.85E-05,-885.4116774,6.696453414,82793.03371,0,0,-20.54873668,2118.452325,-30.82901093,0,-13.43424224,-1168.436837,0.191787804,0,0
0,-0.164385668,-0.987091367,9.85E-05,-885.4116774,6.696453414,82793.03371,0,0,-32.00687592,2122.261599,-30.64177362,0,-18.6840959,-691.0060096,0.192646944,0,0
0,-0.15924662,-0.991400673,9.85E-05,-885.4116774,6.696453414,82793.03371,0,0,-21.7526679,2112.257446,-30.86875066,0,-15.57946631,-1119.728224,0.191845737,0,0
0,-0.153456348,-0.989478908,9.85E-05,-885.4116774,6.696453414,82793.03371,0,0,-20.459384,2113.143544,-30.55088882,0,-15.89897182,-1062.226446,0.192314564,0,0
0,-0.147878845,-0.993481164,9.85E-05,-885.4116774,6.696453414,82793.03371,0,0,-31.69138793,2098.287022,-31.38437749,0,-22.22000458,-415.22111,0.191394239,0,0
0,-0.143340739,-0.987471448,9.85E-05,-885.4116774,6.696453414,82793.03371,0,0,-19.36311169,2098.017108,-30.05862587,0,-18.95072497,-992.377562,0.19276554,0,0
0,-0.136894057,-0.988034534,9.85E-05,-885.4116774,6.696453414,82793.03371,0,0,-21.84296291,2089.009682,-30.86660694,0,-19.88398622,-99.49465557,0.192603715,0,0
0,-0.131616886,-0.98940503,9.85E-05,-885.4116774,6.696453414,82793.03371,0,0,-25.25449362,2076.732189,-30.55937313,0,-24.33478768,-593.7260668,0.192534293,0,0
0,-0.125768019,-0.995137209,9.85E-05,-885.4116774,6.696453414,82793.03371,0,0,-22.74201009,2038.973252,-30.15628896,0,-24.54224264,-1808.300264,0.191345856,0,0
0,-0.12086308,-0.997692476,9.85E-05,-885.4116774,6.696453414,82793.03371,0,0,-22.96849056,2020.675708,-30.16364858,0,-26.25392002,4.106920793,0.191017049,0,0
0,-0.115165664,-0.986097482,9.85E-05,-885.4116774,6.696453414,82793.03371,0,0,-22.95306041,2024.779159,-29.23967839,0,-28.59655646,-224.7571427,0.193464262,0,0
0,-0.110007391,-1.003784501,9.85E-05,-885.4116774,6.696453414,82793.03371,0,0,-24.9325318,1946.313075,-29.02077925,0,-29.44990996,95.62296093,0.190074326,0,0
0,-0.103929448,-0.979011572,9.85E-05,-885.4116774,6.696453414,82793.03371,0,0,-20.10820472,1991.303721,-28.32158313,0,-31.18810222,-1024.436352,0.19518054,0,0
0,-0.098653907,-1.000911362,9.85E-05,-885.4116774,6.696453414,82793.03371,0,0,-25.90799292,1876.341115,-27.88215613,0,-33.39303292,-867.6249808,0.190859251,0,0
0,-0.093330544,-0.991598824,9.85E-05,-885.4116774,6.696453414,82793.03371,0,0,-20.48652449,1879.54258,-27.90758956,0,-34.67503505,-815.7798972,0.193059312,0,0
0,-0.088214813,-0.987790654,9.85E-05,-885.4116774,6.696453414,82793.03371,0,0,-19.4239879,1850.444375,-27.13219765,0,-35.8018177,-1246.816164,0.193815854,0,0
0,-0.082757797,-0.996096762,9.85E-05,-885.4116774,6.696453414,82793.03371,0,0,-26.74347504,1778.646151,-26.24799597,0,-38.63674486,-135.3038277,0.192459691,0,0
0,-0.076820902,-0.975616005,9.85E-05,-885.4116774,6.696453414,82793.03371,0,0,-20.72878911,1791.689771,-25.59273967,0,-40.71665042,-538.4560423,0.196668973,0,0
0,-0.071830984,-0.997813053,9.85E-05,-885.4116774,6.696453414,82793.03371,0,0,-26.07013954,1646.386023,-24.52541162,0,-39.95953519,-360.9701121,0.19232141,0,0
0,-0.0661636,-0.979428146,9.85E-05,-885.4116774,6.696453414,82793.03371,0,0,-23.07233749,1652.404931,-23.94884917,0,-42.47712331,-1055.394242,0.196462318,0,0
0,-0.060836643,-0.986888484,9.85E-05,-885.4116774,6.696453414,82793.03371,0,0,-25.64254168,1544.218995,-23.15351994,0,-41.7302532,-579.2874597,0.194860256,0,0
0,-0.055335836,-0.995142264,9.85E-05,-885.4116774,6.696453414,82793.03371,0,0,-27.28119792,1438.218411,-21.48786911,0,-40.75190439,-401.2799764,0.193702508,0,0
0,-0.049652945,-0.976940421,9.85E-05,-885.4116774,6.696453414,82793.03371,0,0,-26.45319927,1396.381398,-21.14382716,0,-41.20610531,-617.2505163,0.197391759,0,0
0,-0.04426564,-0.994576949,9.85E-05,-885.4116774,6.696453414,82793.03371,0,0,-32.29943279,1239.961362,-18.96587861,0,-38.45014924,-567.2917192,0.19417677,0,0
0,-0.039066607,-0.982157645,9.85E-05,-885.4116774,6.696453414,82793.03371,0,0,-26.71881717,1177.144163,-18.14404743,0,-37.53875757,-1111.224429,0.196971454,0,0
0,-0.033436353,-0.993697124,9.85E-05,-885.4116774,6.696453414,82793.03371,0,0,-36.91379954,1007.049534,-16.60481493,0,-35.03271736,-836.5774401,0.194581157,0,0
0,-0.028039511,-0.990878839,9.85E-05,-885.4116774,6.696453414,82793.03371,0,0,-38.41519058,887.0697127,-14.8735878,0,-33.33323065,-445.9944316,0.195644026,0,0
0,-0.02249083,-0.984923842,9.85E-05,-885.4116774,6.696453414,82793.03371,0,0,-32.3488325,727.4465608,-12.36992959,0,-23.9803915,-600.37365,0.196717176,0,0
0,-0.017186813,-0.980646209,9.85E-05,-885.4116774,6.696453414,82793.03371,0,0,-42.6550375,570.103528,-10.46439996,0,-21.63880521,-76.51667959,0.197955526,0,0
0,-0.011763579,-0.994931409,9.85E-05,-885.4116774,6.696453414,82793.03371,0,0,-51.57361172,398.8737041,-8.517404634,0,-19.29540707,-704.8057088,0.194969741,0,0
0,-0.006074954,-0.986581537,9.85E-05,-885.4116774,6.696453414,82793.03371,0,0,-45.94242311,198.1766656,-6.193599286,0,-8.841577229,363.4302319,0.196515171,0,0
0,-0.000817806,-1.00520713,9.85E-05,-885.4116774,6.696453414,82793.03371,0,0,-43.17207133,4.642286422,-2.896998529,0,0.009083302,-418.5319759,0.192868536,0,0
0,0.004660729,-1.005041708,9.85E-05,-885.4116774,6.696453414,82793.03371,0,0,-40.52502086,-164.6562592,-1.40042387,0,6.570190866,848.5651486,0.193007573,0,0
0,0.010052861,-1.003885743,9.85E-05,-885.4116774,6.696453414,82793.03371,0,0,-45.52664323,-323.5362418,0.296387577,0,8.640817298,-336.3577496,0.19323585,0,0
0,0.015671941,-1.025574221,9.85E-05,-885.4116774,6.696453414,82793.03371,0,0,-41.3528681,-486.8443864,3.121681898,0,16.31598592,479.5357988,0.189095707,0,0
0,0.021030243,-1.006396876,9.85E-05,-885.4116774,6.696453414,82793.03371,0,0,-26.81027595,-650.4051688,3.726019775,0,23.94721634,-537.4161018,0.192737763,0,0
0,0.026708795,-1.025420911,9.85E-05,-885.4116774,6.696453414,82793.03371,0,0,-30.85639748,-779.8370164,6.91978971,0,26.24338609,-208.1742836,0.189149331,0,0
0,0.03193981,-1.022581484,9.85E-05,-885.4116774,6.696453414,82793.03371,0,0,-28.26092519,-896.2849046,8.081120122,0,27.43126022,402.7480461,0.189694693,0,0
0,0.037339934,-1.017182828,9.85E-05,-885.4116774,6.696453414,82793.03371,0,0,-24.03773753,-1022.570404,8.830376295,0,30.60064514,200.9577296,0.190698639,0,0
0,0.042920909,-1.018734202,9.85E-05,-885.4116774,6.696453414,82793.03371,0,0,-16.39112482,-1152.182344,11.03285563,0,35.38517472,-268.4995728,0.19055856,0,0
0,0.048012889,-1.004892888,9.85E-05,-885.4116774,6.696453414,82793.03371,0,0,-17.00579392,-1250.195684,11.99480108,0,35.72720041,772.4835681,0.193017734,0,0
0,0.054292786,-0.9903076,9.85E-05,-885.4116774,6.696453414,82793.03371,0,0,-18.19089198,-1419.137763,13.40786569,0,34.90331095,390.2064113,0.196254524,0,0
0,0.059361245,-1.007161978,9.85E-05,-885.4116774,6.696453414,82793.03371,0,0,-15.84612759,-1428.629353,15.42376142,0,37.79424699,883.899648,0.192523021,0,0
0,0.064881405,-0.983263992,9.85E-05,-885.4116774,6.696453414,82793.03371,0,0,-7.969437461,-1606.527506,15.79173898,0,40.25993587,426.3952193,0.197208851,0,0
0,0.070088735,-1.008860026,9.85E-05,-885.4116774,6.696453414,82793.03371,0,0,-13.80741082,-1598.697472,16.34064592,0,37.7234735,985.7365581,0.19210088,0,0
0,0.075272559,-1.006954399,9.85E-05,-885.4116774,6.696453414,82793.03371,0,0,-12.66878974,-1667.233067,17.5084531,0,38.70635243,303.2284084,0.191890202,0,0
0,0.081223506,-0.990356788,9.85E-05,-885.4116774,6.696453414,82793.03371,0,0,-7.969785879,-1810.438561,18.09998717,0,37.87464683,557.4179807,0.195357928,0,0
0,0.086817149,-1.019556323,9.85E-05,-885.4116774,6.696453414,82793.03371,0,0,-13.43276887,-1760.151148,19.68905841,0,36.93968202,29.92437563,0.189153478,0,0
0,0.092460614,-0.993442789,9.85E-05,-885.4116774,6.696453414,82793.03371,0,0,-4.393253227,-1924.964822,19.77330617,0,37.05139305,635.0497061,0.19433304,0,0
0,0.097470493,-1.014186895,9.85E-05,-885.4116774,6.696453414,82793.03371,0,0,-9.272981155,-1878.954475,20.72734182,0,34.43083233,348.557266,0.190181534,0,0
0,0.102515734,-1.013132321,9.85E-05,-885.4116774,6.696453414,82793.03371,0,0,-9.835399103,-1920.14669,20.8955161,0,33.80389551,510.2492467,0.190038473,0,0
0,0.108289659,-0.99892216,9.85E-05,-885.4116774,6.696453414,82793.03371,0,0,-4.803458255,-2023.960607,21.43774469,0,31.90973217,796.3774689,0.192978489,0,0
0,0.114211395,-1.02351117,9.85E-05,-885.4116774,6.696453414,82793.03371,0,0,-12.27069566,-1968.825565,22.9300868,0,29.99675875,802.9804406,0.187830558,0,0
0,0.119783103,-0.998280364,9.85E-05,-885.4116774,6.696453414,82793.03371,0,0,-3.680083617,-2092.831454,22.07074343,0,28.89965335,768.5829235,0.192775371,0,0
0,0.125321413,-1.025693225,9.85E-05,-885.4116774,6.696453414,82793.03371,0,0,-10.58445224,-2039.14813,23.54407401,0,28.30581252,329.8056887,0.187304043,0,0
0,0.129582587,-1.013872069,9.85E-05,-885.4116774,6.696453414,82793.03371,0,0,-11.8830356,-2084.581646,23.2563359,0,25.35523443,602.9062487,0.189311114,0,0
0,0.135493913,-1.004473955,9.85E-05,-885.4116774,6.696453414,82793.03371,0,0,-3.69682692,-2146.621811,23.69103187,0,25.09441342,787.5576482,0.191299272,0,0
0,0.140627692,-1.018439369,9.85E-05,-885.4116774,6.696453414,82793.03371,0,0,-8.44720756,-2112.87383,24.26918669,0,25.24115817,317.5554791,0.188255054,0,0
0,0.147270999,-1.004695243,9.85E-05,-885.4116774,6.696453414,82793.03371,0,0,-7.698121166,-2180.468224,24.25187925,0,20.30176827,856.532629,0.191031412,0,0
0,0.151753651,-1.01421867,9.85E-05,-885.4116774,6.696453414,82793.03371,0,0,-7.230605497,-2149.025598,24.50865276,0,22.14415916,377.5540072,0.188965709,0,0
0,0.157129324,-1.006962629,9.85E-05,-885.4116774,6.696453414,82793.03371,0,0,-6.084803684,-2189.16036,24.17973564,0,20.2209995,352.0912479,0.190396143,0,0
0,0.163500895,-1.010649936,9.85E-05,-885.4116774,6.696453414,82793.03371,0,0,-9.916580851,-2184.747217,24.75035576,0,16.78992044,49.21842428,0.189648641,0,0
0,0.167958214,-1.00405079,9.85E-05,-885.4116774,6.696453414,82793.03371,0,0,-5.528202439,-2193.333065,24.04659026,0,18.3003754,806.1445863,0.190833003,0,0
0,0.17421565,-1.020297781,9.85E-05,-885.4116774,6.696453414,82793.03371,0,0,-2.495867307,-2189.756095,25.6889016,0,18.73952408,361.5185844,0.187721245,0,0
0,0.178088679,-1.005005961,9.85E-05,-885.4116774,6.696453414,82793.03371,0,0,-10.365474,-2194.886458,24.2932313,0,13.10665493,444.0617707,0.190626832,0,0
0,0.185052807,-1.011283138,9.85E-05,-885.4116774,6.696453414,82793.03371,0,0,-4.948751651,-2206.155105,24.31041166,0,14.75759668,705.8732249,0.189397716,0,0
0,0.190601946,-1.009987765,9.85E-05,-885.4116774,6.696453414,82793.03371,0,0,-4.675644813,-2198.972764,24.65837883,0,13.60155541,351.6982961,0.189626555,0,0
0,0.195808352,-1.004154953,9.85E-05,-885.4116774,6.696453414,82793.03371,0,0,-15.79918123,-2203.991875,25.22185468,0,8.115184427,780.1724046,0.190719296,0,0
0,0.202323817,-1.014403025,9.85E-05,-885.4116774,6.696453414,82793.03371,0,0,-17.63969432,-2204.49385,24.34065954,0,6.339340429,666.4170598,0.188754793,0,0
0,0.205430571,-1.014358211,9.85E-05,-885.4116774,6.696453414,82793.03371,0,0,0.950684509,-2187.670486,24.96905142,0,13.28455214,741.9899645,0.188743968,0,0
0,0.211953023,-1.021281326,9.85E-05,-885.4116774,6.696453414,82793.03371,0,0,-6.311786263,-2165.80922,26.57729471,0,7.537058977,980.5196871,0.187474146,0,0
0,0.216475289,-1.011005197,9.85E-05,-885.4116774,6.696453414,82793.03371,0,0,-14.78092288,-2201.130154,24.20701296,0,4.770280638,306.4234971,0.189335269,0,0
0,-0.212243601,-0.990999738,9.22E-05,-659.8691332,6.697701853,82604.13323,0,0,-4.589795022,1616.37243,-17.03939566,0,1.988143615,-1578.519434,0.19615388,0,0
0,-0.206930485,-0.99933726,9.22E-05,-659.8691332,6.697701853,82604.13323,0,0,11.98803248,1609.452407,-17.40126773,0,9.686176944,-871.8168499,0.194484938,0,0
0,-0.201600635,-1.001831518,9.22E-05,-659.8691332,6.697701853,82604.13323,0,0,-5.992015264,1589.066676,-17.52101307,0,-0.614786504,86.06997349,0.194063853,0,0
0,-0.195380879,-0.990975507,9.22E-05,-659.8691332,6.697701853,82604.13323,0,0,-16.1065935,1610.521334,-17.29997709,0,-3.737550795,-166.4467762,0.196182232,0,0
0,-0.190478604,-0.992699416,9.22E-05,-659.8691332,6.697701853,82604.13323,0,0,-9.008447528,1601.980002,-17.10535129,0,-3.117930692,-353.8185873,0.195923211,0,0
0,-0.184613401,-0.988550047,9.22E-05,-659.8691332,6.697701853,82604.13323,0,0,-18.97677073,1604.003428,-17.97558962,0,-6.585183427,-687.4135837,0.1967027,0,0
0,-0.179734567,-0.994111785,9.22E-05,-659.8691332,6.697701853,82604.13323,0,0,-26.85242121,1603.337665,-17.51627563,0,-10.39764901,-479.3392242,0.195599947,0,0
0,-0.175390364,-0.985914136,9.22E-05,-659.8691332,6.697701853,82604.13323,0,0,-10.1925532,1600.752798,-17.31958369,0,-4.698440727,-1170.482313,0.197322522,0,0
0,-0.16892133,-0.98771753,9.22E-05,-659.8691332,6.697701853,82604.13323,0,0,-14.30007239,1604.37987,-17.31918907,0,-4.868225522,-190.9085793,0.196876217,0,0
0,-0.163866772,-0.991932024,9.22E-05,-659.8691332,6.697701853,82604.13323,0,0,-21.34209809,1595.33562,-17.32933193,0,-10.77022628,-1301.017607,0.19615292,0,0
0,-0.15719323,-0.988460653,9.22E-05,-659.8691332,6.697701853,82604.13323,0,0,-15.52161655,1593.771504,-17.55736152,0,-7.438577915,-661.8479894,0.196746434,0,0
0,-0.152190007,-0.993025989,9.22E-05,-659.8691332,6.697701853,82604.13323,0,0,-13.74316216,1590.544104,-17.55691291,0,-8.289103422,-1220.329689,0.195935887,0,0
0,-0.147540136,-0.990070522,9.22E-05,-659.8691332,6.697701853,82604.13323,0,0,-19.35632352,1586.181306,-16.76425131,0,-12.20222889,-845.9542549,0.196532056,0,0
0,-0.142045755,-0.998718326,9.22E-05,-659.8691332,6.697701853,82604.13323,0,0,-18.92163807,1570.919952,-17.65291241,0,-11.14602368,-745.6638907,0.194783262,0,0
0,-0.13623331,-0.987357649,9.22E-05,-659.8691332,6.697701853,82604.13323,0,0,-12.1171204,1582.105438,-16.74686893,0,-11.09053669,-1171.651338,0.197199475,0,0
0,-0.130359733,-0.996585801,9.22E-05,-659.8691332,6.697701853,82604.13323,0,0,-23.52352914,1552.20765,-17.39007928,0,-14.88500295,-694.5950501,0.195250695,0,0
0,-0.125186084,-0.991318391,9.22E-05,-659.8691332,6.697701853,82604.13323,0,0,-15.02940126,1559.764998,-17.0447723,0,-14.04438911,-1255.632711,0.196500399,0,0
0,-0.119908932,-0.996820142,9.22E-05,-659.8691332,6.697701853,82604.13323,0,0,-12.00440989,1532.974134,-16.63076871,0,-13.27107438,-693.4618128,0.195285624,0,0
0,-0.115293329,-1.005457939,9.22E-05,-659.8691332,6.697701853,82604.13323,0,0,-21.31051653,1506.938792,-17.2154837,0,-17.02620757,-58.77545494,0.193740307,0,0
0,-0.109248225,-0.983498036,9.22E-05,-659.8691332,6.697701853,82604.13323,0,0,-14.69286879,1541.776691,-16.6405714,0,-17.80005134,-663.3332703,0.198194569,0,0
0,-0.103825725,-1.004495975,9.22E-05,-659.8691332,6.697701853,82604.13323,0,0,-16.00061666,1466.37211,-16.63369218,0,-17.50825016,-90.41334159,0.193988108,0,0
0,-0.097731226,-0.985323928,9.22E-05,-659.8691332,6.697701853,82604.13323,0,0,-14.17793648,1500.11652,-16.00618711,0,-20.51985389,-522.047868,0.197992075,0,0
0,-0.092739267,-0.993843709,9.22E-05,-659.8691332,6.697701853,82604.13323,0,0,-17.26785913,1451.505888,-16.45370325,0,-21.51467738,75.06042474,0.196166822,0,0
0,-0.087768568,-1.000573942,9.22E-05,-659.8691332,6.697701853,82604.13323,0,0,-14.67425263,1414.523165,-15.87555839,0,-20.9852769,-11.84525145,0.19506398,0,0
0,-0.082027591,-0.976547014,9.22E-05,-659.8691332,6.697701853,82604.13323,0,0,-15.24749888,1457.653525,-15.82062792,0,-24.52283989,-495.6411875,0.199897145,0,0
0,-0.076798544,-0.999909141,9.22E-05,-659.8691332,6.697701853,82604.13323,0,0,-20.45188644,1335.205911,-15.57233762,0,-24.42020053,-915.6128849,0.195265909,0,0
0,-0.070522643,-0.973760824,9.22E-05,-659.8691332,6.697701853,82604.13323,0,0,-14.26756505,1387.350214,-14.88160943,0,-26.5102277,-221.2342461,0.200761421,0,0
0,-0.065343748,-0.991538364,9.22E-05,-659.8691332,6.697701853,82604.13323,0,0,-19.64813134,1264.310516,-14.7785727,0,-25.54785609,-567.5616116,0.197057936,0,0
0,-0.060518912,-0.99759711,9.22E-05,-659.8691332,6.697701853,82604.13323,0,0,-19.95534395,1215.080021,-14.78409411,0,-26.28846752,-1416.116505,0.196196605,0,0
0,-0.05505427,-0.975925826,9.22E-05,-659.8691332,6.697701853,82604.13323,0,0,-16.41932921,1216.862278,-13.78312594,0,-26.82173829,-755.5476118,0.200552673,0,0
0,-0.049446068,-0.995062578,9.22E-05,-659.8691332,6.697701853,82604.13323,0,0,-24.73565562,1091.813363,-13.67483957,0,-25.88793812,-1311.686888,0.196885096,0,0
0,-0.043861447,-0.980919129,9.22E-05,-659.8691332,6.697701853,82604.13323,0,0,-19.26998172,1066.347137,-12.68002546,0,-26.52897981,-395.6975618,0.199820984,0,0
0,-0.038416766,-0.998693716,9.22E-05,-659.8691332,6.697701853,82604.13323,0,0,-25.15202495,916.3432705,-12.47842111,0,-22.76694793,-400.0487222,0.196139507,0,0
0,-0.032896702,-0.991917411,9.22E-05,-659.8691332,6.697701853,82604.13323,0,0,-28.24314969,861.7350072,-11.5175689,0,-25.69607203,-693.7434588,0.197777658,0,0
0,-0.027526493,-0.994244852,9.22E-05,-659.8691332,6.697701853,82604.13323,0,0,-28.3240725,735.429264,-10.75215752,0,-21.15239729,-813.0638652,0.197132141,0,0
0,-0.022383076,-0.993830694,9.22E-05,-659.8691332,6.697701853,82604.13323,0,0,-27.8268079,615.8543953,-9.842487302,0,-16.28448128,-369.718859,0.197504808,0,0
0,-0.016940392,-0.98876748,9.22E-05,-659.8691332,6.697701853,82604.13323,0,0,-33.46959188,491.0445301,-8.892381054,0,-16.01701234,-1257.539182,0.198470428,0,0
0,-0.011161016,-0.976232774,9.22E-05,-659.8691332,6.697701853,82604.13323,0,0,-42.00709377,350.4888094,-6.446571865,0,-13.0362351,-114.082987,0.201309247,0,0
0,-0.006021836,-0.987213856,9.22E-05,-659.8691332,6.697701853,82604.13323,0,0,-35.3902182,177.7351296,-4.846927649,0,-6.073027751,53.42094621,0.19931362,0,0
0,-0.000597588,-0.966298949,9.22E-05,-659.8691332,6.697701853,82604.13323,0,0,-34.98948149,6.427442256,-3.739250433,0,0.251411278,-1308.4137,0.203628957,0,0
0,0.004917259,-0.977197964,9.22E-05,-659.8691332,6.697701853,82604.13323,0,0,-29.54149435,-147.5175559,-1.84224384,0,5.22553256,11.24996371,0.2016353,0,0
0,0.010270705,-0.991573421,9.22E-05,-659.8691332,6.697701853,82604.13323,0,0,-38.07886512,-286.1985572,-0.829158458,0,5.536333918,-9.054321705,0.198266697,0,0
0,0.015543855,-1.006817063,9.22E-05,-659.8691332,6.697701853,82604.13323,0,0,-36.04475215,-426.7350821,-0.009707762,0,10.26831231,-519.5617232,0.195497737,0,0
0,0.021079734,-1.026716501,9.22E-05,-659.8691332,6.697701853,82604.13323,0,0,-16.50485419,-543.8662839,1.486583127,0,18.51488134,141.6668636,0.191488659,0,0
0,0.026757573,-1.024986543,9.22E-05,-659.8691332,6.697701853,82604.13323,0,0,-26.6593432,-650.1384933,2.886882903,0,17.12319044,308.6532661,0.191831219,0,0
0,0.032096993,-1.034837049,9.22E-05,-659.8691332,6.697701853,82604.13323,0,0,-22.07463124,-764.2246438,3.367865681,0,18.1325539,770.4521125,0.190133267,0,0
0,0.037357718,-1.025609664,9.22E-05,-659.8691332,6.697701853,82604.13323,0,0,-15.56233566,-838.0553698,4.690571774,0,20.97026877,191.6078572,0.191788487,0,0
0,0.042707591,-1.017076869,9.22E-05,-659.8691332,6.697701853,82604.13323,0,0,-16.93982673,-938.4797017,5.515557819,0,21.8519836,525.8671388,0.193328367,0,0
0,0.047749707,-1.00036914,9.22E-05,-659.8691332,6.697701853,82604.13323,0,0,-4.67975557,-1041.582554,5.898953055,0,25.06251966,918.176117,0.196792622,0,0
0,0.054140787,-1.015124479,9.22E-05,-659.8691332,6.697701853,82604.13323,0,0,-18.17986578,-1080.860653,6.885024846,0,21.83026339,505.9654208,0.193692197,0,0
0,0.058834029,-0.981138071,9.22E-05,-659.8691332,6.697701853,82604.13323,0,0,-8.132357311,-1211.787663,6.591112105,0,22.98504763,329.1008415,0.200638558,0,0
0,0.065066005,-1.012201406,9.22E-05,-659.8691332,6.697701853,82604.13323,0,0,-6.594156819,-1223.182615,8.196615294,0,26.27100518,-134.2858878,0.194427891,0,0
0,0.069573121,-0.981612353,9.22E-05,-659.8691332,6.697701853,82604.13323,0,0,-6.461237873,-1310.680142,7.569813948,0,23.04570562,245.7872014,0.200483781,0,0
0,0.075490018,-0.991686414,9.22E-05,-659.8691332,6.697701853,82604.13323,0,0,-7.415140749,-1350.522367,9.278873276,0,23.43235652,5.242575326,0.198447036,0,0
0,0.081534901,-1.001803096,9.22E-05,-659.8691332,6.697701853,82604.13323,0,0,-7.871876004,-1382.566802,8.566671443,0,22.21540691,420.0759658,0.196151083,0,0
0,0.086232454,-0.985054854,9.22E-05,-659.8691332,6.697701853,82604.13323,0,0,-2.002829504,-1429.973528,8.082048557,0,21.9389821,621.5370488,0.199510549,0,0
0,0.0920863,-1.017822348,9.22E-05,-659.8691332,6.697701853,82604.13323,0,0,-7.546646801,-1437.929827,9.614078269,0,21.97462531,648.5978986,0.192971715,0,0
0,0.096853469,-1.000216289,9.22E-05,-659.8691332,6.697701853,82604.13323,0,0,-4.163186905,-1475.66761,8.790446746,0,19.86569319,632.0052292,0.196249673,0,0
0,0.103025495,-1.001684234,9.22E-05,-659.8691332,6.697701853,82604.13323,0,0,-2.444019985,-1514.951419,10.2205484,0,20.41680301,757.5528194,0.195951032,0,0
0,0.108908865,-1.015357474,9.22E-05,-659.8691332,6.697701853,82604.13323,0,0,-5.450957588,-1508.853906,9.656072734,0,17.8806251,839.2297728,0.193178073,0,0
0,0.112962189,-0.991961926,9.22E-05,-659.8691332,6.697701853,82604.13323,0,0,-2.500402168,-1573.732978,9.436701884,0,17.18159697,1120.308568,0.197751093,0,0
0,0.119846594,-1.028112101,9.22E-05,-659.8691332,6.697701853,82604.13323,0,0,-3.901496149,-1544.467758,10.96244513,0,17.41019019,830.2129821,0.190617621,0,0
0,0.123821854,-1.001815485,9.22E-05,-659.8691332,6.697701853,82604.13323,0,0,-3.463580536,-1581.75902,9.76651714,0,15.03456293,511.271881,0.19561873,0,0
0,0.130104397,-1.010900197,9.22E-05,-659.8691332,6.697701853,82604.13323,0,0,-8.617957361,-1597.271468,10.56367223,0,12.70223517,928.6260574,0.193829657,0,0
0,0.13591842,-1.016191831,9.22E-05,-659.8691332,6.697701853,82604.13323,0,0,-2.826917415,-1597.993621,10.52900095,0,14.62173925,588.4764084,0.19270568,0,0
0,0.1395965,-0.998193194,9.22E-05,-659.8691332,6.697701853,82604.13323,0,0,-0.63843197,-1632.646585,10.34689753,0,12.83788569,607.6686825,0.196230814,0,0
0,0.146979276,-1.023532818,9.22E-05,-659.8691332,6.697701853,82604.13323,0,0,-8.713632051,-1620.638863,11.10343678,0,10.96320744,-134.9852417,0.191253205,0,0
0,0.151287701,-1.007350365,9.22E-05,-659.8691332,6.697701853,82604.13323,0,0,-2.252616124,-1632.523936,10.4801793,0,11.53132621,484.1907555,0.194329527,0,0
0,0.15740846,-1.015029349,9.22E-05,-659.8691332,6.697701853,82604.13323,0,0,1.411341164,-1638.680285,11.52648972,0,12.5798397,673.108407,0.192784206,0,0
0,0.16271033,-1.0153627,9.22E-05,-659.8691332,6.697701853,82604.13323,0,0,-8.321187383,-1640.264517,10.68000674,0,8.581686611,565.1797587,0.192707906,0,0
0,0.167246556,-1.004035252,9.22E-05,-659.8691332,6.697701853,82604.13323,0,0,-0.745808243,-1655.732293,10.88524153,0,9.219704106,630.4114957,0.194892378,0,0
0,0.174396548,-1.018122859,9.22E-05,-659.8691332,6.697701853,82604.13323,0,0,-3.841622575,-1647.204837,10.49303476,0,9.819379743,534.3723016,0.192098774,0,0
0,0.179501984,-1.003602159,9.22E-05,-659.8691332,6.697701853,82604.13323,0,0,-1.958053728,-1659.825757,10.4952351,0,6.944932787,359.6749366,0.194947167,0,0
0,0.184343887,-1.015590041,9.22E-05,-659.8691332,6.697701853,82604.13323,0,0,-4.337170018,-1658.265407,11.87141327,0,6.679586504,487.8158074,0.192660181,0,0
0,0.189305942,-1.01396772,9.22E-05,-659.8691332,6.697701853,82604.13323,0,0,-0.096802972,-1655.954376,10.46858515,0,9.527444856,266.3022656,0.192880136,0,0
0,0.194871824,-1.009817827,9.22E-05,-659.8691332,6.697701853,82604.13323,0,0,-2.67360869,-1660.865292,11.32146615,0,5.639350312,359.1768294,0.19368233,0,0
0,0.201173507,-1.014775506,9.22E-05,-659.8691332,6.697701853,82604.13323,0,0,-5.045767515,-1660.086311,10.91719188,0,6.023609635,698.4404046,0.192686231,0,0
0,0.205970824,-1.014994215,9.22E-05,-659.8691332,6.697701853,82604.13323,0,0,-3.180234108,-1661.917884,9.432842793,0,3.855220736,401.1027502,0.192617952,0,0
0,0.212565586,-1.012089822,9.22E-05,-659.8691332,6.697701853,82604.13323,0,0,-28.12849188,-1662.516669,12.68322853,0,-6.76687085,516.3590897,0.19322331,0,0
0,0.215785152,-1.018091809,9.22E-05,-659.8691332,6.697701853,82604.13323,0,0,-46.00765194,-1671.146512,9.867134945,0,-12.89786701,671.7157397,0.192018409,0,0
0,-0.208947029,-1.015527672,0.000114757,-215.2533655,6.697182381,82336,0,0,-8.125695406,543.8310327,-3.103240153,0,-1.723453678,-439.8651219,0.198740317,0,0
0,-0.203432454,-0.993781474,0.000114757,-215.2533655,6.697182381,82336,0,0,2.59958724,546.6642372,-2.538582489,0,2.662789535,-1106.236085,0.203169129,0,0
0,-0.19863562,-0.978709626,0.000114757,-215.2533655,6.697182381,82336,0,0,11.44243038,552.7198475,-2.604562981,0,7.067836425,-1334.506307,0.206380555,0,0
0,-0.193723664,-0.983679609,0.000114757,-215.2533655,6.697182381,82336,0,0,21.17911023,548.1361773,-2.656273729,0,9.857368167,-493.4400594,0.205426876,0,0
0,-0.187731399,-0.991246363,0.000114757,-215.2533655,6.697182381,82336,0,0,-1.535674334,548.2593149,-3.162074961,0,0.480991051,-873.72904,0.203763698,0,0
0,-0.182222859,-0.977482136,0.000114757,-215.2533655,6.697182381,82336,0,0,-8.997921535,552.3682398,-2.790745841,0,-3.526372339,-515.6084132,0.206693795,0,0
0,-0.177664204,-0.984962583,0.000114757,-215.2533655,6.697182381,82336,0,0,-8.535967828,546.4596827,-2.959249805,0,-2.864956813,782.998064,0.20504728,0,0
0,-0.172516657,-0.986233898,0.000114757,-215.2533655,6.697182381,82336,0,0,-7.912896422,547.8370974,-2.954439311,0,-3.249250449,-904.7926391,0.204812656,0,0
0,-0.166623167,-0.985519064,0.000114757,-215.2533655,6.697182381,82336,0,0,-14.63701563,548.8527497,-2.483013813,0,-6.333273923,-786.8550901,0.205107453,0,0
0,-0.161007274,-0.984483178,0.000114757,-215.2533655,6.697182381,82336,0,0,-9.852416903,547.4229549,-3.059759555,0,-3.914612315,-1134.259627,0.205175764,0,0
0,-0.156422524,-0.979668232,0.000114757,-215.2533655,6.697182381,82336,0,0,-3.209029373,551.8165522,-2.726587408,0,-1.206499591,107.9668955,0.206246907,0,0
0,-0.14980771,-0.99073034,0.000114757,-215.2533655,6.697182381,82336,0,0,-5.783229803,543.739667,-3.063224986,0,-2.535548304,120.9014473,0.203803156,0,0
0,-0.145159774,-0.978393389,0.000114757,-215.2533655,6.697182381,82336,0,0,-1.923390029,553.1086181,-3.039239298,0,-1.001268338,-1265.209573,0.206528884,0,0
0,-0.139217692,-1.013801311,0.000114757,-215.2533655,6.697182381,82336,0,0,-2.71831727,540.3868782,-3.006262315,0,-1.51860648,-1160.776895,0.199191147,0,0
0,-0.134353588,-0.979092829,0.000114757,-215.2533655,6.697182381,82336,0,0,-7.594285077,550.8527315,-2.809302996,0,-3.687268886,32.97690291,0.206293138,0,0
0,-0.12881307,-0.994977842,0.000114757,-215.2533655,6.697182381,82336,0,0,-7.492931964,548.3992909,-3.047395097,0,-4.011505313,607.7824171,0.203108474,0,0
0,-0.123499431,-0.993019254,0.000114757,-215.2533655,6.697182381,82336,0,0,-7.72508693,543.5622088,-2.831438453,0,-3.915125197,-573.5842716,0.203396646,0,0
0,-0.118445195,-1.001076167,0.000114757,-215.2533655,6.697182381,82336,0,0,-8.065343346,548.066644,-2.861378417,0,-5.098617395,-353.6866324,0.201872194,0,0
0,-0.112263819,-0.998507276,0.000114757,-215.2533655,6.697182381,82336,0,0,-6.179168382,545.5336262,-2.892497221,0,-4.429397891,-765.2747467,0.202308744,0,0
0,-0.10811594,-0.990056456,0.000114757,-215.2533655,6.697182381,82336,0,0,-10.33218569,541.5382333,-2.986948355,0,-5.03234266,-922.4569225,0.204020447,0,0
0,-0.102365291,-1.013087429,0.000114757,-215.2533655,6.697182381,82336,0,0,-6.217201032,550.5118424,-2.84038267,0,-5.15368643,-1199.81521,0.199317724,0,0
0,-0.096533478,-0.997737364,0.000114757,-215.2533655,6.697182381,82336,0,0,-8.069698646,533.6043847,-3.18435408,0,-4.830601146,-396.2250687,0.202404586,0,0
0,-0.091855744,-1.018012264,0.000114757,-215.2533655,6.697182381,82336,0,0,-7.251175233,536.7812131,-3.104425136,0,-5.401283692,-133.3862945,0.198589804,0,0
0,-0.086963097,-0.994978084,0.000114757,-215.2533655,6.697182381,82336,0,0,-8.272935546,545.9086709,-2.946763119,0,-5.865040693,-575.2625835,0.202902505,0,0
0,-0.081092286,-1.004847074,0.000114757,-215.2533655,6.697182381,82336,0,0,-6.407953222,513.7884741,-3.301371042,0,-4.294830965,-964.1741074,0.20120718,0,0
0,-0.07552834,-1.01633078,0.000114757,-215.2533655,6.697182381,82336,0,0,-7.819090428,524.5216621,-2.734381899,0,-7.153885081,-205.5330087,0.19868269,0,0
0,-0.06895779,-0.998737109,0.000114757,-215.2533655,6.697182381,82336,0,0,-9.40007121,487.2808525,-3.013113664,0,-5.156920123,-553.4261668,0.202300117,0,0
0,-0.063750641,-1.022442449,0.000114757,-215.2533655,6.697182381,82336,0,0,-4.907439381,501.7085574,-2.747541727,0,-5.648953829,-26.12841839,0.197588572,0,0
0,-0.059382145,-1.017651216,0.000114757,-215.2533655,6.697182381,82336,0,0,-13.46800085,468.0494224,-2.956370823,0,-7.834125083,-361.331331,0.198590589,0,0
0,-0.054588327,-0.987871702,0.000114757,-215.2533655,6.697182381,82336,0,0,-14.00457704,443.5766966,-3.392088196,0,-6.570798202,525.8182612,0.204487073,0,0
0,-0.048429103,-1.02142211,0.000114757,-215.2533655,6.697182381,82336,0,0,-5.716379591,449.2930955,-2.616616152,0,-5.611989429,-1169.151684,0.197753643,0,0
0,-0.042320901,-0.964858676,0.000114757,-215.2533655,6.697182381,82336,0,0,-13.88728281,401.9078344,-3.28372804,0,-5.956051781,-532.8448037,0.209505948,0,0
0,-0.038515605,-0.99878635,0.000114757,-215.2533655,6.697182381,82336,0,0,-12.07860661,377.5364044,-3.194925297,0,-6.390191189,-163.3786779,0.20196236,0,0
0,-0.032945661,-0.995720637,0.000114757,-215.2533655,6.697182381,82336,0,0,-14.39439962,373.176106,-2.427806677,0,-8.13567597,64.69294612,0.203100669,0,0
0,-0.027299549,-0.967290863,0.000114757,-215.2533655,6.697182381,82336,0,0,-14.46490791,311.6911059,-3.126851851,0,-3.930055652,-150.0504049,0.208839071,0,0
0,-0.021170218,-0.927342823,0.000114757,-215.2533655,6.697182381,82336,0,0,-13.45092804,300.2909734,-2.645605734,0,-5.669898153,-504.8078756,0.217598929,0,0
0,-0.016359055,-0.945869178,0.000114757,-215.2533655,6.697182381,82336,0,0,-22.38756723,224.7023076,-2.694874886,0,-5.732651733,-1287.304974,0.21364265,0,0
0,-0.010856019,-0.940309811,0.000114757,-215.2533655,6.697182381,82336,0,0,-13.82982456,167.9851989,-2.392023248,0,-1.656265345,-258.6287828,0.215167134,0,0
0,-0.005762871,-0.934404017,0.000114757,-215.2533655,6.697182381,82336,0,0,-19.03569595,90.96946887,-2.851810743,0,-2.81153008,-194.1784223,0.216149637,0,0
0,-0.000130622,-0.938178815,0.000114757,-215.2533655,6.697182381,82336,0,0,-22.29534473,-1.395849143,-2.683930036,0,-0.66298194,-362.2859087,0.215746794,0,0
0,0.005145332,-0.931697981,0.000114757,-215.2533655,6.697182381,82336,0,0,-11.01265636,-78.20921862,-3.150798307,0,3.546164667,519.8671801,0.217443834,0,0
0,0.010822251,-0.985611643,0.000114757,-215.2533655,6.697182381,82336,0,0,-24.69057618,-145.1070514,-2.577984328,0,-0.027210276,156.7637637,0.206220928,0,0
0,0.015516209,-0.979412534,0.000114757,-215.2533655,6.697182381,82336,0,0,-14.25630309,-206.1031342,-2.738902124,0,2.456587209,816.9021533,0.208138579,0,0
0,0.021385749,-1.012574717,0.000114757,-215.2533655,6.697182381,82336,0,0,-7.770754426,-246.0542383,-2.414720035,0,6.75136612,-268.8140129,0.200039294,0,0
0,0.026176364,-0.984592878,0.000114757,-215.2533655,6.697182381,82336,0,0,-17.60202824,-292.580322,-2.490642225,0,1.862670661,-242.6465739,0.208482927,0,0
0,0.031769953,-1.082031302,0.000114757,-215.2533655,6.697182381,82336,0,0,-9.246928077,-310.3943572,-2.657514609,0,4.155373568,998.9524659,0.18737114,0,0
0,0.037331515,-0.990693457,0.000114757,-215.2533655,6.697182381,82336,0,0,-9.33517736,-354.3682273,-2.720160563,0,5.262069426,5.812906428,0.205482513,0,0
0,0.043543103,-1.076463574,0.000114757,-215.2533655,6.697182381,82336,0,0,-6.078536251,-377.0551024,-3.503693738,0,5.262477332,850.8702919,0.189119426,0,0
0,0.047662966,-1.078619886,0.000114757,-215.2533655,6.697182381,82336,0,0,-5.652225757,-391.5256941,-2.973106698,0,4.862084064,120.3853696,0.188964399,0,0
0,0.052758683,-1.013702558,0.000114757,-215.2533655,6.697182381,82336,0,0,-7.613301331,-421.222845,-2.830914075,0,5.013635829,130.3645968,0.200259694,0,0
0,0.058143886,-1.059722241,0.000114757,-215.2533655,6.697182381,82336,0,0,1.229598467,-442.4721746,-3.058085366,0,7.15564393,54.92866377,0.191299381,0,0
0,0.065552879,-0.999313777,0.000114757,-215.2533655,6.697182381,82336,0,0,-1.445119403,-467.2212688,-3.15784331,0,6.442311554,304.4683183,0.202879263,0,0
0,0.069611915,-1.034695674,0.000114757,-215.2533655,6.697182381,82336,0,0,-1.24164821,-481.14202,-3.387591076,0,6.048864261,312.9967413,0.19581838,0,0
0,0.075769589,-0.995827687,0.000114757,-215.2533655,6.697182381,82336,0,0,1.265640315,-501.4294908,-3.413912307,0,6.546465384,1098.938545,0.204025015,0,0
0,0.0806131,-1.019416369,0.000114757,-215.2533655,6.697182381,82336,0,0,-4.082147765,-499.5868911,-3.21227941,0,4.490869597,848.6268383,0.198789778,0,0
0,0.08553406,-1.050909912,0.000114757,-215.2533655,6.697182381,82336,0,0,-1.042895085,-512.0816284,-2.994219929,0,4.748716031,-198.1447468,0.192671232,0,0
0,0.090828677,-0.966711537,0.000114757,-215.2533655,6.697182381,82336,0,0,1.060551616,-534.2468053,-3.804999542,0,5.57049935,513.6921423,0.209523029,0,0
0,0.096201693,-1.042503098,0.000114757,-215.2533655,6.697182381,82336,0,0,-4.019686915,-521.8009464,-3.054050307,0,3.663856575,49.24842713,0.194226766,0,0
0,0.102039852,-0.98225906,0.000114757,-215.2533655,6.697182381,82336,0,0,0.51687141,-542.937594,-3.606787185,0,4.496819311,94.53699978,0.206467939,0,0
0,0.107487427,-1.004062708,0.000114757,-215.2533655,6.697182381,82336,0,0,-1.710852983,-541.7301602,-3.478151854,0,3.847546029,477.9366016,0.201676944,0,0
0,0.11231584,-1.026583874,0.000114757,-215.2533655,6.697182381,82336,0,0,-0.658908514,-542.7211468,-3.473397306,0,4.015768393,-173.3077822,0.197665666,0,0
0,0.117991962,-0.979137478,0.000114757,-215.2533655,6.697182381,82336,0,0,-1.542230353,-553.9640516,-3.979673399,0,3.065735328,-136.0386946,0.206712866,0,0
0,0.124015404,-1.025010824,0.000114757,-215.2533655,6.697182381,82336,0,0,-0.344707117,-546.7522443,-3.60778063,0,3.710917658,-819.4069164,0.197670723,0,0
0,0.128013175,-1.00927051,0.000114757,-215.2533655,6.697182381,82336,0,0,1.70912309,-554.5079617,-3.614769597,0,4.169537059,-7.809182725,0.201293657,0,0
0,0.134143656,-1.006680497,0.000114757,-215.2533655,6.697182381,82336,0,0,1.049034194,-554.8778189,-3.690560845,0,3.613837199,-347.8850456,0.201025073,0,0
0,0.139704259,-1.005849234,0.000114757,-215.2533655,6.697182381,82336,0,0,3.801384444,-556.6941321,-3.878227776,0,4.708499253,404.9002377,0.201849534,0,0
0,0.144083468,-1.021369607,0.000114757,-215.2533655,6.697182381,82336,0,0,2.101789676,-558.8630003,-3.708714029,0,3.711123045,-414.7712098,0.198392503,0,0
0,0.150508625,-0.978731014,0.000114757,-215.2533655,6.697182381,82336,0,0,4.239816808,-563.1713205,-4.054091687,0,4.318528098,927.8514453,0.207049778,0,0
0,0.155455908,-1.039542406,0.000114757,-215.2533655,6.697182381,82336,0,0,0.811881659,-557.0132584,-3.554763226,0,2.58638542,632.3409214,0.19499948,0,0
0,0.161068296,-0.983293867,0.000114757,-215.2533655,6.697182381,82336,0,0,2.496243141,-565.8237984,-3.921595124,0,3.378624138,121.1014551,0.206032356,0,0
0,0.166566948,-1.001634203,0.000114757,-215.2533655,6.697182381,82336,0,0,-0.365586761,-563.022402,-3.736113584,0,1.79360175,543.6693902,0.202379818,0,0
0,0.171082388,-1.040943204,0.000114757,-215.2533655,6.697182381,82336,0,0,-3.043506278,-559.6810909,-3.549527434,0,0.925096929,288.9149363,0.194770683,0,0
0,0.176274403,-0.96690408,0.000114757,-215.2533655,6.697182381,82336,0,0,-2.380513764,-571.0995019,-3.930432015,0,0.214826749,-106.4819723,0.209645586,0,0
0,0.181975538,-0.997376254,0.000114757,-215.2533655,6.697182381,82336,0,0,-5.140753883,-570.9006317,-4.480495846,0,-0.39864459,639.4709278,0.203299298,0,0
0,0.187261708,-1.016291635,0.000114757,-215.2533655,6.697182381,82336,0,0,-0.858686452,-566.8708037,-3.532577797,0,1.260442839,-319.7016897,0.19985059,0,0
0,0.193376934,-0.99688475,0.000114757,-215.2533655,6.697182381,82336,0,0,1.472207593,-572.4057399,-4.082693471,0,1.872326124,248.677621,0.203261494,0,0
0,0.198493458,-1.017177181,0.000114757,-215.2533655,6.697182381,82336,0,0,6.226617873,-569.9030638,-3.876576806,0,4.006452147,147.7529109,0.199403234,0,0
0,0.204047478,-1.016879126,0.000114757,-215.2533655,6.697182381,82336,0,0,5.994429149,-569.2151128,-3.759610857,0,4.466892083,1049.784722,0.199120605,0,0
0,0.208881397,-1.038330507,0.000114757,-215.2533655,6.697182381,82336,0,0,2.368049103,-566.1021551,-3.978919839,0,3.034526828,-8.865742828,0.194799919,0,0
0,0.213077392,-1.058640416,0.000114757,-215.2533655,6.697182381,82336,0,0,5.309530544,-566.7609182,-2.700214713,0,3.581547385,299.6828351,0.191041171,0,0
0,-0.212430888,-0.985632576,8.87E-05,-1106.323176,6.698042287,82994.94787,0,0,-23.34332144,2646.650553,-46.27712222,0,-12.7109366,-1349.465996,0.18776277,0,0
0,-0.208517512,-0.9867053,8.87E-05,-1106.323176,6.698042287,82994.94787,0,0,19.80008735,2649.126333,-47.01665333,0,7.746941353,-532.2295588,0.187502,0,0
0,-0.202431867,-0.992868187,8.87E-05,-1106.323176,6.698042287,82994.94787,0,0,-58.81167718,2618.523388,-46.71596739,0,-29.21510507,-1432.939114,0.186265635,0,0
0,-0.197293209,-0.986800208,8.87E-05,-1106.323176,6.698042287,82994.94787,0,0,-18.08042934,2638.931647,-46.94073516,0,-11.69689735,-747.4099335,0.187533249,0,0
0,-0.191693621,-0.984682659,8.87E-05,-1106.323176,6.698042287,82994.94787,0,0,-21.32432954,2636.640684,-46.66695809,0,-14.67607812,-1334.208888,0.188039,0,0
0,-0.186400938,-0.985448027,8.87E-05,-1106.323176,6.698042287,82994.94787,0,0,-32.08142584,2619.387223,-46.29718597,0,-21.62287986,-434.2850703,0.187948398,0,0
0,-0.181485966,-0.986530045,8.87E-05,-1106.323176,6.698042287,82994.94787,0,0,-42.2734477,2624.147459,-47.40871159,0,-26.44023202,-924.9179781,0.187740397,0,0
0,-0.176295359,-0.986680443,8.87E-05,-1106.323176,6.698042287,82994.94787,0,0,-24.81610642,2597.380608,-45.90015426,0,-20.65579615,-716.8334201,0.187803743,0,0
0,-0.170330817,-0.986689255,8.87E-05,-1106.323176,6.698042287,82994.94787,0,0,-30.67538318,2605.864753,-46.84042283,0,-22.98880143,-1339.838859,0.18780166,0,0
0,-0.164839543,-0.987845384,8.87E-05,-1106.323176,6.698042287,82994.94787,0,0,-36.30727325,2578.44936,-46.28130284,0,-28.86256669,-885.9314232,0.187667628,0,0
0,-0.159329022,-0.99017066,8.87E-05,-1106.323176,6.698042287,82994.94787,0,0,-28.60757291,2572.578994,-46.17119617,0,-26.23040652,-1052.726248,0.187251241,0,0
0,-0.15408906,-0.986376865,8.87E-05,-1106.323176,6.698042287,82994.94787,0,0,-29.38549831,2578.631588,-46.55042729,0,-28.20994606,-1021.816098,0.188141635,0,0
0,-0.14853064,-0.991864188,8.87E-05,-1106.323176,6.698042287,82994.94787,0,0,-35.29674987,2538.083483,-45.93279427,0,-34.50589032,-262.4147548,0.187065649,0,0
0,-0.142997692,-0.996490289,8.87E-05,-1106.323176,6.698042287,82994.94787,0,0,-31.15473136,2522.713865,-46.15795421,0,-33.59380572,-1399.242873,0.186252654,0,0
0,-0.137401129,-0.989735513,8.87E-05,-1106.323176,6.698042287,82994.94787,0,0,-26.28605237,2511.689087,-45.02540677,0,-35.38979919,-407.4210622,0.187802097,0,0
0,-0.132073221,-1.000150996,8.87E-05,-1106.323176,6.698042287,82994.94787,0,0,-37.96145943,2472.00027,-45.63742758,0,-41.50823504,-1093.512416,0.185839057,0,0
0,-0.126720677,-0.989420302,8.87E-05,-1106.323176,6.698042287,82994.94787,0,0,-27.03098146,2476.129898,-44.84070712,0,-40.0196177,-1928.137943,0.188247084,0,0
0,-0.121382923,-0.999557574,8.87E-05,-1106.323176,6.698042287,82994.94787,0,0,-30.79925395,2412.439329,-44.7020788,0,-42.37143179,-1577.890912,0.18637749,0,0
0,-0.115709018,-0.995872565,8.87E-05,-1106.323176,6.698042287,82994.94787,0,0,-33.66551538,2391.786891,-44.22283737,0,-45.7232601,-801.4616948,0.187433259,0,0
0,-0.109945205,-0.992766599,8.87E-05,-1106.323176,6.698042287,82994.94787,0,0,-29.08489171,2359.774722,-43.4213208,0,-47.09808353,-1059.384496,0.188323156,0,0
0,-0.105181218,-1.006217348,8.87E-05,-1106.323176,6.698042287,82994.94787,0,0,-31.51988065,2274.888975,-42.73834794,0,-49.51418059,-699.1307221,0.185963549,0,0
0,-0.099095983,-0.998089214,8.87E-05,-1106.323176,6.698042287,82994.94787,0,0,-29.81276407,2240.73656,-41.33314931,0,-51.08933454,-1104.634132,0.187799915,0,0
0,-0.094210712,-1.001637661,8.87E-05,-1106.323176,6.698042287,82994.94787,0,0,-31.06418209,2192.276511,-41.637694,0,-53.66421868,-1390.877481,0.187456447,0,0
0,-0.088702473,-0.992856683,8.87E-05,-1106.323176,6.698042287,82994.94787,0,0,-29.60298511,2165.877848,-39.34688793,0,-55.61717485,-1539.308991,0.189467546,0,0
0,-0.083273898,-0.992795349,8.87E-05,-1106.323176,6.698042287,82994.94787,0,0,-30.23292778,2097.615313,-38.71794127,0,-57.54722502,-976.5765121,0.189620078,0,0
0,-0.077867119,-0.999806133,8.87E-05,-1106.323176,6.698042287,82994.94787,0,0,-33.7768183,2001.607544,-37.9384243,0,-59.35817097,-1149.362112,0.188644243,0,0
0,-0.07166901,-0.980042085,8.87E-05,-1106.323176,6.698042287,82994.94787,0,0,-29.57265419,1982.73252,-36.2775318,0,-61.03872729,-696.1043362,0.192742532,0,0
0,-0.066768889,-1.00275372,8.87E-05,-1106.323176,6.698042287,82994.94787,0,0,-36.43481706,1812.341733,-34.09736215,0,-60.30769441,-600.2157818,0.188567633,0,0
0,-0.060812294,-0.974233482,8.87E-05,-1106.323176,6.698042287,82994.94787,0,0,-35.0373361,1817.076659,-32.32603513,0,-61.60315425,28.9801833,0.194755917,0,0
0,-0.055671158,-0.989258041,8.87E-05,-1106.323176,6.698042287,82994.94787,0,0,-38.0496436,1651.439922,-30.71714922,0,-59.55517428,-420.1760539,0.191729447,0,0
0,-0.050541289,-0.997601857,8.87E-05,-1106.323176,6.698042287,82994.94787,0,0,-39.94648102,1515.677078,-28.54580636,0,-57.49870325,-1180.485684,0.190633584,0,0
0,-0.044930166,-0.979523077,8.87E-05,-1106.323176,6.698042287,82994.94787,0,0,-38.88127279,1444.751045,-26.49650381,0,-56.49337384,-734.1479245,0.194335473,0,0
0,-0.039238199,-0.993349106,8.87E-05,-1106.323176,6.698042287,82994.94787,0,0,-45.42117776,1257.181525,-23.23587684,0,-51.59979307,-985.1208028,0.191934948,0,0
0,-0.033935201,-0.982814684,8.87E-05,-1106.323176,6.698042287,82994.94787,0,0,-45.48494208,1140.125263,-22.11150422,0,-50.02309268,-968.7813612,0.194386414,0,0
0,-0.028461925,-0.990358454,8.87E-05,-1106.323176,6.698042287,82994.94787,0,0,-55.7878251,954.7221004,-17.8039766,0,-45.21925208,-810.0293751,0.192872132,0,0
0,-0.02316028,-0.988074286,8.87E-05,-1106.323176,6.698042287,82994.94787,0,0,-44.72218696,781.653063,-15.56089608,0,-33.46277109,-377.1959299,0.193780756,0,0
0,-0.017521429,-0.993578386,8.87E-05,-1106.323176,6.698042287,82994.94787,0,0,-56.0708014,581.3305094,-13.04678243,0,-28.55554221,-758.4899641,0.192385333,0,0
0,-0.011774405,-0.991712808,8.87E-05,-1106.323176,6.698042287,82994.94787,0,0,-67.48203062,413.8802828,-10.25794083,0,-25.06912848,541.8963695,0.192854519,0,0
0,-0.006672866,-1.005402677,8.87E-05,-1106.323176,6.698042287,82994.94787,0,0,-60.67190753,209.4906635,-6.549418668,0,-12.05026087,-194.0007609,0.190145109,0,0
0,-0.00126268,-0.996253289,8.87E-05,-1106.323176,6.698042287,82994.94787,0,0,-55.20147122,17.81423706,-4.719257722,0,-0.715189684,-373.9309202,0.191971594,0,0
0,0.004493834,-1.00556764,8.87E-05,-1106.323176,6.698042287,82994.94787,0,0,-54.59365027,-165.6256487,-1.351704196,0,7.055442,127.1994659,0.19032145,0,0
0,0.009982319,-1.009809907,8.87E-05,-1106.323176,6.698042287,82994.94787,0,0,-63.04332918,-341.1331677,1.638376677,0,11.78659686,114.9559751,0.189548312,0,0
0,0.01546427,-1.01139676,8.87E-05,-1106.323176,6.698042287,82994.94787,0,0,-49.29674289,-521.0922766,3.195493744,0,22.19251471,235.2062024,0.189311551,0,0
0,0.020867733,-1.018819352,8.87E-05,-1106.323176,6.698042287,82994.94787,0,0,-44.69837221,-677.3128849,6.781823376,0,30.89677649,587.845532,0.187830153,0,0
0,0.02633819,-1.012261658,8.87E-05,-1106.323176,6.698042287,82994.94787,0,0,-41.094934,-852.5254555,8.585188385,0,35.22625031,489.5034666,0.189089366,0,0
0,0.031822659,-1.01499388,8.87E-05,-1106.323176,6.698042287,82994.94787,0,0,-38.26507572,-988.9381444,11.09678029,0,38.89426632,0.0005042,0.188624184,0,0
0,0.037367119,-1.017348601,8.87E-05,-1106.323176,6.698042287,82994.94787,0,0,-38.26108792,-1128.753895,14.28408962,0,43.28187156,-601.5191447,0.188060722,0,0
0,0.042365948,-0.997250816,8.87E-05,-1106.323176,6.698042287,82994.94787,0,0,-22.72810962,-1316.037895,14.69574787,0,48.99926758,17.42884452,0.19214858,0,0
0,0.048067637,-1.014118368,8.87E-05,-1106.323176,6.698042287,82994.94787,0,0,-27.76002402,-1413.160354,17.85890829,0,52.50347469,574.8598321,0.188826501,0,0
0,0.053280646,-0.9925567,8.87E-05,-1106.323176,6.698042287,82994.94787,0,0,-29.31226092,-1567.014618,20.10131264,0,50.25806567,839.6000308,0.192918847,0,0
0,0.058946393,-0.988730689,8.87E-05,-1106.323176,6.698042287,82994.94787,0,0,-22.18556473,-1719.729831,21.84107622,0,57.90837096,644.1323135,0.193580386,0,0
0,0.06439193,-1.004584662,8.87E-05,-1106.323176,6.698042287,82994.94787,0,0,-20.609366,-1768.424939,23.45341759,0,57.86637679,587.9465514,0.189944338,0,0
0,0.069821991,-0.992791927,8.87E-05,-1106.323176,6.698042287,82994.94787,0,0,-23.05994708,-1903.458583,25.22972153,0,56.98364014,733.1002299,0.191961598,0,0
0,0.07556898,-0.998750914,8.87E-05,-1106.323176,6.698042287,82994.94787,0,0,-17.50602307,-2008.845693,26.93648522,0,59.77189723,767.2438094,0.190727705,0,0
0,0.080435014,-1.008093865,8.87E-05,-1106.323176,6.698042287,82994.94787,0,0,-20.6709017,-2010.901775,28.0283243,0,55.93751325,324.5148721,0.188303526,0,0
0,0.086250499,-1.002638514,8.87E-05,-1106.323176,6.698042287,82994.94787,0,0,-17.13564523,-2149.138421,29.92666016,0,57.94301163,657.8325238,0.189375881,0,0
0,0.091622843,-1.013653098,8.87E-05,-1106.323176,6.698042287,82994.94787,0,0,-14.73532862,-2153.900769,30.92587751,0,54.60489971,588.1096891,0.187004701,0,0
0,0.097102155,-1.005439747,8.87E-05,-1106.323176,6.698042287,82994.94787,0,0,-14.92789932,-2243.205755,31.83074459,0,52.70519452,232.5783901,0.188307809,0,0
0,0.102910776,-1.006918415,8.87E-05,-1106.323176,6.698042287,82994.94787,0,0,-11.77239016,-2326.362083,33.04053816,0,51.62200883,790.2120396,0.188090237,0,0
0,0.107849293,-1.022031136,8.87E-05,-1106.323176,6.698042287,82994.94787,0,0,-16.19875519,-2269.680705,34.38799031,0,47.45717758,785.0077539,0.184586077,0,0
0,0.113981419,-0.994262915,8.87E-05,-1106.323176,6.698042287,82994.94787,0,0,-13.3713074,-2479.872548,35.07231822,0,46.99349823,636.784288,0.190059956,0,0
0,0.119261319,-1.02489796,8.87E-05,-1106.323176,6.698042287,82994.94787,0,0,-15.09872203,-2366.987639,35.67914134,0,45.02601169,646.1846085,0.183707757,0,0
0,0.124328269,-1.001450881,8.87E-05,-1106.323176,6.698042287,82994.94787,0,0,-13.93497049,-2519.558349,36.05592658,0,43.84588736,685.4934263,0.188055837,0,0
0,0.130199224,-1.008796585,8.87E-05,-1106.323176,6.698042287,82994.94787,0,0,-14.67544592,-2535.514186,36.98360922,0,40.5964218,633.2617763,0.186672983,0,0
0,0.134560434,-1.013229436,8.87E-05,-1106.323176,6.698042287,82994.94787,0,0,-14.48824025,-2509.279213,37.43624526,0,40.60259915,557.8623307,0.185171036,0,0
0,0.141527262,-1.007874853,8.87E-05,-1106.323176,6.698042287,82994.94787,0,0,-12.00848567,-2629.893757,38.7388146,0,39.14707541,195.6474645,0.186486774,0,0
0,0.145608628,-1.012669015,8.87E-05,-1106.323176,6.698042287,82994.94787,0,0,-16.99295946,-2566.333091,37.61150451,0,34.69410248,765.9233116,0.185124283,0,0
0,0.151566761,-1.007495929,8.87E-05,-1106.323176,6.698042287,82994.94787,0,0,-14.68805782,-2647.637679,39.55198201,0,34.48382685,543.3188324,0.186073659,0,0
0,0.157353138,-1.009668589,8.87E-05,-1106.323176,6.698042287,82994.94787,0,0,-11.88099467,-2637.458504,38.68112119,0,32.93366105,690.0509573,0.18552373,0,0
0,0.162566673,-1.000739049,8.87E-05,-1106.323176,6.698042287,82994.94787,0,0,-19.03713878,-2672.683349,39.60468539,0,27.59612815,915.5135901,0.187168353,0,0
0,0.168682279,-1.017267374,8.87E-05,-1106.323176,6.698042287,82994.94787,0,0,-13.89551378,-2652.232436,40.12083229,0,30.74513701,781.0914131,0.183802143,0,0
0,0.172853959,-0.995996124,8.87E-05,-1106.323176,6.698042287,82994.94787,0,0,-8.55172446,-2702.101194,38.66496873,0,25.62551674,580.491063,0.188063987,0,0
0,0.179379898,-1.015472932,8.87E-05,-1106.323176,6.698042287,82994.94787,0,0,-19.25842971,-2682.187224,40.7520574,0,24.13526301,569.7608676,0.184133129,0,0
0,0.184309891,-1.008362294,8.87E-05,-1106.323176,6.698042287,82994.94787,0,0,-12.44267782,-2688.08731,39.30219179,0,23.32376032,537.7393374,0.185474609,0,0
0,0.189975764,-1.007458931,8.87E-05,-1106.323176,6.698042287,82994.94787,0,0,-8.287146461,-2699.161784,40.45778818,0,23.48205032,452.455506,0.185634073,0,0
0,0.195344502,-1.013443847,8.87E-05,-1106.323176,6.698042287,82994.94787,0,0,-25.11117171,-2691.123439,39.75067523,0,17.27500662,462.9932732,0.184374889,0,0
0,0.200984295,-1.0066601,8.87E-05,-1106.323176,6.698042287,82994.94787,0,0,-19.22751288,-2703.890611,39.6994596,0,13.62627715,479.8508258,0.185743551,0,0
0,0.206597822,-1.014316664,8.87E-05,-1106.323176,6.698042287,82994.94787,0,0,-7.632167487,-2705.858193,40.03866775,0,21.52595492,673.1445085,0.184163083,0,0
0,0.211729767,-1.005454717,8.87E-05,-1106.323176,6.698042287,82994.94787,0,0,-51.43957758,-2688.527037,36.05571684,0,-4.165167134,416.5317004,0.185710663,0,0
0,0.215951246,-1.002013061,8.87E-05,-1106.323176,6.698042287,82994.94787,0,0,-12.28039729,-2712.997028,38.56600122,0,15.52580153,610.9826798,0.186455806,0,0
0,-0.211097827,-0.994998949,9.49E-05,-436.8296709,6.698533403,82293.94864,0,0,14.73856817,1100.201185,-8.486978848,0,10.464228,-617.7862572,0.199233657,0,0
0,-0.206633557,-1.000816192,9.49E-05,-436.8296709,6.698533403,82293.94864,0,0,15.17910571,1098.802505,-7.614312589,0,9.5535856,-393.1192196,0.198103179,0,0
0,-0.19998263,-0.992568322,9.49E-05,-436.8296709,6.698533403,82293.94864,0,0,-9.723291348,1090.500049,-9.106129858,0,-2.142376991,-815.5422053,0.199745213,0,0
0,-0.19421311,-0.987564608,9.49E-05,-436.8296709,6.698533403,82293.94864,0,0,-12.62344959,1103.62489,-9.051441506,0,-2.759814734,-22.57986833,0.200772462,0,0
0,-0.188751472,-0.984652207,9.49E-05,-436.8296709,6.698533403,82293.94864,0,0,-6.468403111,1097.808907,-8.008733581,0,-2.030280843,359.9227056,0.201436339,0,0
0,-0.183592516,-0.995326414,9.49E-05,-436.8296709,6.698533403,82293.94864,0,0,-12.42570951,1088.84642,-8.890856562,0,-4.432961985,-167.6972197,0.199256779,0,0
0,-0.1789923,-0.99354145,9.49E-05,-436.8296709,6.698533403,82293.94864,0,0,-20.65577257,1096.319769,-8.595182606,0,-7.316798359,-472.914282,0.199589023,0,0
0,-0.173822153,-0.98171158,9.49E-05,-436.8296709,6.698533403,82293.94864,0,0,-6.751840745,1094.234378,-8.081814709,0,-2.582283638,-7.337529244,0.202046392,0,0
0,-0.167583266,-0.995444431,9.49E-05,-436.8296709,6.698533403,82293.94864,0,0,-11.43434512,1092.852848,-9.290628759,0,-3.251025828,117.7849317,0.199208804,0,0
0,-0.162305675,-0.988551133,9.49E-05,-436.8296709,6.698533403,82293.94864,0,0,-12.56145812,1088.496592,-8.316547021,0,-6.219030197,-549.2129126,0.200708954,0,0
0,-0.155948572,-0.998636418,9.49E-05,-436.8296709,6.698533403,82293.94864,0,0,-8.013847418,1082.406509,-8.851994112,0,-2.951693812,305.9535325,0.198550728,0,0
0,-0.151065354,-0.995336029,9.49E-05,-436.8296709,6.698533403,82293.94864,0,0,-10.56156544,1084.335477,-8.448578569,0,-5.729214275,-663.6984956,0.199351681,0,0
0,-0.146639012,-0.984900639,9.49E-05,-436.8296709,6.698533403,82293.94864,0,0,-12.3753446,1089.055904,-8.20593267,0,-6.871603523,-1071.188662,0.201438186,0,0
0,-0.141351005,-1.000806041,9.49E-05,-436.8296709,6.698533403,82293.94864,0,0,-14.95813109,1073.496429,-8.900057023,0,-7.20455161,-603.0275252,0.198192967,0,0
0,-0.135564368,-0.98744799,9.49E-05,-436.8296709,6.698533403,82293.94864,0,0,-7.257225738,1082.97685,-8.194760911,0,-6.150674485,-1342.412876,0.2009629,0,0
0,-0.129229651,-1.001992281,9.49E-05,-436.8296709,6.698533403,82293.94864,0,0,-16.99172573,1061.354766,-8.724808739,0,-9.050892049,-621.9890328,0.197980379,0,0
0,-0.123472889,-0.983796232,9.49E-05,-436.8296709,6.698533403,82293.94864,0,0,-7.427129566,1081.25622,-8.639338443,0,-7.909171936,-743.8619127,0.201752618,0,0
0,-0.119588224,-0.991837461,9.49E-05,-436.8296709,6.698533403,82293.94864,0,0,-7.016755071,1073.836315,-8.480332306,0,-7.209661149,-406.2428944,0.200011598,0,0
0,-0.114849039,-1.001470041,9.49E-05,-436.8296709,6.698533403,82293.94864,0,0,-12.63602326,1047.846691,-8.955646242,0,-9.128547656,-1161.107998,0.19819309,0,0
0,-0.108400511,-0.979311114,9.49E-05,-436.8296709,6.698533403,82293.94864,0,0,-10.28179881,1079.744138,-8.432785249,0,-11.0590969,-54.58033934,0.202716395,0,0
0,-0.102588553,-0.994572975,9.49E-05,-436.8296709,6.698533403,82293.94864,0,0,-11.30047172,1029.17859,-8.678388444,0,-9.681458549,-810.0073557,0.199558991,0,0
0,-0.097148767,-0.987066338,9.49E-05,-436.8296709,6.698533403,82293.94864,0,0,-12.03178926,1054.557387,-8.219930871,0,-12.36958948,-241.9198656,0.201295941,0,0
0,-0.09255122,-0.977800159,9.49E-05,-436.8296709,6.698533403,82293.94864,0,0,-11.45431362,1047.133682,-8.145153392,0,-12.68100111,-542.588335,0.203050551,0,0
0,-0.087644895,-0.998228165,9.49E-05,-436.8296709,6.698533403,82293.94864,0,0,-10.78256403,997.3520256,-8.786432362,0,-11.37247551,-217.0677353,0.198983494,0,0
0,-0.08179431,-0.981520563,9.49E-05,-436.8296709,6.698533403,82293.94864,0,0,-11.97394705,1031.782768,-7.653967574,0,-15.26165495,-609.8341291,0.202393374,0,0
0,-0.07562142,-0.995340698,9.49E-05,-436.8296709,6.698533403,82293.94864,0,0,-15.87207727,950.6440197,-8.495309685,0,-13.78164633,-226.9933802,0.199536152,0,0
0,-0.070160554,-0.988223398,9.49E-05,-436.8296709,6.698533403,82293.94864,0,0,-12.69210763,983.4651949,-7.788168589,0,-16.32702263,-927.5876934,0.201110853,0,0
0,-0.064610261,-0.989344005,9.49E-05,-436.8296709,6.698533403,82293.94864,0,0,-14.38073932,903.2023335,-8.214757527,0,-14.33592481,-1108.261594,0.200681056,0,0
0,-0.0593031,-0.995841128,9.49E-05,-436.8296709,6.698533403,82293.94864,0,0,-13.31852604,892.7150295,-7.795298006,0,-14.97574875,-717.3704197,0.199531525,0,0
0,-0.054352637,-1.004850159,9.49E-05,-436.8296709,6.698533403,82293.94864,0,0,-16.09014744,833.182903,-7.286449734,0,-15.94770402,-1240.601808,0.197649649,0,0
0,-0.048937752,-0.991915783,9.49E-05,-436.8296709,6.698533403,82293.94864,0,0,-21.07236936,789.1151247,-8.154919434,0,-15.40143879,-600.3234825,0.200234972,0,0
0,-0.043998977,-1.006457095,9.49E-05,-436.8296709,6.698533403,82293.94864,0,0,-12.39085573,761.1782767,-7.279899506,0,-14.2431543,-656.832975,0.19740035,0,0
0,-0.037906632,-0.99246561,9.49E-05,-436.8296709,6.698533403,82293.94864,0,0,-20.38902521,687.4134259,-7.455747605,0,-14.23673706,-74.03264571,0.200129313,0,0
0,-0.032583639,-1.004211526,9.49E-05,-436.8296709,6.698533403,82293.94864,0,0,-24.87096523,627.8849525,-6.892598129,0,-16.14102804,-655.0349204,0.197823833,0,0
0,-0.027322151,-1.002907955,9.49E-05,-436.8296709,6.698533403,82293.94864,0,0,-16.97751959,555.2660775,-6.831431505,0,-10.43084614,-88.53797036,0.198078037,0,0
0,-0.021920589,-0.983381093,9.49E-05,-436.8296709,6.698533403,82293.94864,0,0,-24.83628896,464.5658827,-6.767551944,0,-10.3524885,-60.94664447,0.202048296,0,0
0,-0.016565569,-0.991830644,9.49E-05,-436.8296709,6.698533403,82293.94864,0,0,-28.43676876,373.5660713,-5.823687339,0,-11.33141871,218.3697184,0.200380914,0,0
0,-0.010984571,-0.96066642,9.49E-05,-436.8296709,6.698533403,82293.94864,0,0,-31.34450097,274.3843721,-5.266940702,0,-7.096092338,-485.3540231,0.206978126,0,0
0,-0.005751488,-0.951279841,9.49E-05,-436.8296709,6.698533403,82293.94864,0,0,-30.62722705,143.9971531,-4.456956136,0,-4.757752561,-259.6490485,0.209825086,0,0
0,-0.000501008,-0.947740161,9.49E-05,-436.8296709,6.698533403,82293.94864,0,0,-30.3912586,3.892039448,-2.889388253,0,-1.117392768,-619.431198,0.210504974,0,0
0,0.004873188,-0.936437632,9.49E-05,-436.8296709,6.698533403,82293.94864,0,0,-21.81906123,-122.40869,-3.14622136,0,4.722667427,155.1876684,0.213237307,0,0
0,0.010807072,-1.003606973,9.49E-05,-436.8296709,6.698533403,82293.94864,0,0,-33.67524268,-234.1973659,-2.482271805,0,2.816886683,-6.479462588,0.198647462,0,0
0,0.016326498,-1.009801092,9.49E-05,-436.8296709,6.698533403,82293.94864,0,0,-25.37130055,-342.9406997,-2.005977009,0,6.666261425,30.39201734,0.198101483,0,0
0,0.021494524,-1.034037672,9.49E-05,-436.8296709,6.698533403,82293.94864,0,0,-9.44388207,-419.5197682,-1.518748517,0,14.03269119,538.8111171,0.192829486,0,0
0,0.026865792,-1.042469137,9.49E-05,-436.8296709,6.698533403,82293.94864,0,0,-23.31030808,-488.2822871,-0.629464489,0,9.722485143,320.6687274,0.19154778,0,0
0,0.031959771,-1.029081856,9.49E-05,-436.8296709,6.698533403,82293.94864,0,0,-17.81114336,-572.9787284,-0.433907556,0,9.633126744,408.5668473,0.194040364,0,0
0,0.038194632,-1.042188696,9.49E-05,-436.8296709,6.698533403,82293.94864,0,0,-8.933008798,-622.106477,0.590273786,0,14.80236994,216.8811637,0.191221712,0,0
0,0.043058925,-1.013144388,9.49E-05,-436.8296709,6.698533403,82293.94864,0,0,-12.94309909,-702.9484869,-0.06419365,0,12.04814437,144.5476717,0.196934624,0,0
0,0.04864462,-1.013513456,9.49E-05,-436.8296709,6.698533403,82293.94864,0,0,-6.80872646,-755.0890684,1.332529098,0,14.95276327,-263.2264449,0.196718238,0,0
0,0.054809636,-1.017321877,9.49E-05,-436.8296709,6.698533403,82293.94864,0,0,-8.330846042,-802.8392854,0.727286222,0,13.49001551,174.5286492,0.196060312,0,0
0,0.05908633,-0.983863396,9.49E-05,-436.8296709,6.698533403,82293.94864,0,0,-12.70614823,-860.6346476,0.333634502,0,10.49674303,490.6178779,0.202613873,0,0
0,0.065155701,-1.030334493,9.49E-05,-436.8296709,6.698533403,82293.94864,0,0,-7.339514409,-880.6325401,1.335860742,0,14.38510538,484.481887,0.193464374,0,0
0,0.069179202,-0.999790745,9.49E-05,-436.8296709,6.698533403,82293.94864,0,0,-2.4509903,-919.6752443,0.935371299,0,14.93049524,165.4119377,0.199521142,0,0
0,0.075441953,-1.002304285,9.49E-05,-436.8296709,6.698533403,82293.94864,0,0,-12.5760002,-966.0125389,0.637752789,0,11.08915115,457.0285122,0.198892871,0,0
0,0.081605858,-1.005551883,9.49E-05,-436.8296709,6.698533403,82293.94864,0,0,-3.305949105,-981.1962823,1.168815082,0,13.17303533,218.5266221,0.198441174,0,0
0,0.086954901,-0.990701965,9.49E-05,-436.8296709,6.698533403,82293.94864,0,0,-4.982762866,-1015.8953,0.548920213,0,11.73535768,-54.26959756,0.201227276,0,0
0,0.092552011,-0.986585653,9.49E-05,-436.8296709,6.698533403,82293.94864,0,0,0.323567235,-1052.778268,0.556833064,0,12.71002636,144.6100633,0.2023157,0,0
0,0.096044543,-1.006885351,9.49E-05,-436.8296709,6.698533403,82293.94864,0,0,-4.7512511,-1022.359208,1.21713457,0,11.38251825,13.23671411,0.198060429,0,0
0,0.102991233,-0.98079452,9.49E-05,-436.8296709,6.698533403,82293.94864,0,0,0.155946792,-1074.881602,0.05473035,0,11.6489116,457.7507877,0.203430211,0,0
0,0.1083932,-1.008816865,9.49E-05,-436.8296709,6.698533403,82293.94864,0,0,-2.298350227,-1063.508542,1.297879416,0,10.19609197,-43.72655519,0.197711015,0,0
0,0.112615752,-1.004052721,9.49E-05,-436.8296709,6.698533403,82293.94864,0,0,-4.37939333,-1060.552177,0.835759232,0,9.464649433,416.4689784,0.198466013,0,0
0,0.118772023,-0.988300918,9.49E-05,-436.8296709,6.698533403,82293.94864,0,0,1.142577837,-1100.391239,0.449803738,0,9.585524225,503.0809047,0.201828778,0,0
0,0.123788855,-1.017926888,9.49E-05,-436.8296709,6.698533403,82293.94864,0,0,-3.101773841,-1071.451233,1.44196834,0,8.37300322,929.6514376,0.195801498,0,0
0,0.13045197,-0.990841394,9.49E-05,-436.8296709,6.698533403,82293.94864,0,0,-0.182672615,-1106.991982,0.218597388,0,8.059335143,285.4152478,0.201143689,0,0
0,0.135424142,-1.002950661,9.49E-05,-436.8296709,6.698533403,82293.94864,0,0,1.43745592,-1108.383915,1.051264383,0,8.067523485,640.0509156,0.198685046,0,0
0,0.139511559,-1.031827047,9.49E-05,-436.8296709,6.698533403,82293.94864,0,0,-0.250844075,-1086.042515,1.425095618,0,8.700719398,562.7184657,0.193090266,0,0
0,0.146097656,-0.991524796,9.49E-05,-436.8296709,6.698533403,82293.94864,0,0,-0.390188369,-1124.245383,0.384196956,0,6.183473009,-62.24291155,0.201004348,0,0
0,0.151011599,-1.020796038,9.49E-05,-436.8296709,6.698533403,82293.94864,0,0,-0.056696266,-1108.808136,1.48751363,0,7.044725992,206.8726476,0.195105862,0,0
0,0.157450415,-1.004562361,9.49E-05,-436.8296709,6.698533403,82293.94864,0,0,-1.427303538,-1128.846141,0.735585661,0,6.144269354,502.7691184,0.198276013,0,0
0,0.161971406,-0.997059779,9.49E-05,-436.8296709,6.698533403,82293.94864,0,0,2.322511987,-1131.635811,1.095298181,0,6.117914141,550.3753787,0.199774017,0,0
0,0.166084569,-1.029795856,9.49E-05,-436.8296709,6.698533403,82293.94864,0,0,-5.758668693,-1118.066034,1.717656438,0,3.836413751,298.8092787,0.193357799,0,0
0,0.173335672,-0.99398308,9.49E-05,-436.8296709,6.698533403,82293.94864,0,0,1.956085231,-1136.280588,0.825314554,0,5.377342408,494.4866167,0.200342249,0,0
0,0.178709763,-1.026133971,9.49E-05,-436.8296709,6.698533403,82293.94864,0,0,-3.865619439,-1128.214413,1.771182032,0,3.643795008,1154.748731,0.194034049,0,0
0,0.184106919,-0.989635456,9.49E-05,-436.8296709,6.698533403,82293.94864,0,0,1.245483061,-1144.555119,0.364749515,0,4.841034831,648.5407878,0.201253723,0,0
0,0.189006352,-1.001040201,9.49E-05,-436.8296709,6.698533403,82293.94864,0,0,-4.020505497,-1140.22918,1.138790675,0,2.33643319,75.5221374,0.198909102,0,0
0,0.193064559,-1.029216964,9.49E-05,-436.8296709,6.698533403,82293.94864,0,0,3.351321426,-1138.015425,1.631777443,0,6.411744307,792.3891641,0.193380532,0,0
0,0.200363365,-0.993503596,9.49E-05,-436.8296709,6.698533403,82293.94864,0,0,-6.548370675,-1146.533281,0.903791371,0,0.546751359,196.1984019,0.200321673,0,0
0,0.205480295,-1.026247637,9.49E-05,-436.8296709,6.698533403,82293.94864,0,0,-0.151946309,-1141.018842,1.346544711,0,4.111911291,791.0193201,0.193937697,0,0
0,0.21020203,-1.004146047,9.49E-05,-436.8296709,6.698533403,82293.94864,0,0,13.36202398,-1146.84583,0.866334543,0,7.50099811,506.3075894,0.198298632,0,0
0,0.214867308,-1.010711198,9.49E-05,-436.8296709,6.698533403,82293.94864,0,0,4.351700386,-1138.461323,1.206295485,0,2.942294907,1136.720253,0.196855798,0,0
0,-0.209687454,-1.001015373,9.71E-05,-881.7519006,20.09964455,82797.915,0,0,-0.790123664,1922.39312,-27.98764769,0,7.621049992,2654.040533,0.193034534,0,0
0,-0.205158805,-1.00194822,9.71E-05,-881.7519006,20.09964455,82797.915,0,0,7.854523137,1929.521242,-27.80257626,0,10.2928115,952.7694202,0.192855688,0,0
0,-0.199005527,-1.00262259,9.71E-05,-881.7519006,20.09964455,82797.915,0,0,-33.18443489,1929.38771,-28.0839529,0,-9.688061843,414.0273791,0.192723412,0,0
0,-0.193047464,-0.997112187,9.71E-05,-881.7519006,20.09964455,82797.915,0,0,-29.06516396,1941.084754,-28.12552861,0,-7.015766496,559.1419891,0.193812356,0,0
0,-0.18772471,-0.994219175,9.71E-05,-881.7519006,20.09964455,82797.915,0,0,-12.78924451,1956.894516,-27.35386686,0,-0.804726776,2140.847088,0.194408212,0,0
0,-0.182377449,-0.994654546,9.71E-05,-881.7519006,20.09964455,82797.915,0,0,-23.4032525,1965.209632,-28.61669977,0,-6.304386539,-102.4184657,0.194312984,0,0
0,-0.177045729,-0.994145344,9.71E-05,-881.7519006,20.09964455,82797.915,0,0,-33.60386215,1965.61068,-28.14451564,0,-11.86383137,296.5915961,0.194402732,0,0
0,-0.172069964,-0.992555471,9.71E-05,-881.7519006,20.09964455,82797.915,0,0,-21.42672725,1974.508685,-27.69775307,0,-6.642760192,390.7924969,0.194730922,0,0
0,-0.167096941,-0.992792527,9.71E-05,-881.7519006,20.09964455,82797.915,0,0,-17.567351,1980.654227,-28.17542562,0,-5.853077301,2168.085283,0.194678528,0,0
0,-0.161542793,-0.991583767,9.71E-05,-881.7519006,20.09964455,82797.915,0,0,-29.9027257,1982.340302,-28.05192994,0,-12.67308381,213.4581337,0.19491723,0,0
0,-0.156223664,-0.988755205,9.71E-05,-881.7519006,20.09964455,82797.915,0,0,-25.7869237,2006.280046,-28.40365038,0,-11.90478408,1856.081269,0.195480449,0,0
0,-0.150664028,-0.987837633,9.71E-05,-881.7519006,20.09964455,82797.915,0,0,-17.76024644,2012.111134,-28.5443688,0,-9.72383697,317.9291707,0.195678347,0,0
0,-0.145008526,-0.988396998,9.71E-05,-881.7519006,20.09964455,82797.915,0,0,-26.18620292,2000.926128,-28.13992999,0,-14.24106392,684.9455071,0.195612696,0,0
0,-0.139674002,-0.988064904,9.71E-05,-881.7519006,20.09964455,82797.915,0,0,-30.10039643,1991.876063,-27.53759565,0,-16.95537406,-24.92911694,0.195731927,0,0
0,-0.134614214,-0.98720426,9.71E-05,-881.7519006,20.09964455,82797.915,0,0,-19.114132,2004.38574,-28.39289433,0,-14.09060199,-1050.870621,0.195926579,0,0
0,-0.129627069,-0.986977555,9.71E-05,-881.7519006,20.09964455,82797.915,0,0,-24.07946285,1999.554713,-27.7963846,0,-17.48568483,2351.474898,0.195988274,0,0
0,-0.124090535,-0.990232575,9.71E-05,-881.7519006,20.09964455,82797.915,0,0,-29.11514495,1972.170503,-27.46600183,0,-20.85047471,-222.6822021,0.195397307,0,0
0,-0.1183637,-0.984932,9.71E-05,-881.7519006,20.09964455,82797.915,0,0,-19.38562142,1991.431575,-27.79594722,0,-19.90292768,988.1184979,0.196540464,0,0
0,-0.112916765,-0.991091966,9.71E-05,-881.7519006,20.09964455,82797.915,0,0,-24.94534403,1953.307311,-26.91113769,0,-23.5588241,1574.99833,0.195360228,0,0
0,-0.107381744,-0.99489845,9.71E-05,-881.7519006,20.09964455,82797.915,0,0,-28.34765239,1919.063903,-27.15039949,0,-26.09794933,929.0433345,0.194690182,0,0
0,-0.102224844,-0.991551438,9.71E-05,-881.7519006,20.09964455,82797.915,0,0,-21.21199134,1916.040724,-27.00335668,0,-25.92834684,1149.807873,0.195478682,0,0
0,-0.097357446,-0.991189668,9.71E-05,-881.7519006,20.09964455,82797.915,0,0,-23.28706306,1895.839921,-26.15422432,0,-29.13799075,491.6214495,0.195604532,0,0
0,-0.092044542,-0.990609075,9.71E-05,-881.7519006,20.09964455,82797.915,0,0,-23.64111623,1870.016455,-26.04823776,0,-32.04711857,-502.385777,0.19586236,0,0
0,-0.086701001,-0.991293053,9.71E-05,-881.7519006,20.09964455,82797.915,0,0,-22.26629857,1829.006389,-25.76793859,0,-32.89217534,237.1313955,0.195802068,0,0
0,-0.081330878,-0.993534759,9.71E-05,-881.7519006,20.09964455,82797.915,0,0,-24.22120726,1781.769715,-25.02887497,0,-35.22538031,554.3948544,0.195460501,0,0
0,-0.075694391,-0.989728174,9.71E-05,-881.7519006,20.09964455,82797.915,0,0,-24.68701037,1746.072825,-24.8416658,0,-38.21059806,-369.623099,0.196357623,0,0
0,-0.070360252,-0.981249008,9.71E-05,-881.7519006,20.09964455,82797.915,0,0,-25.16940879,1716.506457,-23.89394142,0,-39.35389273,629.0550423,0.1982463,0,0
0,-0.064938217,-0.978252617,9.71E-05,-881.7519006,20.09964455,82797.915,0,0,-25.11793077,1658.05125,-23.5741044,0,-40.51526101,30.91200192,0.198982411,0,0
0,-0.059644309,-0.984768319,9.71E-05,-881.7519006,20.09964455,82797.915,0,0,-27.99418067,1561.889739,-22.46737106,0,-40.21779321,677.2662984,0.197755512,0,0
0,-0.054457562,-0.988825694,9.71E-05,-881.7519006,20.09964455,82797.915,0,0,-30.29728733,1467.371451,-21.83546431,0,-39.53779569,67.8783114,0.197057117,0,0
0,-0.048872199,-0.98562544,9.71E-05,-881.7519006,20.09964455,82797.915,0,0,-31.02160217,1385.540019,-20.39345152,0,-39.75806014,-256.2528459,0.197944592,0,0
0,-0.04337366,-0.990474013,9.71E-05,-881.7519006,20.09964455,82797.915,0,0,-32.21375188,1266.429062,-19.90441048,0,-37.13288961,1979.432511,0.197087112,0,0
0,-0.03843512,-0.995625093,9.71E-05,-881.7519006,20.09964455,82797.915,0,0,-36.82510599,1151.559993,-18.34047469,0,-36.58256831,1366.780385,0.196142248,0,0
0,-0.033243423,-0.992943696,9.71E-05,-881.7519006,20.09964455,82797.915,0,0,-41.58254872,1043.852007,-16.78228264,0,-35.64179142,-313.2378836,0.196814118,0,0
0,-0.027739492,-0.999649795,9.71E-05,-881.7519006,20.09964455,82797.915,0,0,-37.71817136,891.2934704,-15.13275078,0,-28.23526161,-103.1825996,0.195591682,0,0
0,-0.022232104,-1.003937695,9.71E-05,-881.7519006,20.09964455,82797.915,0,0,-47.86352323,726.3543768,-13.22295597,0,-26.3790284,196.0861377,0.194878574,0,0
0,-0.016872373,-0.994833511,9.71E-05,-881.7519006,20.09964455,82797.915,0,0,-54.81460475,578.0732688,-10.87533948,0,-23.39759599,2028.763999,0.196850851,0,0
0,-0.011492563,-0.97978953,9.71E-05,-881.7519006,20.09964455,82797.915,0,0,-47.79564678,416.8155993,-8.584795571,0,-13.91455058,-83.31372532,0.200121713,0,0
0,-0.006328564,-0.987002068,9.71E-05,-881.7519006,20.09964455,82797.915,0,0,-54.94285077,214.3568162,-6.910901868,0,-9.210454091,-1378.935528,0.19860644,0,0
0,-0.001105006,-0.992572553,9.71E-05,-881.7519006,20.09964455,82797.915,0,0,-60.28111097,17.28273965,-4.790101843,0,-3.533960834,3503.478864,0.197525492,0,0
0,0.004239193,-0.997451262,9.71E-05,-881.7519006,20.09964455,82797.915,0,0,-42.2834597,-178.3829373,-2.22216516,0,7.546211336,1199.863507,0.196744547,0,0
0,0.009688412,-1.003376872,9.71E-05,-881.7519006,20.09964455,82797.915,0,0,-45.82505316,-356.3128896,0.037756061,0,11.30774801,1195.141342,0.195525393,0,0
0,0.015187836,-1.017534609,9.71E-05,-881.7519006,20.09964455,82797.915,0,0,-41.59290469,-525.1248247,1.870062159,0,15.66137223,2212.761571,0.192808245,0,0
0,0.020610473,-1.019574734,9.71E-05,-881.7519006,20.09964455,82797.915,0,0,-34.13195647,-689.9910069,3.98199215,0,22.54765136,2314.364904,0.192442482,0,0
0,0.025622323,-1.021386927,9.71E-05,-881.7519006,20.09964455,82797.915,0,0,-30.84001224,-821.6956779,5.608824476,0,26.20602921,1641.278268,0.192121705,0,0
0,0.031207719,-1.027492075,9.71E-05,-881.7519006,20.09964455,82797.915,0,0,-35.96512265,-948.9472981,6.891102051,0,26.95362053,2193.058276,0.190918275,0,0
0,0.036811942,-1.021813308,9.71E-05,-881.7519006,20.09964455,82797.915,0,0,-20.50388826,-1089.530585,8.90686519,0,32.4785767,1386.543666,0.192062473,0,0
0,0.042013629,-1.012197784,9.71E-05,-881.7519006,20.09964455,82797.915,0,0,-25.04345169,-1217.033537,10.34396585,0,32.74840341,2058.490232,0.193909325,0,0
0,0.047335203,-1.002581746,9.71E-05,-881.7519006,20.09964455,82797.915,0,0,-20.16237804,-1343.127357,11.28620293,0,34.86193581,2484.119478,0.195865196,0,0
0,0.05252397,-0.994075402,9.71E-05,-881.7519006,20.09964455,82797.915,0,0,-17.48591649,-1458.300118,12.50120039,0,37.08036912,1568.19499,0.197523088,0,0
0,0.0578156,-0.993472865,9.71E-05,-881.7519006,20.09964455,82797.915,0,0,-24.15069747,-1554.581418,13.64579224,0,36.59630438,1240.309333,0.197557965,0,0
0,0.063315834,-0.987043708,9.71E-05,-881.7519006,20.09964455,82797.915,0,0,-13.03942034,-1648.641062,14.92074034,0,38.76107876,1487.446433,0.19881014,0,0
0,0.068769252,-0.985568483,9.71E-05,-881.7519006,20.09964455,82797.915,0,0,-9.984373502,-1731.055035,15.30412634,0,38.05687416,2491.843278,0.198982088,0,0
0,0.074486732,-0.995718692,9.71E-05,-881.7519006,20.09964455,82797.915,0,0,-16.91779427,-1781.459309,16.35766476,0,34.65502715,1213.20985,0.196698625,0,0
0,0.079644173,-0.998532975,9.71E-05,-881.7519006,20.09964455,82797.915,0,0,-12.09159223,-1830.297409,17.04511993,0,35.80048399,1788.128386,0.196081871,0,0
0,0.084431411,-1.003480171,9.71E-05,-881.7519006,20.09964455,82797.915,0,0,-10.36849806,-1868.267539,17.52666377,0,34.54503949,1541.645665,0.194973799,0,0
0,0.08967576,-1.006517052,9.71E-05,-881.7519006,20.09964455,82797.915,0,0,-13.17606303,-1908.988045,17.90749318,0,31.55683852,1790.959347,0.194309029,0,0
0,0.095247362,-1.012844404,9.71E-05,-881.7519006,20.09964455,82797.915,0,0,-11.99130381,-1931.015646,18.52829522,0,31.30620067,1498.563193,0.192898773,0,0
0,0.101127923,-1.003331511,9.71E-05,-881.7519006,20.09964455,82797.915,0,0,-7.558018925,-2000.224798,19.44426756,0,29.47756569,1586.432606,0.194778356,0,0
0,0.106640566,-1.007851057,9.71E-05,-881.7519006,20.09964455,82797.915,0,0,-12.36195628,-2021.156858,19.55770896,0,26.9064976,1150.766813,0.193719084,0,0
0,0.111266846,-1.007310379,9.71E-05,-881.7519006,20.09964455,82797.915,0,0,-11.93009815,-2044.711205,19.61883723,0,25.46742231,1589.247247,0.193726557,0,0
0,0.116357854,-1.010130142,9.71E-05,-881.7519006,20.09964455,82797.915,0,0,-10.45274723,-2042.874565,19.79870861,0,24.4791632,1431.160857,0.193048682,0,0
0,0.121959495,-1.006571315,9.71E-05,-881.7519006,20.09964455,82797.915,0,0,-13.83118476,-2077.051524,20.51639278,0,21.22283463,1649.948957,0.193704837,0,0
0,0.127328932,-1.004014292,9.71E-05,-881.7519006,20.09964455,82797.915,0,0,-11.50262411,-2099.386841,20.86087552,0,19.61001735,1615.243314,0.194178998,0,0
0,0.132961294,-1.002997843,9.71E-05,-881.7519006,20.09964455,82797.915,0,0,-8.578585093,-2116.381166,21.09788033,0,20.13927499,1450.225312,0.194284569,0,0
0,0.138650671,-1.007034369,9.71E-05,-881.7519006,20.09964455,82797.915,0,0,-14.14372451,-2097.064181,20.83573792,0,16.33531886,1407.443942,0.193433772,0,0
0,0.144209999,-1.006064101,9.71E-05,-881.7519006,20.09964455,82797.915,0,0,-12.14245952,-2112.380237,21.37239241,0,15.23419782,1412.624333,0.193589773,0,0
0,0.148940949,-1.005509086,9.71E-05,-881.7519006,20.09964455,82797.915,0,0,-6.285821045,-2112.171865,20.76401951,0,16.44508146,1030.936696,0.193694869,0,0
0,0.153591543,-1.005021304,9.71E-05,-881.7519006,20.09964455,82797.915,0,0,-13.64811366,-2124.361895,21.60676991,0,13.2336926,2385.316453,0.193762105,0,0
0,0.159071732,-1.006692878,9.71E-05,-881.7519006,20.09964455,82797.915,0,0,-16.43235332,-2105.387193,21.06669158,0,10.45867534,1626.114086,0.193394075,0,0
0,0.164845961,-1.00763828,9.71E-05,-881.7519006,20.09964455,82797.915,0,0,-6.563045357,-2101.108644,21.13786813,0,13.08255384,1537.843356,0.193215583,0,0
0,0.170270431,-1.008180748,9.71E-05,-881.7519006,20.09964455,82797.915,0,0,-12.24305754,-2100.020077,21.0123345,0,9.269615737,1344.89116,0.193076997,0,0
0,0.175587655,-1.009603167,9.71E-05,-881.7519006,20.09964455,82797.915,0,0,-15.86056159,-2091.917351,21.00476639,0,6.586180833,1160.98166,0.192794513,0,0
0,0.180901202,-1.008973299,9.71E-05,-881.7519006,20.09964455,82797.915,0,0,-5.154945938,-2081.478669,20.73400172,0,10.78004139,2062.72972,0.192935588,0,0
0,0.186321808,-1.011719337,9.71E-05,-881.7519006,20.09964455,82797.915,0,0,-10.2269221,-2082.329535,21.31704541,0,7.619476404,1664.207556,0.192374197,0,0
0,0.191587991,-1.012543054,9.71E-05,-881.7519006,20.09964455,82797.915,0,0,-17.93417815,-2066.619984,20.35236148,0,3.64220643,1432.118185,0.192215272,0,0
0,0.19683242,-1.013826507,9.71E-05,-881.7519006,20.09964455,82797.915,0,0,-8.519003804,-2046.170218,20.64650497,0,7.407601204,1507.476607,0.191985492,0,0
0,0.202420532,-1.01742544,9.71E-05,-881.7519006,20.09964455,82797.915,0,0,0.734017798,-2034.600054,20.47022718,0,10.9722931,1722.509227,0.191293626,0,0
0,0.208324866,-1.020925127,9.71E-05,-881.7519006,20.09964455,82797.915,0,0,-22.34431716,-2024.092514,20.2510677,0,-0.034387277,1307.030833,0.190604472,0,0
0,0.211565796,-1.02532638,9.71E-05,-881.7519006,20.09964455,82797.915,0,0,-41.36349451,-2028.622999,21.63321443,0,-9.585886097,1264.851914,0.189746388,0,0
0,-0.209649067,-1.000945769,9.86E-05,-659.1102408,20.10121373,82698.26645,0,0,13.60175731,1490.10377,-17.06259286,0,11.71757103,469.8047395,0.196470388,0,0
0,-0.203374444,-0.999957731,9.86E-05,-659.1102408,20.10121373,82698.26645,0,0,-5.465333606,1494.184026,-18.02772325,0,2.790390287,1053.687299,0.196687241,0,0
0,-0.197979242,-0.996309207,9.86E-05,-659.1102408,20.10121373,82698.26645,0,0,-33.30208448,1502.563204,-17.65134607,0,-9.063453959,1855.178302,0.197411784,0,0
0,-0.192881082,-0.996298975,9.86E-05,-659.1102408,20.10121373,82698.26645,0,0,-18.08735309,1504.764717,-17.7078922,0,-4.031318284,2913.891454,0.197432829,0,0
0,-0.188105037,-0.996516933,9.86E-05,-659.1102408,20.10121373,82698.26645,0,0,-7.068278691,1510.402346,-18.01846503,0,0.499840954,2021.324676,0.197390862,0,0
0,-0.182901073,-0.992805882,9.86E-05,-659.1102408,20.10121373,82698.26645,0,0,-16.33569966,1519.043478,-17.44716399,0,-3.774937765,-109.3702381,0.198114981,0,0
0,-0.177460171,-0.993142546,9.86E-05,-659.1102408,20.10121373,82698.26645,0,0,-27.07279806,1520.857068,-17.90966091,0,-8.477328153,2182.724206,0.198054162,0,0
0,-0.171782008,-0.990767954,9.86E-05,-659.1102408,20.10121373,82698.26645,0,0,-12.57777733,1531.894192,-18.15471412,0,-3.379909742,-75.91862952,0.198545877,0,0
0,-0.165675946,-0.991525509,9.86E-05,-659.1102408,20.10121373,82698.26645,0,0,-13.23750035,1530.451485,-17.26471991,0,-3.886432881,2660.625296,0.198413401,0,0
0,-0.160713226,-0.991417565,9.86E-05,-659.1102408,20.10121373,82698.26645,0,0,-24.79988811,1533.188416,-18.13246284,0,-9.539973552,1672.445425,0.198454779,0,0
0,-0.155781595,-0.989942675,9.86E-05,-659.1102408,20.10121373,82698.26645,0,0,-17.16601335,1530.931971,-17.9415203,0,-7.262007179,1922.478243,0.198782696,0,0
0,-0.150741489,-0.98836374,9.86E-05,-659.1102408,20.10121373,82698.26645,0,0,-12.75871878,1534.230082,-17.60704355,0,-4.89173422,525.4252461,0.199095334,0,0
0,-0.145333966,-0.98915493,9.86E-05,-659.1102408,20.10121373,82698.26645,0,0,-21.97959798,1535.167267,-17.68892493,0,-10.46485483,560.5032827,0.198982841,0,0
0,-0.139878553,-0.986170117,9.86E-05,-659.1102408,20.10121373,82698.26645,0,0,-18.65498557,1543.428297,-18.11942869,0,-10.71826302,946.0143506,0.199618545,0,0
0,-0.134324808,-0.991457613,9.86E-05,-659.1102408,20.10121373,82698.26645,0,0,-11.69903553,1520.090294,-17.27863785,0,-7.838721343,3198.016377,0.198547546,0,0
0,-0.128632275,-0.992591946,9.86E-05,-659.1102408,20.10121373,82698.26645,0,0,-20.02048417,1512.503922,-17.59761282,0,-12.22893578,1138.778692,0.198379522,0,0
0,-0.12342189,-0.99064882,9.86E-05,-659.1102408,20.10121373,82698.26645,0,0,-17.74626419,1505.374128,-17.57150932,0,-12.81837259,1030.63745,0.198795007,0,0
0,-0.118981338,-0.990796993,9.86E-05,-659.1102408,20.10121373,82698.26645,0,0,-13.28963604,1508.029667,-17.39411652,0,-11.52442461,-1546.021421,0.198798544,0,0
0,-0.113181661,-0.991741128,9.86E-05,-659.1102408,20.10121373,82698.26645,0,0,-17.70296726,1489.918478,-17.3686633,0,-14.81451044,1127.21321,0.198644961,0,0
0,-0.107536566,-0.993561336,9.86E-05,-659.1102408,20.10121373,82698.26645,0,0,-18.49989852,1472.084578,-17.12079626,0,-16.73645785,-353.9396042,0.198283942,0,0
0,-0.102379242,-0.995618345,9.86E-05,-659.1102408,20.10121373,82698.26645,0,0,-13.92444728,1455.747876,-17.05110271,0,-15.89666427,841.2087595,0.197928965,0,0
0,-0.09732139,-0.990914553,9.86E-05,-659.1102408,20.10121373,82698.26645,0,0,-17.33392099,1453.310754,-17.1996205,0,-18.58190251,2478.580873,0.198915662,0,0
0,-0.091924683,-0.988267168,9.86E-05,-659.1102408,20.10121373,82698.26645,0,0,-16.4726176,1440.075268,-17.25831282,0,-20.39707606,665.5366304,0.199515483,0,0
0,-0.086651583,-0.987625833,9.86E-05,-659.1102408,20.10121373,82698.26645,0,0,-16.46065545,1418.143075,-16.2955128,0,-21.22173801,406.5791521,0.199686348,0,0
0,-0.081062095,-0.98889664,9.86E-05,-659.1102408,20.10121373,82698.26645,0,0,-15.33349578,1380.600941,-16.4995916,0,-21.98653256,1836.752617,0.19950419,0,0
0,-0.075666556,-0.984573656,9.86E-05,-659.1102408,20.10121373,82698.26645,0,0,-20.02224402,1358.650515,-16.21407058,0,-23.6158758,1112.848482,0.200399247,0,0
0,-0.070636812,-0.984730146,9.86E-05,-659.1102408,20.10121373,82698.26645,0,0,-20.51363448,1321.674919,-15.83834994,0,-25.13174072,172.7480508,0.200470647,0,0
0,-0.065512651,-0.980536363,9.86E-05,-659.1102408,20.10121373,82698.26645,0,0,-19.32695768,1287.231246,-15.60296808,0,-24.99653116,2587.631997,0.201380816,0,0
0,-0.059887482,-0.97667707,9.86E-05,-659.1102408,20.10121373,82698.26645,0,0,-18.22612756,1242.082254,-14.93756494,0,-24.77916957,978.1101937,0.202290738,0,0
0,-0.054187792,-0.988347458,9.86E-05,-659.1102408,20.10121373,82698.26645,0,0,-24.65385684,1153.126995,-14.47176336,0,-25.42989507,680.6675618,0.199867443,0,0
0,-0.048769465,-0.988365902,9.86E-05,-659.1102408,20.10121373,82698.26645,0,0,-26.12514035,1091.778997,-14.11724134,0,-25.46025129,2846.086864,0.199940674,0,0
0,-0.043617038,-0.99254966,9.86E-05,-659.1102408,20.10121373,82698.26645,0,0,-19.92223397,1018.516382,-13.65502201,0,-22.89786299,-463.4874998,0.199120863,0,0
0,-0.038351827,-1.001741944,9.86E-05,-659.1102408,20.10121373,82698.26645,0,0,-30.86255269,919.5834735,-13.16161028,0,-24.66177345,73.68077636,0.197237956,0,0
0,-0.03314021,-1.004066458,9.86E-05,-659.1102408,20.10121373,82698.26645,0,0,-33.49278836,831.4239003,-12.00886488,0,-22.84933419,594.6120358,0.19683102,0,0
0,-0.027736568,-1.003567529,9.86E-05,-659.1102408,20.10121373,82698.26645,0,0,-25.54114675,733.1618517,-11.46930223,0,-17.64388917,53.95270046,0.19696702,0,0
0,-0.022049032,-1.008989259,9.86E-05,-659.1102408,20.10121373,82698.26645,0,0,-38.51109814,597.5601372,-10.43731796,0,-18.4782896,1109.425606,0.195943909,0,0
0,-0.016554436,-0.996811297,9.86E-05,-659.1102408,20.10121373,82698.26645,0,0,-41.52510699,479.0630804,-9.147501515,0,-15.84316147,-1125.951143,0.198444282,0,0
0,-0.011495105,-0.983171172,9.86E-05,-659.1102408,20.10121373,82698.26645,0,0,-38.44091526,348.4269551,-7.70652392,0,-8.446061368,647.507914,0.201410531,0,0
0,-0.006192408,-0.970280516,9.86E-05,-659.1102408,20.10121373,82698.26645,0,0,-45.20071334,185.5604878,-4.994841754,0,-6.799863145,1232.764625,0.204397686,0,0
0,-0.001213535,-0.965704096,9.86E-05,-659.1102408,20.10121373,82698.26645,0,0,-48.08817548,23.41270376,-4.290666433,0,-3.440585724,689.6153368,0.205667184,0,0
0,0.004276142,-0.972657461,9.86E-05,-659.1102408,20.10121373,82698.26645,0,0,-29.6713087,-153.8920125,-3.371197884,0,7.392345294,1360.691506,0.204245612,0,0
0,0.009853974,-0.985747432,9.86E-05,-659.1102408,20.10121373,82698.26645,0,0,-40.02691017,-309.8314474,-1.918841445,0,7.447798203,2266.706743,0.201475451,0,0
0,0.015223584,-1.005684709,9.86E-05,-659.1102408,20.10121373,82698.26645,0,0,-35.62721483,-445.6757447,-0.212277195,0,10.71622139,1698.614901,0.1974509,0,0
0,0.020675574,-1.030027081,9.86E-05,-659.1102408,20.10121373,82698.26645,0,0,-24.64756318,-565.8757297,0.628658228,0,16.22352314,1586.444809,0.192704584,0,0
0,0.026006977,-1.040655565,9.86E-05,-659.1102408,20.10121373,82698.26645,0,0,-25.16685392,-666.5947842,1.894530848,0,17.51450539,1521.504046,0.190780179,0,0
0,0.031169633,-1.037304676,9.86E-05,-659.1102408,20.10121373,82698.26645,0,0,-27.39230841,-761.3928499,3.237900615,0,17.18657655,1652.399336,0.191357403,0,0
0,0.03614957,-1.028939651,9.86E-05,-659.1102408,20.10121373,82698.26645,0,0,-18.89184311,-856.1406486,3.694785751,0,21.18482963,2575.424865,0.192893464,0,0
0,0.041840978,-1.018900946,9.86E-05,-659.1102408,20.10121373,82698.26645,0,0,-17.37976888,-957.996836,4.948275204,0,20.65848725,1663.538805,0.194894474,0,0
0,0.047357292,-1.009897877,9.86E-05,-659.1102408,20.10121373,82698.26645,0,0,-19.54839179,-1050.952749,5.491834008,0,22.23063833,1833.372452,0.196566345,0,0
0,0.052416858,-1.006441341,9.86E-05,-659.1102408,20.10121373,82698.26645,0,0,-11.86959951,-1125.165024,6.16346352,0,24.35271402,1348.95763,0.197263293,0,0
0,0.057976234,-0.998623892,9.86E-05,-659.1102408,20.10121373,82698.26645,0,0,-15.65950512,-1201.681867,6.904276721,0,21.4585495,1873.651735,0.198898733,0,0
0,0.063005255,-0.996788378,9.86E-05,-659.1102408,20.10121373,82698.26645,0,0,-9.588392769,-1264.269923,7.114030457,0,24.73806621,1509.872369,0.199188065,0,0
0,0.067829327,-0.995076453,9.86E-05,-659.1102408,20.10121373,82698.26645,0,0,-7.722234543,-1313.779695,7.126491886,0,25.45733171,1995.88234,0.199551652,0,0
0,0.073864567,-0.989508533,9.86E-05,-659.1102408,20.10121373,82698.26645,0,0,-14.12588956,-1370.845976,7.731504792,0,20.87059395,2114.927685,0.200709578,0,0
0,0.079686753,-0.99206413,9.86E-05,-659.1102408,20.10121373,82698.26645,0,0,-4.519581639,-1411.97017,8.213385402,0,24.05153123,620.9554657,0.200157928,0,0
0,0.084942877,-0.996899824,9.86E-05,-659.1102408,20.10121373,82698.26645,0,0,-8.981499035,-1438.592797,8.465363844,0,20.77982514,2292.27932,0.199132877,0,0
0,0.090080732,-1.002666825,9.86E-05,-659.1102408,20.10121373,82698.26645,0,0,-11.32690518,-1459.678109,8.412030875,0,18.57842154,1205.741124,0.197890811,0,0
0,0.094736735,-1.000979088,9.86E-05,-659.1102408,20.10121373,82698.26645,0,0,-5.856396523,-1486.999197,8.79408344,0,20.62114478,1948.645293,0.198201114,0,0
0,0.099836625,-1.006467264,9.86E-05,-659.1102408,20.10121373,82698.26645,0,0,-4.774187274,-1500.631063,8.972389271,0,19.26806682,1575.159859,0.197048984,0,0
0,0.105780253,-1.003189935,9.86E-05,-659.1102408,20.10121373,82698.26645,0,0,-7.681070925,-1531.389812,9.061184234,0,16.64399164,1246.057929,0.197614531,0,0
0,0.111542586,-1.011953761,9.86E-05,-659.1102408,20.10121373,82698.26645,0,0,-7.198372663,-1533.973456,9.362632878,0,15.85384333,2256.869494,0.195841799,0,0
0,0.117226046,-1.010134221,9.86E-05,-659.1102408,20.10121373,82698.26645,0,0,-5.268059722,-1561.660507,9.501470923,0,15.91482063,1680.003497,0.196214071,0,0
0,0.122146613,-1.011029549,9.86E-05,-659.1102408,20.10121373,82698.26645,0,0,-7.793451802,-1569.610296,9.494467091,0,13.14915525,2339.690206,0.195962532,0,0
0,0.126817704,-1.004180331,9.86E-05,-659.1102408,20.10121373,82698.26645,0,0,-10.01246306,-1595.661156,9.935941409,0,12.07696503,1789.429847,0.197309106,0,0
0,0.132392736,-1.009159982,9.86E-05,-659.1102408,20.10121373,82698.26645,0,0,-4.238746018,-1592.141351,9.731020465,0,13.32932523,1022.305863,0.19622879,0,0
0,0.138338712,-1.009176636,9.86E-05,-659.1102408,20.10121373,82698.26645,0,0,-8.063145634,-1601.127464,9.73052341,0,10.89913746,1629.796614,0.196191878,0,0
0,0.143827061,-1.007599052,9.86E-05,-659.1102408,20.10121373,82698.26645,0,0,-8.822976248,-1610.394181,10.01612685,0,9.06892025,2245.807019,0.196502382,0,0
0,0.148930068,-1.008486474,9.86E-05,-659.1102408,20.10121373,82698.26645,0,0,-2.948002039,-1614.990044,9.998052299,0,11.36524518,1895.030832,0.196278832,0,0
0,0.154112061,-1.009290007,9.86E-05,-659.1102408,20.10121373,82698.26645,0,0,-7.712005748,-1616.434591,9.877081274,0,9.299624051,1367.420427,0.196091764,0,0
0,0.159375898,-1.008644056,9.86E-05,-659.1102408,20.10121373,82698.26645,0,0,-9.69380138,-1609.833734,10.40133828,0,6.29749497,2146.544781,0.196207657,0,0
0,0.164684338,-1.012968769,9.86E-05,-659.1102408,20.10121373,82698.26645,0,0,-3.302230367,-1603.955572,9.444200334,0,9.340951848,1360.88255,0.195360842,0,0
0,0.169826094,-1.008289439,9.86E-05,-659.1102408,20.10121373,82698.26645,0,0,-6.917042331,-1617.737466,10.50902967,0,7.167045696,2090.588826,0.196236853,0,0
0,0.17511823,-1.007748256,9.86E-05,-659.1102408,20.10121373,82698.26645,0,0,-11.51302108,-1611.459889,10.04662553,0,3.730240682,1868.031324,0.19634975,0,0
0,0.180587641,-1.010522049,9.86E-05,-659.1102408,20.10121373,82698.26645,0,0,-4.571190784,-1605.338277,10.15530913,0,7.310018393,1515.298373,0.195795928,0,0
0,0.185864574,-1.011483389,9.86E-05,-659.1102408,20.10121373,82698.26645,0,0,-3.434582398,-1596.490109,10.20383617,0,6.676839324,1730.214357,0.195633117,0,0
0,0.19123596,-1.013640143,9.86E-05,-659.1102408,20.10121373,82698.26645,0,0,-11.28723704,-1594.965933,9.729143282,0,2.378492891,1686.516417,0.195191311,0,0
0,0.196752766,-1.013550473,9.86E-05,-659.1102408,20.10121373,82698.26645,0,0,-7.909599317,-1581.50301,10.22546843,0,4.318360732,1795.304397,0.195203494,0,0
0,0.201920396,-1.013064091,9.86E-05,-659.1102408,20.10121373,82698.26645,0,0,5.11788464,-1582.308531,9.42746145,0,9.742789251,2081.54663,0.195289729,0,0
0,0.207583154,-1.014910613,9.86E-05,-659.1102408,20.10121373,82698.26645,0,0,-19.78538883,-1571.588173,10.34742174,0,-2.496205778,1880.590648,0.194892715,0,0
0,0.211654741,-1.01835204,9.86E-05,-659.1102408,20.10121373,82698.26645,0,0,-51.10872032,-1566.201884,10.29935366,0,-16.37456086,235.3197851,0.194251282,0,0
0,-0.208008797,-1.002179828,0.000108208,-215.642496,20.10196948,82302.98555,0,0,9.202395071,549.7850791,-4.765665803,0,6.014442058,0.71242353,0.202668088,0,0
0,-0.202610796,-0.985221512,0.000108208,-215.642496,20.10196948,82302.98555,0,0,3.60210985,558.8996994,-4.792284559,0,4.233036043,776.8142325,0.206177923,0,0
0,-0.197466795,-0.984870357,0.000108208,-215.642496,20.10196948,82302.98555,0,0,-5.089352755,558.9179937,-4.553824919,0,0.103349544,1212.519508,0.206407122,0,0
0,-0.192441306,-0.972440134,0.000108208,-215.642496,20.10196948,82302.98555,0,0,4.323430259,567.7013674,-4.0619707,0,4.283511745,1207.740505,0.209073278,0,0
0,-0.187013775,-0.981747392,0.000108208,-215.642496,20.10196948,82302.98555,0,0,-7.294540422,564.8847119,-4.436739866,0,-1.568958979,-1182.335329,0.207049086,0,0
0,-0.180910858,-0.977204411,0.000108208,-215.642496,20.10196948,82302.98555,0,0,-4.515526726,567.9062914,-4.573331444,0,-0.96471286,653.8455601,0.208086028,0,0
0,-0.176012515,-0.979183644,0.000108208,-215.642496,20.10196948,82302.98555,0,0,-6.680007451,567.9033399,-4.532664137,0,-1.290922719,104.0953295,0.20771282,0,0
0,-0.170507463,-0.986959357,0.000108208,-215.642496,20.10196948,82302.98555,0,0,-8.807603557,566.1163574,-4.755462242,0,-1.862870521,-487.5095647,0.205975511,0,0
0,-0.165013752,-0.981573266,0.000108208,-215.642496,20.10196948,82302.98555,0,0,-7.377352196,570.6480555,-4.267912198,0,-2.092404417,1832.121303,0.207183802,0,0
0,-0.160833298,-0.987667904,0.000108208,-215.642496,20.10196948,82302.98555,0,0,-5.673754384,568.8587837,-3.985291654,0,-1.081539323,2146.984314,0.205896564,0,0
0,-0.154547327,-0.985329899,0.000108208,-215.642496,20.10196948,82302.98555,0,0,-6.738812894,568.7071809,-4.626901617,0,-2.727704602,1628.192762,0.206318101,0,0
0,-0.149602082,-0.985382626,0.000108208,-215.642496,20.10196948,82302.98555,0,0,-8.406504635,572.3289289,-4.442247816,0,-2.499715066,1315.489549,0.206386349,0,0
0,-0.143952411,-0.99044238,0.000108208,-215.642496,20.10196948,82302.98555,0,0,-6.040571602,569.3141128,-4.58966511,0,-1.822812955,1614.233081,0.205288559,0,0
0,-0.137794808,-0.975509154,0.000108208,-215.642496,20.10196948,82302.98555,0,0,-7.68551594,577.2566782,-4.482953471,0,-3.242069287,2527.090171,0.20835255,0,0
0,-0.133383768,-0.990292484,0.000108208,-215.642496,20.10196948,82302.98555,0,0,-5.316758028,569.6044658,-4.781361232,0,-2.350471863,30.87373423,0.205290954,0,0
0,-0.128422441,-0.988930953,0.000108208,-215.642496,20.10196948,82302.98555,0,0,-8.961526506,571.9183026,-4.294576104,0,-2.743888123,1877.005363,0.205626739,0,0
0,-0.122717309,-0.991179844,0.000108208,-215.642496,20.10196948,82302.98555,0,0,-6.665064773,568.533418,-4.486384453,0,-3.405198558,1541.731049,0.205086937,0,0
0,-0.117381698,-0.988637462,0.000108208,-215.642496,20.10196948,82302.98555,0,0,-7.07246054,568.5616207,-4.705874233,0,-3.913373688,2219.086012,0.205669986,0,0
0,-0.112145101,-0.985354229,0.000108208,-215.642496,20.10196948,82302.98555,0,0,-8.339937021,572.4338121,-4.092194581,0,-3.062478338,-572.2884585,0.206353001,0,0
0,-0.106983819,-0.99165093,0.000108208,-215.642496,20.10196948,82302.98555,0,0,-8.47767945,563.6209468,-4.72708866,0,-4.45780501,-1814.36415,0.204990977,0,0
0,-0.101835369,-0.992228152,0.000108208,-215.642496,20.10196948,82302.98555,0,0,-7.891483498,561.8378094,-4.528811346,0,-4.415182284,1911.137705,0.204922749,0,0
0,-0.096578025,-0.998630449,0.000108208,-215.642496,20.10196948,82302.98555,0,0,-7.936903733,554.664849,-4.06287607,0,-3.593442921,2359.334855,0.203512282,0,0
0,-0.09074477,-1.005321254,0.000108208,-215.642496,20.10196948,82302.98555,0,0,-9.390610229,544.5998126,-4.714232637,0,-5.35582767,-1170.429231,0.202218242,0,0
0,-0.08550471,-1.006028245,0.000108208,-215.642496,20.10196948,82302.98555,0,0,-9.17716392,539.9333594,-4.171441693,0,-5.1258235,-308.6576923,0.202154123,0,0
0,-0.080395718,-0.996951708,0.000108208,-215.642496,20.10196948,82302.98555,0,0,-6.239519959,537.3646296,-3.891255368,0,-3.488637198,2819.109324,0.203962902,0,0
0,-0.075014001,-1.027944934,0.000108208,-215.642496,20.10196948,82302.98555,0,0,-11.48548542,507.6612059,-4.7492703,0,-6.862306271,-771.3458842,0.197794735,0,0
0,-0.06969866,-1.017885485,0.000108208,-215.642496,20.10196948,82302.98555,0,0,-10.27807112,500.6323699,-4.361860527,0,-5.250441711,148.4881224,0.200012052,0,0
0,-0.064083299,-1.00335973,0.000108208,-215.642496,20.10196948,82302.98555,0,0,-7.075797806,494.8282828,-3.704408328,0,-3.775012433,269.8755599,0.202756049,0,0
0,-0.05863661,-1.021783208,0.000108208,-215.642496,20.10196948,82302.98555,0,0,-16.94500977,460.3525088,-4.759982875,0,-7.621417215,-813.0222291,0.199105142,0,0
0,-0.053917522,-1.012416781,0.000108208,-215.642496,20.10196948,82302.98555,0,0,-12.89112033,449.5729353,-3.957380139,0,-6.578500354,2038.074675,0.201182979,0,0
0,-0.048847937,-1.007827043,0.000108208,-215.642496,20.10196948,82302.98555,0,0,-7.589425523,427.8618987,-3.880844739,0,-2.81710465,86.15064787,0.201931753,0,0
0,-0.043361636,-1.000183595,0.000108208,-215.642496,20.10196948,82302.98555,0,0,-13.05272188,401.7709579,-4.176089875,0,-5.649097269,771.1390955,0.203462857,0,0
0,-0.038013854,-0.994983355,0.000108208,-215.642496,20.10196948,82302.98555,0,0,-19.47458851,376.6811141,-4.108210422,0,-7.412595208,1659.309681,0.204587771,0,0
0,-0.032802958,-0.992142078,0.000108208,-215.642496,20.10196948,82302.98555,0,0,-11.66896053,347.4737251,-3.948888155,0,-3.711386237,-93.59285732,0.205069398,0,0
0,-0.027961334,-0.981687754,0.000108208,-215.642496,20.10196948,82302.98555,0,0,-10.64396245,320.1726132,-4.193364798,0,-2.506263958,2777.048608,0.207144359,0,0
0,-0.022299837,-0.957153657,0.000108208,-215.642496,20.10196948,82302.98555,0,0,-19.38174839,280.8152025,-4.229775942,0,-5.110089823,985.8422457,0.212525383,0,0
0,-0.016563984,-0.95250076,0.000108208,-215.642496,20.10196948,82302.98555,0,0,-22.50273489,227.6327541,-3.729196514,0,-5.016260639,1757.840441,0.213483054,0,0
0,-0.011068731,-0.940801222,0.000108208,-215.642496,20.10196948,82302.98555,0,0,-14.64131692,164.6696173,-3.902904025,0,-0.008589717,2433.85184,0.21616421,0,0
0,-0.005803482,-0.94192846,0.000108208,-215.642496,20.10196948,82302.98555,0,0,-22.98166002,88.03491995,-3.762741542,0,-1.831078182,1960.220242,0.216003327,0,0
0,-0.0005411,-0.939543704,0.000108208,-215.642496,20.10196948,82302.98555,0,0,-25.39301278,5.266900563,-3.42540942,0,-1.114275958,1088.109575,0.216877637,0,0
0,0.004629817,-0.952057972,0.000108208,-215.642496,20.10196948,82302.98555,0,0,-13.72776949,-77.11059911,-3.386334992,0,3.994527909,864.5662583,0.213959709,0,0
0,0.010165638,-0.960827303,0.000108208,-215.642496,20.10196948,82302.98555,0,0,-22.78134737,-149.9503401,-2.996205723,0,1.41523029,3136.465562,0.212378123,0,0
0,0.015688704,-0.983698253,0.000108208,-215.642496,20.10196948,82302.98555,0,0,-16.96260058,-208.4013104,-2.964473378,0,3.618457272,2441.757259,0.207972612,0,0
0,0.020731203,-1.00006386,0.000108208,-215.642496,20.10196948,82302.98555,0,0,-15.72882842,-250.576522,-3.125013099,0,3.036027956,1211.579405,0.204422657,0,0
0,0.025704735,-1.028270622,0.000108208,-215.642496,20.10196948,82302.98555,0,0,-14.96070314,-278.3080876,-2.671039705,0,3.862947587,1046.367977,0.199144573,0,0
0,0.031062579,-1.031060316,0.000108208,-215.642496,20.10196948,82302.98555,0,0,-7.284895003,-312.0514206,-3.054016017,0,5.68474626,2585.334195,0.198807788,0,0
0,0.036908391,-1.026070458,0.000108208,-215.642496,20.10196948,82302.98555,0,0,-14.53657664,-349.497065,-3.131498366,0,3.704159947,629.5532407,0.19975299,0,0
0,0.042341401,-1.067751474,0.000108208,-215.642496,20.10196948,82302.98555,0,0,-9.339774533,-366.0592197,-2.633206021,0,5.29442128,470.7620145,0.191913552,0,0
0,0.047492494,-1.055181965,0.000108208,-215.642496,20.10196948,82302.98555,0,0,-6.368428721,-392.7571938,-3.206682078,0,6.062641466,2206.476996,0.194049867,0,0
0,0.052763909,-1.055590107,0.000108208,-215.642496,20.10196948,82302.98555,0,0,-9.252529784,-414.1330541,-2.905009992,0,3.864485104,565.6329587,0.193409901,0,0
0,0.057967637,-1.031876575,0.000108208,-215.642496,20.10196948,82302.98555,0,0,-5.207733188,-441.2913273,-2.563959365,0,6.815014248,2863.197221,0.197986705,0,0
0,0.063440509,-1.021420279,0.000108208,-215.642496,20.10196948,82302.98555,0,0,-6.655784682,-462.0929011,-2.707878971,0,4.841162096,1287.072273,0.199605115,0,0
0,0.06917351,-1.014733089,0.000108208,-215.642496,20.10196948,82302.98555,0,0,-6.59326881,-483.25862,-2.901181372,0,4.667019871,1130.356349,0.200788192,0,0
0,0.074559577,-0.999149983,0.000108208,-215.642496,20.10196948,82302.98555,0,0,-4.096605105,-505.0247154,-2.225048272,0,5.205533358,2409.97216,0.203914223,0,0
0,0.079506508,-1.015300819,0.000108208,-215.642496,20.10196948,82302.98555,0,0,-5.542427572,-508.8780244,-3.499281449,0,5.260606505,2292.202775,0.200682714,0,0
0,0.084409096,-1.010975868,0.000108208,-215.642496,20.10196948,82302.98555,0,0,-3.336628915,-519.9771256,-3.149972698,0,5.341399932,902.9075632,0.201469447,0,0
0,0.089394099,-1.002668538,0.000108208,-215.642496,20.10196948,82302.98555,0,0,-6.69688983,-539.1848541,-2.603323737,0,4.045851738,1909.033031,0.20318428,0,0
0,0.095099899,-1.014875146,0.000108208,-215.642496,20.10196948,82302.98555,0,0,-4.205820105,-537.4133367,-3.089242911,0,4.312431508,2276.082376,0.200744837,0,0
0,0.10029133,-1.011477823,0.000108208,-215.642496,20.10196948,82302.98555,0,0,-1.460536351,-543.8019519,-3.162087006,0,4.858076912,1495.644255,0.201440315,0,0
0,0.106250538,-1.013076179,0.000108208,-215.642496,20.10196948,82302.98555,0,0,-6.818911481,-558.0495641,-2.78914466,0,3.909958744,1892.183655,0.201112891,0,0
0,0.112042665,-1.006744583,0.000108208,-215.642496,20.10196948,82302.98555,0,0,-2.613972659,-561.9389817,-3.286816984,0,4.082657282,2185.997155,0.202369788,0,0
0,0.116735695,-1.014557418,0.000108208,-215.642496,20.10196948,82302.98555,0,0,-0.030474851,-564.3885782,-3.278445636,0,4.629158666,1458.408147,0.200804354,0,0
0,0.121683999,-1.007538858,0.000108208,-215.642496,20.10196948,82302.98555,0,0,-4.80891735,-568.8397122,-2.525152551,0,3.385494737,1399.929751,0.202156628,0,0
0,0.127367812,-1.009745839,0.000108208,-215.642496,20.10196948,82302.98555,0,0,-3.03775951,-571.5057306,-3.347083353,0,3.507253886,2209.960616,0.20180615,0,0
0,0.1330784,-1.020466424,0.000108208,-215.642496,20.10196948,82302.98555,0,0,0.296197662,-569.547275,-3.332377465,0,3.614030617,1486.283031,0.199705078,0,0
0,0.137940855,-1.008601678,0.000108208,-215.642496,20.10196948,82302.98555,0,0,-3.297158621,-576.9065485,-3.192889051,0,3.162888676,1790.73115,0.201988015,0,0
0,0.143628132,-1.00714341,0.000108208,-215.642496,20.10196948,82302.98555,0,0,-2.339730297,-576.4567584,-3.144415329,0,2.793662404,2289.38056,0.202308001,0,0
0,0.148638735,-1.008754621,0.000108208,-215.642496,20.10196948,82302.98555,0,0,-1.933037585,-578.1040215,-3.157321186,0,2.700589372,1648.064352,0.20199954,0,0
0,0.153785467,-1.011772037,0.000108208,-215.642496,20.10196948,82302.98555,0,0,-4.42463073,-582.858524,-3.562751529,0,2.048830399,-84.02634891,0.201326755,0,0
0,0.159102391,-1.01150637,0.000108208,-215.642496,20.10196948,82302.98555,0,0,-1.93813852,-578.7508764,-3.239014133,0,3.005820448,1474.591225,0.201548293,0,0
0,0.163855186,-1.000753499,0.000108208,-215.642496,20.10196948,82302.98555,0,0,-0.871875904,-584.6750522,-3.355496486,0,2.751563165,1837.117667,0.203625598,0,0
0,0.169627873,-1.008424502,0.000108208,-215.642496,20.10196948,82302.98555,0,0,-5.249354118,-580.6953863,-3.030390999,0,1.712321075,2171.460107,0.202066548,0,0
0,0.174748577,-0.994310625,0.000108208,-215.642496,20.10196948,82302.98555,0,0,0.099337676,-587.3069291,-3.185255451,0,2.925494882,1691.052086,0.205031044,0,0
0,0.180126653,-1.011775306,0.000108208,-215.642496,20.10196948,82302.98555,0,0,-0.086503618,-578.2247379,-3.652520458,0,1.961298916,1723.345814,0.201379622,0,0
0,0.185697945,-0.991854843,0.000108208,-215.642496,20.10196948,82302.98555,0,0,-7.928315986,-587.2973902,-3.359304888,0,-0.329420592,1798.097004,0.205440008,0,0
0,0.190852968,-0.996928811,0.000108208,-215.642496,20.10196948,82302.98555,0,0,2.317359422,-583.8306997,-2.996632446,0,3.264539545,207.6580526,0.204447245,0,0
0,0.196540715,-1.020916809,0.000108208,-215.642496,20.10196948,82302.98555,0,0,-2.201113144,-577.3313969,-4.448706846,0,2.627287083,1231.232093,0.199469481,0,0
0,0.200961465,-0.996422935,0.000108208,-215.642496,20.10196948,82302.98555,0,0,-15.31760509,-579.251812,-3.030342802,0,-4.394754214,2934.485102,0.204362559,0,0
0,0.207004277,-1.01321995,0.000108208,-215.642496,20.10196948,82302.98555,0,0,-12.69274471,-572.6333848,-3.268097266,0,-4.044282146,2006.547792,0.200924063,0,0
0,0.210802762,-1.019151535,0.000108208,-215.642496,20.10196948,82302.98555,0,0,-11.07067155,-571.9087444,-3.47978602,0,-0.524057006,2265.189856,0.199745137,0,0
0,-0.210359681,-1.003873204,9.64E-05,-1104.759984,20.1011192,82903.18364,0,0,-1.791941546,2308.807912,-41.0280614,0,5.809728777,1525.649772,0.188420313,0,0
0,-0.204192924,-1.002215749,9.64E-05,-1104.759984,20.1011192,82903.18364,0,0,-11.11469589,2316.600339,-41.50456759,0,1.348590704,391.2474691,0.18871652,0,0
0,-0.19817331,-0.999642948,9.64E-05,-1104.759984,20.1011192,82903.18364,0,0,-47.01320224,2325.799642,-41.29571832,0,-16.21739684,2466.477771,0.189250726,0,0
0,-0.193206495,-0.998908299,9.64E-05,-1104.759984,20.1011192,82903.18364,0,0,-33.53547871,2333.602777,-41.75010914,0,-10.96911019,915.0997531,0.189369404,0,0
0,-0.187925964,-0.994726437,9.64E-05,-1104.759984,20.1011192,82903.18364,0,0,-21.33169456,2343.858875,-41.02933649,0,-5.770963251,-936.6155747,0.190224416,0,0
0,-0.182601347,-0.995250691,9.64E-05,-1104.759984,20.1011192,82903.18364,0,0,-33.13369313,2357.089584,-42.29054737,0,-12.76803443,-630.5513307,0.190059362,0,0
0,-0.177462664,-0.994220285,9.64E-05,-1104.759984,20.1011192,82903.18364,0,0,-40.12763438,2359.909528,-41.91119333,0,-17.57841881,663.4771722,0.190299737,0,0
0,-0.171941042,-0.991747793,9.64E-05,-1104.759984,20.1011192,82903.18364,0,0,-27.54798648,2378.818883,-42.32970702,0,-13.50400993,1645.590194,0.190768511,0,0
0,-0.166675159,-0.990848813,9.64E-05,-1104.759984,20.1011192,82903.18364,0,0,-22.45016556,2372.63752,-41.82979538,0,-12.01915473,526.7262885,0.190998176,0,0
0,-0.161302297,-0.990337089,9.64E-05,-1104.759984,20.1011192,82903.18364,0,0,-37.1464011,2376.974849,-41.70842899,0,-20.28623232,1225.157213,0.191144891,0,0
0,-0.155603923,-0.987449244,9.64E-05,-1104.759984,20.1011192,82903.18364,0,0,-32.41431035,2391.973531,-42.19556163,0,-19.97666238,-1329.846967,0.191666222,0,0
0,-0.150235706,-0.985841983,9.64E-05,-1104.759984,20.1011192,82903.18364,0,0,-26.53803379,2405.973076,-41.98976793,0,-18.94874614,-34.54066958,0.192050532,0,0
0,-0.145306413,-0.985984688,9.64E-05,-1104.759984,20.1011192,82903.18364,0,0,-34.83331101,2397.135469,-41.83967443,0,-24.69662968,-2481.400836,0.192066834,0,0
0,-0.139938397,-0.989003252,9.64E-05,-1104.759984,20.1011192,82903.18364,0,0,-36.34856933,2361.276223,-41.53641111,0,-26.54185827,1263.06921,0.191503987,0,0
0,-0.134881252,-0.98657635,9.64E-05,-1104.759984,20.1011192,82903.18364,0,0,-26.85190869,2376.243612,-41.47402563,0,-24.8416103,964.1353355,0.192094719,0,0
0,-0.129720224,-0.984874471,9.64E-05,-1104.759984,20.1011192,82903.18364,0,0,-32.49501958,2372.760828,-41.50535547,0,-29.91133028,-973.9342488,0.192486341,0,0
0,-0.123764487,-0.986311993,9.64E-05,-1104.759984,20.1011192,82903.18364,0,0,-33.7677606,2351.412818,-40.99711881,0,-33.343731,513.622826,0.192321924,0,0
0,-0.117945892,-0.986149088,9.64E-05,-1104.759984,20.1011192,82903.18364,0,0,-27.40234768,2331.924671,-40.61454798,0,-33.24607636,445.0228699,0.192501836,0,0
0,-0.11291762,-0.988470823,9.64E-05,-1104.759984,20.1011192,82903.18364,0,0,-32.53960519,2296.425736,-39.94964998,0,-37.84589,-275.3006091,0.192136439,0,0
0,-0.107672948,-0.992264319,9.64E-05,-1104.759984,20.1011192,82903.18364,0,0,-34.18992228,2249.19578,-39.66355235,0,-39.76004547,2284.709067,0.191513186,0,0
0,-0.102122459,-0.986874736,9.64E-05,-1104.759984,20.1011192,82903.18364,0,0,-28.1951902,2236.39824,-39.06795328,0,-41.29736666,1003.713451,0.192831877,0,0
0,-0.096336763,-0.99191985,9.64E-05,-1104.759984,20.1011192,82903.18364,0,0,-30.52355342,2171.314497,-38.40367291,0,-44.28347843,-1198.715033,0.191959332,0,0
0,-0.091747389,-0.994904957,9.64E-05,-1104.759984,20.1011192,82903.18364,0,0,-29.72656942,2120.921843,-37.158576,0,-47.11722987,-179.6068798,0.191499583,0,0
0,-0.086979834,-0.99092216,9.64E-05,-1104.759984,20.1011192,82903.18364,0,0,-28.49805334,2092.138467,-36.50944759,0,-48.53013957,2774.022538,0.192483468,0,0
0,-0.081371051,-0.991263857,9.64E-05,-1104.759984,20.1011192,82903.18364,0,0,-30.4433031,2032.950462,-35.4420085,0,-51.20408968,1208.112684,0.192603695,0,0
0,-0.075533574,-0.986828951,9.64E-05,-1104.759984,20.1011192,82903.18364,0,0,-30.97302476,1976.781015,-34.81476758,0,-54.72014398,334.3727937,0.193737466,0,0
0,-0.070058659,-0.981004682,9.64E-05,-1104.759984,20.1011192,82903.18364,0,0,-34.73641618,1918.387825,-33.91294535,0,-55.37833334,-171.5882823,0.195138344,0,0
0,-0.065145839,-0.985483722,9.64E-05,-1104.759984,20.1011192,82903.18364,0,0,-33.16710609,1825.448694,-32.18002932,0,-55.35862248,-968.6347918,0.194384008,0,0
0,-0.060163389,-0.988442152,9.64E-05,-1104.759984,20.1011192,82903.18364,0,0,-35.56513567,1728.412439,-30.50384012,0,-55.29610277,-556.7577294,0.193934695,0,0
0,-0.054563157,-0.986255974,9.64E-05,-1104.759984,20.1011192,82903.18364,0,0,-37.95082734,1627.480267,-29.19365394,0,-54.22688757,1558.531724,0.194699083,0,0
0,-0.048828918,-0.989461498,9.64E-05,-1104.759984,20.1011192,82903.18364,0,0,-42.79589797,1496.920459,-27.53663321,0,-52.59137234,617.4256605,0.194305182,0,0
0,-0.04379672,-0.991354869,9.64E-05,-1104.759984,20.1011192,82903.18364,0,0,-41.66711255,1374.609632,-25.41572692,0,-49.50044243,-2006.413024,0.194138898,0,0
0,-0.038620145,-0.993726141,9.64E-05,-1104.759984,20.1011192,82903.18364,0,0,-46.65120737,1241.616894,-23.00939018,0,-47.91316754,797.7258925,0.193825766,0,0
0,-0.033149665,-0.996456083,9.64E-05,-1104.759984,20.1011192,82903.18364,0,0,-54.51181913,1092.679404,-20.72173023,0,-45.06044831,1521.299709,0.193456063,0,0
0,-0.027647433,-0.985294052,9.64E-05,-1104.759984,20.1011192,82903.18364,0,0,-49.59199359,958.5820242,-17.81477982,0,-36.40608512,240.4275568,0.196022214,0,0
0,-0.022302284,-0.994169404,9.64E-05,-1104.759984,20.1011192,82903.18364,0,0,-59.87934182,769.9116292,-14.92759867,0,-32.61416083,18.0647879,0.194347485,0,0
0,-0.016869622,-0.994038708,9.64E-05,-1104.759984,20.1011192,82903.18364,0,0,-68.06508893,592.8837504,-12.69336744,0,-28.85750653,369.7118016,0.194423259,0,0
0,-0.011482392,-0.989020386,9.64E-05,-1104.759984,20.1011192,82903.18364,0,0,-63.38375126,411.8444747,-9.898994601,0,-16.42783141,1615.671145,0.195431518,0,0
0,-0.006258957,-1.000351374,9.64E-05,-1104.759984,20.1011192,82903.18364,0,0,-69.27022742,207.3690861,-6.791958345,0,-10.64595651,2834.733915,0.193154855,0,0
0,-0.001163035,-1.004509085,9.64E-05,-1104.759984,20.1011192,82903.18364,0,0,-72.92871956,15.1754857,-4.115150898,0,-3.705349102,954.5116206,0.192428442,0,0
0,0.004255368,-1.00867191,9.64E-05,-1104.759984,20.1011192,82903.18364,0,0,-60.41749796,-184.9886393,-1.417859539,0,8.213129514,2670.949485,0.191811916,0,0
0,0.009593276,-1.009200882,9.64E-05,-1104.759984,20.1011192,82903.18364,0,0,-60.29768136,-368.3468276,1.158568451,0,15.19082646,1854.774483,0.191717834,0,0
0,0.015077227,-1.01481206,9.64E-05,-1104.759984,20.1011192,82903.18364,0,0,-58.67521785,-545.2552297,3.857283772,0,20.26762889,1632.715783,0.190676391,0,0
0,0.020613707,-1.016219845,9.64E-05,-1104.759984,20.1011192,82903.18364,0,0,-48.99894517,-725.3007845,6.828243262,0,28.45915731,2100.889039,0.190447562,0,0
0,0.025996551,-1.017267774,9.64E-05,-1104.759984,20.1011192,82903.18364,0,0,-45.85547202,-878.4081069,9.085749917,0,33.7850208,1618.083709,0.190197163,0,0
0,0.031078382,-1.01586149,9.64E-05,-1104.759984,20.1011192,82903.18364,0,0,-45.51025252,-1022.30178,10.76841785,0,35.84524528,2111.098692,0.190542925,0,0
0,0.036322496,-1.01921711,9.64E-05,-1104.759984,20.1011192,82903.18364,0,0,-32.92693119,-1154.958613,13.26860013,0,42.88424476,1617.790912,0.189845917,0,0
0,0.041836356,-1.010409853,9.64E-05,-1104.759984,20.1011192,82903.18364,0,0,-36.25317075,-1316.690602,15.30159294,0,44.64746399,1925.744034,0.1916031,0,0
0,0.047089135,-1.003264991,9.64E-05,-1104.759984,20.1011192,82903.18364,0,0,-32.97618633,-1460.516882,17.03970156,0,47.91766944,2467.66992,0.192967971,0,0
0,0.052457346,-0.993111383,9.64E-05,-1104.759984,20.1011192,82903.18364,0,0,-28.90194828,-1601.393072,19.26873522,0,50.82316905,1377.321934,0.194921597,0,0
0,0.057885527,-0.992091591,9.64E-05,-1104.759984,20.1011192,82903.18364,0,0,-31.83325885,-1721.919888,21.68686158,0,50.92904117,1403.052229,0.194936962,0,0
0,0.062986974,-0.993639126,9.64E-05,-1104.759984,20.1011192,82903.18364,0,0,-23.72311504,-1820.939399,22.82232964,0,54.49726629,1350.837735,0.194350391,0,0
0,0.068346582,-0.994333746,9.64E-05,-1104.759984,20.1011192,82903.18364,0,0,-19.15082941,-1918.568615,23.98898425,0,55.38732741,2015.332407,0.194061387,0,0
0,0.074049136,-1.00006928,9.64E-05,-1104.759984,20.1011192,82903.18364,0,0,-24.90280732,-1995.467555,26.05383799,0,52.46517029,1423.24104,0.192635814,0,0
0,0.079575503,-0.999456038,9.64E-05,-1104.759984,20.1011192,82903.18364,0,0,-18.10476929,-2079.832679,27.55256075,0,53.58131968,1231.521314,0.192628352,0,0
0,0.084521601,-1.000194133,9.64E-05,-1104.759984,20.1011192,82903.18364,0,0,-17.54307617,-2145.281439,28.68351593,0,52.3279766,1180.707264,0.192334919,0,0
0,0.089511437,-1.001272573,9.64E-05,-1104.759984,20.1011192,82903.18364,0,0,-20.00878773,-2207.430807,29.38420454,0,50.0564924,1730.522391,0.192022095,0,0
0,0.094881265,-1.00233377,9.64E-05,-1104.759984,20.1011192,82903.18364,0,0,-13.74254316,-2259.923678,30.27584366,0,49.13702767,1603.078533,0.191660106,0,0
0,0.100456069,-1.006389624,9.64E-05,-1104.759984,20.1011192,82903.18364,0,0,-14.37682097,-2296.641799,31.59744175,0,46.12065074,1955.680874,0.190703482,0,0
0,0.105999643,-1.013851956,9.64E-05,-1104.759984,20.1011192,82903.18364,0,0,-19.8685681,-2310.763371,32.04298878,0,41.87239454,1483.444908,0.18901501,0,0
0,0.111376493,-1.006548776,9.64E-05,-1104.759984,20.1011192,82903.18364,0,0,-16.84764075,-2381.600942,33.16252917,0,40.95469608,1291.970595,0.190274018,0,0
0,0.116384761,-1.007987853,9.64E-05,-1104.759984,20.1011192,82903.18364,0,0,-14.68997935,-2407.096415,33.65480388,0,39.72485122,1629.405672,0.189881289,0,0
0,0.121588165,-0.999633422,9.64E-05,-1104.759984,20.1011192,82903.18364,0,0,-15.90078602,-2482.457989,34.27922724,0,37.58682408,1587.866296,0.191416146,0,0
0,0.127204476,-1.006002207,9.64E-05,-1104.759984,20.1011192,82903.18364,0,0,-20.06844651,-2464.506359,34.65255027,0,32.95439084,1518.374941,0.189956889,0,0
0,0.132825157,-1.002290715,9.64E-05,-1104.759984,20.1011192,82903.18364,0,0,-13.04830457,-2507.445999,35.3366222,0,33.54214034,972.6494203,0.19058027,0,0
0,0.137799206,-1.002332562,9.64E-05,-1104.759984,20.1011192,82903.18364,0,0,-17.86052849,-2523.292199,35.07356012,0,29.66764261,1179.431996,0.190481625,0,0
0,0.143131454,-1.004929329,9.64E-05,-1104.759984,20.1011192,82903.18364,0,0,-20.90280594,-2503.851495,35.62475076,0,25.36277176,1473.595424,0.189884603,0,0
0,0.148426609,-1.005563652,9.64E-05,-1104.759984,20.1011192,82903.18364,0,0,-14.94937798,-2514.703235,35.28336207,0,26.25752085,573.6033478,0.189730371,0,0
0,0.153663138,-1.004607844,9.64E-05,-1104.759984,20.1011192,82903.18364,0,0,-18.33452481,-2522.154336,35.59853499,0,22.08429285,715.7139945,0.189848763,0,0
0,0.158587988,-1.005236814,9.64E-05,-1104.759984,20.1011192,82903.18364,0,0,-21.60492607,-2536.546093,35.64728876,0,19.95520404,1481.884372,0.189689993,0,0
0,0.164243995,-1.007595374,9.64E-05,-1104.759984,20.1011192,82903.18364,0,0,-12.57846287,-2503.7369,35.54576934,0,20.49708407,1513.33799,0.189214557,0,0
0,0.169942717,-1.010577128,9.64E-05,-1104.759984,20.1011192,82903.18364,0,0,-18.11143698,-2504.331447,35.28528326,0,17.35009101,1497.358401,0.188629773,0,0
0,0.175737982,-1.010818794,9.64E-05,-1104.759984,20.1011192,82903.18364,0,0,-19.95965173,-2507.186569,35.80674724,0,13.99252103,1258.797207,0.188547539,0,0
0,0.181217946,-1.012612227,9.64E-05,-1104.759984,20.1011192,82903.18364,0,0,-10.89366261,-2480.5258,34.96791472,0,16.86730171,1573.470275,0.188209809,0,0
0,0.186225744,-1.014691757,9.64E-05,-1104.759984,20.1011192,82903.18364,0,0,-13.17411481,-2476.299727,35.03699896,0,14.08549883,1463.298262,0.187792263,0,0
0,0.191467901,-1.013516639,9.64E-05,-1104.759984,20.1011192,82903.18364,0,0,-25.37821363,-2462.38438,35.3610874,0,7.565593882,1183.088378,0.188033946,0,0
0,0.196985107,-1.016418025,9.64E-05,-1104.759984,20.1011192,82903.18364,0,0,-13.85658719,-2439.150145,34.92695342,0,11.07092715,1195.980127,0.187507266,0,0
0,0.202342261,-1.019678818,9.64E-05,-1104.759984,20.1011192,82903.18364,0,0,-5.832741347,-2435.413954,34.58137162,0,14.40035905,1692.078123,0.186881679,0,0
0,0.208382242,-1.022230005,9.64E-05,-1104.759984,20.1011192,82903.18364,0,0,-28.53506418,-2422.739851,34.53361125,0,1.825044565,1664.84105,0.186369404,0,0
0,0.211498893,-1.025005685,9.64E-05,-1104.759984,20.1011192,82903.18364,0,0,-46.79620807,-2427.300825,34.36924482,0,-7.282292567,1074.383972,0.185835357,0,0
0,-0.208449816,-1.000484185,0.000100546,-436.5611958,20.10068091,82319.061,0,0,7.684241084,1053.862558,-10.18691425,0,7.488822269,1361.728712,0.199689778,0,0
0,-0.20316658,-0.9960829,0.000100546,-436.5611958,20.10068091,82319.061,0,0,15.13396839,1057.623125,-9.57447098,0,9.799017781,115.6992381,0.200566247,0,0
0,-0.197658458,-0.995840259,0.000100546,-436.5611958,20.10068091,82319.061,0,0,-22.34896935,1053.001575,-10.12186615,0,-6.11569897,1466.362955,0.200663876,0,0
0,-0.192418557,-0.996394968,0.000100546,-436.5611958,20.10068091,82319.061,0,0,-6.685920057,1053.498148,-9.94476978,0,-0.61673116,1097.428839,0.200571079,0,0
0,-0.187263502,-0.990700843,0.000100546,-436.5611958,20.10068091,82319.061,0,0,-6.291939021,1063.278453,-9.886855152,0,0.139022137,-867.4809927,0.201724797,0,0
0,-0.181690215,-0.994437822,0.000100546,-436.5611958,20.10068091,82319.061,0,0,-16.24273416,1059.532046,-10.39852236,0,-4.581588133,1993.109654,0.200981255,0,0
0,-0.176181261,-0.993566145,0.000100546,-436.5611958,20.10068091,82319.061,0,0,-14.9794734,1057.642561,-10.10475853,0,-4.596074696,1256.986558,0.201207599,0,0
0,-0.171235001,-0.98720791,0.000100546,-436.5611958,20.10068091,82319.061,0,0,-3.974326448,1071.008803,-9.202734439,0,-1.328710715,2147.80038,0.202466928,0,0
0,-0.166071509,-0.993206514,0.000100546,-436.5611958,20.10068091,82319.061,0,0,-12.48659565,1057.381053,-10.12813739,0,-3.575278973,513.4686104,0.201264259,0,0
0,-0.160768775,-0.992858443,0.000100546,-436.5611958,20.10068091,82319.061,0,0,-14.42039473,1054.120113,-10.33320592,0,-5.843995856,2037.085216,0.20136915,0,0
0,-0.155391387,-0.986952326,0.000100546,-436.5611958,20.10068091,82319.061,0,0,-9.239544272,1063.52344,-9.375484523,0,-3.211723071,2285.590967,0.202592854,0,0
0,-0.149880055,-0.982318296,0.000100546,-436.5611958,20.10068091,82319.061,0,0,-8.236952113,1065.907034,-10.28029562,0,-3.674773365,872.3858964,0.203619668,0,0
0,-0.145087896,-0.995380583,0.000100546,-436.5611958,20.10068091,82319.061,0,0,-17.1482884,1042.546455,-9.983877417,0,-8.073065929,2425.068764,0.200895317,0,0
0,-0.139577931,-0.978781405,0.000100546,-436.5611958,20.10068091,82319.061,0,0,-13.81928995,1064.039932,-9.964068442,0,-6.87819053,921.5782954,0.204400518,0,0
0,-0.133958054,-0.984117601,0.000100546,-436.5611958,20.10068091,82319.061,0,0,-7.700512635,1050.80904,-9.881457874,0,-4.807315111,833.1265294,0.20329923,0,0
0,-0.128898476,-0.988143649,0.000100546,-436.5611958,20.10068091,82319.061,0,0,-12.72767332,1041.486066,-10.21236467,0,-7.786582724,1169.338222,0.202481033,0,0
0,-0.123175251,-0.980466779,0.000100546,-436.5611958,20.10068091,82319.061,0,0,-13.07854157,1050.013447,-9.291692845,0,-8.294848648,1328.01409,0.204058196,0,0
0,-0.117990458,-0.98415461,0.000100546,-436.5611958,20.10068091,82319.061,0,0,-7.666894543,1040.955606,-10.03785422,0,-6.83755759,1290.962034,0.203329956,0,0
0,-0.112713558,-0.98492963,0.000100546,-436.5611958,20.10068091,82319.061,0,0,-12.81687991,1034.461251,-10.28313275,0,-9.208827385,2153.987157,0.203141122,0,0
0,-0.107131808,-0.98312846,0.000100546,-436.5611958,20.10068091,82319.061,0,0,-13.25179202,1030.659191,-9.548681361,0,-10.43341934,-419.606591,0.203533682,0,0
0,-0.102164465,-0.987097595,0.000100546,-436.5611958,20.10068091,82319.061,0,0,-12.32885958,1013.841091,-9.836597955,0,-10.54648635,881.6165971,0.202674635,0,0
0,-0.09689998,-0.987887036,0.000100546,-436.5611958,20.10068091,82319.061,0,0,-12.152142,1008.663432,-9.846567186,0,-10.34575592,-1007.36864,0.202550768,0,0
0,-0.090984332,-0.985054714,0.000100546,-436.5611958,20.10068091,82319.061,0,0,-12.6947179,1000.168349,-9.617354171,0,-12.10393092,220.3881206,0.203097085,0,0
0,-0.085656964,-0.988090034,0.000100546,-436.5611958,20.10068091,82319.061,0,0,-16.00436793,981.8590218,-9.710339413,0,-13.33852041,1120.14796,0.202490677,0,0
0,-0.080982004,-0.991841413,0.000100546,-436.5611958,20.10068091,82319.061,0,0,-9.50888028,960.7455578,-9.303513791,0,-10.86238842,575.3688913,0.201710643,0,0
0,-0.075301817,-0.992223025,0.000100546,-436.5611958,20.10068091,82319.061,0,0,-14.63083606,937.59865,-9.68691613,0,-13.9486365,1258.167674,0.201633397,0,0
0,-0.069655609,-0.992580492,0.000100546,-436.5611958,20.10068091,82319.061,0,0,-17.83623823,907.5581458,-9.334270205,0,-14.57148879,296.0396158,0.201523766,0,0
0,-0.064052987,-0.999808685,0.000100546,-436.5611958,20.10068091,82319.061,0,0,-11.6418065,872.9941584,-9.258135793,0,-11.91405265,502.0137051,0.200090675,0,0
0,-0.059301936,-1.002077403,0.000100546,-436.5611958,20.10068091,82319.061,0,0,-16.04813282,835.3277879,-9.105673339,0,-14.25905035,2655.542663,0.19962524,0,0
0,-0.054167481,-1.01049564,0.000100546,-436.5611958,20.10068091,82319.061,0,0,-20.75171556,794.7134952,-8.807485037,0,-15.78466512,-443.5522124,0.197947595,0,0
0,-0.048773927,-1.012323007,0.000100546,-436.5611958,20.10068091,82319.061,0,0,-13.01490755,743.8954838,-8.474881327,0,-11.00197031,972.4047131,0.197608527,0,0
0,-0.04321904,-1.009309948,0.000100546,-436.5611958,20.10068091,82319.061,0,0,-22.10274757,688.421829,-8.478491382,0,-13.49208253,966.6025875,0.198207058,0,0
0,-0.037740497,-1.011328522,0.000100546,-436.5611958,20.10068091,82319.061,0,0,-26.00027064,633.6643645,-8.15955135,0,-14.94706104,2099.479386,0.197815571,0,0
0,-0.032513703,-1.007043441,0.000100546,-436.5611958,20.10068091,82319.061,0,0,-19.63488633,584.9244001,-7.614930756,0,-10.82413324,1929.50866,0.198647742,0,0
0,-0.027485805,-1.003287667,0.000100546,-436.5611958,20.10068091,82319.061,0,0,-20.2639727,522.0433663,-6.909179074,0,-9.402136507,1361.290848,0.199396874,0,0
0,-0.022192895,-0.996355598,0.000100546,-436.5611958,20.10068091,82319.061,0,0,-30.4507006,443.6268585,-6.940617109,0,-11.40082117,1670.829388,0.200822842,0,0
0,-0.016522286,-0.992435471,0.000100546,-436.5611958,20.10068091,82319.061,0,0,-31.77846384,351.9070234,-6.337068143,0,-9.045054663,379.3362528,0.201569814,0,0
0,-0.011123748,-0.974842059,0.000100546,-436.5611958,20.10068091,82319.061,0,0,-27.66456793,255.4332371,-5.914843025,0,-3.666131542,-1783.442468,0.205241825,0,0
0,-0.006027086,-0.963939994,0.000100546,-436.5611958,20.10068091,82319.061,0,0,-35.47928317,140.0959711,-5.21488294,0,-4.155050485,2644.708321,0.207692569,0,0
0,-0.000546028,-0.945742974,0.000100546,-436.5611958,20.10068091,82319.061,0,0,-37.85835792,6.972107677,-4.002602821,0,-1.089044953,2337.786516,0.212089512,0,0
0,0.004773361,-0.96116482,0.000100546,-436.5611958,20.10068091,82319.061,0,0,-23.09436886,-124.2047389,-3.543885341,0,6.163393748,1790.168267,0.209053108,0,0
0,0.009897748,-0.969847642,0.000100546,-436.5611958,20.10068091,82319.061,0,0,-32.17784965,-233.097026,-2.545134014,0,3.505836114,3783.975828,0.207171288,0,0
0,0.015392556,-0.999065018,0.000100546,-436.5611958,20.10068091,82319.061,0,0,-28.41251758,-331.3771825,-1.964989348,0,6.952866077,1211.495431,0.201412385,0,0
0,0.020953344,-1.027914746,0.000100546,-436.5611958,20.10068091,82319.061,0,0,-22.33358286,-410.1981768,-1.797359037,0,8.945128486,150.5923934,0.19585115,0,0
0,0.025935235,-1.040145218,0.000100546,-436.5611958,20.10068091,82319.061,0,0,-21.21202614,-472.7891046,-1.23115202,0,9.328752141,2278.909005,0.193468773,0,0
0,0.031149183,-1.045051789,0.000100546,-436.5611958,20.10068091,82319.061,0,0,-16.329614,-535.3746862,-0.53971394,0,10.16980683,1919.182763,0.192446022,0,0
0,0.036262866,-1.024248334,0.000100546,-436.5611958,20.10068091,82319.061,0,0,-12.58532859,-604.9623655,0.218458497,0,12.47155473,366.1520079,0.196178798,0,0
0,0.041502153,-1.017957383,0.000100546,-436.5611958,20.10068091,82319.061,0,0,-16.24415236,-661.2322602,0.09323177,0,11.46539775,1849.214612,0.197307957,0,0
0,0.047462986,-1.012823675,0.000100546,-436.5611958,20.10068091,82319.061,0,0,-13.8273778,-724.8219421,0.565460144,0,11.98416021,2548.567282,0.198264424,0,0
0,0.052949927,-1.003541097,0.000100546,-436.5611958,20.10068091,82319.061,0,0,-8.810274941,-783.9617111,0.791420186,0,13.76291237,1393.376669,0.200078731,0,0
0,0.058145088,-1.003975734,0.000100546,-436.5611958,20.10068091,82319.061,0,0,-12.84798513,-824.2895333,1.036413193,0,12.03237287,1657.325136,0.200033447,0,0
0,0.063051768,-1.004859628,0.000100546,-436.5611958,20.10068091,82319.061,0,0,-10.88615133,-863.6431064,0.744416764,0,12.88936839,2280.328769,0.19980254,0,0
0,0.068331627,-1.002990234,0.000100546,-436.5611958,20.10068091,82319.061,0,0,-3.47297992,-894.8914263,1.698694197,0,14.7211113,2334.166837,0.200228462,0,0
0,0.074103704,-1.004920924,0.000100546,-436.5611958,20.10068091,82319.061,0,0,-13.41069549,-935.0841691,1.330382828,0,11.36142917,2077.337012,0.199840865,0,0
0,0.079580551,-1.005559001,0.000100546,-436.5611958,20.10068091,82319.061,0,0,-8.258354756,-963.0259286,1.532240922,0,13.20445991,-205.1564789,0.199692167,0,0
0,0.084792649,-0.999780959,0.000100546,-436.5611958,20.10068091,82319.061,0,0,-4.577694722,-989.5425391,1.669568934,0,12.90397779,2153.342068,0.200860301,0,0
0,0.090132714,-1.001632289,0.000100546,-436.5611958,20.10068091,82319.061,0,0,-9.431401942,-1006.035112,1.486549233,0,10.46132237,1728.595373,0.200533035,0,0
0,0.095166671,-1.002685219,0.000100546,-436.5611958,20.10068091,82319.061,0,0,-4.226354764,-1020.040998,1.596125848,0,12.59983351,1849.259563,0.200273314,0,0
0,0.100659363,-1.003358335,0.000100546,-436.5611958,20.10068091,82319.061,0,0,-5.200197012,-1034.950076,2.062333611,0,11.24987748,1525.48821,0.200132116,0,0
0,0.106256954,-0.999758591,0.000100546,-436.5611958,20.10068091,82319.061,0,0,-5.76159358,-1050.108065,1.609146131,0,10.17457629,1889.788001,0.200956321,0,0
0,0.110972486,-1.002547195,0.000100546,-436.5611958,20.10068091,82319.061,0,0,-2.312863544,-1060.606078,1.657415375,0,10.12558005,1674.385587,0.200326181,0,0
0,0.116247943,-1.002229857,0.000100546,-436.5611958,20.10068091,82319.061,0,0,-4.367499498,-1066.98191,2.135962488,0,9.885711021,2217.453105,0.200392211,0,0
0,0.122117649,-1.002692812,0.000100546,-436.5611958,20.10068091,82319.061,0,0,-6.659462165,-1074.801362,1.348144837,0,7.90612198,1685.701194,0.200316149,0,0
0,0.12780997,-0.995147817,0.000100546,-436.5611958,20.10068091,82319.061,0,0,-4.466933715,-1091.075079,1.993027844,0,7.870705076,2034.910016,0.201808226,0,0
0,0.13280454,-1.007268645,0.000100546,-436.5611958,20.10068091,82319.061,0,0,-1.616824965,-1087.082947,2.445625125,0,9.022036423,2072.536071,0.19935004,0,0
0,0.13829927,-1.005072882,0.000100546,-436.5611958,20.10068091,82319.061,0,0,-2.909682337,-1097.255495,1.881282007,0,7.493588416,534.9767612,0.199792361,0,0
0,0.143822233,-1.008480746,0.000100546,-436.5611958,20.10068091,82319.061,0,0,-7.550321737,-1100.157632,1.878250478,0,5.476079003,1393.329003,0.199034882,0,0
0,0.148605735,-1.007490747,0.000100546,-436.5611958,20.10068091,82319.061,0,0,-1.10050009,-1103.193099,2.571877248,0,7.18187616,2163.804074,0.199194663,0,0
0,0.153295217,-1.007876467,0.000100546,-436.5611958,20.10068091,82319.061,0,0,-3.984537421,-1107.948614,2.085881649,0,6.654558247,1514.712411,0.199139383,0,0
0,0.159046222,-1.011329636,0.000100546,-436.5611958,20.10068091,82319.061,0,0,-5.734210785,-1109.338768,2.072867766,0,3.815322949,1784.105614,0.198388406,0,0
0,0.164104228,-1.008531617,0.000100546,-436.5611958,20.10068091,82319.061,0,0,-4.623254984,-1115.32052,2.491305489,0,5.321600316,1953.826305,0.198967559,0,0
0,0.170389392,-1.009743451,0.000100546,-436.5611958,20.10068091,82319.061,0,0,-0.246361493,-1119.712655,2.293420074,0,5.749893683,1895.582505,0.198711033,0,0
0,0.175863327,-1.012962862,0.000100546,-436.5611958,20.10068091,82319.061,0,0,-8.481018877,-1116.612121,1.731313487,0,2.922542992,1361.133342,0.198029996,0,0
0,0.180296425,-1.004776328,0.000100546,-436.5611958,20.10068091,82319.061,0,0,-2.615813093,-1125.541278,2.777669956,0,4.257316643,1735.82002,0.199646905,0,0
0,0.185380339,-1.010259264,0.000100546,-436.5611958,20.10068091,82319.061,0,0,-2.085745387,-1122.300761,2.449776541,0,4.450283026,2096.123609,0.198550122,0,0
0,0.191402895,-1.011352822,0.000100546,-436.5611958,20.10068091,82319.061,0,0,-9.33517381,-1123.776559,1.98837289,0,1.783476931,2044.303285,0.198319271,0,0
0,0.196841816,-1.010535299,0.000100546,-436.5611958,20.10068091,82319.061,0,0,-1.193365644,-1121.181929,2.175964798,0,3.903800926,2529.229739,0.19847739,0,0
0,0.201589185,-1.008489542,0.000100546,-436.5611958,20.10068091,82319.061,0,0,-0.796577608,-1111.67484,3.162141998,0,4.33373661,920.7899039,0.19888589,0,0
0,0.207057747,-1.017517821,0.000100546,-436.5611958,20.10068091,82319.061,0,0,-10.7854196,-1103.987018,2.050420953,0,-1.175675597,2838.447627,0.19706875,0,0
0,0.211299321,-1.021695448,0.000100546,-436.5611958,20.10068091,82319.061,0,0,-16.59657136,-1098.824346,2.151384068,0,-3.754251131,2349.329209,0.196288637,0,0
