RoadSpeed,TirePressure,InclinationAngle,NormalForce,SlipAngle,ElapsedTime,LateralForce,Index,SourceFile
25,12,2,-257.91,6.891,586.998,-514.95,11694,LC0_FZ_250_IA-2_filtered
25,12,2,-257.9,6.422,587.118,-500.37,11706,LC0_FZ_250_IA-2_filtered
25,12,2,-257.53,-2.751,594.287,306.05,12423,LC0_FZ_250_IA-2_filtered
25,12,2,-257.51,7.333,586.888,-531.25,11683,LC0_FZ_250_IA-2_filtered
25,12,2,-257.41,5.52,587.338,-464.24,11728,LC0_FZ_250_IA-2_filtered
25,12,2,-257.28,6.815,587.018,-515.9,11696,LC0_FZ_250_IA-2_filtered
25,12,2,-256.89,-3.164,594.177,338.31,12412,LC0_FZ_250_IA-2_filtered
25,12,2,-256.76,6.018,587.218,-481.32,11716,LC0_FZ_250_IA-2_filtered
25,12,2,-256.6,-2.872,594.257,311.76,12420,LC0_FZ_250_IA-2_filtered
25,12,2,-256.6,-1.043,594.717,148.99,12466,LC0_FZ_250_IA-2_filtered
25,12,2,-256.39,8.219,586.668,-557.81,11661,LC0_FZ_250_IA-2_filtered
25,12,2,-256.22,-6.45,593.357,475.29,12330,LC0_FZ_250_IA-2_filtered
25,12,2,-256.14,-3.654,594.057,369,12400,LC0_FZ_250_IA-2_filtered
25,12,2,-255.94,-2.429,594.367,277.76,12431,LC0_FZ_250_IA-2_filtered
25,12,2,-255.67,-6.889,593.247,488.29,12319,LC0_FZ_250_IA-2_filtered
25,12,2,-255.43,-7.752,593.027,512.32,12297,LC0_FZ_250_IA-2_filtered
25,12,2,-255.32,4.977,587.478,-444.15,11742,LC0_FZ_250_IA-2_filtered
25,12,2,-255.15,10.01,586.218,-589.17,11616,LC0_FZ_250_IA-2_filtered
25,12,2,-255.15,9.129,586.438,-575.83,11638,LC0_FZ_250_IA-2_filtered
25,12,2,-255.15,-8.192,592.917,523.02,12286,LC0_FZ_250_IA-2_filtered
25,12,2,-255.01,8.734,586.538,-564.81,11648,LC0_FZ_250_IA-2_filtered
25,12,2,-255,10.047,586.208,-589.64,11615,LC0_FZ_250_IA-2_filtered
25,12,2,-254.94,6.784,587.028,-513.8,11697,LC0_FZ_250_IA-2_filtered
25,12,2,-254.9,-4.137,593.937,395.36,12388,LC0_FZ_250_IA-2_filtered
25,12,2,-254.85,10.525,586.088,-593.67,11603,LC0_FZ_250_IA-2_filtered
25,12,2,-254.84,-3.14,594.187,335.45,12413,LC0_FZ_250_IA-2_filtered
25,12,2,-254.81,7.862,586.758,-540.31,11670,LC0_FZ_250_IA-2_filtered
25,12,2,-254.57,4.554,587.588,-421.21,11753,LC0_FZ_250_IA-2_filtered
25,12,2,-254.54,-8.669,592.797,532.61,12274,LC0_FZ_250_IA-2_filtered
25,12,2,-254.47,9.091,586.448,-575.55,11639,LC0_FZ_250_IA-2_filtered
25,12,2,-254.39,-1.961,594.477,240.63,12442,LC0_FZ_250_IA-2_filtered
25,12,2,-254.38,-7.725,593.037,511.35,12298,LC0_FZ_250_IA-2_filtered
25,12,2,-254.37,1.652,582.888,-184.19,11283,LC0_FZ_250_IA-2_filtered
25,12,2,-254.33,10.086,586.198,-588.42,11614,LC0_FZ_250_IA-2_filtered
25,12,2,-254.21,-8.166,592.927,521.28,12287,LC0_FZ_250_IA-2_filtered
25,12,2,-254.15,8.609,586.568,-565.78,11651,LC0_FZ_250_IA-2_filtered
25,12,2,-253.95,9.64,586.308,-581.45,11625,LC0_FZ_250_IA-2_filtered
25,12,2,-253.9,9.974,586.228,-586.73,11617,LC0_FZ_250_IA-2_filtered
25,12,2,-253.89,-4.179,593.927,395.94,12387,LC0_FZ_250_IA-2_filtered
25,12,2,-253.83,-7.247,593.157,498.48,12310,LC0_FZ_250_IA-2_filtered
25,12,2,-253.79,-6.047,593.457,460.47,12340,LC0_FZ_250_IA-2_filtered
25,12,2,-253.77,-6.985,593.227,483.9,12317,LC0_FZ_250_IA-2_filtered
25,12,2,-253.61,10.935,585.978,-599.14,11592,LC0_FZ_250_IA-2_filtered
25,12,2,-253.44,-7.667,593.047,509.16,12299,LC0_FZ_250_IA-2_filtered
25,12,2,-253.27,3.579,587.828,-356.74,11777,LC0_FZ_250_IA-2_filtered
25,12,2,-253.26,10.396,586.118,-589.06,11606,LC0_FZ_250_IA-2_filtered
25,12,2,-252.74,-8.568,592.828,524.49,12277,LC0_FZ_250_IA-2_filtered
25,12,2,-252.68,-10.031,592.458,548.55,12240,LC0_FZ_250_IA-2_filtered
25,12,2,-252.66,8.759,586.528,-561.32,11647,LC0_FZ_250_IA-2_filtered
25,12,2,-252.59,7.868,586.748,-537.27,11669,LC0_FZ_250_IA-2_filtered
25,12,2,-252.58,9.695,586.298,-577.16,11624,LC0_FZ_250_IA-2_filtered
25,12,2,-252.58,-4.051,593.957,390.61,12390,LC0_FZ_250_IA-2_filtered
25,12,2,-252.57,11.364,585.868,-601.63,11581,LC0_FZ_250_IA-2_filtered
25,12,2,-252.5,-5.83,593.507,457.16,12345,LC0_FZ_250_IA-2_filtered
25,12,2,-252.48,3.105,587.948,-316.42,11789,LC0_FZ_250_IA-2_filtered
25,12,2,-252.33,-7.202,593.167,495.17,12311,LC0_FZ_250_IA-2_filtered
25,12,2,-252.29,-10.463,592.347,551.48,12229,LC0_FZ_250_IA-2_filtered
25,12,2,-252.27,-2.941,594.237,316.45,12418,LC0_FZ_250_IA-2_filtered
25,12,2,-252.24,9.49,586.348,-579.02,11629,LC0_FZ_250_IA-2_filtered
25,12,2,-252.03,-7,593.217,482.13,12316,LC0_FZ_250_IA-2_filtered
25,12,2,-252,9.93,586.238,-582.28,11618,LC0_FZ_250_IA-2_filtered
25,12,2,-251.91,-10.499,592.338,550.84,12228,LC0_FZ_250_IA-2_filtered
25,12,2,-251.77,11.424,585.858,-600.88,11580,LC0_FZ_250_IA-2_filtered
25,12,2,-251.7,-10.906,592.237,553.93,12218,LC0_FZ_250_IA-2_filtered
25,12,2,-251.44,1.501,588.348,-156.34,11829,LC0_FZ_250_IA-2_filtered
25,12,2,-251.39,11.7,585.528,-608.34,11547,LC0_FZ_250_IA-2_filtered
25,12,2,-251.27,-8.347,592.878,514.68,12282,LC0_FZ_250_IA-2_filtered
25,12,2,-251.25,2.19,583.018,-241.36,11296,LC0_FZ_250_IA-2_filtered
25,12,2,-251.14,8.101,586.698,-549.59,11664,LC0_FZ_250_IA-2_filtered
25,12,2,-251.12,-9.939,592.477,544.93,12242,LC0_FZ_250_IA-2_filtered
25,12,2,-251.1,11.005,585.958,-592.06,11590,LC0_FZ_250_IA-2_filtered
25,12,2,-251.02,11.854,585.738,-603.07,11568,LC0_FZ_250_IA-2_filtered
25,12,2,-250.96,-11.409,592.107,560.14,12205,LC0_FZ_250_IA-2_filtered
25,12,2,-250.92,8.82,586.518,-557.65,11646,LC0_FZ_250_IA-2_filtered
25,12,2,-250.81,0.992,588.478,-96.32,11842,LC0_FZ_250_IA-2_filtered
25,12,2,-250.8,5.657,587.308,-461.79,11725,LC0_FZ_250_IA-2_filtered
25,12,2,-250.77,10.373,586.128,-583.87,11607,LC0_FZ_250_IA-2_filtered
25,12,2,-250.74,6.242,587.158,-491.9,11710,LC0_FZ_250_IA-2_filtered
25,12,2,-250.71,-10.533,592.328,548.64,12227,LC0_FZ_250_IA-2_filtered
25,12,2,-250.64,-5.373,593.627,441.45,12357,LC0_FZ_250_IA-2_filtered
25,12,2,-250.63,-7.053,593.207,482.24,12315,LC0_FZ_250_IA-2_filtered
25,12,2,-250.59,7.617,586.818,-535.17,11676,LC0_FZ_250_IA-2_filtered
25,12,2,-250.47,-8.405,592.867,513.25,12281,LC0_FZ_250_IA-2_filtered
25,12,2,-250.46,0.962,588.488,-91.36,11843,LC0_FZ_250_IA-2_filtered
25,12,2,-250.44,7.931,586.738,-535.47,11668,LC0_FZ_250_IA-2_filtered
25,12,2,-250.31,6.676,587.048,-505.09,11699,LC0_FZ_250_IA-2_filtered
25,12,2,-250.24,11.609,585.408,-613.04,11535,LC0_FZ_250_IA-2_filtered
25,12,2,-250.22,11.287,585.298,-610.86,11524,LC0_FZ_250_IA-2_filtered
25,12,2,-250.2,-6.203,593.417,461.28,12336,LC0_FZ_250_IA-2_filtered
25,12,2,-250.2,-6.152,593.427,458.65,12337,LC0_FZ_250_IA-2_filtered
25,12,2,-250.16,11.254,585.288,-611.17,11523,LC0_FZ_250_IA-2_filtered
25,12,2,-249.94,-11.83,591.987,560.58,12193,LC0_FZ_250_IA-2_filtered
25,12,2,-249.93,1.039,588.468,-100.84,11841,LC0_FZ_250_IA-2_filtered
25,12,2,-249.81,-5.2,593.667,431.35,12361,LC0_FZ_250_IA-2_filtered
25,12,2,-249.74,-11.431,592.098,557.93,12204,LC0_FZ_250_IA-2_filtered
25,12,2,-249.73,-8.924,592.737,522.83,12268,LC0_FZ_250_IA-2_filtered
25,12,2,-249.71,11.214,585.278,-608.39,11522,LC0_FZ_250_IA-2_filtered
25,12,2,-249.7,11.708,585.778,-597.23,11572,LC0_FZ_250_IA-2_filtered
25,12,2,-249.54,-11.014,592.208,551.41,12215,LC0_FZ_250_IA-2_filtered
25,12,2,-249.49,8.057,586.708,-544.05,11665,LC0_FZ_250_IA-2_filtered
25,12,2,-249.47,12.161,585.618,-603.26,11556,LC0_FZ_250_IA-2_filtered
25,12,2,-249.35,-7.073,593.198,484.05,12314,LC0_FZ_250_IA-2_filtered
25,12,2,-249.28,-12.159,591.878,562.54,12182,LC0_FZ_250_IA-2_filtered
25,12,2,-249.13,-1.707,589.148,223.42,11909,LC0_FZ_250_IA-2_filtered
25,12,2,-249.12,5.783,587.278,-471.48,11722,LC0_FZ_250_IA-2_filtered
25,12,2,-249.08,-10.135,592.427,539.43,12237,LC0_FZ_250_IA-2_filtered
25,12,2,-248.9,10.359,585.068,-610.44,11501,LC0_FZ_250_IA-2_filtered
25,12,2,-248.88,2.547,583.118,-279.76,11306,LC0_FZ_250_IA-2_filtered
25,12,2,-248.88,-11.679,591.788,560.69,12173,LC0_FZ_250_IA-2_filtered
25,12,2,-248.81,-11.685,591.778,563.64,12172,LC0_FZ_250_IA-2_filtered
25,12,2,-248.8,9.401,586.368,-567.17,11631,LC0_FZ_250_IA-2_filtered
25,12,2,-248.8,-5.254,593.657,432.4,12360,LC0_FZ_250_IA-2_filtered
25,12,2,-248.79,7.135,586.938,-517.85,11688,LC0_FZ_250_IA-2_filtered
25,12,2,-248.75,6.612,587.068,-497.37,11701,LC0_FZ_250_IA-2_filtered
25,12,2,-248.69,0.888,588.498,-86.78,11844,LC0_FZ_250_IA-2_filtered
25,12,2,-248.66,-10.292,592.388,539.58,12233,LC0_FZ_250_IA-2_filtered
25,12,2,-248.57,9.839,586.258,-571.99,11620,LC0_FZ_250_IA-2_filtered
25,12,2,-248.56,10.309,585.058,-609.98,11500,LC0_FZ_250_IA-2_filtered
25,12,2,-248.55,6.659,587.058,-500.64,11700,LC0_FZ_250_IA-2_filtered
25,12,2,-248.55,6.224,587.168,-487.31,11711,LC0_FZ_250_IA-2_filtered
25,12,2,-248.49,8.412,586.618,-546.08,11656,LC0_FZ_250_IA-2_filtered
25,12,2,-248.41,11.546,585.378,-599.72,11532,LC0_FZ_250_IA-2_filtered
25,12,2,-248.4,7.542,586.838,-526.38,11678,LC0_FZ_250_IA-2_filtered
25,12,2,-248.4,-3.879,593.997,377.16,12394,LC0_FZ_250_IA-2_filtered
25,12,2,-248.39,11.714,585.558,-592.15,11550,LC0_FZ_250_IA-2_filtered
25,12,2,-248.28,7.092,586.948,-513.83,11689,LC0_FZ_250_IA-2_filtered
25,12,2,-248.2,7.97,586.728,-535.85,11667,LC0_FZ_250_IA-2_filtered
25,12,2,-248.17,-10.615,592.307,541.58,12225,LC0_FZ_250_IA-2_filtered
25,12,2,-248.13,10.3,586.148,-574.94,11609,LC0_FZ_250_IA-2_filtered
25,12,2,-248.02,9.326,586.388,-561.29,11633,LC0_FZ_250_IA-2_filtered
25,12,2,-247.93,7.623,584.378,-565.03,11432,LC0_FZ_250_IA-2_filtered
25,12,2,-247.86,-1.671,589.138,218.28,11908,LC0_FZ_250_IA-2_filtered
25,12,2,-247.83,10.893,585.198,-607.52,11514,LC0_FZ_250_IA-2_filtered
25,12,2,-247.78,0.507,582.598,-39.49,11254,LC0_FZ_250_IA-2_filtered
25,12,2,-247.76,7.563,584.368,-562.09,11431,LC0_FZ_250_IA-2_filtered
25,12,2,-247.76,-7.592,590.628,523.6,12057,LC0_FZ_250_IA-2_filtered
25,12,2,-247.75,-11.663,592.038,550.39,12198,LC0_FZ_250_IA-2_filtered
25,12,2,-247.7,8.085,584.498,-574.19,11444,LC0_FZ_250_IA-2_filtered
25,12,2,-247.69,-10.238,592.407,535.35,12235,LC0_FZ_250_IA-2_filtered
25,12,2,-247.61,8.481,584.598,-580.24,11454,LC0_FZ_250_IA-2_filtered
25,12,2,-247.57,-7.118,590.508,516.93,12045,LC0_FZ_250_IA-2_filtered
25,12,2,-247.52,5.306,587.398,-451.19,11734,LC0_FZ_250_IA-2_filtered
25,12,2,-247.46,-6.67,590.398,511.66,12034,LC0_FZ_250_IA-2_filtered
25,12,2,-247.37,-1.307,589.048,180.55,11899,LC0_FZ_250_IA-2_filtered
25,12,2,-247.29,11.53,585.828,-588.3,11577,LC0_FZ_250_IA-2_filtered
25,12,2,-247.22,-1.813,589.178,237.34,11912,LC0_FZ_250_IA-2_filtered
25,12,2,-247.16,1.753,588.288,-182.38,11823,LC0_FZ_250_IA-2_filtered
25,12,2,-247.15,-7.554,590.618,521.41,12056,LC0_FZ_250_IA-2_filtered
25,12,2,-247.14,-11.077,592.188,544.98,12213,LC0_FZ_250_IA-2_filtered
25,12,2,-247.07,-11.711,591.807,552.09,12175,LC0_FZ_250_IA-2_filtered
25,12,2,-247.04,-6.757,590.418,510.87,12036,LC0_FZ_250_IA-2_filtered
25,12,2,-247,-6.249,590.288,503.59,12023,LC0_FZ_250_IA-2_filtered
25,12,2,-246.93,8.006,584.478,-568.32,11442,LC0_FZ_250_IA-2_filtered
25,12,2,-246.84,-9.844,591.188,553.51,12113,LC0_FZ_250_IA-2_filtered
25,12,2,-246.71,-12.006,591.927,551.76,12187,LC0_FZ_250_IA-2_filtered
25,12,2,-246.65,-11.657,591.737,551.92,12168,LC0_FZ_250_IA-2_filtered
25,12,2,-246.63,-10.744,592.278,542.3,12222,LC0_FZ_250_IA-2_filtered
25,12,2,-246.56,-2.52,589.358,294.42,11930,LC0_FZ_250_IA-2_filtered
25,12,2,-246.53,-1.331,589.058,185.64,11900,LC0_FZ_250_IA-2_filtered
25,12,2,-246.52,6.722,584.158,-546.49,11410,LC0_FZ_250_IA-2_filtered
25,12,2,-246.41,12.172,585.578,-585.06,11552,LC0_FZ_250_IA-2_filtered
25,12,2,-246.41,-11.651,591.677,561.84,12162,LC0_FZ_250_IA-2_filtered
25,12,2,-246.39,-9.434,591.088,551.48,12103,LC0_FZ_250_IA-2_filtered
25,12,2,-246.37,-8.497,590.848,535.19,12079,LC0_FZ_250_IA-2_filtered
25,12,2,-246.36,-0.442,588.828,77.96,11877,LC0_FZ_250_IA-2_filtered
25,12,2,-246.31,-8.508,590.858,537.52,12080,LC0_FZ_250_IA-2_filtered
25,12,2,-246.3,-6.208,590.278,501.1,12022,LC0_FZ_250_IA-2_filtered
25,12,2,-246.25,-11.176,592.167,543.99,12211,LC0_FZ_250_IA-2_filtered
25,12,2,-246.2,11.681,585.478,-592.67,11542,LC0_FZ_250_IA-2_filtered
25,12,2,-246.14,10.686,585.148,-602.75,11509,LC0_FZ_250_IA-2_filtered
25,12,2,-246.14,-6.799,590.428,507.73,12037,LC0_FZ_250_IA-2_filtered
25,12,2,-246.07,-8.956,590.968,543.87,12091,LC0_FZ_250_IA-2_filtered
25,12,2,-246,0.958,582.718,-102.85,11266,LC0_FZ_250_IA-2_filtered
25,12,2,-246,11.505,585.358,-587.99,11530,LC0_FZ_250_IA-2_filtered
25,12,2,-245.97,-8.993,590.978,544.49,12092,LC0_FZ_250_IA-2_filtered
25,12,2,-245.94,10.435,585.088,-603.09,11503,LC0_FZ_250_IA-2_filtered
25,12,2,-245.91,7.215,584.278,-556.57,11422,LC0_FZ_250_IA-2_filtered
25,12,2,-245.91,-9.789,591.178,548.67,12112,LC0_FZ_250_IA-2_filtered
25,12,2,-245.86,-7.687,590.648,522.77,12059,LC0_FZ_250_IA-2_filtered
25,12,2,-245.84,-6.588,590.378,502.93,12032,LC0_FZ_250_IA-2_filtered
25,12,2,-245.79,-11.937,591.948,548.32,12189,LC0_FZ_250_IA-2_filtered
25,12,2,-245.76,-2.288,589.298,280.11,11924,LC0_FZ_250_IA-2_filtered
25,12,2,-245.72,11.419,585.338,-589.88,11528,LC0_FZ_250_IA-2_filtered
25,12,2,-245.7,-0.014,588.728,25.64,11867,LC0_FZ_250_IA-2_filtered
25,12,2,-245.66,-12.178,591.848,551.89,12179,LC0_FZ_250_IA-2_filtered
25,12,2,-245.57,2.992,583.228,-318.61,11317,LC0_FZ_250_IA-2_filtered
25,12,2,-245.57,-11.657,591.708,548.15,12165,LC0_FZ_250_IA-2_filtered
25,12,2,-245.54,-3.542,589.608,372.29,11955,LC0_FZ_250_IA-2_filtered
25,12,2,-245.53,-6.356,590.318,498.87,12026,LC0_FZ_250_IA-2_filtered
25,12,2,-245.43,-9.966,591.218,555.32,12116,LC0_FZ_250_IA-2_filtered
25,12,2,-245.39,-11.639,591.698,552.8,12164,LC0_FZ_250_IA-2_filtered
25,12,2,-245.16,-6.831,590.438,504.44,12038,LC0_FZ_250_IA-2_filtered
25,12,2,-245.06,6.76,584.168,-546.37,11411,LC0_FZ_250_IA-2_filtered
25,12,2,-245.02,-1.383,589.068,190.4,11901,LC0_FZ_250_IA-2_filtered
25,12,2,-244.99,-7.954,590.718,521.04,12066,LC0_FZ_250_IA-2_filtered
25,12,2,-244.96,-7.289,590.548,513.27,12049,LC0_FZ_250_IA-2_filtered
25,12,2,-244.9,6.606,584.128,-535.18,11407,LC0_FZ_250_IA-2_filtered
25,12,2,-244.81,8.398,584.578,-569.61,11452,LC0_FZ_250_IA-2_filtered
25,12,2,-244.81,1.092,588.448,-111.08,11839,LC0_FZ_250_IA-2_filtered
25,12,2,-244.73,-10.92,591.458,552.81,12140,LC0_FZ_250_IA-2_filtered
25,12,2,-244.7,-0.796,588.928,126.17,11887,LC0_FZ_250_IA-2_filtered
25,12,2,-244.69,5.339,583.808,-487.74,11375,LC0_FZ_250_IA-2_filtered
25,12,2,-244.69,-11.122,591.508,548.46,12145,LC0_FZ_250_IA-2_filtered
25,12,2,-244.65,2.478,583.098,-272.57,11304,LC0_FZ_250_IA-2_filtered
25,12,2,-244.62,-4.911,589.958,456.06,11990,LC0_FZ_250_IA-2_filtered
25,12,2,-244.57,-6.426,590.328,495.27,12027,LC0_FZ_250_IA-2_filtered
25,12,2,-244.49,5.286,583.798,-483.25,11374,LC0_FZ_250_IA-2_filtered
25,12,2,-244.46,7.05,584.238,-544.18,11418,LC0_FZ_250_IA-2_filtered
25,12,2,-244.44,5.799,583.928,-512.25,11387,LC0_FZ_250_IA-2_filtered
25,12,2,-244.4,-6.451,590.338,493.39,12028,LC0_FZ_250_IA-2_filtered
25,12,2,-244.34,1.462,582.838,-162.15,11278,LC0_FZ_250_IA-2_filtered
25,12,2,-244.29,11.473,585.348,-586.97,11529,LC0_FZ_250_IA-2_filtered
25,12,2,-244.22,-8.393,590.828,525.82,12077,LC0_FZ_250_IA-2_filtered
25,12,2,-244.2,4.84,583.688,-456.88,11363,LC0_FZ_250_IA-2_filtered
25,12,2,-244.19,-1.88,589.198,243.92,11914,LC0_FZ_250_IA-2_filtered
25,12,2,-244.17,-6.489,590.348,491.84,12029,LC0_FZ_250_IA-2_filtered
25,12,2,-243.82,-7.311,590.558,510.6,12050,LC0_FZ_250_IA-2_filtered
25,12,2,-243.79,-10.483,591.348,550.44,12129,LC0_FZ_250_IA-2_filtered
25,12,2,-243.68,11.046,585.238,-589.01,11518,LC0_FZ_250_IA-2_filtered
25,12,2,-243.68,-5.46,590.088,474.94,12003,LC0_FZ_250_IA-2_filtered
25,12,2,-243.66,-11.028,591.488,543.31,12143,LC0_FZ_250_IA-2_filtered
25,12,2,-243.65,1.68,588.308,-173.78,11825,LC0_FZ_250_IA-2_filtered
25,12,2,-243.63,-6.975,590.468,500.82,12041,LC0_FZ_250_IA-2_filtered
25,12,2,-243.58,-11.429,591.588,546.87,12153,LC0_FZ_250_IA-2_filtered
25,12,2,-243.52,-9.542,591.118,545.49,12106,LC0_FZ_250_IA-2_filtered
25,12,2,-243.5,-3.597,589.628,378.44,11957,LC0_FZ_250_IA-2_filtered
25,12,2,-243.43,4.89,583.698,-461.72,11364,LC0_FZ_250_IA-2_filtered
25,12,2,-243.43,7.251,584.288,-554.93,11423,LC0_FZ_250_IA-2_filtered
25,12,2,-243.35,-7.402,590.578,508.26,12052,LC0_FZ_250_IA-2_filtered
25,12,2,-243.3,-9.709,591.158,539.58,12110,LC0_FZ_250_IA-2_filtered
25,12,2,-243.08,3.48,583.348,-358.39,11329,LC0_FZ_250_IA-2_filtered
25,12,2,-243.04,-4.347,589.808,414.9,11975,LC0_FZ_250_IA-2_filtered
25,12,2,-242.96,3.52,583.358,-363.37,11330,LC0_FZ_250_IA-2_filtered
25,12,2,-242.93,-7.378,590.568,508.71,12051,LC0_FZ_250_IA-2_filtered
25,12,2,-242.89,-9.127,591.008,536.94,12095,LC0_FZ_250_IA-2_filtered
25,12,2,-242.71,-5.192,590.028,458.62,11997,LC0_FZ_250_IA-2_filtered
25,12,2,-242.69,-1.154,589.018,166,11896,LC0_FZ_250_IA-2_filtered
25,12,2,-242.57,9.571,584.868,-587.99,11481,LC0_FZ_250_IA-2_filtered
25,12,2,-242.52,-3.213,589.528,349.7,11947,LC0_FZ_250_IA-2_filtered
25,12,2,-242.48,1.15,588.438,-115.32,11838,LC0_FZ_250_IA-2_filtered
25,12,2,-242.47,-2.924,589.458,323.31,11940,LC0_FZ_250_IA-2_filtered
25,12,2,-242.41,-1.573,589.118,210.36,11906,LC0_FZ_250_IA-2_filtered
25,12,2,-242.37,5.409,583.828,-494.01,11377,LC0_FZ_250_IA-2_filtered
25,12,2,-242.33,-2.38,589.318,284.83,11926,LC0_FZ_250_IA-2_filtered
25,12,2,-242.32,6.56,584.118,-531.08,11406,LC0_FZ_250_IA-2_filtered
25,12,2,-242.28,-5.594,590.128,471.64,12007,LC0_FZ_250_IA-2_filtered
25,12,2,-242.21,2.708,583.158,-297.47,11310,LC0_FZ_250_IA-2_filtered
25,12,2,-242.19,4.4,583.578,-429.49,11352,LC0_FZ_250_IA-2_filtered
25,12,2,-241.87,10.158,585.018,-590.94,11496,LC0_FZ_250_IA-2_filtered
25,12,2,-241.76,-8.754,590.918,524.03,12086,LC0_FZ_250_IA-2_filtered
25,12,2,-241.74,8.2,584.528,-565.04,11447,LC0_FZ_250_IA-2_filtered
25,12,2,-241.74,-4.527,589.858,433.47,11980,LC0_FZ_250_IA-2_filtered
25,12,2,-241.63,-1.464,589.088,199.63,11903,LC0_FZ_250_IA-2_filtered
25,12,2,-241.58,8.813,584.678,-570.31,11462,LC0_FZ_250_IA-2_filtered
25,12,2,-241.56,-8.241,590.788,520.91,12073,LC0_FZ_250_IA-2_filtered
25,12,2,-241.53,-8.285,590.798,519.05,12074,LC0_FZ_250_IA-2_filtered
25,12,2,-241.44,9.113,584.758,-578.24,11470,LC0_FZ_250_IA-2_filtered
25,12,2,-241.29,1.162,588.428,-119.87,11837,LC0_FZ_250_IA-2_filtered
25,12,2,-241.19,3.563,583.368,-368.23,11331,LC0_FZ_250_IA-2_filtered
25,12,2,-240.9,-4.569,589.868,433.13,11981,LC0_FZ_250_IA-2_filtered
25,12,2,-240.72,-3.232,589.538,350.42,11948,LC0_FZ_250_IA-2_filtered
25,12,2,-240.56,-3.705,589.648,379.59,11959,LC0_FZ_250_IA-2_filtered
25,12,2,-240.46,-1.109,589.008,161.27,11895,LC0_FZ_250_IA-2_filtered
25,12,2,-240.33,8.323,584.558,-559.49,11450,LC0_FZ_250_IA-2_filtered
25,12,2,-240.19,6.089,583.998,-515.79,11394,LC0_FZ_250_IA-2_filtered
25,12,2,-240.13,8.689,584.648,-569.74,11459,LC0_FZ_250_IA-2_filtered
25,12,2,-240.06,3.885,583.448,-386.71,11339,LC0_FZ_250_IA-2_filtered
25,12,2,-240.03,-3.794,589.678,381.59,11962,LC0_FZ_250_IA-2_filtered
25,12,2,-239.94,2.404,583.078,-266.67,11302,LC0_FZ_250_IA-2_filtered
25,12,2,-239.81,2.342,583.058,-259.84,11300,LC0_FZ_250_IA-2_filtered
25,12,2,-239.7,0.733,588.538,-68.41,11848,LC0_FZ_250_IA-2_filtered
25,12,2,-239.61,6.403,584.078,-530.7,11402,LC0_FZ_250_IA-2_filtered
25,12,2,-239.35,5.646,583.888,-498.76,11383,LC0_FZ_250_IA-2_filtered
25,12,2,-239.26,3.166,583.268,-338.06,11321,LC0_FZ_250_IA-2_filtered
25,12,2,-238.85,6.886,584.198,-539.24,11414,LC0_FZ_250_IA-2_filtered
25,12,2,-238.55,-0.144,588.758,41.27,11870,LC0_FZ_250_IA-2_filtered
25,12,2,-238.11,-0.181,588.768,46.39,11871,LC0_FZ_250_IA-2_filtered
25,12,2,-237.82,5.014,583.728,-470.87,11367,LC0_FZ_250_IA-2_filtered
25,12,2,-237.72,5.173,583.768,-474.29,11371,LC0_FZ_250_IA-2_filtered
25,12,2,-237.69,-0.603,588.868,97.88,11881,LC0_FZ_250_IA-2_filtered
25,12,2,-237.19,6.013,583.978,-514.65,11392,LC0_FZ_250_IA-2_filtered
25,12,2,-237.17,-0.656,588.888,107.18,11883,LC0_FZ_250_IA-2_filtered
25,12,2,-236.84,4.526,583.608,-440.35,11355,LC0_FZ_250_IA-2_filtered
25,12,2,-236.03,4.068,583.498,-408.12,11344,LC0_FZ_250_IA-2_filtered
25,12,2,-235.29,5.523,583.858,-496.55,11380,LC0_FZ_250_IA-2_filtered
25,12,2,-234.74,5.093,583.748,-472.53,11369,LC0_FZ_250_IA-2_filtered
25,12,2,-234,4.116,583.508,-409.88,11345,LC0_FZ_250_IA-2_filtered
25,12,2,-233.41,3.316,583.308,-347.36,11325,LC0_FZ_250_IA-2_filtered
25,12,2,-232.96,4.638,583.638,-443.86,11358,LC0_FZ_250_IA-2_filtered
25,12,2,-231.48,3.758,583.418,-379.2,11336,LC0_FZ_250_IA-2_filtered
25,12,2,-205.74,1.334,481.41,-141.81,7528,LC0_FZ_200_IA-2_filtered
25,12,2,-205.15,0.887,481.29,-88.45,7516,LC0_FZ_200_IA-2_filtered
25,12,2,-204.02,-2.889,492.85,267.75,8672,LC0_FZ_200_IA-2_filtered
25,12,2,-203.79,3.508,486.45,-302.37,8032,LC0_FZ_200_IA-2_filtered
25,12,2,-203.68,1.771,481.52,-184.98,7539,LC0_FZ_200_IA-2_filtered
25,12,2,-203.62,3.033,486.57,-271.54,8044,LC0_FZ_200_IA-2_filtered
25,12,2,-203.51,6.225,485.77,-413.29,7964,LC0_FZ_200_IA-2_filtered
25,12,2,-203.47,3.468,486.46,-301.77,8033,LC0_FZ_200_IA-2_filtered
25,12,2,-203.38,-8.333,491.48,432.69,8535,LC0_FZ_200_IA-2_filtered
25,12,2,-203.32,7.601,485.42,-444.78,7929,LC0_FZ_200_IA-2_filtered
25,12,2,-203.27,7.096,485.55,-435.16,7942,LC0_FZ_200_IA-2_filtered
25,12,2,-202.95,2.103,486.8,-199.24,8067,LC0_FZ_200_IA-2_filtered
25,12,2,-202.94,5.732,485.89,-401.69,7976,LC0_FZ_200_IA-2_filtered
25,12,2,-202.92,-1.997,493.07,208.5,8694,LC0_FZ_200_IA-2_filtered
25,12,2,-202.88,-7.898,491.59,424.76,8546,LC0_FZ_200_IA-2_filtered
25,12,2,-202.78,8.974,485.08,-472.89,7895,LC0_FZ_200_IA-2_filtered
25,12,2,-202.76,6.26,485.76,-411.76,7963,LC0_FZ_200_IA-2_filtered
25,12,2,-202.73,9.882,484.85,-486.23,7872,LC0_FZ_200_IA-2_filtered
25,12,2,-202.73,-2.806,492.87,263.08,8674,LC0_FZ_200_IA-2_filtered
25,12,2,-202.67,1.745,481.51,-181.14,7538,LC0_FZ_200_IA-2_filtered
25,12,2,-202.6,5.296,486,-388.36,7987,LC0_FZ_200_IA-2_filtered
25,12,2,-202.58,-7.874,491.6,425.19,8547,LC0_FZ_200_IA-2_filtered
25,12,2,-202.54,8.015,485.32,-454.61,7919,LC0_FZ_200_IA-2_filtered
25,12,2,-202.51,-1.073,493.31,130.74,8718,LC0_FZ_200_IA-2_filtered
25,12,2,-202.44,-9.246,491.26,445.07,8513,LC0_FZ_200_IA-2_filtered
25,12,2,-202.22,2.968,486.58,-270.02,8045,LC0_FZ_200_IA-2_filtered
25,12,2,-202.21,-3.828,492.61,317.99,8648,LC0_FZ_200_IA-2_filtered
25,12,2,-202.19,-9.693,491.14,450.78,8501,LC0_FZ_200_IA-2_filtered
25,12,2,-202.19,-3.764,492.63,316.46,8650,LC0_FZ_200_IA-2_filtered
25,12,2,-202.15,9.389,484.97,-478.93,7884,LC0_FZ_200_IA-2_filtered
25,12,2,-202.13,4.868,486.11,-371.46,7998,LC0_FZ_200_IA-2_filtered
25,12,2,-202.08,-7.381,491.72,415.74,8559,LC0_FZ_200_IA-2_filtered
25,12,2,-202.04,4.429,486.22,-352.41,8009,LC0_FZ_200_IA-2_filtered
25,12,2,-202.02,-2.964,492.83,269.28,8670,LC0_FZ_200_IA-2_filtered
25,12,2,-202.01,-8.295,491.49,431.7,8536,LC0_FZ_200_IA-2_filtered
25,12,2,-201.94,-6.595,491.92,396.64,8579,LC0_FZ_200_IA-2_filtered
25,12,2,-201.85,4.365,486.23,-352.85,8010,LC0_FZ_200_IA-2_filtered
25,12,2,-201.76,-5.618,492.16,379.73,8603,LC0_FZ_200_IA-2_filtered
25,12,2,-201.72,-9.794,491.12,447.22,8499,LC0_FZ_200_IA-2_filtered
25,12,2,-201.69,-5.671,492.15,378.36,8602,LC0_FZ_200_IA-2_filtered
25,12,2,-201.68,-0.661,493.4,94.41,8727,LC0_FZ_200_IA-2_filtered
25,12,2,-201.67,-9.326,491.23,440.83,8510,LC0_FZ_200_IA-2_filtered
25,12,2,-201.64,7.039,485.56,-432.93,7943,LC0_FZ_200_IA-2_filtered
25,12,2,-201.63,-5.583,492.17,379.71,8604,LC0_FZ_200_IA-2_filtered
25,12,2,-201.57,10.77,484.62,-494.48,7849,LC0_FZ_200_IA-2_filtered
25,12,2,-201.54,-2.415,487.93,251.6,8180,LC0_FZ_200_IA-2_filtered
25,12,2,-201.51,10.749,484.63,-493.37,7850,LC0_FZ_200_IA-2_filtered
25,12,2,-201.5,-5.157,492.28,367.77,8615,LC0_FZ_200_IA-2_filtered
25,12,2,-201.48,-1.924,493.09,203.95,8696,LC0_FZ_200_IA-2_filtered
25,12,2,-201.46,7.218,485.52,-429.48,7939,LC0_FZ_200_IA-2_filtered
25,12,2,-201.44,6.298,485.75,-408.54,7962,LC0_FZ_200_IA-2_filtered
25,12,2,-201.43,-10.613,490.91,457.29,8478,LC0_FZ_200_IA-2_filtered
25,12,2,-201.37,2.497,486.7,-234.38,8057,LC0_FZ_200_IA-2_filtered
25,12,2,-201.34,-1.985,487.82,219.31,8169,LC0_FZ_200_IA-2_filtered
25,12,2,-201.26,2.158,486.78,-204.41,8065,LC0_FZ_200_IA-2_filtered
25,12,2,-201.22,-4.694,492.4,354.3,8627,LC0_FZ_200_IA-2_filtered
25,12,2,-201.17,10.261,484.75,-488.58,7862,LC0_FZ_200_IA-2_filtered
25,12,2,-201.16,1.692,486.91,-161.61,8078,LC0_FZ_200_IA-2_filtered
25,12,2,-201.15,6.766,485.63,-417.06,7950,LC0_FZ_200_IA-2_filtered
25,12,2,-201.13,9.376,484.98,-477.89,7885,LC0_FZ_200_IA-2_filtered
25,12,2,-201.06,-7.068,491.8,403.75,8567,LC0_FZ_200_IA-2_filtered
25,12,2,-201.06,-2.528,492.94,241.47,8681,LC0_FZ_200_IA-2_filtered
25,12,2,-200.98,5.701,485.9,-400.22,7977,LC0_FZ_200_IA-2_filtered
25,12,2,-200.93,-1.947,487.81,214.65,8168,LC0_FZ_200_IA-2_filtered
25,12,2,-200.92,7.678,485.4,-437.25,7927,LC0_FZ_200_IA-2_filtered
25,12,2,-200.89,-8.918,491.34,432.3,8521,LC0_FZ_200_IA-2_filtered
25,12,2,-200.84,8.878,485.1,-470.61,7897,LC0_FZ_200_IA-2_filtered
25,12,2,-200.82,-11.913,490.56,463.63,8443,LC0_FZ_200_IA-2_filtered
25,12,2,-200.82,-10.569,490.92,455.4,8479,LC0_FZ_200_IA-2_filtered
25,12,2,-200.8,10.805,484.61,-492.49,7848,LC0_FZ_200_IA-2_filtered
25,12,2,-200.67,-1.502,487.7,177.39,8157,LC0_FZ_200_IA-2_filtered
25,12,2,-200.65,-1.543,487.71,182.35,8158,LC0_FZ_200_IA-2_filtered
25,12,2,-200.63,5.871,485.86,-395.08,7973,LC0_FZ_200_IA-2_filtered
25,12,2,-200.62,-3.869,492.6,317.51,8647,LC0_FZ_200_IA-2_filtered
25,12,2,-200.41,2.282,481.64,-226.77,7551,LC0_FZ_200_IA-2_filtered
25,12,2,-200.36,-7.365,491.73,412.57,8560,LC0_FZ_200_IA-2_filtered
25,12,2,-200.34,-2.011,487.83,223.14,8170,LC0_FZ_200_IA-2_filtered
25,12,2,-200.32,11.672,484.39,-502.44,7826,LC0_FZ_200_IA-2_filtered
25,12,2,-200.32,7.499,485.45,-441.92,7932,LC0_FZ_200_IA-2_filtered
25,12,2,-200.31,-7.558,491.68,409.47,8555,LC0_FZ_200_IA-2_filtered
25,12,2,-200.3,11.244,484.5,-496.53,7837,LC0_FZ_200_IA-2_filtered
25,12,2,-200.26,11.621,484.4,-500.57,7827,LC0_FZ_200_IA-2_filtered
25,12,2,-200.22,4.932,486.09,-367.8,7996,LC0_FZ_200_IA-2_filtered
25,12,2,-200.21,-2.091,493.05,211.36,8692,LC0_FZ_200_IA-2_filtered
25,12,2,-200.1,-3.005,492.82,269.86,8669,LC0_FZ_200_IA-2_filtered
25,12,2,-200.09,-5.214,492.26,365.91,8613,LC0_FZ_200_IA-2_filtered
25,12,2,-200.01,-4.303,492.49,336.58,8636,LC0_FZ_200_IA-2_filtered
25,12,2,-199.88,-2.786,488.03,275.3,8190,LC0_FZ_200_IA-2_filtered
25,12,2,-199.79,12.032,484.28,-503.66,7815,LC0_FZ_200_IA-2_filtered
25,12,2,-199.76,-9.611,491.16,445.58,8503,LC0_FZ_200_IA-2_filtered
25,12,2,-199.74,-2.333,492.99,232.13,8686,LC0_FZ_200_IA-2_filtered
25,12,2,-199.61,-1.588,487.72,186.38,8159,LC0_FZ_200_IA-2_filtered
25,12,2,-199.6,9.973,484.83,-478.38,7870,LC0_FZ_200_IA-2_filtered
25,12,2,-199.6,-5.514,492.19,374.4,8606,LC0_FZ_200_IA-2_filtered
25,12,2,-199.56,-1.882,493.1,200.79,8697,LC0_FZ_200_IA-2_filtered
25,12,2,-199.55,-8.022,491.56,415.48,8543,LC0_FZ_200_IA-2_filtered
25,12,2,-199.51,-0.993,493.33,123.8,8720,LC0_FZ_200_IA-2_filtered
25,12,2,-199.5,-5.713,492.14,375.96,8601,LC0_FZ_200_IA-2_filtered
25,12,2,-199.5,-4.653,492.41,352.05,8628,LC0_FZ_200_IA-2_filtered
25,12,2,-199.39,11.304,484.49,-492.66,7836,LC0_FZ_200_IA-2_filtered
25,12,2,-199.37,12.064,484.27,-503.36,7814,LC0_FZ_200_IA-2_filtered
25,12,2,-199.33,6.58,485.68,-419.33,7955,LC0_FZ_200_IA-2_filtered
25,12,2,-199.31,11.577,484.41,-496.09,7828,LC0_FZ_200_IA-2_filtered
25,12,2,-199.24,5.223,486.02,-385.99,7989,LC0_FZ_200_IA-2_filtered
25,12,2,-199.15,-8.679,491.4,428.97,8527,LC0_FZ_200_IA-2_filtered
25,12,2,-199.14,11.687,484.05,-506.64,7792,LC0_FZ_200_IA-2_filtered
25,12,2,-199.14,-11.703,490.44,466.21,8431,LC0_FZ_200_IA-2_filtered
25,12,2,-199.13,6.33,485.74,-404.88,7961,LC0_FZ_200_IA-2_filtered
25,12,2,-199.09,-7.3,491.74,408.66,8561,LC0_FZ_200_IA-2_filtered
25,12,2,-199.07,-2.061,487.84,225.77,8171,LC0_FZ_200_IA-2_filtered
25,12,2,-199.03,7.93,485.34,-448.34,7921,LC0_FZ_200_IA-2_filtered
25,12,2,-198.95,12.007,484.29,-499.96,7816,LC0_FZ_200_IA-2_filtered
25,12,2,-198.91,11.676,484.38,-500.46,7825,LC0_FZ_200_IA-2_filtered
25,12,2,-198.89,-9.876,491.1,438.75,8497,LC0_FZ_200_IA-2_filtered
25,12,2,-198.88,11.686,484.06,-503.08,7793,LC0_FZ_200_IA-2_filtered
25,12,2,-198.84,-9.578,491.17,441.53,8504,LC0_FZ_200_IA-2_filtered
25,12,2,-198.83,2.652,481.74,-256.17,7561,LC0_FZ_200_IA-2_filtered
25,12,2,-198.77,2.206,486.77,-207.12,8064,LC0_FZ_200_IA-2_filtered
25,12,2,-198.74,-1.19,493.28,140.09,8715,LC0_FZ_200_IA-2_filtered
25,12,2,-198.73,8.85,485.11,-465.55,7898,LC0_FZ_200_IA-2_filtered
25,12,2,-198.7,1.445,481.44,-154.76,7531,LC0_FZ_200_IA-2_filtered
25,12,2,-198.57,-7.838,489.29,438.75,8316,LC0_FZ_200_IA-2_filtered
25,12,2,-198.56,-3.254,488.14,300.08,8201,LC0_FZ_200_IA-2_filtered
25,12,2,-198.56,-3.362,488.17,311.08,8204,LC0_FZ_200_IA-2_filtered
25,12,2,-198.5,2.719,481.76,-264.24,7563,LC0_FZ_200_IA-2_filtered
25,12,2,-198.48,-10.721,490.88,450.83,8475,LC0_FZ_200_IA-2_filtered
25,12,2,-198.45,-9.098,491.29,434.23,8516,LC0_FZ_200_IA-2_filtered
25,12,2,-198.37,-8.184,491.52,420.27,8539,LC0_FZ_200_IA-2_filtered
25,12,2,-198.36,-8.548,491.43,416.53,8530,LC0_FZ_200_IA-2_filtered
25,12,2,-198.32,4.485,486.2,-350.32,8007,LC0_FZ_200_IA-2_filtered
25,12,2,-198.31,-11.963,490.54,459.84,8441,LC0_FZ_200_IA-2_filtered
25,12,2,-198.31,-6.386,491.97,390.47,8584,LC0_FZ_200_IA-2_filtered
25,12,2,-198.3,-10.964,490.82,453.6,8469,LC0_FZ_200_IA-2_filtered
25,12,2,-198.27,11.536,484.42,-489.15,7829,LC0_FZ_200_IA-2_filtered
25,12,2,-198.27,-10.003,491.06,442.91,8493,LC0_FZ_200_IA-2_filtered
25,12,2,-198.25,-7.875,489.3,439.36,8317,LC0_FZ_200_IA-2_filtered
25,12,2,-198.18,-7.438,489.19,435.64,8306,LC0_FZ_200_IA-2_filtered
25,12,2,-198.14,1.904,481.55,-197.07,7542,LC0_FZ_200_IA-2_filtered
25,12,2,-198.11,-10.471,490.94,447.87,8481,LC0_FZ_200_IA-2_filtered
25,12,2,-198.1,6.074,485.8,-405.07,7967,LC0_FZ_200_IA-2_filtered
25,12,2,-198.09,-4.1,492.54,329.06,8641,LC0_FZ_200_IA-2_filtered
25,12,2,-198.07,-1.84,487.79,204.18,8166,LC0_FZ_200_IA-2_filtered
25,12,2,-198.06,-2.733,492.89,255.95,8676,LC0_FZ_200_IA-2_filtered
25,12,2,-198.02,11.667,484.04,-506.97,7791,LC0_FZ_200_IA-2_filtered
25,12,2,-197.98,-2.961,488.07,286.55,8194,LC0_FZ_200_IA-2_filtered
25,12,2,-197.97,11.434,483.93,-505.88,7780,LC0_FZ_200_IA-2_filtered
25,12,2,-197.94,-8.07,491.55,413.58,8542,LC0_FZ_200_IA-2_filtered
25,12,2,-197.93,-3.044,492.81,271.19,8668,LC0_FZ_200_IA-2_filtered
25,12,2,-197.91,-5.758,492.13,373.59,8600,LC0_FZ_200_IA-2_filtered
25,12,2,-197.88,-8.575,491.42,418.39,8529,LC0_FZ_200_IA-2_filtered
25,12,2,-197.78,-7.146,491.78,398.05,8565,LC0_FZ_200_IA-2_filtered
25,12,2,-197.74,10.005,484.82,-472.72,7869,LC0_FZ_200_IA-2_filtered
25,12,2,-197.65,-7.238,491.76,400.87,8563,LC0_FZ_200_IA-2_filtered
25,12,2,-197.63,-8.771,489.52,445.71,8339,LC0_FZ_200_IA-2_filtered
25,12,2,-197.63,-11.529,490.23,461.2,8410,LC0_FZ_200_IA-2_filtered
25,12,2,-197.63,-11.658,490.35,461.49,8422,LC0_FZ_200_IA-2_filtered
25,12,2,-197.61,-7.363,489.17,434.54,8304,LC0_FZ_200_IA-2_filtered
25,12,2,-197.57,11.726,484.37,-495.37,7824,LC0_FZ_200_IA-2_filtered
25,12,2,-197.55,5.897,485.85,-391.44,7972,LC0_FZ_200_IA-2_filtered
25,12,2,-197.53,10.198,484.77,-479.69,7864,LC0_FZ_200_IA-2_filtered
25,12,2,-197.53,-11.712,490.42,458.41,8429,LC0_FZ_200_IA-2_filtered
25,12,2,-197.45,-7.789,489.28,435.31,8315,LC0_FZ_200_IA-2_filtered
25,12,2,-197.41,-10.906,490.83,448.94,8470,LC0_FZ_200_IA-2_filtered
25,12,2,-197.41,-9.445,491.2,432.34,8507,LC0_FZ_200_IA-2_filtered
25,12,2,-197.39,10.955,483.81,-505.9,7768,LC0_FZ_200_IA-2_filtered
25,12,2,-197.38,-10.77,490.87,446,8474,LC0_FZ_200_IA-2_filtered
25,12,2,-197.37,-6.992,489.08,432.65,8295,LC0_FZ_200_IA-2_filtered
25,12,2,-197.36,-6.353,491.98,386.57,8585,LC0_FZ_200_IA-2_filtered
25,12,2,-197.34,-10.599,489.98,463.55,8385,LC0_FZ_200_IA-2_filtered
25,12,2,-197.34,-11.066,490.1,463.99,8397,LC0_FZ_200_IA-2_filtered
25,12,2,-197.3,-6.075,488.85,421.84,8272,LC0_FZ_200_IA-2_filtered
25,12,2,-197.3,-7.193,491.77,398.53,8564,LC0_FZ_200_IA-2_filtered
25,12,2,-197.3,-3.173,492.78,280.46,8665,LC0_FZ_200_IA-2_filtered
25,12,2,-197.22,-6.527,488.96,429.9,8283,LC0_FZ_200_IA-2_filtered
25,12,2,-197.19,-11.121,490.11,462.29,8398,LC0_FZ_200_IA-2_filtered
25,12,2,-197.19,-9.494,491.19,433.72,8506,LC0_FZ_200_IA-2_filtered
25,12,2,-197.15,-2.12,493.04,213.75,8691,LC0_FZ_200_IA-2_filtered
25,12,2,-197.13,-2.29,493,228.47,8687,LC0_FZ_200_IA-2_filtered
25,12,2,-197.11,4.717,486.14,-367.45,8001,LC0_FZ_200_IA-2_filtered
25,12,2,-197.1,8.172,483.12,-476.14,7699,LC0_FZ_200_IA-2_filtered
25,12,2,-197.1,10.886,483.8,-503.11,7767,LC0_FZ_200_IA-2_filtered
25,12,2,-197.09,2.176,481.61,-216.18,7548,LC0_FZ_200_IA-2_filtered
25,12,2,-197.09,5.19,486.03,-381.83,7990,LC0_FZ_200_IA-2_filtered
25,12,2,-197.05,-1.11,487.61,143.17,8148,LC0_FZ_200_IA-2_filtered
25,12,2,-197.02,-6.487,488.95,429.72,8282,LC0_FZ_200_IA-2_filtered
25,12,2,-197,11.339,484.48,-486.54,7835,LC0_FZ_200_IA-2_filtered
25,12,2,-196.96,3.147,481.86,-290.96,7573,LC0_FZ_200_IA-2_filtered
25,12,2,-196.95,-6.434,488.94,426.5,8281,LC0_FZ_200_IA-2_filtered
25,12,2,-196.95,-9.219,489.63,449.73,8350,LC0_FZ_200_IA-2_filtered
25,12,2,-196.89,11.736,484.19,-491.5,7806,LC0_FZ_200_IA-2_filtered
25,12,2,-196.89,-3.515,492.69,296.58,8656,LC0_FZ_200_IA-2_filtered
25,12,2,-196.88,11.657,484.03,-504.22,7790,LC0_FZ_200_IA-2_filtered
25,12,2,-196.86,-6.55,488.97,427.24,8284,LC0_FZ_200_IA-2_filtered
25,12,2,-196.86,-9.71,489.76,455.78,8363,LC0_FZ_200_IA-2_filtered
25,12,2,-196.82,-8.792,489.53,446.91,8340,LC0_FZ_200_IA-2_filtered
25,12,2,-196.8,-3.805,488.28,334.15,8215,LC0_FZ_200_IA-2_filtered
25,12,2,-196.68,9.102,483.35,-486.69,7722,LC0_FZ_200_IA-2_filtered
25,12,2,-196.66,-11.659,490.36,457.93,8423,LC0_FZ_200_IA-2_filtered
25,12,2,-196.63,7.761,483.01,-472.29,7688,LC0_FZ_200_IA-2_filtered
25,12,2,-196.57,10.548,483.71,-502.52,7758,LC0_FZ_200_IA-2_filtered
25,12,2,-196.55,-4.827,492.36,350.9,8623,LC0_FZ_200_IA-2_filtered
25,12,2,-196.55,-4.068,492.55,324.83,8642,LC0_FZ_200_IA-2_filtered
25,12,2,-196.53,2.75,481.77,-268,7564,LC0_FZ_200_IA-2_filtered
25,12,2,-196.52,-10.137,489.86,459.33,8373,LC0_FZ_200_IA-2_filtered
25,12,2,-196.52,-10.411,490.96,440.53,8483,LC0_FZ_200_IA-2_filtered
25,12,2,-196.51,12.114,484.25,-493.95,7812,LC0_FZ_200_IA-2_filtered
25,12,2,-196.49,6.358,485.73,-402.01,7960,LC0_FZ_200_IA-2_filtered
25,12,2,-196.43,-5.888,492.1,375.7,8597,LC0_FZ_200_IA-2_filtered
25,12,2,-196.42,8.631,483.23,-480.51,7710,LC0_FZ_200_IA-2_filtered
25,12,2,-196.41,10.458,484.7,-475.69,7857,LC0_FZ_200_IA-2_filtered
25,12,2,-196.39,7.298,485.5,-422.49,7937,LC0_FZ_200_IA-2_filtered
25,12,2,-196.38,-4.193,488.38,351.52,8225,LC0_FZ_200_IA-2_filtered
25,12,2,-196.37,-11.283,490.74,444.25,8461,LC0_FZ_200_IA-2_filtered
25,12,2,-196.32,-10.369,490.97,439.29,8484,LC0_FZ_200_IA-2_filtered
25,12,2,-196.29,-8.393,489.43,439.15,8330,LC0_FZ_200_IA-2_filtered
25,12,2,-196.29,-5.439,492.21,367.01,8608,LC0_FZ_200_IA-2_filtered
25,12,2,-196.28,5.612,485.92,-391.63,7979,LC0_FZ_200_IA-2_filtered
25,12,2,-196.28,-11.359,490.72,449.04,8459,LC0_FZ_200_IA-2_filtered
25,12,2,-196.26,-6,488.83,418.86,8270,LC0_FZ_200_IA-2_filtered
25,12,2,-196.24,-11.705,490.41,453.09,8428,LC0_FZ_200_IA-2_filtered
25,12,2,-196.23,-3.223,488.13,294.9,8200,LC0_FZ_200_IA-2_filtered
25,12,2,-196.14,-0.644,487.48,87.24,8135,LC0_FZ_200_IA-2_filtered
25,12,2,-196.14,-2.657,492.91,248.17,8678,LC0_FZ_200_IA-2_filtered
25,12,2,-196.13,9.14,483.36,-486.41,7723,LC0_FZ_200_IA-2_filtered
25,12,2,-196.13,-11.633,490.3,457.9,8417,LC0_FZ_200_IA-2_filtered
25,12,2,-196.06,-7.755,489.27,430.45,8314,LC0_FZ_200_IA-2_filtered
25,12,2,-196.04,-3.672,488.25,321.87,8212,LC0_FZ_200_IA-2_filtered
25,12,2,-196,7.719,483,-469.97,7687,LC0_FZ_200_IA-2_filtered
25,12,2,-195.99,-4.005,492.57,318.14,8644,LC0_FZ_200_IA-2_filtered
25,12,2,-195.96,0.776,487.13,-72.7,8100,LC0_FZ_200_IA-2_filtered
25,12,2,-195.96,-6.6,488.98,422.86,8285,LC0_FZ_200_IA-2_filtered
25,12,2,-195.94,8.211,485.27,-439.25,7914,LC0_FZ_200_IA-2_filtered
25,12,2,-195.83,10.053,484.81,-468.11,7868,LC0_FZ_200_IA-2_filtered
25,12,2,-195.81,-3.861,488.29,335.05,8216,LC0_FZ_200_IA-2_filtered
25,12,2,-195.81,-5.518,488.71,401.62,8258,LC0_FZ_200_IA-2_filtered
25,12,2,-195.8,5.918,485.84,-390.08,7971,LC0_FZ_200_IA-2_filtered
25,12,2,-195.78,6.356,482.66,-448.89,7653,LC0_FZ_200_IA-2_filtered
25,12,2,-195.78,10.142,484.78,-473.54,7865,LC0_FZ_200_IA-2_filtered
25,12,2,-195.78,-11.73,490.61,446.08,8448,LC0_FZ_200_IA-2_filtered
25,12,2,-195.76,8.6,483.22,-475.7,7709,LC0_FZ_200_IA-2_filtered
25,12,2,-195.75,-9.163,489.62,445.19,8349,LC0_FZ_200_IA-2_filtered
25,12,2,-195.74,-8.846,489.54,445.16,8341,LC0_FZ_200_IA-2_filtered
25,12,2,-195.7,4.53,486.19,-350.09,8006,LC0_FZ_200_IA-2_filtered
25,12,2,-195.7,-5.333,492.23,362.2,8610,LC0_FZ_200_IA-2_filtered
25,12,2,-195.67,1.787,486.88,-170.43,8075,LC0_FZ_200_IA-2_filtered
25,12,2,-195.65,-4.656,488.49,369.2,8236,LC0_FZ_200_IA-2_filtered
25,12,2,-195.65,-11.685,490.63,446.23,8450,LC0_FZ_200_IA-2_filtered
25,12,2,-195.6,7.793,483.02,-471.41,7689,LC0_FZ_200_IA-2_filtered
25,12,2,-195.59,-1.837,487.78,200.07,8165,LC0_FZ_200_IA-2_filtered
25,12,2,-195.54,-2.126,487.86,228.59,8173,LC0_FZ_200_IA-2_filtered
25,12,2,-195.52,-5.382,492.22,363.88,8609,LC0_FZ_200_IA-2_filtered
25,12,2,-195.47,-9.571,489.73,446.58,8360,LC0_FZ_200_IA-2_filtered
25,12,2,-195.46,-0.661,487.49,92.37,8136,LC0_FZ_200_IA-2_filtered
25,12,2,-195.46,-3.559,492.68,299.34,8655,LC0_FZ_200_IA-2_filtered
25,12,2,-195.44,-2.678,488,261.34,8187,LC0_FZ_200_IA-2_filtered
25,12,2,-195.44,-5.07,488.6,386.09,8247,LC0_FZ_200_IA-2_filtered
25,12,2,-195.43,3.109,481.85,-286.33,7572,LC0_FZ_200_IA-2_filtered
25,12,2,-195.42,5.951,482.56,-438.53,7643,LC0_FZ_200_IA-2_filtered
25,12,2,-195.42,-6.398,488.93,420.54,8280,LC0_FZ_200_IA-2_filtered
25,12,2,-195.42,-6.853,489.04,423.64,8291,LC0_FZ_200_IA-2_filtered
25,12,2,-195.41,-9.771,489.77,453.41,8364,LC0_FZ_200_IA-2_filtered
25,12,2,-195.39,9.976,483.57,-495.9,7744,LC0_FZ_200_IA-2_filtered
25,12,2,-195.38,-0.138,487.36,31.41,8123,LC0_FZ_200_IA-2_filtered
25,12,2,-195.36,-7.947,489.32,434.3,8319,LC0_FZ_200_IA-2_filtered
25,12,2,-195.35,5.87,482.54,-433.12,7641,LC0_FZ_200_IA-2_filtered
25,12,2,-195.34,-7.087,489.1,424.23,8297,LC0_FZ_200_IA-2_filtered
25,12,2,-195.32,-10.511,489.96,454.96,8383,LC0_FZ_200_IA-2_filtered
25,12,2,-195.23,-4.027,492.56,321.07,8643,LC0_FZ_200_IA-2_filtered
25,12,2,-195.22,10.523,484.69,-471.53,7856,LC0_FZ_200_IA-2_filtered
25,12,2,-195.22,-2.195,487.88,230.16,8175,LC0_FZ_200_IA-2_filtered
25,12,2,-195.21,-12.043,490.51,448.08,8438,LC0_FZ_200_IA-2_filtered
25,12,2,-195.13,-2.609,487.98,259.01,8185,LC0_FZ_200_IA-2_filtered
25,12,2,-195.04,-6.622,488.99,418.02,8286,LC0_FZ_200_IA-2_filtered
25,12,2,-195,-9.116,489.61,438.96,8348,LC0_FZ_200_IA-2_filtered
25,12,2,-194.97,-8.217,489.38,430.89,8325,LC0_FZ_200_IA-2_filtered
25,12,2,-194.95,-12.089,490.5,447.73,8437,LC0_FZ_200_IA-2_filtered
25,12,2,-194.86,12.177,484.2,-483.18,7807,LC0_FZ_200_IA-2_filtered
25,12,2,-194.83,8.093,483.1,-466.44,7697,LC0_FZ_200_IA-2_filtered
25,12,2,-194.82,8.673,485.15,-446.87,7902,LC0_FZ_200_IA-2_filtered
25,12,2,-194.82,0.822,487.12,-76.91,8099,LC0_FZ_200_IA-2_filtered
25,12,2,-194.8,1.323,487,-126.27,8087,LC0_FZ_200_IA-2_filtered
25,12,2,-194.78,-5.693,488.75,407.8,8262,LC0_FZ_200_IA-2_filtered
25,12,2,-194.73,8.762,485.13,-451.88,7900,LC0_FZ_200_IA-2_filtered
25,12,2,-194.69,9.008,483.33,-478.06,7720,LC0_FZ_200_IA-2_filtered
25,12,2,-194.66,7.798,485.37,-432.33,7924,LC0_FZ_200_IA-2_filtered
25,12,2,-194.64,-3.64,488.24,316.56,8211,LC0_FZ_200_IA-2_filtered
25,12,2,-194.54,-11.567,490.25,452.85,8412,LC0_FZ_200_IA-2_filtered
25,12,2,-194.52,-8.438,489.44,435.37,8331,LC0_FZ_200_IA-2_filtered
25,12,2,-194.5,2.132,481.6,-213.15,7547,LC0_FZ_200_IA-2_filtered
25,12,2,-194.5,-11.383,490.18,450.41,8405,LC0_FZ_200_IA-2_filtered
25,12,2,-194.49,-3.163,488.12,290.94,8199,LC0_FZ_200_IA-2_filtered
25,12,2,-194.49,-3.45,488.19,311.88,8206,LC0_FZ_200_IA-2_filtered
25,12,2,-194.48,6.933,485.59,-416.35,7946,LC0_FZ_200_IA-2_filtered
25,12,2,-194.48,-10.952,490.07,452.43,8394,LC0_FZ_200_IA-2_filtered
25,12,2,-194.46,-11.692,490.39,447.93,8426,LC0_FZ_200_IA-2_filtered
25,12,2,-194.42,-8.89,489.55,442.05,8342,LC0_FZ_200_IA-2_filtered
25,12,2,-194.37,-4.474,492.45,337.81,8632,LC0_FZ_200_IA-2_filtered
25,12,2,-194.33,-3.877,488.3,335.34,8217,LC0_FZ_200_IA-2_filtered
25,12,2,-194.3,-7.563,489.22,424.97,8309,LC0_FZ_200_IA-2_filtered
25,12,2,-194.28,-0.903,493.35,115.56,8722,LC0_FZ_200_IA-2_filtered
25,12,2,-194.23,-11.69,490.38,449.94,8425,LC0_FZ_200_IA-2_filtered
25,12,2,-194.21,12.141,484.24,-486.28,7811,LC0_FZ_200_IA-2_filtered
25,12,2,-194.18,-5.499,488.7,395.36,8257,LC0_FZ_200_IA-2_filtered
25,12,2,-194.17,-6.192,488.88,410.54,8275,LC0_FZ_200_IA-2_filtered
25,12,2,-194.15,8.291,485.25,-441.47,7912,LC0_FZ_200_IA-2_filtered
25,12,2,-194.14,2.584,481.72,-249.92,7559,LC0_FZ_200_IA-2_filtered
25,12,2,-194.13,4.542,482.21,-375.59,7608,LC0_FZ_200_IA-2_filtered
25,12,2,-194.05,-7.147,489.11,420.15,8298,LC0_FZ_200_IA-2_filtered
25,12,2,-194.04,-1.251,493.26,146.93,8713,LC0_FZ_200_IA-2_filtered
25,12,2,-194.03,11.309,483.9,-493.12,7777,LC0_FZ_200_IA-2_filtered
25,12,2,-193.95,11.916,484.32,-479.17,7819,LC0_FZ_200_IA-2_filtered
25,12,2,-193.95,11.476,484.44,-474.51,7831,LC0_FZ_200_IA-2_filtered
25,12,2,-193.93,5.577,485.93,-385.83,7980,LC0_FZ_200_IA-2_filtered
25,12,2,-193.92,-5.929,488.81,406.67,8268,LC0_FZ_200_IA-2_filtered
25,12,2,-193.88,7.821,483.03,-468.49,7690,LC0_FZ_200_IA-2_filtered
25,12,2,-193.82,-6.799,489.03,416.89,8290,LC0_FZ_200_IA-2_filtered
25,12,2,-193.81,1.542,481.46,-162.14,7533,LC0_FZ_200_IA-2_filtered
25,12,2,-193.8,10.365,483.67,-490.49,7754,LC0_FZ_200_IA-2_filtered
25,12,2,-193.66,5.987,482.57,-438.41,7644,LC0_FZ_200_IA-2_filtered
25,12,2,-193.65,11.689,484.09,-482.6,7796,LC0_FZ_200_IA-2_filtered
25,12,2,-193.62,8.542,483.21,-468.62,7708,LC0_FZ_200_IA-2_filtered
25,12,2,-193.56,2.789,481.78,-271.84,7565,LC0_FZ_200_IA-2_filtered
25,12,2,-193.5,-10.484,489.95,448.8,8382,LC0_FZ_200_IA-2_filtered
25,12,2,-193.49,-8.169,489.37,426.19,8324,LC0_FZ_200_IA-2_filtered
25,12,2,-193.49,-10.267,489.9,451.78,8377,LC0_FZ_200_IA-2_filtered
25,12,2,-193.4,11.55,483.97,-483.83,7784,LC0_FZ_200_IA-2_filtered
25,12,2,-193.39,4.496,482.2,-370.32,7607,LC0_FZ_200_IA-2_filtered
25,12,2,-193.37,0.67,481.24,-64.11,7511,LC0_FZ_200_IA-2_filtered
25,12,2,-193.35,7.609,482.98,-458.42,7685,LC0_FZ_200_IA-2_filtered
25,12,2,-193.34,5.529,482.45,-423.07,7632,LC0_FZ_200_IA-2_filtered
25,12,2,-193.28,9.454,483.44,-481.66,7731,LC0_FZ_200_IA-2_filtered
25,12,2,-193.24,4.041,482.09,-345.81,7596,LC0_FZ_200_IA-2_filtered
25,12,2,-193.22,-5.225,488.64,392.55,8251,LC0_FZ_200_IA-2_filtered
25,12,2,-193.2,-3.617,488.23,312.97,8210,LC0_FZ_200_IA-2_filtered
25,12,2,-193.19,-6.775,489.02,412.85,8289,LC0_FZ_200_IA-2_filtered
25,12,2,-193.18,3.048,481.84,-283.31,7571,LC0_FZ_200_IA-2_filtered
25,12,2,-193.13,-8.471,489.45,431.45,8332,LC0_FZ_200_IA-2_filtered
25,12,2,-193.11,-7.656,489.24,420.44,8311,LC0_FZ_200_IA-2_filtered
25,12,2,-193.06,-9.068,489.6,433.47,8347,LC0_FZ_200_IA-2_filtered
25,12,2,-192.93,10.599,483.73,-491.15,7760,LC0_FZ_200_IA-2_filtered
25,12,2,-192.9,-5.885,488.8,401.34,8267,LC0_FZ_200_IA-2_filtered
25,12,2,-192.87,-9.527,489.71,435.79,8358,LC0_FZ_200_IA-2_filtered
25,12,2,-192.84,9.235,483.38,-479.39,7725,LC0_FZ_200_IA-2_filtered
25,12,2,-192.81,-1.347,487.66,158.41,8153,LC0_FZ_200_IA-2_filtered
25,12,2,-192.78,-11.618,490.26,450.16,8413,LC0_FZ_200_IA-2_filtered
25,12,2,-192.77,0.234,487.27,-10.26,8114,LC0_FZ_200_IA-2_filtered
25,12,2,-192.7,-8.583,489.48,427.09,8335,LC0_FZ_200_IA-2_filtered
25,12,2,-192.64,3.665,481.99,-325.39,7586,LC0_FZ_200_IA-2_filtered
25,12,2,-192.55,-3.548,488.21,311.07,8208,LC0_FZ_200_IA-2_filtered
25,12,2,-192.52,-11.266,490.15,444.76,8402,LC0_FZ_200_IA-2_filtered
25,12,2,-192.51,3.279,481.89,-303.18,7576,LC0_FZ_200_IA-2_filtered
25,12,2,-192.5,4.647,486.16,-358.58,8003,LC0_FZ_200_IA-2_filtered
25,12,2,-192.48,-11.32,490.16,443.68,8403,LC0_FZ_200_IA-2_filtered
25,12,2,-192.47,8.037,483.09,-459.03,7696,LC0_FZ_200_IA-2_filtered
25,12,2,-192.43,6.476,482.69,-448.86,7656,LC0_FZ_200_IA-2_filtered
25,12,2,-192.41,4.007,482.08,-340.08,7595,LC0_FZ_200_IA-2_filtered
25,12,2,-192.41,5.096,486.05,-372.39,7992,LC0_FZ_200_IA-2_filtered
25,12,2,-192.4,6.705,482.75,-446.19,7662,LC0_FZ_200_IA-2_filtered
25,12,2,-192.38,4.22,486.27,-342.58,8014,LC0_FZ_200_IA-2_filtered
25,12,2,-192.38,-10.386,489.93,441.81,8380,LC0_FZ_200_IA-2_filtered
25,12,2,-192.35,-8.115,489.36,423.68,8323,LC0_FZ_200_IA-2_filtered
25,12,2,-192.33,-10.829,490.04,442.88,8391,LC0_FZ_200_IA-2_filtered
25,12,2,-192.31,-5.833,488.79,398.39,8266,LC0_FZ_200_IA-2_filtered
25,12,2,-192.31,-9.976,489.82,438.39,8369,LC0_FZ_200_IA-2_filtered
25,12,2,-192.22,3.246,486.51,-285.21,8038,LC0_FZ_200_IA-2_filtered
25,12,2,-192.22,2.791,486.63,-251.56,8050,LC0_FZ_200_IA-2_filtered
25,12,2,-192.17,8.979,483.32,-470.85,7719,LC0_FZ_200_IA-2_filtered
25,12,2,-192.11,-9.91,489.81,438.08,8368,LC0_FZ_200_IA-2_filtered
25,12,2,-192.09,-9.875,489.8,440.56,8367,LC0_FZ_200_IA-2_filtered
25,12,2,-192.08,-3.959,488.32,332.32,8219,LC0_FZ_200_IA-2_filtered
25,12,2,-192.07,5.054,482.34,-403.87,7621,LC0_FZ_200_IA-2_filtered
25,12,2,-192.06,11.842,484.34,-475.64,7821,LC0_FZ_200_IA-2_filtered
25,12,2,-192.01,11.708,484.1,-478.91,7797,LC0_FZ_200_IA-2_filtered
25,12,2,-192,1.354,486.99,-130.08,8086,LC0_FZ_200_IA-2_filtered
25,12,2,-192,-8.58,489.47,425.84,8334,LC0_FZ_200_IA-2_filtered
25,12,2,-191.99,4.597,486.17,-354.37,8004,LC0_FZ_200_IA-2_filtered
25,12,2,-191.97,9.889,483.55,-484.19,7742,LC0_FZ_200_IA-2_filtered
25,12,2,-191.94,-8.517,489.46,427.53,8333,LC0_FZ_200_IA-2_filtered
25,12,2,-191.9,7.129,482.86,-449.78,7673,LC0_FZ_200_IA-2_filtered
25,12,2,-191.83,1.948,486.84,-185.34,8071,LC0_FZ_200_IA-2_filtered
25,12,2,-191.57,6.96,482.81,-451.36,7668,LC0_FZ_200_IA-2_filtered
25,12,2,-191.5,-5.376,488.67,386.29,8254,LC0_FZ_200_IA-2_filtered
25,12,2,-191.45,5.788,482.52,-422.83,7639,LC0_FZ_200_IA-2_filtered
25,12,2,-191.43,11.158,483.86,-482.02,7773,LC0_FZ_200_IA-2_filtered
25,12,2,-191.34,11.607,483.99,-479.55,7786,LC0_FZ_200_IA-2_filtered
25,12,2,-191.31,10.776,483.77,-483.76,7764,LC0_FZ_200_IA-2_filtered
25,12,2,-191.16,5.335,482.41,-407.16,7628,LC0_FZ_200_IA-2_filtered
25,12,2,-191.14,2.027,481.58,-206.89,7545,LC0_FZ_200_IA-2_filtered
25,12,2,-190.98,-5.317,488.66,387.51,8253,LC0_FZ_200_IA-2_filtered
25,12,2,-190.67,-4.522,488.46,354.14,8233,LC0_FZ_200_IA-2_filtered
25,12,2,-190.64,-1.283,487.65,156.17,8152,LC0_FZ_200_IA-2_filtered
25,12,2,-190.63,4.159,482.11,-354.9,7598,LC0_FZ_200_IA-2_filtered
25,12,2,-190.55,0.191,487.28,-5.98,8115,LC0_FZ_200_IA-2_filtered
25,12,2,-190.52,-3.997,488.33,331.63,8220,LC0_FZ_200_IA-2_filtered
25,12,2,-190.51,6.49,482.7,-444.57,7657,LC0_FZ_200_IA-2_filtered
25,12,2,-190.5,8.34,483.16,-463.47,7703,LC0_FZ_200_IA-2_filtered
25,12,2,-190.46,7.436,482.93,-456.02,7680,LC0_FZ_200_IA-2_filtered
25,12,2,-190.25,3.971,482.07,-335.34,7594,LC0_FZ_200_IA-2_filtered
25,12,2,-190.23,2.861,481.79,-274.43,7566,LC0_FZ_200_IA-2_filtered
25,12,2,-190.22,10.724,483.76,-479.26,7763,LC0_FZ_200_IA-2_filtered
25,12,2,-190.19,-4.384,488.43,353.37,8230,LC0_FZ_200_IA-2_filtered
25,12,2,-190.16,4.633,482.23,-380.97,7610,LC0_FZ_200_IA-2_filtered
25,12,2,-190.15,9.257,483.39,-473.87,7726,LC0_FZ_200_IA-2_filtered
25,12,2,-190,-4.867,488.55,371.04,8242,LC0_FZ_200_IA-2_filtered
25,12,2,-189.93,3.019,481.83,-280.76,7570,LC0_FZ_200_IA-2_filtered
25,12,2,-189.76,0.896,487.1,-85.44,8097,LC0_FZ_200_IA-2_filtered
25,12,2,-189.76,-4.915,488.56,370.25,8243,LC0_FZ_200_IA-2_filtered
25,12,2,-189.52,3.326,481.9,-305.6,7577,LC0_FZ_200_IA-2_filtered
25,12,2,-189.49,4.431,482.18,-359.56,7605,LC0_FZ_200_IA-2_filtered
25,12,2,-189.33,-4.454,488.44,351.92,8231,LC0_FZ_200_IA-2_filtered
25,12,2,-189.31,8.476,483.19,-456.04,7706,LC0_FZ_200_IA-2_filtered
25,12,2,-189.25,7.12,482.85,-443.79,7672,LC0_FZ_200_IA-2_filtered
25,12,2,-188.83,0.424,487.22,-33.21,8109,LC0_FZ_200_IA-2_filtered
25,12,2,-188.75,9.818,483.53,-473.26,7740,LC0_FZ_200_IA-2_filtered
25,12,2,-188.65,9.302,483.4,-469.08,7727,LC0_FZ_200_IA-2_filtered
25,12,2,-188.55,5.573,482.47,-421.34,7634,LC0_FZ_200_IA-2_filtered
25,12,2,-188.51,6.534,482.71,-439.84,7658,LC0_FZ_200_IA-2_filtered
25,12,2,-188.42,7.543,482.96,-447.55,7683,LC0_FZ_200_IA-2_filtered
25,12,2,-188.24,6.196,482.62,-430.21,7649,LC0_FZ_200_IA-2_filtered
25,12,2,-188.16,9.355,483.41,-466.93,7728,LC0_FZ_200_IA-2_filtered
25,12,2,-188.13,7.973,483.07,-450.18,7694,LC0_FZ_200_IA-2_filtered
25,12,2,-187.91,2.916,481.8,-276.33,7567,LC0_FZ_200_IA-2_filtered
25,12,2,-187.62,0.152,487.29,-1.26,8116,LC0_FZ_200_IA-2_filtered
25,12,2,-187.6,0.011,487.33,16.45,8120,LC0_FZ_200_IA-2_filtered
25,12,2,-187.58,0.577,487.18,-50.93,8105,LC0_FZ_200_IA-2_filtered
25,12,2,-187.48,4.678,482.24,-381.52,7611,LC0_FZ_200_IA-2_filtered
25,12,2,-187.25,7.518,482.95,-446.94,7682,LC0_FZ_200_IA-2_filtered
25,12,2,-187.24,4.183,482.12,-357.33,7599,LC0_FZ_200_IA-2_filtered
25,12,2,-186.86,0.947,487.09,-89.58,8096,LC0_FZ_200_IA-2_filtered
25,12,2,-186.69,0.98,487.08,-93.8,8095,LC0_FZ_200_IA-2_filtered
25,12,2,-186.33,5.698,482.5,-416.46,7637,LC0_FZ_200_IA-2_filtered
25,12,2,-186.08,4.365,482.17,-356.24,7604,LC0_FZ_200_IA-2_filtered
25,12,2,-186,-0.348,487.41,55.32,8128,LC0_FZ_200_IA-2_filtered
25,12,2,-185.83,5.677,482.49,-416.45,7636,LC0_FZ_200_IA-2_filtered
25,12,2,-185.67,0.123,487.3,2.87,8117,LC0_FZ_200_IA-2_filtered
25,12,2,-185.07,-0.399,487.42,59.79,8129,LC0_FZ_200_IA-2_filtered
25,12,2,-184.96,0.551,487.19,-46.32,8106,LC0_FZ_200_IA-2_filtered
25,12,2,-184.75,5.235,482.38,-399.73,7625,LC0_FZ_200_IA-2_filtered
25,12,2,-184.59,3.776,482.02,-332.3,7589,LC0_FZ_200_IA-2_filtered
25,12,2,-184.53,3.374,481.92,-307.17,7579,LC0_FZ_200_IA-2_filtered
25,12,2,-184.23,0.079,487.31,7.17,8118,LC0_FZ_200_IA-2_filtered
25,12,2,-183.78,3.902,482.05,-330.71,7592,LC0_FZ_200_IA-2_filtered
25,12,2,-183.32,4.342,482.16,-354.93,7603,LC0_FZ_200_IA-2_filtered
25,12,2,-182.44,3.823,482.03,-331.54,7590,LC0_FZ_200_IA-2_filtered
25,12,2,-161.65,1.292,515.189,-122.36,8776,LC0_FZ_150_IA-2_filtered
25,12,2,-160.04,1.715,515.299,-157.94,8787,LC0_FZ_150_IA-2_filtered
25,12,2,-159.15,1.424,515.219,-135.04,8779,LC0_FZ_150_IA-2_filtered
25,12,2,-158.03,1.688,515.289,-153.96,8786,LC0_FZ_150_IA-2_filtered
25,12,2,-158.03,-2.532,521.759,216.25,9433,LC0_FZ_150_IA-2_filtered
25,12,2,-157.45,-2.936,521.859,234.71,9443,LC0_FZ_150_IA-2_filtered
25,12,2,-157.11,1.212,515.169,-114.29,8774,LC0_FZ_150_IA-2_filtered
25,12,2,-156.91,-2.588,521.769,218.22,9434,LC0_FZ_150_IA-2_filtered
25,12,2,-156.76,-2.114,521.649,190.3,9422,LC0_FZ_150_IA-2_filtered
25,12,2,-155.44,-1.637,521.529,157.5,9410,LC0_FZ_150_IA-2_filtered
25,12,2,-155.3,-9.073,525.089,348.83,9766,LC0_FZ_150_IA-2_filtered
25,12,2,-155.3,-8.152,525.319,337.81,9789,LC0_FZ_150_IA-2_filtered
25,12,2,-155.21,1.65,515.279,-150.01,8785,LC0_FZ_150_IA-2_filtered
25,12,2,-154.99,-7.703,525.429,331.73,9800,LC0_FZ_150_IA-2_filtered
25,12,2,-154.93,-6.812,525.659,321.03,9823,LC0_FZ_150_IA-2_filtered
25,12,2,-154.89,-8.582,525.209,343.65,9778,LC0_FZ_150_IA-2_filtered
25,12,2,-154.87,-8.645,525.199,342.3,9777,LC0_FZ_150_IA-2_filtered
25,12,2,-154.84,-10.022,524.849,354.86,9742,LC0_FZ_150_IA-2_filtered
25,12,2,-154.72,-8.118,525.329,337.93,9790,LC0_FZ_150_IA-2_filtered
25,12,2,-154.64,0.794,515.059,-72.63,8763,LC0_FZ_150_IA-2_filtered
25,12,2,-154.62,-7.188,525.559,327.52,9813,LC0_FZ_150_IA-2_filtered
25,12,2,-154.57,2.482,520.499,-195.32,9307,LC0_FZ_150_IA-2_filtered
25,12,2,-154.4,-7.637,525.449,332.18,9802,LC0_FZ_150_IA-2_filtered
25,12,2,-154.33,-2.19,521.669,192.71,9424,LC0_FZ_150_IA-2_filtered
25,12,2,-154.18,8.906,518.889,-371.1,9146,LC0_FZ_150_IA-2_filtered
25,12,2,-154.11,-3.095,526.589,224.99,9916,LC0_FZ_150_IA-2_filtered
25,12,2,-154.09,-6.714,525.679,321.18,9825,LC0_FZ_150_IA-2_filtered
25,12,2,-153.98,10.269,518.549,-386.28,9112,LC0_FZ_150_IA-2_filtered
25,12,2,-153.94,1.019,515.119,-97.46,8769,LC0_FZ_150_IA-2_filtered
25,12,2,-153.92,2.934,520.389,-222.19,9296,LC0_FZ_150_IA-2_filtered
25,12,2,-153.91,-10.864,524.639,360.39,9721,LC0_FZ_150_IA-2_filtered
25,12,2,-153.85,2.129,515.399,-183.24,8797,LC0_FZ_150_IA-2_filtered
25,12,2,-153.84,6.109,519.589,-332.14,9216,LC0_FZ_150_IA-2_filtered
25,12,2,-153.84,-1.181,521.419,120.56,9399,LC0_FZ_150_IA-2_filtered
25,12,2,-153.82,-5.836,525.899,309.82,9847,LC0_FZ_150_IA-2_filtered
25,12,2,-153.81,-1.143,521.409,116.03,9398,LC0_FZ_150_IA-2_filtered
25,12,2,-153.79,5.227,519.809,-314.15,9238,LC0_FZ_150_IA-2_filtered
25,12,2,-153.79,-7.748,525.419,328.46,9799,LC0_FZ_150_IA-2_filtered
25,12,2,-153.75,-2.178,526.819,178.59,9939,LC0_FZ_150_IA-2_filtered
25,12,2,-153.72,9.782,518.669,-381.65,9124,LC0_FZ_150_IA-2_filtered
25,12,2,-153.58,-10.065,524.839,349.67,9741,LC0_FZ_150_IA-2_filtered
25,12,2,-153.56,10.732,518.429,-389.86,9100,LC0_FZ_150_IA-2_filtered
25,12,2,-153.5,-6.852,525.649,318.38,9822,LC0_FZ_150_IA-2_filtered
25,12,2,-153.39,11.62,518.199,-396.71,9077,LC0_FZ_150_IA-2_filtered
25,12,2,-153.35,2.68,515.539,-217.37,8811,LC0_FZ_150_IA-2_filtered
25,12,2,-153.31,-4.967,526.119,290.88,9869,LC0_FZ_150_IA-2_filtered
25,12,2,-153.31,-2.209,526.809,180.26,9938,LC0_FZ_150_IA-2_filtered
25,12,2,-153.3,-8.978,525.109,346.27,9768,LC0_FZ_150_IA-2_filtered
25,12,2,-153.28,-11.353,524.509,365.05,9708,LC0_FZ_150_IA-2_filtered
25,12,2,-153.26,-5.428,525.999,300.21,9857,LC0_FZ_150_IA-2_filtered
25,12,2,-153.25,7.596,519.219,-346.11,9179,LC0_FZ_150_IA-2_filtered
25,12,2,-153.24,4.327,520.039,-286.6,9261,LC0_FZ_150_IA-2_filtered
25,12,2,-153.24,-2.611,526.709,202.29,9928,LC0_FZ_150_IA-2_filtered
25,12,2,-153.21,9.298,518.789,-375.59,9136,LC0_FZ_150_IA-2_filtered
25,12,2,-153.2,-1.093,521.399,110.62,9397,LC0_FZ_150_IA-2_filtered
25,12,2,-153.17,4.784,519.919,-300.07,9249,LC0_FZ_150_IA-2_filtered
25,12,2,-153.16,2.475,520.509,-194.25,9308,LC0_FZ_150_IA-2_filtered
25,12,2,-153.14,-11.733,524.399,366.92,9697,LC0_FZ_150_IA-2_filtered
25,12,2,-153.08,11.186,518.309,-394.38,9088,LC0_FZ_150_IA-2_filtered
25,12,2,-153.06,-3.345,521.959,246.69,9453,LC0_FZ_150_IA-2_filtered
25,12,2,-153.05,8.378,519.019,-363.18,9159,LC0_FZ_150_IA-2_filtered
25,12,2,-152.97,-9.149,525.069,341.46,9764,LC0_FZ_150_IA-2_filtered
25,12,2,-152.96,4.365,520.029,-284.4,9260,LC0_FZ_150_IA-2_filtered
25,12,2,-152.91,5.268,519.799,-310.91,9237,LC0_FZ_150_IA-2_filtered
25,12,2,-152.87,-3.592,526.459,244.64,9903,LC0_FZ_150_IA-2_filtered
25,12,2,-152.82,11.641,518.189,-397,9076,LC0_FZ_150_IA-2_filtered
25,12,2,-152.76,5.625,519.709,-323.79,9228,LC0_FZ_150_IA-2_filtered
25,12,2,-152.72,-4.003,526.359,261.86,9893,LC0_FZ_150_IA-2_filtered
25,12,2,-152.7,-12.081,524.279,368.42,9685,LC0_FZ_150_IA-2_filtered
25,12,2,-152.69,-10.818,524.649,357.24,9722,LC0_FZ_150_IA-2_filtered
25,12,2,-152.66,-6.403,525.759,310.44,9833,LC0_FZ_150_IA-2_filtered
25,12,2,-152.55,2.068,520.599,-166.97,9317,LC0_FZ_150_IA-2_filtered
25,12,2,-152.55,-11.692,524.169,369.85,9674,LC0_FZ_150_IA-2_filtered
25,12,2,-152.54,-3.837,522.079,266.7,9465,LC0_FZ_150_IA-2_filtered
25,12,2,-152.53,-11.689,524.159,369.07,9673,LC0_FZ_150_IA-2_filtered
25,12,2,-152.52,-1.763,526.919,153.27,9949,LC0_FZ_150_IA-2_filtered
25,12,2,-152.43,-10.968,524.609,356.5,9718,LC0_FZ_150_IA-2_filtered
25,12,2,-152.43,-3.157,526.569,224.45,9914,LC0_FZ_150_IA-2_filtered
25,12,2,-152.37,-9.642,524.949,343.14,9752,LC0_FZ_150_IA-2_filtered
25,12,2,-152.33,-2.225,521.679,192.35,9425,LC0_FZ_150_IA-2_filtered
25,12,2,-152.32,11.735,517.969,-398.73,9054,LC0_FZ_150_IA-2_filtered
25,12,2,-152.32,-3.084,521.899,239.67,9447,LC0_FZ_150_IA-2_filtered
25,12,2,-152.27,-11.703,524.149,365.01,9672,LC0_FZ_150_IA-2_filtered
25,12,2,-152.21,6.993,519.369,-342.32,9194,LC0_FZ_150_IA-2_filtered
25,12,2,-152.2,-3.968,526.369,260.32,9894,LC0_FZ_150_IA-2_filtered
25,12,2,-152.2,-2.145,526.829,176.53,9940,LC0_FZ_150_IA-2_filtered
25,12,2,-152.19,6.059,519.599,-329.74,9217,LC0_FZ_150_IA-2_filtered
25,12,2,-152.18,-11.701,524.179,367.2,9675,LC0_FZ_150_IA-2_filtered
25,12,2,-152.15,-3.477,526.489,241.69,9906,LC0_FZ_150_IA-2_filtered
25,12,2,-152.09,-3.961,522.109,277.05,9468,LC0_FZ_150_IA-2_filtered
25,12,2,-152.06,-2.801,521.829,220.9,9440,LC0_FZ_150_IA-2_filtered
25,12,2,-152.06,-7.117,525.579,321.86,9815,LC0_FZ_150_IA-2_filtered
25,12,2,-151.97,11.692,517.849,-398.91,9042,LC0_FZ_150_IA-2_filtered
25,12,2,-151.96,8.833,518.909,-366.96,9148,LC0_FZ_150_IA-2_filtered
25,12,2,-151.96,-0.71,521.299,76.58,9387,LC0_FZ_150_IA-2_filtered
25,12,2,-151.96,-7.78,525.409,324.51,9798,LC0_FZ_150_IA-2_filtered
25,12,2,-151.94,-12.062,524.299,363.87,9687,LC0_FZ_150_IA-2_filtered
25,12,2,-151.88,-8.936,523.359,352.42,9593,LC0_FZ_150_IA-2_filtered
25,12,2,-151.83,-10.088,524.829,343.75,9740,LC0_FZ_150_IA-2_filtered
25,12,2,-151.79,-4.097,526.339,261.04,9891,LC0_FZ_150_IA-2_filtered
25,12,2,-151.76,11.758,517.949,-396.57,9052,LC0_FZ_150_IA-2_filtered
25,12,2,-151.76,9.456,518.749,-364.46,9132,LC0_FZ_150_IA-2_filtered
25,12,2,-151.72,-7.971,523.119,349.2,9569,LC0_FZ_150_IA-2_filtered
25,12,2,-151.71,11.686,518.179,-392.86,9075,LC0_FZ_150_IA-2_filtered
25,12,2,-151.68,12.047,518.069,-396.54,9064,LC0_FZ_150_IA-2_filtered
25,12,2,-151.57,-10.736,523.809,361.76,9638,LC0_FZ_150_IA-2_filtered
25,12,2,-151.57,-6.195,525.809,309.92,9838,LC0_FZ_150_IA-2_filtered
25,12,2,-151.54,3.31,520.289,-244.57,9286,LC0_FZ_150_IA-2_filtered
25,12,2,-151.54,-8.898,523.349,352.59,9592,LC0_FZ_150_IA-2_filtered
25,12,2,-151.52,9.267,518.799,-370.22,9137,LC0_FZ_150_IA-2_filtered
25,12,2,-151.52,-4.318,522.199,287.12,9477,LC0_FZ_150_IA-2_filtered
25,12,2,-151.5,8.561,518.979,-352.68,9155,LC0_FZ_150_IA-2_filtered
25,12,2,-151.4,-10.309,523.699,361.12,9627,LC0_FZ_150_IA-2_filtered
25,12,2,-151.39,-3.535,522.009,258.89,9458,LC0_FZ_150_IA-2_filtered
25,12,2,-151.33,4.844,519.909,-296.42,9248,LC0_FZ_150_IA-2_filtered
25,12,2,-151.33,-2.36,521.709,194.02,9428,LC0_FZ_150_IA-2_filtered
25,12,2,-151.33,-11.574,524.039,365.41,9661,LC0_FZ_150_IA-2_filtered
25,12,2,-151.29,-4.809,522.329,309.16,9490,LC0_FZ_150_IA-2_filtered
25,12,2,-151.28,5.151,519.829,-312.83,9240,LC0_FZ_150_IA-2_filtered
25,12,2,-151.26,-10.288,524.779,349.16,9735,LC0_FZ_150_IA-2_filtered
25,12,2,-151.24,-8.466,525.239,334.43,9781,LC0_FZ_150_IA-2_filtered
25,12,2,-151.23,-4.568,526.219,274.67,9879,LC0_FZ_150_IA-2_filtered
25,12,2,-151.23,-0.81,527.159,84.77,9973,LC0_FZ_150_IA-2_filtered
25,12,2,-151.22,-2.7,521.799,216.98,9437,LC0_FZ_150_IA-2_filtered
25,12,2,-151.2,-0.871,527.149,87.58,9972,LC0_FZ_150_IA-2_filtered
25,12,2,-151.18,2.597,515.519,-209.71,8809,LC0_FZ_150_IA-2_filtered
25,12,2,-151.12,-9.876,523.589,358.62,9616,LC0_FZ_150_IA-2_filtered
25,12,2,-151.12,-11.84,524.369,355.83,9694,LC0_FZ_150_IA-2_filtered
25,12,2,-151.08,-4.774,522.319,306.21,9489,LC0_FZ_150_IA-2_filtered
25,12,2,-151.05,-5.276,522.439,321.87,9501,LC0_FZ_150_IA-2_filtered
25,12,2,-151.05,-2.298,526.789,180.22,9936,LC0_FZ_150_IA-2_filtered
25,12,2,-151.04,-12.03,524.309,359.22,9688,LC0_FZ_150_IA-2_filtered
25,12,2,-151.03,-8.061,523.139,346.18,9571,LC0_FZ_150_IA-2_filtered
25,12,2,-151.03,-11.703,524.189,362.2,9676,LC0_FZ_150_IA-2_filtered
25,12,2,-151.01,-3.018,526.609,219.91,9918,LC0_FZ_150_IA-2_filtered
25,12,2,-150.96,6.537,519.489,-334.24,9206,LC0_FZ_150_IA-2_filtered
25,12,2,-150.95,-1.235,527.049,119.67,9962,LC0_FZ_150_IA-2_filtered
25,12,2,-150.94,11.272,518.289,-385.74,9086,LC0_FZ_150_IA-2_filtered
25,12,2,-150.93,1.937,515.349,-172.79,8792,LC0_FZ_150_IA-2_filtered
25,12,2,-150.93,-9.828,524.899,344.33,9747,LC0_FZ_150_IA-2_filtered
25,12,2,-150.9,2.76,515.559,-224.14,8813,LC0_FZ_150_IA-2_filtered
25,12,2,-150.88,-5.27,526.039,295.48,9861,LC0_FZ_150_IA-2_filtered
25,12,2,-150.87,-6.595,522.779,343.44,9535,LC0_FZ_150_IA-2_filtered
25,12,2,-150.87,-11.229,523.939,364.19,9651,LC0_FZ_150_IA-2_filtered
25,12,2,-150.85,-1.906,521.599,166.7,9417,LC0_FZ_150_IA-2_filtered
25,12,2,-150.8,-9.78,523.569,353.5,9614,LC0_FZ_150_IA-2_filtered
25,12,2,-150.79,-7.943,523.109,346.83,9568,LC0_FZ_150_IA-2_filtered
25,12,2,-150.75,7.744,516.799,-373.35,8937,LC0_FZ_150_IA-2_filtered
25,12,2,-150.72,-6.188,522.669,339.85,9524,LC0_FZ_150_IA-2_filtered
25,12,2,-150.72,-8.76,525.169,329.88,9774,LC0_FZ_150_IA-2_filtered
25,12,2,-150.71,-10.249,523.689,358,9626,LC0_FZ_150_IA-2_filtered
25,12,2,-150.68,-6.658,522.789,342.03,9536,LC0_FZ_150_IA-2_filtered
25,12,2,-150.67,-11.43,524.489,357.06,9706,LC0_FZ_150_IA-2_filtered
25,12,2,-150.65,5.597,519.719,-320.14,9229,LC0_FZ_150_IA-2_filtered
25,12,2,-150.64,-10.809,523.829,360.92,9640,LC0_FZ_150_IA-2_filtered
25,12,2,-150.64,-3.217,526.559,224.11,9913,LC0_FZ_150_IA-2_filtered
25,12,2,-150.6,-6.64,525.699,314.09,9827,LC0_FZ_150_IA-2_filtered
25,12,2,-150.59,11.948,518.099,-390.39,9067,LC0_FZ_150_IA-2_filtered
25,12,2,-150.58,9.696,518.689,-371.51,9126,LC0_FZ_150_IA-2_filtered
25,12,2,-150.55,9.069,517.139,-378.76,8971,LC0_FZ_150_IA-2_filtered
25,12,2,-150.55,-9.904,523.599,357.36,9617,LC0_FZ_150_IA-2_filtered
25,12,2,-150.54,-8.977,523.369,350.51,9594,LC0_FZ_150_IA-2_filtered
25,12,2,-150.51,-5.044,526.099,285.37,9867,LC0_FZ_150_IA-2_filtered
25,12,2,-150.48,-10.691,523.799,357.19,9637,LC0_FZ_150_IA-2_filtered
25,12,2,-150.47,-6.223,522.679,337.69,9525,LC0_FZ_150_IA-2_filtered
25,12,2,-150.42,6.366,516.459,-362.37,8903,LC0_FZ_150_IA-2_filtered
25,12,2,-150.38,2.11,515.389,-179.94,8796,LC0_FZ_150_IA-2_filtered
25,12,2,-150.33,-5.722,522.549,332.43,9512,LC0_FZ_150_IA-2_filtered
25,12,2,-150.32,3.224,515.669,-247.72,8824,LC0_FZ_150_IA-2_filtered
25,12,2,-150.32,-11.615,524.059,367.57,9663,LC0_FZ_150_IA-2_filtered
25,12,2,-150.29,6.811,516.569,-366.38,8914,LC0_FZ_150_IA-2_filtered
25,12,2,-150.29,-6.678,522.799,338.28,9537,LC0_FZ_150_IA-2_filtered
25,12,2,-150.27,-4.138,526.329,258.85,9890,LC0_FZ_150_IA-2_filtered
25,12,2,-150.25,-5.308,522.449,322.8,9502,LC0_FZ_150_IA-2_filtered
25,12,2,-150.23,4.664,519.949,-298.92,9252,LC0_FZ_150_IA-2_filtered
25,12,2,-150.18,9.038,518.859,-355.18,9143,LC0_FZ_150_IA-2_filtered
25,12,2,-150.17,3.779,520.179,-265.71,9275,LC0_FZ_150_IA-2_filtered
25,12,2,-150.15,7.244,516.679,-369.49,8925,LC0_FZ_150_IA-2_filtered
25,12,2,-150.08,-6.435,525.749,306.3,9832,LC0_FZ_150_IA-2_filtered
25,12,2,-150.07,7.343,516.699,-369.32,8927,LC0_FZ_150_IA-2_filtered
25,12,2,-150.06,-9.336,525.019,338.41,9759,LC0_FZ_150_IA-2_filtered
25,12,2,-150.04,-10.242,524.789,343.53,9736,LC0_FZ_150_IA-2_filtered
25,12,2,-150.02,-6.134,522.659,338.62,9523,LC0_FZ_150_IA-2_filtered
25,12,2,-150.01,6.78,516.559,-363.29,8913,LC0_FZ_150_IA-2_filtered
25,12,2,-150.01,-10.206,524.799,339.03,9737,LC0_FZ_150_IA-2_filtered
25,12,2,-149.98,9.576,517.259,-383.72,8983,LC0_FZ_150_IA-2_filtered
25,12,2,-149.98,5.801,519.669,-313.16,9224,LC0_FZ_150_IA-2_filtered
25,12,2,-149.95,-0.915,527.139,90.16,9971,LC0_FZ_150_IA-2_filtered
25,12,2,-149.91,7.878,519.149,-349.8,9172,LC0_FZ_150_IA-2_filtered
25,12,2,-149.9,-7.82,525.399,320.87,9797,LC0_FZ_150_IA-2_filtered
25,12,2,-149.88,-7.081,525.589,317.17,9816,LC0_FZ_150_IA-2_filtered
25,12,2,-149.85,11.738,517.939,-389.94,9051,LC0_FZ_150_IA-2_filtered
25,12,2,-149.84,9.603,517.269,-384.84,8984,LC0_FZ_150_IA-2_filtered
25,12,2,-149.78,7.697,516.789,-370.09,8936,LC0_FZ_150_IA-2_filtered
25,12,2,-149.75,2.848,520.409,-218.28,9298,LC0_FZ_150_IA-2_filtered
25,12,2,-149.74,10.933,517.599,-391.82,9017,LC0_FZ_150_IA-2_filtered
25,12,2,-149.7,-5.782,522.569,330.99,9514,LC0_FZ_150_IA-2_filtered
25,12,2,-149.68,-0.76,521.319,85.54,9389,LC0_FZ_150_IA-2_filtered
25,12,2,-149.68,-10.625,524.699,339.65,9727,LC0_FZ_150_IA-2_filtered
25,12,2,-149.66,9.164,517.159,-380.35,8973,LC0_FZ_150_IA-2_filtered
25,12,2,-149.66,11.717,518.169,-385.6,9074,LC0_FZ_150_IA-2_filtered
25,12,2,-149.63,-9.803,524.909,338.86,9748,LC0_FZ_150_IA-2_filtered
25,12,2,-149.63,-4.806,526.159,283.33,9873,LC0_FZ_150_IA-2_filtered
25,12,2,-149.61,6.839,516.579,-366.54,8915,LC0_FZ_150_IA-2_filtered
25,12,2,-149.59,10.088,517.389,-388.9,8996,LC0_FZ_150_IA-2_filtered
25,12,2,-149.57,-1.37,527.019,125.54,9959,LC0_FZ_150_IA-2_filtered
25,12,2,-149.55,3.651,515.779,-268.74,8835,LC0_FZ_150_IA-2_filtered
25,12,2,-149.5,-7.656,523.039,336.68,9561,LC0_FZ_150_IA-2_filtered
25,12,2,-149.47,-10.18,524.809,337.15,9738,LC0_FZ_150_IA-2_filtered
25,12,2,-149.46,-0.64,521.279,67.2,9385,LC0_FZ_150_IA-2_filtered
25,12,2,-149.46,-1.868,521.589,164.66,9416,LC0_FZ_150_IA-2_filtered
25,12,2,-149.44,-6.571,522.769,341.2,9534,LC0_FZ_150_IA-2_filtered
25,12,2,-149.43,-11.992,524.319,353.89,9689,LC0_FZ_150_IA-2_filtered
25,12,2,-149.38,-5.17,522.419,312.38,9499,LC0_FZ_150_IA-2_filtered
25,12,2,-149.3,-7.381,525.509,313.69,9808,LC0_FZ_150_IA-2_filtered
25,12,2,-149.28,-10.87,523.839,356.71,9641,LC0_FZ_150_IA-2_filtered
25,12,2,-149.25,-11.675,524.129,351.87,9670,LC0_FZ_150_IA-2_filtered
25,12,2,-149.16,-9.74,524.919,335.56,9749,LC0_FZ_150_IA-2_filtered
25,12,2,-149.14,1.088,520.849,-95.26,9342,LC0_FZ_150_IA-2_filtered
25,12,2,-149.09,9.529,517.249,-380.05,8982,LC0_FZ_150_IA-2_filtered
25,12,2,-149.09,-5.339,522.459,320.9,9503,LC0_FZ_150_IA-2_filtered
25,12,2,-149.08,-5.992,525.859,298.84,9843,LC0_FZ_150_IA-2_filtered
25,12,2,-149.04,-1.83,526.899,154.72,9947,LC0_FZ_150_IA-2_filtered
25,12,2,-148.98,-8.803,523.329,344.77,9590,LC0_FZ_150_IA-2_filtered
25,12,2,-148.97,-6.087,522.649,334.87,9522,LC0_FZ_150_IA-2_filtered
25,12,2,-148.95,9.491,518.739,-356.92,9131,LC0_FZ_150_IA-2_filtered
25,12,2,-148.9,11.31,518.279,-377.74,9085,LC0_FZ_150_IA-2_filtered
25,12,2,-148.88,-11.041,524.589,345.65,9716,LC0_FZ_150_IA-2_filtered
25,12,2,-148.81,-4.458,522.239,292.79,9481,LC0_FZ_150_IA-2_filtered
25,12,2,-148.81,-2.961,526.619,216.13,9919,LC0_FZ_150_IA-2_filtered
25,12,2,-148.8,10.149,518.579,-370.76,9115,LC0_FZ_150_IA-2_filtered
25,12,2,-148.79,10.422,518.509,-368.43,9108,LC0_FZ_150_IA-2_filtered
25,12,2,-148.77,3.573,515.759,-259.23,8833,LC0_FZ_150_IA-2_filtered
25,12,2,-148.76,-2.327,526.779,180.78,9935,LC0_FZ_150_IA-2_filtered
25,12,2,-148.75,4.196,520.069,-282.35,9264,LC0_FZ_150_IA-2_filtered
25,12,2,-148.73,10.443,517.479,-386.88,9005,LC0_FZ_150_IA-2_filtered
25,12,2,-148.71,7.392,519.269,-340.68,9184,LC0_FZ_150_IA-2_filtered
25,12,2,-148.71,-8.561,523.269,341.48,9584,LC0_FZ_150_IA-2_filtered
25,12,2,-148.7,8.328,519.039,-351.36,9161,LC0_FZ_150_IA-2_filtered
25,12,2,-148.62,-11.319,523.959,356.03,9653,LC0_FZ_150_IA-2_filtered
25,12,2,-148.62,-7.889,525.389,319.45,9796,LC0_FZ_150_IA-2_filtered
25,12,2,-148.6,2.544,515.509,-206.5,8808,LC0_FZ_150_IA-2_filtered
25,12,2,-148.6,2.8,515.569,-225.94,8814,LC0_FZ_150_IA-2_filtered
25,12,2,-148.56,-10.66,523.789,351.1,9636,LC0_FZ_150_IA-2_filtered
25,12,2,-148.5,7.362,516.709,-364.73,8928,LC0_FZ_150_IA-2_filtered
25,12,2,-148.45,-4.16,526.319,257.25,9889,LC0_FZ_150_IA-2_filtered
25,12,2,-148.44,11.513,518.229,-376.79,9080,LC0_FZ_150_IA-2_filtered
25,12,2,-148.44,-3.185,521.919,237.37,9449,LC0_FZ_150_IA-2_filtered
25,12,2,-148.43,-11.681,524.119,347.18,9669,LC0_FZ_150_IA-2_filtered
25,12,2,-148.42,9.964,517.359,-381.63,8993,LC0_FZ_150_IA-2_filtered
25,12,2,-148.41,-8.4,525.259,325.48,9783,LC0_FZ_150_IA-2_filtered
25,12,2,-148.39,-7.036,525.599,312.26,9817,LC0_FZ_150_IA-2_filtered
25,12,2,-148.36,-5.672,525.939,297.43,9851,LC0_FZ_150_IA-2_filtered
25,12,2,-148.34,10.129,517.399,-385.04,8997,LC0_FZ_150_IA-2_filtered
25,12,2,-148.33,4.052,515.879,-283.12,8845,LC0_FZ_150_IA-2_filtered
25,12,2,-148.32,-6.112,525.829,301.13,9840,LC0_FZ_150_IA-2_filtered
25,12,2,-148.31,-6.485,525.739,303.31,9831,LC0_FZ_150_IA-2_filtered
25,12,2,-148.3,11.923,518.109,-382.55,9068,LC0_FZ_150_IA-2_filtered
25,12,2,-148.3,-6.597,525.709,309.47,9828,LC0_FZ_150_IA-2_filtered
25,12,2,-148.25,5.354,519.779,-301.61,9235,LC0_FZ_150_IA-2_filtered
25,12,2,-148.24,-7.435,525.499,313.84,9807,LC0_FZ_150_IA-2_filtered
25,12,2,-148.18,-6.541,522.759,336.68,9533,LC0_FZ_150_IA-2_filtered
25,12,2,-148.16,-8.14,523.159,337.25,9573,LC0_FZ_150_IA-2_filtered
25,12,2,-148.15,-5.64,522.529,322.59,9510,LC0_FZ_150_IA-2_filtered
25,12,2,-148.14,-11.523,524.009,347.83,9658,LC0_FZ_150_IA-2_filtered
25,12,2,-148.13,-3.233,521.929,236.9,9450,LC0_FZ_150_IA-2_filtered
25,12,2,-148.12,-5.561,525.969,291.05,9854,LC0_FZ_150_IA-2_filtered
25,12,2,-148.09,-11.533,524.459,343.64,9703,LC0_FZ_150_IA-2_filtered
25,12,2,-148.08,5.495,516.239,-343.95,8881,LC0_FZ_150_IA-2_filtered
25,12,2,-148.06,1.925,520.639,-159.67,9321,LC0_FZ_150_IA-2_filtered
25,12,2,-148.05,-11.653,524.079,360.52,9665,LC0_FZ_150_IA-2_filtered
25,12,2,-148.03,-11.947,524.339,345.64,9691,LC0_FZ_150_IA-2_filtered
25,12,2,-148.01,3.689,515.789,-272.16,8836,LC0_FZ_150_IA-2_filtered
25,12,2,-148.01,9.987,518.619,-359.62,9119,LC0_FZ_150_IA-2_filtered
25,12,2,-148,9.643,518.699,-363.01,9127,LC0_FZ_150_IA-2_filtered
25,12,2,-147.97,-7.416,522.979,335.72,9555,LC0_FZ_150_IA-2_filtered
25,12,2,-147.95,8.286,516.939,-369.09,8951,LC0_FZ_150_IA-2_filtered
25,12,2,-147.89,-6.036,525.849,297.27,9842,LC0_FZ_150_IA-2_filtered
25,12,2,-147.86,4.955,516.109,-321.64,8868,LC0_FZ_150_IA-2_filtered
25,12,2,-147.86,8.558,517.009,-367.67,8958,LC0_FZ_150_IA-2_filtered
25,12,2,-147.81,11.719,517.879,-383.18,9045,LC0_FZ_150_IA-2_filtered
25,12,2,-147.79,2.365,520.529,-188.68,9310,LC0_FZ_150_IA-2_filtered
25,12,2,-147.77,-7.207,522.929,332.77,9550,LC0_FZ_150_IA-2_filtered
25,12,2,-147.74,-3.418,526.509,233.92,9908,LC0_FZ_150_IA-2_filtered
25,12,2,-147.73,7.662,516.779,-363.94,8935,LC0_FZ_150_IA-2_filtered
25,12,2,-147.73,-11.714,524.219,346.1,9679,LC0_FZ_150_IA-2_filtered
25,12,2,-147.72,5.563,519.729,-314.48,9230,LC0_FZ_150_IA-2_filtered
25,12,2,-147.67,-4.759,526.169,278.64,9874,LC0_FZ_150_IA-2_filtered
25,12,2,-147.58,4.003,515.869,-277.11,8844,LC0_FZ_150_IA-2_filtered
25,12,2,-147.55,-2.042,526.849,169.55,9942,LC0_FZ_150_IA-2_filtered
25,12,2,-147.49,10.576,518.469,-368.76,9104,LC0_FZ_150_IA-2_filtered
25,12,2,-147.47,-4.951,522.359,304.85,9493,LC0_FZ_150_IA-2_filtered
25,12,2,-147.31,6.003,519.619,-317.74,9219,LC0_FZ_150_IA-2_filtered
25,12,2,-147.31,-4.084,522.139,273.2,9471,LC0_FZ_150_IA-2_filtered
25,12,2,-147.29,-11.662,524.099,349.32,9667,LC0_FZ_150_IA-2_filtered
25,12,2,-147.27,12.151,517.999,-377.46,9057,LC0_FZ_150_IA-2_filtered
25,12,2,-147.27,-10.607,523.779,344.38,9635,LC0_FZ_150_IA-2_filtered
25,12,2,-147.26,-0.2,521.169,23.58,9374,LC0_FZ_150_IA-2_filtered
25,12,2,-147.26,-11.097,523.899,348.88,9647,LC0_FZ_150_IA-2_filtered
25,12,2,-147.24,-1.36,521.459,131.07,9403,LC0_FZ_150_IA-2_filtered
25,12,2,-147.23,7.849,516.829,-364.28,8940,LC0_FZ_150_IA-2_filtered
25,12,2,-147.21,9.486,517.239,-373.72,8981,LC0_FZ_150_IA-2_filtered
25,12,2,-147.19,-9.695,523.549,342.05,9612,LC0_FZ_150_IA-2_filtered
25,12,2,-147.15,11.075,517.639,-385.21,9021,LC0_FZ_150_IA-2_filtered
25,12,2,-147.14,-5.597,525.959,290.68,9853,LC0_FZ_150_IA-2_filtered
25,12,2,-147.1,0.638,520.959,-56.34,9353,LC0_FZ_150_IA-2_filtered
25,12,2,-147.1,-0.313,521.199,36.54,9377,LC0_FZ_150_IA-2_filtered
25,12,2,-147.07,-6.073,522.639,328.75,9521,LC0_FZ_150_IA-2_filtered
25,12,2,-147.04,2.009,515.369,-175.54,8794,LC0_FZ_150_IA-2_filtered
25,12,2,-147.04,-3.695,522.049,254.43,9462,LC0_FZ_150_IA-2_filtered
25,12,2,-147,4.624,519.959,-294.04,9253,LC0_FZ_150_IA-2_filtered
25,12,2,-146.9,5.049,516.129,-328.94,8870,LC0_FZ_150_IA-2_filtered
25,12,2,-146.89,7.242,519.309,-326.45,9188,LC0_FZ_150_IA-2_filtered
25,12,2,-146.84,2.144,520.579,-169.03,9315,LC0_FZ_150_IA-2_filtered
25,12,2,-146.73,-4.683,526.189,271.48,9876,LC0_FZ_150_IA-2_filtered
25,12,2,-146.71,5.526,516.249,-343.37,8882,LC0_FZ_150_IA-2_filtered
25,12,2,-146.71,9.188,518.819,-354.06,9139,LC0_FZ_150_IA-2_filtered
25,12,2,-146.68,-7.264,522.939,328.55,9551,LC0_FZ_150_IA-2_filtered
25,12,2,-146.64,-3.288,526.539,223.84,9911,LC0_FZ_150_IA-2_filtered
25,12,2,-146.61,5.089,519.849,-302.92,9242,LC0_FZ_150_IA-2_filtered
25,12,2,-146.6,-9.544,523.509,343.45,9608,LC0_FZ_150_IA-2_filtered
25,12,2,-146.55,-5.416,522.479,313.06,9505,LC0_FZ_150_IA-2_filtered
25,12,2,-146.45,5.998,516.369,-351.93,8894,LC0_FZ_150_IA-2_filtered
25,12,2,-146.45,4.016,520.119,-262.23,9269,LC0_FZ_150_IA-2_filtered
25,12,2,-146.38,-6.495,522.749,329.95,9532,LC0_FZ_150_IA-2_filtered
25,12,2,-146.36,10.167,517.409,-379.04,8998,LC0_FZ_150_IA-2_filtered
25,12,2,-146.36,-5.094,522.399,300.49,9497,LC0_FZ_150_IA-2_filtered
25,12,2,-146.34,-6.928,522.859,330.27,9543,LC0_FZ_150_IA-2_filtered
25,12,2,-146.3,-7.769,523.069,327.62,9564,LC0_FZ_150_IA-2_filtered
25,12,2,-146.25,-1.889,526.889,155.86,9946,LC0_FZ_150_IA-2_filtered
25,12,2,-146.23,4.6,516.019,-311.61,8859,LC0_FZ_150_IA-2_filtered
25,12,2,-146.23,8.624,518.959,-341.51,9153,LC0_FZ_150_IA-2_filtered
25,12,2,-146.23,-6.02,522.629,322.51,9520,LC0_FZ_150_IA-2_filtered
25,12,2,-146.23,-7.395,522.969,329.61,9554,LC0_FZ_150_IA-2_filtered
25,12,2,-146.23,-10.971,523.869,340.27,9644,LC0_FZ_150_IA-2_filtered
25,12,2,-146.2,4.896,519.889,-289.54,9246,LC0_FZ_150_IA-2_filtered
25,12,2,-146.18,7.396,516.719,-358.46,8929,LC0_FZ_150_IA-2_filtered
25,12,2,-146.18,5.513,519.739,-307.41,9231,LC0_FZ_150_IA-2_filtered
25,12,2,-146.17,-11.407,523.979,344.64,9655,LC0_FZ_150_IA-2_filtered
25,12,2,-146.16,9.1,518.839,-345.52,9141,LC0_FZ_150_IA-2_filtered
25,12,2,-146.15,2.398,515.469,-201.91,8804,LC0_FZ_150_IA-2_filtered
25,12,2,-146.15,0.215,521.069,-15.39,9364,LC0_FZ_150_IA-2_filtered
25,12,2,-146.15,-11.014,523.879,339.06,9645,LC0_FZ_150_IA-2_filtered
25,12,2,-146.13,6.245,516.429,-346.96,8900,LC0_FZ_150_IA-2_filtered
25,12,2,-146.1,2.655,520.459,-197.56,9303,LC0_FZ_150_IA-2_filtered
25,12,2,-146.1,-7.735,523.059,328.85,9563,LC0_FZ_150_IA-2_filtered
25,12,2,-146.09,-10.129,523.659,341.06,9623,LC0_FZ_150_IA-2_filtered
25,12,2,-146.04,2.545,515.499,-204.55,8807,LC0_FZ_150_IA-2_filtered
25,12,2,-146.01,-2.874,526.639,207.54,9921,LC0_FZ_150_IA-2_filtered
25,12,2,-145.99,-10.487,523.749,342.32,9632,LC0_FZ_150_IA-2_filtered
25,12,2,-145.99,-2.842,526.649,204.42,9922,LC0_FZ_150_IA-2_filtered
25,12,2,-145.97,-6.807,522.829,323.86,9540,LC0_FZ_150_IA-2_filtered
25,12,2,-145.94,11.006,518.359,-366.48,9093,LC0_FZ_150_IA-2_filtered
25,12,2,-145.92,-10.54,523.759,339.23,9633,LC0_FZ_150_IA-2_filtered
25,12,2,-145.85,-8.213,523.179,330.66,9575,LC0_FZ_150_IA-2_filtered
25,12,2,-145.84,10.501,518.489,-360.13,9106,LC0_FZ_150_IA-2_filtered
25,12,2,-145.82,-7.291,522.949,325.89,9552,LC0_FZ_150_IA-2_filtered
25,12,2,-145.79,6.796,519.419,-318.56,9199,LC0_FZ_150_IA-2_filtered
25,12,2,-145.75,-10.006,523.629,343.1,9620,LC0_FZ_150_IA-2_filtered
25,12,2,-145.57,0.269,521.059,-19.02,9363,LC0_FZ_150_IA-2_filtered
25,12,2,-145.56,0.591,520.969,-52.86,9354,LC0_FZ_150_IA-2_filtered
25,12,2,-145.52,8.197,519.069,-334.55,9164,LC0_FZ_150_IA-2_filtered
25,12,2,-145.52,-9.177,523.419,335.2,9599,LC0_FZ_150_IA-2_filtered
25,12,2,-145.51,11.388,518.259,-364.16,9083,LC0_FZ_150_IA-2_filtered
25,12,2,-145.47,5.398,519.769,-298.11,9234,LC0_FZ_150_IA-2_filtered
25,12,2,-145.47,3.544,520.229,-242.88,9280,LC0_FZ_150_IA-2_filtered
25,12,2,-145.41,4.493,519.999,-277.01,9257,LC0_FZ_150_IA-2_filtered
25,12,2,-145.39,-6.858,522.839,322.6,9541,LC0_FZ_150_IA-2_filtered
25,12,2,-145.36,3.74,515.799,-273.61,8837,LC0_FZ_150_IA-2_filtered
25,12,2,-145.34,-6.383,522.719,320.3,9529,LC0_FZ_150_IA-2_filtered
25,12,2,-145.32,11.675,517.809,-379.67,9038,LC0_FZ_150_IA-2_filtered
25,12,2,-145.32,-0.368,521.209,41.31,9378,LC0_FZ_150_IA-2_filtered
25,12,2,-145.3,-9.578,523.519,339.06,9609,LC0_FZ_150_IA-2_filtered
25,12,2,-145.29,8.208,519.059,-337.03,9163,LC0_FZ_150_IA-2_filtered
25,12,2,-145.25,-8.275,523.189,331.31,9576,LC0_FZ_150_IA-2_filtered
25,12,2,-145.2,10.838,517.579,-375.81,9015,LC0_FZ_150_IA-2_filtered
25,12,2,-145.16,11.769,518.149,-369.14,9072,LC0_FZ_150_IA-2_filtered
25,12,2,-145.13,5.88,519.649,-305.39,9222,LC0_FZ_150_IA-2_filtered
25,12,2,-145.03,-0.991,527.119,95.33,9969,LC0_FZ_150_IA-2_filtered
25,12,2,-144.96,2.819,515.579,-227.11,8815,LC0_FZ_150_IA-2_filtered
25,12,2,-144.94,-8.689,523.299,332.05,9587,LC0_FZ_150_IA-2_filtered
25,12,2,-144.88,3.675,520.199,-255.78,9277,LC0_FZ_150_IA-2_filtered
25,12,2,-144.87,3.278,515.689,-251.77,8826,LC0_FZ_150_IA-2_filtered
25,12,2,-144.84,-5.979,522.619,317.81,9519,LC0_FZ_150_IA-2_filtered
25,12,2,-144.83,5.942,519.629,-310.67,9220,LC0_FZ_150_IA-2_filtered
25,12,2,-144.82,3.124,520.339,-222.4,9291,LC0_FZ_150_IA-2_filtered
25,12,2,-144.82,-5.015,522.379,298.23,9495,LC0_FZ_150_IA-2_filtered
25,12,2,-144.74,6.957,516.609,-352.74,8918,LC0_FZ_150_IA-2_filtered
25,12,2,-144.73,9.456,517.229,-366.53,8980,LC0_FZ_150_IA-2_filtered
25,12,2,-144.61,-6.416,522.729,320.09,9530,LC0_FZ_150_IA-2_filtered
25,12,2,-144.54,11.583,517.779,-368.37,9035,LC0_FZ_150_IA-2_filtered
25,12,2,-144.5,3.973,515.859,-272.53,8843,LC0_FZ_150_IA-2_filtered
25,12,2,-144.47,-1.982,526.869,161.2,9944,LC0_FZ_150_IA-2_filtered
25,12,2,-144.35,7.128,516.649,-349.49,8922,LC0_FZ_150_IA-2_filtered
25,12,2,-144.3,4.937,519.879,-288.65,9245,LC0_FZ_150_IA-2_filtered
25,12,2,-144.3,4.051,520.109,-263.08,9268,LC0_FZ_150_IA-2_filtered
25,12,2,-144.19,10.207,517.419,-371.36,8999,LC0_FZ_150_IA-2_filtered
25,12,2,-144.1,5.429,519.759,-297.69,9233,LC0_FZ_150_IA-2_filtered
25,12,2,-144.09,4.895,516.089,-307.76,8866,LC0_FZ_150_IA-2_filtered
25,12,2,-143.77,8.978,517.109,-359.41,8968,LC0_FZ_150_IA-2_filtered
25,12,2,-143.76,0.155,521.089,-8.35,9366,LC0_FZ_150_IA-2_filtered
25,12,2,-143.75,5.478,519.749,-301.11,9232,LC0_FZ_150_IA-2_filtered
25,12,2,-143.5,3.144,520.329,-226.04,9290,LC0_FZ_150_IA-2_filtered
25,12,2,-143.5,-0.58,521.259,58.82,9383,LC0_FZ_150_IA-2_filtered
25,12,2,-143.49,8.364,516.959,-356.01,8953,LC0_FZ_150_IA-2_filtered
25,12,2,-143.45,6.219,516.419,-340.54,8899,LC0_FZ_150_IA-2_filtered
25,12,2,-143.33,4.506,519.989,-278.45,9256,LC0_FZ_150_IA-2_filtered
25,12,2,-143.21,-1.468,526.989,132.36,9956,LC0_FZ_150_IA-2_filtered
25,12,2,-143.19,5.002,519.869,-291.35,9244,LC0_FZ_150_IA-2_filtered
25,12,2,-143.09,0.274,521.049,-22.63,9362,LC0_FZ_150_IA-2_filtered
25,12,2,-143.07,0.748,520.929,-66.59,9350,LC0_FZ_150_IA-2_filtered
25,12,2,-142.98,0.555,520.979,-49.49,9355,LC0_FZ_150_IA-2_filtered
25,12,2,-142.94,11.229,517.679,-365.96,9025,LC0_FZ_150_IA-2_filtered
25,12,2,-142.79,11.175,517.659,-368.77,9023,LC0_FZ_150_IA-2_filtered
25,12,2,-142.78,4.392,515.969,-287.92,8854,LC0_FZ_150_IA-2_filtered
25,12,2,-142.78,4.074,520.099,-265.75,9267,LC0_FZ_150_IA-2_filtered
25,12,2,-142.64,7.593,516.759,-348.13,8933,LC0_FZ_150_IA-2_filtered
25,12,2,-142.53,-0.435,521.219,45.75,9379,LC0_FZ_150_IA-2_filtered
25,12,2,-142.24,2.949,515.609,-227.46,8818,LC0_FZ_150_IA-2_filtered
25,12,2,-142.2,9.752,517.309,-365.68,8988,LC0_FZ_150_IA-2_filtered
25,12,2,-142.14,6.992,516.619,-346.29,8919,LC0_FZ_150_IA-2_filtered
25,12,2,-142.09,3.753,515.809,-273.12,8838,LC0_FZ_150_IA-2_filtered
25,12,2,-142.05,10.714,517.549,-365.19,9012,LC0_FZ_150_IA-2_filtered
25,12,2,-141.87,7.498,516.739,-345.56,8931,LC0_FZ_150_IA-2_filtered
25,12,2,-141.79,11.214,517.669,-364.74,9024,LC0_FZ_150_IA-2_filtered
25,12,2,-141.75,-1.077,527.099,102.07,9967,LC0_FZ_150_IA-2_filtered
25,12,2,-141.7,10.243,517.429,-364.89,9000,LC0_FZ_150_IA-2_filtered
25,12,2,-141.64,3.339,515.699,-251.56,8827,LC0_FZ_150_IA-2_filtered
25,12,2,-141.56,6.09,516.389,-340.91,8896,LC0_FZ_150_IA-2_filtered
25,12,2,-141.53,7.549,516.749,-344.41,8932,LC0_FZ_150_IA-2_filtered
25,12,2,-141.5,5.281,516.189,-317.33,8876,LC0_FZ_150_IA-2_filtered
25,12,2,-141.4,7.046,516.629,-342.88,8920,LC0_FZ_150_IA-2_filtered
25,12,2,-141.35,2.907,515.599,-226.86,8817,LC0_FZ_150_IA-2_filtered
25,12,2,-141.31,0.976,520.879,-85.25,9345,LC0_FZ_150_IA-2_filtered
25,12,2,-141.27,8.396,516.969,-350.34,8954,LC0_FZ_150_IA-2_filtered
25,12,2,-141.16,9.364,517.209,-357.45,8978,LC0_FZ_150_IA-2_filtered
25,12,2,-141.15,-0.105,521.149,15.18,9372,LC0_FZ_150_IA-2_filtered
25,12,2,-140.88,6.605,516.519,-341.07,8909,LC0_FZ_150_IA-2_filtered
25,12,2,-140.56,0.11,521.099,-4.56,9367,LC0_FZ_150_IA-2_filtered
25,12,2,-140.4,-0.466,521.229,49.38,9380,LC0_FZ_150_IA-2_filtered
25,12,2,-140.19,4.685,516.039,-307.12,8861,LC0_FZ_150_IA-2_filtered
25,12,2,-140.12,6.132,516.399,-336.57,8897,LC0_FZ_150_IA-2_filtered
25,12,2,-139.97,3.399,515.709,-250.52,8828,LC0_FZ_150_IA-2_filtered
25,12,2,-139.93,3.411,515.719,-249.86,8829,LC0_FZ_150_IA-2_filtered
25,12,2,-139.85,3.864,515.839,-267.87,8841,LC0_FZ_150_IA-2_filtered
25,12,2,-139.73,4.356,515.959,-284.78,8853,LC0_FZ_150_IA-2_filtered
25,12,2,-139.71,5.181,516.159,-320.3,8873,LC0_FZ_150_IA-2_filtered
25,12,2,-139.41,5.248,516.179,-315.04,8875,LC0_FZ_150_IA-2_filtered
25,12,2,-138.95,0.929,520.889,-81.44,9346,LC0_FZ_150_IA-2_filtered
25,12,2,-138.24,0.857,520.909,-73.35,9348,LC0_FZ_150_IA-2_filtered
25,12,2,-137.21,0.354,521.029,-30.41,9360,LC0_FZ_150_IA-2_filtered
25,12,2,-135.91,0.002,521.129,7.09,9370,LC0_FZ_150_IA-2_filtered
25,12,2,-135.21,0.42,521.009,-38.07,9358,LC0_FZ_150_IA-2_filtered
25,12,2,-109.93,1.234,616.557,-92.76,12521,LC0_FZ_100_IA-2_filtered
25,12,2,-108.9,-2.144,623.047,142.76,13170,LC0_FZ_100_IA-2_filtered
25,12,2,-108.89,-2.528,623.147,159.21,13180,LC0_FZ_100_IA-2_filtered
25,12,2,-107.81,2.154,616.787,-142.47,12544,LC0_FZ_100_IA-2_filtered
25,12,2,-107.28,-2.994,623.267,176.54,13192,LC0_FZ_100_IA-2_filtered
25,12,2,-107.01,0.803,616.447,-61.64,12510,LC0_FZ_100_IA-2_filtered
25,12,2,-106.88,2.108,616.777,-138.15,12543,LC0_FZ_100_IA-2_filtered
25,12,2,-106.67,0.855,616.457,-65.37,12511,LC0_FZ_100_IA-2_filtered
25,12,2,-106.58,2.206,616.797,-145.6,12545,LC0_FZ_100_IA-2_filtered
25,12,2,-106.37,1.158,616.537,-85.91,12519,LC0_FZ_100_IA-2_filtered
25,12,2,-105.71,1.569,616.647,-110.71,12530,LC0_FZ_100_IA-2_filtered
25,12,2,-105.14,2.237,616.807,-147.8,12546,LC0_FZ_100_IA-2_filtered
25,12,2,-104.76,2.051,616.767,-134.36,12542,LC0_FZ_100_IA-2_filtered
25,12,2,-104.57,-1.574,622.907,109.4,13156,LC0_FZ_100_IA-2_filtered
25,12,2,-104.48,-3.51,623.397,192.43,13205,LC0_FZ_100_IA-2_filtered
25,12,2,-104.19,-2.232,623.077,142.78,13173,LC0_FZ_100_IA-2_filtered
25,12,2,-104.17,-3.399,623.367,182.02,13202,LC0_FZ_100_IA-2_filtered
25,12,2,-104.08,-3.939,623.497,202.68,13215,LC0_FZ_100_IA-2_filtered
25,12,2,-104.02,-8.437,626.637,243.32,13529,LC0_FZ_100_IA-2_filtered
25,12,2,-104,-7.673,624.437,251.37,13309,LC0_FZ_100_IA-2_filtered
25,12,2,-103.86,-6.606,627.097,232.89,13575,LC0_FZ_100_IA-2_filtered
25,12,2,-103.81,-6.7,624.197,254.64,13285,LC0_FZ_100_IA-2_filtered
25,12,2,-103.76,-3.949,623.507,204.84,13216,LC0_FZ_100_IA-2_filtered
25,12,2,-103.58,-7.526,626.867,238.91,13552,LC0_FZ_100_IA-2_filtered
25,12,2,-103.55,-8.485,626.627,243.61,13528,LC0_FZ_100_IA-2_filtered
25,12,2,-103.49,8.936,620.277,-259.87,12893,LC0_FZ_100_IA-2_filtered
25,12,2,-103.48,-3.906,623.487,197.98,13214,LC0_FZ_100_IA-2_filtered
25,12,2,-103.41,1.522,616.637,-108.27,12529,LC0_FZ_100_IA-2_filtered
25,12,2,-103.36,-1.967,623.007,126,13166,LC0_FZ_100_IA-2_filtered
25,12,2,-103.32,-4.429,623.627,217.08,13228,LC0_FZ_100_IA-2_filtered
25,12,2,-103.29,9.891,620.037,-264.97,12869,LC0_FZ_100_IA-2_filtered
25,12,2,-103.19,-9.447,624.877,254.13,13353,LC0_FZ_100_IA-2_filtered
25,12,2,-103.17,-7.909,626.767,237.19,13542,LC0_FZ_100_IA-2_filtered
25,12,2,-103.16,-7.551,624.407,255.52,13306,LC0_FZ_100_IA-2_filtered
25,12,2,-103.14,-6.585,627.107,231.19,13576,LC0_FZ_100_IA-2_filtered
25,12,2,-103.08,-5.79,623.967,246.85,13262,LC0_FZ_100_IA-2_filtered
25,12,2,-103.08,-7.564,626.857,238.78,13551,LC0_FZ_100_IA-2_filtered
25,12,2,-103.07,-10.317,626.167,249.79,13482,LC0_FZ_100_IA-2_filtered
25,12,2,-103.06,-6.757,624.207,251.19,13286,LC0_FZ_100_IA-2_filtered
25,12,2,-102.97,-9.522,624.897,252.41,13355,LC0_FZ_100_IA-2_filtered
25,12,2,-102.94,-5.306,623.847,238.92,13250,LC0_FZ_100_IA-2_filtered
25,12,2,-102.92,-8.877,626.527,243.83,13518,LC0_FZ_100_IA-2_filtered
25,12,2,-102.85,-6.17,627.207,228.24,13586,LC0_FZ_100_IA-2_filtered
25,12,2,-102.82,9.853,620.047,-265.75,12870,LC0_FZ_100_IA-2_filtered
25,12,2,-102.81,-9.389,626.397,246.05,13505,LC0_FZ_100_IA-2_filtered
25,12,2,-102.8,-10.272,626.177,248.86,13483,LC0_FZ_100_IA-2_filtered
25,12,2,-102.75,-10.794,626.047,250.74,13470,LC0_FZ_100_IA-2_filtered
25,12,2,-102.67,9.358,620.167,-261.78,12882,LC0_FZ_100_IA-2_filtered
25,12,2,-102.6,8.466,620.397,-255.97,12905,LC0_FZ_100_IA-2_filtered
25,12,2,-102.58,-8.388,626.647,240.61,13530,LC0_FZ_100_IA-2_filtered
25,12,2,-102.46,11.792,619.337,-277.38,12799,LC0_FZ_100_IA-2_filtered
25,12,2,-102.41,-11.666,625.477,253.49,13413,LC0_FZ_100_IA-2_filtered
25,12,2,-102.32,-11.225,625.937,253.02,13459,LC0_FZ_100_IA-2_filtered
25,12,2,-102.32,-8.511,626.617,241.08,13527,LC0_FZ_100_IA-2_filtered
25,12,2,-102.3,-9.88,624.987,253.33,13364,LC0_FZ_100_IA-2_filtered
25,12,2,-102.24,-5.705,623.947,243.13,13260,LC0_FZ_100_IA-2_filtered
25,12,2,-102.2,-5.225,627.447,217.17,13610,LC0_FZ_100_IA-2_filtered
25,12,2,-102.19,-5.65,627.337,222.59,13599,LC0_FZ_100_IA-2_filtered
25,12,2,-102.12,-10.373,625.107,255.18,13376,LC0_FZ_100_IA-2_filtered
25,12,2,-102.1,-7.426,626.887,233,13554,LC0_FZ_100_IA-2_filtered
25,12,2,-101.96,6.189,620.967,-241.43,12962,LC0_FZ_100_IA-2_filtered
25,12,2,-101.94,-6.517,627.117,227.74,13577,LC0_FZ_100_IA-2_filtered
25,12,2,-101.91,0.687,616.417,-51.85,12507,LC0_FZ_100_IA-2_filtered
25,12,2,-101.81,-7.616,626.847,235.92,13550,LC0_FZ_100_IA-2_filtered
25,12,2,-101.8,9.931,620.027,-261.13,12868,LC0_FZ_100_IA-2_filtered
25,12,2,-101.79,11.18,619.707,-268.6,12836,LC0_FZ_100_IA-2_filtered
25,12,2,-101.78,3.989,617.247,-208.09,12590,LC0_FZ_100_IA-2_filtered
25,12,2,-101.77,-9.013,626.497,240.31,13515,LC0_FZ_100_IA-2_filtered
25,12,2,-101.71,2.685,616.927,-166.4,12558,LC0_FZ_100_IA-2_filtered
25,12,2,-101.67,4.026,617.257,-212.18,12591,LC0_FZ_100_IA-2_filtered
25,12,2,-101.67,-10.472,625.137,251.75,13379,LC0_FZ_100_IA-2_filtered
25,12,2,-101.64,-5.408,623.867,234.26,13252,LC0_FZ_100_IA-2_filtered
25,12,2,-101.55,4.916,617.477,-235.56,12613,LC0_FZ_100_IA-2_filtered
25,12,2,-101.55,-7.515,624.397,251.3,13305,LC0_FZ_100_IA-2_filtered
25,12,2,-101.55,-11.397,625.367,252.38,13402,LC0_FZ_100_IA-2_filtered
25,12,2,-101.51,-6.18,624.057,247.14,13271,LC0_FZ_100_IA-2_filtered
25,12,2,-101.49,-4.736,623.707,216.7,13236,LC0_FZ_100_IA-2_filtered
25,12,2,-101.44,-10.788,625.217,253.01,13387,LC0_FZ_100_IA-2_filtered
25,12,2,-101.42,-11.598,625.827,252.39,13448,LC0_FZ_100_IA-2_filtered
25,12,2,-101.41,-1.059,622.787,77.25,13144,LC0_FZ_100_IA-2_filtered
25,12,2,-101.35,10.717,619.827,-264.71,12848,LC0_FZ_100_IA-2_filtered
25,12,2,-101.33,4.748,621.327,-221.43,12998,LC0_FZ_100_IA-2_filtered
25,12,2,-101.32,5.393,617.597,-246.44,12625,LC0_FZ_100_IA-2_filtered
25,12,2,-101.3,-9.914,626.267,243.86,13492,LC0_FZ_100_IA-2_filtered
25,12,2,-101.29,-3.396,627.897,171.73,13655,LC0_FZ_100_IA-2_filtered
25,12,2,-101.28,-10.812,626.037,248.02,13469,LC0_FZ_100_IA-2_filtered
25,12,2,-101.23,-4.332,627.667,196.96,13632,LC0_FZ_100_IA-2_filtered
25,12,2,-101.19,-5.613,627.347,219.32,13600,LC0_FZ_100_IA-2_filtered
25,12,2,-101.16,-5.155,627.457,215,13611,LC0_FZ_100_IA-2_filtered
25,12,2,-101.08,6.316,617.827,-259.6,12648,LC0_FZ_100_IA-2_filtered
25,12,2,-101.07,1.853,616.717,-128.54,12537,LC0_FZ_100_IA-2_filtered
25,12,2,-101.04,3.875,621.547,-196.49,13020,LC0_FZ_100_IA-2_filtered
25,12,2,-101.04,-8.919,624.747,250.31,13340,LC0_FZ_100_IA-2_filtered
25,12,2,-101.01,9.326,620.177,-257.42,12883,LC0_FZ_100_IA-2_filtered
25,12,2,-101,3.427,621.657,-179.74,13031,LC0_FZ_100_IA-2_filtered
25,12,2,-101,-5.677,623.937,236.89,13259,LC0_FZ_100_IA-2_filtered
25,12,2,-100.99,7.222,618.057,-264.4,12671,LC0_FZ_100_IA-2_filtered
25,12,2,-100.96,1.488,616.627,-106.82,12528,LC0_FZ_100_IA-2_filtered
25,12,2,-100.96,12.004,619.477,-269.83,12813,LC0_FZ_100_IA-2_filtered
25,12,2,-100.96,-5.878,623.987,239.19,13264,LC0_FZ_100_IA-2_filtered
25,12,2,-100.96,-5.296,627.427,214.67,13608,LC0_FZ_100_IA-2_filtered
25,12,2,-100.95,11.721,619.557,-269.06,12821,LC0_FZ_100_IA-2_filtered
25,12,2,-100.92,-6.04,627.237,221.5,13589,LC0_FZ_100_IA-2_filtered
25,12,2,-100.9,11.441,619.107,-274.16,12776,LC0_FZ_100_IA-2_filtered
25,12,2,-100.85,-3.342,627.917,170.31,13657,LC0_FZ_100_IA-2_filtered
25,12,2,-100.84,6.788,617.947,-262.27,12660,LC0_FZ_100_IA-2_filtered
25,12,2,-100.83,2.5,616.877,-150.27,12553,LC0_FZ_100_IA-2_filtered
25,12,2,-100.83,3.46,617.117,-185.59,12577,LC0_FZ_100_IA-2_filtered
25,12,2,-100.81,11.735,619.227,-277.11,12788,LC0_FZ_100_IA-2_filtered
25,12,2,-100.77,-11.138,625.957,247.09,13461,LC0_FZ_100_IA-2_filtered
25,12,2,-100.75,-3.308,623.347,171.86,13200,LC0_FZ_100_IA-2_filtered
25,12,2,-100.68,5.345,617.587,-242.38,12624,LC0_FZ_100_IA-2_filtered
25,12,2,-100.67,5.877,617.717,-254.66,12637,LC0_FZ_100_IA-2_filtered
25,12,2,-100.64,11.391,619.097,-272.67,12775,LC0_FZ_100_IA-2_filtered
25,12,2,-100.58,4.048,617.267,-214.2,12592,LC0_FZ_100_IA-2_filtered
25,12,2,-100.56,6.697,620.837,-239.58,12949,LC0_FZ_100_IA-2_filtered
25,12,2,-100.55,-1.864,622.977,119.39,13163,LC0_FZ_100_IA-2_filtered
25,12,2,-100.53,-0.637,628.587,48.17,13724,LC0_FZ_100_IA-2_filtered
25,12,2,-100.5,-3.611,623.417,188.74,13207,LC0_FZ_100_IA-2_filtered
25,12,2,-100.47,-0.679,622.687,51.92,13134,LC0_FZ_100_IA-2_filtered
25,12,2,-100.44,1.063,616.517,-81.24,12517,LC0_FZ_100_IA-2_filtered
25,12,2,-100.42,2.468,621.897,-145.28,13055,LC0_FZ_100_IA-2_filtered
25,12,2,-100.38,-11.297,625.917,248.13,13457,LC0_FZ_100_IA-2_filtered
25,12,2,-100.34,1.471,616.617,-106.08,12527,LC0_FZ_100_IA-2_filtered
25,12,2,-100.33,10.983,618.997,-271.4,12765,LC0_FZ_100_IA-2_filtered
25,12,2,-100.33,5.281,621.187,-225.63,12984,LC0_FZ_100_IA-2_filtered
25,12,2,-100.31,7.705,618.177,-265.24,12683,LC0_FZ_100_IA-2_filtered
25,12,2,-100.31,10.897,618.977,-269.69,12763,LC0_FZ_100_IA-2_filtered
25,12,2,-100.29,9.057,618.517,-266.44,12717,LC0_FZ_100_IA-2_filtered
25,12,2,-100.26,4.978,617.497,-238.58,12615,LC0_FZ_100_IA-2_filtered
25,12,2,-100.24,-4.836,627.547,206.72,13620,LC0_FZ_100_IA-2_filtered
25,12,2,-100.21,11.6,619.597,-265.68,12825,LC0_FZ_100_IA-2_filtered
25,12,2,-100.19,-4.266,623.587,200.86,13224,LC0_FZ_100_IA-2_filtered
25,12,2,-100.18,5.612,621.107,-231.57,12976,LC0_FZ_100_IA-2_filtered
25,12,2,-100.16,-7.962,624.507,248.78,13316,LC0_FZ_100_IA-2_filtered
25,12,2,-100.13,-7.033,624.277,248.6,13293,LC0_FZ_100_IA-2_filtered
25,12,2,-100.1,-3.822,623.467,186.11,13212,LC0_FZ_100_IA-2_filtered
25,12,2,-100.1,-1.551,628.367,100.78,13702,LC0_FZ_100_IA-2_filtered
25,12,2,-100.07,5.773,617.697,-247.07,12635,LC0_FZ_100_IA-2_filtered
25,12,2,-100.06,7.673,618.167,-266.03,12682,LC0_FZ_100_IA-2_filtered
25,12,2,-100.04,4.881,617.467,-229.72,12612,LC0_FZ_100_IA-2_filtered
25,12,2,-100.04,8.59,618.397,-264.89,12705,LC0_FZ_100_IA-2_filtered
25,12,2,-100.04,-5.136,627.467,210.71,13612,LC0_FZ_100_IA-2_filtered
25,12,2,-99.99,-8.669,624.687,241.16,13334,LC0_FZ_100_IA-2_filtered
25,12,2,-99.98,-7.637,626.837,231.53,13549,LC0_FZ_100_IA-2_filtered
25,12,2,-99.97,9.952,620.017,-254.03,12867,LC0_FZ_100_IA-2_filtered
25,12,2,-99.96,8.182,618.297,-263.36,12695,LC0_FZ_100_IA-2_filtered
25,12,2,-99.89,7.183,618.047,-263.04,12670,LC0_FZ_100_IA-2_filtered
25,12,2,-99.89,-6.824,624.227,240.24,13288,LC0_FZ_100_IA-2_filtered
25,12,2,-99.89,-10.531,625.147,246.6,13380,LC0_FZ_100_IA-2_filtered
25,12,2,-99.88,-10.203,626.197,240.71,13485,LC0_FZ_100_IA-2_filtered
25,12,2,-99.87,3.644,617.157,-199.3,12581,LC0_FZ_100_IA-2_filtered
25,12,2,-99.77,2.418,621.907,-144.71,13056,LC0_FZ_100_IA-2_filtered
25,12,2,-99.74,8.657,618.417,-261.65,12707,LC0_FZ_100_IA-2_filtered
25,12,2,-99.74,10.055,618.767,-265.35,12742,LC0_FZ_100_IA-2_filtered
25,12,2,-99.71,3.923,621.537,-194.2,13019,LC0_FZ_100_IA-2_filtered
25,12,2,-99.7,11.701,619.207,-273.93,12786,LC0_FZ_100_IA-2_filtered
25,12,2,-99.63,-2.087,628.227,122.34,13688,LC0_FZ_100_IA-2_filtered
25,12,2,-99.61,2.87,621.797,-162.72,13045,LC0_FZ_100_IA-2_filtered
25,12,2,-99.58,-7.488,624.387,245.02,13304,LC0_FZ_100_IA-2_filtered
25,12,2,-99.52,2.523,621.887,-145.04,13054,LC0_FZ_100_IA-2_filtered
25,12,2,-99.52,-1.916,628.267,119.36,13692,LC0_FZ_100_IA-2_filtered
25,12,2,-99.51,-4.083,623.537,198.51,13219,LC0_FZ_100_IA-2_filtered
25,12,2,-99.51,-11.078,625.967,241.14,13462,LC0_FZ_100_IA-2_filtered
25,12,2,-99.5,-6.115,624.047,240.41,13270,LC0_FZ_100_IA-2_filtered
25,12,2,-99.49,-9.027,626.487,234.64,13514,LC0_FZ_100_IA-2_filtered
25,12,2,-99.48,-7.311,624.347,238.05,13300,LC0_FZ_100_IA-2_filtered
25,12,2,-99.46,4.382,621.417,-204.59,13007,LC0_FZ_100_IA-2_filtered
25,12,2,-99.4,2.334,616.827,-148,12548,LC0_FZ_100_IA-2_filtered
25,12,2,-99.37,7.749,618.187,-260.75,12684,LC0_FZ_100_IA-2_filtered
25,12,2,-99.36,6.823,617.957,-259.21,12661,LC0_FZ_100_IA-2_filtered
25,12,2,-99.29,2.02,622.007,-125.32,13066,LC0_FZ_100_IA-2_filtered
25,12,2,-99.27,-5.312,627.417,210.61,13607,LC0_FZ_100_IA-2_filtered
25,12,2,-99.25,0.991,616.497,-77.08,12515,LC0_FZ_100_IA-2_filtered
25,12,2,-99.23,8.097,618.277,-264.61,12693,LC0_FZ_100_IA-2_filtered
25,12,2,-99.19,8.376,620.417,-244.75,12907,LC0_FZ_100_IA-2_filtered
25,12,2,-99.19,-2.59,628.107,138.92,13676,LC0_FZ_100_IA-2_filtered
25,12,2,-99.17,1.993,622.017,-125.04,13067,LC0_FZ_100_IA-2_filtered
25,12,2,-99.07,-9.244,626.437,233.37,13509,LC0_FZ_100_IA-2_filtered
25,12,2,-99.05,6.713,617.927,-257.64,12658,LC0_FZ_100_IA-2_filtered
25,12,2,-99.05,-12.041,625.677,246.73,13433,LC0_FZ_100_IA-2_filtered
25,12,2,-98.98,9.465,618.617,-261.06,12727,LC0_FZ_100_IA-2_filtered
25,12,2,-98.94,11.337,619.087,-267.39,12774,LC0_FZ_100_IA-2_filtered
25,12,2,-98.94,-10.099,625.037,242.39,13369,LC0_FZ_100_IA-2_filtered
25,12,2,-98.89,9.042,620.247,-246.48,12890,LC0_FZ_100_IA-2_filtered
25,12,2,-98.79,8.214,618.307,-257.32,12696,LC0_FZ_100_IA-2_filtered
25,12,2,-98.75,-1.366,622.857,94.82,13151,LC0_FZ_100_IA-2_filtered
25,12,2,-98.74,-0.245,622.577,16.9,13123,LC0_FZ_100_IA-2_filtered
25,12,2,-98.7,11.018,619.007,-266.35,12766,LC0_FZ_100_IA-2_filtered
25,12,2,-98.68,10.855,618.967,-263.84,12762,LC0_FZ_100_IA-2_filtered
25,12,2,-98.67,4.22,621.457,-205.54,13011,LC0_FZ_100_IA-2_filtered
25,12,2,-98.65,1.873,616.727,-127.97,12538,LC0_FZ_100_IA-2_filtered
25,12,2,-98.63,-8.584,626.597,230.9,13525,LC0_FZ_100_IA-2_filtered
25,12,2,-98.6,11.798,619.367,-265.24,12802,LC0_FZ_100_IA-2_filtered
25,12,2,-98.58,-10.431,626.137,238.2,13479,LC0_FZ_100_IA-2_filtered
25,12,2,-98.45,-9.797,624.967,243.72,13362,LC0_FZ_100_IA-2_filtered
25,12,2,-98.45,-4.209,627.697,191.48,13635,LC0_FZ_100_IA-2_filtered
25,12,2,-98.42,-5.815,627.297,214.73,13595,LC0_FZ_100_IA-2_filtered
25,12,2,-98.4,-5.987,627.247,216.46,13590,LC0_FZ_100_IA-2_filtered
25,12,2,-98.39,-3.03,627.987,153.02,13664,LC0_FZ_100_IA-2_filtered
25,12,2,-98.35,0.211,622.467,-17.36,13112,LC0_FZ_100_IA-2_filtered
25,12,2,-98.34,-7.913,624.497,242.31,13315,LC0_FZ_100_IA-2_filtered
25,12,2,-98.3,2.076,621.997,-124.4,13065,LC0_FZ_100_IA-2_filtered
25,12,2,-98.29,2.478,616.867,-146.9,12552,LC0_FZ_100_IA-2_filtered
25,12,2,-98.29,-0.315,622.587,20.97,13124,LC0_FZ_100_IA-2_filtered
25,12,2,-98.27,7.894,620.537,-239.36,12919,LC0_FZ_100_IA-2_filtered
25,12,2,-98.25,11.695,619.197,-265.71,12785,LC0_FZ_100_IA-2_filtered
25,12,2,-98.22,-11.753,625.617,242.19,13427,LC0_FZ_100_IA-2_filtered
25,12,2,-98.15,-1.665,628.337,101.82,13699,LC0_FZ_100_IA-2_filtered
25,12,2,-98.1,9.534,620.127,-245.54,12878,LC0_FZ_100_IA-2_filtered
25,12,2,-98.08,3.962,621.527,-189.87,13018,LC0_FZ_100_IA-2_filtered
25,12,2,-98.06,0.663,622.347,-50.71,13100,LC0_FZ_100_IA-2_filtered
25,12,2,-98.03,10.381,618.847,-260.6,12750,LC0_FZ_100_IA-2_filtered
25,12,2,-97.99,-7.669,626.827,226.22,13548,LC0_FZ_100_IA-2_filtered
25,12,2,-97.91,-4.567,623.657,206.67,13231,LC0_FZ_100_IA-2_filtered
25,12,2,-97.9,8.822,620.307,-242.76,12896,LC0_FZ_100_IA-2_filtered
25,12,2,-97.89,-9.659,626.327,231.81,13498,LC0_FZ_100_IA-2_filtered
25,12,2,-97.88,-8.292,626.677,226.22,13533,LC0_FZ_100_IA-2_filtered
25,12,2,-97.85,6.738,620.827,-232.57,12948,LC0_FZ_100_IA-2_filtered
25,12,2,-97.82,-8.149,626.707,226.22,13536,LC0_FZ_100_IA-2_filtered
25,12,2,-97.74,5.748,617.687,-240.01,12634,LC0_FZ_100_IA-2_filtered
25,12,2,-97.74,-4.908,627.527,199.55,13618,LC0_FZ_100_IA-2_filtered
25,12,2,-97.73,1.522,622.127,-102.71,13078,LC0_FZ_100_IA-2_filtered
25,12,2,-97.58,6.854,617.967,-253.21,12662,LC0_FZ_100_IA-2_filtered
25,12,2,-97.57,7.771,618.197,-253.49,12685,LC0_FZ_100_IA-2_filtered
25,12,2,-97.56,-9.191,626.447,228.66,13510,LC0_FZ_100_IA-2_filtered
25,12,2,-97.54,3.518,621.637,-173.42,13029,LC0_FZ_100_IA-2_filtered
25,12,2,-97.52,-6.43,624.127,231.64,13278,LC0_FZ_100_IA-2_filtered
25,12,2,-97.47,8.974,618.497,-257.97,12715,LC0_FZ_100_IA-2_filtered
25,12,2,-97.44,0.163,622.477,-14.13,13113,LC0_FZ_100_IA-2_filtered
25,12,2,-97.43,11.766,619.307,-259.54,12796,LC0_FZ_100_IA-2_filtered
25,12,2,-97.39,-7.451,624.377,238.75,13303,LC0_FZ_100_IA-2_filtered
25,12,2,-97.36,10.093,618.777,-260.18,12743,LC0_FZ_100_IA-2_filtered
25,12,2,-97.22,-5.5,623.897,219.84,13255,LC0_FZ_100_IA-2_filtered
25,12,2,-97.19,0.625,622.357,-48.29,13101,LC0_FZ_100_IA-2_filtered
25,12,2,-97.17,4.424,621.407,-199.67,13006,LC0_FZ_100_IA-2_filtered
25,12,2,-97.17,-7.85,624.477,234.26,13313,LC0_FZ_100_IA-2_filtered
25,12,2,-97.16,-6.041,624.027,228.05,13268,LC0_FZ_100_IA-2_filtered
25,12,2,-97.12,-7.397,624.367,234.58,13302,LC0_FZ_100_IA-2_filtered
25,12,2,-97.1,-7.241,626.937,220.72,13559,LC0_FZ_100_IA-2_filtered
25,12,2,-97.03,-10.474,626.127,232.41,13478,LC0_FZ_100_IA-2_filtered
25,12,2,-97.02,-9.541,626.357,228.69,13501,LC0_FZ_100_IA-2_filtered
25,12,2,-97.01,-9.197,624.817,235.81,13347,LC0_FZ_100_IA-2_filtered
25,12,2,-96.98,-2.614,628.097,137.59,13675,LC0_FZ_100_IA-2_filtered
25,12,2,-96.95,-4.603,623.667,203.06,13232,LC0_FZ_100_IA-2_filtered
25,12,2,-96.92,9.894,618.727,-256.93,12738,LC0_FZ_100_IA-2_filtered
25,12,2,-96.91,2.842,621.807,-159.54,13046,LC0_FZ_100_IA-2_filtered
25,12,2,-96.89,-6.96,624.257,235.96,13291,LC0_FZ_100_IA-2_filtered
25,12,2,-96.88,-9.766,624.957,238.44,13361,LC0_FZ_100_IA-2_filtered
25,12,2,-96.86,10.581,618.897,-259.55,12755,LC0_FZ_100_IA-2_filtered
25,12,2,-96.85,11.75,619.257,-257.82,12791,LC0_FZ_100_IA-2_filtered
25,12,2,-96.85,8.61,620.357,-239.91,12901,LC0_FZ_100_IA-2_filtered
25,12,2,-96.82,-11.379,625.897,235.95,13455,LC0_FZ_100_IA-2_filtered
25,12,2,-96.79,-0.624,622.667,43.58,13132,LC0_FZ_100_IA-2_filtered
25,12,2,-96.78,2.356,616.837,-146.49,12549,LC0_FZ_100_IA-2_filtered
25,12,2,-96.75,-5.837,627.287,210.49,13594,LC0_FZ_100_IA-2_filtered
25,12,2,-96.69,2.11,621.987,-123.19,13064,LC0_FZ_100_IA-2_filtered
25,12,2,-96.66,3.734,621.577,-190.45,13023,LC0_FZ_100_IA-2_filtered
25,12,2,-96.57,-11.693,625.547,238.88,13420,LC0_FZ_100_IA-2_filtered
25,12,2,-96.53,-8.317,624.597,233.92,13325,LC0_FZ_100_IA-2_filtered
25,12,2,-96.53,-11.74,625.627,236.55,13428,LC0_FZ_100_IA-2_filtered
25,12,2,-96.42,-4.633,627.597,194.83,13625,LC0_FZ_100_IA-2_filtered
25,12,2,-96.38,-8.785,624.717,234.84,13337,LC0_FZ_100_IA-2_filtered
25,12,2,-96.37,5.271,617.567,-228.4,12622,LC0_FZ_100_IA-2_filtered
25,12,2,-96.36,-10.69,625.187,236.85,13384,LC0_FZ_100_IA-2_filtered
25,12,2,-96.28,-3.534,627.867,164.59,13652,LC0_FZ_100_IA-2_filtered
25,12,2,-96.27,10.461,619.887,-246.22,12854,LC0_FZ_100_IA-2_filtered
25,12,2,-96.23,-10.633,625.177,234.55,13383,LC0_FZ_100_IA-2_filtered
25,12,2,-96.2,6.428,617.857,-247.99,12651,LC0_FZ_100_IA-2_filtered
25,12,2,-96.12,2.43,616.857,-144.95,12551,LC0_FZ_100_IA-2_filtered
25,12,2,-96.11,-11.005,625.987,230.34,13464,LC0_FZ_100_IA-2_filtered
25,12,2,-96.08,6.017,621.007,-224.52,12966,LC0_FZ_100_IA-2_filtered
25,12,2,-96.05,9.663,618.667,-254.3,12732,LC0_FZ_100_IA-2_filtered
25,12,2,-96.04,-9.649,626.337,227.39,13499,LC0_FZ_100_IA-2_filtered
25,12,2,-96.01,-0.982,622.767,68.81,13142,LC0_FZ_100_IA-2_filtered
25,12,2,-95.99,2.589,621.867,-141.52,13052,LC0_FZ_100_IA-2_filtered
25,12,2,-95.98,9.249,620.197,-240.98,12885,LC0_FZ_100_IA-2_filtered
25,12,2,-95.88,8.502,618.377,-253.84,12703,LC0_FZ_100_IA-2_filtered
25,12,2,-95.88,-11.778,625.777,235.75,13443,LC0_FZ_100_IA-2_filtered
25,12,2,-95.85,-6.34,627.167,214.05,13582,LC0_FZ_100_IA-2_filtered
25,12,2,-95.84,-3.697,627.827,172.46,13648,LC0_FZ_100_IA-2_filtered
25,12,2,-95.77,-10.506,626.117,228.9,13477,LC0_FZ_100_IA-2_filtered
25,12,2,-95.75,-9.709,624.947,235.3,13360,LC0_FZ_100_IA-2_filtered
25,12,2,-95.71,-11.414,625.887,231.1,13454,LC0_FZ_100_IA-2_filtered
25,12,2,-95.67,0.276,622.447,-22.71,13110,LC0_FZ_100_IA-2_filtered
25,12,2,-95.66,-6.36,627.157,212.36,13581,LC0_FZ_100_IA-2_filtered
25,12,2,-95.65,-6.849,627.037,215.74,13569,LC0_FZ_100_IA-2_filtered
25,12,2,-95.55,4.795,617.447,-215.22,12610,LC0_FZ_100_IA-2_filtered
25,12,2,-95.55,7.855,620.547,-231.25,12920,LC0_FZ_100_IA-2_filtered
25,12,2,-95.51,-0.161,622.557,9.53,13121,LC0_FZ_100_IA-2_filtered
25,12,2,-95.41,11.944,619.497,-252.64,12815,LC0_FZ_100_IA-2_filtered
25,12,2,-95.34,-5.408,627.397,202.7,13605,LC0_FZ_100_IA-2_filtered
25,12,2,-95.28,2.767,616.947,-163.67,12560,LC0_FZ_100_IA-2_filtered
25,12,2,-95.22,-0.799,628.557,54.08,13721,LC0_FZ_100_IA-2_filtered
25,12,2,-95.17,3.239,617.057,-181.34,12571,LC0_FZ_100_IA-2_filtered
25,12,2,-95.09,12.126,619.417,-251.69,12807,LC0_FZ_100_IA-2_filtered
25,12,2,-95.07,2.322,621.927,-137.99,13058,LC0_FZ_100_IA-2_filtered
25,12,2,-95.06,8.763,620.317,-234.52,12897,LC0_FZ_100_IA-2_filtered
25,12,2,-95.04,-11.818,625.757,231.87,13441,LC0_FZ_100_IA-2_filtered
25,12,2,-94.95,-1.002,628.507,69.9,13716,LC0_FZ_100_IA-2_filtered
25,12,2,-94.94,8.74,618.437,-248.17,12709,LC0_FZ_100_IA-2_filtered
25,12,2,-94.89,-2.178,628.207,120.63,13686,LC0_FZ_100_IA-2_filtered
25,12,2,-94.83,6.634,617.907,-241.61,12656,LC0_FZ_100_IA-2_filtered
25,12,2,-94.83,10.063,619.997,-238.65,12865,LC0_FZ_100_IA-2_filtered
25,12,2,-94.8,-11.543,625.407,233.41,13406,LC0_FZ_100_IA-2_filtered
25,12,2,-94.74,-11.762,625.647,231.37,13430,LC0_FZ_100_IA-2_filtered
25,12,2,-94.72,1.485,622.147,-98.92,13080,LC0_FZ_100_IA-2_filtered
25,12,2,-94.6,4.598,621.357,-204.87,13001,LC0_FZ_100_IA-2_filtered
25,12,2,-94.58,-4.491,627.627,186.24,13628,LC0_FZ_100_IA-2_filtered
25,12,2,-94.48,-11.707,625.527,232.29,13418,LC0_FZ_100_IA-2_filtered
25,12,2,-94.33,5.987,617.747,-240.71,12640,LC0_FZ_100_IA-2_filtered
25,12,2,-94.3,-3.563,627.857,163.24,13651,LC0_FZ_100_IA-2_filtered
25,12,2,-94.26,9.211,618.557,-246.3,12721,LC0_FZ_100_IA-2_filtered
25,12,2,-94.23,8.307,620.437,-228.74,12909,LC0_FZ_100_IA-2_filtered
25,12,2,-94.19,-4.057,627.737,174.79,13639,LC0_FZ_100_IA-2_filtered
25,12,2,-94.15,2.781,616.957,-161.3,12561,LC0_FZ_100_IA-2_filtered
25,12,2,-94.13,11.659,619.177,-245.32,12783,LC0_FZ_100_IA-2_filtered
25,12,2,-94.1,-1.409,628.397,92.97,13705,LC0_FZ_100_IA-2_filtered
25,12,2,-94.07,-3.143,627.967,151.63,13662,LC0_FZ_100_IA-2_filtered
25,12,2,-93.89,10.977,619.757,-239.61,12841,LC0_FZ_100_IA-2_filtered
25,12,2,-93.86,-2.716,628.077,138.55,13673,LC0_FZ_100_IA-2_filtered
25,12,2,-93.78,10.603,619.857,-241.35,12851,LC0_FZ_100_IA-2_filtered
25,12,2,-93.7,11.9,619.507,-244.91,12816,LC0_FZ_100_IA-2_filtered
25,12,2,-93.65,8.456,618.367,-244.02,12702,LC0_FZ_100_IA-2_filtered
25,12,2,-93.62,8.301,618.327,-240.45,12698,LC0_FZ_100_IA-2_filtered
25,12,2,-93.5,11.782,619.287,-245.68,12794,LC0_FZ_100_IA-2_filtered
25,12,2,-93.5,-1.755,628.317,102.46,13697,LC0_FZ_100_IA-2_filtered
25,12,2,-93.48,3.828,617.207,-188.29,12586,LC0_FZ_100_IA-2_filtered
25,12,2,-93.48,5.058,621.247,-207.56,12990,LC0_FZ_100_IA-2_filtered
25,12,2,-93.46,9.132,620.227,-231.43,12888,LC0_FZ_100_IA-2_filtered
25,12,2,-93.43,10.088,619.987,-235.45,12864,LC0_FZ_100_IA-2_filtered
25,12,2,-93.4,8.737,620.327,-228.78,12898,LC0_FZ_100_IA-2_filtered
25,12,2,-93.3,4.631,617.407,-217.78,12606,LC0_FZ_100_IA-2_filtered
25,12,2,-93.23,12.129,619.407,-244.74,12806,LC0_FZ_100_IA-2_filtered
25,12,2,-92.99,11.457,619.637,-240.44,12829,LC0_FZ_100_IA-2_filtered
25,12,2,-92.95,-1.82,628.297,108.18,13695,LC0_FZ_100_IA-2_filtered
25,12,2,-92.83,9.164,620.217,-229.3,12887,LC0_FZ_100_IA-2_filtered
25,12,2,-92.75,6.431,620.907,-217.17,12956,LC0_FZ_100_IA-2_filtered
25,12,2,-92.73,-0.827,628.547,56.48,13720,LC0_FZ_100_IA-2_filtered
25,12,2,-92.64,6.947,617.987,-236.7,12664,LC0_FZ_100_IA-2_filtered
25,12,2,-92.6,4.503,621.387,-192.66,13004,LC0_FZ_100_IA-2_filtered
25,12,2,-92.59,5.422,621.157,-208.8,12981,LC0_FZ_100_IA-2_filtered
25,12,2,-92.5,10.166,618.797,-244.01,12745,LC0_FZ_100_IA-2_filtered
25,12,2,-92.44,4.572,621.367,-197.96,13002,LC0_FZ_100_IA-2_filtered
25,12,2,-92.39,7.981,618.247,-240.6,12690,LC0_FZ_100_IA-2_filtered
25,12,2,-92.27,-0.134,622.547,6.04,13120,LC0_FZ_100_IA-2_filtered
25,12,2,-92.26,-1.382,628.407,89.2,13706,LC0_FZ_100_IA-2_filtered
25,12,2,-92.21,7.863,618.217,-236.1,12687,LC0_FZ_100_IA-2_filtered
25,12,2,-92.14,4.262,617.317,-198.9,12597,LC0_FZ_100_IA-2_filtered
25,12,2,-92.13,5.904,621.037,-211.94,12969,LC0_FZ_100_IA-2_filtered
25,12,2,-92.13,1.852,622.047,-115.75,13070,LC0_FZ_100_IA-2_filtered
25,12,2,-92.12,5.439,621.147,-207.41,12980,LC0_FZ_100_IA-2_filtered
25,12,2,-92.08,3.668,621.597,-177.97,13025,LC0_FZ_100_IA-2_filtered
25,12,2,-91.94,11.236,619.057,-242.3,12771,LC0_FZ_100_IA-2_filtered
25,12,2,-91.88,3.57,621.617,-170.86,13027,LC0_FZ_100_IA-2_filtered
25,12,2,-91.87,3.309,617.077,-175.63,12573,LC0_FZ_100_IA-2_filtered
25,12,2,-91.76,7.491,618.127,-236.12,12678,LC0_FZ_100_IA-2_filtered
25,12,2,-91.62,0.507,622.387,-39.29,13104,LC0_FZ_100_IA-2_filtered
25,12,2,-91.48,-0.584,622.647,36.6,13130,LC0_FZ_100_IA-2_filtered
25,12,2,-91.32,1.709,622.087,-103.18,13074,LC0_FZ_100_IA-2_filtered
25,12,2,-91.32,0.771,622.317,-56.34,13097,LC0_FZ_100_IA-2_filtered
25,12,2,-91.31,4.213,617.307,-200.48,12596,LC0_FZ_100_IA-2_filtered
25,12,2,-91.3,8.326,618.337,-233.22,12699,LC0_FZ_100_IA-2_filtered
25,12,2,-91.28,7.038,618.007,-233.19,12666,LC0_FZ_100_IA-2_filtered
25,12,2,-91.17,5.571,617.647,-226.38,12630,LC0_FZ_100_IA-2_filtered
25,12,2,-90.89,8.806,618.457,-233.96,12711,LC0_FZ_100_IA-2_filtered
25,12,2,-90.79,-0.531,622.637,34.56,13129,LC0_FZ_100_IA-2_filtered
25,12,2,-90.7,7.462,618.117,-231.18,12677,LC0_FZ_100_IA-2_filtered
25,12,2,-90.38,0.931,622.277,-67.37,13093,LC0_FZ_100_IA-2_filtered
25,12,2,-89.96,0.358,622.427,-27.52,13108,LC0_FZ_100_IA-2_filtered
25,12,2,-88.9,-0.005,622.517,-1.95,13117,LC0_FZ_100_IA-2_filtered
25,12,2,-88.83,0.81,622.307,-57.98,13096,LC0_FZ_100_IA-2_filtered
25,12,2,-87.2,0.858,622.297,-60.84,13095,LC0_FZ_100_IA-2_filtered
25,12,2,-57.36,-2.539,555.538,98.47,10683,LC0_FZ_50_IA-2_filtered
25,12,2,-57.26,1.863,549.109,-82.4,10040,LC0_FZ_50_IA-2_filtered
25,12,2,-56.5,-2.913,555.638,106.21,10693,LC0_FZ_50_IA-2_filtered
25,12,2,-56.07,-2.548,555.548,97.85,10684,LC0_FZ_50_IA-2_filtered
25,12,2,-55.54,2.398,549.239,-97.05,10053,LC0_FZ_50_IA-2_filtered
25,12,2,-55.19,1.021,548.899,-54.69,10019,LC0_FZ_50_IA-2_filtered
25,12,2,-55.06,-3.027,555.668,106.03,10696,LC0_FZ_50_IA-2_filtered
25,12,2,-55,1.982,549.139,-86.68,10043,LC0_FZ_50_IA-2_filtered
25,12,2,-54.71,-3.463,555.778,115.97,10707,LC0_FZ_50_IA-2_filtered
25,12,2,-54.69,-1.565,555.298,68.65,10659,LC0_FZ_50_IA-2_filtered
25,12,2,-54.41,-1.619,555.308,70.83,10660,LC0_FZ_50_IA-2_filtered
25,12,2,-54.35,-5.26,556.228,143.25,10752,LC0_FZ_50_IA-2_filtered
25,12,2,-54.03,1.344,548.979,-62.2,10027,LC0_FZ_50_IA-2_filtered
25,12,2,-53.88,-2.382,555.508,89.57,10680,LC0_FZ_50_IA-2_filtered
25,12,2,-53.82,1.79,549.089,-74.88,10038,LC0_FZ_50_IA-2_filtered
25,12,2,-53.72,-8.514,557.038,153.77,10833,LC0_FZ_50_IA-2_filtered
25,12,2,-53.63,-4.829,556.118,137.37,10741,LC0_FZ_50_IA-2_filtered
25,12,2,-53.62,-2.157,555.448,81.97,10674,LC0_FZ_50_IA-2_filtered
25,12,2,-53.46,2.849,549.359,-105.53,10065,LC0_FZ_50_IA-2_filtered
25,12,2,-53.38,-6.629,556.568,154.58,10786,LC0_FZ_50_IA-2_filtered
25,12,2,-53.34,1.075,548.909,-55.67,10020,LC0_FZ_50_IA-2_filtered
25,12,2,-53.28,-8.04,556.918,155.35,10821,LC0_FZ_50_IA-2_filtered
25,12,2,-53.25,2.767,549.339,-101.32,10063,LC0_FZ_50_IA-2_filtered
25,12,2,-53.25,-8.995,557.158,152.24,10845,LC0_FZ_50_IA-2_filtered
25,12,2,-53.14,-10.876,557.628,148.66,10892,LC0_FZ_50_IA-2_filtered
25,12,2,-53.06,-4.857,556.128,134.84,10742,LC0_FZ_50_IA-2_filtered
25,12,2,-53.04,-9.941,557.398,149.12,10869,LC0_FZ_50_IA-2_filtered
25,12,2,-52.99,-7.539,556.798,155.96,10809,LC0_FZ_50_IA-2_filtered
25,12,2,-52.86,-10.389,557.508,149.74,10880,LC0_FZ_50_IA-2_filtered
25,12,2,-52.76,-3.299,555.738,106.56,10703,LC0_FZ_50_IA-2_filtered
25,12,2,-52.75,0.921,548.869,-46.07,10016,LC0_FZ_50_IA-2_filtered
25,12,2,-52.75,-11.662,557.858,144.6,10915,LC0_FZ_50_IA-2_filtered
25,12,2,-52.68,-10.899,557.638,146.95,10893,LC0_FZ_50_IA-2_filtered
25,12,2,-52.63,-11.684,557.868,143.64,10916,LC0_FZ_50_IA-2_filtered
25,12,2,-52.59,-10.814,557.618,147.85,10891,LC0_FZ_50_IA-2_filtered
25,12,2,-52.57,-9.429,557.268,150.78,10856,LC0_FZ_50_IA-2_filtered
25,12,2,-52.56,-10.416,557.518,148.18,10881,LC0_FZ_50_IA-2_filtered
25,12,2,-52.48,-7.191,556.708,150.91,10800,LC0_FZ_50_IA-2_filtered
25,12,2,-52.45,-2.632,555.568,92.16,10686,LC0_FZ_50_IA-2_filtered
25,12,2,-52.37,3.739,549.579,-120.23,10087,LC0_FZ_50_IA-2_filtered
25,12,2,-52.36,-8.832,558.928,143.84,11022,LC0_FZ_50_IA-2_filtered
25,12,2,-52.29,-7.069,556.678,154.36,10797,LC0_FZ_50_IA-2_filtered
25,12,2,-52.29,-7.467,559.268,142.44,11056,LC0_FZ_50_IA-2_filtered
25,12,2,-52.24,-5.335,556.248,137.13,10754,LC0_FZ_50_IA-2_filtered
25,12,2,-52.17,4.643,549.809,-134.82,10110,LC0_FZ_50_IA-2_filtered
25,12,2,-52.14,-10.683,558.458,142.6,10975,LC0_FZ_50_IA-2_filtered
25,12,2,-52.07,-11.69,557.878,140.05,10917,LC0_FZ_50_IA-2_filtered
25,12,2,-52.06,2.7,549.329,-96.83,10062,LC0_FZ_50_IA-2_filtered
25,12,2,-52.03,-1.096,555.188,50.27,10648,LC0_FZ_50_IA-2_filtered
25,12,2,-51.96,3.79,549.589,-122.13,10088,LC0_FZ_50_IA-2_filtered
25,12,2,-51.95,-8.349,559.048,143.03,11034,LC0_FZ_50_IA-2_filtered
25,12,2,-51.9,-9.759,558.698,141.82,10999,LC0_FZ_50_IA-2_filtered
25,12,2,-51.83,-8.47,557.028,152.35,10832,LC0_FZ_50_IA-2_filtered
25,12,2,-51.81,1.293,548.969,-58.83,10026,LC0_FZ_50_IA-2_filtered
25,12,2,-51.81,-8.144,556.948,144.38,10824,LC0_FZ_50_IA-2_filtered
25,12,2,-51.8,5.156,549.929,-141.65,10122,LC0_FZ_50_IA-2_filtered
25,12,2,-51.73,-4.71,556.088,127.85,10738,LC0_FZ_50_IA-2_filtered
25,12,2,-51.71,6.054,550.159,-148.84,10145,LC0_FZ_50_IA-2_filtered
25,12,2,-51.7,-1.137,555.198,51.98,10649,LC0_FZ_50_IA-2_filtered
25,12,2,-51.7,-11.652,557.848,142.54,10914,LC0_FZ_50_IA-2_filtered
25,12,2,-51.56,0.864,548.859,-43.19,10015,LC0_FZ_50_IA-2_filtered
25,12,2,-51.56,-7.252,556.718,143.79,10801,LC0_FZ_50_IA-2_filtered
25,12,2,-51.56,-8.873,558.918,143.34,11021,LC0_FZ_50_IA-2_filtered
25,12,2,-51.54,-11.593,558.218,143.52,10951,LC0_FZ_50_IA-2_filtered
25,12,2,-51.52,-9.874,557.378,147.7,10867,LC0_FZ_50_IA-2_filtered
25,12,2,-51.49,1.104,548.919,-56.19,10021,LC0_FZ_50_IA-2_filtered
25,12,2,-51.43,-6.11,556.438,145.34,10773,LC0_FZ_50_IA-2_filtered
25,12,2,-51.43,-8.789,558.938,141.15,11023,LC0_FZ_50_IA-2_filtered
25,12,2,-51.37,-6.992,559.388,141.17,11068,LC0_FZ_50_IA-2_filtered
25,12,2,-51.35,7.49,550.519,-151.92,10181,LC0_FZ_50_IA-2_filtered
25,12,2,-51.32,4.158,549.689,-125.68,10098,LC0_FZ_50_IA-2_filtered
25,12,2,-51.29,-8.913,557.138,148.93,10843,LC0_FZ_50_IA-2_filtered
25,12,2,-51.29,-4.645,559.978,123.46,11127,LC0_FZ_50_IA-2_filtered
25,12,2,-51.26,6.102,550.169,-149.05,10146,LC0_FZ_50_IA-2_filtered
25,12,2,-51.25,4.27,549.709,-129.76,10100,LC0_FZ_50_IA-2_filtered
25,12,2,-51.24,-9.81,558.678,141.29,10997,LC0_FZ_50_IA-2_filtered
25,12,2,-51.22,9.349,550.979,-150.5,10227,LC0_FZ_50_IA-2_filtered
25,12,2,-51.1,10.791,551.339,-148.84,10263,LC0_FZ_50_IA-2_filtered
25,12,2,-51.04,2.865,549.369,-104.59,10066,LC0_FZ_50_IA-2_filtered
25,12,2,-51.01,11.247,551.458,-147.55,10275,LC0_FZ_50_IA-2_filtered
25,12,2,-50.98,-3.746,560.208,110.08,11150,LC0_FZ_50_IA-2_filtered
25,12,2,-50.95,-5.16,559.848,127.66,11114,LC0_FZ_50_IA-2_filtered
25,12,2,-50.94,-4.924,556.138,129.36,10743,LC0_FZ_50_IA-2_filtered
25,12,2,-50.93,-8.919,558.908,140.06,11020,LC0_FZ_50_IA-2_filtered
25,12,2,-50.92,-3.768,560.198,109.33,11149,LC0_FZ_50_IA-2_filtered
25,12,2,-50.83,-2.807,560.438,92.26,11173,LC0_FZ_50_IA-2_filtered
25,12,2,-50.8,10.241,551.208,-149.15,10250,LC0_FZ_50_IA-2_filtered
25,12,2,-50.8,9.505,552.518,-143.22,10381,LC0_FZ_50_IA-2_filtered
25,12,2,-50.78,-4.212,560.088,117.5,11138,LC0_FZ_50_IA-2_filtered
25,12,2,-50.78,-4.173,560.098,116.43,11139,LC0_FZ_50_IA-2_filtered
25,12,2,-50.74,-11.642,558.208,141.62,10950,LC0_FZ_50_IA-2_filtered
25,12,2,-50.73,-8.421,559.028,141.78,11032,LC0_FZ_50_IA-2_filtered
25,12,2,-50.72,-3.798,560.188,107.35,11148,LC0_FZ_50_IA-2_filtered
25,12,2,-50.7,-3.76,555.848,110.42,10714,LC0_FZ_50_IA-2_filtered
25,12,2,-50.68,8.445,550.759,-147.5,10205,LC0_FZ_50_IA-2_filtered
25,12,2,-50.65,-3.535,555.798,108.7,10709,LC0_FZ_50_IA-2_filtered
25,12,2,-50.63,12.095,551.809,-144.99,10310,LC0_FZ_50_IA-2_filtered
25,12,2,-50.56,-5.624,556.318,138.66,10761,LC0_FZ_50_IA-2_filtered
25,12,2,-50.55,-5.983,559.638,134.76,11093,LC0_FZ_50_IA-2_filtered
25,12,2,-50.52,7.072,550.409,-148.75,10170,LC0_FZ_50_IA-2_filtered
25,12,2,-50.47,7.158,553.108,-140.76,10440,LC0_FZ_50_IA-2_filtered
25,12,2,-50.45,-11.75,557.968,140.81,10926,LC0_FZ_50_IA-2_filtered
25,12,2,-50.44,-11.996,558.088,140.96,10938,LC0_FZ_50_IA-2_filtered
25,12,2,-50.4,-6.918,559.408,137.4,11070,LC0_FZ_50_IA-2_filtered
25,12,2,-50.33,7.661,552.988,-142.17,10428,LC0_FZ_50_IA-2_filtered
25,12,2,-50.31,-6.291,556.488,139.41,10778,LC0_FZ_50_IA-2_filtered
25,12,2,-50.25,8.62,552.748,-144.34,10404,LC0_FZ_50_IA-2_filtered
25,12,2,-50.23,9.059,552.638,-142.98,10393,LC0_FZ_50_IA-2_filtered
25,12,2,-50.22,-3.715,560.218,108.24,11151,LC0_FZ_50_IA-2_filtered
25,12,2,-50.21,8.822,550.849,-149.62,10214,LC0_FZ_50_IA-2_filtered
25,12,2,-50.18,-1.874,555.378,69.14,10667,LC0_FZ_50_IA-2_filtered
25,12,2,-50.16,-6.435,559.528,133.77,11082,LC0_FZ_50_IA-2_filtered
25,12,2,-50.13,8.66,552.738,-143.12,10403,LC0_FZ_50_IA-2_filtered
25,12,2,-50.12,-6.126,559.608,133,11090,LC0_FZ_50_IA-2_filtered
25,12,2,-50.09,-9.106,557.188,137.7,10848,LC0_FZ_50_IA-2_filtered
25,12,2,-50.01,7.627,552.998,-139.07,10429,LC0_FZ_50_IA-2_filtered
25,12,2,-50.01,-6.541,556.548,143.9,10784,LC0_FZ_50_IA-2_filtered
25,12,2,-49.99,10.817,551.349,-144.33,10264,LC0_FZ_50_IA-2_filtered
25,12,2,-49.99,-11.246,558.318,139.26,10961,LC0_FZ_50_IA-2_filtered
25,12,2,-49.97,-8.741,558.948,136.28,11024,LC0_FZ_50_IA-2_filtered
25,12,2,-49.94,-2.889,560.418,89.79,11171,LC0_FZ_50_IA-2_filtered
25,12,2,-49.92,-6.791,556.608,137.98,10790,LC0_FZ_50_IA-2_filtered
25,12,2,-49.91,10.89,552.169,-143.25,10346,LC0_FZ_50_IA-2_filtered
25,12,2,-49.87,-1.454,560.778,57.49,11207,LC0_FZ_50_IA-2_filtered
25,12,2,-49.86,7.859,550.609,-147.92,10190,LC0_FZ_50_IA-2_filtered
25,12,2,-49.83,-8.195,556.958,137.06,10825,LC0_FZ_50_IA-2_filtered
25,12,2,-49.82,6.74,553.218,-140.62,10451,LC0_FZ_50_IA-2_filtered
25,12,2,-49.8,10.525,552.268,-142.15,10356,LC0_FZ_50_IA-2_filtered
25,12,2,-49.78,3.942,553.918,-117.23,10521,LC0_FZ_50_IA-2_filtered
25,12,2,-49.76,2.055,549.159,-81.89,10045,LC0_FZ_50_IA-2_filtered
25,12,2,-49.74,3.666,549.559,-111.15,10085,LC0_FZ_50_IA-2_filtered
25,12,2,-49.73,4.393,553.808,-123.92,10510,LC0_FZ_50_IA-2_filtered
25,12,2,-49.7,10.06,552.388,-142.5,10368,LC0_FZ_50_IA-2_filtered
25,12,2,-49.7,-2.414,560.538,80.62,11183,LC0_FZ_50_IA-2_filtered
25,12,2,-49.66,5.785,553.458,-135.97,10475,LC0_FZ_50_IA-2_filtered
25,12,2,-49.65,10.216,551.199,-146.26,10249,LC0_FZ_50_IA-2_filtered
25,12,2,-49.6,6.256,553.338,-138.98,10463,LC0_FZ_50_IA-2_filtered
25,12,2,-49.58,-11.614,557.838,137.23,10913,LC0_FZ_50_IA-2_filtered
25,12,2,-49.57,-8.279,559.068,133.52,11036,LC0_FZ_50_IA-2_filtered
25,12,2,-49.56,11.82,551.919,-144.4,10321,LC0_FZ_50_IA-2_filtered
25,12,2,-49.52,5.385,553.558,-133.06,10485,LC0_FZ_50_IA-2_filtered
25,12,2,-49.51,-4.468,556.028,120.93,10732,LC0_FZ_50_IA-2_filtered
25,12,2,-49.49,3.363,549.489,-111.94,10078,LC0_FZ_50_IA-2_filtered
25,12,2,-49.47,9.425,550.999,-143.1,10229,LC0_FZ_50_IA-2_filtered
25,12,2,-49.4,11.327,552.058,-140.18,10335,LC0_FZ_50_IA-2_filtered
25,12,2,-49.39,-11.65,558.198,136.94,10949,LC0_FZ_50_IA-2_filtered
25,12,2,-49.3,4.573,549.789,-123.95,10108,LC0_FZ_50_IA-2_filtered
25,12,2,-49.3,-0.753,555.088,32.04,10638,LC0_FZ_50_IA-2_filtered
25,12,2,-49.28,-2.71,555.588,87.35,10688,LC0_FZ_50_IA-2_filtered
25,12,2,-49.27,-9.589,557.308,135.02,10860,LC0_FZ_50_IA-2_filtered
25,12,2,-49.24,-5.679,559.718,126.31,11101,LC0_FZ_50_IA-2_filtered
25,12,2,-49.2,-12.017,558.078,135.36,10937,LC0_FZ_50_IA-2_filtered
25,12,2,-49.18,-7.078,559.368,134.84,11066,LC0_FZ_50_IA-2_filtered
25,12,2,-49.16,-3.222,560.338,98.25,11163,LC0_FZ_50_IA-2_filtered
25,12,2,-49.13,3.059,554.138,-99.56,10543,LC0_FZ_50_IA-2_filtered
25,12,2,-49.12,2.623,554.258,-91.67,10555,LC0_FZ_50_IA-2_filtered
25,12,2,-49.11,-2.279,555.478,77.5,10677,LC0_FZ_50_IA-2_filtered
25,12,2,-49.08,9.887,551.119,-141.42,10241,LC0_FZ_50_IA-2_filtered
25,12,2,-49.04,5.996,550.139,-139.45,10143,LC0_FZ_50_IA-2_filtered
25,12,2,-49.03,11.674,551.578,-145.6,10287,LC0_FZ_50_IA-2_filtered
25,12,2,-48.97,9.612,552.498,-140.66,10379,LC0_FZ_50_IA-2_filtered
25,12,2,-48.95,10.375,551.239,-139.08,10253,LC0_FZ_50_IA-2_filtered
25,12,2,-48.94,8.544,552.768,-137.43,10406,LC0_FZ_50_IA-2_filtered
25,12,2,-48.9,-4.028,555.918,113.02,10721,LC0_FZ_50_IA-2_filtered
25,12,2,-48.9,-6.069,556.428,136.86,10772,LC0_FZ_50_IA-2_filtered
25,12,2,-48.74,7.38,550.489,-146.38,10178,LC0_FZ_50_IA-2_filtered
25,12,2,-48.7,2.176,549.189,-79.84,10048,LC0_FZ_50_IA-2_filtered
25,12,2,-48.67,0.838,548.849,-40.74,10014,LC0_FZ_50_IA-2_filtered
25,12,2,-48.67,8.777,550.839,-144.9,10213,LC0_FZ_50_IA-2_filtered
25,12,2,-48.67,8.075,552.888,-134.66,10418,LC0_FZ_50_IA-2_filtered
25,12,2,-48.67,-1.232,555.218,52.17,10651,LC0_FZ_50_IA-2_filtered
25,12,2,-48.65,2.515,549.269,-92.02,10056,LC0_FZ_50_IA-2_filtered
25,12,2,-48.56,6.34,553.318,-135.57,10461,LC0_FZ_50_IA-2_filtered
25,12,2,-48.54,-8.952,558.898,134.11,11019,LC0_FZ_50_IA-2_filtered
25,12,2,-48.54,-0.969,560.908,40.66,11220,LC0_FZ_50_IA-2_filtered
25,12,2,-48.52,-3.718,555.838,104.62,10713,LC0_FZ_50_IA-2_filtered
25,12,2,-48.48,-11.776,558.008,133.78,10930,LC0_FZ_50_IA-2_filtered
25,12,2,-48.41,4.788,549.839,-130.78,10113,LC0_FZ_50_IA-2_filtered
25,12,2,-48.37,-7.916,556.888,140.02,10818,LC0_FZ_50_IA-2_filtered
25,12,2,-48.36,1.583,554.508,-68.36,10580,LC0_FZ_50_IA-2_filtered
25,12,2,-48.31,3.839,549.609,-117.91,10090,LC0_FZ_50_IA-2_filtered
25,12,2,-48.25,11.699,551.589,-139.8,10288,LC0_FZ_50_IA-2_filtered
25,12,2,-48.25,12.103,551.789,-140.01,10308,LC0_FZ_50_IA-2_filtered
25,12,2,-48.23,5.412,553.548,-128.87,10484,LC0_FZ_50_IA-2_filtered
25,12,2,-48.2,-10.264,557.478,136.07,10877,LC0_FZ_50_IA-2_filtered
25,12,2,-48.19,1.652,554.498,-69.67,10579,LC0_FZ_50_IA-2_filtered
25,12,2,-48.19,-5.11,556.188,121.31,10748,LC0_FZ_50_IA-2_filtered
25,12,2,-48.18,-9.18,558.838,130.96,11013,LC0_FZ_50_IA-2_filtered
25,12,2,-48.08,8.682,552.728,-138.66,10402,LC0_FZ_50_IA-2_filtered
25,12,2,-48.07,4.932,553.668,-125.19,10496,LC0_FZ_50_IA-2_filtered
25,12,2,-48.05,10.181,551.189,-140.55,10248,LC0_FZ_50_IA-2_filtered
25,12,2,-47.92,7.598,553.008,-132.44,10430,LC0_FZ_50_IA-2_filtered
25,12,2,-47.89,1.699,554.488,-69.63,10578,LC0_FZ_50_IA-2_filtered
25,12,2,-47.83,0.673,548.809,-36.78,10010,LC0_FZ_50_IA-2_filtered
25,12,2,-47.78,9.461,552.539,-134.33,10383,LC0_FZ_50_IA-2_filtered
25,12,2,-47.76,-9.16,557.198,129.87,10849,LC0_FZ_50_IA-2_filtered
25,12,2,-47.67,9.71,551.069,-140.66,10236,LC0_FZ_50_IA-2_filtered
25,12,2,-47.64,-11.712,557.898,128.12,10919,LC0_FZ_50_IA-2_filtered
25,12,2,-47.64,-6.632,559.478,127.71,11077,LC0_FZ_50_IA-2_filtered
25,12,2,-47.58,-5.921,556.388,125.55,10768,LC0_FZ_50_IA-2_filtered
25,12,2,-47.57,-0.256,554.968,7.14,10626,LC0_FZ_50_IA-2_filtered
25,12,2,-47.55,4.518,553.778,-117.41,10507,LC0_FZ_50_IA-2_filtered
25,12,2,-47.54,3.415,549.499,-107.53,10079,LC0_FZ_50_IA-2_filtered
25,12,2,-47.49,0.285,554.838,-18.79,10613,LC0_FZ_50_IA-2_filtered
25,12,2,-47.49,-1.792,555.358,65.03,10665,LC0_FZ_50_IA-2_filtered
25,12,2,-47.47,-0.144,554.948,2.33,10624,LC0_FZ_50_IA-2_filtered
25,12,2,-47.42,2.156,549.179,-78.33,10047,LC0_FZ_50_IA-2_filtered
25,12,2,-47.38,-8.225,559.078,126.47,11037,LC0_FZ_50_IA-2_filtered
25,12,2,-47.37,3.144,549.429,-97.44,10072,LC0_FZ_50_IA-2_filtered
25,12,2,-47.36,11.336,551.479,-136.2,10277,LC0_FZ_50_IA-2_filtered
25,12,2,-47.31,-11.01,557.668,127.51,10896,LC0_FZ_50_IA-2_filtered
25,12,2,-47.31,-5.716,559.708,121.06,11100,LC0_FZ_50_IA-2_filtered
25,12,2,-47.3,-11.506,557.788,125.81,10908,LC0_FZ_50_IA-2_filtered
25,12,2,-47.29,6.166,553.358,-130.45,10465,LC0_FZ_50_IA-2_filtered
25,12,2,-47.24,0.71,554.728,-38.3,10602,LC0_FZ_50_IA-2_filtered
25,12,2,-47.22,-10.728,557.588,130.02,10888,LC0_FZ_50_IA-2_filtered
25,12,2,-47.22,-5.233,559.828,119.18,11112,LC0_FZ_50_IA-2_filtered
25,12,2,-47.21,-3.685,555.828,101.17,10712,LC0_FZ_50_IA-2_filtered
25,12,2,-47.2,-8.506,559.008,129.71,11030,LC0_FZ_50_IA-2_filtered
25,12,2,-47.15,-8.827,557.118,134.81,10841,LC0_FZ_50_IA-2_filtered
25,12,2,-47.14,-9.63,557.318,127.55,10861,LC0_FZ_50_IA-2_filtered
25,12,2,-47.12,-7.42,556.768,137.32,10806,LC0_FZ_50_IA-2_filtered
25,12,2,-47.1,4.327,549.729,-122,10102,LC0_FZ_50_IA-2_filtered
25,12,2,-46.98,-2.014,560.638,67.79,11193,LC0_FZ_50_IA-2_filtered
25,12,2,-46.92,1.213,554.598,-55.85,10589,LC0_FZ_50_IA-2_filtered
25,12,2,-46.92,-11.725,557.948,129.09,10924,LC0_FZ_50_IA-2_filtered
25,12,2,-46.92,-8.996,558.888,126.76,11018,LC0_FZ_50_IA-2_filtered
25,12,2,-46.88,1.705,554.478,-67.96,10577,LC0_FZ_50_IA-2_filtered
25,12,2,-46.85,2.537,549.279,-88.42,10057,LC0_FZ_50_IA-2_filtered
25,12,2,-46.85,3.598,554.008,-102.68,10530,LC0_FZ_50_IA-2_filtered
25,12,2,-46.84,10.368,552.308,-130.15,10360,LC0_FZ_50_IA-2_filtered
25,12,2,-46.83,-7.777,559.198,125.19,11049,LC0_FZ_50_IA-2_filtered
25,12,2,-46.8,-6.198,559.588,121.17,11088,LC0_FZ_50_IA-2_filtered
25,12,2,-46.73,-5.917,559.658,124.05,11095,LC0_FZ_50_IA-2_filtered
25,12,2,-46.69,12.102,551.779,-134.2,10307,LC0_FZ_50_IA-2_filtered
25,12,2,-46.66,11.726,551.599,-131.7,10289,LC0_FZ_50_IA-2_filtered
25,12,2,-46.65,-4.605,556.058,110.78,10735,LC0_FZ_50_IA-2_filtered
25,12,2,-46.64,3.378,554.058,-102.55,10535,LC0_FZ_50_IA-2_filtered
25,12,2,-46.56,9.938,551.129,-133.13,10242,LC0_FZ_50_IA-2_filtered
25,12,2,-46.56,-6.84,559.428,125.97,11072,LC0_FZ_50_IA-2_filtered
25,12,2,-46.52,-5.075,556.178,115.84,10747,LC0_FZ_50_IA-2_filtered
25,12,2,-46.47,-9.145,558.848,123.8,11014,LC0_FZ_50_IA-2_filtered
25,12,2,-46.45,8.259,552.839,-132.83,10413,LC0_FZ_50_IA-2_filtered
25,12,2,-46.45,-4.994,556.158,116.9,10745,LC0_FZ_50_IA-2_filtered
25,12,2,-46.45,-7.869,556.878,132.32,10817,LC0_FZ_50_IA-2_filtered
25,12,2,-46.43,2.179,554.358,-78.07,10565,LC0_FZ_50_IA-2_filtered
25,12,2,-46.43,-6.945,556.648,132.94,10794,LC0_FZ_50_IA-2_filtered
25,12,2,-46.34,8.72,550.829,-137.49,10212,LC0_FZ_50_IA-2_filtered
25,12,2,-46.34,1.556,554.518,-65.68,10581,LC0_FZ_50_IA-2_filtered
25,12,2,-46.34,-8.719,557.088,126.98,10838,LC0_FZ_50_IA-2_filtered
25,12,2,-46.32,0.702,548.819,-37.17,10011,LC0_FZ_50_IA-2_filtered
25,12,2,-46.25,-9.472,558.768,125.73,11006,LC0_FZ_50_IA-2_filtered
25,12,2,-46.22,-6.391,556.508,125.47,10780,LC0_FZ_50_IA-2_filtered
25,12,2,-46.17,-1.099,560.868,42.01,11216,LC0_FZ_50_IA-2_filtered
25,12,2,-46.16,4.065,549.659,-108.93,10095,LC0_FZ_50_IA-2_filtered
25,12,2,-46.13,11.912,551.898,-134.68,10319,LC0_FZ_50_IA-2_filtered
25,12,2,-46.11,8.021,552.898,-127.1,10419,LC0_FZ_50_IA-2_filtered
25,12,2,-46.04,-6.382,559.548,121.93,11084,LC0_FZ_50_IA-2_filtered
25,12,2,-46.02,-7.398,556.758,130.63,10805,LC0_FZ_50_IA-2_filtered
25,12,2,-45.97,-3.893,560.168,99.55,11146,LC0_FZ_50_IA-2_filtered
25,12,2,-45.94,6.851,553.188,-128.98,10448,LC0_FZ_50_IA-2_filtered
25,12,2,-45.9,0.204,554.858,-14.32,10615,LC0_FZ_50_IA-2_filtered
25,12,2,-45.79,-8.319,556.988,127.36,10828,LC0_FZ_50_IA-2_filtered
25,12,2,-45.79,-11.133,557.698,123.94,10899,LC0_FZ_50_IA-2_filtered
25,12,2,-45.75,-6.426,556.518,123.92,10781,LC0_FZ_50_IA-2_filtered
25,12,2,-45.7,-10.2,557.458,124.07,10875,LC0_FZ_50_IA-2_filtered
25,12,2,-45.69,-1.322,555.238,50.22,10653,LC0_FZ_50_IA-2_filtered
25,12,2,-45.68,6.625,553.248,-126.94,10454,LC0_FZ_50_IA-2_filtered
25,12,2,-45.68,-7.277,559.318,122.21,11061,LC0_FZ_50_IA-2_filtered
25,12,2,-45.67,11.794,551.659,-133.75,10295,LC0_FZ_50_IA-2_filtered
25,12,2,-45.67,4.088,553.888,-108,10518,LC0_FZ_50_IA-2_filtered
25,12,2,-45.66,-0.803,555.108,33.31,10640,LC0_FZ_50_IA-2_filtered
25,12,2,-45.64,-8.267,556.978,126.4,10827,LC0_FZ_50_IA-2_filtered
25,12,2,-45.63,2.92,554.178,-92.8,10547,LC0_FZ_50_IA-2_filtered
25,12,2,-45.55,-2.962,560.398,83.9,11169,LC0_FZ_50_IA-2_filtered
25,12,2,-45.52,9.653,551.059,-133.27,10235,LC0_FZ_50_IA-2_filtered
25,12,2,-45.51,10.603,552.248,-131.15,10354,LC0_FZ_50_IA-2_filtered
25,12,2,-45.47,3.1,549.419,-94.08,10071,LC0_FZ_50_IA-2_filtered
25,12,2,-45.47,5.475,553.538,-122.45,10483,LC0_FZ_50_IA-2_filtered
25,12,2,-45.46,-6.914,556.638,127.49,10793,LC0_FZ_50_IA-2_filtered
25,12,2,-45.42,1.285,554.588,-55,10588,LC0_FZ_50_IA-2_filtered
25,12,2,-45.36,-7.838,556.868,127.95,10816,LC0_FZ_50_IA-2_filtered
25,12,2,-45.32,-10.658,557.578,124.07,10887,LC0_FZ_50_IA-2_filtered
25,12,2,-45.3,-8.191,559.088,120.36,11038,LC0_FZ_50_IA-2_filtered
25,12,2,-45.2,7.52,553.018,-124.96,10431,LC0_FZ_50_IA-2_filtered
25,12,2,-45.19,-10.158,557.448,122.64,10874,LC0_FZ_50_IA-2_filtered
25,12,2,-45.18,-8.542,558.998,122.79,11029,LC0_FZ_50_IA-2_filtered
25,12,2,-45.16,7.778,550.589,-132.4,10188,LC0_FZ_50_IA-2_filtered
25,12,2,-45.09,7.609,550.549,-129.94,10184,LC0_FZ_50_IA-2_filtered
25,12,2,-45.08,-9.245,557.218,123.93,10851,LC0_FZ_50_IA-2_filtered
25,12,2,-45.01,3.844,553.948,-106.69,10524,LC0_FZ_50_IA-2_filtered
25,12,2,-45,3.132,554.118,-92.83,10541,LC0_FZ_50_IA-2_filtered
25,12,2,-44.97,-11.721,557.908,121.27,10920,LC0_FZ_50_IA-2_filtered
25,12,2,-44.96,-10.984,558.388,116.3,10968,LC0_FZ_50_IA-2_filtered
25,12,2,-44.91,-5.745,559.698,115.84,11099,LC0_FZ_50_IA-2_filtered
25,12,2,-44.9,-9.719,557.338,123.56,10863,LC0_FZ_50_IA-2_filtered
25,12,2,-44.86,11.69,551.958,-127.26,10325,LC0_FZ_50_IA-2_filtered
25,12,2,-44.84,-7.726,559.208,120.3,11050,LC0_FZ_50_IA-2_filtered
25,12,2,-44.8,-7.64,559.228,122.21,11052,LC0_FZ_50_IA-2_filtered
25,12,2,-44.76,-2.044,560.628,66.02,11192,LC0_FZ_50_IA-2_filtered
25,12,2,-44.67,-3.431,560.278,90.69,11157,LC0_FZ_50_IA-2_filtered
25,12,2,-44.65,11.239,552.078,-124.66,10337,LC0_FZ_50_IA-2_filtered
25,12,2,-44.6,11.368,551.489,-127.56,10278,LC0_FZ_50_IA-2_filtered
25,12,2,-44.57,-11.586,557.818,123.39,10911,LC0_FZ_50_IA-2_filtered
25,12,2,-44.53,-11.837,558.148,118.78,10944,LC0_FZ_50_IA-2_filtered
25,12,2,-44.47,12.062,551.839,-128.21,10313,LC0_FZ_50_IA-2_filtered
25,12,2,-44.44,4.745,553.718,-114.76,10501,LC0_FZ_50_IA-2_filtered
25,12,2,-44.37,-5.821,559.688,112.9,11098,LC0_FZ_50_IA-2_filtered
25,12,2,-44.35,-9.967,558.638,119.04,10993,LC0_FZ_50_IA-2_filtered
25,12,2,-44.33,1.063,554.638,-50.07,10593,LC0_FZ_50_IA-2_filtered
25,12,2,-44.33,-6.786,559.438,120.14,11073,LC0_FZ_50_IA-2_filtered
25,12,2,-44.27,7.291,550.469,-130.74,10176,LC0_FZ_50_IA-2_filtered
25,12,2,-44.24,10.797,552.198,-122.84,10349,LC0_FZ_50_IA-2_filtered
25,12,2,-44.24,8.932,552.668,-124.05,10396,LC0_FZ_50_IA-2_filtered
25,12,2,-44.24,-9.553,558.748,117.97,11004,LC0_FZ_50_IA-2_filtered
25,12,2,-44.19,-3.932,560.158,96.4,11145,LC0_FZ_50_IA-2_filtered
25,12,2,-44.18,5.027,553.648,-114.24,10494,LC0_FZ_50_IA-2_filtered
25,12,2,-44.14,-9.51,558.758,120.02,11005,LC0_FZ_50_IA-2_filtered
25,12,2,-44.13,11.805,551.648,-126.17,10294,LC0_FZ_50_IA-2_filtered
25,12,2,-44.11,3.526,549.529,-98.74,10082,LC0_FZ_50_IA-2_filtered
25,12,2,-44.11,6.696,550.319,-127.9,10161,LC0_FZ_50_IA-2_filtered
25,12,2,-43.99,10.647,552.239,-123.09,10353,LC0_FZ_50_IA-2_filtered
25,12,2,-43.94,4.023,549.649,-105.42,10094,LC0_FZ_50_IA-2_filtered
25,12,2,-43.84,5.672,553.488,-118.79,10478,LC0_FZ_50_IA-2_filtered
25,12,2,-43.84,-6.283,559.568,114.7,11086,LC0_FZ_50_IA-2_filtered
25,12,2,-43.78,8.309,552.828,-125.92,10412,LC0_FZ_50_IA-2_filtered
25,12,2,-43.76,2.434,554.298,-82.16,10559,LC0_FZ_50_IA-2_filtered
25,12,2,-43.73,-6.751,559.448,117.52,11074,LC0_FZ_50_IA-2_filtered
25,12,2,-43.68,12.099,551.768,-126.39,10306,LC0_FZ_50_IA-2_filtered
25,12,2,-43.67,10.44,551.259,-123.11,10255,LC0_FZ_50_IA-2_filtered
25,12,2,-43.63,4.277,553.838,-108.22,10513,LC0_FZ_50_IA-2_filtered
25,12,2,-43.62,4.852,549.859,-116.92,10115,LC0_FZ_50_IA-2_filtered
25,12,2,-43.56,10.087,551.169,-125.59,10246,LC0_FZ_50_IA-2_filtered
25,12,2,-43.5,-11.728,557.918,117.46,10921,LC0_FZ_50_IA-2_filtered
25,12,2,-43.47,-10.018,558.628,117.29,10992,LC0_FZ_50_IA-2_filtered
25,12,2,-43.46,1.314,554.578,-53.35,10587,LC0_FZ_50_IA-2_filtered
25,12,2,-43.41,-10.497,558.508,116.73,10980,LC0_FZ_50_IA-2_filtered
25,12,2,-43.35,-11.797,558.158,115.78,10945,LC0_FZ_50_IA-2_filtered
25,12,2,-43.34,9.854,552.438,-120.33,10373,LC0_FZ_50_IA-2_filtered
25,12,2,-43.32,6.339,550.229,-123.67,10152,LC0_FZ_50_IA-2_filtered
25,12,2,-43.3,-12.036,558.038,115.79,10933,LC0_FZ_50_IA-2_filtered
25,12,2,-43.17,9.064,550.909,-122.82,10220,LC0_FZ_50_IA-2_filtered
25,12,2,-43.13,4.107,553.878,-103.42,10517,LC0_FZ_50_IA-2_filtered
25,12,2,-43.12,-4.435,560.028,103.07,11132,LC0_FZ_50_IA-2_filtered
25,12,2,-43.06,-3.962,560.148,96.36,11144,LC0_FZ_50_IA-2_filtered
25,12,2,-43.01,5.88,550.109,-120.23,10140,LC0_FZ_50_IA-2_filtered
25,12,2,-42.93,-3.063,560.378,82.72,11167,LC0_FZ_50_IA-2_filtered
25,12,2,-42.92,7.387,553.058,-120.95,10435,LC0_FZ_50_IA-2_filtered
25,12,2,-42.81,7.218,550.449,-121.75,10174,LC0_FZ_50_IA-2_filtered
25,12,2,-42.75,12.045,551.849,-120.48,10314,LC0_FZ_50_IA-2_filtered
25,12,2,-42.73,4.416,549.749,-110,10104,LC0_FZ_50_IA-2_filtered
25,12,2,-42.72,1.968,554.418,-70.71,10571,LC0_FZ_50_IA-2_filtered
25,12,2,-42.71,8.604,550.799,-120.81,10209,LC0_FZ_50_IA-2_filtered
25,12,2,-42.69,7.488,553.029,-117.87,10432,LC0_FZ_50_IA-2_filtered
25,12,2,-42.65,9.702,552.469,-119.85,10376,LC0_FZ_50_IA-2_filtered
25,12,2,-42.63,7.702,550.569,-121.5,10186,LC0_FZ_50_IA-2_filtered
25,12,2,-42.63,11.659,551.969,-119,10326,LC0_FZ_50_IA-2_filtered
25,12,2,-42.61,4.587,553.758,-105.94,10505,LC0_FZ_50_IA-2_filtered
25,12,2,-42.6,4.906,549.869,-112.93,10116,LC0_FZ_50_IA-2_filtered
25,12,2,-42.59,7.272,550.459,-123.81,10175,LC0_FZ_50_IA-2_filtered
25,12,2,-42.56,3.789,553.958,-100.37,10525,LC0_FZ_50_IA-2_filtered
25,12,2,-42.54,9.129,550.929,-123.93,10222,LC0_FZ_50_IA-2_filtered
25,12,2,-42.53,10.542,551.279,-120.99,10257,LC0_FZ_50_IA-2_filtered
25,12,2,-42.52,-0.527,555.028,16.8,10632,LC0_FZ_50_IA-2_filtered
25,12,2,-42.51,5.826,550.099,-119.63,10139,LC0_FZ_50_IA-2_filtered
25,12,2,-42.51,11.512,551.518,-121.61,10281,LC0_FZ_50_IA-2_filtered
25,12,2,-42.51,-2.158,560.598,69.07,11189,LC0_FZ_50_IA-2_filtered
25,12,2,-42.5,5.994,553.408,-116.46,10470,LC0_FZ_50_IA-2_filtered
25,12,2,-42.45,9.53,551.029,-121.97,10232,LC0_FZ_50_IA-2_filtered
25,12,2,-42.45,8.892,552.678,-116.95,10397,LC0_FZ_50_IA-2_filtered
25,12,2,-42.45,-2.149,560.608,66.59,11190,LC0_FZ_50_IA-2_filtered
25,12,2,-42.36,6.749,550.329,-122.08,10162,LC0_FZ_50_IA-2_filtered
25,12,2,-42.36,9.57,551.039,-121.54,10233,LC0_FZ_50_IA-2_filtered
25,12,2,-42.3,11.567,551.998,-120.67,10329,LC0_FZ_50_IA-2_filtered
25,12,2,-42.21,11.803,551.638,-119.89,10293,LC0_FZ_50_IA-2_filtered
25,12,2,-42.05,9.806,552.448,-115.29,10374,LC0_FZ_50_IA-2_filtered
25,12,2,-42.03,10.995,551.388,-118.01,10268,LC0_FZ_50_IA-2_filtered
25,12,2,-42.01,10.024,551.148,-120.54,10244,LC0_FZ_50_IA-2_filtered
25,12,2,-42.01,8.421,552.798,-115.88,10409,LC0_FZ_50_IA-2_filtered
25,12,2,-41.98,-0.395,554.998,12.45,10629,LC0_FZ_50_IA-2_filtered
25,12,2,-41.8,8.804,552.698,-116.95,10399,LC0_FZ_50_IA-2_filtered
25,12,2,-41.6,11.593,551.989,-115.3,10328,LC0_FZ_50_IA-2_filtered
25,12,2,-41.56,-1.685,560.718,57.89,11201,LC0_FZ_50_IA-2_filtered
25,12,2,-41.52,11.119,552.109,-116.33,10340,LC0_FZ_50_IA-2_filtered
25,12,2,-41.51,6.469,553.288,-116.35,10458,LC0_FZ_50_IA-2_filtered
25,12,2,-41.46,10.73,552.219,-113.7,10351,LC0_FZ_50_IA-2_filtered
25,12,2,-41.3,3.767,553.968,-95.75,10526,LC0_FZ_50_IA-2_filtered
25,12,2,-41.26,5.542,553.518,-110.77,10481,LC0_FZ_50_IA-2_filtered
25,12,2,-41.22,9.302,552.578,-115.64,10387,LC0_FZ_50_IA-2_filtered
25,12,2,-41.19,8.848,552.688,-114.05,10398,LC0_FZ_50_IA-2_filtered
25,12,2,-41.11,-1.25,560.828,47.14,11212,LC0_FZ_50_IA-2_filtered
25,12,2,-41.07,11.188,552.099,-114.19,10339,LC0_FZ_50_IA-2_filtered
25,12,2,-40.97,11.861,551.749,-115.59,10304,LC0_FZ_50_IA-2_filtered
25,12,2,-40.92,4.654,553.738,-103.78,10503,LC0_FZ_50_IA-2_filtered
25,12,2,-40.76,-0.413,555.008,13.33,10630,LC0_FZ_50_IA-2_filtered
25,12,2,-40.68,2.848,554.198,-83.5,10549,LC0_FZ_50_IA-2_filtered
25,12,2,-40.65,1.918,554.428,-66.78,10572,LC0_FZ_50_IA-2_filtered
25,12,2,-40.23,2.357,554.318,-73.89,10561,LC0_FZ_50_IA-2_filtered
25,12,2,-40.14,2.306,554.328,-72.63,10562,LC0_FZ_50_IA-2_filtered
25,12,2,-39.84,0.079,554.888,-8.42,10618,LC0_FZ_50_IA-2_filtered
25,12,2,-39.62,1.431,554.548,-54.5,10584,LC0_FZ_50_IA-2_filtered
25,12,2,-39.62,0.014,554.908,-5.33,10620,LC0_FZ_50_IA-2_filtered
25,12,2,-38.57,0.055,554.898,-6.77,10619,LC0_FZ_50_IA-2_filtered
