RoadSpeed,TirePressure,InclinationAngle,NormalForce,SlipAngle,ElapsedTime,LateralForce,Index,SourceFile
25,12,4,-259.64,6.135,756.183,-468.09,17957,LC0_FZ_250_IA_4_filtered
25,12,4,-259.37,5.25,756.403,-425.08,17979,LC0_FZ_250_IA_4_filtered
25,12,4,-258.4,7.495,755.843,-523.17,17923,LC0_FZ_250_IA_4_filtered
25,12,4,-258.04,3.876,756.753,-342.83,18014,LC0_FZ_250_IA_4_filtered
25,12,2,-257.91,6.891,586.998,-514.95,11694,LC0_FZ_250_Round18_IA_2_filtered
25,12,2,-257.9,6.422,587.118,-500.37,11706,LC0_FZ_250_Round18_IA_2_filtered
25,12,4,-257.82,6.607,756.063,-486.87,17945,LC0_FZ_250_IA_4_filtered
25,12,4,-257.56,-6.202,762.413,464.13,18580,LC0_FZ_250_IA_4_filtered
25,12,2,-257.53,-2.751,594.287,306.05,12423,LC0_FZ_250_Round18_IA_2_filtered
25,12,2,-257.51,7.333,586.888,-531.25,11683,LC0_FZ_250_Round18_IA_2_filtered
25,12,2,-257.41,5.52,587.338,-464.24,11728,LC0_FZ_250_Round18_IA_2_filtered
25,12,4,-257.38,-5.68,762.543,452.32,18593,LC0_FZ_250_IA_4_filtered
25,12,2,-257.28,6.815,587.018,-515.9,11696,LC0_FZ_250_Round18_IA_2_filtered
25,12,4,-257.24,3.83,756.763,-341.02,18015,LC0_FZ_250_IA_4_filtered
25,12,4,-257.23,7.906,755.733,-537.23,17912,LC0_FZ_250_IA_4_filtered
25,12,4,-257.13,6.044,756.203,-466.4,17959,LC0_FZ_250_IA_4_filtered
25,12,4,-257.1,6.974,755.973,-505.39,17936,LC0_FZ_250_IA_4_filtered
25,12,0,-257.1,7.337,417.89,-532.61,5438,LC0_FZ_250_Round18_filtered
25,12,4,-257.04,-5.699,762.533,452.29,18592,LC0_FZ_250_IA_4_filtered
25,12,4,-256.99,-7.957,761.973,510.38,18536,LC0_FZ_250_IA_4_filtered
25,12,4,-256.93,7.973,755.723,-535.38,17911,LC0_FZ_250_IA_4_filtered
25,12,2,-256.89,-3.164,594.177,338.31,12412,LC0_FZ_250_Round18_IA_2_filtered
25,12,-0,-256.81,6.904,418,-518.64,5449,LC0_FZ_250_Round18_filtered
25,12,2,-256.76,6.018,587.218,-481.32,11716,LC0_FZ_250_Round18_IA_2_filtered
25,12,0,-256.72,6.417,418.12,-506.4,5461,LC0_FZ_250_Round18_filtered
25,12,0,-256.65,3.707,418.8,-383.45,5529,LC0_FZ_250_Round18_filtered
25,12,4,-256.63,-8.824,761.753,528.07,18514,LC0_FZ_250_IA_4_filtered
25,12,2,-256.6,-2.872,594.257,311.76,12420,LC0_FZ_250_Round18_IA_2_filtered
25,12,2,-256.6,-1.043,594.717,148.99,12466,LC0_FZ_250_Round18_IA_2_filtered
25,12,0,-256.58,7.31,417.9,-533.53,5439,LC0_FZ_250_Round18_filtered
25,12,0,-256.57,2.99,283.78,-325.28,551,LC0_FZ_250_Round18_filtered
25,12,0,-256.51,3.255,418.91,-350.27,5540,LC0_FZ_250_Round18_filtered
25,12,2,-256.39,8.219,586.668,-557.81,11661,LC0_FZ_250_Round18_IA_2_filtered
25,12,0,-256.28,-3.203,425.17,326.26,6166,LC0_FZ_250_Round18_filtered
25,12,2,-256.22,-6.45,593.357,475.29,12330,LC0_FZ_250_Round18_IA_2_filtered
25,12,4,-256.19,4.683,756.543,-400.11,17993,LC0_FZ_250_IA_4_filtered
25,12,4,-256.19,-9.31,761.633,533.17,18502,LC0_FZ_250_IA_4_filtered
25,12,0,-256.19,7.761,417.78,-547.94,5427,LC0_FZ_250_Round18_filtered
25,12,0,-256.16,7.475,282.65,-534.31,438,LC0_FZ_250_Round18_filtered
25,12,4,-256.15,-8.027,761.953,507.38,18534,LC0_FZ_250_IA_4_filtered
25,12,2,-256.14,-3.654,594.057,369,12400,LC0_FZ_250_Round18_IA_2_filtered
25,12,0,-256,3.687,418.81,-382.52,5530,LC0_FZ_250_Round18_filtered
25,12,0,-256,3.241,418.92,-348.72,5541,LC0_FZ_250_Round18_filtered
25,12,0,-255.95,7.981,282.52,-544.06,425,LC0_FZ_250_Round18_filtered
25,12,2,-255.94,-2.429,594.367,277.76,12431,LC0_FZ_250_Round18_IA_2_filtered
25,12,4,-255.88,-8.804,761.763,525.22,18515,LC0_FZ_250_IA_4_filtered
25,12,0,-255.81,4.165,418.69,-412.91,5518,LC0_FZ_250_Round18_filtered
25,12,0,-255.75,-2.578,290.13,270.74,1186,LC0_FZ_250_Round18_filtered
25,12,0,-255.75,5.936,418.24,-491.67,5473,LC0_FZ_250_Round18_filtered
25,12,2,-255.67,-6.889,593.247,488.29,12319,LC0_FZ_250_Round18_IA_2_filtered
25,12,0,-255.61,8.435,282.41,-556.63,414,LC0_FZ_250_Round18_filtered
25,12,0,-255.61,4.206,418.68,-413.52,5517,LC0_FZ_250_Round18_filtered
25,12,0,-255.54,7.951,282.53,-545.93,426,LC0_FZ_250_Round18_filtered
25,12,4,-255.53,-6.527,762.333,473.46,18572,LC0_FZ_250_IA_4_filtered
25,12,0,-255.51,6.612,282.87,-508.4,460,LC0_FZ_250_Round18_filtered
25,12,4,-255.47,-7.167,762.173,484.8,18556,LC0_FZ_250_IA_4_filtered
25,12,2,-255.43,-7.752,593.027,512.32,12297,LC0_FZ_250_Round18_IA_2_filtered
25,12,0,-255.4,3.396,283.67,-359.55,540,LC0_FZ_250_Round18_filtered
25,12,0,-255.4,6.836,418.02,-519.26,5451,LC0_FZ_250_Round18_filtered
25,12,0,-255.39,3.298,418.9,-351.81,5539,LC0_FZ_250_Round18_filtered
25,12,0,-255.36,0.768,413.66,-109.74,5015,LC0_FZ_250_Round18_filtered
25,12,2,-255.32,4.977,587.478,-444.15,11742,LC0_FZ_250_Round18_IA_2_filtered
25,12,0,-255.28,6.924,417.99,-516,5448,LC0_FZ_250_Round18_filtered
25,12,2,-255.15,10.01,586.218,-589.17,11616,LC0_FZ_250_Round18_IA_2_filtered
25,12,2,-255.15,9.129,586.438,-575.83,11638,LC0_FZ_250_Round18_IA_2_filtered
25,12,2,-255.15,-8.192,592.917,523.02,12286,LC0_FZ_250_Round18_IA_2_filtered
25,12,0,-255.1,6.122,282.99,-494.61,472,LC0_FZ_250_Round18_filtered
25,12,4,-255.03,-8.954,761.723,523.45,18511,LC0_FZ_250_IA_4_filtered
25,12,0,-255.03,1.077,278.55,-155.18,28,LC0_FZ_250_Round18_filtered
25,12,0,-255.03,-3.68,425.05,359.93,6154,LC0_FZ_250_Round18_filtered
25,12,2,-255.01,8.734,586.538,-564.81,11648,LC0_FZ_250_Round18_IA_2_filtered
25,12,2,-255,10.047,586.208,-589.64,11615,LC0_FZ_250_Round18_IA_2_filtered
25,12,0,-254.95,6.172,282.98,-493.83,471,LC0_FZ_250_Round18_filtered
25,12,2,-254.94,6.784,587.028,-513.8,11697,LC0_FZ_250_Round18_IA_2_filtered
25,12,2,-254.9,-4.137,593.937,395.36,12388,LC0_FZ_250_Round18_IA_2_filtered
25,12,2,-254.85,10.525,586.088,-593.67,11603,LC0_FZ_250_Round18_IA_2_filtered
25,12,2,-254.84,-3.14,594.187,335.45,12413,LC0_FZ_250_Round18_IA_2_filtered
25,12,0,-254.83,0.625,278.43,-93.91,16,LC0_FZ_250_Round18_filtered
25,12,2,-254.81,7.862,586.758,-540.31,11670,LC0_FZ_250_Round18_IA_2_filtered
25,12,0,-254.79,7.007,282.77,-521.58,450,LC0_FZ_250_Round18_filtered
25,12,0,-254.78,3.861,283.56,-390.73,529,LC0_FZ_250_Round18_filtered
25,12,0,-254.71,-1.012,425.72,116.42,6221,LC0_FZ_250_Round18_filtered
25,12,-0,-254.67,4.621,418.57,-437.71,5506,LC0_FZ_250_Round18_filtered
25,12,0,-254.63,-1.596,290.37,181.1,1210,LC0_FZ_250_Round18_filtered
25,12,2,-254.57,4.554,587.588,-421.21,11753,LC0_FZ_250_Round18_IA_2_filtered
25,12,4,-254.56,1.975,757.223,-168.27,18061,LC0_FZ_250_IA_4_filtered
25,12,0,-254.55,9.659,417.31,-585.01,5380,LC0_FZ_250_Round18_filtered
25,12,2,-254.54,-8.669,592.797,532.61,12274,LC0_FZ_250_Round18_IA_2_filtered
25,12,0,-254.49,7.128,282.74,-517.38,447,LC0_FZ_250_Round18_filtered
25,12,0,-254.49,-1.665,290.36,184.98,1209,LC0_FZ_250_Round18_filtered
25,12,0,-254.48,8.887,282.3,-569.34,403,LC0_FZ_250_Round18_filtered
25,12,-0,-254.48,-3.71,425.04,361.03,6153,LC0_FZ_250_Round18_filtered
25,12,2,-254.47,9.091,586.448,-575.55,11639,LC0_FZ_250_Round18_IA_2_filtered
25,12,0,-254.45,2.497,283.9,-286.2,563,LC0_FZ_250_Round18_filtered
25,12,0,-254.41,6.66,282.86,-506.23,459,LC0_FZ_250_Round18_filtered
25,12,2,-254.39,-1.961,594.477,240.63,12442,LC0_FZ_250_Round18_IA_2_filtered
25,12,2,-254.38,-7.725,593.037,511.35,12298,LC0_FZ_250_Round18_IA_2_filtered
25,12,0,-254.38,-2.675,425.3,284.86,6179,LC0_FZ_250_Round18_filtered
25,12,2,-254.37,1.652,582.888,-184.19,11283,LC0_FZ_250_Round18_IA_2_filtered
25,12,0,-254.36,9.341,282.18,-576.93,391,LC0_FZ_250_Round18_filtered
25,12,2,-254.33,10.086,586.198,-588.42,11614,LC0_FZ_250_Round18_IA_2_filtered
25,12,0,-254.3,9.543,417.34,-586.86,5383,LC0_FZ_250_Round18_filtered
25,12,0,-254.27,8.845,282.31,-569.96,404,LC0_FZ_250_Round18_filtered
25,12,2,-254.21,-8.166,592.927,521.28,12287,LC0_FZ_250_Round18_IA_2_filtered
25,12,0,-254.17,3.637,418.82,-380.49,5531,LC0_FZ_250_Round18_filtered
25,12,2,-254.15,8.609,586.568,-565.78,11651,LC0_FZ_250_Round18_IA_2_filtered
25,12,0,-254.15,5.051,418.46,-458.19,5495,LC0_FZ_250_Round18_filtered
25,12,0,-254.11,5.259,283.21,-461.58,494,LC0_FZ_250_Round18_filtered
25,12,0,-254.11,5.001,418.47,-458.49,5496,LC0_FZ_250_Round18_filtered
25,12,-0,-254.08,1.923,419.25,-231.13,5574,LC0_FZ_250_Round18_filtered
25,12,4,-254.06,-8.988,761.713,519.19,18510,LC0_FZ_250_IA_4_filtered
25,12,0,-254.02,10.024,417.22,-590.73,5371,LC0_FZ_250_Round18_filtered
25,12,0,-253.97,8.37,282.43,-558.17,416,LC0_FZ_250_Round18_filtered
25,12,0,-253.96,-1.331,425.64,152.4,6213,LC0_FZ_250_Round18_filtered
25,12,2,-253.95,9.64,586.308,-581.45,11625,LC0_FZ_250_Round18_IA_2_filtered
25,12,0,-253.95,4.347,283.44,-418.01,517,LC0_FZ_250_Round18_filtered
25,12,0,-253.95,10.065,417.21,-591.04,5370,LC0_FZ_250_Round18_filtered
25,12,2,-253.9,9.974,586.228,-586.73,11617,LC0_FZ_250_Round18_IA_2_filtered
25,12,2,-253.89,-4.179,593.927,395.94,12387,LC0_FZ_250_Round18_IA_2_filtered
25,12,0,-253.85,3.371,283.68,-357.69,541,LC0_FZ_250_Round18_filtered
25,12,2,-253.83,-7.247,593.157,498.48,12310,LC0_FZ_250_Round18_IA_2_filtered
25,12,0,-253.8,5.095,418.45,-457.55,5494,LC0_FZ_250_Round18_filtered
25,12,2,-253.79,-6.047,593.457,460.47,12340,LC0_FZ_250_Round18_IA_2_filtered
25,12,-0,-253.78,6.796,418.03,-516.76,5452,LC0_FZ_250_Round18_filtered
25,12,0,-253.78,1.876,419.26,-227.9,5575,LC0_FZ_250_Round18_filtered
25,12,2,-253.77,-6.985,593.227,483.9,12317,LC0_FZ_250_Round18_IA_2_filtered
25,12,0,-253.75,1.693,413.9,-224.35,5039,LC0_FZ_250_Round18_filtered
25,12,0,-253.75,6.345,418.14,-504.84,5463,LC0_FZ_250_Round18_filtered
25,12,0,-253.74,-7.319,424.14,503.54,6063,LC0_FZ_250_Round18_filtered
25,12,0,-253.73,0.88,413.69,-126.64,5018,LC0_FZ_250_Round18_filtered
25,12,0,-253.72,4.38,283.43,-418.32,516,LC0_FZ_250_Round18_filtered
25,12,4,-253.7,-8.272,761.893,510.48,18528,LC0_FZ_250_IA_4_filtered
25,12,0,-253.66,-7.805,424.02,514.86,6051,LC0_FZ_250_Round18_filtered
25,12,4,-253.62,-10.175,761.413,537.35,18480,LC0_FZ_250_IA_4_filtered
25,12,2,-253.61,10.935,585.978,-599.14,11592,LC0_FZ_250_Round18_IA_2_filtered
25,12,-0,-253.61,6.072,283,-493.66,473,LC0_FZ_250_Round18_filtered
25,12,4,-253.58,-6.426,762.353,466.19,18574,LC0_FZ_250_IA_4_filtered
25,12,0,-253.57,10.673,281.85,-599.41,358,LC0_FZ_250_Round18_filtered
25,12,-0,-253.56,8.466,282.4,-553.35,413,LC0_FZ_250_Round18_filtered
25,12,0,-253.54,9.801,282.07,-585.76,380,LC0_FZ_250_Round18_filtered
25,12,-0,-253.54,-6.886,424.25,490.68,6074,LC0_FZ_250_Round18_filtered
25,12,0,-253.54,-6.354,424.38,476.71,6087,LC0_FZ_250_Round18_filtered
25,12,0,-253.52,5.762,283.08,-476.46,481,LC0_FZ_250_Round18_filtered
25,12,4,-253.49,-9.851,761.493,530.67,18488,LC0_FZ_250_IA_4_filtered
25,12,4,-253.49,-8.1,761.933,501.76,18532,LC0_FZ_250_IA_4_filtered
25,12,0,-253.49,8.783,417.53,-564.68,5402,LC0_FZ_250_Round18_filtered
25,12,0,-253.47,-7.739,424.03,515.62,6052,LC0_FZ_250_Round18_filtered
25,12,2,-253.44,-7.667,593.047,509.16,12299,LC0_FZ_250_Round18_IA_2_filtered
25,12,0,-253.42,-6.832,424.26,490.96,6075,LC0_FZ_250_Round18_filtered
25,12,-0,-253.41,4.303,283.45,-417.22,518,LC0_FZ_250_Round18_filtered
25,12,0,-253.39,1.865,278.75,-241.06,48,LC0_FZ_250_Round18_filtered
25,12,0,-253.36,4.806,283.32,-442.05,505,LC0_FZ_250_Round18_filtered
25,12,0,-253.31,10.192,281.97,-593.06,370,LC0_FZ_250_Round18_filtered
25,12,2,-253.27,3.579,587.828,-356.74,11777,LC0_FZ_250_Round18_IA_2_filtered
25,12,2,-253.26,10.396,586.118,-589.06,11606,LC0_FZ_250_Round18_IA_2_filtered
25,12,0,-253.25,0.725,413.65,-104.29,5014,LC0_FZ_250_Round18_filtered
25,12,0,-253.24,10.714,281.84,-597.85,357,LC0_FZ_250_Round18_filtered
25,12,0,-253.23,4.781,283.33,-441.57,506,LC0_FZ_250_Round18_filtered
25,12,0,-253.23,-4.159,424.93,388.48,6142,LC0_FZ_250_Round18_filtered
25,12,4,-253.16,-5.945,762.473,451.4,18586,LC0_FZ_250_IA_4_filtered
25,12,0,-253.16,2.142,414.01,-268.06,5050,LC0_FZ_250_Round18_filtered
25,12,-0,-253.15,2.226,414.02,-272.85,5051,LC0_FZ_250_Round18_filtered
25,12,0,-253.14,6.054,418.21,-487.31,5470,LC0_FZ_250_Round18_filtered
25,12,0,-253.11,-4.069,424.95,385.54,6144,LC0_FZ_250_Round18_filtered
25,12,0,-253.1,-8.226,423.91,528.2,6040,LC0_FZ_250_Round18_filtered
25,12,4,-253.08,-10.139,761.423,534.68,18481,LC0_FZ_250_IA_4_filtered
25,12,0,-253.07,1.148,413.76,-159.81,5025,LC0_FZ_250_Round18_filtered
25,12,0,-253.06,-3.86,289.81,370.49,1154,LC0_FZ_250_Round18_filtered
25,12,4,-253.04,-9.067,761.693,515.71,18508,LC0_FZ_250_IA_4_filtered
25,12,0,-253.03,9.703,417.3,-580.64,5379,LC0_FZ_250_Round18_filtered
25,12,0,-253.02,2.126,414,-263.71,5049,LC0_FZ_250_Round18_filtered
25,12,-0,-253.01,5.596,418.33,-474.13,5482,LC0_FZ_250_Round18_filtered
25,12,0,-252.97,-5.981,424.47,462.46,6096,LC0_FZ_250_Round18_filtered
25,12,4,-252.96,2.016,751.974,-186.86,17536,LC0_FZ_250_IA_4_filtered
25,12,-0,-252.95,-7.108,289,495.49,1073,LC0_FZ_250_Round18_filtered
25,12,0,-252.92,2.908,283.8,-320.79,553,LC0_FZ_250_Round18_filtered
25,12,0,-252.92,9.249,417.41,-571.34,5390,LC0_FZ_250_Round18_filtered
25,12,0,-252.89,8.807,282.32,-568.24,405,LC0_FZ_250_Round18_filtered
25,12,0,-252.87,-7.561,288.88,507.58,1061,LC0_FZ_250_Round18_filtered
25,12,0,-252.84,2.374,278.87,-286.5,60,LC0_FZ_250_Round18_filtered
25,12,0,-252.82,8.35,417.64,-552.88,5413,LC0_FZ_250_Round18_filtered
25,12,0,-252.81,-2.214,425.42,241.89,6191,LC0_FZ_250_Round18_filtered
25,12,0,-252.77,4.965,418.48,-457.55,5497,LC0_FZ_250_Round18_filtered
25,12,2,-252.74,-8.568,592.828,524.49,12277,LC0_FZ_250_Round18_IA_2_filtered
25,12,2,-252.68,-10.031,592.458,548.55,12240,LC0_FZ_250_Round18_IA_2_filtered
25,12,4,-252.66,-7.306,762.133,486.32,18552,LC0_FZ_250_IA_4_filtered
25,12,2,-252.66,8.759,586.528,-561.32,11647,LC0_FZ_250_Round18_IA_2_filtered
25,12,0,-252.66,10.482,417.1,-595.99,5359,LC0_FZ_250_Round18_filtered
25,12,0,-252.65,1.603,413.88,-215.18,5037,LC0_FZ_250_Round18_filtered
25,12,4,-252.64,-7.34,762.123,489.58,18551,LC0_FZ_250_IA_4_filtered
25,12,0,-252.64,-1.493,425.6,169.02,6209,LC0_FZ_250_Round18_filtered
25,12,0,-252.63,6.961,282.78,-519.57,451,LC0_FZ_250_Round18_filtered
25,12,0,-252.62,-4.61,424.82,412.36,6131,LC0_FZ_250_Round18_filtered
25,12,4,-252.6,-9.121,761.683,517.23,18507,LC0_FZ_250_IA_4_filtered
25,12,4,-252.6,-7.782,762.013,497.51,18540,LC0_FZ_250_IA_4_filtered
25,12,2,-252.59,7.868,586.748,-537.27,11669,LC0_FZ_250_Round18_IA_2_filtered
25,12,0,-252.59,2.419,278.88,-290.37,61,LC0_FZ_250_Round18_filtered
25,12,0,-252.59,-7.699,424.04,514.86,6053,LC0_FZ_250_Round18_filtered
25,12,2,-252.58,9.695,586.298,-577.16,11624,LC0_FZ_250_Round18_IA_2_filtered
25,12,2,-252.58,-4.051,593.957,390.61,12390,LC0_FZ_250_Round18_IA_2_filtered
25,12,2,-252.57,11.364,585.868,-601.63,11581,LC0_FZ_250_Round18_IA_2_filtered
25,12,0,-252.56,3.358,418.89,-354.12,5538,LC0_FZ_250_Round18_filtered
25,12,0,-252.55,10.642,281.86,-597.54,359,LC0_FZ_250_Round18_filtered
25,12,0,-252.55,-7.835,424.01,512.38,6050,LC0_FZ_250_Round18_filtered
25,12,0,-252.52,-6.621,289.12,483.23,1085,LC0_FZ_250_Round18_filtered
25,12,0,-252.51,5.626,283.12,-476.77,485,LC0_FZ_250_Round18_filtered
25,12,2,-252.5,-5.83,593.507,457.16,12345,LC0_FZ_250_Round18_IA_2_filtered
25,12,0,-252.5,2.441,283.91,-283.24,564,LC0_FZ_250_Round18_filtered
25,12,0,-252.49,-8.662,423.8,538.28,6029,LC0_FZ_250_Round18_filtered
25,12,4,-252.48,-8.141,761.923,501.38,18531,LC0_FZ_250_IA_4_filtered
25,12,2,-252.48,3.105,587.948,-316.42,11789,LC0_FZ_250_Round18_IA_2_filtered
25,12,4,-252.46,-12.144,760.833,554.21,18422,LC0_FZ_250_IA_4_filtered
25,12,0,-252.46,-2.437,425.36,261.46,6185,LC0_FZ_250_Round18_filtered
25,12,0,-252.45,2.571,414.12,-307.13,5061,LC0_FZ_250_Round18_filtered
25,12,4,-252.44,-7.268,762.143,483.67,18553,LC0_FZ_250_IA_4_filtered
25,12,0,-252.44,2.617,283.87,-293.47,560,LC0_FZ_250_Round18_filtered
25,12,0,-252.44,8.142,417.69,-557.08,5418,LC0_FZ_250_Round18_filtered
25,12,0,-252.42,0.145,278.32,-35.9,5,LC0_FZ_250_Round18_filtered
25,12,0,-252.42,-0.541,425.83,62.3,6232,LC0_FZ_250_Round18_filtered
25,12,4,-252.34,11.518,754.823,-595.31,17821,LC0_FZ_250_IA_4_filtered
25,12,2,-252.33,-7.202,593.167,495.17,12311,LC0_FZ_250_Round18_IA_2_filtered
25,12,2,-252.29,-10.463,592.347,551.48,12229,LC0_FZ_250_Round18_IA_2_filtered
25,12,0,-252.29,8.593,417.58,-565.76,5407,LC0_FZ_250_Round18_filtered
25,12,2,-252.27,-2.941,594.237,316.45,12418,LC0_FZ_250_Round18_IA_2_filtered
25,12,0,-252.25,11.072,281.74,-601.41,347,LC0_FZ_250_Round18_filtered
25,12,2,-252.24,9.49,586.348,-579.02,11629,LC0_FZ_250_Round18_IA_2_filtered
25,12,4,-252.22,1.953,757.233,-164.38,18062,LC0_FZ_250_IA_4_filtered
25,12,0,-252.21,8.077,282.5,-538.77,423,LC0_FZ_250_Round18_filtered
25,12,0,-252.08,-6.703,289.1,480.44,1083,LC0_FZ_250_Round18_filtered
25,12,4,-252.07,-11.948,760.943,553.57,18433,LC0_FZ_250_IA_4_filtered
25,12,0,-252.06,5.867,418.26,-488.72,5475,LC0_FZ_250_Round18_filtered
25,12,4,-252.04,9.637,755.303,-568.94,17869,LC0_FZ_250_IA_4_filtered
25,12,2,-252.03,-7,593.217,482.13,12316,LC0_FZ_250_Round18_IA_2_filtered
25,12,-0,-252.03,-1.056,425.71,121.26,6220,LC0_FZ_250_Round18_filtered
25,12,4,-252.02,-11.872,760.963,549.52,18435,LC0_FZ_250_IA_4_filtered
25,12,0,-252.01,4.834,283.31,-441.57,504,LC0_FZ_250_Round18_filtered
25,12,2,-252,9.93,586.238,-582.28,11618,LC0_FZ_250_Round18_IA_2_filtered
25,12,0,-251.99,-9.106,423.69,546.5,6018,LC0_FZ_250_Round18_filtered
25,12,0,-251.97,-5.089,424.7,432.22,6119,LC0_FZ_250_Round18_filtered
25,12,0,-251.97,-5.021,424.72,431.46,6121,LC0_FZ_250_Round18_filtered
25,12,4,-251.96,-10.724,761.273,540.67,18466,LC0_FZ_250_IA_4_filtered
25,12,2,-251.91,-10.499,592.338,550.84,12228,LC0_FZ_250_Round18_IA_2_filtered
25,12,4,-251.82,-9.488,761.583,519.67,18497,LC0_FZ_250_IA_4_filtered
25,12,0,-251.82,8.819,417.52,-560.95,5401,LC0_FZ_250_Round18_filtered
25,12,4,-251.81,-12.15,760.843,552.3,18423,LC0_FZ_250_IA_4_filtered
25,12,0,-251.81,-5.448,424.61,447.26,6110,LC0_FZ_250_Round18_filtered
25,12,2,-251.77,11.424,585.858,-600.88,11580,LC0_FZ_250_Round18_IA_2_filtered
25,12,0,-251.77,5.309,283.19,-459.08,492,LC0_FZ_250_Round18_filtered
25,12,4,-251.76,6.868,755.993,-498.12,17938,LC0_FZ_250_IA_4_filtered
25,12,0,-251.75,-5.733,289.34,456.26,1107,LC0_FZ_250_Round18_filtered
25,12,0,-251.72,-7.653,424.05,511.92,6054,LC0_FZ_250_Round18_filtered
25,12,2,-251.7,-10.906,592.237,553.93,12218,LC0_FZ_250_Round18_IA_2_filtered
25,12,4,-251.68,-11.986,760.933,552.93,18432,LC0_FZ_250_IA_4_filtered
25,12,4,-251.67,-10.088,761.433,531.32,18482,LC0_FZ_250_IA_4_filtered
25,12,4,-251.65,6.732,756.033,-483.51,17942,LC0_FZ_250_IA_4_filtered
25,12,0,-251.65,1.575,278.67,-209.9,40,LC0_FZ_250_Round18_filtered
25,12,-0,-251.61,4.72,418.55,-437.06,5504,LC0_FZ_250_Round18_filtered
25,12,0,-251.6,-7.226,424.16,501.67,6065,LC0_FZ_250_Round18_filtered
25,12,0,-251.57,-4.819,289.57,422.47,1130,LC0_FZ_250_Round18_filtered
25,12,0,-251.54,11.355,416.88,-605.6,5337,LC0_FZ_250_Round18_filtered
25,12,0,-251.5,0.948,278.51,-134.36,24,LC0_FZ_250_Round18_filtered
25,12,-0,-251.5,-3.965,289.78,373.92,1151,LC0_FZ_250_Round18_filtered
25,12,-0,-251.5,-8.163,423.93,525.88,6042,LC0_FZ_250_Round18_filtered
25,12,0,-251.48,-8.71,423.79,536.58,6028,LC0_FZ_250_Round18_filtered
25,12,-0,-251.46,-8.471,288.65,530.07,1038,LC0_FZ_250_Round18_filtered
25,12,2,-251.44,1.501,588.348,-156.34,11829,LC0_FZ_250_Round18_IA_2_filtered
25,12,0,-251.43,6.297,418.15,-501.72,5464,LC0_FZ_250_Round18_filtered
25,12,0,-251.43,-8.632,423.81,537.97,6030,LC0_FZ_250_Round18_filtered
25,12,0,-251.43,-6.97,424.23,486.96,6072,LC0_FZ_250_Round18_filtered
25,12,4,-251.4,-12.142,760.853,548.23,18424,LC0_FZ_250_IA_4_filtered
25,12,2,-251.39,11.7,585.528,-608.34,11547,LC0_FZ_250_Round18_IA_2_filtered
25,12,4,-251.38,-11.008,761.203,538.14,18459,LC0_FZ_250_IA_4_filtered
25,12,-0,-251.33,9.732,417.29,-575.97,5378,LC0_FZ_250_Round18_filtered
25,12,0,-251.32,-6.141,289.24,469.13,1097,LC0_FZ_250_Round18_filtered
25,12,0,-251.31,-6.03,424.46,460.9,6095,LC0_FZ_250_Round18_filtered
25,12,0,-251.3,3.577,418.83,-377.53,5532,LC0_FZ_250_Round18_filtered
25,12,0,-251.28,0.905,413.7,-131.89,5019,LC0_FZ_250_Round18_filtered
25,12,2,-251.27,-8.347,592.878,514.68,12282,LC0_FZ_250_Round18_IA_2_filtered
25,12,0,-251.27,-7.602,288.87,505.1,1060,LC0_FZ_250_Round18_filtered
25,12,2,-251.25,2.19,583.018,-241.36,11296,LC0_FZ_250_Round18_IA_2_filtered
25,12,4,-251.23,10.076,755.193,-573.49,17858,LC0_FZ_250_IA_4_filtered
25,12,0,-251.2,5.809,283.07,-474.57,480,LC0_FZ_250_Round18_filtered
25,12,-0,-251.2,2.262,414.03,-277.34,5052,LC0_FZ_250_Round18_filtered
25,12,0,-251.18,-9.133,423.68,545.73,6017,LC0_FZ_250_Round18_filtered
25,12,4,-251.15,5.052,756.453,-416.43,17984,LC0_FZ_250_IA_4_filtered
25,12,0,-251.15,-1.994,290.28,218.04,1201,LC0_FZ_250_Round18_filtered
25,12,0,-251.15,7.021,417.97,-511.63,5446,LC0_FZ_250_Round18_filtered
25,12,2,-251.14,8.101,586.698,-549.59,11664,LC0_FZ_250_Round18_IA_2_filtered
25,12,0,-251.13,4.279,418.66,-414.59,5515,LC0_FZ_250_Round18_filtered
25,12,2,-251.12,-9.939,592.477,544.93,12242,LC0_FZ_250_Round18_IA_2_filtered
25,12,0,-251.12,7.848,282.56,-540.95,429,LC0_FZ_250_Round18_filtered
25,12,2,-251.1,11.005,585.958,-592.06,11590,LC0_FZ_250_Round18_IA_2_filtered
25,12,0,-251.09,-8.888,288.55,542.78,1028,LC0_FZ_250_Round18_filtered
25,12,-0,-251.06,-7.915,288.79,521.24,1052,LC0_FZ_250_Round18_filtered
25,12,0,-251.05,-6.251,289.21,466.66,1094,LC0_FZ_250_Round18_filtered
25,12,0,-251.04,-4.315,289.7,396.72,1143,LC0_FZ_250_Round18_filtered
25,12,0,-251.04,4.529,418.6,-435.22,5509,LC0_FZ_250_Round18_filtered
25,12,2,-251.02,11.854,585.738,-603.07,11568,LC0_FZ_250_Round18_IA_2_filtered
25,12,-0,-251,2.312,278.86,-282.6,59,LC0_FZ_250_Round18_filtered
25,12,0,-251,8.77,282.33,-564.2,406,LC0_FZ_250_Round18_filtered
25,12,4,-250.97,-10.779,761.263,537.19,18465,LC0_FZ_250_IA_4_filtered
25,12,2,-250.96,-11.409,592.107,560.14,12205,LC0_FZ_250_Round18_IA_2_filtered
25,12,-0,-250.95,-1.274,425.65,148.24,6214,LC0_FZ_250_Round18_filtered
25,12,2,-250.92,8.82,586.518,-557.65,11646,LC0_FZ_250_Round18_IA_2_filtered
25,12,0,-250.92,12.142,416.65,-608.81,5314,LC0_FZ_250_Round18_filtered
25,12,-0,-250.88,11.726,416.54,-606.82,5303,LC0_FZ_250_Round18_filtered
25,12,4,-250.87,9.395,755.363,-557.36,17875,LC0_FZ_250_IA_4_filtered
25,12,0,-250.85,9.438,417.36,-576.61,5385,LC0_FZ_250_Round18_filtered
25,12,4,-250.82,-11.473,760.593,550.71,18398,LC0_FZ_250_IA_4_filtered
25,12,4,-250.82,-11.85,760.973,546.03,18436,LC0_FZ_250_IA_4_filtered
25,12,4,-250.81,8.25,755.653,-539.2,17904,LC0_FZ_250_IA_4_filtered
25,12,2,-250.81,0.992,588.478,-96.32,11842,LC0_FZ_250_Round18_IA_2_filtered
25,12,0,-250.81,1.838,278.74,-237.33,47,LC0_FZ_250_Round18_filtered
25,12,0,-250.81,-8.312,423.89,522.92,6038,LC0_FZ_250_Round18_filtered
25,12,2,-250.8,5.657,587.308,-461.79,11725,LC0_FZ_250_Round18_IA_2_filtered
25,12,0,-250.8,12.167,416.63,-611.92,5312,LC0_FZ_250_Round18_filtered
25,12,0,-250.8,7.667,417.81,-542.03,5430,LC0_FZ_250_Round18_filtered
25,12,2,-250.77,10.373,586.128,-583.87,11607,LC0_FZ_250_Round18_IA_2_filtered
25,12,0,-250.77,-9.357,288.43,549.76,1016,LC0_FZ_250_Round18_filtered
25,12,2,-250.74,6.242,587.158,-491.9,11710,LC0_FZ_250_Round18_IA_2_filtered
25,12,0,-250.74,-7.433,288.91,506.8,1064,LC0_FZ_250_Round18_filtered
25,12,0,-250.74,-5.659,289.36,453.48,1109,LC0_FZ_250_Round18_filtered
25,12,0,-250.74,-5.246,289.46,440.92,1119,LC0_FZ_250_Round18_filtered
25,12,2,-250.71,-10.533,592.328,548.64,12227,LC0_FZ_250_Round18_IA_2_filtered
25,12,0,-250.71,-5.771,289.33,454.39,1106,LC0_FZ_250_Round18_filtered
25,12,0,-250.7,-8.85,288.56,542,1029,LC0_FZ_250_Round18_filtered
25,12,0,-250.68,-6.751,289.09,477.66,1082,LC0_FZ_250_Round18_filtered
25,12,0,-250.65,2.839,278.99,-325.88,72,LC0_FZ_250_Round18_filtered
25,12,0,-250.65,-5.127,424.69,430.99,6118,LC0_FZ_250_Round18_filtered
25,12,4,-250.64,0.738,757.533,-33.31,18092,LC0_FZ_250_IA_4_filtered
25,12,2,-250.64,-5.373,593.627,441.45,12357,LC0_FZ_250_Round18_IA_2_filtered
25,12,2,-250.63,-7.053,593.207,482.24,12315,LC0_FZ_250_Round18_IA_2_filtered
25,12,2,-250.59,7.617,586.818,-535.17,11676,LC0_FZ_250_Round18_IA_2_filtered
25,12,0,-250.56,2.639,414.14,-316.26,5063,LC0_FZ_250_Round18_filtered
25,12,0,-250.55,10.412,417.12,-589.63,5361,LC0_FZ_250_Round18_filtered
25,12,0,-250.54,-2.847,290.06,296.36,1179,LC0_FZ_250_Round18_filtered
25,12,0,-250.54,-8.574,423.82,535.34,6031,LC0_FZ_250_Round18_filtered
25,12,0,-250.5,10.856,417,-598.78,5349,LC0_FZ_250_Round18_filtered
25,12,0,-250.48,10.791,281.82,-588.84,355,LC0_FZ_250_Round18_filtered
25,12,2,-250.47,-8.405,592.867,513.25,12281,LC0_FZ_250_Round18_IA_2_filtered
25,12,2,-250.46,0.962,588.488,-91.36,11843,LC0_FZ_250_Round18_IA_2_filtered
25,12,2,-250.44,7.931,586.738,-535.47,11668,LC0_FZ_250_Round18_IA_2_filtered
25,12,4,-250.39,-10.958,761.213,534.49,18460,LC0_FZ_250_IA_4_filtered
25,12,0,-250.38,2.21,419.17,-263.7,5566,LC0_FZ_250_Round18_filtered
25,12,4,-250.37,-2.376,758.313,289.79,18170,LC0_FZ_250_IA_4_filtered
25,12,4,-250.37,-11.424,761.093,541.03,18448,LC0_FZ_250_IA_4_filtered
25,12,0,-250.36,-10.052,423.45,556.88,5994,LC0_FZ_250_Round18_filtered
25,12,0,-250.35,11.31,416.89,-601.41,5338,LC0_FZ_250_Round18_filtered
25,12,0,-250.35,-8.742,423.78,533.63,6027,LC0_FZ_250_Round18_filtered
25,12,2,-250.31,6.676,587.048,-505.09,11699,LC0_FZ_250_Round18_IA_2_filtered
25,12,0,-250.31,11.62,281.6,-603.58,333,LC0_FZ_250_Round18_filtered
25,12,-0,-250.29,-8.512,288.64,527.45,1037,LC0_FZ_250_Round18_filtered
25,12,0,-250.26,-5.382,424.62,444.64,6111,LC0_FZ_250_Round18_filtered
25,12,2,-250.24,11.609,585.408,-613.04,11535,LC0_FZ_250_Round18_IA_2_filtered
25,12,-0,-250.23,-6.28,424.4,470.68,6089,LC0_FZ_250_Round18_filtered
25,12,2,-250.22,11.287,585.298,-610.86,11524,LC0_FZ_250_Round18_IA_2_filtered
25,12,0,-250.22,-9.807,288.32,557.19,1005,LC0_FZ_250_Round18_filtered
25,12,0,-250.21,-7.43,424.11,497.66,6060,LC0_FZ_250_Round18_filtered
25,12,4,-250.2,1.719,757.293,-139.78,18068,LC0_FZ_250_IA_4_filtered
25,12,2,-250.2,-6.203,593.417,461.28,12336,LC0_FZ_250_Round18_IA_2_filtered
25,12,2,-250.2,-6.152,593.427,458.65,12337,LC0_FZ_250_Round18_IA_2_filtered
25,12,4,-250.17,7.203,755.913,-500.54,17930,LC0_FZ_250_IA_4_filtered
25,12,4,-250.17,-11.999,760.923,549.71,18431,LC0_FZ_250_IA_4_filtered
25,12,2,-250.16,11.254,585.288,-611.17,11523,LC0_FZ_250_Round18_IA_2_filtered
25,12,0,-250.15,0.723,278.45,-104.58,18,LC0_FZ_250_Round18_filtered
25,12,4,-250.14,-2.839,758.433,325.67,18182,LC0_FZ_250_IA_4_filtered
25,12,0,-250.13,-10.937,423.23,562.48,5972,LC0_FZ_250_Round18_filtered
25,12,0,-250.1,1.597,413.87,-210.97,5036,LC0_FZ_250_Round18_filtered
25,12,0,-250.1,11.731,416.55,-601.09,5304,LC0_FZ_250_Round18_filtered
25,12,0,-250.09,6.297,282.95,-487.58,468,LC0_FZ_250_Round18_filtered
25,12,0,-250.08,11.013,281.76,-593.97,349,LC0_FZ_250_Round18_filtered
25,12,0,-250.06,7.187,417.93,-524.67,5442,LC0_FZ_250_Round18_filtered
25,12,4,-250.03,9.592,755.313,-563,17870,LC0_FZ_250_IA_4_filtered
25,12,0,-250.02,4.952,418.49,-455.06,5498,LC0_FZ_250_Round18_filtered
25,12,4,-250,10.031,755.203,-567.05,17859,LC0_FZ_250_IA_4_filtered
25,12,0,-249.99,9.007,282.27,-558.92,400,LC0_FZ_250_Round18_filtered
25,12,0,-249.95,11.631,416.41,-615.97,5290,LC0_FZ_250_Round18_filtered
25,12,0,-249.95,-6.986,424.22,485.57,6071,LC0_FZ_250_Round18_filtered
25,12,2,-249.94,-11.83,591.987,560.58,12193,LC0_FZ_250_Round18_IA_2_filtered
25,12,2,-249.93,1.039,588.468,-100.84,11841,LC0_FZ_250_Round18_IA_2_filtered
25,12,0,-249.92,-9.941,423.48,554.88,5997,LC0_FZ_250_Round18_filtered
25,12,4,-249.91,12.16,754.613,-590.48,17800,LC0_FZ_250_IA_4_filtered
25,12,0,-249.91,1.796,419.28,-220.9,5577,LC0_FZ_250_Round18_filtered
25,12,4,-249.89,-11.212,761.143,538.05,18453,LC0_FZ_250_IA_4_filtered
25,12,4,-249.88,-10.399,761.353,526.85,18474,LC0_FZ_250_IA_4_filtered
25,12,0,-249.88,-1.512,425.59,173.53,6208,LC0_FZ_250_Round18_filtered
25,12,4,-249.86,-2.51,758.353,306.85,18174,LC0_FZ_250_IA_4_filtered
25,12,0,-249.86,-8.083,288.75,515.33,1048,LC0_FZ_250_Round18_filtered
25,12,0,-249.84,-10.495,423.34,561.07,5983,LC0_FZ_250_Round18_filtered
25,12,0,-249.83,9.315,417.39,-564.81,5388,LC0_FZ_250_Round18_filtered
25,12,0,-249.82,-9.297,288.45,547.59,1018,LC0_FZ_250_Round18_filtered
25,12,2,-249.81,-5.2,593.667,431.35,12361,LC0_FZ_250_Round18_IA_2_filtered
25,12,0,-249.81,3.393,418.88,-356.73,5537,LC0_FZ_250_Round18_filtered
25,12,0,-249.79,9.891,417.25,-577.99,5374,LC0_FZ_250_Round18_filtered
25,12,0,-249.78,-8.962,288.53,538.29,1026,LC0_FZ_250_Round18_filtered
25,12,0,-249.76,-9.834,288.31,555.65,1004,LC0_FZ_250_Round18_filtered
25,12,0,-249.76,-3.59,289.88,346.16,1161,LC0_FZ_250_Round18_filtered
25,12,0,-249.75,-9.22,423.66,538.43,6015,LC0_FZ_250_Round18_filtered
25,12,4,-249.74,8.691,755.543,-545.93,17893,LC0_FZ_250_IA_4_filtered
25,12,2,-249.74,-11.431,592.098,557.93,12204,LC0_FZ_250_Round18_IA_2_filtered
25,12,2,-249.73,-8.924,592.737,522.83,12268,LC0_FZ_250_Round18_IA_2_filtered
25,12,0,-249.73,11.658,281.27,-615.19,300,LC0_FZ_250_Round18_filtered
25,12,2,-249.71,11.214,585.278,-608.39,11522,LC0_FZ_250_Round18_IA_2_filtered
25,12,4,-249.7,-1.571,758.113,226.95,18150,LC0_FZ_250_IA_4_filtered
25,12,2,-249.7,11.708,585.778,-597.23,11572,LC0_FZ_250_Round18_IA_2_filtered
25,12,0,-249.68,-10.877,423.24,561.55,5973,LC0_FZ_250_Round18_filtered
25,12,0,-249.67,12.102,416.66,-603.39,5315,LC0_FZ_250_Round18_filtered
25,12,0,-249.67,-6.56,424.33,472.07,6082,LC0_FZ_250_Round18_filtered
25,12,0,-249.66,8.127,282.49,-537.2,422,LC0_FZ_250_Round18_filtered
25,12,0,-249.66,-10.275,288.2,560.63,993,LC0_FZ_250_Round18_filtered
25,12,4,-249.64,4.989,756.463,-412.04,17985,LC0_FZ_250_IA_4_filtered
25,12,0,-249.64,5.132,283.24,-457.52,497,LC0_FZ_250_Round18_filtered
25,12,0,-249.63,-6.721,424.29,482.61,6078,LC0_FZ_250_Round18_filtered
25,12,4,-249.62,6.338,756.133,-468.11,17952,LC0_FZ_250_IA_4_filtered
25,12,0,-249.62,5.376,418.38,-471.48,5487,LC0_FZ_250_Round18_filtered
25,12,0,-249.61,2.88,279,-330.21,73,LC0_FZ_250_Round18_filtered
25,12,0,-249.61,-5.347,289.44,439.07,1117,LC0_FZ_250_Round18_filtered
25,12,4,-249.59,11.114,754.253,-605.44,17764,LC0_FZ_250_IA_4_filtered
25,12,4,-249.59,6.371,756.123,-471.67,17951,LC0_FZ_250_IA_4_filtered
25,12,0,-249.58,-4.74,289.59,418.9,1132,LC0_FZ_250_Round18_filtered
25,12,0,-249.55,11.879,416.73,-603.72,5322,LC0_FZ_250_Round18_filtered
25,12,2,-249.54,-11.014,592.208,551.41,12215,LC0_FZ_250_Round18_IA_2_filtered
25,12,0,-249.54,-9.016,423.71,542.02,6020,LC0_FZ_250_Round18_filtered
25,12,4,-249.53,-6.1,759.243,494.42,18263,LC0_FZ_250_IA_4_filtered
25,12,-0,-249.52,-4.014,289.77,374.87,1150,LC0_FZ_250_Round18_filtered
25,12,4,-249.5,10.927,754.973,-576.4,17836,LC0_FZ_250_IA_4_filtered
25,12,4,-249.49,-10.924,761.223,531.64,18461,LC0_FZ_250_IA_4_filtered
25,12,2,-249.49,8.057,586.708,-544.05,11665,LC0_FZ_250_Round18_IA_2_filtered
25,12,0,-249.49,5.569,283.13,-472.88,486,LC0_FZ_250_Round18_filtered
25,12,-0,-249.49,1.978,284.03,-237.31,576,LC0_FZ_250_Round18_filtered
25,12,2,-249.47,12.161,585.618,-603.26,11556,LC0_FZ_250_Round18_IA_2_filtered
25,12,0,-249.47,12.011,281.49,-607.42,322,LC0_FZ_250_Round18_filtered
25,12,0,-249.45,9.776,417.28,-572.41,5377,LC0_FZ_250_Round18_filtered
25,12,0,-249.45,-10.096,423.44,554.1,5993,LC0_FZ_250_Round18_filtered
25,12,-0,-249.44,-6.298,289.2,464.19,1093,LC0_FZ_250_Round18_filtered
25,12,0,-249.41,11.715,281.38,-611.63,311,LC0_FZ_250_Round18_filtered
25,12,0,-249.4,-7.656,288.86,502.32,1059,LC0_FZ_250_Round18_filtered
25,12,4,-249.39,-0.236,757.773,81.3,18116,LC0_FZ_250_IA_4_filtered
25,12,2,-249.35,-7.073,593.198,484.05,12314,LC0_FZ_250_Round18_IA_2_filtered
25,12,0,-249.34,-7.226,288.97,488.82,1070,LC0_FZ_250_Round18_filtered
25,12,-0,-249.34,-0.818,425.77,93.03,6226,LC0_FZ_250_Round18_filtered
25,12,0,-249.33,-2.415,290.18,255.27,1191,LC0_FZ_250_Round18_filtered
25,12,0,-249.31,-5.159,424.68,430.21,6117,LC0_FZ_250_Round18_filtered
25,12,4,-249.28,-3.804,758.673,389.81,18206,LC0_FZ_250_IA_4_filtered
25,12,2,-249.28,-12.159,591.878,562.54,12182,LC0_FZ_250_Round18_IA_2_filtered
25,12,4,-249.26,-7.927,759.703,521.56,18309,LC0_FZ_250_IA_4_filtered
25,12,0,-249.26,10.35,281.93,-583.4,366,LC0_FZ_250_Round18_filtered
25,12,-0,-249.24,7.588,415.37,-566.04,5186,LC0_FZ_250_Round18_filtered
25,12,0,-249.22,-9.717,288.34,554.73,1007,LC0_FZ_250_Round18_filtered
25,12,0,-249.22,9.404,417.37,-569.92,5386,LC0_FZ_250_Round18_filtered
25,12,4,-249.2,-6.887,759.443,504.16,18283,LC0_FZ_250_IA_4_filtered
25,12,0,-249.2,12.147,281.4,-608.2,313,LC0_FZ_250_Round18_filtered
25,12,0,-249.18,-10.532,423.33,558.29,5982,LC0_FZ_250_Round18_filtered
25,12,4,-249.17,-9.681,760.143,545.32,18353,LC0_FZ_250_IA_4_filtered
25,12,0,-249.17,-10.189,288.22,560.32,995,LC0_FZ_250_Round18_filtered
25,12,4,-249.16,-8.824,759.923,533.05,18331,LC0_FZ_250_IA_4_filtered
25,12,4,-249.14,-3.857,758.683,392.75,18207,LC0_FZ_250_IA_4_filtered
25,12,2,-249.13,-1.707,589.148,223.42,11909,LC0_FZ_250_Round18_IA_2_filtered
25,12,2,-249.12,5.783,587.278,-471.48,11722,LC0_FZ_250_Round18_IA_2_filtered
25,12,0,-249.11,-6.97,289.03,490.53,1076,LC0_FZ_250_Round18_filtered
25,12,0,-249.1,-1.097,425.7,126.07,6219,LC0_FZ_250_Round18_filtered
25,12,2,-249.08,-10.135,592.427,539.43,12237,LC0_FZ_250_Round18_IA_2_filtered
25,12,0,-249.08,-8.339,423.88,520.3,6037,LC0_FZ_250_Round18_filtered
25,12,4,-249.07,-6.135,759.253,493.92,18264,LC0_FZ_250_IA_4_filtered
25,12,0,-249.05,6.768,282.83,-500.29,456,LC0_FZ_250_Round18_filtered
25,12,0,-249.02,-6.76,289.08,476.28,1081,LC0_FZ_250_Round18_filtered
25,12,-0,-249.01,7.157,415.26,-559.68,5175,LC0_FZ_250_Round18_filtered
25,12,4,-249,-0.675,757.883,132.55,18127,LC0_FZ_250_IA_4_filtered
25,12,-0,-249,3.068,414.24,-347.88,5073,LC0_FZ_250_Round18_filtered
25,12,0,-249,-4.912,424.74,426.04,6123,LC0_FZ_250_Round18_filtered
25,12,0,-248.98,8.583,282.38,-547.28,411,LC0_FZ_250_Round18_filtered
25,12,0,-248.98,-7.418,288.92,503.1,1065,LC0_FZ_250_Round18_filtered
25,12,4,-248.97,-3.294,758.543,354.21,18193,LC0_FZ_250_IA_4_filtered
25,12,0,-248.97,2.058,278.79,-259.04,52,LC0_FZ_250_Round18_filtered
25,12,0,-248.97,-5.165,289.48,436.28,1121,LC0_FZ_250_Round18_filtered
25,12,4,-248.96,-6.056,759.233,492.2,18262,LC0_FZ_250_IA_4_filtered
25,12,4,-248.96,-11.09,760.493,551.35,18388,LC0_FZ_250_IA_4_filtered
25,12,0,-248.96,7.616,417.82,-536.75,5431,LC0_FZ_250_Round18_filtered
25,12,4,-248.95,-10.873,761.233,530.2,18462,LC0_FZ_250_IA_4_filtered
25,12,0,-248.95,-4.463,289.66,399.52,1139,LC0_FZ_250_Round18_filtered
25,12,0,-248.93,-8.806,423.77,529.61,6026,LC0_FZ_250_Round18_filtered
25,12,2,-248.9,10.359,585.068,-610.44,11501,LC0_FZ_250_Round18_IA_2_filtered
25,12,0,-248.9,-7.154,424.18,494.24,6067,LC0_FZ_250_Round18_filtered
25,12,4,-248.89,10.352,755.123,-568.51,17851,LC0_FZ_250_IA_4_filtered
25,12,2,-248.88,2.547,583.118,-279.76,11306,LC0_FZ_250_Round18_IA_2_filtered
25,12,2,-248.88,-11.679,591.788,560.69,12173,LC0_FZ_250_Round18_IA_2_filtered
25,12,0,-248.88,6.014,283.02,-486.05,475,LC0_FZ_250_Round18_filtered
25,12,4,-248.87,10.472,755.093,-570.85,17848,LC0_FZ_250_IA_4_filtered
25,12,4,-248.86,-11.427,760.583,547.32,18397,LC0_FZ_250_IA_4_filtered
25,12,0,-248.84,11.643,416.43,-606.02,5292,LC0_FZ_250_Round18_filtered
25,12,4,-248.82,-10.641,760.383,550.27,18377,LC0_FZ_250_IA_4_filtered
25,12,2,-248.81,-11.685,591.778,563.64,12172,LC0_FZ_250_Round18_IA_2_filtered
25,12,0,-248.81,-6.113,424.44,459.05,6093,LC0_FZ_250_Round18_filtered
25,12,2,-248.8,9.401,586.368,-567.17,11631,LC0_FZ_250_Round18_IA_2_filtered
25,12,2,-248.8,-5.254,593.657,432.4,12360,LC0_FZ_250_Round18_IA_2_filtered
25,12,2,-248.79,7.135,586.938,-517.85,11688,LC0_FZ_250_Round18_IA_2_filtered
25,12,4,-248.77,3.174,756.923,-285.16,18031,LC0_FZ_250_IA_4_filtered
25,12,0,-248.76,11.731,416.56,-594.88,5305,LC0_FZ_250_Round18_filtered
25,12,0,-248.76,9.862,417.26,-573.17,5375,LC0_FZ_250_Round18_filtered
25,12,2,-248.75,6.612,587.068,-497.37,11701,LC0_FZ_250_Round18_IA_2_filtered
25,12,0,-248.75,2.473,278.9,-299.2,63,LC0_FZ_250_Round18_filtered
25,12,4,-248.74,-10.566,760.363,548.4,18375,LC0_FZ_250_IA_4_filtered
25,12,0,-248.74,10.823,281.81,-583.86,354,LC0_FZ_250_Round18_filtered
25,12,0,-248.73,11.684,281.28,-614.42,301,LC0_FZ_250_Round18_filtered
25,12,0,-248.73,11.582,416.39,-612.86,5288,LC0_FZ_250_Round18_filtered
25,12,0,-248.72,-8.325,288.69,527.28,1042,LC0_FZ_250_Round18_filtered
25,12,2,-248.69,0.888,588.498,-86.78,11844,LC0_FZ_250_Round18_IA_2_filtered
25,12,0,-248.68,11.256,416.9,-594.88,5339,LC0_FZ_250_Round18_filtered
25,12,0,-248.67,5.661,418.31,-472.08,5480,LC0_FZ_250_Round18_filtered
25,12,2,-248.66,-10.292,592.388,539.58,12233,LC0_FZ_250_Round18_IA_2_filtered
25,12,0,-248.66,4.22,283.47,-412.71,520,LC0_FZ_250_Round18_filtered
25,12,0,-248.66,-7.912,423.99,508.82,6048,LC0_FZ_250_Round18_filtered
25,12,0,-248.66,-7.034,424.21,485.57,6070,LC0_FZ_250_Round18_filtered
25,12,0,-248.66,-3.4,425.12,336.69,6161,LC0_FZ_250_Round18_filtered
25,12,4,-248.6,-4.307,758.793,417.27,18218,LC0_FZ_250_IA_4_filtered
25,12,0,-248.58,10.222,417.17,-577.37,5366,LC0_FZ_250_Round18_filtered
25,12,2,-248.57,9.839,586.258,-571.99,11620,LC0_FZ_250_Round18_IA_2_filtered
25,12,2,-248.56,10.309,585.058,-609.98,11500,LC0_FZ_250_Round18_IA_2_filtered
25,12,2,-248.55,6.659,587.058,-500.64,11700,LC0_FZ_250_Round18_IA_2_filtered
25,12,2,-248.55,6.224,587.168,-487.31,11711,LC0_FZ_250_Round18_IA_2_filtered
25,12,0,-248.55,7.19,415.27,-563.58,5176,LC0_FZ_250_Round18_filtered
25,12,0,-248.54,8.057,415.49,-575.51,5198,LC0_FZ_250_Round18_filtered
25,12,0,-248.53,9.371,417.38,-565.75,5387,LC0_FZ_250_Round18_filtered
25,12,0,-248.53,8.487,417.6,-554.41,5409,LC0_FZ_250_Round18_filtered
25,12,4,-248.51,7.236,755.903,-502.66,17929,LC0_FZ_250_IA_4_filtered
25,12,2,-248.49,8.412,586.618,-546.08,11656,LC0_FZ_250_Round18_IA_2_filtered
25,12,0,-248.49,-8.132,288.74,513.34,1047,LC0_FZ_250_Round18_filtered
25,12,0,-248.49,4.465,418.61,-431.94,5510,LC0_FZ_250_Round18_filtered
25,12,4,-248.48,7.735,755.783,-518.04,17917,LC0_FZ_250_IA_4_filtered
25,12,0,-248.48,6.146,418.19,-486.34,5468,LC0_FZ_250_Round18_filtered
25,12,0,-248.46,5.837,283.06,-473.63,479,LC0_FZ_250_Round18_filtered
25,12,0,-248.44,4.729,418.54,-438.3,5503,LC0_FZ_250_Round18_filtered
25,12,2,-248.41,11.546,585.378,-599.72,11532,LC0_FZ_250_Round18_IA_2_filtered
25,12,2,-248.4,7.542,586.838,-526.38,11678,LC0_FZ_250_Round18_IA_2_filtered
25,12,2,-248.4,-3.879,593.997,377.16,12394,LC0_FZ_250_Round18_IA_2_filtered
25,12,4,-248.39,-1.506,758.093,216.92,18148,LC0_FZ_250_IA_4_filtered
25,12,2,-248.39,11.714,585.558,-592.15,11550,LC0_FZ_250_Round18_IA_2_filtered
25,12,-0,-248.39,2.293,278.85,-279.17,58,LC0_FZ_250_Round18_filtered
25,12,0,-248.39,-10.322,288.19,557.99,992,LC0_FZ_250_Round18_filtered
25,12,0,-248.38,11.317,416.3,-611.79,5279,LC0_FZ_250_Round18_filtered
25,12,0,-248.37,0.94,413.71,-136.7,5020,LC0_FZ_250_Round18_filtered
25,12,0,-248.37,12.08,416.67,-596.88,5316,LC0_FZ_250_Round18_filtered
25,12,0,-248.36,-1.952,290.29,214,1202,LC0_FZ_250_Round18_filtered
25,12,4,-248.34,-2.336,758.303,285.77,18169,LC0_FZ_250_IA_4_filtered
25,12,4,-248.34,-8.4,759.823,524.91,18321,LC0_FZ_250_IA_4_filtered
25,12,0,-248.34,-3.845,425.01,365.55,6150,LC0_FZ_250_Round18_filtered
25,12,0,-248.33,1.618,278.68,-214.37,41,LC0_FZ_250_Round18_filtered
25,12,0,-248.32,11.506,281.16,-611.61,289,LC0_FZ_250_Round18_filtered
25,12,0,-248.3,8.898,417.5,-559.38,5399,LC0_FZ_250_Round18_filtered
25,12,0,-248.3,-9.456,423.6,548.37,6009,LC0_FZ_250_Round18_filtered
25,12,0,-248.29,9.805,417.27,-571.31,5376,LC0_FZ_250_Round18_filtered
25,12,2,-248.28,7.092,586.948,-513.83,11689,LC0_FZ_250_Round18_IA_2_filtered
25,12,0,-248.24,12.147,281.41,-602.76,314,LC0_FZ_250_Round18_filtered
25,12,0,-248.24,-7.58,424.07,504.31,6056,LC0_FZ_250_Round18_filtered
25,12,4,-248.21,-5.074,758.993,450.2,18238,LC0_FZ_250_IA_4_filtered
25,12,2,-248.2,7.97,586.728,-535.85,11667,LC0_FZ_250_Round18_IA_2_filtered
25,12,0,-248.2,-11.572,287.86,573.2,959,LC0_FZ_250_Round18_filtered
25,12,-0,-248.2,-10.364,423.37,556.91,5986,LC0_FZ_250_Round18_filtered
25,12,0,-248.19,-11.141,287.98,570.87,971,LC0_FZ_250_Round18_filtered
25,12,-0,-248.19,-6.597,424.32,473.02,6081,LC0_FZ_250_Round18_filtered
25,12,4,-248.18,-11.692,760.763,541.19,18415,LC0_FZ_250_IA_4_filtered
25,12,0,-248.18,-6.514,289.15,475.19,1088,LC0_FZ_250_Round18_filtered
25,12,0,-248.18,3.023,414.23,-343.08,5072,LC0_FZ_250_Round18_filtered
25,12,0,-248.18,2.017,419.22,-242.12,5571,LC0_FZ_250_Round18_filtered
25,12,0,-248.18,-8.398,423.87,519.06,6036,LC0_FZ_250_Round18_filtered
25,12,2,-248.17,-10.615,592.307,541.58,12225,LC0_FZ_250_Round18_IA_2_filtered
25,12,2,-248.13,10.3,586.148,-574.94,11609,LC0_FZ_250_Round18_IA_2_filtered
25,12,0,-248.13,-9.692,288.35,550.55,1008,LC0_FZ_250_Round18_filtered
25,12,0,-248.13,11.684,416.79,-594.26,5328,LC0_FZ_250_Round18_filtered
25,12,-0,-248.12,2.28,414.04,-282.29,5053,LC0_FZ_250_Round18_filtered
25,12,0,-248.12,8.493,415.6,-581.41,5209,LC0_FZ_250_Round18_filtered
25,12,-0,-248.11,11.687,281.29,-610.84,302,LC0_FZ_250_Round18_filtered
25,12,0,-248.11,-1.255,425.66,144.21,6215,LC0_FZ_250_Round18_filtered
25,12,-0,-248.1,-11.332,423.13,563.26,5962,LC0_FZ_250_Round18_filtered
25,12,0,-248.07,-9.72,423.54,544.19,6003,LC0_FZ_250_Round18_filtered
25,12,0,-248.06,-3.479,425.1,344.29,6159,LC0_FZ_250_Round18_filtered
25,12,0,-248.05,2.903,279.01,-334.69,74,LC0_FZ_250_Round18_filtered
25,12,-0,-248.05,2.021,413.98,-256.54,5047,LC0_FZ_250_Round18_filtered
25,12,4,-248.03,-11.689,760.773,539.62,18416,LC0_FZ_250_IA_4_filtered
25,12,2,-248.02,9.326,586.388,-561.29,11633,LC0_FZ_250_Round18_IA_2_filtered
25,12,0,-248.02,11.689,281.37,-608.68,310,LC0_FZ_250_Round18_filtered
25,12,0,-248.02,11.681,416.49,-604.33,5298,LC0_FZ_250_Round18_filtered
25,12,0,-248.01,-11.383,423.11,566.06,5960,LC0_FZ_250_Round18_filtered
25,12,4,-248,10.196,754.023,-600.11,17741,LC0_FZ_250_IA_4_filtered
25,12,0,-247.99,-6.935,289.04,486.35,1077,LC0_FZ_250_Round18_filtered
25,12,0,-247.98,8.984,415.72,-589.92,5221,LC0_FZ_250_Round18_filtered
25,12,0,-247.96,-7.857,288.81,513.8,1054,LC0_FZ_250_Round18_filtered
25,12,4,-247.95,-8.839,759.933,531.87,18332,LC0_FZ_250_IA_4_filtered
25,12,4,-247.94,-11.16,760.513,544.91,18390,LC0_FZ_250_IA_4_filtered
25,12,0,-247.94,6.894,282.8,-510.07,453,LC0_FZ_250_Round18_filtered
25,12,0,-247.94,-9.009,288.52,534.56,1025,LC0_FZ_250_Round18_filtered
25,12,2,-247.93,7.623,584.378,-565.03,11432,LC0_FZ_250_Round18_IA_2_filtered
25,12,0,-247.93,-10.629,288.11,563.41,984,LC0_FZ_250_Round18_filtered
25,12,0,-247.92,3.113,414.25,-352.7,5074,LC0_FZ_250_Round18_filtered
25,12,0,-247.89,8.234,282.46,-545.72,419,LC0_FZ_250_Round18_filtered
25,12,2,-247.86,-1.671,589.138,218.28,11908,LC0_FZ_250_Round18_IA_2_filtered
25,12,0,-247.86,6.735,415.16,-553.2,5165,LC0_FZ_250_Round18_filtered
25,12,0,-247.84,-8.774,288.58,535.97,1031,LC0_FZ_250_Round18_filtered
25,12,0,-247.84,-5.74,424.53,450.37,6102,LC0_FZ_250_Round18_filtered
25,12,2,-247.83,10.893,585.198,-607.52,11514,LC0_FZ_250_Round18_IA_2_filtered
25,12,0,-247.83,7.665,415.39,-570.56,5188,LC0_FZ_250_Round18_filtered
25,12,0,-247.82,-11.019,423.21,558.78,5970,LC0_FZ_250_Round18_filtered
25,12,-0,-247.79,-5.214,424.67,430.24,6116,LC0_FZ_250_Round18_filtered
25,12,2,-247.78,0.507,582.598,-39.49,11254,LC0_FZ_250_Round18_IA_2_filtered
25,12,0,-247.78,-11.766,423,570.57,5949,LC0_FZ_250_Round18_filtered
25,12,0,-247.77,-7.109,424.19,490.22,6068,LC0_FZ_250_Round18_filtered
25,12,2,-247.76,7.563,584.368,-562.09,11431,LC0_FZ_250_Round18_IA_2_filtered
25,12,2,-247.76,-7.592,590.628,523.6,12057,LC0_FZ_250_Round18_IA_2_filtered
25,12,2,-247.75,-11.663,592.038,550.39,12198,LC0_FZ_250_Round18_IA_2_filtered
25,12,0,-247.74,-5.384,289.43,437.21,1116,LC0_FZ_250_Round18_filtered
25,12,0,-247.72,-11.197,287.97,569.95,970,LC0_FZ_250_Round18_filtered
25,12,0,-247.71,-11.975,287.75,576.46,948,LC0_FZ_250_Round18_filtered
25,12,2,-247.7,8.085,584.498,-574.19,11444,LC0_FZ_250_Round18_IA_2_filtered
25,12,2,-247.69,-10.238,592.407,535.35,12235,LC0_FZ_250_Round18_IA_2_filtered
25,12,4,-247.68,-1.675,758.133,235.22,18152,LC0_FZ_250_IA_4_filtered
25,12,4,-247.67,-7.519,759.603,513.68,18299,LC0_FZ_250_IA_4_filtered
25,12,0,-247.67,11.458,281.15,-611.29,288,LC0_FZ_250_Round18_filtered
25,12,0,-247.67,7.241,282.71,-513.48,444,LC0_FZ_250_Round18_filtered
25,12,0,-247.67,-3.973,424.98,375.48,6147,LC0_FZ_250_Round18_filtered
25,12,4,-247.65,-6.413,759.323,491.95,18271,LC0_FZ_250_IA_4_filtered
25,12,0,-247.65,11.421,281.65,-592.25,338,LC0_FZ_250_Round18_filtered
25,12,-0,-247.64,-7.339,288.94,493.65,1067,LC0_FZ_250_Round18_filtered
25,12,4,-247.62,-11.746,761.003,538.36,18439,LC0_FZ_250_IA_4_filtered
25,12,0,-247.62,-9.929,288.29,548.06,1002,LC0_FZ_250_Round18_filtered
25,12,2,-247.61,8.481,584.598,-580.24,11454,LC0_FZ_250_Round18_IA_2_filtered
25,12,0,-247.61,9.027,415.73,-589.75,5222,LC0_FZ_250_Round18_filtered
25,12,0,-247.61,-3.441,425.11,340.42,6160,LC0_FZ_250_Round18_filtered
25,12,-0,-247.6,7.713,282.59,-527.26,432,LC0_FZ_250_Round18_filtered
25,12,0,-247.59,3.326,279.11,-363.53,84,LC0_FZ_250_Round18_filtered
25,12,0,-247.58,7.41,280.13,-559.83,186,LC0_FZ_250_Round18_filtered
25,12,0,-247.58,8.605,282.37,-546.8,410,LC0_FZ_250_Round18_filtered
25,12,4,-247.57,-1.156,758.013,186.87,18140,LC0_FZ_250_IA_4_filtered
25,12,2,-247.57,-7.118,590.508,516.93,12045,LC0_FZ_250_Round18_IA_2_filtered
25,12,0,-247.55,5.789,414.92,-517.22,5141,LC0_FZ_250_Round18_filtered
25,12,4,-247.53,-3.423,758.573,366.38,18196,LC0_FZ_250_IA_4_filtered
25,12,0,-247.53,-11.64,287.85,570.72,958,LC0_FZ_250_Round18_filtered
25,12,0,-247.53,6.281,415.04,-536.14,5153,LC0_FZ_250_Round18_filtered
25,12,2,-247.52,5.306,587.398,-451.19,11734,LC0_FZ_250_Round18_IA_2_filtered
25,12,0,-247.52,10.601,280.93,-608.37,266,LC0_FZ_250_Round18_filtered
25,12,4,-247.47,-6.634,759.383,497.98,18277,LC0_FZ_250_IA_4_filtered
25,12,4,-247.46,-5.686,759.143,478.59,18253,LC0_FZ_250_IA_4_filtered
25,12,2,-247.46,-6.67,590.398,511.66,12034,LC0_FZ_250_Round18_IA_2_filtered
25,12,-0,-247.45,5.505,283.14,-468.5,487,LC0_FZ_250_Round18_filtered
25,12,0,-247.43,-9.48,288.4,541.09,1013,LC0_FZ_250_Round18_filtered
25,12,0,-247.43,8.555,415.61,-583.74,5210,LC0_FZ_250_Round18_filtered
25,12,0,-247.39,-10.123,288.24,553.35,997,LC0_FZ_250_Round18_filtered
25,12,0,-247.38,-11.72,287.64,575.06,937,LC0_FZ_250_Round18_filtered
25,12,2,-247.37,-1.307,589.048,180.55,11899,LC0_FZ_250_Round18_IA_2_filtered
25,12,0,-247.36,12.03,281.48,-602.75,321,LC0_FZ_250_Round18_filtered
25,12,0,-247.34,-7.357,288.93,498.75,1066,LC0_FZ_250_Round18_filtered
25,12,-0,-247.32,0,278.28,-13.51,1,LC0_FZ_250_Round18_filtered
25,12,0,-247.32,7.548,415.36,-560.6,5185,LC0_FZ_250_Round18_filtered
25,12,0,-247.3,1.783,278.73,-233.75,46,LC0_FZ_250_Round18_filtered
25,12,0,-247.3,-9.419,423.61,543.57,6010,LC0_FZ_250_Round18_filtered
25,12,2,-247.29,11.53,585.828,-588.3,11577,LC0_FZ_250_Round18_IA_2_filtered
25,12,0,-247.29,1.332,278.61,-182.58,34,LC0_FZ_250_Round18_filtered
25,12,0,-247.27,3.855,418.76,-390.21,5525,LC0_FZ_250_Round18_filtered
25,12,0,-247.26,11.741,416.57,-590.05,5306,LC0_FZ_250_Round18_filtered
25,12,-0,-247.26,-4.412,424.87,399.38,6136,LC0_FZ_250_Round18_filtered
25,12,0,-247.25,9.035,282.26,-556.42,399,LC0_FZ_250_Round18_filtered
25,12,0,-247.24,-5.578,289.38,446.36,1111,LC0_FZ_250_Round18_filtered
25,12,0,-247.23,-10.319,423.38,553.8,5987,LC0_FZ_250_Round18_filtered
25,12,2,-247.22,-1.813,589.178,237.34,11912,LC0_FZ_250_Round18_IA_2_filtered
25,12,0,-247.22,0.451,278.39,-72.46,12,LC0_FZ_250_Round18_filtered
25,12,0,-247.21,4.321,418.65,-416.89,5514,LC0_FZ_250_Round18_filtered
25,12,0,-247.17,0.283,284.46,-46.99,619,LC0_FZ_250_Round18_filtered
25,12,2,-247.16,1.753,588.288,-182.38,11823,LC0_FZ_250_Round18_IA_2_filtered
25,12,0,-247.16,-8.184,288.73,513.34,1046,LC0_FZ_250_Round18_filtered
25,12,0,-247.16,2.985,414.22,-339.04,5071,LC0_FZ_250_Round18_filtered
25,12,2,-247.15,-7.554,590.618,521.41,12056,LC0_FZ_250_Round18_IA_2_filtered
25,12,0,-247.15,11.955,416.71,-592.85,5320,LC0_FZ_250_Round18_filtered
25,12,0,-247.15,-5.304,424.64,437.82,6113,LC0_FZ_250_Round18_filtered
25,12,2,-247.14,-11.077,592.188,544.98,12213,LC0_FZ_250_Round18_IA_2_filtered
25,12,0,-247.13,-8.872,423.75,527.6,6024,LC0_FZ_250_Round18_filtered
25,12,0,-247.11,8.169,282.48,-537.97,421,LC0_FZ_250_Round18_filtered
25,12,0,-247.1,-7.822,288.82,509.46,1055,LC0_FZ_250_Round18_filtered
25,12,0,-247.08,-9.205,288.47,540.01,1020,LC0_FZ_250_Round18_filtered
25,12,2,-247.07,-11.711,591.807,552.09,12175,LC0_FZ_250_Round18_IA_2_filtered
25,12,0,-247.05,5.983,283.03,-481.21,476,LC0_FZ_250_Round18_filtered
25,12,0,-247.05,-4.951,289.54,420.48,1127,LC0_FZ_250_Round18_filtered
25,12,2,-247.04,-6.757,590.418,510.87,12036,LC0_FZ_250_Round18_IA_2_filtered
25,12,0,-247.04,-9.661,288.36,546.36,1009,LC0_FZ_250_Round18_filtered
25,12,0,-247.04,-4.896,424.75,422.31,6124,LC0_FZ_250_Round18_filtered
25,12,0,-247.03,-9.043,288.51,532.09,1024,LC0_FZ_250_Round18_filtered
25,12,0,-247.03,-6.386,289.18,464.17,1091,LC0_FZ_250_Round18_filtered
25,12,0,-247.01,-8.942,423.73,533.65,6022,LC0_FZ_250_Round18_filtered
25,12,2,-247,-6.249,590.288,503.59,12023,LC0_FZ_250_Round18_IA_2_filtered
25,12,4,-246.97,9.725,753.904,-593.18,17729,LC0_FZ_250_IA_4_filtered
25,12,4,-246.96,-9.776,760.163,544.24,18355,LC0_FZ_250_IA_4_filtered
25,12,0,-246.96,-1.465,290.41,164.85,1214,LC0_FZ_250_Round18_filtered
25,12,0,-246.95,0.247,278.34,-46.57,7,LC0_FZ_250_Round18_filtered
25,12,4,-246.93,2.247,757.153,-197.48,18054,LC0_FZ_250_IA_4_filtered
25,12,2,-246.93,8.006,584.478,-568.32,11442,LC0_FZ_250_Round18_IA_2_filtered
25,12,0,-246.93,-11.717,287.63,574.12,936,LC0_FZ_250_Round18_filtered
25,12,0,-246.92,8.461,415.59,-576.57,5208,LC0_FZ_250_Round18_filtered
25,12,4,-246.91,10.73,754.154,-598.15,17754,LC0_FZ_250_IA_4_filtered
25,12,0,-246.91,-12.11,422.89,571.17,5938,LC0_FZ_250_Round18_filtered
25,12,0,-246.89,-3.889,425,368.66,6149,LC0_FZ_250_Round18_filtered
25,12,4,-246.88,10.124,754.003,-598,17739,LC0_FZ_250_IA_4_filtered
25,12,4,-246.87,10.241,754.034,-596.79,17742,LC0_FZ_250_IA_4_filtered
25,12,0,-246.87,6.83,282.81,-504.95,454,LC0_FZ_250_Round18_filtered
25,12,0,-246.86,8.21,282.47,-540.6,420,LC0_FZ_250_Round18_filtered
25,12,0,-246.86,-11.05,288,565.92,973,LC0_FZ_250_Round18_filtered
25,12,0,-246.86,-5.967,289.28,454.25,1101,LC0_FZ_250_Round18_filtered
25,12,0,-246.85,10.541,280.92,-608.06,265,LC0_FZ_250_Round18_filtered
25,12,0,-246.85,-11.523,287.88,571.79,961,LC0_FZ_250_Round18_filtered
25,12,0,-246.85,-6.416,289.17,467.11,1090,LC0_FZ_250_Round18_filtered
25,12,0,-246.85,-4.499,289.65,400,1138,LC0_FZ_250_Round18_filtered
25,12,0,-246.85,-9.377,423.62,539.54,6011,LC0_FZ_250_Round18_filtered
25,12,2,-246.84,-9.844,591.188,553.51,12113,LC0_FZ_250_Round18_IA_2_filtered
25,12,0,-246.84,7.805,280.23,-562.92,196,LC0_FZ_250_Round18_filtered
25,12,0,-246.84,-5.157,289.49,432.87,1122,LC0_FZ_250_Round18_filtered
25,12,-0,-246.82,7.382,280.12,-556.1,185,LC0_FZ_250_Round18_filtered
25,12,0,-246.81,-10.357,288.18,553.96,991,LC0_FZ_250_Round18_filtered
25,12,0,-246.8,11.678,416.45,-593.14,5294,LC0_FZ_250_Round18_filtered
25,12,0,-246.79,-12.133,422.88,570.54,5937,LC0_FZ_250_Round18_filtered
25,12,0,-246.77,2.713,283.85,-300.56,558,LC0_FZ_250_Round18_filtered
25,12,0,-246.76,11.708,281.36,-603.09,309,LC0_FZ_250_Round18_filtered
25,12,0,-246.74,11.677,281.58,-589.91,331,LC0_FZ_250_Round18_filtered
25,12,0,-246.74,-11.674,287.52,576.29,925,LC0_FZ_250_Round18_filtered
25,12,0,-246.73,-1.896,290.3,209.99,1203,LC0_FZ_250_Round18_filtered
25,12,-0,-246.72,12.145,281.42,-595.76,315,LC0_FZ_250_Round18_filtered
25,12,2,-246.71,-12.006,591.927,551.76,12187,LC0_FZ_250_Round18_IA_2_filtered
25,12,0,-246.7,-10.584,288.12,559.7,985,LC0_FZ_250_Round18_filtered
25,12,4,-246.69,-4.61,758.873,426.01,18226,LC0_FZ_250_IA_4_filtered
25,12,0,-246.67,-5.404,289.42,436.75,1115,LC0_FZ_250_Round18_filtered
25,12,0,-246.67,6.779,415.17,-554.42,5166,LC0_FZ_250_Round18_filtered
25,12,0,-246.67,10.869,416.19,-611.46,5268,LC0_FZ_250_Round18_filtered
25,12,4,-246.66,-6.238,759.283,485.35,18267,LC0_FZ_250_IA_4_filtered
25,12,2,-246.65,-11.657,591.737,551.92,12168,LC0_FZ_250_Round18_IA_2_filtered
25,12,0,-246.65,-11.816,422.99,568.7,5948,LC0_FZ_250_Round18_filtered
25,12,0,-246.64,6.965,280.02,-549.91,175,LC0_FZ_250_Round18_filtered
25,12,2,-246.63,-10.744,592.278,542.3,12222,LC0_FZ_250_Round18_IA_2_filtered
25,12,0,-246.62,9.381,415.82,-595.02,5231,LC0_FZ_250_Round18_filtered
25,12,0,-246.6,-7.765,288.83,504.97,1056,LC0_FZ_250_Round18_filtered
25,12,0,-246.59,9.452,415.84,-597.51,5233,LC0_FZ_250_Round18_filtered
25,12,0,-246.57,11.846,281.54,-590.52,327,LC0_FZ_250_Round18_filtered
25,12,0,-246.57,4.651,283.36,-434.88,509,LC0_FZ_250_Round18_filtered
25,12,0,-246.57,10.331,416.06,-611.15,5255,LC0_FZ_250_Round18_filtered
25,12,-0,-246.57,10.764,416.17,-613.46,5266,LC0_FZ_250_Round18_filtered
25,12,4,-246.56,-6.362,759.313,487.05,18270,LC0_FZ_250_IA_4_filtered
25,12,2,-246.56,-2.52,589.358,294.42,11930,LC0_FZ_250_Round18_IA_2_filtered
25,12,4,-246.55,-11.281,760.543,535.34,18393,LC0_FZ_250_IA_4_filtered
25,12,0,-246.55,11.093,281.05,-611.16,278,LC0_FZ_250_Round18_filtered
25,12,4,-246.54,-10.493,760.343,539.23,18373,LC0_FZ_250_IA_4_filtered
25,12,0,-246.54,3.236,279.09,-355,82,LC0_FZ_250_Round18_filtered
25,12,2,-246.53,-1.331,589.058,185.64,11900,LC0_FZ_250_Round18_IA_2_filtered
25,12,2,-246.52,6.722,584.158,-546.49,11410,LC0_FZ_250_Round18_IA_2_filtered
25,12,0,-246.5,-8.718,288.59,531.78,1032,LC0_FZ_250_Round18_filtered
25,12,0,-246.5,-9.769,423.52,542.33,6001,LC0_FZ_250_Round18_filtered
25,12,0,-246.49,9.996,282.02,-570.85,375,LC0_FZ_250_Round18_filtered
25,12,0,-246.49,9.435,415.83,-597.82,5232,LC0_FZ_250_Round18_filtered
25,12,0,-246.48,-5.26,424.66,431.94,6115,LC0_FZ_250_Round18_filtered
25,12,4,-246.46,-8.011,759.723,516.23,18311,LC0_FZ_250_IA_4_filtered
25,12,-0,-246.46,11.337,281.68,-581.05,341,LC0_FZ_250_Round18_filtered
25,12,0,-246.45,10.16,280.82,-603.09,255,LC0_FZ_250_Round18_filtered
25,12,-0,-246.45,2.986,418.98,-327.56,5547,LC0_FZ_250_Round18_filtered
25,12,0,-246.44,8.311,280.36,-577.35,209,LC0_FZ_250_Round18_filtered
25,12,0,-246.42,6.436,279.89,-530.99,162,LC0_FZ_250_Round18_filtered
25,12,2,-246.41,12.172,585.578,-585.06,11552,LC0_FZ_250_Round18_IA_2_filtered
25,12,2,-246.41,-11.651,591.677,561.84,12162,LC0_FZ_250_Round18_IA_2_filtered
25,12,0,-246.41,6.497,279.9,-535.03,163,LC0_FZ_250_Round18_filtered
25,12,0,-246.41,6.307,415.05,-538.92,5154,LC0_FZ_250_Round18_filtered
25,12,-0,-246.4,-10.769,423.27,553.82,5976,LC0_FZ_250_Round18_filtered
25,12,2,-246.39,-9.434,591.088,551.48,12103,LC0_FZ_250_Round18_IA_2_filtered
25,12,0,-246.39,6.522,279.91,-538.6,164,LC0_FZ_250_Round18_filtered
25,12,2,-246.37,-8.497,590.848,535.19,12079,LC0_FZ_250_Round18_IA_2_filtered
25,12,2,-246.36,-0.442,588.828,77.96,11877,LC0_FZ_250_Round18_IA_2_filtered
25,12,4,-246.35,-9.361,760.063,535.19,18345,LC0_FZ_250_IA_4_filtered
25,12,-0,-246.33,-5.945,289.29,451.01,1102,LC0_FZ_250_Round18_filtered
25,12,0,-246.33,-10.286,423.39,550.39,5988,LC0_FZ_250_Round18_filtered
25,12,0,-246.32,7.072,415.24,-549.9,5173,LC0_FZ_250_Round18_filtered
25,12,0,-246.32,4.416,418.62,-428.05,5511,LC0_FZ_250_Round18_filtered
25,12,2,-246.31,-8.508,590.858,537.52,12080,LC0_FZ_250_Round18_IA_2_filtered
25,12,0,-246.31,-11.709,423.02,566.67,5951,LC0_FZ_250_Round18_filtered
25,12,2,-246.3,-6.208,590.278,501.1,12022,LC0_FZ_250_Round18_IA_2_filtered
25,12,4,-246.29,-11.357,760.563,538.28,18395,LC0_FZ_250_IA_4_filtered
25,12,0,-246.29,9.525,282.14,-564.64,387,LC0_FZ_250_Round18_filtered
25,12,0,-246.27,0.3,284.45,-51.82,618,LC0_FZ_250_Round18_filtered
25,12,0,-246.27,11.381,416.32,-603.09,5281,LC0_FZ_250_Round18_filtered
25,12,0,-246.27,-10.193,423.42,547.12,5991,LC0_FZ_250_Round18_filtered
25,12,2,-246.25,-11.176,592.167,543.99,12211,LC0_FZ_250_Round18_IA_2_filtered
25,12,0,-246.24,-11.992,287.74,575.35,947,LC0_FZ_250_Round18_filtered
25,12,0,-246.22,11.184,416.27,-606.65,5276,LC0_FZ_250_Round18_filtered
25,12,4,-246.2,-11.239,760.533,537.64,18392,LC0_FZ_250_IA_4_filtered
25,12,2,-246.2,11.681,585.478,-592.67,11542,LC0_FZ_250_Round18_IA_2_filtered
25,12,0,-246.19,8.757,280.47,-585.41,220,LC0_FZ_250_Round18_filtered
25,12,0,-246.19,9.107,282.24,-559.5,397,LC0_FZ_250_Round18_filtered
25,12,0,-246.18,-8.235,288.72,515.67,1045,LC0_FZ_250_Round18_filtered
25,12,0,-246.17,-11.685,287.51,575.38,924,LC0_FZ_250_Round18_filtered
25,12,2,-246.14,10.686,585.148,-602.75,11509,LC0_FZ_250_Round18_IA_2_filtered
25,12,2,-246.14,-6.799,590.428,507.73,12037,LC0_FZ_250_Round18_IA_2_filtered
25,12,0,-246.14,-9.092,288.5,532.1,1023,LC0_FZ_250_Round18_filtered
25,12,0,-246.14,7.711,415.4,-569.14,5189,LC0_FZ_250_Round18_filtered
25,12,0,-246.12,7.446,280.14,-561.4,187,LC0_FZ_250_Round18_filtered
25,12,0,-246.12,10.506,280.91,-604.31,264,LC0_FZ_250_Round18_filtered
25,12,0,-246.1,8.642,282.36,-548.67,409,LC0_FZ_250_Round18_filtered
25,12,4,-246.08,12.062,754.663,-580.94,17805,LC0_FZ_250_IA_4_filtered
25,12,0,-246.08,8.722,280.46,-581.7,219,LC0_FZ_250_Round18_filtered
25,12,0,-246.08,11.744,416.59,-592.22,5308,LC0_FZ_250_Round18_filtered
25,12,0,-246.08,-11.238,423.15,556.89,5964,LC0_FZ_250_Round18_filtered
25,12,2,-246.07,-8.956,590.968,543.87,12091,LC0_FZ_250_Round18_IA_2_filtered
25,12,4,-246.06,-2.171,758.263,278,18165,LC0_FZ_250_IA_4_filtered
25,12,0,-246.04,11.131,281.06,-608.04,279,LC0_FZ_250_Round18_filtered
25,12,-0,-246.03,-5.51,289.39,442.33,1112,LC0_FZ_250_Round18_filtered
25,12,2,-246,0.958,582.718,-102.85,11266,LC0_FZ_250_Round18_IA_2_filtered
25,12,2,-246,11.505,585.358,-587.99,11530,LC0_FZ_250_Round18_IA_2_filtered
25,12,4,-245.99,-6.723,759.403,493.05,18279,LC0_FZ_250_IA_4_filtered
25,12,0,-245.99,-11.899,287.77,572.11,950,LC0_FZ_250_Round18_filtered
25,12,0,-245.98,-11.66,422.77,572.74,5926,LC0_FZ_250_Round18_filtered
25,12,2,-245.97,-8.993,590.978,544.49,12092,LC0_FZ_250_Round18_IA_2_filtered
25,12,0,-245.97,-4.348,424.88,395.81,6137,LC0_FZ_250_Round18_filtered
25,12,0,-245.95,12.016,416.69,-587.71,5318,LC0_FZ_250_Round18_filtered
25,12,2,-245.94,10.435,585.088,-603.09,11503,LC0_FZ_250_Round18_IA_2_filtered
25,12,0,-245.93,8.903,415.7,-582.61,5219,LC0_FZ_250_Round18_filtered
25,12,0,-245.93,-10.202,423.41,546.36,5990,LC0_FZ_250_Round18_filtered
25,12,0,-245.92,10.741,416.16,-610.36,5265,LC0_FZ_250_Round18_filtered
25,12,2,-245.91,7.215,584.278,-556.57,11422,LC0_FZ_250_Round18_IA_2_filtered
25,12,2,-245.91,-9.789,591.178,548.67,12112,LC0_FZ_250_Round18_IA_2_filtered
25,12,0,-245.91,11.696,281.3,-604.16,303,LC0_FZ_250_Round18_filtered
25,12,4,-245.89,-1.206,758.023,191.12,18141,LC0_FZ_250_IA_4_filtered
25,12,0,-245.89,2.448,414.09,-298.09,5058,LC0_FZ_250_Round18_filtered
25,12,2,-245.86,-7.687,590.648,522.77,12059,LC0_FZ_250_Round18_IA_2_filtered
25,12,-0,-245.85,10.465,281.9,-577.96,363,LC0_FZ_250_Round18_filtered
25,12,4,-245.84,8.338,753.554,-565.61,17694,LC0_FZ_250_IA_4_filtered
25,12,2,-245.84,-6.588,590.378,502.93,12032,LC0_FZ_250_Round18_IA_2_filtered
25,12,0,-245.84,3.367,279.12,-368.48,85,LC0_FZ_250_Round18_filtered
25,12,0,-245.83,11.604,416.81,-587.89,5330,LC0_FZ_250_Round18_filtered
25,12,0,-245.83,-11.841,422.98,565.76,5947,LC0_FZ_250_Round18_filtered
25,12,0,-245.81,4.49,283.4,-420.59,513,LC0_FZ_250_Round18_filtered
25,12,4,-245.79,-8.18,759.763,512.32,18315,LC0_FZ_250_IA_4_filtered
25,12,2,-245.79,-11.937,591.948,548.32,12189,LC0_FZ_250_Round18_IA_2_filtered
25,12,0,-245.79,12.058,281.47,-596.39,320,LC0_FZ_250_Round18_filtered
25,12,0,-245.78,5.49,283.15,-463.7,488,LC0_FZ_250_Round18_filtered
25,12,0,-245.78,11.551,416.82,-589.74,5331,LC0_FZ_250_Round18_filtered
25,12,0,-245.78,-11.662,422.78,571.81,5927,LC0_FZ_250_Round18_filtered
25,12,4,-245.76,7.868,753.443,-557.23,17683,LC0_FZ_250_IA_4_filtered
25,12,2,-245.76,-2.288,589.298,280.11,11924,LC0_FZ_250_Round18_IA_2_filtered
25,12,0,-245.76,5.997,279.78,-517.35,151,LC0_FZ_250_Round18_filtered
25,12,0,-245.76,-11.662,287.84,566.36,957,LC0_FZ_250_Round18_filtered
25,12,0,-245.76,3.466,414.34,-374.53,5083,LC0_FZ_250_Round18_filtered
25,12,0,-245.75,9.547,282.13,-566.01,386,LC0_FZ_250_Round18_filtered
25,12,0,-245.75,-10.407,288.17,550.71,990,LC0_FZ_250_Round18_filtered
25,12,0,-245.75,3.161,414.26,-357.66,5075,LC0_FZ_250_Round18_filtered
25,12,-0,-245.74,-11.035,423.2,555.7,5969,LC0_FZ_250_Round18_filtered
25,12,2,-245.72,11.419,585.338,-589.88,11528,LC0_FZ_250_Round18_IA_2_filtered
25,12,0,-245.72,3.152,283.73,-338.25,546,LC0_FZ_250_Round18_filtered
25,12,0,-245.72,-1.825,290.32,201.16,1205,LC0_FZ_250_Round18_filtered
25,12,0,-245.71,2.261,278.84,-276.69,57,LC0_FZ_250_Round18_filtered
25,12,0,-245.71,1.022,413.73,-146.46,5022,LC0_FZ_250_Round18_filtered
25,12,0,-245.71,-11.682,422.79,568.56,5928,LC0_FZ_250_Round18_filtered
25,12,2,-245.7,-0.014,588.728,25.64,11867,LC0_FZ_250_Round18_IA_2_filtered
25,12,0,-245.7,-9.582,288.38,539.86,1011,LC0_FZ_250_Round18_filtered
25,12,0,-245.7,-4.096,289.75,379.06,1148,LC0_FZ_250_Round18_filtered
25,12,2,-245.66,-12.178,591.848,551.89,12179,LC0_FZ_250_Round18_IA_2_filtered
25,12,0,-245.66,9.511,415.85,-595.17,5234,LC0_FZ_250_Round18_filtered
25,12,4,-245.65,10.525,754.104,-592.16,17749,LC0_FZ_250_IA_4_filtered
25,12,0,-245.65,11.152,416.93,-584.31,5342,LC0_FZ_250_Round18_filtered
25,12,4,-245.64,-9.993,760.223,535.29,18361,LC0_FZ_250_IA_4_filtered
25,12,0,-245.64,4.062,283.51,-397.96,524,LC0_FZ_250_Round18_filtered
25,12,0,-245.63,-10.541,288.13,555.98,986,LC0_FZ_250_Round18_filtered
25,12,0,-245.62,-1.721,420.16,201.32,5665,LC0_FZ_250_Round18_filtered
25,12,0,-245.6,5.883,414.94,-522.31,5143,LC0_FZ_250_Round18_filtered
25,12,0,-245.6,10.418,416.08,-608.04,5257,LC0_FZ_250_Round18_filtered
25,12,0,-245.59,7.253,415.29,-563.27,5178,LC0_FZ_250_Round18_filtered
25,12,0,-245.58,8.252,280.34,-568.97,207,LC0_FZ_250_Round18_filtered
25,12,0,-245.58,4.186,283.48,-409.75,521,LC0_FZ_250_Round18_filtered
25,12,4,-245.57,8.765,753.664,-573.4,17705,LC0_FZ_250_IA_4_filtered
25,12,2,-245.57,2.992,583.228,-318.61,11317,LC0_FZ_250_Round18_IA_2_filtered
25,12,2,-245.57,-11.657,591.708,548.15,12165,LC0_FZ_250_Round18_IA_2_filtered
25,12,4,-245.56,-7.641,759.633,506.55,18302,LC0_FZ_250_IA_4_filtered
25,12,0,-245.55,10.976,281.02,-605.39,275,LC0_FZ_250_Round18_filtered
25,12,2,-245.54,-3.542,589.608,372.29,11955,LC0_FZ_250_Round18_IA_2_filtered
25,12,4,-245.53,9.645,753.883,-587.83,17727,LC0_FZ_250_IA_4_filtered
25,12,2,-245.53,-6.356,590.318,498.87,12026,LC0_FZ_250_Round18_IA_2_filtered
25,12,0,-245.53,-11.673,287.54,571.81,927,LC0_FZ_250_Round18_filtered
25,12,4,-245.52,7.848,753.434,-553.82,17682,LC0_FZ_250_IA_4_filtered
25,12,0,-245.52,-11.249,287.95,562.98,968,LC0_FZ_250_Round18_filtered
25,12,0,-245.5,-12.139,422.87,568.38,5936,LC0_FZ_250_Round18_filtered
25,12,4,-245.47,0.514,757.583,-8.78,18097,LC0_FZ_250_IA_4_filtered
25,12,4,-245.46,10.766,754.164,-591.41,17755,LC0_FZ_250_IA_4_filtered
25,12,-0,-245.45,-4.524,289.64,401.72,1137,LC0_FZ_250_Round18_filtered
25,12,2,-245.43,-9.966,591.218,555.32,12116,LC0_FZ_250_Round18_IA_2_filtered
25,12,0,-245.42,-5.096,289.5,428.68,1123,LC0_FZ_250_Round18_filtered
25,12,-0,-245.4,-5.473,289.41,437.23,1114,LC0_FZ_250_Round18_filtered
25,12,2,-245.39,-11.639,591.698,552.8,12164,LC0_FZ_250_Round18_IA_2_filtered
25,12,0,-245.38,7.922,280.26,-570.07,199,LC0_FZ_250_Round18_filtered
25,12,0,-245.33,2.069,419.21,-246.44,5570,LC0_FZ_250_Round18_filtered
25,12,0,-245.28,5.598,279.68,-503.26,141,LC0_FZ_250_Round18_filtered
25,12,0,-245.28,-11.464,423.09,561.11,5958,LC0_FZ_250_Round18_filtered
25,12,4,-245.27,11.25,754.284,-586.75,17767,LC0_FZ_250_IA_4_filtered
25,12,0,-245.27,9.17,280.57,-587.25,230,LC0_FZ_250_Round18_filtered
25,12,0,-245.27,4.869,414.69,-469.46,5118,LC0_FZ_250_Round18_filtered
25,12,0,-245.23,-12.082,422.91,566.2,5940,LC0_FZ_250_Round18_filtered
25,12,0,-245.23,-11.674,423.03,562.33,5952,LC0_FZ_250_Round18_filtered
25,12,0,-245.22,-1.871,290.31,205.66,1204,LC0_FZ_250_Round18_filtered
25,12,0,-245.2,-4.136,289.74,382.47,1147,LC0_FZ_250_Round18_filtered
25,12,0,-245.19,1.505,284.15,-190.61,588,LC0_FZ_250_Round18_filtered
25,12,2,-245.16,-6.831,590.438,504.44,12038,LC0_FZ_250_Round18_IA_2_filtered
25,12,0,-245.16,-11.534,287.42,573.06,915,LC0_FZ_250_Round18_filtered
25,12,0,-245.13,-11.08,423.19,552.44,5968,LC0_FZ_250_Round18_filtered
25,12,0,-245.12,2.513,278.91,-303.37,64,LC0_FZ_250_Round18_filtered
25,12,0,-245.12,-10.041,288.26,546.68,999,LC0_FZ_250_Round18_filtered
25,12,0,-245.12,-2.199,420.28,250.35,5677,LC0_FZ_250_Round18_filtered
25,12,0,-245.1,5.056,283.26,-449.26,499,LC0_FZ_250_Round18_filtered
25,12,0,-245.1,-2.427,285.13,264.31,686,LC0_FZ_250_Round18_filtered
25,12,2,-245.06,6.76,584.168,-546.37,11411,LC0_FZ_250_Round18_IA_2_filtered
25,12,0,-245.06,-10.005,288.27,545.28,1000,LC0_FZ_250_Round18_filtered
25,12,0,-245.04,-11.567,422.64,566.98,5913,LC0_FZ_250_Round18_filtered
25,12,0,-245.03,5.696,414.9,-509,5139,LC0_FZ_250_Round18_filtered
25,12,2,-245.02,-1.383,589.068,190.4,11901,LC0_FZ_250_Round18_IA_2_filtered
25,12,0,-245.01,12.139,281.43,-589.72,316,LC0_FZ_250_Round18_filtered
25,12,0,-245.01,-1.769,420.17,206.14,5666,LC0_FZ_250_Round18_filtered
25,12,0,-245,9.362,415.81,-590.05,5230,LC0_FZ_250_Round18_filtered
25,12,2,-244.99,-7.954,590.718,521.04,12066,LC0_FZ_250_Round18_IA_2_filtered
25,12,4,-244.96,-9.93,760.203,531.83,18359,LC0_FZ_250_IA_4_filtered
25,12,2,-244.96,-7.289,590.548,513.27,12049,LC0_FZ_250_Round18_IA_2_filtered
25,12,0,-244.95,6.088,279.8,-524.19,153,LC0_FZ_250_Round18_filtered
25,12,0,-244.95,9.616,280.68,-592.07,241,LC0_FZ_250_Round18_filtered
25,12,0,-244.95,11.714,281.57,-583.53,330,LC0_FZ_250_Round18_filtered
25,12,0,-244.95,-10.834,288.06,556.46,979,LC0_FZ_250_Round18_filtered
25,12,4,-244.93,-9.022,759.973,522.04,18336,LC0_FZ_250_IA_4_filtered
25,12,4,-244.92,-1.761,758.153,241.26,18154,LC0_FZ_250_IA_4_filtered
25,12,-0,-244.92,-10.505,288.14,552.43,987,LC0_FZ_250_Round18_filtered
25,12,4,-244.91,-0.097,757.743,65.02,18113,LC0_FZ_250_IA_4_filtered
25,12,2,-244.9,6.606,584.128,-535.18,11407,LC0_FZ_250_Round18_IA_2_filtered
25,12,0,-244.88,2.748,283.84,-304.9,557,LC0_FZ_250_Round18_filtered
25,12,0,-244.88,-0.167,284.57,9.01,630,LC0_FZ_250_Round18_filtered
25,12,0,-244.88,-12.04,287.73,572.26,946,LC0_FZ_250_Round18_filtered
25,12,0,-244.87,4.836,414.68,-464.81,5117,LC0_FZ_250_Round18_filtered
25,12,4,-244.83,-8.128,759.753,510.85,18314,LC0_FZ_250_IA_4_filtered
25,12,2,-244.81,8.398,584.578,-569.61,11452,LC0_FZ_250_Round18_IA_2_filtered
25,12,2,-244.81,1.092,588.448,-111.08,11839,LC0_FZ_250_Round18_IA_2_filtered
25,12,0,-244.8,2.935,414.21,-336.38,5070,LC0_FZ_250_Round18_filtered
25,12,4,-244.79,-1.818,758.173,245.44,18156,LC0_FZ_250_IA_4_filtered
25,12,0,-244.77,0.358,284.44,-56.45,617,LC0_FZ_250_Round18_filtered
25,12,0,-244.76,4.393,418.63,-423.55,5512,LC0_FZ_250_Round18_filtered
25,12,2,-244.73,-10.92,591.458,552.81,12140,LC0_FZ_250_Round18_IA_2_filtered
25,12,0,-244.73,2.789,283.83,-309.4,556,LC0_FZ_250_Round18_filtered
25,12,0,-244.73,-11.858,287.78,568.39,951,LC0_FZ_250_Round18_filtered
25,12,0,-244.73,2.322,414.05,-286.93,5054,LC0_FZ_250_Round18_filtered
25,12,0,-244.72,11.532,416.36,-592.03,5285,LC0_FZ_250_Round18_filtered
25,12,4,-244.71,-5.334,759.053,458.35,18244,LC0_FZ_250_IA_4_filtered
25,12,2,-244.7,-0.796,588.928,126.17,11887,LC0_FZ_250_Round18_IA_2_filtered
25,12,-0,-244.7,-11.464,287.4,574.17,913,LC0_FZ_250_Round18_filtered
25,12,2,-244.69,5.339,583.808,-487.74,11375,LC0_FZ_250_Round18_IA_2_filtered
25,12,2,-244.69,-11.122,591.508,548.46,12145,LC0_FZ_250_Round18_IA_2_filtered
25,12,4,-244.68,-4.965,758.963,439.24,18235,LC0_FZ_250_IA_4_filtered
25,12,2,-244.65,2.478,583.098,-272.57,11304,LC0_FZ_250_Round18_IA_2_filtered
25,12,0,-244.63,9.27,280.6,-589.9,233,LC0_FZ_250_Round18_filtered
25,12,0,-244.63,1.437,413.83,-194.2,5032,LC0_FZ_250_Round18_filtered
25,12,0,-244.63,6.354,415.06,-540.16,5155,LC0_FZ_250_Round18_filtered
25,12,2,-244.62,-4.911,589.958,456.06,11990,LC0_FZ_250_Round18_IA_2_filtered
25,12,-0,-244.6,11.162,416.26,-601.04,5275,LC0_FZ_250_Round18_filtered
25,12,4,-244.59,8.728,753.654,-568.31,17704,LC0_FZ_250_IA_4_filtered
25,12,4,-244.59,-3.98,758.713,395.1,18210,LC0_FZ_250_IA_4_filtered
25,12,0,-244.59,7.48,280.15,-560.61,188,LC0_FZ_250_Round18_filtered
25,12,0,-244.59,-10.786,422.43,569.65,5892,LC0_FZ_250_Round18_filtered
25,12,0,-244.58,-2.376,285.12,259.36,685,LC0_FZ_250_Round18_filtered
25,12,2,-244.57,-6.426,590.328,495.27,12027,LC0_FZ_250_Round18_IA_2_filtered
25,12,0,-244.57,11.746,281.56,-581.04,329,LC0_FZ_250_Round18_filtered
25,12,0,-244.55,6.394,279.88,-526.33,161,LC0_FZ_250_Round18_filtered
25,12,0,-244.5,-4.59,289.63,404.5,1136,LC0_FZ_250_Round18_filtered
25,12,2,-244.49,5.286,583.798,-483.25,11374,LC0_FZ_250_Round18_IA_2_filtered
25,12,2,-244.46,7.05,584.238,-544.18,11418,LC0_FZ_250_Round18_IA_2_filtered
25,12,0,-244.46,-11.647,287.5,572.58,923,LC0_FZ_250_Round18_filtered
25,12,0,-244.45,11.689,281.31,-595.94,304,LC0_FZ_250_Round18_filtered
25,12,0,-244.45,-10.812,422.44,568.41,5893,LC0_FZ_250_Round18_filtered
25,12,0,-244.45,-11.682,422.8,564.36,5929,LC0_FZ_250_Round18_filtered
25,12,2,-244.44,5.799,583.928,-512.25,11387,LC0_FZ_250_Round18_IA_2_filtered
25,12,0,-244.42,-5.027,289.52,422.51,1125,LC0_FZ_250_Round18_filtered
25,12,0,-244.42,-11.592,422.67,573.5,5916,LC0_FZ_250_Round18_filtered
25,12,0,-244.41,1.742,278.72,-230.16,45,LC0_FZ_250_Round18_filtered
25,12,2,-244.4,-6.451,590.338,493.39,12028,LC0_FZ_250_Round18_IA_2_filtered
25,12,0,-244.4,-1.234,420.04,144.56,5653,LC0_FZ_250_Round18_filtered
25,12,0,-244.4,-10.74,423.28,551.49,5977,LC0_FZ_250_Round18_filtered
25,12,0,-244.39,-11.639,423.04,558.92,5953,LC0_FZ_250_Round18_filtered
25,12,0,-244.38,6.575,279.92,-540.29,165,LC0_FZ_250_Round18_filtered
25,12,0,-244.37,3.662,283.61,-374.22,534,LC0_FZ_250_Round18_filtered
25,12,0,-244.37,5.381,414.82,-500.32,5131,LC0_FZ_250_Round18_filtered
25,12,2,-244.34,1.462,582.838,-162.15,11278,LC0_FZ_250_Round18_IA_2_filtered
25,12,0,-244.33,8.847,280.49,-583.54,222,LC0_FZ_250_Round18_filtered
25,12,0,-244.33,-11.705,287.83,562.36,956,LC0_FZ_250_Round18_filtered
25,12,0,-244.33,6.819,415.18,-553.33,5167,LC0_FZ_250_Round18_filtered
25,12,0,-244.32,-1.291,420.05,149.53,5654,LC0_FZ_250_Round18_filtered
25,12,2,-244.29,11.473,585.348,-586.97,11529,LC0_FZ_250_Round18_IA_2_filtered
25,12,0,-244.24,5.019,283.27,-445.55,500,LC0_FZ_250_Round18_filtered
25,12,0,-244.23,11.168,281.07,-602.91,280,LC0_FZ_250_Round18_filtered
25,12,0,-244.23,-11.711,287.61,567.48,934,LC0_FZ_250_Round18_filtered
25,12,0,-244.23,-11.879,422.97,561.26,5946,LC0_FZ_250_Round18_filtered
25,12,2,-244.22,-8.393,590.828,525.82,12077,LC0_FZ_250_Round18_IA_2_filtered
25,12,0,-244.22,5.269,414.79,-488.52,5128,LC0_FZ_250_Round18_filtered
25,12,0,-244.21,-11.545,422.63,562.5,5912,LC0_FZ_250_Round18_filtered
25,12,2,-244.2,4.84,583.688,-456.88,11363,LC0_FZ_250_Round18_IA_2_filtered
25,12,2,-244.19,-1.88,589.198,243.92,11914,LC0_FZ_250_Round18_IA_2_filtered
25,12,0,-244.18,2.112,419.2,-250.94,5569,LC0_FZ_250_Round18_filtered
25,12,2,-244.17,-6.489,590.348,491.84,12029,LC0_FZ_250_Round18_IA_2_filtered
25,12,0,-244.16,3.754,279.22,-392.51,95,LC0_FZ_250_Round18_filtered
25,12,0,-244.14,5.175,279.57,-481.07,130,LC0_FZ_250_Round18_filtered
25,12,0,-244.14,8.616,415.63,-579.36,5212,LC0_FZ_250_Round18_filtered
25,12,0,-244.12,4.387,414.57,-436.41,5106,LC0_FZ_250_Round18_filtered
25,12,0,-244.12,-11.151,423.17,551.64,5966,LC0_FZ_250_Round18_filtered
25,12,0,-244.07,4.687,279.45,-453.16,118,LC0_FZ_250_Round18_filtered
25,12,-0,-244.07,-11.646,422.74,561.27,5923,LC0_FZ_250_Round18_filtered
25,12,0,-244.05,4.637,279.44,-447.88,117,LC0_FZ_250_Round18_filtered
25,12,0,-244.04,1.456,413.84,-198.84,5033,LC0_FZ_250_Round18_filtered
25,12,0,-243.98,-11.62,422.68,570.87,5917,LC0_FZ_250_Round18_filtered
25,12,4,-243.97,9.355,753.813,-577.37,17720,LC0_FZ_250_IA_4_filtered
25,12,0,-243.96,-7.582,421.63,525.48,5812,LC0_FZ_250_Round18_filtered
25,12,0,-243.93,4.527,283.39,-423.23,512,LC0_FZ_250_Round18_filtered
25,12,0,-243.92,9.774,415.92,-594.7,5241,LC0_FZ_250_Round18_filtered
25,12,-0,-243.9,11.566,281.19,-602.13,292,LC0_FZ_250_Round18_filtered
25,12,0,-243.86,9.763,280.72,-591.59,245,LC0_FZ_250_Round18_filtered
25,12,4,-243.85,9.607,753.873,-581.55,17726,LC0_FZ_250_IA_4_filtered
25,12,0,-243.85,-5.067,289.51,425.43,1124,LC0_FZ_250_Round18_filtered
25,12,0,-243.84,-6.718,421.41,512.61,5790,LC0_FZ_250_Round18_filtered
25,12,0,-243.83,10.925,281.01,-598.87,274,LC0_FZ_250_Round18_filtered
25,12,0,-243.83,7.012,415.23,-545.54,5172,LC0_FZ_250_Round18_filtered
25,12,2,-243.82,-7.311,590.558,510.6,12050,LC0_FZ_250_Round18_IA_2_filtered
25,12,0,-243.82,-0.679,284.69,71.06,642,LC0_FZ_250_Round18_filtered
25,12,0,-243.8,9.132,280.56,-581.21,229,LC0_FZ_250_Round18_filtered
25,12,2,-243.79,-10.483,591.348,550.44,12129,LC0_FZ_250_Round18_IA_2_filtered
25,12,-0,-243.76,-11.685,287.55,568.72,928,LC0_FZ_250_Round18_filtered
25,12,0,-243.74,-10.334,422.32,567.02,5881,LC0_FZ_250_Round18_filtered
25,12,0,-243.71,-11.442,287.9,565.14,963,LC0_FZ_250_Round18_filtered
25,12,0,-243.71,-10.26,422.3,563.46,5879,LC0_FZ_250_Round18_filtered
25,12,2,-243.68,11.046,585.238,-589.01,11518,LC0_FZ_250_Round18_IA_2_filtered
25,12,2,-243.68,-5.46,590.088,474.94,12003,LC0_FZ_250_Round18_IA_2_filtered
25,12,0,-243.68,11.683,281.33,-587.08,306,LC0_FZ_250_Round18_filtered
25,12,0,-243.67,-11.041,287.29,574.48,902,LC0_FZ_250_Round18_filtered
25,12,0,-243.67,5.896,414.95,-523.86,5144,LC0_FZ_250_Round18_filtered
25,12,2,-243.66,-11.028,591.488,543.31,12143,LC0_FZ_250_Round18_IA_2_filtered
25,12,2,-243.65,1.68,588.308,-173.78,11825,LC0_FZ_250_Round18_IA_2_filtered
25,12,0,-243.65,10.928,416.21,-600.9,5270,LC0_FZ_250_Round18_filtered
25,12,0,-243.64,7.054,280.04,-550.37,177,LC0_FZ_250_Round18_filtered
25,12,0,-243.64,-2.231,420.29,254.54,5678,LC0_FZ_250_Round18_filtered
25,12,2,-243.63,-6.975,590.468,500.82,12041,LC0_FZ_250_Round18_IA_2_filtered
25,12,0,-243.63,-10.873,288.05,553.82,978,LC0_FZ_250_Round18_filtered
25,12,4,-243.62,9.162,753.763,-575.22,17715,LC0_FZ_250_IA_4_filtered
25,12,0,-243.59,0.414,278.38,-67.02,11,LC0_FZ_250_Round18_filtered
25,12,0,-243.59,-12.054,287.72,567.61,945,LC0_FZ_250_Round18_filtered
25,12,2,-243.58,-11.429,591.588,546.87,12153,LC0_FZ_250_Round18_IA_2_filtered
25,12,-0,-243.58,-10.695,422.41,564.55,5890,LC0_FZ_250_Round18_filtered
25,12,0,-243.57,3.225,279.08,-352.04,81,LC0_FZ_250_Round18_filtered
25,12,-0,-243.56,11.696,281.32,-589.24,305,LC0_FZ_250_Round18_filtered
25,12,-0,-243.54,7.284,280.1,-545.22,183,LC0_FZ_250_Round18_filtered
25,12,2,-243.52,-9.542,591.118,545.49,12106,LC0_FZ_250_Round18_IA_2_filtered
25,12,0,-243.51,-9.869,422.2,563.92,5869,LC0_FZ_250_Round18_filtered
25,12,0,-243.51,-11.688,422.85,559.57,5934,LC0_FZ_250_Round18_filtered
25,12,2,-243.5,-3.597,589.628,378.44,11957,LC0_FZ_250_Round18_IA_2_filtered
25,12,0,-243.5,-0.632,284.68,66.09,641,LC0_FZ_250_Round18_filtered
25,12,0,-243.49,4.472,414.59,-447.28,5108,LC0_FZ_250_Round18_filtered
25,12,0,-243.44,-7.383,286.37,521.92,810,LC0_FZ_250_Round18_filtered
25,12,2,-243.43,4.89,583.698,-461.72,11364,LC0_FZ_250_Round18_IA_2_filtered
25,12,2,-243.43,7.251,584.288,-554.93,11423,LC0_FZ_250_Round18_IA_2_filtered
25,12,0,-243.42,2.416,414.08,-295.6,5057,LC0_FZ_250_Round18_filtered
25,12,0,-243.4,3.728,279.21,-387.54,94,LC0_FZ_250_Round18_filtered
25,12,0,-243.4,-7.858,286.49,529.21,822,LC0_FZ_250_Round18_filtered
25,12,0,-243.39,11.465,416.34,-590.96,5283,LC0_FZ_250_Round18_filtered
25,12,0,-243.38,7.762,415.41,-565.72,5190,LC0_FZ_250_Round18_filtered
25,12,2,-243.35,-7.402,590.578,508.26,12052,LC0_FZ_250_Round18_IA_2_filtered
25,12,0,-243.33,-11.911,422.96,557.69,5945,LC0_FZ_250_Round18_filtered
25,12,2,-243.3,-9.709,591.158,539.58,12110,LC0_FZ_250_Round18_IA_2_filtered
25,12,-0,-243.29,-11.155,422.52,564.08,5901,LC0_FZ_250_Round18_filtered
25,12,-0,-243.25,12.119,281.44,-585.67,317,LC0_FZ_250_Round18_filtered
25,12,0,-243.23,-7.023,421.49,508.28,5798,LC0_FZ_250_Round18_filtered
25,12,0,-243.22,5.485,279.65,-490.21,138,LC0_FZ_250_Round18_filtered
25,12,-0,-243.17,-11.35,422.57,565,5906,LC0_FZ_250_Round18_filtered
25,12,0,-243.16,9.3,415.8,-584.01,5229,LC0_FZ_250_Round18_filtered
25,12,0,-243.16,-11.478,422.61,555.69,5910,LC0_FZ_250_Round18_filtered
25,12,0,-243.15,6.122,279.81,-525.87,154,LC0_FZ_250_Round18_filtered
25,12,0,-243.11,-6.226,421.29,503.95,5778,LC0_FZ_250_Round18_filtered
25,12,4,-243.1,7.523,753.354,-544.81,17674,LC0_FZ_250_IA_4_filtered
25,12,0,-243.1,5.421,414.83,-502.94,5132,LC0_FZ_250_Round18_filtered
25,12,0,-243.09,-8.027,421.74,532.92,5823,LC0_FZ_250_Round18_filtered
25,12,2,-243.08,3.48,583.348,-358.39,11329,LC0_FZ_250_Round18_IA_2_filtered
25,12,0,-243.07,4.575,283.38,-426.78,511,LC0_FZ_250_Round18_filtered
25,12,0,-243.05,-3.036,420.49,321.39,5698,LC0_FZ_250_Round18_filtered
25,12,2,-243.04,-4.347,589.808,414.9,11975,LC0_FZ_250_Round18_IA_2_filtered
25,12,0,-243.03,-11.553,423.07,554.9,5956,LC0_FZ_250_Round18_filtered
25,12,0,-243.02,-6.572,421.38,504.25,5787,LC0_FZ_250_Round18_filtered
25,12,0,-242.97,-10.6,287.18,573.4,891,LC0_FZ_250_Round18_filtered
25,12,2,-242.96,3.52,583.358,-363.37,11330,LC0_FZ_250_Round18_IA_2_filtered
25,12,-0,-242.96,10.702,280.96,-597.01,269,LC0_FZ_250_Round18_filtered
25,12,0,-242.96,8.388,415.57,-564.45,5206,LC0_FZ_250_Round18_filtered
25,12,4,-242.95,6.441,753.083,-510.33,17647,LC0_FZ_250_IA_4_filtered
25,12,0,-242.94,-1.573,284.92,182.56,665,LC0_FZ_250_Round18_filtered
25,12,2,-242.93,-7.378,590.568,508.71,12051,LC0_FZ_250_Round18_IA_2_filtered
25,12,0,-242.93,10.004,280.78,-589.88,251,LC0_FZ_250_Round18_filtered
25,12,0,-242.93,7.477,415.34,-550.97,5183,LC0_FZ_250_Round18_filtered
25,12,0,-242.93,-3.09,420.5,326.22,5699,LC0_FZ_250_Round18_filtered
25,12,0,-242.92,-11.641,422.73,557.22,5922,LC0_FZ_250_Round18_filtered
25,12,2,-242.89,-9.127,591.008,536.94,12095,LC0_FZ_250_Round18_IA_2_filtered
25,12,0,-242.88,-6.186,421.28,501.15,5777,LC0_FZ_250_Round18_filtered
25,12,0,-242.88,-9.774,422.18,556.8,5867,LC0_FZ_250_Round18_filtered
25,12,0,-242.87,-9.901,422.21,563.15,5870,LC0_FZ_250_Round18_filtered
25,12,0,-242.85,-2.993,420.48,315.65,5697,LC0_FZ_250_Round18_filtered
25,12,0,-242.83,-2.808,285.23,296.89,696,LC0_FZ_250_Round18_filtered
25,12,0,-242.83,-10.529,287.16,567.19,889,LC0_FZ_250_Round18_filtered
25,12,0,-242.82,4.724,279.46,-457.03,119,LC0_FZ_250_Round18_filtered
25,12,0,-242.82,-1.826,420.18,210.65,5667,LC0_FZ_250_Round18_filtered
25,12,0,-242.81,2.668,278.95,-313.89,68,LC0_FZ_250_Round18_filtered
25,12,0,-242.8,-2.058,285.04,233.16,677,LC0_FZ_250_Round18_filtered
25,12,4,-242.77,0.489,757.593,-4.45,18098,LC0_FZ_250_IA_4_filtered
25,12,0,-242.77,-10.684,422.4,559.27,5889,LC0_FZ_250_Round18_filtered
25,12,0,-242.76,-11.012,287.28,571.37,901,LC0_FZ_250_Round18_filtered
25,12,0,-242.75,-11.703,422.82,556.44,5931,LC0_FZ_250_Round18_filtered
25,12,0,-242.74,-1.912,285,214.55,673,LC0_FZ_250_Round18_filtered
25,12,0,-242.73,2.141,278.81,-267.54,54,LC0_FZ_250_Round18_filtered
25,12,2,-242.71,-5.192,590.028,458.62,11997,LC0_FZ_250_Round18_IA_2_filtered
25,12,0,-242.71,7.963,280.27,-567.26,200,LC0_FZ_250_Round18_filtered
25,12,0,-242.71,-11.336,287.93,558.17,966,LC0_FZ_250_Round18_filtered
25,12,0,-242.7,9.74,415.91,-588.17,5240,LC0_FZ_250_Round18_filtered
25,12,2,-242.69,-1.154,589.018,166,11896,LC0_FZ_250_Round18_IA_2_filtered
25,12,0,-242.68,-11.565,287.43,569.01,916,LC0_FZ_250_Round18_filtered
25,12,0,-242.67,7.52,280.16,-558.11,189,LC0_FZ_250_Round18_filtered
25,12,0,-242.66,2.903,414.2,-334.36,5069,LC0_FZ_250_Round18_filtered
25,12,-0,-242.63,2.217,278.83,-273.41,56,LC0_FZ_250_Round18_filtered
25,12,0,-242.62,10.871,281,-592.2,273,LC0_FZ_250_Round18_filtered
25,12,0,-242.62,-8.53,421.86,542.55,5835,LC0_FZ_250_Round18_filtered
25,12,0,-242.61,-11.746,287.81,560.03,954,LC0_FZ_250_Round18_filtered
25,12,0,-242.61,-6.257,421.3,503.94,5779,LC0_FZ_250_Round18_filtered
25,12,0,-242.61,-11.688,422.84,555.98,5933,LC0_FZ_250_Round18_filtered
25,12,0,-242.58,-8.954,421.97,549.83,5846,LC0_FZ_250_Round18_filtered
25,12,2,-242.57,9.571,584.868,-587.99,11481,LC0_FZ_250_Round18_IA_2_filtered
25,12,0,-242.57,5.213,279.58,-484.16,131,LC0_FZ_250_Round18_filtered
25,12,0,-242.57,-8.294,286.6,536.34,833,LC0_FZ_250_Round18_filtered
25,12,0,-242.54,5.22,414.78,-485.25,5127,LC0_FZ_250_Round18_filtered
25,12,0,-242.54,-8.059,421.75,534.47,5824,LC0_FZ_250_Round18_filtered
25,12,-0,-242.54,-11.644,422.71,558.01,5920,LC0_FZ_250_Round18_filtered
25,12,0,-242.53,-7.445,286.39,524.23,812,LC0_FZ_250_Round18_filtered
25,12,0,-242.53,-11.953,422.95,555.98,5944,LC0_FZ_250_Round18_filtered
25,12,2,-242.52,-3.213,589.528,349.7,11947,LC0_FZ_250_Round18_IA_2_filtered
25,12,0,-242.52,-10.973,287.27,566.57,900,LC0_FZ_250_Round18_filtered
25,12,0,-242.52,-11.647,422.72,556.12,5921,LC0_FZ_250_Round18_filtered
25,12,0,-242.51,-11.782,287.8,562.05,953,LC0_FZ_250_Round18_filtered
25,12,0,-242.49,-11.693,287.6,564.08,933,LC0_FZ_250_Round18_filtered
25,12,2,-242.48,1.15,588.438,-115.32,11838,LC0_FZ_250_Round18_IA_2_filtered
25,12,2,-242.47,-2.924,589.458,323.31,11940,LC0_FZ_250_Round18_IA_2_filtered
25,12,0,-242.47,-0.602,284.67,61.45,640,LC0_FZ_250_Round18_filtered
25,12,0,-242.47,-10.13,287.06,569.66,879,LC0_FZ_250_Round18_filtered
25,12,0,-242.46,5.681,414.89,-506.19,5138,LC0_FZ_250_Round18_filtered
25,12,0,-242.44,10.663,416.14,-598.86,5263,LC0_FZ_250_Round18_filtered
25,12,0,-242.43,10.497,416.1,-598.1,5259,LC0_FZ_250_Round18_filtered
25,12,2,-242.41,-1.573,589.118,210.36,11906,LC0_FZ_250_Round18_IA_2_filtered
25,12,0,-242.4,-7.757,286.47,520.53,820,LC0_FZ_250_Round18_filtered
25,12,-0,-242.39,-2.51,285.15,273.96,688,LC0_FZ_250_Round18_filtered
25,12,-0,-242.39,-8.339,286.61,538.52,834,LC0_FZ_250_Round18_filtered
25,12,2,-242.37,5.409,583.828,-494.01,11377,LC0_FZ_250_Round18_IA_2_filtered
25,12,0,-242.37,4.342,414.56,-431.42,5105,LC0_FZ_250_Round18_filtered
25,12,-0,-242.35,-10.887,422.45,565.47,5894,LC0_FZ_250_Round18_filtered
25,12,2,-242.33,-2.38,589.318,284.83,11926,LC0_FZ_250_Round18_IA_2_filtered
25,12,2,-242.32,6.56,584.118,-531.08,11406,LC0_FZ_250_Round18_IA_2_filtered
25,12,0,-242.32,9.306,280.61,-585.85,234,LC0_FZ_250_Round18_filtered
25,12,0,-242.31,-6.501,286.15,508.91,788,LC0_FZ_250_Round18_filtered
25,12,2,-242.28,-5.594,590.128,471.64,12007,LC0_FZ_250_Round18_IA_2_filtered
25,12,0,-242.27,10.438,280.89,-591.43,262,LC0_FZ_250_Round18_filtered
25,12,0,-242.26,9.804,280.73,-586.3,246,LC0_FZ_250_Round18_filtered
25,12,0,-242.25,4.15,279.32,-414.35,105,LC0_FZ_250_Round18_filtered
25,12,0,-242.24,-6.792,421.43,507.34,5792,LC0_FZ_250_Round18_filtered
25,12,-0,-242.22,6.368,415.07,-540.14,5156,LC0_FZ_250_Round18_filtered
25,12,2,-242.21,2.708,583.158,-297.47,11310,LC0_FZ_250_Round18_IA_2_filtered
25,12,0,-242.21,-12.146,287.68,564.53,941,LC0_FZ_250_Round18_filtered
25,12,2,-242.19,4.4,583.578,-429.49,11352,LC0_FZ_250_Round18_IA_2_filtered
25,12,0,-242.19,3.909,414.45,-402.88,5094,LC0_FZ_250_Round18_filtered
25,12,0,-242.15,-6.3,421.31,501.61,5780,LC0_FZ_250_Round18_filtered
25,12,0,-242.1,-6.168,421.27,496.19,5776,LC0_FZ_250_Round18_filtered
25,12,0,-242.08,-8.904,421.96,546.72,5845,LC0_FZ_250_Round18_filtered
25,12,0,-242.04,-9.648,286.94,560.06,867,LC0_FZ_250_Round18_filtered
25,12,4,-242.01,10.439,754.083,-579.97,17747,LC0_FZ_250_IA_4_filtered
25,12,0,-242.01,10.283,280.85,-589.57,258,LC0_FZ_250_Round18_filtered
25,12,0,-242.01,11.038,416.23,-590.17,5272,LC0_FZ_250_Round18_filtered
25,12,0,-242,-0.994,284.78,114.82,651,LC0_FZ_250_Round18_filtered
25,12,0,-241.94,-10.91,422.46,561.43,5895,LC0_FZ_250_Round18_filtered
25,12,0,-241.9,-9.693,286.95,563,868,LC0_FZ_250_Round18_filtered
25,12,0,-241.88,-11.663,287.49,568.4,922,LC0_FZ_250_Round18_filtered
25,12,2,-241.87,10.158,585.018,-590.94,11496,LC0_FZ_250_Round18_IA_2_filtered
25,12,0,-241.87,1.897,413.95,-246.29,5044,LC0_FZ_250_Round18_filtered
25,12,0,-241.86,-11.365,422.58,561.12,5907,LC0_FZ_250_Round18_filtered
25,12,0,-241.83,0.394,284.43,-61.24,616,LC0_FZ_250_Round18_filtered
25,12,-0,-241.83,-6.528,421.37,498.53,5786,LC0_FZ_250_Round18_filtered
25,12,0,-241.82,8.894,280.5,-578.09,223,LC0_FZ_250_Round18_filtered
25,12,0,-241.82,3.625,414.38,-393.29,5087,LC0_FZ_250_Round18_filtered
25,12,0,-241.79,-9.958,422.22,560.82,5871,LC0_FZ_250_Round18_filtered
25,12,-0,-241.77,-10.637,422.39,554.32,5888,LC0_FZ_250_Round18_filtered
25,12,2,-241.76,-8.754,590.918,524.03,12086,LC0_FZ_250_Round18_IA_2_filtered
25,12,0,-241.75,2.565,278.92,-306.76,65,LC0_FZ_250_Round18_filtered
25,12,2,-241.74,8.2,584.528,-565.04,11447,LC0_FZ_250_Round18_IA_2_filtered
25,12,2,-241.74,-4.527,589.858,433.47,11980,LC0_FZ_250_Round18_IA_2_filtered
25,12,0,-241.74,1.457,284.16,-186.25,589,LC0_FZ_250_Round18_filtered
25,12,0,-241.72,-8.737,286.71,542.7,844,LC0_FZ_250_Round18_filtered
25,12,0,-241.69,-9.602,286.93,554.95,866,LC0_FZ_250_Round18_filtered
25,12,0,-241.69,10.062,415.99,-592.5,5248,LC0_FZ_250_Round18_filtered
25,12,0,-241.66,6.802,279.98,-533.44,171,LC0_FZ_250_Round18_filtered
25,12,2,-241.63,-1.464,589.088,199.63,11903,LC0_FZ_250_Round18_IA_2_filtered
25,12,4,-241.61,10.394,754.073,-577.98,17746,LC0_FZ_250_IA_4_filtered
25,12,0,-241.61,-8.847,421.95,541.92,5844,LC0_FZ_250_Round18_filtered
25,12,0,-241.59,-9.164,286.82,549.2,855,LC0_FZ_250_Round18_filtered
25,12,2,-241.58,8.813,584.678,-570.31,11462,LC0_FZ_250_Round18_IA_2_filtered
25,12,0,-241.58,6.988,415.22,-543.05,5171,LC0_FZ_250_Round18_filtered
25,12,2,-241.56,-8.241,590.788,520.91,12073,LC0_FZ_250_Round18_IA_2_filtered
25,12,0,-241.56,9.07,280.55,-573.89,228,LC0_FZ_250_Round18_filtered
25,12,0,-241.55,-6.351,421.32,498.51,5781,LC0_FZ_250_Round18_filtered
25,12,2,-241.53,-8.285,590.798,519.05,12074,LC0_FZ_250_Round18_IA_2_filtered
25,12,0,-241.53,0.326,278.36,-56.46,9,LC0_FZ_250_Round18_filtered
25,12,0,-241.52,-11.702,287.59,561.6,932,LC0_FZ_250_Round18_filtered
25,12,4,-241.5,5.199,752.773,-457,17616,LC0_FZ_250_IA_4_filtered
25,12,4,-241.48,7.782,753.414,-542.73,17680,LC0_FZ_250_IA_4_filtered
25,12,2,-241.44,9.113,584.758,-578.24,11470,LC0_FZ_250_Round18_IA_2_filtered
25,12,0,-241.44,-6.448,286.14,505.66,787,LC0_FZ_250_Round18_filtered
25,12,0,-241.41,3.679,279.2,-383.65,93,LC0_FZ_250_Round18_filtered
25,12,0,-241.41,-6.564,286.17,508.44,790,LC0_FZ_250_Round18_filtered
25,12,0,-241.4,-10.194,422.28,552.76,5877,LC0_FZ_250_Round18_filtered
25,12,0,-241.38,8.159,280.32,-556.52,205,LC0_FZ_250_Round18_filtered
25,12,0,-241.38,-5.772,421.17,489.22,5766,LC0_FZ_250_Round18_filtered
25,12,0,-241.35,2.998,279.03,-342.12,76,LC0_FZ_250_Round18_filtered
25,12,0,-241.34,-8.568,421.87,541.76,5836,LC0_FZ_250_Round18_filtered
25,12,0,-241.33,-5.801,421.18,491.7,5767,LC0_FZ_250_Round18_filtered
25,12,2,-241.29,1.162,588.428,-119.87,11837,LC0_FZ_250_Round18_IA_2_filtered
25,12,-0,-241.29,7.259,280.09,-541.33,182,LC0_FZ_250_Round18_filtered
25,12,0,-241.28,2.856,414.19,-332.98,5068,LC0_FZ_250_Round18_filtered
25,12,0,-241.27,-10.639,287.19,572,892,LC0_FZ_250_Round18_filtered
25,12,0,-241.25,10.523,416.11,-593.59,5260,LC0_FZ_250_Round18_filtered
25,12,0,-241.24,-7.282,286.35,511.06,808,LC0_FZ_250_Round18_filtered
25,12,0,-241.24,-3.464,420.6,354.45,5709,LC0_FZ_250_Round18_filtered
25,12,0,-241.21,11.598,281.21,-591.41,294,LC0_FZ_250_Round18_filtered
25,12,0,-241.21,-8.706,286.7,537.12,843,LC0_FZ_250_Round18_filtered
25,12,2,-241.19,3.563,583.368,-368.23,11331,LC0_FZ_250_Round18_IA_2_filtered
25,12,0,-241.19,-9.749,422.17,551.36,5866,LC0_FZ_250_Round18_filtered
25,12,0,-241.18,4.505,414.6,-451,5109,LC0_FZ_250_Round18_filtered
25,12,0,-241.17,-8.12,421.76,533.7,5825,LC0_FZ_250_Round18_filtered
25,12,0,-241.15,-5.722,421.16,484.42,5765,LC0_FZ_250_Round18_filtered
25,12,0,-241.14,-6.834,286.24,506.58,797,LC0_FZ_250_Round18_filtered
25,12,0,-241.14,-9.232,286.84,555.87,857,LC0_FZ_250_Round18_filtered
25,12,0,-241.11,7.793,415.42,-560.26,5191,LC0_FZ_250_Round18_filtered
25,12,-0,-241.1,7.109,280.05,-547.25,178,LC0_FZ_250_Round18_filtered
25,12,0,-241.08,-10.07,287.04,559.91,877,LC0_FZ_250_Round18_filtered
25,12,-0,-241.08,-11.375,287.37,560.22,910,LC0_FZ_250_Round18_filtered
25,12,0,-241.07,7.43,415.33,-549.25,5182,LC0_FZ_250_Round18_filtered
25,12,4,-241.06,5.686,752.893,-484.35,17628,LC0_FZ_250_IA_4_filtered
25,12,0,-241.04,-3.317,285.35,335.54,708,LC0_FZ_250_Round18_filtered
25,12,0,-241.03,5.696,279.7,-507.42,143,LC0_FZ_250_Round18_filtered
25,12,0,-241.02,11.247,281.09,-592.2,282,LC0_FZ_250_Round18_filtered
25,12,0,-241.01,3.184,279.07,-349.69,80,LC0_FZ_250_Round18_filtered
25,12,0,-241.01,-2.264,420.3,258.14,5679,LC0_FZ_250_Round18_filtered
25,12,0,-240.99,-11.695,287.58,561.44,931,LC0_FZ_250_Round18_filtered
25,12,0,-240.93,-3.126,420.51,329.8,5700,LC0_FZ_250_Round18_filtered
25,12,2,-240.9,-4.569,589.868,433.13,11981,LC0_FZ_250_Round18_IA_2_filtered
25,12,-0,-240.85,-10.17,422.27,548.9,5876,LC0_FZ_250_Round18_filtered
25,12,0,-240.84,3.849,279.24,-401.81,97,LC0_FZ_250_Round18_filtered
25,12,0,-240.83,-1.84,420.19,215.01,5668,LC0_FZ_250_Round18_filtered
25,12,0,-240.82,-6.412,286.13,499.61,786,LC0_FZ_250_Round18_filtered
25,12,0,-240.77,-11.064,422.5,555.21,5899,LC0_FZ_250_Round18_filtered
25,12,0,-240.76,-6.008,286.03,493.73,776,LC0_FZ_250_Round18_filtered
25,12,-0,-240.76,6.955,415.21,-543.67,5170,LC0_FZ_250_Round18_filtered
25,12,0,-240.75,-1.861,284.99,210.05,672,LC0_FZ_250_Round18_filtered
25,12,0,-240.75,-9.731,286.96,563.3,869,LC0_FZ_250_Round18_filtered
25,12,0,-240.74,8.348,415.56,-560.26,5205,LC0_FZ_250_Round18_filtered
25,12,0,-240.73,-6.526,421.36,493.7,5785,LC0_FZ_250_Round18_filtered
25,12,2,-240.72,-3.232,589.538,350.42,11948,LC0_FZ_250_Round18_IA_2_filtered
25,12,0,-240.72,-6.823,421.44,503.3,5793,LC0_FZ_250_Round18_filtered
25,12,0,-240.7,3.378,414.32,-369.23,5081,LC0_FZ_250_Round18_filtered
25,12,0,-240.68,8.588,280.43,-562.57,216,LC0_FZ_250_Round18_filtered
25,12,0,-240.64,-10.002,422.23,557.41,5872,LC0_FZ_250_Round18_filtered
25,12,0,-240.63,-2.766,285.22,291.78,695,LC0_FZ_250_Round18_filtered
25,12,0,-240.62,4.574,279.42,-438.39,115,LC0_FZ_250_Round18_filtered
25,12,0,-240.6,-3.947,420.72,389.67,5721,LC0_FZ_250_Round18_filtered
25,12,0,-240.59,4.279,279.35,-430.04,108,LC0_FZ_250_Round18_filtered
25,12,4,-240.57,6.852,753.184,-517.49,17657,LC0_FZ_250_IA_4_filtered
25,12,2,-240.56,-3.705,589.648,379.59,11959,LC0_FZ_250_Round18_IA_2_filtered
25,12,0,-240.56,5.442,279.64,-487.25,137,LC0_FZ_250_Round18_filtered
25,12,0,-240.54,6.334,279.86,-521.35,159,LC0_FZ_250_Round18_filtered
25,12,0,-240.54,-9.514,422.11,554.17,5860,LC0_FZ_250_Round18_filtered
25,12,0,-240.54,-10.567,422.37,550.57,5886,LC0_FZ_250_Round18_filtered
25,12,0,-240.53,-6.886,421.45,500.21,5794,LC0_FZ_250_Round18_filtered
25,12,-0,-240.5,-10.022,287.03,553.87,876,LC0_FZ_250_Round18_filtered
25,12,0,-240.49,6.186,279.82,-525.7,155,LC0_FZ_250_Round18_filtered
25,12,0,-240.47,7.393,415.32,-550.8,5181,LC0_FZ_250_Round18_filtered
25,12,0,-240.47,-6.427,421.34,492.62,5783,LC0_FZ_250_Round18_filtered
25,12,2,-240.46,-1.109,589.008,161.27,11895,LC0_FZ_250_Round18_IA_2_filtered
25,12,0,-240.46,8.705,415.65,-569.08,5214,LC0_FZ_250_Round18_filtered
25,12,0,-240.41,-10.699,287.2,568.59,893,LC0_FZ_250_Round18_filtered
25,12,4,-240.4,9.949,753.964,-574.16,17735,LC0_FZ_250_IA_4_filtered
25,12,0,-240.4,8.78,415.67,-566.91,5216,LC0_FZ_250_Round18_filtered
25,12,0,-240.38,-10.982,422.48,554.6,5897,LC0_FZ_250_Round18_filtered
25,12,-0,-240.37,-6.484,421.35,491.69,5784,LC0_FZ_250_Round18_filtered
25,12,0,-240.37,-9.277,422.05,541.76,5854,LC0_FZ_250_Round18_filtered
25,12,0,-240.35,-6.383,421.33,494.94,5782,LC0_FZ_250_Round18_filtered
25,12,0,-240.34,9.848,280.74,-581.49,247,LC0_FZ_250_Round18_filtered
25,12,2,-240.33,8.323,584.558,-559.49,11450,LC0_FZ_250_Round18_IA_2_filtered
25,12,0,-240.33,-10.449,287.14,556.33,887,LC0_FZ_250_Round18_filtered
25,12,0,-240.33,-3.561,420.62,362.84,5711,LC0_FZ_250_Round18_filtered
25,12,0,-240.32,4.125,279.31,-409.68,104,LC0_FZ_250_Round18_filtered
25,12,0,-240.32,-5.582,285.92,477,765,LC0_FZ_250_Round18_filtered
25,12,0,-240.3,2.6,278.93,-309.54,66,LC0_FZ_250_Round18_filtered
25,12,-0,-240.3,-7.239,286.34,506.74,807,LC0_FZ_250_Round18_filtered
25,12,0,-240.29,-10.511,422.36,552.9,5885,LC0_FZ_250_Round18_filtered
25,12,0,-240.28,5.89,279.75,-506.62,148,LC0_FZ_250_Round18_filtered
25,12,0,-240.28,10.096,416,-590.34,5249,LC0_FZ_250_Round18_filtered
25,12,0,-240.27,-5.858,421.2,489.54,5769,LC0_FZ_250_Round18_filtered
25,12,0,-240.24,5.017,279.53,-464.13,126,LC0_FZ_250_Round18_filtered
25,12,0,-240.24,-9.561,286.92,548.91,865,LC0_FZ_250_Round18_filtered
25,12,0,-240.22,5.241,279.59,-485.54,132,LC0_FZ_250_Round18_filtered
25,12,0,-240.22,9.166,415.77,-575.44,5226,LC0_FZ_250_Round18_filtered
25,12,0,-240.21,-9.284,286.85,554.95,858,LC0_FZ_250_Round18_filtered
25,12,0,-240.2,2.618,278.94,-311.7,67,LC0_FZ_250_Round18_filtered
25,12,2,-240.19,6.089,583.998,-515.79,11394,LC0_FZ_250_Round18_IA_2_filtered
25,12,0,-240.19,7.993,280.28,-562.6,201,LC0_FZ_250_Round18_filtered
25,12,0,-240.19,5.634,414.88,-504.63,5137,LC0_FZ_250_Round18_filtered
25,12,0,-240.16,3.44,279.14,-375.59,87,LC0_FZ_250_Round18_filtered
25,12,0,-240.16,-2.114,285.05,236.72,678,LC0_FZ_250_Round18_filtered
25,12,0,-240.16,6.044,414.99,-522.3,5148,LC0_FZ_250_Round18_filtered
25,12,4,-240.15,3.807,752.424,-353.91,17581,LC0_FZ_250_IA_4_filtered
25,12,0,-240.15,-8.585,421.88,540.06,5837,LC0_FZ_250_Round18_filtered
25,12,2,-240.13,8.689,584.648,-569.74,11459,LC0_FZ_250_Round18_IA_2_filtered
25,12,4,-240.09,4.764,752.664,-428.48,17605,LC0_FZ_250_IA_4_filtered
25,12,0,-240.09,7.558,280.17,-553.45,190,LC0_FZ_250_Round18_filtered
25,12,0,-240.09,-9.039,421.99,548.58,5848,LC0_FZ_250_Round18_filtered
25,12,0,-240.08,-7.08,286.3,510.28,803,LC0_FZ_250_Round18_filtered
25,12,0,-240.08,-5.301,421.06,470.93,5755,LC0_FZ_250_Round18_filtered
25,12,0,-240.07,10.304,280.86,-584.74,259,LC0_FZ_250_Round18_filtered
25,12,0,-240.07,-3.998,420.73,393.69,5722,LC0_FZ_250_Round18_filtered
25,12,2,-240.06,3.885,583.448,-386.71,11339,LC0_FZ_250_Round18_IA_2_filtered
25,12,0,-240.04,-11.657,287.48,564.22,921,LC0_FZ_250_Round18_filtered
25,12,2,-240.03,-3.794,589.678,381.59,11962,LC0_FZ_250_Round18_IA_2_filtered
25,12,0,-240.03,-4.649,285.69,427.5,742,LC0_FZ_250_Round18_filtered
25,12,0,-240.02,11.292,281.1,-590.32,283,LC0_FZ_250_Round18_filtered
25,12,0,-240.01,-11.309,287.36,556.81,909,LC0_FZ_250_Round18_filtered
25,12,0,-239.99,-6.622,286.18,504.89,791,LC0_FZ_250_Round18_filtered
25,12,0,-239.98,4.778,279.47,-460.28,120,LC0_FZ_250_Round18_filtered
25,12,0,-239.97,-6.063,421.25,485.19,5774,LC0_FZ_250_Round18_filtered
25,12,2,-239.94,2.404,583.078,-266.67,11302,LC0_FZ_250_Round18_IA_2_filtered
25,12,0,-239.94,5.475,414.84,-504.16,5133,LC0_FZ_250_Round18_filtered
25,12,4,-239.92,2.257,752.034,-213,17542,LC0_FZ_250_IA_4_filtered
25,12,0,-239.9,-8.838,286.74,545.35,847,LC0_FZ_250_Round18_filtered
25,12,0,-239.89,4.731,414.66,-457.31,5115,LC0_FZ_250_Round18_filtered
25,12,0,-239.88,-0.73,284.71,81.47,644,LC0_FZ_250_Round18_filtered
25,12,-0,-239.85,-7.519,286.41,518.83,814,LC0_FZ_250_Round18_filtered
25,12,0,-239.83,-6.914,421.46,498.65,5795,LC0_FZ_250_Round18_filtered
25,12,2,-239.81,2.342,583.058,-259.84,11300,LC0_FZ_250_Round18_IA_2_filtered
25,12,0,-239.81,9.653,415.89,-581.02,5238,LC0_FZ_250_Round18_filtered
25,12,0,-239.78,-11.634,287.47,561.73,920,LC0_FZ_250_Round18_filtered
25,12,0,-239.78,6.491,415.1,-534.7,5159,LC0_FZ_250_Round18_filtered
25,12,0,-239.78,-4.818,420.94,442.88,5743,LC0_FZ_250_Round18_filtered
25,12,0,-239.78,-9.695,422.16,546.56,5865,LC0_FZ_250_Round18_filtered
25,12,-0,-239.73,-5.687,421.15,478.7,5764,LC0_FZ_250_Round18_filtered
25,12,2,-239.7,0.733,588.538,-68.41,11848,LC0_FZ_250_Round18_IA_2_filtered
25,12,0,-239.7,-7.399,421.58,507.02,5807,LC0_FZ_250_Round18_filtered
25,12,0,-239.69,8.932,280.51,-572.33,224,LC0_FZ_250_Round18_filtered
25,12,0,-239.69,-2.008,420.23,227.59,5672,LC0_FZ_250_Round18_filtered
25,12,0,-239.68,-4.62,285.68,421.16,741,LC0_FZ_250_Round18_filtered
25,12,0,-239.67,8.74,415.66,-566.13,5215,LC0_FZ_250_Round18_filtered
25,12,0,-239.66,-3.257,285.34,330.58,707,LC0_FZ_250_Round18_filtered
25,12,0,-239.65,4.058,414.49,-423.38,5098,LC0_FZ_250_Round18_filtered
25,12,2,-239.61,6.403,584.078,-530.7,11402,LC0_FZ_250_Round18_IA_2_filtered
25,12,-0,-239.61,-10.733,287.21,564.26,894,LC0_FZ_250_Round18_filtered
25,12,0,-239.61,-1.145,420.02,135.15,5651,LC0_FZ_250_Round18_filtered
25,12,0,-239.59,-10.882,287.25,556.32,898,LC0_FZ_250_Round18_filtered
25,12,0,-239.55,-4.209,285.58,401.76,731,LC0_FZ_250_Round18_filtered
25,12,0,-239.55,-8.157,421.77,531.05,5826,LC0_FZ_250_Round18_filtered
25,12,0,-239.54,8.271,415.54,-561.95,5203,LC0_FZ_250_Round18_filtered
25,12,0,-239.51,7.139,280.06,-543.83,179,LC0_FZ_250_Round18_filtered
25,12,0,-239.51,-9.556,422.12,550.92,5861,LC0_FZ_250_Round18_filtered
25,12,0,-239.5,7.211,280.08,-539.94,181,LC0_FZ_250_Round18_filtered
25,12,0,-239.47,-10.255,287.09,565.34,882,LC0_FZ_250_Round18_filtered
25,12,0,-239.4,-7.962,286.52,526.57,825,LC0_FZ_250_Round18_filtered
25,12,0,-239.38,-6.375,286.12,493.58,785,LC0_FZ_250_Round18_filtered
25,12,0,-239.36,6.765,279.97,-532.04,170,LC0_FZ_250_Round18_filtered
25,12,2,-239.35,5.646,583.888,-498.76,11383,LC0_FZ_250_Round18_IA_2_filtered
25,12,0,-239.33,9.872,280.75,-578.99,248,LC0_FZ_250_Round18_filtered
25,12,-0,-239.33,-7.763,421.67,518.67,5816,LC0_FZ_250_Round18_filtered
25,12,-0,-239.29,-11.283,287.35,556.18,908,LC0_FZ_250_Round18_filtered
25,12,-0,-239.29,-5.229,421.04,460.25,5753,LC0_FZ_250_Round18_filtered
25,12,0,-239.29,-7.872,421.7,516.03,5819,LC0_FZ_250_Round18_filtered
25,12,0,-239.27,5.174,414.77,-483.07,5126,LC0_FZ_250_Round18_filtered
25,12,2,-239.26,3.166,583.268,-338.06,11321,LC0_FZ_250_Round18_IA_2_filtered
25,12,0,-239.26,-4.77,420.93,436.98,5742,LC0_FZ_250_Round18_filtered
25,12,0,-239.23,9.053,280.54,-568.29,227,LC0_FZ_250_Round18_filtered
25,12,0,-239.22,-11.192,287.33,562.53,906,LC0_FZ_250_Round18_filtered
25,12,0,-239.22,3.227,414.28,-365.21,5077,LC0_FZ_250_Round18_filtered
25,12,0,-239.18,-8.791,421.93,532.3,5842,LC0_FZ_250_Round18_filtered
25,12,0,-239.17,-6.631,286.19,501.16,792,LC0_FZ_250_Round18_filtered
25,12,-0,-239.16,0.511,284.39,-81.54,612,LC0_FZ_250_Round18_filtered
25,12,0,-239.16,-3.834,285.48,376.65,721,LC0_FZ_250_Round18_filtered
25,12,0,-239.14,8.492,280.4,-564.75,213,LC0_FZ_250_Round18_filtered
25,12,0,-239.12,-10.423,287.13,553.85,886,LC0_FZ_250_Round18_filtered
25,12,4,-239.09,8.029,753.484,-547.86,17687,LC0_FZ_250_IA_4_filtered
25,12,0,-239.09,-7.706,286.45,511.84,818,LC0_FZ_250_Round18_filtered
25,12,-0,-239.09,-5.962,421.22,483.64,5771,LC0_FZ_250_Round18_filtered
25,12,0,-239.08,-7.369,421.57,507.64,5806,LC0_FZ_250_Round18_filtered
25,12,0,-239.06,5.995,414.97,-523.54,5146,LC0_FZ_250_Round18_filtered
25,12,0,-239.04,-10.845,287.24,554.78,897,LC0_FZ_250_Round18_filtered
25,12,0,-239.01,-5.402,421.08,473.72,5757,LC0_FZ_250_Round18_filtered
25,12,0,-238.99,-5.047,285.79,445.04,752,LC0_FZ_250_Round18_filtered
25,12,0,-238.99,-11.606,287.46,561.41,919,LC0_FZ_250_Round18_filtered
25,12,0,-238.88,9.932,280.76,-579.93,249,LC0_FZ_250_Round18_filtered
25,12,0,-238.86,7.597,280.18,-549.55,191,LC0_FZ_250_Round18_filtered
25,12,0,-238.86,9.479,280.65,-574.03,238,LC0_FZ_250_Round18_filtered
25,12,0,-238.86,-9.082,422,545.8,5849,LC0_FZ_250_Round18_filtered
25,12,2,-238.85,6.886,584.198,-539.24,11414,LC0_FZ_250_Round18_IA_2_filtered
25,12,0,-238.83,-5.694,285.95,479.15,768,LC0_FZ_250_Round18_filtered
25,12,-0,-238.82,-7.583,286.42,515.27,815,LC0_FZ_250_Round18_filtered
25,12,0,-238.81,-8.186,421.78,528.12,5827,LC0_FZ_250_Round18_filtered
25,12,0,-238.77,6.682,279.95,-535.31,168,LC0_FZ_250_Round18_filtered
25,12,0,-238.76,-4.325,420.81,406.73,5730,LC0_FZ_250_Round18_filtered
25,12,0,-238.72,-6.169,286.07,492.78,780,LC0_FZ_250_Round18_filtered
25,12,0,-238.72,-10.756,287.22,559.6,895,LC0_FZ_250_Round18_filtered
25,12,0,-238.7,-8.299,421.81,523.16,5830,LC0_FZ_250_Round18_filtered
25,12,-0,-238.68,-6.723,286.21,496.05,794,LC0_FZ_250_Round18_filtered
25,12,0,-238.66,5.714,279.71,-507.71,144,LC0_FZ_250_Round18_filtered
25,12,0,-238.65,6.028,414.98,-522.29,5147,LC0_FZ_250_Round18_filtered
25,12,0,-238.64,8.04,280.29,-557.6,202,LC0_FZ_250_Round18_filtered
25,12,0,-238.62,8.958,280.52,-567.36,225,LC0_FZ_250_Round18_filtered
25,12,0,-238.59,0.369,419.64,-57.97,5613,LC0_FZ_250_Round18_filtered
25,12,0,-238.59,-7.848,421.69,514.94,5818,LC0_FZ_250_Round18_filtered
25,12,0,-238.57,-5.646,421.14,473.25,5763,LC0_FZ_250_Round18_filtered
25,12,2,-238.55,-0.144,588.758,41.27,11870,LC0_FZ_250_Round18_IA_2_filtered
25,12,0,-238.55,-9.33,286.86,551.69,859,LC0_FZ_250_Round18_filtered
25,12,0,-238.51,8.561,280.42,-559.92,215,LC0_FZ_250_Round18_filtered
25,12,0,-238.48,-9.224,422.04,538.65,5853,LC0_FZ_250_Round18_filtered
25,12,0,-238.46,-7.617,286.43,512.16,816,LC0_FZ_250_Round18_filtered
25,12,0,-238.45,-9.097,422.01,542.55,5850,LC0_FZ_250_Round18_filtered
25,12,-0,-238.43,-8.765,421.92,530.62,5841,LC0_FZ_250_Round18_filtered
25,12,0,-238.42,6.73,279.96,-532.81,169,LC0_FZ_250_Round18_filtered
25,12,0,-238.38,-10.813,287.23,556.17,896,LC0_FZ_250_Round18_filtered
25,12,0,-238.38,-7.785,421.68,516.03,5817,LC0_FZ_250_Round18_filtered
25,12,0,-238.3,-2.972,285.27,313.83,700,LC0_FZ_250_Round18_filtered
25,12,0,-238.3,-5.207,285.83,460.71,756,LC0_FZ_250_Round18_filtered
25,12,0,-238.28,5.592,414.87,-503.83,5136,LC0_FZ_250_Round18_filtered
25,12,0,-238.27,8.071,280.3,-554.19,203,LC0_FZ_250_Round18_filtered
25,12,0,-238.27,-5.502,285.9,465.05,763,LC0_FZ_250_Round18_filtered
25,12,0,-238.2,-10.382,287.12,554.33,885,LC0_FZ_250_Round18_filtered
25,12,0,-238.19,9.447,280.64,-572.79,237,LC0_FZ_250_Round18_filtered
25,12,0,-238.18,-5.193,421.03,454.66,5752,LC0_FZ_250_Round18_filtered
25,12,4,-238.17,8.552,753.614,-550.39,17700,LC0_FZ_250_IA_4_filtered
25,12,0,-238.14,-8.671,421.9,533.7,5839,LC0_FZ_250_Round18_filtered
25,12,0,-238.13,-6.322,286.11,488.91,784,LC0_FZ_250_Round18_filtered
25,12,2,-238.11,-0.181,588.768,46.39,11871,LC0_FZ_250_Round18_IA_2_filtered
25,12,0,-238.09,-3.583,420.63,365,5712,LC0_FZ_250_Round18_filtered
25,12,4,-238.07,7.641,753.383,-534.08,17677,LC0_FZ_250_IA_4_filtered
25,12,0,-238.02,-9.036,286.79,533.71,852,LC0_FZ_250_Round18_filtered
25,12,0,-238.01,5.857,279.74,-505.83,147,LC0_FZ_250_Round18_filtered
25,12,0,-238.01,-4.943,420.97,450.63,5746,LC0_FZ_250_Round18_filtered
25,12,0,-237.99,6.281,279.85,-521.34,158,LC0_FZ_250_Round18_filtered
25,12,0,-237.91,-9.145,422.02,539.61,5851,LC0_FZ_250_Round18_filtered
25,12,0,-237.89,-8.011,286.53,523.47,826,LC0_FZ_250_Round18_filtered
25,12,0,-237.89,-8.142,286.56,518.99,829,LC0_FZ_250_Round18_filtered
25,12,0,-237.85,-8.896,286.75,542.08,848,LC0_FZ_250_Round18_filtered
25,12,2,-237.82,5.014,583.728,-470.87,11367,LC0_FZ_250_Round18_IA_2_filtered
25,12,0,-237.74,0.45,284.41,-71.3,614,LC0_FZ_250_Round18_filtered
25,12,2,-237.72,5.173,583.768,-474.29,11371,LC0_FZ_250_Round18_IA_2_filtered
25,12,2,-237.69,-0.603,588.868,97.88,11881,LC0_FZ_250_Round18_IA_2_filtered
25,12,0,-237.67,-1.836,284.98,206.51,671,LC0_FZ_250_Round18_filtered
25,12,0,-237.66,-9.499,286.9,541.45,863,LC0_FZ_250_Round18_filtered
25,12,0,-237.6,0.502,284.4,-76.59,613,LC0_FZ_250_Round18_filtered
25,12,-0,-237.59,-6.243,286.09,487.37,782,LC0_FZ_250_Round18_filtered
25,12,0,-237.53,-4.584,285.67,415.58,740,LC0_FZ_250_Round18_filtered
25,12,0,-237.46,-5.491,421.1,470.47,5759,LC0_FZ_250_Round18_filtered
25,12,-0,-237.45,-6.27,286.1,487.07,783,LC0_FZ_250_Round18_filtered
25,12,0,-237.45,-8.106,286.55,518.51,828,LC0_FZ_250_Round18_filtered
25,12,0,-237.43,-3.855,285.49,379.59,722,LC0_FZ_250_Round18_filtered
25,12,0,-237.35,3.884,279.25,-404.58,98,LC0_FZ_250_Round18_filtered
25,12,0,-237.34,5.301,279.6,-485.68,133,LC0_FZ_250_Round18_filtered
25,12,0,-237.3,4.808,279.48,-461.03,121,LC0_FZ_250_Round18_filtered
25,12,0,-237.28,-4.072,420.75,397.12,5724,LC0_FZ_250_Round18_filtered
25,12,0,-237.2,-8.051,286.54,520.37,827,LC0_FZ_250_Round18_filtered
25,12,0,-237.2,3.259,414.29,-367.07,5078,LC0_FZ_250_Round18_filtered
25,12,2,-237.19,6.013,583.978,-514.65,11392,LC0_FZ_250_Round18_IA_2_filtered
25,12,0,-237.19,-1.399,284.87,157.97,660,LC0_FZ_250_Round18_filtered
25,12,2,-237.17,-0.656,588.888,107.18,11883,LC0_FZ_250_Round18_IA_2_filtered
25,12,0,-237.17,-0.521,284.65,51.08,638,LC0_FZ_250_Round18_filtered
25,12,0,-237.17,-5.729,285.96,476.98,769,LC0_FZ_250_Round18_filtered
25,12,0,-237.16,4.965,279.52,-462.25,125,LC0_FZ_250_Round18_filtered
25,12,0,-237.14,-4.768,285.72,436.67,745,LC0_FZ_250_Round18_filtered
25,12,0,-237.04,-4.498,420.86,425.03,5735,LC0_FZ_250_Round18_filtered
25,12,0,-236.95,-0.77,284.72,86.6,645,LC0_FZ_250_Round18_filtered
25,12,0,-236.95,4.255,414.54,-426.11,5103,LC0_FZ_250_Round18_filtered
25,12,0,-236.9,-5.261,285.84,459.62,757,LC0_FZ_250_Round18_filtered
25,12,0,-236.9,-8.519,286.66,527.2,839,LC0_FZ_250_Round18_filtered
25,12,0,-236.89,-8.966,286.77,535.27,850,LC0_FZ_250_Round18_filtered
25,12,0,-236.86,3.602,279.18,-379.6,91,LC0_FZ_250_Round18_filtered
25,12,2,-236.84,4.526,583.608,-440.35,11355,LC0_FZ_250_Round18_IA_2_filtered
25,12,0,-236.77,5.769,279.72,-506.93,145,LC0_FZ_250_Round18_filtered
25,12,4,-236.75,6.251,753.034,-502.19,17642,LC0_FZ_250_IA_4_filtered
25,12,0,-236.74,-9.409,286.88,544.41,861,LC0_FZ_250_Round18_filtered
25,12,0,-236.67,-5.547,421.12,468.44,5761,LC0_FZ_250_Round18_filtered
25,12,0,-236.63,3.481,279.15,-377.75,88,LC0_FZ_250_Round18_filtered
25,12,0,-236.57,3.309,414.3,-368.16,5079,LC0_FZ_250_Round18_filtered
25,12,0,-236.48,4.102,414.5,-425.83,5099,LC0_FZ_250_Round18_filtered
25,12,4,-236.41,4.106,752.504,-376.2,17589,LC0_FZ_250_IA_4_filtered
25,12,0,-236.27,-4.559,420.87,425.04,5736,LC0_FZ_250_Round18_filtered
25,12,0,-236.25,5.358,279.62,-485.21,135,LC0_FZ_250_Round18_filtered
25,12,0,-236.25,-3.79,420.68,370.3,5717,LC0_FZ_250_Round18_filtered
25,12,0,-236.23,-5.416,285.88,456.05,761,LC0_FZ_250_Round18_filtered
25,12,0,-236.21,-1.242,284.84,144.63,657,LC0_FZ_250_Round18_filtered
25,12,-0,-236.15,-2.185,285.07,242.5,680,LC0_FZ_250_Round18_filtered
25,12,0,-236.15,-3.901,285.5,381,723,LC0_FZ_250_Round18_filtered
25,12,0,-236.09,-1.777,284.97,202.95,670,LC0_FZ_250_Round18_filtered
25,12,2,-236.03,4.068,583.498,-408.12,11344,LC0_FZ_250_Round18_IA_2_filtered
25,12,0,-236.01,-4.086,285.55,385.5,728,LC0_FZ_250_Round18_filtered
25,12,0,-235.94,-1.53,420.11,178.76,5660,LC0_FZ_250_Round18_filtered
25,12,0,-235.9,-4.522,285.66,411.23,739,LC0_FZ_250_Round18_filtered
25,12,0,-235.9,-5.02,420.99,449.39,5748,LC0_FZ_250_Round18_filtered
25,12,0,-235.75,-5.281,285.85,457.93,758,LC0_FZ_250_Round18_filtered
25,12,4,-235.66,6.287,753.044,-500.71,17643,LC0_FZ_250_IA_4_filtered
25,12,0,-235.66,3.701,414.4,-397.6,5089,LC0_FZ_250_Round18_filtered
25,12,0,-235.62,-3.236,420.54,335.54,5703,LC0_FZ_250_Round18_filtered
25,12,0,-235.36,4.593,414.62,-454.35,5111,LC0_FZ_250_Round18_filtered
25,12,0,-235.33,-0.499,284.64,45.99,637,LC0_FZ_250_Round18_filtered
25,12,2,-235.29,5.523,583.858,-496.55,11380,LC0_FZ_250_Round18_IA_2_filtered
25,12,0,-235.26,-1.493,420.1,174.88,5659,LC0_FZ_250_Round18_filtered
25,12,0,-235.23,4.364,279.37,-434.19,110,LC0_FZ_250_Round18_filtered
25,12,0,-235.2,0.039,284.52,-16.98,625,LC0_FZ_250_Round18_filtered
25,12,0,-235.14,5.084,414.74,-481.95,5123,LC0_FZ_250_Round18_filtered
25,12,0,-235.08,-4.141,420.77,397.29,5726,LC0_FZ_250_Round18_filtered
25,12,0,-235.04,4.858,279.49,-461.64,122,LC0_FZ_250_Round18_filtered
25,12,0,-235.03,-1.298,284.85,149.28,658,LC0_FZ_250_Round18_filtered
25,12,0,-235.03,-4.603,420.88,424.9,5737,LC0_FZ_250_Round18_filtered
25,12,0,-235.02,-4.672,420.9,425.36,5739,LC0_FZ_250_Round18_filtered
25,12,0,-234.98,5.101,414.75,-481.95,5124,LC0_FZ_250_Round18_filtered
25,12,0,-234.94,-4.938,285.76,434.05,749,LC0_FZ_250_Round18_filtered
25,12,0,-234.92,-0.425,284.62,35.12,635,LC0_FZ_250_Round18_filtered
25,12,0,-234.87,-3.705,420.66,367.67,5715,LC0_FZ_250_Round18_filtered
25,12,0,-234.84,-4.376,285.62,410.16,735,LC0_FZ_250_Round18_filtered
25,12,0,-234.82,4.143,414.51,-426.43,5100,LC0_FZ_250_Round18_filtered
25,12,2,-234.74,5.093,583.748,-472.53,11369,LC0_FZ_250_Round18_IA_2_filtered
25,12,0,-234.67,-0.977,419.98,115.46,5647,LC0_FZ_250_Round18_filtered
25,12,0,-234.66,4.478,279.4,-434,113,LC0_FZ_250_Round18_filtered
25,12,0,-234.52,-4.487,285.65,409.39,738,LC0_FZ_250_Round18_filtered
25,12,-0,-234.5,-4.631,420.89,424.75,5738,LC0_FZ_250_Round18_filtered
25,12,-0,-234.44,-4.879,285.75,434.21,748,LC0_FZ_250_Round18_filtered
25,12,0,-234.38,4.668,414.64,-455.27,5113,LC0_FZ_250_Round18_filtered
25,12,0,-234.33,-3.283,420.55,336.65,5704,LC0_FZ_250_Round18_filtered
25,12,0,-234.29,4.045,279.29,-405.93,102,LC0_FZ_250_Round18_filtered
25,12,0,-234.29,-1.056,420,125.73,5649,LC0_FZ_250_Round18_filtered
25,12,0,-234.24,-0.874,284.75,101.23,648,LC0_FZ_250_Round18_filtered
25,12,0,-234.24,-3.481,285.4,349.83,713,LC0_FZ_250_Round18_filtered
25,12,0,-234.18,-0.46,284.63,40.57,636,LC0_FZ_250_Round18_filtered
25,12,0,-234.1,-4.405,285.63,409.38,736,LC0_FZ_250_Round18_filtered
25,12,2,-234,4.116,583.508,-409.88,11345,LC0_FZ_250_Round18_IA_2_filtered
25,12,0,-233.96,3.789,414.42,-398.06,5091,LC0_FZ_250_Round18_filtered
25,12,0,-233.78,-4.468,285.64,408.91,737,LC0_FZ_250_Round18_filtered
25,12,0,-233.73,-3.083,285.3,318.04,703,LC0_FZ_250_Round18_filtered
25,12,0,-233.7,4.211,414.53,-425.94,5102,LC0_FZ_250_Round18_filtered
25,12,0,-233.63,4.405,279.38,-434.17,111,LC0_FZ_250_Round18_filtered
25,12,2,-233.41,3.316,583.308,-347.36,11325,LC0_FZ_250_Round18_IA_2_filtered
25,12,0,-233.08,-0.85,284.74,96.09,647,LC0_FZ_250_Round18_filtered
25,12,2,-232.96,4.638,583.638,-443.86,11358,LC0_FZ_250_Round18_IA_2_filtered
25,12,4,-232.88,5.404,752.824,-463.45,17621,LC0_FZ_250_IA_4_filtered
25,12,4,-232.79,3.102,752.244,-294.73,17563,LC0_FZ_250_IA_4_filtered
25,12,0,-232.73,3.963,279.27,-406.27,100,LC0_FZ_250_Round18_filtered
25,12,2,-231.48,3.758,583.418,-379.2,11336,LC0_FZ_250_Round18_IA_2_filtered
25,12,4,-231.08,3.951,752.464,-367.69,17585,LC0_FZ_250_IA_4_filtered
25,12,4,-229.45,3.616,752.374,-335.93,17576,LC0_FZ_250_IA_4_filtered
25,12,0,-206.43,9.795,315.87,-490.53,1629,LC0_FZ_200_Round18_filtered
25,12,0,-206.42,7.028,316.56,-440.74,1698,LC0_FZ_200_Round18_filtered
25,12,0,-206.19,9.76,315.88,-492.23,1630,LC0_FZ_200_Round18_filtered
25,12,0,-206.06,2.301,312.65,-248.31,1307,LC0_FZ_200_Round18_filtered
25,12,0,-205.87,6.574,316.68,-431.91,1710,LC0_FZ_200_Round18_filtered
25,12,0,-205.85,8.412,316.22,-470.53,1664,LC0_FZ_200_Round18_filtered
25,12,2,-205.74,1.334,481.41,-141.81,7528,LC0_FZ_200_Round18_IA_2_filtered
25,12,4,-205.65,-6.462,660.946,392.81,14827,LC0_FZ_200_IA_4_filtered
25,12,-0,-205.46,9.696,315.89,-491.14,1631,LC0_FZ_200_Round18_filtered
25,12,0,-205.37,10.199,315.77,-494.86,1619,LC0_FZ_200_Round18_filtered
25,12,0,-205.36,7.999,316.32,-456.44,1674,LC0_FZ_200_Round18_filtered
25,12,0,-205.32,9.26,316,-485.72,1642,LC0_FZ_200_Round18_filtered
25,12,0,-205.3,6.606,316.67,-429.75,1709,LC0_FZ_200_Round18_filtered
25,12,4,-205.29,1.043,650.326,-77.8,13765,LC0_FZ_200_IA_4_filtered
25,12,0,-205.22,7.085,316.55,-437.96,1697,LC0_FZ_200_Round18_filtered
25,12,-0,-205.21,3.844,317.36,-337.47,1778,LC0_FZ_200_Round18_filtered
25,12,0,-205.2,-3.294,323.75,285.06,2417,LC0_FZ_200_Round18_filtered
25,12,0,-205.18,4.281,317.25,-361.06,1767,LC0_FZ_200_Round18_filtered
25,12,2,-205.15,0.887,481.29,-88.45,7516,LC0_FZ_200_Round18_IA_2_filtered
25,12,0,-205,6.164,316.78,-418.75,1720,LC0_FZ_200_Round18_filtered
25,12,0,-205,-1.005,324.33,101.25,2475,LC0_FZ_200_Round18_filtered
25,12,0,-204.99,8.366,316.23,-470.2,1665,LC0_FZ_200_Round18_filtered
25,12,0,-204.99,-2.326,323.99,220.67,2441,LC0_FZ_200_Round18_filtered
25,12,0,-204.86,3.371,317.48,-310.81,1790,LC0_FZ_200_Round18_filtered
25,12,4,-204.79,-9.216,660.256,434.22,14758,LC0_FZ_200_IA_4_filtered
25,12,4,-204.78,-7.336,660.726,409.22,14805,LC0_FZ_200_IA_4_filtered
25,12,0,-204.74,6.512,316.69,-431.29,1711,LC0_FZ_200_Round18_filtered
25,12,0,-204.7,5.66,316.91,-410.21,1733,LC0_FZ_200_Round18_filtered
25,12,4,-204.59,-9.656,660.146,439.33,14747,LC0_FZ_200_IA_4_filtered
25,12,4,-204.49,-8.264,660.496,424.11,14782,LC0_FZ_200_IA_4_filtered
25,12,4,-204.49,-3.284,661.746,288.78,14907,LC0_FZ_200_IA_4_filtered
25,12,0,-204.49,5.205,317.02,-396.1,1744,LC0_FZ_200_Round18_filtered
25,12,4,-204.47,-6.501,660.936,391.03,14826,LC0_FZ_200_IA_4_filtered
25,12,4,-204.46,6.099,654.796,-393.38,14212,LC0_FZ_200_IA_4_filtered
25,12,4,-204.43,-8.774,660.366,429.55,14769,LC0_FZ_200_IA_4_filtered
25,12,0,-204.41,4.759,317.13,-379.68,1755,LC0_FZ_200_Round18_filtered
25,12,0,-204.38,10.658,315.65,-498.24,1607,LC0_FZ_200_Round18_filtered
25,12,0,-204.32,2.544,317.69,-251.72,1811,LC0_FZ_200_Round18_filtered
25,12,4,-204.3,-6.433,660.956,391.76,14828,LC0_FZ_200_IA_4_filtered
25,12,4,-204.27,-2.84,661.856,263.88,14918,LC0_FZ_200_IA_4_filtered
25,12,4,-204.2,-6.006,661.056,382.46,14838,LC0_FZ_200_IA_4_filtered
25,12,4,-204.15,2.468,655.706,-200.93,14303,LC0_FZ_200_IA_4_filtered
25,12,4,-204.15,-6.858,660.846,400,14817,LC0_FZ_200_IA_4_filtered
25,12,-0,-204.08,8.467,316.2,-462.74,1662,LC0_FZ_200_Round18_filtered
25,12,0,-204.05,6.654,316.66,-426,1708,LC0_FZ_200_Round18_filtered
25,12,2,-204.02,-2.889,492.85,267.75,8672,LC0_FZ_200_Round18_IA_2_filtered
25,12,0,-203.94,9.216,316.01,-482.92,1643,LC0_FZ_200_Round18_filtered
25,12,0,-203.93,5.164,317.03,-397.04,1745,LC0_FZ_200_Round18_filtered
25,12,0,-203.93,-1.062,324.31,108.88,2473,LC0_FZ_200_Round18_filtered
25,12,0,-203.91,4.731,317.14,-380.73,1756,LC0_FZ_200_Round18_filtered
25,12,0,-203.89,3.899,317.35,-337.17,1777,LC0_FZ_200_Round18_filtered
25,12,0,-203.87,-3.689,323.65,309.54,2407,LC0_FZ_200_Round18_filtered
25,12,4,-203.81,-3.305,661.736,289.34,14906,LC0_FZ_200_IA_4_filtered
25,12,2,-203.79,3.508,486.45,-302.37,8032,LC0_FZ_200_Round18_IA_2_filtered
25,12,0,-203.76,5.736,316.89,-405.38,1731,LC0_FZ_200_Round18_filtered
25,12,4,-203.71,-10.52,659.926,443.94,14725,LC0_FZ_200_IA_4_filtered
25,12,2,-203.68,1.771,481.52,-184.98,7539,LC0_FZ_200_Round18_IA_2_filtered
25,12,0,-203.67,3.33,317.49,-309.58,1791,LC0_FZ_200_Round18_filtered
25,12,4,-203.62,-9.569,660.166,436.94,14749,LC0_FZ_200_IA_4_filtered
25,12,2,-203.62,3.033,486.57,-271.54,8044,LC0_FZ_200_Round18_IA_2_filtered
25,12,0,-203.62,2.756,312.77,-281.96,1319,LC0_FZ_200_Round18_filtered
25,12,4,-203.58,-6.045,661.046,380.7,14837,LC0_FZ_200_IA_4_filtered
25,12,0,-203.54,9.684,315.9,-486.8,1632,LC0_FZ_200_Round18_filtered
25,12,-0,-203.53,-1.833,324.11,182.86,2453,LC0_FZ_200_Round18_filtered
25,12,0,-203.52,-8.266,322.5,439.21,2292,LC0_FZ_200_Round18_filtered
25,12,4,-203.51,-8.201,660.506,422.18,14783,LC0_FZ_200_IA_4_filtered
25,12,2,-203.51,6.225,485.77,-413.29,7964,LC0_FZ_200_Round18_IA_2_filtered
25,12,4,-203.48,4.726,655.136,-347.64,14246,LC0_FZ_200_IA_4_filtered
25,12,2,-203.47,3.468,486.46,-301.77,8033,LC0_FZ_200_Round18_IA_2_filtered
25,12,0,-203.47,-7.362,322.73,420.61,2315,LC0_FZ_200_Round18_filtered
25,12,4,-203.44,-3.717,661.636,310.47,14896,LC0_FZ_200_IA_4_filtered
25,12,4,-203.42,-5.934,661.076,381.31,14840,LC0_FZ_200_IA_4_filtered
25,12,4,-203.42,-1.898,662.086,207.11,14941,LC0_FZ_200_IA_4_filtered
25,12,4,-203.39,7.915,654.336,-443.65,14166,LC0_FZ_200_IA_4_filtered
25,12,2,-203.38,-8.333,491.48,432.69,8535,LC0_FZ_200_Round18_IA_2_filtered
25,12,0,-203.37,-7.818,322.61,429.59,2303,LC0_FZ_200_Round18_filtered
25,12,0,-203.34,7.125,316.54,-434.07,1696,LC0_FZ_200_Round18_filtered
25,12,0,-203.33,11.576,315.41,-508.82,1583,LC0_FZ_200_Round18_filtered
25,12,2,-203.32,7.601,485.42,-444.78,7929,LC0_FZ_200_Round18_IA_2_filtered
25,12,-0,-203.31,2.826,312.78,-286.45,1320,LC0_FZ_200_Round18_filtered
25,12,0,-203.31,11.55,315.42,-507.09,1584,LC0_FZ_200_Round18_filtered
25,12,4,-203.29,-6.367,660.966,389.39,14829,LC0_FZ_200_IA_4_filtered
25,12,4,-203.27,6.959,654.576,-419.08,14190,LC0_FZ_200_IA_4_filtered
25,12,4,-203.27,-2.365,661.966,237.57,14929,LC0_FZ_200_IA_4_filtered
25,12,2,-203.27,7.096,485.55,-435.16,7942,LC0_FZ_200_Round18_IA_2_filtered
25,12,0,-203.27,3.003,317.57,-282.89,1799,LC0_FZ_200_Round18_filtered
25,12,4,-203.19,-10.036,660.046,441.43,14737,LC0_FZ_200_IA_4_filtered
25,12,4,-203.15,-1.404,662.206,173.05,14953,LC0_FZ_200_IA_4_filtered
25,12,0,-203.14,11.691,315.07,-515.01,1549,LC0_FZ_200_Round18_filtered
25,12,0,-203.11,10.632,315.66,-496.7,1608,LC0_FZ_200_Round18_filtered
25,12,0,-203.1,11.154,315.52,-501.65,1594,LC0_FZ_200_Round18_filtered
25,12,0,-203.09,3.779,317.38,-336.26,1780,LC0_FZ_200_Round18_filtered
25,12,4,-203.08,4.745,655.126,-347.02,14245,LC0_FZ_200_IA_4_filtered
25,12,0,-203.08,-7.795,322.62,430.06,2304,LC0_FZ_200_Round18_filtered
25,12,0,-203.03,11.127,315.53,-503.06,1595,LC0_FZ_200_Round18_filtered
25,12,0,-203.02,2.058,317.81,-215.42,1823,LC0_FZ_200_Round18_filtered
25,12,0,-203.02,-9.171,322.27,455.18,2269,LC0_FZ_200_Round18_filtered
25,12,-0,-203.01,11.064,315.54,-501.8,1596,LC0_FZ_200_Round18_filtered
25,12,4,-202.99,2.543,655.686,-205.82,14301,LC0_FZ_200_IA_4_filtered
25,12,2,-202.95,2.103,486.8,-199.24,8067,LC0_FZ_200_Round18_IA_2_filtered
25,12,2,-202.94,5.732,485.89,-401.69,7976,LC0_FZ_200_Round18_IA_2_filtered
25,12,2,-202.92,-1.997,493.07,208.5,8694,LC0_FZ_200_Round18_IA_2_filtered
25,12,0,-202.92,-9.148,322.28,455.66,2270,LC0_FZ_200_Round18_filtered
25,12,0,-202.9,2.427,312.68,-260.72,1310,LC0_FZ_200_Round18_filtered
25,12,2,-202.88,-7.898,491.59,424.76,8546,LC0_FZ_200_Round18_IA_2_filtered
25,12,0,-202.86,11.692,315.08,-512.99,1550,LC0_FZ_200_Round18_filtered
25,12,0,-202.85,-8.694,322.39,448.21,2281,LC0_FZ_200_Round18_filtered
25,12,0,-202.82,8.965,316.08,-466.79,1650,LC0_FZ_200_Round18_filtered
25,12,0,-202.81,11.527,314.96,-509.23,1538,LC0_FZ_200_Round18_filtered
25,12,2,-202.78,8.974,485.08,-472.89,7895,LC0_FZ_200_Round18_IA_2_filtered
25,12,4,-202.77,-7.734,660.626,412.96,14795,LC0_FZ_200_IA_4_filtered
25,12,2,-202.76,6.26,485.76,-411.76,7963,LC0_FZ_200_Round18_IA_2_filtered
25,12,0,-202.76,11.729,315.19,-512.21,1561,LC0_FZ_200_Round18_filtered
25,12,4,-202.74,1.974,655.826,-159.71,14315,LC0_FZ_200_IA_4_filtered
25,12,2,-202.73,9.882,484.85,-486.23,7872,LC0_FZ_200_Round18_IA_2_filtered
25,12,2,-202.73,-2.806,492.87,263.08,8674,LC0_FZ_200_Round18_IA_2_filtered
25,12,0,-202.72,9.886,315.85,-480.88,1627,LC0_FZ_200_Round18_filtered
25,12,0,-202.72,-7.887,322.6,426.66,2302,LC0_FZ_200_Round18_filtered
25,12,2,-202.67,1.745,481.51,-181.14,7538,LC0_FZ_200_Round18_IA_2_filtered
25,12,0,-202.66,-6.888,322.85,411.15,2327,LC0_FZ_200_Round18_filtered
25,12,-0,-202.62,-9.213,322.26,452.87,2268,LC0_FZ_200_Round18_filtered
25,12,4,-202.61,-1.856,662.096,204.87,14942,LC0_FZ_200_IA_4_filtered
25,12,0,-202.61,-4.179,323.53,333.78,2395,LC0_FZ_200_Round18_filtered
25,12,2,-202.6,5.296,486,-388.36,7987,LC0_FZ_200_Round18_IA_2_filtered
25,12,0,-202.6,6.483,316.7,-428.68,1712,LC0_FZ_200_Round18_filtered
25,12,2,-202.58,-7.874,491.6,425.19,8547,LC0_FZ_200_Round18_IA_2_filtered
25,12,4,-202.54,-9.72,660.126,432.99,14745,LC0_FZ_200_IA_4_filtered
25,12,2,-202.54,8.015,485.32,-454.61,7919,LC0_FZ_200_Round18_IA_2_filtered
25,12,2,-202.51,-1.073,493.31,130.74,8718,LC0_FZ_200_Round18_IA_2_filtered
25,12,4,-202.46,-9.081,660.286,430.97,14761,LC0_FZ_200_IA_4_filtered
25,12,2,-202.44,-9.246,491.26,445.07,8513,LC0_FZ_200_Round18_IA_2_filtered
25,12,0,-202.4,-9.635,322.16,462.14,2258,LC0_FZ_200_Round18_filtered
25,12,4,-202.38,0.939,650.306,-69.28,13763,LC0_FZ_200_IA_4_filtered
25,12,-0,-202.34,-10.081,322.04,465.75,2246,LC0_FZ_200_Round18_filtered
25,12,4,-202.32,-5.884,661.086,377.83,14841,LC0_FZ_200_IA_4_filtered
25,12,0,-202.25,7.606,316.42,-440.72,1684,LC0_FZ_200_Round18_filtered
25,12,0,-202.24,-9.68,322.15,461.22,2257,LC0_FZ_200_Round18_filtered
25,12,4,-202.23,-11.786,659.586,451.94,14691,LC0_FZ_200_IA_4_filtered
25,12,0,-202.23,1.567,317.93,-176.95,1835,LC0_FZ_200_Round18_filtered
25,12,2,-202.22,2.968,486.58,-270.02,8045,LC0_FZ_200_Round18_IA_2_filtered
25,12,0,-202.22,-4.187,323.52,334.09,2394,LC0_FZ_200_Round18_filtered
25,12,4,-202.21,-6.117,661.036,377.83,14836,LC0_FZ_200_IA_4_filtered
25,12,2,-202.21,-3.828,492.61,317.99,8648,LC0_FZ_200_Round18_IA_2_filtered
25,12,4,-202.2,-7.246,660.746,403.15,14807,LC0_FZ_200_IA_4_filtered
25,12,0,-202.2,-4.113,323.54,332.22,2396,LC0_FZ_200_Round18_filtered
25,12,4,-202.19,-5.008,661.306,360.13,14863,LC0_FZ_200_IA_4_filtered
25,12,2,-202.19,-9.693,491.14,450.78,8501,LC0_FZ_200_Round18_IA_2_filtered
25,12,2,-202.19,-3.764,492.63,316.46,8650,LC0_FZ_200_Round18_IA_2_filtered
25,12,4,-202.16,-8.161,660.516,418.83,14784,LC0_FZ_200_IA_4_filtered
25,12,2,-202.15,9.389,484.97,-478.93,7884,LC0_FZ_200_Round18_IA_2_filtered
25,12,0,-202.14,-5.524,323.19,382.78,2361,LC0_FZ_200_Round18_filtered
25,12,2,-202.13,4.868,486.11,-371.46,7998,LC0_FZ_200_Round18_IA_2_filtered
25,12,4,-202.11,7.409,654.466,-430.5,14179,LC0_FZ_200_IA_4_filtered
25,12,2,-202.08,-7.381,491.72,415.74,8559,LC0_FZ_200_Round18_IA_2_filtered
25,12,4,-202.05,-10.467,659.936,441.66,14726,LC0_FZ_200_IA_4_filtered
25,12,2,-202.04,4.429,486.22,-352.41,8009,LC0_FZ_200_Round18_IA_2_filtered
25,12,2,-202.02,-2.964,492.83,269.28,8670,LC0_FZ_200_Round18_IA_2_filtered
25,12,2,-202.01,-8.295,491.49,431.7,8536,LC0_FZ_200_Round18_IA_2_filtered
25,12,0,-201.96,-9.7,322.14,457.5,2256,LC0_FZ_200_Round18_filtered
25,12,2,-201.94,-6.595,491.92,396.64,8579,LC0_FZ_200_Round18_IA_2_filtered
25,12,0,-201.93,-1.369,324.23,140.98,2465,LC0_FZ_200_Round18_filtered
25,12,4,-201.89,-7.023,660.806,394.56,14813,LC0_FZ_200_IA_4_filtered
25,12,4,-201.88,-7.933,660.576,408.42,14790,LC0_FZ_200_IA_4_filtered
25,12,4,-201.87,2.03,655.806,-165.36,14313,LC0_FZ_200_IA_4_filtered
25,12,0,-201.87,-6.846,322.86,409.59,2328,LC0_FZ_200_Round18_filtered
25,12,4,-201.86,-5.608,661.156,370.18,14848,LC0_FZ_200_IA_4_filtered
25,12,2,-201.85,4.365,486.23,-352.85,8010,LC0_FZ_200_Round18_IA_2_filtered
25,12,0,-201.83,-6.531,322.94,399.37,2336,LC0_FZ_200_Round18_filtered
25,12,4,-201.81,1.579,655.926,-123.52,14325,LC0_FZ_200_IA_4_filtered
25,12,4,-201.81,-11.735,659.446,453.62,14677,LC0_FZ_200_IA_4_filtered
25,12,0,-201.79,-4.591,323.42,353.95,2384,LC0_FZ_200_Round18_filtered
25,12,4,-201.77,8.325,654.236,-451.67,14156,LC0_FZ_200_IA_4_filtered
25,12,2,-201.76,-5.618,492.16,379.73,8603,LC0_FZ_200_Round18_IA_2_filtered
25,12,-0,-201.74,-8.681,322.4,446.83,2282,LC0_FZ_200_Round18_filtered
25,12,2,-201.72,-9.794,491.12,447.22,8499,LC0_FZ_200_Round18_IA_2_filtered
25,12,4,-201.7,-2.025,656.826,223.48,14415,LC0_FZ_200_IA_4_filtered
25,12,2,-201.69,-5.671,492.15,378.36,8602,LC0_FZ_200_Round18_IA_2_filtered
25,12,2,-201.68,-0.661,493.4,94.41,8727,LC0_FZ_200_Round18_IA_2_filtered
25,12,2,-201.67,-9.326,491.23,440.83,8510,LC0_FZ_200_Round18_IA_2_filtered
25,12,4,-201.65,3.907,655.346,-300.5,14267,LC0_FZ_200_IA_4_filtered
25,12,0,-201.65,2.876,312.79,-290.8,1321,LC0_FZ_200_Round18_filtered
25,12,4,-201.64,-5.46,661.196,370.49,14852,LC0_FZ_200_IA_4_filtered
25,12,2,-201.64,7.039,485.56,-432.93,7943,LC0_FZ_200_Round18_IA_2_filtered
25,12,-0,-201.64,-8.37,322.48,433.49,2290,LC0_FZ_200_Round18_filtered
25,12,4,-201.63,4.793,655.116,-345.09,14244,LC0_FZ_200_IA_4_filtered
25,12,2,-201.63,-5.583,492.17,379.71,8604,LC0_FZ_200_Round18_IA_2_filtered
25,12,0,-201.58,3.275,317.5,-306.94,1792,LC0_FZ_200_Round18_filtered
25,12,2,-201.57,10.77,484.62,-494.48,7849,LC0_FZ_200_Round18_IA_2_filtered
25,12,0,-201.57,8.523,316.19,-456.71,1661,LC0_FZ_200_Round18_filtered
25,12,0,-201.55,11.219,315.51,-498.4,1593,LC0_FZ_200_Round18_filtered
25,12,-0,-201.55,-9.57,322.17,461.56,2259,LC0_FZ_200_Round18_filtered
25,12,2,-201.54,-2.415,487.93,251.6,8180,LC0_FZ_200_Round18_IA_2_filtered
25,12,0,-201.54,1.618,317.92,-179.6,1834,LC0_FZ_200_Round18_filtered
25,12,4,-201.53,-6.79,660.866,392.99,14819,LC0_FZ_200_IA_4_filtered
25,12,2,-201.51,10.749,484.63,-493.37,7850,LC0_FZ_200_Round18_IA_2_filtered
25,12,2,-201.5,-5.157,492.28,367.77,8615,LC0_FZ_200_Round18_IA_2_filtered
25,12,0,-201.5,3.325,312.9,-318.72,1332,LC0_FZ_200_Round18_filtered
25,12,4,-201.49,-11.686,659.356,454.38,14668,LC0_FZ_200_IA_4_filtered
25,12,0,-201.49,-7.004,322.82,406.66,2324,LC0_FZ_200_Round18_filtered
25,12,4,-201.48,1.529,655.936,-119.96,14326,LC0_FZ_200_IA_4_filtered
25,12,2,-201.48,-1.924,493.09,203.95,8696,LC0_FZ_200_Round18_IA_2_filtered
25,12,2,-201.46,7.218,485.52,-429.48,7939,LC0_FZ_200_Round18_IA_2_filtered
25,12,4,-201.45,-7.695,660.636,408.99,14796,LC0_FZ_200_IA_4_filtered
25,12,0,-201.45,-1.791,324.12,180.23,2454,LC0_FZ_200_Round18_filtered
25,12,2,-201.44,6.298,485.75,-408.54,7962,LC0_FZ_200_Round18_IA_2_filtered
25,12,2,-201.43,-10.613,490.91,457.29,8478,LC0_FZ_200_Round18_IA_2_filtered
25,12,0,-201.41,3.227,312.88,-309.86,1330,LC0_FZ_200_Round18_filtered
25,12,4,-201.4,-11.503,659.676,449.4,14700,LC0_FZ_200_IA_4_filtered
25,12,4,-201.39,-10.21,660.006,433.55,14733,LC0_FZ_200_IA_4_filtered
25,12,4,-201.38,4.21,655.266,-324.15,14259,LC0_FZ_200_IA_4_filtered
25,12,4,-201.37,9.234,654.006,-468.17,14133,LC0_FZ_200_IA_4_filtered
25,12,2,-201.37,2.497,486.7,-234.38,8057,LC0_FZ_200_Round18_IA_2_filtered
25,12,2,-201.34,-1.985,487.82,219.31,8169,LC0_FZ_200_Round18_IA_2_filtered
25,12,0,-201.29,11.741,315.2,-507.55,1562,LC0_FZ_200_Round18_filtered
25,12,0,-201.28,7.15,316.53,-429.87,1695,LC0_FZ_200_Round18_filtered
25,12,-0,-201.27,9.443,315.96,-470.46,1638,LC0_FZ_200_Round18_filtered
25,12,4,-201.26,7.994,654.316,-437.57,14164,LC0_FZ_200_IA_4_filtered
25,12,2,-201.26,2.158,486.78,-204.41,8065,LC0_FZ_200_Round18_IA_2_filtered
25,12,-0,-201.24,-9.095,322.29,453.5,2271,LC0_FZ_200_Round18_filtered
25,12,2,-201.22,-4.694,492.4,354.3,8627,LC0_FZ_200_Round18_IA_2_filtered
25,12,-0,-201.21,11.536,314.97,-506.28,1539,LC0_FZ_200_Round18_filtered
25,12,0,-201.18,-9.278,322.25,448.84,2267,LC0_FZ_200_Round18_filtered
25,12,0,-201.18,-2.251,324.01,215.41,2443,LC0_FZ_200_Round18_filtered
25,12,2,-201.17,10.261,484.75,-488.58,7862,LC0_FZ_200_Round18_IA_2_filtered
25,12,2,-201.16,1.692,486.91,-161.61,8078,LC0_FZ_200_Round18_IA_2_filtered
25,12,4,-201.15,7.838,654.356,-440.37,14168,LC0_FZ_200_IA_4_filtered
25,12,2,-201.15,6.766,485.63,-417.06,7950,LC0_FZ_200_Round18_IA_2_filtered
25,12,0,-201.14,2.236,312.63,-242.11,1305,LC0_FZ_200_Round18_filtered
25,12,2,-201.13,9.376,484.98,-477.89,7885,LC0_FZ_200_Round18_IA_2_filtered
25,12,0,-201.13,8.272,314.14,-483.85,1456,LC0_FZ_200_Round18_filtered
25,12,0,-201.12,4.219,317.27,-358.71,1769,LC0_FZ_200_Round18_filtered
25,12,4,-201.11,1.946,655.836,-156.05,14316,LC0_FZ_200_IA_4_filtered
25,12,0,-201.1,-7.913,322.59,422.78,2301,LC0_FZ_200_Round18_filtered
25,12,0,-201.09,9.196,316.02,-477.17,1644,LC0_FZ_200_Round18_filtered
25,12,2,-201.06,-7.068,491.8,403.75,8567,LC0_FZ_200_Round18_IA_2_filtered
25,12,2,-201.06,-2.528,492.94,241.47,8681,LC0_FZ_200_Round18_IA_2_filtered
25,12,4,-201.05,-1.364,662.216,170.74,14954,LC0_FZ_200_IA_4_filtered
25,12,0,-201.04,-8.185,322.52,436.43,2294,LC0_FZ_200_Round18_filtered
25,12,2,-200.98,5.701,485.9,-400.22,7977,LC0_FZ_200_Round18_IA_2_filtered
25,12,-0,-200.98,12.018,315.28,-505.66,1570,LC0_FZ_200_Round18_filtered
25,12,0,-200.98,11.905,315.32,-501.95,1574,LC0_FZ_200_Round18_filtered
25,12,0,-200.98,-5.126,323.29,369.15,2371,LC0_FZ_200_Round18_filtered
25,12,0,-200.97,-6.056,323.05,388.99,2347,LC0_FZ_200_Round18_filtered
25,12,4,-200.96,-8.574,660.416,418.74,14774,LC0_FZ_200_IA_4_filtered
25,12,0,-200.95,11.719,315.09,-507.39,1551,LC0_FZ_200_Round18_filtered
25,12,2,-200.93,-1.947,487.81,214.65,8168,LC0_FZ_200_Round18_IA_2_filtered
25,12,2,-200.92,7.678,485.4,-437.25,7927,LC0_FZ_200_Round18_IA_2_filtered
25,12,2,-200.89,-8.918,491.34,432.3,8521,LC0_FZ_200_Round18_IA_2_filtered
25,12,4,-200.87,-6.601,657.976,424.69,14530,LC0_FZ_200_IA_4_filtered
25,12,4,-200.85,-7.018,658.076,427.62,14540,LC0_FZ_200_IA_4_filtered
25,12,4,-200.85,-6.155,661.026,375.4,14835,LC0_FZ_200_IA_4_filtered
25,12,2,-200.84,8.878,485.1,-470.61,7897,LC0_FZ_200_Round18_IA_2_filtered
25,12,0,-200.83,9.642,315.91,-479.82,1633,LC0_FZ_200_Round18_filtered
25,12,2,-200.82,-11.913,490.56,463.63,8443,LC0_FZ_200_Round18_IA_2_filtered
25,12,2,-200.82,-10.569,490.92,455.4,8479,LC0_FZ_200_Round18_IA_2_filtered
25,12,0,-200.82,10.788,315.62,-490.65,1604,LC0_FZ_200_Round18_filtered
25,12,4,-200.8,-9.98,660.066,434.59,14739,LC0_FZ_200_IA_4_filtered
25,12,2,-200.8,10.805,484.61,-492.49,7848,LC0_FZ_200_Round18_IA_2_filtered
25,12,4,-200.78,-7.069,660.796,391.56,14812,LC0_FZ_200_IA_4_filtered
25,12,4,-200.76,-9.487,660.186,429.14,14751,LC0_FZ_200_IA_4_filtered
25,12,0,-200.74,-1.131,324.3,112.93,2472,LC0_FZ_200_Round18_filtered
25,12,4,-200.73,-2.274,661.996,231.49,14932,LC0_FZ_200_IA_4_filtered
25,12,4,-200.72,-7.104,658.096,427.77,14542,LC0_FZ_200_IA_4_filtered
25,12,4,-200.7,-6.307,660.986,381.76,14831,LC0_FZ_200_IA_4_filtered
25,12,0,-200.7,-10.019,322.06,463.87,2248,LC0_FZ_200_Round18_filtered
25,12,4,-200.67,-8.11,660.526,414.23,14785,LC0_FZ_200_IA_4_filtered
25,12,2,-200.67,-1.502,487.7,177.39,8157,LC0_FZ_200_Round18_IA_2_filtered
25,12,4,-200.65,-11.348,659.716,444.37,14704,LC0_FZ_200_IA_4_filtered
25,12,2,-200.65,-1.543,487.71,182.35,8158,LC0_FZ_200_Round18_IA_2_filtered
25,12,0,-200.65,-7.694,322.64,424.96,2306,LC0_FZ_200_Round18_filtered
25,12,4,-200.63,2.831,655.616,-230.85,14294,LC0_FZ_200_IA_4_filtered
25,12,2,-200.63,5.871,485.86,-395.08,7973,LC0_FZ_200_Round18_IA_2_filtered
25,12,2,-200.62,-3.869,492.6,317.51,8647,LC0_FZ_200_Round18_IA_2_filtered
25,12,4,-200.59,1.161,650.356,-90.07,13768,LC0_FZ_200_IA_4_filtered
25,12,4,-200.58,-6.591,657.966,424.04,14529,LC0_FZ_200_IA_4_filtered
25,12,0,-200.55,7.383,313.92,-477.94,1434,LC0_FZ_200_Round18_filtered
25,12,4,-200.53,-12.096,659.486,447.12,14681,LC0_FZ_200_IA_4_filtered
25,12,4,-200.5,-8.414,658.426,437.85,14575,LC0_FZ_200_IA_4_filtered
25,12,-0,-200.5,9.186,314.37,-494.96,1479,LC0_FZ_200_Round18_filtered
25,12,4,-200.46,10.624,653.656,-484.07,14098,LC0_FZ_200_IA_4_filtered
25,12,0,-200.46,5.992,313.57,-443.2,1399,LC0_FZ_200_Round18_filtered
25,12,4,-200.42,-11.728,659.436,449.16,14676,LC0_FZ_200_IA_4_filtered
25,12,2,-200.41,2.282,481.64,-226.77,7551,LC0_FZ_200_Round18_IA_2_filtered
25,12,0,-200.4,8.708,314.25,-487.71,1467,LC0_FZ_200_Round18_filtered
25,12,2,-200.36,-7.365,491.73,412.57,8560,LC0_FZ_200_Round18_IA_2_filtered
25,12,4,-200.34,-7.962,660.566,405.66,14789,LC0_FZ_200_IA_4_filtered
25,12,2,-200.34,-2.011,487.83,223.14,8170,LC0_FZ_200_Round18_IA_2_filtered
25,12,2,-200.32,11.672,484.39,-502.44,7826,LC0_FZ_200_Round18_IA_2_filtered
25,12,2,-200.32,7.499,485.45,-441.92,7932,LC0_FZ_200_Round18_IA_2_filtered
25,12,0,-200.32,10.556,315.68,-487.85,1610,LC0_FZ_200_Round18_filtered
25,12,4,-200.31,3.746,655.386,-295.79,14271,LC0_FZ_200_IA_4_filtered
25,12,2,-200.31,-7.558,491.68,409.47,8555,LC0_FZ_200_Round18_IA_2_filtered
25,12,0,-200.31,-1.995,324.07,192.96,2449,LC0_FZ_200_Round18_filtered
25,12,2,-200.3,11.244,484.5,-496.53,7837,LC0_FZ_200_Round18_IA_2_filtered
25,12,4,-200.29,-8.98,660.316,418.71,14764,LC0_FZ_200_IA_4_filtered
25,12,0,-200.29,11.074,314.84,-509.7,1526,LC0_FZ_200_Round18_filtered
25,12,2,-200.26,11.621,484.4,-500.57,7827,LC0_FZ_200_Round18_IA_2_filtered
25,12,0,-200.26,7.788,314.02,-477.32,1444,LC0_FZ_200_Round18_filtered
25,12,0,-200.23,-7.467,322.7,413.16,2312,LC0_FZ_200_Round18_filtered
25,12,2,-200.22,4.932,486.09,-367.8,7996,LC0_FZ_200_Round18_IA_2_filtered
25,12,-0,-200.22,7.865,314.04,-483.67,1446,LC0_FZ_200_Round18_filtered
25,12,2,-200.21,-2.091,493.05,211.36,8692,LC0_FZ_200_Round18_IA_2_filtered
25,12,0,-200.21,-8.639,322.41,443.09,2283,LC0_FZ_200_Round18_filtered
25,12,0,-200.2,-6.565,322.93,396.59,2335,LC0_FZ_200_Round18_filtered
25,12,4,-200.19,2.082,655.796,-168.09,14312,LC0_FZ_200_IA_4_filtered
25,12,4,-200.16,-4.739,661.376,344.13,14870,LC0_FZ_200_IA_4_filtered
25,12,0,-200.14,8.208,314.13,-478.07,1455,LC0_FZ_200_Round18_filtered
25,12,0,-200.13,3.691,313,-338.69,1342,LC0_FZ_200_Round18_filtered
25,12,0,-200.13,1.138,318.04,-135.37,1846,LC0_FZ_200_Round18_filtered
25,12,2,-200.1,-3.005,492.82,269.86,8669,LC0_FZ_200_Round18_IA_2_filtered
25,12,4,-200.09,11.535,653.416,-491.22,14074,LC0_FZ_200_IA_4_filtered
25,12,2,-200.09,-5.214,492.26,365.91,8613,LC0_FZ_200_Round18_IA_2_filtered
25,12,0,-200.09,8.989,316.07,-461.01,1649,LC0_FZ_200_Round18_filtered
25,12,0,-200.08,4.657,317.16,-377.78,1758,LC0_FZ_200_Round18_filtered
25,12,0,-200.06,10.088,315.8,-479.33,1622,LC0_FZ_200_Round18_filtered
25,12,0,-200.06,6.442,316.71,-423.67,1713,LC0_FZ_200_Round18_filtered
25,12,4,-200.05,-2.199,656.866,237.21,14419,LC0_FZ_200_IA_4_filtered
25,12,4,-200.04,-8.442,658.436,436.71,14576,LC0_FZ_200_IA_4_filtered
25,12,4,-200.02,4.646,655.156,-344.62,14248,LC0_FZ_200_IA_4_filtered
25,12,2,-200.01,-4.303,492.49,336.58,8636,LC0_FZ_200_Round18_IA_2_filtered
25,12,4,-200,3.248,655.506,-263.01,14283,LC0_FZ_200_IA_4_filtered
25,12,4,-199.97,-10.249,659.996,429.57,14732,LC0_FZ_200_IA_4_filtered
25,12,0,-199.96,9.911,315.84,-474.65,1626,LC0_FZ_200_Round18_filtered
25,12,0,-199.96,1.103,318.05,-132.28,1847,LC0_FZ_200_Round18_filtered
25,12,4,-199.95,1.051,656.056,-72.54,14338,LC0_FZ_200_IA_4_filtered
25,12,4,-199.93,-8.859,658.536,440.29,14586,LC0_FZ_200_IA_4_filtered
25,12,0,-199.91,-9.523,322.18,458.45,2260,LC0_FZ_200_Round18_filtered
25,12,0,-199.91,-6.799,322.87,406.19,2329,LC0_FZ_200_Round18_filtered
25,12,4,-199.9,11.495,653.426,-489.97,14075,LC0_FZ_200_IA_4_filtered
25,12,4,-199.9,-8.436,660.446,411.53,14777,LC0_FZ_200_IA_4_filtered
25,12,0,-199.9,-2.485,323.95,228.32,2437,LC0_FZ_200_Round18_filtered
25,12,4,-199.88,1.588,650.466,-135.19,13779,LC0_FZ_200_IA_4_filtered
25,12,4,-199.88,7.351,654.476,-426.45,14180,LC0_FZ_200_IA_4_filtered
25,12,2,-199.88,-2.786,488.03,275.3,8190,LC0_FZ_200_Round18_IA_2_filtered
25,12,0,-199.86,6.418,313.68,-454.38,1410,LC0_FZ_200_Round18_filtered
25,12,0,-199.86,9.626,314.48,-497.76,1490,LC0_FZ_200_Round18_filtered
25,12,0,-199.86,7.799,316.37,-448.64,1679,LC0_FZ_200_Round18_filtered
25,12,4,-199.84,-9.41,660.206,421.78,14753,LC0_FZ_200_IA_4_filtered
25,12,0,-199.84,1.942,317.84,-208,1826,LC0_FZ_200_Round18_filtered
25,12,4,-199.8,9.337,653.976,-462.81,14130,LC0_FZ_200_IA_4_filtered
25,12,0,-199.8,11.249,315.5,-492.68,1592,LC0_FZ_200_Round18_filtered
25,12,2,-199.79,12.032,484.28,-503.66,7815,LC0_FZ_200_Round18_IA_2_filtered
25,12,2,-199.76,-9.611,491.16,445.58,8503,LC0_FZ_200_Round18_IA_2_filtered
25,12,0,-199.76,-1.34,324.24,137.58,2466,LC0_FZ_200_Round18_filtered
25,12,2,-199.74,-2.333,492.99,232.13,8686,LC0_FZ_200_Round18_IA_2_filtered
25,12,0,-199.74,6.959,313.81,-470.99,1423,LC0_FZ_200_Round18_filtered
25,12,4,-199.73,-3.505,657.196,315.69,14452,LC0_FZ_200_IA_4_filtered
25,12,0,-199.73,-11.433,321.7,475.81,2212,LC0_FZ_200_Round18_filtered
25,12,0,-199.73,-7.23,322.76,412.86,2318,LC0_FZ_200_Round18_filtered
25,12,4,-199.7,11.931,653.306,-494.02,14063,LC0_FZ_200_IA_4_filtered
25,12,4,-199.69,-9.844,660.096,425.19,14742,LC0_FZ_200_IA_4_filtered
25,12,0,-199.69,8.784,314.27,-491.41,1469,LC0_FZ_200_Round18_filtered
25,12,4,-199.67,-12.07,659.496,443.81,14682,LC0_FZ_200_IA_4_filtered
25,12,4,-199.66,11.703,653.076,-499.64,14040,LC0_FZ_200_IA_4_filtered
25,12,0,-199.66,9.23,314.38,-496.08,1480,LC0_FZ_200_Round18_filtered
25,12,-0,-199.66,-5.429,323.21,378.47,2363,LC0_FZ_200_Round18_filtered
25,12,4,-199.64,-8.492,660.436,411.82,14776,LC0_FZ_200_IA_4_filtered
25,12,0,-199.63,1.671,317.91,-181.91,1833,LC0_FZ_200_Round18_filtered
25,12,0,-199.63,-5.176,323.28,367.46,2370,LC0_FZ_200_Round18_filtered
25,12,2,-199.61,-1.588,487.72,186.38,8159,LC0_FZ_200_Round18_IA_2_filtered
25,12,2,-199.6,9.973,484.83,-478.38,7870,LC0_FZ_200_Round18_IA_2_filtered
25,12,2,-199.6,-5.514,492.19,374.4,8606,LC0_FZ_200_Round18_IA_2_filtered
25,12,2,-199.56,-1.882,493.1,200.79,8697,LC0_FZ_200_Round18_IA_2_filtered
25,12,2,-199.55,-8.022,491.56,415.48,8543,LC0_FZ_200_Round18_IA_2_filtered
25,12,0,-199.55,8.548,316.18,-451.71,1660,LC0_FZ_200_Round18_filtered
25,12,0,-199.55,-1.642,318.73,171.42,1915,LC0_FZ_200_Round18_filtered
25,12,4,-199.52,-7.162,660.776,392.09,14810,LC0_FZ_200_IA_4_filtered
25,12,0,-199.52,2.35,317.73,-242.86,1815,LC0_FZ_200_Round18_filtered
25,12,0,-199.52,-2.061,318.84,209.42,1926,LC0_FZ_200_Round18_filtered
25,12,4,-199.51,-6.095,657.846,414.51,14517,LC0_FZ_200_IA_4_filtered
25,12,2,-199.51,-0.993,493.33,123.8,8720,LC0_FZ_200_Round18_IA_2_filtered
25,12,0,-199.51,10.54,314.71,-506.29,1513,LC0_FZ_200_Round18_filtered
25,12,0,-199.51,-9.061,322.3,449.43,2272,LC0_FZ_200_Round18_filtered
25,12,4,-199.5,-10.669,659.886,435.3,14721,LC0_FZ_200_IA_4_filtered
25,12,2,-199.5,-5.713,492.14,375.96,8601,LC0_FZ_200_Round18_IA_2_filtered
25,12,2,-199.5,-4.653,492.41,352.05,8628,LC0_FZ_200_Round18_IA_2_filtered
25,12,0,-199.47,-4.715,323.39,351.31,2381,LC0_FZ_200_Round18_filtered
25,12,4,-199.44,-9.33,658.656,445.7,14598,LC0_FZ_200_IA_4_filtered
25,12,0,-199.42,9.154,314.36,-490.8,1478,LC0_FZ_200_Round18_filtered
25,12,4,-199.41,2.568,655.676,-208.2,14300,LC0_FZ_200_IA_4_filtered
25,12,4,-199.41,-11.713,659.426,443.35,14675,LC0_FZ_200_IA_4_filtered
25,12,0,-199.4,2.609,317.67,-254.93,1809,LC0_FZ_200_Round18_filtered
25,12,2,-199.39,11.304,484.49,-492.66,7836,LC0_FZ_200_Round18_IA_2_filtered
25,12,4,-199.37,-2.862,657.036,273.37,14436,LC0_FZ_200_IA_4_filtered
25,12,2,-199.37,12.064,484.27,-503.36,7814,LC0_FZ_200_Round18_IA_2_filtered
25,12,-0,-199.36,10.052,314.59,-501.31,1501,LC0_FZ_200_Round18_filtered
25,12,0,-199.35,12.148,315.21,-500.08,1563,LC0_FZ_200_Round18_filtered
25,12,4,-199.34,2.401,650.666,-206.82,13799,LC0_FZ_200_IA_4_filtered
25,12,2,-199.33,6.58,485.68,-419.33,7955,LC0_FZ_200_Round18_IA_2_filtered
25,12,-0,-199.33,5.532,313.46,-429.25,1388,LC0_FZ_200_Round18_filtered
25,12,2,-199.31,11.577,484.41,-496.09,7828,LC0_FZ_200_Round18_IA_2_filtered
25,12,4,-199.3,-8.05,660.546,406.36,14787,LC0_FZ_200_IA_4_filtered
25,12,4,-199.29,-10.352,659.966,430.77,14729,LC0_FZ_200_IA_4_filtered
25,12,4,-199.29,-10.28,659.986,427.35,14731,LC0_FZ_200_IA_4_filtered
25,12,0,-199.29,6.03,313.58,-447.08,1400,LC0_FZ_200_Round18_filtered
25,12,4,-199.28,-5.703,657.746,406.87,14507,LC0_FZ_200_IA_4_filtered
25,12,0,-199.27,-10.945,321.83,468.37,2225,LC0_FZ_200_Round18_filtered
25,12,0,-199.26,3.345,312.91,-322.58,1333,LC0_FZ_200_Round18_filtered
25,12,4,-199.25,-4.786,657.516,372.54,14484,LC0_FZ_200_IA_4_filtered
25,12,2,-199.24,5.223,486.02,-385.99,7989,LC0_FZ_200_Round18_IA_2_filtered
25,12,4,-199.21,-11.171,659.116,451.75,14644,LC0_FZ_200_IA_4_filtered
25,12,4,-199.19,-3.823,657.276,328.09,14460,LC0_FZ_200_IA_4_filtered
25,12,4,-199.17,-1.337,662.226,167.51,14955,LC0_FZ_200_IA_4_filtered
25,12,4,-199.15,8.04,654.306,-433.33,14163,LC0_FZ_200_IA_4_filtered
25,12,2,-199.15,-8.679,491.4,428.97,8527,LC0_FZ_200_Round18_IA_2_filtered
25,12,0,-199.15,11.869,315.33,-494.5,1575,LC0_FZ_200_Round18_filtered
25,12,0,-199.15,-5.87,323.1,387.12,2352,LC0_FZ_200_Round18_filtered
25,12,2,-199.14,11.687,484.05,-506.64,7792,LC0_FZ_200_Round18_IA_2_filtered
25,12,2,-199.14,-11.703,490.44,466.21,8431,LC0_FZ_200_Round18_IA_2_filtered
25,12,4,-199.13,-8.931,658.556,439,14588,LC0_FZ_200_IA_4_filtered
25,12,2,-199.13,6.33,485.74,-404.88,7961,LC0_FZ_200_Round18_IA_2_filtered
25,12,0,-199.12,2.103,317.79,-219.27,1821,LC0_FZ_200_Round18_filtered
25,12,0,-199.12,-9.93,322.08,455.82,2250,LC0_FZ_200_Round18_filtered
25,12,0,-199.11,-6.128,323.04,386.84,2346,LC0_FZ_200_Round18_filtered
25,12,2,-199.09,-7.3,491.74,408.66,8561,LC0_FZ_200_Round18_IA_2_filtered
25,12,4,-199.08,-10.744,659.006,451.6,14633,LC0_FZ_200_IA_4_filtered
25,12,0,-199.08,-11.803,321.59,477.54,2201,LC0_FZ_200_Round18_filtered
25,12,4,-199.07,-2.506,661.936,240.41,14926,LC0_FZ_200_IA_4_filtered
25,12,2,-199.07,-2.061,487.84,225.77,8171,LC0_FZ_200_Round18_IA_2_filtered
25,12,0,-199.05,-11.881,321.57,476.6,2199,LC0_FZ_200_Round18_filtered
25,12,4,-199.03,6.893,654.596,-412.23,14192,LC0_FZ_200_IA_4_filtered
25,12,4,-199.03,-4.356,657.406,355.11,14473,LC0_FZ_200_IA_4_filtered
25,12,2,-199.03,7.93,485.34,-448.34,7921,LC0_FZ_200_Round18_IA_2_filtered
25,12,0,-199.01,-3.398,323.72,287.41,2414,LC0_FZ_200_Round18_filtered
25,12,4,-199,-11.612,659.246,450.6,14657,LC0_FZ_200_IA_4_filtered
25,12,0,-198.99,-11.404,321.71,473.35,2213,LC0_FZ_200_Round18_filtered
25,12,2,-198.95,12.007,484.29,-499.96,7816,LC0_FZ_200_Round18_IA_2_filtered
25,12,0,-198.92,3.778,313.02,-347.85,1344,LC0_FZ_200_Round18_filtered
25,12,-0,-198.92,10.382,315.72,-477.59,1614,LC0_FZ_200_Round18_filtered
25,12,2,-198.91,11.676,484.38,-500.46,7825,LC0_FZ_200_Round18_IA_2_filtered
25,12,2,-198.89,-9.876,491.1,438.75,8497,LC0_FZ_200_Round18_IA_2_filtered
25,12,-0,-198.89,4.185,313.12,-364.88,1354,LC0_FZ_200_Round18_filtered
25,12,0,-198.89,-6.748,322.88,402.31,2330,LC0_FZ_200_Round18_filtered
25,12,4,-198.88,11.469,653.436,-485.68,14076,LC0_FZ_200_IA_4_filtered
25,12,2,-198.88,11.686,484.06,-503.08,7793,LC0_FZ_200_Round18_IA_2_filtered
25,12,0,-198.85,9.269,314.39,-493.42,1481,LC0_FZ_200_Round18_filtered
25,12,0,-198.85,9.695,314.5,-499,1492,LC0_FZ_200_Round18_filtered
25,12,4,-198.84,11.954,653.296,-495.33,14062,LC0_FZ_200_IA_4_filtered
25,12,2,-198.84,-9.578,491.17,441.53,8504,LC0_FZ_200_Round18_IA_2_filtered
25,12,2,-198.83,2.652,481.74,-256.17,7561,LC0_FZ_200_Round18_IA_2_filtered
25,12,0,-198.83,-6.312,322.99,395.64,2341,LC0_FZ_200_Round18_filtered
25,12,4,-198.82,-1.087,656.596,147.15,14392,LC0_FZ_200_IA_4_filtered
25,12,0,-198.81,-9.77,322.12,448.54,2254,LC0_FZ_200_Round18_filtered
25,12,4,-198.79,2.337,655.736,-190.86,14306,LC0_FZ_200_IA_4_filtered
25,12,-0,-198.78,-9.49,322.19,454.12,2261,LC0_FZ_200_Round18_filtered
25,12,2,-198.77,2.206,486.77,-207.12,8064,LC0_FZ_200_Round18_IA_2_filtered
25,12,-0,-198.77,-1.108,318.61,120.09,1903,LC0_FZ_200_Round18_filtered
25,12,2,-198.74,-1.19,493.28,140.09,8715,LC0_FZ_200_Round18_IA_2_filtered
25,12,2,-198.73,8.85,485.11,-465.55,7898,LC0_FZ_200_Round18_IA_2_filtered
25,12,0,-198.72,11.695,315.1,-499.17,1552,LC0_FZ_200_Round18_filtered
25,12,2,-198.7,1.445,481.44,-154.76,7531,LC0_FZ_200_Round18_IA_2_filtered
25,12,0,-198.7,-11.509,321.68,472.25,2210,LC0_FZ_200_Round18_filtered
25,12,4,-198.69,-8.49,658.446,433.37,14577,LC0_FZ_200_IA_4_filtered
25,12,0,-198.69,-9.016,322.31,444.81,2273,LC0_FZ_200_Round18_filtered
25,12,4,-198.62,7.597,654.416,-421.41,14174,LC0_FZ_200_IA_4_filtered
25,12,4,-198.62,-11.188,659.756,433.68,14708,LC0_FZ_200_IA_4_filtered
25,12,0,-198.62,-11.685,321.34,477.24,2176,LC0_FZ_200_Round18_filtered
25,12,0,-198.61,8.125,316.29,-442.71,1671,LC0_FZ_200_Round18_filtered
25,12,4,-198.6,-11.131,659.766,435.84,14709,LC0_FZ_200_IA_4_filtered
25,12,2,-198.57,-7.838,489.29,438.75,8316,LC0_FZ_200_Round18_IA_2_filtered
25,12,0,-198.57,-10.661,321.9,460,2232,LC0_FZ_200_Round18_filtered
25,12,2,-198.56,-3.254,488.14,300.08,8201,LC0_FZ_200_Round18_IA_2_filtered
25,12,2,-198.56,-3.362,488.17,311.08,8204,LC0_FZ_200_Round18_IA_2_filtered
25,12,4,-198.54,-2.382,656.916,243.16,14424,LC0_FZ_200_IA_4_filtered
25,12,0,-198.54,1.16,318.03,-138.62,1845,LC0_FZ_200_Round18_filtered
25,12,0,-198.54,-3.557,323.68,300.6,2410,LC0_FZ_200_Round18_filtered
25,12,0,-198.53,11.587,314.98,-501.62,1540,LC0_FZ_200_Round18_filtered
25,12,0,-198.52,-6.599,322.92,394.28,2334,LC0_FZ_200_Round18_filtered
25,12,0,-198.51,-8.424,322.46,427.29,2288,LC0_FZ_200_Round18_filtered
25,12,2,-198.5,2.719,481.76,-264.24,7563,LC0_FZ_200_Round18_IA_2_filtered
25,12,0,-198.5,-9.352,322.23,442.15,2265,LC0_FZ_200_Round18_filtered
25,12,2,-198.48,-10.721,490.88,450.83,8475,LC0_FZ_200_Round18_IA_2_filtered
25,12,0,-198.46,9.602,315.92,-472.19,1634,LC0_FZ_200_Round18_filtered
25,12,2,-198.45,-9.098,491.29,434.23,8516,LC0_FZ_200_Round18_IA_2_filtered
25,12,0,-198.45,-2.104,318.85,213.29,1927,LC0_FZ_200_Round18_filtered
25,12,4,-198.44,-7.612,658.226,424.49,14555,LC0_FZ_200_IA_4_filtered
25,12,0,-198.43,-11.359,321.72,469.46,2214,LC0_FZ_200_Round18_filtered
25,12,4,-198.42,10.558,653.676,-476.89,14100,LC0_FZ_200_IA_4_filtered
25,12,0,-198.41,11.659,315.04,-501.45,1546,LC0_FZ_200_Round18_filtered
25,12,-0,-198.41,7.309,316.49,-434.95,1691,LC0_FZ_200_Round18_filtered
25,12,0,-198.41,3.981,317.33,-336.04,1775,LC0_FZ_200_Round18_filtered
25,12,4,-198.4,-4.814,657.526,374.8,14485,LC0_FZ_200_IA_4_filtered
25,12,0,-198.4,-1.658,318.74,175.61,1916,LC0_FZ_200_Round18_filtered
25,12,0,-198.39,5.094,313.35,-410.81,1377,LC0_FZ_200_Round18_filtered
25,12,0,-198.39,-12.15,321.46,479.38,2188,LC0_FZ_200_Round18_filtered
25,12,4,-198.37,12.003,653.286,-491.94,14061,LC0_FZ_200_IA_4_filtered
25,12,2,-198.37,-8.184,491.52,420.27,8539,LC0_FZ_200_Round18_IA_2_filtered
25,12,0,-198.37,5.072,313.34,-405.22,1376,LC0_FZ_200_Round18_filtered
25,12,2,-198.36,-8.548,491.43,416.53,8530,LC0_FZ_200_Round18_IA_2_filtered
25,12,4,-198.35,0.699,656.146,-36.4,14347,LC0_FZ_200_IA_4_filtered
25,12,0,-198.35,-7.495,322.69,410.85,2311,LC0_FZ_200_Round18_filtered
25,12,4,-198.34,-5.254,657.636,392.05,14496,LC0_FZ_200_IA_4_filtered
25,12,4,-198.34,-6.263,657.886,412.53,14521,LC0_FZ_200_IA_4_filtered
25,12,0,-198.33,9.033,316.06,-457.59,1648,LC0_FZ_200_Round18_filtered
25,12,2,-198.32,4.485,486.2,-350.32,8007,LC0_FZ_200_Round18_IA_2_filtered
25,12,4,-198.31,-3.473,661.696,290.39,14902,LC0_FZ_200_IA_4_filtered
25,12,2,-198.31,-11.963,490.54,459.84,8441,LC0_FZ_200_Round18_IA_2_filtered
25,12,2,-198.31,-6.386,491.97,390.47,8584,LC0_FZ_200_Round18_IA_2_filtered
25,12,2,-198.3,-10.964,490.82,453.6,8469,LC0_FZ_200_Round18_IA_2_filtered
25,12,0,-198.3,9.956,315.83,-470.79,1625,LC0_FZ_200_Round18_filtered
25,12,4,-198.27,-7.161,658.116,420.14,14544,LC0_FZ_200_IA_4_filtered
25,12,2,-198.27,11.536,484.42,-489.15,7829,LC0_FZ_200_Round18_IA_2_filtered
25,12,2,-198.27,-10.003,491.06,442.91,8493,LC0_FZ_200_Round18_IA_2_filtered
25,12,2,-198.25,-7.875,489.3,439.36,8317,LC0_FZ_200_Round18_IA_2_filtered
25,12,0,-198.25,-10.221,322.01,454.26,2243,LC0_FZ_200_Round18_filtered
25,12,4,-198.24,10.299,653.736,-468.98,14106,LC0_FZ_200_IA_4_filtered
25,12,0,-198.2,7.754,314.01,-470.01,1443,LC0_FZ_200_Round18_filtered
25,12,0,-198.2,-1.163,318.62,125.5,1904,LC0_FZ_200_Round18_filtered
25,12,0,-198.2,-12.144,321.47,479.38,2189,LC0_FZ_200_Round18_filtered
25,12,2,-198.18,-7.438,489.19,435.64,8306,LC0_FZ_200_Round18_IA_2_filtered
25,12,0,-198.18,4.899,317.1,-373.86,1752,LC0_FZ_200_Round18_filtered
25,12,4,-198.17,-11.954,659.536,442.18,14686,LC0_FZ_200_IA_4_filtered
25,12,0,-198.15,-10.415,321.96,461.4,2238,LC0_FZ_200_Round18_filtered
25,12,2,-198.14,1.904,481.55,-197.07,7542,LC0_FZ_200_Round18_IA_2_filtered
25,12,2,-198.11,-10.471,490.94,447.87,8481,LC0_FZ_200_Round18_IA_2_filtered
25,12,2,-198.1,6.074,485.8,-405.07,7967,LC0_FZ_200_Round18_IA_2_filtered
25,12,2,-198.09,-4.1,492.54,329.06,8641,LC0_FZ_200_Round18_IA_2_filtered
25,12,2,-198.07,-1.84,487.79,204.18,8166,LC0_FZ_200_Round18_IA_2_filtered
25,12,0,-198.07,-10.882,321.84,465.13,2226,LC0_FZ_200_Round18_filtered
25,12,4,-198.06,4.41,655.216,-323.73,14254,LC0_FZ_200_IA_4_filtered
25,12,2,-198.06,-2.733,492.89,255.95,8676,LC0_FZ_200_Round18_IA_2_filtered
25,12,4,-198.04,1.45,655.956,-112.58,14328,LC0_FZ_200_IA_4_filtered
25,12,4,-198.04,-8.762,658.516,432.09,14584,LC0_FZ_200_IA_4_filtered
25,12,0,-198.04,3.241,317.51,-303.33,1793,LC0_FZ_200_Round18_filtered
25,12,0,-198.04,-8.498,322.44,429.92,2286,LC0_FZ_200_Round18_filtered
25,12,4,-198.03,-3.965,657.316,337.31,14464,LC0_FZ_200_IA_4_filtered
25,12,4,-198.03,-5.608,657.726,398.08,14505,LC0_FZ_200_IA_4_filtered
25,12,0,-198.03,10.958,315.57,-486.9,1599,LC0_FZ_200_Round18_filtered
25,12,2,-198.02,11.667,484.04,-506.97,7791,LC0_FZ_200_Round18_IA_2_filtered
25,12,4,-198.01,-5.286,657.646,392.64,14497,LC0_FZ_200_IA_4_filtered
25,12,4,-198.01,-11.612,659.256,447.74,14658,LC0_FZ_200_IA_4_filtered
25,12,0,-198.01,-4.962,323.33,363.25,2375,LC0_FZ_200_Round18_filtered
25,12,-0,-197.99,9.747,314.51,-495.57,1493,LC0_FZ_200_Round18_filtered
25,12,2,-197.98,-2.961,488.07,286.55,8194,LC0_FZ_200_Round18_IA_2_filtered
25,12,0,-197.98,-11.52,321.22,473.53,2164,LC0_FZ_200_Round18_filtered
25,12,2,-197.97,11.434,483.93,-505.88,7780,LC0_FZ_200_Round18_IA_2_filtered
25,12,0,-197.97,7.687,316.4,-435.29,1682,LC0_FZ_200_Round18_filtered
25,12,2,-197.94,-8.07,491.55,413.58,8542,LC0_FZ_200_Round18_IA_2_filtered
25,12,2,-197.93,-3.044,492.81,271.19,8668,LC0_FZ_200_Round18_IA_2_filtered
25,12,2,-197.91,-5.758,492.13,373.59,8600,LC0_FZ_200_Round18_IA_2_filtered
25,12,0,-197.9,-5.677,323.15,375.5,2357,LC0_FZ_200_Round18_filtered
25,12,2,-197.88,-8.575,491.42,418.39,8529,LC0_FZ_200_Round18_IA_2_filtered
25,12,-0,-197.81,-8.07,322.55,422.49,2297,LC0_FZ_200_Round18_filtered
25,12,0,-197.81,-5.844,323.11,383.27,2353,LC0_FZ_200_Round18_filtered
25,12,4,-197.8,-11.253,659.136,446.21,14646,LC0_FZ_200_IA_4_filtered
25,12,-0,-197.79,-9.823,322.11,446.84,2253,LC0_FZ_200_Round18_filtered
25,12,2,-197.78,-7.146,491.78,398.05,8565,LC0_FZ_200_Round18_IA_2_filtered
25,12,0,-197.78,8.196,314.12,-470.92,1454,LC0_FZ_200_Round18_filtered
25,12,4,-197.75,-12.032,659.516,438.71,14684,LC0_FZ_200_IA_4_filtered
25,12,2,-197.74,10.005,484.82,-472.72,7869,LC0_FZ_200_Round18_IA_2_filtered
25,12,4,-197.73,-1.736,656.756,205.67,14408,LC0_FZ_200_IA_4_filtered
25,12,4,-197.71,-9.191,658.626,432.54,14595,LC0_FZ_200_IA_4_filtered
25,12,4,-197.69,7.316,654.486,-421.36,14181,LC0_FZ_200_IA_4_filtered
25,12,4,-197.66,1.326,650.406,-110.91,13773,LC0_FZ_200_IA_4_filtered
25,12,0,-197.66,10.483,314.7,-501.16,1512,LC0_FZ_200_Round18_filtered
25,12,0,-197.66,7.755,316.38,-441.62,1680,LC0_FZ_200_Round18_filtered
25,12,2,-197.65,-7.238,491.76,400.87,8563,LC0_FZ_200_Round18_IA_2_filtered
25,12,0,-197.64,-1.134,324.29,117.13,2471,LC0_FZ_200_Round18_filtered
25,12,4,-197.63,-9.42,658.676,442.95,14600,LC0_FZ_200_IA_4_filtered
25,12,2,-197.63,-8.771,489.52,445.71,8339,LC0_FZ_200_Round18_IA_2_filtered
25,12,2,-197.63,-11.529,490.23,461.2,8410,LC0_FZ_200_Round18_IA_2_filtered
25,12,2,-197.63,-11.658,490.35,461.49,8422,LC0_FZ_200_Round18_IA_2_filtered
25,12,0,-197.63,-8.043,322.56,419.23,2298,LC0_FZ_200_Round18_filtered
25,12,0,-197.63,-2.038,324.06,195.91,2448,LC0_FZ_200_Round18_filtered
25,12,0,-197.62,-8.457,322.45,427.29,2287,LC0_FZ_200_Round18_filtered
25,12,2,-197.61,-7.363,489.17,434.54,8304,LC0_FZ_200_Round18_IA_2_filtered
25,12,4,-197.6,-5.807,657.776,403.03,14510,LC0_FZ_200_IA_4_filtered
25,12,4,-197.6,-11.048,659.086,441.39,14641,LC0_FZ_200_IA_4_filtered
25,12,0,-197.59,5.473,313.44,-418.55,1386,LC0_FZ_200_Round18_filtered
25,12,4,-197.57,-4.266,657.386,346.3,14471,LC0_FZ_200_IA_4_filtered
25,12,2,-197.57,11.726,484.37,-495.37,7824,LC0_FZ_200_Round18_IA_2_filtered
25,12,2,-197.55,5.897,485.85,-391.44,7972,LC0_FZ_200_Round18_IA_2_filtered
25,12,0,-197.55,11.726,315.15,-495.57,1557,LC0_FZ_200_Round18_filtered
25,12,0,-197.55,-9.92,322.09,451.16,2251,LC0_FZ_200_Round18_filtered
25,12,4,-197.54,11.494,652.946,-494.96,14027,LC0_FZ_200_IA_4_filtered
25,12,2,-197.53,10.198,484.77,-479.69,7864,LC0_FZ_200_Round18_IA_2_filtered
25,12,2,-197.53,-11.712,490.42,458.41,8429,LC0_FZ_200_Round18_IA_2_filtered
25,12,0,-197.53,3.096,317.55,-285.96,1797,LC0_FZ_200_Round18_filtered
25,12,0,-197.53,-4.493,323.45,344.66,2387,LC0_FZ_200_Round18_filtered
25,12,0,-197.51,-11.664,321.33,472.71,2175,LC0_FZ_200_Round18_filtered
25,12,0,-197.51,-12.141,321.45,476.32,2187,LC0_FZ_200_Round18_filtered
25,12,4,-197.48,-0.683,656.486,107.42,14381,LC0_FZ_200_IA_4_filtered
25,12,4,-197.48,-4.425,657.426,356.72,14475,LC0_FZ_200_IA_4_filtered
25,12,4,-197.47,11.617,653.396,-485.64,14072,LC0_FZ_200_IA_4_filtered
25,12,-0,-197.47,9.101,314.35,-483.78,1477,LC0_FZ_200_Round18_filtered
25,12,-0,-197.46,6.833,313.78,-457.12,1420,LC0_FZ_200_Round18_filtered
25,12,2,-197.45,-7.789,489.28,435.31,8315,LC0_FZ_200_Round18_IA_2_filtered
25,12,0,-197.44,-7.078,322.8,402.15,2322,LC0_FZ_200_Round18_filtered
25,12,4,-197.42,-3.151,657.106,291.91,14443,LC0_FZ_200_IA_4_filtered
25,12,2,-197.41,-10.906,490.83,448.94,8470,LC0_FZ_200_Round18_IA_2_filtered
25,12,2,-197.41,-9.445,491.2,432.34,8507,LC0_FZ_200_Round18_IA_2_filtered
25,12,0,-197.41,3.532,317.44,-312.32,1786,LC0_FZ_200_Round18_filtered
25,12,-0,-197.4,6.759,316.63,-416.03,1705,LC0_FZ_200_Round18_filtered
25,12,2,-197.39,10.955,483.81,-505.9,7768,LC0_FZ_200_Round18_IA_2_filtered
25,12,0,-197.39,-9.463,322.2,449.59,2262,LC0_FZ_200_Round18_filtered
25,12,4,-197.38,-10.779,659.016,448.52,14634,LC0_FZ_200_IA_4_filtered
25,12,2,-197.38,-10.77,490.87,446,8474,LC0_FZ_200_Round18_IA_2_filtered
25,12,2,-197.37,-6.992,489.08,432.65,8295,LC0_FZ_200_Round18_IA_2_filtered
25,12,0,-197.37,10,315.82,-470,1624,LC0_FZ_200_Round18_filtered
25,12,2,-197.36,-6.353,491.98,386.57,8585,LC0_FZ_200_Round18_IA_2_filtered
25,12,2,-197.34,-10.599,489.98,463.55,8385,LC0_FZ_200_Round18_IA_2_filtered
25,12,2,-197.34,-11.066,490.1,463.99,8397,LC0_FZ_200_Round18_IA_2_filtered
25,12,0,-197.32,5.646,313.48,-434.21,1390,LC0_FZ_200_Round18_filtered
25,12,2,-197.3,-6.075,488.85,421.84,8272,LC0_FZ_200_Round18_IA_2_filtered
25,12,2,-197.3,-7.193,491.77,398.53,8564,LC0_FZ_200_Round18_IA_2_filtered
25,12,2,-197.3,-3.173,492.78,280.46,8665,LC0_FZ_200_Round18_IA_2_filtered
25,12,4,-197.28,11.737,653.166,-491.23,14049,LC0_FZ_200_IA_4_filtered
25,12,4,-197.27,9.854,653.846,-459.7,14117,LC0_FZ_200_IA_4_filtered
25,12,4,-197.25,-10.326,658.906,446.81,14623,LC0_FZ_200_IA_4_filtered
25,12,2,-197.22,-6.527,488.96,429.9,8283,LC0_FZ_200_Round18_IA_2_filtered
25,12,0,-197.2,11.141,314.86,-504.42,1528,LC0_FZ_200_Round18_filtered
25,12,2,-197.19,-11.121,490.11,462.29,8398,LC0_FZ_200_Round18_IA_2_filtered
25,12,2,-197.19,-9.494,491.19,433.72,8506,LC0_FZ_200_Round18_IA_2_filtered
25,12,0,-197.19,10.017,314.58,-495.87,1500,LC0_FZ_200_Round18_filtered
25,12,4,-197.18,-11.653,659.286,439.16,14661,LC0_FZ_200_IA_4_filtered
25,12,0,-197.16,5.916,313.55,-432.65,1397,LC0_FZ_200_Round18_filtered
25,12,0,-197.16,-10.358,321.97,457.23,2239,LC0_FZ_200_Round18_filtered
25,12,4,-197.15,1.62,650.476,-138.91,13780,LC0_FZ_200_IA_4_filtered
25,12,2,-197.15,-2.12,493.04,213.75,8691,LC0_FZ_200_Round18_IA_2_filtered
25,12,0,-197.15,5.148,313.36,-414.52,1378,LC0_FZ_200_Round18_filtered
25,12,0,-197.15,10.442,315.71,-474.95,1613,LC0_FZ_200_Round18_filtered
25,12,0,-197.14,-7.033,320.09,438.81,2051,LC0_FZ_200_Round18_filtered
25,12,2,-197.13,-2.29,493,228.47,8687,LC0_FZ_200_Round18_IA_2_filtered
25,12,2,-197.11,4.717,486.14,-367.45,8001,LC0_FZ_200_Round18_IA_2_filtered
25,12,2,-197.1,8.172,483.12,-476.14,7699,LC0_FZ_200_Round18_IA_2_filtered
25,12,2,-197.1,10.886,483.8,-503.11,7767,LC0_FZ_200_Round18_IA_2_filtered
25,12,0,-197.1,9.071,316.05,-457.9,1647,LC0_FZ_200_Round18_filtered
25,12,2,-197.09,2.176,481.61,-216.18,7548,LC0_FZ_200_Round18_IA_2_filtered
25,12,2,-197.09,5.19,486.03,-381.83,7990,LC0_FZ_200_Round18_IA_2_filtered
25,12,4,-197.07,-1.502,656.696,181.39,14402,LC0_FZ_200_IA_4_filtered
25,12,4,-197.07,-11.633,659.266,444.74,14659,LC0_FZ_200_IA_4_filtered
25,12,0,-197.07,2.519,312.7,-266.58,1312,LC0_FZ_200_Round18_filtered
25,12,2,-197.05,-1.11,487.61,143.17,8148,LC0_FZ_200_Round18_IA_2_filtered
25,12,4,-197.04,-2.308,656.896,238.89,14422,LC0_FZ_200_IA_4_filtered
25,12,2,-197.02,-6.487,488.95,429.72,8282,LC0_FZ_200_Round18_IA_2_filtered
25,12,2,-197,11.339,484.48,-486.54,7835,LC0_FZ_200_Round18_IA_2_filtered
25,12,4,-196.97,10.787,653.616,-471.52,14094,LC0_FZ_200_IA_4_filtered
25,12,4,-196.97,-2.735,657.006,266.55,14433,LC0_FZ_200_IA_4_filtered
25,12,0,-196.97,-3.017,323.82,264.01,2424,LC0_FZ_200_Round18_filtered
25,12,2,-196.96,3.147,481.86,-290.96,7573,LC0_FZ_200_Round18_IA_2_filtered
25,12,4,-196.95,-5.332,657.656,391.34,14498,LC0_FZ_200_IA_4_filtered
25,12,2,-196.95,-6.434,488.94,426.5,8281,LC0_FZ_200_Round18_IA_2_filtered
25,12,2,-196.95,-9.219,489.63,449.73,8350,LC0_FZ_200_Round18_IA_2_filtered
25,12,0,-196.95,-11.109,321.78,462.51,2220,LC0_FZ_200_Round18_filtered
25,12,0,-196.95,-3.455,323.71,289.76,2413,LC0_FZ_200_Round18_filtered
25,12,4,-196.92,-2.1,662.036,216.8,14936,LC0_FZ_200_IA_4_filtered
25,12,0,-196.92,7.956,314.06,-475.91,1448,LC0_FZ_200_Round18_filtered
25,12,0,-196.92,12.097,315.26,-490.13,1568,LC0_FZ_200_Round18_filtered
25,12,2,-196.89,11.736,484.19,-491.5,7806,LC0_FZ_200_Round18_IA_2_filtered
25,12,2,-196.89,-3.515,492.69,296.58,8656,LC0_FZ_200_Round18_IA_2_filtered
25,12,0,-196.89,5.039,313.33,-399.62,1375,LC0_FZ_200_Round18_filtered
25,12,4,-196.88,-7.344,658.156,415.09,14548,LC0_FZ_200_IA_4_filtered
25,12,2,-196.88,11.657,484.03,-504.22,7790,LC0_FZ_200_Round18_IA_2_filtered
25,12,0,-196.87,-3.058,323.81,268.05,2423,LC0_FZ_200_Round18_filtered
25,12,2,-196.86,-6.55,488.97,427.24,8284,LC0_FZ_200_Round18_IA_2_filtered
25,12,2,-196.86,-9.71,489.76,455.78,8363,LC0_FZ_200_Round18_IA_2_filtered
25,12,2,-196.82,-8.792,489.53,446.91,8340,LC0_FZ_200_Round18_IA_2_filtered
25,12,0,-196.82,3.141,312.86,-302.22,1328,LC0_FZ_200_Round18_filtered
25,12,0,-196.82,5.035,317.06,-386.91,1748,LC0_FZ_200_Round18_filtered
25,12,2,-196.8,-3.805,488.28,334.15,8215,LC0_FZ_200_Round18_IA_2_filtered
25,12,-0,-196.79,11.835,315.34,-486.25,1576,LC0_FZ_200_Round18_filtered
25,12,4,-196.77,11.126,652.846,-495.14,14017,LC0_FZ_200_IA_4_filtered
25,12,4,-196.76,-6.372,657.916,403.89,14524,LC0_FZ_200_IA_4_filtered
25,12,4,-196.76,-7.822,658.276,419.74,14560,LC0_FZ_200_IA_4_filtered
25,12,0,-196.76,10.895,315.59,-479.32,1601,LC0_FZ_200_Round18_filtered
25,12,4,-196.74,-0.721,662.386,110.16,14971,LC0_FZ_200_IA_4_filtered
25,12,0,-196.74,7.022,313.83,-468.31,1425,LC0_FZ_200_Round18_filtered
25,12,0,-196.74,-1.301,324.25,133.71,2467,LC0_FZ_200_Round18_filtered
25,12,0,-196.72,7.269,313.89,-461,1431,LC0_FZ_200_Round18_filtered
25,12,4,-196.7,9.43,653.956,-451.34,14128,LC0_FZ_200_IA_4_filtered
25,12,4,-196.7,-9.885,658.796,443.65,14612,LC0_FZ_200_IA_4_filtered
25,12,0,-196.7,9.301,314.4,-488.61,1482,LC0_FZ_200_Round18_filtered
25,12,4,-196.68,10.62,652.726,-494.09,14005,LC0_FZ_200_IA_4_filtered
25,12,4,-196.68,-0.376,656.406,76.15,14373,LC0_FZ_200_IA_4_filtered
25,12,4,-196.68,-6.407,657.926,404.98,14525,LC0_FZ_200_IA_4_filtered
25,12,2,-196.68,9.102,483.35,-486.69,7722,LC0_FZ_200_Round18_IA_2_filtered
25,12,0,-196.67,10.469,315.7,-476.52,1612,LC0_FZ_200_Round18_filtered
25,12,2,-196.66,-11.659,490.36,457.93,8423,LC0_FZ_200_Round18_IA_2_filtered
25,12,0,-196.66,-7.106,320.1,436.63,2052,LC0_FZ_200_Round18_filtered
25,12,0,-196.66,-11.126,321.11,473.5,2153,LC0_FZ_200_Round18_filtered
25,12,4,-196.64,-10.567,658.966,437.6,14629,LC0_FZ_200_IA_4_filtered
25,12,-0,-196.64,6.787,316.62,-417.73,1704,LC0_FZ_200_Round18_filtered
25,12,2,-196.63,7.761,483.01,-472.29,7688,LC0_FZ_200_Round18_IA_2_filtered
25,12,0,-196.63,-3.864,323.6,312.4,2402,LC0_FZ_200_Round18_filtered
25,12,4,-196.61,3.524,655.436,-275.83,14276,LC0_FZ_200_IA_4_filtered
25,12,4,-196.6,-8.726,658.506,426.87,14583,LC0_FZ_200_IA_4_filtered
25,12,4,-196.58,5.913,654.836,-379.6,14216,LC0_FZ_200_IA_4_filtered
25,12,0,-196.58,-7.457,320.19,438.33,2061,LC0_FZ_200_Round18_filtered
25,12,2,-196.57,10.548,483.71,-502.52,7758,LC0_FZ_200_Round18_IA_2_filtered
25,12,2,-196.55,-4.827,492.36,350.9,8623,LC0_FZ_200_Round18_IA_2_filtered
25,12,2,-196.55,-4.068,492.55,324.83,8642,LC0_FZ_200_Round18_IA_2_filtered
25,12,0,-196.54,-10.307,321.99,451.19,2241,LC0_FZ_200_Round18_filtered
25,12,2,-196.53,2.75,481.77,-268,7564,LC0_FZ_200_Round18_IA_2_filtered
25,12,2,-196.52,-10.137,489.86,459.33,8373,LC0_FZ_200_Round18_IA_2_filtered
25,12,2,-196.52,-10.411,490.96,440.53,8483,LC0_FZ_200_Round18_IA_2_filtered
25,12,2,-196.51,12.114,484.25,-493.95,7812,LC0_FZ_200_Round18_IA_2_filtered
25,12,0,-196.5,6.334,313.66,-443.66,1408,LC0_FZ_200_Round18_filtered
25,12,-0,-196.5,11.376,315.46,-483.77,1588,LC0_FZ_200_Round18_filtered
25,12,2,-196.49,6.358,485.73,-402.01,7960,LC0_FZ_200_Round18_IA_2_filtered
25,12,4,-196.47,-11.437,659.186,435.87,14651,LC0_FZ_200_IA_4_filtered
25,12,2,-196.43,-5.888,492.1,375.7,8597,LC0_FZ_200_Round18_IA_2_filtered
25,12,4,-196.42,8.091,654.296,-430.26,14162,LC0_FZ_200_IA_4_filtered
25,12,2,-196.42,8.631,483.23,-480.51,7710,LC0_FZ_200_Round18_IA_2_filtered
25,12,0,-196.42,-8.845,320.54,452.89,2096,LC0_FZ_200_Round18_filtered
25,12,0,-196.42,-5.792,323.12,379.68,2354,LC0_FZ_200_Round18_filtered
25,12,2,-196.41,10.458,484.7,-475.69,7857,LC0_FZ_200_Round18_IA_2_filtered
25,12,0,-196.4,-1.2,318.63,130.32,1905,LC0_FZ_200_Round18_filtered
25,12,2,-196.39,7.298,485.5,-422.49,7937,LC0_FZ_200_Round18_IA_2_filtered
25,12,2,-196.38,-4.193,488.38,351.52,8225,LC0_FZ_200_Round18_IA_2_filtered
25,12,4,-196.37,10.671,652.736,-492.23,14006,LC0_FZ_200_IA_4_filtered
25,12,2,-196.37,-11.283,490.74,444.25,8461,LC0_FZ_200_Round18_IA_2_filtered
25,12,0,-196.34,-10.348,321.98,453.19,2240,LC0_FZ_200_Round18_filtered
25,12,2,-196.32,-10.369,490.97,439.29,8484,LC0_FZ_200_Round18_IA_2_filtered
25,12,-0,-196.31,-3.471,323.7,292.87,2412,LC0_FZ_200_Round18_filtered
25,12,0,-196.3,-6.646,319.99,431.67,2041,LC0_FZ_200_Round18_filtered
25,12,0,-196.3,-12.156,321.44,470.71,2186,LC0_FZ_200_Round18_filtered
25,12,2,-196.29,-8.393,489.43,439.15,8330,LC0_FZ_200_Round18_IA_2_filtered
25,12,2,-196.29,-5.439,492.21,367.01,8608,LC0_FZ_200_Round18_IA_2_filtered
25,12,0,-196.29,6.359,316.73,-411.86,1715,LC0_FZ_200_Round18_filtered
25,12,2,-196.28,5.612,485.92,-391.63,7979,LC0_FZ_200_Round18_IA_2_filtered
25,12,2,-196.28,-11.359,490.72,449.04,8459,LC0_FZ_200_Round18_IA_2_filtered
25,12,-0,-196.28,7.697,314,-462.37,1442,LC0_FZ_200_Round18_filtered
25,12,2,-196.26,-6,488.83,418.86,8270,LC0_FZ_200_Round18_IA_2_filtered
25,12,0,-196.26,-10.822,321.86,457.39,2228,LC0_FZ_200_Round18_filtered
25,12,0,-196.25,8.632,314.23,-473.73,1465,LC0_FZ_200_Round18_filtered
25,12,-0,-196.25,1.2,318.02,-142.01,1844,LC0_FZ_200_Round18_filtered
25,12,2,-196.24,-11.705,490.41,453.09,8428,LC0_FZ_200_Round18_IA_2_filtered
25,12,0,-196.24,-11.656,321.32,467.29,2174,LC0_FZ_200_Round18_filtered
25,12,2,-196.23,-3.223,488.13,294.9,8200,LC0_FZ_200_Round18_IA_2_filtered
25,12,0,-196.23,-7.542,320.21,439.86,2063,LC0_FZ_200_Round18_filtered
25,12,0,-196.22,-11.142,321.12,476.31,2154,LC0_FZ_200_Round18_filtered
25,12,4,-196.21,10.593,652.716,-492.07,14004,LC0_FZ_200_IA_4_filtered
25,12,0,-196.2,5.93,316.84,-404.58,1726,LC0_FZ_200_Round18_filtered
25,12,0,-196.2,-11.277,321.74,460.31,2216,LC0_FZ_200_Round18_filtered
25,12,4,-196.19,-5.961,657.816,397.49,14514,LC0_FZ_200_IA_4_filtered
25,12,0,-196.18,-10.693,321,472.89,2142,LC0_FZ_200_Round18_filtered
25,12,0,-196.15,11.301,315.48,-481.61,1590,LC0_FZ_200_Round18_filtered
25,12,2,-196.14,-0.644,487.48,87.24,8135,LC0_FZ_200_Round18_IA_2_filtered
25,12,2,-196.14,-2.657,492.91,248.17,8678,LC0_FZ_200_Round18_IA_2_filtered
25,12,2,-196.13,9.14,483.36,-486.41,7723,LC0_FZ_200_Round18_IA_2_filtered
25,12,2,-196.13,-11.633,490.3,457.9,8417,LC0_FZ_200_Round18_IA_2_filtered
25,12,4,-196.07,6.276,654.746,-384.45,14207,LC0_FZ_200_IA_4_filtered
25,12,0,-196.07,-5.363,323.23,370.88,2365,LC0_FZ_200_Round18_filtered
25,12,2,-196.06,-7.755,489.27,430.45,8314,LC0_FZ_200_Round18_IA_2_filtered
25,12,2,-196.04,-3.672,488.25,321.87,8212,LC0_FZ_200_Round18_IA_2_filtered
25,12,4,-196.01,2.274,655.746,-186.35,14307,LC0_FZ_200_IA_4_filtered
25,12,0,-196.01,6.111,313.6,-449.41,1402,LC0_FZ_200_Round18_filtered
25,12,2,-196,7.719,483,-469.97,7687,LC0_FZ_200_Round18_IA_2_filtered
25,12,2,-195.99,-4.005,492.57,318.14,8644,LC0_FZ_200_Round18_IA_2_filtered
25,12,0,-195.99,9.541,314.46,-485.95,1488,LC0_FZ_200_Round18_filtered
25,12,4,-195.97,-7.762,658.266,416.43,14559,LC0_FZ_200_IA_4_filtered
25,12,0,-195.97,-9.293,320.65,457.56,2107,LC0_FZ_200_Round18_filtered
25,12,2,-195.96,0.776,487.13,-72.7,8100,LC0_FZ_200_Round18_IA_2_filtered
25,12,2,-195.96,-6.6,488.98,422.86,8285,LC0_FZ_200_Round18_IA_2_filtered
25,12,2,-195.94,8.211,485.27,-439.25,7914,LC0_FZ_200_Round18_IA_2_filtered
25,12,0,-195.94,11.706,315.37,-486.27,1579,LC0_FZ_200_Round18_filtered
25,12,0,-195.93,-3.377,319.17,298.45,1959,LC0_FZ_200_Round18_filtered
25,12,0,-195.93,-12.09,321.5,469,2192,LC0_FZ_200_Round18_filtered
25,12,4,-195.92,-1.316,656.646,167.96,14397,LC0_FZ_200_IA_4_filtered
25,12,0,-195.91,-11.211,321.13,475.54,2155,LC0_FZ_200_Round18_filtered
25,12,4,-195.9,-11.402,659.176,433.01,14650,LC0_FZ_200_IA_4_filtered
25,12,4,-195.88,-11.326,659.156,436.89,14648,LC0_FZ_200_IA_4_filtered
25,12,0,-195.86,3.993,317.32,-338.04,1774,LC0_FZ_200_Round18_filtered
25,12,4,-195.85,-7.691,658.246,416.86,14557,LC0_FZ_200_IA_4_filtered
25,12,0,-195.84,3.825,313.03,-350.47,1345,LC0_FZ_200_Round18_filtered
25,12,2,-195.83,10.053,484.81,-468.11,7868,LC0_FZ_200_Round18_IA_2_filtered
25,12,2,-195.81,-3.861,488.29,335.05,8216,LC0_FZ_200_Round18_IA_2_filtered
25,12,2,-195.81,-5.518,488.71,401.62,8258,LC0_FZ_200_Round18_IA_2_filtered
25,12,2,-195.8,5.918,485.84,-390.08,7971,LC0_FZ_200_Round18_IA_2_filtered
25,12,0,-195.8,4.914,317.09,-374.65,1751,LC0_FZ_200_Round18_filtered
25,12,0,-195.8,-9.774,320.77,465.44,2119,LC0_FZ_200_Round18_filtered
25,12,4,-195.79,-9.065,658.586,427.27,14591,LC0_FZ_200_IA_4_filtered
25,12,2,-195.78,6.356,482.66,-448.89,7653,LC0_FZ_200_Round18_IA_2_filtered
25,12,2,-195.78,10.142,484.78,-473.54,7865,LC0_FZ_200_Round18_IA_2_filtered
25,12,2,-195.78,-11.73,490.61,446.08,8448,LC0_FZ_200_Round18_IA_2_filtered
25,12,0,-195.78,11.793,315.35,-481.91,1577,LC0_FZ_200_Round18_filtered
25,12,0,-195.78,-7.571,320.22,437.54,2064,LC0_FZ_200_Round18_filtered
25,12,4,-195.77,10.171,652.616,-490.71,13994,LC0_FZ_200_IA_4_filtered
25,12,4,-195.77,1.869,655.856,-148.32,14318,LC0_FZ_200_IA_4_filtered
25,12,4,-195.77,0.523,656.186,-19.5,14351,LC0_FZ_200_IA_4_filtered
25,12,2,-195.76,8.6,483.22,-475.7,7709,LC0_FZ_200_Round18_IA_2_filtered
25,12,0,-195.76,-10.715,321.01,473.83,2143,LC0_FZ_200_Round18_filtered
25,12,2,-195.75,-9.163,489.62,445.19,8349,LC0_FZ_200_Round18_IA_2_filtered
25,12,2,-195.74,-8.846,489.54,445.16,8341,LC0_FZ_200_Round18_IA_2_filtered
25,12,0,-195.74,8.872,314.29,-482.57,1471,LC0_FZ_200_Round18_filtered
25,12,0,-195.74,-0.834,324.37,85.33,2479,LC0_FZ_200_Round18_filtered
25,12,4,-195.72,-10.852,659.036,439.39,14636,LC0_FZ_200_IA_4_filtered
25,12,2,-195.7,4.53,486.19,-350.09,8006,LC0_FZ_200_Round18_IA_2_filtered
25,12,2,-195.7,-5.333,492.23,362.2,8610,LC0_FZ_200_Round18_IA_2_filtered
25,12,-0,-195.7,3.216,317.52,-298.19,1794,LC0_FZ_200_Round18_filtered
25,12,0,-195.7,-5.768,323.13,376.61,2355,LC0_FZ_200_Round18_filtered
25,12,4,-195.69,10.353,653.726,-462.89,14105,LC0_FZ_200_IA_4_filtered
25,12,0,-195.69,-1.6,324.17,160.71,2459,LC0_FZ_200_Round18_filtered
25,12,0,-195.68,11.732,315.14,-487.96,1556,LC0_FZ_200_Round18_filtered
25,12,2,-195.67,1.787,486.88,-170.43,8075,LC0_FZ_200_Round18_IA_2_filtered
25,12,4,-195.66,7.648,654.406,-419.42,14173,LC0_FZ_200_IA_4_filtered
25,12,4,-195.66,0.111,656.296,27.28,14362,LC0_FZ_200_IA_4_filtered
25,12,-0,-195.66,-6.524,319.96,430.93,2038,LC0_FZ_200_Round18_filtered
25,12,0,-195.66,-8.01,320.33,442.18,2075,LC0_FZ_200_Round18_filtered
25,12,4,-195.65,-9.612,658.726,430.21,14605,LC0_FZ_200_IA_4_filtered
25,12,2,-195.65,-4.656,488.49,369.2,8236,LC0_FZ_200_Round18_IA_2_filtered
25,12,2,-195.65,-11.685,490.63,446.23,8450,LC0_FZ_200_Round18_IA_2_filtered
25,12,0,-195.62,-4.423,323.46,340.47,2388,LC0_FZ_200_Round18_filtered
25,12,2,-195.6,7.793,483.02,-471.41,7689,LC0_FZ_200_Round18_IA_2_filtered
25,12,0,-195.6,5.889,316.85,-400.23,1727,LC0_FZ_200_Round18_filtered
25,12,4,-195.59,-3.675,657.236,313.71,14456,LC0_FZ_200_IA_4_filtered
25,12,2,-195.59,-1.837,487.78,200.07,8165,LC0_FZ_200_Round18_IA_2_filtered
25,12,0,-195.57,-10.657,320.99,469.17,2141,LC0_FZ_200_Round18_filtered
25,12,4,-195.55,10.552,652.706,-487.31,14003,LC0_FZ_200_IA_4_filtered
25,12,2,-195.54,-2.126,487.86,228.59,8173,LC0_FZ_200_Round18_IA_2_filtered
25,12,2,-195.52,-5.382,492.22,363.88,8609,LC0_FZ_200_Round18_IA_2_filtered
25,12,4,-195.51,7.199,654.516,-409.19,14184,LC0_FZ_200_IA_4_filtered
25,12,4,-195.5,8.202,654.266,-436.05,14159,LC0_FZ_200_IA_4_filtered
25,12,4,-195.49,2.786,650.766,-235.97,13809,LC0_FZ_200_IA_4_filtered
25,12,0,-195.48,-11.936,321.55,467.75,2197,LC0_FZ_200_Round18_filtered
25,12,4,-195.47,8.56,654.176,-435.91,14150,LC0_FZ_200_IA_4_filtered
25,12,4,-195.47,-1.196,662.266,151.58,14959,LC0_FZ_200_IA_4_filtered
25,12,2,-195.47,-9.571,489.73,446.58,8360,LC0_FZ_200_Round18_IA_2_filtered
25,12,0,-195.47,4.555,313.21,-374.77,1363,LC0_FZ_200_Round18_filtered
25,12,2,-195.46,-0.661,487.49,92.37,8136,LC0_FZ_200_Round18_IA_2_filtered
25,12,2,-195.46,-3.559,492.68,299.34,8655,LC0_FZ_200_Round18_IA_2_filtered
25,12,0,-195.45,2.62,312.73,-270.6,1315,LC0_FZ_200_Round18_filtered
25,12,2,-195.44,-2.678,488,261.34,8187,LC0_FZ_200_Round18_IA_2_filtered
25,12,2,-195.44,-5.07,488.6,386.09,8247,LC0_FZ_200_Round18_IA_2_filtered
25,12,2,-195.43,3.109,481.85,-286.33,7572,LC0_FZ_200_Round18_IA_2_filtered
25,12,2,-195.42,5.951,482.56,-438.53,7643,LC0_FZ_200_Round18_IA_2_filtered
25,12,2,-195.42,-6.398,488.93,420.54,8280,LC0_FZ_200_Round18_IA_2_filtered
25,12,2,-195.42,-6.853,489.04,423.64,8291,LC0_FZ_200_Round18_IA_2_filtered
25,12,2,-195.41,-9.771,489.77,453.41,8364,LC0_FZ_200_Round18_IA_2_filtered
25,12,4,-195.4,-10.975,659.066,432.53,14639,LC0_FZ_200_IA_4_filtered
25,12,2,-195.39,9.976,483.57,-495.9,7744,LC0_FZ_200_Round18_IA_2_filtered
25,12,2,-195.38,-0.138,487.36,31.41,8123,LC0_FZ_200_Round18_IA_2_filtered
25,12,0,-195.38,-10.171,320.87,463.14,2129,LC0_FZ_200_Round18_filtered
25,12,2,-195.36,-7.947,489.32,434.3,8319,LC0_FZ_200_Round18_IA_2_filtered
25,12,2,-195.35,5.87,482.54,-433.12,7641,LC0_FZ_200_Round18_IA_2_filtered
25,12,2,-195.34,-7.087,489.1,424.23,8297,LC0_FZ_200_Round18_IA_2_filtered
25,12,4,-195.33,7.835,652.026,-454.39,13935,LC0_FZ_200_IA_4_filtered
25,12,0,-195.33,11.706,315.12,-484.56,1554,LC0_FZ_200_Round18_filtered
25,12,2,-195.32,-10.511,489.96,454.96,8383,LC0_FZ_200_Round18_IA_2_filtered
25,12,0,-195.29,-8.883,320.55,454.31,2097,LC0_FZ_200_Round18_filtered
25,12,4,-195.28,1.69,655.896,-133.56,14322,LC0_FZ_200_IA_4_filtered
25,12,4,-195.27,9.267,652.386,-478.65,13971,LC0_FZ_200_IA_4_filtered
25,12,0,-195.27,4.689,313.25,-394.05,1367,LC0_FZ_200_Round18_filtered
25,12,0,-195.26,-3.875,319.29,327.47,1971,LC0_FZ_200_Round18_filtered
25,12,0,-195.26,-4.373,323.48,333.64,2390,LC0_FZ_200_Round18_filtered
25,12,0,-195.24,6.776,313.77,-451.39,1419,LC0_FZ_200_Round18_filtered
25,12,0,-195.24,-11.242,321.75,457.36,2217,LC0_FZ_200_Round18_filtered
25,12,2,-195.23,-4.027,492.56,321.07,8643,LC0_FZ_200_Round18_IA_2_filtered
25,12,4,-195.22,-5.077,657.596,374.14,14492,LC0_FZ_200_IA_4_filtered
25,12,2,-195.22,10.523,484.69,-471.53,7856,LC0_FZ_200_Round18_IA_2_filtered
25,12,2,-195.22,-2.195,487.88,230.16,8175,LC0_FZ_200_Round18_IA_2_filtered
25,12,-0,-195.22,-3.325,319.16,293.69,1958,LC0_FZ_200_Round18_filtered
25,12,2,-195.21,-12.043,490.51,448.08,8438,LC0_FZ_200_Round18_IA_2_filtered
25,12,0,-195.19,-11.73,321.43,464.68,2185,LC0_FZ_200_Round18_filtered
25,12,0,-195.18,-11.207,321.76,456.46,2218,LC0_FZ_200_Round18_filtered
25,12,4,-195.16,-9.944,658.806,439.04,14613,LC0_FZ_200_IA_4_filtered
25,12,0,-195.15,-0.258,318.39,17.88,1881,LC0_FZ_200_Round18_filtered
25,12,2,-195.13,-2.609,487.98,259.01,8185,LC0_FZ_200_Round18_IA_2_filtered
25,12,0,-195.11,-3.81,319.28,323.14,1970,LC0_FZ_200_Round18_filtered
25,12,4,-195.1,-1.474,656.686,177.54,14401,LC0_FZ_200_IA_4_filtered
25,12,0,-195.09,3.589,317.43,-314.62,1785,LC0_FZ_200_Round18_filtered
25,12,4,-195.08,8.739,652.256,-470.25,13958,LC0_FZ_200_IA_4_filtered
25,12,4,-195.05,4.573,655.176,-335.28,14250,LC0_FZ_200_IA_4_filtered
25,12,2,-195.04,-6.622,488.99,418.02,8286,LC0_FZ_200_Round18_IA_2_filtered
25,12,0,-195.03,-3.012,319.08,278.14,1950,LC0_FZ_200_Round18_filtered
25,12,0,-195.03,-5.211,319.63,396.64,2005,LC0_FZ_200_Round18_filtered
25,12,4,-195.01,-5.485,657.696,384.52,14502,LC0_FZ_200_IA_4_filtered
25,12,2,-195,-9.116,489.61,438.96,8348,LC0_FZ_200_Round18_IA_2_filtered
25,12,4,-194.99,-10.916,659.056,432.04,14638,LC0_FZ_200_IA_4_filtered
25,12,4,-194.97,6.329,654.736,-386.38,14206,LC0_FZ_200_IA_4_filtered
25,12,2,-194.97,-8.217,489.38,430.89,8325,LC0_FZ_200_Round18_IA_2_filtered
25,12,2,-194.95,-12.089,490.5,447.73,8437,LC0_FZ_200_Round18_IA_2_filtered
25,12,4,-194.94,-0.432,656.416,80.39,14374,LC0_FZ_200_IA_4_filtered
25,12,0,-194.94,6.603,313.72,-458.69,1414,LC0_FZ_200_Round18_filtered
25,12,0,-194.94,3.127,317.54,-289.19,1796,LC0_FZ_200_Round18_filtered
25,12,4,-194.93,8.338,652.156,-463.59,13948,LC0_FZ_200_IA_4_filtered
25,12,0,-194.92,-4.411,323.47,336.43,2389,LC0_FZ_200_Round18_filtered
25,12,0,-194.9,10.253,314.64,-492.95,1506,LC0_FZ_200_Round18_filtered
25,12,0,-194.89,-12.08,321.51,464.62,2193,LC0_FZ_200_Round18_filtered
25,12,0,-194.88,0.214,318.27,-38.11,1869,LC0_FZ_200_Round18_filtered
25,12,2,-194.86,12.177,484.2,-483.18,7807,LC0_FZ_200_Round18_IA_2_filtered
25,12,0,-194.86,9.07,314.34,-475.55,1476,LC0_FZ_200_Round18_filtered
25,12,0,-194.86,-10.635,320.98,463.61,2140,LC0_FZ_200_Round18_filtered
25,12,0,-194.85,-6.669,320,427.48,2042,LC0_FZ_200_Round18_filtered
25,12,4,-194.84,-4.946,657.556,372.09,14488,LC0_FZ_200_IA_4_filtered
25,12,0,-194.84,-2.389,318.92,227.59,1934,LC0_FZ_200_Round18_filtered
25,12,2,-194.83,8.093,483.1,-466.44,7697,LC0_FZ_200_Round18_IA_2_filtered
25,12,2,-194.82,8.673,485.15,-446.87,7902,LC0_FZ_200_Round18_IA_2_filtered
25,12,2,-194.82,0.822,487.12,-76.91,8099,LC0_FZ_200_Round18_IA_2_filtered
25,12,4,-194.81,-9.556,658.716,429.08,14604,LC0_FZ_200_IA_4_filtered
25,12,2,-194.8,1.323,487,-126.27,8087,LC0_FZ_200_Round18_IA_2_filtered
25,12,2,-194.78,-5.693,488.75,407.8,8262,LC0_FZ_200_Round18_IA_2_filtered
25,12,4,-194.73,8.125,654.286,-428.95,14161,LC0_FZ_200_IA_4_filtered
25,12,2,-194.73,8.762,485.13,-451.88,7900,LC0_FZ_200_Round18_IA_2_filtered
25,12,2,-194.69,9.008,483.33,-478.06,7720,LC0_FZ_200_Round18_IA_2_filtered
25,12,4,-194.67,9.729,652.506,-483.63,13983,LC0_FZ_200_IA_4_filtered
25,12,0,-194.67,-9.241,320.64,452.28,2106,LC0_FZ_200_Round18_filtered
25,12,2,-194.66,7.798,485.37,-432.33,7924,LC0_FZ_200_Round18_IA_2_filtered
25,12,0,-194.66,4.49,317.2,-359.76,1762,LC0_FZ_200_Round18_filtered
25,12,0,-194.65,5.668,313.49,-433.27,1391,LC0_FZ_200_Round18_filtered
25,12,0,-194.65,-5.17,319.62,390.91,2004,LC0_FZ_200_Round18_filtered
25,12,2,-194.64,-3.64,488.24,316.56,8211,LC0_FZ_200_Round18_IA_2_filtered
25,12,0,-194.64,5.195,313.37,-415.74,1379,LC0_FZ_200_Round18_filtered
25,12,0,-194.61,9.98,314.57,-488.92,1499,LC0_FZ_200_Round18_filtered
25,12,0,-194.61,10.898,314.8,-493.09,1522,LC0_FZ_200_Round18_filtered
25,12,0,-194.6,3.59,312.97,-327.64,1339,LC0_FZ_200_Round18_filtered
25,12,4,-194.54,6.512,651.696,-434.74,13902,LC0_FZ_200_IA_4_filtered
25,12,2,-194.54,-11.567,490.25,452.85,8412,LC0_FZ_200_Round18_IA_2_filtered
25,12,2,-194.52,-8.438,489.44,435.37,8331,LC0_FZ_200_Round18_IA_2_filtered
25,12,4,-194.51,5.394,654.966,-359.54,14229,LC0_FZ_200_IA_4_filtered
25,12,4,-194.5,9.172,652.366,-475.72,13969,LC0_FZ_200_IA_4_filtered
25,12,2,-194.5,2.132,481.6,-213.15,7547,LC0_FZ_200_Round18_IA_2_filtered
25,12,2,-194.5,-11.383,490.18,450.41,8405,LC0_FZ_200_Round18_IA_2_filtered
25,12,4,-194.49,11.696,653.376,-472.48,14070,LC0_FZ_200_IA_4_filtered
25,12,4,-194.49,2.66,655.656,-214.42,14298,LC0_FZ_200_IA_4_filtered
25,12,2,-194.49,-3.163,488.12,290.94,8199,LC0_FZ_200_Round18_IA_2_filtered
25,12,2,-194.49,-3.45,488.19,311.88,8206,LC0_FZ_200_Round18_IA_2_filtered
25,12,-0,-194.49,9.345,314.41,-482.68,1483,LC0_FZ_200_Round18_filtered
25,12,0,-194.49,10.739,314.76,-494.17,1518,LC0_FZ_200_Round18_filtered
25,12,2,-194.48,6.933,485.59,-416.35,7946,LC0_FZ_200_Round18_IA_2_filtered
25,12,2,-194.48,-10.952,490.07,452.43,8394,LC0_FZ_200_Round18_IA_2_filtered
25,12,0,-194.47,-6.491,319.95,425.48,2037,LC0_FZ_200_Round18_filtered
25,12,2,-194.46,-11.692,490.39,447.93,8426,LC0_FZ_200_Round18_IA_2_filtered
25,12,4,-194.45,-4.612,657.476,353.89,14480,LC0_FZ_200_IA_4_filtered
25,12,4,-194.43,10.856,653.596,-463.31,14092,LC0_FZ_200_IA_4_filtered
25,12,2,-194.42,-8.89,489.55,442.05,8342,LC0_FZ_200_Round18_IA_2_filtered
25,12,0,-194.4,4.05,313.09,-351.52,1351,LC0_FZ_200_Round18_filtered
25,12,-0,-194.39,5.868,313.54,-428.74,1396,LC0_FZ_200_Round18_filtered
25,12,4,-194.38,0.797,650.266,-51.17,13759,LC0_FZ_200_IA_4_filtered
25,12,2,-194.37,-4.474,492.45,337.81,8632,LC0_FZ_200_Round18_IA_2_filtered
25,12,0,-194.37,3.661,317.41,-323.79,1783,LC0_FZ_200_Round18_filtered
25,12,0,-194.37,-11.039,321.09,462.51,2151,LC0_FZ_200_Round18_filtered
25,12,4,-194.35,12.061,653.266,-477.56,14059,LC0_FZ_200_IA_4_filtered
25,12,0,-194.34,-7.864,320.29,434.01,2071,LC0_FZ_200_Round18_filtered
25,12,2,-194.33,-3.877,488.3,335.34,8217,LC0_FZ_200_Round18_IA_2_filtered
25,12,0,-194.33,-12.006,321.54,462.82,2196,LC0_FZ_200_Round18_filtered
25,12,-0,-194.32,4.978,317.07,-381.76,1749,LC0_FZ_200_Round18_filtered
25,12,4,-194.31,9.509,653.936,-448.55,14126,LC0_FZ_200_IA_4_filtered
25,12,0,-194.31,-5.741,319.76,415.71,2018,LC0_FZ_200_Round18_filtered
25,12,2,-194.3,-7.563,489.22,424.97,8309,LC0_FZ_200_Round18_IA_2_filtered
25,12,4,-194.29,11.361,653.466,-467.34,14079,LC0_FZ_200_IA_4_filtered
25,12,2,-194.28,-0.903,493.35,115.56,8722,LC0_FZ_200_Round18_IA_2_filtered
25,12,0,-194.26,-6.735,320.01,422.66,2043,LC0_FZ_200_Round18_filtered
25,12,0,-194.25,-9.844,320.79,465.79,2121,LC0_FZ_200_Round18_filtered
25,12,4,-194.24,6.921,651.796,-440.49,13912,LC0_FZ_200_IA_4_filtered
25,12,2,-194.23,-11.69,490.38,449.94,8425,LC0_FZ_200_Round18_IA_2_filtered
25,12,4,-194.21,-0.85,656.536,127.9,14386,LC0_FZ_200_IA_4_filtered
25,12,2,-194.21,12.141,484.24,-486.28,7811,LC0_FZ_200_Round18_IA_2_filtered
25,12,0,-194.19,4.073,317.31,-340.82,1773,LC0_FZ_200_Round18_filtered
25,12,4,-194.18,8.833,652.276,-470.17,13960,LC0_FZ_200_IA_4_filtered
25,12,2,-194.18,-5.499,488.7,395.36,8257,LC0_FZ_200_Round18_IA_2_filtered
25,12,0,-194.18,3.608,317.42,-318.65,1784,LC0_FZ_200_Round18_filtered
25,12,0,-194.18,-8.925,320.56,453.52,2098,LC0_FZ_200_Round18_filtered
25,12,2,-194.17,-6.192,488.88,410.54,8275,LC0_FZ_200_Round18_IA_2_filtered
25,12,2,-194.15,8.291,485.25,-441.47,7912,LC0_FZ_200_Round18_IA_2_filtered
25,12,2,-194.14,2.584,481.72,-249.92,7559,LC0_FZ_200_Round18_IA_2_filtered
25,12,0,-194.14,11.355,314.91,-489.03,1533,LC0_FZ_200_Round18_filtered
25,12,4,-194.13,9.296,652.396,-475.75,13972,LC0_FZ_200_IA_4_filtered
25,12,2,-194.13,4.542,482.21,-375.59,7608,LC0_FZ_200_Round18_IA_2_filtered
25,12,0,-194.11,-11.255,321.14,472.42,2156,LC0_FZ_200_Round18_filtered
25,12,0,-194.09,-2.86,319.04,262.18,1946,LC0_FZ_200_Round18_filtered
25,12,4,-194.08,11.283,653.486,-467.38,14081,LC0_FZ_200_IA_4_filtered
25,12,0,-194.06,-4.328,319.41,354.92,1983,LC0_FZ_200_Round18_filtered
25,12,2,-194.05,-7.147,489.11,420.15,8298,LC0_FZ_200_Round18_IA_2_filtered
25,12,2,-194.04,-1.251,493.26,146.93,8713,LC0_FZ_200_Round18_IA_2_filtered
25,12,0,-194.04,-2.624,318.98,250.08,1940,LC0_FZ_200_Round18_filtered
25,12,2,-194.03,11.309,483.9,-493.12,7777,LC0_FZ_200_Round18_IA_2_filtered
25,12,0,-194.03,0.191,318.28,-34.38,1870,LC0_FZ_200_Round18_filtered
25,12,0,-194.03,-9.692,320.75,455.83,2117,LC0_FZ_200_Round18_filtered
25,12,0,-194,-8.057,320.34,438.94,2076,LC0_FZ_200_Round18_filtered
25,12,0,-193.99,-11.648,321.64,459.23,2206,LC0_FZ_200_Round18_filtered
25,12,0,-193.96,11.618,315,-489.4,1542,LC0_FZ_200_Round18_filtered
25,12,2,-193.95,11.916,484.32,-479.17,7819,LC0_FZ_200_Round18_IA_2_filtered
25,12,2,-193.95,11.476,484.44,-474.51,7831,LC0_FZ_200_Round18_IA_2_filtered
25,12,2,-193.93,5.577,485.93,-385.83,7980,LC0_FZ_200_Round18_IA_2_filtered
25,12,0,-193.93,8.57,314.22,-466.86,1464,LC0_FZ_200_Round18_filtered
25,12,0,-193.93,10.432,314.68,-487.96,1510,LC0_FZ_200_Round18_filtered
25,12,0,-193.93,-10.129,320.86,457.55,2128,LC0_FZ_200_Round18_filtered
25,12,2,-193.92,-5.929,488.81,406.67,8268,LC0_FZ_200_Round18_IA_2_filtered
25,12,-0,-193.92,4.946,317.08,-377.1,1750,LC0_FZ_200_Round18_filtered
25,12,0,-193.92,-1.459,318.69,150.96,1911,LC0_FZ_200_Round18_filtered
25,12,0,-193.91,-11.714,321.42,460.64,2184,LC0_FZ_200_Round18_filtered
25,12,4,-193.89,-1.345,656.656,170.61,14398,LC0_FZ_200_IA_4_filtered
25,12,2,-193.88,7.821,483.03,-468.49,7690,LC0_FZ_200_Round18_IA_2_filtered
25,12,4,-193.87,11.427,652.926,-482.28,14025,LC0_FZ_200_IA_4_filtered
25,12,0,-193.87,7.999,314.07,-469.05,1449,LC0_FZ_200_Round18_filtered
25,12,0,-193.87,9.499,314.45,-478.99,1487,LC0_FZ_200_Round18_filtered
25,12,0,-193.87,-1.75,318.76,181.67,1918,LC0_FZ_200_Round18_filtered
25,12,0,-193.87,-10.319,320.91,467.63,2133,LC0_FZ_200_Round18_filtered
25,12,2,-193.82,-6.799,489.03,416.89,8290,LC0_FZ_200_Round18_IA_2_filtered
25,12,2,-193.81,1.542,481.46,-162.14,7533,LC0_FZ_200_Round18_IA_2_filtered
25,12,2,-193.8,10.365,483.67,-490.49,7754,LC0_FZ_200_Round18_IA_2_filtered
25,12,4,-193.77,-0.603,656.466,98.34,14379,LC0_FZ_200_IA_4_filtered
25,12,4,-193.75,-5.007,657.576,369.68,14490,LC0_FZ_200_IA_4_filtered
25,12,0,-193.73,1.859,317.86,-200.18,1828,LC0_FZ_200_Round18_filtered
25,12,0,-193.72,-4.809,319.53,380.04,1995,LC0_FZ_200_Round18_filtered
25,12,2,-193.66,5.987,482.57,-438.41,7644,LC0_FZ_200_Round18_IA_2_filtered
25,12,2,-193.65,11.689,484.09,-482.6,7796,LC0_FZ_200_Round18_IA_2_filtered
25,12,-0,-193.63,-5.14,319.61,384.56,2003,LC0_FZ_200_Round18_filtered
25,12,2,-193.62,8.542,483.21,-468.62,7708,LC0_FZ_200_Round18_IA_2_filtered
25,12,4,-193.61,11.681,653.036,-478.71,14036,LC0_FZ_200_IA_4_filtered
25,12,4,-193.6,4.526,655.186,-330.72,14251,LC0_FZ_200_IA_4_filtered
25,12,4,-193.58,5.988,651.566,-417.84,13889,LC0_FZ_200_IA_4_filtered
25,12,2,-193.56,2.789,481.78,-271.84,7565,LC0_FZ_200_Round18_IA_2_filtered
25,12,0,-193.54,7.662,313.99,-456.16,1441,LC0_FZ_200_Round18_filtered
25,12,0,-193.53,-5.303,319.65,400.55,2007,LC0_FZ_200_Round18_filtered
25,12,2,-193.5,-10.484,489.95,448.8,8382,LC0_FZ_200_Round18_IA_2_filtered
25,12,2,-193.49,-8.169,489.37,426.19,8324,LC0_FZ_200_Round18_IA_2_filtered
25,12,2,-193.49,-10.267,489.9,451.78,8377,LC0_FZ_200_Round18_IA_2_filtered
25,12,4,-193.48,5.531,651.456,-403.11,13878,LC0_FZ_200_IA_4_filtered
25,12,0,-193.46,-7.203,320.13,423.92,2055,LC0_FZ_200_Round18_filtered
25,12,0,-193.45,-5.792,319.77,413.72,2019,LC0_FZ_200_Round18_filtered
25,12,0,-193.44,-3.78,319.27,318.02,1969,LC0_FZ_200_Round18_filtered
25,12,0,-193.43,2.195,317.77,-225.45,1819,LC0_FZ_200_Round18_filtered
25,12,4,-193.4,1.247,656.006,-92.52,14333,LC0_FZ_200_IA_4_filtered
25,12,2,-193.4,11.55,483.97,-483.83,7784,LC0_FZ_200_Round18_IA_2_filtered
25,12,2,-193.39,4.496,482.2,-370.32,7607,LC0_FZ_200_Round18_IA_2_filtered
25,12,4,-193.38,2.723,650.756,-233,13808,LC0_FZ_200_IA_4_filtered
25,12,4,-193.37,5.596,651.466,-406.23,13879,LC0_FZ_200_IA_4_filtered
25,12,2,-193.37,0.67,481.24,-64.11,7511,LC0_FZ_200_Round18_IA_2_filtered
25,12,4,-193.36,11.715,653.116,-469.57,14044,LC0_FZ_200_IA_4_filtered
25,12,2,-193.35,7.609,482.98,-458.42,7685,LC0_FZ_200_Round18_IA_2_filtered
25,12,2,-193.34,5.529,482.45,-423.07,7632,LC0_FZ_200_Round18_IA_2_filtered
25,12,-0,-193.29,-11.653,321.3,462.21,2172,LC0_FZ_200_Round18_filtered
25,12,4,-193.28,5.117,651.346,-383.23,13867,LC0_FZ_200_IA_4_filtered
25,12,2,-193.28,9.454,483.44,-481.66,7731,LC0_FZ_200_Round18_IA_2_filtered
25,12,-0,-193.27,-5.588,319.72,400.08,2014,LC0_FZ_200_Round18_filtered
25,12,2,-193.24,4.041,482.09,-345.81,7596,LC0_FZ_200_Round18_IA_2_filtered
25,12,0,-193.23,-11.297,321.15,467.94,2157,LC0_FZ_200_Round18_filtered
25,12,4,-193.22,6.404,651.676,-428.74,13900,LC0_FZ_200_IA_4_filtered
25,12,2,-193.22,-5.225,488.64,392.55,8251,LC0_FZ_200_Round18_IA_2_filtered
25,12,0,-193.22,1.391,317.97,-163.72,1839,LC0_FZ_200_Round18_filtered
25,12,2,-193.2,-3.617,488.23,312.97,8210,LC0_FZ_200_Round18_IA_2_filtered
25,12,4,-193.19,11.728,653.366,-467.41,14069,LC0_FZ_200_IA_4_filtered
25,12,2,-193.19,-6.775,489.02,412.85,8289,LC0_FZ_200_Round18_IA_2_filtered
25,12,2,-193.18,3.048,481.84,-283.31,7571,LC0_FZ_200_Round18_IA_2_filtered
25,12,0,-193.18,-9.221,320.63,446.71,2105,LC0_FZ_200_Round18_filtered
25,12,0,-193.17,10.85,314.79,-487.95,1521,LC0_FZ_200_Round18_filtered
25,12,0,-193.16,6.633,313.73,-453.73,1415,LC0_FZ_200_Round18_filtered
25,12,4,-193.15,2.121,650.596,-183.45,13792,LC0_FZ_200_IA_4_filtered
25,12,2,-193.13,-8.471,489.45,431.45,8332,LC0_FZ_200_Round18_IA_2_filtered
25,12,2,-193.11,-7.656,489.24,420.44,8311,LC0_FZ_200_Round18_IA_2_filtered
25,12,2,-193.06,-9.068,489.6,433.47,8347,LC0_FZ_200_Round18_IA_2_filtered
25,12,0,-193.03,2.964,312.82,-298.04,1324,LC0_FZ_200_Round18_filtered
25,12,0,-193.03,-6.021,319.83,411.7,2025,LC0_FZ_200_Round18_filtered
25,12,4,-193.02,12.115,653.236,-467.24,14056,LC0_FZ_200_IA_4_filtered
25,12,0,-192.96,-9.67,320.74,450.12,2116,LC0_FZ_200_Round18_filtered
25,12,4,-192.95,12.102,653.246,-466.33,14057,LC0_FZ_200_IA_4_filtered
25,12,2,-192.93,10.599,483.73,-491.15,7760,LC0_FZ_200_Round18_IA_2_filtered
25,12,0,-192.92,-10.376,320.92,463.6,2134,LC0_FZ_200_Round18_filtered
25,12,2,-192.9,-5.885,488.8,401.34,8267,LC0_FZ_200_Round18_IA_2_filtered
25,12,0,-192.9,4.736,313.26,-395.42,1368,LC0_FZ_200_Round18_filtered
25,12,-0,-192.89,-6.441,319.94,418.99,2036,LC0_FZ_200_Round18_filtered
25,12,0,-192.88,-6.782,320.02,418.33,2044,LC0_FZ_200_Round18_filtered
25,12,2,-192.87,-9.527,489.71,435.79,8358,LC0_FZ_200_Round18_IA_2_filtered
25,12,0,-192.86,-4.372,319.42,357.58,1984,LC0_FZ_200_Round18_filtered
25,12,2,-192.84,9.235,483.38,-479.39,7725,LC0_FZ_200_Round18_IA_2_filtered
25,12,0,-192.84,-8.101,320.35,435.55,2077,LC0_FZ_200_Round18_filtered
25,12,0,-192.83,10.299,314.65,-487.03,1507,LC0_FZ_200_Round18_filtered
25,12,4,-192.82,1.823,655.866,-144.6,14319,LC0_FZ_200_IA_4_filtered
25,12,2,-192.81,-1.347,487.66,158.41,8153,LC0_FZ_200_Round18_IA_2_filtered
25,12,0,-192.8,-11.451,321.19,457.87,2161,LC0_FZ_200_Round18_filtered
25,12,2,-192.78,-11.618,490.26,450.16,8413,LC0_FZ_200_Round18_IA_2_filtered
25,12,2,-192.77,0.234,487.27,-10.26,8114,LC0_FZ_200_Round18_IA_2_filtered
25,12,4,-192.73,6.863,651.786,-434.84,13911,LC0_FZ_200_IA_4_filtered
25,12,-0,-192.71,9.951,314.56,-482.97,1498,LC0_FZ_200_Round18_filtered
25,12,0,-192.71,-3.037,319.09,279.39,1951,LC0_FZ_200_Round18_filtered
25,12,2,-192.7,-8.583,489.48,427.09,8335,LC0_FZ_200_Round18_IA_2_filtered
25,12,4,-192.65,1.778,655.876,-140.42,14320,LC0_FZ_200_IA_4_filtered
25,12,2,-192.64,3.665,481.99,-325.39,7586,LC0_FZ_200_Round18_IA_2_filtered
25,12,0,-192.62,-11.641,321.28,467.13,2170,LC0_FZ_200_Round18_filtered
25,12,0,-192.61,-2.351,318.91,223.7,1933,LC0_FZ_200_Round18_filtered
25,12,0,-192.59,11.303,314.9,-485.14,1532,LC0_FZ_200_Round18_filtered
25,12,-0,-192.59,-7.26,320.14,420.51,2056,LC0_FZ_200_Round18_filtered
25,12,0,-192.58,8.456,314.19,-469.05,1461,LC0_FZ_200_Round18_filtered
25,12,4,-192.56,4.666,651.236,-361.52,13856,LC0_FZ_200_IA_4_filtered
25,12,0,-192.56,-3.301,319.15,288.86,1957,LC0_FZ_200_Round18_filtered
25,12,2,-192.55,-3.548,488.21,311.07,8208,LC0_FZ_200_Round18_IA_2_filtered
25,12,2,-192.52,-11.266,490.15,444.76,8402,LC0_FZ_200_Round18_IA_2_filtered
25,12,2,-192.51,3.279,481.89,-303.18,7576,LC0_FZ_200_Round18_IA_2_filtered
25,12,2,-192.5,4.647,486.16,-358.58,8003,LC0_FZ_200_Round18_IA_2_filtered
25,12,2,-192.48,-11.32,490.16,443.68,8403,LC0_FZ_200_Round18_IA_2_filtered
25,12,0,-192.48,-8.735,320.51,438.51,2093,LC0_FZ_200_Round18_filtered
25,12,2,-192.47,8.037,483.09,-459.03,7696,LC0_FZ_200_Round18_IA_2_filtered
25,12,0,-192.46,-2.227,318.88,219.23,1930,LC0_FZ_200_Round18_filtered
25,12,0,-192.46,-11.647,321.29,463.87,2171,LC0_FZ_200_Round18_filtered
25,12,2,-192.43,6.476,482.69,-448.86,7656,LC0_FZ_200_Round18_IA_2_filtered
25,12,4,-192.42,7.963,652.056,-453.65,13938,LC0_FZ_200_IA_4_filtered
25,12,2,-192.41,4.007,482.08,-340.08,7595,LC0_FZ_200_Round18_IA_2_filtered
25,12,2,-192.41,5.096,486.05,-372.39,7992,LC0_FZ_200_Round18_IA_2_filtered
25,12,2,-192.4,6.705,482.75,-446.19,7662,LC0_FZ_200_Round18_IA_2_filtered
25,12,2,-192.38,4.22,486.27,-342.58,8014,LC0_FZ_200_Round18_IA_2_filtered
25,12,2,-192.38,-10.386,489.93,441.81,8380,LC0_FZ_200_Round18_IA_2_filtered
25,12,0,-192.36,10.391,314.67,-483.6,1509,LC0_FZ_200_Round18_filtered
25,12,2,-192.35,-8.115,489.36,423.68,8323,LC0_FZ_200_Round18_IA_2_filtered
25,12,2,-192.33,-10.829,490.04,442.88,8391,LC0_FZ_200_Round18_IA_2_filtered
25,12,0,-192.32,8.032,314.08,-462.68,1450,LC0_FZ_200_Round18_filtered
25,12,2,-192.31,-5.833,488.79,398.39,8266,LC0_FZ_200_Round18_IA_2_filtered
25,12,2,-192.31,-9.976,489.82,438.39,8369,LC0_FZ_200_Round18_IA_2_filtered
25,12,0,-192.27,3.049,312.84,-299.1,1326,LC0_FZ_200_Round18_filtered
25,12,2,-192.22,3.246,486.51,-285.21,8038,LC0_FZ_200_Round18_IA_2_filtered
25,12,2,-192.22,2.791,486.63,-251.56,8050,LC0_FZ_200_Round18_IA_2_filtered
25,12,0,-192.22,-3.933,319.31,332.89,1973,LC0_FZ_200_Round18_filtered
25,12,4,-192.2,-0.967,656.566,134.93,14389,LC0_FZ_200_IA_4_filtered
25,12,0,-192.19,-10.983,321.07,454.14,2149,LC0_FZ_200_Round18_filtered
25,12,0,-192.18,-10.873,321.05,458.34,2147,LC0_FZ_200_Round18_filtered
25,12,4,-192.17,8.428,652.176,-457.07,13950,LC0_FZ_200_IA_4_filtered
25,12,2,-192.17,8.979,483.32,-470.85,7719,LC0_FZ_200_Round18_IA_2_filtered
25,12,4,-192.16,6.6,651.716,-430.83,13904,LC0_FZ_200_IA_4_filtered
25,12,0,-192.13,5.707,313.5,-431.24,1392,LC0_FZ_200_Round18_filtered
25,12,2,-192.11,-9.91,489.81,438.08,8368,LC0_FZ_200_Round18_IA_2_filtered
25,12,2,-192.09,-9.875,489.8,440.56,8367,LC0_FZ_200_Round18_IA_2_filtered
25,12,2,-192.08,-3.959,488.32,332.32,8219,LC0_FZ_200_Round18_IA_2_filtered
25,12,2,-192.07,5.054,482.34,-403.87,7621,LC0_FZ_200_Round18_IA_2_filtered
25,12,0,-192.07,-4.648,319.49,359.75,1991,LC0_FZ_200_Round18_filtered
25,12,0,-192.07,-11.36,321.17,458.79,2159,LC0_FZ_200_Round18_filtered
25,12,2,-192.06,11.842,484.34,-475.64,7821,LC0_FZ_200_Round18_IA_2_filtered
25,12,0,-192.02,7.102,313.85,-457.42,1427,LC0_FZ_200_Round18_filtered
25,12,2,-192.01,11.708,484.1,-478.91,7797,LC0_FZ_200_Round18_IA_2_filtered
25,12,-0,-192.01,7.184,313.87,-452.13,1429,LC0_FZ_200_Round18_filtered
25,12,2,-192,1.354,486.99,-130.08,8086,LC0_FZ_200_Round18_IA_2_filtered
25,12,2,-192,-8.58,489.47,425.84,8334,LC0_FZ_200_Round18_IA_2_filtered
25,12,2,-191.99,4.597,486.17,-354.37,8004,LC0_FZ_200_Round18_IA_2_filtered
25,12,2,-191.97,9.889,483.55,-484.19,7742,LC0_FZ_200_Round18_IA_2_filtered
25,12,2,-191.94,-8.517,489.46,427.53,8333,LC0_FZ_200_Round18_IA_2_filtered
25,12,0,-191.94,-6.429,319.93,413.69,2035,LC0_FZ_200_Round18_filtered
25,12,0,-191.93,8.541,314.21,-463.45,1463,LC0_FZ_200_Round18_filtered
25,12,0,-191.93,-7.305,320.15,420.03,2057,LC0_FZ_200_Round18_filtered
25,12,0,-191.91,-2.814,319.03,257.24,1945,LC0_FZ_200_Round18_filtered
25,12,2,-191.9,7.129,482.86,-449.78,7673,LC0_FZ_200_Round18_IA_2_filtered
25,12,2,-191.83,1.948,486.84,-185.34,8071,LC0_FZ_200_Round18_IA_2_filtered
25,12,0,-191.79,-7.77,320.27,425.31,2069,LC0_FZ_200_Round18_filtered
25,12,0,-191.76,9.458,314.44,-473.68,1486,LC0_FZ_200_Round18_filtered
25,12,0,-191.76,-8.561,320.47,439.27,2089,LC0_FZ_200_Round18_filtered
25,12,0,-191.71,-8.15,320.36,432.13,2078,LC0_FZ_200_Round18_filtered
25,12,0,-191.69,7.63,313.98,-454.47,1440,LC0_FZ_200_Round18_filtered
25,12,0,-191.69,-10.536,320.96,453.05,2138,LC0_FZ_200_Round18_filtered
25,12,-0,-191.66,-10.423,320.93,458.82,2135,LC0_FZ_200_Round18_filtered
25,12,0,-191.64,-5.982,319.82,405.65,2024,LC0_FZ_200_Round18_filtered
25,12,0,-191.63,8.513,314.2,-464.36,1462,LC0_FZ_200_Round18_filtered
25,12,0,-191.63,-9.936,320.81,458.63,2123,LC0_FZ_200_Round18_filtered
25,12,4,-191.62,11.637,653.006,-468.13,14033,LC0_FZ_200_IA_4_filtered
25,12,-0,-191.59,6.263,313.64,-438.64,1406,LC0_FZ_200_Round18_filtered
25,12,2,-191.57,6.96,482.81,-451.36,7668,LC0_FZ_200_Round18_IA_2_filtered
25,12,-0,-191.52,3.009,312.83,-298.79,1325,LC0_FZ_200_Round18_filtered
25,12,2,-191.5,-5.376,488.67,386.29,8254,LC0_FZ_200_Round18_IA_2_filtered
25,12,4,-191.49,4.165,651.116,-330.82,13844,LC0_FZ_200_IA_4_filtered
25,12,4,-191.49,7.748,652.006,-442.04,13933,LC0_FZ_200_IA_4_filtered
25,12,-0,-191.48,5.837,313.53,-426.55,1395,LC0_FZ_200_Round18_filtered
25,12,2,-191.45,5.788,482.52,-422.83,7639,LC0_FZ_200_Round18_IA_2_filtered
25,12,0,-191.45,6.668,313.74,-449.38,1416,LC0_FZ_200_Round18_filtered
25,12,2,-191.43,11.158,483.86,-482.02,7773,LC0_FZ_200_Round18_IA_2_filtered
25,12,0,-191.42,-8.687,320.5,434.63,2092,LC0_FZ_200_Round18_filtered
25,12,0,-191.39,4.015,313.08,-349.49,1350,LC0_FZ_200_Round18_filtered
25,12,0,-191.39,6.196,313.62,-443.02,1404,LC0_FZ_200_Round18_filtered
25,12,0,-191.38,-10.069,320.84,449.97,2126,LC0_FZ_200_Round18_filtered
25,12,0,-191.37,-10.917,321.06,454.77,2148,LC0_FZ_200_Round18_filtered
25,12,0,-191.36,4.945,313.31,-390.43,1373,LC0_FZ_200_Round18_filtered
25,12,2,-191.34,11.607,483.99,-479.55,7786,LC0_FZ_200_Round18_IA_2_filtered
25,12,0,-191.32,-1.428,318.68,147.24,1910,LC0_FZ_200_Round18_filtered
25,12,2,-191.31,10.776,483.77,-483.76,7764,LC0_FZ_200_Round18_IA_2_filtered
25,12,-0,-191.29,-6.352,319.92,411.53,2034,LC0_FZ_200_Round18_filtered
25,12,0,-191.24,-5.928,319.81,402.69,2023,LC0_FZ_200_Round18_filtered
25,12,0,-191.21,7.134,313.86,-453.23,1428,LC0_FZ_200_Round18_filtered
25,12,0,-191.21,-3.728,319.26,313.53,1968,LC0_FZ_200_Round18_filtered
25,12,4,-191.2,1.278,655.996,-96.24,14332,LC0_FZ_200_IA_4_filtered
25,12,0,-191.18,8.978,314.32,-467.18,1474,LC0_FZ_200_Round18_filtered
25,12,2,-191.16,5.335,482.41,-407.16,7628,LC0_FZ_200_Round18_IA_2_filtered
25,12,0,-191.16,-1.871,318.79,186.95,1921,LC0_FZ_200_Round18_filtered
25,12,2,-191.14,2.027,481.58,-206.89,7545,LC0_FZ_200_Round18_IA_2_filtered
25,12,4,-191.11,7.065,651.836,-436.66,13916,LC0_FZ_200_IA_4_filtered
25,12,4,-191.09,5.68,651.486,-408.08,13881,LC0_FZ_200_IA_4_filtered
25,12,4,-191.07,7.999,652.066,-448.93,13939,LC0_FZ_200_IA_4_filtered
25,12,2,-190.98,-5.317,488.66,387.51,8253,LC0_FZ_200_Round18_IA_2_filtered
25,12,4,-190.9,1.325,655.986,-100.13,14331,LC0_FZ_200_IA_4_filtered
25,12,4,-190.7,-0.494,656.436,87.88,14376,LC0_FZ_200_IA_4_filtered
25,12,2,-190.67,-4.522,488.46,354.14,8233,LC0_FZ_200_Round18_IA_2_filtered
25,12,2,-190.64,-1.283,487.65,156.17,8152,LC0_FZ_200_Round18_IA_2_filtered
25,12,0,-190.64,-4.622,319.48,355.25,1990,LC0_FZ_200_Round18_filtered
25,12,2,-190.63,4.159,482.11,-354.9,7598,LC0_FZ_200_Round18_IA_2_filtered
25,12,0,-190.61,-8.184,320.37,429.51,2079,LC0_FZ_200_Round18_filtered
25,12,-0,-190.58,-9.553,320.72,445.49,2114,LC0_FZ_200_Round18_filtered
25,12,4,-190.57,7.28,651.886,-431.68,13921,LC0_FZ_200_IA_4_filtered
25,12,2,-190.55,0.191,487.28,-5.98,8115,LC0_FZ_200_Round18_IA_2_filtered
25,12,0,-190.53,-8.62,320.48,435.87,2090,LC0_FZ_200_Round18_filtered
25,12,2,-190.52,-3.997,488.33,331.63,8220,LC0_FZ_200_Round18_IA_2_filtered
25,12,2,-190.51,6.49,482.7,-444.57,7657,LC0_FZ_200_Round18_IA_2_filtered
25,12,0,-190.51,3.522,312.95,-326.38,1337,LC0_FZ_200_Round18_filtered
25,12,2,-190.5,8.34,483.16,-463.47,7703,LC0_FZ_200_Round18_IA_2_filtered
25,12,2,-190.46,7.436,482.93,-456.02,7680,LC0_FZ_200_Round18_IA_2_filtered
25,12,4,-190.45,3.714,650.996,-297.16,13832,LC0_FZ_200_IA_4_filtered
25,12,4,-190.45,10.83,652.776,-467.89,14010,LC0_FZ_200_IA_4_filtered
25,12,0,-190.32,5.739,313.51,-428.91,1393,LC0_FZ_200_Round18_filtered
25,12,4,-190.27,8.176,652.116,-446.62,13944,LC0_FZ_200_IA_4_filtered
25,12,4,-190.25,9.859,652.536,-467.94,13986,LC0_FZ_200_IA_4_filtered
25,12,2,-190.25,3.971,482.07,-335.34,7594,LC0_FZ_200_Round18_IA_2_filtered
25,12,0,-190.25,-9.108,320.6,440.38,2102,LC0_FZ_200_Round18_filtered
25,12,4,-190.24,9.536,652.456,-465.72,13978,LC0_FZ_200_IA_4_filtered
25,12,2,-190.23,2.861,481.79,-274.43,7566,LC0_FZ_200_Round18_IA_2_filtered
25,12,0,-190.23,3.879,313.05,-351.37,1347,LC0_FZ_200_Round18_filtered
25,12,2,-190.22,10.724,483.76,-479.26,7763,LC0_FZ_200_Round18_IA_2_filtered
25,12,2,-190.19,-4.384,488.43,353.37,8230,LC0_FZ_200_Round18_IA_2_filtered
25,12,2,-190.16,4.633,482.23,-380.97,7610,LC0_FZ_200_Round18_IA_2_filtered
25,12,2,-190.15,9.257,483.39,-473.87,7726,LC0_FZ_200_Round18_IA_2_filtered
25,12,-0,-190.15,-0.976,318.57,101.38,1899,LC0_FZ_200_Round18_filtered
25,12,4,-190.11,6.636,651.726,-427.08,13905,LC0_FZ_200_IA_4_filtered
25,12,0,-190.06,-0.555,318.46,52.83,1888,LC0_FZ_200_Round18_filtered
25,12,0,-190.02,5.793,313.52,-426.73,1394,LC0_FZ_200_Round18_filtered
25,12,2,-190,-4.867,488.55,371.04,8242,LC0_FZ_200_Round18_IA_2_filtered
25,12,0,-189.96,-2.782,319.02,253.51,1944,LC0_FZ_200_Round18_filtered
25,12,2,-189.93,3.019,481.83,-280.76,7570,LC0_FZ_200_Round18_IA_2_filtered
25,12,0,-189.91,-5.466,319.69,391.38,2011,LC0_FZ_200_Round18_filtered
25,12,4,-189.89,0.417,656.216,-7.44,14354,LC0_FZ_200_IA_4_filtered
25,12,-0,-189.89,-2.681,319,251.04,1942,LC0_FZ_200_Round18_filtered
25,12,4,-189.77,9.994,652.566,-466.69,13989,LC0_FZ_200_IA_4_filtered
25,12,2,-189.76,0.896,487.1,-85.44,8097,LC0_FZ_200_Round18_IA_2_filtered
25,12,2,-189.76,-4.915,488.56,370.25,8243,LC0_FZ_200_Round18_IA_2_filtered
25,12,4,-189.74,0.384,656.226,-3.87,14355,LC0_FZ_200_IA_4_filtered
25,12,0,-189.72,5.273,313.39,-413.37,1381,LC0_FZ_200_Round18_filtered
25,12,0,-189.53,1.337,317.99,-154.54,1841,LC0_FZ_200_Round18_filtered
25,12,2,-189.52,3.326,481.9,-305.6,7577,LC0_FZ_200_Round18_IA_2_filtered
25,12,2,-189.49,4.431,482.18,-359.56,7605,LC0_FZ_200_Round18_IA_2_filtered
25,12,0,-189.44,4.338,313.16,-372.78,1358,LC0_FZ_200_Round18_filtered
25,12,4,-189.41,5.468,651.436,-393.26,13876,LC0_FZ_200_IA_4_filtered
25,12,2,-189.33,-4.454,488.44,351.92,8231,LC0_FZ_200_Round18_IA_2_filtered
25,12,2,-189.31,8.476,483.19,-456.04,7706,LC0_FZ_200_Round18_IA_2_filtered
25,12,0,-189.26,-4.928,319.56,377.9,1998,LC0_FZ_200_Round18_filtered
25,12,2,-189.25,7.12,482.85,-443.79,7672,LC0_FZ_200_Round18_IA_2_filtered
25,12,0,-189.25,-2.749,319.01,251.79,1943,LC0_FZ_200_Round18_filtered
25,12,0,-189.21,-4.019,319.33,333.7,1975,LC0_FZ_200_Round18_filtered
25,12,4,-189.1,2.992,650.816,-254.85,13814,LC0_FZ_200_IA_4_filtered
25,12,-0,-189.05,4.467,313.19,-369.93,1361,LC0_FZ_200_Round18_filtered
25,12,4,-188.97,5.926,651.546,-407.57,13887,LC0_FZ_200_IA_4_filtered
25,12,4,-188.9,9.948,652.556,-463.34,13988,LC0_FZ_200_IA_4_filtered
25,12,2,-188.83,0.424,487.22,-33.21,8109,LC0_FZ_200_Round18_IA_2_filtered
25,12,0,-188.78,-3.139,319.11,280.34,1953,LC0_FZ_200_Round18_filtered
25,12,2,-188.75,9.818,483.53,-473.26,7740,LC0_FZ_200_Round18_IA_2_filtered
25,12,2,-188.65,9.302,483.4,-469.08,7727,LC0_FZ_200_Round18_IA_2_filtered
25,12,2,-188.55,5.573,482.47,-421.34,7634,LC0_FZ_200_Round18_IA_2_filtered
25,12,2,-188.51,6.534,482.71,-439.84,7658,LC0_FZ_200_Round18_IA_2_filtered
25,12,4,-188.45,2.571,650.716,-223.39,13804,LC0_FZ_200_IA_4_filtered
25,12,2,-188.42,7.543,482.96,-447.55,7683,LC0_FZ_200_Round18_IA_2_filtered
25,12,4,-188.37,8.036,652.076,-443.35,13940,LC0_FZ_200_IA_4_filtered
25,12,4,-188.33,6.19,651.616,-415.87,13894,LC0_FZ_200_IA_4_filtered
25,12,4,-188.25,9.472,652.436,-458.43,13976,LC0_FZ_200_IA_4_filtered
25,12,2,-188.24,6.196,482.62,-430.21,7649,LC0_FZ_200_Round18_IA_2_filtered
25,12,0,-188.23,-4.579,319.47,354.02,1989,LC0_FZ_200_Round18_filtered
25,12,4,-188.2,6.79,651.766,-422.53,13909,LC0_FZ_200_IA_4_filtered
25,12,0,-188.17,0.885,318.1,-111.6,1852,LC0_FZ_200_Round18_filtered
25,12,2,-188.16,9.355,483.41,-466.93,7728,LC0_FZ_200_Round18_IA_2_filtered
25,12,2,-188.13,7.973,483.07,-450.18,7694,LC0_FZ_200_Round18_IA_2_filtered
25,12,4,-188.03,4.315,651.146,-341.78,13847,LC0_FZ_200_IA_4_filtered
25,12,0,-188.03,-4.528,319.46,354.65,1988,LC0_FZ_200_Round18_filtered
25,12,2,-187.91,2.916,481.8,-276.33,7567,LC0_FZ_200_Round18_IA_2_filtered
25,12,4,-187.9,8.985,652.316,-452.06,13964,LC0_FZ_200_IA_4_filtered
25,12,0,-187.76,-3.23,319.13,281.76,1955,LC0_FZ_200_Round18_filtered
25,12,0,-187.72,-3.184,319.12,280.51,1954,LC0_FZ_200_Round18_filtered
25,12,2,-187.62,0.152,487.29,-1.26,8116,LC0_FZ_200_Round18_IA_2_filtered
25,12,2,-187.6,0.011,487.33,16.45,8120,LC0_FZ_200_Round18_IA_2_filtered
25,12,2,-187.58,0.577,487.18,-50.93,8105,LC0_FZ_200_Round18_IA_2_filtered
25,12,2,-187.48,4.678,482.24,-381.52,7611,LC0_FZ_200_Round18_IA_2_filtered
25,12,0,-187.45,-0.539,318.45,48.33,1887,LC0_FZ_200_Round18_filtered
25,12,0,-187.43,-3.666,319.24,307.97,1966,LC0_FZ_200_Round18_filtered
25,12,4,-187.33,3.674,650.986,-293.64,13831,LC0_FZ_200_IA_4_filtered
25,12,4,-187.3,4.795,651.266,-369.04,13859,LC0_FZ_200_IA_4_filtered
25,12,2,-187.25,7.518,482.95,-446.94,7682,LC0_FZ_200_Round18_IA_2_filtered
25,12,2,-187.24,4.183,482.12,-357.33,7599,LC0_FZ_200_Round18_IA_2_filtered
25,12,0,-187.23,4.828,313.28,-392.89,1370,LC0_FZ_200_Round18_filtered
25,12,0,-187.21,-3.616,319.23,307.18,1965,LC0_FZ_200_Round18_filtered
25,12,4,-187.09,2.618,650.726,-225.63,13805,LC0_FZ_200_IA_4_filtered
25,12,4,-187.02,5.285,651.386,-389.37,13871,LC0_FZ_200_IA_4_filtered
25,12,2,-186.86,0.947,487.09,-89.58,8096,LC0_FZ_200_Round18_IA_2_filtered
25,12,0,-186.85,4.432,313.18,-369.94,1360,LC0_FZ_200_Round18_filtered
25,12,4,-186.84,7.164,651.856,-426.49,13918,LC0_FZ_200_IA_4_filtered
25,12,0,-186.71,-0.453,318.43,39.02,1885,LC0_FZ_200_Round18_filtered
25,12,2,-186.69,0.98,487.08,-93.8,8095,LC0_FZ_200_Round18_IA_2_filtered
25,12,4,-186.47,5.857,651.536,-403.54,13886,LC0_FZ_200_IA_4_filtered
25,12,2,-186.33,5.698,482.5,-416.46,7637,LC0_FZ_200_Round18_IA_2_filtered
25,12,4,-186.2,3.162,650.856,-262.19,13818,LC0_FZ_200_IA_4_filtered
25,12,0,-186.12,-0.497,318.44,43.85,1886,LC0_FZ_200_Round18_filtered
25,12,2,-186.08,4.365,482.17,-356.24,7604,LC0_FZ_200_Round18_IA_2_filtered
25,12,4,-186.04,3.024,650.826,-257.1,13815,LC0_FZ_200_IA_4_filtered
25,12,2,-186,-0.348,487.41,55.32,8128,LC0_FZ_200_Round18_IA_2_filtered
25,12,2,-185.83,5.677,482.49,-416.45,7636,LC0_FZ_200_Round18_IA_2_filtered
25,12,2,-185.67,0.123,487.3,2.87,8117,LC0_FZ_200_Round18_IA_2_filtered
25,12,4,-185.34,4.349,651.156,-342.88,13848,LC0_FZ_200_IA_4_filtered
25,12,0,-185.16,0.43,318.21,-64.42,1863,LC0_FZ_200_Round18_filtered
25,12,2,-185.07,-0.399,487.42,59.79,8129,LC0_FZ_200_Round18_IA_2_filtered
25,12,0,-185.01,0.398,318.22,-59.77,1864,LC0_FZ_200_Round18_filtered
25,12,2,-184.96,0.551,487.19,-46.32,8106,LC0_FZ_200_Round18_IA_2_filtered
25,12,4,-184.83,5.795,651.516,-401.94,13884,LC0_FZ_200_IA_4_filtered
25,12,2,-184.75,5.235,482.38,-399.73,7625,LC0_FZ_200_Round18_IA_2_filtered
25,12,2,-184.59,3.776,482.02,-332.3,7589,LC0_FZ_200_Round18_IA_2_filtered
25,12,4,-184.53,5.313,651.396,-387.83,13872,LC0_FZ_200_IA_4_filtered
25,12,2,-184.53,3.374,481.92,-307.17,7579,LC0_FZ_200_Round18_IA_2_filtered
25,12,2,-184.23,0.079,487.31,7.17,8118,LC0_FZ_200_Round18_IA_2_filtered
25,12,2,-183.78,3.902,482.05,-330.71,7592,LC0_FZ_200_Round18_IA_2_filtered
25,12,2,-183.32,4.342,482.16,-354.93,7603,LC0_FZ_200_Round18_IA_2_filtered
25,12,-0,-182.98,-0.007,318.33,-9.93,1875,LC0_FZ_200_Round18_filtered
25,12,2,-182.44,3.823,482.03,-331.54,7590,LC0_FZ_200_Round18_IA_2_filtered
25,12,4,-180.38,3.959,651.066,-314.12,13839,LC0_FZ_200_IA_4_filtered
25,12,2,-161.65,1.292,515.189,-122.36,8776,LC0_FZ_150_Round18_IA_2_filtered
25,12,2,-160.04,1.715,515.299,-157.94,8787,LC0_FZ_150_Round18_IA_2_filtered
25,12,2,-159.15,1.424,515.219,-135.04,8779,LC0_FZ_150_Round18_IA_2_filtered
25,12,4,-159.13,-2.784,690.815,227.53,15684,LC0_FZ_150_IA_4_filtered
25,12,4,-158.11,-2.822,690.825,228.85,15685,LC0_FZ_150_IA_4_filtered
25,12,2,-158.03,1.688,515.289,-153.96,8786,LC0_FZ_150_Round18_IA_2_filtered
25,12,2,-158.03,-2.532,521.759,216.25,9433,LC0_FZ_150_Round18_IA_2_filtered
25,12,4,-157.95,-3.246,690.925,247.02,15695,LC0_FZ_150_IA_4_filtered
25,12,4,-157.63,-3.206,690.915,244.22,15694,LC0_FZ_150_IA_4_filtered
25,12,2,-157.45,-2.936,521.859,234.71,9443,LC0_FZ_150_Round18_IA_2_filtered
25,12,4,-157.24,-2.238,690.675,192.9,15670,LC0_FZ_150_IA_4_filtered
25,12,4,-157.19,-10.25,693.785,351.56,15981,LC0_FZ_150_IA_4_filtered
25,12,4,-157.18,-3.146,690.905,239.83,15693,LC0_FZ_150_IA_4_filtered
25,12,2,-157.11,1.212,515.169,-114.29,8774,LC0_FZ_150_Round18_IA_2_filtered
25,12,4,-157.04,-7.008,694.595,320.75,16062,LC0_FZ_150_IA_4_filtered
25,12,4,-157.03,-9.359,694.005,341.45,16003,LC0_FZ_150_IA_4_filtered
25,12,4,-157,-8.384,694.255,336.45,16028,LC0_FZ_150_IA_4_filtered
25,12,4,-156.98,-7.445,694.485,326.68,16051,LC0_FZ_150_IA_4_filtered
25,12,4,-156.93,-10.674,693.675,354.95,15970,LC0_FZ_150_IA_4_filtered
25,12,2,-156.91,-2.588,521.769,218.22,9434,LC0_FZ_150_Round18_IA_2_filtered
25,12,2,-156.76,-2.114,521.649,190.3,9422,LC0_FZ_150_Round18_IA_2_filtered
25,12,4,-156.75,-10.718,693.665,353.21,15969,LC0_FZ_150_IA_4_filtered
25,12,4,-156.39,-8.339,694.265,334.22,16029,LC0_FZ_150_IA_4_filtered
25,12,4,-156.17,-2.868,690.835,228.25,15686,LC0_FZ_150_IA_4_filtered
25,12,4,-156.14,-7.529,694.465,323.98,16049,LC0_FZ_150_IA_4_filtered
25,12,4,-155.98,-11.06,693.575,353.81,15960,LC0_FZ_150_IA_4_filtered
25,12,4,-155.73,-11.72,693.215,359.23,15924,LC0_FZ_150_IA_4_filtered
25,12,4,-155.47,-11.718,693.205,359.68,15923,LC0_FZ_150_IA_4_filtered
25,12,2,-155.44,-1.637,521.529,157.5,9410,LC0_FZ_150_Round18_IA_2_filtered
25,12,4,-155.33,-8.002,694.345,326.25,16037,LC0_FZ_150_IA_4_filtered
25,12,2,-155.3,-9.073,525.089,348.83,9766,LC0_FZ_150_Round18_IA_2_filtered
25,12,2,-155.3,-8.152,525.319,337.81,9789,LC0_FZ_150_Round18_IA_2_filtered
25,12,4,-155.25,-10.123,693.815,344.9,15984,LC0_FZ_150_IA_4_filtered
25,12,2,-155.21,1.65,515.279,-150.01,8785,LC0_FZ_150_Round18_IA_2_filtered
25,12,4,-155.15,-3.301,690.945,247.93,15697,LC0_FZ_150_IA_4_filtered
25,12,0,-155.12,9.669,349.7,-385.69,2882,LC0_FZ_150_Round18_filtered
25,12,0,-155.09,7.83,350.16,-362.54,2928,LC0_FZ_150_Round18_filtered
25,12,-0,-155.05,8.763,349.93,-373.23,2905,LC0_FZ_150_Round18_filtered
25,12,2,-154.99,-7.703,525.429,331.73,9800,LC0_FZ_150_Round18_IA_2_filtered
25,12,0,-154.97,9.626,349.71,-384.6,2883,LC0_FZ_150_Round18_filtered
25,12,4,-154.93,-11.995,693.315,358.07,15934,LC0_FZ_150_IA_4_filtered
25,12,2,-154.93,-6.812,525.659,321.03,9823,LC0_FZ_150_Round18_IA_2_filtered
25,12,0,-154.9,10.14,349.58,-389.06,2870,LC0_FZ_150_Round18_filtered
25,12,2,-154.89,-8.582,525.209,343.65,9778,LC0_FZ_150_Round18_IA_2_filtered
25,12,2,-154.87,-8.645,525.199,342.3,9777,LC0_FZ_150_Round18_IA_2_filtered
25,12,0,-154.85,10.57,349.47,-394.63,2859,LC0_FZ_150_Round18_filtered
25,12,2,-154.84,-10.022,524.849,354.86,9742,LC0_FZ_150_Round18_IA_2_filtered
25,12,0,-154.77,9.222,349.81,-378.24,2893,LC0_FZ_150_Round18_filtered
25,12,4,-154.72,1.814,689.665,-129.1,15569,LC0_FZ_150_IA_4_filtered
25,12,2,-154.72,-8.118,525.329,337.93,9790,LC0_FZ_150_Round18_IA_2_filtered
25,12,4,-154.66,-11.729,693.195,357.45,15922,LC0_FZ_150_IA_4_filtered
25,12,2,-154.64,0.794,515.059,-72.63,8763,LC0_FZ_150_Round18_IA_2_filtered
25,12,0,-154.63,6.907,350.39,-351.99,2951,LC0_FZ_150_Round18_filtered
25,12,2,-154.62,-7.188,525.559,327.52,9813,LC0_FZ_150_Round18_IA_2_filtered
25,12,2,-154.57,2.482,520.499,-195.32,9307,LC0_FZ_150_Round18_IA_2_filtered
25,12,4,-154.56,-11.494,693.465,352.61,15949,LC0_FZ_150_IA_4_filtered
25,12,4,-154.54,-4.496,691.245,288.48,15727,LC0_FZ_150_IA_4_filtered
25,12,4,-154.52,-4.574,691.265,296.55,15729,LC0_FZ_150_IA_4_filtered
25,12,4,-154.51,-4.712,695.175,279.29,16120,LC0_FZ_150_IA_4_filtered
25,12,4,-154.48,-3.086,690.885,229.87,15691,LC0_FZ_150_IA_4_filtered
25,12,4,-154.48,-6.814,691.825,341.14,15785,LC0_FZ_150_IA_4_filtered
25,12,4,-154.46,8.193,688.065,-351.6,15409,LC0_FZ_150_IA_4_filtered
25,12,0,-154.45,10.541,349.48,-393.4,2860,LC0_FZ_150_Round18_filtered
25,12,4,-154.42,7.707,688.185,-343.7,15421,LC0_FZ_150_IA_4_filtered
25,12,2,-154.4,-7.637,525.449,332.18,9802,LC0_FZ_150_Round18_IA_2_filtered
25,12,4,-154.37,-7.379,694.505,321.21,16053,LC0_FZ_150_IA_4_filtered
25,12,2,-154.33,-2.19,521.669,192.71,9424,LC0_FZ_150_Round18_IA_2_filtered
25,12,0,-154.33,8.7,349.94,-372.47,2906,LC0_FZ_150_Round18_filtered
25,12,0,-154.3,10.988,349.36,-396.04,2848,LC0_FZ_150_Round18_filtered
25,12,2,-154.18,8.906,518.889,-371.1,9146,LC0_FZ_150_Round18_IA_2_filtered
25,12,0,-154.17,2.793,346.57,-233.55,2569,LC0_FZ_150_Round18_filtered
25,12,4,-154.16,9.588,687.715,-369.32,15374,LC0_FZ_150_IA_4_filtered
25,12,4,-154.16,2.664,689.455,-186.63,15548,LC0_FZ_150_IA_4_filtered
25,12,0,-154.13,10.613,349.46,-392.16,2858,LC0_FZ_150_Round18_filtered
25,12,2,-154.11,-3.095,526.589,224.99,9916,LC0_FZ_150_Round18_IA_2_filtered
25,12,2,-154.09,-6.714,525.679,321.18,9825,LC0_FZ_150_Round18_IA_2_filtered
25,12,4,-154.07,-5.554,694.965,294.03,16099,LC0_FZ_150_IA_4_filtered
25,12,0,-154.06,6.871,350.4,-352.02,2952,LC0_FZ_150_Round18_filtered
25,12,4,-154.04,-9.631,693.935,339.21,15996,LC0_FZ_150_IA_4_filtered
25,12,0,-154.02,10.208,349.57,-384.87,2869,LC0_FZ_150_Round18_filtered
25,12,-0,-154,6.957,350.38,-348.41,2950,LC0_FZ_150_Round18_filtered
25,12,2,-153.98,10.269,518.549,-386.28,9112,LC0_FZ_150_Round18_IA_2_filtered
25,12,4,-153.95,5.964,688.625,-308.3,15465,LC0_FZ_150_IA_4_filtered
25,12,2,-153.94,1.019,515.119,-97.46,8769,LC0_FZ_150_Round18_IA_2_filtered
25,12,2,-153.92,2.934,520.389,-222.19,9296,LC0_FZ_150_Round18_IA_2_filtered
25,12,4,-153.91,-2.585,690.765,206.05,15679,LC0_FZ_150_IA_4_filtered
25,12,4,-153.91,-4.614,691.275,298.08,15730,LC0_FZ_150_IA_4_filtered
25,12,2,-153.91,-10.864,524.639,360.39,9721,LC0_FZ_150_Round18_IA_2_filtered
25,12,0,-153.91,6.476,350.5,-344.74,2962,LC0_FZ_150_Round18_filtered
25,12,4,-153.89,-5.977,691.615,331.47,15764,LC0_FZ_150_IA_4_filtered
25,12,2,-153.85,2.129,515.399,-183.24,8797,LC0_FZ_150_Round18_IA_2_filtered
25,12,4,-153.84,-3.87,695.385,249.87,16141,LC0_FZ_150_IA_4_filtered
25,12,2,-153.84,6.109,519.589,-332.14,9216,LC0_FZ_150_Round18_IA_2_filtered
25,12,2,-153.84,-1.181,521.419,120.56,9399,LC0_FZ_150_Round18_IA_2_filtered
25,12,2,-153.82,-5.836,525.899,309.82,9847,LC0_FZ_150_Round18_IA_2_filtered
25,12,2,-153.81,-1.143,521.409,116.03,9398,LC0_FZ_150_Round18_IA_2_filtered
25,12,4,-153.79,-10.019,692.625,354.14,15865,LC0_FZ_150_IA_4_filtered
25,12,2,-153.79,5.227,519.809,-314.15,9238,LC0_FZ_150_Round18_IA_2_filtered
25,12,2,-153.79,-7.748,525.419,328.46,9799,LC0_FZ_150_Round18_IA_2_filtered
25,12,0,-153.79,6.006,350.62,-338.08,2974,LC0_FZ_150_Round18_filtered
25,12,2,-153.75,-2.178,526.819,178.59,9939,LC0_FZ_150_Round18_IA_2_filtered
25,12,4,-153.74,-4.182,691.165,282.51,15719,LC0_FZ_150_IA_4_filtered
25,12,2,-153.72,9.782,518.669,-381.65,9124,LC0_FZ_150_Round18_IA_2_filtered
25,12,0,-153.72,3.329,346.69,-258.95,2581,LC0_FZ_150_Round18_filtered
25,12,0,-153.69,9.156,349.83,-376.67,2895,LC0_FZ_150_Round18_filtered
25,12,4,-153.67,7.346,688.275,-330.84,15430,LC0_FZ_150_IA_4_filtered
25,12,4,-153.67,-7.742,692.055,345.44,15808,LC0_FZ_150_IA_4_filtered
25,12,4,-153.67,-2.47,695.735,191.41,16176,LC0_FZ_150_IA_4_filtered
25,12,0,-153.65,-2.947,357.63,215.78,3675,LC0_FZ_150_Round18_filtered
25,12,4,-153.6,-11.84,693.355,351.47,15938,LC0_FZ_150_IA_4_filtered
25,12,2,-153.58,-10.065,524.839,349.67,9741,LC0_FZ_150_Round18_IA_2_filtered
25,12,0,-153.57,11.875,349.12,-400.82,2824,LC0_FZ_150_Round18_filtered
25,12,2,-153.56,10.732,518.429,-389.86,9100,LC0_FZ_150_Round18_IA_2_filtered
25,12,4,-153.54,-8.222,692.175,345.27,15820,LC0_FZ_150_IA_4_filtered
25,12,0,-153.54,7.315,350.29,-356.65,2941,LC0_FZ_150_Round18_filtered
25,12,4,-153.51,-8.712,692.295,344.47,15832,LC0_FZ_150_IA_4_filtered
25,12,2,-153.5,-6.852,525.649,318.38,9822,LC0_FZ_150_Round18_IA_2_filtered
25,12,4,-153.49,3.577,689.225,-237.63,15525,LC0_FZ_150_IA_4_filtered
25,12,4,-153.49,-5.106,695.075,286.49,16110,LC0_FZ_150_IA_4_filtered
25,12,4,-153.47,1.375,689.775,-96.84,15580,LC0_FZ_150_IA_4_filtered
25,12,4,-153.47,-5.42,691.475,318.87,15750,LC0_FZ_150_IA_4_filtered
25,12,4,-153.46,-11.682,693.125,349.27,15915,LC0_FZ_150_IA_4_filtered
25,12,4,-153.45,-5.065,691.385,312.48,15741,LC0_FZ_150_IA_4_filtered
25,12,4,-153.42,5.843,688.655,-308.15,15468,LC0_FZ_150_IA_4_filtered
25,12,4,-153.42,-11.455,693.475,347.88,15950,LC0_FZ_150_IA_4_filtered
25,12,0,-153.41,11.854,349.13,-398.52,2825,LC0_FZ_150_Round18_filtered
25,12,2,-153.39,11.62,518.199,-396.71,9077,LC0_FZ_150_Round18_IA_2_filtered
25,12,2,-153.35,2.68,515.539,-217.37,8811,LC0_FZ_150_Round18_IA_2_filtered
25,12,4,-153.33,-3.75,691.055,265.23,15708,LC0_FZ_150_IA_4_filtered
25,12,2,-153.31,-4.967,526.119,290.88,9869,LC0_FZ_150_Round18_IA_2_filtered
25,12,2,-153.31,-2.209,526.809,180.26,9938,LC0_FZ_150_Round18_IA_2_filtered
25,12,2,-153.3,-8.978,525.109,346.27,9768,LC0_FZ_150_Round18_IA_2_filtered
25,12,2,-153.28,-11.353,524.509,365.05,9708,LC0_FZ_150_Round18_IA_2_filtered
25,12,0,-153.28,5.96,350.63,-338.68,2975,LC0_FZ_150_Round18_filtered
25,12,0,-153.27,11.483,349.24,-397.87,2836,LC0_FZ_150_Round18_filtered
25,12,2,-153.26,-5.428,525.999,300.21,9857,LC0_FZ_150_Round18_IA_2_filtered
25,12,2,-153.25,7.596,519.219,-346.11,9179,LC0_FZ_150_Round18_IA_2_filtered
25,12,2,-153.24,4.327,520.039,-286.6,9261,LC0_FZ_150_Round18_IA_2_filtered
25,12,2,-153.24,-2.611,526.709,202.29,9928,LC0_FZ_150_Round18_IA_2_filtered
25,12,4,-153.21,-5.542,691.505,323.03,15753,LC0_FZ_150_IA_4_filtered
25,12,4,-153.21,-2.498,695.725,191.25,16175,LC0_FZ_150_IA_4_filtered
25,12,2,-153.21,9.298,518.789,-375.59,9136,LC0_FZ_150_Round18_IA_2_filtered
25,12,2,-153.2,-1.093,521.399,110.62,9397,LC0_FZ_150_Round18_IA_2_filtered
25,12,4,-153.18,-8.187,692.165,345.4,15819,LC0_FZ_150_IA_4_filtered
25,12,2,-153.17,4.784,519.919,-300.07,9249,LC0_FZ_150_Round18_IA_2_filtered
25,12,2,-153.16,2.475,520.509,-194.25,9308,LC0_FZ_150_Round18_IA_2_filtered
25,12,2,-153.14,-11.733,524.399,366.92,9697,LC0_FZ_150_Round18_IA_2_filtered
25,12,0,-153.12,7.438,350.26,-351.82,2938,LC0_FZ_150_Round18_filtered
25,12,2,-153.08,11.186,518.309,-394.38,9088,LC0_FZ_150_Round18_IA_2_filtered
25,12,2,-153.06,-3.345,521.959,246.69,9453,LC0_FZ_150_Round18_IA_2_filtered
25,12,2,-153.05,8.378,519.019,-363.18,9159,LC0_FZ_150_Round18_IA_2_filtered
25,12,4,-153.01,10.446,687.495,-377.79,15352,LC0_FZ_150_IA_4_filtered
25,12,4,-153,-11.512,693.005,350.35,15903,LC0_FZ_150_IA_4_filtered
25,12,4,-152.98,-6.782,691.815,338.41,15784,LC0_FZ_150_IA_4_filtered
25,12,2,-152.97,-9.149,525.069,341.46,9764,LC0_FZ_150_Round18_IA_2_filtered
25,12,2,-152.96,4.365,520.029,-284.4,9260,LC0_FZ_150_Round18_IA_2_filtered
25,12,0,-152.96,11.721,348.89,-405.32,2801,LC0_FZ_150_Round18_filtered
25,12,0,-152.96,11.778,349,-402.07,2812,LC0_FZ_150_Round18_filtered
25,12,4,-152.91,-4.341,695.265,265.34,16129,LC0_FZ_150_IA_4_filtered
25,12,2,-152.91,5.268,519.799,-310.91,9237,LC0_FZ_150_Round18_IA_2_filtered
25,12,0,-152.91,11.935,349.11,-400.08,2823,LC0_FZ_150_Round18_filtered
25,12,0,-152.89,9.604,349.72,-380.07,2884,LC0_FZ_150_Round18_filtered
25,12,4,-152.88,-5.856,691.585,326.6,15761,LC0_FZ_150_IA_4_filtered
25,12,2,-152.87,-3.592,526.459,244.64,9903,LC0_FZ_150_Round18_IA_2_filtered
25,12,0,-152.87,-2.244,352.68,187.71,3180,LC0_FZ_150_Round18_filtered
25,12,0,-152.84,3.264,346.68,-253.85,2580,LC0_FZ_150_Round18_filtered
25,12,2,-152.82,11.641,518.189,-397,9076,LC0_FZ_150_Round18_IA_2_filtered
25,12,0,-152.81,12.15,349.01,-400.66,2813,LC0_FZ_150_Round18_filtered
25,12,2,-152.76,5.625,519.709,-323.79,9228,LC0_FZ_150_Round18_IA_2_filtered
25,12,4,-152.74,-1.985,695.855,167.29,16188,LC0_FZ_150_IA_4_filtered
25,12,2,-152.72,-4.003,526.359,261.86,9893,LC0_FZ_150_Round18_IA_2_filtered
25,12,2,-152.7,-12.081,524.279,368.42,9685,LC0_FZ_150_Round18_IA_2_filtered
25,12,2,-152.69,-10.818,524.649,357.24,9722,LC0_FZ_150_Round18_IA_2_filtered
25,12,0,-152.68,6.033,350.61,-334.64,2973,LC0_FZ_150_Round18_filtered
25,12,0,-152.67,11.557,348.76,-399.11,2788,LC0_FZ_150_Round18_filtered
25,12,2,-152.66,-6.403,525.759,310.44,9833,LC0_FZ_150_Round18_IA_2_filtered
25,12,0,-152.56,-9.821,355.9,358.6,3502,LC0_FZ_150_Round18_filtered
25,12,2,-152.55,2.068,520.599,-166.97,9317,LC0_FZ_150_Round18_IA_2_filtered
25,12,2,-152.55,-11.692,524.169,369.85,9674,LC0_FZ_150_Round18_IA_2_filtered
25,12,2,-152.54,-3.837,522.079,266.7,9465,LC0_FZ_150_Round18_IA_2_filtered
25,12,2,-152.53,-11.689,524.159,369.07,9673,LC0_FZ_150_Round18_IA_2_filtered
25,12,2,-152.52,-1.763,526.919,153.27,9949,LC0_FZ_150_Round18_IA_2_filtered
25,12,0,-152.51,-2.549,357.73,191.87,3685,LC0_FZ_150_Round18_filtered
25,12,-0,-152.49,7.001,350.37,-342.81,2949,LC0_FZ_150_Round18_filtered
25,12,4,-152.48,-11.277,693.525,342.85,15955,LC0_FZ_150_IA_4_filtered
25,12,0,-152.48,11.429,349.25,-395.24,2837,LC0_FZ_150_Round18_filtered
25,12,4,-152.47,9.488,687.735,-366.67,15376,LC0_FZ_150_IA_4_filtered
25,12,4,-152.45,-4.461,691.235,282.89,15726,LC0_FZ_150_IA_4_filtered
25,12,4,-152.45,-3.741,695.415,246.52,16144,LC0_FZ_150_IA_4_filtered
25,12,2,-152.43,-10.968,524.609,356.5,9718,LC0_FZ_150_Round18_IA_2_filtered
25,12,2,-152.43,-3.157,526.569,224.45,9914,LC0_FZ_150_Round18_IA_2_filtered
25,12,0,-152.41,4.592,350.97,-303.32,3009,LC0_FZ_150_Round18_filtered
25,12,0,-152.4,3.814,346.82,-286.24,2594,LC0_FZ_150_Round18_filtered
25,12,0,-152.38,4.165,351.08,-286.09,3020,LC0_FZ_150_Round18_filtered
25,12,2,-152.37,-9.642,524.949,343.14,9752,LC0_FZ_150_Round18_IA_2_filtered
25,12,4,-152.36,-8.753,692.305,341.45,15833,LC0_FZ_150_IA_4_filtered
25,12,4,-152.35,-8.618,692.275,344.71,15830,LC0_FZ_150_IA_4_filtered
25,12,2,-152.33,-2.225,521.679,192.35,9425,LC0_FZ_150_Round18_IA_2_filtered
25,12,2,-152.32,11.735,517.969,-398.73,9054,LC0_FZ_150_Round18_IA_2_filtered
25,12,2,-152.32,-3.084,521.899,239.67,9447,LC0_FZ_150_Round18_IA_2_filtered
25,12,4,-152.3,-6.937,691.855,332.59,15788,LC0_FZ_150_IA_4_filtered
25,12,4,-152.29,-1.529,695.965,140.97,16199,LC0_FZ_150_IA_4_filtered
25,12,2,-152.27,-11.703,524.149,365.01,9672,LC0_FZ_150_Round18_IA_2_filtered
25,12,0,-152.23,11.55,349.22,-394.79,2834,LC0_FZ_150_Round18_filtered
25,12,0,-152.22,-2.257,352.69,190.52,3181,LC0_FZ_150_Round18_filtered
25,12,2,-152.21,6.993,519.369,-342.32,9194,LC0_FZ_150_Round18_IA_2_filtered
25,12,2,-152.2,-3.968,526.369,260.32,9894,LC0_FZ_150_Round18_IA_2_filtered
25,12,2,-152.2,-2.145,526.829,176.53,9940,LC0_FZ_150_Round18_IA_2_filtered
25,12,0,-152.2,6.525,350.49,-340.04,2961,LC0_FZ_150_Round18_filtered
25,12,2,-152.19,6.059,519.599,-329.74,9217,LC0_FZ_150_Round18_IA_2_filtered
25,12,2,-152.18,-11.701,524.179,367.2,9675,LC0_FZ_150_Round18_IA_2_filtered
25,12,0,-152.17,3.699,351.2,-267.97,3032,LC0_FZ_150_Round18_filtered
25,12,2,-152.15,-3.477,526.489,241.69,9906,LC0_FZ_150_Round18_IA_2_filtered
25,12,4,-152.14,9.206,687.815,-357.16,15384,LC0_FZ_150_IA_4_filtered
25,12,4,-152.12,7.837,688.155,-335.12,15418,LC0_FZ_150_IA_4_filtered
25,12,0,-152.12,-0.69,358.19,62.83,3731,LC0_FZ_150_Round18_filtered
25,12,0,-152.11,10.515,349.49,-388.59,2861,LC0_FZ_150_Round18_filtered
25,12,2,-152.09,-3.961,522.109,277.05,9468,LC0_FZ_150_Round18_IA_2_filtered
25,12,0,-152.07,4.251,346.93,-304.44,2605,LC0_FZ_150_Round18_filtered
25,12,0,-152.07,7.93,347.85,-383.78,2697,LC0_FZ_150_Round18_filtered
25,12,4,-152.06,6.912,688.385,-320.98,15441,LC0_FZ_150_IA_4_filtered
25,12,2,-152.06,-2.801,521.829,220.9,9440,LC0_FZ_150_Round18_IA_2_filtered
25,12,2,-152.06,-7.117,525.579,321.86,9815,LC0_FZ_150_Round18_IA_2_filtered
25,12,0,-152.06,-7.98,356.36,336.43,3548,LC0_FZ_150_Round18_filtered
25,12,4,-152.05,-11.819,693.365,346.39,15939,LC0_FZ_150_IA_4_filtered
25,12,4,-152.04,-10.949,693.605,339.56,15963,LC0_FZ_150_IA_4_filtered
25,12,4,-152.02,8.111,688.085,-347.1,15411,LC0_FZ_150_IA_4_filtered
25,12,4,-152.01,-6.261,694.785,297.76,16081,LC0_FZ_150_IA_4_filtered
25,12,0,-152.01,-9.773,355.91,359.06,3503,LC0_FZ_150_Round18_filtered
25,12,0,-151.99,7.906,350.14,-353.82,2926,LC0_FZ_150_Round18_filtered
25,12,2,-151.97,11.692,517.849,-398.91,9042,LC0_FZ_150_Round18_IA_2_filtered
25,12,2,-151.96,8.833,518.909,-366.96,9148,LC0_FZ_150_Round18_IA_2_filtered
25,12,2,-151.96,-0.71,521.299,76.58,9387,LC0_FZ_150_Round18_IA_2_filtered
25,12,2,-151.96,-7.78,525.409,324.51,9798,LC0_FZ_150_Round18_IA_2_filtered
25,12,0,-151.96,-9.306,356.03,352.71,3515,LC0_FZ_150_Round18_filtered
25,12,0,-151.96,-0.673,358.2,59.11,3732,LC0_FZ_150_Round18_filtered
25,12,4,-151.94,-6.483,691.745,329.46,15777,LC0_FZ_150_IA_4_filtered
25,12,2,-151.94,-12.062,524.299,363.87,9687,LC0_FZ_150_Round18_IA_2_filtered
25,12,-0,-151.94,-8.442,356.25,342.5,3537,LC0_FZ_150_Round18_filtered
25,12,0,-151.93,6.544,347.5,-371.06,2662,LC0_FZ_150_Round18_filtered
25,12,0,-151.93,12.145,349.02,-395.88,2814,LC0_FZ_150_Round18_filtered
25,12,0,-151.93,3.286,351.3,-244.84,3042,LC0_FZ_150_Round18_filtered
25,12,-0,-151.93,-2.69,352.8,215.81,3192,LC0_FZ_150_Round18_filtered
25,12,0,-151.93,-3.03,357.61,216.1,3673,LC0_FZ_150_Round18_filtered
25,12,0,-151.89,5.935,350.64,-336.19,2976,LC0_FZ_150_Round18_filtered
25,12,2,-151.88,-8.936,523.359,352.42,9593,LC0_FZ_150_Round18_IA_2_filtered
25,12,4,-151.87,-0.643,696.195,77.38,16222,LC0_FZ_150_IA_4_filtered
25,12,4,-151.84,-9.57,693.955,329.91,15998,LC0_FZ_150_IA_4_filtered
25,12,0,-151.84,9.316,349.79,-367.47,2891,LC0_FZ_150_Round18_filtered
25,12,2,-151.83,-10.088,524.829,343.75,9740,LC0_FZ_150_Round18_IA_2_filtered
25,12,0,-151.83,-6.617,356.71,322.63,3583,LC0_FZ_150_Round18_filtered
25,12,0,-151.81,-10.229,355.8,361.24,3492,LC0_FZ_150_Round18_filtered
25,12,2,-151.79,-4.097,526.339,261.04,9891,LC0_FZ_150_Round18_IA_2_filtered
25,12,0,-151.78,9.744,348.3,-392.31,2742,LC0_FZ_150_Round18_filtered
25,12,4,-151.77,-4.399,695.255,262.97,16128,LC0_FZ_150_IA_4_filtered
25,12,4,-151.76,0.877,689.895,-57.97,15592,LC0_FZ_150_IA_4_filtered
25,12,2,-151.76,11.758,517.949,-396.57,9052,LC0_FZ_150_Round18_IA_2_filtered
25,12,2,-151.76,9.456,518.749,-364.46,9132,LC0_FZ_150_Round18_IA_2_filtered
25,12,0,-151.75,11.818,349.14,-393.4,2826,LC0_FZ_150_Round18_filtered
25,12,0,-151.74,10.225,348.42,-396.15,2754,LC0_FZ_150_Round18_filtered
25,12,4,-151.73,-11.072,692.885,351.35,15891,LC0_FZ_150_IA_4_filtered
25,12,0,-151.73,8.381,347.96,-385.65,2708,LC0_FZ_150_Round18_filtered
25,12,0,-151.73,-9.868,355.89,355.81,3501,LC0_FZ_150_Round18_filtered
25,12,2,-151.72,-7.971,523.119,349.2,9569,LC0_FZ_150_Round18_IA_2_filtered
25,12,2,-151.71,11.686,518.179,-392.86,9075,LC0_FZ_150_Round18_IA_2_filtered
25,12,4,-151.7,-5.49,694.975,289.82,16100,LC0_FZ_150_IA_4_filtered
25,12,0,-151.69,9.342,348.2,-388.71,2732,LC0_FZ_150_Round18_filtered
25,12,2,-151.68,12.047,518.069,-396.54,9064,LC0_FZ_150_Round18_IA_2_filtered
25,12,0,-151.68,7.286,350.3,-351.72,2942,LC0_FZ_150_Round18_filtered
25,12,4,-151.67,9.662,687.695,-360.93,15372,LC0_FZ_150_IA_4_filtered
25,12,0,-151.63,-10.276,355.79,362.94,3491,LC0_FZ_150_Round18_filtered
25,12,-0,-151.6,9.12,349.84,-370.73,2896,LC0_FZ_150_Round18_filtered
25,12,4,-151.57,1.4,689.765,-99.46,15579,LC0_FZ_150_IA_4_filtered
25,12,4,-151.57,-8.649,694.185,323.98,16021,LC0_FZ_150_IA_4_filtered
25,12,2,-151.57,-10.736,523.809,361.76,9638,LC0_FZ_150_Round18_IA_2_filtered
25,12,2,-151.57,-6.195,525.809,309.92,9838,LC0_FZ_150_Round18_IA_2_filtered
25,12,4,-151.56,4.439,689.005,-272.87,15503,LC0_FZ_150_IA_4_filtered
25,12,2,-151.54,3.31,520.289,-244.57,9286,LC0_FZ_150_Round18_IA_2_filtered
25,12,2,-151.54,-8.898,523.349,352.59,9592,LC0_FZ_150_Round18_IA_2_filtered
25,12,2,-151.52,9.267,518.799,-370.22,9137,LC0_FZ_150_Round18_IA_2_filtered
25,12,2,-151.52,-4.318,522.199,287.12,9477,LC0_FZ_150_Round18_IA_2_filtered
25,12,0,-151.52,5.495,350.75,-328.9,2987,LC0_FZ_150_Round18_filtered
25,12,4,-151.51,-9.215,692.425,342.64,15845,LC0_FZ_150_IA_4_filtered
25,12,2,-151.5,8.561,518.979,-352.68,9155,LC0_FZ_150_Round18_IA_2_filtered
25,12,0,-151.47,10.943,349.38,-386.4,2850,LC0_FZ_150_Round18_filtered
25,12,0,-151.43,4.696,347.04,-320.98,2616,LC0_FZ_150_Round18_filtered
25,12,4,-151.42,-9.073,694.075,325.38,16010,LC0_FZ_150_IA_4_filtered
25,12,4,-151.41,-8.19,694.305,318.07,16033,LC0_FZ_150_IA_4_filtered
25,12,4,-151.41,-1.499,695.975,139.54,16200,LC0_FZ_150_IA_4_filtered
25,12,4,-151.4,-11.569,693.025,339.65,15905,LC0_FZ_150_IA_4_filtered
25,12,2,-151.4,-10.309,523.699,361.12,9627,LC0_FZ_150_Round18_IA_2_filtered
25,12,2,-151.39,-3.535,522.009,258.89,9458,LC0_FZ_150_Round18_IA_2_filtered
25,12,4,-151.37,-12.093,693.255,343.55,15928,LC0_FZ_150_IA_4_filtered
25,12,4,-151.37,-10.43,693.735,332.2,15976,LC0_FZ_150_IA_4_filtered
25,12,0,-151.36,-10.741,355.67,365.24,3479,LC0_FZ_150_Round18_filtered
25,12,0,-151.36,-8.047,356.35,333.79,3547,LC0_FZ_150_Round18_filtered
25,12,0,-151.35,-6.652,356.7,321.23,3582,LC0_FZ_150_Round18_filtered
25,12,2,-151.33,4.844,519.909,-296.42,9248,LC0_FZ_150_Round18_IA_2_filtered
25,12,2,-151.33,-2.36,521.709,194.02,9428,LC0_FZ_150_Round18_IA_2_filtered
25,12,2,-151.33,-11.574,524.039,365.41,9661,LC0_FZ_150_Round18_IA_2_filtered
25,12,0,-151.32,5.61,350.72,-323.13,2984,LC0_FZ_150_Round18_filtered
25,12,0,-151.3,8.409,350.02,-356.17,2914,LC0_FZ_150_Round18_filtered
25,12,2,-151.29,-4.809,522.329,309.16,9490,LC0_FZ_150_Round18_IA_2_filtered
25,12,0,-151.29,10.697,348.54,-398.98,2766,LC0_FZ_150_Round18_filtered
25,12,0,-151.29,-9.748,355.92,356.72,3504,LC0_FZ_150_Round18_filtered
25,12,2,-151.28,5.151,519.829,-312.83,9240,LC0_FZ_150_Round18_IA_2_filtered
25,12,0,-151.28,7.03,347.62,-378.23,2674,LC0_FZ_150_Round18_filtered
25,12,2,-151.26,-10.288,524.779,349.16,9735,LC0_FZ_150_Round18_IA_2_filtered
25,12,0,-151.25,-3.341,357.53,236.41,3665,LC0_FZ_150_Round18_filtered
25,12,2,-151.24,-8.466,525.239,334.43,9781,LC0_FZ_150_Round18_IA_2_filtered
25,12,-0,-151.24,5.165,347.16,-338.65,2628,LC0_FZ_150_Round18_filtered
25,12,4,-151.23,-3.421,690.975,243.33,15700,LC0_FZ_150_IA_4_filtered
25,12,2,-151.23,-4.568,526.219,274.67,9879,LC0_FZ_150_Round18_IA_2_filtered
25,12,2,-151.23,-0.81,527.159,84.77,9973,LC0_FZ_150_Round18_IA_2_filtered
25,12,2,-151.22,-2.7,521.799,216.98,9437,LC0_FZ_150_Round18_IA_2_filtered
25,12,0,-151.22,9.255,348.18,-387.19,2730,LC0_FZ_150_Round18_filtered
25,12,0,-151.21,-10.296,355.78,361.52,3490,LC0_FZ_150_Round18_filtered
25,12,4,-151.2,11.316,687.275,-377.58,15330,LC0_FZ_150_IA_4_filtered
25,12,4,-151.2,-11.698,693.405,344.01,15943,LC0_FZ_150_IA_4_filtered
25,12,2,-151.2,-0.871,527.149,87.58,9972,LC0_FZ_150_Round18_IA_2_filtered
25,12,2,-151.18,2.597,515.519,-209.71,8809,LC0_FZ_150_Round18_IA_2_filtered
25,12,0,-151.17,7.859,347.83,-380.37,2695,LC0_FZ_150_Round18_filtered
25,12,0,-151.17,-8.831,356.15,345.71,3527,LC0_FZ_150_Round18_filtered
25,12,0,-151.16,11.12,349.33,-386.4,2845,LC0_FZ_150_Round18_filtered
25,12,2,-151.12,-9.876,523.589,358.62,9616,LC0_FZ_150_Round18_IA_2_filtered
25,12,2,-151.12,-11.84,524.369,355.83,9694,LC0_FZ_150_Round18_IA_2_filtered
25,12,0,-151.1,8.198,350.07,-361.3,2919,LC0_FZ_150_Round18_filtered
25,12,4,-151.08,8.546,687.975,-351.06,15400,LC0_FZ_150_IA_4_filtered
25,12,4,-151.08,-10.862,692.835,346.03,15886,LC0_FZ_150_IA_4_filtered
25,12,2,-151.08,-4.774,522.319,306.21,9489,LC0_FZ_150_Round18_IA_2_filtered
25,12,0,-151.08,4.222,351.07,-284.22,3019,LC0_FZ_150_Round18_filtered
25,12,4,-151.07,11.813,687.135,-384.73,15316,LC0_FZ_150_IA_4_filtered
25,12,4,-151.06,-1.17,696.065,113.87,16209,LC0_FZ_150_IA_4_filtered
25,12,0,-151.06,-8.968,356.12,343.86,3524,LC0_FZ_150_Round18_filtered
25,12,2,-151.05,-5.276,522.439,321.87,9501,LC0_FZ_150_Round18_IA_2_filtered
25,12,2,-151.05,-2.298,526.789,180.22,9936,LC0_FZ_150_Round18_IA_2_filtered
25,12,2,-151.04,-12.03,524.309,359.22,9688,LC0_FZ_150_Round18_IA_2_filtered
25,12,2,-151.03,-8.061,523.139,346.18,9571,LC0_FZ_150_Round18_IA_2_filtered
25,12,2,-151.03,-11.703,524.189,362.2,9676,LC0_FZ_150_Round18_IA_2_filtered
25,12,0,-151.02,-10.717,355.68,366.06,3480,LC0_FZ_150_Round18_filtered
25,12,4,-151.01,-6.978,691.865,327.67,15789,LC0_FZ_150_IA_4_filtered
25,12,2,-151.01,-3.018,526.609,219.91,9918,LC0_FZ_150_Round18_IA_2_filtered
25,12,0,-151.01,11.124,348.65,-400.96,2777,LC0_FZ_150_Round18_filtered
25,12,-0,-151.01,2.315,351.54,-195.35,3066,LC0_FZ_150_Round18_filtered
25,12,4,-151,-0.583,696.205,74.68,16223,LC0_FZ_150_IA_4_filtered
25,12,0,-151,6.515,347.49,-366.71,2661,LC0_FZ_150_Round18_filtered
25,12,0,-151,-8.389,356.26,341.54,3538,LC0_FZ_150_Round18_filtered
25,12,0,-150.99,-5.669,356.94,310.1,3606,LC0_FZ_150_Round18_filtered
25,12,0,-150.97,2.881,351.41,-220.63,3053,LC0_FZ_150_Round18_filtered
25,12,2,-150.96,6.537,519.489,-334.24,9206,LC0_FZ_150_Round18_IA_2_filtered
25,12,2,-150.95,-1.235,527.049,119.67,9962,LC0_FZ_150_Round18_IA_2_filtered
25,12,2,-150.94,11.272,518.289,-385.74,9086,LC0_FZ_150_Round18_IA_2_filtered
25,12,2,-150.93,1.937,515.349,-172.79,8792,LC0_FZ_150_Round18_IA_2_filtered
25,12,2,-150.93,-9.828,524.899,344.33,9747,LC0_FZ_150_Round18_IA_2_filtered
25,12,2,-150.9,2.76,515.559,-224.14,8813,LC0_FZ_150_Round18_IA_2_filtered
25,12,0,-150.89,6.949,347.6,-371.67,2672,LC0_FZ_150_Round18_filtered
25,12,0,-150.89,11.172,348.66,-400.51,2778,LC0_FZ_150_Round18_filtered
25,12,2,-150.88,-5.27,526.039,295.48,9861,LC0_FZ_150_Round18_IA_2_filtered
25,12,4,-150.87,-5.341,695.015,282.94,16104,LC0_FZ_150_IA_4_filtered
25,12,2,-150.87,-6.595,522.779,343.44,9535,LC0_FZ_150_Round18_IA_2_filtered
25,12,2,-150.87,-11.229,523.939,364.19,9651,LC0_FZ_150_Round18_IA_2_filtered
25,12,2,-150.85,-1.906,521.599,166.7,9417,LC0_FZ_150_Round18_IA_2_filtered
25,12,0,-150.81,6.584,347.51,-372.3,2663,LC0_FZ_150_Round18_filtered
25,12,-0,-150.81,8.764,348.06,-382.34,2718,LC0_FZ_150_Round18_filtered
25,12,0,-150.81,-1.25,352.44,114.84,3156,LC0_FZ_150_Round18_filtered
25,12,2,-150.8,-9.78,523.569,353.5,9614,LC0_FZ_150_Round18_IA_2_filtered
25,12,2,-150.79,-7.943,523.109,346.83,9568,LC0_FZ_150_Round18_IA_2_filtered
25,12,0,-150.79,9.808,348.32,-391.35,2744,LC0_FZ_150_Round18_filtered
25,12,0,-150.79,-5.234,357.05,301.25,3617,LC0_FZ_150_Round18_filtered
25,12,0,-150.78,-5.658,356.95,309.45,3607,LC0_FZ_150_Round18_filtered
25,12,0,-150.78,-4.76,357.17,290.06,3629,LC0_FZ_150_Round18_filtered
25,12,4,-150.76,-11.334,693.505,337.91,15953,LC0_FZ_150_IA_4_filtered
25,12,0,-150.76,-8.536,356.23,336.9,3535,LC0_FZ_150_Round18_filtered
25,12,2,-150.75,7.744,516.799,-373.35,8937,LC0_FZ_150_Round18_IA_2_filtered
25,12,4,-150.74,-3.826,691.075,261.8,15710,LC0_FZ_150_IA_4_filtered
25,12,4,-150.73,1.698,689.695,-121.45,15572,LC0_FZ_150_IA_4_filtered
25,12,2,-150.72,-6.188,522.669,339.85,9524,LC0_FZ_150_Round18_IA_2_filtered
25,12,2,-150.72,-8.76,525.169,329.88,9774,LC0_FZ_150_Round18_IA_2_filtered
25,12,2,-150.71,-10.249,523.689,358,9626,LC0_FZ_150_Round18_IA_2_filtered
25,12,0,-150.71,-4.277,357.29,275.49,3641,LC0_FZ_150_Round18_filtered
25,12,0,-150.7,9.785,349.67,-369.04,2879,LC0_FZ_150_Round18_filtered
25,12,2,-150.68,-6.658,522.789,342.03,9536,LC0_FZ_150_Round18_IA_2_filtered
25,12,2,-150.67,-11.43,524.489,357.06,9706,LC0_FZ_150_Round18_IA_2_filtered
25,12,0,-150.67,7.733,350.19,-353.06,2931,LC0_FZ_150_Round18_filtered
25,12,2,-150.65,5.597,519.719,-320.14,9229,LC0_FZ_150_Round18_IA_2_filtered
25,12,2,-150.64,-10.809,523.829,360.92,9640,LC0_FZ_150_Round18_IA_2_filtered
25,12,2,-150.64,-3.217,526.559,224.11,9913,LC0_FZ_150_Round18_IA_2_filtered
25,12,2,-150.6,-6.64,525.699,314.09,9827,LC0_FZ_150_Round18_IA_2_filtered
25,12,0,-150.6,9.693,348.29,-387.95,2741,LC0_FZ_150_Round18_filtered
25,12,2,-150.59,11.948,518.099,-390.39,9067,LC0_FZ_150_Round18_IA_2_filtered
25,12,2,-150.58,9.696,518.689,-371.51,9126,LC0_FZ_150_Round18_IA_2_filtered
25,12,0,-150.58,-11.194,355.55,366.84,3467,LC0_FZ_150_Round18_filtered
25,12,0,-150.57,7.987,347.86,-380.23,2698,LC0_FZ_150_Round18_filtered
25,12,0,-150.57,-7.918,356.38,335.51,3550,LC0_FZ_150_Round18_filtered
25,12,0,-150.56,-3.151,352.91,239.36,3203,LC0_FZ_150_Round18_filtered
25,12,2,-150.55,9.069,517.139,-378.76,8971,LC0_FZ_150_Round18_IA_2_filtered
25,12,2,-150.55,-9.904,523.599,357.36,9617,LC0_FZ_150_Round18_IA_2_filtered
25,12,0,-150.55,-10.194,355.81,357.51,3493,LC0_FZ_150_Round18_filtered
25,12,4,-150.54,11.853,687.125,-382.12,15315,LC0_FZ_150_IA_4_filtered
25,12,2,-150.54,-8.977,523.369,350.51,9594,LC0_FZ_150_Round18_IA_2_filtered
25,12,0,-150.54,-7.426,356.5,329.3,3562,LC0_FZ_150_Round18_filtered
25,12,4,-150.52,-6.121,691.645,318.81,15767,LC0_FZ_150_IA_4_filtered
25,12,2,-150.51,-5.044,526.099,285.37,9867,LC0_FZ_150_Round18_IA_2_filtered
25,12,0,-150.51,-11.159,355.56,367.91,3468,LC0_FZ_150_Round18_filtered
25,12,2,-150.48,-10.691,523.799,357.19,9637,LC0_FZ_150_Round18_IA_2_filtered
25,12,2,-150.47,-6.223,522.679,337.69,9525,LC0_FZ_150_Round18_IA_2_filtered
25,12,4,-150.45,-7.246,694.535,309.31,16056,LC0_FZ_150_IA_4_filtered
25,12,4,-150.45,-5.812,694.895,288.97,16092,LC0_FZ_150_IA_4_filtered
25,12,0,-150.45,-2.74,352.81,217.62,3193,LC0_FZ_150_Round18_filtered
25,12,0,-150.43,3.836,346.83,-289.34,2595,LC0_FZ_150_Round18_filtered
25,12,0,-150.43,8.896,348.09,-383.63,2721,LC0_FZ_150_Round18_filtered
25,12,4,-150.42,0.447,690.005,-20.42,15603,LC0_FZ_150_IA_4_filtered
25,12,2,-150.42,6.366,516.459,-362.37,8903,LC0_FZ_150_Round18_IA_2_filtered
25,12,0,-150.41,3.701,346.79,-271.95,2591,LC0_FZ_150_Round18_filtered
25,12,0,-150.39,-2.301,352.7,191.9,3182,LC0_FZ_150_Round18_filtered
25,12,4,-150.38,2.336,689.525,-163.4,15555,LC0_FZ_150_IA_4_filtered
25,12,2,-150.38,2.11,515.389,-179.94,8796,LC0_FZ_150_Round18_IA_2_filtered
25,12,0,-150.38,-11.605,355.44,370.1,3456,LC0_FZ_150_Round18_filtered
25,12,0,-150.36,-8.36,356.27,338.77,3539,LC0_FZ_150_Round18_filtered
25,12,0,-150.35,12.141,349.03,-389.03,2815,LC0_FZ_150_Round18_filtered
25,12,2,-150.33,-5.722,522.549,332.43,9512,LC0_FZ_150_Round18_IA_2_filtered
25,12,-0,-150.33,8.622,349.96,-362.19,2908,LC0_FZ_150_Round18_filtered
25,12,0,-150.33,-9.919,355.88,350.88,3500,LC0_FZ_150_Round18_filtered
25,12,2,-150.32,3.224,515.669,-247.72,8824,LC0_FZ_150_Round18_IA_2_filtered
25,12,2,-150.32,-11.615,524.059,367.57,9663,LC0_FZ_150_Round18_IA_2_filtered
25,12,4,-150.31,-0.075,690.135,27.28,15616,LC0_FZ_150_IA_4_filtered
25,12,0,-150.31,10.747,348.55,-396.47,2767,LC0_FZ_150_Round18_filtered
25,12,2,-150.29,6.811,516.569,-366.38,8914,LC0_FZ_150_Round18_IA_2_filtered
25,12,2,-150.29,-6.678,522.799,338.28,9537,LC0_FZ_150_Round18_IA_2_filtered
25,12,2,-150.27,-4.138,526.329,258.85,9890,LC0_FZ_150_Round18_IA_2_filtered
25,12,0,-150.26,3.415,346.72,-269.21,2584,LC0_FZ_150_Round18_filtered
25,12,2,-150.25,-5.308,522.449,322.8,9502,LC0_FZ_150_Round18_IA_2_filtered
25,12,0,-150.24,7.381,347.71,-374.14,2683,LC0_FZ_150_Round18_filtered
25,12,2,-150.23,4.664,519.949,-298.92,9252,LC0_FZ_150_Round18_IA_2_filtered
25,12,0,-150.23,-4.263,357.3,273.48,3642,LC0_FZ_150_Round18_filtered
25,12,0,-150.23,-1.63,357.95,137.32,3707,LC0_FZ_150_Round18_filtered
25,12,2,-150.18,9.038,518.859,-355.18,9143,LC0_FZ_150_Round18_IA_2_filtered
25,12,2,-150.17,3.779,520.179,-265.71,9275,LC0_FZ_150_Round18_IA_2_filtered
25,12,2,-150.15,7.244,516.679,-369.49,8925,LC0_FZ_150_Round18_IA_2_filtered
25,12,0,-150.15,5.661,347.28,-352.14,2640,LC0_FZ_150_Round18_filtered
25,12,0,-150.14,1.9,351.65,-167.3,3077,LC0_FZ_150_Round18_filtered
25,12,0,-150.14,-11.25,355.54,363.43,3466,LC0_FZ_150_Round18_filtered
25,12,0,-150.13,7.05,347.63,-376.01,2675,LC0_FZ_150_Round18_filtered
25,12,4,-150.12,-8.107,692.145,337.91,15817,LC0_FZ_150_IA_4_filtered
25,12,4,-150.1,10.152,687.575,-362.58,15360,LC0_FZ_150_IA_4_filtered
25,12,0,-150.1,-5.156,357.07,299.71,3619,LC0_FZ_150_Round18_filtered
25,12,2,-150.08,-6.435,525.749,306.3,9832,LC0_FZ_150_Round18_IA_2_filtered
25,12,0,-150.08,-7.613,356.46,328.07,3558,LC0_FZ_150_Round18_filtered
25,12,4,-150.07,-9.257,692.435,339.45,15846,LC0_FZ_150_IA_4_filtered
25,12,2,-150.07,7.343,516.699,-369.32,8927,LC0_FZ_150_Round18_IA_2_filtered
25,12,0,-150.07,-4.81,357.16,288.85,3628,LC0_FZ_150_Round18_filtered
25,12,4,-150.06,-10.182,692.665,344.22,15869,LC0_FZ_150_IA_4_filtered
25,12,2,-150.06,-9.336,525.019,338.41,9759,LC0_FZ_150_Round18_IA_2_filtered
25,12,0,-150.06,-9.46,355.99,342.66,3511,LC0_FZ_150_Round18_filtered
25,12,0,-150.05,-6.086,356.84,314.58,3596,LC0_FZ_150_Round18_filtered
25,12,2,-150.04,-10.242,524.789,343.53,9736,LC0_FZ_150_Round18_IA_2_filtered
25,12,2,-150.02,-6.134,522.659,338.62,9523,LC0_FZ_150_Round18_IA_2_filtered
25,12,2,-150.01,6.78,516.559,-363.29,8913,LC0_FZ_150_Round18_IA_2_filtered
25,12,2,-150.01,-10.206,524.799,339.03,9737,LC0_FZ_150_Round18_IA_2_filtered
25,12,0,-150,-12.011,355.32,371.94,3444,LC0_FZ_150_Round18_filtered
25,12,0,-149.99,8.886,349.9,-357.55,2902,LC0_FZ_150_Round18_filtered
25,12,2,-149.98,9.576,517.259,-383.72,8983,LC0_FZ_150_Round18_IA_2_filtered
25,12,2,-149.98,5.801,519.669,-313.16,9224,LC0_FZ_150_Round18_IA_2_filtered
25,12,4,-149.97,-11.71,693.155,339.73,15918,LC0_FZ_150_IA_4_filtered
25,12,4,-149.96,-1.042,690.385,114.91,15641,LC0_FZ_150_IA_4_filtered
25,12,4,-149.96,-7.921,692.095,331.34,15812,LC0_FZ_150_IA_4_filtered
25,12,2,-149.95,-0.915,527.139,90.16,9971,LC0_FZ_150_Round18_IA_2_filtered
25,12,0,-149.95,8.287,347.94,-378.47,2706,LC0_FZ_150_Round18_filtered
25,12,0,-149.93,6.107,347.39,-362.37,2651,LC0_FZ_150_Round18_filtered
25,12,2,-149.91,7.878,519.149,-349.8,9172,LC0_FZ_150_Round18_IA_2_filtered
25,12,0,-149.91,-10.137,355.82,352.39,3494,LC0_FZ_150_Round18_filtered
25,12,2,-149.9,-7.82,525.399,320.87,9797,LC0_FZ_150_Round18_IA_2_filtered
25,12,4,-149.88,-5.38,695.005,281.47,16103,LC0_FZ_150_IA_4_filtered
25,12,2,-149.88,-7.081,525.589,317.17,9816,LC0_FZ_150_Round18_IA_2_filtered
25,12,4,-149.86,11.711,687.165,-374.87,15319,LC0_FZ_150_IA_4_filtered
25,12,2,-149.85,11.738,517.939,-389.94,9051,LC0_FZ_150_Round18_IA_2_filtered
25,12,4,-149.84,-7.47,691.985,328.07,15801,LC0_FZ_150_IA_4_filtered
25,12,2,-149.84,9.603,517.269,-384.84,8984,LC0_FZ_150_Round18_IA_2_filtered
25,12,0,-149.84,-11.719,355.21,372.26,3433,LC0_FZ_150_Round18_filtered
25,12,4,-149.8,11.748,686.885,-381.23,15291,LC0_FZ_150_IA_4_filtered
25,12,2,-149.78,7.697,516.789,-370.09,8936,LC0_FZ_150_Round18_IA_2_filtered
25,12,0,-149.78,-6.956,356.62,322.49,3574,LC0_FZ_150_Round18_filtered
25,12,4,-149.76,-4.434,695.245,260.78,16127,LC0_FZ_150_IA_4_filtered
25,12,2,-149.75,2.848,520.409,-218.28,9298,LC0_FZ_150_Round18_IA_2_filtered
25,12,4,-149.74,-4.578,695.205,268.56,16123,LC0_FZ_150_IA_4_filtered
25,12,2,-149.74,10.933,517.599,-391.82,9017,LC0_FZ_150_Round18_IA_2_filtered
25,12,0,-149.73,9.366,348.21,-384.54,2733,LC0_FZ_150_Round18_filtered
25,12,0,-149.73,-9.721,355.93,352.39,3505,LC0_FZ_150_Round18_filtered
25,12,0,-149.72,9.206,348.17,-381.89,2729,LC0_FZ_150_Round18_filtered
25,12,-0,-149.72,-11.63,355.43,368.41,3455,LC0_FZ_150_Round18_filtered
25,12,0,-149.71,2.978,346.61,-245.66,2573,LC0_FZ_150_Round18_filtered
25,12,2,-149.7,-5.782,522.569,330.99,9514,LC0_FZ_150_Round18_IA_2_filtered
25,12,-0,-149.7,4.26,351.06,-280.93,3018,LC0_FZ_150_Round18_filtered
25,12,0,-149.7,-6.681,356.69,318.02,3581,LC0_FZ_150_Round18_filtered
25,12,0,-149.69,-11.138,355.57,366.85,3469,LC0_FZ_150_Round18_filtered
25,12,2,-149.68,-0.76,521.319,85.54,9389,LC0_FZ_150_Round18_IA_2_filtered
25,12,2,-149.68,-10.625,524.699,339.65,9727,LC0_FZ_150_Round18_IA_2_filtered
25,12,0,-149.68,-2.125,357.83,166.79,3695,LC0_FZ_150_Round18_filtered
25,12,2,-149.66,9.164,517.159,-380.35,8973,LC0_FZ_150_Round18_IA_2_filtered
25,12,2,-149.66,11.717,518.169,-385.6,9074,LC0_FZ_150_Round18_IA_2_filtered
25,12,0,-149.64,-3.177,352.92,241.24,3204,LC0_FZ_150_Round18_filtered
25,12,0,-149.64,-0.749,358.18,66.43,3730,LC0_FZ_150_Round18_filtered
25,12,2,-149.63,-9.803,524.909,338.86,9748,LC0_FZ_150_Round18_IA_2_filtered
25,12,2,-149.63,-4.806,526.159,283.33,9873,LC0_FZ_150_Round18_IA_2_filtered
25,12,4,-149.62,0.027,690.115,18.99,15614,LC0_FZ_150_IA_4_filtered
25,12,2,-149.61,6.839,516.579,-366.54,8915,LC0_FZ_150_Round18_IA_2_filtered
25,12,2,-149.59,10.088,517.389,-388.9,8996,LC0_FZ_150_Round18_IA_2_filtered
25,12,0,-149.59,-3.308,357.54,233.01,3666,LC0_FZ_150_Round18_filtered
25,12,4,-149.57,-3.889,691.085,260.18,15711,LC0_FZ_150_IA_4_filtered
25,12,2,-149.57,-1.37,527.019,125.54,9959,LC0_FZ_150_Round18_IA_2_filtered
25,12,2,-149.55,3.651,515.779,-268.74,8835,LC0_FZ_150_Round18_IA_2_filtered
25,12,2,-149.5,-7.656,523.039,336.68,9561,LC0_FZ_150_Round18_IA_2_filtered
25,12,2,-149.47,-10.18,524.809,337.15,9738,LC0_FZ_150_Round18_IA_2_filtered
25,12,2,-149.46,-0.64,521.279,67.2,9385,LC0_FZ_150_Round18_IA_2_filtered
25,12,2,-149.46,-1.868,521.589,164.66,9416,LC0_FZ_150_Round18_IA_2_filtered
25,12,2,-149.44,-6.571,522.769,341.2,9534,LC0_FZ_150_Round18_IA_2_filtered
25,12,2,-149.43,-11.992,524.319,353.89,9689,LC0_FZ_150_Round18_IA_2_filtered
25,12,0,-149.41,5.879,350.65,-330.95,2977,LC0_FZ_150_Round18_filtered
25,12,0,-149.39,7.527,347.75,-375.24,2687,LC0_FZ_150_Round18_filtered
25,12,-0,-149.39,3.15,351.33,-243.89,3045,LC0_FZ_150_Round18_filtered
25,12,2,-149.38,-5.17,522.419,312.38,9499,LC0_FZ_150_Round18_IA_2_filtered
25,12,4,-149.36,-7.14,691.905,327.58,15793,LC0_FZ_150_IA_4_filtered
25,12,0,-149.34,-1.884,352.59,163.06,3171,LC0_FZ_150_Round18_filtered
25,12,2,-149.3,-7.381,525.509,313.69,9808,LC0_FZ_150_Round18_IA_2_filtered
25,12,4,-149.29,8.497,685.985,-362.18,15201,LC0_FZ_150_IA_4_filtered
25,12,2,-149.28,-10.87,523.839,356.71,9641,LC0_FZ_150_Round18_IA_2_filtered
25,12,4,-149.26,-5.705,691.545,308.48,15757,LC0_FZ_150_IA_4_filtered
25,12,0,-149.26,8.748,348.05,-375.69,2717,LC0_FZ_150_Round18_filtered
25,12,0,-149.26,-1.392,352.47,127.41,3159,LC0_FZ_150_Round18_filtered
25,12,2,-149.25,-11.675,524.129,351.87,9670,LC0_FZ_150_Round18_IA_2_filtered
25,12,0,-149.25,-7.241,353.94,351.83,3306,LC0_FZ_150_Round18_filtered
25,12,0,-149.22,-4.704,357.19,286.65,3631,LC0_FZ_150_Round18_filtered
25,12,0,-149.2,-11.708,355.22,370.23,3434,LC0_FZ_150_Round18_filtered
25,12,4,-149.18,11.259,687.285,-371.52,15331,LC0_FZ_150_IA_4_filtered
25,12,4,-149.16,-11.625,693.045,337.77,15907,LC0_FZ_150_IA_4_filtered
25,12,2,-149.16,-9.74,524.919,335.56,9749,LC0_FZ_150_Round18_IA_2_filtered
25,12,0,-149.16,4.8,347.06,-326.89,2618,LC0_FZ_150_Round18_filtered
25,12,0,-149.16,-7.728,354.06,350.43,3318,LC0_FZ_150_Round18_filtered
25,12,2,-149.14,1.088,520.849,-95.26,9342,LC0_FZ_150_Round18_IA_2_filtered
25,12,0,-149.11,-1.942,357.88,160.08,3700,LC0_FZ_150_Round18_filtered
25,12,2,-149.09,9.529,517.249,-380.05,8982,LC0_FZ_150_Round18_IA_2_filtered
25,12,2,-149.09,-5.339,522.459,320.9,9503,LC0_FZ_150_Round18_IA_2_filtered
25,12,2,-149.08,-5.992,525.859,298.84,9843,LC0_FZ_150_Round18_IA_2_filtered
25,12,4,-149.07,-4.972,695.105,274.27,16113,LC0_FZ_150_IA_4_filtered
25,12,0,-149.06,6.013,347.37,-352.75,2649,LC0_FZ_150_Round18_filtered
25,12,4,-149.05,-6.673,691.785,321.83,15781,LC0_FZ_150_IA_4_filtered
25,12,-0,-149.05,-2.356,357.77,186.19,3689,LC0_FZ_150_Round18_filtered
25,12,2,-149.04,-1.83,526.899,154.72,9947,LC0_FZ_150_Round18_IA_2_filtered
25,12,0,-149.04,-8.178,354.17,350.55,3329,LC0_FZ_150_Round18_filtered
25,12,0,-148.99,-4.035,353.13,276.79,3225,LC0_FZ_150_Round18_filtered
25,12,2,-148.98,-8.803,523.329,344.77,9590,LC0_FZ_150_Round18_IA_2_filtered
25,12,0,-148.98,-5.277,357.04,299.09,3616,LC0_FZ_150_Round18_filtered
25,12,4,-148.97,7.604,685.755,-354.42,15178,LC0_FZ_150_IA_4_filtered
25,12,2,-148.97,-6.087,522.649,334.87,9522,LC0_FZ_150_Round18_IA_2_filtered
25,12,2,-148.95,9.491,518.739,-356.92,9131,LC0_FZ_150_Round18_IA_2_filtered
25,12,4,-148.94,-4.822,691.325,288.08,15735,LC0_FZ_150_IA_4_filtered
25,12,0,-148.93,9.076,349.85,-362.66,2897,LC0_FZ_150_Round18_filtered
25,12,0,-148.93,-7.285,353.95,349,3307,LC0_FZ_150_Round18_filtered
25,12,0,-148.91,-12.033,355.31,369.62,3443,LC0_FZ_150_Round18_filtered
25,12,2,-148.9,11.31,518.279,-377.74,9085,LC0_FZ_150_Round18_IA_2_filtered
25,12,4,-148.89,3.449,684.715,-235.12,15074,LC0_FZ_150_IA_4_filtered
25,12,0,-148.89,7.213,350.31,-344.69,2943,LC0_FZ_150_Round18_filtered
25,12,0,-148.89,3.604,351.22,-264.84,3034,LC0_FZ_150_Round18_filtered
25,12,4,-148.88,-8.38,692.215,329.86,15824,LC0_FZ_150_IA_4_filtered
25,12,2,-148.88,-11.041,524.589,345.65,9716,LC0_FZ_150_Round18_IA_2_filtered
25,12,2,-148.81,-4.458,522.239,292.79,9481,LC0_FZ_150_Round18_IA_2_filtered
25,12,2,-148.81,-2.961,526.619,216.13,9919,LC0_FZ_150_Round18_IA_2_filtered
25,12,2,-148.8,10.149,518.579,-370.76,9115,LC0_FZ_150_Round18_IA_2_filtered
25,12,2,-148.79,10.422,518.509,-368.43,9108,LC0_FZ_150_Round18_IA_2_filtered
25,12,0,-148.79,-7.157,356.57,321.08,3569,LC0_FZ_150_Round18_filtered
25,12,4,-148.78,-5.749,691.555,309.2,15758,LC0_FZ_150_IA_4_filtered
25,12,2,-148.77,3.573,515.759,-259.23,8833,LC0_FZ_150_Round18_IA_2_filtered
25,12,2,-148.76,-2.327,526.779,180.78,9935,LC0_FZ_150_Round18_IA_2_filtered
25,12,2,-148.75,4.196,520.069,-282.35,9264,LC0_FZ_150_Round18_IA_2_filtered
25,12,0,-148.74,-7.21,353.93,351.67,3305,LC0_FZ_150_Round18_filtered
25,12,0,-148.74,-11.941,355.34,369.79,3446,LC0_FZ_150_Round18_filtered
25,12,4,-148.73,4.402,689.015,-268.53,15504,LC0_FZ_150_IA_4_filtered
25,12,2,-148.73,10.443,517.479,-386.88,9005,LC0_FZ_150_Round18_IA_2_filtered
25,12,2,-148.71,7.392,519.269,-340.68,9184,LC0_FZ_150_Round18_IA_2_filtered
25,12,2,-148.71,-8.561,523.269,341.48,9584,LC0_FZ_150_Round18_IA_2_filtered
25,12,0,-148.71,6.905,347.59,-364.53,2671,LC0_FZ_150_Round18_filtered
25,12,2,-148.7,8.328,519.039,-351.36,9161,LC0_FZ_150_Round18_IA_2_filtered
25,12,0,-148.7,-9.954,355.87,345.28,3499,LC0_FZ_150_Round18_filtered
25,12,0,-148.69,10.139,348.4,-387.32,2752,LC0_FZ_150_Round18_filtered
25,12,4,-148.67,7.111,685.635,-351.05,15166,LC0_FZ_150_IA_4_filtered
25,12,0,-148.64,-0.4,352.22,30.16,3134,LC0_FZ_150_Round18_filtered
25,12,2,-148.62,-11.319,523.959,356.03,9653,LC0_FZ_150_Round18_IA_2_filtered
25,12,2,-148.62,-7.889,525.389,319.45,9796,LC0_FZ_150_Round18_IA_2_filtered
25,12,0,-148.61,12.125,349.04,-380.94,2816,LC0_FZ_150_Round18_filtered
25,12,2,-148.6,2.544,515.509,-206.5,8808,LC0_FZ_150_Round18_IA_2_filtered
25,12,2,-148.6,2.8,515.569,-225.94,8814,LC0_FZ_150_Round18_IA_2_filtered
25,12,0,-148.6,5.686,347.29,-352.3,2641,LC0_FZ_150_Round18_filtered
25,12,4,-148.56,8.786,687.915,-342.17,15394,LC0_FZ_150_IA_4_filtered
25,12,2,-148.56,-10.66,523.789,351.1,9636,LC0_FZ_150_Round18_IA_2_filtered
25,12,2,-148.5,7.362,516.709,-364.73,8928,LC0_FZ_150_Round18_IA_2_filtered
25,12,4,-148.49,-9.303,692.445,335.29,15847,LC0_FZ_150_IA_4_filtered
25,12,0,-148.48,8.413,350.01,-349.48,2913,LC0_FZ_150_Round18_filtered
25,12,4,-148.46,-10.301,692.695,333.42,15872,LC0_FZ_150_IA_4_filtered
25,12,4,-148.45,-10.766,692.815,335.28,15884,LC0_FZ_150_IA_4_filtered
25,12,2,-148.45,-4.16,526.319,257.25,9889,LC0_FZ_150_Round18_IA_2_filtered
25,12,-0,-148.45,5.526,347.25,-336.75,2637,LC0_FZ_150_Round18_filtered
25,12,-0,-148.45,8.033,347.87,-373.81,2699,LC0_FZ_150_Round18_filtered
25,12,0,-148.45,-7.668,354.04,351.04,3316,LC0_FZ_150_Round18_filtered
25,12,2,-148.44,11.513,518.229,-376.79,9080,LC0_FZ_150_Round18_IA_2_filtered
25,12,2,-148.44,-3.185,521.919,237.37,9449,LC0_FZ_150_Round18_IA_2_filtered
25,12,0,-148.44,-11.659,355.09,374.39,3421,LC0_FZ_150_Round18_filtered
25,12,2,-148.43,-11.681,524.119,347.18,9669,LC0_FZ_150_Round18_IA_2_filtered
25,12,2,-148.42,9.964,517.359,-381.63,8993,LC0_FZ_150_Round18_IA_2_filtered
25,12,0,-148.42,11.607,349.2,-381.26,2832,LC0_FZ_150_Round18_filtered
25,12,0,-148.42,-8.55,356.22,332.09,3534,LC0_FZ_150_Round18_filtered
25,12,-0,-148.42,-1.209,358.06,105.55,3718,LC0_FZ_150_Round18_filtered
25,12,2,-148.41,-8.4,525.259,325.48,9783,LC0_FZ_150_Round18_IA_2_filtered
25,12,2,-148.39,-7.036,525.599,312.26,9817,LC0_FZ_150_Round18_IA_2_filtered
25,12,0,-148.37,-11.663,355.42,364.84,3454,LC0_FZ_150_Round18_filtered
25,12,2,-148.36,-5.672,525.939,297.43,9851,LC0_FZ_150_Round18_IA_2_filtered
25,12,0,-148.36,-11.664,355.11,368.82,3423,LC0_FZ_150_Round18_filtered
25,12,2,-148.34,10.129,517.399,-385.04,8997,LC0_FZ_150_Round18_IA_2_filtered
25,12,2,-148.33,4.052,515.879,-283.12,8845,LC0_FZ_150_Round18_IA_2_filtered
25,12,0,-148.33,6.149,347.4,-362.86,2652,LC0_FZ_150_Round18_filtered
25,12,2,-148.32,-6.112,525.829,301.13,9840,LC0_FZ_150_Round18_IA_2_filtered
25,12,2,-148.31,-6.485,525.739,303.31,9831,LC0_FZ_150_Round18_IA_2_filtered
25,12,0,-148.31,-2.622,357.71,192.79,3683,LC0_FZ_150_Round18_filtered
25,12,4,-148.3,3.54,684.735,-242.61,15076,LC0_FZ_150_IA_4_filtered
25,12,2,-148.3,11.923,518.109,-382.55,9068,LC0_FZ_150_Round18_IA_2_filtered
25,12,2,-148.3,-6.597,525.709,309.47,9828,LC0_FZ_150_Round18_IA_2_filtered
25,12,2,-148.25,5.354,519.779,-301.61,9235,LC0_FZ_150_Round18_IA_2_filtered
25,12,0,-148.25,-7.782,354.07,346.5,3319,LC0_FZ_150_Round18_filtered
25,12,2,-148.24,-7.435,525.499,313.84,9807,LC0_FZ_150_Round18_IA_2_filtered
25,12,0,-148.19,-11.392,354.98,368.23,3410,LC0_FZ_150_Round18_filtered
25,12,2,-148.18,-6.541,522.759,336.68,9533,LC0_FZ_150_Round18_IA_2_filtered
25,12,0,-148.18,11.756,348.97,-387.01,2809,LC0_FZ_150_Round18_filtered
25,12,4,-148.16,-9.423,692.475,334.66,15850,LC0_FZ_150_IA_4_filtered
25,12,2,-148.16,-8.14,523.159,337.25,9573,LC0_FZ_150_Round18_IA_2_filtered
25,12,2,-148.15,-5.64,522.529,322.59,9510,LC0_FZ_150_Round18_IA_2_filtered
25,12,0,-148.15,-8.646,354.29,350.4,3341,LC0_FZ_150_Round18_filtered
25,12,2,-148.14,-11.523,524.009,347.83,9658,LC0_FZ_150_Round18_IA_2_filtered
25,12,2,-148.13,-3.233,521.929,236.9,9450,LC0_FZ_150_Round18_IA_2_filtered
25,12,0,-148.13,3.899,346.84,-289.95,2596,LC0_FZ_150_Round18_filtered
25,12,4,-148.12,-11.208,692.925,335.4,15895,LC0_FZ_150_IA_4_filtered
25,12,2,-148.12,-5.561,525.969,291.05,9854,LC0_FZ_150_Round18_IA_2_filtered
25,12,2,-148.09,-11.533,524.459,343.64,9703,LC0_FZ_150_Round18_IA_2_filtered
25,12,0,-148.09,7.515,350.24,-338.78,2936,LC0_FZ_150_Round18_filtered
25,12,2,-148.08,5.495,516.239,-343.95,8881,LC0_FZ_150_Round18_IA_2_filtered
25,12,-0,-148.08,-10.92,354.86,367.35,3398,LC0_FZ_150_Round18_filtered
25,12,0,-148.08,-2.809,357.66,208.81,3678,LC0_FZ_150_Round18_filtered
25,12,2,-148.06,1.925,520.639,-159.67,9321,LC0_FZ_150_Round18_IA_2_filtered
25,12,2,-148.05,-11.653,524.079,360.52,9665,LC0_FZ_150_Round18_IA_2_filtered
25,12,0,-148.05,7.107,347.64,-371.06,2676,LC0_FZ_150_Round18_filtered
25,12,4,-148.03,11.487,687.225,-368.59,15325,LC0_FZ_150_IA_4_filtered
25,12,2,-148.03,-11.947,524.339,345.64,9691,LC0_FZ_150_Round18_IA_2_filtered
25,12,0,-148.02,-0.795,352.32,70.18,3144,LC0_FZ_150_Round18_filtered
25,12,2,-148.01,3.689,515.789,-272.16,8836,LC0_FZ_150_Round18_IA_2_filtered
25,12,2,-148.01,9.987,518.619,-359.62,9119,LC0_FZ_150_Round18_IA_2_filtered
25,12,2,-148,9.643,518.699,-363.01,9127,LC0_FZ_150_Round18_IA_2_filtered
25,12,0,-148,-7.393,356.51,325.1,3563,LC0_FZ_150_Round18_filtered
25,12,2,-147.97,-7.416,522.979,335.72,9555,LC0_FZ_150_Round18_IA_2_filtered
25,12,2,-147.95,8.286,516.939,-369.09,8951,LC0_FZ_150_Round18_IA_2_filtered
25,12,-0,-147.94,-6.321,353.71,345.95,3283,LC0_FZ_150_Round18_filtered
25,12,0,-147.93,7.657,350.2,-344.99,2932,LC0_FZ_150_Round18_filtered
25,12,0,-147.93,-7.172,353.92,348.09,3304,LC0_FZ_150_Round18_filtered
25,12,0,-147.92,9.514,349.74,-363.11,2886,LC0_FZ_150_Round18_filtered
25,12,0,-147.92,8.915,349.89,-350.87,2901,LC0_FZ_150_Round18_filtered
25,12,4,-147.91,-8.02,692.125,327.5,15815,LC0_FZ_150_IA_4_filtered
25,12,0,-147.9,-8.604,354.28,351.17,3340,LC0_FZ_150_Round18_filtered
25,12,2,-147.89,-6.036,525.849,297.27,9842,LC0_FZ_150_Round18_IA_2_filtered
25,12,0,-147.89,-10.847,355.64,351.62,3476,LC0_FZ_150_Round18_filtered
25,12,0,-147.89,-1.693,357.94,139.34,3706,LC0_FZ_150_Round18_filtered
25,12,4,-147.86,-9.816,692.575,333.69,15860,LC0_FZ_150_IA_4_filtered
25,12,2,-147.86,4.955,516.109,-321.64,8868,LC0_FZ_150_Round18_IA_2_filtered
25,12,2,-147.86,8.558,517.009,-367.67,8958,LC0_FZ_150_Round18_IA_2_filtered
25,12,0,-147.83,9.432,348.22,-377.85,2734,LC0_FZ_150_Round18_filtered
25,12,2,-147.81,11.719,517.879,-383.18,9045,LC0_FZ_150_Round18_IA_2_filtered
25,12,0,-147.8,-0.454,352.23,35.26,3135,LC0_FZ_150_Round18_filtered
25,12,2,-147.79,2.365,520.529,-188.68,9310,LC0_FZ_150_Round18_IA_2_filtered
25,12,2,-147.77,-7.207,522.929,332.77,9550,LC0_FZ_150_Round18_IA_2_filtered
25,12,2,-147.74,-3.418,526.509,233.92,9908,LC0_FZ_150_Round18_IA_2_filtered
25,12,2,-147.73,7.662,516.779,-363.94,8935,LC0_FZ_150_Round18_IA_2_filtered
25,12,2,-147.73,-11.714,524.219,346.1,9679,LC0_FZ_150_Round18_IA_2_filtered
25,12,0,-147.73,-11.353,354.97,367.49,3409,LC0_FZ_150_Round18_filtered
25,12,2,-147.72,5.563,519.729,-314.48,9230,LC0_FZ_150_Round18_IA_2_filtered
25,12,0,-147.72,0.514,351.99,-62.32,3111,LC0_FZ_150_Round18_filtered
25,12,0,-147.72,-6.853,353.84,346.06,3296,LC0_FZ_150_Round18_filtered
25,12,0,-147.71,-9.502,355.98,338.47,3510,LC0_FZ_150_Round18_filtered
25,12,0,-147.69,6.774,350.43,-335.98,2955,LC0_FZ_150_Round18_filtered
25,12,0,-147.68,-11.03,355.59,358.78,3471,LC0_FZ_150_Round18_filtered
25,12,2,-147.67,-4.759,526.169,278.64,9874,LC0_FZ_150_Round18_IA_2_filtered
25,12,-0,-147.65,11.478,348.74,-385.87,2786,LC0_FZ_150_Round18_filtered
25,12,0,-147.65,-7.349,353.96,344.53,3308,LC0_FZ_150_Round18_filtered
25,12,0,-147.65,-10.467,354.74,363.92,3386,LC0_FZ_150_Round18_filtered
25,12,0,-147.62,-8.566,354.27,349.8,3339,LC0_FZ_150_Round18_filtered
25,12,0,-147.62,-11.659,355.12,362.96,3424,LC0_FZ_150_Round18_filtered
25,12,0,-147.6,-10.892,354.85,364.81,3397,LC0_FZ_150_Round18_filtered
25,12,0,-147.59,-10.011,354.63,361.72,3375,LC0_FZ_150_Round18_filtered
25,12,2,-147.58,4.003,515.869,-277.11,8844,LC0_FZ_150_Round18_IA_2_filtered
25,12,0,-147.56,-10.493,354.75,365,3387,LC0_FZ_150_Round18_filtered
25,12,2,-147.55,-2.042,526.849,169.55,9942,LC0_FZ_150_Round18_IA_2_filtered
25,12,-0,-147.54,11.266,348.68,-390.7,2780,LC0_FZ_150_Round18_filtered
25,12,0,-147.54,-10.438,355.75,346.06,3487,LC0_FZ_150_Round18_filtered
25,12,-0,-147.53,-3.517,357.48,236.3,3660,LC0_FZ_150_Round18_filtered
25,12,0,-147.52,-11.504,355.47,362.18,3459,LC0_FZ_150_Round18_filtered
25,12,0,-147.51,-11.661,355.08,372.42,3420,LC0_FZ_150_Round18_filtered
25,12,4,-147.5,8.937,687.875,-345.5,15390,LC0_FZ_150_IA_4_filtered
25,12,4,-147.49,1.208,689.815,-84.19,15584,LC0_FZ_150_IA_4_filtered
25,12,2,-147.49,10.576,518.469,-368.76,9104,LC0_FZ_150_Round18_IA_2_filtered
25,12,2,-147.47,-4.951,522.359,304.85,9493,LC0_FZ_150_Round18_IA_2_filtered
25,12,0,-147.47,2.242,351.56,-191.95,3068,LC0_FZ_150_Round18_filtered
25,12,0,-147.47,-6.296,353.7,343.77,3282,LC0_FZ_150_Round18_filtered
25,12,4,-147.46,-8.909,692.345,329.33,15837,LC0_FZ_150_IA_4_filtered
25,12,0,-147.44,10.551,348.51,-384.96,2763,LC0_FZ_150_Round18_filtered
25,12,0,-147.41,7.347,347.7,-366.68,2682,LC0_FZ_150_Round18_filtered
25,12,0,-147.38,-1.427,352.48,129.71,3160,LC0_FZ_150_Round18_filtered
25,12,4,-147.36,2.993,689.365,-204.46,15539,LC0_FZ_150_IA_4_filtered
25,12,0,-147.34,-9.204,356.06,339.24,3518,LC0_FZ_150_Round18_filtered
25,12,2,-147.31,6.003,519.619,-317.74,9219,LC0_FZ_150_Round18_IA_2_filtered
25,12,2,-147.31,-4.084,522.139,273.2,9471,LC0_FZ_150_Round18_IA_2_filtered
25,12,0,-147.31,-9.045,354.39,352.6,3351,LC0_FZ_150_Round18_filtered
25,12,-0,-147.31,-10.958,354.87,366.72,3399,LC0_FZ_150_Round18_filtered
25,12,4,-147.29,3.945,684.845,-262.1,15087,LC0_FZ_150_IA_4_filtered
25,12,4,-147.29,8.101,685.885,-354.71,15191,LC0_FZ_150_IA_4_filtered
25,12,2,-147.29,-11.662,524.099,349.32,9667,LC0_FZ_150_Round18_IA_2_filtered
25,12,2,-147.27,12.151,517.999,-377.46,9057,LC0_FZ_150_Round18_IA_2_filtered
25,12,2,-147.27,-10.607,523.779,344.38,9635,LC0_FZ_150_Round18_IA_2_filtered
25,12,0,-147.27,-6.721,356.68,313.65,3580,LC0_FZ_150_Round18_filtered
25,12,4,-147.26,3.307,689.285,-214.58,15531,LC0_FZ_150_IA_4_filtered
25,12,2,-147.26,-0.2,521.169,23.58,9374,LC0_FZ_150_Round18_IA_2_filtered
25,12,2,-147.26,-11.097,523.899,348.88,9647,LC0_FZ_150_Round18_IA_2_filtered
25,12,0,-147.26,3.197,346.66,-246.83,2578,LC0_FZ_150_Round18_filtered
25,12,0,-147.25,-12.047,355.3,364.49,3442,LC0_FZ_150_Round18_filtered
25,12,2,-147.24,-1.36,521.459,131.07,9403,LC0_FZ_150_Round18_IA_2_filtered
25,12,2,-147.23,7.849,516.829,-364.28,8940,LC0_FZ_150_Round18_IA_2_filtered
25,12,0,-147.23,-9.981,354.62,359.57,3374,LC0_FZ_150_Round18_filtered
25,12,4,-147.22,-3.579,695.455,231.89,16148,LC0_FZ_150_IA_4_filtered
25,12,2,-147.21,9.486,517.239,-373.72,8981,LC0_FZ_150_Round18_IA_2_filtered
25,12,4,-147.2,11.076,687.335,-361.36,15336,LC0_FZ_150_IA_4_filtered
25,12,2,-147.19,-9.695,523.549,342.05,9612,LC0_FZ_150_Round18_IA_2_filtered
25,12,0,-147.19,5.416,350.77,-319.4,2989,LC0_FZ_150_Round18_filtered
25,12,-0,-147.18,-3.239,357.55,229.46,3667,LC0_FZ_150_Round18_filtered
25,12,2,-147.15,11.075,517.639,-385.21,9021,LC0_FZ_150_Round18_IA_2_filtered
25,12,2,-147.14,-5.597,525.959,290.68,9853,LC0_FZ_150_Round18_IA_2_filtered
25,12,0,-147.13,-1.912,352.6,163.54,3172,LC0_FZ_150_Round18_filtered
25,12,0,-147.12,-10.556,355.72,347.31,3484,LC0_FZ_150_Round18_filtered
25,12,2,-147.1,0.638,520.959,-56.34,9353,LC0_FZ_150_Round18_IA_2_filtered
25,12,2,-147.1,-0.313,521.199,36.54,9377,LC0_FZ_150_Round18_IA_2_filtered
25,12,0,-147.08,3.133,351.34,-240.32,3046,LC0_FZ_150_Round18_filtered
25,12,0,-147.08,-6.004,356.86,306.99,3598,LC0_FZ_150_Round18_filtered
25,12,2,-147.07,-6.073,522.639,328.75,9521,LC0_FZ_150_Round18_IA_2_filtered
25,12,0,-147.06,7.585,347.76,-368.24,2688,LC0_FZ_150_Round18_filtered
25,12,0,-147.05,10.096,348.39,-379.87,2751,LC0_FZ_150_Round18_filtered
25,12,0,-147.05,1.962,351.63,-168.37,3075,LC0_FZ_150_Round18_filtered
25,12,0,-147.05,-9.494,354.5,353.81,3362,LC0_FZ_150_Round18_filtered
25,12,2,-147.04,2.009,515.369,-175.54,8794,LC0_FZ_150_Round18_IA_2_filtered
25,12,2,-147.04,-3.695,522.049,254.43,9462,LC0_FZ_150_Round18_IA_2_filtered
25,12,0,-147.02,-7.827,354.08,341.09,3320,LC0_FZ_150_Round18_filtered
25,12,2,-147,4.624,519.959,-294.04,9253,LC0_FZ_150_Round18_IA_2_filtered
25,12,0,-146.98,-6.878,353.85,341.11,3297,LC0_FZ_150_Round18_filtered
25,12,0,-146.98,-7.183,356.56,316.32,3568,LC0_FZ_150_Round18_filtered
25,12,0,-146.97,-2.169,357.82,168.32,3694,LC0_FZ_150_Round18_filtered
25,12,0,-146.94,-5.884,353.6,335.68,3272,LC0_FZ_150_Round18_filtered
25,12,0,-146.93,-8.71,356.18,332.38,3530,LC0_FZ_150_Round18_filtered
25,12,0,-146.92,11.2,349.31,-372.57,2843,LC0_FZ_150_Round18_filtered
25,12,0,-146.92,-9.625,355.95,341.55,3507,LC0_FZ_150_Round18_filtered
25,12,0,-146.92,-0.516,358.23,47.05,3735,LC0_FZ_150_Round18_filtered
25,12,0,-146.91,7.985,350.12,-340.63,2924,LC0_FZ_150_Round18_filtered
25,12,0,-146.91,-5.807,356.91,300.92,3603,LC0_FZ_150_Round18_filtered
25,12,4,-146.9,6.562,688.475,-303.27,15450,LC0_FZ_150_IA_4_filtered
25,12,2,-146.9,5.049,516.129,-328.94,8870,LC0_FZ_150_Round18_IA_2_filtered
25,12,2,-146.89,7.242,519.309,-326.45,9188,LC0_FZ_150_Round18_IA_2_filtered
25,12,-0,-146.86,-5.85,353.59,334.17,3271,LC0_FZ_150_Round18_filtered
25,12,0,-146.86,-9.012,354.38,349.48,3350,LC0_FZ_150_Round18_filtered
25,12,-0,-146.86,-9.54,355.97,336.32,3509,LC0_FZ_150_Round18_filtered
25,12,2,-146.84,2.144,520.579,-169.03,9315,LC0_FZ_150_Round18_IA_2_filtered
25,12,-0,-146.84,11.646,348.8,-391.64,2792,LC0_FZ_150_Round18_filtered
25,12,0,-146.84,3.364,351.28,-241.87,3040,LC0_FZ_150_Round18_filtered
25,12,0,-146.84,-6.255,353.69,338.82,3281,LC0_FZ_150_Round18_filtered
25,12,0,-146.77,-9.926,354.61,354.88,3373,LC0_FZ_150_Round18_filtered
25,12,0,-146.74,-11.718,355.41,359.27,3453,LC0_FZ_150_Round18_filtered
25,12,0,-146.74,-3.08,357.59,216.39,3671,LC0_FZ_150_Round18_filtered
25,12,4,-146.73,10.295,687.535,-353.15,15356,LC0_FZ_150_IA_4_filtered
25,12,2,-146.73,-4.683,526.189,271.48,9876,LC0_FZ_150_Round18_IA_2_filtered
25,12,2,-146.71,5.526,516.249,-343.37,8882,LC0_FZ_150_Round18_IA_2_filtered
25,12,2,-146.71,9.188,518.819,-354.06,9139,LC0_FZ_150_Round18_IA_2_filtered
25,12,0,-146.71,11.728,348.85,-383.86,2797,LC0_FZ_150_Round18_filtered
25,12,0,-146.7,0.566,351.98,-64.91,3110,LC0_FZ_150_Round18_filtered
25,12,2,-146.68,-7.264,522.939,328.55,9551,LC0_FZ_150_Round18_IA_2_filtered
25,12,0,-146.67,-7.377,356.52,320.31,3564,LC0_FZ_150_Round18_filtered
25,12,4,-146.66,6.635,688.455,-308.42,15448,LC0_FZ_150_IA_4_filtered
25,12,0,-146.65,-1.879,357.89,156.88,3701,LC0_FZ_150_Round18_filtered
25,12,2,-146.64,-3.288,526.539,223.84,9911,LC0_FZ_150_Round18_IA_2_filtered
25,12,0,-146.62,10.318,348.45,-385.58,2757,LC0_FZ_150_Round18_filtered
25,12,0,-146.62,1.384,351.78,-133.32,3090,LC0_FZ_150_Round18_filtered
25,12,2,-146.61,5.089,519.849,-302.92,9242,LC0_FZ_150_Round18_IA_2_filtered
25,12,2,-146.6,-9.544,523.509,343.45,9608,LC0_FZ_150_Round18_IA_2_filtered
25,12,0,-146.6,11.323,349.28,-375.36,2840,LC0_FZ_150_Round18_filtered
25,12,0,-146.6,9.026,349.86,-354.12,2898,LC0_FZ_150_Round18_filtered
25,12,0,-146.6,-4.455,353.24,291.18,3236,LC0_FZ_150_Round18_filtered
25,12,0,-146.58,-11.324,355.52,353.79,3464,LC0_FZ_150_Round18_filtered
25,12,0,-146.57,-7.361,353.97,338.79,3309,LC0_FZ_150_Round18_filtered
25,12,0,-146.57,-6.883,356.64,312.57,3576,LC0_FZ_150_Round18_filtered
25,12,0,-146.56,-8.525,354.26,345.79,3338,LC0_FZ_150_Round18_filtered
25,12,4,-146.55,6.758,685.545,-339.51,15157,LC0_FZ_150_IA_4_filtered
25,12,2,-146.55,-5.416,522.479,313.06,9505,LC0_FZ_150_Round18_IA_2_filtered
25,12,0,-146.55,-1.626,352.53,140.43,3165,LC0_FZ_150_Round18_filtered
25,12,4,-146.53,-1.235,696.045,116.69,16207,LC0_FZ_150_IA_4_filtered
25,12,0,-146.53,6.184,347.41,-360.2,2653,LC0_FZ_150_Round18_filtered
25,12,-0,-146.51,-11.711,355.18,363.32,3430,LC0_FZ_150_Round18_filtered
25,12,0,-146.48,-7.796,356.41,322.33,3553,LC0_FZ_150_Round18_filtered
25,12,0,-146.47,10.782,349.42,-365.91,2854,LC0_FZ_150_Round18_filtered
25,12,0,-146.46,-2.806,352.83,217.84,3195,LC0_FZ_150_Round18_filtered
25,12,2,-146.45,5.998,516.369,-351.93,8894,LC0_FZ_150_Round18_IA_2_filtered
25,12,2,-146.45,4.016,520.119,-262.23,9269,LC0_FZ_150_Round18_IA_2_filtered
25,12,0,-146.44,11.757,348.96,-378.78,2808,LC0_FZ_150_Round18_filtered
25,12,0,-146.42,-11.472,355.48,357.21,3460,LC0_FZ_150_Round18_filtered
25,12,4,-146.41,7.035,685.615,-343.24,15164,LC0_FZ_150_IA_4_filtered
25,12,0,-146.4,4.563,347.01,-303.4,2613,LC0_FZ_150_Round18_filtered
25,12,4,-146.39,7.536,688.225,-324.48,15425,LC0_FZ_150_IA_4_filtered
25,12,0,-146.39,4.827,347.07,-325.94,2619,LC0_FZ_150_Round18_filtered
25,12,4,-146.38,10.202,687.555,-350.56,15358,LC0_FZ_150_IA_4_filtered
25,12,2,-146.38,-6.495,522.749,329.95,9532,LC0_FZ_150_Round18_IA_2_filtered
25,12,0,-146.37,-6.41,353.73,341.75,3285,LC0_FZ_150_Round18_filtered
25,12,0,-146.37,-8.057,354.14,343.31,3326,LC0_FZ_150_Round18_filtered
25,12,0,-146.37,-6.437,356.75,309.92,3587,LC0_FZ_150_Round18_filtered
25,12,2,-146.36,10.167,517.409,-379.04,8998,LC0_FZ_150_Round18_IA_2_filtered
25,12,2,-146.36,-5.094,522.399,300.49,9497,LC0_FZ_150_Round18_IA_2_filtered
25,12,2,-146.34,-6.928,522.859,330.27,9543,LC0_FZ_150_Round18_IA_2_filtered
25,12,0,-146.34,-9.58,355.96,337.54,3508,LC0_FZ_150_Round18_filtered
25,12,0,-146.31,5.676,350.7,-313.35,2982,LC0_FZ_150_Round18_filtered
25,12,2,-146.3,-7.769,523.069,327.62,9564,LC0_FZ_150_Round18_IA_2_filtered
25,12,4,-146.29,12.037,687.065,-362.02,15309,LC0_FZ_150_IA_4_filtered
25,12,4,-146.27,5.66,685.275,-321.67,15130,LC0_FZ_150_IA_4_filtered
25,12,2,-146.25,-1.889,526.889,155.86,9946,LC0_FZ_150_Round18_IA_2_filtered
25,12,2,-146.23,4.6,516.019,-311.61,8859,LC0_FZ_150_Round18_IA_2_filtered
25,12,2,-146.23,8.624,518.959,-341.51,9153,LC0_FZ_150_Round18_IA_2_filtered
25,12,2,-146.23,-6.02,522.629,322.51,9520,LC0_FZ_150_Round18_IA_2_filtered
25,12,2,-146.23,-7.395,522.969,329.61,9554,LC0_FZ_150_Round18_IA_2_filtered
25,12,2,-146.23,-10.971,523.869,340.27,9644,LC0_FZ_150_Round18_IA_2_filtered
25,12,0,-146.22,7.777,347.81,-365.45,2693,LC0_FZ_150_Round18_filtered
25,12,0,-146.22,-0.929,352.36,87.57,3148,LC0_FZ_150_Round18_filtered
25,12,2,-146.2,4.896,519.889,-289.54,9246,LC0_FZ_150_Round18_IA_2_filtered
25,12,0,-146.2,11.636,349.19,-374.58,2831,LC0_FZ_150_Round18_filtered
25,12,0,-146.19,-11.67,355.13,357.19,3425,LC0_FZ_150_Round18_filtered
25,12,2,-146.18,7.396,516.719,-358.46,8929,LC0_FZ_150_Round18_IA_2_filtered
25,12,2,-146.18,5.513,519.739,-307.41,9231,LC0_FZ_150_Round18_IA_2_filtered
25,12,2,-146.17,-11.407,523.979,344.64,9655,LC0_FZ_150_Round18_IA_2_filtered
25,12,0,-146.17,-9.465,354.49,348.99,3361,LC0_FZ_150_Round18_filtered
25,12,2,-146.16,9.1,518.839,-345.52,9141,LC0_FZ_150_Round18_IA_2_filtered
25,12,2,-146.15,2.398,515.469,-201.91,8804,LC0_FZ_150_Round18_IA_2_filtered
25,12,2,-146.15,0.215,521.069,-15.39,9364,LC0_FZ_150_Round18_IA_2_filtered
25,12,2,-146.15,-11.014,523.879,339.06,9645,LC0_FZ_150_Round18_IA_2_filtered
25,12,0,-146.14,-10.378,354.72,354.46,3384,LC0_FZ_150_Round18_filtered
25,12,2,-146.13,6.245,516.429,-346.96,8900,LC0_FZ_150_Round18_IA_2_filtered
25,12,0,-146.13,-4.454,357.25,269.15,3637,LC0_FZ_150_Round18_filtered
25,12,0,-146.11,3.855,351.16,-261.56,3028,LC0_FZ_150_Round18_filtered
25,12,2,-146.1,2.655,520.459,-197.56,9303,LC0_FZ_150_Round18_IA_2_filtered
25,12,2,-146.1,-7.735,523.059,328.85,9563,LC0_FZ_150_Round18_IA_2_filtered
25,12,2,-146.09,-10.129,523.659,341.06,9623,LC0_FZ_150_Round18_IA_2_filtered
25,12,0,-146.08,6.869,347.58,-356.92,2670,LC0_FZ_150_Round18_filtered
25,12,0,-146.08,-8.307,354.2,339.4,3332,LC0_FZ_150_Round18_filtered
25,12,0,-146.08,-10.897,355.63,347.28,3475,LC0_FZ_150_Round18_filtered
25,12,4,-146.04,6.597,688.465,-304.29,15449,LC0_FZ_150_IA_4_filtered
25,12,2,-146.04,2.545,515.499,-204.55,8807,LC0_FZ_150_Round18_IA_2_filtered
25,12,0,-146.02,-10.54,354.76,363.13,3388,LC0_FZ_150_Round18_filtered
25,12,2,-146.01,-2.874,526.639,207.54,9921,LC0_FZ_150_Round18_IA_2_filtered
25,12,0,-146,-8.233,356.3,324.96,3542,LC0_FZ_150_Round18_filtered
25,12,2,-145.99,-10.487,523.749,342.32,9632,LC0_FZ_150_Round18_IA_2_filtered
25,12,2,-145.99,-2.842,526.649,204.42,9922,LC0_FZ_150_Round18_IA_2_filtered
25,12,0,-145.98,-8.149,356.32,322.18,3544,LC0_FZ_150_Round18_filtered
25,12,2,-145.97,-6.807,522.829,323.86,9540,LC0_FZ_150_Round18_IA_2_filtered
25,12,4,-145.96,5.635,688.705,-287.36,15473,LC0_FZ_150_IA_4_filtered
25,12,0,-145.96,-11.012,354.88,363.56,3400,LC0_FZ_150_Round18_filtered
25,12,0,-145.95,-3.255,352.94,240.8,3206,LC0_FZ_150_Round18_filtered
25,12,4,-145.94,6.1,685.385,-330.38,15141,LC0_FZ_150_IA_4_filtered
25,12,2,-145.94,11.006,518.359,-366.48,9093,LC0_FZ_150_Round18_IA_2_filtered
25,12,-0,-145.94,-1.234,358.05,108.67,3717,LC0_FZ_150_Round18_filtered
25,12,0,-145.93,6.16,350.58,-318.93,2970,LC0_FZ_150_Round18_filtered
25,12,0,-145.93,-4.408,353.23,285.17,3235,LC0_FZ_150_Round18_filtered
25,12,2,-145.92,-10.54,523.759,339.23,9633,LC0_FZ_150_Round18_IA_2_filtered
25,12,0,-145.89,-10.456,355.74,343.11,3486,LC0_FZ_150_Round18_filtered
25,12,0,-145.89,-7.238,356.55,313.69,3567,LC0_FZ_150_Round18_filtered
25,12,2,-145.85,-8.213,523.179,330.66,9575,LC0_FZ_150_Round18_IA_2_filtered
25,12,2,-145.84,10.501,518.489,-360.13,9106,LC0_FZ_150_Round18_IA_2_filtered
25,12,0,-145.84,10.364,349.53,-361.84,2865,LC0_FZ_150_Round18_filtered
25,12,4,-145.82,5.849,685.315,-327.76,15134,LC0_FZ_150_IA_4_filtered
25,12,2,-145.82,-7.291,522.949,325.89,9552,LC0_FZ_150_Round18_IA_2_filtered
25,12,0,-145.82,7.555,350.23,-334.29,2935,LC0_FZ_150_Round18_filtered
25,12,0,-145.82,-11.629,355.07,366.84,3419,LC0_FZ_150_Round18_filtered
25,12,0,-145.82,-0.994,358.12,88.63,3724,LC0_FZ_150_Round18_filtered
25,12,0,-145.81,8.069,347.88,-365.27,2700,LC0_FZ_150_Round18_filtered
25,12,0,-145.81,8.982,349.87,-348.36,2899,LC0_FZ_150_Round18_filtered
25,12,0,-145.81,-5.815,353.58,330.13,3270,LC0_FZ_150_Round18_filtered
25,12,2,-145.79,6.796,519.419,-318.56,9199,LC0_FZ_150_Round18_IA_2_filtered
25,12,0,-145.79,10.829,349.41,-364.96,2853,LC0_FZ_150_Round18_filtered
25,12,0,-145.79,-12.086,355.29,358.94,3441,LC0_FZ_150_Round18_filtered
25,12,0,-145.77,-5.929,353.61,335.41,3273,LC0_FZ_150_Round18_filtered
25,12,2,-145.75,-10.006,523.629,343.1,9620,LC0_FZ_150_Round18_IA_2_filtered
25,12,-0,-145.74,7.634,350.21,-337.82,2933,LC0_FZ_150_Round18_filtered
25,12,0,-145.72,11.701,349.17,-372.89,2829,LC0_FZ_150_Round18_filtered
25,12,0,-145.72,-1.165,352.42,104.13,3154,LC0_FZ_150_Round18_filtered
25,12,0,-145.72,-5.373,357.02,291.63,3614,LC0_FZ_150_Round18_filtered
25,12,4,-145.71,9.971,686.355,-367.82,15238,LC0_FZ_150_IA_4_filtered
25,12,0,-145.71,-4.014,357.36,253.83,3648,LC0_FZ_150_Round18_filtered
25,12,4,-145.68,7.515,688.235,-319.51,15426,LC0_FZ_150_IA_4_filtered
25,12,4,-145.67,-1.714,695.925,144.78,16195,LC0_FZ_150_IA_4_filtered
25,12,0,-145.67,-7.139,353.91,342.19,3303,LC0_FZ_150_Round18_filtered
25,12,0,-145.66,-9.109,356.08,331.03,3520,LC0_FZ_150_Round18_filtered
25,12,-0,-145.65,11.759,348.93,-376.72,2805,LC0_FZ_150_Round18_filtered
25,12,4,-145.6,3.355,689.275,-216.82,15530,LC0_FZ_150_IA_4_filtered
25,12,4,-145.59,5.239,688.805,-281,15483,LC0_FZ_150_IA_4_filtered
25,12,2,-145.57,0.269,521.059,-19.02,9363,LC0_FZ_150_Round18_IA_2_filtered
25,12,2,-145.56,0.591,520.969,-52.86,9354,LC0_FZ_150_Round18_IA_2_filtered
25,12,0,-145.56,5.724,347.3,-349.48,2642,LC0_FZ_150_Round18_filtered
25,12,0,-145.56,-11.729,355.4,354.48,3452,LC0_FZ_150_Round18_filtered
25,12,0,-145.55,-11.521,355.02,352.57,3414,LC0_FZ_150_Round18_filtered
25,12,4,-145.52,3.559,684.745,-244.51,15077,LC0_FZ_150_IA_4_filtered
25,12,2,-145.52,8.197,519.069,-334.55,9164,LC0_FZ_150_Round18_IA_2_filtered
25,12,2,-145.52,-9.177,523.419,335.2,9599,LC0_FZ_150_Round18_IA_2_filtered
25,12,2,-145.51,11.388,518.259,-364.16,9083,LC0_FZ_150_Round18_IA_2_filtered
25,12,0,-145.5,-10.806,354.83,353.39,3395,LC0_FZ_150_Round18_filtered
25,12,4,-145.49,12.144,686.985,-366.15,15301,LC0_FZ_150_IA_4_filtered
25,12,0,-145.49,-9.911,354.6,349.18,3372,LC0_FZ_150_Round18_filtered
25,12,0,-145.48,-6.953,353.86,335.54,3298,LC0_FZ_150_Round18_filtered
25,12,2,-145.47,5.398,519.769,-298.11,9234,LC0_FZ_150_Round18_IA_2_filtered
25,12,2,-145.47,3.544,520.229,-242.88,9280,LC0_FZ_150_Round18_IA_2_filtered
25,12,0,-145.47,3.567,351.23,-260.32,3035,LC0_FZ_150_Round18_filtered
25,12,0,-145.47,-2.774,357.67,204.94,3679,LC0_FZ_150_Round18_filtered
25,12,0,-145.46,-7.58,354.02,340.18,3314,LC0_FZ_150_Round18_filtered
25,12,2,-145.41,4.493,519.999,-277.01,9257,LC0_FZ_150_Round18_IA_2_filtered
25,12,0,-145.41,12.097,349.06,-371.14,2818,LC0_FZ_150_Round18_filtered
25,12,0,-145.4,-4.97,353.37,311.54,3249,LC0_FZ_150_Round18_filtered
25,12,2,-145.39,-6.858,522.839,322.6,9541,LC0_FZ_150_Round18_IA_2_filtered
25,12,4,-145.38,10.244,687.545,-349.36,15357,LC0_FZ_150_IA_4_filtered
25,12,0,-145.38,-7.722,356.43,317.4,3555,LC0_FZ_150_Round18_filtered
25,12,0,-145.37,-11.688,355.14,352.57,3426,LC0_FZ_150_Round18_filtered
25,12,2,-145.36,3.74,515.799,-273.61,8837,LC0_FZ_150_Round18_IA_2_filtered
25,12,0,-145.36,7.112,350.34,-329.01,2946,LC0_FZ_150_Round18_filtered
25,12,0,-145.35,-0.495,352.24,39.92,3136,LC0_FZ_150_Round18_filtered
25,12,0,-145.35,-3.119,357.58,218.01,3670,LC0_FZ_150_Round18_filtered
25,12,2,-145.34,-6.383,522.719,320.3,9529,LC0_FZ_150_Round18_IA_2_filtered
25,12,4,-145.33,3.364,684.695,-226.01,15072,LC0_FZ_150_IA_4_filtered
25,12,2,-145.32,11.675,517.809,-379.67,9038,LC0_FZ_150_Round18_IA_2_filtered
25,12,2,-145.32,-0.368,521.209,41.31,9378,LC0_FZ_150_Round18_IA_2_filtered
25,12,2,-145.3,-9.578,523.519,339.06,9609,LC0_FZ_150_Round18_IA_2_filtered
25,12,2,-145.29,8.208,519.059,-337.03,9163,LC0_FZ_150_Round18_IA_2_filtered
25,12,0,-145.27,12.062,349.07,-372.86,2819,LC0_FZ_150_Round18_filtered
25,12,2,-145.25,-8.275,523.189,331.31,9576,LC0_FZ_150_Round18_IA_2_filtered
25,12,0,-145.23,3.147,346.65,-245.44,2577,LC0_FZ_150_Round18_filtered
25,12,0,-145.23,6.635,350.46,-324.66,2958,LC0_FZ_150_Round18_filtered
25,12,0,-145.23,-5.445,353.49,323.8,3261,LC0_FZ_150_Round18_filtered
25,12,0,-145.21,-11.375,355.51,350.69,3463,LC0_FZ_150_Round18_filtered
25,12,2,-145.2,10.838,517.579,-375.81,9015,LC0_FZ_150_Round18_IA_2_filtered
25,12,0,-145.19,-7.405,353.98,333.35,3310,LC0_FZ_150_Round18_filtered
25,12,2,-145.16,11.769,518.149,-369.14,9072,LC0_FZ_150_Round18_IA_2_filtered
25,12,0,-145.16,5.239,350.81,-302.64,2993,LC0_FZ_150_Round18_filtered
25,12,0,-145.15,11.279,349.29,-370.23,2841,LC0_FZ_150_Round18_filtered
25,12,2,-145.13,5.88,519.649,-305.39,9222,LC0_FZ_150_Round18_IA_2_filtered
25,12,0,-145.1,5.006,347.12,-316.58,2624,LC0_FZ_150_Round18_filtered
25,12,0,-145.08,-11.416,355.5,350.11,3462,LC0_FZ_150_Round18_filtered
25,12,2,-145.03,-0.991,527.119,95.33,9969,LC0_FZ_150_Round18_IA_2_filtered
25,12,4,-145.02,10.674,687.435,-351.08,15346,LC0_FZ_150_IA_4_filtered
25,12,0,-145.01,3.617,346.77,-266.04,2589,LC0_FZ_150_Round18_filtered
25,12,0,-145.01,-11.854,355.37,355.52,3449,LC0_FZ_150_Round18_filtered
25,12,-0,-145.01,-6.412,356.76,305.62,3588,LC0_FZ_150_Round18_filtered
25,12,0,-145,0.454,352.01,-54.37,3113,LC0_FZ_150_Round18_filtered
25,12,0,-145,-11.447,355.49,352.71,3461,LC0_FZ_150_Round18_filtered
25,12,0,-144.98,-6.442,353.74,337.26,3286,LC0_FZ_150_Round18_filtered
25,12,0,-144.98,-8.98,354.37,344.52,3349,LC0_FZ_150_Round18_filtered
25,12,4,-144.96,5.187,688.815,-278.26,15484,LC0_FZ_150_IA_4_filtered
25,12,2,-144.96,2.819,515.579,-227.11,8815,LC0_FZ_150_Round18_IA_2_filtered
25,12,0,-144.96,6.716,350.44,-329.16,2956,LC0_FZ_150_Round18_filtered
25,12,2,-144.94,-8.689,523.299,332.05,9587,LC0_FZ_150_Round18_IA_2_filtered
25,12,4,-144.9,5.669,688.695,-288.51,15472,LC0_FZ_150_IA_4_filtered
25,12,2,-144.88,3.675,520.199,-255.78,9277,LC0_FZ_150_Round18_IA_2_filtered
25,12,2,-144.87,3.278,515.689,-251.77,8826,LC0_FZ_150_Round18_IA_2_filtered
25,12,0,-144.87,-1.484,352.49,131.3,3161,LC0_FZ_150_Round18_filtered
25,12,0,-144.86,-6.847,356.65,309.02,3577,LC0_FZ_150_Round18_filtered
25,12,4,-144.85,1.179,689.825,-80.47,15585,LC0_FZ_150_IA_4_filtered
25,12,2,-144.84,-5.979,522.619,317.81,9519,LC0_FZ_150_Round18_IA_2_filtered
25,12,2,-144.83,5.942,519.629,-310.67,9220,LC0_FZ_150_Round18_IA_2_filtered
25,12,0,-144.83,11.659,348.81,-382.34,2793,LC0_FZ_150_Round18_filtered
25,12,2,-144.82,3.124,520.339,-222.4,9291,LC0_FZ_150_Round18_IA_2_filtered
25,12,2,-144.82,-5.015,522.379,298.23,9495,LC0_FZ_150_Round18_IA_2_filtered
25,12,4,-144.77,10.451,686.475,-367.27,15250,LC0_FZ_150_IA_4_filtered
25,12,0,-144.76,-5.836,356.9,297.54,3602,LC0_FZ_150_Round18_filtered
25,12,2,-144.74,6.957,516.609,-352.74,8918,LC0_FZ_150_Round18_IA_2_filtered
25,12,2,-144.73,9.456,517.229,-366.53,8980,LC0_FZ_150_Round18_IA_2_filtered
25,12,0,-144.73,7.584,350.22,-333.63,2934,LC0_FZ_150_Round18_filtered
25,12,4,-144.71,3.835,689.155,-239.11,15518,LC0_FZ_150_IA_4_filtered
25,12,-0,-144.69,-2.208,357.81,170.86,3693,LC0_FZ_150_Round18_filtered
25,12,0,-144.68,1.551,351.74,-139.18,3086,LC0_FZ_150_Round18_filtered
25,12,0,-144.67,4.345,351.04,-278.11,3016,LC0_FZ_150_Round18_filtered
25,12,0,-144.64,-8.494,354.25,340.52,3337,LC0_FZ_150_Round18_filtered
25,12,0,-144.64,-10.584,354.77,359.1,3389,LC0_FZ_150_Round18_filtered
25,12,2,-144.61,-6.416,522.729,320.09,9530,LC0_FZ_150_Round18_IA_2_filtered
25,12,4,-144.57,-1.792,695.905,150.45,16193,LC0_FZ_150_IA_4_filtered
25,12,0,-144.57,-11.776,355.39,351.21,3451,LC0_FZ_150_Round18_filtered
25,12,0,-144.56,3.051,346.63,-245.26,2575,LC0_FZ_150_Round18_filtered
25,12,0,-144.55,3.947,346.85,-289.5,2597,LC0_FZ_150_Round18_filtered
25,12,2,-144.54,11.583,517.779,-368.37,9035,LC0_FZ_150_Round18_IA_2_filtered
25,12,0,-144.51,-4.885,353.35,304.08,3247,LC0_FZ_150_Round18_filtered
25,12,2,-144.5,3.973,515.859,-272.53,8843,LC0_FZ_150_Round18_IA_2_filtered
25,12,0,-144.5,8.223,347.92,-362,2704,LC0_FZ_150_Round18_filtered
25,12,-0,-144.5,-2.874,352.84,216.78,3196,LC0_FZ_150_Round18_filtered
25,12,4,-144.48,9.543,686.245,-359.82,15227,LC0_FZ_150_IA_4_filtered
25,12,4,-144.48,0.29,690.045,-6.38,15607,LC0_FZ_150_IA_4_filtered
25,12,2,-144.47,-1.982,526.869,161.2,9944,LC0_FZ_150_Round18_IA_2_filtered
25,12,0,-144.47,-11.796,355.38,351.8,3450,LC0_FZ_150_Round18_filtered
25,12,0,-144.45,5.728,350.69,-311.15,2981,LC0_FZ_150_Round18_filtered
25,12,4,-144.44,5.387,685.205,-317,15123,LC0_FZ_150_IA_4_filtered
25,12,-0,-144.43,-5.976,353.62,332.94,3274,LC0_FZ_150_Round18_filtered
25,12,0,-144.43,-8.77,354.32,339.87,3344,LC0_FZ_150_Round18_filtered
25,12,0,-144.41,-5.03,353.38,311.37,3250,LC0_FZ_150_Round18_filtered
25,12,0,-144.4,2.191,351.57,-188.69,3069,LC0_FZ_150_Round18_filtered
25,12,0,-144.4,-1.984,352.62,164.32,3174,LC0_FZ_150_Round18_filtered
25,12,0,-144.4,-2.303,357.79,178.61,3691,LC0_FZ_150_Round18_filtered
25,12,-0,-144.39,6.826,347.57,-351.6,2669,LC0_FZ_150_Round18_filtered
25,12,0,-144.38,-2.921,352.86,217.4,3198,LC0_FZ_150_Round18_filtered
25,12,0,-144.37,-7.108,353.9,335.55,3302,LC0_FZ_150_Round18_filtered
25,12,4,-144.35,11.423,686.715,-362.01,15274,LC0_FZ_150_IA_4_filtered
25,12,2,-144.35,7.128,516.649,-349.49,8922,LC0_FZ_150_Round18_IA_2_filtered
25,12,4,-144.34,-0.684,690.285,81.73,15631,LC0_FZ_150_IA_4_filtered
25,12,0,-144.33,11.771,348.95,-373.64,2807,LC0_FZ_150_Round18_filtered
25,12,0,-144.32,10.368,348.46,-377.51,2758,LC0_FZ_150_Round18_filtered
25,12,0,-144.32,11.75,348.94,-372.41,2806,LC0_FZ_150_Round18_filtered
25,12,2,-144.3,4.937,519.879,-288.65,9245,LC0_FZ_150_Round18_IA_2_filtered
25,12,2,-144.3,4.051,520.109,-263.08,9268,LC0_FZ_150_Round18_IA_2_filtered
25,12,0,-144.3,-8.33,354.21,335.23,3333,LC0_FZ_150_Round18_filtered
25,12,0,-144.29,-11.686,355.17,357.57,3429,LC0_FZ_150_Round18_filtered
25,12,0,-144.25,6.688,350.45,-324.94,2957,LC0_FZ_150_Round18_filtered
25,12,4,-144.24,11.742,686.855,-358.42,15288,LC0_FZ_150_IA_4_filtered
25,12,0,-144.24,-5.418,357.01,289.96,3613,LC0_FZ_150_Round18_filtered
25,12,0,-144.24,-2.724,357.68,201.08,3680,LC0_FZ_150_Round18_filtered
25,12,0,-144.2,-2.439,352.74,192.26,3186,LC0_FZ_150_Round18_filtered
25,12,0,-144.2,-11.264,354.94,351.82,3406,LC0_FZ_150_Round18_filtered
25,12,2,-144.19,10.207,517.419,-371.36,8999,LC0_FZ_150_Round18_IA_2_filtered
25,12,0,-144.18,-4.383,353.22,279.11,3234,LC0_FZ_150_Round18_filtered
25,12,0,-144.16,-12.13,355.26,353.52,3438,LC0_FZ_150_Round18_filtered
25,12,0,-144.12,-3.725,353.06,259.12,3218,LC0_FZ_150_Round18_filtered
25,12,-0,-144.11,6.191,350.57,-317.49,2969,LC0_FZ_150_Round18_filtered
25,12,2,-144.1,5.429,519.759,-297.69,9233,LC0_FZ_150_Round18_IA_2_filtered
25,12,2,-144.09,4.895,516.089,-307.76,8866,LC0_FZ_150_Round18_IA_2_filtered
25,12,4,-144.06,-1.747,695.915,147.14,16194,LC0_FZ_150_IA_4_filtered
25,12,0,-144.01,5.806,350.67,-316.9,2979,LC0_FZ_150_Round18_filtered
25,12,4,-143.98,-0.723,690.295,83.43,15632,LC0_FZ_150_IA_4_filtered
25,12,0,-143.98,-5.318,353.46,314.81,3258,LC0_FZ_150_Round18_filtered
25,12,0,-143.95,-4.985,357.11,283.3,3623,LC0_FZ_150_Round18_filtered
25,12,0,-143.94,-7.454,353.99,329.48,3311,LC0_FZ_150_Round18_filtered
25,12,4,-143.91,0.716,689.935,-44.15,15596,LC0_FZ_150_IA_4_filtered
25,12,0,-143.91,-4.037,357.35,254.1,3647,LC0_FZ_150_Round18_filtered
25,12,0,-143.91,-2.708,357.69,197.21,3681,LC0_FZ_150_Round18_filtered
25,12,4,-143.87,7.715,685.785,-341.7,15181,LC0_FZ_150_IA_4_filtered
25,12,0,-143.87,3.103,346.64,-245.15,2576,LC0_FZ_150_Round18_filtered
25,12,0,-143.87,3.592,346.76,-265.91,2588,LC0_FZ_150_Round18_filtered
25,12,0,-143.86,-10.777,354.82,347.8,3394,LC0_FZ_150_Round18_filtered
25,12,0,-143.85,2.497,351.5,-196.89,3062,LC0_FZ_150_Round18_filtered
25,12,4,-143.84,-0.185,690.165,37.9,15619,LC0_FZ_150_IA_4_filtered
25,12,0,-143.84,10.993,348.61,-374.39,2773,LC0_FZ_150_Round18_filtered
25,12,0,-143.83,7.742,347.8,-357.83,2692,LC0_FZ_150_Round18_filtered
25,12,2,-143.77,8.978,517.109,-359.41,8968,LC0_FZ_150_Round18_IA_2_filtered
25,12,2,-143.76,0.155,521.089,-8.35,9366,LC0_FZ_150_Round18_IA_2_filtered
25,12,2,-143.75,5.478,519.749,-301.11,9232,LC0_FZ_150_Round18_IA_2_filtered
25,12,-0,-143.74,8.102,347.89,-357.95,2701,LC0_FZ_150_Round18_filtered
25,12,0,-143.58,-0.965,352.37,90.5,3149,LC0_FZ_150_Round18_filtered
25,12,-0,-143.54,4.044,346.88,-284.31,2600,LC0_FZ_150_Round18_filtered
25,12,2,-143.5,3.144,520.329,-226.04,9290,LC0_FZ_150_Round18_IA_2_filtered
25,12,2,-143.5,-0.58,521.259,58.82,9383,LC0_FZ_150_Round18_IA_2_filtered
25,12,2,-143.49,8.364,516.959,-356.01,8953,LC0_FZ_150_Round18_IA_2_filtered
25,12,0,-143.47,4.876,347.08,-322.34,2620,LC0_FZ_150_Round18_filtered
25,12,2,-143.45,6.219,516.419,-340.54,8899,LC0_FZ_150_Round18_IA_2_filtered
25,12,0,-143.43,5.316,350.79,-306.38,2991,LC0_FZ_150_Round18_filtered
25,12,0,-143.34,7.183,347.66,-356.43,2678,LC0_FZ_150_Round18_filtered
25,12,2,-143.33,4.506,519.989,-278.45,9256,LC0_FZ_150_Round18_IA_2_filtered
25,12,0,-143.3,5.755,350.68,-312.22,2980,LC0_FZ_150_Round18_filtered
25,12,4,-143.29,4.465,684.975,-283.7,15100,LC0_FZ_150_IA_4_filtered
25,12,0,-143.27,-4.609,353.28,293.83,3240,LC0_FZ_150_Round18_filtered
25,12,0,-143.25,3.89,351.15,-262.31,3027,LC0_FZ_150_Round18_filtered
25,12,2,-143.21,-1.468,526.989,132.36,9956,LC0_FZ_150_Round18_IA_2_filtered
25,12,2,-143.19,5.002,519.869,-291.35,9244,LC0_FZ_150_Round18_IA_2_filtered
25,12,0,-143.16,-11.591,355.05,352.12,3417,LC0_FZ_150_Round18_filtered
25,12,0,-143.15,-4.521,357.23,269.63,3635,LC0_FZ_150_Round18_filtered
25,12,0,-143.13,-1.12,352.41,100,3153,LC0_FZ_150_Round18_filtered
25,12,4,-143.12,4.015,684.865,-265.01,15089,LC0_FZ_150_IA_4_filtered
25,12,0,-143.12,-6.486,353.75,331.95,3287,LC0_FZ_150_Round18_filtered
25,12,0,-143.12,-11.578,355.04,348.55,3416,LC0_FZ_150_Round18_filtered
25,12,0,-143.11,-7.062,353.89,330.13,3301,LC0_FZ_150_Round18_filtered
25,12,2,-143.09,0.274,521.049,-22.63,9362,LC0_FZ_150_Round18_IA_2_filtered
25,12,2,-143.07,0.748,520.929,-66.59,9350,LC0_FZ_150_Round18_IA_2_filtered
25,12,0,-143.07,11.357,348.7,-374.55,2782,LC0_FZ_150_Round18_filtered
25,12,0,-143.07,-0.263,352.19,16.23,3131,LC0_FZ_150_Round18_filtered
25,12,0,-143.07,-5.441,357,290.58,3612,LC0_FZ_150_Round18_filtered
25,12,0,-143.04,3.555,346.75,-267.16,2587,LC0_FZ_150_Round18_filtered
25,12,4,-143.03,3.307,684.685,-223.22,15071,LC0_FZ_150_IA_4_filtered
25,12,2,-142.98,0.555,520.979,-49.49,9355,LC0_FZ_150_Round18_IA_2_filtered
25,12,0,-142.96,-0.539,352.25,44.57,3137,LC0_FZ_150_Round18_filtered
25,12,2,-142.94,11.229,517.679,-365.96,9025,LC0_FZ_150_Round18_IA_2_filtered
25,12,4,-142.92,-0.898,696.135,94.24,16216,LC0_FZ_150_IA_4_filtered
25,12,-0,-142.87,9.508,348.24,-364.15,2736,LC0_FZ_150_Round18_filtered
25,12,0,-142.85,4.408,346.97,-304.98,2609,LC0_FZ_150_Round18_filtered
25,12,0,-142.85,9.09,348.14,-360.12,2726,LC0_FZ_150_Round18_filtered
25,12,0,-142.85,11.681,348.82,-375.01,2794,LC0_FZ_150_Round18_filtered
25,12,2,-142.79,11.175,517.659,-368.77,9023,LC0_FZ_150_Round18_IA_2_filtered
25,12,2,-142.78,4.392,515.969,-287.92,8854,LC0_FZ_150_Round18_IA_2_filtered
25,12,2,-142.78,4.074,520.099,-265.75,9267,LC0_FZ_150_Round18_IA_2_filtered
25,12,0,-142.72,-5.053,353.39,309.05,3251,LC0_FZ_150_Round18_filtered
25,12,0,-142.7,7.669,347.78,-354.56,2690,LC0_FZ_150_Round18_filtered
25,12,2,-142.64,7.593,516.759,-348.13,8933,LC0_FZ_150_Round18_IA_2_filtered
25,12,0,-142.59,10.498,348.49,-369.74,2761,LC0_FZ_150_Round18_filtered
25,12,0,-142.59,11.408,348.72,-371.6,2784,LC0_FZ_150_Round18_filtered
25,12,0,-142.59,11.711,348.83,-372.38,2795,LC0_FZ_150_Round18_filtered
25,12,0,-142.58,4.371,351.03,-280,3015,LC0_FZ_150_Round18_filtered
25,12,0,-142.54,7.688,347.79,-353.62,2691,LC0_FZ_150_Round18_filtered
25,12,0,-142.54,-6.027,353.63,328.9,3275,LC0_FZ_150_Round18_filtered
25,12,2,-142.53,-0.435,521.219,45.75,9379,LC0_FZ_150_Round18_IA_2_filtered
25,12,0,-142.52,9.548,348.25,-362.3,2737,LC0_FZ_150_Round18_filtered
25,12,0,-142.51,3.041,351.36,-229.59,3048,LC0_FZ_150_Round18_filtered
25,12,0,-142.5,-10.303,354.7,344.04,3382,LC0_FZ_150_Round18_filtered
25,12,0,-142.44,8.627,348.02,-355.93,2714,LC0_FZ_150_Round18_filtered
25,12,4,-142.43,-1.299,696.025,122.19,16205,LC0_FZ_150_IA_4_filtered
25,12,0,-142.42,10.914,348.6,-369.58,2772,LC0_FZ_150_Round18_filtered
25,12,0,-142.42,-5.73,353.56,318.54,3268,LC0_FZ_150_Round18_filtered
25,12,0,-142.42,-0.974,358.13,85.39,3725,LC0_FZ_150_Round18_filtered
25,12,0,-142.37,-9.374,354.47,339.55,3359,LC0_FZ_150_Round18_filtered
25,12,0,-142.36,-10.198,354.68,344.39,3380,LC0_FZ_150_Round18_filtered
25,12,0,-142.36,-1.822,357.91,148.98,3703,LC0_FZ_150_Round18_filtered
25,12,0,-142.26,4.978,347.11,-314.23,2623,LC0_FZ_150_Round18_filtered
25,12,0,-142.26,6.731,347.55,-352.26,2667,LC0_FZ_150_Round18_filtered
25,12,0,-142.26,-0.424,358.25,38.85,3737,LC0_FZ_150_Round18_filtered
25,12,2,-142.24,2.949,515.609,-227.46,8818,LC0_FZ_150_Round18_IA_2_filtered
25,12,0,-142.24,0.392,352.02,-50,3114,LC0_FZ_150_Round18_filtered
25,12,0,-142.24,-6.536,353.76,328.25,3288,LC0_FZ_150_Round18_filtered
25,12,0,-142.23,-5.552,353.51,319.13,3263,LC0_FZ_150_Round18_filtered
25,12,0,-142.22,3.971,351.13,-270.86,3025,LC0_FZ_150_Round18_filtered
25,12,2,-142.2,9.752,517.309,-365.68,8988,LC0_FZ_150_Round18_IA_2_filtered
25,12,0,-142.2,-0.704,352.3,60.88,3142,LC0_FZ_150_Round18_filtered
25,12,0,-142.16,10,348.37,-366.78,2749,LC0_FZ_150_Round18_filtered
25,12,2,-142.14,6.992,516.619,-346.29,8919,LC0_FZ_150_Round18_IA_2_filtered
25,12,0,-142.14,-6.577,353.77,327.51,3289,LC0_FZ_150_Round18_filtered
25,12,0,-142.12,-9.823,354.58,340.68,3370,LC0_FZ_150_Round18_filtered
25,12,2,-142.09,3.753,515.809,-273.12,8838,LC0_FZ_150_Round18_IA_2_filtered
25,12,0,-142.08,-10.72,354.81,344.39,3393,LC0_FZ_150_Round18_filtered
25,12,2,-142.05,10.714,517.549,-365.19,9012,LC0_FZ_150_Round18_IA_2_filtered
25,12,0,-142.05,4.498,346.99,-299.55,2611,LC0_FZ_150_Round18_filtered
25,12,0,-142.05,-3.844,353.09,256.32,3221,LC0_FZ_150_Round18_filtered
25,12,0,-142.02,2.608,351.47,-208.82,3059,LC0_FZ_150_Round18_filtered
25,12,0,-142,0.194,352.08,-27.48,3120,LC0_FZ_150_Round18_filtered
25,12,0,-141.99,7.205,347.67,-352.37,2679,LC0_FZ_150_Round18_filtered
25,12,0,-141.99,9.046,348.13,-359.18,2725,LC0_FZ_150_Round18_filtered
25,12,0,-141.96,5.901,347.34,-335.82,2646,LC0_FZ_150_Round18_filtered
25,12,0,-141.96,-10.253,354.69,342.36,3381,LC0_FZ_150_Round18_filtered
25,12,0,-141.95,4.009,346.87,-284.99,2599,LC0_FZ_150_Round18_filtered
25,12,0,-141.95,10.425,348.47,-370.51,2759,LC0_FZ_150_Round18_filtered
25,12,4,-141.94,10.553,686.495,-353.76,15252,LC0_FZ_150_IA_4_filtered
25,12,2,-141.87,7.498,516.739,-345.56,8931,LC0_FZ_150_Round18_IA_2_filtered
25,12,0,-141.85,-5.306,353.45,308.11,3257,LC0_FZ_150_Round18_filtered
25,12,0,-141.85,-8.898,354.35,335.41,3347,LC0_FZ_150_Round18_filtered
25,12,0,-141.82,-4.673,353.29,290.28,3241,LC0_FZ_150_Round18_filtered
25,12,2,-141.79,11.214,517.669,-364.74,9024,LC0_FZ_150_Round18_IA_2_filtered
25,12,0,-141.77,-6.143,353.66,322.05,3278,LC0_FZ_150_Round18_filtered
25,12,2,-141.75,-1.077,527.099,102.07,9967,LC0_FZ_150_Round18_IA_2_filtered
25,12,4,-141.73,10.123,686.395,-353.78,15242,LC0_FZ_150_IA_4_filtered
25,12,4,-141.72,6.833,685.565,-327.22,15159,LC0_FZ_150_IA_4_filtered
25,12,2,-141.7,10.243,517.429,-364.89,9000,LC0_FZ_150_Round18_IA_2_filtered
25,12,0,-141.7,-4.812,353.33,291.08,3245,LC0_FZ_150_Round18_filtered
25,12,2,-141.64,3.339,515.699,-251.56,8827,LC0_FZ_150_Round18_IA_2_filtered
25,12,0,-141.61,-4.218,353.18,274.9,3230,LC0_FZ_150_Round18_filtered
25,12,0,-141.6,10.457,348.48,-367.57,2760,LC0_FZ_150_Round18_filtered
25,12,4,-141.58,0.682,689.945,-41.04,15597,LC0_FZ_150_IA_4_filtered
25,12,2,-141.56,6.09,516.389,-340.91,8896,LC0_FZ_150_Round18_IA_2_filtered
25,12,0,-141.56,4.417,351.02,-284.32,3014,LC0_FZ_150_Round18_filtered
25,12,0,-141.55,6.26,347.43,-348.55,2655,LC0_FZ_150_Round18_filtered
25,12,2,-141.53,7.549,516.749,-344.41,8932,LC0_FZ_150_Round18_IA_2_filtered
25,12,2,-141.5,5.281,516.189,-317.33,8876,LC0_FZ_150_Round18_IA_2_filtered
25,12,0,-141.45,2.163,351.58,-183.72,3070,LC0_FZ_150_Round18_filtered
25,12,0,-141.41,-9.348,354.46,336.8,3358,LC0_FZ_150_Round18_filtered
25,12,2,-141.4,7.046,516.629,-342.88,8920,LC0_FZ_150_Round18_IA_2_filtered
25,12,0,-141.39,-9.772,354.57,340.96,3369,LC0_FZ_150_Round18_filtered
25,12,4,-141.38,9.671,686.275,-348.67,15230,LC0_FZ_150_IA_4_filtered
25,12,0,-141.37,4.95,347.1,-314.93,2622,LC0_FZ_150_Round18_filtered
25,12,2,-141.35,2.907,515.599,-226.86,8817,LC0_FZ_150_Round18_IA_2_filtered
25,12,4,-141.33,9.218,686.165,-346.52,15219,LC0_FZ_150_IA_4_filtered
25,12,0,-141.32,-6.037,353.64,324.41,3276,LC0_FZ_150_Round18_filtered
25,12,2,-141.31,0.976,520.879,-85.25,9345,LC0_FZ_150_Round18_IA_2_filtered
25,12,2,-141.27,8.396,516.969,-350.34,8954,LC0_FZ_150_Round18_IA_2_filtered
25,12,0,-141.27,5.833,347.32,-338.89,2644,LC0_FZ_150_Round18_filtered
25,12,0,-141.2,-5.078,353.4,305.34,3252,LC0_FZ_150_Round18_filtered
25,12,2,-141.16,9.364,517.209,-357.45,8978,LC0_FZ_150_Round18_IA_2_filtered
25,12,2,-141.15,-0.105,521.149,15.18,9372,LC0_FZ_150_Round18_IA_2_filtered
25,12,0,-140.95,-4.255,353.19,272.47,3231,LC0_FZ_150_Round18_filtered
25,12,2,-140.88,6.605,516.519,-341.07,8909,LC0_FZ_150_Round18_IA_2_filtered
25,12,4,-140.86,7.304,685.685,-328.23,15171,LC0_FZ_150_IA_4_filtered
25,12,4,-140.86,7.788,685.805,-330.53,15183,LC0_FZ_150_IA_4_filtered
25,12,4,-140.85,6.036,685.365,-316.89,15139,LC0_FZ_150_IA_4_filtered
25,12,0,-140.84,2.593,351.48,-203.84,3060,LC0_FZ_150_Round18_filtered
25,12,0,-140.77,-1.07,352.4,96.89,3152,LC0_FZ_150_Round18_filtered
25,12,0,-140.77,-5.572,353.52,315.39,3264,LC0_FZ_150_Round18_filtered
25,12,4,-140.67,3.274,684.675,-221.5,15070,LC0_FZ_150_IA_4_filtered
25,12,0,-140.57,6.288,347.44,-343.69,2656,LC0_FZ_150_Round18_filtered
25,12,2,-140.56,0.11,521.099,-4.56,9367,LC0_FZ_150_Round18_IA_2_filtered
25,12,-0,-140.5,5.845,347.33,-335.77,2645,LC0_FZ_150_Round18_filtered
25,12,0,-140.48,-0.565,352.26,48.47,3138,LC0_FZ_150_Round18_filtered
25,12,2,-140.4,-0.466,521.229,49.38,9380,LC0_FZ_150_Round18_IA_2_filtered
25,12,0,-140.33,-5.135,353.41,301.79,3253,LC0_FZ_150_Round18_filtered
25,12,0,-140.21,-5.264,353.44,302.23,3256,LC0_FZ_150_Round18_filtered
25,12,4,-140.19,6.416,685.465,-318.32,15149,LC0_FZ_150_IA_4_filtered
25,12,2,-140.19,4.685,516.039,-307.12,8861,LC0_FZ_150_Round18_IA_2_filtered
25,12,2,-140.12,6.132,516.399,-336.57,8897,LC0_FZ_150_Round18_IA_2_filtered
25,12,2,-139.97,3.399,515.709,-250.52,8828,LC0_FZ_150_Round18_IA_2_filtered
25,12,2,-139.93,3.411,515.719,-249.86,8829,LC0_FZ_150_Round18_IA_2_filtered
25,12,-0,-139.86,-4.72,353.31,285.36,3243,LC0_FZ_150_Round18_filtered
25,12,2,-139.85,3.864,515.839,-267.87,8841,LC0_FZ_150_Round18_IA_2_filtered
25,12,2,-139.73,4.356,515.959,-284.78,8853,LC0_FZ_150_Round18_IA_2_filtered
25,12,2,-139.71,5.181,516.159,-320.3,8873,LC0_FZ_150_Round18_IA_2_filtered
25,12,0,-139.64,-0.678,352.29,57.5,3141,LC0_FZ_150_Round18_filtered
25,12,2,-139.41,5.248,516.179,-315.04,8875,LC0_FZ_150_Round18_IA_2_filtered
25,12,0,-139.04,-0.232,352.18,12.67,3130,LC0_FZ_150_Round18_filtered
25,12,2,-138.95,0.929,520.889,-81.44,9346,LC0_FZ_150_Round18_IA_2_filtered
25,12,0,-138.79,1.695,351.7,-152.98,3082,LC0_FZ_150_Round18_filtered
25,12,0,-138.68,-0.59,352.27,51.79,3139,LC0_FZ_150_Round18_filtered
25,12,2,-138.24,0.857,520.909,-73.35,9348,LC0_FZ_150_Round18_IA_2_filtered
25,12,0,-138.24,-0.653,352.28,54.38,3140,LC0_FZ_150_Round18_filtered
25,12,0,-137.56,0.689,351.95,-73.22,3107,LC0_FZ_150_Round18_filtered
25,12,0,-137.27,1.242,351.81,-121.93,3093,LC0_FZ_150_Round18_filtered
25,12,2,-137.21,0.354,521.029,-30.41,9360,LC0_FZ_150_Round18_IA_2_filtered
25,12,0,-136.66,1.151,351.83,-112.6,3095,LC0_FZ_150_Round18_filtered
25,12,0,-136.46,0.264,352.06,-33.51,3118,LC0_FZ_150_Round18_filtered
25,12,-0,-136.06,0.313,352.04,-41.09,3116,LC0_FZ_150_Round18_filtered
25,12,2,-135.91,0.002,521.129,7.09,9370,LC0_FZ_150_Round18_IA_2_filtered
25,12,0,-135.88,0.754,351.93,-81.14,3105,LC0_FZ_150_Round18_filtered
25,12,0,-135.81,0.716,351.94,-76.65,3106,LC0_FZ_150_Round18_filtered
25,12,2,-135.21,0.42,521.009,-38.07,9358,LC0_FZ_150_Round18_IA_2_filtered
25,12,0,-135.16,0.287,352.05,-36.95,3117,LC0_FZ_150_Round18_filtered
25,12,4,-110.04,-2.5,792.133,157.03,19424,LC0_FZ_100_IA_4_filtered
25,12,2,-109.93,1.234,616.557,-92.76,12521,LC0_FZ_100_Round18_IA_2_filtered
25,12,4,-108.93,-2.1,792.033,138.47,19414,LC0_FZ_100_IA_4_filtered
25,12,2,-108.9,-2.144,623.047,142.76,13170,LC0_FZ_100_Round18_IA_2_filtered
25,12,2,-108.89,-2.528,623.147,159.21,13180,LC0_FZ_100_Round18_IA_2_filtered
25,12,4,-108.7,-2.58,792.153,157.36,19426,LC0_FZ_100_IA_4_filtered
25,12,2,-107.81,2.154,616.787,-142.47,12544,LC0_FZ_100_Round18_IA_2_filtered
25,12,2,-107.28,-2.994,623.267,176.54,13192,LC0_FZ_100_Round18_IA_2_filtered
25,12,4,-107.22,-3.409,792.363,184.98,19447,LC0_FZ_100_IA_4_filtered
25,12,2,-107.01,0.803,616.447,-61.64,12510,LC0_FZ_100_Round18_IA_2_filtered
25,12,2,-106.88,2.108,616.777,-138.15,12543,LC0_FZ_100_Round18_IA_2_filtered
25,12,4,-106.79,-2.619,792.163,155.73,19427,LC0_FZ_100_IA_4_filtered
25,12,4,-106.74,-1.957,791.993,125.41,19410,LC0_FZ_100_IA_4_filtered
25,12,2,-106.67,0.855,616.457,-65.37,12511,LC0_FZ_100_Round18_IA_2_filtered
25,12,2,-106.58,2.206,616.797,-145.6,12545,LC0_FZ_100_Round18_IA_2_filtered
25,12,4,-106.37,1.799,785.693,-111.76,18780,LC0_FZ_100_IA_4_filtered
25,12,2,-106.37,1.158,616.537,-85.91,12519,LC0_FZ_100_Round18_IA_2_filtered
25,12,4,-106.23,-3.849,792.473,196.55,19458,LC0_FZ_100_IA_4_filtered
25,12,4,-106.21,1.624,785.653,-98.87,18776,LC0_FZ_100_IA_4_filtered
25,12,4,-106.19,-3.469,792.373,185.23,19448,LC0_FZ_100_IA_4_filtered
25,12,4,-106.17,-2.815,792.213,157.72,19432,LC0_FZ_100_IA_4_filtered
25,12,4,-105.76,-7.082,793.283,249.5,19539,LC0_FZ_100_IA_4_filtered
25,12,2,-105.71,1.569,616.647,-110.71,12530,LC0_FZ_100_Round18_IA_2_filtered
25,12,4,-105.67,-6.251,796.172,224.67,19828,LC0_FZ_100_IA_4_filtered
25,12,4,-105.55,2.232,785.803,-132.31,18791,LC0_FZ_100_IA_4_filtered
25,12,4,-105.5,-7.659,795.822,235.82,19793,LC0_FZ_100_IA_4_filtered
25,12,0,-105.4,-2.634,454.18,161.65,6938,LC0_FZ_100_Round18_filtered
25,12,4,-105.34,-7.523,793.393,251.36,19550,LC0_FZ_100_IA_4_filtered
25,12,4,-105.29,-5.82,796.282,219.35,19839,LC0_FZ_100_IA_4_filtered
25,12,4,-105.27,-9.078,795.472,241.11,19758,LC0_FZ_100_IA_4_filtered
25,12,4,-105.22,-9.012,795.482,241.24,19759,LC0_FZ_100_IA_4_filtered
25,12,4,-105.16,-8.092,795.712,237.83,19782,LC0_FZ_100_IA_4_filtered
25,12,2,-105.14,2.237,616.807,-147.8,12546,LC0_FZ_100_Round18_IA_2_filtered
25,12,4,-105.11,-1.122,791.793,85.24,19390,LC0_FZ_100_IA_4_filtered
25,12,4,-105.02,-2.646,792.173,153.29,19428,LC0_FZ_100_IA_4_filtered
25,12,4,-105.02,-6.779,796.042,226.49,19815,LC0_FZ_100_IA_4_filtered
25,12,4,-105.01,-6.17,793.053,244.49,19516,LC0_FZ_100_IA_4_filtered
25,12,4,-105.01,-8.069,795.722,235.33,19783,LC0_FZ_100_IA_4_filtered
25,12,4,-104.97,-4.766,792.703,219.81,19481,LC0_FZ_100_IA_4_filtered
25,12,4,-104.85,-8.454,793.622,249.94,19573,LC0_FZ_100_IA_4_filtered
25,12,0,-104.85,-2.221,454.07,142.87,6927,LC0_FZ_100_Round18_filtered
25,12,4,-104.84,-5.246,792.823,230.8,19493,LC0_FZ_100_IA_4_filtered
25,12,4,-104.79,-8.485,793.633,246.81,19574,LC0_FZ_100_IA_4_filtered
25,12,2,-104.76,2.051,616.767,-134.36,12542,LC0_FZ_100_Round18_IA_2_filtered
25,12,2,-104.57,-1.574,622.907,109.4,13156,LC0_FZ_100_Round18_IA_2_filtered
25,12,4,-104.52,-3.294,792.333,173.27,19444,LC0_FZ_100_IA_4_filtered
25,12,2,-104.48,-3.51,623.397,192.43,13205,LC0_FZ_100_Round18_IA_2_filtered
25,12,4,-104.47,-6.686,793.182,242.14,19529,LC0_FZ_100_IA_4_filtered
25,12,4,-104.46,-5.779,796.292,218.81,19840,LC0_FZ_100_IA_4_filtered
25,12,4,-104.42,-5.149,792.803,225.68,19491,LC0_FZ_100_IA_4_filtered
25,12,4,-104.42,-7.574,795.842,231.56,19795,LC0_FZ_100_IA_4_filtered
25,12,4,-104.39,-7.116,793.293,245.08,19540,LC0_FZ_100_IA_4_filtered
25,12,4,-104.37,-10.36,795.142,244.13,19725,LC0_FZ_100_IA_4_filtered
25,12,4,-104.35,-9.839,793.972,250.68,19608,LC0_FZ_100_IA_4_filtered
25,12,4,-104.34,-5.278,792.833,229.09,19494,LC0_FZ_100_IA_4_filtered
25,12,0,-104.27,8.398,451.41,-263.57,6661,LC0_FZ_100_Round18_filtered
25,12,4,-104.22,-9.531,795.352,241.61,19746,LC0_FZ_100_IA_4_filtered
25,12,4,-104.19,-9.449,795.372,241.65,19748,LC0_FZ_100_IA_4_filtered
25,12,2,-104.19,-2.232,623.077,142.78,13173,LC0_FZ_100_Round18_IA_2_filtered
25,12,2,-104.17,-3.399,623.367,182.02,13202,LC0_FZ_100_Round18_IA_2_filtered
25,12,4,-104.12,-6.078,793.033,241.83,19514,LC0_FZ_100_IA_4_filtered
25,12,0,-104.12,-2.255,454.08,144.95,6928,LC0_FZ_100_Round18_filtered
25,12,2,-104.08,-3.939,623.497,202.68,13215,LC0_FZ_100_Round18_IA_2_filtered
25,12,2,-104.02,-8.437,626.637,243.32,13529,LC0_FZ_100_Round18_IA_2_filtered
25,12,4,-104.01,-10.728,794.193,251.9,19630,LC0_FZ_100_IA_4_filtered
25,12,2,-104,-7.673,624.437,251.37,13309,LC0_FZ_100_Round18_IA_2_filtered
25,12,4,-103.97,-7.084,795.962,226.86,19807,LC0_FZ_100_IA_4_filtered
25,12,4,-103.95,-10.329,795.152,240.4,19726,LC0_FZ_100_IA_4_filtered
25,12,4,-103.9,-6.343,796.152,221.29,19826,LC0_FZ_100_IA_4_filtered
25,12,4,-103.88,-2.679,792.183,151.34,19429,LC0_FZ_100_IA_4_filtered
25,12,2,-103.86,-6.606,627.097,232.89,13575,LC0_FZ_100_Round18_IA_2_filtered
25,12,4,-103.84,-2.774,792.203,153.48,19431,LC0_FZ_100_IA_4_filtered
25,12,-0,-103.83,8.835,451.3,-267.12,6650,LC0_FZ_100_Round18_filtered
25,12,2,-103.81,-6.7,624.197,254.64,13285,LC0_FZ_100_Round18_IA_2_filtered
25,12,4,-103.76,2.684,785.913,-150.76,18802,LC0_FZ_100_IA_4_filtered
25,12,2,-103.76,-3.949,623.507,204.84,13216,LC0_FZ_100_Round18_IA_2_filtered
25,12,4,-103.75,-4.916,796.512,204.61,19862,LC0_FZ_100_IA_4_filtered
25,12,0,-103.74,9.771,451.07,-271,6627,LC0_FZ_100_Round18_filtered
25,12,0,-103.68,8.88,451.29,-264.84,6649,LC0_FZ_100_Round18_filtered
25,12,4,-103.64,-3.079,792.283,168.11,19439,LC0_FZ_100_IA_4_filtered
25,12,0,-103.63,3.59,448.15,-200.6,6335,LC0_FZ_100_Round18_filtered
25,12,0,-103.63,7.786,449.2,-278.63,6440,LC0_FZ_100_Round18_filtered
25,12,4,-103.62,-4.703,792.683,211.49,19479,LC0_FZ_100_IA_4_filtered
25,12,4,-103.59,1.603,785.643,-96.06,18775,LC0_FZ_100_IA_4_filtered
25,12,2,-103.58,-7.526,626.867,238.91,13552,LC0_FZ_100_Round18_IA_2_filtered
25,12,0,-103.56,9.288,451.19,-268.55,6639,LC0_FZ_100_Round18_filtered
25,12,4,-103.55,-9.421,795.382,237.87,19749,LC0_FZ_100_IA_4_filtered
25,12,2,-103.55,-8.485,626.627,243.61,13528,LC0_FZ_100_Round18_IA_2_filtered
25,12,4,-103.49,-9.761,793.953,250.16,19606,LC0_FZ_100_IA_4_filtered
25,12,2,-103.49,8.936,620.277,-259.87,12893,LC0_FZ_100_Round18_IA_2_filtered
25,12,0,-103.49,6.374,448.85,-272.1,6405,LC0_FZ_100_Round18_filtered
25,12,0,-103.49,7.294,449.08,-278.32,6428,LC0_FZ_100_Round18_filtered
25,12,2,-103.48,-3.906,623.487,197.98,13214,LC0_FZ_100_Round18_IA_2_filtered
25,12,0,-103.47,7.414,451.66,-258.2,6686,LC0_FZ_100_Round18_filtered
25,12,0,-103.46,10.195,450.96,-271.64,6616,LC0_FZ_100_Round18_filtered
25,12,4,-103.45,-7.607,793.413,242.22,19552,LC0_FZ_100_IA_4_filtered
25,12,2,-103.41,1.522,616.637,-108.27,12529,LC0_FZ_100_Round18_IA_2_filtered
25,12,4,-103.4,-4.848,792.723,217.83,19483,LC0_FZ_100_IA_4_filtered
25,12,0,-103.38,7.745,449.19,-278.48,6439,LC0_FZ_100_Round18_filtered
25,12,2,-103.36,-1.967,623.007,126,13166,LC0_FZ_100_Round18_IA_2_filtered
25,12,0,-103.34,5.44,448.61,-252.09,6381,LC0_FZ_100_Round18_filtered
25,12,-0,-103.33,-3.077,454.29,175.83,6949,LC0_FZ_100_Round18_filtered
25,12,2,-103.32,-4.429,623.627,217.08,13228,LC0_FZ_100_Round18_IA_2_filtered
25,12,2,-103.29,9.891,620.037,-264.97,12869,LC0_FZ_100_Round18_IA_2_filtered
25,12,4,-103.28,-9.285,793.833,247.98,19594,LC0_FZ_100_IA_4_filtered
25,12,0,-103.26,-1.724,453.94,113.91,6914,LC0_FZ_100_Round18_filtered
25,12,0,-103.23,4.498,448.38,-228.41,6358,LC0_FZ_100_Round18_filtered
25,12,4,-103.22,-3.732,792.443,182.04,19455,LC0_FZ_100_IA_4_filtered
25,12,0,-103.2,7.016,451.76,-256.3,6696,LC0_FZ_100_Round18_filtered
25,12,2,-103.19,-9.447,624.877,254.13,13353,LC0_FZ_100_Round18_IA_2_filtered
25,12,2,-103.17,-7.909,626.767,237.19,13542,LC0_FZ_100_Round18_IA_2_filtered
25,12,4,-103.16,-6.824,796.032,222.48,19814,LC0_FZ_100_IA_4_filtered
25,12,2,-103.16,-7.551,624.407,255.52,13306,LC0_FZ_100_Round18_IA_2_filtered
25,12,4,-103.15,-11.718,794.552,249.94,19666,LC0_FZ_100_IA_4_filtered
25,12,2,-103.14,-6.585,627.107,231.19,13576,LC0_FZ_100_Round18_IA_2_filtered
25,12,0,-103.14,4.548,448.39,-233.64,6359,LC0_FZ_100_Round18_filtered
25,12,0,-103.12,4.943,448.49,-238.14,6369,LC0_FZ_100_Round18_filtered
25,12,0,-103.11,8.686,449.43,-277.51,6463,LC0_FZ_100_Round18_filtered
25,12,2,-103.08,-5.79,623.967,246.85,13262,LC0_FZ_100_Round18_IA_2_filtered
25,12,2,-103.08,-7.564,626.857,238.78,13551,LC0_FZ_100_Round18_IA_2_filtered
25,12,2,-103.07,-10.317,626.167,249.79,13482,LC0_FZ_100_Round18_IA_2_filtered
25,12,2,-103.06,-6.757,624.207,251.19,13286,LC0_FZ_100_Round18_IA_2_filtered
25,12,4,-103.05,-10.374,794.102,245.91,19621,LC0_FZ_100_IA_4_filtered
25,12,0,-103.05,5.94,448.74,-267.04,6394,LC0_FZ_100_Round18_filtered
25,12,-0,-103.02,9.144,449.54,-275.47,6474,LC0_FZ_100_Round18_filtered
25,12,0,-103.01,5.49,448.63,-259.23,6383,LC0_FZ_100_Round18_filtered
25,12,0,-102.99,-2.723,454.2,163.7,6940,LC0_FZ_100_Round18_filtered
25,12,2,-102.97,-9.522,624.897,252.41,13355,LC0_FZ_100_Round18_IA_2_filtered
25,12,4,-102.96,-5.339,792.843,224.94,19495,LC0_FZ_100_IA_4_filtered
25,12,-0,-102.96,6.331,448.84,-267.73,6404,LC0_FZ_100_Round18_filtered
25,12,2,-102.94,-5.306,623.847,238.92,13250,LC0_FZ_100_Round18_IA_2_filtered
25,12,0,-102.94,10.293,450.94,-269.89,6614,LC0_FZ_100_Round18_filtered
25,12,2,-102.92,-8.877,626.527,243.83,13518,LC0_FZ_100_Round18_IA_2_filtered
25,12,4,-102.89,-9.576,795.342,238.15,19745,LC0_FZ_100_IA_4_filtered
25,12,2,-102.85,-6.17,627.207,228.24,13586,LC0_FZ_100_Round18_IA_2_filtered
25,12,0,-102.84,6.539,451.88,-253.32,6708,LC0_FZ_100_Round18_filtered
25,12,4,-102.82,-7.544,795.852,227.25,19796,LC0_FZ_100_IA_4_filtered
25,12,2,-102.82,9.853,620.047,-265.75,12870,LC0_FZ_100_Round18_IA_2_filtered
25,12,2,-102.81,-9.389,626.397,246.05,13505,LC0_FZ_100_Round18_IA_2_filtered
25,12,4,-102.8,-1.733,791.943,114.73,19405,LC0_FZ_100_IA_4_filtered
25,12,2,-102.8,-10.272,626.177,248.86,13483,LC0_FZ_100_Round18_IA_2_filtered
25,12,4,-102.75,-4.454,796.622,194.02,19873,LC0_FZ_100_IA_4_filtered
25,12,2,-102.75,-10.794,626.047,250.74,13470,LC0_FZ_100_Round18_IA_2_filtered
25,12,0,-102.75,6.066,452,-248.56,6720,LC0_FZ_100_Round18_filtered
25,12,4,-102.73,-5.694,796.312,212.17,19842,LC0_FZ_100_IA_4_filtered
25,12,0,-102.69,5.071,448.52,-249.35,6372,LC0_FZ_100_Round18_filtered
25,12,2,-102.67,9.358,620.167,-261.78,12882,LC0_FZ_100_Round18_IA_2_filtered
25,12,0,-102.63,-3.059,454.28,171.02,6948,LC0_FZ_100_Round18_filtered
25,12,0,-102.61,8.259,449.32,-276.59,6452,LC0_FZ_100_Round18_filtered
25,12,0,-102.61,-3.163,454.31,179.39,6951,LC0_FZ_100_Round18_filtered
25,12,2,-102.6,8.466,620.397,-255.97,12905,LC0_FZ_100_Round18_IA_2_filtered
25,12,0,-102.6,11.81,450.37,-279.85,6557,LC0_FZ_100_Round18_filtered
25,12,0,-102.6,6.506,451.89,-252.4,6709,LC0_FZ_100_Round18_filtered
25,12,2,-102.58,-8.388,626.647,240.61,13530,LC0_FZ_100_Round18_IA_2_filtered
25,12,4,-102.57,7.557,789.613,-237.36,19172,LC0_FZ_100_IA_4_filtered
25,12,0,-102.55,7.272,449.07,-275.49,6427,LC0_FZ_100_Round18_filtered
25,12,0,-102.48,3.537,448.14,-194.75,6334,LC0_FZ_100_Round18_filtered
25,12,2,-102.46,11.792,619.337,-277.38,12799,LC0_FZ_100_Round18_IA_2_filtered
25,12,2,-102.41,-11.666,625.477,253.49,13413,LC0_FZ_100_Round18_IA_2_filtered
25,12,4,-102.4,10.347,788.913,-258.85,19102,LC0_FZ_100_IA_4_filtered
25,12,0,-102.34,11.63,450.59,-276.27,6579,LC0_FZ_100_Round18_filtered
25,12,-0,-102.33,9.64,449.67,-275.31,6487,LC0_FZ_100_Round18_filtered
25,12,4,-102.32,2.513,790.883,-136.74,19299,LC0_FZ_100_IA_4_filtered
25,12,2,-102.32,-11.225,625.937,253.02,13459,LC0_FZ_100_Round18_IA_2_filtered
25,12,2,-102.32,-8.511,626.617,241.08,13527,LC0_FZ_100_Round18_IA_2_filtered
25,12,2,-102.3,-9.88,624.987,253.33,13364,LC0_FZ_100_Round18_IA_2_filtered
25,12,0,-102.29,11.066,450.02,-279.36,6522,LC0_FZ_100_Round18_filtered
25,12,0,-102.27,7.845,451.55,-257.39,6675,LC0_FZ_100_Round18_filtered
25,12,2,-102.24,-5.705,623.947,243.13,13260,LC0_FZ_100_Round18_IA_2_filtered
25,12,0,-102.24,8.458,451.4,-259.1,6660,LC0_FZ_100_Round18_filtered
25,12,4,-102.23,-9.937,793.992,243.54,19610,LC0_FZ_100_IA_4_filtered
25,12,0,-102.21,11.804,450.36,-279.55,6556,LC0_FZ_100_Round18_filtered
25,12,2,-102.2,-5.225,627.447,217.17,13610,LC0_FZ_100_Round18_IA_2_filtered
25,12,2,-102.19,-5.65,627.337,222.59,13599,LC0_FZ_100_Round18_IA_2_filtered
25,12,4,-102.17,-7.055,795.972,222.55,19808,LC0_FZ_100_IA_4_filtered
25,12,0,-102.17,5.988,448.75,-266.7,6395,LC0_FZ_100_Round18_filtered
25,12,4,-102.14,6.659,789.843,-230.41,19195,LC0_FZ_100_IA_4_filtered
25,12,4,-102.13,-11.559,794.412,247.57,19652,LC0_FZ_100_IA_4_filtered
25,12,0,-102.13,11.099,450.73,-273.35,6593,LC0_FZ_100_Round18_filtered
25,12,2,-102.12,-10.373,625.107,255.18,13376,LC0_FZ_100_Round18_IA_2_filtered
25,12,-0,-102.11,6.907,448.98,-274.72,6418,LC0_FZ_100_Round18_filtered
25,12,4,-102.1,-10.743,795.042,238.24,19715,LC0_FZ_100_IA_4_filtered
25,12,2,-102.1,-7.426,626.887,233,13554,LC0_FZ_100_Round18_IA_2_filtered
25,12,4,-102.09,-7.4,793.362,244.64,19547,LC0_FZ_100_IA_4_filtered
25,12,4,-102.09,-2.588,797.092,140.04,19920,LC0_FZ_100_IA_4_filtered
25,12,0,-102.08,5.868,448.72,-256.42,6392,LC0_FZ_100_Round18_filtered
25,12,0,-102.08,8.169,449.3,-276.12,6450,LC0_FZ_100_Round18_filtered
25,12,4,-102.07,-11.645,794.802,243.38,19691,LC0_FZ_100_IA_4_filtered
25,12,0,-102.07,-1.29,453.84,91.25,6904,LC0_FZ_100_Round18_filtered
25,12,0,-102.05,10.739,450.82,-270.39,6602,LC0_FZ_100_Round18_filtered
25,12,0,-101.99,-8.309,457.67,241.97,7287,LC0_FZ_100_Round18_filtered
25,12,4,-101.97,6.7,789.833,-230.89,19194,LC0_FZ_100_IA_4_filtered
25,12,0,-101.97,10.58,449.9,-278.29,6510,LC0_FZ_100_Round18_filtered
25,12,2,-101.96,6.189,620.967,-241.43,12962,LC0_FZ_100_Round18_IA_2_filtered
25,12,4,-101.94,-3.118,792.293,165.85,19440,LC0_FZ_100_IA_4_filtered
25,12,2,-101.94,-6.517,627.117,227.74,13577,LC0_FZ_100_Round18_IA_2_filtered
25,12,2,-101.91,0.687,616.417,-51.85,12507,LC0_FZ_100_Round18_IA_2_filtered
25,12,0,-101.91,10.517,449.89,-277.49,6509,LC0_FZ_100_Round18_filtered
25,12,2,-101.81,-7.616,626.847,235.92,13550,LC0_FZ_100_Round18_IA_2_filtered
25,12,2,-101.8,9.931,620.027,-261.13,12868,LC0_FZ_100_Round18_IA_2_filtered
25,12,2,-101.79,11.18,619.707,-268.6,12836,LC0_FZ_100_Round18_IA_2_filtered
25,12,2,-101.78,3.989,617.247,-208.09,12590,LC0_FZ_100_Round18_IA_2_filtered
25,12,2,-101.77,-9.013,626.497,240.31,13515,LC0_FZ_100_Round18_IA_2_filtered
25,12,0,-101.77,4.469,448.37,-221.98,6357,LC0_FZ_100_Round18_filtered
25,12,-0,-101.77,8.733,449.44,-274.86,6464,LC0_FZ_100_Round18_filtered
25,12,0,-101.75,5.376,448.6,-245.29,6380,LC0_FZ_100_Round18_filtered
25,12,4,-101.74,-4.656,792.673,205.45,19478,LC0_FZ_100_IA_4_filtered
25,12,0,-101.73,9.115,449.53,-272.06,6473,LC0_FZ_100_Round18_filtered
25,12,2,-101.71,2.685,616.927,-166.4,12558,LC0_FZ_100_Round18_IA_2_filtered
25,12,0,-101.68,9.844,451.05,-264.35,6625,LC0_FZ_100_Round18_filtered
25,12,2,-101.67,4.026,617.257,-212.18,12591,LC0_FZ_100_Round18_IA_2_filtered
25,12,2,-101.67,-10.472,625.137,251.75,13379,LC0_FZ_100_Round18_IA_2_filtered
25,12,0,-101.66,-1.34,453.85,94.71,6905,LC0_FZ_100_Round18_filtered
25,12,0,-101.66,-7.409,457.9,238.28,7310,LC0_FZ_100_Round18_filtered
25,12,0,-101.65,-2.104,454.04,129.46,6924,LC0_FZ_100_Round18_filtered
25,12,2,-101.64,-5.408,623.867,234.26,13252,LC0_FZ_100_Round18_IA_2_filtered
25,12,4,-101.62,4.378,790.413,-197.98,19252,LC0_FZ_100_IA_4_filtered
25,12,0,-101.61,10.138,449.79,-275.65,6499,LC0_FZ_100_Round18_filtered
25,12,0,-101.6,5.595,452.11,-241.68,6731,LC0_FZ_100_Round18_filtered
25,12,0,-101.59,11.512,450.13,-280.58,6533,LC0_FZ_100_Round18_filtered
25,12,0,-101.59,7.532,451.63,-252.83,6683,LC0_FZ_100_Round18_filtered
25,12,0,-101.59,-7.828,457.79,239.69,7299,LC0_FZ_100_Round18_filtered
25,12,4,-101.58,6.269,789.943,-225.34,19205,LC0_FZ_100_IA_4_filtered
25,12,4,-101.57,-11.74,794.573,241.62,19668,LC0_FZ_100_IA_4_filtered
25,12,0,-101.56,9.695,451.09,-263.11,6629,LC0_FZ_100_Round18_filtered
25,12,2,-101.55,4.916,617.477,-235.56,12613,LC0_FZ_100_Round18_IA_2_filtered
25,12,2,-101.55,-7.515,624.397,251.3,13305,LC0_FZ_100_Round18_IA_2_filtered
25,12,2,-101.55,-11.397,625.367,252.38,13402,LC0_FZ_100_Round18_IA_2_filtered
25,12,0,-101.55,7.37,451.67,-253.36,6687,LC0_FZ_100_Round18_filtered
25,12,0,-101.55,-3.574,454.41,191.45,6961,LC0_FZ_100_Round18_filtered
25,12,0,-101.53,5.534,448.64,-257.86,6384,LC0_FZ_100_Round18_filtered
25,12,4,-101.51,9.832,789.043,-252.52,19115,LC0_FZ_100_IA_4_filtered
25,12,2,-101.51,-6.18,624.057,247.14,13271,LC0_FZ_100_Round18_IA_2_filtered
25,12,2,-101.49,-4.736,623.707,216.7,13236,LC0_FZ_100_Round18_IA_2_filtered
25,12,4,-101.48,11.276,788.673,-261.87,19078,LC0_FZ_100_IA_4_filtered
25,12,4,-101.46,-3.1,796.962,154.33,19907,LC0_FZ_100_IA_4_filtered
25,12,-0,-101.46,-7.46,457.89,238.03,7309,LC0_FZ_100_Round18_filtered
25,12,2,-101.44,-10.788,625.217,253.01,13387,LC0_FZ_100_Round18_IA_2_filtered
25,12,0,-101.44,11.756,450.24,-278.4,6544,LC0_FZ_100_Round18_filtered
25,12,0,-101.43,10.161,450.97,-267.46,6617,LC0_FZ_100_Round18_filtered
25,12,2,-101.42,-11.598,625.827,252.39,13448,LC0_FZ_100_Round18_IA_2_filtered
25,12,4,-101.41,3.92,790.533,-185.26,19264,LC0_FZ_100_IA_4_filtered
25,12,2,-101.41,-1.059,622.787,77.25,13144,LC0_FZ_100_Round18_IA_2_filtered
25,12,0,-101.4,8.301,451.44,-256.11,6664,LC0_FZ_100_Round18_filtered
25,12,4,-101.37,-3.911,796.762,179.47,19887,LC0_FZ_100_IA_4_filtered
25,12,0,-101.37,-1.849,453.98,122.75,6918,LC0_FZ_100_Round18_filtered
25,12,2,-101.35,10.717,619.827,-264.71,12848,LC0_FZ_100_Round18_IA_2_filtered
25,12,0,-101.34,-8.805,457.55,243.28,7275,LC0_FZ_100_Round18_filtered
25,12,2,-101.33,4.748,621.327,-221.43,12998,LC0_FZ_100_Round18_IA_2_filtered
25,12,4,-101.32,9.508,789.123,-245.35,19123,LC0_FZ_100_IA_4_filtered
25,12,2,-101.32,5.393,617.597,-246.44,12625,LC0_FZ_100_Round18_IA_2_filtered
25,12,2,-101.3,-9.914,626.267,243.86,13492,LC0_FZ_100_Round18_IA_2_filtered
25,12,2,-101.29,-3.396,627.897,171.73,13655,LC0_FZ_100_Round18_IA_2_filtered
25,12,2,-101.28,-10.812,626.037,248.02,13469,LC0_FZ_100_Round18_IA_2_filtered
25,12,4,-101.27,-4.023,792.513,190.96,19462,LC0_FZ_100_IA_4_filtered
25,12,4,-101.26,-6.565,796.092,216.76,19820,LC0_FZ_100_IA_4_filtered
25,12,2,-101.23,-4.332,627.667,196.96,13632,LC0_FZ_100_Round18_IA_2_filtered
25,12,4,-101.21,-9.469,793.883,238.97,19599,LC0_FZ_100_IA_4_filtered
25,12,4,-101.21,-11.121,794.292,245.32,19640,LC0_FZ_100_IA_4_filtered
25,12,-0,-101.21,10.489,449.88,-272.97,6508,LC0_FZ_100_Round18_filtered
25,12,4,-101.2,-3.037,796.982,154.41,19909,LC0_FZ_100_IA_4_filtered
25,12,0,-101.2,-7.931,457.77,239.53,7297,LC0_FZ_100_Round18_filtered
25,12,2,-101.19,-5.613,627.347,219.32,13600,LC0_FZ_100_Round18_IA_2_filtered
25,12,0,-101.18,6.449,451.9,-248.84,6710,LC0_FZ_100_Round18_filtered
25,12,2,-101.16,-5.155,627.457,215,13611,LC0_FZ_100_Round18_IA_2_filtered
25,12,4,-101.12,-8.333,793.593,245.03,19570,LC0_FZ_100_IA_4_filtered
25,12,0,-101.12,11.772,450.26,-277.05,6546,LC0_FZ_100_Round18_filtered
25,12,0,-101.1,7.389,449.1,-272.07,6430,LC0_FZ_100_Round18_filtered
25,12,2,-101.08,6.316,617.827,-259.6,12648,LC0_FZ_100_Round18_IA_2_filtered
25,12,0,-101.08,10.3,450.93,-263.7,6613,LC0_FZ_100_Round18_filtered
25,12,2,-101.07,1.853,616.717,-128.54,12537,LC0_FZ_100_Round18_IA_2_filtered
25,12,0,-101.06,3.973,448.25,-206.31,6345,LC0_FZ_100_Round18_filtered
25,12,2,-101.04,3.875,621.547,-196.49,13020,LC0_FZ_100_Round18_IA_2_filtered
25,12,2,-101.04,-8.919,624.747,250.31,13340,LC0_FZ_100_Round18_IA_2_filtered
25,12,0,-101.04,4.605,448.41,-236.65,6361,LC0_FZ_100_Round18_filtered
25,12,4,-101.03,-9.796,795.282,231.66,19739,LC0_FZ_100_IA_4_filtered
25,12,0,-101.03,9.186,451.21,-258.14,6641,LC0_FZ_100_Round18_filtered
25,12,0,-101.03,-8.748,457.56,242.04,7276,LC0_FZ_100_Round18_filtered
25,12,2,-101.01,9.326,620.177,-257.42,12883,LC0_FZ_100_Round18_IA_2_filtered
25,12,0,-101.01,-6.515,458.12,230.53,7332,LC0_FZ_100_Round18_filtered
25,12,2,-101,3.427,621.657,-179.74,13031,LC0_FZ_100_Round18_IA_2_filtered
25,12,2,-101,-5.677,623.937,236.89,13259,LC0_FZ_100_Round18_IA_2_filtered
25,12,4,-100.99,-2.123,797.212,122.39,19932,LC0_FZ_100_IA_4_filtered
25,12,2,-100.99,7.222,618.057,-264.4,12671,LC0_FZ_100_Round18_IA_2_filtered
25,12,4,-100.98,-3.571,792.403,177.72,19451,LC0_FZ_100_IA_4_filtered
25,12,4,-100.97,3.171,786.033,-168.33,18814,LC0_FZ_100_IA_4_filtered
25,12,4,-100.97,2.132,790.973,-116.28,19308,LC0_FZ_100_IA_4_filtered
25,12,2,-100.96,1.488,616.627,-106.82,12528,LC0_FZ_100_Round18_IA_2_filtered
25,12,2,-100.96,12.004,619.477,-269.83,12813,LC0_FZ_100_Round18_IA_2_filtered
25,12,2,-100.96,-5.878,623.987,239.19,13264,LC0_FZ_100_Round18_IA_2_filtered
25,12,2,-100.96,-5.296,627.427,214.67,13608,LC0_FZ_100_Round18_IA_2_filtered
25,12,2,-100.95,11.721,619.557,-269.06,12821,LC0_FZ_100_Round18_IA_2_filtered
25,12,2,-100.92,-6.04,627.237,221.5,13589,LC0_FZ_100_Round18_IA_2_filtered
25,12,0,-100.92,10.611,449.91,-275.37,6511,LC0_FZ_100_Round18_filtered
25,12,2,-100.9,11.441,619.107,-274.16,12776,LC0_FZ_100_Round18_IA_2_filtered
25,12,0,-100.89,2.878,452.8,-166.36,6800,LC0_FZ_100_Round18_filtered
25,12,0,-100.86,-2.523,454.15,146.6,6935,LC0_FZ_100_Round18_filtered
25,12,4,-100.85,5.3,790.173,-214.47,19228,LC0_FZ_100_IA_4_filtered
25,12,2,-100.85,-3.342,627.917,170.31,13657,LC0_FZ_100_Round18_IA_2_filtered
25,12,0,-100.85,11.795,450.35,-275.2,6555,LC0_FZ_100_Round18_filtered
25,12,2,-100.84,6.788,617.947,-262.27,12660,LC0_FZ_100_Round18_IA_2_filtered
25,12,0,-100.84,-2.746,454.21,162.31,6941,LC0_FZ_100_Round18_filtered
25,12,2,-100.83,2.5,616.877,-150.27,12553,LC0_FZ_100_Round18_IA_2_filtered
25,12,2,-100.83,3.46,617.117,-185.59,12577,LC0_FZ_100_Round18_IA_2_filtered
25,12,4,-100.81,4.4,790.403,-196.16,19251,LC0_FZ_100_IA_4_filtered
25,12,2,-100.81,11.735,619.227,-277.11,12788,LC0_FZ_100_Round18_IA_2_filtered
25,12,0,-100.81,-8.282,457.68,240,7288,LC0_FZ_100_Round18_filtered
25,12,0,-100.8,-9.712,457.32,246.33,7252,LC0_FZ_100_Round18_filtered
25,12,2,-100.77,-11.138,625.957,247.09,13461,LC0_FZ_100_Round18_IA_2_filtered
25,12,0,-100.76,-8.82,457.54,242.05,7274,LC0_FZ_100_Round18_filtered
25,12,2,-100.75,-3.308,623.347,171.86,13200,LC0_FZ_100_Round18_IA_2_filtered
25,12,0,-100.75,-10.187,457.2,248.21,7240,LC0_FZ_100_Round18_filtered
25,12,-0,-100.74,-3.187,454.32,178.94,6952,LC0_FZ_100_Round18_filtered
25,12,0,-100.74,-9.228,457.44,244.16,7264,LC0_FZ_100_Round18_filtered
25,12,2,-100.68,5.345,617.587,-242.38,12624,LC0_FZ_100_Round18_IA_2_filtered
25,12,2,-100.67,5.877,617.717,-254.66,12637,LC0_FZ_100_Round18_IA_2_filtered
25,12,4,-100.65,-10.172,794.052,242.19,19616,LC0_FZ_100_IA_4_filtered
25,12,0,-100.65,5.078,452.24,-232.39,6744,LC0_FZ_100_Round18_filtered
25,12,2,-100.64,11.391,619.097,-272.67,12775,LC0_FZ_100_Round18_IA_2_filtered
25,12,0,-100.63,-8.407,457.65,239.4,7285,LC0_FZ_100_Round18_filtered
25,12,4,-100.61,-5.656,796.322,206.91,19843,LC0_FZ_100_IA_4_filtered
25,12,4,-100.6,-8.755,793.703,241.58,19581,LC0_FZ_100_IA_4_filtered
25,12,2,-100.58,4.048,617.267,-214.2,12592,LC0_FZ_100_Round18_IA_2_filtered
25,12,2,-100.56,6.697,620.837,-239.58,12949,LC0_FZ_100_Round18_IA_2_filtered
25,12,0,-100.56,12.128,450.38,-276.29,6558,LC0_FZ_100_Round18_filtered
25,12,2,-100.55,-1.864,622.977,119.39,13163,LC0_FZ_100_Round18_IA_2_filtered
25,12,2,-100.53,-0.637,628.587,48.17,13724,LC0_FZ_100_Round18_IA_2_filtered
25,12,2,-100.5,-3.611,623.417,188.74,13207,LC0_FZ_100_Round18_IA_2_filtered
25,12,2,-100.47,-0.679,622.687,51.92,13134,LC0_FZ_100_Round18_IA_2_filtered
25,12,0,-100.46,8.022,451.51,-253.47,6671,LC0_FZ_100_Round18_filtered
25,12,0,-100.45,-7.8,457.8,236.86,7300,LC0_FZ_100_Round18_filtered
25,12,2,-100.44,1.063,616.517,-81.24,12517,LC0_FZ_100_Round18_IA_2_filtered
25,12,4,-100.43,-4.927,792.743,209.54,19485,LC0_FZ_100_IA_4_filtered
25,12,2,-100.42,2.468,621.897,-145.28,13055,LC0_FZ_100_Round18_IA_2_filtered
25,12,0,-100.42,-3.264,458.94,168.68,7414,LC0_FZ_100_Round18_filtered
25,12,4,-100.41,-8.134,793.543,233.47,19565,LC0_FZ_100_IA_4_filtered
25,12,0,-100.41,-6.457,458.14,230.08,7334,LC0_FZ_100_Round18_filtered
25,12,4,-100.4,0.975,785.483,-61.67,18759,LC0_FZ_100_IA_4_filtered
25,12,4,-100.39,2.001,785.743,-114.16,18785,LC0_FZ_100_IA_4_filtered
25,12,2,-100.38,-11.297,625.917,248.13,13457,LC0_FZ_100_Round18_IA_2_filtered
25,12,0,-100.37,-5.554,458.36,222.67,7356,LC0_FZ_100_Round18_filtered
25,12,0,-100.36,3.293,452.69,-182.47,6789,LC0_FZ_100_Round18_filtered
25,12,2,-100.34,1.471,616.617,-106.08,12527,LC0_FZ_100_Round18_IA_2_filtered
25,12,2,-100.33,10.983,618.997,-271.4,12765,LC0_FZ_100_Round18_IA_2_filtered
25,12,2,-100.33,5.281,621.187,-225.63,12984,LC0_FZ_100_Round18_IA_2_filtered
25,12,0,-100.33,2.367,452.92,-148.95,6812,LC0_FZ_100_Round18_filtered
25,12,0,-100.33,-6.047,458.24,226.97,7344,LC0_FZ_100_Round18_filtered
25,12,4,-100.32,4.019,786.253,-196.63,18836,LC0_FZ_100_IA_4_filtered
25,12,2,-100.31,7.705,618.177,-265.24,12683,LC0_FZ_100_Round18_IA_2_filtered
25,12,2,-100.31,10.897,618.977,-269.69,12763,LC0_FZ_100_Round18_IA_2_filtered
25,12,2,-100.29,9.057,618.517,-266.44,12717,LC0_FZ_100_Round18_IA_2_filtered
25,12,2,-100.26,4.978,617.497,-238.58,12615,LC0_FZ_100_Round18_IA_2_filtered
25,12,0,-100.26,7.806,451.56,-251.02,6676,LC0_FZ_100_Round18_filtered
25,12,0,-100.25,6.893,451.79,-247.73,6699,LC0_FZ_100_Round18_filtered
25,12,0,-100.25,-5.99,458.25,226.83,7345,LC0_FZ_100_Round18_filtered
25,12,2,-100.24,-4.836,627.547,206.72,13620,LC0_FZ_100_Round18_IA_2_filtered
25,12,4,-100.23,9.791,789.053,-246.7,19116,LC0_FZ_100_IA_4_filtered
25,12,2,-100.21,11.6,619.597,-265.68,12825,LC0_FZ_100_Round18_IA_2_filtered
25,12,4,-100.19,-7.944,795.752,221.95,19786,LC0_FZ_100_IA_4_filtered
25,12,2,-100.19,-4.266,623.587,200.86,13224,LC0_FZ_100_Round18_IA_2_filtered
25,12,2,-100.18,5.612,621.107,-231.57,12976,LC0_FZ_100_Round18_IA_2_filtered
25,12,4,-100.16,-5.97,793.003,222.61,19511,LC0_FZ_100_IA_4_filtered
25,12,2,-100.16,-7.962,624.507,248.78,13316,LC0_FZ_100_Round18_IA_2_filtered
25,12,0,-100.16,6.948,448.99,-269.28,6419,LC0_FZ_100_Round18_filtered
25,12,2,-100.13,-7.033,624.277,248.6,13293,LC0_FZ_100_Round18_IA_2_filtered
25,12,4,-100.11,5.195,790.203,-210.8,19231,LC0_FZ_100_IA_4_filtered
25,12,4,-100.1,3.55,790.623,-166.52,19273,LC0_FZ_100_IA_4_filtered
25,12,4,-100.1,-6.876,793.233,231.6,19534,LC0_FZ_100_IA_4_filtered
25,12,4,-100.1,-8.256,795.672,225.83,19778,LC0_FZ_100_IA_4_filtered
25,12,2,-100.1,-3.822,623.467,186.11,13212,LC0_FZ_100_Round18_IA_2_filtered
25,12,2,-100.1,-1.551,628.367,100.78,13702,LC0_FZ_100_Round18_IA_2_filtered
25,12,4,-100.09,12.021,788.463,-259.91,19057,LC0_FZ_100_IA_4_filtered
25,12,0,-100.08,-9.118,455.8,249.62,7100,LC0_FZ_100_Round18_filtered
25,12,0,-100.08,-3.718,458.82,183.73,7402,LC0_FZ_100_Round18_filtered
25,12,2,-100.07,5.773,617.697,-247.07,12635,LC0_FZ_100_Round18_IA_2_filtered
25,12,2,-100.06,7.673,618.167,-266.03,12682,LC0_FZ_100_Round18_IA_2_filtered
25,12,0,-100.06,-10.238,457.19,246.52,7239,LC0_FZ_100_Round18_filtered
25,12,2,-100.04,4.881,617.467,-229.72,12612,LC0_FZ_100_Round18_IA_2_filtered
25,12,2,-100.04,8.59,618.397,-264.89,12705,LC0_FZ_100_Round18_IA_2_filtered
25,12,2,-100.04,-5.136,627.467,210.71,13612,LC0_FZ_100_Round18_IA_2_filtered
25,12,4,-100.02,-4.605,792.663,199.59,19477,LC0_FZ_100_IA_4_filtered
25,12,0,-100.02,11.042,450.74,-266.94,6594,LC0_FZ_100_Round18_filtered
25,12,2,-99.99,-8.669,624.687,241.16,13334,LC0_FZ_100_Round18_IA_2_filtered
25,12,4,-99.98,-11.075,794.282,239.07,19639,LC0_FZ_100_IA_4_filtered
25,12,2,-99.98,-7.637,626.837,231.53,13549,LC0_FZ_100_Round18_IA_2_filtered
25,12,0,-99.98,-8.634,455.68,249.88,7088,LC0_FZ_100_Round18_filtered
25,12,4,-99.97,-11.727,794.582,235.76,19669,LC0_FZ_100_IA_4_filtered
25,12,2,-99.97,9.952,620.017,-254.03,12867,LC0_FZ_100_Round18_IA_2_filtered
25,12,2,-99.96,8.182,618.297,-263.36,12695,LC0_FZ_100_Round18_IA_2_filtered
25,12,0,-99.95,-4.478,454.64,217.39,6984,LC0_FZ_100_Round18_filtered
25,12,4,-99.94,4.303,790.433,-194.49,19254,LC0_FZ_100_IA_4_filtered
25,12,0,-99.94,-4.974,454.76,229.81,6996,LC0_FZ_100_Round18_filtered
25,12,0,-99.94,-2.852,459.04,152.55,7424,LC0_FZ_100_Round18_filtered
25,12,0,-99.91,-7.303,455.34,251.52,7054,LC0_FZ_100_Round18_filtered
25,12,4,-99.9,6.293,789.933,-221.38,19204,LC0_FZ_100_IA_4_filtered
25,12,2,-99.89,7.183,618.047,-263.04,12670,LC0_FZ_100_Round18_IA_2_filtered
25,12,2,-99.89,-6.824,624.227,240.24,13288,LC0_FZ_100_Round18_IA_2_filtered
25,12,2,-99.89,-10.531,625.147,246.6,13380,LC0_FZ_100_Round18_IA_2_filtered
25,12,4,-99.88,-6.087,796.212,209.82,19832,LC0_FZ_100_IA_4_filtered
25,12,2,-99.88,-10.203,626.197,240.71,13485,LC0_FZ_100_Round18_IA_2_filtered
25,12,2,-99.87,3.644,617.157,-199.3,12581,LC0_FZ_100_Round18_IA_2_filtered
25,12,4,-99.85,7.696,789.583,-231.16,19169,LC0_FZ_100_IA_4_filtered
25,12,0,-99.84,-4.222,458.7,195.81,7390,LC0_FZ_100_Round18_filtered
25,12,4,-99.83,11.76,788.543,-258.49,19065,LC0_FZ_100_IA_4_filtered
25,12,0,-99.83,-1.192,453.82,82.77,6902,LC0_FZ_100_Round18_filtered
25,12,0,-99.81,-8.218,455.57,249.8,7077,LC0_FZ_100_Round18_filtered
25,12,0,-99.81,-3.681,458.83,182.45,7403,LC0_FZ_100_Round18_filtered
25,12,4,-99.77,-10.452,794.122,235.46,19623,LC0_FZ_100_IA_4_filtered
25,12,2,-99.77,2.418,621.907,-144.71,13056,LC0_FZ_100_Round18_IA_2_filtered
25,12,0,-99.77,-5.544,458.37,221.42,7357,LC0_FZ_100_Round18_filtered
25,12,0,-99.75,-8.161,455.56,250.21,7076,LC0_FZ_100_Round18_filtered
25,12,2,-99.74,8.657,618.417,-261.65,12707,LC0_FZ_100_Round18_IA_2_filtered
25,12,2,-99.74,10.055,618.767,-265.35,12742,LC0_FZ_100_Round18_IA_2_filtered
25,12,0,-99.74,-3.476,454.39,181.58,6959,LC0_FZ_100_Round18_filtered
25,12,-0,-99.74,-9.78,457.3,242.53,7250,LC0_FZ_100_Round18_filtered
25,12,0,-99.73,9.875,451.04,-256.39,6624,LC0_FZ_100_Round18_filtered
25,12,4,-99.71,10.927,787.973,-260.21,19008,LC0_FZ_100_IA_4_filtered
25,12,2,-99.71,3.923,621.537,-194.2,13019,LC0_FZ_100_Round18_IA_2_filtered
25,12,4,-99.7,-5.888,792.983,219.88,19509,LC0_FZ_100_IA_4_filtered
25,12,2,-99.7,11.701,619.207,-273.93,12786,LC0_FZ_100_Round18_IA_2_filtered
25,12,4,-99.68,8.644,787.403,-250.28,18951,LC0_FZ_100_IA_4_filtered
25,12,4,-99.68,-1.617,797.332,102.71,19944,LC0_FZ_100_IA_4_filtered
25,12,0,-99.68,-3.97,454.51,196.89,6971,LC0_FZ_100_Round18_filtered
25,12,0,-99.66,5.972,452.02,-241.43,6722,LC0_FZ_100_Round18_filtered
25,12,4,-99.65,1.224,791.203,-72.72,19331,LC0_FZ_100_IA_4_filtered
25,12,0,-99.65,-5.098,458.48,216.29,7368,LC0_FZ_100_Round18_filtered
25,12,2,-99.63,-2.087,628.227,122.34,13688,LC0_FZ_100_Round18_IA_2_filtered
25,12,0,-99.63,-4.102,454.54,206.2,6974,LC0_FZ_100_Round18_filtered
25,12,0,-99.63,-4.599,458.6,207.14,7380,LC0_FZ_100_Round18_filtered
25,12,2,-99.61,2.87,621.797,-162.72,13045,LC0_FZ_100_Round18_IA_2_filtered
25,12,4,-99.6,10.041,787.753,-255.7,18986,LC0_FZ_100_IA_4_filtered
25,12,4,-99.6,-3.005,796.992,151.38,19910,LC0_FZ_100_IA_4_filtered
25,12,0,-99.6,-3.282,458.93,168.53,7413,LC0_FZ_100_Round18_filtered
25,12,0,-99.6,-2.324,459.17,135.67,7437,LC0_FZ_100_Round18_filtered
25,12,4,-99.58,-8.844,795.522,224.7,19763,LC0_FZ_100_IA_4_filtered
25,12,2,-99.58,-7.488,624.387,245.02,13304,LC0_FZ_100_Round18_IA_2_filtered
25,12,0,-99.57,-7.249,455.33,253,7053,LC0_FZ_100_Round18_filtered
25,12,0,-99.57,-9.593,455.92,250.71,7112,LC0_FZ_100_Round18_filtered
25,12,4,-99.56,11.437,788.103,-261.34,19021,LC0_FZ_100_IA_4_filtered
25,12,0,-99.56,8.717,451.33,-253.48,6653,LC0_FZ_100_Round18_filtered
25,12,4,-99.54,-7.452,795.872,218.18,19798,LC0_FZ_100_IA_4_filtered
25,12,0,-99.54,-9.17,455.81,248.56,7101,LC0_FZ_100_Round18_filtered
25,12,0,-99.54,-10.043,456.03,251.95,7123,LC0_FZ_100_Round18_filtered
25,12,0,-99.53,8.477,451.39,-252.38,6659,LC0_FZ_100_Round18_filtered
25,12,2,-99.52,2.523,621.887,-145.04,13054,LC0_FZ_100_Round18_IA_2_filtered
25,12,2,-99.52,-1.916,628.267,119.36,13692,LC0_FZ_100_Round18_IA_2_filtered
25,12,0,-99.52,-9.559,455.91,250.06,7111,LC0_FZ_100_Round18_filtered
25,12,2,-99.51,-4.083,623.537,198.51,13219,LC0_FZ_100_Round18_IA_2_filtered
25,12,2,-99.51,-11.078,625.967,241.14,13462,LC0_FZ_100_Round18_IA_2_filtered
25,12,0,-99.51,1.93,453.03,-128.19,6823,LC0_FZ_100_Round18_filtered
25,12,-0,-99.51,-11.496,456.86,252.61,7206,LC0_FZ_100_Round18_filtered
25,12,0,-99.51,-5.967,458.26,224.49,7346,LC0_FZ_100_Round18_filtered
25,12,2,-99.5,-6.115,624.047,240.41,13270,LC0_FZ_100_Round18_IA_2_filtered
25,12,0,-99.5,-6.109,458.23,225.31,7343,LC0_FZ_100_Round18_filtered
25,12,4,-99.49,11.157,788.703,-253.89,19081,LC0_FZ_100_IA_4_filtered
25,12,4,-99.49,-6.887,796.012,214.64,19812,LC0_FZ_100_IA_4_filtered
25,12,2,-99.49,-9.027,626.487,234.64,13514,LC0_FZ_100_Round18_IA_2_filtered
25,12,0,-99.49,-10.574,457.1,247.95,7230,LC0_FZ_100_Round18_filtered
25,12,0,-99.49,-8.877,457.53,238.74,7273,LC0_FZ_100_Round18_filtered
25,12,2,-99.48,-7.311,624.347,238.05,13300,LC0_FZ_100_Round18_IA_2_filtered
25,12,0,-99.47,3.334,452.68,-180.13,6788,LC0_FZ_100_Round18_filtered
25,12,2,-99.46,4.382,621.417,-204.59,13007,LC0_FZ_100_Round18_IA_2_filtered
25,12,4,-99.45,10.471,787.863,-258.83,18997,LC0_FZ_100_IA_4_filtered
25,12,0,-99.45,-11.563,456.84,251.19,7204,LC0_FZ_100_Round18_filtered
25,12,0,-99.44,-11.942,456.73,254.76,7193,LC0_FZ_100_Round18_filtered
25,12,0,-99.43,-10.716,457.07,246.55,7227,LC0_FZ_100_Round18_filtered
25,12,0,-99.41,-7.813,455.47,244.8,7067,LC0_FZ_100_Round18_filtered
25,12,2,-99.4,2.334,616.827,-148,12548,LC0_FZ_100_Round18_IA_2_filtered
25,12,0,-99.4,3.799,452.57,-194.84,6777,LC0_FZ_100_Round18_filtered
25,12,0,-99.39,4.172,448.3,-222.03,6350,LC0_FZ_100_Round18_filtered
25,12,0,-99.38,-7.972,457.76,236,7296,LC0_FZ_100_Round18_filtered
25,12,2,-99.37,7.749,618.187,-260.75,12684,LC0_FZ_100_Round18_IA_2_filtered
25,12,0,-99.37,10.931,449.99,-269.57,6519,LC0_FZ_100_Round18_filtered
25,12,4,-99.36,7.245,787.053,-247.37,18916,LC0_FZ_100_IA_4_filtered
25,12,2,-99.36,6.823,617.957,-259.21,12661,LC0_FZ_100_Round18_IA_2_filtered
25,12,0,-99.36,-0.837,453.72,57.04,6892,LC0_FZ_100_Round18_filtered
25,12,0,-99.34,7.092,451.74,-246.2,6694,LC0_FZ_100_Round18_filtered
25,12,0,-99.33,11.229,450.69,-263.07,6589,LC0_FZ_100_Round18_filtered
25,12,0,-99.32,4.611,452.36,-222.33,6756,LC0_FZ_100_Round18_filtered
25,12,-0,-99.32,-7.329,455.35,247.96,7055,LC0_FZ_100_Round18_filtered
25,12,0,-99.31,2.338,452.93,-148.24,6813,LC0_FZ_100_Round18_filtered
25,12,4,-99.3,-5.612,796.332,201.68,19844,LC0_FZ_100_IA_4_filtered
25,12,2,-99.29,2.02,622.007,-125.32,13066,LC0_FZ_100_Round18_IA_2_filtered
25,12,0,-99.29,9.074,449.52,-265.74,6472,LC0_FZ_100_Round18_filtered
25,12,4,-99.28,1.538,791.123,-91.86,19323,LC0_FZ_100_IA_4_filtered
25,12,2,-99.27,-5.312,627.417,210.61,13607,LC0_FZ_100_Round18_IA_2_filtered
25,12,0,-99.27,-8.588,455.67,248.88,7087,LC0_FZ_100_Round18_filtered
25,12,0,-99.26,5.207,452.21,-226.35,6741,LC0_FZ_100_Round18_filtered
25,12,0,-99.26,-9.072,455.79,248.57,7099,LC0_FZ_100_Round18_filtered
25,12,2,-99.25,0.991,616.497,-77.08,12515,LC0_FZ_100_Round18_IA_2_filtered
25,12,2,-99.23,8.097,618.277,-264.61,12693,LC0_FZ_100_Round18_IA_2_filtered
25,12,0,-99.2,5.062,452.25,-228.98,6745,LC0_FZ_100_Round18_filtered
25,12,2,-99.19,8.376,620.417,-244.75,12907,LC0_FZ_100_Round18_IA_2_filtered
25,12,2,-99.19,-2.59,628.107,138.92,13676,LC0_FZ_100_Round18_IA_2_filtered
25,12,-0,-99.19,-2.349,454.11,141.1,6931,LC0_FZ_100_Round18_filtered
25,12,4,-99.18,-10.674,795.062,227.65,19717,LC0_FZ_100_IA_4_filtered
25,12,4,-99.17,-0.952,791.753,68.69,19386,LC0_FZ_100_IA_4_filtered
25,12,2,-99.17,1.993,622.017,-125.04,13067,LC0_FZ_100_Round18_IA_2_filtered
25,12,4,-99.11,-7.911,795.762,218.31,19787,LC0_FZ_100_IA_4_filtered
25,12,0,-99.11,-10.535,456.15,252.53,7135,LC0_FZ_100_Round18_filtered
25,12,4,-99.08,4.965,786.483,-219.42,18859,LC0_FZ_100_IA_4_filtered
25,12,0,-99.08,4.722,452.33,-219.39,6753,LC0_FZ_100_Round18_filtered
25,12,2,-99.07,-9.244,626.437,233.37,13509,LC0_FZ_100_Round18_IA_2_filtered
25,12,4,-99.06,-4.52,792.643,196.26,19475,LC0_FZ_100_IA_4_filtered
25,12,4,-99.05,-8.3,795.662,221.74,19777,LC0_FZ_100_IA_4_filtered
25,12,2,-99.05,6.713,617.927,-257.64,12658,LC0_FZ_100_Round18_IA_2_filtered
25,12,2,-99.05,-12.041,625.677,246.73,13433,LC0_FZ_100_Round18_IA_2_filtered
25,12,0,-99.02,-10.576,456.16,251.21,7136,LC0_FZ_100_Round18_filtered
25,12,0,-99.01,-12.095,456.63,252.43,7183,LC0_FZ_100_Round18_filtered
25,12,0,-99,-5.015,454.77,228.99,6997,LC0_FZ_100_Round18_filtered
25,12,2,-98.98,9.465,618.617,-261.06,12727,LC0_FZ_100_Round18_IA_2_filtered
25,12,4,-98.95,-7.37,795.892,216.46,19800,LC0_FZ_100_IA_4_filtered
25,12,4,-98.94,-9.083,793.783,231.63,19589,LC0_FZ_100_IA_4_filtered
25,12,2,-98.94,11.337,619.087,-267.39,12774,LC0_FZ_100_Round18_IA_2_filtered
25,12,2,-98.94,-10.099,625.037,242.39,13369,LC0_FZ_100_Round18_IA_2_filtered
25,12,4,-98.91,7.28,787.063,-245.06,18917,LC0_FZ_100_IA_4_filtered
25,12,0,-98.91,-11.877,456.75,251.82,7195,LC0_FZ_100_Round18_filtered
25,12,2,-98.89,9.042,620.247,-246.48,12890,LC0_FZ_100_Round18_IA_2_filtered
25,12,0,-98.89,7.347,451.68,-245.86,6688,LC0_FZ_100_Round18_filtered
25,12,4,-98.88,-10.124,794.042,236.65,19615,LC0_FZ_100_IA_4_filtered
25,12,0,-98.87,-1.626,453.92,104.03,6912,LC0_FZ_100_Round18_filtered
25,12,0,-98.85,8.338,449.34,-264.33,6454,LC0_FZ_100_Round18_filtered
25,12,0,-98.85,-5.176,458.46,213.48,7366,LC0_FZ_100_Round18_filtered
25,12,0,-98.8,-9.524,455.9,247.29,7110,LC0_FZ_100_Round18_filtered
25,12,4,-98.79,8.652,789.343,-231.83,19145,LC0_FZ_100_IA_4_filtered
25,12,2,-98.79,8.214,618.307,-257.32,12696,LC0_FZ_100_Round18_IA_2_filtered
25,12,2,-98.75,-1.366,622.857,94.82,13151,LC0_FZ_100_Round18_IA_2_filtered
25,12,2,-98.74,-0.245,622.577,16.9,13123,LC0_FZ_100_Round18_IA_2_filtered
25,12,4,-98.73,1.963,785.733,-113.22,18784,LC0_FZ_100_IA_4_filtered
25,12,0,-98.73,7.413,449.11,-264.79,6431,LC0_FZ_100_Round18_filtered
25,12,4,-98.72,11.371,788.653,-252.97,19076,LC0_FZ_100_IA_4_filtered
25,12,0,-98.72,8.258,451.45,-248.65,6665,LC0_FZ_100_Round18_filtered
25,12,0,-98.72,-9.149,457.46,237.52,7266,LC0_FZ_100_Round18_filtered
25,12,0,-98.72,-8.432,457.64,235.05,7284,LC0_FZ_100_Round18_filtered
25,12,0,-98.71,1.882,453.04,-128.03,6824,LC0_FZ_100_Round18_filtered
25,12,4,-98.7,-11.058,794.962,227,19707,LC0_FZ_100_IA_4_filtered
25,12,2,-98.7,11.018,619.007,-266.35,12766,LC0_FZ_100_Round18_IA_2_filtered
25,12,0,-98.7,-2.491,454.14,141.97,6934,LC0_FZ_100_Round18_filtered
25,12,0,-98.7,-10.994,456.27,252.4,7147,LC0_FZ_100_Round18_filtered
25,12,0,-98.69,7.583,451.62,-245.69,6682,LC0_FZ_100_Round18_filtered
25,12,0,-98.69,-7.204,455.32,251.23,7052,LC0_FZ_100_Round18_filtered
25,12,2,-98.68,10.855,618.967,-263.84,12762,LC0_FZ_100_Round18_IA_2_filtered
25,12,4,-98.67,-8.769,795.542,221.4,19765,LC0_FZ_100_IA_4_filtered
25,12,2,-98.67,4.22,621.457,-205.54,13011,LC0_FZ_100_Round18_IA_2_filtered
25,12,4,-98.66,5.857,786.703,-232.79,18881,LC0_FZ_100_IA_4_filtered
25,12,2,-98.65,1.873,616.727,-127.97,12538,LC0_FZ_100_Round18_IA_2_filtered
25,12,4,-98.64,-8.332,795.652,220.31,19776,LC0_FZ_100_IA_4_filtered
25,12,2,-98.63,-8.584,626.597,230.9,13525,LC0_FZ_100_Round18_IA_2_filtered
25,12,0,-98.63,-9.352,457.41,237.86,7261,LC0_FZ_100_Round18_filtered
25,12,2,-98.6,11.798,619.367,-265.24,12802,LC0_FZ_100_Round18_IA_2_filtered
25,12,0,-98.59,9.639,451.1,-254.92,6630,LC0_FZ_100_Round18_filtered
25,12,2,-98.58,-10.431,626.137,238.2,13479,LC0_FZ_100_Round18_IA_2_filtered
25,12,0,-98.56,8.971,451.27,-251.59,6647,LC0_FZ_100_Round18_filtered
25,12,0,-98.51,-4.873,454.74,220.93,6994,LC0_FZ_100_Round18_filtered
25,12,0,-98.49,6.18,451.97,-236.06,6717,LC0_FZ_100_Round18_filtered
25,12,4,-98.47,4.017,790.503,-179.21,19261,LC0_FZ_100_IA_4_filtered
25,12,0,-98.47,-2.295,459.18,133.93,7438,LC0_FZ_100_Round18_filtered
25,12,4,-98.45,2.424,790.903,-131.06,19301,LC0_FZ_100_IA_4_filtered
25,12,2,-98.45,-9.797,624.967,243.72,13362,LC0_FZ_100_Round18_IA_2_filtered
25,12,2,-98.45,-4.209,627.697,191.48,13635,LC0_FZ_100_Round18_IA_2_filtered
25,12,0,-98.43,-4.133,454.55,204.82,6975,LC0_FZ_100_Round18_filtered
25,12,2,-98.42,-5.815,627.297,214.73,13595,LC0_FZ_100_Round18_IA_2_filtered
25,12,0,-98.42,9.745,449.69,-265.24,6489,LC0_FZ_100_Round18_filtered
25,12,0,-98.41,-5.826,454.98,244.57,7018,LC0_FZ_100_Round18_filtered
25,12,2,-98.4,-5.987,627.247,216.46,13590,LC0_FZ_100_Round18_IA_2_filtered
25,12,0,-98.4,7.193,449.05,-261.19,6425,LC0_FZ_100_Round18_filtered
25,12,2,-98.39,-3.03,627.987,153.02,13664,LC0_FZ_100_Round18_IA_2_filtered
25,12,2,-98.35,0.211,622.467,-17.36,13112,LC0_FZ_100_Round18_IA_2_filtered
25,12,0,-98.35,-5.493,454.89,236.47,7009,LC0_FZ_100_Round18_filtered
25,12,2,-98.34,-7.913,624.497,242.31,13315,LC0_FZ_100_Round18_IA_2_filtered
25,12,0,-98.34,-10.554,457.11,243.26,7231,LC0_FZ_100_Round18_filtered
25,12,4,-98.33,-8.801,795.532,221.65,19764,LC0_FZ_100_IA_4_filtered
25,12,0,-98.33,-8.292,455.59,242.01,7079,LC0_FZ_100_Round18_filtered
25,12,0,-98.32,-1.398,459.4,92.64,7460,LC0_FZ_100_Round18_filtered
25,12,0,-98.31,10.347,450.92,-255.76,6612,LC0_FZ_100_Round18_filtered
25,12,2,-98.3,2.076,621.997,-124.4,13065,LC0_FZ_100_Round18_IA_2_filtered
25,12,0,-98.3,-6.408,455.12,246.87,7032,LC0_FZ_100_Round18_filtered
25,12,4,-98.29,7.924,789.523,-227.7,19163,LC0_FZ_100_IA_4_filtered
25,12,2,-98.29,2.478,616.867,-146.9,12552,LC0_FZ_100_Round18_IA_2_filtered
25,12,2,-98.29,-0.315,622.587,20.97,13124,LC0_FZ_100_Round18_IA_2_filtered
25,12,2,-98.27,7.894,620.537,-239.36,12919,LC0_FZ_100_Round18_IA_2_filtered
25,12,0,-98.27,-4.415,454.62,205.9,6982,LC0_FZ_100_Round18_filtered
25,12,4,-98.25,11.47,788.113,-256.74,19022,LC0_FZ_100_IA_4_filtered
25,12,2,-98.25,11.695,619.197,-265.71,12785,LC0_FZ_100_Round18_IA_2_filtered
25,12,4,-98.23,-11.552,794.832,229.45,19694,LC0_FZ_100_IA_4_filtered
25,12,0,-98.23,8.582,449.4,-264.29,6460,LC0_FZ_100_Round18_filtered
25,12,0,-98.23,-6.752,455.21,252.76,7041,LC0_FZ_100_Round18_filtered
25,12,2,-98.22,-11.753,625.617,242.19,13427,LC0_FZ_100_Round18_IA_2_filtered
25,12,0,-98.21,-3.681,458.84,180.18,7404,LC0_FZ_100_Round18_filtered
25,12,0,-98.2,-11.74,456.6,249.95,7180,LC0_FZ_100_Round18_filtered
25,12,0,-98.19,5.492,452.14,-233.64,6734,LC0_FZ_100_Round18_filtered
25,12,2,-98.15,-1.665,628.337,101.82,13699,LC0_FZ_100_Round18_IA_2_filtered
25,12,0,-98.14,-8.191,457.7,231.95,7290,LC0_FZ_100_Round18_filtered
25,12,4,-98.1,-9.684,795.312,224.47,19742,LC0_FZ_100_IA_4_filtered
25,12,2,-98.1,9.534,620.127,-245.54,12878,LC0_FZ_100_Round18_IA_2_filtered
25,12,4,-98.09,11.998,788.473,-253.03,19058,LC0_FZ_100_IA_4_filtered
25,12,0,-98.09,3.75,448.19,-207.73,6339,LC0_FZ_100_Round18_filtered
25,12,0,-98.09,-6.843,458.04,227.92,7324,LC0_FZ_100_Round18_filtered
25,12,2,-98.08,3.962,621.527,-189.87,13018,LC0_FZ_100_Round18_IA_2_filtered
25,12,2,-98.06,0.663,622.347,-50.71,13100,LC0_FZ_100_Round18_IA_2_filtered
25,12,-0,-98.06,-4.586,454.66,218.05,6986,LC0_FZ_100_Round18_filtered
25,12,4,-98.03,1.056,785.503,-65.52,18761,LC0_FZ_100_IA_4_filtered
25,12,4,-98.03,-11.499,794.393,234.58,19650,LC0_FZ_100_IA_4_filtered
25,12,2,-98.03,10.381,618.847,-260.6,12750,LC0_FZ_100_Round18_IA_2_filtered
25,12,0,-98.02,2.293,452.94,-145.88,6814,LC0_FZ_100_Round18_filtered
25,12,4,-97.99,-10.045,794.023,231.15,19613,LC0_FZ_100_IA_4_filtered
25,12,2,-97.99,-7.669,626.827,226.22,13548,LC0_FZ_100_Round18_IA_2_filtered
25,12,0,-97.99,-6.276,455.09,247.48,7029,LC0_FZ_100_Round18_filtered
25,12,4,-97.98,10.05,788.993,-239.8,19110,LC0_FZ_100_IA_4_filtered
25,12,4,-97.96,6.277,786.813,-237.21,18892,LC0_FZ_100_IA_4_filtered
25,12,0,-97.92,-8.916,457.52,233.69,7272,LC0_FZ_100_Round18_filtered
25,12,0,-97.92,-6.136,458.22,221.59,7342,LC0_FZ_100_Round18_filtered
25,12,2,-97.91,-4.567,623.657,206.67,13231,LC0_FZ_100_Round18_IA_2_filtered
25,12,2,-97.9,8.822,620.307,-242.76,12896,LC0_FZ_100_Round18_IA_2_filtered
25,12,2,-97.89,-9.659,626.327,231.81,13498,LC0_FZ_100_Round18_IA_2_filtered
25,12,0,-97.89,-3.91,454.5,190.73,6970,LC0_FZ_100_Round18_filtered
25,12,0,-97.89,-5.376,454.86,234.6,7006,LC0_FZ_100_Round18_filtered
25,12,2,-97.88,-8.292,626.677,226.22,13533,LC0_FZ_100_Round18_IA_2_filtered
25,12,0,-97.88,-10.052,457.23,239.39,7243,LC0_FZ_100_Round18_filtered
25,12,0,-97.88,-5.91,458.27,221.27,7347,LC0_FZ_100_Round18_filtered
25,12,2,-97.85,6.738,620.827,-232.57,12948,LC0_FZ_100_Round18_IA_2_filtered
25,12,2,-97.82,-8.149,626.707,226.22,13536,LC0_FZ_100_Round18_IA_2_filtered
25,12,0,-97.81,-11.513,456.4,249.05,7160,LC0_FZ_100_Round18_filtered
25,12,0,-97.79,-9.842,457.29,237.06,7249,LC0_FZ_100_Round18_filtered
25,12,0,-97.78,4.647,448.42,-233.35,6362,LC0_FZ_100_Round18_filtered
25,12,0,-97.78,-11.601,456.83,247.16,7203,LC0_FZ_100_Round18_filtered
25,12,4,-97.76,10.395,787.843,-253.22,18995,LC0_FZ_100_IA_4_filtered
25,12,0,-97.75,-7.989,457.75,231.2,7295,LC0_FZ_100_Round18_filtered
25,12,4,-97.74,5.813,786.693,-228.95,18880,LC0_FZ_100_IA_4_filtered
25,12,2,-97.74,5.748,617.687,-240.01,12634,LC0_FZ_100_Round18_IA_2_filtered
25,12,2,-97.74,-4.908,627.527,199.55,13618,LC0_FZ_100_Round18_IA_2_filtered
25,12,0,-97.74,4.3,452.44,-203.83,6764,LC0_FZ_100_Round18_filtered
25,12,0,-97.74,4.151,452.48,-207.89,6768,LC0_FZ_100_Round18_filtered
25,12,0,-97.74,1.456,453.15,-106.13,6835,LC0_FZ_100_Round18_filtered
25,12,2,-97.73,1.522,622.127,-102.71,13078,LC0_FZ_100_Round18_IA_2_filtered
25,12,0,-97.73,-11.706,456.52,250.11,7172,LC0_FZ_100_Round18_filtered
25,12,0,-97.7,-9.609,457.35,235.38,7255,LC0_FZ_100_Round18_filtered
25,12,0,-97.68,-11.987,456.71,245.9,7191,LC0_FZ_100_Round18_filtered
25,12,4,-97.66,1.756,791.073,-95.83,19318,LC0_FZ_100_IA_4_filtered
25,12,0,-97.65,7.889,449.23,-259.96,6443,LC0_FZ_100_Round18_filtered
25,12,4,-97.61,11.774,788.233,-256.44,19034,LC0_FZ_100_IA_4_filtered
25,12,2,-97.58,6.854,617.967,-253.21,12662,LC0_FZ_100_Round18_IA_2_filtered
25,12,4,-97.57,-1.348,797.402,84.75,19951,LC0_FZ_100_IA_4_filtered
25,12,2,-97.57,7.771,618.197,-253.49,12685,LC0_FZ_100_Round18_IA_2_filtered
25,12,2,-97.56,-9.191,626.447,228.66,13510,LC0_FZ_100_Round18_IA_2_filtered
25,12,-0,-97.56,-7.262,457.93,228.73,7313,LC0_FZ_100_Round18_filtered
25,12,0,-97.56,-6.601,458.1,223.29,7330,LC0_FZ_100_Round18_filtered
25,12,0,-97.55,8.028,451.5,-246.32,6670,LC0_FZ_100_Round18_filtered
25,12,2,-97.54,3.518,621.637,-173.42,13029,LC0_FZ_100_Round18_IA_2_filtered
25,12,2,-97.52,-6.43,624.127,231.64,13278,LC0_FZ_100_Round18_IA_2_filtered
25,12,-0,-97.51,6.967,449,-261.5,6420,LC0_FZ_100_Round18_filtered
25,12,0,-97.51,-12.069,456.64,248.7,7184,LC0_FZ_100_Round18_filtered
25,12,0,-97.49,-1.413,453.87,97.2,6907,LC0_FZ_100_Round18_filtered
25,12,2,-97.47,8.974,618.497,-257.97,12715,LC0_FZ_100_Round18_IA_2_filtered
25,12,0,-97.46,6.652,451.85,-238.23,6705,LC0_FZ_100_Round18_filtered
25,12,2,-97.44,0.163,622.477,-14.13,13113,LC0_FZ_100_Round18_IA_2_filtered
25,12,0,-97.44,-10.307,457.17,236.28,7237,LC0_FZ_100_Round18_filtered
25,12,2,-97.43,11.766,619.307,-259.54,12796,LC0_FZ_100_Round18_IA_2_filtered
25,12,4,-97.39,4.506,790.383,-188.58,19249,LC0_FZ_100_IA_4_filtered
25,12,2,-97.39,-7.451,624.377,238.75,13303,LC0_FZ_100_Round18_IA_2_filtered
25,12,4,-97.38,8.535,787.373,-243.74,18948,LC0_FZ_100_IA_4_filtered
25,12,4,-97.37,6.802,789.803,-217.01,19191,LC0_FZ_100_IA_4_filtered
25,12,2,-97.36,10.093,618.777,-260.18,12743,LC0_FZ_100_Round18_IA_2_filtered
25,12,0,-97.33,-9.671,455.94,245.16,7114,LC0_FZ_100_Round18_filtered
25,12,-0,-97.29,-10.602,456.17,247.34,7137,LC0_FZ_100_Round18_filtered
25,12,4,-97.27,10.559,787.883,-253.07,18999,LC0_FZ_100_IA_4_filtered
25,12,0,-97.26,4.878,448.47,-224.47,6367,LC0_FZ_100_Round18_filtered
25,12,-0,-97.26,10.21,449.81,-263.82,6501,LC0_FZ_100_Round18_filtered
25,12,0,-97.26,-7.841,455.48,239.58,7068,LC0_FZ_100_Round18_filtered
25,12,0,-97.24,6.854,451.8,-240.3,6700,LC0_FZ_100_Round18_filtered
25,12,2,-97.22,-5.5,623.897,219.84,13255,LC0_FZ_100_Round18_IA_2_filtered
25,12,2,-97.19,0.625,622.357,-48.29,13101,LC0_FZ_100_Round18_IA_2_filtered
25,12,4,-97.18,-4.626,796.582,183.42,19869,LC0_FZ_100_IA_4_filtered
25,12,2,-97.17,4.424,621.407,-199.67,13006,LC0_FZ_100_Round18_IA_2_filtered
25,12,2,-97.17,-7.85,624.477,234.26,13313,LC0_FZ_100_Round18_IA_2_filtered
25,12,0,-97.17,-7.176,455.31,246.27,7051,LC0_FZ_100_Round18_filtered
25,12,4,-97.16,-11.461,794.383,229.7,19649,LC0_FZ_100_IA_4_filtered
25,12,2,-97.16,-6.041,624.027,228.05,13268,LC0_FZ_100_Round18_IA_2_filtered
25,12,2,-97.12,-7.397,624.367,234.58,13302,LC0_FZ_100_Round18_IA_2_filtered
25,12,4,-97.11,-11.695,794.503,230.91,19661,LC0_FZ_100_IA_4_filtered
25,12,0,-97.11,4.78,452.32,-214.07,6752,LC0_FZ_100_Round18_filtered
25,12,0,-97.11,1.443,453.16,-104.9,6836,LC0_FZ_100_Round18_filtered
25,12,0,-97.11,-4.999,458.5,210.21,7370,LC0_FZ_100_Round18_filtered
25,12,2,-97.1,-7.241,626.937,220.72,13559,LC0_FZ_100_Round18_IA_2_filtered
25,12,0,-97.09,-11.667,456.48,249.81,7168,LC0_FZ_100_Round18_filtered
25,12,0,-97.08,-0.347,453.6,18.41,6880,LC0_FZ_100_Round18_filtered
25,12,0,-97.08,-7.724,457.82,227.79,7302,LC0_FZ_100_Round18_filtered
25,12,0,-97.07,-0.394,453.61,22.46,6881,LC0_FZ_100_Round18_filtered
25,12,0,-97.05,-11.841,456.76,247.44,7196,LC0_FZ_100_Round18_filtered
25,12,2,-97.03,-10.474,626.127,232.41,13478,LC0_FZ_100_Round18_IA_2_filtered
25,12,2,-97.02,-9.541,626.357,228.69,13501,LC0_FZ_100_Round18_IA_2_filtered
25,12,2,-97.01,-9.197,624.817,235.81,13347,LC0_FZ_100_Round18_IA_2_filtered
25,12,0,-97,-3.177,458.96,164,7416,LC0_FZ_100_Round18_filtered
25,12,2,-96.98,-2.614,628.097,137.59,13675,LC0_FZ_100_Round18_IA_2_filtered
25,12,-0,-96.97,4.578,452.37,-217.15,6757,LC0_FZ_100_Round18_filtered
25,12,2,-96.95,-4.603,623.667,203.06,13232,LC0_FZ_100_Round18_IA_2_filtered
25,12,0,-96.94,9.495,449.63,-260.61,6483,LC0_FZ_100_Round18_filtered
25,12,2,-96.92,9.894,618.727,-256.93,12738,LC0_FZ_100_Round18_IA_2_filtered
25,12,0,-96.92,-5.319,454.85,227.78,7005,LC0_FZ_100_Round18_filtered
25,12,4,-96.91,2.85,790.793,-146.4,19290,LC0_FZ_100_IA_4_filtered
25,12,2,-96.91,2.842,621.807,-159.54,13046,LC0_FZ_100_Round18_IA_2_filtered
25,12,2,-96.89,-6.96,624.257,235.96,13291,LC0_FZ_100_Round18_IA_2_filtered
25,12,0,-96.89,-5.455,458.39,213.82,7359,LC0_FZ_100_Round18_filtered
25,12,2,-96.88,-9.766,624.957,238.44,13361,LC0_FZ_100_Round18_IA_2_filtered
25,12,0,-96.87,8.087,449.28,-261.04,6448,LC0_FZ_100_Round18_filtered
25,12,2,-96.86,10.581,618.897,-259.55,12755,LC0_FZ_100_Round18_IA_2_filtered
25,12,0,-96.86,-4.589,454.67,214.44,6987,LC0_FZ_100_Round18_filtered
25,12,4,-96.85,12.124,788.413,-251.51,19052,LC0_FZ_100_IA_4_filtered
25,12,2,-96.85,11.75,619.257,-257.82,12791,LC0_FZ_100_Round18_IA_2_filtered
25,12,2,-96.85,8.61,620.357,-239.91,12901,LC0_FZ_100_Round18_IA_2_filtered
25,12,2,-96.82,-11.379,625.897,235.95,13455,LC0_FZ_100_Round18_IA_2_filtered
25,12,0,-96.81,-10.497,457.12,237.1,7232,LC0_FZ_100_Round18_filtered
25,12,4,-96.8,-11.427,794.372,227.65,19648,LC0_FZ_100_IA_4_filtered
25,12,0,-96.8,11.607,450.16,-264.77,6536,LC0_FZ_100_Round18_filtered
25,12,2,-96.79,-0.624,622.667,43.58,13132,LC0_FZ_100_Round18_IA_2_filtered
25,12,0,-96.79,2.758,452.83,-162.3,6803,LC0_FZ_100_Round18_filtered
25,12,2,-96.78,2.356,616.837,-146.49,12549,LC0_FZ_100_Round18_IA_2_filtered
25,12,0,-96.77,9.017,449.51,-256.87,6471,LC0_FZ_100_Round18_filtered
25,12,-0,-96.77,-10.883,456.24,243.64,7144,LC0_FZ_100_Round18_filtered
25,12,4,-96.75,11.395,788.643,-245.52,19075,LC0_FZ_100_IA_4_filtered
25,12,2,-96.75,-5.837,627.287,210.49,13594,LC0_FZ_100_Round18_IA_2_filtered
25,12,0,-96.74,10.084,450.99,-250.94,6619,LC0_FZ_100_Round18_filtered
25,12,0,-96.71,6.056,448.77,-256.28,6397,LC0_FZ_100_Round18_filtered
25,12,0,-96.7,9.28,449.58,-258.86,6478,LC0_FZ_100_Round18_filtered
25,12,0,-96.7,7.139,451.73,-238.27,6693,LC0_FZ_100_Round18_filtered
25,12,2,-96.69,2.11,621.987,-123.19,13064,LC0_FZ_100_Round18_IA_2_filtered
25,12,0,-96.69,-0.42,453.62,25.86,6882,LC0_FZ_100_Round18_filtered
25,12,0,-96.68,-10.776,457.05,234.75,7225,LC0_FZ_100_Round18_filtered
25,12,2,-96.66,3.734,621.577,-190.45,13023,LC0_FZ_100_Round18_IA_2_filtered
25,12,0,-96.66,-8.074,455.54,244.04,7074,LC0_FZ_100_Round18_filtered
25,12,0,-96.66,-1.071,459.49,70.06,7469,LC0_FZ_100_Round18_filtered
25,12,4,-96.65,2.409,785.843,-131.8,18795,LC0_FZ_100_IA_4_filtered
25,12,-0,-96.64,12.073,450.45,-260.52,6565,LC0_FZ_100_Round18_filtered
25,12,0,-96.6,-1.571,453.91,99.97,6911,LC0_FZ_100_Round18_filtered
25,12,0,-96.6,-8.467,457.63,230.09,7283,LC0_FZ_100_Round18_filtered
25,12,0,-96.58,-11.529,456.41,243.72,7161,LC0_FZ_100_Round18_filtered
25,12,2,-96.57,-11.693,625.547,238.88,13420,LC0_FZ_100_Round18_IA_2_filtered
25,12,4,-96.56,4.961,790.263,-194.88,19237,LC0_FZ_100_IA_4_filtered
25,12,-0,-96.56,5.008,452.26,-222.58,6746,LC0_FZ_100_Round18_filtered
25,12,2,-96.53,-8.317,624.597,233.92,13325,LC0_FZ_100_Round18_IA_2_filtered
25,12,2,-96.53,-11.74,625.627,236.55,13428,LC0_FZ_100_Round18_IA_2_filtered
25,12,0,-96.53,-9.241,455.83,240.65,7103,LC0_FZ_100_Round18_filtered
25,12,4,-96.49,6.676,786.913,-234.63,18902,LC0_FZ_100_IA_4_filtered
25,12,4,-96.46,-0.916,791.743,65.72,19385,LC0_FZ_100_IA_4_filtered
25,12,0,-96.46,-10.178,456.06,243.57,7126,LC0_FZ_100_Round18_filtered
25,12,4,-96.45,11.048,788.003,-252.04,19011,LC0_FZ_100_IA_4_filtered
25,12,0,-96.44,-11.624,456.82,240.8,7202,LC0_FZ_100_Round18_filtered
25,12,-0,-96.43,11.27,450.68,-254.18,6588,LC0_FZ_100_Round18_filtered
25,12,4,-96.42,6.251,786.803,-232,18891,LC0_FZ_100_IA_4_filtered
25,12,2,-96.42,-4.633,627.597,194.83,13625,LC0_FZ_100_Round18_IA_2_filtered
25,12,0,-96.39,-11.362,456.36,245.16,7156,LC0_FZ_100_Round18_filtered
25,12,4,-96.38,10.199,788.953,-237.76,19106,LC0_FZ_100_IA_4_filtered
25,12,2,-96.38,-8.785,624.717,234.84,13337,LC0_FZ_100_Round18_IA_2_filtered
25,12,2,-96.37,5.271,617.567,-228.4,12622,LC0_FZ_100_Round18_IA_2_filtered
25,12,2,-96.36,-10.69,625.187,236.85,13384,LC0_FZ_100_Round18_IA_2_filtered
25,12,0,-96.35,4.387,448.35,-210.94,6355,LC0_FZ_100_Round18_filtered
25,12,0,-96.32,-11.722,456.59,244.4,7179,LC0_FZ_100_Round18_filtered
25,12,0,-96.29,-2.881,454.24,156.29,6944,LC0_FZ_100_Round18_filtered
25,12,0,-96.29,-3.626,458.85,175.82,7405,LC0_FZ_100_Round18_filtered
25,12,2,-96.28,-3.534,627.867,164.59,13652,LC0_FZ_100_Round18_IA_2_filtered
25,12,0,-96.28,1.556,453.13,-105.96,6833,LC0_FZ_100_Round18_filtered
25,12,2,-96.27,10.461,619.887,-246.22,12854,LC0_FZ_100_Round18_IA_2_filtered
25,12,4,-96.25,11.8,788.293,-249.88,19040,LC0_FZ_100_IA_4_filtered
25,12,0,-96.25,7.626,449.16,-257.76,6436,LC0_FZ_100_Round18_filtered
25,12,0,-96.25,-11.705,456.53,243.73,7173,LC0_FZ_100_Round18_filtered
25,12,-0,-96.24,-3.423,454.37,171.54,6957,LC0_FZ_100_Round18_filtered
25,12,2,-96.23,-10.633,625.177,234.55,13383,LC0_FZ_100_Round18_IA_2_filtered
25,12,0,-96.22,-5.682,458.33,214.76,7353,LC0_FZ_100_Round18_filtered
25,12,0,-96.21,-9.878,457.28,231.35,7248,LC0_FZ_100_Round18_filtered
25,12,2,-96.2,6.428,617.857,-247.99,12651,LC0_FZ_100_Round18_IA_2_filtered
25,12,-0,-96.17,-4.375,454.61,198.97,6981,LC0_FZ_100_Round18_filtered
25,12,0,-96.17,-6.905,455.25,240.5,7045,LC0_FZ_100_Round18_filtered
25,12,0,-96.15,-6.805,458.05,223.08,7325,LC0_FZ_100_Round18_filtered
25,12,0,-96.14,0.582,453.37,-50.93,6857,LC0_FZ_100_Round18_filtered
25,12,0,-96.14,-3.296,454.34,172.89,6954,LC0_FZ_100_Round18_filtered
25,12,2,-96.12,2.43,616.857,-144.95,12551,LC0_FZ_100_Round18_IA_2_filtered
25,12,0,-96.12,-2.691,459.08,147.25,7428,LC0_FZ_100_Round18_filtered
25,12,2,-96.11,-11.005,625.987,230.34,13464,LC0_FZ_100_Round18_IA_2_filtered
25,12,-0,-96.11,12.131,450.4,-260.07,6560,LC0_FZ_100_Round18_filtered
25,12,4,-96.1,8.04,787.253,-240.42,18936,LC0_FZ_100_IA_4_filtered
25,12,0,-96.1,-4.188,454.56,201.28,6976,LC0_FZ_100_Round18_filtered
25,12,4,-96.08,0.212,791.463,-9.04,19357,LC0_FZ_100_IA_4_filtered
25,12,2,-96.08,6.017,621.007,-224.52,12966,LC0_FZ_100_Round18_IA_2_filtered
25,12,0,-96.08,-12.079,456.65,242.94,7185,LC0_FZ_100_Round18_filtered
25,12,0,-96.07,-9.924,456,238.77,7120,LC0_FZ_100_Round18_filtered
25,12,2,-96.05,9.663,618.667,-254.3,12732,LC0_FZ_100_Round18_IA_2_filtered
25,12,0,-96.05,0.991,453.27,-78.68,6847,LC0_FZ_100_Round18_filtered
25,12,2,-96.04,-9.649,626.337,227.39,13499,LC0_FZ_100_Round18_IA_2_filtered
25,12,2,-96.01,-0.982,622.767,68.81,13142,LC0_FZ_100_Round18_IA_2_filtered
25,12,0,-96,8.997,451.26,-243.65,6646,LC0_FZ_100_Round18_filtered
25,12,2,-95.99,2.589,621.867,-141.52,13052,LC0_FZ_100_Round18_IA_2_filtered
25,12,0,-95.99,0.076,453.5,-13.71,6870,LC0_FZ_100_Round18_filtered
25,12,0,-95.99,-1.452,453.88,97.53,6908,LC0_FZ_100_Round18_filtered
25,12,4,-95.98,2.914,785.973,-147.66,18808,LC0_FZ_100_IA_4_filtered
25,12,2,-95.98,9.249,620.197,-240.98,12885,LC0_FZ_100_Round18_IA_2_filtered
25,12,0,-95.95,5.297,448.58,-231.42,6378,LC0_FZ_100_Round18_filtered
25,12,0,-95.95,11.785,450.33,-257.46,6553,LC0_FZ_100_Round18_filtered
25,12,0,-95.95,-5.085,454.79,220.64,6999,LC0_FZ_100_Round18_filtered
25,12,0,-95.95,-6.003,455.02,234.62,7022,LC0_FZ_100_Round18_filtered
25,12,0,-95.94,8.382,449.35,-255.75,6455,LC0_FZ_100_Round18_filtered
25,12,0,-95.94,-6.698,455.19,241.6,7039,LC0_FZ_100_Round18_filtered
25,12,0,-95.89,7.464,449.12,-256.08,6432,LC0_FZ_100_Round18_filtered
25,12,0,-95.89,-4.528,458.62,199.72,7382,LC0_FZ_100_Round18_filtered
25,12,2,-95.88,8.502,618.377,-253.84,12703,LC0_FZ_100_Round18_IA_2_filtered
25,12,2,-95.88,-11.778,625.777,235.75,13443,LC0_FZ_100_Round18_IA_2_filtered
25,12,0,-95.88,8.227,451.46,-240.89,6666,LC0_FZ_100_Round18_filtered
25,12,4,-95.87,-4.177,796.692,173.85,19880,LC0_FZ_100_IA_4_filtered
25,12,2,-95.85,-6.34,627.167,214.05,13582,LC0_FZ_100_Round18_IA_2_filtered
25,12,2,-95.84,-3.697,627.827,172.46,13648,LC0_FZ_100_Round18_IA_2_filtered
25,12,0,-95.83,-8.502,455.65,239.6,7085,LC0_FZ_100_Round18_filtered
25,12,0,-95.82,2.024,453.01,-125.67,6821,LC0_FZ_100_Round18_filtered
25,12,0,-95.8,-7.596,455.42,242.71,7062,LC0_FZ_100_Round18_filtered
25,12,0,-95.8,-9.554,457.36,229.96,7256,LC0_FZ_100_Round18_filtered
25,12,2,-95.77,-10.506,626.117,228.9,13477,LC0_FZ_100_Round18_IA_2_filtered
25,12,0,-95.77,-10.031,457.24,233.18,7244,LC0_FZ_100_Round18_filtered
25,12,0,-95.76,-8.798,455.72,235.55,7092,LC0_FZ_100_Round18_filtered
25,12,2,-95.75,-9.709,624.947,235.3,13360,LC0_FZ_100_Round18_IA_2_filtered
25,12,0,-95.73,-5.771,454.96,231.01,7016,LC0_FZ_100_Round18_filtered
25,12,4,-95.72,8.793,789.303,-226.14,19141,LC0_FZ_100_IA_4_filtered
25,12,2,-95.71,-11.414,625.887,231.1,13454,LC0_FZ_100_Round18_IA_2_filtered
25,12,0,-95.69,5.747,452.08,-225.98,6728,LC0_FZ_100_Round18_filtered
25,12,2,-95.67,0.276,622.447,-22.71,13110,LC0_FZ_100_Round18_IA_2_filtered
25,12,0,-95.67,-4.785,458.56,199.72,7376,LC0_FZ_100_Round18_filtered
25,12,4,-95.66,2.703,790.833,-134.02,19294,LC0_FZ_100_IA_4_filtered
25,12,2,-95.66,-6.36,627.157,212.36,13581,LC0_FZ_100_Round18_IA_2_filtered
25,12,0,-95.66,-7.545,457.86,226.1,7306,LC0_FZ_100_Round18_filtered
25,12,2,-95.65,-6.849,627.037,215.74,13569,LC0_FZ_100_Round18_IA_2_filtered
25,12,0,-95.63,9.783,449.7,-256.99,6490,LC0_FZ_100_Round18_filtered
25,12,4,-95.62,7.77,789.563,-219.33,19167,LC0_FZ_100_IA_4_filtered
25,12,0,-95.61,-11.798,456.77,240.95,7197,LC0_FZ_100_Round18_filtered
25,12,0,-95.59,-12.01,456.7,239.73,7190,LC0_FZ_100_Round18_filtered
25,12,0,-95.59,-8.036,457.74,226.25,7294,LC0_FZ_100_Round18_filtered
25,12,2,-95.55,4.795,617.447,-215.22,12610,LC0_FZ_100_Round18_IA_2_filtered
25,12,2,-95.55,7.855,620.547,-231.25,12920,LC0_FZ_100_Round18_IA_2_filtered
25,12,0,-95.52,9.61,451.11,-245.85,6631,LC0_FZ_100_Round18_filtered
25,12,0,-95.52,6.373,451.92,-233.76,6712,LC0_FZ_100_Round18_filtered
25,12,2,-95.51,-0.161,622.557,9.53,13121,LC0_FZ_100_Round18_IA_2_filtered
25,12,0,-95.51,-7.867,455.49,233.68,7069,LC0_FZ_100_Round18_filtered
25,12,-0,-95.48,3.888,448.23,-197.43,6343,LC0_FZ_100_Round18_filtered
25,12,0,-95.48,11.432,450.64,-253.73,6584,LC0_FZ_100_Round18_filtered
25,12,4,-95.45,4.236,790.453,-183.92,19256,LC0_FZ_100_IA_4_filtered
25,12,0,-95.45,6.203,451.96,-229.1,6716,LC0_FZ_100_Round18_filtered
25,12,4,-95.44,10.547,788.863,-234.7,19097,LC0_FZ_100_IA_4_filtered
25,12,2,-95.41,11.944,619.497,-252.64,12815,LC0_FZ_100_Round18_IA_2_filtered
25,12,0,-95.41,9.947,449.74,-254.05,6494,LC0_FZ_100_Round18_filtered
25,12,4,-95.38,10.623,788.843,-234.68,19095,LC0_FZ_100_IA_4_filtered
25,12,2,-95.34,-5.408,627.397,202.7,13605,LC0_FZ_100_Round18_IA_2_filtered
25,12,0,-95.32,-9.716,455.95,239.09,7115,LC0_FZ_100_Round18_filtered
25,12,2,-95.28,2.767,616.947,-163.67,12560,LC0_FZ_100_Round18_IA_2_filtered
25,12,4,-95.27,9.236,789.193,-226.49,19130,LC0_FZ_100_IA_4_filtered
25,12,0,-95.24,-11.252,456.93,235.2,7213,LC0_FZ_100_Round18_filtered
25,12,0,-95.23,5.629,448.66,-246.01,6386,LC0_FZ_100_Round18_filtered
25,12,0,-95.23,-1.337,459.42,88.04,7462,LC0_FZ_100_Round18_filtered
25,12,2,-95.22,-0.799,628.557,54.08,13721,LC0_FZ_100_Round18_IA_2_filtered
25,12,0,-95.21,-10.633,456.18,241.42,7138,LC0_FZ_100_Round18_filtered
25,12,0,-95.2,-6.66,458.09,219.09,7329,LC0_FZ_100_Round18_filtered
25,12,0,-95.19,-11.12,456.3,239.11,7150,LC0_FZ_100_Round18_filtered
25,12,2,-95.17,3.239,617.057,-181.34,12571,LC0_FZ_100_Round18_IA_2_filtered
25,12,0,-95.17,10.393,450.91,-247.72,6611,LC0_FZ_100_Round18_filtered
25,12,0,-95.16,10.979,450.76,-249.71,6596,LC0_FZ_100_Round18_filtered
25,12,4,-95.15,7.412,789.653,-215.17,19176,LC0_FZ_100_IA_4_filtered
25,12,0,-95.14,5.453,452.15,-226.04,6735,LC0_FZ_100_Round18_filtered
25,12,0,-95.14,-3.865,458.79,177.1,7399,LC0_FZ_100_Round18_filtered
25,12,0,-95.1,3.414,452.66,-172.65,6786,LC0_FZ_100_Round18_filtered
25,12,0,-95.1,-9.076,457.48,227.78,7268,LC0_FZ_100_Round18_filtered
25,12,2,-95.09,12.126,619.417,-251.69,12807,LC0_FZ_100_Round18_IA_2_filtered
25,12,2,-95.07,2.322,621.927,-137.99,13058,LC0_FZ_100_Round18_IA_2_filtered
25,12,0,-95.07,-8.502,457.62,226.11,7282,LC0_FZ_100_Round18_filtered
25,12,2,-95.06,8.763,620.317,-234.52,12897,LC0_FZ_100_Round18_IA_2_filtered
25,12,0,-95.06,-5.279,454.84,220.02,7004,LC0_FZ_100_Round18_filtered
25,12,0,-95.05,-6.484,455.14,235.38,7034,LC0_FZ_100_Round18_filtered
25,12,2,-95.04,-11.818,625.757,231.87,13441,LC0_FZ_100_Round18_IA_2_filtered
25,12,0,-95.04,1.817,453.06,-123.22,6826,LC0_FZ_100_Round18_filtered
25,12,0,-95.02,-0.467,453.63,29.76,6883,LC0_FZ_100_Round18_filtered
25,12,0,-95.01,-1.783,459.31,109.46,7451,LC0_FZ_100_Round18_filtered
25,12,0,-94.98,4.704,448.43,-228.48,6363,LC0_FZ_100_Round18_filtered
25,12,0,-94.98,3.179,452.72,-175.65,6792,LC0_FZ_100_Round18_filtered
25,12,0,-94.97,-11.301,456.35,238.78,7155,LC0_FZ_100_Round18_filtered
25,12,2,-94.95,-1.002,628.507,69.9,13716,LC0_FZ_100_Round18_IA_2_filtered
25,12,0,-94.95,4.334,452.43,-199.18,6763,LC0_FZ_100_Round18_filtered
25,12,2,-94.94,8.74,618.437,-248.17,12709,LC0_FZ_100_Round18_IA_2_filtered
25,12,0,-94.92,-5.563,454.91,225.92,7011,LC0_FZ_100_Round18_filtered
25,12,2,-94.89,-2.178,628.207,120.63,13686,LC0_FZ_100_Round18_IA_2_filtered
25,12,-0,-94.89,4.099,452.49,-202.09,6769,LC0_FZ_100_Round18_filtered
25,12,0,-94.88,-7.128,455.3,239.58,7050,LC0_FZ_100_Round18_filtered
25,12,4,-94.85,4.589,786.393,-205.56,18850,LC0_FZ_100_IA_4_filtered
25,12,2,-94.83,6.634,617.907,-241.61,12656,LC0_FZ_100_Round18_IA_2_filtered
25,12,2,-94.83,10.063,619.997,-238.65,12865,LC0_FZ_100_Round18_IA_2_filtered
25,12,2,-94.8,-11.543,625.407,233.41,13406,LC0_FZ_100_Round18_IA_2_filtered
25,12,-0,-94.8,-1.54,459.37,94.45,7457,LC0_FZ_100_Round18_filtered
25,12,4,-94.78,4.797,786.443,-201.18,18855,LC0_FZ_100_IA_4_filtered
25,12,0,-94.77,-11.724,456.54,237.1,7174,LC0_FZ_100_Round18_filtered
25,12,2,-94.74,-11.762,625.647,231.37,13430,LC0_FZ_100_Round18_IA_2_filtered
25,12,4,-94.73,2.836,790.803,-141.43,19291,LC0_FZ_100_IA_4_filtered
25,12,0,-94.73,9.487,451.14,-241.93,6634,LC0_FZ_100_Round18_filtered
25,12,2,-94.72,1.485,622.147,-98.92,13080,LC0_FZ_100_Round18_IA_2_filtered
25,12,0,-94.72,6.824,451.81,-232.48,6701,LC0_FZ_100_Round18_filtered
25,12,0,-94.72,0.958,453.28,-76.49,6848,LC0_FZ_100_Round18_filtered
25,12,0,-94.71,2.252,452.95,-141.52,6815,LC0_FZ_100_Round18_filtered
25,12,-0,-94.69,11.707,450.21,-256.17,6541,LC0_FZ_100_Round18_filtered
25,12,0,-94.69,-10.833,456.23,236.8,7143,LC0_FZ_100_Round18_filtered
25,12,4,-94.67,11.009,788.743,-234.73,19085,LC0_FZ_100_IA_4_filtered
25,12,0,-94.67,2.503,452.89,-143.19,6809,LC0_FZ_100_Round18_filtered
25,12,4,-94.65,5.514,786.623,-220.16,18873,LC0_FZ_100_IA_4_filtered
25,12,0,-94.65,7.941,449.24,-251.12,6444,LC0_FZ_100_Round18_filtered
25,12,-0,-94.62,-9.902,457.27,227.05,7247,LC0_FZ_100_Round18_filtered
25,12,2,-94.6,4.598,621.357,-204.87,13001,LC0_FZ_100_Round18_IA_2_filtered
25,12,0,-94.6,-11.715,456.58,238.06,7178,LC0_FZ_100_Round18_filtered
25,12,0,-94.6,-10.829,457.04,229.68,7224,LC0_FZ_100_Round18_filtered
25,12,0,-94.6,-7.12,457.97,220.84,7317,LC0_FZ_100_Round18_filtered
25,12,2,-94.58,-4.491,627.627,186.24,13628,LC0_FZ_100_Round18_IA_2_filtered
25,12,0,-94.58,-6.962,455.26,234.11,7046,LC0_FZ_100_Round18_filtered
25,12,0,-94.51,-8.056,455.53,237.57,7073,LC0_FZ_100_Round18_filtered
25,12,0,-94.5,9.044,451.25,-238.08,6645,LC0_FZ_100_Round18_filtered
25,12,0,-94.5,-10.446,457.13,230.89,7233,LC0_FZ_100_Round18_filtered
25,12,4,-94.49,-1.87,797.272,104.91,19938,LC0_FZ_100_IA_4_filtered
25,12,0,-94.49,-12.082,456.66,236.76,7186,LC0_FZ_100_Round18_filtered
25,12,0,-94.49,-8.118,457.72,223.57,7292,LC0_FZ_100_Round18_filtered
25,12,2,-94.48,-11.707,625.527,232.29,13418,LC0_FZ_100_Round18_IA_2_filtered
25,12,0,-94.48,-10.362,456.11,235.24,7131,LC0_FZ_100_Round18_filtered
25,12,0,-94.46,-4.207,454.57,196.62,6977,LC0_FZ_100_Round18_filtered
25,12,0,-94.45,-4.487,458.63,194.44,7383,LC0_FZ_100_Round18_filtered
25,12,0,-94.43,8.639,451.35,-238.87,6655,LC0_FZ_100_Round18_filtered
25,12,0,-94.43,6.703,451.84,-231.42,6704,LC0_FZ_100_Round18_filtered
25,12,0,-94.39,-9.263,455.84,234.9,7104,LC0_FZ_100_Round18_filtered
25,12,0,-94.37,11.327,450.09,-254.2,6529,LC0_FZ_100_Round18_filtered
25,12,0,-94.37,8.572,451.37,-238.87,6657,LC0_FZ_100_Round18_filtered
25,12,0,-94.36,-8.58,457.6,225.44,7280,LC0_FZ_100_Round18_filtered
25,12,0,-94.35,0.608,453.36,-52.62,6856,LC0_FZ_100_Round18_filtered
25,12,0,-94.34,-11.677,456.81,234.44,7201,LC0_FZ_100_Round18_filtered
25,12,2,-94.33,5.987,617.747,-240.71,12640,LC0_FZ_100_Round18_IA_2_filtered
25,12,-0,-94.33,10.529,450.88,-246.89,6608,LC0_FZ_100_Round18_filtered
25,12,4,-94.32,2.846,785.963,-146.83,18807,LC0_FZ_100_IA_4_filtered
25,12,0,-94.32,7.034,449.01,-252.98,6421,LC0_FZ_100_Round18_filtered
25,12,2,-94.3,-3.563,627.857,163.24,13651,LC0_FZ_100_Round18_IA_2_filtered
25,12,0,-94.3,-5.715,458.32,210.45,7352,LC0_FZ_100_Round18_filtered
25,12,0,-94.3,-2.011,459.25,114.57,7445,LC0_FZ_100_Round18_filtered
25,12,0,-94.29,-9.479,457.38,225.02,7258,LC0_FZ_100_Round18_filtered
25,12,0,-94.29,-8.992,457.5,225.26,7270,LC0_FZ_100_Round18_filtered
25,12,0,-94.27,-7.619,457.84,221.13,7304,LC0_FZ_100_Round18_filtered
25,12,2,-94.26,9.211,618.557,-246.3,12721,LC0_FZ_100_Round18_IA_2_filtered
25,12,4,-94.25,6.386,789.903,-205.57,19201,LC0_FZ_100_IA_4_filtered
25,12,-0,-94.25,4.81,448.46,-220.38,6366,LC0_FZ_100_Round18_filtered
25,12,0,-94.25,4.545,452.38,-210.16,6758,LC0_FZ_100_Round18_filtered
25,12,-0,-94.24,-8.479,455.64,233.73,7084,LC0_FZ_100_Round18_filtered
25,12,2,-94.23,8.307,620.437,-228.74,12909,LC0_FZ_100_Round18_IA_2_filtered
25,12,4,-94.21,-0.53,791.633,37.29,19374,LC0_FZ_100_IA_4_filtered
25,12,0,-94.2,-1.116,459.48,71.12,7468,LC0_FZ_100_Round18_filtered
25,12,2,-94.19,-4.057,627.737,174.79,13639,LC0_FZ_100_Round18_IA_2_filtered
25,12,0,-94.19,8.988,449.5,-249.1,6470,LC0_FZ_100_Round18_filtered
25,12,0,-94.19,7.73,451.58,-235.46,6678,LC0_FZ_100_Round18_filtered
25,12,4,-94.17,1.477,791.143,-84.87,19325,LC0_FZ_100_IA_4_filtered
25,12,0,-94.17,6.646,448.92,-246.44,6412,LC0_FZ_100_Round18_filtered
25,12,0,-94.17,-3.411,458.9,162.35,7410,LC0_FZ_100_Round18_filtered
25,12,2,-94.15,2.781,616.957,-161.3,12561,LC0_FZ_100_Round18_IA_2_filtered
25,12,0,-94.14,-4.327,454.6,193.82,6980,LC0_FZ_100_Round18_filtered
25,12,4,-94.13,-2.371,797.152,121.83,19926,LC0_FZ_100_IA_4_filtered
25,12,2,-94.13,11.659,619.177,-245.32,12783,LC0_FZ_100_Round18_IA_2_filtered
25,12,2,-94.1,-1.409,628.397,92.97,13705,LC0_FZ_100_Round18_IA_2_filtered
25,12,0,-94.1,5.749,448.69,-236.08,6389,LC0_FZ_100_Round18_filtered
25,12,2,-94.07,-3.143,627.967,151.63,13662,LC0_FZ_100_Round18_IA_2_filtered
25,12,0,-94.07,3.855,448.22,-197.6,6342,LC0_FZ_100_Round18_filtered
25,12,0,-94.06,-6.625,455.18,234.19,7038,LC0_FZ_100_Round18_filtered
25,12,4,-94.05,10.154,787.783,-240.24,18989,LC0_FZ_100_IA_4_filtered
25,12,0,-94.05,-11.771,456.78,234.44,7198,LC0_FZ_100_Round18_filtered
25,12,4,-94.02,-2.831,797.032,136.29,19914,LC0_FZ_100_IA_4_filtered
25,12,0,-94.02,1.097,453.24,-81.32,6844,LC0_FZ_100_Round18_filtered
25,12,0,-94,7.649,451.6,-232.63,6680,LC0_FZ_100_Round18_filtered
25,12,4,-93.99,8.317,787.323,-229.06,18943,LC0_FZ_100_IA_4_filtered
25,12,0,-93.98,-7.441,455.38,231.16,7058,LC0_FZ_100_Round18_filtered
25,12,0,-93.96,-7.922,455.5,229.62,7070,LC0_FZ_100_Round18_filtered
25,12,0,-93.93,-9.966,457.26,225.62,7246,LC0_FZ_100_Round18_filtered
25,12,0,-93.92,1.597,453.12,-105.65,6832,LC0_FZ_100_Round18_filtered
25,12,4,-93.9,3.671,790.593,-162.88,19270,LC0_FZ_100_IA_4_filtered
25,12,0,-93.9,-10.387,457.15,227.01,7235,LC0_FZ_100_Round18_filtered
25,12,4,-93.89,4.306,786.323,-188.7,18843,LC0_FZ_100_IA_4_filtered
25,12,2,-93.89,10.977,619.757,-239.61,12841,LC0_FZ_100_Round18_IA_2_filtered
25,12,0,-93.88,-4.329,458.67,187.29,7387,LC0_FZ_100_Round18_filtered
25,12,0,-93.87,-0.709,453.69,44.94,6889,LC0_FZ_100_Round18_filtered
25,12,2,-93.86,-2.716,628.077,138.55,13673,LC0_FZ_100_Round18_IA_2_filtered
25,12,0,-93.86,10.858,449.97,-251.72,6517,LC0_FZ_100_Round18_filtered
25,12,0,-93.82,6.107,448.78,-248.33,6398,LC0_FZ_100_Round18_filtered
25,12,2,-93.78,10.603,619.857,-241.35,12851,LC0_FZ_100_Round18_IA_2_filtered
25,12,0,-93.77,3.404,448.1,-184.91,6330,LC0_FZ_100_Round18_filtered
25,12,0,-93.77,-11.275,456.34,232.58,7154,LC0_FZ_100_Round18_filtered
25,12,0,-93.76,-9.89,455.99,233.06,7119,LC0_FZ_100_Round18_filtered
25,12,0,-93.75,-10.415,457.14,227.01,7234,LC0_FZ_100_Round18_filtered
25,12,0,-93.71,-4.816,458.55,196.16,7375,LC0_FZ_100_Round18_filtered
25,12,2,-93.7,11.9,619.507,-244.91,12816,LC0_FZ_100_Round18_IA_2_filtered
25,12,-0,-93.7,9.968,451.02,-241.92,6622,LC0_FZ_100_Round18_filtered
25,12,-0,-93.66,-6.696,458.08,215.89,7328,LC0_FZ_100_Round18_filtered
25,12,2,-93.65,8.456,618.367,-244.02,12702,LC0_FZ_100_Round18_IA_2_filtered
25,12,4,-93.62,5.973,790.013,-200.47,19212,LC0_FZ_100_IA_4_filtered
25,12,2,-93.62,8.301,618.327,-240.45,12698,LC0_FZ_100_Round18_IA_2_filtered
25,12,0,-93.59,9.069,451.24,-237.3,6644,LC0_FZ_100_Round18_filtered
25,12,0,-93.57,11.784,450.29,-253.27,6549,LC0_FZ_100_Round18_filtered
25,12,0,-93.53,-4.942,458.52,200.05,7372,LC0_FZ_100_Round18_filtered
25,12,0,-93.52,7.495,449.13,-248.66,6433,LC0_FZ_100_Round18_filtered
25,12,0,-93.52,2.731,452.84,-157.13,6804,LC0_FZ_100_Round18_filtered
25,12,2,-93.5,11.782,619.287,-245.68,12794,LC0_FZ_100_Round18_IA_2_filtered
25,12,2,-93.5,-1.755,628.317,102.46,13697,LC0_FZ_100_Round18_IA_2_filtered
25,12,2,-93.48,3.828,617.207,-188.29,12586,LC0_FZ_100_Round18_IA_2_filtered
25,12,2,-93.48,5.058,621.247,-207.56,12990,LC0_FZ_100_Round18_IA_2_filtered
25,12,0,-93.47,8.419,449.36,-247.7,6456,LC0_FZ_100_Round18_filtered
25,12,2,-93.46,9.132,620.227,-231.43,12888,LC0_FZ_100_Round18_IA_2_filtered
25,12,0,-93.46,11.413,450.65,-246.6,6585,LC0_FZ_100_Round18_filtered
25,12,2,-93.43,10.088,619.987,-235.45,12864,LC0_FZ_100_Round18_IA_2_filtered
25,12,0,-93.42,-7.565,455.41,235.38,7061,LC0_FZ_100_Round18_filtered
25,12,0,-93.41,-3.758,454.46,183.62,6966,LC0_FZ_100_Round18_filtered
25,12,2,-93.4,8.737,620.327,-228.78,12898,LC0_FZ_100_Round18_IA_2_filtered
25,12,-0,-93.37,-8.439,455.63,229.39,7083,LC0_FZ_100_Round18_filtered
25,12,-0,-93.36,3.801,448.21,-200.08,6341,LC0_FZ_100_Round18_filtered
25,12,4,-93.34,10.63,787.903,-238.71,19001,LC0_FZ_100_IA_4_filtered
25,12,0,-93.33,2.057,453,-125.23,6820,LC0_FZ_100_Round18_filtered
25,12,-0,-93.33,-0.516,453.64,32.73,6884,LC0_FZ_100_Round18_filtered
25,12,0,-93.32,-3.829,454.47,181.11,6967,LC0_FZ_100_Round18_filtered
25,12,2,-93.3,4.631,617.407,-217.78,12606,LC0_FZ_100_Round18_IA_2_filtered
25,12,0,-93.29,-7.073,455.29,232.93,7049,LC0_FZ_100_Round18_filtered
25,12,0,-93.25,-0.269,453.58,11.13,6878,LC0_FZ_100_Round18_filtered
25,12,2,-93.23,12.129,619.407,-244.74,12806,LC0_FZ_100_Round18_IA_2_filtered
25,12,0,-93.23,-8.027,455.52,232,7072,LC0_FZ_100_Round18_filtered
25,12,0,-93.23,-9.399,455.87,231.04,7107,LC0_FZ_100_Round18_filtered
25,12,0,-93.22,6.623,448.91,-244.29,6411,LC0_FZ_100_Round18_filtered
25,12,0,-93.22,-9.834,455.98,229.38,7118,LC0_FZ_100_Round18_filtered
25,12,0,-93.22,-3.909,458.78,174.91,7398,LC0_FZ_100_Round18_filtered
25,12,0,-93.19,-10.323,456.1,230.43,7130,LC0_FZ_100_Round18_filtered
25,12,4,-93.17,3.839,786.203,-175.67,18831,LC0_FZ_100_IA_4_filtered
25,12,0,-93.13,8.903,449.48,-245.67,6468,LC0_FZ_100_Round18_filtered
25,12,0,-93.11,6.772,451.82,-227.7,6702,LC0_FZ_100_Round18_filtered
25,12,0,-93.11,-4.288,454.59,191.26,6979,LC0_FZ_100_Round18_filtered
25,12,4,-93.1,5.514,790.123,-195.85,19223,LC0_FZ_100_IA_4_filtered
25,12,0,-93.08,-5.291,458.43,202.34,7363,LC0_FZ_100_Round18_filtered
25,12,0,-93.06,9.885,449.73,-247.82,6493,LC0_FZ_100_Round18_filtered
25,12,0,-93.05,5.686,448.68,-235.59,6388,LC0_FZ_100_Round18_filtered
25,12,0,-93.05,10.942,450.77,-243.82,6597,LC0_FZ_100_Round18_filtered
25,12,0,-93.03,-5.806,458.3,208.14,7350,LC0_FZ_100_Round18_filtered
25,12,0,-93.02,-11.703,456.57,232.29,7177,LC0_FZ_100_Round18_filtered
25,12,4,-93,11.837,788.383,-237.81,19049,LC0_FZ_100_IA_4_filtered
25,12,0,-93,6.25,451.95,-224.59,6715,LC0_FZ_100_Round18_filtered
25,12,2,-92.99,11.457,619.637,-240.44,12829,LC0_FZ_100_Round18_IA_2_filtered
25,12,4,-92.95,7.382,787.093,-226.15,18920,LC0_FZ_100_IA_4_filtered
25,12,2,-92.95,-1.82,628.297,108.18,13695,LC0_FZ_100_Round18_IA_2_filtered
25,12,4,-92.94,7.527,787.123,-227.53,18923,LC0_FZ_100_IA_4_filtered
25,12,0,-92.94,5.779,452.07,-220.7,6727,LC0_FZ_100_Round18_filtered
25,12,0,-92.94,-6.271,458.18,213.21,7338,LC0_FZ_100_Round18_filtered
25,12,0,-92.93,11.801,450.32,-249.21,6552,LC0_FZ_100_Round18_filtered
25,12,0,-92.93,12.118,450.42,-245.34,6562,LC0_FZ_100_Round18_filtered
25,12,0,-92.92,7.046,449.02,-247.35,6422,LC0_FZ_100_Round18_filtered
25,12,0,-92.92,7.106,449.03,-247.7,6423,LC0_FZ_100_Round18_filtered
25,12,0,-92.91,-6.99,455.27,229.82,7047,LC0_FZ_100_Round18_filtered
25,12,0,-92.89,-4.719,454.7,201.12,6990,LC0_FZ_100_Round18_filtered
25,12,0,-92.88,-4.398,458.66,185.33,7386,LC0_FZ_100_Round18_filtered
25,12,0,-92.86,8.002,449.26,-246.12,6446,LC0_FZ_100_Round18_filtered
25,12,0,-92.84,10.473,450.89,-241.96,6609,LC0_FZ_100_Round18_filtered
25,12,2,-92.83,9.164,620.217,-229.3,12887,LC0_FZ_100_Round18_IA_2_filtered
25,12,0,-92.79,11.837,450.53,-249.08,6573,LC0_FZ_100_Round18_filtered
25,12,0,-92.77,11.38,450.66,-243.81,6586,LC0_FZ_100_Round18_filtered
25,12,0,-92.76,4.778,448.45,-220.12,6365,LC0_FZ_100_Round18_filtered
25,12,2,-92.75,6.431,620.907,-217.17,12956,LC0_FZ_100_Round18_IA_2_filtered
25,12,0,-92.74,6.142,448.79,-242.56,6399,LC0_FZ_100_Round18_filtered
25,12,0,-92.74,-1.066,453.79,70.97,6899,LC0_FZ_100_Round18_filtered
25,12,2,-92.73,-0.827,628.547,56.48,13720,LC0_FZ_100_Round18_IA_2_filtered
25,12,0,-92.73,-4.258,454.58,192.77,6978,LC0_FZ_100_Round18_filtered
25,12,0,-92.72,7.968,449.25,-245.64,6445,LC0_FZ_100_Round18_filtered
25,12,0,-92.71,-8.912,455.75,230.29,7095,LC0_FZ_100_Round18_filtered
25,12,0,-92.7,-6.085,455.04,223.32,7024,LC0_FZ_100_Round18_filtered
25,12,0,-92.69,3.907,452.54,-183.93,6774,LC0_FZ_100_Round18_filtered
25,12,2,-92.64,6.947,617.987,-236.7,12664,LC0_FZ_100_Round18_IA_2_filtered
25,12,0,-92.63,-7.03,455.28,229.16,7048,LC0_FZ_100_Round18_filtered
25,12,0,-92.62,-5.218,454.82,210.26,7002,LC0_FZ_100_Round18_filtered
25,12,0,-92.61,-5.152,454.81,210.88,7001,LC0_FZ_100_Round18_filtered
25,12,2,-92.6,4.503,621.387,-192.66,13004,LC0_FZ_100_Round18_IA_2_filtered
25,12,2,-92.59,5.422,621.157,-208.8,12981,LC0_FZ_100_Round18_IA_2_filtered
25,12,0,-92.55,-11.637,456.45,229.94,7165,LC0_FZ_100_Round18_filtered
25,12,0,-92.53,-11.719,456.56,229.83,7176,LC0_FZ_100_Round18_filtered
25,12,2,-92.5,10.166,618.797,-244.01,12745,LC0_FZ_100_Round18_IA_2_filtered
25,12,0,-92.5,7.557,449.14,-246.26,6434,LC0_FZ_100_Round18_filtered
25,12,0,-92.48,7.692,451.59,-231.23,6679,LC0_FZ_100_Round18_filtered
25,12,2,-92.44,4.572,621.367,-197.96,13002,LC0_FZ_100_Round18_IA_2_filtered
25,12,0,-92.44,-6.252,458.19,211.65,7339,LC0_FZ_100_Round18_filtered
25,12,2,-92.39,7.981,618.247,-240.6,12690,LC0_FZ_100_Round18_IA_2_filtered
25,12,-0,-92.38,12.114,450.43,-245.13,6563,LC0_FZ_100_Round18_filtered
25,12,4,-92.37,4.741,786.433,-196.82,18854,LC0_FZ_100_IA_4_filtered
25,12,0,-92.36,11.69,450.2,-248.46,6540,LC0_FZ_100_Round18_filtered
25,12,4,-92.34,-0.482,791.623,34.55,19373,LC0_FZ_100_IA_4_filtered
25,12,0,-92.33,-9.35,455.86,228.87,7106,LC0_FZ_100_Round18_filtered
25,12,0,-92.3,11.751,450.55,-246.44,6575,LC0_FZ_100_Round18_filtered
25,12,0,-92.3,-5.68,454.94,218.52,7014,LC0_FZ_100_Round18_filtered
25,12,2,-92.27,-0.134,622.547,6.04,13120,LC0_FZ_100_Round18_IA_2_filtered
25,12,0,-92.27,11.646,450.18,-247.66,6538,LC0_FZ_100_Round18_filtered
25,12,2,-92.26,-1.382,628.407,89.2,13706,LC0_FZ_100_Round18_IA_2_filtered
25,12,-0,-92.26,-6.116,455.05,222.57,7025,LC0_FZ_100_Round18_filtered
25,12,0,-92.24,-10.769,456.21,228.71,7141,LC0_FZ_100_Round18_filtered
25,12,2,-92.21,7.863,618.217,-236.1,12687,LC0_FZ_100_Round18_IA_2_filtered
25,12,0,-92.21,4.863,452.3,-204.87,6750,LC0_FZ_100_Round18_filtered
25,12,0,-92.19,8.463,449.37,-244.26,6457,LC0_FZ_100_Round18_filtered
25,12,0,-92.19,-1.577,459.36,94.54,7456,LC0_FZ_100_Round18_filtered
25,12,0,-92.18,-5.32,458.42,201.9,7362,LC0_FZ_100_Round18_filtered
25,12,2,-92.14,4.262,617.317,-198.9,12597,LC0_FZ_100_Round18_IA_2_filtered
25,12,2,-92.13,5.904,621.037,-211.94,12969,LC0_FZ_100_Round18_IA_2_filtered
25,12,2,-92.13,1.852,622.047,-115.75,13070,LC0_FZ_100_Round18_IA_2_filtered
25,12,2,-92.12,5.439,621.147,-207.41,12980,LC0_FZ_100_Round18_IA_2_filtered
25,12,2,-92.08,3.668,621.597,-177.97,13025,LC0_FZ_100_Round18_IA_2_filtered
25,12,0,-92.06,4.071,452.5,-195.62,6770,LC0_FZ_100_Round18_filtered
25,12,-0,-92.06,3.144,452.73,-169.51,6793,LC0_FZ_100_Round18_filtered
25,12,0,-92.05,2.22,452.96,-136.21,6816,LC0_FZ_100_Round18_filtered
25,12,0,-91.98,9.377,449.6,-246.14,6480,LC0_FZ_100_Round18_filtered
25,12,2,-91.94,11.236,619.057,-242.3,12771,LC0_FZ_100_Round18_IA_2_filtered
25,12,4,-91.92,8.369,787.333,-225.28,18944,LC0_FZ_100_IA_4_filtered
25,12,0,-91.92,-1.037,453.78,69.63,6898,LC0_FZ_100_Round18_filtered
25,12,2,-91.88,3.57,621.617,-170.86,13027,LC0_FZ_100_Round18_IA_2_filtered
25,12,0,-91.88,-2.185,459.21,122.48,7441,LC0_FZ_100_Round18_filtered
25,12,2,-91.87,3.309,617.077,-175.63,12573,LC0_FZ_100_Round18_IA_2_filtered
25,12,0,-91.83,2.553,452.88,-142.23,6808,LC0_FZ_100_Round18_filtered
25,12,4,-91.82,-0.454,791.613,32.33,19372,LC0_FZ_100_IA_4_filtered
25,12,0,-91.78,9.859,449.72,-245.69,6492,LC0_FZ_100_Round18_filtered
25,12,2,-91.76,7.491,618.127,-236.12,12678,LC0_FZ_100_Round18_IA_2_filtered
25,12,0,-91.67,11.789,450.31,-245.04,6551,LC0_FZ_100_Round18_filtered
25,12,2,-91.62,0.507,622.387,-39.29,13104,LC0_FZ_100_Round18_IA_2_filtered
25,12,0,-91.62,-3.944,458.77,174.63,7397,LC0_FZ_100_Round18_filtered
25,12,0,-91.56,10.786,449.95,-246.28,6515,LC0_FZ_100_Round18_filtered
25,12,0,-91.56,11.263,450.07,-245.2,6527,LC0_FZ_100_Round18_filtered
25,12,-0,-91.53,11.653,450.19,-244.98,6539,LC0_FZ_100_Round18_filtered
25,12,4,-91.52,4.231,786.303,-186.24,18841,LC0_FZ_100_IA_4_filtered
25,12,0,-91.5,-1.153,459.47,72.72,7467,LC0_FZ_100_Round18_filtered
25,12,2,-91.48,-0.584,622.647,36.6,13130,LC0_FZ_100_Round18_IA_2_filtered
25,12,0,-91.47,5.386,452.17,-213.41,6737,LC0_FZ_100_Round18_filtered
25,12,0,-91.41,4.505,452.39,-202.92,6759,LC0_FZ_100_Round18_filtered
25,12,4,-91.4,5.685,786.663,-211.53,18877,LC0_FZ_100_IA_4_filtered
25,12,2,-91.32,1.709,622.087,-103.18,13074,LC0_FZ_100_Round18_IA_2_filtered
25,12,2,-91.32,0.771,622.317,-56.34,13097,LC0_FZ_100_Round18_IA_2_filtered
25,12,2,-91.31,4.213,617.307,-200.48,12596,LC0_FZ_100_Round18_IA_2_filtered
25,12,2,-91.3,8.326,618.337,-233.22,12699,LC0_FZ_100_Round18_IA_2_filtered
25,12,2,-91.28,7.038,618.007,-233.19,12666,LC0_FZ_100_Round18_IA_2_filtered
25,12,-0,-91.19,5.824,452.06,-218.34,6726,LC0_FZ_100_Round18_filtered
25,12,2,-91.17,5.571,617.647,-226.38,12630,LC0_FZ_100_Round18_IA_2_filtered
25,12,4,-91.15,6.998,786.993,-219.57,18910,LC0_FZ_100_IA_4_filtered
25,12,0,-90.96,2.688,452.85,-151.56,6805,LC0_FZ_100_Round18_filtered
25,12,2,-90.89,8.806,618.457,-233.96,12711,LC0_FZ_100_Round18_IA_2_filtered
25,12,4,-90.84,0.914,791.273,-55.53,19338,LC0_FZ_100_IA_4_filtered
25,12,0,-90.84,-0.221,453.57,8.02,6877,LC0_FZ_100_Round18_filtered
25,12,2,-90.79,-0.531,622.637,34.56,13129,LC0_FZ_100_Round18_IA_2_filtered
25,12,2,-90.7,7.462,618.117,-231.18,12677,LC0_FZ_100_Round18_IA_2_filtered
25,12,0,-90.53,0.867,453.3,-69.53,6850,LC0_FZ_100_Round18_filtered
25,12,2,-90.38,0.931,622.277,-67.37,13093,LC0_FZ_100_Round18_IA_2_filtered
25,12,0,-90.28,2.111,452.99,-125.2,6819,LC0_FZ_100_Round18_filtered
25,12,0,-90.21,-1.603,459.35,95.79,7455,LC0_FZ_100_Round18_filtered
25,12,-0,-90.21,-1.243,459.44,81.13,7464,LC0_FZ_100_Round18_filtered
25,12,-0,-90.02,4.042,452.51,-188.25,6771,LC0_FZ_100_Round18_filtered
25,12,2,-89.96,0.358,622.427,-27.52,13108,LC0_FZ_100_Round18_IA_2_filtered
25,12,0,-89.96,3.094,452.74,-163.84,6794,LC0_FZ_100_Round18_filtered
25,12,0,-89.95,4.407,452.41,-194.49,6761,LC0_FZ_100_Round18_filtered
25,12,0,-89.57,3.046,452.75,-159.47,6795,LC0_FZ_100_Round18_filtered
25,12,0,-89.45,2.657,452.86,-146.27,6806,LC0_FZ_100_Round18_filtered
25,12,0,-89.45,2.176,452.97,-131.2,6817,LC0_FZ_100_Round18_filtered
25,12,0,-89.27,-0.592,453.66,37.19,6886,LC0_FZ_100_Round18_filtered
25,12,4,-89.16,-0.003,791.513,2.63,19362,LC0_FZ_100_IA_4_filtered
25,12,0,-88.92,0.681,453.34,-56.14,6854,LC0_FZ_100_Round18_filtered
25,12,2,-88.9,-0.005,622.517,-1.95,13117,LC0_FZ_100_Round18_IA_2_filtered
25,12,0,-88.84,3.539,452.63,-173.88,6783,LC0_FZ_100_Round18_filtered
25,12,2,-88.83,0.81,622.307,-57.98,13096,LC0_FZ_100_Round18_IA_2_filtered
25,12,0,-88.81,-1.202,459.45,77.7,7465,LC0_FZ_100_Round18_filtered
25,12,0,-88.76,-0.803,459.56,53.47,7476,LC0_FZ_100_Round18_filtered
25,12,0,-88.69,1.718,453.09,-110.09,6829,LC0_FZ_100_Round18_filtered
25,12,0,-88.18,0.283,453.45,-26.82,6865,LC0_FZ_100_Round18_filtered
25,12,0,-87.96,-0.192,453.56,5.46,6876,LC0_FZ_100_Round18_filtered
25,12,0,-87.64,1.243,453.2,-90.42,6840,LC0_FZ_100_Round18_filtered
25,12,0,-87.51,0.822,453.31,-65.66,6851,LC0_FZ_100_Round18_filtered
25,12,2,-87.2,0.858,622.297,-60.84,13095,LC0_FZ_100_Round18_IA_2_filtered
25,12,0,-86.68,0.779,453.32,-61.86,6852,LC0_FZ_100_Round18_filtered
25,12,0,-86.66,-0.12,453.55,2.64,6875,LC0_FZ_100_Round18_filtered
25,12,0,-86.28,0.333,453.43,-32.7,6863,LC0_FZ_100_Round18_filtered
25,12,0,-59.32,1.698,380.07,-84.51,3789,LC0_FZ_50_Round18_filtered
25,12,4,-58.82,-2.73,724.584,100.82,16932,LC0_FZ_50_IA_4_filtered
25,12,0,-58.72,1.304,379.97,-71.65,3779,LC0_FZ_50_Round18_filtered
25,12,0,-58.5,1.274,379.96,-68.24,3778,LC0_FZ_50_Round18_filtered
25,12,0,-58.36,1.663,380.06,-80.44,3788,LC0_FZ_50_Round18_filtered
25,12,0,-58.3,2.173,380.19,-98.78,3801,LC0_FZ_50_Round18_filtered
25,12,4,-58.14,-2.271,724.474,88.77,16921,LC0_FZ_50_IA_4_filtered
25,12,2,-57.36,-2.539,555.538,98.47,10683,LC0_FZ_50_Round18_IA_2_filtered
25,12,0,-57.36,2.231,380.2,-100.78,3802,LC0_FZ_50_Round18_filtered
25,12,4,-57.32,-3.069,724.674,105.87,16941,LC0_FZ_50_IA_4_filtered
25,12,4,-57.3,1.808,718.084,-74.27,16282,LC0_FZ_50_IA_4_filtered
25,12,0,-57.29,1.348,379.98,-73.3,3780,LC0_FZ_50_Round18_filtered
25,12,2,-57.26,1.863,549.109,-82.4,10040,LC0_FZ_50_Round18_IA_2_filtered
25,12,4,-56.68,1.749,718.074,-71.77,16281,LC0_FZ_50_IA_4_filtered
25,12,4,-56.65,2.259,718.194,-86.07,16293,LC0_FZ_50_IA_4_filtered
25,12,2,-56.5,-2.913,555.638,106.21,10693,LC0_FZ_50_Round18_IA_2_filtered
25,12,4,-56.24,-1.772,724.344,73.61,16908,LC0_FZ_50_IA_4_filtered
25,12,0,-56.23,2.615,380.3,-106.93,3812,LC0_FZ_50_Round18_filtered
25,12,2,-56.07,-2.548,555.548,97.85,10684,LC0_FZ_50_Round18_IA_2_filtered
25,12,4,-55.84,1.312,717.964,-58.16,16270,LC0_FZ_50_IA_4_filtered
25,12,2,-55.54,2.398,549.239,-97.05,10053,LC0_FZ_50_Round18_IA_2_filtered
25,12,4,-55.48,-4.549,725.044,128.43,16978,LC0_FZ_50_IA_4_filtered
25,12,4,-55.42,-5.463,725.274,139.81,17001,LC0_FZ_50_IA_4_filtered
25,12,4,-55.29,-3.67,724.824,113.51,16956,LC0_FZ_50_IA_4_filtered
25,12,2,-55.19,1.021,548.899,-54.69,10019,LC0_FZ_50_Round18_IA_2_filtered
25,12,4,-55.17,-5.922,725.384,145.36,17012,LC0_FZ_50_IA_4_filtered
25,12,4,-55.06,-6.791,725.604,151.29,17034,LC0_FZ_50_IA_4_filtered
25,12,2,-55.06,-3.027,555.668,106.03,10696,LC0_FZ_50_Round18_IA_2_filtered
25,12,4,-55.02,-4.947,725.144,134.95,16988,LC0_FZ_50_IA_4_filtered
25,12,4,-55.01,-4.475,725.024,126.72,16976,LC0_FZ_50_IA_4_filtered
25,12,2,-55,1.982,549.139,-86.68,10043,LC0_FZ_50_Round18_IA_2_filtered
25,12,4,-54.96,-2.559,724.544,89.57,16928,LC0_FZ_50_IA_4_filtered
25,12,0,-54.9,3.094,380.42,-117.14,3824,LC0_FZ_50_Round18_filtered
25,12,2,-54.71,-3.463,555.778,115.97,10707,LC0_FZ_50_Round18_IA_2_filtered
25,12,2,-54.69,-1.565,555.298,68.65,10659,LC0_FZ_50_Round18_IA_2_filtered
25,12,4,-54.67,2.678,718.304,-94.74,16304,LC0_FZ_50_IA_4_filtered
25,12,0,-54.62,-2.353,386.5,92.24,4432,LC0_FZ_50_Round18_filtered
25,12,4,-54.52,-6.42,725.514,143,17025,LC0_FZ_50_IA_4_filtered
25,12,2,-54.41,-1.619,555.308,70.83,10660,LC0_FZ_50_Round18_IA_2_filtered
25,12,2,-54.35,-5.26,556.228,143.25,10752,LC0_FZ_50_Round18_IA_2_filtered
25,12,4,-54.34,-7.342,725.744,145.13,17048,LC0_FZ_50_IA_4_filtered
25,12,0,-54.34,-2.83,386.62,103.84,4444,LC0_FZ_50_Round18_filtered
25,12,4,-54.32,-1.885,724.374,73.33,16911,LC0_FZ_50_IA_4_filtered
25,12,4,-54.32,-9.631,726.314,147.8,17105,LC0_FZ_50_IA_4_filtered
25,12,4,-54.31,-1.356,724.244,57.79,16898,LC0_FZ_50_IA_4_filtered
25,12,4,-54.3,-8.698,726.084,146.69,17082,LC0_FZ_50_IA_4_filtered
25,12,4,-54.24,-8.182,725.954,151.53,17069,LC0_FZ_50_IA_4_filtered
25,12,0,-54.24,5.898,381.12,-162.78,3894,LC0_FZ_50_Round18_filtered
25,12,4,-54.23,-8.686,726.074,149.36,17081,LC0_FZ_50_IA_4_filtered
25,12,0,-54.15,-2.4,386.51,92.4,4433,LC0_FZ_50_Round18_filtered
25,12,0,-54.12,4.466,380.77,-141.97,3859,LC0_FZ_50_Round18_filtered
25,12,4,-54.1,-1.313,724.234,56.69,16897,LC0_FZ_50_IA_4_filtered
25,12,0,-54.08,5.403,381,-155.76,3882,LC0_FZ_50_Round18_filtered
25,12,2,-54.03,1.344,548.979,-62.2,10027,LC0_FZ_50_Round18_IA_2_filtered
25,12,4,-54.02,-10.554,726.544,147.56,17128,LC0_FZ_50_IA_4_filtered
25,12,4,-54.01,0.919,717.854,-41.82,16259,LC0_FZ_50_IA_4_filtered
25,12,0,-54,6.814,381.35,-168.18,3917,LC0_FZ_50_Round18_filtered
25,12,0,-53.97,6.344,381.23,-164.95,3905,LC0_FZ_50_Round18_filtered
25,12,0,-53.91,7.788,381.59,-170.32,3941,LC0_FZ_50_Round18_filtered
25,12,2,-53.88,-2.382,555.508,89.57,10680,LC0_FZ_50_Round18_IA_2_filtered
25,12,2,-53.82,1.79,549.089,-74.88,10038,LC0_FZ_50_Round18_IA_2_filtered
25,12,4,-53.81,-9.182,726.204,145.12,17094,LC0_FZ_50_IA_4_filtered
25,12,0,-53.81,-1.939,386.39,79.98,4421,LC0_FZ_50_Round18_filtered
25,12,4,-53.8,-4.891,725.134,130.67,16987,LC0_FZ_50_IA_4_filtered
25,12,0,-53.75,4.448,380.76,-136.89,3858,LC0_FZ_50_Round18_filtered
25,12,2,-53.72,-8.514,557.038,153.77,10833,LC0_FZ_50_Round18_IA_2_filtered
25,12,4,-53.7,-10.099,726.434,146.19,17117,LC0_FZ_50_IA_4_filtered
25,12,0,-53.66,1.554,380.04,-72.79,3786,LC0_FZ_50_Round18_filtered
25,12,4,-53.65,3.119,718.414,-101.65,16315,LC0_FZ_50_IA_4_filtered
25,12,4,-53.65,-8.265,725.974,145.74,17071,LC0_FZ_50_IA_4_filtered
25,12,2,-53.63,-4.829,556.118,137.37,10741,LC0_FZ_50_Round18_IA_2_filtered
25,12,0,-53.63,8.24,381.71,-168.46,3953,LC0_FZ_50_Round18_filtered
25,12,2,-53.62,-2.157,555.448,81.97,10674,LC0_FZ_50_Round18_IA_2_filtered
25,12,0,-53.62,11.054,382.41,-163.67,4023,LC0_FZ_50_Round18_filtered
25,12,4,-53.61,-11.489,726.784,145.26,17152,LC0_FZ_50_IA_4_filtered
25,12,0,-53.6,8.696,381.82,-170.19,3964,LC0_FZ_50_Round18_filtered
25,12,0,-53.59,4.033,380.66,-135.43,3848,LC0_FZ_50_Round18_filtered
25,12,4,-53.52,-9.654,726.324,143.88,17106,LC0_FZ_50_IA_4_filtered
25,12,0,-53.5,3.159,380.44,-118.54,3826,LC0_FZ_50_Round18_filtered
25,12,2,-53.46,2.849,549.359,-105.53,10065,LC0_FZ_50_Round18_IA_2_filtered
25,12,0,-53.45,4.979,380.89,-150.68,3871,LC0_FZ_50_Round18_filtered
25,12,0,-53.41,7.266,381.46,-168.02,3928,LC0_FZ_50_Round18_filtered
25,12,2,-53.38,-6.629,556.568,154.58,10786,LC0_FZ_50_Round18_IA_2_filtered
25,12,2,-53.34,1.075,548.909,-55.67,10020,LC0_FZ_50_Round18_IA_2_filtered
25,12,0,-53.31,11.532,382.53,-162.76,4035,LC0_FZ_50_Round18_filtered
25,12,2,-53.28,-8.04,556.918,155.35,10821,LC0_FZ_50_Round18_IA_2_filtered
25,12,2,-53.25,2.767,549.339,-101.32,10063,LC0_FZ_50_Round18_IA_2_filtered
25,12,2,-53.25,-8.995,557.158,152.24,10845,LC0_FZ_50_Round18_IA_2_filtered
25,12,0,-53.24,2.524,380.28,-97.13,3810,LC0_FZ_50_Round18_filtered
25,12,0,-53.16,7.323,381.48,-168.83,3930,LC0_FZ_50_Round18_filtered
25,12,0,-53.15,6.779,381.34,-163.67,3916,LC0_FZ_50_Round18_filtered
25,12,2,-53.14,-10.876,557.628,148.66,10892,LC0_FZ_50_Round18_IA_2_filtered
25,12,0,-53.12,-2.887,386.63,103.07,4445,LC0_FZ_50_Round18_filtered
25,12,0,-53.12,-3.292,386.73,111.25,4455,LC0_FZ_50_Round18_filtered
25,12,4,-53.09,-5.34,725.244,132.66,16998,LC0_FZ_50_IA_4_filtered
25,12,-0,-53.09,-2.755,386.6,99.09,4442,LC0_FZ_50_Round18_filtered
25,12,4,-53.08,-10.084,727.604,140.25,17234,LC0_FZ_50_IA_4_filtered
25,12,2,-53.06,-4.857,556.128,134.84,10742,LC0_FZ_50_Round18_IA_2_filtered
25,12,0,-53.05,5.845,381.11,-158.6,3893,LC0_FZ_50_Round18_filtered
25,12,2,-53.04,-9.941,557.398,149.12,10869,LC0_FZ_50_Round18_IA_2_filtered
25,12,0,-53.02,9.606,382.05,-166.94,3987,LC0_FZ_50_Round18_filtered
25,12,4,-53,-11.083,726.674,141.97,17141,LC0_FZ_50_IA_4_filtered
25,12,2,-52.99,-7.539,556.798,155.96,10809,LC0_FZ_50_Round18_IA_2_filtered
25,12,0,-52.97,10.11,382.18,-163.66,4000,LC0_FZ_50_Round18_filtered
25,12,4,-52.91,-6.459,725.524,136.18,17026,LC0_FZ_50_IA_4_filtered
25,12,4,-52.87,-1.382,724.254,58.06,16899,LC0_FZ_50_IA_4_filtered
25,12,2,-52.86,-10.389,557.508,149.74,10880,LC0_FZ_50_Round18_IA_2_filtered
25,12,0,-52.85,3.496,380.52,-117.3,3834,LC0_FZ_50_Round18_filtered
25,12,0,-52.85,10.096,382.17,-164.32,3999,LC0_FZ_50_Round18_filtered
25,12,0,-52.84,8.666,381.81,-168.79,3963,LC0_FZ_50_Round18_filtered
25,12,0,-52.82,10.623,383.24,-158.11,4106,LC0_FZ_50_Round18_filtered
25,12,-0,-52.79,5.949,381.13,-162.41,3895,LC0_FZ_50_Round18_filtered
25,12,4,-52.77,-9.236,726.214,139.47,17095,LC0_FZ_50_IA_4_filtered
25,12,2,-52.76,-3.299,555.738,106.56,10703,LC0_FZ_50_Round18_IA_2_filtered
25,12,2,-52.75,0.921,548.869,-46.07,10016,LC0_FZ_50_Round18_IA_2_filtered
25,12,2,-52.75,-11.662,557.858,144.6,10915,LC0_FZ_50_Round18_IA_2_filtered
25,12,0,-52.72,5.368,380.99,-150.1,3881,LC0_FZ_50_Round18_filtered
25,12,4,-52.71,-11.476,727.244,143.33,17198,LC0_FZ_50_IA_4_filtered
25,12,0,-52.71,7.69,381.57,-165.06,3939,LC0_FZ_50_Round18_filtered
25,12,4,-52.68,-10.941,726.644,145.04,17138,LC0_FZ_50_IA_4_filtered
25,12,2,-52.68,-10.899,557.638,146.95,10893,LC0_FZ_50_Round18_IA_2_filtered
25,12,0,-52.64,10.614,382.3,-162.73,4012,LC0_FZ_50_Round18_filtered
25,12,2,-52.63,-11.684,557.868,143.64,10916,LC0_FZ_50_Round18_IA_2_filtered
25,12,0,-52.61,-2.286,386.48,86,4430,LC0_FZ_50_Round18_filtered
25,12,2,-52.59,-10.814,557.618,147.85,10891,LC0_FZ_50_Round18_IA_2_filtered
25,12,0,-52.59,5.025,380.9,-150.55,3872,LC0_FZ_50_Round18_filtered
25,12,2,-52.57,-9.429,557.268,150.78,10856,LC0_FZ_50_Round18_IA_2_filtered
25,12,0,-52.57,8.188,381.69,-167.09,3951,LC0_FZ_50_Round18_filtered
25,12,2,-52.56,-10.416,557.518,148.18,10881,LC0_FZ_50_Round18_IA_2_filtered
25,12,0,-52.53,7.327,384.07,-155.79,4189,LC0_FZ_50_Round18_filtered
25,12,-0,-52.53,-2.453,386.52,90.86,4434,LC0_FZ_50_Round18_filtered
25,12,2,-52.48,-7.191,556.708,150.91,10800,LC0_FZ_50_Round18_IA_2_filtered
25,12,4,-52.47,-2.947,724.644,91.6,16938,LC0_FZ_50_IA_4_filtered
25,12,2,-52.45,-2.632,555.568,92.16,10686,LC0_FZ_50_Round18_IA_2_filtered
25,12,0,-52.45,9.253,383.59,-158.12,4141,LC0_FZ_50_Round18_filtered
25,12,-0,-52.39,-1.457,386.27,64.2,4409,LC0_FZ_50_Round18_filtered
25,12,2,-52.37,3.739,549.579,-120.23,10087,LC0_FZ_50_Round18_IA_2_filtered
25,12,2,-52.36,-8.832,558.928,143.84,11022,LC0_FZ_50_Round18_IA_2_filtered
25,12,4,-52.34,-3.668,729.214,102.01,17395,LC0_FZ_50_IA_4_filtered
25,12,0,-52.34,1.411,380,-72.86,3782,LC0_FZ_50_Round18_filtered
25,12,2,-52.29,-7.069,556.678,154.36,10797,LC0_FZ_50_Round18_IA_2_filtered
25,12,2,-52.29,-7.467,559.268,142.44,11056,LC0_FZ_50_Round18_IA_2_filtered
25,12,0,-52.25,11.973,382.88,-158.35,4070,LC0_FZ_50_Round18_filtered
25,12,2,-52.24,-5.335,556.248,137.13,10754,LC0_FZ_50_Round18_IA_2_filtered
25,12,-0,-52.23,-3.709,386.84,117.56,4466,LC0_FZ_50_Round18_filtered
25,12,4,-52.18,-5.447,728.764,124.99,17350,LC0_FZ_50_IA_4_filtered
25,12,2,-52.17,4.643,549.809,-134.82,10110,LC0_FZ_50_Round18_IA_2_filtered
25,12,0,-52.17,6.298,381.22,-159.36,3904,LC0_FZ_50_Round18_filtered
25,12,0,-52.15,1.999,380.15,-82.71,3797,LC0_FZ_50_Round18_filtered
25,12,2,-52.14,-10.683,558.458,142.6,10975,LC0_FZ_50_Round18_IA_2_filtered
25,12,4,-52.13,1.452,717.994,-59.99,16273,LC0_FZ_50_IA_4_filtered
25,12,0,-52.13,10.689,383.23,-155.95,4105,LC0_FZ_50_Round18_filtered
25,12,0,-52.13,8.294,383.83,-157.18,4165,LC0_FZ_50_Round18_filtered
25,12,4,-52.11,-1.644,724.314,63.13,16905,LC0_FZ_50_IA_4_filtered
25,12,4,-52.11,-8.772,727.934,138.04,17267,LC0_FZ_50_IA_4_filtered
25,12,0,-52.09,11.778,382.64,-159.5,4046,LC0_FZ_50_Round18_filtered
25,12,0,-52.08,5.811,381.1,-151.14,3892,LC0_FZ_50_Round18_filtered
25,12,2,-52.07,-11.69,557.878,140.05,10917,LC0_FZ_50_Round18_IA_2_filtered
25,12,2,-52.06,2.7,549.329,-96.83,10062,LC0_FZ_50_Round18_IA_2_filtered
25,12,0,-52.06,5.5,381.02,-154.86,3884,LC0_FZ_50_Round18_filtered
25,12,0,-52.05,10.504,382.28,-162.12,4010,LC0_FZ_50_Round18_filtered
25,12,0,-52.04,9.731,383.47,-158.57,4129,LC0_FZ_50_Round18_filtered
25,12,2,-52.03,-1.096,555.188,50.27,10648,LC0_FZ_50_Round18_IA_2_filtered
25,12,0,-52.02,8.771,383.71,-158.57,4153,LC0_FZ_50_Round18_filtered
25,12,2,-51.96,3.79,549.589,-122.13,10088,LC0_FZ_50_Round18_IA_2_filtered
25,12,2,-51.95,-8.349,559.048,143.03,11034,LC0_FZ_50_Round18_IA_2_filtered
25,12,0,-51.94,9.214,383.6,-157.17,4142,LC0_FZ_50_Round18_filtered
25,12,0,-51.93,9.586,382.04,-164.09,3986,LC0_FZ_50_Round18_filtered
25,12,4,-51.91,-8.109,725.934,143.88,17067,LC0_FZ_50_IA_4_filtered
25,12,2,-51.9,-9.759,558.698,141.82,10999,LC0_FZ_50_Round18_IA_2_filtered
25,12,0,-51.89,4.388,380.75,-129.83,3857,LC0_FZ_50_Round18_filtered
25,12,0,-51.87,4.551,380.79,-142.14,3861,LC0_FZ_50_Round18_filtered
25,12,0,-51.87,11.788,382.65,-159.78,4047,LC0_FZ_50_Round18_filtered
25,12,0,-51.87,6.861,384.19,-153.85,4201,LC0_FZ_50_Round18_filtered
25,12,2,-51.83,-8.47,557.028,152.35,10832,LC0_FZ_50_Round18_IA_2_filtered
25,12,4,-51.82,-7.891,725.874,134.13,17061,LC0_FZ_50_IA_4_filtered
25,12,2,-51.81,1.293,548.969,-58.83,10026,LC0_FZ_50_Round18_IA_2_filtered
25,12,2,-51.81,-8.144,556.948,144.38,10824,LC0_FZ_50_Round18_IA_2_filtered
25,12,0,-51.81,8.328,383.82,-155.8,4164,LC0_FZ_50_Round18_filtered
25,12,2,-51.8,5.156,549.929,-141.65,10122,LC0_FZ_50_Round18_IA_2_filtered
25,12,-0,-51.79,8.712,383.72,-156.65,4154,LC0_FZ_50_Round18_filtered
25,12,4,-51.74,-2.433,724.514,80.35,16925,LC0_FZ_50_IA_4_filtered
25,12,0,-51.74,11.947,382.89,-157.3,4071,LC0_FZ_50_Round18_filtered
25,12,4,-51.73,-4.589,728.984,114.85,17372,LC0_FZ_50_IA_4_filtered
25,12,2,-51.73,-4.71,556.088,127.85,10738,LC0_FZ_50_Round18_IA_2_filtered
25,12,0,-51.73,6.896,381.37,-163.68,3919,LC0_FZ_50_Round18_filtered
25,12,2,-51.71,6.054,550.159,-148.84,10145,LC0_FZ_50_Round18_IA_2_filtered
25,12,0,-51.71,6.424,384.3,-153.91,4212,LC0_FZ_50_Round18_filtered
25,12,0,-51.71,-4.218,386.96,126.69,4478,LC0_FZ_50_Round18_filtered
25,12,4,-51.7,-10.66,727.464,138.48,17220,LC0_FZ_50_IA_4_filtered
25,12,2,-51.7,-1.137,555.198,51.98,10649,LC0_FZ_50_Round18_IA_2_filtered
25,12,2,-51.7,-11.652,557.848,142.54,10914,LC0_FZ_50_Round18_IA_2_filtered
25,12,0,-51.67,11.504,383.01,-156.07,4083,LC0_FZ_50_Round18_filtered
25,12,0,-51.65,-3.789,386.86,119.22,4468,LC0_FZ_50_Round18_filtered
25,12,4,-51.62,-2.904,724.634,89.34,16937,LC0_FZ_50_IA_4_filtered
25,12,0,-51.62,11.571,382.54,-159.34,4036,LC0_FZ_50_Round18_filtered
25,12,4,-51.58,10.685,721.224,-139.06,16596,LC0_FZ_50_IA_4_filtered
25,12,2,-51.56,0.864,548.859,-43.19,10015,LC0_FZ_50_Round18_IA_2_filtered
25,12,2,-51.56,-7.252,556.718,143.79,10801,LC0_FZ_50_Round18_IA_2_filtered
25,12,2,-51.56,-8.873,558.918,143.34,11021,LC0_FZ_50_Round18_IA_2_filtered
25,12,0,-51.56,11.575,382.99,-155.13,4081,LC0_FZ_50_Round18_filtered
25,12,2,-51.54,-11.593,558.218,143.52,10951,LC0_FZ_50_Round18_IA_2_filtered
25,12,2,-51.52,-9.874,557.378,147.7,10867,LC0_FZ_50_Round18_IA_2_filtered
25,12,0,-51.52,5.995,384.41,-149.99,4223,LC0_FZ_50_Round18_filtered
25,12,4,-51.51,9.314,721.564,-137.66,16630,LC0_FZ_50_IA_4_filtered
25,12,4,-51.51,6.083,722.384,-131.32,16712,LC0_FZ_50_IA_4_filtered
25,12,0,-51.51,10.218,383.35,-156.82,4117,LC0_FZ_50_Round18_filtered
25,12,4,-51.5,-3.137,729.344,94.02,17408,LC0_FZ_50_IA_4_filtered
25,12,0,-51.5,11.462,382.51,-156.66,4033,LC0_FZ_50_Round18_filtered
25,12,0,-51.5,11.126,383.11,-155.46,4093,LC0_FZ_50_Round18_filtered
25,12,2,-51.49,1.104,548.919,-56.19,10021,LC0_FZ_50_Round18_IA_2_filtered
25,12,0,-51.49,7.227,381.45,-161.17,3927,LC0_FZ_50_Round18_filtered
25,12,0,-51.48,5.926,384.42,-151.14,4224,LC0_FZ_50_Round18_filtered
25,12,0,-51.44,-8.884,388.13,149.31,4595,LC0_FZ_50_Round18_filtered
25,12,2,-51.43,-6.11,556.438,145.34,10773,LC0_FZ_50_Round18_IA_2_filtered
25,12,2,-51.43,-8.789,558.938,141.15,11023,LC0_FZ_50_Round18_IA_2_filtered
25,12,0,-51.42,8.241,383.84,-154.95,4166,LC0_FZ_50_Round18_filtered
25,12,4,-51.41,-9.561,727.734,134.55,17247,LC0_FZ_50_IA_4_filtered
25,12,0,-51.41,-8.445,388.02,149.97,4584,LC0_FZ_50_Round18_filtered
25,12,4,-51.39,-6.238,725.464,133.78,17020,LC0_FZ_50_IA_4_filtered
25,12,4,-51.38,6.854,719.344,-142.97,16408,LC0_FZ_50_IA_4_filtered
25,12,2,-51.37,-6.992,559.388,141.17,11068,LC0_FZ_50_Round18_IA_2_filtered
25,12,-0,-51.36,5.491,384.53,-146.73,4235,LC0_FZ_50_Round18_filtered
25,12,4,-51.35,-9.078,727.854,131.75,17259,LC0_FZ_50_IA_4_filtered
25,12,2,-51.35,7.49,550.519,-151.92,10181,LC0_FZ_50_Round18_IA_2_filtered
25,12,0,-51.35,3.654,380.56,-126.35,3838,LC0_FZ_50_Round18_filtered
25,12,0,-51.35,8.299,381.72,-162.01,3954,LC0_FZ_50_Round18_filtered
25,12,0,-51.34,6.934,384.17,-152.53,4199,LC0_FZ_50_Round18_filtered
25,12,2,-51.32,4.158,549.689,-125.68,10098,LC0_FZ_50_Round18_IA_2_filtered
25,12,0,-51.32,6.478,384.29,-151.72,4211,LC0_FZ_50_Round18_filtered
25,12,0,-51.3,-2.916,386.64,100.23,4446,LC0_FZ_50_Round18_filtered
25,12,2,-51.29,-8.913,557.138,148.93,10843,LC0_FZ_50_Round18_IA_2_filtered
25,12,2,-51.29,-4.645,559.978,123.46,11127,LC0_FZ_50_Round18_IA_2_filtered
25,12,4,-51.27,8.802,721.694,-136.29,16643,LC0_FZ_50_IA_4_filtered
25,12,2,-51.26,6.102,550.169,-149.05,10146,LC0_FZ_50_Round18_IA_2_filtered
25,12,2,-51.25,4.27,549.709,-129.76,10100,LC0_FZ_50_Round18_IA_2_filtered
25,12,2,-51.24,-9.81,558.678,141.29,10997,LC0_FZ_50_Round18_IA_2_filtered
25,12,2,-51.22,9.349,550.979,-150.5,10227,LC0_FZ_50_Round18_IA_2_filtered
25,12,4,-51.21,-4.383,725.004,115.25,16974,LC0_FZ_50_IA_4_filtered
25,12,0,-51.21,8.78,381.84,-159.14,3966,LC0_FZ_50_Round18_filtered
25,12,0,-51.2,-2.726,386.59,93.97,4441,LC0_FZ_50_Round18_filtered
25,12,-0,-51.18,-4.257,386.97,127.8,4479,LC0_FZ_50_Round18_filtered
25,12,4,-51.17,6.445,719.244,-138.31,16398,LC0_FZ_50_IA_4_filtered
25,12,0,-51.17,-6.075,387.43,149.05,4525,LC0_FZ_50_Round18_filtered
25,12,4,-51.15,2.567,718.274,-82.98,16301,LC0_FZ_50_IA_4_filtered
25,12,4,-51.15,-9.273,726.224,132.53,17096,LC0_FZ_50_IA_4_filtered
25,12,4,-51.13,9.197,719.934,-142.42,16467,LC0_FZ_50_IA_4_filtered
25,12,4,-51.11,6.388,719.234,-141.77,16397,LC0_FZ_50_IA_4_filtered
25,12,2,-51.1,10.791,551.339,-148.84,10263,LC0_FZ_50_Round18_IA_2_filtered
25,12,0,-51.08,9.633,383.49,-154.22,4131,LC0_FZ_50_Round18_filtered
25,12,-0,-51.06,-6.057,387.42,147.67,4524,LC0_FZ_50_Round18_filtered
25,12,0,-51.05,1.117,379.92,-55.41,3774,LC0_FZ_50_Round18_filtered
25,12,0,-51.05,-2.494,386.53,88.01,4435,LC0_FZ_50_Round18_filtered
25,12,4,-51.04,9.744,721.464,-136.83,16620,LC0_FZ_50_IA_4_filtered
25,12,2,-51.04,2.865,549.369,-104.59,10066,LC0_FZ_50_Round18_IA_2_filtered
25,12,4,-51.01,8.214,719.684,-142.51,16442,LC0_FZ_50_IA_4_filtered
25,12,2,-51.01,11.247,551.458,-147.55,10275,LC0_FZ_50_Round18_IA_2_filtered
25,12,0,-51.01,11.767,382.63,-154.8,4045,LC0_FZ_50_Round18_filtered
25,12,2,-50.98,-3.746,560.208,110.08,11150,LC0_FZ_50_Round18_IA_2_filtered
25,12,-0,-50.97,-1.55,386.29,64.98,4411,LC0_FZ_50_Round18_filtered
25,12,4,-50.95,10.595,720.284,-142.51,16502,LC0_FZ_50_IA_4_filtered
25,12,4,-50.95,-2.035,724.414,71.11,16915,LC0_FZ_50_IA_4_filtered
25,12,2,-50.95,-5.16,559.848,127.66,11114,LC0_FZ_50_Round18_IA_2_filtered
25,12,2,-50.94,-4.924,556.138,129.36,10743,LC0_FZ_50_Round18_IA_2_filtered
25,12,0,-50.94,-4.639,387.07,131.67,4489,LC0_FZ_50_Round18_filtered
25,12,2,-50.93,-8.919,558.908,140.06,11020,LC0_FZ_50_Round18_IA_2_filtered
25,12,2,-50.92,-3.768,560.198,109.33,11149,LC0_FZ_50_Round18_IA_2_filtered
25,12,0,-50.92,7.785,383.96,-153.94,4178,LC0_FZ_50_Round18_filtered
25,12,0,-50.92,-4.721,387.09,133.98,4491,LC0_FZ_50_Round18_filtered
25,12,4,-50.91,-9.733,727.694,136.1,17243,LC0_FZ_50_IA_4_filtered
25,12,0,-50.88,3.171,385.11,-107.84,4293,LC0_FZ_50_Round18_filtered
25,12,0,-50.87,6.37,384.31,-151.93,4213,LC0_FZ_50_Round18_filtered
25,12,0,-50.87,-9.388,388.26,145.43,4608,LC0_FZ_50_Round18_filtered
25,12,0,-50.85,1.867,380.12,-85.07,3794,LC0_FZ_50_Round18_filtered
25,12,0,-50.85,-10.257,388.48,146.65,4630,LC0_FZ_50_Round18_filtered
25,12,4,-50.83,-3.723,729.204,99.86,17394,LC0_FZ_50_IA_4_filtered
25,12,2,-50.83,-2.807,560.438,92.26,11173,LC0_FZ_50_Round18_IA_2_filtered
25,12,0,-50.83,10.97,382.39,-156.1,4021,LC0_FZ_50_Round18_filtered
25,12,4,-50.81,5.629,722.494,-127.62,16723,LC0_FZ_50_IA_4_filtered
25,12,0,-50.81,10.643,382.31,-157.3,4013,LC0_FZ_50_Round18_filtered
25,12,2,-50.8,10.241,551.208,-149.15,10250,LC0_FZ_50_Round18_IA_2_filtered
25,12,2,-50.8,9.505,552.518,-143.22,10381,LC0_FZ_50_Round18_IA_2_filtered
25,12,0,-50.8,9.187,383.61,-152.35,4143,LC0_FZ_50_Round18_filtered
25,12,-0,-50.79,-6.986,387.66,153.7,4548,LC0_FZ_50_Round18_filtered
25,12,2,-50.78,-4.212,560.088,117.5,11138,LC0_FZ_50_Round18_IA_2_filtered
25,12,2,-50.78,-4.173,560.098,116.43,11139,LC0_FZ_50_Round18_IA_2_filtered
25,12,2,-50.74,-11.642,558.208,141.62,10950,LC0_FZ_50_Round18_IA_2_filtered
25,12,0,-50.74,-8.909,388.14,147.28,4596,LC0_FZ_50_Round18_filtered
25,12,2,-50.73,-8.421,559.028,141.78,11032,LC0_FZ_50_Round18_IA_2_filtered
25,12,4,-50.72,-2.682,729.464,83.41,17420,LC0_FZ_50_IA_4_filtered
25,12,2,-50.72,-3.798,560.188,107.35,11148,LC0_FZ_50_Round18_IA_2_filtered
25,12,0,-50.71,10.482,382.27,-156.38,4009,LC0_FZ_50_Round18_filtered
25,12,2,-50.7,-3.76,555.848,110.42,10714,LC0_FZ_50_Round18_IA_2_filtered
25,12,2,-50.68,8.445,550.759,-147.5,10205,LC0_FZ_50_Round18_IA_2_filtered
25,12,0,-50.67,-5.126,387.19,139.36,4501,LC0_FZ_50_Round18_filtered
25,12,4,-50.66,5.551,722.514,-125.45,16725,LC0_FZ_50_IA_4_filtered
25,12,4,-50.65,5.136,722.614,-124.66,16735,LC0_FZ_50_IA_4_filtered
25,12,4,-50.65,-8.607,727.974,129.66,17271,LC0_FZ_50_IA_4_filtered
25,12,2,-50.65,-3.535,555.798,108.7,10709,LC0_FZ_50_Round18_IA_2_filtered
25,12,0,-50.64,12.007,382.87,-155.09,4069,LC0_FZ_50_Round18_filtered
25,12,0,-50.64,3.676,384.99,-116.79,4281,LC0_FZ_50_Round18_filtered
25,12,0,-50.64,-7.017,387.67,152.43,4549,LC0_FZ_50_Round18_filtered
25,12,2,-50.63,12.095,551.809,-144.99,10310,LC0_FZ_50_Round18_IA_2_filtered
25,12,4,-50.62,-3.384,724.754,96.25,16949,LC0_FZ_50_IA_4_filtered
25,12,4,-50.61,-4.636,728.974,112.7,17371,LC0_FZ_50_IA_4_filtered
25,12,-0,-50.61,-7.496,387.79,152.93,4561,LC0_FZ_50_Round18_filtered
25,12,0,-50.61,-8.856,388.12,148.37,4594,LC0_FZ_50_Round18_filtered
25,12,4,-50.59,-11.528,727.224,136.67,17196,LC0_FZ_50_IA_4_filtered
25,12,0,-50.59,-1.366,386.25,57.01,4407,LC0_FZ_50_Round18_filtered
25,12,4,-50.58,-8.808,727.924,133.75,17266,LC0_FZ_50_IA_4_filtered
25,12,0,-50.58,-5.184,387.21,138.6,4503,LC0_FZ_50_Round18_filtered
25,12,2,-50.56,-5.624,556.318,138.66,10761,LC0_FZ_50_Round18_IA_2_filtered
25,12,4,-50.55,-10.426,726.514,138.38,17125,LC0_FZ_50_IA_4_filtered
25,12,2,-50.55,-5.983,559.638,134.76,11093,LC0_FZ_50_Round18_IA_2_filtered
25,12,0,-50.54,-9.84,388.37,146.16,4619,LC0_FZ_50_Round18_filtered
25,12,0,-50.53,7.282,384.08,-151.85,4190,LC0_FZ_50_Round18_filtered
25,12,0,-50.53,4.173,384.87,-123.5,4269,LC0_FZ_50_Round18_filtered
25,12,2,-50.52,7.072,550.409,-148.75,10170,LC0_FZ_50_Round18_IA_2_filtered
25,12,0,-50.52,7.389,381.49,-162.27,3931,LC0_FZ_50_Round18_filtered
25,12,0,-50.48,-11.677,388.85,140.63,4667,LC0_FZ_50_Round18_filtered
25,12,2,-50.47,7.158,553.108,-140.76,10440,LC0_FZ_50_Round18_IA_2_filtered
25,12,0,-50.47,0.939,379.88,-53.39,3770,LC0_FZ_50_Round18_filtered
25,12,0,-50.46,-6.508,387.54,151.8,4536,LC0_FZ_50_Round18_filtered
25,12,2,-50.45,-11.75,557.968,140.81,10926,LC0_FZ_50_Round18_IA_2_filtered
25,12,-0,-50.45,8.7,383.73,-151.06,4155,LC0_FZ_50_Round18_filtered
25,12,4,-50.44,10.647,721.234,-135.56,16597,LC0_FZ_50_IA_4_filtered
25,12,4,-50.44,-3.362,724.744,95.51,16948,LC0_FZ_50_IA_4_filtered
25,12,2,-50.44,-11.996,558.088,140.96,10938,LC0_FZ_50_Round18_IA_2_filtered
25,12,2,-50.4,-6.918,559.408,137.4,11070,LC0_FZ_50_Round18_IA_2_filtered
25,12,0,-50.4,5.456,384.54,-146.64,4236,LC0_FZ_50_Round18_filtered
25,12,0,-50.37,6.011,384.4,-145.71,4222,LC0_FZ_50_Round18_filtered
25,12,2,-50.33,7.661,552.988,-142.17,10428,LC0_FZ_50_Round18_IA_2_filtered
25,12,0,-50.33,3.226,380.45,-115.75,3827,LC0_FZ_50_Round18_filtered
25,12,4,-50.32,11.813,720.634,-142.24,16537,LC0_FZ_50_IA_4_filtered
25,12,0,-50.32,5.064,380.91,-146.33,3873,LC0_FZ_50_Round18_filtered
25,12,0,-50.32,-0.93,386.15,42.93,4397,LC0_FZ_50_Round18_filtered
25,12,2,-50.31,-6.291,556.488,139.41,10778,LC0_FZ_50_Round18_IA_2_filtered
25,12,4,-50.27,1.607,718.034,-59.45,16277,LC0_FZ_50_IA_4_filtered
25,12,4,-50.27,11.854,720.754,-142.26,16549,LC0_FZ_50_IA_4_filtered
25,12,4,-50.25,-4.02,729.124,106.03,17386,LC0_FZ_50_IA_4_filtered
25,12,2,-50.25,8.62,552.748,-144.34,10404,LC0_FZ_50_Round18_IA_2_filtered
25,12,0,-50.25,7.657,381.56,-156.07,3938,LC0_FZ_50_Round18_filtered
25,12,0,-50.24,6.43,381.26,-157.32,3908,LC0_FZ_50_Round18_filtered
25,12,2,-50.23,9.059,552.638,-142.98,10393,LC0_FZ_50_Round18_IA_2_filtered
25,12,2,-50.22,-3.715,560.218,108.24,11151,LC0_FZ_50_Round18_IA_2_filtered
25,12,2,-50.21,8.822,550.849,-149.62,10214,LC0_FZ_50_Round18_IA_2_filtered
25,12,4,-50.2,-11.137,726.694,128.11,17143,LC0_FZ_50_IA_4_filtered
25,12,4,-50.19,5.988,722.404,-125.06,16714,LC0_FZ_50_IA_4_filtered
25,12,0,-50.19,7.864,381.61,-158.23,3943,LC0_FZ_50_Round18_filtered
25,12,0,-50.19,-10.748,388.6,146.52,4642,LC0_FZ_50_Round18_filtered
25,12,2,-50.18,-1.874,555.378,69.14,10667,LC0_FZ_50_Round18_IA_2_filtered
25,12,0,-50.18,-8.359,388,149.62,4582,LC0_FZ_50_Round18_filtered
25,12,0,-50.17,-9.862,388.38,143.27,4620,LC0_FZ_50_Round18_filtered
25,12,2,-50.16,-6.435,559.528,133.77,11082,LC0_FZ_50_Round18_IA_2_filtered
25,12,4,-50.15,-2.308,729.554,75.29,17429,LC0_FZ_50_IA_4_filtered
25,12,2,-50.13,8.66,552.738,-143.12,10403,LC0_FZ_50_Round18_IA_2_filtered
25,12,2,-50.12,-6.126,559.608,133,11090,LC0_FZ_50_Round18_IA_2_filtered
25,12,-0,-50.11,-11.196,388.71,145.33,4653,LC0_FZ_50_Round18_filtered
25,12,2,-50.09,-9.106,557.188,137.7,10848,LC0_FZ_50_Round18_IA_2_filtered
25,12,0,-50.05,11.906,382.9,-152.2,4072,LC0_FZ_50_Round18_filtered
25,12,4,-50.02,11.826,720.644,-139.67,16538,LC0_FZ_50_IA_4_filtered
25,12,0,-50.02,-9.28,388.23,144.7,4605,LC0_FZ_50_Round18_filtered
25,12,2,-50.01,7.627,552.998,-139.07,10429,LC0_FZ_50_Round18_IA_2_filtered
25,12,2,-50.01,-6.541,556.548,143.9,10784,LC0_FZ_50_Round18_IA_2_filtered
25,12,4,-49.99,2.05,718.144,-70.37,16288,LC0_FZ_50_IA_4_filtered
25,12,2,-49.99,10.817,551.349,-144.33,10264,LC0_FZ_50_Round18_IA_2_filtered
25,12,2,-49.99,-11.246,558.318,139.26,10961,LC0_FZ_50_Round18_IA_2_filtered
25,12,2,-49.97,-8.741,558.948,136.28,11024,LC0_FZ_50_Round18_IA_2_filtered
25,12,0,-49.95,2.341,380.23,-94.94,3805,LC0_FZ_50_Round18_filtered
25,12,4,-49.94,-8.819,726.114,128.19,17085,LC0_FZ_50_IA_4_filtered
25,12,2,-49.94,-2.889,560.418,89.79,11171,LC0_FZ_50_Round18_IA_2_filtered
25,12,2,-49.92,-6.791,556.608,137.98,10790,LC0_FZ_50_Round18_IA_2_filtered
25,12,0,-49.92,-3.84,386.87,116.52,4469,LC0_FZ_50_Round18_filtered
25,12,2,-49.91,10.89,552.169,-143.25,10346,LC0_FZ_50_Round18_IA_2_filtered
25,12,0,-49.91,11.846,382.75,-154.66,4057,LC0_FZ_50_Round18_filtered
25,12,4,-49.9,7.714,719.564,-141.36,16430,LC0_FZ_50_IA_4_filtered
25,12,0,-49.9,-2.956,391.41,94.88,4923,LC0_FZ_50_Round18_filtered
25,12,2,-49.87,-1.454,560.778,57.49,11207,LC0_FZ_50_Round18_IA_2_filtered
25,12,4,-49.86,2.335,723.314,-80.15,16805,LC0_FZ_50_IA_4_filtered
25,12,2,-49.86,7.859,550.609,-147.92,10190,LC0_FZ_50_Round18_IA_2_filtered
25,12,-0,-49.86,4.622,384.75,-129.97,4257,LC0_FZ_50_Round18_filtered
25,12,4,-49.85,-10.916,727.394,127.89,17213,LC0_FZ_50_IA_4_filtered
25,12,0,-49.85,4.119,380.68,-132.03,3850,LC0_FZ_50_Round18_filtered
25,12,2,-49.83,-8.195,556.958,137.06,10825,LC0_FZ_50_Round18_IA_2_filtered
25,12,2,-49.82,6.74,553.218,-140.62,10451,LC0_FZ_50_Round18_IA_2_filtered
25,12,0,-49.81,2.974,380.39,-102.54,3821,LC0_FZ_50_Round18_filtered
25,12,2,-49.8,10.525,552.268,-142.15,10356,LC0_FZ_50_Round18_IA_2_filtered
25,12,0,-49.8,-11.629,388.84,143.9,4666,LC0_FZ_50_Round18_filtered
25,12,4,-49.79,-11.333,726.744,134.31,17148,LC0_FZ_50_IA_4_filtered
25,12,2,-49.78,3.942,553.918,-117.23,10521,LC0_FZ_50_Round18_IA_2_filtered
25,12,0,-49.77,-4.583,387.06,126.15,4488,LC0_FZ_50_Round18_filtered
25,12,4,-49.76,3.731,718.564,-107.95,16330,LC0_FZ_50_IA_4_filtered
25,12,2,-49.76,2.055,549.159,-81.89,10045,LC0_FZ_50_Round18_IA_2_filtered
25,12,0,-49.75,1.954,380.14,-81.46,3796,LC0_FZ_50_Round18_filtered
25,12,2,-49.74,3.666,549.559,-111.15,10085,LC0_FZ_50_Round18_IA_2_filtered
25,12,0,-49.74,-0.913,386.14,40,4396,LC0_FZ_50_Round18_filtered
25,12,0,-49.74,-8.477,390.02,140.64,4784,LC0_FZ_50_Round18_filtered
25,12,2,-49.73,4.393,553.808,-123.92,10510,LC0_FZ_50_Round18_IA_2_filtered
25,12,4,-49.72,-6.308,728.554,122.03,17329,LC0_FZ_50_IA_4_filtered
25,12,0,-49.72,-3.882,391.17,110.89,4899,LC0_FZ_50_Round18_filtered
25,12,4,-49.7,-8.378,728.034,129.49,17277,LC0_FZ_50_IA_4_filtered
25,12,2,-49.7,10.06,552.388,-142.5,10368,LC0_FZ_50_Round18_IA_2_filtered
25,12,2,-49.7,-2.414,560.538,80.62,11183,LC0_FZ_50_Round18_IA_2_filtered
25,12,-0,-49.7,6.817,384.2,-149.05,4202,LC0_FZ_50_Round18_filtered
25,12,0,-49.67,10.708,383.22,-149.9,4104,LC0_FZ_50_Round18_filtered
25,12,0,-49.67,-8.964,388.15,142.78,4597,LC0_FZ_50_Round18_filtered
25,12,2,-49.66,5.785,553.458,-135.97,10475,LC0_FZ_50_Round18_IA_2_filtered
25,12,2,-49.65,10.216,551.199,-146.26,10249,LC0_FZ_50_Round18_IA_2_filtered
25,12,0,-49.63,-7.558,387.8,147.44,4562,LC0_FZ_50_Round18_filtered
25,12,2,-49.6,6.256,553.338,-138.98,10463,LC0_FZ_50_Round18_IA_2_filtered
25,12,4,-49.59,-4.466,729.014,109.76,17375,LC0_FZ_50_IA_4_filtered
25,12,2,-49.58,-11.614,557.838,137.23,10913,LC0_FZ_50_Round18_IA_2_filtered
25,12,4,-49.57,5.851,719.094,-131.92,16383,LC0_FZ_50_IA_4_filtered
25,12,4,-49.57,-9.518,727.744,128.08,17248,LC0_FZ_50_IA_4_filtered
25,12,2,-49.57,-8.279,559.068,133.52,11036,LC0_FZ_50_Round18_IA_2_filtered
25,12,2,-49.56,11.82,551.919,-144.4,10321,LC0_FZ_50_Round18_IA_2_filtered
25,12,4,-49.54,-5.139,725.194,116.71,16993,LC0_FZ_50_IA_4_filtered
25,12,4,-49.54,-1.848,729.664,64.23,17440,LC0_FZ_50_IA_4_filtered
25,12,0,-49.54,9.531,382.03,-156.83,3985,LC0_FZ_50_Round18_filtered
25,12,0,-49.54,-6.967,387.65,152.08,4547,LC0_FZ_50_Round18_filtered
25,12,0,-49.54,-7.887,387.88,150.9,4570,LC0_FZ_50_Round18_filtered
25,12,0,-49.54,-6.64,390.48,138.8,4830,LC0_FZ_50_Round18_filtered
25,12,4,-49.53,-5.279,725.224,118.26,16996,LC0_FZ_50_IA_4_filtered
25,12,2,-49.52,5.385,553.558,-133.06,10485,LC0_FZ_50_Round18_IA_2_filtered
25,12,2,-49.51,-4.468,556.028,120.93,10732,LC0_FZ_50_Round18_IA_2_filtered
25,12,0,-49.51,-5.726,390.71,133.08,4853,LC0_FZ_50_Round18_filtered
25,12,2,-49.49,3.363,549.489,-111.94,10078,LC0_FZ_50_Round18_IA_2_filtered
25,12,0,-49.49,-3.822,391.19,112.6,4901,LC0_FZ_50_Round18_filtered
25,12,4,-49.48,-10.672,727.454,133.02,17219,LC0_FZ_50_IA_4_filtered
25,12,4,-49.48,-3.255,729.314,91.25,17405,LC0_FZ_50_IA_4_filtered
25,12,2,-49.47,9.425,550.999,-143.1,10229,LC0_FZ_50_Round18_IA_2_filtered
25,12,0,-49.47,-8.037,390.13,141.4,4795,LC0_FZ_50_Round18_filtered
25,12,0,-49.46,3.72,384.98,-113.46,4280,LC0_FZ_50_Round18_filtered
25,12,0,-49.43,-2.519,391.52,84.65,4934,LC0_FZ_50_Round18_filtered
25,12,2,-49.4,11.327,552.058,-140.18,10335,LC0_FZ_50_Round18_IA_2_filtered
25,12,2,-49.39,-11.65,558.198,136.94,10949,LC0_FZ_50_Round18_IA_2_filtered
25,12,0,-49.39,-3.397,391.29,103.55,4911,LC0_FZ_50_Round18_filtered
25,12,0,-49.38,-7.063,390.38,139.53,4820,LC0_FZ_50_Round18_filtered
25,12,0,-49.37,-2.94,386.65,97.04,4447,LC0_FZ_50_Round18_filtered
25,12,4,-49.35,6.472,719.254,-132.11,16399,LC0_FZ_50_IA_4_filtered
25,12,4,-49.33,2.312,723.324,-78.62,16806,LC0_FZ_50_IA_4_filtered
25,12,4,-49.32,7.394,719.484,-134.71,16422,LC0_FZ_50_IA_4_filtered
25,12,-0,-49.31,-3.37,391.3,104.54,4912,LC0_FZ_50_Round18_filtered
25,12,2,-49.3,4.573,549.789,-123.95,10108,LC0_FZ_50_Round18_IA_2_filtered
25,12,2,-49.3,-0.753,555.088,32.04,10638,LC0_FZ_50_Round18_IA_2_filtered
25,12,0,-49.3,-10.814,389.43,139.84,4725,LC0_FZ_50_Round18_filtered
25,12,2,-49.28,-2.71,555.588,87.35,10688,LC0_FZ_50_Round18_IA_2_filtered
25,12,0,-49.28,-12.002,389.08,138.48,4690,LC0_FZ_50_Round18_filtered
25,12,2,-49.27,-9.589,557.308,135.02,10860,LC0_FZ_50_Round18_IA_2_filtered
25,12,0,-49.25,-11.309,389.31,139.11,4713,LC0_FZ_50_Round18_filtered
25,12,-0,-49.25,-2.918,391.42,95.24,4924,LC0_FZ_50_Round18_filtered
25,12,2,-49.24,-5.679,559.718,126.31,11101,LC0_FZ_50_Round18_IA_2_filtered
25,12,0,-49.24,5.519,381.03,-148.79,3885,LC0_FZ_50_Round18_filtered
25,12,0,-49.24,2.25,385.34,-88.4,4316,LC0_FZ_50_Round18_filtered
25,12,0,-49.23,11.599,382.98,-149.05,4080,LC0_FZ_50_Round18_filtered
25,12,-0,-49.22,-3.634,386.82,108.11,4464,LC0_FZ_50_Round18_filtered
25,12,0,-49.21,-2.694,386.58,88.51,4440,LC0_FZ_50_Round18_filtered
25,12,-0,-49.21,-11.295,388.74,139.59,4656,LC0_FZ_50_Round18_filtered
25,12,2,-49.2,-12.017,558.078,135.36,10937,LC0_FZ_50_Round18_IA_2_filtered
25,12,0,-49.19,-10.826,388.62,140.91,4644,LC0_FZ_50_Round18_filtered
25,12,2,-49.18,-7.078,559.368,134.84,11066,LC0_FZ_50_Round18_IA_2_filtered
25,12,0,-49.18,-6.137,390.61,137.08,4843,LC0_FZ_50_Round18_filtered
25,12,2,-49.16,-3.222,560.338,98.25,11163,LC0_FZ_50_Round18_IA_2_filtered
25,12,0,-49.15,-2.028,391.64,74.36,4946,LC0_FZ_50_Round18_filtered
25,12,0,-49.14,-7.133,390.36,139.8,4818,LC0_FZ_50_Round18_filtered
25,12,4,-49.13,-11.716,726.924,130.05,17166,LC0_FZ_50_IA_4_filtered
25,12,2,-49.13,3.059,554.138,-99.56,10543,LC0_FZ_50_Round18_IA_2_filtered
25,12,4,-49.12,10.185,720.184,-134.26,16492,LC0_FZ_50_IA_4_filtered
25,12,2,-49.12,2.623,554.258,-91.67,10555,LC0_FZ_50_Round18_IA_2_filtered
25,12,4,-49.11,-12.007,727.044,127.42,17178,LC0_FZ_50_IA_4_filtered
25,12,2,-49.11,-2.279,555.478,77.5,10677,LC0_FZ_50_Round18_IA_2_filtered
25,12,2,-49.08,9.887,551.119,-141.42,10241,LC0_FZ_50_Round18_IA_2_filtered
25,12,4,-49.07,-11.766,726.984,132.87,17172,LC0_FZ_50_IA_4_filtered
25,12,0,-49.07,11.751,382.62,-145.83,4044,LC0_FZ_50_Round18_filtered
25,12,0,-49.06,8.209,383.85,-149.25,4167,LC0_FZ_50_Round18_filtered
25,12,4,-49.05,10.669,720.304,-132.44,16504,LC0_FZ_50_IA_4_filtered
25,12,0,-49.05,4.362,380.74,-123.08,3856,LC0_FZ_50_Round18_filtered
25,12,2,-49.04,5.996,550.139,-139.45,10143,LC0_FZ_50_Round18_IA_2_filtered
25,12,0,-49.04,-4.289,391.07,119.96,4889,LC0_FZ_50_Round18_filtered
25,12,4,-49.03,10.33,721.314,-131.28,16605,LC0_FZ_50_IA_4_filtered
25,12,2,-49.03,11.674,551.578,-145.6,10287,LC0_FZ_50_Round18_IA_2_filtered
25,12,0,-49.03,-12.02,389.07,139.41,4689,LC0_FZ_50_Round18_filtered
25,12,2,-48.97,9.612,552.498,-140.66,10379,LC0_FZ_50_Round18_IA_2_filtered
25,12,0,-48.97,-5.638,390.73,133.37,4855,LC0_FZ_50_Round18_filtered
25,12,-0,-48.96,-3.363,391.31,103.77,4913,LC0_FZ_50_Round18_filtered
25,12,2,-48.95,10.375,551.239,-139.08,10253,LC0_FZ_50_Round18_IA_2_filtered
25,12,4,-48.94,6.769,719.324,-135.42,16406,LC0_FZ_50_IA_4_filtered
25,12,2,-48.94,8.544,552.768,-137.43,10406,LC0_FZ_50_Round18_IA_2_filtered
25,12,0,-48.93,-5.23,387.22,133.79,4504,LC0_FZ_50_Round18_filtered
25,12,4,-48.91,-9.956,727.634,123.51,17237,LC0_FZ_50_IA_4_filtered
25,12,2,-48.9,-4.028,555.918,113.02,10721,LC0_FZ_50_Round18_IA_2_filtered
25,12,2,-48.9,-6.069,556.428,136.86,10772,LC0_FZ_50_Round18_IA_2_filtered
25,12,0,-48.89,-9.908,388.39,137.87,4621,LC0_FZ_50_Round18_filtered
25,12,0,-48.88,-8.317,387.99,144.81,4581,LC0_FZ_50_Round18_filtered
25,12,4,-48.86,-3.765,729.194,96.63,17393,LC0_FZ_50_IA_4_filtered
25,12,0,-48.86,9.05,381.91,-154.96,3973,LC0_FZ_50_Round18_filtered
25,12,0,-48.84,6.94,381.38,-155.43,3920,LC0_FZ_50_Round18_filtered
25,12,0,-48.84,-2.524,386.54,84.97,4436,LC0_FZ_50_Round18_filtered
25,12,0,-48.83,-7.541,390.25,141.25,4807,LC0_FZ_50_Round18_filtered
25,12,0,-48.82,-2.429,391.54,84.9,4936,LC0_FZ_50_Round18_filtered
25,12,4,-48.8,-9.312,726.234,125.67,17097,LC0_FZ_50_IA_4_filtered
25,12,0,-48.8,-5.213,390.84,130.68,4866,LC0_FZ_50_Round18_filtered
25,12,0,-48.75,-1.008,386.17,46.99,4399,LC0_FZ_50_Round18_filtered
25,12,4,-48.74,0.066,723.894,-5.77,16863,LC0_FZ_50_IA_4_filtered
25,12,2,-48.74,7.38,550.489,-146.38,10178,LC0_FZ_50_Round18_IA_2_filtered
25,12,0,-48.73,-10.857,389.42,138.64,4724,LC0_FZ_50_Round18_filtered
25,12,0,-48.72,-10.384,389.54,139.68,4736,LC0_FZ_50_Round18_filtered
25,12,4,-48.71,9.41,721.544,-128.23,16628,LC0_FZ_50_IA_4_filtered
25,12,0,-48.71,7.734,383.97,-147.71,4179,LC0_FZ_50_Round18_filtered
25,12,0,-48.71,-8.079,390.12,138.62,4794,LC0_FZ_50_Round18_filtered
25,12,2,-48.7,2.176,549.189,-79.84,10048,LC0_FZ_50_Round18_IA_2_filtered
25,12,0,-48.7,1.073,379.91,-54.14,3773,LC0_FZ_50_Round18_filtered
25,12,0,-48.7,10.082,383.38,-147.53,4120,LC0_FZ_50_Round18_filtered
25,12,4,-48.68,10.812,721.194,-129.91,16593,LC0_FZ_50_IA_4_filtered
25,12,2,-48.67,0.838,548.849,-40.74,10014,LC0_FZ_50_Round18_IA_2_filtered
25,12,2,-48.67,8.777,550.839,-144.9,10213,LC0_FZ_50_Round18_IA_2_filtered
25,12,2,-48.67,8.075,552.888,-134.66,10418,LC0_FZ_50_Round18_IA_2_filtered
25,12,2,-48.67,-1.232,555.218,52.17,10651,LC0_FZ_50_Round18_IA_2_filtered
25,12,2,-48.65,2.515,549.269,-92.02,10056,LC0_FZ_50_Round18_IA_2_filtered
25,12,0,-48.64,-1.523,391.76,61.67,4958,LC0_FZ_50_Round18_filtered
25,12,0,-48.64,-0.614,391.99,27.06,4981,LC0_FZ_50_Round18_filtered
25,12,0,-48.63,9.595,383.5,-146.63,4132,LC0_FZ_50_Round18_filtered
25,12,0,-48.62,10.69,382.32,-148.29,4014,LC0_FZ_50_Round18_filtered
25,12,0,-48.59,0.993,379.89,-53.7,3771,LC0_FZ_50_Round18_filtered
25,12,0,-48.59,4.941,384.67,-135.27,4249,LC0_FZ_50_Round18_filtered
25,12,2,-48.56,6.34,553.318,-135.57,10461,LC0_FZ_50_Round18_IA_2_filtered
25,12,2,-48.54,-8.952,558.898,134.11,11019,LC0_FZ_50_Round18_IA_2_filtered
25,12,2,-48.54,-0.969,560.908,40.66,11220,LC0_FZ_50_Round18_IA_2_filtered
25,12,0,-48.53,-9.841,389.68,136.45,4750,LC0_FZ_50_Round18_filtered
25,12,2,-48.52,-3.718,555.838,104.62,10713,LC0_FZ_50_Round18_IA_2_filtered
25,12,0,-48.52,-11.765,388.97,136.1,4679,LC0_FZ_50_Round18_filtered
25,12,4,-48.5,10.612,721.244,-129.48,16598,LC0_FZ_50_IA_4_filtered
25,12,0,-48.5,-10.774,389.44,138.29,4726,LC0_FZ_50_Round18_filtered
25,12,0,-48.5,-4.815,390.94,124.5,4876,LC0_FZ_50_Round18_filtered
25,12,0,-48.49,-9.476,389.77,138.29,4759,LC0_FZ_50_Round18_filtered
25,12,2,-48.48,-11.776,558.008,133.78,10930,LC0_FZ_50_Round18_IA_2_filtered
25,12,4,-48.46,3.486,718.504,-97.3,16324,LC0_FZ_50_IA_4_filtered
25,12,0,-48.43,5.573,384.51,-137.42,4233,LC0_FZ_50_Round18_filtered
25,12,0,-48.43,-9.348,389.8,135.71,4762,LC0_FZ_50_Round18_filtered
25,12,0,-48.42,-4.255,391.08,118.34,4890,LC0_FZ_50_Round18_filtered
25,12,2,-48.41,4.788,549.839,-130.78,10113,LC0_FZ_50_Round18_IA_2_filtered
25,12,4,-48.4,-5.204,725.214,114.02,16995,LC0_FZ_50_IA_4_filtered
25,12,0,-48.39,2.295,385.33,-86.27,4315,LC0_FZ_50_Round18_filtered
25,12,4,-48.38,5.204,722.594,-117.66,16733,LC0_FZ_50_IA_4_filtered
25,12,4,-48.38,-3.068,729.364,87.13,17410,LC0_FZ_50_IA_4_filtered
25,12,0,-48.38,-6.687,390.47,135.56,4829,LC0_FZ_50_Round18_filtered
25,12,2,-48.37,-7.916,556.888,140.02,10818,LC0_FZ_50_Round18_IA_2_filtered
25,12,0,-48.37,-6.908,387.64,147,4546,LC0_FZ_50_Round18_filtered
25,12,2,-48.36,1.583,554.508,-68.36,10580,LC0_FZ_50_Round18_IA_2_filtered
25,12,4,-48.35,5.933,722.414,-117.51,16715,LC0_FZ_50_IA_4_filtered
25,12,0,-48.35,4.014,384.9,-123.8,4272,LC0_FZ_50_Round18_filtered
25,12,0,-48.33,-12.03,389.06,137.23,4688,LC0_FZ_50_Round18_filtered
25,12,4,-48.32,4.193,718.684,-110.88,16342,LC0_FZ_50_IA_4_filtered
25,12,2,-48.31,3.839,549.609,-117.91,10090,LC0_FZ_50_Round18_IA_2_filtered
25,12,0,-48.28,-7.113,387.69,141.74,4551,LC0_FZ_50_Round18_filtered
25,12,4,-48.27,10.119,721.364,-126.7,16610,LC0_FZ_50_IA_4_filtered
25,12,4,-48.27,-8.517,726.034,131.52,17077,LC0_FZ_50_IA_4_filtered
25,12,0,-48.27,-4.8,387.11,124.84,4493,LC0_FZ_50_Round18_filtered
25,12,2,-48.25,11.699,551.589,-139.8,10288,LC0_FZ_50_Round18_IA_2_filtered
25,12,2,-48.25,12.103,551.789,-140.01,10308,LC0_FZ_50_Round18_IA_2_filtered
25,12,0,-48.25,2.47,380.26,-89.47,3808,LC0_FZ_50_Round18_filtered
25,12,4,-48.23,-1.401,729.774,50.93,17451,LC0_FZ_50_IA_4_filtered
25,12,2,-48.23,5.412,553.548,-128.87,10484,LC0_FZ_50_Round18_IA_2_filtered
25,12,0,-48.22,4.195,384.86,-118.86,4268,LC0_FZ_50_Round18_filtered
25,12,0,-48.22,-6.42,387.52,142.22,4534,LC0_FZ_50_Round18_filtered
25,12,0,-48.22,-1.092,391.88,46.3,4970,LC0_FZ_50_Round18_filtered
25,12,0,-48.21,5.298,380.97,-133.24,3879,LC0_FZ_50_Round18_filtered
25,12,2,-48.2,-10.264,557.478,136.07,10877,LC0_FZ_50_Round18_IA_2_filtered
25,12,2,-48.19,1.652,554.498,-69.67,10579,LC0_FZ_50_Round18_IA_2_filtered
25,12,2,-48.19,-5.11,556.188,121.31,10748,LC0_FZ_50_Round18_IA_2_filtered
25,12,2,-48.18,-9.18,558.838,130.96,11013,LC0_FZ_50_Round18_IA_2_filtered
25,12,0,-48.18,9.136,383.62,-144.56,4144,LC0_FZ_50_Round18_filtered
25,12,4,-48.17,6.964,719.374,-129.53,16411,LC0_FZ_50_IA_4_filtered
25,12,0,-48.14,12.01,382.86,-147.78,4068,LC0_FZ_50_Round18_filtered
25,12,0,-48.14,2.826,385.21,-94.46,4303,LC0_FZ_50_Round18_filtered
25,12,0,-48.14,-5.76,390.7,129.13,4852,LC0_FZ_50_Round18_filtered
25,12,0,-48.13,3.438,380.5,-106.44,3832,LC0_FZ_50_Round18_filtered
25,12,-0,-48.11,11.821,382.67,-146.84,4049,LC0_FZ_50_Round18_filtered
25,12,0,-48.1,1.037,379.9,-53.41,3772,LC0_FZ_50_Round18_filtered
25,12,0,-48.1,-3.774,391.2,110.84,4902,LC0_FZ_50_Round18_filtered
25,12,4,-48.09,11.898,720.894,-129.02,16563,LC0_FZ_50_IA_4_filtered
25,12,2,-48.08,8.682,552.728,-138.66,10402,LC0_FZ_50_Round18_IA_2_filtered
25,12,0,-48.08,-8.579,390,136.16,4782,LC0_FZ_50_Round18_filtered
25,12,2,-48.07,4.932,553.668,-125.19,10496,LC0_FZ_50_Round18_IA_2_filtered
25,12,0,-48.07,6.079,384.39,-138.34,4221,LC0_FZ_50_Round18_filtered
25,12,0,-48.07,-9.258,388.22,138.96,4604,LC0_FZ_50_Round18_filtered
25,12,0,-48.06,2.181,385.36,-87.33,4318,LC0_FZ_50_Round18_filtered
25,12,2,-48.05,10.181,551.189,-140.55,10248,LC0_FZ_50_Round18_IA_2_filtered
25,12,0,-48.02,-6.235,390.58,130.28,4840,LC0_FZ_50_Round18_filtered
25,12,0,-48.01,-4.311,386.99,121.89,4481,LC0_FZ_50_Round18_filtered
25,12,0,-48.01,-9.035,389.88,135.22,4770,LC0_FZ_50_Round18_filtered
25,12,0,-48,5.868,384.44,-142.25,4226,LC0_FZ_50_Round18_filtered
25,12,0,-47.95,11.854,382.79,-144.7,4061,LC0_FZ_50_Round18_filtered
25,12,4,-47.92,-10.862,727.404,120.67,17214,LC0_FZ_50_IA_4_filtered
25,12,2,-47.92,7.598,553.008,-132.44,10430,LC0_FZ_50_Round18_IA_2_filtered
25,12,4,-47.9,5.694,722.474,-119.25,16721,LC0_FZ_50_IA_4_filtered
25,12,2,-47.89,1.699,554.488,-69.63,10578,LC0_FZ_50_Round18_IA_2_filtered
25,12,0,-47.89,8.078,381.67,-149.57,3949,LC0_FZ_50_Round18_filtered
25,12,0,-47.89,10.287,383.33,-143.76,4115,LC0_FZ_50_Round18_filtered
25,12,0,-47.86,6.695,381.32,-145.81,3914,LC0_FZ_50_Round18_filtered
25,12,2,-47.83,0.673,548.809,-36.78,10010,LC0_FZ_50_Round18_IA_2_filtered
25,12,0,-47.83,-7.591,387.81,140.46,4563,LC0_FZ_50_Round18_filtered
25,12,0,-47.79,1.313,385.58,-63.17,4340,LC0_FZ_50_Round18_filtered
25,12,2,-47.78,9.461,552.539,-134.33,10383,LC0_FZ_50_Round18_IA_2_filtered
25,12,0,-47.77,-3.587,386.81,102.53,4463,LC0_FZ_50_Round18_filtered
25,12,2,-47.76,-9.16,557.198,129.87,10849,LC0_FZ_50_Round18_IA_2_filtered
25,12,0,-47.76,10.989,383.15,-143.19,4097,LC0_FZ_50_Round18_filtered
25,12,0,-47.75,6.016,381.15,-149.58,3897,LC0_FZ_50_Round18_filtered
25,12,0,-47.72,-8.068,387.93,136.94,4575,LC0_FZ_50_Round18_filtered
25,12,2,-47.67,9.71,551.069,-140.66,10236,LC0_FZ_50_Round18_IA_2_filtered
25,12,0,-47.67,7.266,384.09,-145.07,4191,LC0_FZ_50_Round18_filtered
25,12,0,-47.67,-4.577,387.05,119.4,4487,LC0_FZ_50_Round18_filtered
25,12,0,-47.65,-8.385,390.04,134.78,4786,LC0_FZ_50_Round18_filtered
25,12,2,-47.64,-11.712,557.898,128.12,10919,LC0_FZ_50_Round18_IA_2_filtered
25,12,2,-47.64,-6.632,559.478,127.71,11077,LC0_FZ_50_Round18_IA_2_filtered
25,12,4,-47.63,-7.989,725.904,123.42,17064,LC0_FZ_50_IA_4_filtered
25,12,0,-47.59,-5.962,387.4,136.02,4522,LC0_FZ_50_Round18_filtered
25,12,2,-47.58,-5.921,556.388,125.55,10768,LC0_FZ_50_Round18_IA_2_filtered
25,12,0,-47.58,-10.891,389.41,134.49,4723,LC0_FZ_50_Round18_filtered
25,12,2,-47.57,-0.256,554.968,7.14,10626,LC0_FZ_50_Round18_IA_2_filtered
25,12,0,-47.57,3.262,385.09,-101.92,4291,LC0_FZ_50_Round18_filtered
25,12,-0,-47.56,-3.131,386.69,94.33,4451,LC0_FZ_50_Round18_filtered
25,12,4,-47.55,-11.741,726.934,122.99,17167,LC0_FZ_50_IA_4_filtered
25,12,2,-47.55,4.518,553.778,-117.41,10507,LC0_FZ_50_Round18_IA_2_filtered
25,12,2,-47.54,3.415,549.499,-107.53,10079,LC0_FZ_50_Round18_IA_2_filtered
25,12,0,-47.54,-3.025,391.39,90.42,4921,LC0_FZ_50_Round18_filtered
25,12,0,-47.5,-1.145,391.86,46.5,4968,LC0_FZ_50_Round18_filtered
25,12,4,-47.49,7.452,719.494,-125.95,16423,LC0_FZ_50_IA_4_filtered
25,12,4,-47.49,-7.518,725.784,122.78,17052,LC0_FZ_50_IA_4_filtered
25,12,2,-47.49,0.285,554.838,-18.79,10613,LC0_FZ_50_Round18_IA_2_filtered
25,12,2,-47.49,-1.792,555.358,65.03,10665,LC0_FZ_50_Round18_IA_2_filtered
25,12,2,-47.47,-0.144,554.948,2.33,10624,LC0_FZ_50_Round18_IA_2_filtered
25,12,0,-47.47,-1.063,386.18,47.09,4400,LC0_FZ_50_Round18_filtered
25,12,0,-47.44,4.175,380.69,-126.33,3851,LC0_FZ_50_Round18_filtered
25,12,0,-47.43,-5.624,390.74,129.66,4856,LC0_FZ_50_Round18_filtered
25,12,2,-47.42,2.156,549.179,-78.33,10047,LC0_FZ_50_Round18_IA_2_filtered
25,12,0,-47.4,-8.763,388.1,138.82,4592,LC0_FZ_50_Round18_filtered
25,12,4,-47.39,9.542,720.014,-130.3,16475,LC0_FZ_50_IA_4_filtered
25,12,2,-47.38,-8.225,559.078,126.47,11037,LC0_FZ_50_Round18_IA_2_filtered
25,12,4,-47.37,-9.425,726.264,128.53,17100,LC0_FZ_50_IA_4_filtered
25,12,2,-47.37,3.144,549.429,-97.44,10072,LC0_FZ_50_Round18_IA_2_filtered
25,12,2,-47.36,11.336,551.479,-136.2,10277,LC0_FZ_50_Round18_IA_2_filtered
25,12,0,-47.35,-4.701,390.97,122.49,4879,LC0_FZ_50_Round18_filtered
25,12,0,-47.35,-3.955,391.16,107.26,4898,LC0_FZ_50_Round18_filtered
25,12,0,-47.34,-6.196,387.46,136.09,4528,LC0_FZ_50_Round18_filtered
25,12,0,-47.34,-4.846,390.93,119.58,4875,LC0_FZ_50_Round18_filtered
25,12,0,-47.33,-11.362,389.29,133.19,4711,LC0_FZ_50_Round18_filtered
25,12,0,-47.33,-7.481,390.27,137.21,4809,LC0_FZ_50_Round18_filtered
25,12,4,-47.31,-11.747,726.974,126.08,17171,LC0_FZ_50_IA_4_filtered
25,12,2,-47.31,-11.01,557.668,127.51,10896,LC0_FZ_50_Round18_IA_2_filtered
25,12,2,-47.31,-5.716,559.708,121.06,11100,LC0_FZ_50_Round18_IA_2_filtered
25,12,2,-47.3,-11.506,557.788,125.81,10908,LC0_FZ_50_Round18_IA_2_filtered
25,12,0,-47.3,0.44,385.8,-27.46,4362,LC0_FZ_50_Round18_filtered
25,12,2,-47.29,6.166,553.358,-130.45,10465,LC0_FZ_50_Round18_IA_2_filtered
25,12,0,-47.28,3.255,380.46,-110.62,3828,LC0_FZ_50_Round18_filtered
25,12,4,-47.27,6.529,719.264,-123.79,16400,LC0_FZ_50_IA_4_filtered
25,12,4,-47.26,-4.7,728.954,104.91,17369,LC0_FZ_50_IA_4_filtered
25,12,0,-47.26,3.55,385.02,-113.58,4284,LC0_FZ_50_Round18_filtered
25,12,0,-47.26,-11.351,388.75,132.74,4657,LC0_FZ_50_Round18_filtered
25,12,2,-47.24,0.71,554.728,-38.3,10602,LC0_FZ_50_Round18_IA_2_filtered
25,12,0,-47.24,-2.558,386.55,82.43,4437,LC0_FZ_50_Round18_filtered
25,12,4,-47.22,-7.487,728.254,119.35,17299,LC0_FZ_50_IA_4_filtered
25,12,2,-47.22,-10.728,557.588,130.02,10888,LC0_FZ_50_Round18_IA_2_filtered
25,12,2,-47.22,-5.233,559.828,119.18,11112,LC0_FZ_50_Round18_IA_2_filtered
25,12,2,-47.21,-3.685,555.828,101.17,10712,LC0_FZ_50_Round18_IA_2_filtered
25,12,0,-47.21,-10.736,389.45,134.12,4727,LC0_FZ_50_Round18_filtered
25,12,2,-47.2,-8.506,559.008,129.71,11030,LC0_FZ_50_Round18_IA_2_filtered
25,12,0,-47.2,2.426,380.25,-89.21,3807,LC0_FZ_50_Round18_filtered
25,12,0,-47.2,-8.135,390.11,132.76,4793,LC0_FZ_50_Round18_filtered
25,12,0,-47.17,-7.63,390.23,134.46,4805,LC0_FZ_50_Round18_filtered
25,12,4,-47.16,7.645,719.544,-127.69,16428,LC0_FZ_50_IA_4_filtered
25,12,2,-47.15,-8.827,557.118,134.81,10841,LC0_FZ_50_Round18_IA_2_filtered
25,12,2,-47.14,-9.63,557.318,127.55,10861,LC0_FZ_50_Round18_IA_2_filtered
25,12,0,-47.13,10.523,383.27,-141.01,4109,LC0_FZ_50_Round18_filtered
25,12,2,-47.12,-7.42,556.768,137.32,10806,LC0_FZ_50_Round18_IA_2_filtered
25,12,4,-47.11,-8.901,726.134,122.8,17087,LC0_FZ_50_IA_4_filtered
25,12,2,-47.1,4.327,549.729,-122,10102,LC0_FZ_50_Round18_IA_2_filtered
25,12,4,-47.08,4.681,718.804,-113.24,16354,LC0_FZ_50_IA_4_filtered
25,12,0,-47.08,-9.794,389.69,131.77,4751,LC0_FZ_50_Round18_filtered
25,12,0,-47.03,10.764,383.21,-140.84,4103,LC0_FZ_50_Round18_filtered
25,12,-0,-47.02,-11.118,388.69,134.8,4651,LC0_FZ_50_Round18_filtered
25,12,0,-46.99,-11.988,389.1,129.59,4692,LC0_FZ_50_Round18_filtered
25,12,0,-46.99,-1.047,391.89,45.12,4971,LC0_FZ_50_Round18_filtered
25,12,2,-46.98,-2.014,560.638,67.79,11193,LC0_FZ_50_Round18_IA_2_filtered
25,12,0,-46.97,-3.019,386.66,93.17,4448,LC0_FZ_50_Round18_filtered
25,12,0,-46.96,-9.524,389.76,133.49,4758,LC0_FZ_50_Round18_filtered
25,12,4,-46.95,5.342,718.964,-116.82,16370,LC0_FZ_50_IA_4_filtered
25,12,0,-46.95,6.555,384.27,-137.86,4209,LC0_FZ_50_Round18_filtered
25,12,0,-46.95,-9.316,389.81,130.26,4763,LC0_FZ_50_Round18_filtered
25,12,0,-46.94,1.871,385.44,-74.04,4326,LC0_FZ_50_Round18_filtered
25,12,4,-46.93,-9.818,726.364,121.63,17110,LC0_FZ_50_IA_4_filtered
25,12,4,-46.92,4.773,722.704,-110.03,16744,LC0_FZ_50_IA_4_filtered
25,12,2,-46.92,1.213,554.598,-55.85,10589,LC0_FZ_50_Round18_IA_2_filtered
25,12,2,-46.92,-11.725,557.948,129.09,10924,LC0_FZ_50_Round18_IA_2_filtered
25,12,2,-46.92,-8.996,558.888,126.76,11018,LC0_FZ_50_Round18_IA_2_filtered
25,12,0,-46.91,-3.881,386.88,112.27,4470,LC0_FZ_50_Round18_filtered
25,12,4,-46.9,-11.721,727.174,118.56,17191,LC0_FZ_50_IA_4_filtered
25,12,4,-46.89,0.701,717.804,-30.46,16254,LC0_FZ_50_IA_4_filtered
25,12,4,-46.88,9.05,719.894,-128.62,16463,LC0_FZ_50_IA_4_filtered
25,12,2,-46.88,1.705,554.478,-67.96,10577,LC0_FZ_50_Round18_IA_2_filtered
25,12,4,-46.86,-11.261,726.724,122.01,17146,LC0_FZ_50_IA_4_filtered
25,12,2,-46.85,2.537,549.279,-88.42,10057,LC0_FZ_50_Round18_IA_2_filtered
25,12,2,-46.85,3.598,554.008,-102.68,10530,LC0_FZ_50_Round18_IA_2_filtered
25,12,2,-46.84,10.368,552.308,-130.15,10360,LC0_FZ_50_Round18_IA_2_filtered
25,12,4,-46.83,0.189,723.864,-11.01,16860,LC0_FZ_50_IA_4_filtered
25,12,2,-46.83,-7.777,559.198,125.19,11049,LC0_FZ_50_Round18_IA_2_filtered
25,12,0,-46.83,4.471,384.79,-127.54,4261,LC0_FZ_50_Round18_filtered
25,12,0,-46.83,-7.918,390.16,133.16,4798,LC0_FZ_50_Round18_filtered
25,12,2,-46.8,-6.198,559.588,121.17,11088,LC0_FZ_50_Round18_IA_2_filtered
25,12,0,-46.8,-12.033,389.05,132.11,4687,LC0_FZ_50_Round18_filtered
25,12,0,-46.8,-6.527,390.51,132.66,4833,LC0_FZ_50_Round18_filtered
25,12,4,-46.79,-9.376,726.254,123.37,17099,LC0_FZ_50_IA_4_filtered
25,12,0,-46.79,-5.469,387.28,129.33,4510,LC0_FZ_50_Round18_filtered
25,12,0,-46.77,9.296,381.97,-145.77,3979,LC0_FZ_50_Round18_filtered
25,12,0,-46.77,-0.545,392.01,24.35,4983,LC0_FZ_50_Round18_filtered
25,12,4,-46.75,10.924,720.364,-128.69,16510,LC0_FZ_50_IA_4_filtered
25,12,0,-46.75,2.784,380.35,-100.8,3817,LC0_FZ_50_Round18_filtered
25,12,4,-46.74,10.703,720.314,-124.12,16505,LC0_FZ_50_IA_4_filtered
25,12,4,-46.73,-10.271,727.554,121.39,17229,LC0_FZ_50_IA_4_filtered
25,12,2,-46.73,-5.917,559.658,124.05,11095,LC0_FZ_50_Round18_IA_2_filtered
25,12,4,-46.72,7.304,722.074,-114.53,16681,LC0_FZ_50_IA_4_filtered
25,12,0,-46.7,0.868,385.69,-46.88,4351,LC0_FZ_50_Round18_filtered
25,12,2,-46.69,12.102,551.779,-134.2,10307,LC0_FZ_50_Round18_IA_2_filtered
25,12,0,-46.68,-4.201,391.09,114.76,4891,LC0_FZ_50_Round18_filtered
25,12,2,-46.66,11.726,551.599,-131.7,10289,LC0_FZ_50_Round18_IA_2_filtered
25,12,2,-46.65,-4.605,556.058,110.78,10735,LC0_FZ_50_Round18_IA_2_filtered
25,12,0,-46.65,7.891,381.62,-147.52,3944,LC0_FZ_50_Round18_filtered
25,12,-0,-46.65,11.222,383.09,-140.48,4091,LC0_FZ_50_Round18_filtered
25,12,2,-46.64,3.378,554.058,-102.55,10535,LC0_FZ_50_Round18_IA_2_filtered
25,12,0,-46.63,-2.17,386.45,72.5,4427,LC0_FZ_50_Round18_filtered
25,12,0,-46.62,-3.48,391.27,97.23,4909,LC0_FZ_50_Round18_filtered
25,12,0,-46.61,-3.44,386.77,102.95,4459,LC0_FZ_50_Round18_filtered
25,12,0,-46.6,-11.75,388.93,132.93,4675,LC0_FZ_50_Round18_filtered
25,12,0,-46.59,6.472,381.27,-147.8,3909,LC0_FZ_50_Round18_filtered
25,12,2,-46.56,9.938,551.129,-133.13,10242,LC0_FZ_50_Round18_IA_2_filtered
25,12,2,-46.56,-6.84,559.428,125.97,11072,LC0_FZ_50_Round18_IA_2_filtered
25,12,4,-46.54,3.918,718.614,-100.68,16335,LC0_FZ_50_IA_4_filtered
25,12,0,-46.53,-0.076,385.93,-1.92,4375,LC0_FZ_50_Round18_filtered
25,12,2,-46.52,-5.075,556.178,115.84,10747,LC0_FZ_50_Round18_IA_2_filtered
25,12,0,-46.51,6.208,381.2,-140.37,3902,LC0_FZ_50_Round18_filtered
25,12,0,-46.51,3.746,384.97,-109.03,4279,LC0_FZ_50_Round18_filtered
25,12,4,-46.5,-1.452,729.764,50.21,17450,LC0_FZ_50_IA_4_filtered
25,12,0,-46.5,-6.686,387.58,135.39,4540,LC0_FZ_50_Round18_filtered
25,12,0,-46.49,1.384,385.56,-62.37,4338,LC0_FZ_50_Round18_filtered
25,12,2,-46.47,-9.145,558.848,123.8,11014,LC0_FZ_50_Round18_IA_2_filtered
25,12,0,-46.47,-11.575,388.81,134.13,4663,LC0_FZ_50_Round18_filtered
25,12,4,-46.46,9.325,719.964,-122.94,16470,LC0_FZ_50_IA_4_filtered
25,12,2,-46.45,8.259,552.839,-132.83,10413,LC0_FZ_50_Round18_IA_2_filtered
25,12,2,-46.45,-4.994,556.158,116.9,10745,LC0_FZ_50_Round18_IA_2_filtered
25,12,2,-46.45,-7.869,556.878,132.32,10817,LC0_FZ_50_Round18_IA_2_filtered
25,12,4,-46.43,-0.294,723.974,8.71,16871,LC0_FZ_50_IA_4_filtered
25,12,2,-46.43,2.179,554.358,-78.07,10565,LC0_FZ_50_Round18_IA_2_filtered
25,12,2,-46.43,-6.945,556.648,132.94,10794,LC0_FZ_50_Round18_IA_2_filtered
25,12,4,-46.42,10.837,721.184,-122.43,16592,LC0_FZ_50_IA_4_filtered
25,12,0,-46.4,-5.752,387.35,127.76,4517,LC0_FZ_50_Round18_filtered
25,12,4,-46.37,-7.056,728.364,114.37,17310,LC0_FZ_50_IA_4_filtered
25,12,0,-46.37,-0.033,385.92,-4.07,4374,LC0_FZ_50_Round18_filtered
25,12,4,-46.35,2.495,723.284,-76.31,16802,LC0_FZ_50_IA_4_filtered
25,12,2,-46.34,8.72,550.829,-137.49,10212,LC0_FZ_50_Round18_IA_2_filtered
25,12,2,-46.34,1.556,554.518,-65.68,10581,LC0_FZ_50_Round18_IA_2_filtered
25,12,2,-46.34,-8.719,557.088,126.98,10838,LC0_FZ_50_Round18_IA_2_filtered
25,12,4,-46.33,-7.53,728.244,115.3,17298,LC0_FZ_50_IA_4_filtered
25,12,4,-46.32,-2.875,729.414,78.77,17415,LC0_FZ_50_IA_4_filtered
25,12,2,-46.32,0.702,548.819,-37.17,10011,LC0_FZ_50_Round18_IA_2_filtered
25,12,0,-46.29,-11.608,389.22,128.67,4704,LC0_FZ_50_Round18_filtered
25,12,4,-46.28,3.137,723.114,-87.82,16785,LC0_FZ_50_IA_4_filtered
25,12,4,-46.27,5.175,718.924,-113.46,16366,LC0_FZ_50_IA_4_filtered
25,12,0,-46.27,-10.473,389.52,130.43,4734,LC0_FZ_50_Round18_filtered
25,12,0,-46.26,-2.119,386.44,71.58,4426,LC0_FZ_50_Round18_filtered
25,12,2,-46.25,-9.472,558.768,125.73,11006,LC0_FZ_50_Round18_IA_2_filtered
25,12,4,-46.23,-8.495,728.004,115.59,17274,LC0_FZ_50_IA_4_filtered
25,12,2,-46.22,-6.391,556.508,125.47,10780,LC0_FZ_50_Round18_IA_2_filtered
25,12,0,-46.21,8.177,383.86,-140.88,4168,LC0_FZ_50_Round18_filtered
25,12,0,-46.21,-1.713,386.34,62.49,4416,LC0_FZ_50_Round18_filtered
25,12,0,-46.2,5.735,381.08,-133.45,3890,LC0_FZ_50_Round18_filtered
25,12,0,-46.18,0.899,385.68,-47.23,4350,LC0_FZ_50_Round18_filtered
25,12,4,-46.17,-4.286,729.064,97.7,17380,LC0_FZ_50_IA_4_filtered
25,12,2,-46.17,-1.099,560.868,42.01,11216,LC0_FZ_50_Round18_IA_2_filtered
25,12,0,-46.17,2.863,380.37,-96.17,3819,LC0_FZ_50_Round18_filtered
25,12,0,-46.17,-7.187,390.34,130.14,4816,LC0_FZ_50_Round18_filtered
25,12,2,-46.16,4.065,549.659,-108.93,10095,LC0_FZ_50_Round18_IA_2_filtered
25,12,4,-46.14,7.141,722.114,-116.7,16685,LC0_FZ_50_IA_4_filtered
25,12,4,-46.14,-1.663,729.714,56.7,17445,LC0_FZ_50_IA_4_filtered
25,12,2,-46.13,11.912,551.898,-134.68,10319,LC0_FZ_50_Round18_IA_2_filtered
25,12,2,-46.11,8.021,552.898,-127.1,10419,LC0_FZ_50_Round18_IA_2_filtered
25,12,4,-46.1,4.845,718.844,-109.79,16358,LC0_FZ_50_IA_4_filtered
25,12,0,-46.09,7.142,381.43,-141.31,3925,LC0_FZ_50_Round18_filtered
25,12,4,-46.08,10.094,721.374,-119.41,16611,LC0_FZ_50_IA_4_filtered
25,12,4,-46.08,-8.014,728.124,114.95,17286,LC0_FZ_50_IA_4_filtered
25,12,0,-46.08,-9.658,388.33,132.42,4615,LC0_FZ_50_Round18_filtered
25,12,0,-46.07,3.987,384.91,-118.36,4273,LC0_FZ_50_Round18_filtered
25,12,0,-46.05,-1.268,386.23,49.01,4405,LC0_FZ_50_Round18_filtered
25,12,4,-46.04,2.893,718.364,-83.82,16310,LC0_FZ_50_IA_4_filtered
25,12,2,-46.04,-6.382,559.548,121.93,11084,LC0_FZ_50_Round18_IA_2_filtered
25,12,2,-46.02,-7.398,556.758,130.63,10805,LC0_FZ_50_Round18_IA_2_filtered
25,12,0,-46.02,-10.73,389.46,127.33,4728,LC0_FZ_50_Round18_filtered
25,12,4,-46,9.804,720.084,-120.66,16482,LC0_FZ_50_IA_4_filtered
25,12,0,-45.98,-5.007,387.16,120.14,4498,LC0_FZ_50_Round18_filtered
25,12,4,-45.97,11.883,720.784,-122.61,16552,LC0_FZ_50_IA_4_filtered
25,12,2,-45.97,-3.893,560.168,99.55,11146,LC0_FZ_50_Round18_IA_2_filtered
25,12,-0,-45.96,11.723,382.61,-134.39,4043,LC0_FZ_50_Round18_filtered
25,12,-0,-45.96,2.331,385.32,-83.57,4314,LC0_FZ_50_Round18_filtered
25,12,0,-45.95,-3.727,391.21,106.92,4903,LC0_FZ_50_Round18_filtered
25,12,2,-45.94,6.851,553.188,-128.98,10448,LC0_FZ_50_Round18_IA_2_filtered
25,12,0,-45.94,7.693,383.98,-139.15,4180,LC0_FZ_50_Round18_filtered
25,12,0,-45.94,-4.832,387.12,118.31,4494,LC0_FZ_50_Round18_filtered
25,12,0,-45.91,-6.035,390.63,129.33,4845,LC0_FZ_50_Round18_filtered
25,12,2,-45.9,0.204,554.858,-14.32,10615,LC0_FZ_50_Round18_IA_2_filtered
25,12,2,-45.79,-8.319,556.988,127.36,10828,LC0_FZ_50_Round18_IA_2_filtered
25,12,2,-45.79,-11.133,557.698,123.94,10899,LC0_FZ_50_Round18_IA_2_filtered
25,12,-0,-45.79,9.012,381.9,-144.04,3972,LC0_FZ_50_Round18_filtered
25,12,0,-45.79,-3.045,386.67,90.89,4449,LC0_FZ_50_Round18_filtered
25,12,0,-45.79,-10.938,389.4,128.18,4722,LC0_FZ_50_Round18_filtered
25,12,4,-45.77,-7.095,728.354,112.29,17309,LC0_FZ_50_IA_4_filtered
25,12,2,-45.75,-6.426,556.518,123.92,10781,LC0_FZ_50_Round18_IA_2_filtered
25,12,4,-45.74,11.224,720.434,-122.01,16517,LC0_FZ_50_IA_4_filtered
25,12,0,-45.74,-6.382,387.51,134,4533,LC0_FZ_50_Round18_filtered
25,12,0,-45.73,9.357,383.56,-138.33,4138,LC0_FZ_50_Round18_filtered
25,12,4,-45.72,-10.837,727.414,116.93,17215,LC0_FZ_50_IA_4_filtered
25,12,0,-45.72,5.586,381.04,-140.08,3886,LC0_FZ_50_Round18_filtered
25,12,0,-45.72,0.022,385.91,-5.9,4373,LC0_FZ_50_Round18_filtered
25,12,0,-45.72,-9.091,389.87,128.73,4769,LC0_FZ_50_Round18_filtered
25,12,2,-45.7,-10.2,557.458,124.07,10875,LC0_FZ_50_Round18_IA_2_filtered
25,12,2,-45.69,-1.322,555.238,50.22,10653,LC0_FZ_50_Round18_IA_2_filtered
25,12,0,-45.69,-8.857,389.93,129.97,4775,LC0_FZ_50_Round18_filtered
25,12,2,-45.68,6.625,553.248,-126.94,10454,LC0_FZ_50_Round18_IA_2_filtered
25,12,2,-45.68,-7.277,559.318,122.21,11061,LC0_FZ_50_Round18_IA_2_filtered
25,12,0,-45.68,-6.971,390.4,129.92,4822,LC0_FZ_50_Round18_filtered
25,12,2,-45.67,11.794,551.659,-133.75,10295,LC0_FZ_50_Round18_IA_2_filtered
25,12,2,-45.67,4.088,553.888,-108,10518,LC0_FZ_50_Round18_IA_2_filtered
25,12,2,-45.66,-0.803,555.108,33.31,10640,LC0_FZ_50_Round18_IA_2_filtered
25,12,2,-45.64,-8.267,556.978,126.4,10827,LC0_FZ_50_Round18_IA_2_filtered
25,12,2,-45.63,2.92,554.178,-92.8,10547,LC0_FZ_50_Round18_IA_2_filtered
25,12,0,-45.62,4.649,380.81,-129.72,3863,LC0_FZ_50_Round18_filtered
25,12,4,-45.58,0.877,723.684,-38.2,16842,LC0_FZ_50_IA_4_filtered
25,12,0,-45.58,10.722,382.33,-138.07,4015,LC0_FZ_50_Round18_filtered
25,12,2,-45.55,-2.962,560.398,83.9,11169,LC0_FZ_50_Round18_IA_2_filtered
25,12,-0,-45.54,12.045,382.85,-137.34,4067,LC0_FZ_50_Round18_filtered
25,12,0,-45.53,9.857,383.44,-136.01,4126,LC0_FZ_50_Round18_filtered
25,12,2,-45.52,9.653,551.059,-133.27,10235,LC0_FZ_50_Round18_IA_2_filtered
25,12,2,-45.51,10.603,552.248,-131.15,10354,LC0_FZ_50_Round18_IA_2_filtered
25,12,0,-45.5,-3.993,391.15,102.99,4897,LC0_FZ_50_Round18_filtered
25,12,2,-45.47,3.1,549.419,-94.08,10071,LC0_FZ_50_Round18_IA_2_filtered
25,12,2,-45.47,5.475,553.538,-122.45,10483,LC0_FZ_50_Round18_IA_2_filtered
25,12,2,-45.46,-6.914,556.638,127.49,10793,LC0_FZ_50_Round18_IA_2_filtered
25,12,4,-45.45,-4.827,728.924,102.36,17366,LC0_FZ_50_IA_4_filtered
25,12,0,-45.44,6.041,381.16,-140.1,3898,LC0_FZ_50_Round18_filtered
25,12,4,-45.42,3.358,718.474,-90.98,16321,LC0_FZ_50_IA_4_filtered
25,12,2,-45.42,1.285,554.588,-55,10588,LC0_FZ_50_Round18_IA_2_filtered
25,12,0,-45.39,11.631,382.56,-142.43,4038,LC0_FZ_50_Round18_filtered
25,12,0,-45.39,-8.358,390.05,128.22,4787,LC0_FZ_50_Round18_filtered
25,12,2,-45.36,-7.838,556.868,127.95,10816,LC0_FZ_50_Round18_IA_2_filtered
25,12,-0,-45.35,-8.704,388.09,131.71,4591,LC0_FZ_50_Round18_filtered
25,12,4,-45.34,4.348,718.724,-102.99,16346,LC0_FZ_50_IA_4_filtered
25,12,4,-45.34,-6.607,728.474,111.47,17321,LC0_FZ_50_IA_4_filtered
25,12,2,-45.32,-10.658,557.578,124.07,10887,LC0_FZ_50_Round18_IA_2_filtered
25,12,0,-45.31,8.538,381.78,-141.29,3960,LC0_FZ_50_Round18_filtered
25,12,2,-45.3,-8.191,559.088,120.36,11038,LC0_FZ_50_Round18_IA_2_filtered
25,12,4,-45.29,7.6,719.534,-119.73,16427,LC0_FZ_50_IA_4_filtered
25,12,4,-45.29,-1.051,724.174,39.68,16891,LC0_FZ_50_IA_4_filtered
25,12,-0,-45.29,11.836,382.73,-136.28,4055,LC0_FZ_50_Round18_filtered
25,12,0,-45.28,0.447,385.79,-28.39,4361,LC0_FZ_50_Round18_filtered
25,12,0,-45.26,-9.5,388.29,127.19,4611,LC0_FZ_50_Round18_filtered
25,12,0,-45.25,-2.57,391.5,79.83,4932,LC0_FZ_50_Round18_filtered
25,12,4,-45.23,11.454,721.024,-118.94,16576,LC0_FZ_50_IA_4_filtered
25,12,0,-45.21,3.068,385.14,-103.36,4296,LC0_FZ_50_Round18_filtered
25,12,2,-45.2,7.52,553.018,-124.96,10431,LC0_FZ_50_Round18_IA_2_filtered
25,12,2,-45.19,-10.158,557.448,122.64,10874,LC0_FZ_50_Round18_IA_2_filtered
25,12,4,-45.18,3.808,718.584,-97.52,16332,LC0_FZ_50_IA_4_filtered
25,12,2,-45.18,-8.542,558.998,122.79,11029,LC0_FZ_50_Round18_IA_2_filtered
25,12,4,-45.16,10.984,721.144,-116.78,16588,LC0_FZ_50_IA_4_filtered
25,12,2,-45.16,7.778,550.589,-132.4,10188,LC0_FZ_50_Round18_IA_2_filtered
25,12,0,-45.16,-2.35,391.56,79.25,4938,LC0_FZ_50_Round18_filtered
25,12,0,-45.15,-11.763,388.99,123.06,4681,LC0_FZ_50_Round18_filtered
25,12,4,-45.1,8.641,721.734,-110.88,16647,LC0_FZ_50_IA_4_filtered
25,12,0,-45.1,10.875,382.37,-136.95,4019,LC0_FZ_50_Round18_filtered
25,12,2,-45.09,7.609,550.549,-129.94,10184,LC0_FZ_50_Round18_IA_2_filtered
25,12,0,-45.09,-10.218,389.58,125.91,4740,LC0_FZ_50_Round18_filtered
25,12,4,-45.08,10.408,720.234,-119.4,16497,LC0_FZ_50_IA_4_filtered
25,12,2,-45.08,-9.245,557.218,123.93,10851,LC0_FZ_50_Round18_IA_2_filtered
25,12,0,-45.05,3.306,380.47,-105.92,3829,LC0_FZ_50_Round18_filtered
25,12,0,-45.03,-11.056,388.68,127.14,4650,LC0_FZ_50_Round18_filtered
25,12,0,-45.02,11.223,382.45,-135.41,4027,LC0_FZ_50_Round18_filtered
25,12,2,-45.01,3.844,553.948,-106.69,10524,LC0_FZ_50_Round18_IA_2_filtered
25,12,2,-45,3.132,554.118,-92.83,10541,LC0_FZ_50_Round18_IA_2_filtered
25,12,0,-44.98,6.109,384.38,-129.8,4220,LC0_FZ_50_Round18_filtered
25,12,0,-44.98,4.239,384.85,-113.52,4267,LC0_FZ_50_Round18_filtered
25,12,2,-44.97,-11.721,557.908,121.27,10920,LC0_FZ_50_Round18_IA_2_filtered
25,12,2,-44.96,-10.984,558.388,116.3,10968,LC0_FZ_50_Round18_IA_2_filtered
25,12,0,-44.93,-3.555,386.8,98.65,4462,LC0_FZ_50_Round18_filtered
25,12,2,-44.91,-5.745,559.698,115.84,11099,LC0_FZ_50_Round18_IA_2_filtered
25,12,2,-44.9,-9.719,557.338,123.56,10863,LC0_FZ_50_Round18_IA_2_filtered
25,12,-0,-44.9,-4.054,386.92,104.87,4474,LC0_FZ_50_Round18_filtered
25,12,0,-44.88,-7.67,390.22,128.39,4804,LC0_FZ_50_Round18_filtered
25,12,0,-44.88,-4.191,391.1,110.12,4892,LC0_FZ_50_Round18_filtered
25,12,2,-44.86,11.69,551.958,-127.26,10325,LC0_FZ_50_Round18_IA_2_filtered
25,12,2,-44.84,-7.726,559.208,120.3,11050,LC0_FZ_50_Round18_IA_2_filtered
25,12,0,-44.84,-12.036,389.04,125.26,4686,LC0_FZ_50_Round18_filtered
25,12,0,-44.84,-7.896,390.17,126.67,4799,LC0_FZ_50_Round18_filtered
25,12,0,-44.82,3.297,385.08,-97.92,4290,LC0_FZ_50_Round18_filtered
25,12,0,-44.82,-8.126,387.94,129.46,4576,LC0_FZ_50_Round18_filtered
25,12,0,-44.82,-10.111,388.44,126.43,4626,LC0_FZ_50_Round18_filtered
25,12,0,-44.81,-11.516,388.8,127.29,4662,LC0_FZ_50_Round18_filtered
25,12,2,-44.8,-7.64,559.228,122.21,11052,LC0_FZ_50_Round18_IA_2_filtered
25,12,4,-44.79,1.122,723.624,-43.95,16836,LC0_FZ_50_IA_4_filtered
25,12,0,-44.78,-5.309,387.24,120.6,4506,LC0_FZ_50_Round18_filtered
25,12,2,-44.76,-2.044,560.628,66.02,11192,LC0_FZ_50_Round18_IA_2_filtered
25,12,4,-44.74,-5.702,728.704,107.25,17344,LC0_FZ_50_IA_4_filtered
25,12,0,-44.74,-11.374,388.76,125.02,4658,LC0_FZ_50_Round18_filtered
25,12,0,-44.73,3.334,380.48,-102.95,3830,LC0_FZ_50_Round18_filtered
25,12,4,-44.72,10.764,720.324,-117.1,16506,LC0_FZ_50_IA_4_filtered
25,12,0,-44.68,5.827,384.45,-134.15,4227,LC0_FZ_50_Round18_filtered
25,12,2,-44.67,-3.431,560.278,90.69,11157,LC0_FZ_50_Round18_IA_2_filtered
25,12,-0,-44.67,7.226,384.1,-136.29,4192,LC0_FZ_50_Round18_filtered
25,12,2,-44.65,11.239,552.078,-124.66,10337,LC0_FZ_50_Round18_IA_2_filtered
25,12,0,-44.64,5.263,380.96,-125.91,3878,LC0_FZ_50_Round18_filtered
25,12,4,-44.63,8.107,721.874,-112.75,16661,LC0_FZ_50_IA_4_filtered
25,12,0,-44.62,-0.762,391.96,29.92,4978,LC0_FZ_50_Round18_filtered
25,12,4,-44.61,-0.231,723.964,6.56,16870,LC0_FZ_50_IA_4_filtered
25,12,0,-44.61,-6.487,390.52,126.73,4834,LC0_FZ_50_Round18_filtered
25,12,2,-44.6,11.368,551.489,-127.56,10278,LC0_FZ_50_Round18_IA_2_filtered
25,12,0,-44.59,11.827,382.92,-133.96,4074,LC0_FZ_50_Round18_filtered
25,12,2,-44.57,-11.586,557.818,123.39,10911,LC0_FZ_50_Round18_IA_2_filtered
25,12,2,-44.53,-11.837,558.148,118.78,10944,LC0_FZ_50_Round18_IA_2_filtered
25,12,0,-44.52,9.923,382.13,-136.04,3995,LC0_FZ_50_Round18_filtered
25,12,0,-44.52,-3.527,386.79,97.54,4461,LC0_FZ_50_Round18_filtered
25,12,4,-44.5,6.123,719.164,-112.62,16390,LC0_FZ_50_IA_4_filtered
25,12,-0,-44.48,7.464,381.51,-141.71,3933,LC0_FZ_50_Round18_filtered
25,12,2,-44.47,12.062,551.839,-128.21,10313,LC0_FZ_50_Round18_IA_2_filtered
25,12,0,-44.47,-10.04,389.63,124.83,4745,LC0_FZ_50_Round18_filtered
25,12,4,-44.46,4.299,718.704,-100.52,16344,LC0_FZ_50_IA_4_filtered
25,12,0,-44.45,0.938,385.67,-46.87,4349,LC0_FZ_50_Round18_filtered
25,12,2,-44.44,4.745,553.718,-114.76,10501,LC0_FZ_50_Round18_IA_2_filtered
25,12,4,-44.4,4.786,718.834,-105.19,16357,LC0_FZ_50_IA_4_filtered
25,12,0,-44.4,-0.494,392.02,22.33,4984,LC0_FZ_50_Round18_filtered
25,12,0,-44.39,11.393,383.04,-133.54,4086,LC0_FZ_50_Round18_filtered
25,12,0,-44.39,-2.133,391.61,69.63,4943,LC0_FZ_50_Round18_filtered
25,12,0,-44.38,-4.389,387.01,110.56,4483,LC0_FZ_50_Round18_filtered
25,12,0,-44.38,-9.266,389.82,123.74,4764,LC0_FZ_50_Round18_filtered
25,12,4,-44.37,4.766,718.824,-104.14,16356,LC0_FZ_50_IA_4_filtered
25,12,4,-44.37,8.629,721.744,-108.73,16648,LC0_FZ_50_IA_4_filtered
25,12,2,-44.37,-5.821,559.688,112.9,11098,LC0_FZ_50_Round18_IA_2_filtered
25,12,2,-44.35,-9.967,558.638,119.04,10993,LC0_FZ_50_Round18_IA_2_filtered
25,12,4,-44.34,8.916,719.864,-114.67,16460,LC0_FZ_50_IA_4_filtered
25,12,2,-44.33,1.063,554.638,-50.07,10593,LC0_FZ_50_Round18_IA_2_filtered
25,12,2,-44.33,-6.786,559.438,120.14,11073,LC0_FZ_50_Round18_IA_2_filtered
25,12,4,-44.32,7.531,719.514,-113.4,16425,LC0_FZ_50_IA_4_filtered
25,12,0,-44.3,8.043,381.66,-138.82,3948,LC0_FZ_50_Round18_filtered
25,12,0,-44.29,-10.469,388.53,122.09,4635,LC0_FZ_50_Round18_filtered
25,12,0,-44.29,-8.143,390.1,126.09,4792,LC0_FZ_50_Round18_filtered
25,12,2,-44.27,7.291,550.469,-130.74,10176,LC0_FZ_50_Round18_IA_2_filtered
25,12,2,-44.24,10.797,552.198,-122.84,10349,LC0_FZ_50_Round18_IA_2_filtered
25,12,2,-44.24,8.932,552.668,-124.05,10396,LC0_FZ_50_Round18_IA_2_filtered
25,12,2,-44.24,-9.553,558.748,117.97,11004,LC0_FZ_50_Round18_IA_2_filtered
25,12,0,-44.22,3.777,380.59,-111.48,3841,LC0_FZ_50_Round18_filtered
25,12,0,-44.22,2.617,385.26,-92.3,4308,LC0_FZ_50_Round18_filtered
25,12,4,-44.2,-2.951,729.394,76.16,17413,LC0_FZ_50_IA_4_filtered
25,12,4,-44.19,-3.875,729.164,89.94,17390,LC0_FZ_50_IA_4_filtered
25,12,2,-44.19,-3.932,560.158,96.4,11145,LC0_FZ_50_Round18_IA_2_filtered
25,12,0,-44.19,-7.204,387.71,128.08,4553,LC0_FZ_50_Round18_filtered
25,12,2,-44.18,5.027,553.648,-114.24,10494,LC0_FZ_50_Round18_IA_2_filtered
25,12,4,-44.17,7.546,719.524,-114.33,16426,LC0_FZ_50_IA_4_filtered
25,12,4,-44.17,2.985,723.154,-80.2,16789,LC0_FZ_50_IA_4_filtered
25,12,0,-44.15,8.436,383.79,-132.89,4161,LC0_FZ_50_Round18_filtered
25,12,2,-44.14,-9.51,558.758,120.02,11005,LC0_FZ_50_Round18_IA_2_filtered
25,12,2,-44.13,11.805,551.648,-126.17,10294,LC0_FZ_50_Round18_IA_2_filtered
25,12,-0,-44.13,-10.963,389.39,121.18,4721,LC0_FZ_50_Round18_filtered
25,12,0,-44.12,1.428,385.55,-61.1,4337,LC0_FZ_50_Round18_filtered
25,12,0,-44.12,-5.806,387.36,121.91,4518,LC0_FZ_50_Round18_filtered
25,12,2,-44.11,3.526,549.529,-98.74,10082,LC0_FZ_50_Round18_IA_2_filtered
25,12,2,-44.11,6.696,550.319,-127.9,10161,LC0_FZ_50_Round18_IA_2_filtered
25,12,0,-44.08,-3.54,391.26,93.79,4908,LC0_FZ_50_Round18_filtered
25,12,0,-44.05,0.782,385.71,-42.84,4353,LC0_FZ_50_Round18_filtered
25,12,0,-44.05,-6.369,387.5,127.18,4532,LC0_FZ_50_Round18_filtered
25,12,4,-44.03,9.45,719.994,-116.44,16473,LC0_FZ_50_IA_4_filtered
25,12,0,-44.02,-11.14,389.35,121.42,4717,LC0_FZ_50_Round18_filtered
25,12,4,-43.99,6.607,719.284,-112.56,16402,LC0_FZ_50_IA_4_filtered
25,12,2,-43.99,10.647,552.239,-123.09,10353,LC0_FZ_50_Round18_IA_2_filtered
25,12,0,-43.99,-4.852,387.13,112.76,4495,LC0_FZ_50_Round18_filtered
25,12,4,-43.97,-0.673,724.064,23.29,16880,LC0_FZ_50_IA_4_filtered
25,12,0,-43.95,3.793,384.96,-105.12,4278,LC0_FZ_50_Round18_filtered
25,12,4,-43.94,9.884,720.104,-114.81,16484,LC0_FZ_50_IA_4_filtered
25,12,2,-43.94,4.023,549.649,-105.42,10094,LC0_FZ_50_Round18_IA_2_filtered
25,12,0,-43.93,-5.086,390.87,117.96,4869,LC0_FZ_50_Round18_filtered
25,12,4,-43.88,10.943,721.154,-111.92,16589,LC0_FZ_50_IA_4_filtered
25,12,0,-43.87,6.574,384.26,-129.05,4208,LC0_FZ_50_Round18_filtered
25,12,0,-43.85,3.808,380.6,-109.34,3842,LC0_FZ_50_Round18_filtered
25,12,0,-43.85,4.678,380.82,-122.65,3864,LC0_FZ_50_Round18_filtered
25,12,0,-43.85,1.675,385.49,-71.06,4331,LC0_FZ_50_Round18_filtered
25,12,2,-43.84,5.672,553.488,-118.79,10478,LC0_FZ_50_Round18_IA_2_filtered
25,12,2,-43.84,-6.283,559.568,114.7,11086,LC0_FZ_50_Round18_IA_2_filtered
25,12,0,-43.83,11.262,383.08,-130.59,4090,LC0_FZ_50_Round18_filtered
25,12,0,-43.79,10.495,383.28,-131.05,4110,LC0_FZ_50_Round18_filtered
25,12,2,-43.78,8.309,552.828,-125.92,10412,LC0_FZ_50_Round18_IA_2_filtered
25,12,0,-43.78,-1.132,386.2,45.77,4402,LC0_FZ_50_Round18_filtered
25,12,4,-43.77,6.314,722.324,-105.36,16706,LC0_FZ_50_IA_4_filtered
25,12,2,-43.76,2.434,554.298,-82.16,10559,LC0_FZ_50_Round18_IA_2_filtered
25,12,2,-43.73,-6.751,559.448,117.52,11074,LC0_FZ_50_Round18_IA_2_filtered
25,12,0,-43.73,-1.417,391.79,56.91,4961,LC0_FZ_50_Round18_filtered
25,12,0,-43.71,-9.11,389.86,122.09,4768,LC0_FZ_50_Round18_filtered
25,12,0,-43.7,-9.179,388.2,125.62,4602,LC0_FZ_50_Round18_filtered
25,12,4,-43.69,10.495,721.274,-111.41,16601,LC0_FZ_50_IA_4_filtered
25,12,0,-43.69,-5.354,387.25,116.58,4507,LC0_FZ_50_Round18_filtered
25,12,2,-43.68,12.099,551.768,-126.39,10306,LC0_FZ_50_Round18_IA_2_filtered
25,12,2,-43.67,10.44,551.259,-123.11,10255,LC0_FZ_50_Round18_IA_2_filtered
25,12,0,-43.66,-4.951,390.91,109.06,4873,LC0_FZ_50_Round18_filtered
25,12,0,-43.65,4.406,384.8,-120.97,4262,LC0_FZ_50_Round18_filtered
25,12,2,-43.63,4.277,553.838,-108.22,10513,LC0_FZ_50_Round18_IA_2_filtered
25,12,2,-43.62,4.852,549.859,-116.92,10115,LC0_FZ_50_Round18_IA_2_filtered
25,12,0,-43.62,2.374,385.31,-80.76,4313,LC0_FZ_50_Round18_filtered
25,12,2,-43.56,10.087,551.169,-125.59,10246,LC0_FZ_50_Round18_IA_2_filtered
25,12,0,-43.56,5.333,384.57,-128.4,4239,LC0_FZ_50_Round18_filtered
25,12,0,-43.54,-7.268,387.73,128.66,4555,LC0_FZ_50_Round18_filtered
25,12,2,-43.5,-11.728,557.918,117.46,10921,LC0_FZ_50_Round18_IA_2_filtered
25,12,0,-43.5,-11.5,388.79,121.11,4661,LC0_FZ_50_Round18_filtered
25,12,4,-43.49,4.393,722.804,-97.49,16754,LC0_FZ_50_IA_4_filtered
25,12,4,-43.49,0.829,723.694,-35.98,16843,LC0_FZ_50_IA_4_filtered
25,12,4,-43.49,-0.056,723.924,-0.56,16866,LC0_FZ_50_IA_4_filtered
25,12,2,-43.47,-10.018,558.628,117.29,10992,LC0_FZ_50_Round18_IA_2_filtered
25,12,0,-43.47,-8.641,388.07,124.2,4589,LC0_FZ_50_Round18_filtered
25,12,2,-43.46,1.314,554.578,-53.35,10587,LC0_FZ_50_Round18_IA_2_filtered
25,12,-0,-43.46,-11.022,388.67,121.17,4649,LC0_FZ_50_Round18_filtered
25,12,0,-43.43,-6.256,387.48,124.09,4530,LC0_FZ_50_Round18_filtered
25,12,2,-43.41,-10.497,558.508,116.73,10980,LC0_FZ_50_Round18_IA_2_filtered
25,12,0,-43.41,11.7,382.96,-129.3,4078,LC0_FZ_50_Round18_filtered
25,12,4,-43.38,4.469,722.784,-96.06,16752,LC0_FZ_50_IA_4_filtered
25,12,0,-43.37,-10.966,388.65,120.78,4647,LC0_FZ_50_Round18_filtered
25,12,2,-43.35,-11.797,558.158,115.78,10945,LC0_FZ_50_Round18_IA_2_filtered
25,12,2,-43.34,9.854,552.438,-120.33,10373,LC0_FZ_50_Round18_IA_2_filtered
25,12,0,-43.33,-9.07,388.18,123.61,4600,LC0_FZ_50_Round18_filtered
25,12,4,-43.32,2.062,723.384,-63.74,16812,LC0_FZ_50_IA_4_filtered
25,12,2,-43.32,6.339,550.229,-123.67,10152,LC0_FZ_50_Round18_IA_2_filtered
25,12,-0,-43.31,-1.17,386.21,45.64,4403,LC0_FZ_50_Round18_filtered
25,12,2,-43.3,-12.036,558.038,115.79,10933,LC0_FZ_50_Round18_IA_2_filtered
25,12,0,-43.26,4.75,380.83,-118.79,3865,LC0_FZ_50_Round18_filtered
25,12,0,-43.25,-9.568,388.31,122.55,4613,LC0_FZ_50_Round18_filtered
25,12,0,-43.23,8.971,381.89,-133.66,3971,LC0_FZ_50_Round18_filtered
25,12,0,-43.23,-7.663,387.83,127.49,4565,LC0_FZ_50_Round18_filtered
25,12,0,-43.22,10.012,383.4,-128.45,4122,LC0_FZ_50_Round18_filtered
25,12,0,-43.22,-8.147,387.95,125.45,4577,LC0_FZ_50_Round18_filtered
25,12,4,-43.21,11.364,721.044,-111.93,16578,LC0_FZ_50_IA_4_filtered
25,12,0,-43.21,-10.552,388.55,120.97,4637,LC0_FZ_50_Round18_filtered
25,12,-0,-43.18,-6.941,390.41,123.5,4823,LC0_FZ_50_Round18_filtered
25,12,2,-43.17,9.064,550.909,-122.82,10220,LC0_FZ_50_Round18_IA_2_filtered
25,12,0,-43.17,7.091,381.42,-133.53,3924,LC0_FZ_50_Round18_filtered
25,12,-0,-43.14,3.033,385.15,-97.98,4297,LC0_FZ_50_Round18_filtered
25,12,2,-43.13,4.107,553.878,-103.42,10517,LC0_FZ_50_Round18_IA_2_filtered
25,12,2,-43.12,-4.435,560.028,103.07,11132,LC0_FZ_50_Round18_IA_2_filtered
25,12,0,-43.07,5.187,380.94,-123.81,3876,LC0_FZ_50_Round18_filtered
25,12,2,-43.06,-3.962,560.148,96.36,11144,LC0_FZ_50_Round18_IA_2_filtered
25,12,-0,-43.06,8.126,383.87,-131.63,4169,LC0_FZ_50_Round18_filtered
25,12,-0,-43.04,-6.329,387.49,123.19,4531,LC0_FZ_50_Round18_filtered
25,12,2,-43.01,5.88,550.109,-120.23,10140,LC0_FZ_50_Round18_IA_2_filtered
25,12,0,-43,-0.812,386.11,30.37,4393,LC0_FZ_50_Round18_filtered
25,12,4,-42.94,2.587,723.264,-71.53,16800,LC0_FZ_50_IA_4_filtered
25,12,0,-42.94,-11.455,388.78,118.16,4660,LC0_FZ_50_Round18_filtered
25,12,2,-42.93,-3.063,560.378,82.72,11167,LC0_FZ_50_Round18_IA_2_filtered
25,12,0,-42.93,-5.543,390.76,117.72,4858,LC0_FZ_50_Round18_filtered
25,12,0,-42.93,-5.401,390.79,112.43,4861,LC0_FZ_50_Round18_filtered
25,12,2,-42.92,7.387,553.058,-120.95,10435,LC0_FZ_50_Round18_IA_2_filtered
25,12,-0,-42.89,-10.079,389.62,118.7,4744,LC0_FZ_50_Round18_filtered
25,12,0,-42.89,-7.861,390.18,120.38,4800,LC0_FZ_50_Round18_filtered
25,12,4,-42.88,2.64,723.244,-73.75,16798,LC0_FZ_50_IA_4_filtered
25,12,2,-42.81,7.218,550.449,-121.75,10174,LC0_FZ_50_Round18_IA_2_filtered
25,12,0,-42.78,2.88,385.19,-88.14,4301,LC0_FZ_50_Round18_filtered
25,12,0,-42.77,10.754,382.34,-129.47,4016,LC0_FZ_50_Round18_filtered
25,12,0,-42.77,7.646,383.99,-130.04,4181,LC0_FZ_50_Round18_filtered
25,12,2,-42.75,12.045,551.849,-120.48,10314,LC0_FZ_50_Round18_IA_2_filtered
25,12,0,-42.74,-2.309,391.57,75.19,4939,LC0_FZ_50_Round18_filtered
25,12,2,-42.73,4.416,549.749,-110,10104,LC0_FZ_50_Round18_IA_2_filtered
25,12,2,-42.72,1.968,554.418,-70.71,10571,LC0_FZ_50_Round18_IA_2_filtered
25,12,2,-42.71,8.604,550.799,-120.81,10209,LC0_FZ_50_Round18_IA_2_filtered
25,12,0,-42.71,6.091,381.17,-131.97,3899,LC0_FZ_50_Round18_filtered
25,12,0,-42.7,10.833,382.36,-128.41,4018,LC0_FZ_50_Round18_filtered
25,12,-0,-42.7,9.418,383.55,-128.51,4137,LC0_FZ_50_Round18_filtered
25,12,2,-42.69,7.488,553.029,-117.87,10432,LC0_FZ_50_Round18_IA_2_filtered
25,12,0,-42.67,8.42,381.75,-132.29,3957,LC0_FZ_50_Round18_filtered
25,12,0,-42.66,-1.206,391.84,45.78,4966,LC0_FZ_50_Round18_filtered
25,12,2,-42.65,9.702,552.469,-119.85,10376,LC0_FZ_50_Round18_IA_2_filtered
25,12,0,-42.64,6.567,381.29,-131.66,3911,LC0_FZ_50_Round18_filtered
25,12,2,-42.63,7.702,550.569,-121.5,10186,LC0_FZ_50_Round18_IA_2_filtered
25,12,2,-42.63,11.659,551.969,-119,10326,LC0_FZ_50_Round18_IA_2_filtered
25,12,2,-42.61,4.587,553.758,-105.94,10505,LC0_FZ_50_Round18_IA_2_filtered
25,12,2,-42.6,4.906,549.869,-112.93,10116,LC0_FZ_50_Round18_IA_2_filtered
25,12,0,-42.6,-9.218,389.83,117.87,4765,LC0_FZ_50_Round18_filtered
25,12,2,-42.59,7.272,550.459,-123.81,10175,LC0_FZ_50_Round18_IA_2_filtered
25,12,0,-42.57,-10.087,388.43,121.55,4625,LC0_FZ_50_Round18_filtered
25,12,0,-42.57,-0.955,391.91,40.95,4973,LC0_FZ_50_Round18_filtered
25,12,2,-42.56,3.789,553.958,-100.37,10525,LC0_FZ_50_Round18_IA_2_filtered
25,12,2,-42.54,9.129,550.929,-123.93,10222,LC0_FZ_50_Round18_IA_2_filtered
25,12,2,-42.53,10.542,551.279,-120.99,10257,LC0_FZ_50_Round18_IA_2_filtered
25,12,2,-42.52,-0.527,555.028,16.8,10632,LC0_FZ_50_Round18_IA_2_filtered
25,12,0,-42.52,2.102,385.38,-80.02,4320,LC0_FZ_50_Round18_filtered
25,12,2,-42.51,5.826,550.099,-119.63,10139,LC0_FZ_50_Round18_IA_2_filtered
25,12,2,-42.51,11.512,551.518,-121.61,10281,LC0_FZ_50_Round18_IA_2_filtered
25,12,2,-42.51,-2.158,560.598,69.07,11189,LC0_FZ_50_Round18_IA_2_filtered
25,12,-0,-42.51,8.503,381.77,-131.6,3959,LC0_FZ_50_Round18_filtered
25,12,0,-42.51,-6.466,390.53,120.7,4835,LC0_FZ_50_Round18_filtered
25,12,2,-42.5,5.994,553.408,-116.46,10470,LC0_FZ_50_Round18_IA_2_filtered
25,12,0,-42.5,6.148,381.18,-129.29,3900,LC0_FZ_50_Round18_filtered
25,12,4,-42.46,11.702,720.574,-114.63,16531,LC0_FZ_50_IA_4_filtered
25,12,2,-42.45,9.53,551.029,-121.97,10232,LC0_FZ_50_Round18_IA_2_filtered
25,12,2,-42.45,8.892,552.678,-116.95,10397,LC0_FZ_50_Round18_IA_2_filtered
25,12,2,-42.45,-2.149,560.608,66.59,11190,LC0_FZ_50_Round18_IA_2_filtered
25,12,-0,-42.45,9.356,381.99,-128.97,3981,LC0_FZ_50_Round18_filtered
25,12,4,-42.44,1.724,723.474,-57.27,16821,LC0_FZ_50_IA_4_filtered
25,12,0,-42.39,8.019,381.65,-131.65,3947,LC0_FZ_50_Round18_filtered
25,12,0,-42.39,-0.373,386,10.85,4382,LC0_FZ_50_Round18_filtered
25,12,0,-42.38,-5.9,390.67,114.26,4849,LC0_FZ_50_Round18_filtered
25,12,4,-42.37,2.147,723.364,-64.33,16810,LC0_FZ_50_IA_4_filtered
25,12,2,-42.36,6.749,550.329,-122.08,10162,LC0_FZ_50_Round18_IA_2_filtered
25,12,2,-42.36,9.57,551.039,-121.54,10233,LC0_FZ_50_Round18_IA_2_filtered
25,12,0,-42.35,7.97,381.64,-131.02,3946,LC0_FZ_50_Round18_filtered
25,12,0,-42.35,-0.705,386.08,28.11,4390,LC0_FZ_50_Round18_filtered
25,12,0,-42.33,11.356,383.05,-124.94,4087,LC0_FZ_50_Round18_filtered
25,12,0,-42.31,-11.012,389.38,115.38,4720,LC0_FZ_50_Round18_filtered
25,12,2,-42.3,11.567,551.998,-120.67,10329,LC0_FZ_50_Round18_IA_2_filtered
25,12,0,-42.26,-7.371,390.3,119.61,4812,LC0_FZ_50_Round18_filtered
25,12,0,-42.25,-0.45,392.03,19.89,4985,LC0_FZ_50_Round18_filtered
25,12,0,-42.23,7.183,384.11,-128.28,4193,LC0_FZ_50_Round18_filtered
25,12,2,-42.21,11.803,551.638,-119.89,10293,LC0_FZ_50_Round18_IA_2_filtered
25,12,0,-42.21,8.9,381.87,-129.62,3969,LC0_FZ_50_Round18_filtered
25,12,0,-42.19,11.296,383.07,-123.11,4089,LC0_FZ_50_Round18_filtered
25,12,0,-42.16,-4.507,391.02,103.33,4884,LC0_FZ_50_Round18_filtered
25,12,0,-42.12,9.404,382,-129.34,3982,LC0_FZ_50_Round18_filtered
25,12,0,-42.12,11.658,382.57,-131.38,4039,LC0_FZ_50_Round18_filtered
25,12,4,-42.11,1.635,723.494,-54.22,16823,LC0_FZ_50_IA_4_filtered
25,12,4,-42.1,1.155,723.614,-43.48,16835,LC0_FZ_50_IA_4_filtered
25,12,0,-42.1,-2.174,391.6,68.22,4942,LC0_FZ_50_Round18_filtered
25,12,4,-42.09,2.602,723.254,-71.43,16799,LC0_FZ_50_IA_4_filtered
25,12,0,-42.07,12.065,382.84,-127.17,4066,LC0_FZ_50_Round18_filtered
25,12,2,-42.05,9.806,552.448,-115.29,10374,LC0_FZ_50_Round18_IA_2_filtered
25,12,0,-42.05,10.317,382.23,-126.98,4005,LC0_FZ_50_Round18_filtered
25,12,2,-42.03,10.995,551.388,-118.01,10268,LC0_FZ_50_Round18_IA_2_filtered
25,12,0,-42.02,10.881,383.17,-124.4,4099,LC0_FZ_50_Round18_filtered
25,12,2,-42.01,10.024,551.148,-120.54,10244,LC0_FZ_50_Round18_IA_2_filtered
25,12,2,-42.01,8.421,552.798,-115.88,10409,LC0_FZ_50_Round18_IA_2_filtered
25,12,-0,-42.01,-1.715,391.72,58.22,4954,LC0_FZ_50_Round18_filtered
25,12,0,-41.99,11.795,382.69,-125.92,4051,LC0_FZ_50_Round18_filtered
25,12,2,-41.98,-0.395,554.998,12.45,10629,LC0_FZ_50_Round18_IA_2_filtered
25,12,0,-41.95,-10.131,389.6,114.47,4742,LC0_FZ_50_Round18_filtered
25,12,0,-41.88,8.971,383.66,-123.93,4148,LC0_FZ_50_Round18_filtered
25,12,0,-41.87,8.461,381.76,-128.06,3958,LC0_FZ_50_Round18_filtered
25,12,0,-41.84,4.846,384.69,-120.95,4251,LC0_FZ_50_Round18_filtered
25,12,0,-41.83,-11.878,389.14,114.42,4696,LC0_FZ_50_Round18_filtered
25,12,2,-41.8,8.804,552.698,-116.95,10399,LC0_FZ_50_Round18_IA_2_filtered
25,12,0,-41.8,8.933,381.88,-128.11,3970,LC0_FZ_50_Round18_filtered
25,12,0,-41.78,-9.689,389.72,115.08,4754,LC0_FZ_50_Round18_filtered
25,12,0,-41.77,11.805,382.72,-125.61,4054,LC0_FZ_50_Round18_filtered
25,12,4,-41.76,1.233,723.594,-44.88,16833,LC0_FZ_50_IA_4_filtered
25,12,0,-41.75,-9.62,389.73,116.21,4755,LC0_FZ_50_Round18_filtered
25,12,0,-41.69,-0.833,391.95,31.18,4977,LC0_FZ_50_Round18_filtered
25,12,0,-41.68,10.796,382.35,-125.71,4017,LC0_FZ_50_Round18_filtered
25,12,0,-41.67,10.436,383.29,-122.98,4111,LC0_FZ_50_Round18_filtered
25,12,0,-41.65,-6.892,390.42,118.49,4824,LC0_FZ_50_Round18_filtered
25,12,2,-41.6,11.593,551.989,-115.3,10328,LC0_FZ_50_Round18_IA_2_filtered
25,12,0,-41.6,4.369,384.81,-113.81,4263,LC0_FZ_50_Round18_filtered
25,12,0,-41.58,-11.721,388.9,113.17,4672,LC0_FZ_50_Round18_filtered
25,12,2,-41.56,-1.685,560.718,57.89,11201,LC0_FZ_50_Round18_IA_2_filtered
25,12,0,-41.56,-10.107,389.61,114.28,4743,LC0_FZ_50_Round18_filtered
25,12,2,-41.52,11.119,552.109,-116.33,10340,LC0_FZ_50_Round18_IA_2_filtered
25,12,2,-41.51,6.469,553.288,-116.35,10458,LC0_FZ_50_Round18_IA_2_filtered
25,12,0,-41.51,-5.478,390.77,112.44,4859,LC0_FZ_50_Round18_filtered
25,12,0,-41.47,10.83,383.19,-123.14,4101,LC0_FZ_50_Round18_filtered
25,12,0,-41.47,-5.451,390.78,110.78,4860,LC0_FZ_50_Round18_filtered
25,12,2,-41.46,10.73,552.219,-113.7,10351,LC0_FZ_50_Round18_IA_2_filtered
25,12,-0,-41.45,-4.999,390.89,108,4871,LC0_FZ_50_Round18_filtered
25,12,0,-41.44,-7.324,390.31,116.76,4813,LC0_FZ_50_Round18_filtered
25,12,0,-41.42,1.194,385.61,-55.26,4343,LC0_FZ_50_Round18_filtered
25,12,0,-41.4,-11.774,389.02,113.19,4684,LC0_FZ_50_Round18_filtered
25,12,0,-41.4,-4.053,391.13,98.92,4895,LC0_FZ_50_Round18_filtered
25,12,4,-41.39,0.708,723.724,-30.17,16846,LC0_FZ_50_IA_4_filtered
25,12,0,-41.39,9.987,383.41,-121.84,4123,LC0_FZ_50_Round18_filtered
25,12,0,-41.36,8.553,383.76,-125.62,4158,LC0_FZ_50_Round18_filtered
25,12,0,-41.36,3.481,385.04,-102.19,4286,LC0_FZ_50_Round18_filtered
25,12,2,-41.3,3.767,553.968,-95.75,10526,LC0_FZ_50_Round18_IA_2_filtered
25,12,2,-41.26,5.542,553.518,-110.77,10481,LC0_FZ_50_Round18_IA_2_filtered
25,12,2,-41.22,9.302,552.578,-115.64,10387,LC0_FZ_50_Round18_IA_2_filtered
25,12,0,-41.22,11.722,382.95,-121.86,4077,LC0_FZ_50_Round18_filtered
25,12,0,-41.2,-4.963,390.9,106.86,4872,LC0_FZ_50_Round18_filtered
25,12,4,-41.19,0.755,723.714,-31.12,16845,LC0_FZ_50_IA_4_filtered
25,12,2,-41.19,8.848,552.688,-114.05,10398,LC0_FZ_50_Round18_IA_2_filtered
25,12,0,-41.19,-3.17,391.35,87.68,4917,LC0_FZ_50_Round18_filtered
25,12,0,-41.17,6.599,384.25,-122.48,4207,LC0_FZ_50_Round18_filtered
25,12,0,-41.12,-4.596,391,105.94,4882,LC0_FZ_50_Round18_filtered
25,12,2,-41.11,-1.25,560.828,47.14,11212,LC0_FZ_50_Round18_IA_2_filtered
25,12,0,-41.1,-3.122,391.36,85.16,4918,LC0_FZ_50_Round18_filtered
25,12,0,-41.08,9.917,383.42,-120.75,4124,LC0_FZ_50_Round18_filtered
25,12,-0,-41.08,-5.945,390.66,113.74,4848,LC0_FZ_50_Round18_filtered
25,12,2,-41.07,11.188,552.099,-114.19,10339,LC0_FZ_50_Round18_IA_2_filtered
25,12,0,-41.04,-2.241,391.59,69.05,4941,LC0_FZ_50_Round18_filtered
25,12,0,-41.03,8.053,383.89,-122.67,4171,LC0_FZ_50_Round18_filtered
25,12,0,-41,-3.615,391.24,93.36,4906,LC0_FZ_50_Round18_filtered
25,12,0,-40.98,3.925,384.93,-105.92,4275,LC0_FZ_50_Round18_filtered
25,12,2,-40.97,11.861,551.749,-115.59,10304,LC0_FZ_50_Round18_IA_2_filtered
25,12,0,-40.97,-4.11,391.12,100.39,4894,LC0_FZ_50_Round18_filtered
25,12,0,-40.96,-4.533,391.01,102.77,4883,LC0_FZ_50_Round18_filtered
25,12,2,-40.92,4.654,553.738,-103.78,10503,LC0_FZ_50_Round18_IA_2_filtered
25,12,0,-40.92,8.997,383.65,-122.04,4147,LC0_FZ_50_Round18_filtered
25,12,0,-40.92,6.677,384.23,-124.8,4205,LC0_FZ_50_Round18_filtered
25,12,-0,-40.91,11.761,382.94,-120.12,4076,LC0_FZ_50_Round18_filtered
25,12,0,-40.79,8.092,383.88,-124.36,4170,LC0_FZ_50_Round18_filtered
25,12,2,-40.76,-0.413,555.008,13.33,10630,LC0_FZ_50_Round18_IA_2_filtered
25,12,0,-40.69,6.241,384.35,-122.31,4217,LC0_FZ_50_Round18_filtered
25,12,2,-40.68,2.848,554.198,-83.5,10549,LC0_FZ_50_Round18_IA_2_filtered
25,12,0,-40.68,-0.914,391.92,37.67,4974,LC0_FZ_50_Round18_filtered
25,12,2,-40.65,1.918,554.428,-66.78,10572,LC0_FZ_50_Round18_IA_2_filtered
25,12,0,-40.5,2.977,385.16,-92.39,4298,LC0_FZ_50_Round18_filtered
25,12,0,-40.42,-0.745,386.09,28.04,4391,LC0_FZ_50_Round18_filtered
25,12,0,-40.39,5.309,384.58,-120.76,4240,LC0_FZ_50_Round18_filtered
25,12,0,-40.37,-1.747,391.71,58.68,4953,LC0_FZ_50_Round18_filtered
25,12,-0,-40.35,11.808,382.7,-119.18,4052,LC0_FZ_50_Round18_filtered
25,12,0,-40.3,1.616,385.5,-66.83,4332,LC0_FZ_50_Round18_filtered
25,12,0,-40.29,6.169,384.36,-120.16,4218,LC0_FZ_50_Round18_filtered
25,12,0,-40.25,5.729,384.47,-120.16,4229,LC0_FZ_50_Round18_filtered
25,12,2,-40.23,2.357,554.318,-73.89,10561,LC0_FZ_50_Round18_IA_2_filtered
25,12,0,-40.21,11.817,382.71,-119.13,4053,LC0_FZ_50_Round18_filtered
25,12,2,-40.14,2.306,554.328,-72.63,10562,LC0_FZ_50_Round18_IA_2_filtered
25,12,0,-40.05,-0.345,385.99,9.02,4381,LC0_FZ_50_Round18_filtered
25,12,0,-40.02,7.145,384.12,-123.14,4194,LC0_FZ_50_Round18_filtered
25,12,0,-39.88,0.137,385.88,-11.31,4370,LC0_FZ_50_Round18_filtered
25,12,2,-39.84,0.079,554.888,-8.42,10618,LC0_FZ_50_Round18_IA_2_filtered
25,12,0,-39.63,2.521,385.28,-82.2,4310,LC0_FZ_50_Round18_filtered
25,12,2,-39.62,1.431,554.548,-54.5,10584,LC0_FZ_50_Round18_IA_2_filtered
25,12,2,-39.62,0.014,554.908,-5.33,10620,LC0_FZ_50_Round18_IA_2_filtered
25,12,0,-39.31,2.954,385.17,-88.41,4299,LC0_FZ_50_Round18_filtered
25,12,0,-39.24,-1.276,391.82,48.28,4964,LC0_FZ_50_Round18_filtered
25,12,0,-39.08,0.234,385.85,-15.62,4367,LC0_FZ_50_Round18_filtered
25,12,0,-38.81,-0.243,385.97,6.31,4379,LC0_FZ_50_Round18_filtered
25,12,2,-38.57,0.055,554.898,-6.77,10619,LC0_FZ_50_Round18_IA_2_filtered
25,12,0,-38.51,1.55,385.52,-60.19,4334,LC0_FZ_50_Round18_filtered
25,12,0,-38.5,1.162,385.62,-51.44,4344,LC0_FZ_50_Round18_filtered
25,12,0,-38.49,1.577,385.51,-62.81,4333,LC0_FZ_50_Round18_filtered
25,12,0,-37.64,0.209,385.86,-13.84,4368,LC0_FZ_50_Round18_filtered
25,12,0,-37.41,0.652,385.74,-33.98,4356,LC0_FZ_50_Round18_filtered
