RoadSpeed,TirePressure,InclinationAngle,NormalForce,SlipAngle,ElapsedTime,LateralForce,Index,SourceFile
25,12,0,-270.03,2.97,284.18,-334.06,1797,R20_FZ_250_filtered
25,12,0,-269.64,3.16,419.33,-354.53,6775,R20_FZ_250_filtered
25,12,0,-269.35,3.114,419.34,-352.51,6776,R20_FZ_250_filtered
25,12,0,-269.2,2.686,419.45,-312.97,6787,R20_FZ_250_filtered
25,12,0,-269.1,5.387,418.77,-494.87,6719,R20_FZ_250_filtered
25,12,0,-268.97,3.01,284.17,-335.77,1796,R20_FZ_250_filtered
25,12,0,-268.9,-2.671,290.49,305.08,2427,R20_FZ_250_filtered
25,12,0,-268.79,4.029,419.11,-422.15,6753,R20_FZ_250_filtered
25,12,0,-268.69,5.181,283.62,-479.99,1741,R20_FZ_250_filtered
25,12,0,-268.64,3.869,283.95,-405.39,1774,R20_FZ_250_filtered
25,12,0,-268.62,5.229,283.61,-480.6,1740,R20_FZ_250_filtered
25,12,0,-268.58,4.78,283.72,-459.04,1751,R20_FZ_250_filtered
25,12,0,-268.58,2.545,284.28,-294.96,1807,R20_FZ_250_filtered
25,12,0,-268.57,5.344,418.78,-493.48,6720,R20_FZ_250_filtered
25,12,0,-268.36,4.004,419.12,-420.13,6754,R20_FZ_250_filtered
25,12,0,-268.35,-2.796,425.66,319.66,7407,R20_FZ_250_filtered
25,12,-0,-268.31,-2.846,425.65,324.32,7406,R20_FZ_250_filtered
25,12,0,-268.18,-2.724,290.48,310.83,2426,R20_FZ_250_filtered
25,12,0,-268.16,4.906,418.89,-473,6731,R20_FZ_250_filtered
25,12,0,-268.12,2.726,419.44,-314.66,6786,R20_FZ_250_filtered
25,12,0,-267.95,3.839,283.96,-403.69,1775,R20_FZ_250_filtered
25,12,0,-267.9,-1.37,257.02,170.47,1212,R20_FZ_250_filtered
25,12,0,-267.87,-2.634,290.5,300.89,2428,R20_FZ_250_filtered
25,12,0,-267.87,4.949,418.88,-473.78,6730,R20_FZ_250_filtered
25,12,0,-267.79,4.068,419.1,-423.06,6752,R20_FZ_250_filtered
25,12,0,-267.65,4.278,283.85,-432.52,1764,R20_FZ_250_filtered
25,12,0,-267.35,5.199,249.81,-482.45,492,R20_FZ_250_filtered
25,12,0,-267.25,6.104,283.39,-517.8,1718,R20_FZ_250_filtered
25,12,0,-267.15,-2.765,425.67,315.49,7408,R20_FZ_250_filtered
25,12,-0,-267.1,3.633,419.21,-390.64,6763,R20_FZ_250_filtered
25,12,0,-267.04,5.146,283.63,-477.33,1742,R20_FZ_250_filtered
25,12,0,-266.97,4.3,250.04,-436.39,515,R20_FZ_250_filtered
25,12,0,-266.91,-3.083,290.39,340.61,2417,R20_FZ_250_filtered
25,12,0,-266.8,2.184,419.57,-265.03,6799,R20_FZ_250_filtered
25,12,0,-266.79,-3.991,290.16,410.11,2394,R20_FZ_250_filtered
25,12,0,-266.76,-4.03,290.15,413.05,2393,R20_FZ_250_filtered
25,12,0,-266.71,3.031,250.36,-340.24,547,R20_FZ_250_filtered
25,12,0,-266.65,5.307,418.79,-490.67,6721,R20_FZ_250_filtered
25,12,0,-266.61,-3.59,290.26,382.97,2404,R20_FZ_250_filtered
25,12,0,-266.55,6.06,283.4,-515.94,1719,R20_FZ_250_filtered
25,12,0,-266.54,5.707,283.49,-499.18,1728,R20_FZ_250_filtered
25,12,0,-266.53,6.148,283.38,-518.1,1717,R20_FZ_250_filtered
25,12,0,-266.47,-4.918,289.93,462.54,2371,R20_FZ_250_filtered
25,12,0,-266.45,3.462,284.05,-372.96,1784,R20_FZ_250_filtered
25,12,0,-266.4,-3.555,290.27,378.61,2405,R20_FZ_250_filtered
25,12,0,-266.37,-4.156,425.32,424.21,7373,R20_FZ_250_filtered
25,12,0,-266.36,3.043,284.16,-337.14,1795,R20_FZ_250_filtered
25,12,0,-266.32,-3.611,256.46,386.07,1156,R20_FZ_250_filtered
25,12,0,-266.2,-2.602,290.51,297.52,2429,R20_FZ_250_filtered
25,12,0,-266.19,2.769,419.43,-316.34,6785,R20_FZ_250_filtered
25,12,0,-266.14,5.245,249.8,-482.43,491,R20_FZ_250_filtered
25,12,0,-266.11,1.816,419.67,-222.37,6809,R20_FZ_250_filtered
25,12,0,-266.1,-3.725,425.43,395.22,7384,R20_FZ_250_filtered
25,12,0,-266.01,6.31,418.54,-532.84,6696,R20_FZ_250_filtered
25,12,0,-266,-2.452,425.75,288.98,7416,R20_FZ_250_filtered
25,12,0,-265.97,-1.696,290.73,206.62,2451,R20_FZ_250_filtered
25,12,0,-265.91,4.997,418.87,-473.6,6729,R20_FZ_250_filtered
25,12,0,-265.79,5.164,249.82,-480.89,493,R20_FZ_250_filtered
25,12,0,-265.69,2.596,284.27,-296.49,1806,R20_FZ_250_filtered
25,12,0,-265.67,-4.432,290.05,436.94,2383,R20_FZ_250_filtered
25,12,0,-265.64,-1.392,257.01,177.15,1211,R20_FZ_250_filtered
25,12,0,-265.62,6.075,249.59,-519.2,470,R20_FZ_250_filtered
25,12,-0,-265.6,2.089,250.59,-254.15,570,R20_FZ_250_filtered
25,12,0,-265.56,6.119,249.58,-520.12,469,R20_FZ_250_filtered
25,12,0,-265.56,2.057,250.6,-251.37,571,R20_FZ_250_filtered
25,12,0,-265.51,-4.069,290.14,416.63,2392,R20_FZ_250_filtered
25,12,-0,-265.46,-4.637,425.2,452.77,7361,R20_FZ_250_filtered
25,12,0,-265.41,-0.959,257.13,119.45,1223,R20_FZ_250_filtered
25,12,0,-265.23,-0.912,257.14,112.78,1224,R20_FZ_250_filtered
25,12,0,-265.2,-3.574,256.47,382.66,1157,R20_FZ_250_filtered
25,12,0,-265.18,-3.509,290.28,375.69,2406,R20_FZ_250_filtered
25,12,0,-265.17,5.618,249.71,-499.18,482,R20_FZ_250_filtered
25,12,0,-265.17,3.784,283.97,-400.41,1776,R20_FZ_250_filtered
25,12,-0,-265.11,2.9,284.2,-326.73,1799,R20_FZ_250_filtered
25,12,0,-265.09,-5.077,425.09,474.01,7350,R20_FZ_250_filtered
25,12,0,-265.08,-4.958,289.92,465.33,2370,R20_FZ_250_filtered
25,12,0,-265.05,-3.201,425.56,354.75,7397,R20_FZ_250_filtered
25,12,0,-265.04,-4.51,290.03,442.69,2381,R20_FZ_250_filtered
25,12,0,-264.95,1.767,419.68,-219.41,6810,R20_FZ_250_filtered
25,12,0,-264.94,-3.644,256.45,389.96,1155,R20_FZ_250_filtered
25,12,0,-264.93,-4.865,289.94,460.07,2372,R20_FZ_250_filtered
25,12,0,-264.92,-4.497,256.24,441.75,1134,R20_FZ_250_filtered
25,12,0,-264.84,-4.529,256.23,444.85,1133,R20_FZ_250_filtered
25,12,0,-264.83,5.597,283.52,-495.78,1731,R20_FZ_250_filtered
25,12,0,-264.77,-5.343,289.82,482.23,2360,R20_FZ_250_filtered
25,12,0,-264.77,-2.748,290.47,316.28,2425,R20_FZ_250_filtered
25,12,0,-264.77,4.409,419.02,-444.45,6744,R20_FZ_250_filtered
25,12,-0,-264.75,6.71,418.44,-547.25,6686,R20_FZ_250_filtered
25,12,0,-264.72,4.237,283.86,-429.1,1765,R20_FZ_250_filtered
25,12,0,-264.67,6.573,249.47,-536.09,458,R20_FZ_250_filtered
25,12,0,-264.65,-4.106,425.33,421.75,7374,R20_FZ_250_filtered
25,12,0,-264.6,6.993,283.17,-548.96,1696,R20_FZ_250_filtered
25,12,0,-264.46,4.261,250.05,-433.9,516,R20_FZ_250_filtered
25,12,0,-264.46,-2.717,425.68,312.56,7409,R20_FZ_250_filtered
25,12,0,-264.4,-1.29,257.04,159.77,1214,R20_FZ_250_filtered
25,12,0,-264.38,-3.033,290.4,338,2418,R20_FZ_250_filtered
25,12,0,-264.34,7.028,283.16,-549.73,1695,R20_FZ_250_filtered
25,12,0,-264.32,4.118,419.09,-423.2,6751,R20_FZ_250_filtered
25,12,0,-264.31,-5.83,289.7,502.26,2348,R20_FZ_250_filtered
25,12,0,-264.31,-3.63,290.25,387.02,2403,R20_FZ_250_filtered
25,12,0,-264.26,5.911,418.64,-513.9,6706,R20_FZ_250_filtered
25,12,0,-264.19,-3.207,256.56,357.23,1166,R20_FZ_250_filtered
25,12,-0,-264.18,-1.391,290.81,175.46,2459,R20_FZ_250_filtered
25,12,0,-264.12,-5.39,289.81,484.41,2359,R20_FZ_250_filtered
25,12,0,-264.1,-4.459,256.25,439.12,1135,R20_FZ_250_filtered
25,12,0,-264.1,5.102,283.64,-473.75,1743,R20_FZ_250_filtered
25,12,0,-264.08,-0.861,290.95,105.17,2473,R20_FZ_250_filtered
25,12,0,-264.07,6.532,249.48,-534.37,459,R20_FZ_250_filtered
25,12,0,-263.98,-5.32,289.83,480.08,2361,R20_FZ_250_filtered
25,12,0,-263.96,-5.782,289.71,499.92,2349,R20_FZ_250_filtered
25,12,0,-263.87,-3.951,290.17,407.18,2395,R20_FZ_250_filtered
25,12,0,-263.81,7.461,283.05,-562.29,1684,R20_FZ_250_filtered
25,12,0,-263.8,-2.323,290.58,275.04,2436,R20_FZ_250_filtered
25,12,0,-263.77,3.305,284.09,-362.87,1788,R20_FZ_250_filtered
25,12,0,-263.7,5.74,283.48,-498.38,1727,R20_FZ_250_filtered
25,12,0,-263.67,3.064,250.35,-341.3,546,R20_FZ_250_filtered
25,12,0,-263.67,1.854,419.66,-224.21,6808,R20_FZ_250_filtered
25,12,0,-263.64,5.283,249.79,-481.79,490,R20_FZ_250_filtered
25,12,0,-263.61,-5.96,424.87,511.41,7328,R20_FZ_250_filtered
25,12,0,-263.59,3.926,250.13,-409.38,524,R20_FZ_250_filtered
25,12,0,-263.57,-0.873,257.15,107.52,1225,R20_FZ_250_filtered
25,12,0,-263.56,-5.108,425.08,476.81,7349,R20_FZ_250_filtered
25,12,0,-263.55,7.158,418.33,-559.18,6675,R20_FZ_250_filtered
25,12,0,-263.53,2.137,419.58,-260.51,6800,R20_FZ_250_filtered
25,12,0,-263.52,-4.396,290.06,434.65,2384,R20_FZ_250_filtered
25,12,0,-263.51,5.121,249.83,-477.78,494,R20_FZ_250_filtered
25,12,0,-263.49,6.167,249.57,-519.64,468,R20_FZ_250_filtered
25,12,0,-263.43,3.952,283.93,-406.44,1772,R20_FZ_250_filtered
25,12,0,-263.38,-4.997,425.11,469.38,7352,R20_FZ_250_filtered
25,12,0,-263.36,-4.892,256.14,462.25,1124,R20_FZ_250_filtered
25,12,0,-263.3,6.667,418.45,-544.61,6687,R20_FZ_250_filtered
25,12,0,-263.29,4.864,283.7,-458.06,1749,R20_FZ_250_filtered
25,12,0,-263.23,1.993,284.42,-241.59,1821,R20_FZ_250_filtered
25,12,0,-263.13,-3.535,256.48,379.89,1158,R20_FZ_250_filtered
25,12,0,-263.09,-5.435,425,489.08,7341,R20_FZ_250_filtered
25,12,0,-263.04,-5.751,289.72,497.77,2350,R20_FZ_250_filtered
25,12,0,-263.01,6.615,249.46,-536.07,457,R20_FZ_250_filtered
25,12,0,-262.99,7.615,418.21,-571.58,6663,R20_FZ_250_filtered
25,12,0,-262.93,-5.992,424.86,513.43,7327,R20_FZ_250_filtered
25,12,0,-262.9,7.217,418.31,-561.36,6673,R20_FZ_250_filtered
25,12,0,-262.87,7.007,249.36,-548.01,447,R20_FZ_250_filtered
25,12,0,-262.86,-4.576,256.22,447.67,1132,R20_FZ_250_filtered
25,12,0,-262.84,7.658,418.2,-572.83,6662,R20_FZ_250_filtered
25,12,0,-262.83,-5.863,289.69,504.28,2347,R20_FZ_250_filtered
25,12,0,-262.81,-4.84,289.95,457.76,2373,R20_FZ_250_filtered
25,12,0,-262.76,3.505,284.04,-374.03,1783,R20_FZ_250_filtered
25,12,0,-262.7,-3.79,425.41,403.46,7382,R20_FZ_250_filtered
25,12,0,-262.68,-3.965,256.37,410.76,1147,R20_FZ_250_filtered
25,12,0,-262.65,5.258,418.8,-486.76,6722,R20_FZ_250_filtered
25,12,0,-262.64,-5.802,255.91,502.58,1101,R20_FZ_250_filtered
25,12,0,-262.63,4.844,249.9,-461.16,501,R20_FZ_250_filtered
25,12,0,-262.63,-5.913,424.88,509.55,7329,R20_FZ_250_filtered
25,12,0,-262.59,-4.068,425.34,419.29,7375,R20_FZ_250_filtered
25,12,0,-262.51,-0.995,257.12,126.61,1222,R20_FZ_250_filtered
25,12,0,-262.51,-5.425,289.8,486.75,2358,R20_FZ_250_filtered
25,12,0,-262.51,-4.998,289.91,467.68,2369,R20_FZ_250_filtered
25,12,0,-262.51,2.814,419.42,-318.18,6784,R20_FZ_250_filtered
25,12,0,-262.47,-4.558,290.02,445.96,2380,R20_FZ_250_filtered
25,12,0,-262.34,2.648,284.26,-298.32,1805,R20_FZ_250_filtered
25,12,0,-262.33,-4.119,290.13,419.91,2391,R20_FZ_250_filtered
25,12,0,-262.31,5.588,249.72,-495.91,483,R20_FZ_250_filtered
25,12,0,-262.23,7.056,283.15,-549.41,1694,R20_FZ_250_filtered
25,12,0,-262.2,-5.264,289.84,478.07,2362,R20_FZ_250_filtered
25,12,0,-262.16,-1.662,290.74,203.23,2452,R20_FZ_250_filtered
25,12,0,-262.09,6.968,249.37,-546.47,448,R20_FZ_250_filtered
25,12,-0,-261.96,5.557,283.53,-491.71,1732,R20_FZ_250_filtered
25,12,0,-261.94,6.186,418.57,-526.46,6699,R20_FZ_250_filtered
25,12,0,-261.92,7.485,249.24,-559.48,435,R20_FZ_250_filtered
25,12,0,-261.87,-4.132,256.33,422.54,1143,R20_FZ_250_filtered
25,12,0,-261.86,7.044,249.35,-548.47,446,R20_FZ_250_filtered
25,12,0,-261.76,7.576,418.22,-568.79,6664,R20_FZ_250_filtered
25,12,0,-261.71,6.465,283.3,-529.55,1709,R20_FZ_250_filtered
25,12,0,-261.6,-1.681,256.94,206.65,1204,R20_FZ_250_filtered
25,12,0,-261.6,-3.91,290.18,404.87,2396,R20_FZ_250_filtered
25,12,0,-261.52,7.881,282.95,-568.48,1674,R20_FZ_250_filtered
25,12,0,-261.51,-3.158,425.57,352.45,7398,R20_FZ_250_filtered
25,12,0,-261.5,1.122,250.83,-151.79,594,R20_FZ_250_filtered
25,12,0,-261.5,-3.253,256.55,361.75,1165,R20_FZ_250_filtered
25,12,0,-261.45,-3.665,290.24,391.23,2402,R20_FZ_250_filtered
25,12,0,-261.44,8.374,282.82,-577.79,1661,R20_FZ_250_filtered
25,12,0,-261.43,5.719,418.69,-505.98,6711,R20_FZ_250_filtered
25,12,0,-261.4,-2.992,290.41,335.54,2419,R20_FZ_250_filtered
25,12,0,-261.35,-0.449,291.04,60.23,2482,R20_FZ_250_filtered
25,12,0,-261.33,-0.81,290.96,100.56,2474,R20_FZ_250_filtered
25,12,0,-261.25,-0.384,257.26,48.13,1236,R20_FZ_250_filtered
25,12,0,-261.24,5.783,283.47,-498.06,1726,R20_FZ_250_filtered
25,12,0,-261.17,7.438,249.25,-558.24,436,R20_FZ_250_filtered
25,12,0,-261.17,-3.234,290.35,358.81,2413,R20_FZ_250_filtered
25,12,0,-261.15,-4.343,290.07,432.5,2385,R20_FZ_250_filtered
25,12,0,-261.15,5.513,418.74,-493.72,6716,R20_FZ_250_filtered
25,12,0,-261.15,-5.867,424.89,507.56,7330,R20_FZ_250_filtered
25,12,0,-261.09,5.948,418.63,-513.1,6705,R20_FZ_250_filtered
25,12,0,-261.07,8.333,282.83,-576.24,1662,R20_FZ_250_filtered
25,12,0,-260.99,4.195,283.87,-424.41,1766,R20_FZ_250_filtered
25,12,0,-260.98,7.384,283.07,-557.62,1686,R20_FZ_250_filtered
25,12,0,-260.91,8.113,418.09,-579.18,6651,R20_FZ_250_filtered
25,12,0,-260.9,2.857,284.21,-320.97,1800,R20_FZ_250_filtered
25,12,0,-260.85,-6.387,424.76,528.32,7317,R20_FZ_250_filtered
25,12,0,-260.85,-6.026,424.85,514.99,7326,R20_FZ_250_filtered
25,12,0,-260.83,-4.851,256.15,460.09,1125,R20_FZ_250_filtered
25,12,0,-260.8,5.764,249.67,-500.39,478,R20_FZ_250_filtered
25,12,-0,-260.77,-1.256,257.05,156.88,1215,R20_FZ_250_filtered
25,12,0,-260.74,6.211,249.56,-518.69,467,R20_FZ_250_filtered
25,12,-0,-260.74,-6.185,289.61,516.1,2339,R20_FZ_250_filtered
25,12,0,-260.72,-0.033,257.36,-6,1246,R20_FZ_250_filtered
25,12,0,-260.72,-4.797,289.96,455.61,2374,R20_FZ_250_filtered
25,12,0,-260.62,6.652,249.45,-535.28,456,R20_FZ_250_filtered
25,12,0,-260.61,-4.72,425.18,458.23,7359,R20_FZ_250_filtered
25,12,0,-260.57,7.898,249.14,-565.52,425,R20_FZ_250_filtered
25,12,0,-260.55,5.066,418.85,-473.08,6727,R20_FZ_250_filtered
25,12,0,-260.48,6.64,418.46,-541.02,6688,R20_FZ_250_filtered
25,12,0,-260.47,-5.393,425.01,487.24,7342,R20_FZ_250_filtered
25,12,-0,-260.43,4.359,419.03,-439.91,6745,R20_FZ_250_filtered
25,12,0,-260.37,7.524,249.23,-559.47,434,R20_FZ_250_filtered
25,12,0,-260.34,-6.346,424.77,526.64,7318,R20_FZ_250_filtered
25,12,0,-260.27,7.934,249.13,-567.07,424,R20_FZ_250_filtered
25,12,0,-260.27,5.339,249.78,-481.15,489,R20_FZ_250_filtered
25,12,-0,-260.24,-5.473,289.79,489.1,2357,R20_FZ_250_filtered
25,12,0,-260.23,3.716,419.19,-392.93,6761,R20_FZ_250_filtered
25,12,0,-260.21,-5.025,289.9,470.17,2368,R20_FZ_250_filtered
25,12,0,-260.2,-0.827,257.16,103.67,1226,R20_FZ_250_filtered
25,12,0,-260.2,3.262,284.1,-357.41,1789,R20_FZ_250_filtered
25,12,0,-260.13,8.545,417.98,-584.61,6640,R20_FZ_250_filtered
25,12,0,-260.09,2.106,419.59,-254.74,6801,R20_FZ_250_filtered
25,12,0,-260.06,1.698,250.69,-210.22,580,R20_FZ_250_filtered
25,12,0,-260.02,-2.355,290.57,280.8,2435,R20_FZ_250_filtered
25,12,0,-259.94,-3.932,256.38,409.24,1148,R20_FZ_250_filtered
25,12,0,-259.94,-4.046,425.35,417.14,7376,R20_FZ_250_filtered
25,12,0,-259.91,6.933,249.38,-543.81,449,R20_FZ_250_filtered
25,12,0,-259.91,7.105,283.14,-549.08,1693,R20_FZ_250_filtered
25,12,0,-259.88,-4.613,256.21,450.78,1131,R20_FZ_250_filtered
25,12,0,-259.87,7.094,249.34,-547.84,445,R20_FZ_250_filtered
25,12,0,-259.84,3.977,250.12,-410.14,523,R20_FZ_250_filtered
25,12,0,-259.83,-6.068,424.84,516.71,7325,R20_FZ_250_filtered
25,12,0,-259.8,3.428,419.26,-374.77,6768,R20_FZ_250_filtered
25,12,0,-259.79,-4.166,290.12,423.04,2390,R20_FZ_250_filtered
25,12,0,-259.76,3.541,284.03,-375.08,1782,R20_FZ_250_filtered
25,12,0,-259.74,-4.594,290.01,448.46,2379,R20_FZ_250_filtered
25,12,0,-259.73,7.997,282.92,-570.95,1671,R20_FZ_250_filtered
25,12,0,-259.7,-5.237,289.85,476.55,2363,R20_FZ_250_filtered
25,12,0,-259.7,7.545,418.23,-565.2,6665,R20_FZ_250_filtered
25,12,0,-259.68,-0.076,257.35,0.83,1245,R20_FZ_250_filtered
25,12,0,-259.68,-3.837,425.4,407.05,7381,R20_FZ_250_filtered
25,12,0,-259.65,0.395,278.76,-60.74,1256,R20_FZ_250_filtered
25,12,0,-259.62,7.402,249.26,-555.59,437,R20_FZ_250_filtered
25,12,0,-259.56,8.501,417.99,-581.81,6641,R20_FZ_250_filtered
25,12,0,-259.52,4.888,249.89,-460.99,500,R20_FZ_250_filtered
25,12,0,-259.47,7.831,282.96,-565.36,1675,R20_FZ_250_filtered
25,12,0,-259.46,8.357,249.02,-573.43,413,R20_FZ_250_filtered
25,12,0,-259.43,12.206,248,-594.97,311,R20_FZ_250_filtered
25,12,0,-259.41,1.953,284.43,-235.98,1822,R20_FZ_250_filtered
25,12,0,-259.41,8.149,418.08,-579.49,6650,R20_FZ_250_filtered
25,12,0,-259.39,0.825,419.91,-113.29,6833,R20_FZ_250_filtered
25,12,0,-259.37,7.977,249.12,-567.85,423,R20_FZ_250_filtered
25,12,0,-259.27,8.573,417.97,-584.6,6639,R20_FZ_250_filtered
25,12,0,-259.26,-1.042,257.11,133.93,1221,R20_FZ_250_filtered
25,12,0,-259.25,8.295,282.84,-573.74,1663,R20_FZ_250_filtered
25,12,0,-259.24,-2.517,425.73,299.58,7414,R20_FZ_250_filtered
25,12,0,-259.23,-6.759,289.47,536.56,2325,R20_FZ_250_filtered
25,12,0,-259.22,11.068,248.34,-588.31,345,R20_FZ_250_filtered
25,12,0,-259.2,0.854,278.87,-120.76,1267,R20_FZ_250_filtered
25,12,0,-259.18,8.414,282.81,-577.47,1660,R20_FZ_250_filtered
25,12,0,-259.13,5.523,283.54,-487.82,1733,R20_FZ_250_filtered
25,12,0,-259.09,-3.397,425.51,375.26,7392,R20_FZ_250_filtered
25,12,-0,-259.03,2.851,419.41,-320.63,6783,R20_FZ_250_filtered
25,12,0,-258.98,-6.142,289.62,513.62,2340,R20_FZ_250_filtered
25,12,0,-258.95,9.25,282.6,-583.36,1639,R20_FZ_250_filtered
25,12,0,-258.93,-6.927,424.63,543.85,7304,R20_FZ_250_filtered
25,12,0,-258.91,1.074,250.84,-146.49,595,R20_FZ_250_filtered
25,12,0,-258.85,5.531,249.73,-491.54,484,R20_FZ_250_filtered
25,12,0,-258.85,-4.164,256.32,425.98,1142,R20_FZ_250_filtered
25,12,-0,-258.85,5.675,418.7,-502.08,6712,R20_FZ_250_filtered
25,12,-0,-258.82,7.858,249.15,-562.23,426,R20_FZ_250_filtered
25,12,0,-258.77,-3.87,290.19,402.89,2397,R20_FZ_250_filtered
25,12,0,-258.76,-4.815,256.16,458.72,1126,R20_FZ_250_filtered
25,12,-0,-258.76,2.678,284.25,-300.93,1804,R20_FZ_250_filtered
25,12,0,-258.74,0.347,278.75,-54.07,1255,R20_FZ_250_filtered
25,12,0,-258.72,8.319,249.03,-570.78,414,R20_FZ_250_filtered
25,12,0,-258.71,9.275,248.79,-582.73,390,R20_FZ_250_filtered
25,12,0,-258.68,-3.302,256.54,365.96,1164,R20_FZ_250_filtered
25,12,0,-258.68,5.98,418.62,-512.93,6704,R20_FZ_250_filtered
25,12,0,-258.67,-2.963,290.42,334.02,2420,R20_FZ_250_filtered
25,12,0,-258.62,5.553,418.73,-494.16,6715,R20_FZ_250_filtered
25,12,-0,-258.59,-4.309,290.08,430.81,2386,R20_FZ_250_filtered
25,12,0,-258.57,6.422,283.31,-525.81,1710,R20_FZ_250_filtered
25,12,0,-258.54,8.836,282.71,-581.03,1650,R20_FZ_250_filtered
25,12,0,-258.54,9.456,417.75,-592.35,6617,R20_FZ_250_filtered
25,12,0,-258.53,8.814,248.91,-577.75,402,R20_FZ_250_filtered
25,12,0,-258.53,-6.31,424.78,524.94,7319,R20_FZ_250_filtered
25,12,0,-258.47,8.954,417.88,-585.36,6630,R20_FZ_250_filtered
25,12,0,-258.41,12.213,248.01,-592.33,312,R20_FZ_250_filtered
25,12,0,-258.41,8.389,249.01,-574.5,412,R20_FZ_250_filtered
25,12,0,-258.41,4.485,283.8,-434.3,1759,R20_FZ_250_filtered
25,12,0,-258.4,9.405,417.76,-591.1,6618,R20_FZ_250_filtered
25,12,0,-258.38,12.124,417.08,-596.64,6550,R20_FZ_250_filtered
25,12,0,-258.37,12.279,247.89,-597.58,300,R20_FZ_250_filtered
25,12,0,-258.35,0.454,278.77,-66.47,1257,R20_FZ_250_filtered
25,12,0,-258.35,2.505,419.49,-293.65,6791,R20_FZ_250_filtered
25,12,0,-258.35,-5.363,425.02,486.01,7343,R20_FZ_250_filtered
25,12,0,-258.33,6.437,249.5,-527.68,461,R20_FZ_250_filtered
25,12,0,-258.33,-1.026,290.91,131.76,2469,R20_FZ_250_filtered
25,12,0,-258.28,11.038,248.35,-586.61,346,R20_FZ_250_filtered
25,12,0,-258.26,9.291,282.59,-584.44,1638,R20_FZ_250_filtered
25,12,0,-258.24,5.832,283.46,-498.19,1725,R20_FZ_250_filtered
25,12,0,-258.23,-4.754,289.97,454.38,2375,R20_FZ_250_filtered
25,12,0,-258.21,-4.762,425.17,460.57,7358,R20_FZ_250_filtered
25,12,0,-258.18,-0.343,257.27,43.2,1237,R20_FZ_250_filtered
25,12,0,-258.18,10.626,282.26,-591.41,1605,R20_FZ_250_filtered
25,12,0,-258.18,7.35,283.08,-554.35,1687,R20_FZ_250_filtered
25,12,-0,-258.18,12.248,416.97,-598.99,6539,R20_FZ_250_filtered
25,12,0,-258.11,0.716,250.93,-102.14,604,R20_FZ_250_filtered
25,12,0,-258.1,-5.508,289.78,490.98,2356,R20_FZ_250_filtered
25,12,0,-258.07,7.564,249.22,-558.38,433,R20_FZ_250_filtered
25,12,0,-258.06,8.872,282.7,-581.17,1649,R20_FZ_250_filtered
25,12,0,-258.04,9.698,282.49,-587.38,1628,R20_FZ_250_filtered
25,12,0,-258.02,11.973,248.12,-590.14,323,R20_FZ_250_filtered
25,12,0,-258.01,9.68,248.69,-581.94,380,R20_FZ_250_filtered
25,12,0,-258.01,-5.684,424.94,501.37,7335,R20_FZ_250_filtered
25,12,0,-258,1.444,419.76,-180.27,6818,R20_FZ_250_filtered
25,12,0,-257.99,9.238,248.8,-580.7,391,R20_FZ_250_filtered
25,12,0,-257.99,4.168,283.88,-419.41,1767,R20_FZ_250_filtered
25,12,0,-257.98,3.384,419.27,-369.02,6769,R20_FZ_250_filtered
25,12,0,-257.97,8.854,248.9,-578.84,401,R20_FZ_250_filtered
25,12,0,-257.94,9.723,248.68,-584.75,379,R20_FZ_250_filtered
25,12,0,-257.93,11.472,248.23,-590.64,334,R20_FZ_250_filtered
25,12,0,-257.93,-6.792,289.46,537.34,2324,R20_FZ_250_filtered
25,12,0,-257.93,-3.718,290.23,394.66,2401,R20_FZ_250_filtered
25,12,0,-257.92,5.39,283.57,-478.65,1736,R20_FZ_250_filtered
25,12,0,-257.92,-6.517,424.73,531.92,7314,R20_FZ_250_filtered
25,12,0,-257.91,-4.633,290,450.97,2378,R20_FZ_250_filtered
25,12,0,-257.89,12.287,281.7,-598.51,1549,R20_FZ_250_filtered
25,12,0,-257.89,2.335,284.33,-273.34,1812,R20_FZ_250_filtered
25,12,0,-257.89,-3.278,290.34,362.86,2412,R20_FZ_250_filtered
25,12,0,-257.86,10.801,417.42,-594.96,6584,R20_FZ_250_filtered
25,12,0,-257.86,10.332,417.53,-594.36,6595,R20_FZ_250_filtered
25,12,0,-257.85,9.741,282.48,-588.61,1627,R20_FZ_250_filtered
25,12,0,-257.84,-1.638,256.95,204.35,1205,R20_FZ_250_filtered
25,12,0,-257.84,0.914,278.88,-126.18,1268,R20_FZ_250_filtered
25,12,0,-257.84,-5.074,289.89,471.89,2367,R20_FZ_250_filtered
25,12,0,-257.79,7.301,418.29,-559.78,6671,R20_FZ_250_filtered
25,12,0,-257.78,6.254,249.55,-517.58,466,R20_FZ_250_filtered
25,12,0,-257.78,9.217,282.61,-580.39,1640,R20_FZ_250_filtered
25,12,0,-257.78,-7.141,289.37,547.29,2315,R20_FZ_250_filtered
25,12,0,-257.78,8.454,418,-578.06,6642,R20_FZ_250_filtered
25,12,0,-257.77,11.654,417.19,-597.59,6561,R20_FZ_250_filtered
25,12,0,-257.75,5.81,249.66,-499.89,477,R20_FZ_250_filtered
25,12,0,-257.75,3.229,284.11,-351.64,1790,R20_FZ_250_filtered
25,12,0,-257.72,10.153,248.57,-586.3,368,R20_FZ_250_filtered
25,12,0,-257.72,11.455,282.04,-593.28,1583,R20_FZ_250_filtered
25,12,0,-257.71,10.61,248.46,-586.29,357,R20_FZ_250_filtered
25,12,0,-257.67,10.189,248.56,-587.53,367,R20_FZ_250_filtered
25,12,0,-257.66,-4.192,290.11,425.22,2389,R20_FZ_250_filtered
25,12,0,-257.63,11.117,248.33,-587.99,344,R20_FZ_250_filtered
25,12,0,-257.63,-3.386,290.31,370.01,2409,R20_FZ_250_filtered
25,12,0,-257.6,4.743,418.93,-457.87,6735,R20_FZ_250_filtered
25,12,0,-257.59,4.609,249.96,-449.34,507,R20_FZ_250_filtered
25,12,0,-257.59,8.617,417.96,-583.19,6638,R20_FZ_250_filtered
25,12,0,-257.57,7.583,283.02,-559.92,1681,R20_FZ_250_filtered
25,12,0,-257.56,6.71,283.24,-533.55,1703,R20_FZ_250_filtered
25,12,0,-257.55,12.22,247.99,-595.9,310,R20_FZ_250_filtered
25,12,0,-257.55,11.433,248.24,-588.15,335,R20_FZ_250_filtered
25,12,0,-257.55,8.747,282.73,-575.88,1652,R20_FZ_250_filtered
25,12,0,-257.55,10.839,417.41,-595.73,6583,R20_FZ_250_filtered
25,12,0,-257.52,6.875,418.4,-546.89,6682,R20_FZ_250_filtered
25,12,0,-257.5,-7.088,289.38,546.68,2316,R20_FZ_250_filtered
25,12,0,-257.48,7.127,249.33,-547.06,444,R20_FZ_250_filtered
25,12,0,-257.48,11.23,417.3,-596.98,6572,R20_FZ_250_filtered
25,12,0,-257.48,8.001,418.12,-571.38,6654,R20_FZ_250_filtered
25,12,0,-257.48,-5.714,424.93,502.62,7334,R20_FZ_250_filtered
25,12,0,-257.45,3.75,419.18,-394.29,6760,R20_FZ_250_filtered
25,12,-0,-257.45,-5.316,425.03,484.94,7344,R20_FZ_250_filtered
25,12,0,-257.42,-4.311,425.28,436.85,7369,R20_FZ_250_filtered
25,12,0,-257.41,-6.115,424.83,517.96,7324,R20_FZ_250_filtered
25,12,0,-257.39,-6.099,289.63,512.08,2341,R20_FZ_250_filtered
25,12,0,-257.39,6.59,418.47,-537.76,6689,R20_FZ_250_filtered
25,12,0,-257.38,-6.415,255.76,526.03,1086,R20_FZ_250_filtered
25,12,-0,-257.38,12.253,416.96,-601.31,6538,R20_FZ_250_filtered
25,12,0,-257.36,4.31,419.04,-434.62,6746,R20_FZ_250_filtered
25,12,0,-257.34,-0.768,290.97,97.02,2475,R20_FZ_250_filtered
25,12,0,-257.31,-4.717,289.98,453.62,2376,R20_FZ_250_filtered
25,12,0,-257.3,10.743,417.43,-592.16,6585,R20_FZ_250_filtered
25,12,0,-257.27,9.762,248.67,-585.66,378,R20_FZ_250_filtered
25,12,0,-257.25,0.687,250.94,-97.93,605,R20_FZ_250_filtered
25,12,0,-257.25,0.821,278.86,-114.39,1266,R20_FZ_250_filtered
25,12,0,-257.24,3.15,284.13,-342.64,1792,R20_FZ_250_filtered
25,12,0,-257.23,8.773,248.92,-575.1,403,R20_FZ_250_filtered
25,12,0,-257.22,-7.291,424.53,554.88,7294,R20_FZ_250_filtered
25,12,0,-257.2,4.917,249.88,-461.43,499,R20_FZ_250_filtered
25,12,0,-257.19,6.691,249.44,-534.02,455,R20_FZ_250_filtered
25,12,0,-257.19,-0.103,257.34,8.15,1244,R20_FZ_250_filtered
25,12,0,-257.18,-4.768,256.17,457.18,1127,R20_FZ_250_filtered
25,12,0,-257.18,5.434,283.56,-480.5,1735,R20_FZ_250_filtered
25,12,0,-257.18,1.126,414.14,-159.83,6257,R20_FZ_250_filtered
25,12,0,-257.17,12.013,248.11,-590.91,322,R20_FZ_250_filtered
25,12,0,-257.16,12.281,281.71,-594.01,1550,R20_FZ_250_filtered
25,12,0,-257.11,10.644,248.45,-588.46,356,R20_FZ_250_filtered
25,12,0,-257.11,5.47,283.55,-483.45,1734,R20_FZ_250_filtered
25,12,0,-257.1,8.252,282.85,-570.93,1664,R20_FZ_250_filtered
25,12,0,-257.09,9.377,417.77,-587.7,6619,R20_FZ_250_filtered
25,12,0,-257.08,12.279,247.9,-594.63,301,R20_FZ_250_filtered
25,12,0,-257.07,10.136,282.38,-587.83,1617,R20_FZ_250_filtered
25,12,0,-257.05,0.761,250.92,-105.53,603,R20_FZ_250_filtered
25,12,0,-257.05,-6.264,424.79,523.1,7320,R20_FZ_250_filtered
25,12,0,-257.03,-5.589,289.76,493,2354,R20_FZ_250_filtered
25,12,0,-257.02,5.866,283.45,-499.58,1724,R20_FZ_250_filtered
25,12,0,-257.02,-3.44,425.5,378.85,7391,R20_FZ_250_filtered
25,12,0,-256.98,8.015,249.11,-567.06,422,R20_FZ_250_filtered
25,12,0,-256.97,3.583,284.02,-376.92,1781,R20_FZ_250_filtered
25,12,0,-256.97,-5.552,289.77,492.22,2355,R20_FZ_250_filtered
25,12,0,-256.97,-7.255,424.54,553.96,7295,R20_FZ_250_filtered
25,12,0,-256.94,-4.208,256.31,429.25,1141,R20_FZ_250_filtered
25,12,0,-256.92,7.351,249.27,-552.95,438,R20_FZ_250_filtered
25,12,0,-256.92,8.452,282.8,-576.05,1659,R20_FZ_250_filtered
25,12,0,-256.91,3.185,284.12,-346.51,1791,R20_FZ_250_filtered
25,12,0,-256.9,4.681,418.95,-451.35,6737,R20_FZ_250_filtered
25,12,0,-256.88,-2.884,290.44,329.38,2422,R20_FZ_250_filtered
25,12,0,-256.86,-2.92,290.43,331.86,2421,R20_FZ_250_filtered
25,12,0,-256.85,11.516,248.22,-590.78,333,R20_FZ_250_filtered
25,12,0,-256.85,-5.13,256.08,476.1,1118,R20_FZ_250_filtered
25,12,0,-256.84,3.792,419.17,-397.22,6759,R20_FZ_250_filtered
25,12,0,-256.82,11.769,416.86,-599.74,6529,R20_FZ_250_filtered
25,12,-0,-256.81,9.311,248.78,-582.72,389,R20_FZ_250_filtered
25,12,0,-256.81,9.656,282.5,-583.79,1629,R20_FZ_250_filtered
25,12,-0,-256.8,-4.67,289.99,452.38,2377,R20_FZ_250_filtered
25,12,0,-256.78,-2.977,256.62,338.84,1172,R20_FZ_250_filtered
25,12,0,-256.77,6.894,249.39,-540.85,450,R20_FZ_250_filtered
25,12,0,-256.77,-5.115,289.88,473.3,2366,R20_FZ_250_filtered
25,12,0,-256.77,11.766,416.85,-603.62,6528,R20_FZ_250_filtered
25,12,0,-256.77,-4.427,425.25,442.13,7366,R20_FZ_250_filtered
25,12,-0,-256.76,0.659,284.75,-92.65,1854,R20_FZ_250_filtered
25,12,-0,-256.75,10.117,248.58,-583.32,369,R20_FZ_250_filtered
25,12,0,-256.71,-3.899,256.39,407.71,1149,R20_FZ_250_filtered
25,12,0,-256.7,-5.756,424.92,503.39,7333,R20_FZ_250_filtered
25,12,0,-256.68,8.894,248.89,-578.68,400,R20_FZ_250_filtered
25,12,0,-256.68,8.044,282.91,-569.69,1670,R20_FZ_250_filtered
25,12,0,-256.67,10.365,417.52,-594.5,6594,R20_FZ_250_filtered
25,12,0,-256.66,10.571,282.27,-587.98,1606,R20_FZ_250_filtered
25,12,0,-256.65,-3.313,290.33,366.3,2411,R20_FZ_250_filtered
25,12,0,-256.64,-5.161,289.87,474.38,2365,R20_FZ_250_filtered
25,12,0,-256.64,6.027,418.61,-514.16,6703,R20_FZ_250_filtered
25,12,0,-256.63,11.631,247.78,-597.56,290,R20_FZ_250_filtered
25,12,0,-256.61,9.827,417.66,-587.98,6608,R20_FZ_250_filtered
25,12,0,-256.6,-6.96,424.62,544.47,7303,R20_FZ_250_filtered
25,12,0,-256.58,12.251,416.98,-595.57,6540,R20_FZ_250_filtered
25,12,0,-256.57,6.399,249.51,-524.25,462,R20_FZ_250_filtered
25,12,0,-256.57,3.331,419.28,-364.35,6770,R20_FZ_250_filtered
25,12,0,-256.55,11.601,247.77,-601.3,289,R20_FZ_250_filtered
25,12,0,-256.53,10.672,282.25,-591.71,1604,R20_FZ_250_filtered
25,12,0,-256.5,-3.835,290.2,401.19,2398,R20_FZ_250_filtered
25,12,0,-256.5,4.705,418.94,-453.83,6736,R20_FZ_250_filtered
25,12,0,-256.49,-1.084,257.1,140.32,1220,R20_FZ_250_filtered
25,12,0,-256.49,-6.227,424.8,521.55,7321,R20_FZ_250_filtered
25,12,-0,-256.49,-3.038,425.6,346.14,7401,R20_FZ_250_filtered
25,12,0,-256.47,7.794,282.97,-562.7,1676,R20_FZ_250_filtered
25,12,0,-256.46,8.277,249.04,-568.13,415,R20_FZ_250_filtered
25,12,0,-256.45,4.553,283.78,-438.95,1757,R20_FZ_250_filtered
25,12,0,-256.43,-3.478,425.49,381.49,7390,R20_FZ_250_filtered
25,12,0,-256.42,-4.227,290.1,427.4,2388,R20_FZ_250_filtered
25,12,0,-256.41,-3.35,290.32,368.32,2410,R20_FZ_250_filtered
25,12,0,-256.39,-4.805,425.16,462.6,7357,R20_FZ_250_filtered
25,12,0,-256.37,8.919,417.89,-580.98,6631,R20_FZ_250_filtered
25,12,0,-256.35,-6.424,289.55,525.57,2333,R20_FZ_250_filtered
25,12,0,-256.3,4.287,419.05,-429.64,6747,R20_FZ_250_filtered
25,12,0,-256.27,8.426,249,-574.34,411,R20_FZ_250_filtered
25,12,0,-256.27,5.933,249.63,-504.54,474,R20_FZ_250_filtered
25,12,0,-256.26,7.818,249.16,-559.59,427,R20_FZ_250_filtered
25,12,0,-256.26,2.466,419.5,-287.74,6792,R20_FZ_250_filtered
25,12,0,-256.25,9.331,282.58,-583.5,1637,R20_FZ_250_filtered
25,12,0,-256.25,-4.385,425.26,440.59,7367,R20_FZ_250_filtered
25,12,0,-256.23,11.936,248.13,-588.11,324,R20_FZ_250_filtered
25,12,0,-256.23,-6.127,255.83,514.42,1093,R20_FZ_250_filtered
25,12,0,-256.23,3.63,284.01,-380.32,1780,R20_FZ_250_filtered
25,12,0,-256.22,-0.555,257.22,77.34,1232,R20_FZ_250_filtered
25,12,0,-256.21,-6.075,255.84,512.86,1094,R20_FZ_250_filtered
25,12,0,-256.19,11.663,247.79,-592.89,291,R20_FZ_250_filtered
25,12,0,-256.19,9.198,248.81,-577.44,392,R20_FZ_250_filtered
25,12,0,-256.19,2.712,250.44,-306.81,555,R20_FZ_250_filtered
25,12,0,-256.18,0.02,278.67,-12.16,1247,R20_FZ_250_filtered
25,12,0,-256.16,5.494,249.74,-487.02,485,R20_FZ_250_filtered
25,12,0,-256.15,0.314,278.74,-47.07,1254,R20_FZ_250_filtered
25,12,0,-256.15,1.28,278.98,-176.11,1278,R20_FZ_250_filtered
25,12,0,-256.15,2.424,419.51,-281.99,6793,R20_FZ_250_filtered
25,12,0,-256.14,-0.784,257.17,100.76,1227,R20_FZ_250_filtered
25,12,0,-256.13,1.745,250.68,-212.69,579,R20_FZ_250_filtered
25,12,0,-256.13,-5.169,256.07,477.04,1117,R20_FZ_250_filtered
25,12,0,-256.1,9.782,282.47,-587.67,1626,R20_FZ_250_filtered
25,12,-0,-256.08,-4.834,425.15,464.01,7356,R20_FZ_250_filtered
25,12,0,-256.07,8.915,282.69,-580.24,1648,R20_FZ_250_filtered
25,12,0,-256.05,12.253,416.95,-601.61,6537,R20_FZ_250_filtered
25,12,-0,-256.03,11.27,417.29,-596.34,6571,R20_FZ_250_filtered
25,12,0,-256.02,12.203,248.02,-588.9,313,R20_FZ_250_filtered
25,12,0,-256.02,11.003,248.36,-583,347,R20_FZ_250_filtered
25,12,0,-256.02,11.532,282.02,-593.42,1581,R20_FZ_250_filtered
25,12,0,-256.01,9.492,417.74,-591.09,6616,R20_FZ_250_filtered
25,12,0,-255.99,-4.358,425.27,438.72,7368,R20_FZ_250_filtered
25,12,0,-255.96,-4.285,256.29,433.15,1139,R20_FZ_250_filtered
25,12,0,-255.96,0.48,420,-68.29,6842,R20_FZ_250_filtered
25,12,0,-255.94,11.18,247.66,-604.56,278,R20_FZ_250_filtered
25,12,0,-255.92,12.242,281.79,-595.73,1558,R20_FZ_250_filtered
25,12,0,-255.92,0.786,419.92,-107.69,6834,R20_FZ_250_filtered
25,12,0,-255.89,6.083,418.6,-515.71,6702,R20_FZ_250_filtered
25,12,0,-255.88,10.551,248.47,-582.39,358,R20_FZ_250_filtered
25,12,-0,-255.83,9.18,282.62,-576.79,1641,R20_FZ_250_filtered
25,12,0,-255.83,2.218,284.36,-257.18,1815,R20_FZ_250_filtered
25,12,0,-255.81,-3.849,256.4,405.85,1150,R20_FZ_250_filtered
25,12,0,-255.78,-2.02,256.86,248.43,1196,R20_FZ_250_filtered
25,12,0,-255.74,11.752,416.84,-605.35,6527,R20_FZ_250_filtered
25,12,0,-255.72,-2.927,256.63,336.67,1173,R20_FZ_250_filtered
25,12,0,-255.72,-6.556,424.72,533.31,7313,R20_FZ_250_filtered
25,12,0,-255.7,9.08,417.85,-587.37,6627,R20_FZ_250_filtered
25,12,0,-255.68,-6.481,289.54,526.98,2332,R20_FZ_250_filtered
25,12,0,-255.68,1.169,414.15,-164.48,6258,R20_FZ_250_filtered
25,12,0,-255.68,7.797,418.17,-569.05,6659,R20_FZ_250_filtered
25,12,0,-255.68,-7.213,424.55,553.21,7296,R20_FZ_250_filtered
25,12,0,-255.67,-1.602,256.96,202.51,1206,R20_FZ_250_filtered
25,12,0,-255.64,12.042,248.1,-590.59,321,R20_FZ_250_filtered
25,12,0,-255.61,4.961,249.87,-462.98,498,R20_FZ_250_filtered
25,12,0,-255.6,11.491,416.73,-607.51,6516,R20_FZ_250_filtered
25,12,0,-255.59,1.497,250.74,-191.58,585,R20_FZ_250_filtered
25,12,0,-255.59,-7.06,289.39,544.98,2317,R20_FZ_250_filtered
25,12,0,-255.57,10.688,248.44,-588.14,355,R20_FZ_250_filtered
25,12,0,-255.56,11.393,248.25,-584.88,336,R20_FZ_250_filtered
25,12,0,-255.55,5.85,249.65,-500.19,476,R20_FZ_250_filtered
25,12,0,-255.53,9.64,248.7,-578.03,381,R20_FZ_250_filtered
25,12,0,-255.51,10.232,248.55,-586.74,366,R20_FZ_250_filtered
25,12,0,-255.41,10.879,417.4,-594.31,6582,R20_FZ_250_filtered
25,12,0,-255.4,5.409,249.76,-481.58,487,R20_FZ_250_filtered
25,12,0,-255.4,0.49,278.78,-71.09,1258,R20_FZ_250_filtered
25,12,0,-255.39,10.099,282.39,-584.4,1618,R20_FZ_250_filtered
25,12,0,-255.39,-6.99,424.61,545.74,7302,R20_FZ_250_filtered
25,12,-0,-255.38,11.91,281.94,-588.1,1573,R20_FZ_250_filtered
25,12,0,-255.37,0.405,244.97,-65.66,9,R20_FZ_250_filtered
25,12,0,-255.37,6.544,418.48,-534.16,6690,R20_FZ_250_filtered
25,12,0,-255.37,-6.719,424.68,538.92,7309,R20_FZ_250_filtered
25,12,0,-255.35,4.58,249.97,-444.36,508,R20_FZ_250_filtered
25,12,0,-255.35,6.757,283.23,-534,1702,R20_FZ_250_filtered
25,12,0,-255.34,1.315,278.99,-180.91,1279,R20_FZ_250_filtered
25,12,-0,-255.33,7.295,283.09,-551.37,1688,R20_FZ_250_filtered
25,12,0,-255.31,11.095,416.63,-605.33,6506,R20_FZ_250_filtered
25,12,0,-255.3,12.076,417.1,-590.1,6552,R20_FZ_250_filtered
25,12,0,-255.28,12.269,247.91,-591.05,302,R20_FZ_250_filtered
25,12,0,-255.27,2.293,284.34,-266.95,1813,R20_FZ_250_filtered
25,12,0,-255.25,11.133,282.13,-591.09,1592,R20_FZ_250_filtered
25,12,0,-255.19,6.732,249.43,-533.69,454,R20_FZ_250_filtered
25,12,0,-255.18,5.446,249.75,-483.6,486,R20_FZ_250_filtered
25,12,0,-255.14,7.321,249.28,-549.67,439,R20_FZ_250_filtered
25,12,0,-255.06,1.044,250.85,-140.1,596,R20_FZ_250_filtered
25,12,0,-255.06,10.408,417.51,-592.93,6593,R20_FZ_250_filtered
25,12,0,-255.05,7.604,249.21,-557.26,432,R20_FZ_250_filtered
25,12,0,-255.05,1.481,419.75,-183.36,6817,R20_FZ_250_filtered
25,12,0,-255.04,0.648,250.95,-92.48,606,R20_FZ_250_filtered
25,12,0,-255.03,7.625,283.01,-559.12,1680,R20_FZ_250_filtered
25,12,0,-254.99,1.184,419.82,-154.03,6824,R20_FZ_250_filtered
25,12,0,-254.98,11.227,247.67,-599.43,279,R20_FZ_250_filtered
25,12,0,-254.98,0.289,284.85,-43.32,1864,R20_FZ_250_filtered
25,12,0,-254.97,11.736,247.87,-597.55,299,R20_FZ_250_filtered
25,12,0,-254.94,-1.052,290.9,137.68,2468,R20_FZ_250_filtered
25,12,0,-254.92,0.328,284.84,-47.5,1863,R20_FZ_250_filtered
25,12,-0,-254.91,5.89,249.64,-501.88,475,R20_FZ_250_filtered
25,12,0,-254.91,6.803,283.22,-535.24,1701,R20_FZ_250_filtered
25,12,0,-254.9,8.235,418.06,-575.73,6648,R20_FZ_250_filtered
25,12,0,-254.87,11.767,417.17,-597.41,6559,R20_FZ_250_filtered
25,12,0,-254.85,10.53,282.28,-583.77,1607,R20_FZ_250_filtered
25,12,0,-254.85,8.7,282.74,-573.39,1653,R20_FZ_250_filtered
25,12,0,-254.85,8.076,282.9,-568.44,1669,R20_FZ_250_filtered
25,12,0,-254.85,8.421,418.01,-574.16,6643,R20_FZ_250_filtered
25,12,0,-254.83,0.804,250.91,-108.92,602,R20_FZ_250_filtered
25,12,0,-254.78,10.084,248.59,-580.05,370,R20_FZ_250_filtered
25,12,0,-254.78,-7.665,255.45,556.6,1055,R20_FZ_250_filtered
25,12,0,-254.76,0.789,278.85,-107.7,1265,R20_FZ_250_filtered
25,12,0,-254.75,12.223,247.98,-594.64,309,R20_FZ_250_filtered
25,12,0,-254.75,2.255,284.35,-261.2,1814,R20_FZ_250_filtered
25,12,0,-254.72,6.993,418.37,-547.8,6679,R20_FZ_250_filtered
25,12,0,-254.71,11.562,247.76,-602.53,288,R20_FZ_250_filtered
25,12,0,-254.68,11.141,248.32,-585.17,343,R20_FZ_250_filtered
25,12,0,-254.65,2.743,250.43,-310.84,554,R20_FZ_250_filtered
25,12,0,-254.65,7.961,418.13,-568.89,6655,R20_FZ_250_filtered
25,12,0,-254.59,10.705,282.24,-589.83,1603,R20_FZ_250_filtered
25,12,0,-254.58,9.809,248.66,-584.1,377,R20_FZ_250_filtered
25,12,0,-254.57,8.73,248.93,-571.99,404,R20_FZ_250_filtered
25,12,0,-254.56,-6.645,424.7,536.13,7311,R20_FZ_250_filtered
25,12,0,-254.55,6.854,249.4,-537.74,451,R20_FZ_250_filtered
25,12,0,-254.55,8.663,417.95,-580.69,6637,R20_FZ_250_filtered
25,12,0,-254.52,11.546,248.21,-588.89,332,R20_FZ_250_filtered
25,12,0,-254.51,1.232,278.97,-170.36,1277,R20_FZ_250_filtered
25,12,0,-254.47,8.041,249.1,-565.79,421,R20_FZ_250_filtered
25,12,0,-254.46,8.229,282.86,-568.59,1665,R20_FZ_250_filtered
25,12,0,-254.45,11.206,281.46,-606.11,1526,R20_FZ_250_filtered
25,12,-0,-254.42,11.577,417.21,-591.21,6563,R20_FZ_250_filtered
25,12,-0,-254.4,10.696,417.44,-589.03,6586,R20_FZ_250_filtered
25,12,-0,-254.39,7.159,249.32,-546.4,443,R20_FZ_250_filtered
25,12,0,-254.39,-7.024,289.4,543.6,2318,R20_FZ_250_filtered
25,12,0,-254.33,8.927,248.88,-576.96,399,R20_FZ_250_filtered
25,12,0,-254.33,3.644,250.2,-386.37,531,R20_FZ_250_filtered
25,12,0,-254.3,11.249,281.47,-602.85,1527,R20_FZ_250_filtered
25,12,0,-254.29,-7.179,424.56,552.14,7297,R20_FZ_250_filtered
25,12,0,-254.26,1.569,414.25,-210.67,6268,R20_FZ_250_filtered
25,12,0,-254.25,9.355,248.77,-581.3,388,R20_FZ_250_filtered
25,12,0,-254.24,-0.306,257.28,39.51,1238,R20_FZ_250_filtered
25,12,0,-254.22,-1.183,257.07,152.27,1217,R20_FZ_250_filtered
25,12,0,-254.22,-7.734,424.43,562.34,7284,R20_FZ_250_filtered
25,12,0,-254.21,-7.769,424.42,562.8,7283,R20_FZ_250_filtered
25,12,0,-254.18,6.952,418.38,-546.72,6680,R20_FZ_250_filtered
25,12,0,-254.17,10.251,282.35,-587.2,1614,R20_FZ_250_filtered
25,12,0,-254.14,11.14,247.65,-606.42,277,R20_FZ_250_filtered
25,12,0,-254.12,-6.689,424.69,537.53,7310,R20_FZ_250_filtered
25,12,0,-254.11,6.778,249.42,-533.83,453,R20_FZ_250_filtered
25,12,0,-254.08,9.618,282.51,-579.42,1630,R20_FZ_250_filtered
25,12,0,-254.07,7.752,282.98,-560.83,1677,R20_FZ_250_filtered
25,12,0,-253.99,8.492,282.79,-574.33,1658,R20_FZ_250_filtered
25,12,0,-253.96,9.781,417.67,-584.23,6609,R20_FZ_250_filtered
25,12,0,-253.9,8.476,248.99,-572.94,410,R20_FZ_250_filtered
25,12,0,-253.85,-8.045,289.14,563.29,2292,R20_FZ_250_filtered
25,12,0,-253.84,10.738,247.55,-606.11,267,R20_FZ_250_filtered
25,12,0,-253.82,-7.81,424.41,562.8,7282,R20_FZ_250_filtered
25,12,0,-253.81,9.38,282.57,-581.47,1636,R20_FZ_250_filtered
25,12,0,-253.79,9.114,417.84,-584.55,6626,R20_FZ_250_filtered
25,12,0,-253.76,10.702,247.54,-609.07,266,R20_FZ_250_filtered
25,12,0,-253.76,8.234,249.05,-565.78,416,R20_FZ_250_filtered
25,12,0,-253.72,-1.106,290.89,142.82,2467,R20_FZ_250_filtered
25,12,0,-253.7,9.169,248.82,-574.15,393,R20_FZ_250_filtered
25,12,0,-253.7,1.527,414.24,-205.86,6267,R20_FZ_250_filtered
25,12,0,-253.7,11.748,416.83,-604.24,6526,R20_FZ_250_filtered
25,12,0,-253.69,11.891,248.14,-585.77,325,R20_FZ_250_filtered
25,12,0,-253.65,7.666,283,-558.96,1679,R20_FZ_250_filtered
25,12,0,-253.64,8.946,282.68,-578.19,1647,R20_FZ_250_filtered
25,12,0,-253.62,-0.73,257.18,98.15,1228,R20_FZ_250_filtered
25,12,0,-253.62,1.349,279,-184.93,1280,R20_FZ_250_filtered
25,12,0,-253.61,10.991,282.17,-584.69,1596,R20_FZ_250_filtered
25,12,0,-253.61,7.84,418.16,-567.33,6658,R20_FZ_250_filtered
25,12,0,-253.56,12.072,248.09,-588.55,320,R20_FZ_250_filtered
25,12,0,-253.56,7.773,249.17,-557.25,428,R20_FZ_250_filtered
25,12,0,-253.54,11.144,416.64,-600.35,6507,R20_FZ_250_filtered
25,12,0,-253.5,0.514,419.99,-72.15,6841,R20_FZ_250_filtered
25,12,0,-253.48,-1.133,290.88,145.91,2466,R20_FZ_250_filtered
25,12,0,-253.47,9.821,282.46,-584.86,1625,R20_FZ_250_filtered
25,12,0,-253.45,0.627,284.76,-86.88,1855,R20_FZ_250_filtered
25,12,0,-253.44,10.737,248.43,-585.63,354,R20_FZ_250_filtered
25,12,0,-253.44,-7.705,255.44,557.68,1054,R20_FZ_250_filtered
25,12,0,-253.44,-7.043,255.6,544.54,1070,R20_FZ_250_filtered
25,12,0,-253.44,8.871,417.9,-577.09,6632,R20_FZ_250_filtered
25,12,0,-253.31,10.782,247.56,-601.13,268,R20_FZ_250_filtered
25,12,0,-253.31,11.665,247.8,-589.92,292,R20_FZ_250_filtered
25,12,-0,-253.3,-8.173,424.31,566.54,7272,R20_FZ_250_filtered
25,12,-0,-253.29,1.777,250.67,-215.13,578,R20_FZ_250_filtered
25,12,0,-253.29,7.713,282.99,-559.42,1678,R20_FZ_250_filtered
25,12,0,-253.25,12.199,248.03,-585.77,314,R20_FZ_250_filtered
25,12,-0,-253.19,-8.201,424.3,567.32,7271,R20_FZ_250_filtered
25,12,0,-253.18,11.609,416.76,-595.53,6519,R20_FZ_250_filtered
25,12,0,-253.17,7.91,418.14,-567.33,6656,R20_FZ_250_filtered
25,12,0,-253.15,-0.604,257.21,84.18,1231,R20_FZ_250_filtered
25,12,0,-253.11,7.202,249.31,-546.09,442,R20_FZ_250_filtered
25,12,0,-253.08,-8.019,289.15,562.68,2293,R20_FZ_250_filtered
25,12,0,-253.04,10.846,281.37,-598.17,1517,R20_FZ_250_filtered
25,12,0,-253.03,11.81,417.16,-594.91,6558,R20_FZ_250_filtered
25,12,0,-253.01,-1.148,257.08,149.48,1218,R20_FZ_250_filtered
25,12,0,-252.99,10.515,248.48,-578.96,359,R20_FZ_250_filtered
25,12,0,-252.93,8.122,282.89,-567.33,1668,R20_FZ_250_filtered
25,12,0,-252.91,10.245,247.43,-611.86,255,R20_FZ_250_filtered
25,12,0,-252.91,10.266,248.54,-584.4,365,R20_FZ_250_filtered
25,12,0,-252.91,9.15,282.63,-574.29,1642,R20_FZ_250_filtered
25,12,0,-252.9,7.281,249.29,-547.8,440,R20_FZ_250_filtered
25,12,-0,-252.89,6.818,249.41,-535.54,452,R20_FZ_250_filtered
25,12,0,-252.87,-7.309,255.53,550.88,1063,R20_FZ_250_filtered
25,12,0,-252.85,11.864,281.95,-584.2,1574,R20_FZ_250_filtered
25,12,0,-252.84,10.285,247.44,-607.49,256,R20_FZ_250_filtered
25,12,0,-252.84,7.243,249.3,-546.55,441,R20_FZ_250_filtered
25,12,0,-252.78,7.641,249.2,-556.32,431,R20_FZ_250_filtered
25,12,0,-252.75,1.456,250.75,-184.58,586,R20_FZ_250_filtered
25,12,0,-252.75,8.374,418.02,-572.13,6644,R20_FZ_250_filtered
25,12,0,-252.74,0.055,278.68,-15.54,1248,R20_FZ_250_filtered
25,12,0,-252.71,1.518,419.74,-186.74,6816,R20_FZ_250_filtered
25,12,0,-252.69,-7.85,424.4,563.27,7281,R20_FZ_250_filtered
25,12,0,-252.68,1.201,414.16,-168.31,6259,R20_FZ_250_filtered
25,12,0,-252.66,-7.728,289.23,557.84,2301,R20_FZ_250_filtered
25,12,0,-252.65,10.972,248.37,-579.56,348,R20_FZ_250_filtered
25,12,0,-252.64,8.265,418.05,-573.53,6647,R20_FZ_250_filtered
25,12,0,-252.63,9.593,248.71,-575.69,382,R20_FZ_250_filtered
25,12,0,-252.62,8.658,282.75,-571.66,1654,R20_FZ_250_filtered
25,12,-0,-252.62,10.168,416.4,-609.2,6483,R20_FZ_250_filtered
25,12,0,-252.61,8.185,282.87,-567.49,1666,R20_FZ_250_filtered
25,12,0,-252.61,10.134,416.39,-612.15,6482,R20_FZ_250_filtered
25,12,-0,-252.61,-8.135,424.32,566.1,7273,R20_FZ_250_filtered
25,12,0,-252.56,10.066,282.4,-580.95,1619,R20_FZ_250_filtered
25,12,0,-252.53,11.351,248.26,-581.9,337,R20_FZ_250_filtered
25,12,0,-252.52,11.161,282.12,-587.02,1591,R20_FZ_250_filtered
25,12,0,-252.51,0.371,284.83,-51.52,1862,R20_FZ_250_filtered
25,12,0,-252.44,1.688,245.29,-227.56,41,R20_FZ_250_filtered
25,12,0,-252.42,1.206,278.96,-164.44,1276,R20_FZ_250_filtered
25,12,0,-252.4,10.223,416.41,-604.08,6484,R20_FZ_250_filtered
25,12,0,-252.38,11.26,247.68,-594.61,280,R20_FZ_250_filtered
25,12,0,-252.36,-0.672,290.99,91.49,2477,R20_FZ_250_filtered
25,12,0,-252.34,10.75,282.23,-586.39,1602,R20_FZ_250_filtered
25,12,0,-252.32,9.4,248.76,-579.12,387,R20_FZ_250_filtered
25,12,0,-252.29,9.855,248.65,-581.89,376,R20_FZ_250_filtered
25,12,0,-252.28,7.87,418.15,-566.86,6657,R20_FZ_250_filtered
25,12,0,-252.24,11.6,281.56,-601.28,1536,R20_FZ_250_filtered
25,12,0,-252.24,10.219,417.56,-585.93,6598,R20_FZ_250_filtered
25,12,0,-252.21,11.746,416.82,-601.13,6525,R20_FZ_250_filtered
25,12,0,-252.2,12.305,416.88,-592.1,6530,R20_FZ_250_filtered
25,12,0,-252.17,12.263,416.93,-598.17,6535,R20_FZ_250_filtered
25,12,0,-252.12,8.15,282.88,-567.02,1667,R20_FZ_250_filtered
25,12,0,-252.11,12.256,247.92,-588.4,303,R20_FZ_250_filtered
25,12,0,-252.1,1.565,419.73,-191.54,6815,R20_FZ_250_filtered
25,12,0,-252.09,0.977,278.9,-134.81,1270,R20_FZ_250_filtered
25,12,0,-252.09,1.141,419.83,-147.5,6825,R20_FZ_250_filtered
25,12,0,-252.05,11.538,247.75,-601.91,287,R20_FZ_250_filtered
25,12,0,-252.05,-8.247,424.29,568.25,7270,R20_FZ_250_filtered
25,12,0,-252,11.737,247.86,-595.53,298,R20_FZ_250_filtered
25,12,0,-251.99,9.811,247.32,-612.93,244,R20_FZ_250_filtered
25,12,0,-251.94,-7.646,424.45,561.76,7286,R20_FZ_250_filtered
25,12,0,-251.92,10.667,247.53,-608.44,265,R20_FZ_250_filtered
25,12,0,-251.88,11.106,247.64,-605.8,276,R20_FZ_250_filtered
25,12,0,-251.85,7.732,249.18,-556.01,429,R20_FZ_250_filtered
25,12,0,-251.84,1.487,414.23,-200.42,6266,R20_FZ_250_filtered
25,12,0,-251.82,11.605,248.2,-585.91,331,R20_FZ_250_filtered
25,12,0,-251.82,-7.378,289.31,552.61,2309,R20_FZ_250_filtered
25,12,-0,-251.81,8.535,282.78,-572.9,1657,R20_FZ_250_filtered
25,12,0,-251.79,11.411,416.71,-604.85,6514,R20_FZ_250_filtered
25,12,0,-251.79,8.338,418.03,-571.66,6645,R20_FZ_250_filtered
25,12,0,-251.79,8.305,418.04,-571.97,6646,R20_FZ_250_filtered
25,12,0,-251.78,10.7,416.53,-601.57,6496,R20_FZ_250_filtered
25,12,0,-251.77,0.745,278.84,-100.69,1264,R20_FZ_250_filtered
25,12,0,-251.74,-0.648,257.2,90.25,1230,R20_FZ_250_filtered
25,12,0,-251.71,12.222,247.97,-591.81,308,R20_FZ_250_filtered
25,12,0,-251.68,-0.205,251.16,17.96,627,R20_FZ_250_filtered
25,12,0,-251.68,-0.28,257.29,36.12,1239,R20_FZ_250_filtered
25,12,0,-251.67,-0.233,284.97,22.94,1876,R20_FZ_250_filtered
25,12,0,-251.65,10.481,282.29,-579.87,1608,R20_FZ_250_filtered
25,12,0,-251.64,8.082,249.09,-564.53,420,R20_FZ_250_filtered
25,12,0,-251.63,-7.429,289.3,553.55,2308,R20_FZ_250_filtered
25,12,0,-251.62,8.198,249.06,-564.38,417,R20_FZ_250_filtered
25,12,0,-251.62,7.692,249.19,-555.69,430,R20_FZ_250_filtered
25,12,0,-251.62,1.011,250.86,-133.09,597,R20_FZ_250_filtered
25,12,-0,-251.57,10.036,417.61,-586.53,6603,R20_FZ_250_filtered
25,12,0,-251.55,9.85,247.33,-607.96,245,R20_FZ_250_filtered
25,12,0,-251.5,1.341,250.78,-168.13,589,R20_FZ_250_filtered
25,12,-0,-251.48,8.68,248.94,-569.47,405,R20_FZ_250_filtered
25,12,0,-251.48,-7.36,255.52,551.66,1062,R20_FZ_250_filtered
25,12,0,-251.46,0.832,250.9,-112.31,601,R20_FZ_250_filtered
25,12,0,-251.45,9.578,282.52,-576.77,1631,R20_FZ_250_filtered
25,12,0,-251.45,-7.881,424.39,563.91,7280,R20_FZ_250_filtered
25,12,0,-251.44,10.324,247.45,-601.58,257,R20_FZ_250_filtered
25,12,0,-251.39,11.165,248.31,-581.73,342,R20_FZ_250_filtered
25,12,0,-251.38,9.878,281.13,-608.43,1493,R20_FZ_250_filtered
25,12,0,-251.36,9.153,417.83,-581.43,6625,R20_FZ_250_filtered
25,12,0,-251.33,10.289,282.34,-584.23,1613,R20_FZ_250_filtered
25,12,0,-251.32,1.683,279.08,-220.42,1288,R20_FZ_250_filtered
25,12,0,-251.3,1.653,245.28,-222.76,40,R20_FZ_250_filtered
25,12,0,-251.3,10.202,247.42,-612.78,254,R20_FZ_250_filtered
25,12,0,-251.3,10.819,247.57,-596.31,269,R20_FZ_250_filtered
25,12,0,-251.29,-7.774,289.22,558.96,2300,R20_FZ_250_filtered
25,12,0,-251.29,9.259,416.17,-605.79,6460,R20_FZ_250_filtered
25,12,0,-251.27,10.284,281.23,-612.31,1503,R20_FZ_250_filtered
25,12,0,-251.26,10.663,417.45,-586.54,6587,R20_FZ_250_filtered
25,12,0,-251.23,-7.553,424.47,559.59,7288,R20_FZ_250_filtered
25,12,0,-251.22,8.83,417.91,-574.75,6633,R20_FZ_250_filtered
25,12,0,-251.21,8.333,415.94,-597.43,6437,R20_FZ_250_filtered
25,12,0,-251.19,8.512,248.98,-571.52,409,R20_FZ_250_filtered
25,12,0,-251.15,1.42,250.76,-178.2,587,R20_FZ_250_filtered
25,12,0,-251.12,9.412,282.56,-579.12,1635,R20_FZ_250_filtered
25,12,0,-251.08,9.843,281.12,-611.22,1492,R20_FZ_250_filtered
25,12,-0,-251.08,8.996,282.67,-576.3,1646,R20_FZ_250_filtered
25,12,0,-251.06,-7.514,424.48,558.33,7289,R20_FZ_250_filtered
25,12,0,-251.03,1.728,245.3,-231.57,42,R20_FZ_250_filtered
25,12,0,-251.03,0.225,278.72,-33.21,1252,R20_FZ_250_filtered
25,12,-0,-251.03,11.342,417.27,-592.74,6569,R20_FZ_250_filtered
25,12,0,-251.03,11.103,417.34,-587.16,6576,R20_FZ_250_filtered
25,12,0,-251.01,1.374,250.77,-172.61,588,R20_FZ_250_filtered
25,12,0,-251,8.967,248.87,-575.07,398,R20_FZ_250_filtered
25,12,0,-250.98,10.05,248.6,-577.54,371,R20_FZ_250_filtered
25,12,0,-250.98,9.92,281.14,-602.22,1494,R20_FZ_250_filtered
25,12,0,-250.95,9.291,416.18,-600.65,6461,R20_FZ_250_filtered
25,12,-0,-250.9,9.652,416.27,-610.29,6470,R20_FZ_250_filtered
25,12,0,-250.86,-7.607,424.46,560.37,7287,R20_FZ_250_filtered
25,12,0,-250.83,9.384,247.21,-610.3,233,R20_FZ_250_filtered
25,12,0,-250.79,7.9,415.83,-589.21,6426,R20_FZ_250_filtered
25,12,0,-250.78,10.529,416.49,-612.29,6492,R20_FZ_250_filtered
25,12,0,-250.75,2.013,414.36,-258.57,6279,R20_FZ_250_filtered
25,12,0,-250.75,1.096,419.84,-141.29,6826,R20_FZ_250_filtered
25,12,0,-250.74,9.565,417.72,-584.67,6614,R20_FZ_250_filtered
25,12,0,-250.73,9.112,282.64,-573.5,1643,R20_FZ_250_filtered
25,12,0,-250.73,9.738,417.68,-582.03,6610,R20_FZ_250_filtered
25,12,0,-250.72,11.837,248.15,-583.72,326,R20_FZ_250_filtered
25,12,0,-250.68,8.573,282.77,-571.65,1656,R20_FZ_250_filtered
25,12,0,-250.68,8.801,416.06,-600.2,6449,R20_FZ_250_filtered
25,12,0,-250.68,-7.922,424.38,564.39,7279,R20_FZ_250_filtered
25,12,0,-250.67,11.864,417.15,-592.1,6557,R20_FZ_250_filtered
25,12,0,-250.66,9.123,248.83,-572.11,394,R20_FZ_250_filtered
25,12,0,-250.66,8.133,249.08,-563.74,419,R20_FZ_250_filtered
25,12,0,-250.64,1.804,279.11,-234.52,1291,R20_FZ_250_filtered
25,12,0,-250.64,11.181,416.65,-596.3,6508,R20_FZ_250_filtered
25,12,0,-250.62,10.776,248.42,-582.65,353,R20_FZ_250_filtered
25,12,0,-250.62,-8.521,255.23,568.1,1033,R20_FZ_250_filtered
25,12,0,-250.62,11.645,416.77,-591.93,6520,R20_FZ_250_filtered
25,12,0,-250.59,8.969,280.9,-602.85,1470,R20_FZ_250_filtered
25,12,-0,-250.57,10.945,282.18,-580.62,1597,R20_FZ_250_filtered
25,12,0,-250.57,10.088,416.38,-612.3,6481,R20_FZ_250_filtered
25,12,0,-250.56,8.624,282.76,-571.34,1655,R20_FZ_250_filtered
25,12,0,-250.54,9.772,247.31,-614.18,243,R20_FZ_250_filtered
25,12,0,-250.54,1.389,279.01,-188.47,1281,R20_FZ_250_filtered
25,12,0,-250.53,1.322,245.2,-184.43,32,R20_FZ_250_filtered
25,12,0,-250.53,9.327,247.2,-612.31,232,R20_FZ_250_filtered
25,12,0,-250.49,10.313,248.53,-581.57,364,R20_FZ_250_filtered
25,12,0,-250.45,12.107,248.08,-586.34,319,R20_FZ_250_filtered
25,12,0,-250.45,0.096,278.69,-18.46,1249,R20_FZ_250_filtered
25,12,0,-250.4,0.98,284.67,-126.86,1846,R20_FZ_250_filtered
25,12,0,-250.39,-8.571,255.22,568.1,1032,R20_FZ_250_filtered
25,12,0,-250.36,8.75,417.93,-575.21,6635,R20_FZ_250_filtered
25,12,0,-250.33,-8.582,424.21,571.21,7262,R20_FZ_250_filtered
25,12,0,-250.32,8.938,247.1,-606.88,222,R20_FZ_250_filtered
25,12,0,-250.3,7.464,415.72,-580.98,6415,R20_FZ_250_filtered
25,12,-0,-250.3,-8.287,424.28,568.74,7269,R20_FZ_250_filtered
25,12,0,-250.29,-0.233,257.3,32.4,1240,R20_FZ_250_filtered
25,12,0,-250.29,-8.953,288.92,572.91,2270,R20_FZ_250_filtered
25,12,0,-250.28,9.212,416.16,-607.5,6459,R20_FZ_250_filtered
25,12,0,-250.26,-0.471,420.23,58.14,6865,R20_FZ_250_filtered
25,12,0,-250.26,-12.22,423.18,584.67,7159,R20_FZ_250_filtered
25,12,-0,-250.22,8.771,416.05,-602.69,6448,R20_FZ_250_filtered
25,12,0,-250.18,10.494,417.49,-587.29,6591,R20_FZ_250_filtered
25,12,0,-250.17,9.864,282.45,-582.03,1624,R20_FZ_250_filtered
25,12,0,-250.16,10.469,248.49,-577.06,360,R20_FZ_250_filtered
25,12,0,-250.16,10.889,281.38,-592.1,1518,R20_FZ_250_filtered
25,12,0,-250.15,8.793,417.92,-573.97,6634,R20_FZ_250_filtered
25,12,-0,-250.14,-8.997,288.91,573.23,2269,R20_FZ_250_filtered
25,12,0,-250.1,-9.398,288.8,576.01,2258,R20_FZ_250_filtered
25,12,0,-250.07,8.899,247.09,-609.37,221,R20_FZ_250_filtered
25,12,-0,-250.06,11.691,247.81,-589.13,293,R20_FZ_250_filtered
25,12,0,-250.06,2.222,279.21,-274.54,1301,R20_FZ_250_filtered
25,12,0,-250,11.3,247.69,-591.16,281,R20_FZ_250_filtered
25,12,0,-249.99,10.933,248.38,-577.52,349,R20_FZ_250_filtered
25,12,0,-249.98,0.378,251.02,-56.15,613,R20_FZ_250_filtered
25,12,0,-249.96,0.413,284.82,-54.9,1861,R20_FZ_250_filtered
25,12,0,-249.95,10.033,282.41,-578.92,1620,R20_FZ_250_filtered
25,12,0,-249.95,11.731,416.81,-596.9,6524,R20_FZ_250_filtered
25,12,0,-249.93,0.702,278.83,-94,1263,R20_FZ_250_filtered
25,12,0,-249.93,11.995,417.12,-586.65,6554,R20_FZ_250_filtered
25,12,0,-249.91,-9.072,424.09,575.24,7250,R20_FZ_250_filtered
25,12,0,-249.9,7.942,415.84,-585.16,6427,R20_FZ_250_filtered
25,12,-0,-249.88,-9.132,424.07,576.65,7248,R20_FZ_250_filtered
25,12,0,-249.86,1.149,278.95,-158.37,1275,R20_FZ_250_filtered
25,12,0,-249.82,8.845,416.07,-594.75,6450,R20_FZ_250_filtered
25,12,0,-249.81,11.569,281.55,-598.62,1535,R20_FZ_250_filtered
25,12,0,-249.79,9.415,247.22,-604.84,234,R20_FZ_250_filtered
25,12,0,-249.78,-9.11,424.08,576.18,7249,R20_FZ_250_filtered
25,12,-0,-249.77,9.074,282.65,-573.33,1644,R20_FZ_250_filtered
25,12,0,-249.76,0.182,278.71,-27.15,1251,R20_FZ_250_filtered
25,12,0,-249.73,11.065,247.63,-602.67,275,R20_FZ_250_filtered
25,12,0,-249.73,9.559,248.72,-574.26,383,R20_FZ_250_filtered
25,12,0,-249.71,2.178,279.2,-270.19,1300,R20_FZ_250_filtered
25,12,0,-249.7,11.502,247.74,-599.25,286,R20_FZ_250_filtered
25,12,0,-249.7,8.17,249.07,-563.75,418,R20_FZ_250_filtered
25,12,0,-249.7,1.244,414.17,-171.7,6260,R20_FZ_250_filtered
25,12,0,-249.68,10.789,282.22,-582.48,1601,R20_FZ_250_filtered
25,12,0,-249.66,12.185,248.04,-584.03,315,R20_FZ_250_filtered
25,12,0,-249.64,-8.611,255.21,568.25,1031,R20_FZ_250_filtered
25,12,0,-249.63,-0.601,285.07,79.71,1886,R20_FZ_250_filtered
25,12,0,-249.61,-7.965,255.37,559.76,1047,R20_FZ_250_filtered
25,12,0,-249.6,-9.362,288.81,575.71,2259,R20_FZ_250_filtered
25,12,0,-249.59,11.326,248.27,-579.55,338,R20_FZ_250_filtered
25,12,0,-249.59,9.015,248.86,-573.51,397,R20_FZ_250_filtered
25,12,0,-249.59,-0.499,420.24,64.06,6866,R20_FZ_250_filtered
25,12,-0,-249.58,2.048,414.37,-262.42,6280,R20_FZ_250_filtered
25,12,0,-249.56,8.458,246.98,-602.54,210,R20_FZ_250_filtered
25,12,0,-249.54,10.329,282.33,-580.94,1612,R20_FZ_250_filtered
25,12,0,-249.54,9.226,417.81,-577.51,6623,R20_FZ_250_filtered
25,12,0,-249.54,-11.672,423.06,585.13,7148,R20_FZ_250_filtered
25,12,0,-249.51,8.555,248.97,-569.79,408,R20_FZ_250_filtered
25,12,0,-249.49,-12.203,288.01,585.49,2179,R20_FZ_250_filtered
25,12,0,-249.49,-8.539,424.22,570.45,7263,R20_FZ_250_filtered
25,12,0,-249.47,12.228,247.96,-589.31,307,R20_FZ_250_filtered
25,12,0,-249.47,11.208,248.3,-579.38,341,R20_FZ_250_filtered
25,12,0,-249.47,10.072,417.6,-584.34,6602,R20_FZ_250_filtered
25,12,0,-249.47,-7.988,424.36,565.2,7277,R20_FZ_250_filtered
25,12,0,-249.44,-0.241,251.17,24.66,628,R20_FZ_250_filtered
25,12,0,-249.43,12.237,417.01,-589.93,6543,R20_FZ_250_filtered
25,12,0,-249.42,10.239,281.22,-610.74,1502,R20_FZ_250_filtered
25,12,0,-249.41,9.012,280.91,-598.34,1471,R20_FZ_250_filtered
25,12,0,-249.41,1.436,414.22,-194.51,6265,R20_FZ_250_filtered
25,12,0,-249.4,11.648,248.19,-583.41,330,R20_FZ_250_filtered
25,12,0,-249.37,-0.288,284.98,29.48,1877,R20_FZ_250_filtered
25,12,0,-249.35,9.891,247.34,-601.89,246,R20_FZ_250_filtered
25,12,0,-249.33,11.736,281.62,-587.61,1542,R20_FZ_250_filtered
25,12,0,-249.3,0.571,278.8,-78.95,1260,R20_FZ_250_filtered
25,12,0,-249.29,10.176,417.57,-584.05,6599,R20_FZ_250_filtered
25,12,0,-249.27,10.371,247.46,-596.14,258,R20_FZ_250_filtered
25,12,-0,-249.25,-9.888,288.69,578.66,2247,R20_FZ_250_filtered
25,12,0,-249.25,-12.199,423.28,585.92,7169,R20_FZ_250_filtered
25,12,0,-249.23,9.025,282.66,-574.59,1645,R20_FZ_250_filtered
25,12,0,-249.23,-0.102,284.94,7.28,1873,R20_FZ_250_filtered
25,12,0,-249.23,9.612,417.71,-582.64,6613,R20_FZ_250_filtered
25,12,0,-249.22,12.13,248.07,-584.47,318,R20_FZ_250_filtered
25,12,-0,-249.22,1.643,279.07,-214.5,1287,R20_FZ_250_filtered
25,12,0,-249.21,-9.544,423.97,579.28,7238,R20_FZ_250_filtered
25,12,0,-249.2,10.613,247.52,-605.62,264,R20_FZ_250_filtered
25,12,0,-249.2,9.433,248.75,-576.61,386,R20_FZ_250_filtered
25,12,0,-249.19,11.731,247.85,-594.12,297,R20_FZ_250_filtered
25,12,0,-249.17,-12.205,423.19,584.54,7160,R20_FZ_250_filtered
25,12,0,-249.17,-12.189,423.3,584.86,7171,R20_FZ_250_filtered
25,12,0,-249.13,-12.151,288.12,584.07,2190,R20_FZ_250_filtered
25,12,0,-249.12,12.228,417.03,-591.79,6545,R20_FZ_250_filtered
25,12,0,-249.11,-12.19,423.29,585.78,7170,R20_FZ_250_filtered
25,12,0,-249.09,8.023,246.87,-593.09,199,R20_FZ_250_filtered
25,12,0,-249.08,8.648,248.95,-569,406,R20_FZ_250_filtered
25,12,0,-249.05,8.49,246.99,-598.97,211,R20_FZ_250_filtered
25,12,0,-249.04,9.445,282.55,-576.61,1634,R20_FZ_250_filtered
25,12,0,-249.03,11.071,417.35,-585.89,6577,R20_FZ_250_filtered
25,12,-0,-249.01,12.116,281.88,-584,1567,R20_FZ_250_filtered
25,12,-0,-248.99,-11.708,423.42,583.33,7183,R20_FZ_250_filtered
25,12,0,-248.98,-9.03,424.1,574.49,7251,R20_FZ_250_filtered
25,12,0,-248.95,-9.002,255.11,571.52,1021,R20_FZ_250_filtered
25,12,0,-248.95,-9.027,288.9,573.23,2268,R20_FZ_250_filtered
25,12,0,-248.93,-8.975,255.12,571.53,1022,R20_FZ_250_filtered
25,12,0,-248.92,-0.63,285.08,85.29,1887,R20_FZ_250_filtered
25,12,0,-248.85,-11.304,423.52,584.26,7193,R20_FZ_250_filtered
25,12,0,-248.84,0.133,278.7,-22.49,1250,R20_FZ_250_filtered
25,12,0,-248.83,-0.57,285.06,74.44,1885,R20_FZ_250_filtered
25,12,0,-248.82,-8.368,289.06,567.06,2284,R20_FZ_250_filtered
25,12,0,-248.8,-9.852,288.7,578.18,2248,R20_FZ_250_filtered
25,12,0,-248.78,9.082,248.84,-571.49,395,R20_FZ_250_filtered
25,12,0,-248.78,-11.347,423.51,584.39,7192,R20_FZ_250_filtered
25,12,0,-248.77,0.197,251.07,-31.01,618,R20_FZ_250_filtered
25,12,0,-248.76,10.004,248.61,-576.27,372,R20_FZ_250_filtered
25,12,0,-248.76,11.696,416.79,-590.2,6522,R20_FZ_250_filtered
25,12,0,-248.75,9.962,281.15,-595.35,1495,R20_FZ_250_filtered
25,12,0,-248.75,7.421,415.71,-581.14,6414,R20_FZ_250_filtered
25,12,0,-248.75,8.293,415.93,-596.8,6436,R20_FZ_250_filtered
25,12,0,-248.73,-12.2,423.27,585.77,7168,R20_FZ_250_filtered
25,12,0,-248.71,-12.139,254.33,581.58,943,R20_FZ_250_filtered
25,12,0,-248.7,8.931,280.89,-604.09,1469,R20_FZ_250_filtered
25,12,0,-248.7,11.705,416.8,-593,6523,R20_FZ_250_filtered
25,12,0,-248.69,-8.633,289,569.67,2278,R20_FZ_250_filtered
25,12,0,-248.67,12.23,417.02,-590.24,6544,R20_FZ_250_filtered
25,12,0,-248.66,11.375,416.7,-601.1,6513,R20_FZ_250_filtered
25,12,0,-248.65,-10.711,288.48,577.88,2226,R20_FZ_250_filtered
25,12,0,-248.64,6.534,415.49,-552.74,6392,R20_FZ_250_filtered
25,12,0,-248.63,9.52,282.53,-575.35,1632,R20_FZ_250_filtered
25,12,0,-248.63,-12.184,288.02,583.78,2180,R20_FZ_250_filtered
25,12,0,-248.59,9.169,416.15,-605.46,6458,R20_FZ_250_filtered
25,12,0,-248.59,-11.284,423.53,583.02,7194,R20_FZ_250_filtered
25,12,0,-248.58,12.238,247.95,-587.28,306,R20_FZ_250_filtered
25,12,0,-248.56,10.988,417.37,-586.81,6579,R20_FZ_250_filtered
25,12,0,-248.55,-11.321,422.95,585.31,7137,R20_FZ_250_filtered
25,12,0,-248.52,2.106,245.39,-268.64,51,R20_FZ_250_filtered
25,12,0,-248.52,9.747,247.3,-611.52,242,R20_FZ_250_filtered
25,12,0,-248.52,8.601,248.96,-569.15,407,R20_FZ_250_filtered
25,12,0,-248.52,-10.033,423.85,581.28,7226,R20_FZ_250_filtered
25,12,0,-248.51,10.343,248.52,-578.91,363,R20_FZ_250_filtered
25,12,0,-248.51,-12.175,254.32,582.98,942,R20_FZ_250_filtered
25,12,0,-248.51,11.034,417.36,-586.05,6578,R20_FZ_250_filtered
25,12,-0,-248.49,8.482,280.78,-599.43,1458,R20_FZ_250_filtered
25,12,0,-248.47,8.976,247.11,-600.5,223,R20_FZ_250_filtered
25,12,0,-248.46,9.701,417.69,-580.93,6611,R20_FZ_250_filtered
25,12,0,-248.45,6.97,415.6,-567.63,6403,R20_FZ_250_filtered
25,12,0,-248.44,11.956,417.13,-587.42,6555,R20_FZ_250_filtered
25,12,0,-248.42,-10.237,288.59,578.36,2237,R20_FZ_250_filtered
25,12,0,-248.4,-9.932,288.68,578.8,2246,R20_FZ_250_filtered
25,12,0,-248.4,11.907,417.14,-589.43,6556,R20_FZ_250_filtered
25,12,0,-248.39,10.855,247.58,-593.01,270,R20_FZ_250_filtered
25,12,0,-248.38,-10.268,288.58,579.12,2236,R20_FZ_250_filtered
25,12,0,-248.35,8.565,280.8,-593.36,1460,R20_FZ_250_filtered
25,12,0,-248.34,-9.286,288.83,574.03,2261,R20_FZ_250_filtered
25,12,0,-248.33,6.093,415.38,-536,6381,R20_FZ_250_filtered
25,12,0,-248.32,10.173,247.41,-610.28,253,R20_FZ_250_filtered
25,12,0,-248.32,11.807,248.16,-582.31,327,R20_FZ_250_filtered
25,12,0,-248.31,9.296,247.19,-610.6,231,R20_FZ_250_filtered
25,12,0,-248.31,-11.681,254.43,581.91,953,R20_FZ_250_filtered
25,12,-0,-248.31,1.128,278.94,-152.14,1274,R20_FZ_250_filtered
25,12,-0,-248.31,2.262,279.22,-277.77,1302,R20_FZ_250_filtered
25,12,0,-248.26,9.99,282.42,-577.98,1621,R20_FZ_250_filtered
25,12,0,-248.26,9.337,416.19,-595.05,6462,R20_FZ_250_filtered
25,12,0,-248.25,-10.897,423.64,582.22,7205,R20_FZ_250_filtered
25,12,0,-248.25,-9.165,424.06,577.11,7247,R20_FZ_250_filtered
25,12,0,-248.24,7.495,415.73,-577.4,6416,R20_FZ_250_filtered
25,12,0,-248.23,0.659,278.82,-87.93,1262,R20_FZ_250_filtered
25,12,0,-248.23,-9.051,288.89,573.38,2267,R20_FZ_250_filtered
25,12,0,-248.22,10.915,282.19,-578.59,1598,R20_FZ_250_filtered
25,12,0,-248.21,7.98,246.86,-592.46,198,R20_FZ_250_filtered
25,12,0,-248.21,8.855,247.08,-607.65,220,R20_FZ_250_filtered
25,12,0,-248.21,-11.359,422.96,583.29,7138,R20_FZ_250_filtered
25,12,0,-248.2,1.826,279.12,-237.45,1292,R20_FZ_250_filtered
25,12,0,-248.2,-12.195,423.26,585.48,7167,R20_FZ_250_filtered
25,12,0,-248.19,-8.662,255.2,568.26,1030,R20_FZ_250_filtered
25,12,0,-248.19,10.483,416.48,-608.85,6491,R20_FZ_250_filtered
25,12,0,-248.18,-8.256,255.29,564.09,1039,R20_FZ_250_filtered
25,12,0,-248.18,11.452,417.24,-587.61,6566,R20_FZ_250_filtered
25,12,0,-248.17,-10.073,423.84,581.46,7225,R20_FZ_250_filtered
25,12,0,-248.17,-8.372,424.26,569.85,7267,R20_FZ_250_filtered
25,12,0,-248.16,9.048,248.85,-571.47,396,R20_FZ_250_filtered
25,12,-0,-248.16,10.932,281.39,-588.51,1519,R20_FZ_250_filtered
25,12,0,-248.16,-10.381,423.75,581.77,7216,R20_FZ_250_filtered
25,12,0,-248.15,0.617,278.81,-83.13,1261,R20_FZ_250_filtered
25,12,0,-248.15,8.05,280.67,-590.28,1447,R20_FZ_250_filtered
25,12,0,-248.15,9.488,282.54,-575.2,1633,R20_FZ_250_filtered
25,12,0,-248.13,9.479,248.74,-575.04,385,R20_FZ_250_filtered
25,12,0,-248.13,-10.996,423.62,584.08,7203,R20_FZ_250_filtered
25,12,0,-248.12,5.655,415.27,-516.29,6370,R20_FZ_250_filtered
25,12,0,-248.1,-10.304,288.57,579.75,2235,R20_FZ_250_filtered
25,12,0,-248.09,7.172,280.45,-565.61,1425,R20_FZ_250_filtered
25,12,0,-248.09,-12.17,288.11,584.55,2189,R20_FZ_250_filtered
25,12,0,-248.09,-8.32,289.07,566.62,2285,R20_FZ_250_filtered
25,12,0,-248.07,11.215,416.66,-593.33,6509,R20_FZ_250_filtered
25,12,-0,-248.06,-9.969,288.67,578.83,2245,R20_FZ_250_filtered
25,12,0,-248.06,-9.443,423.99,576.67,7240,R20_FZ_250_filtered
25,12,0,-248.05,-11.19,254.56,579.13,966,R20_FZ_250_filtered
25,12,0,-248.03,10.151,417.58,-582.95,6600,R20_FZ_250_filtered
25,12,0,-248.02,-12.215,254.2,583.3,930,R20_FZ_250_filtered
25,12,0,-248.02,-12.193,288,585.63,2178,R20_FZ_250_filtered
25,12,0,-248.02,-11.559,288.25,581.76,2203,R20_FZ_250_filtered
25,12,0,-247.98,11.697,247.82,-589.61,294,R20_FZ_250_filtered
25,12,0,-247.98,-9.823,288.71,577.74,2249,R20_FZ_250_filtered
25,12,0,-247.98,11.409,417.25,-588.69,6567,R20_FZ_250_filtered
25,12,0,-247.97,10.814,248.41,-579.36,352,R20_FZ_250_filtered
25,12,0,-247.96,7.099,246.64,-568.41,176,R20_FZ_250_filtered
25,12,0,-247.96,-11.738,254.42,582.37,952,R20_FZ_250_filtered
25,12,0,-247.96,-9.915,254.89,575.08,999,R20_FZ_250_filtered
25,12,0,-247.93,9.908,282.44,-579.53,1623,R20_FZ_250_filtered
25,12,0,-247.92,-12.196,423.2,584.57,7161,R20_FZ_250_filtered
25,12,0,-247.92,-11.028,423.61,583.93,7202,R20_FZ_250_filtered
25,12,0,-247.9,-12.191,288.03,581.93,2181,R20_FZ_250_filtered
25,12,0,-247.89,1.051,278.92,-142.21,1272,R20_FZ_250_filtered
25,12,0,-247.89,-11.211,288.35,582.86,2213,R20_FZ_250_filtered
25,12,0,-247.88,9.98,248.62,-576.12,373,R20_FZ_250_filtered
25,12,0,-247.88,9.519,248.73,-574.11,384,R20_FZ_250_filtered
25,12,0,-247.87,-11.93,423.38,584.97,7179,R20_FZ_250_filtered
25,12,0,-247.86,-9.943,254.88,575.7,998,R20_FZ_250_filtered
25,12,0,-247.86,-8.808,424.16,574.16,7257,R20_FZ_250_filtered
25,12,0,-247.85,11.691,248.18,-582,329,R20_FZ_250_filtered
25,12,0,-247.84,-11.41,423.49,583,7190,R20_FZ_250_filtered
25,12,0,-247.83,-8.936,255.13,571.07,1023,R20_FZ_250_filtered
25,12,0,-247.82,-10.827,254.66,578.48,976,R20_FZ_250_filtered
25,12,0,-247.81,11.24,248.29,-577.8,340,R20_FZ_250_filtered
25,12,0,-247.8,10.41,282.31,-577.35,1610,R20_FZ_250_filtered
25,12,0,-247.78,12.182,248.05,-582.77,316,R20_FZ_250_filtered
25,12,0,-247.78,9.921,248.63,-577.51,374,R20_FZ_250_filtered
25,12,0,-247.77,0.119,420.09,-19.21,6851,R20_FZ_250_filtered
25,12,0,-247.76,-10.853,423.65,580.68,7206,R20_FZ_250_filtered
25,12,0,-247.73,8.421,246.97,-601.61,209,R20_FZ_250_filtered
25,12,0,-247.71,-11.377,423.5,584.08,7191,R20_FZ_250_filtered
25,12,0,-247.7,-9.205,424.05,576.67,7246,R20_FZ_250_filtered
25,12,0,-247.69,1.087,245.14,-153.08,26,R20_FZ_250_filtered
25,12,0,-247.69,12.146,281.87,-581.67,1566,R20_FZ_250_filtered
25,12,0,-247.68,-8.691,288.99,569.52,2277,R20_FZ_250_filtered
25,12,0,-247.67,-9.495,288.78,576.19,2256,R20_FZ_250_filtered
25,12,0,-247.66,11.24,282.1,-580,1589,R20_FZ_250_filtered
25,12,0,-247.66,-8.462,424.24,569.54,7265,R20_FZ_250_filtered
25,12,0,-247.65,11.28,248.28,-577.98,339,R20_FZ_250_filtered
25,12,0,-247.65,1.404,414.21,-188.75,6264,R20_FZ_250_filtered
25,12,0,-247.64,2.142,279.19,-265.53,1299,R20_FZ_250_filtered
25,12,0,-247.61,7.577,246.76,-580.67,188,R20_FZ_250_filtered
25,12,0,-247.59,10.895,248.39,-575.94,350,R20_FZ_250_filtered
25,12,0,-247.59,-12.182,254.31,583.44,941,R20_FZ_250_filtered
25,12,0,-247.58,-12.261,423.15,586.86,7156,R20_FZ_250_filtered
25,12,0,-247.55,0.08,244.89,-16.43,1,R20_FZ_250_filtered
25,12,0,-247.55,-12.223,254.19,583.3,929,R20_FZ_250_filtered
25,12,0,-247.55,-10.111,423.83,581.31,7224,R20_FZ_250_filtered
25,12,0,-247.54,-9.865,254.9,574.78,1000,R20_FZ_250_filtered
25,12,0,-247.53,7.144,246.65,-567.93,177,R20_FZ_250_filtered
25,12,0,-247.52,-12.213,254.23,580.69,933,R20_FZ_250_filtered
25,12,0,-247.51,-12.115,254.34,580.36,944,R20_FZ_250_filtered
25,12,0,-247.5,7.537,246.75,-580.81,187,R20_FZ_250_filtered
25,12,0,-247.49,8.053,246.88,-589.49,200,R20_FZ_250_filtered
25,12,0,-247.49,10.839,282.21,-579.35,1600,R20_FZ_250_filtered
25,12,0,-247.48,6.655,246.53,-554.91,165,R20_FZ_250_filtered
25,12,0,-247.48,9.457,247.23,-598.78,235,R20_FZ_250_filtered
25,12,0,-247.48,-11.658,423.43,582.56,7184,R20_FZ_250_filtered
25,12,0,-247.47,1.083,278.93,-146.71,1273,R20_FZ_250_filtered
25,12,0,-247.46,6.574,415.5,-553.05,6393,R20_FZ_250_filtered
25,12,0,-247.43,11.517,281.54,-595.66,1534,R20_FZ_250_filtered
25,12,0,-247.43,-11.526,288.26,580.23,2204,R20_FZ_250_filtered
25,12,0,-247.4,-8.693,255.19,568.74,1029,R20_FZ_250_filtered
25,12,0,-247.39,9.95,282.43,-578.12,1622,R20_FZ_250_filtered
25,12,0,-247.38,12.157,248.06,-583.55,317,R20_FZ_250_filtered
25,12,0,-247.38,2.099,414.38,-265.5,6281,R20_FZ_250_filtered
25,12,0,-247.36,-8.346,255.27,565.52,1037,R20_FZ_250_filtered
25,12,0,-247.34,-12.216,287.99,585.17,2177,R20_FZ_250_filtered
25,12,0,-247.33,-10.848,288.45,581.6,2223,R20_FZ_250_filtered
25,12,0,-247.33,9.808,416.31,-597.21,6474,R20_FZ_250_filtered
25,12,0,-247.32,11.717,247.84,-592.56,296,R20_FZ_250_filtered
25,12,0,-247.31,11.26,282.09,-578.59,1588,R20_FZ_250_filtered
25,12,0,-247.3,1.597,279.06,-208.6,1286,R20_FZ_250_filtered
25,12,-0,-247.3,6.056,415.37,-532.57,6380,R20_FZ_250_filtered
25,12,0,-247.3,-11.651,423.04,588.28,7146,R20_FZ_250_filtered
25,12,0,-247.29,-10.862,254.65,580.04,975,R20_FZ_250_filtered
25,12,0,-247.29,-10.668,288.49,577.44,2227,R20_FZ_250_filtered
25,12,0,-247.28,-10.312,423.77,578.54,7218,R20_FZ_250_filtered
25,12,0,-247.27,2.059,245.38,-264.13,50,R20_FZ_250_filtered
25,12,-0,-247.27,10.426,248.5,-576.26,361,R20_FZ_250_filtered
25,12,0,-247.26,11.462,247.73,-596.12,285,R20_FZ_250_filtered
25,12,0,-247.26,2.452,414.47,-301.36,6290,R20_FZ_250_filtered
25,12,0,-247.24,7.658,280.57,-577.4,1437,R20_FZ_250_filtered
25,12,0,-247.24,6.493,415.48,-549.33,6391,R20_FZ_250_filtered
25,12,0,-247.23,-8.964,424.12,573.42,7253,R20_FZ_250_filtered
25,12,0,-247.21,11.738,281.63,-587.91,1543,R20_FZ_250_filtered
25,12,0,-247.21,1.284,414.18,-175.09,6261,R20_FZ_250_filtered
25,12,0,-247.18,-11.28,422.94,587.18,7136,R20_FZ_250_filtered
25,12,0,-247.17,-11.068,423.6,582.84,7201,R20_FZ_250_filtered
25,12,0,-247.16,11.35,247.7,-589.91,282,R20_FZ_250_filtered
25,12,0,-247.16,-8.85,424.15,573.87,7256,R20_FZ_250_filtered
25,12,0,-247.15,-9.522,254.98,574,1008,R20_FZ_250_filtered
25,12,0,-247.13,7.966,415.85,-578.93,6428,R20_FZ_250_filtered
25,12,0,-247.12,-12.183,288.04,580.39,2182,R20_FZ_250_filtered
25,12,0,-247.11,1.368,245.21,-187.97,33,R20_FZ_250_filtered
25,12,0,-247.11,10.876,282.2,-577.95,1599,R20_FZ_250_filtered
25,12,0,-247.11,-8.725,288.98,569.83,2276,R20_FZ_250_filtered
25,12,0,-247.11,-10.803,423.66,579.28,7207,R20_FZ_250_filtered
25,12,0,-247.1,-9.415,424,575.91,7241,R20_FZ_250_filtered
25,12,0,-247.09,11.745,248.17,-581.83,328,R20_FZ_250_filtered
25,12,0,-247.07,-11.165,254.57,577.58,967,R20_FZ_250_filtered
25,12,0,-247.07,-11.478,287.79,583.3,2158,R20_FZ_250_filtered
25,12,0,-247.05,5.615,415.26,-513.19,6369,R20_FZ_250_filtered
25,12,-0,-247.04,10.389,248.51,-577.18,362,R20_FZ_250_filtered
25,12,0,-247.04,-8.765,288.97,570.17,2275,R20_FZ_250_filtered
25,12,0,-247.03,0.421,251.01,-59.22,612,R20_FZ_250_filtered
25,12,0,-247.03,8.888,416.08,-588.83,6451,R20_FZ_250_filtered
25,12,0,-247.01,-9.767,288.72,576.98,2250,R20_FZ_250_filtered
25,12,-0,-247,-11.794,254.41,581.91,951,R20_FZ_250_filtered
25,12,0,-247,-12.186,288.1,584.24,2188,R20_FZ_250_filtered
25,12,0,-247,2.426,414.46,-297.18,6289,R20_FZ_250_filtered
25,12,0,-247,11.34,416.69,-597.19,6512,R20_FZ_250_filtered
25,12,0,-246.99,9.941,247.35,-596.74,247,R20_FZ_250_filtered
25,12,0,-246.95,-11.238,288.34,584.57,2212,R20_FZ_250_filtered
25,12,0,-246.94,-12.205,423.21,585.22,7162,R20_FZ_250_filtered
25,12,0,-246.94,-8.901,424.14,573.72,7255,R20_FZ_250_filtered
25,12,0,-246.9,-11.691,423.08,582.97,7150,R20_FZ_250_filtered
25,12,-0,-246.89,5.214,415.16,-495.19,6359,R20_FZ_250_filtered
25,12,0,-246.88,-12.264,287.92,583.93,2170,R20_FZ_250_filtered
25,12,0,-246.87,-11.737,254.1,584.52,921,R20_FZ_250_filtered
25,12,0,-246.87,-8.933,424.13,573.58,7254,R20_FZ_250_filtered
25,12,0,-246.85,-11.52,287.8,581.61,2159,R20_FZ_250_filtered
25,12,0,-246.84,-12.238,254.18,582.53,928,R20_FZ_250_filtered
25,12,0,-246.83,2.489,414.48,-304.75,6291,R20_FZ_250_filtered
25,12,0,-246.82,-11.397,422.97,582.23,7139,R20_FZ_250_filtered
25,12,0,-246.8,5.782,246.31,-521.26,143,R20_FZ_250_filtered
25,12,0,-246.77,5.177,415.15,-492.56,6358,R20_FZ_250_filtered
25,12,0,-246.76,7.569,280.55,-576.62,1435,R20_FZ_250_filtered
25,12,0,-246.75,-0.537,420.25,70.44,6867,R20_FZ_250_filtered
25,12,0,-246.73,6.282,280.23,-533.19,1403,R20_FZ_250_filtered
25,12,0,-246.72,10.57,247.51,-601.72,263,R20_FZ_250_filtered
25,12,0,-246.71,-8.907,255.14,570.95,1024,R20_FZ_250_filtered
25,12,0,-246.7,7.813,415.81,-585.3,6424,R20_FZ_250_filtered
25,12,0,-246.68,6.222,246.42,-538.31,154,R20_FZ_250_filtered
25,12,0,-246.68,11.721,247.83,-591.01,295,R20_FZ_250_filtered
25,12,0,-246.68,-11.501,253.99,581.59,910,R20_FZ_250_filtered
25,12,0,-246.68,-9.831,254.91,574.32,1001,R20_FZ_250_filtered
25,12,-0,-246.68,10.198,281.21,-606.06,1501,R20_FZ_250_filtered
25,12,0,-246.67,8.004,280.66,-587.78,1446,R20_FZ_250_filtered
25,12,0,-246.66,-11.537,254,579.91,911,R20_FZ_250_filtered
25,12,-0,-246.66,-10.833,422.83,587.66,7125,R20_FZ_250_filtered
25,12,0,-246.65,8.547,247,-592.89,212,R20_FZ_250_filtered
25,12,0,-246.64,-11.73,254.09,584.82,920,R20_FZ_250_filtered
25,12,0,-246.64,11.747,281.64,-588.98,1544,R20_FZ_250_filtered
25,12,0,-246.64,-9.243,288.84,573.44,2262,R20_FZ_250_filtered
25,12,0,-246.64,7.378,415.7,-576.61,6413,R20_FZ_250_filtered
25,12,0,-246.63,10.859,248.4,-576.71,351,R20_FZ_250_filtered
25,12,0,-246.63,-9.547,288.77,576.04,2255,R20_FZ_250_filtered
25,12,0,-246.62,-10.915,254.64,580.21,974,R20_FZ_250_filtered
25,12,0,-246.62,6.236,280.22,-530.86,1402,R20_FZ_250_filtered
25,12,0,-246.62,-11.439,287.78,585.01,2157,R20_FZ_250_filtered
25,12,0,-246.61,11.024,247.62,-598.6,274,R20_FZ_250_filtered
25,12,0,-246.59,9.525,281.04,-589.45,1484,R20_FZ_250_filtered
25,12,0,-246.55,-0.053,284.93,2.81,1872,R20_FZ_250_filtered
25,12,0,-246.55,-9.37,424.01,575.61,7242,R20_FZ_250_filtered
25,12,0,-246.52,-9.996,288.66,578.67,2244,R20_FZ_250_filtered
25,12,0,-246.49,4.739,415.04,-468.06,6347,R20_FZ_250_filtered
25,12,0,-246.48,-9.587,288.76,576.37,2254,R20_FZ_250_filtered
25,12,0,-246.47,-10.164,423.81,579.77,7222,R20_FZ_250_filtered
25,12,0,-246.45,6.691,246.54,-555.06,166,R20_FZ_250_filtered
25,12,0,-246.45,-10.13,423.82,580.39,7223,R20_FZ_250_filtered
25,12,0,-246.44,-12.195,423.25,585.18,7166,R20_FZ_250_filtered
25,12,0,-246.43,-11.988,423.37,584.66,7178,R20_FZ_250_filtered
25,12,0,-246.42,-12.086,254.35,579.74,945,R20_FZ_250_filtered
25,12,0,-246.42,6.123,415.39,-536.3,6382,R20_FZ_250_filtered
25,12,-0,-246.42,-11.613,423.44,581.81,7185,R20_FZ_250_filtered
25,12,0,-246.4,-11.134,254.58,576.2,968,R20_FZ_250_filtered
25,12,0,-246.4,-10.898,288.44,582.08,2222,R20_FZ_250_filtered
25,12,0,-246.38,5.304,246.19,-497.84,131,R20_FZ_250_filtered
25,12,0,-246.38,8.447,280.77,-596,1457,R20_FZ_250_filtered
25,12,0,-246.38,-12.076,423.35,583.3,7176,R20_FZ_250_filtered
25,12,0,-246.36,10.978,281.4,-588.5,1520,R20_FZ_250_filtered
25,12,0,-246.36,-10.039,288.65,578.39,2243,R20_FZ_250_filtered
25,12,0,-246.35,-10.21,254.8,574.66,990,R20_FZ_250_filtered
25,12,0,-246.35,7.218,280.46,-563.89,1426,R20_FZ_250_filtered
25,12,0,-246.35,-12.269,287.93,582.86,2171,R20_FZ_250_filtered
25,12,0,-246.34,-12.192,423.22,585.54,7163,R20_FZ_250_filtered
25,12,0,-246.32,10.413,247.47,-593.33,259,R20_FZ_250_filtered
25,12,0,-246.29,5.739,246.3,-518.46,142,R20_FZ_250_filtered
25,12,0,-246.28,-11.034,287.68,583.78,2147,R20_FZ_250_filtered
25,12,0,-246.25,-9.679,423.94,579.59,7235,R20_FZ_250_filtered
25,12,0,-246.24,9.996,281.16,-590.21,1496,R20_FZ_250_filtered
25,12,0,-246.24,-12.266,423.14,588.11,7155,R20_FZ_250_filtered
25,12,0,-246.24,-12.109,423.34,582.83,7175,R20_FZ_250_filtered
25,12,0,-246.23,-11.85,254.4,581.28,950,R20_FZ_250_filtered
25,12,0,-246.22,5.337,246.2,-500.79,132,R20_FZ_250_filtered
25,12,0,-246.21,-11.024,253.87,583.79,898,R20_FZ_250_filtered
25,12,-0,-246.21,4.291,414.93,-441.36,6336,R20_FZ_250_filtered
25,12,0,-246.2,10.767,416.55,-595.49,6498,R20_FZ_250_filtered
25,12,0,-246.19,-12.208,254.24,579.77,934,R20_FZ_250_filtered
25,12,0,-246.19,10.649,281.32,-604.05,1512,R20_FZ_250_filtered
25,12,0,-246.19,-12.216,287.98,584.25,2176,R20_FZ_250_filtered
25,12,0,-246.18,6.63,246.52,-551.98,164,R20_FZ_250_filtered
25,12,0,-246.13,-12.027,423.36,583.42,7177,R20_FZ_250_filtered
25,12,0,-246.07,-9.726,288.73,576.99,2251,R20_FZ_250_filtered
25,12,0,-246.07,7.058,415.62,-564.51,6405,R20_FZ_250_filtered
25,12,0,-246.02,7.061,246.63,-565.29,175,R20_FZ_250_filtered
25,12,0,-246.02,-12.196,288.05,579.93,2183,R20_FZ_250_filtered
25,12,0,-246.01,6.171,246.41,-535.67,153,R20_FZ_250_filtered
25,12,-0,-246,-11.087,287.69,581.79,2148,R20_FZ_250_filtered
25,12,0,-245.99,-11.056,253.88,582.55,899,R20_FZ_250_filtered
25,12,0,-245.98,-10.769,423.67,579.31,7208,R20_FZ_250_filtered
25,12,0,-245.96,-12.188,423.24,585.51,7165,R20_FZ_250_filtered
25,12,0,-245.95,-12.258,254.17,582.22,927,R20_FZ_250_filtered
25,12,-0,-245.94,-12.194,288.09,583.8,2187,R20_FZ_250_filtered
25,12,0,-245.93,8.88,280.88,-600.96,1468,R20_FZ_250_filtered
25,12,0,-245.92,-10.164,288.61,577.94,2239,R20_FZ_250_filtered
25,12,0,-245.91,-11.116,423.58,581.16,7199,R20_FZ_250_filtered
25,12,0,-245.9,-10.621,288.5,577.61,2228,R20_FZ_250_filtered
25,12,0,-245.87,4.864,246.08,-475.02,120,R20_FZ_250_filtered
25,12,0,-245.87,10.133,247.4,-605.92,252,R20_FZ_250_filtered
25,12,0,-245.87,10.896,247.59,-591.46,271,R20_FZ_250_filtered
25,12,0,-245.87,11.494,281.53,-591.93,1533,R20_FZ_250_filtered
25,12,0,-245.85,-11.081,423.59,582.07,7200,R20_FZ_250_filtered
25,12,0,-245.84,-9.631,288.75,576.52,2253,R20_FZ_250_filtered
25,12,0,-245.84,-9.898,423.89,577.9,7230,R20_FZ_250_filtered
25,12,0,-245.83,-11.726,254.08,584.51,919,R20_FZ_250_filtered
25,12,0,-245.83,9.324,280.99,-603.75,1479,R20_FZ_250_filtered
25,12,0,-245.83,1.894,414.33,-243.32,6276,R20_FZ_250_filtered
25,12,0,-245.82,-11.443,288.28,577.92,2206,R20_FZ_250_filtered
25,12,0,-245.79,-11.443,422.98,582.41,7140,R20_FZ_250_filtered
25,12,0,-245.78,1.051,245.13,-146.86,25,R20_FZ_250_filtered
25,12,0,-245.77,-10.718,423.68,579.3,7209,R20_FZ_250_filtered
25,12,0,-245.75,4.783,415.05,-471.31,6348,R20_FZ_250_filtered
25,12,0,-245.73,11.376,247.71,-590.36,283,R20_FZ_250_filtered
25,12,0,-245.73,-12.291,254.12,582.53,922,R20_FZ_250_filtered
25,12,0,-245.73,2.592,279.31,-309.88,1311,R20_FZ_250_filtered
25,12,0,-245.71,-9.676,288.74,576.68,2252,R20_FZ_250_filtered
25,12,0,-245.7,8.689,416.03,-597.07,6446,R20_FZ_250_filtered
25,12,0,-245.69,-11.705,423.09,583.93,7151,R20_FZ_250_filtered
25,12,0,-245.68,-12.258,254.16,581.6,926,R20_FZ_250_filtered
25,12,0,-245.68,-0.321,284.99,36.34,1878,R20_FZ_250_filtered
25,12,0,-245.68,11.297,416.68,-594.09,6511,R20_FZ_250_filtered
25,12,0,-245.67,-12.256,287.95,582.09,2173,R20_FZ_250_filtered
25,12,0,-245.66,11.413,247.72,-593.16,284,R20_FZ_250_filtered
25,12,0,-245.64,4.236,414.92,-436.86,6335,R20_FZ_250_filtered
25,12,0,-245.63,-10.576,253.76,583.16,887,R20_FZ_250_filtered
25,12,0,-245.62,-12.233,287.96,582.4,2174,R20_FZ_250_filtered
25,12,0,-245.62,-12.227,287.97,583,2175,R20_FZ_250_filtered
25,12,0,-245.62,-9.862,423.9,577.92,7231,R20_FZ_250_filtered
25,12,0,-245.61,-11.987,288.17,580.37,2195,R20_FZ_250_filtered
25,12,0,-245.56,-11.508,254.47,578.24,957,R20_FZ_250_filtered
25,12,0,-245.56,-11.519,423.46,581.48,7187,R20_FZ_250_filtered
25,12,-0,-245.55,-9.562,254.97,574.5,1007,R20_FZ_250_filtered
25,12,0,-245.53,2.301,279.23,-280.38,1303,R20_FZ_250_filtered
25,12,0,-245.53,-9.811,423.91,578.37,7232,R20_FZ_250_filtered
25,12,0,-245.52,-11.265,288.33,584.26,2211,R20_FZ_250_filtered
25,12,0,-245.51,2.562,245.51,-313.6,63,R20_FZ_250_filtered
25,12,0,-245.5,8.817,247.07,-602.05,219,R20_FZ_250_filtered
25,12,0,-245.5,9.254,247.18,-605.45,230,R20_FZ_250_filtered
25,12,0,-245.5,-8.87,255.15,570.49,1025,R20_FZ_250_filtered
25,12,0,-245.5,1.555,279.05,-203.31,1285,R20_FZ_250_filtered
25,12,0,-245.49,-11.357,254.51,578.99,961,R20_FZ_250_filtered
25,12,0,-245.48,0.122,284.89,-18.86,1868,R20_FZ_250_filtered
25,12,0,-245.48,-9.723,423.93,579.14,7234,R20_FZ_250_filtered
25,12,0,-245.47,0.465,251,-63.09,611,R20_FZ_250_filtered
25,12,0,-245.47,-12.263,287.94,582.24,2172,R20_FZ_250_filtered
25,12,0,-245.47,-10.612,423.7,581.78,7211,R20_FZ_250_filtered
25,12,0,-245.46,-10.563,287.56,584.26,2135,R20_FZ_250_filtered
25,12,0,-245.44,-10.537,253.75,584.86,886,R20_FZ_250_filtered
25,12,0,-245.44,-10.8,422.82,589.21,7124,R20_FZ_250_filtered
25,12,0,-245.43,8.456,415.97,-581.53,6440,R20_FZ_250_filtered
25,12,0,-245.43,9.132,416.14,-601.1,6457,R20_FZ_250_filtered
25,12,0,-245.43,0.165,420.08,-23.68,6850,R20_FZ_250_filtered
25,12,0,-245.42,8.603,280.81,-586.35,1461,R20_FZ_250_filtered
25,12,0,-245.41,7.623,246.77,-577.53,189,R20_FZ_250_filtered
25,12,0,-245.41,5.324,279.99,-490.54,1379,R20_FZ_250_filtered
25,12,0,-245.41,-12.187,288.08,582.86,2186,R20_FZ_250_filtered
25,12,0,-245.41,-10.98,288.42,581.33,2220,R20_FZ_250_filtered
25,12,0,-245.41,4.712,415.03,-463.07,6346,R20_FZ_250_filtered
25,12,0,-245.4,2.375,414.45,-292.19,6288,R20_FZ_250_filtered
25,12,0,-245.4,-10.401,422.72,588.45,7114,R20_FZ_250_filtered
25,12,0,-245.39,10.448,416.47,-604.35,6490,R20_FZ_250_filtered
25,12,0,-245.38,-11.612,423.03,588.75,7145,R20_FZ_250_filtered
25,12,0,-245.37,1.021,245.12,-141.42,24,R20_FZ_250_filtered
25,12,0,-245.37,-11.928,288.18,581.3,2196,R20_FZ_250_filtered
25,12,0,-245.37,-10.929,288.43,582.1,2221,R20_FZ_250_filtered
25,12,0,-245.36,7.494,246.74,-577.23,186,R20_FZ_250_filtered
25,12,0,-245.36,9.707,247.29,-606.68,241,R20_FZ_250_filtered
25,12,0,-245.36,-11.406,287.77,586.1,2156,R20_FZ_250_filtered
25,12,0,-245.36,-11.832,288.2,582.85,2198,R20_FZ_250_filtered
25,12,0,-245.33,5.413,280.01,-495.65,1381,R20_FZ_250_filtered
25,12,0,-245.33,-11.889,288.19,582.23,2197,R20_FZ_250_filtered
25,12,0,-245.32,7.935,246.85,-587.77,197,R20_FZ_250_filtered
25,12,0,-245.32,-12.195,423.23,585.52,7164,R20_FZ_250_filtered
25,12,0,-245.31,-11.575,254.01,579.29,912,R20_FZ_250_filtered
25,12,0,-245.29,0.149,251.08,-24.16,619,R20_FZ_250_filtered
25,12,0,-245.29,5.685,415.28,-516.43,6371,R20_FZ_250_filtered
25,12,0,-245.28,1.515,279.04,-198.65,1284,R20_FZ_250_filtered
25,12,0,-245.27,6.252,246.43,-538.3,155,R20_FZ_250_filtered
25,12,0,-245.25,-11.663,254.04,581.63,915,R20_FZ_250_filtered
25,12,0,-245.25,-11.466,254.48,577.77,958,R20_FZ_250_filtered
25,12,0,-245.25,-0.01,284.92,-1.65,1871,R20_FZ_250_filtered
25,12,0,-245.25,5.135,415.14,-486.8,6357,R20_FZ_250_filtered
25,12,0,-245.24,-11.7,254.07,584.21,918,R20_FZ_250_filtered
25,12,0,-245.23,-9.769,423.92,578.68,7233,R20_FZ_250_filtered
25,12,0,-245.21,-12.274,254.15,581.46,925,R20_FZ_250_filtered
25,12,0,-245.21,-10.668,423.69,580.39,7210,R20_FZ_250_filtered
25,12,0,-245.2,-10.606,287.57,582.41,2136,R20_FZ_250_filtered
25,12,0,-245.2,-9.968,422.61,585.35,7103,R20_FZ_250_filtered
25,12,0,-245.19,4.42,245.97,-449.89,109,R20_FZ_250_filtered
25,12,0,-245.18,5.776,280.1,-509.61,1390,R20_FZ_250_filtered
25,12,0,-245.17,-10.064,288.64,578.55,2242,R20_FZ_250_filtered
25,12,0,-245.16,-10.48,288.53,580.43,2231,R20_FZ_250_filtered
25,12,0,-245.15,-12.281,254.13,581.3,923,R20_FZ_250_filtered
25,12,-0,-245.15,9.57,416.25,-602.95,6468,R20_FZ_250_filtered
25,12,0,-245.13,-11.48,422.99,583.66,7141,R20_FZ_250_filtered
25,12,0,-245.1,-11.684,254.05,582.85,916,R20_FZ_250_filtered
25,12,0,-245.09,6.209,280.21,-526.35,1401,R20_FZ_250_filtered
25,12,0,-245.05,-11.02,288.41,579.48,2219,R20_FZ_250_filtered
25,12,0,-245.05,-10.13,288.62,577.79,2240,R20_FZ_250_filtered
25,12,0,-245.05,-9.99,422.62,583.8,7104,R20_FZ_250_filtered
25,12,0,-245.02,-12.212,254.25,579.92,935,R20_FZ_250_filtered
25,12,0,-245.02,-9.252,255.04,572.83,1014,R20_FZ_250_filtered
25,12,0,-245.01,4.897,279.88,-468.19,1368,R20_FZ_250_filtered
25,12,0,-245.01,-12.269,423.13,589.06,7154,R20_FZ_250_filtered
25,12,0,-245,-11.908,254.39,580.81,949,R20_FZ_250_filtered
25,12,0,-245,-9.602,254.96,574.82,1006,R20_FZ_250_filtered
25,12,0,-244.97,-10.575,288.51,578.24,2229,R20_FZ_250_filtered
25,12,0,-244.96,-11.697,254.06,583.45,917,R20_FZ_250_filtered
25,12,0,-244.96,-11.435,254.49,577.77,959,R20_FZ_250_filtered
25,12,0,-244.96,-10.481,422.74,584.59,7116,R20_FZ_250_filtered
25,12,0,-244.95,4.906,246.09,-477.98,121,R20_FZ_250_filtered
25,12,0,-244.94,9.014,247.12,-594.26,224,R20_FZ_250_filtered
25,12,0,-244.94,9.377,416.2,-590.68,6463,R20_FZ_250_filtered
25,12,-0,-244.93,4.926,279.89,-472.69,1369,R20_FZ_250_filtered
25,12,0,-244.92,-11.099,254.59,576.05,969,R20_FZ_250_filtered
25,12,0,-244.91,-11.61,254.02,579.16,913,R20_FZ_250_filtered
25,12,0,-244.9,-10.175,254.81,574.68,991,R20_FZ_250_filtered
25,12,0,-244.9,5.574,415.25,-507.43,6368,R20_FZ_250_filtered
25,12,0,-244.89,-9.178,255.06,572.81,1016,R20_FZ_250_filtered
25,12,0,-244.89,7.685,280.58,-572.42,1438,R20_FZ_250_filtered
25,12,0,-244.89,10.829,416.56,-595.17,6499,R20_FZ_250_filtered
25,12,0,-244.87,4.813,246.07,-470.67,119,R20_FZ_250_filtered
25,12,0,-244.87,0.499,250.99,-67.58,610,R20_FZ_250_filtered
25,12,0,-244.87,-10.617,253.77,581.78,888,R20_FZ_250_filtered
25,12,0,-244.85,-11.64,254.03,580.56,914,R20_FZ_250_filtered
25,12,0,-244.85,10.851,416.57,-597.34,6500,R20_FZ_250_filtered
25,12,0,-244.82,-12.278,254.14,580.99,924,R20_FZ_250_filtered
25,12,0,-244.76,2.52,245.5,-309.86,62,R20_FZ_250_filtered
25,12,0,-244.76,8.376,246.96,-596.92,208,R20_FZ_250_filtered
25,12,0,-244.75,-10.091,287.44,583.48,2123,R20_FZ_250_filtered
25,12,0,-244.75,-11.694,287.87,585.15,2166,R20_FZ_250_filtered
25,12,0,-244.75,-0.806,420.33,113.09,6875,R20_FZ_250_filtered
25,12,0,-244.74,1.877,279.13,-240.04,1293,R20_FZ_250_filtered
25,12,0,-244.73,-11.096,253.89,581.32,900,R20_FZ_250_filtered
25,12,0,-244.72,-10.495,254.73,577.3,983,R20_FZ_250_filtered
25,12,0,-244.71,1.408,245.22,-191.05,34,R20_FZ_250_filtered
25,12,0,-244.7,10.599,281.31,-599.06,1511,R20_FZ_250_filtered
25,12,0,-244.69,0.204,420.07,-28.63,6849,R20_FZ_250_filtered
25,12,0,-244.68,-11.382,254.5,577.9,960,R20_FZ_250_filtered
25,12,0,-244.68,4.329,414.94,-444.17,6337,R20_FZ_250_filtered
25,12,0,-244.66,2.592,245.52,-316.84,64,R20_FZ_250_filtered
25,12,0,-244.64,-10.097,288.63,578.24,2241,R20_FZ_250_filtered
25,12,0,-244.62,2.54,279.3,-305.51,1310,R20_FZ_250_filtered
25,12,0,-244.62,-10.959,287.66,587.36,2145,R20_FZ_250_filtered
25,12,0,-244.61,5.823,246.32,-520.93,144,R20_FZ_250_filtered
25,12,0,-244.61,9.508,247.24,-593.77,236,R20_FZ_250_filtered
25,12,0,-244.61,-11.122,287.7,581.33,2149,R20_FZ_250_filtered
25,12,0,-244.61,7.531,415.74,-571.78,6417,R20_FZ_250_filtered
25,12,0,-244.59,-10.442,288.54,580.4,2232,R20_FZ_250_filtered
25,12,0,-244.58,-12.208,254.27,581.32,937,R20_FZ_250_filtered
25,12,0,-244.58,-12.211,254.28,582.08,938,R20_FZ_250_filtered
25,12,0,-244.58,-10.365,422.71,589.84,7113,R20_FZ_250_filtered
25,12,0,-244.55,-10.527,287.55,586.12,2134,R20_FZ_250_filtered
25,12,0,-244.54,10.977,247.61,-595.17,273,R20_FZ_250_filtered
25,12,0,-244.53,-10.534,254.72,576.53,982,R20_FZ_250_filtered
25,12,0,-244.53,-10.522,288.52,579.34,2230,R20_FZ_250_filtered
25,12,0,-244.53,-9.524,422.5,581.94,7092,R20_FZ_250_filtered
25,12,0,-244.5,7.187,246.66,-564.96,178,R20_FZ_250_filtered
25,12,0,-244.5,10.455,247.48,-592.39,260,R20_FZ_250_filtered
25,12,0,-244.49,10.939,247.6,-592.05,272,R20_FZ_250_filtered
25,12,0,-244.48,-11.582,423.02,588.15,7144,R20_FZ_250_filtered
25,12,0,-244.47,10.165,281.2,-600.61,1500,R20_FZ_250_filtered
25,12,0,-244.46,2.013,245.37,-258.84,49,R20_FZ_250_filtered
25,12,0,-244.46,6.651,280.32,-543.57,1412,R20_FZ_250_filtered
25,12,0,-244.44,5.7,246.29,-513.17,141,R20_FZ_250_filtered
25,12,0,-244.43,-11.376,253.96,585.02,907,R20_FZ_250_filtered
25,12,0,-244.41,10.543,247.5,-597.52,262,R20_FZ_250_filtered
25,12,0,-244.39,6.006,415.36,-526.49,6379,R20_FZ_250_filtered
25,12,0,-244.38,-10.995,422.87,584.28,7129,R20_FZ_250_filtered
25,12,0,-244.37,1.721,414.29,-225.46,6272,R20_FZ_250_filtered
25,12,0,-244.36,8.09,246.89,-584.04,201,R20_FZ_250_filtered
25,12,0,-244.35,-10.141,253.65,581.93,876,R20_FZ_250_filtered
25,12,0,-244.35,-10.641,287.58,581.33,2137,R20_FZ_250_filtered
25,12,0,-244.35,3.794,414.81,-407.07,6324,R20_FZ_250_filtered
25,12,0,-244.33,-12.213,254.26,580.4,936,R20_FZ_250_filtered
25,12,0,-244.32,-9.086,422.39,578.69,7081,R20_FZ_250_filtered
25,12,0,-244.31,6.617,415.51,-550.54,6394,R20_FZ_250_filtered
25,12,0,-244.29,2.147,414.39,-268.13,6282,R20_FZ_250_filtered
25,12,0,-244.29,-11.194,422.92,588.76,7134,R20_FZ_250_filtered
25,12,0,-244.28,-10.119,287.45,581.78,2124,R20_FZ_250_filtered
25,12,0,-244.27,5.257,415.17,-495.34,6360,R20_FZ_250_filtered
25,12,-0,-244.27,-11.728,423.11,587.99,7153,R20_FZ_250_filtered
25,12,0,-244.22,6.46,415.47,-543.25,6390,R20_FZ_250_filtered
25,12,0,-244.21,3.85,414.82,-411.27,6325,R20_FZ_250_filtered
25,12,0,-244.18,-10.169,287.46,580.71,2125,R20_FZ_250_filtered
25,12,0,-244.16,4.447,279.77,-442.9,1357,R20_FZ_250_filtered
25,12,0,-244.13,-10.146,254.82,575.3,992,R20_FZ_250_filtered
25,12,0,-244.11,3.998,279.66,-413.59,1346,R20_FZ_250_filtered
25,12,0,-244.08,0.095,284.9,-12.5,1869,R20_FZ_250_filtered
25,12,0,-244.07,5.249,246.18,-492.7,130,R20_FZ_250_filtered
25,12,0,-244.07,4.976,279.9,-474.4,1370,R20_FZ_250_filtered
25,12,0,-244.06,4.373,245.96,-445.54,108,R20_FZ_250_filtered
25,12,0,-244.01,7.533,280.54,-571.01,1434,R20_FZ_250_filtered
25,12,0,-243.96,-9.038,422.38,580.39,7080,R20_FZ_250_filtered
25,12,0,-243.95,10.5,247.49,-593.77,261,R20_FZ_250_filtered
25,12,0,-243.95,-10.106,253.64,583.63,875,R20_FZ_250_filtered
25,12,0,-243.95,4.029,279.67,-416.99,1347,R20_FZ_250_filtered
25,12,0,-243.94,-9.487,422.49,583.8,7091,R20_FZ_250_filtered
25,12,0,-243.91,9.559,281.05,-584.92,1485,R20_FZ_250_filtered
25,12,0,-243.89,-10.938,253.85,585.79,896,R20_FZ_250_filtered
25,12,0,-243.89,6.323,280.24,-531.77,1404,R20_FZ_250_filtered
25,12,0,-243.89,10.519,281.29,-590.66,1509,R20_FZ_250_filtered
25,12,0,-243.89,-10.751,422.81,590,7123,R20_FZ_250_filtered
25,12,0,-243.87,0.033,284.91,-6.92,1870,R20_FZ_250_filtered
25,12,0,-243.8,3.928,245.85,-416.7,97,R20_FZ_250_filtered
25,12,0,-243.8,-10.119,254.83,576.23,993,R20_FZ_250_filtered
25,12,-0,-243.76,-9.205,287.22,575.29,2101,R20_FZ_250_filtered
25,12,0,-243.75,-0.177,420.16,20.86,6858,R20_FZ_250_filtered
25,12,0,-243.73,-10.504,253.74,586.11,885,R20_FZ_250_filtered
25,12,0,-243.7,6.894,415.58,-557.34,6401,R20_FZ_250_filtered
25,12,0,-243.69,-10.518,422.75,584.13,7117,R20_FZ_250_filtered
25,12,0,-243.65,-10.186,253.66,581.03,877,R20_FZ_250_filtered
25,12,0,-243.61,1.849,414.32,-237.88,6275,R20_FZ_250_filtered
25,12,0,-243.6,4.452,245.98,-452.68,110,R20_FZ_250_filtered
25,12,0,-243.6,-10.908,287.65,587.98,2144,R20_FZ_250_filtered
25,12,0,-243.57,8.574,247.01,-586.49,213,R20_FZ_250_filtered
25,12,0,-243.55,4.818,415.06,-471.91,6349,R20_FZ_250_filtered
25,12,0,-243.54,8.933,416.09,-584.62,6452,R20_FZ_250_filtered
25,12,0,-243.54,-9.566,422.51,581.33,7093,R20_FZ_250_filtered
25,12,0,-243.53,10.563,281.3,-594.55,1510,R20_FZ_250_filtered
25,12,0,-243.52,-9.924,422.6,586.74,7102,R20_FZ_250_filtered
25,12,0,-243.49,-10.649,253.78,581.01,889,R20_FZ_250_filtered
25,12,0,-243.46,-11.13,253.9,580.85,901,R20_FZ_250_filtered
25,12,0,-243.46,7.963,280.65,-581.7,1445,R20_FZ_250_filtered
25,12,0,-243.45,5.384,246.21,-501.08,133,R20_FZ_250_filtered
25,12,0,-243.44,6.14,246.4,-530.53,152,R20_FZ_250_filtered
25,12,0,-243.44,-0.969,285.17,131.56,1896,R20_FZ_250_filtered
25,12,0,-243.43,2.345,414.44,-286.74,6287,R20_FZ_250_filtered
25,12,0,-243.43,4.205,414.91,-431.56,6334,R20_FZ_250_filtered
25,12,0,-243.42,6.579,246.51,-545.88,163,R20_FZ_250_filtered
25,12,0,-243.37,-9.668,253.53,580.71,864,R20_FZ_250_filtered
25,12,0,-243.34,9.977,247.36,-594.08,248,R20_FZ_250_filtered
25,12,0,-243.33,7.774,415.8,-578.59,6423,R20_FZ_250_filtered
25,12,-0,-243.32,-10.056,253.63,585.52,874,R20_FZ_250_filtered
25,12,0,-243.3,6.178,415.4,-533.32,6383,R20_FZ_250_filtered
25,12,0,-243.29,8.012,415.86,-573.3,6429,R20_FZ_250_filtered
25,12,0,-243.28,-10.048,422.63,583.35,7105,R20_FZ_250_filtered
25,12,0,-243.27,5.894,280.13,-514.56,1393,R20_FZ_250_filtered
25,12,0,-243.25,2.265,245.43,-282.39,55,R20_FZ_250_filtered
25,12,-0,-243.24,-10.491,287.54,587.38,2133,R20_FZ_250_filtered
25,12,0,-243.18,-9.648,287.33,579.46,2112,R20_FZ_250_filtered
25,12,0,-243.17,-11.039,422.88,585.52,7130,R20_FZ_250_filtered
25,12,0,-243.16,0.113,251.09,-17.46,620,R20_FZ_250_filtered
25,12,0,-243.16,-11.151,287.71,581.81,2150,R20_FZ_250_filtered
25,12,0,-243.15,-10.676,287.59,581.5,2138,R20_FZ_250_filtered
25,12,0,-243.14,7.019,246.62,-559.67,174,R20_FZ_250_filtered
25,12,0,-243.14,-11.338,253.95,585.5,906,R20_FZ_250_filtered
25,12,0,-243.13,-9.705,253.54,579.47,865,R20_FZ_250_filtered
25,12,0,-243.12,8.173,280.7,-577.19,1450,R20_FZ_250_filtered
25,12,0,-243.12,8.846,280.87,-595.19,1467,R20_FZ_250_filtered
25,12,0,-243.08,9.29,280.98,-597.36,1478,R20_FZ_250_filtered
25,12,0,-243.07,10.092,247.39,-601.22,251,R20_FZ_250_filtered
25,12,0,-243.07,1.92,279.14,-242.66,1294,R20_FZ_250_filtered
25,12,0,-243.07,-9.242,287.23,574.52,2102,R20_FZ_250_filtered
25,12,0,-243.04,9.961,416.35,-600.59,6478,R20_FZ_250_filtered
25,12,0,-243.03,9.53,416.24,-597.81,6467,R20_FZ_250_filtered
25,12,0,-242.97,-8.168,422.16,569.41,7058,R20_FZ_250_filtered
25,12,0,-242.93,1.978,245.36,-254.01,48,R20_FZ_250_filtered
25,12,0,-242.92,9.087,416.13,-595.17,6456,R20_FZ_250_filtered
25,12,0,-242.91,2.519,279.29,-300.85,1309,R20_FZ_250_filtered
25,12,0,-242.9,-0.352,285,43.04,1879,R20_FZ_250_filtered
25,12,0,-242.89,8.655,416.02,-590.83,6445,R20_FZ_250_filtered
25,12,0,-242.89,-9.44,422.48,585.2,7090,R20_FZ_250_filtered
25,12,-0,-242.87,5.277,279.98,-484.75,1378,R20_FZ_250_filtered
25,12,0,-242.86,8.211,415.91,-585.72,6434,R20_FZ_250_filtered
25,12,0,-242.83,7.254,280.47,-559.21,1427,R20_FZ_250_filtered
25,12,0,-242.82,6.741,246.55,-552.39,167,R20_FZ_250_filtered
25,12,0,-242.82,4.4,279.76,-437.61,1356,R20_FZ_250_filtered
25,12,0,-242.8,2.64,245.53,-319.93,65,R20_FZ_250_filtered
25,12,0,-242.79,4.848,279.87,-462.89,1367,R20_FZ_250_filtered
25,12,0,-242.79,-8.767,287.11,570.32,2090,R20_FZ_250_filtered
25,12,0,-242.78,2.337,279.24,-282.53,1304,R20_FZ_250_filtered
25,12,0,-242.78,9.41,416.21,-588.79,6464,R20_FZ_250_filtered
25,12,0,-242.76,5.728,280.09,-503.39,1389,R20_FZ_250_filtered
25,12,0,-242.72,-9.116,422.4,578.4,7082,R20_FZ_250_filtered
25,12,0,-242.7,3.564,279.55,-383.8,1335,R20_FZ_250_filtered
25,12,0,-242.69,-9.624,253.52,582.41,863,R20_FZ_250_filtered
25,12,0,-242.66,-10.707,422.8,590.32,7122,R20_FZ_250_filtered
25,12,0,-242.65,2.019,279.16,-249.96,1296,R20_FZ_250_filtered
25,12,0,-242.63,4.94,246.1,-478.58,122,R20_FZ_250_filtered
25,12,0,-242.62,0.068,251.1,-11.71,621,R20_FZ_250_filtered
25,12,0,-242.61,-5.589,252.51,497.12,762,R20_FZ_250_filtered
25,12,0,-242.61,-10.888,253.84,586.59,895,R20_FZ_250_filtered
25,12,0,-242.6,-11.119,422.9,588.32,7132,R20_FZ_250_filtered
25,12,0,-242.57,-11.164,253.91,581.64,902,R20_FZ_250_filtered
25,12,-0,-242.57,-8.604,422.27,574.98,7069,R20_FZ_250_filtered
25,12,0,-242.56,-10.231,253.67,580.88,878,R20_FZ_250_filtered
25,12,0,-242.56,-11.075,422.89,587.07,7131,R20_FZ_250_filtered
25,12,0,-242.51,-8.125,422.15,569.85,7057,R20_FZ_250_filtered
25,12,0,-242.5,-8.72,287.1,571.26,2089,R20_FZ_250_filtered
25,12,0,-242.5,-0.757,420.32,108.62,6874,R20_FZ_250_filtered
25,12,0,-242.48,9.22,247.17,-599.52,229,R20_FZ_250_filtered
25,12,0,-242.48,-8.651,422.28,573.59,7070,R20_FZ_250_filtered
25,12,0,-242.47,-10.083,422.64,584.31,7106,R20_FZ_250_filtered
25,12,0,-242.45,3.884,414.83,-414.53,6326,R20_FZ_250_filtered
25,12,0,-242.42,9.657,247.28,-600.76,240,R20_FZ_250_filtered
25,12,0,-242.41,3.761,414.8,-402.25,6323,R20_FZ_250_filtered
25,12,0,-242.38,-10.717,287.6,582.44,2139,R20_FZ_250_filtered
25,12,0,-242.37,-8.779,253.31,570.8,842,R20_FZ_250_filtered
25,12,0,-242.36,-11.198,287.72,583.21,2151,R20_FZ_250_filtered
25,12,0,-242.36,-5.88,421.59,512.01,7001,R20_FZ_250_filtered
25,12,0,-242.35,3.88,245.84,-412.03,96,R20_FZ_250_filtered
25,12,0,-242.33,-10.702,253.79,581.65,890,R20_FZ_250_filtered
25,12,0,-242.33,-10.203,287.47,580.26,2126,R20_FZ_250_filtered
25,12,0,-242.29,-9.159,287.21,576.67,2100,R20_FZ_250_filtered
25,12,0,-242.25,9.602,281.06,-583.98,1486,R20_FZ_250_filtered
25,12,-0,-242.24,3.518,279.54,-379.74,1334,R20_FZ_250_filtered
25,12,0,-242.24,2.962,414.6,-342.22,6303,R20_FZ_250_filtered
25,12,0,-242.23,-9.229,253.42,576.53,853,R20_FZ_250_filtered
25,12,0,-242.22,-11.29,253.94,585.51,905,R20_FZ_250_filtered
25,12,0,-242.21,7.457,246.73,-570.84,185,R20_FZ_250_filtered
25,12,0,-242.2,-10.562,422.76,585.07,7118,R20_FZ_250_filtered
25,12,0,-242.17,-9.181,253.41,577.92,852,R20_FZ_250_filtered
25,12,0,-242.17,1.963,279.15,-245.76,1295,R20_FZ_250_filtered
25,12,0,-242.17,5.445,280.02,-494.85,1382,R20_FZ_250_filtered
25,12,0,-242.15,-11.244,287.73,585.23,2152,R20_FZ_250_filtered
25,12,0,-242.12,-9.6,287.32,580.87,2111,R20_FZ_250_filtered
25,12,0,-242.12,9.896,416.33,-594.54,6476,R20_FZ_250_filtered
25,12,0,-242.1,-9.287,287.24,574.07,2103,R20_FZ_250_filtered
25,12,0,-242.09,2.187,414.4,-270.58,6283,R20_FZ_250_filtered
25,12,0,-242.05,-11.216,253.92,583.19,903,R20_FZ_250_filtered
25,12,0,-242.03,3.507,245.74,-386.91,86,R20_FZ_250_filtered
25,12,0,-242.03,-10.738,253.8,582.9,891,R20_FZ_250_filtered
25,12,0,-242.02,7.099,415.63,-559.51,6406,R20_FZ_250_filtered
25,12,0,-242.01,-10.857,253.83,586.45,894,R20_FZ_250_filtered
25,12,0,-241.97,10.009,247.37,-594.22,249,R20_FZ_250_filtered
25,12,0,-241.93,3.535,245.75,-390.16,87,R20_FZ_250_filtered
25,12,0,-241.9,-4.517,421.25,450.13,6967,R20_FZ_250_filtered
25,12,0,-241.89,7.653,246.78,-572.08,190,R20_FZ_250_filtered
25,12,0,-241.87,-8.339,253.2,564.91,831,R20_FZ_250_filtered
25,12,0,-241.87,8.647,280.82,-580.28,1462,R20_FZ_250_filtered
25,12,0,-241.86,-5.577,286.31,493.41,2010,R20_FZ_250_filtered
25,12,0,-241.86,4.659,415.02,-457.3,6345,R20_FZ_250_filtered
25,12,0,-241.86,-10.604,422.77,586.46,7119,R20_FZ_250_filtered
25,12,0,-241.85,1.937,245.35,-249.03,47,R20_FZ_250_filtered
25,12,0,-241.85,9.921,416.34,-596.85,6477,R20_FZ_250_filtered
25,12,0,-241.83,3.066,245.63,-351.84,75,R20_FZ_250_filtered
25,12,0,-241.83,-0.932,285.16,127.24,1895,R20_FZ_250_filtered
25,12,0,-241.82,4.78,246.06,-465.06,118,R20_FZ_250_filtered
25,12,0,-241.82,-8.8,287.12,569.56,2091,R20_FZ_250_filtered
25,12,0,-241.81,2.447,245.48,-301.14,60,R20_FZ_250_filtered
25,12,0,-241.8,4.525,279.79,-448.48,1359,R20_FZ_250_filtered
25,12,0,-241.8,3.379,414.7,-374.33,6313,R20_FZ_250_filtered
25,12,0,-241.79,-8.559,422.26,576.06,7068,R20_FZ_250_filtered
25,12,0,-241.78,8.77,247.06,-595.17,218,R20_FZ_250_filtered
25,12,0,-241.76,4.321,245.95,-439.93,107,R20_FZ_250_filtered
25,12,0,-241.76,-9.264,253.43,575.45,854,R20_FZ_250_filtered
25,12,0,-241.76,-10.772,287.61,584.45,2140,R20_FZ_250_filtered
25,12,0,-241.76,2.83,414.57,-332.32,6300,R20_FZ_250_filtered
25,12,0,-241.75,-10.872,287.64,588.31,2143,R20_FZ_250_filtered
25,12,-0,-241.75,3.416,414.71,-378.19,6314,R20_FZ_250_filtered
25,12,0,-241.73,-10.468,253.73,586.9,884,R20_FZ_250_filtered
25,12,0,-241.71,5.103,415.13,-480.57,6356,R20_FZ_250_filtered
25,12,0,-241.71,-0.232,420.17,27.07,6859,R20_FZ_250_filtered
25,12,0,-241.7,8.349,246.95,-589.91,207,R20_FZ_250_filtered
25,12,0,-241.69,-11.253,253.93,584.74,904,R20_FZ_250_filtered
25,12,0,-241.68,5.532,415.24,-500.42,6367,R20_FZ_250_filtered
25,12,0,-241.68,-6.758,421.81,540.71,7023,R20_FZ_250_filtered
25,12,0,-241.67,-5.404,421.47,493.41,6989,R20_FZ_250_filtered
25,12,-0,-241.67,-6.32,421.7,527.06,7012,R20_FZ_250_filtered
25,12,0,-241.67,-8.2,422.17,568.94,7059,R20_FZ_250_filtered
25,12,0,-241.66,-6.807,421.82,542.11,7024,R20_FZ_250_filtered
25,12,0,-241.65,-7.689,422.04,562.42,7046,R20_FZ_250_filtered
25,12,0,-241.64,-8.74,253.3,571.72,841,R20_FZ_250_filtered
25,12,0,-241.6,10.059,247.38,-597.03,250,R20_FZ_250_filtered
25,12,-0,-241.6,9.454,416.22,-589.71,6465,R20_FZ_250_filtered
25,12,0,-241.59,-10.029,253.62,587.07,873,R20_FZ_250_filtered
25,12,0,-241.59,-7.725,422.05,562.44,7047,R20_FZ_250_filtered
25,12,0,-241.58,-10.835,287.63,587.24,2142,R20_FZ_250_filtered
25,12,0,-241.55,7.89,246.84,-580.61,196,R20_FZ_250_filtered
25,12,0,-241.55,5.735,415.29,-514.09,6372,R20_FZ_250_filtered
25,12,0,-241.54,-10.635,422.78,588.33,7120,R20_FZ_250_filtered
25,12,0,-241.53,-5.122,286.2,475.11,1999,R20_FZ_250_filtered
25,12,0,-241.53,-10.242,287.48,580.9,2127,R20_FZ_250_filtered
25,12,0,-241.52,-4.945,421.36,473.24,6978,R20_FZ_250_filtered
25,12,0,-241.49,-6.939,252.85,540.4,796,R20_FZ_250_filtered
25,12,0,-241.48,-7.373,252.96,549.7,807,R20_FZ_250_filtered
25,12,0,-241.45,-10.279,253.68,581.97,879,R20_FZ_250_filtered
25,12,0,-241.44,-7.851,253.08,558.7,819,R20_FZ_250_filtered
25,12,0,-241.43,-5.136,252.4,479.45,751,R20_FZ_250_filtered
25,12,0,-241.42,-10.444,287.53,587.53,2132,R20_FZ_250_filtered
25,12,0,-241.41,5.225,246.17,-486.46,129,R20_FZ_250_filtered
25,12,0,-241.4,4.009,245.87,-423.36,99,R20_FZ_250_filtered
25,12,0,-241.4,-8.68,422.29,573.61,7071,R20_FZ_250_filtered
25,12,0,-241.38,3.021,245.62,-347.97,74,R20_FZ_250_filtered
25,12,0,-241.38,-6.487,252.74,528.92,785,R20_FZ_250_filtered
25,12,0,-241.38,-10.825,253.82,585.84,893,R20_FZ_250_filtered
25,12,0,-241.38,4.369,414.95,-445.08,6338,R20_FZ_250_filtered
25,12,-0,-241.37,-0.407,285.01,49.57,1880,R20_FZ_250_filtered
25,12,0,-241.37,-8.083,422.14,570.18,7056,R20_FZ_250_filtered
25,12,0,-241.35,-8.325,287,565.06,2079,R20_FZ_250_filtered
25,12,0,-241.35,-5.836,421.58,510.93,7000,R20_FZ_250_filtered
25,12,0,-241.33,6.283,246.44,-535.64,156,R20_FZ_250_filtered
25,12,0,-241.33,9.055,247.13,-589.74,225,R20_FZ_250_filtered
25,12,0,-241.33,-9.764,287.36,578.42,2115,R20_FZ_250_filtered
25,12,0,-241.33,-7.201,421.92,552.49,7034,R20_FZ_250_filtered
25,12,0,-241.31,-7.419,252.97,550.02,808,R20_FZ_250_filtered
25,12,0,-241.31,3.34,414.69,-370.46,6312,R20_FZ_250_filtered
25,12,0,-241.3,8.974,416.1,-583.21,6453,R20_FZ_250_filtered
25,12,0,-241.3,-10.671,422.79,589.71,7121,R20_FZ_250_filtered
25,12,0,-241.29,9.541,247.25,-591.74,237,R20_FZ_250_filtered
25,12,0,-241.28,-6.364,421.71,528.46,7013,R20_FZ_250_filtered
25,12,0,-241.27,-6.031,286.43,510.47,2022,R20_FZ_250_filtered
25,12,0,-241.24,-10.779,253.81,584.6,892,R20_FZ_250_filtered
25,12,0,-241.24,9.06,416.12,-589.73,6455,R20_FZ_250_filtered
25,12,0,-241.23,-7.404,286.77,548.77,2056,R20_FZ_250_filtered
25,12,0,-241.23,9.497,416.23,-592.83,6466,R20_FZ_250_filtered
25,12,0,-241.22,4.082,279.68,-419.47,1348,R20_FZ_250_filtered
25,12,-0,-241.22,-6.917,286.65,537.46,2044,R20_FZ_250_filtered
25,12,0,-241.19,-5.613,286.32,494.49,2011,R20_FZ_250_filtered
25,12,0,-241.18,-6.459,252.73,527.98,784,R20_FZ_250_filtered
25,12,0,-241.18,-8.285,286.99,565.68,2078,R20_FZ_250_filtered
25,12,-0,-241.17,-7.649,422.03,562.12,7045,R20_FZ_250_filtered
25,12,0,-241.16,-6.021,252.62,512.94,773,R20_FZ_250_filtered
25,12,0,-241.13,-5.539,252.5,496.35,761,R20_FZ_250_filtered
25,12,-0,-241.13,-10.805,287.62,586.16,2141,R20_FZ_250_filtered
25,12,0,-241.08,-10.117,422.65,585.09,7107,R20_FZ_250_filtered
25,12,0,-241.07,-6.06,252.63,514.19,774,R20_FZ_250_filtered
25,12,0,-241.03,5.657,246.28,-506.48,140,R20_FZ_250_filtered
25,12,0,-241.03,-5.625,252.52,498.85,763,R20_FZ_250_filtered
25,12,-0,-241.02,9.641,281.07,-586.76,1487,R20_FZ_250_filtered
25,12,0,-240.99,-8.706,253.29,573.12,840,R20_FZ_250_filtered
25,12,0,-240.97,3.461,245.73,-382.55,85,R20_FZ_250_filtered
25,12,0,-240.97,8.81,280.86,-588.33,1466,R20_FZ_250_filtered
25,12,0,-240.96,5.977,415.35,-519.79,6378,R20_FZ_250_filtered
25,12,0,-240.95,2.31,245.44,-285,56,R20_FZ_250_filtered
25,12,0,-240.95,-10.427,253.72,586.92,883,R20_FZ_250_filtered
25,12,0,-240.93,-6.473,286.54,524.43,2033,R20_FZ_250_filtered
25,12,0,-240.92,-8.96,422.36,582.57,7078,R20_FZ_250_filtered
25,12,0,-240.91,7.575,415.75,-566.31,6418,R20_FZ_250_filtered
25,12,0,-240.89,7.043,280.42,-550.49,1422,R20_FZ_250_filtered
25,12,0,-240.89,-9.407,422.47,586.61,7089,R20_FZ_250_filtered
25,12,0,-240.85,9.25,280.97,-590.97,1477,R20_FZ_250_filtered
25,12,0,-240.84,-8.815,253.32,570.19,843,R20_FZ_250_filtered
25,12,0,-240.83,8.132,246.9,-578.57,202,R20_FZ_250_filtered
25,12,0,-240.79,-6.966,252.86,541.03,797,R20_FZ_250_filtered
25,12,0,-240.77,-4.083,421.14,424.56,6956,R20_FZ_250_filtered
25,12,0,-240.76,-0.733,420.31,104.3,6873,R20_FZ_250_filtered
25,12,0,-240.73,-7.824,253.07,558.84,818,R20_FZ_250_filtered
25,12,0,-240.73,-8.843,287.13,569.73,2092,R20_FZ_250_filtered
25,12,0,-240.71,-6.892,252.84,539.62,795,R20_FZ_250_filtered
25,12,0,-240.71,5.003,279.91,-473.91,1371,R20_FZ_250_filtered
25,12,0,-240.7,-9.997,287.42,585.22,2121,R20_FZ_250_filtered
25,12,0,-240.68,3.102,245.64,-354.93,76,R20_FZ_250_filtered
25,12,0,-240.68,-6.277,421.69,526.12,7011,R20_FZ_250_filtered
25,12,0,-240.67,-5.923,421.6,514.05,7002,R20_FZ_250_filtered
25,12,0,-240.66,7.214,246.67,-560.6,179,R20_FZ_250_filtered
25,12,0,-240.66,7.732,280.59,-566.8,1439,R20_FZ_250_filtered
25,12,0,-240.65,-9.121,287.2,577.78,2099,R20_FZ_250_filtered
25,12,0,-240.64,-4.678,286.09,453.4,1988,R20_FZ_250_filtered
25,12,0,-240.63,-9.134,253.4,578.85,851,R20_FZ_250_filtered
25,12,0,-240.63,-10.304,253.69,583.68,880,R20_FZ_250_filtered
25,12,0,-240.63,-2.726,420.8,326.25,6922,R20_FZ_250_filtered
25,12,0,-240.59,-8.244,286.98,566.46,2077,R20_FZ_250_filtered
25,12,0,-240.58,7.486,280.53,-563.21,1433,R20_FZ_250_filtered
25,12,-0,-240.58,-7.284,421.94,553.62,7036,R20_FZ_250_filtered
25,12,0,-240.53,8.17,415.9,-578.71,6433,R20_FZ_250_filtered
25,12,0,-240.52,4.362,279.75,-432.15,1355,R20_FZ_250_filtered
25,12,0,-240.5,-8.528,422.25,577.01,7067,R20_FZ_250_filtered
25,12,0,-240.43,5.296,415.18,-493.44,6361,R20_FZ_250_filtered
25,12,0,-240.41,-2.414,251.72,295.22,683,R20_FZ_250_filtered
25,12,0,-240.41,-6.957,286.66,538.39,2045,R20_FZ_250_filtered
25,12,0,-240.4,2.97,245.61,-344.1,73,R20_FZ_250_filtered
25,12,0,-240.4,-9.579,253.51,584.13,862,R20_FZ_250_filtered
25,12,0,-240.4,-10.414,287.52,587.25,2131,R20_FZ_250_filtered
25,12,0,-240.37,2.367,279.25,-284.68,1305,R20_FZ_250_filtered
25,12,0,-240.37,3.179,279.45,-352.44,1325,R20_FZ_250_filtered
25,12,0,-240.36,-5.098,252.39,478.36,750,R20_FZ_250_filtered
25,12,0,-240.35,2.447,279.27,-291.35,1307,R20_FZ_250_filtered
25,12,0,-240.34,-7.343,252.95,549.55,806,R20_FZ_250_filtered
25,12,0,-240.34,-8.363,287.01,564.31,2080,R20_FZ_250_filtered
25,12,0,-240.32,4.498,245.99,-453.76,111,R20_FZ_250_filtered
25,12,0,-240.3,6.852,415.57,-550.17,6400,R20_FZ_250_filtered
25,12,0,-240.27,-9.781,253.56,579.65,867,R20_FZ_250_filtered
25,12,0,-240.23,-9.306,253.44,575.15,855,R20_FZ_250_filtered
25,12,0,-240.21,-4.654,252.28,456.66,739,R20_FZ_250_filtered
25,12,0,-240.21,8.369,280.75,-582.12,1455,R20_FZ_250_filtered
25,12,0,-240.2,-1.946,285.41,249.65,1920,R20_FZ_250_filtered
25,12,0,-240.2,-10.291,287.49,581.99,2128,R20_FZ_250_filtered
25,12,0,-240.19,-8.691,287.09,572.66,2088,R20_FZ_250_filtered
25,12,0,-240.17,9.175,247.16,-593.45,228,R20_FZ_250_filtered
25,12,0,-240.16,6.365,280.25,-529.11,1405,R20_FZ_250_filtered
25,12,0,-240.15,-5.181,252.41,481.49,752,R20_FZ_250_filtered
25,12,0,-240.15,-6.538,252.75,530.51,786,R20_FZ_250_filtered
25,12,0,-240.14,-0.879,285.15,123.07,1894,R20_FZ_250_filtered
25,12,0,-240.12,9.575,247.26,-592.04,238,R20_FZ_250_filtered
25,12,0,-240.09,-1.549,285.3,202.62,1909,R20_FZ_250_filtered
25,12,0,-240.09,-2.407,285.52,292.12,1931,R20_FZ_250_filtered
25,12,0,-240.08,-7.914,253.09,558.57,820,R20_FZ_250_filtered
25,12,-0,-240.08,2.236,414.41,-273.66,6284,R20_FZ_250_filtered
25,12,-0,-240.07,-4.211,252.17,432.02,728,R20_FZ_250_filtered
25,12,0,-240.07,6.65,415.52,-545.86,6395,R20_FZ_250_filtered
25,12,0,-240.05,9.104,247.14,-587.85,226,R20_FZ_250_filtered
25,12,0,-240.04,-3.605,421.02,394.78,6944,R20_FZ_250_filtered
25,12,0,-240.03,2.416,245.47,-296.18,59,R20_FZ_250_filtered
25,12,0,-240.03,7.92,280.64,-574.52,1444,R20_FZ_250_filtered
25,12,0,-240,-6.079,286.44,512.19,2023,R20_FZ_250_filtered
25,12,0,-239.99,-6.52,286.55,525.83,2034,R20_FZ_250_filtered
25,12,0,-239.99,2.797,414.56,-328.12,6299,R20_FZ_250_filtered
25,12,0,-239.97,3.008,414.61,-344.37,6304,R20_FZ_250_filtered
25,12,0,-239.95,6.087,246.39,-523.97,151,R20_FZ_250_filtered
25,12,0,-239.95,-2.438,285.53,295.85,1932,R20_FZ_250_filtered
25,12,0,-239.94,-6.443,286.53,523.34,2032,R20_FZ_250_filtered
25,12,0,-239.94,-9.325,287.25,574.7,2104,R20_FZ_250_filtered
25,12,0,-239.94,7.299,415.68,-562.43,6411,R20_FZ_250_filtered
25,12,0,-239.94,8.052,415.87,-570.18,6430,R20_FZ_250_filtered
25,12,0,-239.92,2.691,245.54,-321.61,66,R20_FZ_250_filtered
25,12,0,-239.91,8.206,280.71,-571.74,1451,R20_FZ_250_filtered
25,12,0,-239.88,-10.348,253.7,585.39,881,R20_FZ_250_filtered
25,12,0,-239.87,7.731,415.79,-571.57,6422,R20_FZ_250_filtered
25,12,0,-239.87,-1.44,420.47,188.99,6889,R20_FZ_250_filtered
25,12,0,-239.86,5.414,246.22,-498.88,134,R20_FZ_250_filtered
25,12,0,-239.85,2.396,245.46,-291.97,58,R20_FZ_250_filtered
25,12,0,-239.85,-1.534,251.49,200.91,660,R20_FZ_250_filtered
25,12,0,-239.85,-4.708,252.29,457.74,740,R20_FZ_250_filtered
25,12,0,-239.82,-4.728,286.1,455.28,1989,R20_FZ_250_filtered
25,12,0,-239.79,8.684,280.83,-576.84,1463,R20_FZ_250_filtered
25,12,-0,-239.79,4.173,414.9,-426.11,6333,R20_FZ_250_filtered
25,12,0,-239.78,8.623,247.02,-582.43,214,R20_FZ_250_filtered
25,12,0,-239.78,3.5,279.53,-375.72,1333,R20_FZ_250_filtered
25,12,0,-239.77,-4.043,421.13,423.63,6955,R20_FZ_250_filtered
25,12,0,-239.76,-7.457,252.98,550.67,809,R20_FZ_250_filtered
25,12,0,-239.76,9.207,280.96,-584.9,1476,R20_FZ_250_filtered
25,12,0,-239.74,-10.388,253.71,586.62,882,R20_FZ_250_filtered
25,12,0,-239.74,2.413,279.26,-287.62,1306,R20_FZ_250_filtered
25,12,0,-239.73,-3.637,421.03,396.02,6945,R20_FZ_250_filtered
25,12,0,-239.7,-10.166,422.66,587.1,7108,R20_FZ_250_filtered
25,12,0,-239.69,-6.719,421.8,539.94,7022,R20_FZ_250_filtered
25,12,0,-239.67,-3.336,251.95,373.08,706,R20_FZ_250_filtered
25,12,0,-239.66,-6.837,421.83,543.38,7025,R20_FZ_250_filtered
25,12,0,-239.65,-4.645,286.08,452.32,1987,R20_FZ_250_filtered
25,12,0,-239.64,-2.324,420.7,287.49,6912,R20_FZ_250_filtered
25,12,0,-239.62,-8.387,253.21,564.93,832,R20_FZ_250_filtered
25,12,0,-239.6,-6.881,286.64,536.68,2043,R20_FZ_250_filtered
25,12,0,-239.59,-9.963,287.41,584.93,2120,R20_FZ_250_filtered
25,12,0,-239.59,-10.361,287.51,586.17,2130,R20_FZ_250_filtered
25,12,0,-239.58,6.531,246.5,-539.48,162,R20_FZ_250_filtered
25,12,0,-239.57,-5.993,252.61,511.86,772,R20_FZ_250_filtered
25,12,0,-239.57,5.693,280.08,-496.83,1388,R20_FZ_250_filtered
25,12,0,-239.55,-3.774,285.86,400.67,1965,R20_FZ_250_filtered
25,12,0,-239.55,-10.332,287.5,584.32,2129,R20_FZ_250_filtered
25,12,0,-239.55,-7.763,422.06,562.62,7048,R20_FZ_250_filtered
25,12,0,-239.54,-6.997,286.67,539.97,2046,R20_FZ_250_filtered
25,12,0,-239.53,-2.469,251.73,298.33,684,R20_FZ_250_filtered
25,12,0,-239.53,-5.533,286.3,492.64,2009,R20_FZ_250_filtered
25,12,0,-239.51,-3.807,285.87,402.24,1966,R20_FZ_250_filtered
25,12,0,-239.51,-9.795,287.37,579.52,2116,R20_FZ_250_filtered
25,12,0,-239.51,-5.353,421.46,492.8,6988,R20_FZ_250_filtered
25,12,0,-239.5,-7.331,286.75,548.16,2054,R20_FZ_250_filtered
25,12,0,-239.49,2.35,245.45,-288.24,57,R20_FZ_250_filtered
25,12,0,-239.47,3.578,245.76,-393.25,88,R20_FZ_250_filtered
25,12,0,-239.45,-9.976,253.61,587.39,872,R20_FZ_250_filtered
25,12,-0,-239.44,-7.163,421.91,552.21,7033,R20_FZ_250_filtered
25,12,0,-239.43,-8.246,422.18,569.43,7060,R20_FZ_250_filtered
25,12,0,-239.41,-8.727,422.3,575.33,7072,R20_FZ_250_filtered
25,12,0,-239.4,-2.38,251.71,292.43,682,R20_FZ_250_filtered
25,12,0,-239.4,-8.045,422.13,570.03,7055,R20_FZ_250_filtered
25,12,0,-239.39,-9.209,422.42,581.07,7084,R20_FZ_250_filtered
25,12,0,-239.38,-9.798,422.57,588.96,7099,R20_FZ_250_filtered
25,12,0,-239.37,-5.644,286.33,496.22,2012,R20_FZ_250_filtered
25,12,0,-239.32,-6.419,252.72,527.7,783,R20_FZ_250_filtered
25,12,-0,-239.32,-1.99,285.42,253.54,1921,R20_FZ_250_filtered
25,12,0,-239.3,-8.223,253.17,566.76,828,R20_FZ_250_filtered
25,12,0,-239.3,3.928,414.84,-415.75,6327,R20_FZ_250_filtered
25,12,0,-239.26,-9.766,422.56,588.19,7098,R20_FZ_250_filtered
25,12,-0,-239.24,6.771,246.56,-548.63,168,R20_FZ_250_filtered
25,12,0,-239.24,-6.85,252.83,539.63,794,R20_FZ_250_filtered
25,12,0,-239.24,-4.199,285.97,427.82,1976,R20_FZ_250_filtered
25,12,0,-239.21,-8.861,253.33,570.37,844,R20_FZ_250_filtered
25,12,0,-239.2,-9.108,253.39,579.33,850,R20_FZ_250_filtered
25,12,0,-239.18,-6.101,252.64,516.09,775,R20_FZ_250_filtered
25,12,0,-239.17,8.301,246.94,-583.21,206,R20_FZ_250_filtered
25,12,0,-239.17,5.246,279.97,-478.37,1377,R20_FZ_250_filtered
25,12,0,-239.17,-9.517,287.3,581.82,2109,R20_FZ_250_filtered
25,12,0,-239.16,4.747,246.05,-459.61,117,R20_FZ_250_filtered
25,12,0,-239.16,-0.699,420.3,99.83,6872,R20_FZ_250_filtered
25,12,0,-239.14,8.732,247.05,-588.31,217,R20_FZ_250_filtered
25,12,0,-239.13,-6.397,421.72,530.05,7014,R20_FZ_250_filtered
25,12,0,-239.11,-2.684,420.79,323.77,6921,R20_FZ_250_filtered
25,12,0,-239.09,5.927,280.14,-511.58,1394,R20_FZ_250_filtered
25,12,0,-239.08,-2.881,285.64,335.56,1943,R20_FZ_250_filtered
25,12,0,-239.06,7.42,246.72,-564.13,184,R20_FZ_250_filtered
25,12,0,-239.06,-1.802,420.57,238.18,6899,R20_FZ_250_filtered
25,12,0,-239.05,-5.804,421.57,510.95,6999,R20_FZ_250_filtered
25,12,0,-239.04,7.29,280.48,-553.75,1428,R20_FZ_250_filtered
25,12,0,-239.04,-7.6,422.02,561.81,7044,R20_FZ_250_filtered
25,12,0,-239.01,6.98,246.61,-553.29,173,R20_FZ_250_filtered
25,12,0,-238.99,-9.535,253.5,584.45,861,R20_FZ_250_filtered
25,12,0,-238.98,3.845,245.83,-407.21,95,R20_FZ_250_filtered
25,12,-0,-238.96,-1.907,285.4,245.78,1919,R20_FZ_250_filtered
25,12,0,-238.96,3.301,414.68,-366.41,6311,R20_FZ_250_filtered
25,12,0,-238.94,-9.823,253.57,581.52,868,R20_FZ_250_filtered
25,12,0,-238.93,9.138,247.15,-588.95,227,R20_FZ_250_filtered
25,12,0,-238.92,-3.304,251.94,371.54,705,R20_FZ_250_filtered
25,12,0,-238.91,-9.339,253.45,576.1,856,R20_FZ_250_filtered
25,12,0,-238.87,-7.921,286.9,558.11,2069,R20_FZ_250_filtered
25,12,0,-238.86,-1.588,285.31,208.22,1910,R20_FZ_250_filtered
25,12,0,-238.83,-8.886,287.14,570.84,2093,R20_FZ_250_filtered
25,12,0,-238.83,-8.493,422.24,577.34,7066,R20_FZ_250_filtered
25,12,0,-238.81,4.562,279.8,-449.24,1360,R20_FZ_250_filtered
25,12,0,-238.81,-9.841,287.38,581.07,2117,R20_FZ_250_filtered
25,12,0,-238.8,6.222,415.41,-529.41,6384,R20_FZ_250_filtered
25,12,0,-238.76,4.29,245.94,-434.49,106,R20_FZ_250_filtered
25,12,0,-238.76,7.852,246.83,-573.28,195,R20_FZ_250_filtered
25,12,0,-238.74,4.982,246.11,-477.47,123,R20_FZ_250_filtered
25,12,0,-238.72,5.179,246.16,-480.38,128,R20_FZ_250_filtered
25,12,0,-238.72,-5.958,286.41,508.76,2020,R20_FZ_250_filtered
25,12,0,-238.71,-1.507,251.48,195.34,659,R20_FZ_250_filtered
25,12,-0,-238.65,-3.685,421.04,398.38,6946,R20_FZ_250_filtered
25,12,0,-238.63,-5.037,421.38,476.84,6980,R20_FZ_250_filtered
25,12,0,-238.59,4.048,245.88,-425.05,100,R20_FZ_250_filtered
25,12,0,-238.58,-8.926,422.35,582.91,7077,R20_FZ_250_filtered
25,12,0,-238.57,-8.408,287.02,564.95,2081,R20_FZ_250_filtered
25,12,0,-238.5,2.927,245.6,-340.21,72,R20_FZ_250_filtered
25,12,0,-238.48,-3.746,252.05,402.71,716,R20_FZ_250_filtered
25,12,0,-238.47,-9.892,287.39,582.93,2118,R20_FZ_250_filtered
25,12,0,-238.46,-9.94,253.6,587.4,871,R20_FZ_250_filtered
25,12,0,-238.46,-9.93,287.4,584.29,2119,R20_FZ_250_filtered
25,12,0,-238.45,-9.085,287.19,578.09,2098,R20_FZ_250_filtered
25,12,0,-238.45,-8.766,422.31,576.89,7073,R20_FZ_250_filtered
25,12,0,-238.42,-5.662,252.53,501.35,764,R20_FZ_250_filtered
25,12,0,-238.42,-8.201,286.97,566.62,2076,R20_FZ_250_filtered
25,12,0,-238.4,3.152,245.65,-357.39,77,R20_FZ_250_filtered
25,12,0,-238.36,8.722,280.84,-577.61,1464,R20_FZ_250_filtered
25,12,0,-238.35,7.133,415.64,-554.98,6407,R20_FZ_250_filtered
25,12,0,-238.34,8.129,415.89,-573.25,6432,R20_FZ_250_filtered
25,12,0,-238.3,3.429,245.72,-378.2,84,R20_FZ_250_filtered
25,12,0,-238.29,-3.382,251.96,374.96,707,R20_FZ_250_filtered
25,12,0,-238.26,-6.231,421.68,525.68,7010,R20_FZ_250_filtered
25,12,0,-238.22,-7.016,252.87,541.99,798,R20_FZ_250_filtered
25,12,0,-238.22,-2.835,285.63,333.39,1942,R20_FZ_250_filtered
25,12,0,-238.22,7.61,415.76,-562.86,6419,R20_FZ_250_filtered
25,12,0,-238.22,8.094,415.88,-569.84,6431,R20_FZ_250_filtered
25,12,0,-238.2,-2.358,285.51,288.89,1930,R20_FZ_250_filtered
25,12,0,-238.17,-5.212,286.22,478.71,2001,R20_FZ_250_filtered
25,12,0,-238.13,5.478,280.03,-492.18,1383,R20_FZ_250_filtered
25,12,0,-238.07,6.128,280.19,-513.4,1399,R20_FZ_250_filtered
25,12,0,-238.06,4.407,414.96,-444.9,6339,R20_FZ_250_filtered
25,12,0,-238.04,-5.952,421.61,515.95,7003,R20_FZ_250_filtered
25,12,0,-238.02,-9.87,253.58,584.01,869,R20_FZ_250_filtered
25,12,0,-238,5.614,246.27,-499.92,139,R20_FZ_250_filtered
25,12,0,-238,7.756,280.6,-562.09,1440,R20_FZ_250_filtered
25,12,0,-237.98,5.055,415.12,-474.34,6355,R20_FZ_250_filtered
25,12,0,-237.97,6.571,280.3,-530.62,1410,R20_FZ_250_filtered
25,12,0,-237.96,3.206,279.46,-354.9,1326,R20_FZ_250_filtered
25,12,0,-237.95,5.932,415.34,-513.24,6377,R20_FZ_250_filtered
25,12,0,-237.94,-9.486,287.29,581.68,2108,R20_FZ_250_filtered
25,12,0,-237.93,-2.917,285.65,338.37,1944,R20_FZ_250_filtered
25,12,0,-237.92,-1.762,420.56,233.51,6898,R20_FZ_250_filtered
25,12,0,-237.91,8.318,280.74,-575.27,1454,R20_FZ_250_filtered
25,12,0,-237.88,-8.287,422.19,570.36,7061,R20_FZ_250_filtered
25,12,0,-237.87,-9.382,253.46,578.28,857,R20_FZ_250_filtered
25,12,0,-237.87,-6.566,286.56,527.73,2035,R20_FZ_250_filtered
25,12,0,-237.87,-7.318,421.95,554.87,7037,R20_FZ_250_filtered
25,12,0,-237.86,8.66,247.03,-581.17,215,R20_FZ_250_filtered
25,12,0,-237.82,7.699,246.79,-567.23,191,R20_FZ_250_filtered
25,12,0,-237.79,-5.516,252.49,496.22,760,R20_FZ_250_filtered
25,12,0,-237.78,8.704,247.04,-583.34,216,R20_FZ_250_filtered
25,12,0,-237.76,6.339,246.45,-532.36,157,R20_FZ_250_filtered
25,12,0,-237.75,-7.94,253.1,559.52,821,R20_FZ_250_filtered
25,12,0,-237.74,-4.741,252.3,460.09,741,R20_FZ_250_filtered
25,12,0,-237.7,5.491,415.23,-493.7,6366,R20_FZ_250_filtered
25,12,0,-237.69,-7.751,253.05,558.87,816,R20_FZ_250_filtered
25,12,0,-237.69,-9.909,253.59,586.34,870,R20_FZ_250_filtered
25,12,0,-237.67,-2.487,285.54,298.95,1933,R20_FZ_250_filtered
25,12,0,-237.66,-3.847,285.88,404.12,1967,R20_FZ_250_filtered
25,12,0,-237.63,8.173,246.91,-574.98,203,R20_FZ_250_filtered
25,12,0,-237.61,-8.909,253.34,571.62,845,R20_FZ_250_filtered
25,12,0,-237.61,4.12,414.89,-421.45,6332,R20_FZ_250_filtered
25,12,0,-237.57,-4.611,252.27,456.82,738,R20_FZ_250_filtered
25,12,0,-237.57,-7.295,286.74,547.56,2053,R20_FZ_250_filtered
25,12,0,-237.57,7.697,415.78,-565.81,6421,R20_FZ_250_filtered
25,12,0,-237.55,-9.404,287.27,578.58,2106,R20_FZ_250_filtered
25,12,0,-237.55,-8.871,422.34,582.61,7076,R20_FZ_250_filtered
25,12,0,-237.52,-5.944,252.6,512.36,771,R20_FZ_250_filtered
25,12,0,-237.52,7.439,280.52,-555.89,1432,R20_FZ_250_filtered
25,12,0,-237.51,4.316,279.74,-427.02,1354,R20_FZ_250_filtered
25,12,-0,-237.51,-9.048,287.18,578.28,2097,R20_FZ_250_filtered
25,12,0,-237.49,3.883,279.63,-399.28,1343,R20_FZ_250_filtered
25,12,0,-237.49,4.114,279.69,-420.07,1349,R20_FZ_250_filtered
25,12,0,-237.48,-8.439,287.03,566.51,2082,R20_FZ_250_filtered
25,12,0,-237.46,-2.505,251.74,301.93,685,R20_FZ_250_filtered
25,12,0,-237.44,7.881,280.63,-567.35,1443,R20_FZ_250_filtered
25,12,0,-237.43,6.368,415.45,-529.98,6388,R20_FZ_250_filtered
25,12,0,-237.34,-7.307,252.94,549.4,805,R20_FZ_250_filtered
25,12,0,-237.32,7.003,280.41,-543.79,1421,R20_FZ_250_filtered
25,12,0,-237.31,-5.056,252.38,478.38,749,R20_FZ_250_filtered
25,12,0,-237.31,-8.179,253.16,567.1,827,R20_FZ_250_filtered
25,12,0,-237.31,-9.447,287.28,580.3,2107,R20_FZ_250_filtered
25,12,0,-237.31,-3.233,420.93,366.12,6935,R20_FZ_250_filtered
25,12,0,-237.25,-7.806,422.07,563.24,7049,R20_FZ_250_filtered
25,12,0,-237.24,-4.882,421.34,472.35,6976,R20_FZ_250_filtered
25,12,0,-237.16,-8.42,253.22,565.72,833,R20_FZ_250_filtered
25,12,0,-237.16,-4.165,285.96,427.06,1975,R20_FZ_250_filtered
25,12,0,-237.16,-7.994,422.12,569.74,7054,R20_FZ_250_filtered
25,12,0,-237.13,7.26,415.67,-556.19,6410,R20_FZ_250_filtered
25,12,0,-237.12,-9.502,253.49,584.16,860,R20_FZ_250_filtered
25,12,0,-237.07,-2.822,251.82,333.88,693,R20_FZ_250_filtered
25,12,0,-237.05,-5.221,252.42,484.61,753,R20_FZ_250_filtered
25,12,0,-237.03,3.448,279.52,-371.82,1332,R20_FZ_250_filtered
25,12,-0,-237.02,-5.328,421.45,492.69,6987,R20_FZ_250_filtered
25,12,0,-237.01,-8.923,287.15,573.33,2094,R20_FZ_250_filtered
25,12,0,-237,-4.756,286.11,458.24,1990,R20_FZ_250_filtered
25,12,0,-236.98,8.252,280.72,-569.23,1452,R20_FZ_250_filtered
25,12,0,-236.95,-4.302,252.19,436.37,730,R20_FZ_250_filtered
25,12,0,-236.94,8.285,280.73,-570.45,1453,R20_FZ_250_filtered
25,12,0,-236.93,3.505,414.73,-383,6316,R20_FZ_250_filtered
25,12,-0,-236.89,-1.621,285.32,213.7,1911,R20_FZ_250_filtered
25,12,0,-236.87,-8.836,422.33,581.38,7075,R20_FZ_250_filtered
25,12,0,-236.86,2.891,245.59,-335.85,71,R20_FZ_250_filtered
25,12,0,-236.83,-6.885,421.84,545.28,7026,R20_FZ_250_filtered
25,12,0,-236.81,6.816,415.56,-544.25,6399,R20_FZ_250_filtered
25,12,0,-236.76,6.06,246.38,-518.05,150,R20_FZ_250_filtered
25,12,0,-236.76,-6.581,252.76,531.76,787,R20_FZ_250_filtered
25,12,0,-236.76,-8.965,287.16,575.82,2095,R20_FZ_250_filtered
25,12,0,-236.75,-6.378,252.71,527.4,782,R20_FZ_250_filtered
25,12,0,-236.73,5.337,415.19,-490,6362,R20_FZ_250_filtered
25,12,0,-236.71,2.624,414.52,-313.82,6295,R20_FZ_250_filtered
25,12,0,-236.71,-2.351,420.71,290.74,6913,R20_FZ_250_filtered
25,12,0,-236.7,-7.566,422.01,561.68,7043,R20_FZ_250_filtered
25,12,0,-236.69,7.251,246.68,-556.83,180,R20_FZ_250_filtered
25,12,0,-236.69,-8.998,287.17,577.36,2096,R20_FZ_250_filtered
25,12,0,-236.68,-7.509,252.99,551.93,810,R20_FZ_250_filtered
25,12,0,-236.65,3.046,414.62,-346.52,6305,R20_FZ_250_filtered
25,12,0,-236.65,-5.762,421.56,510.98,6998,R20_FZ_250_filtered
25,12,0,-236.64,3.694,414.78,-392.91,6321,R20_FZ_250_filtered
25,12,0,-236.63,-7.965,286.91,559.08,2070,R20_FZ_250_filtered
25,12,0,-236.62,8.252,246.93,-577.74,205,R20_FZ_250_filtered
25,12,0,-236.61,4.542,246,-453.57,112,R20_FZ_250_filtered
25,12,0,-236.6,-4.6,286.07,451.89,1986,R20_FZ_250_filtered
25,12,0,-236.58,2.709,245.55,-323.9,67,R20_FZ_250_filtered
25,12,0,-236.58,-1.867,285.39,241.75,1918,R20_FZ_250_filtered
25,12,0,-236.58,-8.597,287.07,573,2086,R20_FZ_250_filtered
25,12,0,-236.58,-5.527,421.5,499.98,6992,R20_FZ_250_filtered
25,12,0,-236.56,-9.46,253.48,583.25,859,R20_FZ_250_filtered
25,12,-0,-236.55,5.046,279.92,-471.7,1372,R20_FZ_250_filtered
25,12,0,-236.55,4.573,415,-446.7,6343,R20_FZ_250_filtered
25,12,0,-236.53,-9.012,253.37,578.11,848,R20_FZ_250_filtered
25,12,0,-236.53,4.767,279.85,-451.51,1365,R20_FZ_250_filtered
25,12,0,-236.53,5.655,280.07,-491.05,1387,R20_FZ_250_filtered
25,12,-0,-236.52,6.698,415.53,-541.93,6396,R20_FZ_250_filtered
25,12,0,-236.42,6.937,246.6,-547.5,172,R20_FZ_250_filtered
25,12,0,-236.41,-8.936,253.35,573.79,846,R20_FZ_250_filtered
25,12,0,-236.39,-7.71,286.85,557.65,2064,R20_FZ_250_filtered
25,12,0,-236.39,6.265,415.42,-525.97,6385,R20_FZ_250_filtered
25,12,0,-236.38,-5.681,286.34,498.74,2013,R20_FZ_250_filtered
25,12,0,-236.33,-8.442,422.23,577.2,7065,R20_FZ_250_filtered
25,12,0,-236.3,5.453,246.23,-496.05,135,R20_FZ_250_filtered
25,12,0,-236.3,7.814,246.82,-567.51,194,R20_FZ_250_filtered
25,12,0,-236.29,-2.815,285.62,330.78,1941,R20_FZ_250_filtered
25,12,0,-236.29,-1.064,420.39,146.86,6881,R20_FZ_250_filtered
25,12,0,-236.25,-7.04,286.68,541.39,2047,R20_FZ_250_filtered
25,12,0,-236.25,3.964,414.85,-416.36,6328,R20_FZ_250_filtered
25,12,0,-236.24,-8.977,253.36,576.1,847,R20_FZ_250_filtered
25,12,0,-236.23,-8.169,286.96,566.33,2075,R20_FZ_250_filtered
25,12,0,-236.22,2.664,414.53,-316.59,6296,R20_FZ_250_filtered
25,12,0,-236.21,5.905,246.34,-515.3,146,R20_FZ_250_filtered
25,12,-0,-236.17,7.656,415.77,-562.69,6420,R20_FZ_250_filtered
25,12,0,-236.16,-8.47,253.23,567.75,834,R20_FZ_250_filtered
25,12,0,-236.12,5.209,279.96,-472.77,1376,R20_FZ_250_filtered
25,12,-0,-236.08,7.18,415.65,-552.46,6408,R20_FZ_250_filtered
25,12,0,-236.07,-6.813,252.82,539.81,793,R20_FZ_250_filtered
25,12,0,-236.05,7.383,246.71,-558.52,183,R20_FZ_250_filtered
25,12,0,-236.04,-5.49,286.29,492.65,2008,R20_FZ_250_filtered
25,12,0,-236.02,3.616,245.77,-394.64,89,R20_FZ_250_filtered
25,12,0,-236.01,-6.133,252.65,518.61,776,R20_FZ_250_filtered
25,12,0,-236,3.8,245.82,-403,94,R20_FZ_250_filtered
25,12,0,-235.99,6.083,280.18,-508.26,1398,R20_FZ_250_filtered
25,12,0,-235.98,7.324,280.49,-549.38,1429,R20_FZ_250_filtered
25,12,0,-235.97,4.699,246.04,-454.92,116,R20_FZ_250_filtered
25,12,0,-235.96,-6.207,421.67,525.71,7009,R20_FZ_250_filtered
25,12,0,-235.9,-7.361,421.96,556.13,7038,R20_FZ_250_filtered
25,12,0,-235.83,-7.838,422.08,564.35,7050,R20_FZ_250_filtered
25,12,0,-235.79,6.499,246.49,-533.24,161,R20_FZ_250_filtered
25,12,0,-235.78,5.132,246.15,-475.85,127,R20_FZ_250_filtered
25,12,0,-235.78,-5.922,286.4,509.27,2019,R20_FZ_250_filtered
25,12,0,-235.78,-7.959,422.11,569.3,7053,R20_FZ_250_filtered
25,12,0,-235.77,-8.557,287.06,572.23,2085,R20_FZ_250_filtered
25,12,0,-235.75,7.799,280.61,-560.53,1441,R20_FZ_250_filtered
25,12,0,-235.7,-2.153,420.66,274.64,6908,R20_FZ_250_filtered
25,12,0,-235.68,3.381,245.71,-373.68,83,R20_FZ_250_filtered
25,12,0,-235.64,-8.143,253.15,566.81,826,R20_FZ_250_filtered
25,12,0,-235.64,7.845,280.62,-562.54,1442,R20_FZ_250_filtered
25,12,0,-235.61,2.844,245.58,-331.95,70,R20_FZ_250_filtered
25,12,0,-235.61,7.735,246.8,-564.42,192,R20_FZ_250_filtered
25,12,0,-235.58,-7.981,253.11,560.94,822,R20_FZ_250_filtered
25,12,0,-235.57,-3.709,252.04,402.28,715,R20_FZ_250_filtered
25,12,-0,-235.56,-1.16,420.41,157.1,6883,R20_FZ_250_filtered
25,12,0,-235.54,5.894,415.33,-508.72,6376,R20_FZ_250_filtered
25,12,0,-235.51,-8.494,287.04,568.36,2083,R20_FZ_250_filtered
25,12,0,-235.46,5.019,246.12,-475.57,124,R20_FZ_250_filtered
25,12,0,-235.45,6.817,246.57,-544.57,169,R20_FZ_250_filtered
25,12,0,-235.45,-2.319,285.5,285.66,1929,R20_FZ_250_filtered
25,12,0,-235.43,5.971,280.15,-508.13,1395,R20_FZ_250_filtered
25,12,0,-235.43,5.025,415.11,-469.18,6354,R20_FZ_250_filtered
25,12,0,-235.42,4.256,245.93,-430.12,105,R20_FZ_250_filtered
25,12,-0,-235.38,-3.074,420.89,359.03,6931,R20_FZ_250_filtered
25,12,0,-235.36,-7.253,252.93,549.9,804,R20_FZ_250_filtered
25,12,0,-235.35,-8.362,422.21,574.87,7063,R20_FZ_250_filtered
25,12,0,-235.34,3.18,245.66,-359.39,78,R20_FZ_250_filtered
25,12,0,-235.33,4.448,414.97,-443.63,6340,R20_FZ_250_filtered
25,12,0,-235.32,-8.526,287.05,570.54,2084,R20_FZ_250_filtered
25,12,0,-235.29,-2.959,285.66,341.48,1945,R20_FZ_250_filtered
25,12,0,-235.29,-4.327,286,434.52,1979,R20_FZ_250_filtered
25,12,0,-235.24,-7.701,253.04,559.05,815,R20_FZ_250_filtered
25,12,0,-235.22,3.415,279.51,-367.93,1331,R20_FZ_250_filtered
25,12,0,-235.21,-5.233,286.23,482,2002,R20_FZ_250_filtered
25,12,0,-235.19,3.835,279.62,-395.54,1342,R20_FZ_250_filtered
25,12,0,-235.18,-1.718,420.55,228.87,6897,R20_FZ_250_filtered
25,12,-0,-235.16,-7.065,252.88,543.73,799,R20_FZ_250_filtered
25,12,0,-235.1,7.411,280.51,-550.43,1431,R20_FZ_250_filtered
25,12,0,-235.07,-4.778,252.31,463.85,742,R20_FZ_250_filtered
25,12,0,-235.05,6.972,280.4,-539.27,1420,R20_FZ_250_filtered
25,12,0,-235.04,5.463,415.22,-488.87,6365,R20_FZ_250_filtered
25,12,0,-235.02,4.153,279.7,-419.75,1350,R20_FZ_250_filtered
25,12,-0,-235.01,7.301,246.69,-554.63,181,R20_FZ_250_filtered
25,12,0,-234.99,-3.427,251.97,378.22,708,R20_FZ_250_filtered
25,12,0,-234.98,6.334,415.44,-525.79,6387,R20_FZ_250_filtered
25,12,0,-234.96,-8.544,253.25,572.08,836,R20_FZ_250_filtered
25,12,0,-234.95,2.881,279.38,-326.67,1318,R20_FZ_250_filtered
25,12,0,-234.94,-6.006,421.62,518.46,7004,R20_FZ_250_filtered
25,12,0,-234.93,7.779,246.81,-564.42,193,R20_FZ_250_filtered
25,12,0,-234.92,-2.526,285.55,303.32,1934,R20_FZ_250_filtered
25,12,0,-234.91,2.832,279.37,-324.04,1317,R20_FZ_250_filtered
25,12,0,-234.9,-6.639,421.78,539.52,7020,R20_FZ_250_filtered
25,12,0,-234.88,-6.803,286.62,536.25,2041,R20_FZ_250_filtered
25,12,0,-234.87,-7.878,422.09,566.21,7051,R20_FZ_250_filtered
25,12,0,-234.83,-5.713,252.54,504.19,765,R20_FZ_250_filtered
25,12,0,-234.82,-6.36,286.51,523.23,2030,R20_FZ_250_filtered
25,12,0,-234.81,5.607,280.06,-487.78,1386,R20_FZ_250_filtered
25,12,0,-234.8,-3.713,421.05,402.12,6947,R20_FZ_250_filtered
25,12,0,-234.79,-8.495,253.24,569.76,835,R20_FZ_250_filtered
25,12,0,-234.79,3.095,414.63,-348.68,6306,R20_FZ_250_filtered
25,12,0,-234.78,-1.111,420.4,152.13,6882,R20_FZ_250_filtered
25,12,0,-234.75,4.079,414.88,-418.03,6331,R20_FZ_250_filtered
25,12,0,-234.71,2.746,245.56,-325.6,68,R20_FZ_250_filtered
25,12,0,-234.71,-7.241,286.73,547.59,2052,R20_FZ_250_filtered
25,12,0,-234.67,4.092,245.89,-425.18,101,R20_FZ_250_filtered
25,12,0,-234.66,4.534,414.99,-443.75,6342,R20_FZ_250_filtered
25,12,0,-234.64,-8.012,286.92,560.79,2071,R20_FZ_250_filtered
25,12,0,-234.63,5.57,246.26,-495.55,138,R20_FZ_250_filtered
25,12,0,-234.62,3.248,279.47,-357.06,1327,R20_FZ_250_filtered
25,12,0,-234.58,5.81,415.31,-508.28,6374,R20_FZ_250_filtered
25,12,0,-234.57,6.895,280.38,-538.04,1418,R20_FZ_250_filtered
25,12,0,-234.55,7.363,280.5,-548.43,1430,R20_FZ_250_filtered
25,12,0,-234.55,6.729,415.54,-539.91,6397,R20_FZ_250_filtered
25,12,0,-234.54,6.778,415.55,-540.35,6398,R20_FZ_250_filtered
25,12,0,-234.52,-5.083,421.39,480.14,6981,R20_FZ_250_filtered
25,12,0,-234.51,-5.461,252.48,497.19,759,R20_FZ_250_filtered
25,12,0,-234.5,4.941,415.09,-466.88,6352,R20_FZ_250_filtered
25,12,0,-234.49,4.004,414.86,-415.72,6329,R20_FZ_250_filtered
25,12,0,-234.47,-1.251,285.23,166.57,1902,R20_FZ_250_filtered
25,12,0,-234.47,-7.531,422,561.55,7042,R20_FZ_250_filtered
25,12,0,-234.44,-3.244,285.73,366.92,1952,R20_FZ_250_filtered
25,12,0,-234.39,-7.689,286.84,557.68,2063,R20_FZ_250_filtered
25,12,0,-234.36,2.798,245.57,-328.69,69,R20_FZ_250_filtered
25,12,0,-234.3,-7.546,253,553.49,811,R20_FZ_250_filtered
25,12,0,-234.28,7.333,246.7,-554.93,182,R20_FZ_250_filtered
25,12,0,-234.26,-8.011,253.12,562.94,823,R20_FZ_250_filtered
25,12,0,-234.25,6.903,246.59,-543.76,171,R20_FZ_250_filtered
25,12,0,-234.24,5.376,415.2,-487.34,6363,R20_FZ_250_filtered
25,12,0,-234.22,-5.898,252.59,512.69,770,R20_FZ_250_filtered
25,12,0,-234.16,6.926,280.39,-537.4,1419,R20_FZ_250_filtered
25,12,0,-234.15,3.719,279.59,-390.89,1339,R20_FZ_250_filtered
25,12,0,-234.15,-4.642,421.28,459.05,6970,R20_FZ_250_filtered
25,12,0,-234.14,6.37,246.46,-529.06,158,R20_FZ_250_filtered
25,12,0,-234.14,-6.62,252.77,533.65,788,R20_FZ_250_filtered
25,12,0,-234.12,-3.296,420.94,369.72,6936,R20_FZ_250_filtered
25,12,0,-234.11,-2.411,420.72,295.27,6914,R20_FZ_250_filtered
25,12,0,-234.09,3.649,414.77,-389.64,6320,R20_FZ_250_filtered
25,12,0,-234.06,-8.053,286.93,562.81,2072,R20_FZ_250_filtered
25,12,0,-234.04,4.495,414.98,-442.98,6341,R20_FZ_250_filtered
25,12,0,-234.03,-3.887,285.89,407.7,1968,R20_FZ_250_filtered
25,12,0,-234.03,-4.841,421.33,472.39,6975,R20_FZ_250_filtered
25,12,0,-234.02,-8.103,253.14,566.51,825,R20_FZ_250_filtered
25,12,0,-234.02,5.169,279.95,-469.17,1375,R20_FZ_250_filtered
25,12,0,-234.01,5.498,246.24,-493.54,136,R20_FZ_250_filtered
25,12,0,-234.01,-2.777,251.81,331.72,692,R20_FZ_250_filtered
25,12,0,-234,-1.84,285.38,237.88,1917,R20_FZ_250_filtered
25,12,0,-233.96,6.018,246.37,-513.68,149,R20_FZ_250_filtered
25,12,0,-233.96,5.093,279.93,-469.05,1373,R20_FZ_250_filtered
25,12,0,-233.92,5.944,246.35,-512.78,147,R20_FZ_250_filtered
25,12,0,-233.91,4.036,414.87,-416.47,6330,R20_FZ_250_filtered
25,12,0,-233.9,-5.01,252.37,479.2,748,R20_FZ_250_filtered
25,12,0,-233.9,-3.955,421.11,423.23,6953,R20_FZ_250_filtered
25,12,0,-233.88,-4.571,252.26,456.86,737,R20_FZ_250_filtered
25,12,0,-233.87,4.578,246.01,-452.16,113,R20_FZ_250_filtered
25,12,0,-233.87,4.648,279.82,-446.56,1362,R20_FZ_250_filtered
25,12,0,-233.87,-7.437,421.98,559.25,7040,R20_FZ_250_filtered
25,12,0,-233.85,-4.116,285.95,426.79,1974,R20_FZ_250_filtered
25,12,0,-233.83,-5.723,286.35,501.72,2014,R20_FZ_250_filtered
25,12,0,-233.82,-1.856,251.58,242.22,669,R20_FZ_250_filtered
25,12,0,-233.81,4.21,279.71,-419.88,1351,R20_FZ_250_filtered
25,12,0,-233.8,6.044,280.17,-505.62,1397,R20_FZ_250_filtered
25,12,0,-233.79,-7.468,421.99,561.09,7041,R20_FZ_250_filtered
25,12,-0,-233.78,4.735,279.84,-448.08,1364,R20_FZ_250_filtered
25,12,0,-233.72,-5.565,421.51,502.96,6993,R20_FZ_250_filtered
25,12,0,-233.71,6.462,246.48,-529.35,160,R20_FZ_250_filtered
25,12,0,-233.71,-5.004,286.17,474.72,1996,R20_FZ_250_filtered
25,12,0,-233.69,5.534,246.25,-493.07,137,R20_FZ_250_filtered
25,12,0,-233.69,-3.446,285.78,378.1,1957,R20_FZ_250_filtered
25,12,0,-233.68,-5.278,421.44,492.56,6986,R20_FZ_250_filtered
25,12,0,-233.67,4.978,415.1,-467.01,6353,R20_FZ_250_filtered
25,12,0,-233.66,5.857,415.32,-506.87,6375,R20_FZ_250_filtered
25,12,0,-233.65,-4.787,286.12,462.01,1991,R20_FZ_250_filtered
25,12,0,-233.64,-4.397,421.22,449.28,6964,R20_FZ_250_filtered
25,12,0,-233.63,-7.656,253.03,558.44,814,R20_FZ_250_filtered
25,12,0,-233.62,-7.223,252.92,550.08,803,R20_FZ_250_filtered
25,12,0,-233.61,6.872,246.58,-543.16,170,R20_FZ_250_filtered
25,12,0,-233.58,-6.335,252.7,527.12,781,R20_FZ_250_filtered
25,12,0,-233.58,-1.649,285.33,218.67,1912,R20_FZ_250_filtered
25,12,0,-233.57,3.767,245.81,-399.87,93,R20_FZ_250_filtered
25,12,0,-233.57,4.135,245.9,-425.48,102,R20_FZ_250_filtered
25,12,0,-233.55,-5.261,252.43,488.23,754,R20_FZ_250_filtered
25,12,0,-233.55,-5.451,286.28,492.86,2007,R20_FZ_250_filtered
25,12,0,-233.51,5.052,246.13,-474,125,R20_FZ_250_filtered
25,12,0,-233.5,6.418,246.47,-527.79,159,R20_FZ_250_filtered
25,12,0,-233.46,4.659,246.03,-452.29,115,R20_FZ_250_filtered
25,12,0,-233.44,-4.336,252.2,440.3,731,R20_FZ_250_filtered
25,12,0,-233.43,5.13,279.94,-468.08,1374,R20_FZ_250_filtered
25,12,0,-233.43,-7.646,286.83,556.9,2062,R20_FZ_250_filtered
25,12,0,-233.42,-6.77,252.81,540.15,792,R20_FZ_250_filtered
25,12,0,-233.4,3.141,414.64,-351.48,6307,R20_FZ_250_filtered
25,12,0,-233.36,6.005,280.16,-505.78,1396,R20_FZ_250_filtered
25,12,0,-233.36,5.412,415.21,-486.55,6364,R20_FZ_250_filtered
25,12,0,-233.34,4.685,279.83,-446.07,1363,R20_FZ_250_filtered
25,12,0,-233.32,-6.476,421.74,535.07,7016,R20_FZ_250_filtered
25,12,0,-233.31,-4.566,286.06,452.07,1985,R20_FZ_250_filtered
25,12,0,-233.31,-7.6,286.82,555.99,2061,R20_FZ_250_filtered
25,12,0,-233.27,-8.056,253.13,565.11,824,R20_FZ_250_filtered
25,12,0,-233.26,-7.085,286.69,543.43,2048,R20_FZ_250_filtered
25,12,0,-233.21,-7.586,253.01,555.66,812,R20_FZ_250_filtered
25,12,0,-233.19,3.644,245.78,-395.69,90,R20_FZ_250_filtered
25,12,0,-233.18,4.207,245.92,-427.01,104,R20_FZ_250_filtered
25,12,0,-233.18,-1.31,285.24,171.99,1903,R20_FZ_250_filtered
25,12,0,-233.18,3.616,414.76,-387.47,6319,R20_FZ_250_filtered
25,12,0,-233.17,-2.542,251.75,306.45,686,R20_FZ_250_filtered
25,12,0,-233.16,5.981,246.36,-511.98,148,R20_FZ_250_filtered
25,12,0,-233.14,-5.88,286.39,509.46,2018,R20_FZ_250_filtered
25,12,0,-233.11,3.239,245.67,-361.87,79,R20_FZ_250_filtered
25,12,0,-233.09,3.796,279.61,-393.21,1341,R20_FZ_250_filtered
25,12,0,-233.07,3.349,245.7,-370.25,82,R20_FZ_250_filtered
25,12,0,-233.03,-7.099,252.89,545.75,800,R20_FZ_250_filtered
25,12,0,-233.03,-5.71,421.55,511.15,6997,R20_FZ_250_filtered
25,12,0,-232.93,-6.174,252.66,521.1,777,R20_FZ_250_filtered
25,12,0,-232.81,-6.16,421.66,526.04,7008,R20_FZ_250_filtered
25,12,0,-232.8,-6.603,421.77,539.55,7019,R20_FZ_250_filtered
25,12,0,-232.77,-2.113,420.65,270.46,6907,R20_FZ_250_filtered
25,12,0,-232.76,-6.656,252.78,536.14,789,R20_FZ_250_filtered
25,12,0,-232.73,-2.085,251.64,263.79,675,R20_FZ_250_filtered
25,12,0,-232.72,-7.626,253.02,557.37,813,R20_FZ_250_filtered
25,12,0,-232.68,-7.202,286.72,547.44,2051,R20_FZ_250_filtered
25,12,0,-232.6,-2.279,285.49,282.1,1928,R20_FZ_250_filtered
25,12,0,-232.58,-6.334,286.5,523.88,2029,R20_FZ_250_filtered
25,12,0,-232.56,-3.035,420.88,356.87,6930,R20_FZ_250_filtered
25,12,0,-232.56,-6.961,421.86,549.02,7028,R20_FZ_250_filtered
25,12,0,-232.55,-7.04,421.88,551.48,7030,R20_FZ_250_filtered
25,12,0,-232.5,-6.644,286.58,531.95,2037,R20_FZ_250_filtered
25,12,0,-232.46,4.619,246.02,-451.68,114,R20_FZ_250_filtered
25,12,0,-232.46,-6.744,252.8,539.86,791,R20_FZ_250_filtered
25,12,-0,-232.43,3.762,279.6,-391.65,1340,R20_FZ_250_filtered
25,12,0,-232.41,-7.144,252.9,547.93,801,R20_FZ_250_filtered
25,12,0,-232.37,4.161,245.91,-425.61,103,R20_FZ_250_filtered
25,12,0,-232.34,-6.758,286.61,536.43,2040,R20_FZ_250_filtered
25,12,0,-232.32,3.727,245.8,-397.71,92,R20_FZ_250_filtered
25,12,0,-232.3,-7.182,252.91,549.48,802,R20_FZ_250_filtered
25,12,0,-232.25,-2.563,285.56,307.68,1935,R20_FZ_250_filtered
25,12,0,-232.16,3.316,245.69,-366.84,81,R20_FZ_250_filtered
25,12,0,-232.11,-6.041,421.63,521.26,7005,R20_FZ_250_filtered
25,12,0,-232.05,-5.741,252.55,507.46,766,R20_FZ_250_filtered
25,12,0,-232.03,-6.519,421.75,537.56,7017,R20_FZ_250_filtered
25,12,0,-232,-7.12,286.7,545.29,2049,R20_FZ_250_filtered
25,12,0,-231.98,-5.276,286.24,485.29,2003,R20_FZ_250_filtered
25,12,0,-231.95,-4.363,286.01,438.9,1980,R20_FZ_250_filtered
25,12,0,-231.93,-7.001,421.87,550.57,7029,R20_FZ_250_filtered
25,12,0,-231.9,-1.824,251.57,238.21,668,R20_FZ_250_filtered
25,12,0,-231.85,3.691,245.79,-396.64,91,R20_FZ_250_filtered
25,12,0,-231.85,-3.666,252.03,401.68,714,R20_FZ_250_filtered
25,12,0,-231.83,-1.699,285.34,223.51,1913,R20_FZ_250_filtered
25,12,0,-231.8,-3.766,421.06,406.5,6948,R20_FZ_250_filtered
25,12,0,-231.77,-3.458,251.98,382.3,709,R20_FZ_250_filtered
25,12,0,-231.75,-2.451,420.73,300.09,6915,R20_FZ_250_filtered
25,12,0,-231.74,-6.298,252.69,526.52,780,R20_FZ_250_filtered
25,12,0,-231.68,-5.24,421.43,492.43,6985,R20_FZ_250_filtered
25,12,0,-231.67,3.268,245.68,-363.87,80,R20_FZ_250_filtered
25,12,0,-231.66,-5.864,252.58,513.04,769,R20_FZ_250_filtered
25,12,0,-231.61,-5.598,421.52,506.55,6994,R20_FZ_250_filtered
25,12,0,-231.43,-6.225,252.67,523.76,778,R20_FZ_250_filtered
25,12,0,-231.43,-5.683,421.54,510.73,6996,R20_FZ_250_filtered
25,12,0,-231.41,-2.11,285.45,264.88,1924,R20_FZ_250_filtered
25,12,0,-231.4,-5.766,286.36,504.68,2015,R20_FZ_250_filtered
25,12,0,-231.4,-6.563,421.76,538.94,7018,R20_FZ_250_filtered
25,12,0,-231.39,-6.694,252.79,538.32,790,R20_FZ_250_filtered
25,12,0,-231.36,-2.738,251.8,329.11,691,R20_FZ_250_filtered
25,12,0,-231.35,-5.407,252.47,497.68,758,R20_FZ_250_filtered
25,12,0,-231.24,-4.672,421.29,463.43,6971,R20_FZ_250_filtered
25,12,0,-231.14,-4.96,286.16,474.27,1995,R20_FZ_250_filtered
25,12,0,-231.14,-6.722,286.6,535.53,2039,R20_FZ_250_filtered
25,12,0,-231.09,-4.973,252.36,479.09,747,R20_FZ_250_filtered
25,12,0,-231.08,-4.085,285.94,426.52,1973,R20_FZ_250_filtered
25,12,0,-231.06,-6.685,286.59,534.13,2038,R20_FZ_250_filtered
25,12,0,-231,-5.326,286.25,488.87,2004,R20_FZ_250_filtered
25,12,0,-230.98,-4.1,252.14,430.69,725,R20_FZ_250_filtered
25,12,0,-230.88,-3.924,421.1,422.65,6952,R20_FZ_250_filtered
25,12,0,-230.87,-3.02,251.87,349.1,698,R20_FZ_250_filtered
25,12,0,-230.75,-6.266,252.68,525.45,779,R20_FZ_250_filtered
25,12,0,-230.74,-2.238,285.48,278.06,1927,R20_FZ_250_filtered
25,12,0,-230.63,-5.792,286.37,507.15,2016,R20_FZ_250_filtered
25,12,0,-230.6,-4.542,252.25,457.07,736,R20_FZ_250_filtered
25,12,0,-230.57,-3.326,420.95,374.55,6937,R20_FZ_250_filtered
25,12,0,-230.52,-2.07,420.64,266.13,6906,R20_FZ_250_filtered
25,12,0,-230.49,-5.637,421.53,509.34,6995,R20_FZ_250_filtered
25,12,0,-230.42,-5.782,252.56,509.95,767,R20_FZ_250_filtered
25,12,0,-230.39,-4.382,252.21,444.82,732,R20_FZ_250_filtered
25,12,0,-230.36,-2.131,251.65,268.29,676,R20_FZ_250_filtered
25,12,0,-230.36,-4.841,286.13,465.9,1992,R20_FZ_250_filtered
25,12,0,-230.34,-2.602,285.57,312.06,1936,R20_FZ_250_filtered
25,12,0,-230.32,-4.519,286.05,451.5,1984,R20_FZ_250_filtered
25,12,0,-230.25,-2.146,285.46,269.39,1925,R20_FZ_250_filtered
25,12,0,-230.24,-5.826,252.57,512.42,768,R20_FZ_250_filtered
25,12,0,-230.24,-3.001,420.87,353.95,6929,R20_FZ_250_filtered
25,12,0,-230.23,-2.487,420.74,305.69,6916,R20_FZ_250_filtered
25,12,0,-230.16,-5.298,252.44,492.27,755,R20_FZ_250_filtered
25,12,0,-230.16,-5.196,421.42,490.58,6984,R20_FZ_250_filtered
25,12,0,-230.12,-2.191,285.47,273.74,1926,R20_FZ_250_filtered
25,12,0,-230.06,-5.378,286.26,491.36,2005,R20_FZ_250_filtered
25,12,0,-230.01,-4.237,421.18,440.02,6960,R20_FZ_250_filtered
25,12,0,-229.79,-1.78,251.56,234.66,667,R20_FZ_250_filtered
25,12,0,-229.65,-2.029,420.63,261.47,6905,R20_FZ_250_filtered
25,12,0,-229.5,-3.936,252.1,417.37,721,R20_FZ_250_filtered
25,12,0,-229.32,-3.613,252.02,399.69,713,R20_FZ_250_filtered
25,12,0,-229.3,-2.181,251.66,273.11,677,R20_FZ_250_filtered
25,12,0,-229.21,-4.918,286.15,472.74,1994,R20_FZ_250_filtered
25,12,0,-229.2,-4.713,421.3,467.31,6972,R20_FZ_250_filtered
25,12,0,-229.15,-4.31,421.2,447.78,6962,R20_FZ_250_filtered
25,12,-0,-229.12,-2.967,420.86,349.76,6928,R20_FZ_250_filtered
25,12,0,-229.1,-3.365,420.96,379.99,6938,R20_FZ_250_filtered
25,12,0,-229.05,-3.161,285.71,362.63,1950,R20_FZ_250_filtered
25,12,0,-229.02,-2.698,251.79,325.86,690,R20_FZ_250_filtered
25,12,0,-228.94,-5.374,252.46,497.24,757,R20_FZ_250_filtered
25,12,0,-228.9,-3.804,421.07,412.11,6949,R20_FZ_250_filtered
25,12,0,-228.85,-5.355,252.45,495.23,756,R20_FZ_250_filtered
25,12,0,-228.79,-4.924,252.35,478.33,746,R20_FZ_250_filtered
25,12,0,-228.75,-4.864,252.33,472.28,744,R20_FZ_250_filtered
25,12,0,-228.75,-3.445,420.98,389.31,6940,R20_FZ_250_filtered
25,12,0,-228.7,-2.644,285.58,317.01,1937,R20_FZ_250_filtered
25,12,0,-228.65,-4.041,285.93,424.66,1972,R20_FZ_250_filtered
25,12,0,-228.63,-3.4,420.97,385.12,6939,R20_FZ_250_filtered
25,12,0,-228.59,-3.057,251.88,354.08,699,R20_FZ_250_filtered
25,12,0,-228.59,-3.521,285.8,387.44,1959,R20_FZ_250_filtered
25,12,0,-228.59,-4.473,286.04,450.12,1983,R20_FZ_250_filtered
25,12,0,-228.4,-3.881,421.09,420.64,6951,R20_FZ_250_filtered
25,12,0,-228.38,-4.058,252.13,429.63,724,R20_FZ_250_filtered
25,12,0,-228.24,-3.974,252.11,422.5,722,R20_FZ_250_filtered
25,12,0,-228.23,-3.574,285.81,392.42,1960,R20_FZ_250_filtered
25,12,0,-228.14,-4.893,252.34,476.17,745,R20_FZ_250_filtered
25,12,0,-228.09,-4.415,252.22,449.49,733,R20_FZ_250_filtered
25,12,0,-227.92,-4.437,286.03,447.32,1982,R20_FZ_250_filtered
25,12,0,-227.91,-3.117,285.7,358.91,1949,R20_FZ_250_filtered
25,12,0,-227.84,-3.099,251.89,359.37,700,R20_FZ_250_filtered
25,12,0,-227.78,-3.846,421.08,417.08,6950,R20_FZ_250_filtered
25,12,0,-227.44,-4.015,252.12,426.69,723,R20_FZ_250_filtered
25,12,0,-227.31,-4.465,252.23,453.69,734,R20_FZ_250_filtered
25,12,0,-213.09,2.157,318.18,-232.54,3063,R20_FZ_200_filtered
25,12,0,-213.07,2.605,318.07,-269.31,3052,R20_FZ_200_filtered
25,12,0,-212.97,2.65,318.06,-271.15,3051,R20_FZ_200_filtered
25,12,0,-212.67,3.955,317.73,-357.52,3018,R20_FZ_200_filtered
25,12,0,-212.55,5.309,317.39,-414.28,2984,R20_FZ_200_filtered
25,12,0,-212.4,3.047,317.96,-301.7,3041,R20_FZ_200_filtered
25,12,0,-212.3,4.871,317.5,-398.62,2995,R20_FZ_200_filtered
25,12,0,-212.13,3.989,317.72,-358.76,3017,R20_FZ_200_filtered
25,12,0,-211.73,4.399,317.62,-379.69,3007,R20_FZ_200_filtered
25,12,0,-211.67,6.194,317.17,-440.01,2962,R20_FZ_200_filtered
25,12,0,-211.58,5.266,317.4,-412.25,2985,R20_FZ_200_filtered
25,12,0,-211.35,6.237,317.16,-442.03,2961,R20_FZ_200_filtered
25,12,0,-211.31,2.108,318.19,-229.74,3064,R20_FZ_200_filtered
25,12,0,-211.05,3.126,317.94,-304.65,3039,R20_FZ_200_filtered
25,12,0,-211.02,4.903,317.49,-398.14,2994,R20_FZ_200_filtered
25,12,0,-210.68,3.916,317.74,-355.19,3019,R20_FZ_200_filtered
25,12,0,-210.68,2.691,318.05,-272.36,3050,R20_FZ_200_filtered
25,12,0,-210.45,1.724,318.29,-194.36,3074,R20_FZ_200_filtered
25,12,0,-210.44,6.634,317.06,-451.95,2951,R20_FZ_200_filtered
25,12,0,-210.34,4.038,317.71,-358.6,3016,R20_FZ_200_filtered
25,12,0,-210.31,5.836,317.26,-427.76,2971,R20_FZ_200_filtered
25,12,-0,-210.11,3.013,317.97,-298.88,3042,R20_FZ_200_filtered
25,12,0,-209.93,7.154,316.93,-463.89,2938,R20_FZ_200_filtered
25,12,0,-209.81,7.567,316.82,-470.7,2927,R20_FZ_200_filtered
25,12,0,-209.74,7.111,316.94,-462.64,2939,R20_FZ_200_filtered
25,12,0,-209.68,6.154,317.18,-436.74,2963,R20_FZ_200_filtered
25,12,0,-209.61,1.774,318.28,-196.85,3073,R20_FZ_200_filtered
25,12,0,-209.5,1.697,318.3,-191.25,3075,R20_FZ_200_filtered
25,12,0,-209.34,7.543,316.83,-468.99,2928,R20_FZ_200_filtered
25,12,0,-209.15,2.075,318.2,-225.51,3065,R20_FZ_200_filtered
25,12,0,-208.96,4.946,317.48,-397.51,2993,R20_FZ_200_filtered
25,12,0,-208.92,-3.499,324.08,330.62,3652,R20_FZ_200_filtered
25,12,0,-208.8,5.224,317.41,-408.37,2986,R20_FZ_200_filtered
25,12,0,-208.7,7.086,316.95,-459.85,2940,R20_FZ_200_filtered
25,12,0,-208.67,-2.987,324.21,296.67,3665,R20_FZ_200_filtered
25,12,0,-208.54,6.303,317.14,-441.1,2959,R20_FZ_200_filtered
25,12,0,-208.42,8.044,316.71,-475.05,2916,R20_FZ_200_filtered
25,12,0,-208.42,2.738,318.04,-273.59,3049,R20_FZ_200_filtered
25,12,0,-208.37,-3.466,324.09,328,3653,R20_FZ_200_filtered
25,12,0,-208.3,7.197,316.92,-463.26,2937,R20_FZ_200_filtered
25,12,0,-208.28,5.677,317.3,-421.22,2975,R20_FZ_200_filtered
25,12,0,-208.24,-4.867,323.74,393.45,3618,R20_FZ_200_filtered
25,12,0,-208.14,-4.425,323.85,376.68,3629,R20_FZ_200_filtered
25,12,0,-207.97,-4.83,323.75,391.29,3619,R20_FZ_200_filtered
25,12,0,-207.93,6.579,317.07,-448.2,2952,R20_FZ_200_filtered
25,12,0,-207.85,-3.902,323.98,351.42,3642,R20_FZ_200_filtered
25,12,0,-207.74,3.883,317.75,-351.6,3020,R20_FZ_200_filtered
25,12,0,-207.72,-3.537,324.07,332.79,3651,R20_FZ_200_filtered
25,12,0,-207.66,5.866,317.25,-426.64,2970,R20_FZ_200_filtered
25,12,0,-207.56,8.08,316.7,-475.51,2915,R20_FZ_200_filtered
25,12,0,-207.36,8.004,316.72,-472.84,2917,R20_FZ_200_filtered
25,12,0,-207.35,8.494,316.59,-479.22,2904,R20_FZ_200_filtered
25,12,0,-207.11,2.974,317.98,-294.53,3043,R20_FZ_200_filtered
25,12,0,-207.07,-4.903,323.73,394.69,3617,R20_FZ_200_filtered
25,12,0,-207.06,1.8,318.27,-198.38,3072,R20_FZ_200_filtered
25,12,0,-207.03,4.311,317.64,-372.52,3009,R20_FZ_200_filtered
25,12,0,-207.01,8.457,316.6,-477.36,2905,R20_FZ_200_filtered
25,12,0,-206.95,4.082,317.7,-358.42,3015,R20_FZ_200_filtered
25,12,0,-206.93,-3.423,324.1,325.37,3654,R20_FZ_200_filtered
25,12,0,-206.91,8.912,316.49,-479.04,2894,R20_FZ_200_filtered
25,12,0,-206.7,-4.459,323.84,378.42,3628,R20_FZ_200_filtered
25,12,0,-206.67,9.377,316.37,-482,2882,R20_FZ_200_filtered
25,12,-0,-206.62,1.635,318.31,-187.65,3076,R20_FZ_200_filtered
25,12,0,-206.59,-4.802,323.76,388.66,3620,R20_FZ_200_filtered
25,12,0,-206.56,7.231,316.91,-461.85,2936,R20_FZ_200_filtered
25,12,0,-206.54,-2.94,324.22,293.74,3666,R20_FZ_200_filtered
25,12,0,-206.49,-6.172,323.41,433,3585,R20_FZ_200_filtered
25,12,0,-206.25,6.794,317.02,-452.23,2947,R20_FZ_200_filtered
25,12,0,-206.2,8.122,316.69,-474.71,2914,R20_FZ_200_filtered
25,12,-0,-206.16,8.994,316.47,-482.3,2892,R20_FZ_200_filtered
25,12,0,-205.97,9.403,316.36,-483.57,2881,R20_FZ_200_filtered
25,12,0,-205.94,5.189,317.42,-404.3,2987,R20_FZ_200_filtered
25,12,0,-205.92,4.98,317.47,-396.09,2992,R20_FZ_200_filtered
25,12,0,-205.91,3.391,317.87,-322.6,3032,R20_FZ_200_filtered
25,12,0,-205.91,-3.144,324.17,307.98,3661,R20_FZ_200_filtered
25,12,0,-205.87,8.531,316.58,-479.22,2903,R20_FZ_200_filtered
25,12,0,-205.84,-5.815,323.5,422.92,3594,R20_FZ_200_filtered
25,12,0,-205.83,12.096,315.69,-482.11,2814,R20_FZ_200_filtered
25,12,0,-205.82,-6.67,323.29,446.95,3573,R20_FZ_200_filtered
25,12,-0,-205.75,12.245,315.57,-485.86,2802,R20_FZ_200_filtered
25,12,0,-205.74,10.749,316.03,-484.17,2848,R20_FZ_200_filtered
25,12,0,-205.72,9.831,316.26,-483.71,2871,R20_FZ_200_filtered
25,12,0,-205.71,-6.13,323.42,431.16,3586,R20_FZ_200_filtered
25,12,0,-205.71,-3.871,323.99,348.98,3643,R20_FZ_200_filtered
25,12,0,-205.69,6.545,317.08,-444.47,2953,R20_FZ_200_filtered
25,12,0,-205.68,11.621,315.8,-483.22,2825,R20_FZ_200_filtered
25,12,0,-205.6,-3.587,324.06,334.99,3650,R20_FZ_200_filtered
25,12,0,-205.58,10.792,316.02,-484.47,2847,R20_FZ_200_filtered
25,12,0,-205.52,1.312,318.39,-154.03,3084,R20_FZ_200_filtered
25,12,0,-205.51,10.292,316.14,-484.33,2859,R20_FZ_200_filtered
25,12,0,-205.5,2.046,318.21,-220.69,3066,R20_FZ_200_filtered
25,12,0,-205.43,8.418,316.61,-474.39,2906,R20_FZ_200_filtered
25,12,0,-205.4,11.661,315.79,-484.15,2824,R20_FZ_200_filtered
25,12,0,-205.36,2.771,318.03,-275.44,3048,R20_FZ_200_filtered
25,12,0,-205.32,-7.088,323.18,456.12,3562,R20_FZ_200_filtered
25,12,0,-205.25,7.961,316.73,-469.89,2918,R20_FZ_200_filtered
25,12,0,-205.2,5.911,317.24,-425.69,2969,R20_FZ_200_filtered
25,12,0,-205.15,9.342,316.38,-478.9,2883,R20_FZ_200_filtered
25,12,0,-205.12,7.457,316.85,-462.15,2930,R20_FZ_200_filtered
25,12,0,-205.07,11.756,315.45,-489.41,2791,R20_FZ_200_filtered
25,12,0,-205.03,10.265,316.15,-482.31,2860,R20_FZ_200_filtered
25,12,0,-205,5.629,317.31,-417.47,2976,R20_FZ_200_filtered
25,12,0,-204.98,-6.715,323.28,447.74,3572,R20_FZ_200_filtered
25,12,0,-204.97,11.758,315.46,-485.99,2792,R20_FZ_200_filtered
25,12,0,-204.92,11.584,315.81,-481.06,2826,R20_FZ_200_filtered
25,12,0,-204.86,-7.124,323.17,457.52,3561,R20_FZ_200_filtered
25,12,0,-204.83,-4.94,323.72,395.5,3616,R20_FZ_200_filtered
25,12,-0,-204.82,12.159,315.67,-484.91,2812,R20_FZ_200_filtered
25,12,0,-204.61,-7.047,323.19,453.98,3563,R20_FZ_200_filtered
25,12,0,-204.58,-4.502,323.83,379.36,3627,R20_FZ_200_filtered
25,12,0,-204.53,12.26,315.55,-486.94,2800,R20_FZ_200_filtered
25,12,0,-204.49,4.124,317.69,-358.24,3014,R20_FZ_200_filtered
25,12,0,-204.43,9.446,316.35,-483.24,2880,R20_FZ_200_filtered
25,12,0,-204.41,10.838,316.01,-483.22,2846,R20_FZ_200_filtered
25,12,0,-204.4,2.935,317.99,-289.84,3044,R20_FZ_200_filtered
25,12,0,-204.37,-7.552,323.07,462.79,3551,R20_FZ_200_filtered
25,12,0,-204.33,11.536,315.34,-489.27,2780,R20_FZ_200_filtered
25,12,0,-204.33,9.777,316.27,-479.96,2872,R20_FZ_200_filtered
25,12,0,-204.32,6.833,317.01,-450.97,2946,R20_FZ_200_filtered
25,12,0,-204.19,11.098,315.23,-490.21,2769,R20_FZ_200_filtered
25,12,0,-204.18,11.144,315.93,-480.44,2838,R20_FZ_200_filtered
25,12,0,-204.18,4.72,317.54,-385.68,2999,R20_FZ_200_filtered
25,12,0,-204.09,0.756,318.53,-96.32,3098,R20_FZ_200_filtered
25,12,0,-204.08,8.156,316.68,-472.99,2913,R20_FZ_200_filtered
25,12,0,-204.06,-2.903,324.23,291.27,3667,R20_FZ_200_filtered
25,12,0,-204.05,11.491,315.33,-491.14,2779,R20_FZ_200_filtered
25,12,0,-204.05,11.769,315.47,-481.94,2793,R20_FZ_200_filtered
25,12,0,-203.93,6.988,316.97,-452.98,2942,R20_FZ_200_filtered
25,12,0,-203.93,4.274,317.65,-367.68,3010,R20_FZ_200_filtered
25,12,0,-203.93,-5.858,323.49,422.93,3593,R20_FZ_200_filtered
25,12,0,-203.83,11.715,315.78,-483.68,2823,R20_FZ_200_filtered
25,12,0,-203.81,2.303,318.14,-239.75,3059,R20_FZ_200_filtered
25,12,0,-203.79,-4.741,323.77,386.36,3621,R20_FZ_200_filtered
25,12,0,-203.72,11.049,315.22,-493.92,2768,R20_FZ_200_filtered
25,12,0,-203.68,-7.163,323.16,457.05,3560,R20_FZ_200_filtered
25,12,0,-203.67,5.029,317.46,-395.44,2991,R20_FZ_200_filtered
25,12,0,-203.66,-7.585,323.06,464.03,3550,R20_FZ_200_filtered
25,12,0,-203.55,2.821,318.02,-277.89,3047,R20_FZ_200_filtered
25,12,0,-203.55,-3.837,324,346.52,3644,R20_FZ_200_filtered
25,12,0,-203.53,-3.184,324.16,310.64,3660,R20_FZ_200_filtered
25,12,0,-203.52,10.624,315.11,-494.25,2757,R20_FZ_200_filtered
25,12,0,-203.47,3.674,317.8,-334.19,3025,R20_FZ_200_filtered
25,12,0,-203.45,1.358,318.38,-156.63,3083,R20_FZ_200_filtered
25,12,0,-203.43,12.182,315.66,-483.68,2811,R20_FZ_200_filtered
25,12,0,-203.38,6.505,317.09,-441.02,2954,R20_FZ_200_filtered
25,12,0,-203.38,-3.616,324.05,336.87,3649,R20_FZ_200_filtered
25,12,0,-203.35,3.346,317.88,-318.23,3033,R20_FZ_200_filtered
25,12,0,-203.32,-6.096,323.43,428.39,3587,R20_FZ_200_filtered
25,12,0,-203.3,5.148,317.43,-400.42,2988,R20_FZ_200_filtered
25,12,0,-203.26,10.212,316.16,-479.19,2861,R20_FZ_200_filtered
25,12,0,-203.25,5.958,317.23,-424.92,2968,R20_FZ_200_filtered
25,12,0,-203.25,-6.295,323.38,435.8,3582,R20_FZ_200_filtered
25,12,0,-203.24,11.022,315.21,-494.86,2767,R20_FZ_200_filtered
25,12,0,-203.21,-5.417,323.6,410.54,3604,R20_FZ_200_filtered
25,12,0,-203.17,-7.503,323.08,460.8,3552,R20_FZ_200_filtered
25,12,0,-203.13,2.416,318.11,-252.14,3056,R20_FZ_200_filtered
25,12,0,-203.1,-8.023,322.95,468.85,3539,R20_FZ_200_filtered
25,12,0,-203.09,10.585,315.1,-496.25,2756,R20_FZ_200_filtered
25,12,0,-203.04,-5.18,323.66,400,3610,R20_FZ_200_filtered
25,12,0,-202.93,10.658,315.12,-489.42,2758,R20_FZ_200_filtered
25,12,0,-202.93,-7.637,323.05,463.73,3549,R20_FZ_200_filtered
25,12,0,-202.89,-7.004,323.2,451.19,3564,R20_FZ_200_filtered
25,12,0,-202.82,7.907,316.74,-467.23,2919,R20_FZ_200_filtered
25,12,0,-202.82,4.591,317.57,-378.54,3002,R20_FZ_200_filtered
25,12,0,-202.77,10.177,315,-492.99,2746,R20_FZ_200_filtered
25,12,0,-202.77,8.388,316.62,-470.96,2907,R20_FZ_200_filtered
25,12,0,-202.77,4.672,317.55,-381.93,3000,R20_FZ_200_filtered
25,12,0,-202.76,1.995,318.22,-215.41,3067,R20_FZ_200_filtered
25,12,0,-202.74,6.001,317.22,-425.37,2967,R20_FZ_200_filtered
25,12,0,-202.73,7.305,316.89,-458.87,2934,R20_FZ_200_filtered
25,12,-0,-202.72,12.265,315.54,-485.05,2799,R20_FZ_200_filtered
25,12,0,-202.72,10.38,316.12,-483.22,2857,R20_FZ_200_filtered
25,12,0,-202.71,9.296,316.39,-474.99,2884,R20_FZ_200_filtered
25,12,0,-202.63,6.03,317.21,-426.6,2966,R20_FZ_200_filtered
25,12,0,-202.61,7.749,316.78,-466.61,2923,R20_FZ_200_filtered
25,12,0,-202.6,11.141,315.24,-485.21,2770,R20_FZ_200_filtered
25,12,0,-202.59,-8.045,322.94,468.53,3538,R20_FZ_200_filtered
25,12,0,-202.51,1.887,318.25,-202.51,3070,R20_FZ_200_filtered
25,12,0,-202.48,-7.977,322.96,467.77,3540,R20_FZ_200_filtered
25,12,0,-202.45,10.872,316,-481.18,2845,R20_FZ_200_filtered
25,12,0,-202.44,1.141,318.43,-138.96,3088,R20_FZ_200_filtered
25,12,0,-202.42,5.072,317.45,-395.57,2990,R20_FZ_200_filtered
25,12,0,-202.37,9.492,316.34,-481.06,2879,R20_FZ_200_filtered
25,12,-0,-202.37,5.546,317.33,-411.24,2978,R20_FZ_200_filtered
25,12,0,-202.36,7.424,316.86,-459.5,2931,R20_FZ_200_filtered
25,12,0,-202.3,4.157,317.68,-358.54,3013,R20_FZ_200_filtered
25,12,0,-202.29,2.331,318.13,-242.68,3058,R20_FZ_200_filtered
25,12,0,-202.24,12.048,315.71,-476.05,2816,R20_FZ_200_filtered
25,12,0,-202.19,11.609,315.36,-480.54,2782,R20_FZ_200_filtered
25,12,-0,-202.19,4.231,317.66,-363.47,3011,R20_FZ_200_filtered
25,12,-0,-202.17,10.128,314.99,-496.39,2745,R20_FZ_200_filtered
25,12,0,-202.17,6.955,316.98,-450.63,2943,R20_FZ_200_filtered
25,12,0,-202.16,9.074,316.45,-479.19,2890,R20_FZ_200_filtered
25,12,0,-202.12,11.451,315.32,-490.96,2778,R20_FZ_200_filtered
25,12,0,-202.11,10.703,315.13,-483.51,2759,R20_FZ_200_filtered
25,12,0,-202.07,2.852,318.01,-280.98,3046,R20_FZ_200_filtered
25,12,0,-202.06,9.742,314.89,-490.35,2735,R20_FZ_200_filtered
25,12,0,-202.03,-4.709,323.78,384.35,3622,R20_FZ_200_filtered
25,12,0,-201.96,9.258,314.77,-491.75,2723,R20_FZ_200_filtered
25,12,0,-201.91,2.377,318.12,-246.88,3057,R20_FZ_200_filtered
25,12,0,-201.85,-6.039,323.44,426.38,3588,R20_FZ_200_filtered
25,12,0,-201.83,11.767,315.77,-482.58,2822,R20_FZ_200_filtered
25,12,0,-201.83,10.66,316.05,-478.87,2850,R20_FZ_200_filtered
25,12,0,-201.83,3.266,317.9,-310.15,3035,R20_FZ_200_filtered
25,12,0,-201.77,4.625,317.56,-379.44,3001,R20_FZ_200_filtered
25,12,0,-201.73,11.768,315.48,-478.52,2794,R20_FZ_200_filtered
25,12,0,-201.73,8.832,316.51,-471.72,2896,R20_FZ_200_filtered
25,12,0,-201.71,9.742,316.28,-476.21,2873,R20_FZ_200_filtered
25,12,0,-201.71,-3.232,324.15,313.16,3659,R20_FZ_200_filtered
25,12,0,-201.69,-8.952,322.72,473.03,3516,R20_FZ_200_filtered
25,12,0,-201.66,-7.453,323.09,458.17,3553,R20_FZ_200_filtered
25,12,0,-201.65,-7.672,323.04,462.65,3548,R20_FZ_200_filtered
25,12,0,-201.62,3.72,317.79,-335.88,3024,R20_FZ_200_filtered
25,12,0,-201.6,6.92,316.99,-449.87,2944,R20_FZ_200_filtered
25,12,0,-201.49,-3.308,324.13,318.15,3657,R20_FZ_200_filtered
25,12,0,-201.45,10.526,315.09,-495.47,2755,R20_FZ_200_filtered
25,12,0,-201.44,7.341,316.88,-457.94,2933,R20_FZ_200_filtered
25,12,0,-201.43,4.198,317.67,-360.25,3012,R20_FZ_200_filtered
25,12,0,-201.42,-8.078,322.93,467,3537,R20_FZ_200_filtered
25,12,0,-201.38,-6.334,323.37,435.98,3581,R20_FZ_200_filtered
25,12,0,-201.36,12.198,315.65,-481.63,2810,R20_FZ_200_filtered
25,12,0,-201.36,11.106,315.94,-477.93,2839,R20_FZ_200_filtered
25,12,0,-201.34,-5.459,323.59,410.56,3603,R20_FZ_200_filtered
25,12,0,-201.34,-5.137,323.67,398.16,3611,R20_FZ_200_filtered
25,12,-0,-201.33,10.211,315.01,-487.52,2747,R20_FZ_200_filtered
25,12,0,-201.32,9.212,314.76,-494.55,2722,R20_FZ_200_filtered
25,12,0,-201.31,-5.89,323.48,423.56,3592,R20_FZ_200_filtered
25,12,0,-201.27,-3.778,324.01,344.98,3645,R20_FZ_200_filtered
25,12,0,-201.18,8.324,314.54,-486.94,2700,R20_FZ_200_filtered
25,12,0,-201.18,7.384,316.87,-458.08,2932,R20_FZ_200_filtered
25,12,0,-201.12,-8.403,322.85,469.65,3529,R20_FZ_200_filtered
25,12,0,-201.12,-5.505,323.58,411.02,3602,R20_FZ_200_filtered
25,12,0,-201.1,-5.028,323.7,396.15,3614,R20_FZ_200_filtered
25,12,-0,-201.06,-3.264,324.14,315.66,3658,R20_FZ_200_filtered
25,12,0,-201.05,1.969,318.23,-209.96,3068,R20_FZ_200_filtered
25,12,0,-201.05,0.411,318.62,-54.74,3107,R20_FZ_200_filtered
25,12,0,-201.05,-6.498,323.33,437.4,3577,R20_FZ_200_filtered
25,12,0,-201.04,10.095,314.98,-496.55,2744,R20_FZ_200_filtered
25,12,0,-201.02,2.457,313.07,-266.9,2553,R20_FZ_200_filtered
25,12,-0,-201.02,12.235,315.6,-477.45,2805,R20_FZ_200_filtered
25,12,0,-201.02,-6.984,323.21,448.56,3565,R20_FZ_200_filtered
25,12,0,-201.02,-4.225,323.9,365.44,3634,R20_FZ_200_filtered
25,12,0,-200.99,7.787,316.77,-465.37,2922,R20_FZ_200_filtered
25,12,0,-200.96,-4.591,323.81,381.41,3625,R20_FZ_200_filtered
25,12,0,-200.92,1.917,318.24,-205.91,3069,R20_FZ_200_filtered
25,12,0,-200.91,7.887,316.75,-465.36,2920,R20_FZ_200_filtered
25,12,0,-200.9,0.705,318.54,-90.85,3099,R20_FZ_200_filtered
25,12,0,-200.89,11.315,315.88,-479.93,2833,R20_FZ_200_filtered
25,12,0,-200.87,12.278,315.53,-483.04,2798,R20_FZ_200_filtered
25,12,0,-200.87,-4.141,323.92,362.96,3636,R20_FZ_200_filtered
25,12,0,-200.86,8.235,316.66,-469.38,2911,R20_FZ_200_filtered
25,12,0,-200.83,-11.601,322.04,477.08,3448,R20_FZ_200_filtered
25,12,0,-200.81,-4.674,323.79,382.82,3623,R20_FZ_200_filtered
25,12,0,-200.79,-10.255,322.38,476.47,3482,R20_FZ_200_filtered
25,12,0,-200.78,8.778,314.65,-491.75,2711,R20_FZ_200_filtered
25,12,0,-200.73,11.736,315.42,-487.54,2788,R20_FZ_200_filtered
25,12,0,-200.63,10.404,316.11,-480.72,2856,R20_FZ_200_filtered
25,12,0,-200.57,7.902,314.43,-479.35,2689,R20_FZ_200_filtered
25,12,0,-200.56,-12.127,321.93,476.75,3437,R20_FZ_200_filtered
25,12,0,-200.56,-11.175,322.16,476.61,3460,R20_FZ_200_filtered
25,12,0,-200.54,11.413,315.31,-488.62,2777,R20_FZ_200_filtered
25,12,0,-200.54,11.653,315.37,-477.14,2783,R20_FZ_200_filtered
25,12,0,-200.53,8.817,314.66,-488.01,2712,R20_FZ_200_filtered
25,12,0,-200.51,9.298,314.78,-486.79,2724,R20_FZ_200_filtered
25,12,0,-200.5,11.809,315.76,-480.86,2821,R20_FZ_200_filtered
25,12,-0,-200.48,10.186,316.17,-476.19,2862,R20_FZ_200_filtered
25,12,0,-200.46,11.179,315.25,-479.78,2771,R20_FZ_200_filtered
25,12,0,-200.46,0.337,318.64,-45.71,3109,R20_FZ_200_filtered
25,12,0,-200.46,-9.883,322.49,476.76,3493,R20_FZ_200_filtered
25,12,-0,-200.45,-7.41,323.1,455.72,3554,R20_FZ_200_filtered
25,12,0,-200.44,-8.991,322.71,472.57,3515,R20_FZ_200_filtered
25,12,0,-200.44,-6.415,323.35,436.31,3579,R20_FZ_200_filtered
25,12,0,-200.44,-6.384,323.36,436.15,3580,R20_FZ_200_filtered
25,12,0,-200.44,-5.105,323.68,397.09,3612,R20_FZ_200_filtered
25,12,0,-200.42,-11.212,322.15,478.79,3459,R20_FZ_200_filtered
25,12,0,-200.42,-5.056,323.69,396.3,3613,R20_FZ_200_filtered
25,12,0,-200.38,-4.179,323.91,364.04,3635,R20_FZ_200_filtered
25,12,0,-200.37,1.4,318.37,-159.25,3082,R20_FZ_200_filtered
25,12,0,-200.35,-12.184,321.82,476.77,3426,R20_FZ_200_filtered
25,12,0,-200.31,7.834,316.76,-464.73,2921,R20_FZ_200_filtered
25,12,0,-200.29,9.173,314.75,-494.07,2721,R20_FZ_200_filtered
25,12,0,-200.24,-4.618,323.8,382.19,3624,R20_FZ_200_filtered
25,12,0,-200.22,9.529,316.33,-478.4,2878,R20_FZ_200_filtered
25,12,0,-200.21,-12.188,321.81,479.1,3425,R20_FZ_200_filtered
25,12,-0,-200.18,-7.25,323.14,455.39,3558,R20_FZ_200_filtered
25,12,0,-200.17,9.121,316.44,-476.52,2889,R20_FZ_200_filtered
25,12,0,-200.14,-9.842,322.5,475.83,3494,R20_FZ_200_filtered
25,12,0,-200.13,7.853,314.42,-482,2688,R20_FZ_200_filtered
25,12,-0,-200.1,9.768,314.9,-485.04,2736,R20_FZ_200_filtered
25,12,0,-200.08,-10.213,322.39,474.9,3483,R20_FZ_200_filtered
25,12,0,-200.03,-11.649,322.03,478.32,3447,R20_FZ_200_filtered
25,12,0,-200,-8.358,322.86,467.82,3530,R20_FZ_200_filtered
25,12,0,-200,-5.986,323.46,424.23,3590,R20_FZ_200_filtered
25,12,0,-199.97,-12.138,321.92,478.43,3436,R20_FZ_200_filtered
25,12,0,-199.91,8.303,314.53,-488.18,2699,R20_FZ_200_filtered
25,12,0,-199.91,8.783,316.52,-469.53,2897,R20_FZ_200_filtered
25,12,0,-199.9,-11.551,322.05,474.91,3449,R20_FZ_200_filtered
25,12,0,-199.8,-12.197,321.8,480.04,3424,R20_FZ_200_filtered
25,12,0,-199.76,-7.717,323.03,461.25,3547,R20_FZ_200_filtered
25,12,0,-199.74,-8.884,322.74,469.94,3518,R20_FZ_200_filtered
25,12,0,-199.61,12.224,315.64,-480.07,2809,R20_FZ_200_filtered
25,12,0,-199.61,8.266,316.65,-468.3,2910,R20_FZ_200_filtered
25,12,0,-199.54,-7.273,323.13,454.76,3557,R20_FZ_200_filtered
25,12,0,-199.53,11.995,315.72,-474.78,2817,R20_FZ_200_filtered
25,12,0,-199.51,0.451,318.61,-58.58,3106,R20_FZ_200_filtered
25,12,0,-199.48,-10.298,322.37,476.47,3481,R20_FZ_200_filtered
25,12,0,-199.47,-12.191,321.83,473.24,3427,R20_FZ_200_filtered
25,12,0,-199.41,-11.143,322.17,473.81,3461,R20_FZ_200_filtered
25,12,0,-199.39,11.729,315.41,-484.1,2787,R20_FZ_200_filtered
25,12,0,-199.37,-11.719,321.7,478.46,3415,R20_FZ_200_filtered
25,12,0,-199.36,-11.236,322.14,479.11,3458,R20_FZ_200_filtered
25,12,0,-199.35,12.24,315.61,-476.37,2806,R20_FZ_200_filtered
25,12,0,-199.35,-9.932,322.48,476.62,3492,R20_FZ_200_filtered
25,12,0,-199.32,-0.134,318.75,11.97,3120,R20_FZ_200_filtered
25,12,0,-199.32,-7.379,323.11,454.63,3555,R20_FZ_200_filtered
25,12,0,-199.26,10.614,316.06,-476.53,2851,R20_FZ_200_filtered
25,12,0,-199.25,6.063,313.97,-439.63,2643,R20_FZ_200_filtered
25,12,0,-199.24,-7.332,323.12,454.31,3556,R20_FZ_200_filtered
25,12,0,-199.22,9.617,314.86,-494.69,2732,R20_FZ_200_filtered
25,12,0,-199.21,10.453,316.1,-478.36,2855,R20_FZ_200_filtered
25,12,0,-199.17,-7.768,323.02,460.35,3546,R20_FZ_200_filtered
25,12,0,-199.16,10.247,315.02,-482.25,2748,R20_FZ_200_filtered
25,12,0,-199.15,-11.436,321.58,477.68,3403,R20_FZ_200_filtered
25,12,-0,-199.13,-12.151,321.91,478.94,3435,R20_FZ_200_filtered
25,12,0,-199.11,10.738,315.14,-478.83,2760,R20_FZ_200_filtered
25,12,0,-199.11,11.075,315.95,-475.74,2840,R20_FZ_200_filtered
25,12,0,-199.11,-9.017,322.7,471.82,3514,R20_FZ_200_filtered
25,12,0,-199.1,-9.26,322.63,471.21,3507,R20_FZ_200_filtered
25,12,0,-199.08,-11.704,321.69,479.21,3414,R20_FZ_200_filtered
25,12,0,-199.06,6.533,314.09,-452.83,2655,R20_FZ_200_filtered
25,12,0,-199.06,8.85,314.67,-481.94,2713,R20_FZ_200_filtered
25,12,0,-199.06,1.118,318.44,-133.17,3089,R20_FZ_200_filtered
25,12,0,-199.05,7.81,314.41,-480.88,2687,R20_FZ_200_filtered
25,12,0,-199.02,-11.515,322.06,471.83,3450,R20_FZ_200_filtered
25,12,0,-199,11.728,315.4,-480.2,2786,R20_FZ_200_filtered
25,12,0,-198.98,6.98,314.2,-464.29,2666,R20_FZ_200_filtered
25,12,0,-198.97,-10.2,322.4,472.28,3484,R20_FZ_200_filtered
25,12,0,-198.95,9.698,316.29,-473.71,2874,R20_FZ_200_filtered
25,12,0,-198.94,10.483,315.08,-492.5,2754,R20_FZ_200_filtered
25,12,0,-198.94,11.348,315.87,-479.01,2832,R20_FZ_200_filtered
25,12,0,-198.92,-11.706,322.02,478.02,3446,R20_FZ_200_filtered
25,12,0,-198.84,-10.518,321.35,479.1,3380,R20_FZ_200_filtered
25,12,0,-198.8,-10.961,321.46,479.4,3391,R20_FZ_200_filtered
25,12,-0,-198.75,6.938,314.19,-463.82,2665,R20_FZ_200_filtered
25,12,-0,-198.72,11.368,315.3,-485.65,2776,R20_FZ_200_filtered
25,12,0,-198.71,-11.035,321.48,474.91,3393,R20_FZ_200_filtered
25,12,0,-198.7,10.037,316.21,-476.97,2866,R20_FZ_200_filtered
25,12,-0,-198.69,9.154,316.43,-473.85,2888,R20_FZ_200_filtered
25,12,0,-198.68,11.672,315.38,-476.01,2784,R20_FZ_200_filtered
25,12,0,-198.67,7.936,314.44,-473.74,2690,R20_FZ_200_filtered
25,12,0,-198.67,-11.708,321.71,476.75,3416,R20_FZ_200_filtered
25,12,0,-198.67,-10.659,322.29,471.5,3473,R20_FZ_200_filtered
25,12,-0,-198.66,-8.582,322.81,468.26,3525,R20_FZ_200_filtered
25,12,0,-198.65,8.746,316.53,-469.54,2898,R20_FZ_200_filtered
25,12,0,-198.63,-11.477,321.59,475.68,3404,R20_FZ_200_filtered
25,12,0,-198.59,11.86,315.75,-479.44,2820,R20_FZ_200_filtered
25,12,0,-198.57,6.096,313.98,-439.16,2644,R20_FZ_200_filtered
25,12,0,-198.56,5.14,313.74,-407.98,2620,R20_FZ_200_filtered
25,12,0,-198.54,2.504,313.08,-268.59,2554,R20_FZ_200_filtered
25,12,0,-198.54,1.436,318.36,-162.8,3081,R20_FZ_200_filtered
25,12,0,-198.52,-10.558,321.36,476.31,3381,R20_FZ_200_filtered
25,12,0,-198.49,11.418,315.85,-476.81,2830,R20_FZ_200_filtered
25,12,0,-198.48,9.338,314.79,-481.16,2725,R20_FZ_200_filtered
25,12,0,-198.41,5.569,313.85,-423.36,2631,R20_FZ_200_filtered
25,12,0,-198.37,8.261,314.52,-486.01,2698,R20_FZ_200_filtered
25,12,0,-198.37,9.234,316.41,-471.08,2886,R20_FZ_200_filtered
25,12,0,-198.37,-10.844,322.25,477.85,3469,R20_FZ_200_filtered
25,12,0,-198.29,12.23,315.62,-476.82,2807,R20_FZ_200_filtered
25,12,0,-198.26,6.018,313.96,-437.15,2642,R20_FZ_200_filtered
25,12,0,-198.19,-10.336,322.36,475.87,3480,R20_FZ_200_filtered
25,12,0,-198.17,-12.197,321.79,478.95,3423,R20_FZ_200_filtered
25,12,-0,-198.16,9.181,316.42,-471.67,2887,R20_FZ_200_filtered
25,12,0,-198.14,5.18,313.75,-410.32,2621,R20_FZ_200_filtered
25,12,0,-198.13,11.695,315.39,-477.26,2785,R20_FZ_200_filtered
25,12,0,-198.1,-8.31,322.87,465.82,3531,R20_FZ_200_filtered
25,12,0,-198.09,10.143,316.18,-474.8,2863,R20_FZ_200_filtered
25,12,0,-198.09,-8.841,322.75,468.43,3519,R20_FZ_200_filtered
25,12,0,-198.03,2.835,313.17,-291.7,2563,R20_FZ_200_filtered
25,12,0,-198.03,7.014,314.21,-461.17,2667,R20_FZ_200_filtered
25,12,0,-198.02,5.658,313.87,-424.44,2633,R20_FZ_200_filtered
25,12,0,-198.01,-7.791,323.01,459.87,3545,R20_FZ_200_filtered
25,12,0,-198,9.145,314.74,-490.64,2720,R20_FZ_200_filtered
25,12,0,-197.99,11.952,315.73,-475.07,2818,R20_FZ_200_filtered
25,12,0,-197.93,-9.06,322.69,470.29,3513,R20_FZ_200_filtered
25,12,0,-197.92,4.696,313.63,-389.39,2609,R20_FZ_200_filtered
25,12,0,-197.92,11.228,315.26,-476.65,2772,R20_FZ_200_filtered
25,12,-0,-197.9,12.23,315.63,-478.2,2808,R20_FZ_200_filtered
25,12,0,-197.84,11.902,315.74,-476.94,2819,R20_FZ_200_filtered
25,12,0,-197.83,1.529,318.34,-171.62,3079,R20_FZ_200_filtered
25,12,0,-197.76,9.819,314.91,-479.91,2737,R20_FZ_200_filtered
25,12,0,-197.76,-10.604,321.37,473.69,3382,R20_FZ_200_filtered
25,12,0,-197.72,-10.468,321.34,480.8,3379,R20_FZ_200_filtered
25,12,0,-197.71,-7.839,323,460.36,3544,R20_FZ_200_filtered
25,12,0,-197.69,11.035,315.96,-474.32,2841,R20_FZ_200_filtered
25,12,0,-197.67,-10.123,321.25,474.91,3370,R20_FZ_200_filtered
25,12,0,-197.65,11.382,315.86,-477.76,2831,R20_FZ_200_filtered
25,12,0,-197.62,2.876,313.18,-294.64,2564,R20_FZ_200_filtered
25,12,0,-197.56,7.51,314.33,-466.13,2679,R20_FZ_200_filtered
25,12,0,-197.54,11.335,315.29,-482.24,2775,R20_FZ_200_filtered
25,12,0,-197.54,-8.627,322.8,467.17,3524,R20_FZ_200_filtered
25,12,0,-197.53,-9.154,321.01,474.3,3346,R20_FZ_200_filtered
25,12,0,-197.52,1.061,318.45,-127.56,3090,R20_FZ_200_filtered
25,12,0,-197.47,10.781,315.15,-477.1,2761,R20_FZ_200_filtered
25,12,0,-197.45,10.894,315.18,-485.65,2764,R20_FZ_200_filtered
25,12,0,-197.45,1.472,318.35,-166.81,3080,R20_FZ_200_filtered
25,12,0,-197.45,-11.473,322.07,469.97,3451,R20_FZ_200_filtered
25,12,0,-197.44,6.453,314.07,-449.24,2653,R20_FZ_200_filtered
25,12,0,-197.43,-11.522,321.6,473.54,3405,R20_FZ_200_filtered
25,12,0,-197.38,-9.207,321.02,472.16,3347,R20_FZ_200_filtered
25,12,0,-197.38,-9.965,322.47,475.71,3491,R20_FZ_200_filtered
25,12,0,-197.36,2.311,313.03,-249.96,2549,R20_FZ_200_filtered
25,12,0,-197.36,10.496,316.09,-476.96,2854,R20_FZ_200_filtered
25,12,0,-197.33,-12.208,321.78,476.92,3422,R20_FZ_200_filtered
25,12,0,-197.3,0.478,318.6,-62.6,3105,R20_FZ_200_filtered
25,12,0,-197.3,-11.068,321.49,473.08,3394,R20_FZ_200_filtered
25,12,0,-197.3,-11.755,322.01,476.47,3445,R20_FZ_200_filtered
25,12,0,-197.25,-10.157,322.41,470.91,3485,R20_FZ_200_filtered
25,12,-0,-197.23,-0.534,318.85,66.59,3130,R20_FZ_200_filtered
25,12,0,-197.19,6.891,314.18,-460.24,2664,R20_FZ_200_filtered
25,12,0,-197.15,-9.223,322.64,469.69,3508,R20_FZ_200_filtered
25,12,0,-197.14,4.736,313.64,-390.77,2610,R20_FZ_200_filtered
25,12,0,-197.14,-8.238,322.89,463.32,3533,R20_FZ_200_filtered
25,12,0,-197.12,-10.884,322.24,476.79,3468,R20_FZ_200_filtered
25,12,0,-197.11,-11.692,321.67,477.07,3412,R20_FZ_200_filtered
25,12,0,-197.09,4.252,313.52,-368.28,2598,R20_FZ_200_filtered
25,12,0,-197.06,-12.184,321.84,470.43,3428,R20_FZ_200_filtered
25,12,0,-197.05,-9.643,321.13,475.08,3358,R20_FZ_200_filtered
25,12,-0,-197.03,-11.714,321.72,474.78,3417,R20_FZ_200_filtered
25,12,0,-197.01,10.561,316.07,-475.24,2852,R20_FZ_200_filtered
25,12,0,-196.97,-9.606,321.12,477.72,3357,R20_FZ_200_filtered
25,12,0,-196.93,10.11,316.19,-474.15,2864,R20_FZ_200_filtered
25,12,0,-196.85,10.077,316.2,-474.77,2865,R20_FZ_200_filtered
25,12,0,-196.84,5.107,313.73,-403.94,2619,R20_FZ_200_filtered
25,12,0,-196.78,-0.183,318.76,18.21,3121,R20_FZ_200_filtered
25,12,0,-196.76,6.577,314.1,-449.85,2656,R20_FZ_200_filtered
25,12,0,-196.75,-11.301,322.12,475.86,3456,R20_FZ_200_filtered
25,12,0,-196.74,-8.809,322.76,467.52,3520,R20_FZ_200_filtered
25,12,0,-196.71,4.202,313.51,-364.72,2597,R20_FZ_200_filtered
25,12,0,-196.71,8.9,314.68,-475.72,2714,R20_FZ_200_filtered
25,12,0,-196.71,10.861,315.17,-481.45,2763,R20_FZ_200_filtered
25,12,0,-196.68,2.796,313.16,-287.67,2562,R20_FZ_200_filtered
25,12,0,-196.68,10.287,315.03,-478.66,2749,R20_FZ_200_filtered
25,12,0,-196.68,-8.733,320.9,469.66,3335,R20_FZ_200_filtered
25,12,0,-196.67,-8.763,322.77,466.73,3521,R20_FZ_200_filtered
25,12,0,-196.65,9.579,314.85,-491.11,2731,R20_FZ_200_filtered
25,12,0,-196.64,-12.19,321.89,475.24,3433,R20_FZ_200_filtered
25,12,0,-196.62,5.536,313.84,-418.85,2630,R20_FZ_200_filtered
25,12,0,-196.58,-8.265,322.88,464.27,3532,R20_FZ_200_filtered
25,12,0,-196.51,-9.128,321,475.7,3345,R20_FZ_200_filtered
25,12,0,-196.48,10.524,316.08,-475.54,2853,R20_FZ_200_filtered
25,12,0,-196.44,-9.701,322.53,469.67,3497,R20_FZ_200_filtered
25,12,0,-196.41,-12.015,321.96,469.62,3440,R20_FZ_200_filtered
25,12,0,-196.4,11.264,315.27,-476.18,2773,R20_FZ_200_filtered
25,12,0,-196.4,11.305,315.28,-478.52,2774,R20_FZ_200_filtered
25,12,0,-196.39,-12.226,321.77,474.93,3421,R20_FZ_200_filtered
25,12,0,-196.39,-10.371,322.35,474.63,3479,R20_FZ_200_filtered
25,12,-0,-196.36,-11.561,321.61,471.56,3406,R20_FZ_200_filtered
25,12,0,-196.34,5.216,313.76,-408.76,2622,R20_FZ_200_filtered
25,12,0,-196.32,9.374,314.8,-476.49,2726,R20_FZ_200_filtered
25,12,0,-196.3,4.663,313.62,-385.64,2608,R20_FZ_200_filtered
25,12,0,-196.28,-8.68,320.89,471.53,3334,R20_FZ_200_filtered
25,12,-0,-196.22,-12.236,321.76,473.39,3420,R20_FZ_200_filtered
25,12,0,-196.22,-8.678,322.79,466.57,3523,R20_FZ_200_filtered
25,12,0,-196.18,0,318.72,-3.5,3117,R20_FZ_200_filtered
25,12,0,-196.16,-10.156,321.26,472.77,3371,R20_FZ_200_filtered
25,12,0,-196.12,7.346,314.29,-468.77,2675,R20_FZ_200_filtered
25,12,0,-196.1,7.773,314.4,-476.38,2686,R20_FZ_200_filtered
25,12,-0,-196.06,7.971,314.45,-467.49,2691,R20_FZ_200_filtered
25,12,0,-196.04,1.035,318.46,-122.13,3091,R20_FZ_200_filtered
25,12,0,-196.04,-11.681,321.66,475.68,3411,R20_FZ_200_filtered
25,12,0,-195.99,-9.525,322.57,471.84,3501,R20_FZ_200_filtered
25,12,0,-195.93,-9.991,322.46,474.16,3490,R20_FZ_200_filtered
25,12,0,-195.91,-9.231,321.03,470.14,3348,R20_FZ_200_filtered
25,12,0,-195.9,-11.808,322,474.31,3444,R20_FZ_200_filtered
25,12,0,-195.89,-9.559,321.11,478.96,3356,R20_FZ_200_filtered
25,12,0,-195.89,-11.405,322.09,469.85,3453,R20_FZ_200_filtered
25,12,0,-195.87,-10.558,322.31,470.16,3475,R20_FZ_200_filtered
25,12,0,-195.84,-10.918,322.23,475.25,3467,R20_FZ_200_filtered
25,12,0,-195.83,9.856,314.92,-477.09,2738,R20_FZ_200_filtered
25,12,0,-195.81,-9.19,322.65,468.61,3509,R20_FZ_200_filtered
25,12,-0,-195.67,9.102,314.73,-486.26,2719,R20_FZ_200_filtered
25,12,0,-195.66,-9.613,322.55,469.69,3499,R20_FZ_200_filtered
25,12,0,-195.65,-11.658,321.65,474.01,3410,R20_FZ_200_filtered
25,12,0,-195.63,-11.974,321.97,469.5,3441,R20_FZ_200_filtered
25,12,0,-195.62,4.279,313.53,-369.19,2599,R20_FZ_200_filtered
25,12,0,-195.61,-10.631,321.38,472.15,3383,R20_FZ_200_filtered
25,12,0,-195.58,8.672,314.62,-485.36,2708,R20_FZ_200_filtered
25,12,-0,-195.58,-10.886,321.44,479.75,3389,R20_FZ_200_filtered
25,12,0,-195.57,-11.855,321.99,472.44,3443,R20_FZ_200_filtered
25,12,0,-195.57,-10.118,322.42,470.31,3486,R20_FZ_200_filtered
25,12,0,-195.56,-8.715,322.78,466.59,3522,R20_FZ_200_filtered
25,12,0,-195.53,-8.279,320.79,465.17,3324,R20_FZ_200_filtered
25,12,0,-195.51,-10.022,322.45,472.93,3489,R20_FZ_200_filtered
25,12,0,-195.5,-11.331,322.11,473.72,3455,R20_FZ_200_filtered
25,12,0,-195.48,7.056,314.22,-456.35,2668,R20_FZ_200_filtered
25,12,0,-195.47,8.22,314.51,-481.47,2697,R20_FZ_200_filtered
25,12,0,-195.47,-5.969,320.21,430.15,3266,R20_FZ_200_filtered
25,12,0,-195.44,2.76,313.15,-283.15,2561,R20_FZ_200_filtered
25,12,0,-195.44,10.408,315.06,-484.1,2752,R20_FZ_200_filtered
25,12,0,-195.4,2.535,313.09,-269.49,2555,R20_FZ_200_filtered
25,12,0,-195.4,-10.973,322.22,473.39,3466,R20_FZ_200_filtered
25,12,0,-195.39,-8.239,320.78,467.97,3323,R20_FZ_200_filtered
25,12,0,-195.36,10.333,315.04,-477.56,2750,R20_FZ_200_filtered
25,12,0,-195.36,-12.237,321.75,472.45,3419,R20_FZ_200_filtered
25,12,0,-195.31,-9.574,322.56,470.63,3500,R20_FZ_200_filtered
25,12,0,-195.27,-10.417,322.34,473.41,3478,R20_FZ_200_filtered
25,12,0,-195.25,2.275,313.02,-245.58,2548,R20_FZ_200_filtered
25,12,0,-195.25,-9.666,322.54,469.38,3498,R20_FZ_200_filtered
25,12,0,-195.16,-8.764,320.91,467.47,3336,R20_FZ_200_filtered
25,12,0,-195.15,-6.004,320.22,430.61,3267,R20_FZ_200_filtered
25,12,0,-195.14,-7.355,320.56,457.12,3301,R20_FZ_200_filtered
25,12,0,-195.12,-12.25,321.74,472.3,3418,R20_FZ_200_filtered
25,12,0,-195.12,-11.918,321.98,470.57,3442,R20_FZ_200_filtered
25,12,0,-195.09,-6.883,320.44,450.43,3289,R20_FZ_200_filtered
25,12,-0,-195,-11.115,321.5,472.34,3395,R20_FZ_200_filtered
25,12,0,-194.95,-8.196,320.77,468.9,3322,R20_FZ_200_filtered
25,12,0,-194.95,-9.082,320.99,475.88,3344,R20_FZ_200_filtered
25,12,0,-194.93,-10.097,322.43,470.47,3487,R20_FZ_200_filtered
25,12,0,-194.92,4.788,313.65,-390.13,2611,R20_FZ_200_filtered
25,12,0,-194.9,3.765,313.4,-341.28,2586,R20_FZ_200_filtered
25,12,0,-194.8,8.466,314.57,-470.91,2703,R20_FZ_200_filtered
25,12,0,-194.78,-10.517,322.32,470.94,3476,R20_FZ_200_filtered
25,12,0,-194.76,-5.511,320.1,418.2,3255,R20_FZ_200_filtered
25,12,0,-194.73,8.937,314.69,-472.46,2715,R20_FZ_200_filtered
25,12,0,-194.71,5.697,313.88,-421.14,2634,R20_FZ_200_filtered
25,12,-0,-194.7,4.168,313.5,-359.87,2596,R20_FZ_200_filtered
25,12,0,-194.69,-10.065,322.44,471.7,3488,R20_FZ_200_filtered
25,12,0,-194.67,-11.589,321.62,471.09,3407,R20_FZ_200_filtered
25,12,0,-194.65,2.195,313,-239.69,2546,R20_FZ_200_filtered
25,12,0,-194.58,-10.199,321.27,472.02,3372,R20_FZ_200_filtered
25,12,0,-194.52,2.245,313.01,-242.02,2547,R20_FZ_200_filtered
25,12,-0,-194.52,9.414,314.81,-475.53,2727,R20_FZ_200_filtered
25,12,0,-194.5,4.627,313.61,-380.36,2607,R20_FZ_200_filtered
25,12,0,-194.48,3.801,313.41,-343.43,2587,R20_FZ_200_filtered
25,12,0,-194.48,10.378,315.05,-480.19,2751,R20_FZ_200_filtered
25,12,0,-194.39,6.414,314.06,-443.95,2652,R20_FZ_200_filtered
25,12,0,-194.38,9.938,314.94,-481.28,2740,R20_FZ_200_filtered
25,12,0,-194.38,-6.919,320.45,449.7,3290,R20_FZ_200_filtered
25,12,0,-194.32,-10.467,322.33,471.85,3477,R20_FZ_200_filtered
25,12,0,-194.31,3.307,313.28,-317.4,2574,R20_FZ_200_filtered
25,12,0,-194.3,9.455,314.82,-477.41,2728,R20_FZ_200_filtered
25,12,0,-194.29,-8.634,320.88,472.15,3333,R20_FZ_200_filtered
25,12,0,-194.17,-6.843,320.43,449.84,3288,R20_FZ_200_filtered
25,12,0,-194.15,-5.563,320.11,418.68,3256,R20_FZ_200_filtered
25,12,0,-194.13,7.54,314.34,-460.67,2680,R20_FZ_200_filtered
25,12,0,-194.13,-8.316,320.8,462.72,3325,R20_FZ_200_filtered
25,12,0,-194.13,-9.965,321.21,479.76,3366,R20_FZ_200_filtered
25,12,0,-194.11,-7.289,320.54,458.05,3299,R20_FZ_200_filtered
25,12,0,-194.08,-8.794,320.92,466.28,3337,R20_FZ_200_filtered
25,12,0,-194.03,-10.679,321.39,472,3384,R20_FZ_200_filtered
25,12,0,-194.02,0.046,318.71,-8.46,3116,R20_FZ_200_filtered
25,12,0,-194,3.728,313.39,-338.16,2585,R20_FZ_200_filtered
25,12,0,-193.95,-4.639,319.88,388.91,3233,R20_FZ_200_filtered
25,12,0,-193.94,-6.393,320.32,439.28,3277,R20_FZ_200_filtered
25,12,0,-193.93,5.067,313.72,-398.19,2618,R20_FZ_200_filtered
25,12,0,-193.92,-5.922,320.2,428.88,3265,R20_FZ_200_filtered
25,12,0,-193.89,-0.222,318.77,24.6,3122,R20_FZ_200_filtered
25,12,0,-193.83,-10.399,321.32,480.04,3377,R20_FZ_200_filtered
25,12,0,-193.82,-3.723,319.65,346.85,3210,R20_FZ_200_filtered
25,12,0,-193.81,-2.397,319.32,263.77,3177,R20_FZ_200_filtered
25,12,0,-193.8,9.892,314.93,-477.71,2739,R20_FZ_200_filtered
25,12,0,-193.75,-5.033,319.98,404.25,3243,R20_FZ_200_filtered
25,12,0,-193.71,7.746,314.39,-470.76,2685,R20_FZ_200_filtered
25,12,0,-193.7,-7.402,320.57,455.29,3302,R20_FZ_200_filtered
25,12,0,-193.62,9.052,314.72,-480.98,2718,R20_FZ_200_filtered
25,12,0,-193.6,8.181,314.5,-475.88,2696,R20_FZ_200_filtered
25,12,0,-193.58,-4.155,319.76,368.59,3221,R20_FZ_200_filtered
25,12,0,-193.53,6.622,314.11,-445.31,2657,R20_FZ_200_filtered
25,12,0,-193.51,-4.596,319.87,387.82,3232,R20_FZ_200_filtered
25,12,0,-193.49,8.612,314.61,-479.74,2707,R20_FZ_200_filtered
25,12,0,-193.47,-11.147,321.51,472.33,3396,R20_FZ_200_filtered
25,12,0,-193.46,3.397,313.3,-321.58,2576,R20_FZ_200_filtered
25,12,0,-193.46,-1.914,319.2,226.71,3165,R20_FZ_200_filtered
25,12,0,-193.46,-9.278,321.04,469.39,3349,R20_FZ_200_filtered
25,12,0,-193.43,7.306,314.28,-463,2674,R20_FZ_200_filtered
25,12,0,-193.42,-5.48,320.09,417.42,3254,R20_FZ_200_filtered
25,12,0,-193.4,2.724,313.14,-278.15,2560,R20_FZ_200_filtered
25,12,0,-193.25,-1.867,319.19,223.74,3164,R20_FZ_200_filtered
25,12,0,-193.22,5.94,313.94,-425.64,2640,R20_FZ_200_filtered
25,12,0,-193.22,-6.041,320.23,430.33,3268,R20_FZ_200_filtered
25,12,0,-193.2,8.963,314.7,-472.27,2716,R20_FZ_200_filtered
25,12,0,-193.15,8.019,314.46,-463.78,2692,R20_FZ_200_filtered
25,12,0,-193.15,-10.805,321.42,477.6,3387,R20_FZ_200_filtered
25,12,0,-193.15,-11.203,321.52,473.57,3397,R20_FZ_200_filtered
25,12,0,-193.14,-10.723,321.4,473.26,3385,R20_FZ_200_filtered
25,12,0,-193.12,5.259,313.77,-405.93,2623,R20_FZ_200_filtered
25,12,0,-193.05,2.567,313.1,-269.91,2556,R20_FZ_200_filtered
25,12,0,-193.05,8.498,314.58,-468.87,2704,R20_FZ_200_filtered
25,12,0,-193.04,-1.479,319.08,180.32,3153,R20_FZ_200_filtered
25,12,0,-192.97,-10.242,321.28,472.81,3373,R20_FZ_200_filtered
25,12,0,-192.95,-1.515,319.09,185.29,3154,R20_FZ_200_filtered
25,12,0,-192.94,-3.28,319.54,322.21,3199,R20_FZ_200_filtered
25,12,0,-192.92,9.01,314.71,-475.84,2717,R20_FZ_200_filtered
25,12,0,-192.9,-2.799,319.42,293.21,3187,R20_FZ_200_filtered
25,12,0,-192.84,3.274,313.27,-313.2,2573,R20_FZ_200_filtered
25,12,0,-192.83,-10.351,321.31,478.53,3376,R20_FZ_200_filtered
25,12,0,-192.82,-9.489,321.09,477.45,3354,R20_FZ_200_filtered
25,12,0,-192.78,-3.75,319.66,348.27,3211,R20_FZ_200_filtered
25,12,0,-192.76,-3.68,319.64,345.93,3209,R20_FZ_200_filtered
25,12,0,-192.66,-8.358,320.81,461.81,3326,R20_FZ_200_filtered
25,12,-0,-192.62,-6.961,320.46,448.79,3291,R20_FZ_200_filtered
25,12,0,-192.57,-11.234,321.53,474.65,3398,R20_FZ_200_filtered
25,12,0,-192.54,-10.75,321.41,475.6,3386,R20_FZ_200_filtered
25,12,0,-192.41,-9.925,321.2,478.52,3365,R20_FZ_200_filtered
25,12,0,-192.4,-9.042,320.98,475.09,3343,R20_FZ_200_filtered
25,12,0,-192.36,-10.286,321.29,474.36,3374,R20_FZ_200_filtered
25,12,0,-192.35,-6.354,320.31,438.52,3276,R20_FZ_200_filtered
25,12,0,-192.33,-3.236,319.53,320.83,3198,R20_FZ_200_filtered
25,12,0,-192.3,-9.804,321.17,472.51,3362,R20_FZ_200_filtered
25,12,0,-192.25,-8.844,320.93,466.92,3338,R20_FZ_200_filtered
25,12,0,-192.24,-4.552,319.86,386.57,3231,R20_FZ_200_filtered
25,12,-0,-192.23,3.848,313.42,-344.5,2588,R20_FZ_200_filtered
25,12,0,-192.17,0.201,318.67,-28.72,3112,R20_FZ_200_filtered
25,12,0,-192.11,8.576,314.6,-473.82,2706,R20_FZ_200_filtered
25,12,0,-192.1,6.378,314.05,-437.72,2651,R20_FZ_200_filtered
25,12,0,-192.01,-4.679,319.89,390.15,3234,R20_FZ_200_filtered
25,12,0,-192.01,-5.597,320.12,418.99,3257,R20_FZ_200_filtered
25,12,0,-191.99,-8.594,320.87,472.14,3332,R20_FZ_200_filtered
25,12,0,-191.98,-6.798,320.42,448.45,3287,R20_FZ_200_filtered
25,12,0,-191.97,0.087,318.7,-12.78,3115,R20_FZ_200_filtered
25,12,0,-191.97,-10.315,321.3,476.52,3375,R20_FZ_200_filtered
25,12,0,-191.92,8.131,314.49,-469.94,2695,R20_FZ_200_filtered
25,12,0,-191.9,-9.32,321.05,469.72,3350,R20_FZ_200_filtered
25,12,0,-191.82,3.681,313.38,-334.11,2584,R20_FZ_200_filtered
25,12,0,-191.78,-1.447,319.07,175.52,3152,R20_FZ_200_filtered
25,12,0,-191.78,-3.317,319.55,324.07,3200,R20_FZ_200_filtered
25,12,0,-191.78,-7.242,320.53,456.68,3298,R20_FZ_200_filtered
25,12,-0,-191.72,8.542,314.59,-470.09,2705,R20_FZ_200_filtered
25,12,0,-191.66,-4.994,319.97,403.17,3242,R20_FZ_200_filtered
25,12,0,-191.61,-9.868,321.19,476.68,3364,R20_FZ_200_filtered
25,12,0,-191.58,4.581,313.6,-374.91,2606,R20_FZ_200_filtered
25,12,0,-191.56,-5.878,320.19,427.83,3264,R20_FZ_200_filtered
25,12,0,-191.55,4.129,313.49,-354.59,2595,R20_FZ_200_filtered
25,12,0,-191.47,5.734,313.89,-416.77,2635,R20_FZ_200_filtered
25,12,0,-191.45,-9.845,321.18,474.34,3363,R20_FZ_200_filtered
25,12,0,-191.44,7.574,314.35,-457.24,2681,R20_FZ_200_filtered
25,12,0,-191.43,-1.833,319.18,220.51,3163,R20_FZ_200_filtered
25,12,0,-191.41,3.225,313.26,-308.38,2572,R20_FZ_200_filtered
25,12,0,-191.4,-0.269,318.78,30.83,3123,R20_FZ_200_filtered
25,12,0,-191.39,-4.234,319.78,371.72,3223,R20_FZ_200_filtered
25,12,0,-191.37,-9.364,321.06,471.59,3351,R20_FZ_200_filtered
25,12,0,-191.34,4.821,313.66,-387.62,2612,R20_FZ_200_filtered
25,12,0,-191.3,-2.441,319.33,266.1,3178,R20_FZ_200_filtered
25,12,0,-191.28,-9.397,321.07,473.59,3352,R20_FZ_200_filtered
25,12,0,-191.27,5.02,313.71,-392.25,2617,R20_FZ_200_filtered
25,12,0,-191.22,7.258,314.27,-456.92,2673,R20_FZ_200_filtered
25,12,0,-191.19,-9.449,321.08,475.74,3353,R20_FZ_200_filtered
25,12,0,-191.11,-7.686,320.64,462.87,3309,R20_FZ_200_filtered
25,12,0,-191.1,-7.917,320.7,458.25,3315,R20_FZ_200_filtered
25,12,0,-191.09,8.054,314.47,-462.66,2693,R20_FZ_200_filtered
25,12,0,-191.05,-6.072,320.24,430.34,3269,R20_FZ_200_filtered
25,12,0,-191.02,3.429,313.31,-321.85,2577,R20_FZ_200_filtered
25,12,0,-191.02,0.173,318.68,-22.98,3113,R20_FZ_200_filtered
25,12,0,-191.01,-3.635,319.63,345.04,3208,R20_FZ_200_filtered
25,12,0,-190.96,-6.992,320.47,447.85,3292,R20_FZ_200_filtered
25,12,0,-190.92,-8.877,320.94,468.33,3339,R20_FZ_200_filtered
25,12,0,-190.91,-1.553,319.1,189.66,3155,R20_FZ_200_filtered
25,12,0,-190.79,-2.881,319.44,296.65,3189,R20_FZ_200_filtered
25,12,0,-190.72,0.135,318.69,-17.56,3114,R20_FZ_200_filtered
25,12,0,-190.69,-0.837,318.94,111.62,3139,R20_FZ_200_filtered
25,12,0,-190.64,-8.998,320.97,473.87,3342,R20_FZ_200_filtered
25,12,0,-190.62,6.663,314.12,-441.13,2658,R20_FZ_200_filtered
25,12,0,-190.56,-8.558,320.86,470.48,3331,R20_FZ_200_filtered
25,12,0,-190.43,5.458,313.82,-406.99,2628,R20_FZ_200_filtered
25,12,0,-190.34,-8.406,320.82,462.29,3327,R20_FZ_200_filtered
25,12,0,-190.33,8.095,314.48,-465.13,2694,R20_FZ_200_filtered
25,12,0,-190.3,-6.317,320.3,437.14,3275,R20_FZ_200_filtered
25,12,0,-190.26,-3.803,319.67,350.64,3212,R20_FZ_200_filtered
25,12,0,-190.23,-3.206,319.52,319.45,3197,R20_FZ_200_filtered
25,12,0,-190.1,-7.206,320.52,454.67,3297,R20_FZ_200_filtered
25,12,0,-190.02,7.219,314.26,-452.09,2672,R20_FZ_200_filtered
25,12,0,-190,-6.762,320.41,446.62,3286,R20_FZ_200_filtered
25,12,0,-189.96,-7.961,320.71,459.35,3316,R20_FZ_200_filtered
25,12,0,-189.93,7.616,314.36,-456.6,2682,R20_FZ_200_filtered
25,12,0,-189.91,3.026,313.21,-297.04,2567,R20_FZ_200_filtered
25,12,0,-189.88,-8.952,320.96,472.52,3341,R20_FZ_200_filtered
25,12,0,-189.85,-8.925,320.95,470.2,3340,R20_FZ_200_filtered
25,12,0,-189.81,-4.076,319.74,366.29,3219,R20_FZ_200_filtered
25,12,0,-189.8,-5.644,320.13,419.66,3258,R20_FZ_200_filtered
25,12,0,-189.74,7.663,314.37,-459.38,2683,R20_FZ_200_filtered
25,12,0,-189.65,4.371,313.55,-367.31,2601,R20_FZ_200_filtered
25,12,0,-189.58,-0.316,318.79,36.9,3124,R20_FZ_200_filtered
25,12,-0,-189.51,6.331,314.04,-432.09,2650,R20_FZ_200_filtered
25,12,0,-189.45,-7.639,320.63,461.32,3308,R20_FZ_200_filtered
25,12,0,-189.36,-2.709,319.4,289.99,3185,R20_FZ_200_filtered
25,12,0,-189.27,6.221,314.01,-428.07,2647,R20_FZ_200_filtered
25,12,0,-189.26,-8.514,320.85,469.09,3330,R20_FZ_200_filtered
25,12,0,-189.22,-4.715,319.9,391.42,3235,R20_FZ_200_filtered
25,12,0,-189.21,4.979,313.7,-387.27,2616,R20_FZ_200_filtered
25,12,0,-189.13,-4.268,319.79,373.58,3224,R20_FZ_200_filtered
25,12,0,-189.12,3.191,313.25,-303.85,2571,R20_FZ_200_filtered
25,12,0,-189.04,-3.355,319.56,326.13,3201,R20_FZ_200_filtered
25,12,0,-188.87,-8.005,320.72,461.38,3317,R20_FZ_200_filtered
25,12,0,-188.84,-7.597,320.62,459.36,3307,R20_FZ_200_filtered
25,12,0,-188.82,5.419,313.81,-402.16,2627,R20_FZ_200_filtered
25,12,0,-188.82,-4.522,319.85,385.35,3230,R20_FZ_200_filtered
25,12,0,-188.81,4.533,313.59,-369.91,2605,R20_FZ_200_filtered
25,12,0,-188.8,-4.954,319.96,402.12,3241,R20_FZ_200_filtered
25,12,0,-188.8,-7.027,320.48,448.34,3293,R20_FZ_200_filtered
25,12,0,-188.62,-2.481,319.34,268.74,3179,R20_FZ_200_filtered
25,12,0,-188.59,-0.806,318.93,107.6,3138,R20_FZ_200_filtered
25,12,0,-188.59,-1.595,319.11,193.71,3156,R20_FZ_200_filtered
25,12,0,-188.56,-8.486,320.84,466.92,3329,R20_FZ_200_filtered
25,12,0,-188.55,3.467,313.32,-320.75,2578,R20_FZ_200_filtered
25,12,0,-188.55,-5.406,320.07,415.46,3252,R20_FZ_200_filtered
25,12,0,-188.49,-6.281,320.29,436.24,3274,R20_FZ_200_filtered
25,12,0,-188.47,4.082,313.48,-349.91,2594,R20_FZ_200_filtered
25,12,0,-188.43,-6.709,320.4,444.92,3285,R20_FZ_200_filtered
25,12,-0,-188.4,5.332,313.79,-399.67,2625,R20_FZ_200_filtered
25,12,0,-188.39,-7.563,320.61,456.87,3306,R20_FZ_200_filtered
25,12,0,-188.14,6.745,314.14,-439.85,2660,R20_FZ_200_filtered
25,12,-0,-188.13,6.699,314.13,-439.05,2659,R20_FZ_200_filtered
25,12,0,-187.98,5.366,313.8,-399.83,2626,R20_FZ_200_filtered
25,12,0,-187.93,3.152,313.24,-300.12,2570,R20_FZ_200_filtered
25,12,0,-187.8,-3.158,319.51,318.23,3196,R20_FZ_200_filtered
25,12,0,-187.78,6.258,314.02,-426.49,2648,R20_FZ_200_filtered
25,12,0,-187.74,-7.122,320.5,451.3,3295,R20_FZ_200_filtered
25,12,0,-187.68,3.068,313.22,-297.03,2568,R20_FZ_200_filtered
25,12,0,-187.68,-7.075,320.49,449.27,3294,R20_FZ_200_filtered
25,12,0,-187.51,-6.601,320.37,440.6,3282,R20_FZ_200_filtered
25,12,0,-187.33,-2.026,319.23,234.49,3168,R20_FZ_200_filtered
25,12,0,-187.25,-4.754,319.91,393.31,3236,R20_FZ_200_filtered
25,12,0,-187.23,-6.682,320.39,443.39,3284,R20_FZ_200_filtered
25,12,0,-187.07,3.109,313.23,-297.79,2569,R20_FZ_200_filtered
25,12,0,-186.98,-4.033,319.73,365.54,3218,R20_FZ_200_filtered
25,12,0,-186.95,-5.809,320.17,425.55,3262,R20_FZ_200_filtered
25,12,0,-186.94,-5.677,320.14,421.06,3259,R20_FZ_200_filtered
25,12,-0,-186.91,-3.396,319.57,329.58,3202,R20_FZ_200_filtered
25,12,0,-186.84,-4.48,319.84,384.46,3229,R20_FZ_200_filtered
25,12,0,-186.79,4.487,313.58,-366.64,2604,R20_FZ_200_filtered
25,12,-0,-186.71,-5.239,320.03,409.15,3248,R20_FZ_200_filtered
25,12,0,-186.7,-1.768,319.16,212.93,3161,R20_FZ_200_filtered
25,12,0,-186.69,4.046,313.47,-346.34,2593,R20_FZ_200_filtered
25,12,0,-186.61,-6.632,320.38,441.85,3283,R20_FZ_200_filtered
25,12,0,-186.48,-5.351,320.06,414.39,3251,R20_FZ_200_filtered
25,12,0,-186.46,-4.91,319.95,401.21,3240,R20_FZ_200_filtered
25,12,0,-185.96,4.463,313.57,-365.27,2603,R20_FZ_200_filtered
25,12,0,-185.94,-5.762,320.16,424.47,3261,R20_FZ_200_filtered
25,12,0,-185.9,-4.311,319.8,376.25,3225,R20_FZ_200_filtered
25,12,0,-185.88,-5.714,320.15,422.62,3260,R20_FZ_200_filtered
25,12,0,-185.85,-2.961,319.46,302.29,3191,R20_FZ_200_filtered
25,12,0,-185.83,-2.528,319.35,272.02,3180,R20_FZ_200_filtered
25,12,0,-185.71,-1.154,319.01,146.58,3146,R20_FZ_200_filtered
25,12,0,-185.68,-1.608,319.12,197.27,3157,R20_FZ_200_filtered
25,12,0,-185.63,3.5,313.33,-320.25,2579,R20_FZ_200_filtered
25,12,0,-185.38,-3.126,319.5,316.4,3195,R20_FZ_200_filtered
25,12,0,-185.21,-5.315,320.05,413.02,3250,R20_FZ_200_filtered
25,12,0,-185.18,4.01,313.46,-344.16,2592,R20_FZ_200_filtered
25,12,0,-184.98,-2.077,319.24,237.89,3169,R20_FZ_200_filtered
25,12,0,-184.94,3.53,313.34,-320.57,2580,R20_FZ_200_filtered
25,12,0,-184.75,-1.207,319.02,151.53,3147,R20_FZ_200_filtered
25,12,0,-184.75,-4,319.72,364.31,3217,R20_FZ_200_filtered
25,12,0,-184.68,-3.436,319.58,333.32,3203,R20_FZ_200_filtered
25,12,0,-184.66,-4.44,319.83,382.92,3228,R20_FZ_200_filtered
25,12,0,-184.63,-2.146,319.26,246.29,3171,R20_FZ_200_filtered
25,12,0,-184.6,-1.718,319.15,209.06,3160,R20_FZ_200_filtered
25,12,0,-184.45,-4.357,319.81,378.75,3226,R20_FZ_200_filtered
25,12,0,-184.44,-2.118,319.25,242.09,3170,R20_FZ_200_filtered
25,12,0,-184.25,-1.254,319.03,155.88,3148,R20_FZ_200_filtered
25,12,0,-184.08,-2.994,319.47,306,3192,R20_FZ_200_filtered
25,12,0,-183.93,-4.397,319.82,381.22,3227,R20_FZ_200_filtered
25,12,0,-183.48,-3.525,319.6,339.98,3205,R20_FZ_200_filtered
25,12,0,-183.47,-3.067,319.49,313.01,3194,R20_FZ_200_filtered
25,12,-0,-183.12,-3.486,319.59,337.06,3204,R20_FZ_200_filtered
25,12,0,-182.93,-3.038,319.48,309.88,3193,R20_FZ_200_filtered
25,12,0,-160.82,1.518,346.63,-162.55,3776,R20_FZ_150_filtered
25,12,0,-160.75,1.487,346.62,-158.68,3775,R20_FZ_150_filtered
25,12,0,-159.66,1.035,346.51,-121.29,3764,R20_FZ_150_filtered
25,12,0,-159.11,1.434,346.61,-154.01,3774,R20_FZ_150_filtered
25,12,-0,-159.09,5.684,351.09,-336.5,4221,R20_FZ_150_filtered
25,12,0,-159.06,1.072,346.52,-124.7,3765,R20_FZ_150_filtered
25,12,0,-158.61,5.245,351.2,-326.6,4232,R20_FZ_150_filtered
25,12,0,-158.54,4.333,351.43,-301.14,4255,R20_FZ_150_filtered
25,12,0,-158.43,2.479,351.89,-216.01,4301,R20_FZ_150_filtered
25,12,0,-158.35,5.638,351.1,-334.18,4222,R20_FZ_150_filtered
25,12,0,-158.28,5.719,351.08,-336.99,4220,R20_FZ_150_filtered
25,12,0,-158.26,4.764,351.32,-314.96,4244,R20_FZ_150_filtered
25,12,0,-158.25,6.6,350.86,-353.12,4198,R20_FZ_150_filtered
25,12,0,-158.25,3.887,351.54,-284.89,4266,R20_FZ_150_filtered
25,12,0,-158.14,7.041,350.75,-359.61,4187,R20_FZ_150_filtered
25,12,0,-158.12,2.05,352,-186.23,4312,R20_FZ_150_filtered
25,12,-0,-158.08,6.557,350.87,-351.69,4199,R20_FZ_150_filtered
25,12,0,-158.05,2.982,351.77,-242.86,4289,R20_FZ_150_filtered
25,12,0,-158.03,7.519,350.63,-364.89,4175,R20_FZ_150_filtered
25,12,0,-158.02,2.082,351.99,-187.95,4311,R20_FZ_150_filtered
25,12,0,-157.86,7.973,350.52,-369.69,4164,R20_FZ_150_filtered
25,12,0,-157.86,4.292,351.44,-299.75,4256,R20_FZ_150_filtered
25,12,0,-157.85,7.469,350.64,-363.49,4176,R20_FZ_150_filtered
25,12,0,-157.84,6.994,350.76,-356.8,4188,R20_FZ_150_filtered
25,12,0,-157.72,3.434,351.65,-265.95,4277,R20_FZ_150_filtered
25,12,0,-157.71,1.957,346.74,-194.32,3787,R20_FZ_150_filtered
25,12,0,-157.7,7.095,350.74,-360.23,4186,R20_FZ_150_filtered
25,12,0,-157.68,4.372,351.42,-301.15,4254,R20_FZ_150_filtered
25,12,0,-157.66,3.361,351.67,-263.31,4279,R20_FZ_150_filtered
25,12,0,-157.39,-2.366,358.16,207.22,4927,R20_FZ_150_filtered
25,12,0,-157.38,4.728,351.33,-312.46,4245,R20_FZ_150_filtered
25,12,0,-157.36,1.123,346.53,-127.47,3766,R20_FZ_150_filtered
25,12,0,-157.2,3.023,351.76,-243.33,4288,R20_FZ_150_filtered
25,12,-0,-157.18,6.633,350.85,-352.46,4197,R20_FZ_150_filtered
25,12,0,-157.17,5.287,351.19,-326.14,4231,R20_FZ_150_filtered
25,12,0,-156.99,7.929,350.53,-367.36,4165,R20_FZ_150_filtered
25,12,0,-156.82,11.153,349.72,-376.81,4084,R20_FZ_150_filtered
25,12,0,-156.82,8.892,350.29,-374.04,4141,R20_FZ_150_filtered
25,12,0,-156.79,8.384,350.41,-370.61,4153,R20_FZ_150_filtered
25,12,0,-156.79,2.435,351.9,-212.73,4302,R20_FZ_150_filtered
25,12,0,-156.76,1.991,346.75,-196.63,3788,R20_FZ_150_filtered
25,12,0,-156.61,-2.313,358.17,204.74,4928,R20_FZ_150_filtered
25,12,0,-156.54,1.4,346.6,-149.51,3773,R20_FZ_150_filtered
25,12,0,-156.54,9.349,350.17,-376.84,4129,R20_FZ_150_filtered
25,12,0,-156.53,8.433,350.4,-372.18,4152,R20_FZ_150_filtered
25,12,0,-156.48,7.549,350.62,-364.57,4174,R20_FZ_150_filtered
25,12,0,-156.36,10.232,349.95,-377.61,4107,R20_FZ_150_filtered
25,12,0,-156.32,12.226,349.37,-378.05,4049,R20_FZ_150_filtered
25,12,0,-156.21,8.93,350.28,-374.48,4140,R20_FZ_150_filtered
25,12,0,-156.2,-2.403,358.15,209.38,4926,R20_FZ_150_filtered
25,12,0,-156.17,5.592,351.11,-330.14,4223,R20_FZ_150_filtered
25,12,0,-156.15,6.513,350.88,-347.65,4200,R20_FZ_150_filtered
25,12,0,-156.12,12.082,349.49,-375.54,4061,R20_FZ_150_filtered
25,12,0,-156.08,10.675,349.84,-376.82,4096,R20_FZ_150_filtered
25,12,0,-156.04,6.209,350.96,-343.64,4208,R20_FZ_150_filtered
25,12,0,-156.04,5.767,351.07,-335.29,4219,R20_FZ_150_filtered
25,12,0,-156,9.807,350.06,-377.91,4118,R20_FZ_150_filtered
25,12,0,-155.98,-2.762,358.06,230.04,4917,R20_FZ_150_filtered
25,12,0,-155.92,2.125,351.98,-189.18,4310,R20_FZ_150_filtered
25,12,0,-155.85,3.934,351.53,-284.69,4265,R20_FZ_150_filtered
25,12,0,-155.81,1.864,346.72,-186.24,3785,R20_FZ_150_filtered
25,12,-0,-155.8,7.125,350.73,-358.03,4185,R20_FZ_150_filtered
25,12,0,-155.78,12.108,349.48,-376.94,4060,R20_FZ_150_filtered
25,12,0,-155.71,8.354,350.42,-367.49,4154,R20_FZ_150_filtered
25,12,0,-155.7,1.591,346.65,-167.31,3778,R20_FZ_150_filtered
25,12,0,-155.66,-3.278,357.93,256.24,4904,R20_FZ_150_filtered
25,12,0,-155.64,10.725,349.83,-379.14,4095,R20_FZ_150_filtered
25,12,0,-155.63,6.969,350.77,-352.45,4189,R20_FZ_150_filtered
25,12,0,-155.57,11.556,349.61,-373.87,4073,R20_FZ_150_filtered
25,12,0,-155.55,4.25,351.45,-296.48,4257,R20_FZ_150_filtered
25,12,0,-155.51,9.754,350.07,-375.09,4119,R20_FZ_150_filtered
25,12,0,-155.49,6.687,350.84,-350.61,4196,R20_FZ_150_filtered
25,12,0,-155.46,9.854,350.05,-378.53,4117,R20_FZ_150_filtered
25,12,0,-155.45,11.117,349.73,-374.47,4085,R20_FZ_150_filtered
25,12,0,-155.4,12.23,349.36,-378.99,4048,R20_FZ_150_filtered
25,12,0,-155.33,11.587,349.6,-375.26,4072,R20_FZ_150_filtered
25,12,0,-155.24,10.201,349.96,-373.38,4108,R20_FZ_150_filtered
25,12,0,-155.19,4.415,351.41,-300.21,4253,R20_FZ_150_filtered
25,12,0,-155,11.793,349.26,-378.49,4039,R20_FZ_150_filtered
25,12,0,-154.88,0.698,346.42,-80.6,3755,R20_FZ_150_filtered
25,12,0,-154.78,10.759,349.82,-378.53,4094,R20_FZ_150_filtered
25,12,0,-154.78,-2.273,358.18,201.68,4929,R20_FZ_150_filtered
25,12,0,-154.77,4.684,351.34,-308.72,4246,R20_FZ_150_filtered
25,12,0,-154.74,-3.706,357.82,275.02,4893,R20_FZ_150_filtered
25,12,0,-154.73,8.476,350.39,-371.25,4151,R20_FZ_150_filtered
25,12,0,-154.71,1.139,346.54,-129.78,3767,R20_FZ_150_filtered
25,12,0,-154.66,-5.944,357.26,331.32,4837,R20_FZ_150_filtered
25,12,0,-154.62,-6.875,357.03,346.06,4814,R20_FZ_150_filtered
25,12,0,-154.55,12.047,349.5,-372.91,4062,R20_FZ_150_filtered
25,12,0,-154.5,5.321,351.18,-324.39,4230,R20_FZ_150_filtered
25,12,0,-154.5,-3.75,357.81,276.1,4892,R20_FZ_150_filtered
25,12,-0,-154.49,11.621,349.59,-375.38,4071,R20_FZ_150_filtered
25,12,0,-154.48,3.05,351.75,-243.29,4287,R20_FZ_150_filtered
25,12,0,-154.43,11.793,349.25,-381.13,4038,R20_FZ_150_filtered
25,12,0,-154.42,-6.431,357.14,339.68,4825,R20_FZ_150_filtered
25,12,0,-154.41,2.411,346.85,-219.43,3798,R20_FZ_150_filtered
25,12,-0,-154.36,1.538,352.13,-151.14,4325,R20_FZ_150_filtered
25,12,0,-154.36,-5.51,357.37,324.34,4848,R20_FZ_150_filtered
25,12,0,-154.35,-3.662,357.83,272.98,4894,R20_FZ_150_filtered
25,12,0,-154.32,-4.587,357.6,304.34,4871,R20_FZ_150_filtered
25,12,0,-154.28,7.599,350.61,-363,4173,R20_FZ_150_filtered
25,12,0,-154.24,11.563,349.14,-378.51,4027,R20_FZ_150_filtered
25,12,0,-154.24,9.379,350.16,-376.66,4128,R20_FZ_150_filtered
25,12,0,-154.22,3.971,351.52,-283.93,4264,R20_FZ_150_filtered
25,12,0,-154.21,12.227,349.35,-378.02,4047,R20_FZ_150_filtered
25,12,0,-154.16,-5.023,357.49,313.97,4860,R20_FZ_150_filtered
25,12,-0,-154.15,-4.632,357.59,305.59,4870,R20_FZ_150_filtered
25,12,0,-154.13,8.806,350.31,-367.64,4143,R20_FZ_150_filtered
25,12,0,-154.06,-6.477,357.13,340.93,4824,R20_FZ_150_filtered
25,12,0,-153.99,2.366,346.84,-215.72,3797,R20_FZ_150_filtered
25,12,0,-153.99,7.167,350.72,-356,4184,R20_FZ_150_filtered
25,12,0,-153.98,11.076,349.02,-380.82,4015,R20_FZ_150_filtered
25,12,0,-153.97,11.115,349.03,-378.03,4016,R20_FZ_150_filtered
25,12,0,-153.97,-6.912,357.02,346.81,4813,R20_FZ_150_filtered
25,12,0,-153.96,-2.433,358.14,211.12,4925,R20_FZ_150_filtered
25,12,0,-153.93,3.763,351.57,-278.18,4269,R20_FZ_150_filtered
25,12,0,-153.92,10.632,348.91,-379.88,4004,R20_FZ_150_filtered
25,12,0,-153.91,2.393,351.91,-209.15,4303,R20_FZ_150_filtered
25,12,0,-153.89,-3.305,357.92,257.33,4903,R20_FZ_150_filtered
25,12,0,-153.88,11.53,349.13,-379.76,4026,R20_FZ_150_filtered
25,12,0,-153.83,11.778,349.24,-381.75,4037,R20_FZ_150_filtered
25,12,0,-153.82,10.598,348.9,-382.08,4003,R20_FZ_150_filtered
25,12,0,-153.82,6.238,350.95,-341.29,4207,R20_FZ_150_filtered
25,12,0,-153.75,11.6,349.15,-374.76,4028,R20_FZ_150_filtered
25,12,0,-153.75,8.33,350.43,-363.6,4155,R20_FZ_150_filtered
25,12,0,-153.67,11.792,349.27,-374.14,4040,R20_FZ_150_filtered
25,12,0,-153.59,-1.995,358.25,182.9,4936,R20_FZ_150_filtered
25,12,0,-153.56,1.155,352.22,-120.77,4334,R20_FZ_150_filtered
25,12,0,-153.53,10.198,348.8,-378.06,3993,R20_FZ_150_filtered
25,12,0,-153.53,1.129,352.23,-117.83,4335,R20_FZ_150_filtered
25,12,0,-153.44,9.889,350.04,-376.65,4116,R20_FZ_150_filtered
25,12,0,-153.41,5.56,351.12,-325.14,4224,R20_FZ_150_filtered
25,12,0,-153.41,4.883,351.29,-312.62,4241,R20_FZ_150_filtered
25,12,0,-153.41,-5.464,357.38,322.2,4849,R20_FZ_150_filtered
25,12,0,-153.39,-7.788,356.8,355.19,4791,R20_FZ_150_filtered
25,12,0,-153.35,-5.91,357.27,328.85,4838,R20_FZ_150_filtered
25,12,-0,-153.29,2.443,346.86,-221.56,3799,R20_FZ_150_filtered
25,12,0,-153.29,-2.715,358.07,227.59,4918,R20_FZ_150_filtered
25,12,0,-153.27,1.833,346.71,-181.39,3784,R20_FZ_150_filtered
25,12,0,-153.27,2.043,346.76,-197.37,3789,R20_FZ_150_filtered
25,12,0,-153.23,10.675,348.92,-375.53,4005,R20_FZ_150_filtered
25,12,0,-153.2,11.161,349.04,-373.35,4017,R20_FZ_150_filtered
25,12,0,-153.16,9.28,348.57,-376.32,3970,R20_FZ_150_filtered
25,12,0,-153.1,9.717,348.68,-379.3,3981,R20_FZ_150_filtered
25,12,0,-153.1,7.85,350.55,-358.46,4167,R20_FZ_150_filtered
25,12,0,-153.04,11.083,349.74,-370.9,4086,R20_FZ_150_filtered
25,12,-0,-153.04,8.089,350.49,-366.07,4161,R20_FZ_150_filtered
25,12,0,-152.98,8.511,350.38,-369.66,4150,R20_FZ_150_filtered
25,12,0,-152.97,2.88,351.8,-233.95,4292,R20_FZ_150_filtered
25,12,0,-152.89,-3.621,357.84,270.54,4895,R20_FZ_150_filtered
25,12,0,-152.88,9.669,348.67,-381.62,3980,R20_FZ_150_filtered
25,12,0,-152.87,11.679,349.58,-374.01,4070,R20_FZ_150_filtered
25,12,-0,-152.85,-7.774,356.81,353.52,4792,R20_FZ_150_filtered
25,12,0,-152.84,9.242,348.56,-379.45,3969,R20_FZ_150_filtered
25,12,0,-152.8,-5.585,357.35,325.39,4846,R20_FZ_150_filtered
25,12,0,-152.75,-7.383,356.9,351.79,4801,R20_FZ_150_filtered
25,12,0,-152.73,10.808,349.81,-375.85,4093,R20_FZ_150_filtered
25,12,0,-152.73,1.202,352.21,-123.42,4333,R20_FZ_150_filtered
25,12,0,-152.71,-4.564,357.61,302.04,4872,R20_FZ_150_filtered
25,12,0,-152.67,-4.662,357.58,305.7,4869,R20_FZ_150_filtered
25,12,0,-152.63,1.64,346.66,-168.69,3779,R20_FZ_150_filtered
25,12,0,-152.62,9.425,350.15,-374.33,4127,R20_FZ_150_filtered
25,12,0,-152.6,-8.241,356.68,358.3,4779,R20_FZ_150_filtered
25,12,0,-152.54,-7.833,356.79,355.65,4790,R20_FZ_150_filtered
25,12,0,-152.52,0.745,346.43,-84.46,3756,R20_FZ_150_filtered
25,12,0,-152.52,-12.151,355.66,360.8,4677,R20_FZ_150_filtered
25,12,0,-152.51,2.823,346.96,-240.19,3809,R20_FZ_150_filtered
25,12,0,-152.5,-12.151,355.65,363.26,4676,R20_FZ_150_filtered
25,12,0,-152.49,11.486,349.12,-379.29,4025,R20_FZ_150_filtered
25,12,0,-152.49,5.801,351.06,-332.28,4218,R20_FZ_150_filtered
25,12,-0,-152.46,7.641,350.6,-360.33,4172,R20_FZ_150_filtered
25,12,-0,-152.45,10.337,349.92,-375.38,4104,R20_FZ_150_filtered
25,12,0,-152.39,10.162,349.97,-368.55,4109,R20_FZ_150_filtered
25,12,0,-152.33,-8.199,356.69,357.04,4780,R20_FZ_150_filtered
25,12,0,-152.31,5.36,351.17,-322.19,4229,R20_FZ_150_filtered
25,12,0,-152.31,-8.72,356.57,360.02,4768,R20_FZ_150_filtered
25,12,0,-152.3,12.161,349.46,-375.38,4058,R20_FZ_150_filtered
25,12,0,-152.3,6.925,350.78,-348.23,4190,R20_FZ_150_filtered
25,12,0,-152.26,-4.23,357.69,292.86,4880,R20_FZ_150_filtered
25,12,0,-152.24,6,351.01,-332.43,4213,R20_FZ_150_filtered
25,12,0,-152.12,8.366,348.34,-371.82,3947,R20_FZ_150_filtered
25,12,0,-152.1,7.406,348.1,-365.94,3923,R20_FZ_150_filtered
25,12,0,-152,12.018,349.51,-369.31,4063,R20_FZ_150_filtered
25,12,0,-151.99,4.645,351.35,-304.51,4247,R20_FZ_150_filtered
25,12,0,-151.98,2.869,346.97,-242.53,3810,R20_FZ_150_filtered
25,12,0,-151.97,10.238,348.81,-372.9,3994,R20_FZ_150_filtered
25,12,0,-151.95,-5.141,357.46,315.83,4857,R20_FZ_150_filtered
25,12,0,-151.95,-4.985,357.5,311.48,4861,R20_FZ_150_filtered
25,12,0,-151.92,8.318,348.33,-375.08,3946,R20_FZ_150_filtered
25,12,0,-151.92,11.637,349.16,-370.27,4029,R20_FZ_150_filtered
25,12,0,-151.91,8.756,348.44,-377.58,3957,R20_FZ_150_filtered
25,12,0,-151.84,3.095,351.74,-243.27,4286,R20_FZ_150_filtered
25,12,0,-151.84,-11.946,355.77,360.89,4688,R20_FZ_150_filtered
25,12,0,-151.83,-12.218,355.54,364.96,4665,R20_FZ_150_filtered
25,12,0,-151.81,-11.013,356,359.38,4711,R20_FZ_150_filtered
25,12,0,-151.77,2.333,346.83,-210.85,3796,R20_FZ_150_filtered
25,12,0,-151.77,-6.504,357.12,340.46,4823,R20_FZ_150_filtered
25,12,0,-151.76,7.197,350.71,-353.66,4183,R20_FZ_150_filtered
25,12,0,-151.76,-2.473,358.13,212.99,4924,R20_FZ_150_filtered
25,12,0,-151.72,-10.53,356.11,360.33,4722,R20_FZ_150_filtered
25,12,0,-151.66,-7.419,356.89,351.03,4800,R20_FZ_150_filtered
25,12,0,-151.65,7.442,348.11,-363.62,3924,R20_FZ_150_filtered
25,12,0,-151.64,-8.156,356.7,354.61,4781,R20_FZ_150_filtered
25,12,0,-151.63,8.766,350.32,-363.57,4144,R20_FZ_150_filtered
25,12,0,-151.63,-9.115,356.46,360.02,4757,R20_FZ_150_filtered
25,12,0,-151.62,1.073,352.24,-114.24,4336,R20_FZ_150_filtered
25,12,0,-151.62,-12.148,355.64,364.53,4675,R20_FZ_150_filtered
25,12,0,-151.61,-11.396,355.88,360.03,4699,R20_FZ_150_filtered
25,12,0,-151.6,9.321,348.58,-371.03,3971,R20_FZ_150_filtered
25,12,0,-151.57,1.493,352.14,-147.1,4326,R20_FZ_150_filtered
25,12,0,-151.57,-5.861,357.28,326.21,4839,R20_FZ_150_filtered
25,12,0,-151.56,0.89,346.47,-102.15,3760,R20_FZ_150_filtered
25,12,0,-151.54,2.662,351.85,-219.83,4297,R20_FZ_150_filtered
25,12,0,-151.52,-11.983,355.76,363.08,4687,R20_FZ_150_filtered
25,12,0,-151.5,10.549,348.89,-381.43,4002,R20_FZ_150_filtered
25,12,0,-151.49,6.288,350.94,-338.61,4206,R20_FZ_150_filtered
25,12,0,-151.48,7.834,348.21,-371.86,3934,R20_FZ_150_filtered
25,12,0,-151.48,-12.211,355.55,361.09,4666,R20_FZ_150_filtered
25,12,0,-151.46,-12.223,355.53,367.58,4664,R20_FZ_150_filtered
25,12,0,-151.44,-8.687,356.58,357.69,4769,R20_FZ_150_filtered
25,12,0,-151.42,-2.676,358.08,224.96,4919,R20_FZ_150_filtered
25,12,0,-151.34,9.644,348.66,-381.14,3979,R20_FZ_150_filtered
25,12,0,-151.33,4.01,351.51,-283.13,4263,R20_FZ_150_filtered
25,12,0,-151.3,3.73,351.58,-273.65,4270,R20_FZ_150_filtered
25,12,0,-151.29,-9.639,356.34,362.35,4745,R20_FZ_150_filtered
25,12,0,-151.27,-9.153,356.45,361.58,4756,R20_FZ_150_filtered
25,12,0,-151.27,-8.285,356.67,358.64,4778,R20_FZ_150_filtered
25,12,0,-151.22,-6.792,357.05,340.48,4816,R20_FZ_150_filtered
25,12,0,-151.21,5.593,347.65,-332.9,3878,R20_FZ_150_filtered
25,12,0,-151.2,5.522,351.13,-321.09,4225,R20_FZ_150_filtered
25,12,0,-151.18,-4.707,357.57,305.14,4868,R20_FZ_150_filtered
25,12,0,-151.17,-11.886,355.78,358.27,4689,R20_FZ_150_filtered
25,12,0,-151.15,2.346,351.92,-204.47,4304,R20_FZ_150_filtered
25,12,0,-151.12,8.272,348.32,-374.77,3945,R20_FZ_150_filtered
25,12,0,-151.09,4.909,351.28,-310.56,4240,R20_FZ_150_filtered
25,12,0,-151.08,-10.481,356.12,359.56,4723,R20_FZ_150_filtered
25,12,0,-151.07,-2.041,358.24,185.25,4935,R20_FZ_150_filtered
25,12,0,-151.06,11.78,349.23,-379.72,4036,R20_FZ_150_filtered
25,12,0,-151.03,8.279,350.44,-360.01,4156,R20_FZ_150_filtered
25,12,0,-151.02,-10.566,356.1,360.28,4721,R20_FZ_150_filtered
25,12,0,-150.99,9.667,350.09,-366.51,4121,R20_FZ_150_filtered
25,12,0,-150.94,10.724,348.93,-370.4,4006,R20_FZ_150_filtered
25,12,0,-150.94,-3.596,357.85,268.24,4896,R20_FZ_150_filtered
25,12,0,-150.92,1.803,346.7,-177.23,3783,R20_FZ_150_filtered
25,12,0,-150.92,6.471,347.87,-350.3,3900,R20_FZ_150_filtered
25,12,0,-150.91,8.549,350.37,-367.32,4149,R20_FZ_150_filtered
25,12,0,-150.89,-6.981,357,344.82,4811,R20_FZ_150_filtered
25,12,0,-150.8,-7.207,356.94,345.32,4805,R20_FZ_150_filtered
25,12,0,-150.79,5.558,347.64,-332.13,3877,R20_FZ_150_filtered
25,12,0,-150.76,8.718,348.43,-376.65,3956,R20_FZ_150_filtered
25,12,0,-150.72,-10.062,356.23,361.43,4734,R20_FZ_150_filtered
25,12,0,-150.72,-5.636,357.34,324.82,4845,R20_FZ_150_filtered
25,12,0,-150.7,7.365,348.09,-364.56,3922,R20_FZ_150_filtered
25,12,0,-150.69,-9.078,356.47,357.39,4758,R20_FZ_150_filtered
25,12,0,-150.68,3.557,351.62,-264.63,4274,R20_FZ_150_filtered
25,12,0,-150.65,-11.658,355.43,359.88,4655,R20_FZ_150_filtered
25,12,-0,-150.63,-4.512,357.62,299.12,4873,R20_FZ_150_filtered
25,12,0,-150.6,8.125,350.48,-363.27,4160,R20_FZ_150_filtered
25,12,0,-150.57,11.737,349.57,-371.94,4069,R20_FZ_150_filtered
25,12,0,-150.56,8.397,348.35,-366.07,3948,R20_FZ_150_filtered
25,12,0,-150.56,5.844,351.05,-329.77,4217,R20_FZ_150_filtered
25,12,0,-150.54,0.777,346.44,-88.31,3757,R20_FZ_150_filtered
25,12,0,-150.52,5.171,347.54,-320.66,3867,R20_FZ_150_filtered
25,12,0,-150.52,-6.555,357.11,339.39,4822,R20_FZ_150_filtered
25,12,0,-150.51,-9.668,356.33,362.47,4744,R20_FZ_150_filtered
25,12,0,-150.51,-7.719,356.82,351.2,4793,R20_FZ_150_filtered
25,12,0,-150.42,11.209,349.05,-368.38,4018,R20_FZ_150_filtered
25,12,0,-150.39,-11.672,355.44,357.88,4656,R20_FZ_150_filtered
25,12,0,-150.37,-4.256,357.68,292.87,4879,R20_FZ_150_filtered
25,12,0,-150.36,5.124,347.53,-321.26,3866,R20_FZ_150_filtered
25,12,0,-150.35,3.34,347.08,-262.06,3821,R20_FZ_150_filtered
25,12,0,-150.35,-4.953,357.51,308.73,4862,R20_FZ_150_filtered
25,12,0,-150.32,0.833,346.45,-92.53,3758,R20_FZ_150_filtered
25,12,0,-150.31,3.298,347.07,-259.55,3820,R20_FZ_150_filtered
25,12,0,-150.31,1.74,352.08,-161.21,4320,R20_FZ_150_filtered
25,12,0,-150.25,-10.975,356.01,357.85,4712,R20_FZ_150_filtered
25,12,0,-150.24,-9.194,356.44,361.39,4755,R20_FZ_150_filtered
25,12,0,-150.23,1.68,346.67,-169.58,3780,R20_FZ_150_filtered
25,12,0,-150.21,9.209,350.21,-363.57,4133,R20_FZ_150_filtered
25,12,0,-150.2,5.401,351.16,-319.85,4228,R20_FZ_150_filtered
25,12,0,-150.18,-11.438,355.87,361.88,4698,R20_FZ_150_filtered
25,12,0,-150.17,6.893,350.79,-344.64,4191,R20_FZ_150_filtered
25,12,0,-150.17,-8.636,356.59,354.9,4770,R20_FZ_150_filtered
25,12,0,-150.14,-8.319,356.66,357.56,4777,R20_FZ_150_filtered
25,12,-0,-150.12,12.168,349.45,-372.7,4057,R20_FZ_150_filtered
25,12,0,-150.08,11.049,349.75,-367.01,4087,R20_FZ_150_filtered
25,12,0,-150.08,-11.619,355.42,362.33,4654,R20_FZ_150_filtered
25,12,0,-150.06,2.827,351.81,-229.75,4293,R20_FZ_150_filtered
25,12,-0,-149.96,7.479,348.12,-358.3,3925,R20_FZ_150_filtered
25,12,0,-149.96,-5.195,357.45,314.92,4856,R20_FZ_150_filtered
25,12,0,-149.93,7.793,348.2,-369.21,3933,R20_FZ_150_filtered
25,12,-0,-149.9,2.903,346.98,-242.79,3811,R20_FZ_150_filtered
25,12,0,-149.88,9.813,348.7,-368.22,3983,R20_FZ_150_filtered
25,12,0,-149.88,-8.123,356.71,352.47,4782,R20_FZ_150_filtered
25,12,0,-149.87,0.867,346.46,-97.34,3759,R20_FZ_150_filtered
25,12,0,-149.83,11.455,349.11,-376.76,4024,R20_FZ_150_filtered
25,12,0,-149.83,9.475,350.14,-371.35,4126,R20_FZ_150_filtered
25,12,0,-149.79,-4.03,357.74,283.44,4885,R20_FZ_150_filtered
25,12,0,-149.76,-3.835,357.79,277.67,4890,R20_FZ_150_filtered
25,12,0,-149.75,5.973,351.02,-328.84,4214,R20_FZ_150_filtered
25,12,0,-149.74,10.128,349.98,-364.63,4110,R20_FZ_150_filtered
25,12,-0,-149.73,-3.388,357.9,259.56,4901,R20_FZ_150_filtered
25,12,-0,-149.72,2.078,346.77,-197.18,3790,R20_FZ_150_filtered
25,12,0,-149.7,11.663,349.17,-366.04,4030,R20_FZ_150_filtered
25,12,0,-149.68,7.307,350.68,-350.26,4180,R20_FZ_150_filtered
25,12,0,-149.66,10.376,349.91,-371.34,4103,R20_FZ_150_filtered
25,12,0,-149.66,-12.195,355.56,358,4667,R20_FZ_150_filtered
25,12,0,-149.65,-11.128,355.3,364.05,4642,R20_FZ_150_filtered
25,12,0,-149.63,-7.011,356.99,343.76,4810,R20_FZ_150_filtered
25,12,0,-149.61,12.277,349.29,-366.65,4041,R20_FZ_150_filtered
25,12,0,-149.58,7.239,350.7,-351.31,4182,R20_FZ_150_filtered
25,12,0,-149.54,-7.466,356.88,349.8,4799,R20_FZ_150_filtered
25,12,0,-149.54,-5.829,357.29,324.24,4840,R20_FZ_150_filtered
25,12,0,-149.53,10.289,348.82,-367.93,3995,R20_FZ_150_filtered
25,12,0,-149.53,6.319,350.93,-336.42,4205,R20_FZ_150_filtered
25,12,0,-149.49,-12.138,355.63,365.15,4674,R20_FZ_150_filtered
25,12,0,-149.48,11.286,349.68,-370.22,4080,R20_FZ_150_filtered
25,12,0,-149.48,-11.839,355.79,355.5,4690,R20_FZ_150_filtered
25,12,-0,-149.47,-11.585,355.41,363.29,4653,R20_FZ_150_filtered
25,12,0,-149.46,-2.954,358.01,239.22,4912,R20_FZ_150_filtered
25,12,0,-149.44,11.972,349.52,-366.65,4064,R20_FZ_150_filtered
25,12,0,-149.44,-2.632,358.09,222.02,4920,R20_FZ_150_filtered
25,12,0,-149.42,10.512,348.88,-378.95,4001,R20_FZ_150_filtered
25,12,0,-149.42,-12.151,355.68,356.48,4679,R20_FZ_150_filtered
25,12,0,-149.41,-10.022,356.24,359.59,4735,R20_FZ_150_filtered
25,12,0,-149.39,6.431,347.86,-347.47,3899,R20_FZ_150_filtered
25,12,-0,-149.36,11.768,349.22,-376.59,4035,R20_FZ_150_filtered
25,12,0,-149.33,6.559,347.89,-346.4,3902,R20_FZ_150_filtered
25,12,0,-149.31,-10.629,356.09,359.53,4720,R20_FZ_150_filtered
25,12,0,-149.3,5.052,351.25,-309.75,4237,R20_FZ_150_filtered
25,12,0,-149.28,5.069,347.52,-318.46,3865,R20_FZ_150_filtered
25,12,0,-149.28,-9.311,354.84,362.21,4596,R20_FZ_150_filtered
25,12,0,-149.26,-12.059,355.74,363.26,4685,R20_FZ_150_filtered
25,12,0,-149.25,6.816,350.81,-343.86,4193,R20_FZ_150_filtered
25,12,0,-149.25,-9.718,356.32,360.93,4743,R20_FZ_150_filtered
25,12,0,-149.24,-1.088,352.79,123.09,4391,R20_FZ_150_filtered
25,12,0,-149.21,4.044,351.5,-282.78,4262,R20_FZ_150_filtered
25,12,0,-149.21,-10.274,355.08,361.44,4620,R20_FZ_150_filtered
25,12,0,-149.2,-6.604,357.1,338.32,4821,R20_FZ_150_filtered
25,12,0,-149.18,2.302,351.93,-200.28,4305,R20_FZ_150_filtered
25,12,0,-149.17,-2.125,358.22,189.91,4933,R20_FZ_150_filtered
25,12,0,-149.16,4.199,347.3,-291.49,3843,R20_FZ_150_filtered
25,12,0,-149.16,4.605,351.36,-300.61,4248,R20_FZ_150_filtered
25,12,0,-149.16,-6.763,357.06,338.34,4817,R20_FZ_150_filtered
25,12,0,-149.15,5.881,351.04,-327.43,4216,R20_FZ_150_filtered
25,12,0,-149.14,6.856,350.8,-343.4,4192,R20_FZ_150_filtered
25,12,0,-149.11,-11.224,355.32,358.94,4644,R20_FZ_150_filtered
25,12,0,-149.1,2.299,346.82,-206.2,3795,R20_FZ_150_filtered
25,12,0,-149.08,7.277,350.69,-350.11,4181,R20_FZ_150_filtered
25,12,0,-149.07,3.37,347.09,-262.19,3822,R20_FZ_150_filtered
25,12,0,-149.07,8.589,350.36,-364.66,4148,R20_FZ_150_filtered
25,12,0,-149.05,2.714,351.84,-220.9,4296,R20_FZ_150_filtered
25,12,0,-149.03,2.747,346.94,-231.19,3807,R20_FZ_150_filtered
25,12,0,-149,1.752,346.69,-173.63,3782,R20_FZ_150_filtered
25,12,0,-149,-7.165,356.95,343.45,4806,R20_FZ_150_filtered
25,12,0,-148.99,4.236,347.31,-292.27,3844,R20_FZ_150_filtered
25,12,0,-148.97,7.955,348.24,-360.31,3937,R20_FZ_150_filtered
25,12,0,-148.97,8.244,350.45,-358.45,4157,R20_FZ_150_filtered
25,12,0,-148.97,8.175,350.47,-360.47,4159,R20_FZ_150_filtered
25,12,0,-148.96,1.448,352.15,-142.57,4327,R20_FZ_150_filtered
25,12,0,-148.95,9.637,350.1,-363.73,4122,R20_FZ_150_filtered
25,12,0,-148.95,8.718,350.33,-361.24,4145,R20_FZ_150_filtered
25,12,0,-148.93,6.115,347.78,-337.37,3891,R20_FZ_150_filtered
25,12,0,-148.93,7.035,348.01,-351.62,3914,R20_FZ_150_filtered
25,12,0,-148.92,9.369,348.59,-365.57,3972,R20_FZ_150_filtered
25,12,0,-148.92,-9.06,356.48,354.61,4759,R20_FZ_150_filtered
25,12,0,-148.91,-11.696,355.45,355.7,4657,R20_FZ_150_filtered
25,12,-0,-148.89,5.515,347.63,-328.37,3876,R20_FZ_150_filtered
25,12,0,-148.89,3.696,351.59,-269.91,4271,R20_FZ_150_filtered
25,12,0,-148.87,3.603,351.61,-265.27,4273,R20_FZ_150_filtered
25,12,0,-148.86,-9.348,354.85,360.03,4597,R20_FZ_150_filtered
25,12,0,-148.85,1.705,346.68,-171.13,3781,R20_FZ_150_filtered
25,12,0,-148.81,3.244,347.06,-255.36,3819,R20_FZ_150_filtered
25,12,0,-148.8,4.956,351.27,-308.82,4239,R20_FZ_150_filtered
25,12,0,-148.79,-6.14,357.21,331.66,4832,R20_FZ_150_filtered
25,12,0,-148.78,10.966,348.99,-376.76,4012,R20_FZ_150_filtered
25,12,0,-148.76,4.65,347.41,-306.09,3854,R20_FZ_150_filtered
25,12,-0,-148.76,9.608,348.65,-378.46,3978,R20_FZ_150_filtered
25,12,0,-148.76,-9.231,356.43,360.03,4754,R20_FZ_150_filtered
25,12,0,-148.74,-2.555,358.11,217.2,4922,R20_FZ_150_filtered
25,12,0,-148.72,3.718,347.18,-275.22,3831,R20_FZ_150_filtered
25,12,0,-148.7,-3.554,357.86,265.75,4897,R20_FZ_150_filtered
25,12,0,-148.61,-10.935,356.02,356.47,4713,R20_FZ_150_filtered
25,12,0,-148.59,-4.906,357.52,307.02,4863,R20_FZ_150_filtered
25,12,0,-148.58,-4.309,357.67,292.75,4878,R20_FZ_150_filtered
25,12,-0,-148.57,-8.842,356.54,358.66,4765,R20_FZ_150_filtered
25,12,0,-148.53,9.505,350.13,-367.91,4125,R20_FZ_150_filtered
25,12,0,-148.53,5.476,351.14,-318.89,4226,R20_FZ_150_filtered
25,12,0,-148.51,11.779,349.56,-369.61,4068,R20_FZ_150_filtered
25,12,0,-148.5,4.56,351.37,-298.26,4249,R20_FZ_150_filtered
25,12,0,-148.5,-7.121,356.96,342.56,4807,R20_FZ_150_filtered
25,12,0,-148.47,8.204,350.46,-358.31,4158,R20_FZ_150_filtered
25,12,0,-148.45,12.196,349.44,-370.22,4056,R20_FZ_150_filtered
25,12,0,-148.43,-5.237,357.44,314.93,4855,R20_FZ_150_filtered
25,12,0,-148.42,-10.313,355.09,359.26,4621,R20_FZ_150_filtered
25,12,0,-148.42,-6.22,357.19,330.75,4830,R20_FZ_150_filtered
25,12,-0,-148.41,-2.048,353.03,200.03,4415,R20_FZ_150_filtered
25,12,0,-148.4,-1.971,353.01,195.96,4413,R20_FZ_150_filtered
25,12,0,-148.39,10.757,348.94,-366.35,4007,R20_FZ_150_filtered
25,12,0,-148.39,-6.176,357.2,331.18,4831,R20_FZ_150_filtered
25,12,-0,-148.39,-2.997,358,241.12,4911,R20_FZ_150_filtered
25,12,0,-148.35,5.009,351.26,-308.69,4238,R20_FZ_150_filtered
25,12,0,-148.35,-7.523,356.87,348.56,4798,R20_FZ_150_filtered
25,12,0,-148.34,-8.907,354.74,358.32,4586,R20_FZ_150_filtered
25,12,0,-148.34,-11.293,355.91,353.86,4702,R20_FZ_150_filtered
25,12,0,-148.29,4.094,351.49,-283.38,4261,R20_FZ_150_filtered
25,12,0,-148.26,7.33,348.08,-360.32,3921,R20_FZ_150_filtered
25,12,0,-148.25,-7.95,354.5,357.1,4562,R20_FZ_150_filtered
25,12,0,-148.24,-12.188,355.57,356.79,4668,R20_FZ_150_filtered
25,12,0,-148.23,10.427,349.9,-367.73,4102,R20_FZ_150_filtered
25,12,0,-148.22,-5.791,357.3,323.62,4841,R20_FZ_150_filtered
25,12,0,-148.21,9.173,350.22,-361.84,4134,R20_FZ_150_filtered
25,12,-0,-148.21,-8.092,356.72,351.1,4783,R20_FZ_150_filtered
25,12,0,-148.21,-3.034,357.99,242.64,4910,R20_FZ_150_filtered
25,12,0,-148.19,-7.048,356.98,342.81,4809,R20_FZ_150_filtered
25,12,0,-148.19,-2.606,358.1,219.4,4921,R20_FZ_150_filtered
25,12,0,-148.16,-8.426,354.62,358.03,4574,R20_FZ_150_filtered
25,12,0,-148.15,1.793,352.07,-163.05,4319,R20_FZ_150_filtered
25,12,0,-148.15,-10.149,356.2,359.25,4731,R20_FZ_150_filtered
25,12,0,-148.14,-8.377,354.61,359.88,4573,R20_FZ_150_filtered
25,12,0,-148.11,3.792,347.2,-277.67,3833,R20_FZ_150_filtered
25,12,0,-148.11,-11.478,355.86,362.2,4697,R20_FZ_150_filtered
25,12,0,-148.1,-2.478,353.13,224.05,4425,R20_FZ_150_filtered
25,12,0,-148.07,-1.189,352.81,130.07,4393,R20_FZ_150_filtered
25,12,0,-148.04,11.758,349.21,-371.59,4034,R20_FZ_150_filtered
25,12,0,-148.04,2.798,351.82,-225.69,4294,R20_FZ_150_filtered
25,12,0,-148.04,-10.188,355.06,363.9,4618,R20_FZ_150_filtered
25,12,0,-148.03,-11.787,355.8,354.15,4691,R20_FZ_150_filtered
25,12,0,-148.02,11.401,349.1,-373.63,4023,R20_FZ_150_filtered
25,12,0,-148.02,11.697,349.18,-363.7,4031,R20_FZ_150_filtered
25,12,0,-148.02,12.27,349.3,-366.03,4042,R20_FZ_150_filtered
25,12,0,-148.02,11.391,349.65,-365.89,4077,R20_FZ_150_filtered
25,12,0,-148.01,-3.995,357.75,281.57,4886,R20_FZ_150_filtered
25,12,-0,-147.97,12.22,349.42,-365.87,4054,R20_FZ_150_filtered
25,12,0,-147.95,8.692,348.42,-373.36,3955,R20_FZ_150_filtered
25,12,0,-147.93,-7.937,356.76,353.04,4787,R20_FZ_150_filtered
25,12,0,-147.92,11.246,349.06,-364.98,4019,R20_FZ_150_filtered
25,12,0,-147.92,-7.996,354.51,355.06,4563,R20_FZ_150_filtered
25,12,0,-147.92,-10.791,355.21,358.33,4633,R20_FZ_150_filtered
25,12,0,-147.91,-6.109,354.04,337.42,4516,R20_FZ_150_filtered
25,12,0,-147.9,3.636,351.6,-266.78,4272,R20_FZ_150_filtered
25,12,0,-147.89,11.913,349.53,-365.4,4065,R20_FZ_150_filtered
25,12,0,-147.85,-5.229,353.82,323.91,4494,R20_FZ_150_filtered
25,12,0,-147.83,8.437,348.36,-360.18,3949,R20_FZ_150_filtered
25,12,0,-147.83,9.097,350.24,-365.28,4136,R20_FZ_150_filtered
25,12,0,-147.8,-11.549,355.4,363.29,4652,R20_FZ_150_filtered
25,12,0,-147.78,-6.711,357.07,336.92,4818,R20_FZ_150_filtered
25,12,0,-147.77,-7.026,354.27,348.1,4539,R20_FZ_150_filtered
25,12,0,-147.77,-9.283,356.42,358.19,4753,R20_FZ_150_filtered
25,12,0,-147.75,-6.146,354.05,337.11,4517,R20_FZ_150_filtered
25,12,0,-147.74,12.207,349.43,-367.28,4055,R20_FZ_150_filtered
25,12,0,-147.74,2.745,351.83,-222.92,4295,R20_FZ_150_filtered
25,12,0,-147.74,-7.097,356.97,342.4,4808,R20_FZ_150_filtered
25,12,0,-147.73,7.763,348.19,-364.5,3932,R20_FZ_150_filtered
25,12,0,-147.72,-7.905,354.49,357.4,4561,R20_FZ_150_filtered
25,12,0,-147.7,11.825,349.55,-367.59,4067,R20_FZ_150_filtered
25,12,0,-147.67,-9.258,354.83,363.14,4595,R20_FZ_150_filtered
25,12,0,-147.67,-10.676,356.08,358.33,4719,R20_FZ_150_filtered
25,12,0,-147.65,11.314,349.67,-368.2,4079,R20_FZ_150_filtered
25,12,0,-147.65,-4.791,357.55,304.53,4866,R20_FZ_150_filtered
25,12,0,-147.64,8.647,350.35,-362.18,4147,R20_FZ_150_filtered
25,12,0,-147.59,8.679,350.34,-361.07,4146,R20_FZ_150_filtered
25,12,0,-147.57,-3.941,357.76,279.89,4887,R20_FZ_150_filtered
25,12,0,-147.55,-8.367,356.65,356.31,4776,R20_FZ_150_filtered
25,12,0,-147.54,-12.145,355.62,364.03,4673,R20_FZ_150_filtered
25,12,0,-147.54,-9.028,356.49,353.09,4760,R20_FZ_150_filtered
25,12,0,-147.51,4.276,347.32,-290.38,3845,R20_FZ_150_filtered
25,12,0,-147.51,9.842,348.71,-363.85,3984,R20_FZ_150_filtered
25,12,-0,-147.46,10.091,349.99,-362.59,4111,R20_FZ_150_filtered
25,12,0,-147.46,0.764,352.32,-83.67,4344,R20_FZ_150_filtered
25,12,0,-147.45,-7.467,354.38,353.39,4550,R20_FZ_150_filtered
25,12,0,-147.44,7.532,348.13,-352.39,3926,R20_FZ_150_filtered
25,12,0,-147.44,11.356,349.66,-366.68,4078,R20_FZ_150_filtered
25,12,0,-147.44,-4.295,353.59,300.8,4471,R20_FZ_150_filtered
25,12,-0,-147.41,-10.632,355.17,364.55,4629,R20_FZ_150_filtered
25,12,0,-147.41,-12.088,355.73,361.74,4684,R20_FZ_150_filtered
25,12,0,-147.38,4.153,347.29,-288.39,3842,R20_FZ_150_filtered
25,12,0,-147.35,-1.046,352.78,119.21,4390,R20_FZ_150_filtered
25,12,0,-147.31,-6.543,354.15,343.61,4527,R20_FZ_150_filtered
25,12,0,-147.3,-6.068,354.03,336.61,4515,R20_FZ_150_filtered
25,12,0,-147.28,9.587,350.11,-362.92,4123,R20_FZ_150_filtered
25,12,0,-147.27,-6.991,354.26,348.12,4538,R20_FZ_150_filtered
25,12,0,-147.27,-7.981,356.75,352,4786,R20_FZ_150_filtered
25,12,0,-147.26,-11.262,355.33,356.62,4645,R20_FZ_150_filtered
25,12,0,-147.25,11.885,349.54,-365.74,4066,R20_FZ_150_filtered
25,12,0,-147.16,-8.881,356.53,356.65,4764,R20_FZ_150_filtered
25,12,0,-147.15,11.752,349.2,-367.11,4033,R20_FZ_150_filtered
25,12,0,-147.14,-4.788,353.71,312.45,4483,R20_FZ_150_filtered
25,12,0,-147.13,-8.351,354.6,360.2,4572,R20_FZ_150_filtered
25,12,0,-147.13,-8.946,354.75,355.72,4587,R20_FZ_150_filtered
25,12,0,-147.13,-8.054,356.73,350.77,4784,R20_FZ_150_filtered
25,12,0,-147.09,-5.261,357.43,314.79,4854,R20_FZ_150_filtered
25,12,0,-147.07,-2.935,353.25,248.54,4437,R20_FZ_150_filtered
25,12,0,-147.07,-4.879,357.53,305.8,4864,R20_FZ_150_filtered
25,12,0,-147.06,-4.347,353.6,301.13,4472,R20_FZ_150_filtered
25,12,0,-147.05,10.316,348.83,-365.27,3996,R20_FZ_150_filtered
25,12,0,-147.01,10.055,350,-363.54,4112,R20_FZ_150_filtered
25,12,0,-146.99,4.608,347.4,-302.02,3853,R20_FZ_150_filtered
25,12,0,-146.99,-4.742,353.7,312.26,4482,R20_FZ_150_filtered
25,12,0,-146.99,-6.178,354.06,336.18,4518,R20_FZ_150_filtered
25,12,0,-146.99,-3.517,357.87,263.91,4898,R20_FZ_150_filtered
25,12,0,-146.98,-8.41,356.64,354.8,4775,R20_FZ_150_filtered
25,12,0,-146.92,11.722,349.19,-364,4032,R20_FZ_150_filtered
25,12,0,-146.9,5.045,347.51,-314.41,3864,R20_FZ_150_filtered
25,12,0,-146.9,-4.83,357.54,304.85,4865,R20_FZ_150_filtered
25,12,0,-146.89,-10.184,356.19,357.58,4730,R20_FZ_150_filtered
25,12,0,-146.88,9.571,348.64,-374.26,3977,R20_FZ_150_filtered
25,12,0,-146.86,10.464,349.89,-364.47,4101,R20_FZ_150_filtered
25,12,0,-146.85,10.48,348.87,-375.65,4000,R20_FZ_150_filtered
25,12,0,-146.85,9.549,350.12,-364.81,4124,R20_FZ_150_filtered
25,12,0,-146.84,-4.262,353.58,300.05,4470,R20_FZ_150_filtered
25,12,0,-146.84,-5.14,353.8,321.74,4492,R20_FZ_150_filtered
25,12,0,-146.82,-2.089,353.04,202.18,4416,R20_FZ_150_filtered
25,12,0,-146.78,1.826,352.06,-165.36,4318,R20_FZ_150_filtered
25,12,0,-146.77,-2.9,353.24,246.53,4436,R20_FZ_150_filtered
25,12,0,-146.77,-12.155,355.69,355.87,4680,R20_FZ_150_filtered
25,12,0,-146.74,2.949,346.99,-241.23,3812,R20_FZ_150_filtered
25,12,0,-146.74,-9.957,356.26,355.43,4737,R20_FZ_150_filtered
25,12,0,-146.73,-11.265,355.92,353.88,4703,R20_FZ_150_filtered
25,12,0,-146.67,-8.014,356.74,350.93,4785,R20_FZ_150_filtered
25,12,0,-146.63,-5.272,353.83,323.3,4495,R20_FZ_150_filtered
25,12,0,-146.62,2.7,346.93,-226.17,3806,R20_FZ_150_filtered
25,12,0,-146.62,-11.693,355.46,355.26,4658,R20_FZ_150_filtered
25,12,0,-146.6,-3.817,353.47,285.64,4459,R20_FZ_150_filtered
25,12,0,-146.58,0.271,352.45,-33.1,4357,R20_FZ_150_filtered
25,12,-0,-146.58,-9.435,354.87,355.9,4599,R20_FZ_150_filtered
25,12,0,-146.58,-10.902,356.03,355.54,4714,R20_FZ_150_filtered
25,12,0,-146.55,-2.965,353.26,250.92,4438,R20_FZ_150_filtered
25,12,0,-146.54,-1.69,352.93,174.43,4405,R20_FZ_150_filtered
25,12,0,-146.54,-12.16,355.61,363.17,4672,R20_FZ_150_filtered
25,12,0,-146.52,-8.988,356.5,352.64,4761,R20_FZ_150_filtered
25,12,0,-146.48,1.398,352.16,-137.91,4328,R20_FZ_150_filtered
25,12,0,-146.47,10.977,349.77,-363.99,4089,R20_FZ_150_filtered
25,12,0,-146.44,5.482,347.62,-323.73,3875,R20_FZ_150_filtered
25,12,0,-146.44,-0.694,352.69,80.93,4381,R20_FZ_150_filtered
25,12,0,-146.41,6.839,347.96,-349.51,3909,R20_FZ_150_filtered
25,12,0,-146.41,-7.1,354.29,345.65,4541,R20_FZ_150_filtered
25,12,0,-146.4,10.808,348.95,-364.8,4008,R20_FZ_150_filtered
25,12,0,-146.39,3.672,347.17,-271.01,3830,R20_FZ_150_filtered
25,12,0,-146.39,-3.864,353.48,286.88,4460,R20_FZ_150_filtered
25,12,0,-146.34,-7.429,354.37,352.44,4549,R20_FZ_150_filtered
25,12,0,-146.28,-4.703,353.69,311.51,4481,R20_FZ_150_filtered
25,12,0,-146.28,-9.32,356.41,356.18,4752,R20_FZ_150_filtered
25,12,0,-146.26,-6.499,354.14,342.66,4526,R20_FZ_150_filtered
25,12,0,-146.22,3.838,347.21,-275.22,3834,R20_FZ_150_filtered
25,12,0,-146.21,10.004,348.75,-372.7,3988,R20_FZ_150_filtered
25,12,0,-146.21,10.84,348.96,-365.73,4009,R20_FZ_150_filtered
25,12,0,-146.19,-8.457,356.63,353.57,4774,R20_FZ_150_filtered
25,12,0,-146.16,7.08,348.02,-346.17,3915,R20_FZ_150_filtered
25,12,0,-146.14,-8.924,356.52,354.61,4763,R20_FZ_150_filtered
25,12,-0,-146.13,-11.314,355.34,355.44,4646,R20_FZ_150_filtered
25,12,0,-146.12,-8.028,354.52,352.77,4564,R20_FZ_150_filtered
25,12,0,-146.1,-1.922,353,194.11,4412,R20_FZ_150_filtered
25,12,0,-146.09,-11.13,355.96,359.13,4707,R20_FZ_150_filtered
25,12,0,-146.08,-12.101,355.72,359.89,4683,R20_FZ_150_filtered
25,12,0,-146.07,-12.134,355.7,356.65,4681,R20_FZ_150_filtered
25,12,-0,-146.06,6.162,347.79,-332.06,3892,R20_FZ_150_filtered
25,12,0,-146.05,7.999,348.25,-355.17,3938,R20_FZ_150_filtered
25,12,-0,-146.01,-1.234,352.82,133.83,4394,R20_FZ_150_filtered
25,12,0,-146.01,-5.594,353.91,329.67,4503,R20_FZ_150_filtered
25,12,0,-145.99,2.179,346.79,-196.86,3792,R20_FZ_150_filtered
25,12,0,-145.99,-9.922,356.27,354.03,4738,R20_FZ_150_filtered
25,12,0,-145.95,-5.747,353.95,329.36,4507,R20_FZ_150_filtered
25,12,0,-145.91,-4.823,353.72,312.63,4484,R20_FZ_150_filtered
25,12,0,-145.91,-11.513,355.39,362.06,4651,R20_FZ_150_filtered
25,12,0,-145.87,-12.119,355.71,358.04,4682,R20_FZ_150_filtered
25,12,-0,-145.85,-10.15,355.05,363.16,4617,R20_FZ_150_filtered
25,12,0,-145.85,-10.818,355.22,356.34,4634,R20_FZ_150_filtered
25,12,0,-145.83,1.364,352.17,-133.87,4329,R20_FZ_150_filtered
25,12,0,-145.81,-3.35,353.35,266.86,4447,R20_FZ_150_filtered
25,12,0,-145.77,7.277,348.07,-354.86,3920,R20_FZ_150_filtered
25,12,0,-145.76,10.88,348.97,-369.45,4010,R20_FZ_150_filtered
25,12,0,-145.74,5.233,347.56,-313.61,3869,R20_FZ_150_filtered
25,12,0,-145.74,-9.233,354.82,362.7,4594,R20_FZ_150_filtered
25,12,0,-145.74,-11.736,355.5,364.37,4662,R20_FZ_150_filtered
25,12,-0,-145.74,-9.405,356.39,353.58,4750,R20_FZ_150_filtered
25,12,0,-145.73,-8.951,356.51,353.25,4762,R20_FZ_150_filtered
25,12,0,-145.72,-9.359,356.4,354.48,4751,R20_FZ_150_filtered
25,12,0,-145.69,9.872,348.72,-362.44,3985,R20_FZ_150_filtered
25,12,0,-145.63,-10.215,356.18,356.33,4729,R20_FZ_150_filtered
25,12,-0,-145.61,-10.576,355.16,363.17,4628,R20_FZ_150_filtered
25,12,-0,-145.59,-3.904,353.49,287.22,4461,R20_FZ_150_filtered
25,12,0,-145.55,-0.259,352.57,23.07,4369,R20_FZ_150_filtered
25,12,0,-145.53,-11.22,355.93,354.81,4704,R20_FZ_150_filtered
25,12,0,-145.52,7.727,348.18,-359.24,3931,R20_FZ_150_filtered
25,12,0,-145.52,0.232,352.46,-28.45,4358,R20_FZ_150_filtered
25,12,0,-145.51,-12.161,355.6,360.67,4671,R20_FZ_150_filtered
25,12,0,-145.48,10.437,348.86,-371.45,3999,R20_FZ_150_filtered
25,12,0,-145.38,-9.905,354.99,356.5,4611,R20_FZ_150_filtered
25,12,-0,-145.38,-11.718,355.47,355.72,4659,R20_FZ_150_filtered
25,12,-0,-145.34,0.808,352.31,-86.25,4343,R20_FZ_150_filtered
25,12,0,-145.24,-11.197,355.94,356.68,4705,R20_FZ_150_filtered
25,12,0,-145.21,4.106,347.28,-283.23,3841,R20_FZ_150_filtered
25,12,0,-145.2,-10.302,356.16,355.26,4727,R20_FZ_150_filtered
25,12,0,-145.19,-6.03,354.02,335.27,4514,R20_FZ_150_filtered
25,12,0,-145.17,-8.311,354.59,358.98,4571,R20_FZ_150_filtered
25,12,0,-145.11,-3.781,353.46,284.07,4458,R20_FZ_150_filtered
25,12,0,-145.11,-4.233,353.57,298.35,4469,R20_FZ_150_filtered
25,12,0,-145.09,8.472,348.37,-356.57,3950,R20_FZ_150_filtered
25,12,0,-145.07,-0.987,352.77,114.72,4389,R20_FZ_150_filtered
25,12,0,-145.04,9.525,348.63,-369.61,3976,R20_FZ_150_filtered
25,12,-0,-144.95,-8.747,354.7,361.48,4582,R20_FZ_150_filtered
25,12,0,-144.95,-10.261,356.17,355.41,4728,R20_FZ_150_filtered
25,12,0,-144.94,-0.214,352.56,17.96,4368,R20_FZ_150_filtered
25,12,0,-144.94,-11.464,355.38,360.68,4650,R20_FZ_150_filtered
25,12,0,-144.93,-11.162,355.95,357.75,4706,R20_FZ_150_filtered
25,12,0,-144.86,-2.859,353.23,244.54,4435,R20_FZ_150_filtered
25,12,0,-144.82,-0.721,352.7,85.27,4382,R20_FZ_150_filtered
25,12,0,-144.78,6.362,347.84,-337.21,3897,R20_FZ_150_filtered
25,12,0,-144.75,-11.741,355.49,360.97,4661,R20_FZ_150_filtered
25,12,0,-144.72,-6.222,354.07,335.11,4519,R20_FZ_150_filtered
25,12,0,-144.68,8.964,348.49,-359.66,3962,R20_FZ_150_filtered
25,12,0,-144.65,7.555,348.14,-348.02,3927,R20_FZ_150_filtered
25,12,0,-144.65,-7.391,354.36,350.93,4548,R20_FZ_150_filtered
25,12,0,-144.64,9.959,348.74,-368.21,3987,R20_FZ_150_filtered
25,12,0,-144.62,-2.395,353.11,219.69,4423,R20_FZ_150_filtered
25,12,0,-144.6,-8.069,354.53,350.94,4565,R20_FZ_150_filtered
25,12,0,-144.56,9.449,348.61,-362.15,3974,R20_FZ_150_filtered
25,12,0,-144.55,2.658,346.92,-222.11,3805,R20_FZ_150_filtered
25,12,0,-144.46,8.596,348.4,-363.84,3953,R20_FZ_150_filtered
25,12,0,-144.46,-4.67,353.68,310.31,4480,R20_FZ_150_filtered
25,12,0,-144.46,-11.721,355.48,357.71,4660,R20_FZ_150_filtered
25,12,0,-144.42,9.921,348.73,-363.86,3986,R20_FZ_150_filtered
25,12,0,-144.32,-2.137,353.05,204.55,4417,R20_FZ_150_filtered
25,12,0,-144.29,-9.467,354.88,355.73,4600,R20_FZ_150_filtered
25,12,0,-144.27,4.322,347.33,-287.25,3846,R20_FZ_150_filtered
25,12,0,-144.25,-7.823,354.47,354.32,4559,R20_FZ_150_filtered
25,12,0,-144.22,-10.536,355.15,361.14,4627,R20_FZ_150_filtered
25,12,0,-144.21,3.636,347.16,-265.55,3829,R20_FZ_150_filtered
25,12,0,-144.2,-5.108,353.79,319.92,4491,R20_FZ_150_filtered
25,12,0,-144.19,9.49,348.62,-365.1,3975,R20_FZ_150_filtered
25,12,-0,-144.19,-6.463,354.13,341.02,4525,R20_FZ_150_filtered
25,12,0,-144.19,-9.185,354.81,361.3,4593,R20_FZ_150_filtered
25,12,0,-144.17,5.44,347.61,-318.26,3874,R20_FZ_150_filtered
25,12,0,-144.08,9.028,348.51,-364,3964,R20_FZ_150_filtered
25,12,-0,-144.05,4.558,347.39,-296.86,3852,R20_FZ_150_filtered
25,12,0,-144.05,-3.303,353.34,264.4,4446,R20_FZ_150_filtered
25,12,0,-143.93,-9.626,354.92,361.3,4604,R20_FZ_150_filtered
25,12,0,-143.85,8.035,348.26,-352.68,3939,R20_FZ_150_filtered
25,12,0,-143.83,-1.892,352.99,191.99,4411,R20_FZ_150_filtered
25,12,0,-143.82,-1.728,352.94,177.71,4406,R20_FZ_150_filtered
25,12,0,-143.8,2.581,346.9,-218.7,3803,R20_FZ_150_filtered
25,12,0,-143.8,4.813,347.45,-300.27,3858,R20_FZ_150_filtered
25,12,0,-143.8,-11.341,355.35,355.74,4647,R20_FZ_150_filtered
25,12,0,-143.79,-9.024,354.77,354.67,4589,R20_FZ_150_filtered
25,12,0,-143.79,-11.427,355.37,359,4649,R20_FZ_150_filtered
25,12,0,-143.75,2.625,346.91,-219.61,3804,R20_FZ_150_filtered
25,12,0,-143.75,0.18,352.47,-23.28,4359,R20_FZ_150_filtered
25,12,0,-143.73,5.004,347.5,-308.8,3863,R20_FZ_150_filtered
25,12,0,-143.73,-5.551,353.9,328.46,4502,R20_FZ_150_filtered
25,12,0,-143.69,-10.897,355.24,356.04,4636,R20_FZ_150_filtered
25,12,0,-143.67,-5.786,353.96,328.6,4508,R20_FZ_150_filtered
25,12,0,-143.67,-7.144,354.3,344.59,4542,R20_FZ_150_filtered
25,12,0,-143.63,6.811,347.95,-343.53,3908,R20_FZ_150_filtered
25,12,0,-143.6,5.888,347.72,-325.71,3885,R20_FZ_150_filtered
25,12,0,-143.56,-10.939,355.25,357.75,4637,R20_FZ_150_filtered
25,12,-0,-143.55,-10.518,355.14,359.01,4626,R20_FZ_150_filtered
25,12,0,-143.54,2.976,347,-238.7,3813,R20_FZ_150_filtered
25,12,0,-143.52,6.196,347.8,-328.18,3893,R20_FZ_150_filtered
25,12,0,-143.52,-8.701,354.69,359.93,4581,R20_FZ_150_filtered
25,12,0,-143.49,-4.856,353.73,312.34,4485,R20_FZ_150_filtered
25,12,0,-143.47,-8.263,354.58,357.28,4570,R20_FZ_150_filtered
25,12,0,-143.46,3.87,347.22,-271.74,3835,R20_FZ_150_filtered
25,12,0,-143.4,-3.936,353.5,287.82,4462,R20_FZ_150_filtered
25,12,0,-143.37,7.249,348.06,-349.29,3919,R20_FZ_150_filtered
25,12,0,-143.36,-0.163,352.55,12.84,4367,R20_FZ_150_filtered
25,12,0,-143.35,-7.623,354.42,347.98,4554,R20_FZ_150_filtered
25,12,0,-143.33,-7.339,354.35,349.21,4547,R20_FZ_150_filtered
25,12,0,-143.31,8.562,348.39,-359.34,3952,R20_FZ_150_filtered
25,12,0,-143.28,-10.419,355.12,356.68,4624,R20_FZ_150_filtered
25,12,0,-143.22,-11.381,355.36,357.12,4648,R20_FZ_150_filtered
25,12,0,-143.2,-10.463,355.13,357.61,4625,R20_FZ_150_filtered
25,12,0,-143.07,7.128,348.03,-342.27,3916,R20_FZ_150_filtered
25,12,0,-143.07,-9.517,354.89,356.68,4601,R20_FZ_150_filtered
25,12,-0,-143.04,-3.745,353.45,281.95,4457,R20_FZ_150_filtered
25,12,0,-143.01,-8.586,354.66,353.55,4578,R20_FZ_150_filtered
25,12,0,-142.97,-9.537,354.9,358.21,4602,R20_FZ_150_filtered
25,12,0,-142.95,-6.271,354.08,334.83,4520,R20_FZ_150_filtered
25,12,0,-142.94,-9.139,354.8,359.62,4592,R20_FZ_150_filtered
25,12,0,-142.9,0.844,352.3,-89.06,4342,R20_FZ_150_filtered
25,12,0,-142.86,8.073,348.27,-353.45,3940,R20_FZ_150_filtered
25,12,0,-142.84,-5.989,354.01,333.72,4513,R20_FZ_150_filtered
25,12,0,-142.8,-9.594,354.91,359.92,4603,R20_FZ_150_filtered
25,12,0,-142.79,-8.655,354.68,357.29,4580,R20_FZ_150_filtered
25,12,0,-142.75,5.268,347.57,-310.03,3870,R20_FZ_150_filtered
25,12,0,-142.72,-9.115,354.79,357.77,4591,R20_FZ_150_filtered
25,12,0,-142.66,4.063,347.27,-278.12,3840,R20_FZ_150_filtered
25,12,0,-142.65,-2.822,353.22,242.7,4434,R20_FZ_150_filtered
25,12,0,-142.63,-0.949,352.76,110.69,4388,R20_FZ_150_filtered
25,12,0,-142.6,7.642,348.16,-348.93,3929,R20_FZ_150_filtered
25,12,0,-142.59,-6.423,354.12,339.12,4524,R20_FZ_150_filtered
25,12,0,-142.53,7.598,348.15,-346.92,3928,R20_FZ_150_filtered
25,12,0,-142.42,-4.192,353.56,296.83,4468,R20_FZ_150_filtered
25,12,0,-142.41,-8.114,354.54,350.34,4566,R20_FZ_150_filtered
25,12,0,-142.37,-7.793,354.46,352.63,4558,R20_FZ_150_filtered
25,12,0,-142.35,-0.76,352.71,89.48,4383,R20_FZ_150_filtered
25,12,0,-142.33,-5.071,353.78,318.39,4490,R20_FZ_150_filtered
25,12,0,-142.28,-1.864,352.98,189.84,4410,R20_FZ_150_filtered
25,12,0,-142.27,-7.18,354.31,344.3,4543,R20_FZ_150_filtered
25,12,0,-142.27,-8.623,354.67,355.74,4579,R20_FZ_150_filtered
25,12,0,-142.24,6.312,347.83,-331.9,3896,R20_FZ_150_filtered
25,12,0,-142.22,4.525,347.38,-291.27,3851,R20_FZ_150_filtered
25,12,0,-142.19,3.599,347.15,-260.56,3828,R20_FZ_150_filtered
25,12,0,-142.19,-8.227,354.57,354.97,4569,R20_FZ_150_filtered
25,12,0,-142.16,6.753,347.94,-338.25,3907,R20_FZ_150_filtered
25,12,0,-142.15,3.038,347.01,-237.31,3814,R20_FZ_150_filtered
25,12,0,-142.13,-4.617,353.67,308.93,4479,R20_FZ_150_filtered
25,12,0,-142.1,6.242,347.81,-326.47,3894,R20_FZ_150_filtered
25,12,0,-142.03,7.194,348.05,-344.45,3918,R20_FZ_150_filtered
25,12,0,-141.99,-7.75,354.45,350.63,4557,R20_FZ_150_filtered
25,12,0,-141.92,-5.949,354,332.52,4512,R20_FZ_150_filtered
25,12,0,-141.87,-1.325,352.84,142.67,4396,R20_FZ_150_filtered
25,12,0,-141.86,5.396,347.6,-313.15,3873,R20_FZ_150_filtered
25,12,0,-141.85,-6.733,354.2,340.12,4532,R20_FZ_150_filtered
25,12,0,-141.77,6.719,347.93,-335.14,3906,R20_FZ_150_filtered
25,12,0,-141.77,-5.503,353.89,326.76,4501,R20_FZ_150_filtered
25,12,0,-141.72,5.833,347.71,-321.17,3884,R20_FZ_150_filtered
25,12,0,-141.71,-7.713,354.44,349.22,4556,R20_FZ_150_filtered
25,12,-0,-141.69,-1.748,352.95,181.01,4407,R20_FZ_150_filtered
25,12,0,-141.67,-4.905,353.74,313.14,4486,R20_FZ_150_filtered
25,12,-0,-141.66,-6.396,354.11,337.95,4523,R20_FZ_150_filtered
25,12,0,-141.61,-3.266,353.33,262.4,4445,R20_FZ_150_filtered
25,12,0,-141.53,-7.305,354.34,347.85,4546,R20_FZ_150_filtered
25,12,0,-141.5,-8.188,354.56,352.8,4568,R20_FZ_150_filtered
25,12,0,-141.48,-6.859,354.23,343.64,4535,R20_FZ_150_filtered
25,12,0,-141.45,7.151,348.04,-341.8,3917,R20_FZ_150_filtered
25,12,0,-141.4,6.284,347.82,-328.02,3895,R20_FZ_150_filtered
25,12,0,-141.36,4.963,347.49,-303.53,3862,R20_FZ_150_filtered
25,12,0,-141.33,-8.142,354.55,351.38,4567,R20_FZ_150_filtered
25,12,0,-141.31,-3.058,353.28,253.75,4440,R20_FZ_150_filtered
25,12,0,-141.27,5.807,347.7,-319.17,3883,R20_FZ_150_filtered
25,12,0,-141.24,4.845,347.46,-297.61,3859,R20_FZ_150_filtered
25,12,0,-141.22,-2.635,353.17,233.57,4429,R20_FZ_150_filtered
25,12,0,-141.22,-3.973,353.51,288.44,4463,R20_FZ_150_filtered
25,12,0,-141.2,-1.815,352.97,187.5,4409,R20_FZ_150_filtered
25,12,0,-141.18,-6.834,354.22,342.29,4534,R20_FZ_150_filtered
25,12,0,-141.11,-1.411,352.86,151.81,4398,R20_FZ_150_filtered
25,12,0,-140.96,-6.782,354.21,341.02,4533,R20_FZ_150_filtered
25,12,0,-140.92,-1.36,352.85,147.5,4397,R20_FZ_150_filtered
25,12,0,-140.9,-0.108,352.54,8.05,4366,R20_FZ_150_filtered
25,12,0,-140.9,-2.79,353.21,241.32,4433,R20_FZ_150_filtered
25,12,0,-140.88,-3.705,353.44,279.92,4456,R20_FZ_150_filtered
25,12,0,-140.87,-1.798,352.96,184.4,4408,R20_FZ_150_filtered
25,12,0,-140.86,3.907,347.23,-268.77,3836,R20_FZ_150_filtered
25,12,0,-140.84,-7.263,354.33,346.3,4545,R20_FZ_150_filtered
25,12,0,-140.82,-5.91,353.99,330.97,4511,R20_FZ_150_filtered
25,12,0,-140.81,5.319,347.58,-308.33,3871,R20_FZ_150_filtered
25,12,0,-140.79,-5.864,353.98,329.68,4510,R20_FZ_150_filtered
25,12,0,-140.72,3.576,347.14,-256.83,3827,R20_FZ_150_filtered
25,12,0,-140.71,4.034,347.26,-272.63,3839,R20_FZ_150_filtered
25,12,0,-140.7,-2.298,353.09,215.41,4421,R20_FZ_150_filtered
25,12,0,-140.61,-4.586,353.66,307.54,4478,R20_FZ_150_filtered
25,12,0,-140.61,-7.229,354.32,345.05,4544,R20_FZ_150_filtered
25,12,-0,-140.57,3.072,347.02,-237.58,3815,R20_FZ_150_filtered
25,12,0,-140.51,0.142,352.48,-18.14,4360,R20_FZ_150_filtered
25,12,0,-140.49,5.359,347.59,-309.55,3872,R20_FZ_150_filtered
25,12,0,-140.32,-0.797,352.72,93.67,4384,R20_FZ_150_filtered
25,12,0,-140.1,0.424,352.41,-47.28,4353,R20_FZ_150_filtered
25,12,0,-139.99,-4.938,353.75,314.36,4487,R20_FZ_150_filtered
25,12,0,-139.97,4.929,347.48,-299.01,3861,R20_FZ_150_filtered
25,12,0,-139.84,-4.503,353.64,304.16,4476,R20_FZ_150_filtered
25,12,0,-139.82,-4.984,353.76,315.79,4488,R20_FZ_150_filtered
25,12,-0,-139.81,-2.671,353.18,235.78,4430,R20_FZ_150_filtered
25,12,0,-139.74,-4.022,353.52,290.19,4464,R20_FZ_150_filtered
25,12,0,-139.73,3.951,347.24,-267.66,3837,R20_FZ_150_filtered
25,12,0,-139.73,-2.746,353.2,239.92,4432,R20_FZ_150_filtered
25,12,0,-139.65,-4.541,353.65,306,4477,R20_FZ_150_filtered
25,12,0,-139.49,-3.671,353.43,278.26,4455,R20_FZ_150_filtered
25,12,0,-139.37,-4.103,353.54,293.6,4466,R20_FZ_150_filtered
25,12,0,-139.16,-3.098,353.29,255.31,4441,R20_FZ_150_filtered
25,12,0,-139.13,3.991,347.25,-268.92,3838,R20_FZ_150_filtered
25,12,0,-139.09,-0.834,352.73,97.55,4385,R20_FZ_150_filtered
25,12,0,-138.99,-0.864,352.74,101.73,4386,R20_FZ_150_filtered
25,12,0,-138.87,0.45,352.4,-51.02,4352,R20_FZ_150_filtered
25,12,0,-138.78,-2.72,353.19,237.92,4431,R20_FZ_150_filtered
25,12,-0,-138.66,-4.064,353.53,291.76,4465,R20_FZ_150_filtered
25,12,0,-138.35,-3.582,353.41,274.68,4453,R20_FZ_150_filtered
25,12,0,-138.18,-3.623,353.42,276.39,4454,R20_FZ_150_filtered
25,12,0,-138.02,0.106,352.49,-13.03,4361,R20_FZ_150_filtered
25,12,0,-136.82,-0.503,352.63,52.57,4375,R20_FZ_150_filtered
25,12,0,-136.68,-0.453,352.62,47.94,4374,R20_FZ_150_filtered
25,12,0,-136.51,0.064,352.5,-8.32,4362,R20_FZ_150_filtered
25,12,0,-112.26,1.062,447.91,-99.26,7502,R20_FZ_100_filtered
25,12,0,-111.95,1.512,448.02,-125.3,7513,R20_FZ_100_filtered
25,12,0,-111.54,1.008,447.9,-96.15,7501,R20_FZ_100_filtered
25,12,0,-110.61,1.095,447.92,-101.39,7503,R20_FZ_100_filtered
25,12,0,-110.5,1.531,448.03,-127.59,7514,R20_FZ_100_filtered
25,12,0,-108.28,1.937,448.13,-145.28,7524,R20_FZ_100_filtered
25,12,0,-108.19,1.581,448.04,-129.13,7515,R20_FZ_100_filtered
25,12,0,-107.96,0.948,447.88,-89.28,7499,R20_FZ_100_filtered
25,12,0,-107.48,8.271,451.83,-258.76,7893,R20_FZ_100_filtered
25,12,0,-107.35,7.349,452.06,-252.58,7916,R20_FZ_100_filtered
25,12,0,-107.07,0.647,447.8,-61.21,7491,R20_FZ_100_filtered
25,12,0,-106.94,6.875,452.18,-248.86,7928,R20_FZ_100_filtered
25,12,0,-106.87,7.799,451.95,-254.89,7905,R20_FZ_100_filtered
25,12,0,-106.83,5.961,452.41,-239.86,7951,R20_FZ_100_filtered
25,12,0,-106.79,8.715,451.72,-259.21,7882,R20_FZ_100_filtered
25,12,0,-106.77,2.443,448.25,-165.73,7536,R20_FZ_100_filtered
25,12,0,-106.76,6.443,452.29,-245.15,7939,R20_FZ_100_filtered
25,12,0,-106.44,0.691,447.81,-64.59,7492,R20_FZ_100_filtered
25,12,0,-106.44,12.176,450.79,-265.28,7789,R20_FZ_100_filtered
25,12,0,-106.42,1.891,448.12,-141.71,7523,R20_FZ_100_filtered
25,12,-0,-106.37,5.089,452.63,-227.41,7973,R20_FZ_100_filtered
25,12,0,-106.36,8.759,451.71,-260.61,7881,R20_FZ_100_filtered
25,12,0,-106.29,11.463,451.02,-264.99,7812,R20_FZ_100_filtered
25,12,0,-106.25,6.924,452.17,-249.49,7927,R20_FZ_100_filtered
25,12,0,-106.23,8.232,451.84,-256.27,7894,R20_FZ_100_filtered
25,12,0,-106.22,5.042,452.64,-226.98,7974,R20_FZ_100_filtered
25,12,-0,-106.21,7.303,452.07,-250.21,7917,R20_FZ_100_filtered
25,12,0,-105.97,10.148,451.36,-264.21,7846,R20_FZ_100_filtered
25,12,0,-105.85,4.172,452.86,-210.71,7996,R20_FZ_100_filtered
25,12,0,-105.84,11.049,451.14,-264.21,7824,R20_FZ_100_filtered
25,12,0,-105.82,6.835,452.19,-245.1,7929,R20_FZ_100_filtered
25,12,0,-105.7,2.487,448.26,-166.54,7537,R20_FZ_100_filtered
25,12,0,-105.65,2.838,448.36,-179.36,7547,R20_FZ_100_filtered
25,12,0,-105.64,11.083,451.13,-266.21,7823,R20_FZ_100_filtered
25,12,0,-105.62,3.234,453.09,-185.12,8019,R20_FZ_100_filtered
25,12,0,-105.52,4.139,452.87,-209.9,7997,R20_FZ_100_filtered
25,12,0,-105.51,2.302,453.32,-150.19,8042,R20_FZ_100_filtered
25,12,0,-105.43,7.886,451.93,-254.74,7903,R20_FZ_100_filtered
25,12,0,-105.43,2.829,453.2,-169.78,8030,R20_FZ_100_filtered
25,12,0,-105.38,10.626,451.24,-265.47,7834,R20_FZ_100_filtered
25,12,0,-105.36,3.728,452.97,-198.89,8007,R20_FZ_100_filtered
25,12,0,-105.32,9.232,451.59,-261.86,7869,R20_FZ_100_filtered
25,12,0,-105.13,7.756,451.96,-250.85,7906,R20_FZ_100_filtered
25,12,0,-105.11,3.202,453.1,-183.83,8020,R20_FZ_100_filtered
25,12,0,-105.1,8.789,451.7,-259.73,7880,R20_FZ_100_filtered
25,12,0,-105.08,9.159,451.61,-258.73,7871,R20_FZ_100_filtered
25,12,-0,-105.04,8.668,451.73,-255.16,7883,R20_FZ_100_filtered
25,12,0,-105.04,6.03,452.39,-239.67,7949,R20_FZ_100_filtered
25,12,0,-105,4.558,452.76,-218.43,7986,R20_FZ_100_filtered
25,12,0,-104.97,12.157,450.8,-261.55,7790,R20_FZ_100_filtered
25,12,0,-104.97,6.957,452.16,-247.74,7926,R20_FZ_100_filtered
25,12,0,-104.93,3.28,453.08,-185.55,8018,R20_FZ_100_filtered
25,12,0,-104.91,10.184,451.35,-263.26,7845,R20_FZ_100_filtered
25,12,0,-104.89,10.087,451.38,-257.67,7848,R20_FZ_100_filtered
25,12,0,-104.8,12.045,450.89,-263.7,7799,R20_FZ_100_filtered
25,12,0,-104.77,5.931,452.42,-236.26,7952,R20_FZ_100_filtered
25,12,0,-104.75,10.212,450.2,-262.93,7731,R20_FZ_100_filtered
25,12,0,-104.7,5.121,452.62,-226.65,7972,R20_FZ_100_filtered
25,12,0,-104.68,9.71,451.47,-261.84,7857,R20_FZ_100_filtered
25,12,0,-104.57,11.625,450.55,-263.42,7766,R20_FZ_100_filtered
25,12,0,-104.48,2.25,453.33,-148.49,8043,R20_FZ_100_filtered
25,12,0,-104.4,5.011,452.65,-224.02,7975,R20_FZ_100_filtered
25,12,0,-104.4,4.212,452.85,-209.6,7995,R20_FZ_100_filtered
25,12,0,-104.38,1.853,448.11,-137.94,7522,R20_FZ_100_filtered
25,12,0,-104.25,4.102,452.88,-206.8,7998,R20_FZ_100_filtered
25,12,0,-104.22,2.345,453.31,-151.15,8041,R20_FZ_100_filtered
25,12,0,-104.21,11.108,451.12,-264.34,7822,R20_FZ_100_filtered
25,12,0,-104.19,9.742,450.08,-262.95,7719,R20_FZ_100_filtered
25,12,0,-104.15,3.774,448.59,-204.83,7570,R20_FZ_100_filtered
25,12,0,-104.05,9.297,449.97,-261.38,7708,R20_FZ_100_filtered
25,12,0,-104.02,8.86,449.86,-258.11,7697,R20_FZ_100_filtered
25,12,0,-104.01,7.433,452.04,-250.07,7914,R20_FZ_100_filtered
25,12,0,-103.94,11.151,450.43,-262.81,7754,R20_FZ_100_filtered
25,12,0,-103.88,7.273,452.08,-245.41,7918,R20_FZ_100_filtered
25,12,-0,-103.84,9.775,450.09,-261.68,7720,R20_FZ_100_filtered
25,12,0,-103.82,10.999,451.15,-259.68,7825,R20_FZ_100_filtered
25,12,0,-103.8,8.82,449.85,-259.53,7696,R20_FZ_100_filtered
25,12,0,-103.75,0.737,447.82,-67.55,7493,R20_FZ_100_filtered
25,12,0,-103.73,5.433,452.54,-227.7,7964,R20_FZ_100_filtered
25,12,0,-103.7,1.221,447.95,-105.73,7506,R20_FZ_100_filtered
25,12,0,-103.7,8.197,451.85,-250.96,7895,R20_FZ_100_filtered
25,12,-0,-103.68,7.941,449.63,-253.14,7674,R20_FZ_100_filtered
25,12,0,-103.68,1.415,453.55,-106.93,8065,R20_FZ_100_filtered
25,12,0,-103.63,6.354,452.31,-237.63,7941,R20_FZ_100_filtered
25,12,-0,-103.62,7.899,449.62,-255.17,7673,R20_FZ_100_filtered
25,12,0,-103.61,-1.803,454.35,140.6,8145,R20_FZ_100_filtered
25,12,0,-103.56,6.526,452.27,-242.5,7937,R20_FZ_100_filtered
25,12,-0,-103.55,3.759,452.96,-197.78,8006,R20_FZ_100_filtered
25,12,0,-103.51,1.337,447.98,-112.22,7509,R20_FZ_100_filtered
25,12,0,-103.5,5.591,452.5,-232.74,7960,R20_FZ_100_filtered
25,12,0,-103.49,10.752,450.33,-258.44,7744,R20_FZ_100_filtered
25,12,0,-103.4,-1.766,454.34,138.88,8144,R20_FZ_100_filtered
25,12,0,-103.39,7.933,451.92,-251.77,7902,R20_FZ_100_filtered
25,12,0,-103.3,3.744,448.58,-203.24,7569,R20_FZ_100_filtered
25,12,0,-103.28,4.214,448.7,-213,7581,R20_FZ_100_filtered
25,12,0,-103.25,9.825,450.1,-257.02,7721,R20_FZ_100_filtered
25,12,-0,-103.25,11.38,451.04,-256.71,7814,R20_FZ_100_filtered
25,12,0,-103.15,7.466,449.51,-250.38,7662,R20_FZ_100_filtered
25,12,0,-103.14,12.063,450.88,-261.23,7798,R20_FZ_100_filtered
25,12,-0,-103.12,10.666,450.31,-263.22,7742,R20_FZ_100_filtered
25,12,0,-103.11,10.668,451.23,-262.63,7833,R20_FZ_100_filtered
25,12,0,-103.1,9.112,451.62,-253.79,7872,R20_FZ_100_filtered
25,12,0,-103.1,-3.332,459.3,187.29,8639,R20_FZ_100_filtered
25,12,0,-103.06,2.86,453.19,-169.26,8029,R20_FZ_100_filtered
25,12,0,-103.06,-6.557,458.5,236.45,8559,R20_FZ_100_filtered
25,12,0,-103.02,8.355,449.73,-257.35,7684,R20_FZ_100_filtered
25,12,0,-102.96,-6.595,458.49,237.85,8558,R20_FZ_100_filtered
25,12,0,-102.95,4.702,448.82,-220.91,7593,R20_FZ_100_filtered
25,12,-0,-102.95,-9.81,457.69,249.49,8478,R20_FZ_100_filtered
25,12,0,-102.94,-7.517,458.26,243.59,8535,R20_FZ_100_filtered
25,12,0,-102.94,-6.975,458.39,237.38,8548,R20_FZ_100_filtered
25,12,0,-102.92,10.505,451.27,-255.47,7837,R20_FZ_100_filtered
25,12,0,-102.89,6.979,449.39,-246.98,7650,R20_FZ_100_filtered
25,12,0,-102.89,3.165,453.11,-180.59,8021,R20_FZ_100_filtered
25,12,0,-102.85,6.085,452.38,-236.56,7948,R20_FZ_100_filtered
25,12,0,-102.82,2.521,448.27,-165.38,7538,R20_FZ_100_filtered
25,12,0,-102.82,7.023,449.4,-245.25,7651,R20_FZ_100_filtered
25,12,0,-102.82,-7.464,458.27,242.04,8536,R20_FZ_100_filtered
25,12,0,-102.81,9.27,449.96,-261.25,7707,R20_FZ_100_filtered
25,12,0,-102.77,-4.266,459.07,210.12,8616,R20_FZ_100_filtered
25,12,0,-102.74,-5.674,458.72,230.56,8581,R20_FZ_100_filtered
25,12,0,-102.7,-8.415,458.03,247.79,8512,R20_FZ_100_filtered
25,12,0,-102.7,-3.813,459.18,200.63,8627,R20_FZ_100_filtered
25,12,0,-102.69,-8.365,458.04,246.84,8513,R20_FZ_100_filtered
25,12,0,-102.68,11.687,450.57,-255,7768,R20_FZ_100_filtered
25,12,0,-102.68,1.938,453.42,-130.64,8052,R20_FZ_100_filtered
25,12,0,-102.68,-8.875,457.92,248.24,8501,R20_FZ_100_filtered
25,12,0,-102.62,3.311,453.07,-184.32,8017,R20_FZ_100_filtered
25,12,0,-102.61,-4.293,459.06,210.85,8615,R20_FZ_100_filtered
25,12,0,-102.5,11.107,450.42,-261.39,7753,R20_FZ_100_filtered
25,12,0,-102.49,4.255,452.84,-207.42,7994,R20_FZ_100_filtered
25,12,0,-102.48,-2.176,454.45,156.86,8155,R20_FZ_100_filtered
25,12,0,-102.46,4.181,448.69,-211.13,7580,R20_FZ_100_filtered
25,12,0,-102.46,5.146,448.93,-226.35,7604,R20_FZ_100_filtered
25,12,0,-102.44,2.773,448.34,-172.2,7545,R20_FZ_100_filtered
25,12,0,-102.42,5.627,449.05,-230.83,7616,R20_FZ_100_filtered
25,12,0,-102.37,6.071,449.16,-236.26,7627,R20_FZ_100_filtered
25,12,0,-102.37,7.862,449.61,-253.48,7672,R20_FZ_100_filtered
25,12,0,-102.36,-6.137,458.6,235.07,8569,R20_FZ_100_filtered
25,12,0,-102.36,-5.617,458.73,228.21,8582,R20_FZ_100_filtered
25,12,-0,-102.35,9.754,451.46,-259.65,7856,R20_FZ_100_filtered
25,12,0,-102.35,-3.868,459.17,201.24,8626,R20_FZ_100_filtered
25,12,0,-102.34,6.114,449.17,-234.56,7628,R20_FZ_100_filtered
25,12,0,-102.33,-6.094,458.61,233.95,8570,R20_FZ_100_filtered
25,12,0,-102.31,8.91,449.87,-253.62,7698,R20_FZ_100_filtered
25,12,0,-102.31,-1.831,454.36,142.76,8146,R20_FZ_100_filtered
25,12,0,-102.3,-2.721,454.58,178.75,8168,R20_FZ_100_filtered
25,12,-0,-102.29,1.358,453.56,-104.56,8066,R20_FZ_100_filtered
25,12,0,-102.25,7.005,452.15,-244.62,7925,R20_FZ_100_filtered
25,12,0,-102.21,1.291,447.97,-109.55,7508,R20_FZ_100_filtered
25,12,-0,-102.21,6.499,449.27,-239.96,7638,R20_FZ_100_filtered
25,12,0,-102.21,-6.627,458.48,238,8557,R20_FZ_100_filtered
25,12,0,-102.2,11.146,451.11,-260.12,7821,R20_FZ_100_filtered
25,12,0,-102.19,-4.801,458.94,218.93,8603,R20_FZ_100_filtered
25,12,0,-102.18,2.224,453.34,-145.51,8044,R20_FZ_100_filtered
25,12,0,-102.18,-11.558,457.23,249.78,8432,R20_FZ_100_filtered
25,12,0,-102.17,-10.72,457.46,250.73,8455,R20_FZ_100_filtered
25,12,-0,-102.16,8.632,451.74,-249.86,7884,R20_FZ_100_filtered
25,12,0,-102.16,-1.401,454.25,115.94,8135,R20_FZ_100_filtered
25,12,0,-102.1,-3.29,459.31,184.96,8640,R20_FZ_100_filtered
25,12,0,-102.08,-5.172,458.84,224.19,8593,R20_FZ_100_filtered
25,12,0,-102.06,6.543,449.28,-240.59,7639,R20_FZ_100_filtered
25,12,0,-102.06,-5.138,458.85,221.85,8594,R20_FZ_100_filtered
25,12,0,-102.05,8.386,451.8,-252.71,7890,R20_FZ_100_filtered
25,12,0,-102.03,5.197,448.94,-224.63,7605,R20_FZ_100_filtered
25,12,0,-102.03,-3.131,454.69,191.02,8179,R20_FZ_100_filtered
25,12,0,-102.03,-5.221,458.83,225.27,8592,R20_FZ_100_filtered
25,12,0,-102.02,-12.078,457.12,248.83,8421,R20_FZ_100_filtered
25,12,0,-102.02,-11.617,457.22,251.33,8431,R20_FZ_100_filtered
25,12,0,-102.01,1.253,447.96,-107.41,7507,R20_FZ_100_filtered
25,12,-0,-102.01,-7.901,458.16,242.69,8525,R20_FZ_100_filtered
25,12,0,-101.92,-6.506,458.51,233.79,8560,R20_FZ_100_filtered
25,12,0,-101.91,3.595,453,-192.83,8010,R20_FZ_100_filtered
25,12,0,-101.9,-7.934,458.15,245.28,8524,R20_FZ_100_filtered
25,12,0,-101.89,-6.051,458.62,231.67,8571,R20_FZ_100_filtered
25,12,0,-101.88,-7.549,458.25,243.74,8534,R20_FZ_100_filtered
25,12,0,-101.83,5.106,448.92,-225.12,7603,R20_FZ_100_filtered
25,12,0,-101.8,-8.902,457.91,248.7,8500,R20_FZ_100_filtered
25,12,0,-101.76,-9.754,457.7,247.3,8479,R20_FZ_100_filtered
25,12,0,-101.75,-9.838,457.68,250.37,8477,R20_FZ_100_filtered
25,12,0,-101.74,-3.109,454.68,189.32,8178,R20_FZ_100_filtered
25,12,0,-101.73,8.31,449.72,-254.57,7683,R20_FZ_100_filtered
25,12,0,-101.69,6.579,449.29,-237.94,7640,R20_FZ_100_filtered
25,12,0,-101.68,7.466,452.03,-246.48,7913,R20_FZ_100_filtered
25,12,0,-101.65,-7.423,458.28,239.1,8537,R20_FZ_100_filtered
25,12,0,-101.59,-1.722,454.33,137.2,8143,R20_FZ_100_filtered
25,12,0,-101.59,-8.832,457.93,246.87,8502,R20_FZ_100_filtered
25,12,0,-101.57,-12.103,457.1,252.07,8419,R20_FZ_100_filtered
25,12,0,-101.56,-5.589,458.74,225.79,8583,R20_FZ_100_filtered
25,12,-0,-101.55,9.533,451.51,-250.15,7861,R20_FZ_100_filtered
25,12,0,-101.54,0.769,447.83,-70.79,7494,R20_FZ_100_filtered
25,12,0,-101.54,10.785,450.34,-252.98,7745,R20_FZ_100_filtered
25,12,0,-101.52,-11.161,457.34,250.58,8443,R20_FZ_100_filtered
25,12,0,-101.51,-10.769,457.45,252.28,8454,R20_FZ_100_filtered
25,12,0,-101.5,11.808,450.65,-263.85,7776,R20_FZ_100_filtered
25,12,0,-101.5,-4.217,459.08,207.93,8617,R20_FZ_100_filtered
25,12,0,-101.49,0.799,447.84,-73.44,7495,R20_FZ_100_filtered
25,12,0,-101.47,3.697,448.57,-199.35,7568,R20_FZ_100_filtered
25,12,0,-101.44,6.56,452.26,-239.03,7936,R20_FZ_100_filtered
25,12,0,-101.44,-10.269,457.56,251.21,8465,R20_FZ_100_filtered
25,12,-0,-101.43,-12.119,456.99,250.9,8408,R20_FZ_100_filtered
25,12,0,-101.43,-8.449,458.02,247.28,8511,R20_FZ_100_filtered
25,12,0,-101.39,1.821,448.1,-134.5,7521,R20_FZ_100_filtered
25,12,0,-101.39,-11.675,457.21,251.63,8430,R20_FZ_100_filtered
25,12,0,-101.39,-11.127,457.35,248.89,8444,R20_FZ_100_filtered
25,12,0,-101.37,-4.346,459.05,210.26,8614,R20_FZ_100_filtered
25,12,0,-101.34,10.139,450.18,-260.16,7729,R20_FZ_100_filtered
25,12,-0,-101.34,3.809,452.95,-195.89,8005,R20_FZ_100_filtered
25,12,0,-101.23,-9.23,457.82,245.48,8491,R20_FZ_100_filtered
25,12,0,-101.16,-4.672,458.97,214.39,8606,R20_FZ_100_filtered
25,12,0,-101.12,5.67,449.06,-228.05,7617,R20_FZ_100_filtered
25,12,0,-101.1,6.027,449.15,-234.68,7626,R20_FZ_100_filtered
25,12,0,-101.09,10.711,451.22,-258.41,7832,R20_FZ_100_filtered
25,12,0,-101.07,2.913,453.18,-168.49,8028,R20_FZ_100_filtered
25,12,0,-101.06,10.044,451.39,-252.2,7849,R20_FZ_100_filtered
25,12,0,-101.06,-11.518,457.24,247.62,8433,R20_FZ_100_filtered
25,12,0,-101.05,8.165,451.86,-245.21,7896,R20_FZ_100_filtered
25,12,0,-101.03,2.327,448.22,-153.32,7533,R20_FZ_100_filtered
25,12,-0,-101,-2.764,454.59,180.66,8169,R20_FZ_100_filtered
25,12,0,-100.99,-11.181,457.33,251.19,8442,R20_FZ_100_filtered
25,12,0,-100.98,11.583,450.99,-257.78,7809,R20_FZ_100_filtered
25,12,0,-100.98,-1.865,454.37,144.98,8147,R20_FZ_100_filtered
25,12,0,-100.96,8.475,449.76,-248.51,7687,R20_FZ_100_filtered
25,12,0,-100.96,7.237,452.09,-239.97,7919,R20_FZ_100_filtered
25,12,0,-100.95,4.722,452.72,-215.61,7982,R20_FZ_100_filtered
25,12,0,-100.94,7.391,449.49,-247.28,7660,R20_FZ_100_filtered
25,12,0,-100.92,5.402,452.55,-223.08,7965,R20_FZ_100_filtered
25,12,0,-100.92,-7.093,458.36,240.51,8545,R20_FZ_100_filtered
25,12,0,-100.88,7.066,449.41,-240.57,7652,R20_FZ_100_filtered
25,12,0,-100.82,-11.765,456.87,249.59,8397,R20_FZ_100_filtered
25,12,0,-100.82,-12.128,456.98,251.04,8407,R20_FZ_100_filtered
25,12,0,-100.8,-11.776,456.88,248.69,8398,R20_FZ_100_filtered
25,12,0,-100.78,6.314,452.32,-231.87,7942,R20_FZ_100_filtered
25,12,0,-100.77,9.23,449.95,-258.12,7706,R20_FZ_100_filtered
25,12,0,-100.72,-2.126,454.44,155.17,8154,R20_FZ_100_filtered
25,12,0,-100.72,-8,458.13,245.15,8522,R20_FZ_100_filtered
25,12,0,-100.69,-6.937,458.4,235.22,8549,R20_FZ_100_filtered
25,12,0,-100.67,-0.833,454.12,76.42,8122,R20_FZ_100_filtered
25,12,0,-100.63,-11.435,456.76,248.55,8386,R20_FZ_100_filtered
25,12,0,-100.62,-5.255,458.82,225.29,8591,R20_FZ_100_filtered
25,12,0,-100.6,-12.04,457.13,246.38,8422,R20_FZ_100_filtered
25,12,0,-100.58,-6.161,458.59,234.45,8568,R20_FZ_100_filtered
25,12,-0,-100.56,-7.862,458.17,239.76,8526,R20_FZ_100_filtered
25,12,0,-100.55,9.809,451.45,-256.86,7855,R20_FZ_100_filtered
25,12,0,-100.46,1.965,453.41,-130.94,8051,R20_FZ_100_filtered
25,12,0,-100.46,-10.976,456.65,247.15,8375,R20_FZ_100_filtered
25,12,0,-100.45,9.093,451.63,-248.64,7873,R20_FZ_100_filtered
25,12,0,-100.43,8.884,451.68,-253.29,7878,R20_FZ_100_filtered
25,12,0,-100.43,-4.066,454.92,213.52,8202,R20_FZ_100_filtered
25,12,0,-100.43,-11.753,456.86,249.96,8396,R20_FZ_100_filtered
25,12,0,-100.42,9.86,450.11,-251.14,7722,R20_FZ_100_filtered
25,12,0,-100.42,12.222,450.7,-251.87,7780,R20_FZ_100_filtered
25,12,0,-100.41,6.15,449.18,-230.36,7629,R20_FZ_100_filtered
25,12,0,-100.41,7.034,452.14,-241.02,7924,R20_FZ_100_filtered
25,12,0,-100.41,-3.906,459.16,200.65,8625,R20_FZ_100_filtered
25,12,0,-100.4,-9.721,457.71,245.16,8480,R20_FZ_100_filtered
25,12,0,-100.35,-0.873,454.13,79.03,8123,R20_FZ_100_filtered
25,12,0,-100.3,11.722,450.58,-249.07,7769,R20_FZ_100_filtered
25,12,0,-100.3,11.342,451.05,-250.65,7815,R20_FZ_100_filtered
25,12,0,-100.3,10.45,451.28,-249.4,7838,R20_FZ_100_filtered
25,12,-0,-100.28,-9.876,457.67,250.44,8476,R20_FZ_100_filtered
25,12,0,-100.25,3.847,448.61,-199.53,7572,R20_FZ_100_filtered
25,12,0,-100.25,-8.943,457.9,247.46,8499,R20_FZ_100_filtered
25,12,0,-100.23,-8.793,457.94,244.53,8503,R20_FZ_100_filtered
25,12,0,-100.21,11.061,450.41,-258.39,7752,R20_FZ_100_filtered
25,12,0,-100.2,3.23,448.45,-183.51,7556,R20_FZ_100_filtered
25,12,0,-100.19,-10.937,456.64,248.86,8374,R20_FZ_100_filtered
25,12,0,-100.12,5.188,452.6,-221.95,7970,R20_FZ_100_filtered
25,12,0,-100.06,4.137,448.68,-206.49,7579,R20_FZ_100_filtered
25,12,0,-100.03,-8.505,458.01,245.61,8510,R20_FZ_100_filtered
25,12,0,-100,-7.593,458.24,242.67,8533,R20_FZ_100_filtered
25,12,0,-99.99,-4.561,455.04,220.04,8214,R20_FZ_100_filtered
25,12,0,-99.97,-4.828,458.93,218.46,8602,R20_FZ_100_filtered
25,12,0,-99.94,7.546,449.53,-241.82,7664,R20_FZ_100_filtered
25,12,0,-99.94,-10.617,457.48,244.55,8457,R20_FZ_100_filtered
25,12,0,-99.93,-3.269,459.32,182.21,8641,R20_FZ_100_filtered
25,12,0,-99.91,-3.051,454.67,187.16,8177,R20_FZ_100_filtered
25,12,0,-99.87,12.1,450.87,-258.26,7797,R20_FZ_100_filtered
25,12,0,-99.87,-10.509,456.53,247.63,8363,R20_FZ_100_filtered
25,12,0,-99.84,5.232,448.95,-220.25,7606,R20_FZ_100_filtered
25,12,0,-99.81,-10.036,456.41,248.7,8351,R20_FZ_100_filtered
25,12,0,-99.8,-4.972,455.15,224.98,8225,R20_FZ_100_filtered
25,12,0,-99.77,-4.099,454.93,213.4,8203,R20_FZ_100_filtered
25,12,0,-99.71,3.439,448.5,-189.09,7561,R20_FZ_100_filtered
25,12,0,-99.71,4.791,448.84,-213.77,7595,R20_FZ_100_filtered
25,12,0,-99.67,-8.679,456.07,245.31,8317,R20_FZ_100_filtered
25,12,0,-99.66,5.071,448.91,-221.36,7602,R20_FZ_100_filtered
25,12,0,-99.64,-1.458,454.26,119.38,8136,R20_FZ_100_filtered
25,12,0,-99.62,-6.455,458.52,231.37,8561,R20_FZ_100_filtered
25,12,0,-99.59,6.119,452.37,-232.96,7947,R20_FZ_100_filtered
25,12,0,-99.56,-7.767,455.84,242.36,8294,R20_FZ_100_filtered
25,12,0,-99.54,-7.718,455.83,243.59,8293,R20_FZ_100_filtered
25,12,0,-99.54,-8.643,456.06,246.38,8316,R20_FZ_100_filtered
25,12,0,-99.52,-11.384,456.75,248.85,8385,R20_FZ_100_filtered
25,12,0,-99.5,6.906,449.37,-240.43,7648,R20_FZ_100_filtered
25,12,0,-99.49,-11.02,456.66,245.46,8376,R20_FZ_100_filtered
25,12,0,-99.48,6.468,449.26,-237.18,7637,R20_FZ_100_filtered
25,12,0,-99.48,6.614,449.3,-232.95,7641,R20_FZ_100_filtered
25,12,0,-99.48,12.17,450.82,-250.95,7792,R20_FZ_100_filtered
25,12,0,-99.45,-9.989,456.4,249.2,8350,R20_FZ_100_filtered
25,12,0,-99.45,-9.409,457.78,248.26,8487,R20_FZ_100_filtered
25,12,-0,-99.44,-10.906,456.63,249.36,8373,R20_FZ_100_filtered
25,12,0,-99.41,-11.22,457.32,250.41,8441,R20_FZ_100_filtered
25,12,0,-99.4,8.947,449.88,-247.71,7699,R20_FZ_100_filtered
25,12,0,-99.35,11.815,450.64,-261.37,7775,R20_FZ_100_filtered
25,12,0,-99.33,-4.931,455.14,224.85,8224,R20_FZ_100_filtered
25,12,0,-99.32,-8.149,455.94,244.67,8304,R20_FZ_100_filtered
25,12,-0,-99.25,-5.296,458.81,224.56,8590,R20_FZ_100_filtered
25,12,0,-99.24,-12.134,456.97,250.1,8406,R20_FZ_100_filtered
25,12,0,-99.16,-8.033,458.12,243.78,8521,R20_FZ_100_filtered
25,12,0,-99.15,-5.447,455.26,228.57,8236,R20_FZ_100_filtered
25,12,-0,-99.12,-3.974,454.9,209.83,8200,R20_FZ_100_filtered
25,12,0,-99.12,-11.779,456.89,246.79,8399,R20_FZ_100_filtered
25,12,0,-99.11,4.485,452.78,-210.3,7988,R20_FZ_100_filtered
25,12,0,-99.1,-11.728,457.2,250.41,8429,R20_FZ_100_filtered
25,12,0,-99.08,8.273,449.71,-250.35,7682,R20_FZ_100_filtered
25,12,0,-99.08,-4.191,459.09,205.78,8618,R20_FZ_100_filtered
25,12,0,-99.06,10.321,450.23,-248.92,7734,R20_FZ_100_filtered
25,12,-0,-99.06,-3.716,459.21,193.88,8630,R20_FZ_100_filtered
25,12,-0,-99.05,8.43,451.79,-248.45,7889,R20_FZ_100_filtered
25,12,0,-99.05,-3.689,454.82,205.18,8192,R20_FZ_100_filtered
25,12,0,-99.03,-10.103,457.6,243.27,8469,R20_FZ_100_filtered
25,12,0,-99.01,8.587,451.75,-245.04,7885,R20_FZ_100_filtered
25,12,0,-98.99,5.672,452.48,-226.92,7958,R20_FZ_100_filtered
25,12,0,-98.94,-2.796,454.6,181.88,8170,R20_FZ_100_filtered
25,12,0,-98.94,-7.819,458.18,237.44,8527,R20_FZ_100_filtered
25,12,0,-98.93,-11.507,456.78,244.22,8388,R20_FZ_100_filtered
25,12,0,-98.93,-5.971,458.64,226.11,8573,R20_FZ_100_filtered
25,12,0,-98.92,-5.87,455.37,230.75,8247,R20_FZ_100_filtered
25,12,0,-98.88,-6.9,458.41,232.79,8550,R20_FZ_100_filtered
25,12,0,-98.86,-6.788,455.6,236.61,8270,R20_FZ_100_filtered
25,12,0,-98.83,9.426,450,-247.06,7711,R20_FZ_100_filtered
25,12,0,-98.81,-0.803,454.11,74.1,8121,R20_FZ_100_filtered
25,12,0,-98.81,-9.191,457.83,243.62,8492,R20_FZ_100_filtered
25,12,0,-98.8,-5.015,455.16,223.92,8226,R20_FZ_100_filtered
25,12,0,-98.78,-7.791,455.85,239.72,8295,R20_FZ_100_filtered
25,12,0,-98.75,-9.916,457.66,249.37,8475,R20_FZ_100_filtered
25,12,0,-98.74,2,453.4,-131.25,8050,R20_FZ_100_filtered
25,12,0,-98.73,-11.061,457.37,243.93,8446,R20_FZ_100_filtered
25,12,0,-98.72,-9.646,456.31,244.86,8341,R20_FZ_100_filtered
25,12,0,-98.71,8.031,449.65,-241.77,7676,R20_FZ_100_filtered
25,12,0,-98.71,-2.098,454.43,154.16,8153,R20_FZ_100_filtered
25,12,0,-98.71,-7.113,458.35,238.96,8544,R20_FZ_100_filtered
25,12,0,-98.7,-12.093,457.02,245.16,8411,R20_FZ_100_filtered
25,12,0,-98.69,-3.945,459.15,199.85,8624,R20_FZ_100_filtered
25,12,0,-98.68,-1.235,454.21,106.22,8131,R20_FZ_100_filtered
25,12,-0,-98.66,-6.826,455.61,236.5,8271,R20_FZ_100_filtered
25,12,0,-98.65,-8.718,456.08,242.96,8318,R20_FZ_100_filtered
25,12,0,-98.64,0.498,453.78,-45.63,8088,R20_FZ_100_filtered
25,12,0,-98.62,-6.213,458.58,233.04,8567,R20_FZ_100_filtered
25,12,0,-98.58,2.947,453.17,-167.98,8027,R20_FZ_100_filtered
25,12,-0,-98.57,7.191,452.1,-235.56,7920,R20_FZ_100_filtered
25,12,0,-98.56,-6.387,455.5,232.15,8260,R20_FZ_100_filtered
25,12,-0,-98.56,-8.753,457.95,242.88,8504,R20_FZ_100_filtered
25,12,0,-98.51,-5.396,455.25,228.55,8235,R20_FZ_100_filtered
25,12,0,-98.5,8.128,451.87,-240.85,7897,R20_FZ_100_filtered
25,12,-0,-98.45,-8.589,456.05,246.26,8315,R20_FZ_100_filtered
25,12,-0,-98.43,12.118,450.86,-254.31,7796,R20_FZ_100_filtered
25,12,0,-98.41,2.287,448.21,-148.75,7532,R20_FZ_100_filtered
25,12,0,-98.4,3.85,452.94,-194.19,8004,R20_FZ_100_filtered
25,12,0,-98.38,-10.851,457.43,250.41,8452,R20_FZ_100_filtered
25,12,0,-98.34,-10.595,456.55,243.45,8365,R20_FZ_100_filtered
25,12,0,-98.34,-4.642,458.98,212.16,8607,R20_FZ_100_filtered
25,12,0,-98.32,-11.344,456.74,248.27,8384,R20_FZ_100_filtered
25,12,0,-98.26,-4.594,455.05,219.14,8215,R20_FZ_100_filtered
25,12,0,-98.26,-7.673,455.82,242.99,8292,R20_FZ_100_filtered
25,12,0,-98.23,-8.547,458,243.62,8509,R20_FZ_100_filtered
25,12,0,-98.22,-4.873,458.92,217.41,8601,R20_FZ_100_filtered
25,12,0,-98.2,-12.02,457.14,244.53,8423,R20_FZ_100_filtered
25,12,0,-98.2,-7.633,458.23,241.31,8532,R20_FZ_100_filtered
25,12,0,-98.19,4.756,452.71,-213.29,7981,R20_FZ_100_filtered
25,12,0,-98.17,11.634,450.98,-253.71,7808,R20_FZ_100_filtered
25,12,0,-98.17,-6.755,455.59,235.69,8269,R20_FZ_100_filtered
25,12,-0,-98.17,-9.675,457.72,243.81,8481,R20_FZ_100_filtered
25,12,0,-98.15,-7.789,458.19,236.52,8528,R20_FZ_100_filtered
25,12,0,-98.13,1.023,453.64,-82.99,8074,R20_FZ_100_filtered
25,12,0,-98.1,10.765,451.21,-253.1,7831,R20_FZ_100_filtered
25,12,0,-98.1,-11.785,456.9,245.6,8400,R20_FZ_100_filtered
25,12,0,-98.09,10.82,450.35,-247.37,7746,R20_FZ_100_filtered
25,12,0,-98.08,-7.221,455.71,239.21,8281,R20_FZ_100_filtered
25,12,0,-98.07,-4.146,454.94,212.77,8204,R20_FZ_100_filtered
25,12,0,-98.06,9.5,451.52,-246.28,7862,R20_FZ_100_filtered
25,12,0,-98.06,-4.905,455.13,223.01,8223,R20_FZ_100_filtered
25,12,0,-98.04,-6.42,458.53,229.39,8562,R20_FZ_100_filtered
25,12,0,-98.02,-4.442,455.01,216.03,8211,R20_FZ_100_filtered
25,12,0,-98.01,-11.256,457.31,248.11,8440,R20_FZ_100_filtered
25,12,0,-97.99,-3.009,454.66,185.46,8176,R20_FZ_100_filtered
25,12,0,-97.98,7.348,449.48,-242.42,7659,R20_FZ_100_filtered
25,12,0,-97.95,-5.775,458.69,227.94,8578,R20_FZ_100_filtered
25,12,0,-97.94,-12.144,456.96,249.34,8405,R20_FZ_100_filtered
25,12,0,-97.92,-10.337,457.54,249.49,8463,R20_FZ_100_filtered
25,12,0,-97.9,8.461,451.78,-244.71,7888,R20_FZ_100_filtered
25,12,0,-97.88,-7.155,458.34,238.04,8543,R20_FZ_100_filtered
25,12,0,-97.85,-3.22,459.33,179.59,8642,R20_FZ_100_filtered
25,12,0,-97.84,-5.83,455.36,229.94,8246,R20_FZ_100_filtered
25,12,0,-97.83,11.31,450.47,-245.5,7758,R20_FZ_100_filtered
25,12,0,-97.83,9.839,451.44,-252.84,7854,R20_FZ_100_filtered
25,12,0,-97.83,5.359,452.56,-219.29,7966,R20_FZ_100_filtered
25,12,0,-97.83,-6.297,455.48,232.58,8258,R20_FZ_100_filtered
25,12,0,-97.82,-5.941,455.39,228.91,8249,R20_FZ_100_filtered
25,12,0,-97.81,3.39,453.05,-181.45,8015,R20_FZ_100_filtered
25,12,0,-97.81,-8.099,455.93,243.93,8303,R20_FZ_100_filtered
25,12,0,-97.79,-9.152,457.84,242.73,8493,R20_FZ_100_filtered
25,12,0,-97.76,12.189,450.74,-254.36,7784,R20_FZ_100_filtered
25,12,0,-97.72,-3.51,459.26,187.64,8635,R20_FZ_100_filtered
25,12,0,-97.71,-8.24,458.07,239.61,8516,R20_FZ_100_filtered
25,12,0,-97.69,9.629,450.05,-252.96,7716,R20_FZ_100_filtered
25,12,-0,-97.68,-5.529,455.28,225.66,8238,R20_FZ_100_filtered
25,12,0,-97.67,12.206,450.71,-248.73,7781,R20_FZ_100_filtered
25,12,0,-97.65,9.904,450.12,-245.35,7723,R20_FZ_100_filtered
25,12,0,-97.62,2.151,448.18,-144.61,7529,R20_FZ_100_filtered
25,12,0,-97.62,7.637,451.99,-236.97,7909,R20_FZ_100_filtered
25,12,0,-97.61,6.725,452.22,-230.91,7932,R20_FZ_100_filtered
25,12,0,-97.6,-1.504,454.27,122.66,8137,R20_FZ_100_filtered
25,12,0,-97.59,-10.083,457.61,242.57,8470,R20_FZ_100_filtered
25,12,0,-97.59,-8.073,458.11,241.77,8520,R20_FZ_100_filtered
25,12,0,-97.58,-9.939,456.39,248.53,8349,R20_FZ_100_filtered
25,12,0,-97.57,-11.784,457.19,248.88,8428,R20_FZ_100_filtered
25,12,-0,-97.55,7.554,452.01,-238.96,7911,R20_FZ_100_filtered
25,12,0,-97.54,3.892,448.62,-194.33,7573,R20_FZ_100_filtered
25,12,0,-97.53,-9.68,456.32,242.38,8342,R20_FZ_100_filtered
25,12,0,-97.52,5.505,449.02,-223.51,7613,R20_FZ_100_filtered
25,12,0,-97.52,6.282,452.33,-227.67,7943,R20_FZ_100_filtered
25,12,0,-97.47,6.42,449.25,-232.35,7636,R20_FZ_100_filtered
25,12,0,-97.44,6.158,452.36,-229.11,7946,R20_FZ_100_filtered
25,12,0,-97.42,2.481,453.28,-151.54,8038,R20_FZ_100_filtered
25,12,0,-97.33,-2.067,454.42,153.41,8152,R20_FZ_100_filtered
25,12,-0,-97.32,-11.065,456.67,243.66,8377,R20_FZ_100_filtered
25,12,0,-97.3,-6.737,458.45,234,8554,R20_FZ_100_filtered
25,12,0,-97.28,-6.86,458.42,231.84,8551,R20_FZ_100_filtered
25,12,0,-97.18,5.804,452.45,-223.15,7955,R20_FZ_100_filtered
25,12,0,-97.18,-5.507,458.76,221.17,8585,R20_FZ_100_filtered
25,12,-0,-97.17,7.584,449.54,-235.71,7665,R20_FZ_100_filtered
25,12,0,-97.17,-8.195,458.08,238.55,8517,R20_FZ_100_filtered
25,12,0,-97.16,3.471,448.51,-184.74,7562,R20_FZ_100_filtered
25,12,0,-97.15,9.375,451.55,-248.77,7865,R20_FZ_100_filtered
25,12,0,-97.15,-3.979,459.14,199.74,8623,R20_FZ_100_filtered
25,12,0,-97.13,12.154,450.83,-247.83,7793,R20_FZ_100_filtered
25,12,-0,-97.13,-8.577,456.04,245.04,8314,R20_FZ_100_filtered
25,12,0,-97.12,6.185,449.19,-224.58,7630,R20_FZ_100_filtered
25,12,0,-97.11,-2.569,454.54,171.49,8164,R20_FZ_100_filtered
25,12,0,-97.1,10.41,451.29,-245.01,7839,R20_FZ_100_filtered
25,12,0,-97.1,-6.256,458.57,231.35,8566,R20_FZ_100_filtered
25,12,0,-97.08,1.749,453.47,-120.19,8057,R20_FZ_100_filtered
25,12,0,-97.06,-12.103,457.03,244.12,8412,R20_FZ_100_filtered
25,12,-0,-97.04,10.533,450.28,-254.01,7739,R20_FZ_100_filtered
25,12,0,-97.02,-10.894,457.42,248.11,8451,R20_FZ_100_filtered
25,12,0,-96.97,11.779,450.95,-246.89,7805,R20_FZ_100_filtered
25,12,0,-96.91,-11.986,457.15,243.63,8424,R20_FZ_100_filtered
25,12,0,-96.9,7.584,452,-236.64,7910,R20_FZ_100_filtered
25,12,0,-96.89,4.455,452.79,-206.1,7989,R20_FZ_100_filtered
25,12,0,-96.89,-5.939,458.65,224.72,8574,R20_FZ_100_filtered
25,12,0,-96.88,-3.674,459.22,191.38,8631,R20_FZ_100_filtered
25,12,0,-96.86,6.672,452.23,-230.44,7933,R20_FZ_100_filtered
25,12,0,-96.86,-3.716,454.83,204.58,8193,R20_FZ_100_filtered
25,12,0,-96.85,-5.057,455.17,221.77,8227,R20_FZ_100_filtered
25,12,0,-96.85,-8.32,455.98,238.7,8308,R20_FZ_100_filtered
25,12,0,-96.83,-5.341,458.8,222.98,8589,R20_FZ_100_filtered
25,12,0,-96.82,-3.479,454.77,196.81,8187,R20_FZ_100_filtered
25,12,0,-96.8,-6.266,455.47,231.36,8257,R20_FZ_100_filtered
25,12,0,-96.8,-4.585,458.99,209.85,8608,R20_FZ_100_filtered
25,12,0,-96.78,-8.117,458.1,239.91,8519,R20_FZ_100_filtered
25,12,0,-96.77,9.458,451.53,-244.55,7863,R20_FZ_100_filtered
25,12,0,-96.77,-11.03,457.38,242.53,8447,R20_FZ_100_filtered
25,12,0,-96.77,-9.944,457.65,247.79,8474,R20_FZ_100_filtered
25,12,0,-96.77,-5.026,458.88,216.22,8597,R20_FZ_100_filtered
25,12,0,-96.75,-7.187,455.7,237.72,8280,R20_FZ_100_filtered
25,12,0,-96.75,-11.546,456.79,242.55,8389,R20_FZ_100_filtered
25,12,0,-96.74,8.506,451.77,-242.38,7887,R20_FZ_100_filtered
25,12,0,-96.74,-5.353,455.24,227.2,8234,R20_FZ_100_filtered
25,12,0,-96.73,2.235,448.2,-145.62,7531,R20_FZ_100_filtered
25,12,0,-96.7,6.871,449.36,-235.28,7647,R20_FZ_100_filtered
25,12,0,-96.7,-7.292,458.31,234.97,8540,R20_FZ_100_filtered
25,12,0,-96.69,-11.318,456.73,246.86,8383,R20_FZ_100_filtered
25,12,0,-96.68,3.519,453.02,-184.42,8012,R20_FZ_100_filtered
25,12,0,-96.68,-4.901,458.91,216.46,8600,R20_FZ_100_filtered
25,12,0,-96.67,5.721,452.47,-223.94,7957,R20_FZ_100_filtered
25,12,0,-96.67,-12.148,456.95,248.44,8404,R20_FZ_100_filtered
25,12,0,-96.67,-8.595,457.99,242.5,8508,R20_FZ_100_filtered
25,12,0,-96.65,2.576,448.29,-159.62,7540,R20_FZ_100_filtered
25,12,0,-96.65,6.202,452.35,-226.27,7945,R20_FZ_100_filtered
25,12,0,-96.64,-8.157,458.09,238.99,8518,R20_FZ_100_filtered
25,12,0,-96.63,12.203,450.72,-248.28,7782,R20_FZ_100_filtered
25,12,0,-96.63,-6.434,455.51,230.62,8261,R20_FZ_100_filtered
25,12,0,-96.62,-9.049,457.87,243.66,8496,R20_FZ_100_filtered
25,12,0,-96.6,9.892,451.43,-248.43,7853,R20_FZ_100_filtered
25,12,0,-96.6,-7.204,458.33,236.82,8542,R20_FZ_100_filtered
25,12,0,-96.59,4.8,452.7,-211.24,7980,R20_FZ_100_filtered
25,12,0,-96.55,-11.282,457.3,246.75,8439,R20_FZ_100_filtered
25,12,0,-96.51,-9.112,457.85,242.25,8494,R20_FZ_100_filtered
25,12,0,-96.5,10.372,450.24,-244.73,7735,R20_FZ_100_filtered
25,12,0,-96.5,4.886,452.68,-212.44,7978,R20_FZ_100_filtered
25,12,-0,-96.49,-0.46,454.01,36.64,8111,R20_FZ_100_filtered
25,12,0,-96.47,5.767,452.46,-222.52,7956,R20_FZ_100_filtered
25,12,0,-96.47,-10.992,457.39,242.88,8448,R20_FZ_100_filtered
25,12,0,-96.43,8.216,449.7,-245.19,7681,R20_FZ_100_filtered
25,12,0,-96.41,11.47,450.51,-252.34,7762,R20_FZ_100_filtered
25,12,0,-96.37,-5.458,458.77,220.22,8586,R20_FZ_100_filtered
25,12,0,-96.35,-12.101,457.07,248.38,8416,R20_FZ_100_filtered
25,12,0,-96.34,-5.828,458.68,226.53,8577,R20_FZ_100_filtered
25,12,0,-96.33,-12.095,457.04,243.63,8413,R20_FZ_100_filtered
25,12,0,-96.32,2.968,453.16,-167.16,8026,R20_FZ_100_filtered
25,12,0,-96.31,10.061,450.16,-251.4,7727,R20_FZ_100_filtered
25,12,0,-96.31,12.206,450.73,-250.6,7783,R20_FZ_100_filtered
25,12,0,-96.29,-4.394,455,214.16,8210,R20_FZ_100_filtered
25,12,0,-96.28,11.686,450.97,-250.15,7807,R20_FZ_100_filtered
25,12,0,-96.28,-10.932,457.41,245.66,8450,R20_FZ_100_filtered
25,12,0,-96.27,-9.23,456.21,241.59,8331,R20_FZ_100_filtered
25,12,0,-96.26,10.372,451.3,-243.96,7840,R20_FZ_100_filtered
25,12,0,-96.26,-2.386,454.5,166.74,8160,R20_FZ_100_filtered
25,12,0,-96.25,4.827,448.85,-208.31,7596,R20_FZ_100_filtered
25,12,0,-96.22,11.793,450.62,-251.7,7773,R20_FZ_100_filtered
25,12,0,-96.22,0.838,453.69,-70.73,8079,R20_FZ_100_filtered
25,12,-0,-96.21,-5.992,455.4,227.23,8250,R20_FZ_100_filtered
25,12,0,-96.18,-2.522,454.53,170.46,8163,R20_FZ_100_filtered
25,12,0,-96.18,-9.973,457.64,246.78,8473,R20_FZ_100_filtered
25,12,0,-96.18,-5.43,458.78,221.03,8587,R20_FZ_100_filtered
25,12,-0,-96.18,-5.388,458.79,221.8,8588,R20_FZ_100_filtered
25,12,0,-96.17,-3.109,459.36,175.09,8645,R20_FZ_100_filtered
25,12,0,-96.16,-6.829,458.43,232.03,8552,R20_FZ_100_filtered
25,12,0,-96.15,-9.918,456.38,246.72,8348,R20_FZ_100_filtered
25,12,0,-96.14,-10.044,457.62,242.73,8471,R20_FZ_100_filtered
25,12,0,-96.13,-9.548,457.75,244.6,8484,R20_FZ_100_filtered
25,12,0,-96.12,-7.761,458.2,236.68,8529,R20_FZ_100_filtered
25,12,0,-96.1,6.658,449.31,-227.53,7642,R20_FZ_100_filtered
25,12,0,-96.1,-0.774,454.1,71.8,8120,R20_FZ_100_filtered
25,12,0,-96.1,-9.071,457.86,243.04,8495,R20_FZ_100_filtered
25,12,0,-96.09,-10.394,457.53,247.85,8462,R20_FZ_100_filtered
25,12,0,-96.08,-6.901,455.63,232.48,8273,R20_FZ_100_filtered
25,12,0,-96.05,-11.396,457.27,243.5,8436,R20_FZ_100_filtered
25,12,0,-96.04,6.242,452.34,-225.31,7944,R20_FZ_100_filtered
25,12,0,-96.03,2.62,453.25,-155.69,8035,R20_FZ_100_filtered
25,12,0,-96.03,-10.471,457.51,243.95,8460,R20_FZ_100_filtered
25,12,0,-96.03,-4.976,458.89,215.59,8598,R20_FZ_100_filtered
25,12,0,-96.02,9.128,449.93,-249.37,7704,R20_FZ_100_filtered
25,12,0,-96.02,-10.639,456.56,241.96,8366,R20_FZ_100_filtered
25,12,0,-96,11.732,450.96,-247.16,7806,R20_FZ_100_filtered
25,12,0,-95.99,3.894,452.93,-192.75,8003,R20_FZ_100_filtered
25,12,0,-95.98,11.781,450.61,-246.71,7772,R20_FZ_100_filtered
25,12,0,-95.97,3.429,453.04,-180.69,8014,R20_FZ_100_filtered
25,12,0,-95.95,-11.83,457.18,247.15,8427,R20_FZ_100_filtered
25,12,0,-95.95,-11.319,457.29,245.2,8438,R20_FZ_100_filtered
25,12,0,-95.92,2.041,453.39,-131.68,8049,R20_FZ_100_filtered
25,12,0,-95.92,-2.975,454.65,184.72,8175,R20_FZ_100_filtered
25,12,0,-95.92,-10.434,457.52,245.8,8461,R20_FZ_100_filtered
25,12,0,-95.92,-4.954,458.9,216.04,8599,R20_FZ_100_filtered
25,12,-0,-95.91,4.83,452.69,-211.04,7979,R20_FZ_100_filtered
25,12,0,-95.89,-3.621,459.23,189.69,8632,R20_FZ_100_filtered
25,12,0,-95.88,10.33,451.31,-246.26,7841,R20_FZ_100_filtered
25,12,0,-95.82,-5.894,458.66,224.58,8575,R20_FZ_100_filtered
25,12,0,-95.81,-8.063,455.92,242.22,8302,R20_FZ_100_filtered
25,12,0,-95.75,10.798,451.2,-248.25,7830,R20_FZ_100_filtered
25,12,0,-95.74,-5.559,455.29,224.69,8239,R20_FZ_100_filtered
25,12,0,-95.72,-7.393,455.75,234.65,8285,R20_FZ_100_filtered
25,12,0,-95.68,-4.18,454.95,211.56,8205,R20_FZ_100_filtered
25,12,0,-95.67,2.531,453.27,-151.81,8037,R20_FZ_100_filtered
25,12,0,-95.65,-1.179,454.2,103.62,8130,R20_FZ_100_filtered
25,12,0,-95.65,-4.545,459,208.61,8609,R20_FZ_100_filtered
25,12,0,-95.64,-10.967,457.4,243.94,8449,R20_FZ_100_filtered
25,12,0,-95.63,-11.683,456.83,244.89,8393,R20_FZ_100_filtered
25,12,0,-95.62,-11.94,457.16,243.92,8425,R20_FZ_100_filtered
25,12,0,-95.62,-9.583,457.74,243.35,8483,R20_FZ_100_filtered
25,12,0,-95.62,-4.012,459.13,199.74,8622,R20_FZ_100_filtered
25,12,0,-95.61,-12.105,457.05,244.53,8414,R20_FZ_100_filtered
25,12,0,-95.58,-9.706,456.33,241.03,8343,R20_FZ_100_filtered
25,12,-0,-95.58,-11.597,456.8,241.5,8390,R20_FZ_100_filtered
25,12,0,-95.56,-11.356,457.28,243.98,8437,R20_FZ_100_filtered
25,12,0,-95.54,10.5,450.27,-249.08,7738,R20_FZ_100_filtered
25,12,0,-95.53,-12.108,457.06,246.11,8415,R20_FZ_100_filtered
25,12,0,-95.51,8.07,449.66,-236.54,7677,R20_FZ_100_filtered
25,12,0,-95.5,4.389,448.74,-200.5,7585,R20_FZ_100_filtered
25,12,0,-95.48,9.933,450.13,-242.37,7724,R20_FZ_100_filtered
25,12,0,-95.47,-0.503,454.02,40.01,8112,R20_FZ_100_filtered
25,12,0,-95.43,2.074,453.38,-132.73,8048,R20_FZ_100_filtered
25,12,0,-95.36,-3.583,459.24,188.29,8633,R20_FZ_100_filtered
25,12,0,-95.34,-10.185,456.45,241.61,8355,R20_FZ_100_filtered
25,12,-0,-95.33,3.931,452.92,-192.88,8002,R20_FZ_100_filtered
25,12,0,-95.3,5.452,449.01,-218.23,7612,R20_FZ_100_filtered
25,12,0,-95.25,-2.435,454.51,168.16,8161,R20_FZ_100_filtered
25,12,0,-95.25,-4.509,459.01,208.3,8610,R20_FZ_100_filtered
25,12,0,-95.22,7.301,449.47,-236.33,7658,R20_FZ_100_filtered
25,12,0,-95.21,4.046,448.66,-195.28,7577,R20_FZ_100_filtered
25,12,0,-95.14,-11.268,456.72,245.62,8382,R20_FZ_100_filtered
25,12,0,-95.12,-2.482,454.52,169.55,8162,R20_FZ_100_filtered
25,12,0,-95.11,-3.304,454.73,194.18,8183,R20_FZ_100_filtered
25,12,0,-95.09,-3.761,454.84,204.26,8194,R20_FZ_100_filtered
25,12,0,-95.08,8.661,449.81,-243.62,7692,R20_FZ_100_filtered
25,12,0,-95.07,-3.43,454.76,195.43,8186,R20_FZ_100_filtered
25,12,0,-95.05,10.847,451.19,-244.68,7829,R20_FZ_100_filtered
25,12,0,-95,10.024,450.15,-246.26,7726,R20_FZ_100_filtered
25,12,0,-94.99,-5.321,455.23,225.33,8233,R20_FZ_100_filtered
25,12,0,-94.98,9.579,450.04,-247.8,7715,R20_FZ_100_filtered
25,12,0,-94.96,-8.51,456.03,243.48,8313,R20_FZ_100_filtered
25,12,0,-94.93,8.177,449.69,-239.28,7680,R20_FZ_100_filtered
25,12,0,-94.92,-2.862,454.62,183.5,8172,R20_FZ_100_filtered
25,12,0,-94.91,1.659,453.49,-114.43,8059,R20_FZ_100_filtered
25,12,0,-94.91,-12.158,456.94,246.89,8403,R20_FZ_100_filtered
25,12,0,-94.9,7.742,449.58,-238.36,7669,R20_FZ_100_filtered
25,12,-0,-94.89,-6.672,455.57,232.03,8267,R20_FZ_100_filtered
25,12,0,-94.86,-6.471,455.52,229.7,8262,R20_FZ_100_filtered
25,12,0,-94.81,1.705,453.48,-117.07,8058,R20_FZ_100_filtered
25,12,0,-94.81,-8.35,455.99,238.34,8309,R20_FZ_100_filtered
25,12,0,-94.78,3.477,453.03,-181.42,8013,R20_FZ_100_filtered
25,12,0,-94.76,-6.219,455.46,229.7,8256,R20_FZ_100_filtered
25,12,0,-94.7,1.62,453.5,-112.87,8060,R20_FZ_100_filtered
25,12,0,-94.69,10.943,450.38,-246.1,7749,R20_FZ_100_filtered
25,12,0,-94.69,-9.87,456.37,244.87,8347,R20_FZ_100_filtered
25,12,0,-94.66,-9.437,456.26,244.7,8336,R20_FZ_100_filtered
25,12,0,-94.65,-10.675,456.57,241.62,8367,R20_FZ_100_filtered
25,12,-0,-94.61,3.018,453.15,-167.29,8025,R20_FZ_100_filtered
25,12,0,-94.6,0.413,453.8,-38.59,8090,R20_FZ_100_filtered
25,12,0,-94.54,3.055,448.41,-170.14,7552,R20_FZ_100_filtered
25,12,0,-94.54,9.092,449.92,-244.09,7703,R20_FZ_100_filtered
25,12,0,-94.54,-4.351,454.99,212.43,8209,R20_FZ_100_filtered
25,12,0,-94.51,7.627,449.55,-231.52,7666,R20_FZ_100_filtered
25,12,0,-94.5,-12.176,456.93,245.67,8402,R20_FZ_100_filtered
25,12,0,-94.49,3.517,448.52,-181.87,7563,R20_FZ_100_filtered
25,12,0,-94.49,-8.026,455.91,240.41,8301,R20_FZ_100_filtered
25,12,0,-94.48,9.504,450.02,-241.46,7713,R20_FZ_100_filtered
25,12,0,-94.47,-9.268,456.22,240.69,8332,R20_FZ_100_filtered
25,12,0,-94.42,-7.431,455.76,233.87,8286,R20_FZ_100_filtered
25,12,0,-94.41,-10.35,456.49,245.81,8359,R20_FZ_100_filtered
25,12,0,-94.41,-11.63,456.81,241.65,8391,R20_FZ_100_filtered
25,12,0,-94.4,11.38,450.49,-243.59,7760,R20_FZ_100_filtered
25,12,0,-94.39,3.101,448.42,-170.25,7553,R20_FZ_100_filtered
25,12,0,-94.34,-3.397,454.75,195.27,8185,R20_FZ_100_filtered
25,12,0,-94.26,-4.225,454.96,210.95,8206,R20_FZ_100_filtered
25,12,0,-94.22,-3.861,454.87,204.56,8197,R20_FZ_100_filtered
25,12,0,-94.2,-9.396,456.25,243.19,8335,R20_FZ_100_filtered
25,12,0,-94.15,-11.222,456.71,244.24,8381,R20_FZ_100_filtered
25,12,0,-94.13,9.55,450.03,-243.61,7714,R20_FZ_100_filtered
25,12,0,-94.1,3.587,448.54,-183.58,7565,R20_FZ_100_filtered
25,12,0,-94.03,-3.347,454.74,194.49,8184,R20_FZ_100_filtered
25,12,0,-94.03,-9.754,456.34,240.7,8344,R20_FZ_100_filtered
25,12,0,-93.95,4.868,448.86,-204.24,7597,R20_FZ_100_filtered
25,12,0,-93.94,6.701,449.32,-223.32,7643,R20_FZ_100_filtered
25,12,0,-93.89,7.712,449.57,-233.36,7668,R20_FZ_100_filtered
25,12,0,-93.88,-8.948,456.14,243.16,8324,R20_FZ_100_filtered
25,12,0,-93.85,-11.188,456.7,242.73,8380,R20_FZ_100_filtered
25,12,0,-93.79,-4.714,455.08,215.75,8218,R20_FZ_100_filtered
25,12,0,-93.79,-6.514,455.53,229.12,8263,R20_FZ_100_filtered
25,12,0,-93.78,-10.709,456.58,242.6,8368,R20_FZ_100_filtered
25,12,0,-93.69,-5.258,455.22,223.5,8232,R20_FZ_100_filtered
25,12,0,-93.69,-8.914,456.13,241.96,8323,R20_FZ_100_filtered
25,12,-0,-93.67,-4.256,454.97,210.82,8207,R20_FZ_100_filtered
25,12,0,-93.66,-3.797,454.85,204.08,8195,R20_FZ_100_filtered
25,12,-0,-93.66,-4.75,455.09,216.24,8219,R20_FZ_100_filtered
25,12,0,-93.63,9.056,449.91,-240.82,7702,R20_FZ_100_filtered
25,12,0,-93.61,-7.555,455.79,236.8,8289,R20_FZ_100_filtered
25,12,0,-93.56,4.499,448.77,-201.42,7588,R20_FZ_100_filtered
25,12,-0,-93.54,-4.306,454.98,211.59,8208,R20_FZ_100_filtered
25,12,0,-93.54,-7.091,455.68,233.57,8278,R20_FZ_100_filtered
25,12,0,-93.53,-3.827,454.86,204.29,8196,R20_FZ_100_filtered
25,12,-0,-93.52,8.588,449.79,-237.07,7690,R20_FZ_100_filtered
25,12,0,-93.5,0.798,453.7,-67.59,8080,R20_FZ_100_filtered
25,12,0,-93.48,3.544,448.53,-180.79,7564,R20_FZ_100_filtered
25,12,0,-93.47,8.62,449.8,-239.14,7691,R20_FZ_100_filtered
25,12,-0,-93.46,4.005,448.65,-190.71,7576,R20_FZ_100_filtered
25,12,0,-93.43,-8.476,456.02,241.63,8312,R20_FZ_100_filtered
25,12,0,-93.4,4.47,448.76,-198.5,7587,R20_FZ_100_filtered
25,12,0,-93.39,-8.43,456.01,240.07,8311,R20_FZ_100_filtered
25,12,0,-93.33,-6.179,455.45,228.92,8255,R20_FZ_100_filtered
25,12,0,-93.32,-8.388,456,238.87,8310,R20_FZ_100_filtered
25,12,0,-93.31,-6.012,455.41,226.63,8251,R20_FZ_100_filtered
25,12,0,-93.31,-9.356,456.24,241.66,8334,R20_FZ_100_filtered
25,12,0,-93.28,1.15,453.61,-88.38,8071,R20_FZ_100_filtered
25,12,0,-93.24,-10.276,456.47,242.74,8357,R20_FZ_100_filtered
25,12,0,-93.2,-1.14,454.19,100.35,8129,R20_FZ_100_filtered
25,12,0,-93.19,-9.308,456.23,240.39,8333,R20_FZ_100_filtered
25,12,0,-93.16,-7.949,455.89,236.51,8299,R20_FZ_100_filtered
25,12,0,-93.14,4.423,448.75,-198,7586,R20_FZ_100_filtered
25,12,0,-93.08,-7.475,455.77,234.2,8287,R20_FZ_100_filtered
25,12,0,-93,-7.995,455.9,238.23,8300,R20_FZ_100_filtered
25,12,0,-92.95,-5.227,455.21,221.8,8231,R20_FZ_100_filtered
25,12,0,-92.94,5.792,449.09,-214.02,7620,R20_FZ_100_filtered
25,12,0,-92.94,-8.87,456.12,241.18,8322,R20_FZ_100_filtered
25,12,0,-92.88,-5.636,455.31,223.98,8241,R20_FZ_100_filtered
25,12,0,-92.86,5.422,449,-212.75,7611,R20_FZ_100_filtered
25,12,0,-92.78,-0.738,454.09,68.1,8119,R20_FZ_100_filtered
25,12,0,-92.74,4.908,448.87,-203.3,7598,R20_FZ_100_filtered
25,12,0,-92.7,6.31,449.22,-218.5,7633,R20_FZ_100_filtered
25,12,0,-92.68,-6.636,455.56,230.6,8266,R20_FZ_100_filtered
25,12,0,-92.65,-5.725,455.33,225.97,8243,R20_FZ_100_filtered
25,12,0,-92.62,7.229,449.45,-227.46,7656,R20_FZ_100_filtered
25,12,0,-92.44,-7.055,455.67,231.89,8277,R20_FZ_100_filtered
25,12,0,-92.42,7.666,449.56,-230.4,7667,R20_FZ_100_filtered
25,12,0,-92.34,6.748,449.33,-222.67,7644,R20_FZ_100_filtered
25,12,0,-92.19,0.681,453.73,-59.22,8083,R20_FZ_100_filtered
25,12,0,-92.15,6.783,449.34,-224.67,7645,R20_FZ_100_filtered
25,12,0,-92,-6.55,455.54,229.23,8264,R20_FZ_100_filtered
25,12,0,-92,-6.593,455.55,229.71,8265,R20_FZ_100_filtered
25,12,0,-91.97,5.836,449.1,-213.2,7621,R20_FZ_100_filtered
25,12,0,-91.86,5.339,448.98,-207.21,7609,R20_FZ_100_filtered
25,12,0,-91.84,0.764,453.71,-64.37,8081,R20_FZ_100_filtered
25,12,0,-91.8,5.389,448.99,-208.7,7610,R20_FZ_100_filtered
25,12,0,-91.77,-5.684,455.32,224.71,8242,R20_FZ_100_filtered
25,12,0,-91.57,0.148,453.87,-15.48,8097,R20_FZ_100_filtered
25,12,0,-91.4,0.717,453.72,-61.88,8082,R20_FZ_100_filtered
25,12,0,-91.13,-0.572,454.04,46.38,8114,R20_FZ_100_filtered
25,12,0,-90.33,0.191,453.86,-19.18,8096,R20_FZ_100_filtered
25,12,0,-88.77,-0.618,454.05,50.61,8115,R20_FZ_100_filtered
25,12,0,-88.7,-0.068,453.92,2.53,8102,R20_FZ_100_filtered
25,12,-0,-86.02,-0.118,453.93,5.54,8103,R20_FZ_100_filtered
25,12,0,-85.22,-0.246,453.96,16.2,8106,R20_FZ_100_filtered
25,12,0,-84.44,-0.194,453.95,12.77,8105,R20_FZ_100_filtered
25,12,0,-59.15,1.645,380.44,-80.41,5025,R20_FZ_50_filtered
25,12,0,-58.72,1.182,380.33,-65.99,5014,R20_FZ_50_filtered
25,12,0,-58.56,1.686,380.45,-80.88,5026,R20_FZ_50_filtered
25,12,0,-58.03,2.571,380.67,-98.11,5048,R20_FZ_50_filtered
25,12,0,-57.41,1.225,380.34,-65.66,5015,R20_FZ_50_filtered
25,12,0,-57.01,2.524,380.66,-96.8,5047,R20_FZ_50_filtered
25,12,0,-56.89,2.6,380.68,-97.6,5049,R20_FZ_50_filtered
25,12,0,-56.44,1.562,380.42,-76.2,5023,R20_FZ_50_filtered
25,12,0,-56.22,7.071,384.52,-132.93,5432,R20_FZ_50_filtered
25,12,0,-55.97,3.488,380.9,-111.41,5071,R20_FZ_50_filtered
25,12,0,-55.92,7.113,384.51,-133.71,5431,R20_FZ_50_filtered
25,12,0,-55.74,8.039,384.28,-136.51,5408,R20_FZ_50_filtered
25,12,0,-55.7,8.002,384.29,-134.2,5409,R20_FZ_50_filtered
25,12,0,-55.68,8.958,384.05,-136.67,5385,R20_FZ_50_filtered
25,12,0,-55.59,6.15,384.75,-131.27,5455,R20_FZ_50_filtered
25,12,0,-55.49,4.403,381.13,-120.08,5094,R20_FZ_50_filtered
25,12,0,-55.45,11.736,383.35,-140.42,5315,R20_FZ_50_filtered
25,12,0,-55.4,5.751,381.47,-127.98,5128,R20_FZ_50_filtered
25,12,0,-55.35,8.491,384.16,-137,5396,R20_FZ_50_filtered
25,12,0,-55.25,12.16,383.11,-141.52,5291,R20_FZ_50_filtered
25,12,0,-55.22,5.709,384.86,-128.51,5466,R20_FZ_50_filtered
25,12,0,-55.19,8.928,384.06,-134.51,5386,R20_FZ_50_filtered
25,12,0,-55.15,11.222,383.47,-136.97,5327,R20_FZ_50_filtered
25,12,0,-55.13,1.28,380.35,-65.36,5016,R20_FZ_50_filtered
25,12,0,-55.11,1.996,380.53,-85.84,5034,R20_FZ_50_filtered
25,12,0,-55.07,2.205,380.58,-88.62,5039,R20_FZ_50_filtered
25,12,0,-55.03,11.78,383.34,-141.19,5314,R20_FZ_50_filtered
25,12,0,-55.03,6.62,384.63,-130.62,5443,R20_FZ_50_filtered
25,12,0,-55.01,3.463,380.89,-110.01,5070,R20_FZ_50_filtered
25,12,0,-55.01,6.125,384.76,-128.15,5456,R20_FZ_50_filtered
25,12,0,-55,3.907,381.01,-115.81,5082,R20_FZ_50_filtered
25,12,0,-54.98,2.495,380.65,-94.34,5046,R20_FZ_50_filtered
25,12,0,-54.97,6.206,384.74,-130.66,5454,R20_FZ_50_filtered
25,12,0,-54.9,4.841,381.24,-122.74,5105,R20_FZ_50_filtered
25,12,0,-54.9,5.238,384.98,-125.99,5478,R20_FZ_50_filtered
25,12,-0,-54.89,9.006,384.04,-135.87,5384,R20_FZ_50_filtered
25,12,0,-54.88,8.42,384.18,-132.97,5398,R20_FZ_50_filtered
25,12,0,-54.86,4.358,381.12,-119.48,5093,R20_FZ_50_filtered
25,12,0,-54.85,11.82,383,-135.22,5281,R20_FZ_50_filtered
25,12,0,-54.81,6.727,381.71,-130.08,5152,R20_FZ_50_filtered
25,12,-0,-54.79,2.644,380.69,-95.85,5050,R20_FZ_50_filtered
25,12,0,-54.79,3.534,380.91,-110.31,5072,R20_FZ_50_filtered
25,12,0,-54.77,6.228,381.59,-129.23,5140,R20_FZ_50_filtered
25,12,0,-54.77,9.889,383.82,-136.08,5362,R20_FZ_50_filtered
25,12,0,-54.75,8.076,384.27,-135.16,5407,R20_FZ_50_filtered
25,12,0,-54.75,7.04,384.53,-129.35,5433,R20_FZ_50_filtered
25,12,0,-54.72,8.13,382.06,-132.96,5187,R20_FZ_50_filtered
25,12,0,-54.71,2.948,380.77,-101.34,5058,R20_FZ_50_filtered
25,12,0,-54.69,4.794,385.09,-122.24,5489,R20_FZ_50_filtered
25,12,0,-54.65,10.845,383.58,-137.49,5338,R20_FZ_50_filtered
25,12,0,-54.62,4.887,381.25,-121.68,5106,R20_FZ_50_filtered
25,12,0,-54.62,-3.025,387.05,108.86,5685,R20_FZ_50_filtered
25,12,0,-54.56,-3.954,387.28,121.06,5708,R20_FZ_50_filtered
25,12,-0,-54.55,9.916,383.81,-136.02,5361,R20_FZ_50_filtered
25,12,0,-54.49,7.641,381.94,-132.96,5175,R20_FZ_50_filtered
25,12,0,-54.43,6.681,381.7,-130.48,5151,R20_FZ_50_filtered
25,12,0,-54.42,5.356,381.37,-122.87,5118,R20_FZ_50_filtered
25,12,0,-54.41,3.839,385.33,-111.85,5513,R20_FZ_50_filtered
25,12,0,-54.39,7.195,381.83,-130.15,5164,R20_FZ_50_filtered
25,12,0,-54.37,6.274,381.6,-127.03,5141,R20_FZ_50_filtered
25,12,-0,-54.35,12.105,383.24,-137.88,5304,R20_FZ_50_filtered
25,12,0,-54.34,7.157,381.82,-131.72,5163,R20_FZ_50_filtered
25,12,0,-54.34,-4.434,387.4,123.42,5720,R20_FZ_50_filtered
25,12,0,-54.28,-3.987,387.29,120.34,5709,R20_FZ_50_filtered
25,12,0,-54.25,11.68,383.36,-135.89,5316,R20_FZ_50_filtered
25,12,0,-54.23,-4.402,387.39,123.29,5719,R20_FZ_50_filtered
25,12,0,-54.2,4.3,385.22,-116.02,5502,R20_FZ_50_filtered
25,12,0,-54.16,8.558,382.17,-134.04,5198,R20_FZ_50_filtered
25,12,-0,-54.11,-3.064,387.06,109.05,5686,R20_FZ_50_filtered
25,12,0,-54.09,8.605,382.18,-132.02,5199,R20_FZ_50_filtered
25,12,0,-54.08,4.326,385.21,-117.48,5501,R20_FZ_50_filtered
25,12,0,-54.03,-3.532,387.17,114.88,5697,R20_FZ_50_filtered
25,12,0,-54.01,5.28,384.97,-125.04,5477,R20_FZ_50_filtered
25,12,-0,-54,2.922,385.56,-97.55,5536,R20_FZ_50_filtered
25,12,0,-53.99,3.867,381,-113.63,5081,R20_FZ_50_filtered
25,12,0,-53.96,9.99,382.53,-134.79,5234,R20_FZ_50_filtered
25,12,0,-53.96,7.151,384.5,-131.73,5430,R20_FZ_50_filtered
25,12,0,-53.93,3.985,381.03,-111.86,5084,R20_FZ_50_filtered
25,12,0,-53.92,3.878,385.32,-112.15,5512,R20_FZ_50_filtered
25,12,0,-53.86,-1.698,386.71,79.67,5651,R20_FZ_50_filtered
25,12,0,-53.86,-3.917,387.27,119.88,5707,R20_FZ_50_filtered
25,12,0,-53.85,9.083,382.3,-132.15,5211,R20_FZ_50_filtered
25,12,0,-53.84,9.85,383.83,-132.96,5363,R20_FZ_50_filtered
25,12,0,-53.83,5.764,384.85,-126.74,5465,R20_FZ_50_filtered
25,12,0,-53.8,10.883,383.57,-136.56,5337,R20_FZ_50_filtered
25,12,0,-53.8,9.343,383.95,-132.2,5375,R20_FZ_50_filtered
25,12,0,-53.8,-2.146,386.83,90.88,5663,R20_FZ_50_filtered
25,12,0,-53.78,-2.09,386.82,90.04,5662,R20_FZ_50_filtered
25,12,0,-53.76,11.363,382.87,-137.3,5268,R20_FZ_50_filtered
25,12,0,-53.76,6.683,384.62,-129.56,5442,R20_FZ_50_filtered
25,12,0,-53.74,7.604,381.93,-132.5,5174,R20_FZ_50_filtered
25,12,0,-53.66,9.487,382.4,-134.97,5221,R20_FZ_50_filtered
25,12,0,-53.66,10.439,382.64,-136.69,5245,R20_FZ_50_filtered
25,12,0,-53.64,7.947,384.3,-129.21,5410,R20_FZ_50_filtered
25,12,0,-53.62,4.363,385.2,-116.38,5500,R20_FZ_50_filtered
25,12,0,-53.54,4.809,381.23,-121.46,5104,R20_FZ_50_filtered
25,12,-0,-53.54,2.955,385.55,-97.71,5535,R20_FZ_50_filtered
25,12,0,-53.47,-2.651,386.95,101.75,5675,R20_FZ_50_filtered
25,12,0,-53.46,11.835,383.33,-139.31,5313,R20_FZ_50_filtered
25,12,-0,-53.44,-4.879,387.51,125.79,5731,R20_FZ_50_filtered
25,12,0,-53.4,-4.899,387.52,124.34,5732,R20_FZ_50_filtered
25,12,0,-53.29,-2.985,387.04,107.75,5684,R20_FZ_50_filtered
25,12,0,-53.16,-2.063,386.81,88.52,5661,R20_FZ_50_filtered
25,12,0,-53.14,8.16,382.07,-128.74,5188,R20_FZ_50_filtered
25,12,0,-53.14,8.511,382.16,-133.1,5197,R20_FZ_50_filtered
25,12,0,-53.13,4.826,385.08,-121,5488,R20_FZ_50_filtered
25,12,0,-53.08,3.792,385.34,-109.22,5514,R20_FZ_50_filtered
25,12,0,-53.07,5.731,381.46,-126.15,5127,R20_FZ_50_filtered
25,12,0,-53.05,11.84,383.01,-131.5,5282,R20_FZ_50_filtered
25,12,0,-53,10.472,382.65,-133.69,5246,R20_FZ_50_filtered
25,12,0,-52.99,7.239,381.84,-125.83,5165,R20_FZ_50_filtered
25,12,0,-52.99,9.566,382.42,-130.8,5223,R20_FZ_50_filtered
25,12,0,-52.98,8.865,384.07,-129.35,5387,R20_FZ_50_filtered
25,12,0,-52.94,10.393,382.63,-135.94,5244,R20_FZ_50_filtered
25,12,0,-52.94,-4.822,387.5,125.76,5730,R20_FZ_50_filtered
25,12,0,-52.87,11.188,383.48,-132.14,5328,R20_FZ_50_filtered
25,12,0,-52.85,-3.569,387.18,114.43,5698,R20_FZ_50_filtered
25,12,0,-52.85,-4.481,387.41,121.6,5721,R20_FZ_50_filtered
25,12,0,-52.83,10.96,382.77,-133.41,5258,R20_FZ_50_filtered
25,12,0,-52.8,5.168,385,-118.54,5480,R20_FZ_50_filtered
25,12,0,-52.79,9.971,383.8,-133.38,5360,R20_FZ_50_filtered
25,12,0,-52.78,-5.596,391.12,123.25,6091,R20_FZ_50_filtered
25,12,0,-52.76,-4.351,387.38,122.02,5718,R20_FZ_50_filtered
25,12,0,-52.75,3.413,380.88,-106.27,5069,R20_FZ_50_filtered
25,12,0,-52.75,7.631,384.38,-132.03,5418,R20_FZ_50_filtered
25,12,0,-52.7,9.043,384.03,-133.08,5383,R20_FZ_50_filtered
25,12,0,-52.69,10.241,383.72,-129.99,5352,R20_FZ_50_filtered
25,12,0,-52.67,-10.757,389.84,129.35,5963,R20_FZ_50_filtered
25,12,0,-52.61,6.327,381.61,-122.23,5142,R20_FZ_50_filtered
25,12,0,-52.61,-9.308,390.19,128.84,5998,R20_FZ_50_filtered
25,12,0,-52.61,-7.498,390.65,128.88,6044,R20_FZ_50_filtered
25,12,0,-52.61,-6.54,390.89,126.23,6068,R20_FZ_50_filtered
25,12,0,-52.61,-4.24,391.46,115.56,6125,R20_FZ_50_filtered
25,12,0,-52.6,3.433,385.43,-104.56,5523,R20_FZ_50_filtered
25,12,-0,-52.59,-6.577,390.88,127.66,6067,R20_FZ_50_filtered
25,12,0,-52.58,-1.748,386.72,80.48,5652,R20_FZ_50_filtered
25,12,0,-52.54,-7.456,390.66,127.18,6045,R20_FZ_50_filtered
25,12,0,-52.53,-5.643,391.11,124.19,6090,R20_FZ_50_filtered
25,12,-0,-52.52,2.886,385.57,-95.36,5537,R20_FZ_50_filtered
25,12,0,-52.52,1.975,385.79,-77.4,5559,R20_FZ_50_filtered
25,12,0,-52.5,-5.807,387.74,126.66,5754,R20_FZ_50_filtered
25,12,0,-52.46,6.073,384.77,-123.16,5457,R20_FZ_50_filtered
25,12,0,-52.44,-7.627,388.2,129.2,5800,R20_FZ_50_filtered
25,12,0,-52.43,5.399,381.38,-118.21,5119,R20_FZ_50_filtered
25,12,0,-52.41,3.578,380.92,-106.77,5073,R20_FZ_50_filtered
25,12,0,-52.4,-7.907,390.54,127.5,6033,R20_FZ_50_filtered
25,12,0,-52.39,11.333,382.86,-135.58,5267,R20_FZ_50_filtered
25,12,0,-52.38,-12.055,389.49,128.59,5928,R20_FZ_50_filtered
25,12,0,-52.37,-3.773,391.58,109.18,6137,R20_FZ_50_filtered
25,12,0,-52.36,-3.877,387.26,117.99,5706,R20_FZ_50_filtered
25,12,0,-52.35,4.471,381.15,-112.59,5096,R20_FZ_50_filtered
25,12,0,-52.35,10.758,383.6,-131.21,5340,R20_FZ_50_filtered
25,12,0,-52.34,-8.874,390.3,129.8,6009,R20_FZ_50_filtered
25,12,0,-52.33,-6.314,387.87,124.39,5767,R20_FZ_50_filtered
25,12,0,-52.31,-3.802,391.57,110.23,6136,R20_FZ_50_filtered
25,12,0,-52.28,-6.71,387.97,127.31,5777,R20_FZ_50_filtered
25,12,0,-52.27,-3.351,391.68,103.44,6147,R20_FZ_50_filtered
25,12,0,-52.24,-7.675,388.21,127.44,5801,R20_FZ_50_filtered
25,12,0,-52.22,8.129,384.26,-132.02,5406,R20_FZ_50_filtered
25,12,0,-52.21,-9.774,390.08,127.63,5987,R20_FZ_50_filtered
25,12,0,-52.2,8.639,382.19,-127.06,5200,R20_FZ_50_filtered
25,12,0,-52.19,-4.746,391.34,118.63,6113,R20_FZ_50_filtered
25,12,0,-52.17,-8.404,390.42,129.63,6021,R20_FZ_50_filtered
25,12,0,-52.16,-2.848,391.81,94.93,6160,R20_FZ_50_filtered
25,12,-0,-52.14,1.94,380.52,-82.97,5033,R20_FZ_50_filtered
25,12,0,-52.14,-5.767,387.73,127.02,5753,R20_FZ_50_filtered
25,12,0,-52.13,-8.56,388.43,129.17,5823,R20_FZ_50_filtered
25,12,0,-52.12,-8.596,388.44,127.92,5824,R20_FZ_50_filtered
25,12,0,-52.11,1.31,380.36,-64.54,5017,R20_FZ_50_filtered
25,12,0,-52.1,2.889,380.76,-98.17,5057,R20_FZ_50_filtered
25,12,0,-52.1,-8.124,388.32,128.56,5812,R20_FZ_50_filtered
25,12,0,-52.06,-6.234,387.85,127.15,5765,R20_FZ_50_filtered
25,12,0,-52.05,3.932,385.31,-110.59,5511,R20_FZ_50_filtered
25,12,0,-52.05,-10.195,389.96,127.3,5975,R20_FZ_50_filtered
25,12,0,-52.04,-9.353,390.18,128.86,5997,R20_FZ_50_filtered
25,12,0,-52.02,-10.921,389.02,128.41,5882,R20_FZ_50_filtered
25,12,0,-51.94,-9.507,388.67,128.55,5847,R20_FZ_50_filtered
25,12,0,-51.92,-10.23,389.95,128.99,5974,R20_FZ_50_filtered
25,12,0,-51.92,-8.448,390.41,130.09,6020,R20_FZ_50_filtered
25,12,0,-51.87,9.501,383.91,-132,5371,R20_FZ_50_filtered
25,12,0,-51.85,-4.202,391.47,114.18,6126,R20_FZ_50_filtered
25,12,0,-51.84,-3.728,391.59,107.15,6138,R20_FZ_50_filtered
25,12,0,-51.82,3.01,385.54,-97.12,5534,R20_FZ_50_filtered
25,12,0,-51.82,-7.541,390.64,128.69,6043,R20_FZ_50_filtered
25,12,0,-51.8,-9.958,388.78,128.54,5858,R20_FZ_50_filtered
25,12,0,-51.78,-10.877,389.01,128.87,5881,R20_FZ_50_filtered
25,12,0,-51.76,2.673,380.7,-92.79,5051,R20_FZ_50_filtered
25,12,0,-51.76,7.004,384.54,-123.76,5434,R20_FZ_50_filtered
25,12,0,-51.76,-8.839,390.31,128.42,6010,R20_FZ_50_filtered
25,12,0,-51.75,5.798,384.84,-123.92,5464,R20_FZ_50_filtered
25,12,0,-51.73,-7.154,388.08,129.01,5788,R20_FZ_50_filtered
25,12,0,-51.73,-0.562,392.38,28.39,6217,R20_FZ_50_filtered
25,12,0,-51.72,8.383,384.19,-126.87,5399,R20_FZ_50_filtered
25,12,-0,-51.69,-8.085,388.31,128.9,5811,R20_FZ_50_filtered
25,12,0,-51.67,-11.385,389.14,128.21,5894,R20_FZ_50_filtered
25,12,0,-51.66,-11.149,389.72,129.33,5951,R20_FZ_50_filtered
25,12,0,-51.66,-6.614,390.87,127.01,6066,R20_FZ_50_filtered
25,12,0,-51.65,-1.228,386.6,62.05,5640,R20_FZ_50_filtered
25,12,0,-51.65,-11.786,389.25,129.32,5905,R20_FZ_50_filtered
25,12,0,-51.63,-6.759,387.98,125.76,5778,R20_FZ_50_filtered
25,12,0,-51.63,-10.437,388.9,128.49,5870,R20_FZ_50_filtered
25,12,-0,-51.62,12.187,383.09,-136.45,5289,R20_FZ_50_filtered
25,12,0,-51.61,-11.616,389.61,128.7,5940,R20_FZ_50_filtered
25,12,-0,-51.6,-4.948,387.53,121.63,5733,R20_FZ_50_filtered
25,12,0,-51.6,-5.883,387.76,122.02,5756,R20_FZ_50_filtered
25,12,0,-51.6,-10.694,389.85,126.66,5964,R20_FZ_50_filtered
25,12,0,-51.56,-10.488,388.91,126.86,5871,R20_FZ_50_filtered
25,12,0,-51.56,-7.857,390.55,125.33,6034,R20_FZ_50_filtered
25,12,0,-51.55,3.837,380.99,-109.65,5080,R20_FZ_50_filtered
25,12,0,-51.54,8.575,384.14,-130.29,5394,R20_FZ_50_filtered
25,12,0,-51.53,-1.956,392.03,76.61,6182,R20_FZ_50_filtered
25,12,0,-51.52,-1.172,386.59,60.45,5639,R20_FZ_50_filtered
25,12,0,-51.51,-6.669,387.96,127,5776,R20_FZ_50_filtered
25,12,0,-51.48,4.256,385.23,-111.96,5503,R20_FZ_50_filtered
25,12,0,-51.48,1.961,385.8,-76.17,5560,R20_FZ_50_filtered
25,12,0,-51.47,-10.792,389.83,130.44,5962,R20_FZ_50_filtered
25,12,0,-51.43,4.762,381.22,-118.37,5103,R20_FZ_50_filtered
25,12,0,-51.4,4.398,385.19,-114.45,5499,R20_FZ_50_filtered
25,12,0,-51.39,9.302,383.96,-126,5376,R20_FZ_50_filtered
25,12,0,-51.32,-2.025,386.8,87.02,5660,R20_FZ_50_filtered
25,12,0,-51.31,9.122,382.31,-126.43,5212,R20_FZ_50_filtered
25,12,0,-51.3,10.352,382.62,-132.96,5243,R20_FZ_50_filtered
25,12,0,-51.3,-8.987,388.54,128.55,5834,R20_FZ_50_filtered
25,12,0,-51.29,6.794,381.73,-121.58,5154,R20_FZ_50_filtered
25,12,0,-51.28,-4.524,387.42,118.97,5722,R20_FZ_50_filtered
25,12,0,-51.26,-11.347,389.13,129.16,5893,R20_FZ_50_filtered
25,12,0,-51.26,-5.559,391.13,120.82,6092,R20_FZ_50_filtered
25,12,0,-51.24,1.045,380.29,-54.92,5010,R20_FZ_50_filtered
25,12,0,-51.24,4.029,381.04,-106.84,5085,R20_FZ_50_filtered
25,12,0,-51.24,-2.688,386.96,100.99,5676,R20_FZ_50_filtered
25,12,0,-51.23,-9.548,388.68,126.22,5848,R20_FZ_50_filtered
25,12,0,-51.21,-12.06,389.38,126.37,5917,R20_FZ_50_filtered
25,12,0,-51.2,-9.999,388.79,127.31,5859,R20_FZ_50_filtered
25,12,0,-51.17,8.478,382.15,-129.83,5196,R20_FZ_50_filtered
25,12,0,-51.13,5.677,381.45,-122.68,5126,R20_FZ_50_filtered
25,12,0,-51.13,9.794,383.84,-127.68,5364,R20_FZ_50_filtered
25,12,0,-51.13,-0.623,392.37,30.22,6216,R20_FZ_50_filtered
25,12,0,-51.09,-3.622,387.19,113.2,5699,R20_FZ_50_filtered
25,12,0,-51.09,-8.804,390.32,125.81,6011,R20_FZ_50_filtered
25,12,0,-51.09,-6.491,390.9,123.79,6069,R20_FZ_50_filtered
25,12,0,-51.07,3.752,385.35,-104.83,5515,R20_FZ_50_filtered
25,12,0,-51.07,3.466,385.42,-102.98,5522,R20_FZ_50_filtered
25,12,0,-51.05,4.885,385.07,-117.72,5487,R20_FZ_50_filtered
25,12,0,-51.04,-4.651,391.36,116.3,6115,R20_FZ_50_filtered
25,12,-0,-51.02,-4.766,391.33,117.58,6112,R20_FZ_50_filtered
25,12,0,-51.01,1.911,380.51,-80.4,5032,R20_FZ_50_filtered
25,12,0,-50.96,-7.711,388.22,124.54,5802,R20_FZ_50_filtered
25,12,0,-50.96,-10.278,389.94,128.89,5973,R20_FZ_50_filtered
25,12,0,-50.94,-4.799,387.49,123.9,5729,R20_FZ_50_filtered
25,12,0,-50.93,-2.455,391.91,86.84,6170,R20_FZ_50_filtered
25,12,0,-50.92,7.989,382.03,-128.46,5184,R20_FZ_50_filtered
25,12,0,-50.91,-4.308,387.37,119.75,5717,R20_FZ_50_filtered
25,12,0,-50.85,-11.771,389.24,129.2,5904,R20_FZ_50_filtered
25,12,0,-50.84,-9.249,390.2,127.03,5999,R20_FZ_50_filtered
25,12,-0,-50.82,-0.516,392.39,26.4,6218,R20_FZ_50_filtered
25,12,0,-50.81,-5.234,391.21,120.83,6100,R20_FZ_50_filtered
25,12,0,-50.8,7.92,384.31,-122.79,5411,R20_FZ_50_filtered
25,12,0,-50.74,-8.497,390.4,128.9,6019,R20_FZ_50_filtered
25,12,0,-50.73,-6.186,387.84,125.75,5764,R20_FZ_50_filtered
25,12,0,-50.7,-4.326,391.44,114.47,6123,R20_FZ_50_filtered
25,12,0,-50.69,-7.116,388.07,127.35,5787,R20_FZ_50_filtered
25,12,0,-50.69,-12.031,389.5,126.08,5929,R20_FZ_50_filtered
25,12,0,-50.69,-5.99,391.02,120.51,6081,R20_FZ_50_filtered
25,12,0,-50.62,-2.902,387.02,103.71,5682,R20_FZ_50_filtered
25,12,0,-50.57,-5.085,391.25,117.73,6104,R20_FZ_50_filtered
25,12,0,-50.57,-2.81,391.82,93.23,6161,R20_FZ_50_filtered
25,12,0,-50.56,1.617,385.89,-67.19,5569,R20_FZ_50_filtered
25,12,0,-50.55,1.056,386.02,-51.49,5582,R20_FZ_50_filtered
25,12,-0,-50.55,-1.788,386.73,81,5653,R20_FZ_50_filtered
25,12,0,-50.5,-6.155,390.98,124.71,6077,R20_FZ_50_filtered
25,12,0,-50.45,-2.005,392.02,76.46,6181,R20_FZ_50_filtered
25,12,0,-50.42,9.999,383.79,-129.98,5359,R20_FZ_50_filtered
25,12,0,-50.41,7.658,384.37,-128.24,5417,R20_FZ_50_filtered
25,12,0,-50.4,2.055,385.77,-77.08,5557,R20_FZ_50_filtered
25,12,0,-50.38,-11.431,389.15,125.8,5895,R20_FZ_50_filtered
25,12,0,-50.35,-6.803,387.99,123.48,5779,R20_FZ_50_filtered
25,12,0,-50.33,0.636,386.13,-35.06,5593,R20_FZ_50_filtered
25,12,0,-50.33,-10.519,388.92,124.2,5872,R20_FZ_50_filtered
25,12,0,-50.31,-8.029,388.3,127.5,5810,R20_FZ_50_filtered
25,12,0,-50.26,9.071,384.02,-129.04,5382,R20_FZ_50_filtered
25,12,-0,-50.26,2.854,385.58,-92.08,5538,R20_FZ_50_filtered
25,12,0,-50.26,-6.902,390.79,122.71,6058,R20_FZ_50_filtered
25,12,0,-50.23,-4.166,391.48,111.65,6127,R20_FZ_50_filtered
25,12,0,-50.21,4.962,381.27,-111.84,5108,R20_FZ_50_filtered
25,12,0,-50.21,-1.122,386.58,58.88,5638,R20_FZ_50_filtered
25,12,0,-50.2,2.578,385.65,-87.32,5545,R20_FZ_50_filtered
25,12,0,-50.12,-9.734,390.09,125.5,5988,R20_FZ_50_filtered
25,12,0,-50.11,-5.442,387.65,119.53,5745,R20_FZ_50_filtered
25,12,0,-50.08,7.276,381.85,-119.86,5166,R20_FZ_50_filtered
25,12,0,-50.08,-6.354,387.88,121.76,5768,R20_FZ_50_filtered
25,12,0,-50.07,1.353,380.37,-64.36,5018,R20_FZ_50_filtered
25,12,0,-50.06,12.121,383.2,-134.19,5300,R20_FZ_50_filtered
25,12,0,-50.04,0.174,386.25,-11.62,5605,R20_FZ_50_filtered
25,12,0,-50.02,6.593,381.68,-125.47,5149,R20_FZ_50_filtered
25,12,0,-50.02,9.41,382.38,-129.81,5219,R20_FZ_50_filtered
25,12,0,-50.02,11.005,382.78,-127.5,5259,R20_FZ_50_filtered
25,12,-0,-50.02,-10.834,389,127.97,5880,R20_FZ_50_filtered
25,12,0,-50,-0.745,386.48,41.22,5628,R20_FZ_50_filtered
25,12,0,-49.98,11.845,383.02,-126.99,5283,R20_FZ_50_filtered
25,12,0,-49.98,1.103,386.01,-52.27,5581,R20_FZ_50_filtered
25,12,0,-49.96,-12.037,389.47,128.22,5926,R20_FZ_50_filtered
25,12,0,-49.9,11.287,382.85,-132.44,5266,R20_FZ_50_filtered
25,12,0,-49.9,11.748,382.97,-131.86,5278,R20_FZ_50_filtered
25,12,0,-49.9,-6.649,390.86,125.65,6065,R20_FZ_50_filtered
25,12,0,-49.9,-3.4,391.67,103.13,6146,R20_FZ_50_filtered
25,12,0,-49.82,-8.946,388.53,127.04,5833,R20_FZ_50_filtered
25,12,0,-49.81,3.372,380.87,-102.04,5068,R20_FZ_50_filtered
25,12,0,-49.81,8.206,382.08,-122.97,5189,R20_FZ_50_filtered
25,12,0,-49.8,10.443,383.67,-130.88,5347,R20_FZ_50_filtered
25,12,0,-49.78,-1.438,392.16,61.74,6195,R20_FZ_50_filtered
25,12,0,-49.76,-5.22,387.6,124.38,5740,R20_FZ_50_filtered
25,12,0,-49.73,-5.725,387.72,125.61,5752,R20_FZ_50_filtered
25,12,0,-49.73,-1.504,392.14,64.22,6193,R20_FZ_50_filtered
25,12,0,-49.72,5.344,384.95,-118.96,5475,R20_FZ_50_filtered
25,12,0,-49.71,-2.495,391.9,86.2,6169,R20_FZ_50_filtered
25,12,0,-49.69,-7.272,388.11,123.28,5791,R20_FZ_50_filtered
25,12,0,-49.62,-11.232,389.7,127.33,5949,R20_FZ_50_filtered
25,12,0,-49.6,6.359,381.62,-116.5,5143,R20_FZ_50_filtered
25,12,0,-49.59,3.974,385.3,-108.11,5510,R20_FZ_50_filtered
25,12,0,-49.58,-12.045,389.39,123.65,5918,R20_FZ_50_filtered
25,12,0,-49.56,3.612,380.93,-101.72,5074,R20_FZ_50_filtered
25,12,0,-49.55,-7.84,390.56,122.71,6035,R20_FZ_50_filtered
25,12,0,-49.54,6.043,384.78,-116.75,5458,R20_FZ_50_filtered
25,12,0,-49.53,6.124,381.56,-121.91,5137,R20_FZ_50_filtered
25,12,0,-49.51,1.005,380.28,-52.71,5009,R20_FZ_50_filtered
25,12,0,-49.51,2.862,380.75,-94.43,5056,R20_FZ_50_filtered
25,12,0,-49.51,0.214,386.24,-13.15,5604,R20_FZ_50_filtered
25,12,0,-49.42,-9.204,390.21,124.59,6000,R20_FZ_50_filtered
25,12,0,-49.4,1.832,380.49,-76.48,5030,R20_FZ_50_filtered
25,12,0,-49.35,7.518,381.91,-125.95,5172,R20_FZ_50_filtered
25,12,0,-49.32,2.284,380.6,-84.53,5041,R20_FZ_50_filtered
25,12,0,-49.3,10.803,382.73,-130.78,5254,R20_FZ_50_filtered
25,12,0,-49.28,-0.774,386.49,42.34,5629,R20_FZ_50_filtered
25,12,0,-49.27,8.92,382.26,-128.92,5207,R20_FZ_50_filtered
25,12,0,-49.27,-9.606,388.69,123.3,5849,R20_FZ_50_filtered
25,12,0,-49.24,5.115,385.01,-112.75,5481,R20_FZ_50_filtered
25,12,0,-49.22,3.049,385.53,-94.89,5533,R20_FZ_50_filtered
25,12,0,-49.21,5.436,381.39,-112.88,5120,R20_FZ_50_filtered
25,12,0,-49.21,1.922,385.81,-73.66,5561,R20_FZ_50_filtered
25,12,0,-49.2,-0.991,392.28,45.79,6207,R20_FZ_50_filtered
25,12,0,-49.18,-1.98,386.79,85.13,5659,R20_FZ_50_filtered
25,12,0,-49.16,-5.523,391.14,118.04,6093,R20_FZ_50_filtered
25,12,0,-49.15,8.155,384.25,-127.77,5405,R20_FZ_50_filtered
25,12,0,-49.13,4.521,381.16,-107.49,5097,R20_FZ_50_filtered
25,12,0,-49.11,1.875,380.5,-78.14,5031,R20_FZ_50_filtered
25,12,0,-49.11,-6.153,387.83,124.37,5763,R20_FZ_50_filtered
25,12,0,-49.04,10.211,383.73,-124.55,5353,R20_FZ_50_filtered
25,12,0,-49.03,-2.74,386.97,99.91,5677,R20_FZ_50_filtered
25,12,0,-49.01,-8.681,388.46,122.2,5826,R20_FZ_50_filtered
25,12,0,-49,-7.759,388.23,121.43,5803,R20_FZ_50_filtered
25,12,0,-48.98,3.151,380.82,-95.65,5063,R20_FZ_50_filtered
25,12,0,-48.96,5.831,384.83,-119.85,5463,R20_FZ_50_filtered
25,12,0,-48.93,12.073,383.26,-125.44,5306,R20_FZ_50_filtered
25,12,0,-48.93,-9.882,388.76,127.18,5856,R20_FZ_50_filtered
25,12,0,-48.93,-0.473,392.4,23.92,6219,R20_FZ_50_filtered
25,12,0,-48.92,0.933,380.26,-49.51,5007,R20_FZ_50_filtered
25,12,-0,-48.92,0.684,386.12,-36.41,5592,R20_FZ_50_filtered
25,12,0,-48.91,-3.645,387.2,111.24,5700,R20_FZ_50_filtered
25,12,0,-48.9,-11.476,389.16,122.54,5896,R20_FZ_50_filtered
25,12,0,-48.83,-4.809,391.32,115.54,6111,R20_FZ_50_filtered
25,12,0,-48.82,-10.865,389.81,127.78,5960,R20_FZ_50_filtered
25,12,0,-48.82,-2.777,391.83,91.25,6162,R20_FZ_50_filtered
25,12,0,-48.81,9.532,383.9,-128.24,5370,R20_FZ_50_filtered
25,12,0,-48.8,-7.105,390.74,124.82,6053,R20_FZ_50_filtered
25,12,0,-48.78,8.351,384.2,-120.33,5400,R20_FZ_50_filtered
25,12,0,-48.77,-3.36,387.13,108.12,5693,R20_FZ_50_filtered
25,12,0,-48.76,2.71,380.71,-90.26,5052,R20_FZ_50_filtered
25,12,-0,-48.73,-7.618,390.62,125.52,6041,R20_FZ_50_filtered
25,12,0,-48.67,3.794,380.98,-105,5079,R20_FZ_50_filtered
25,12,0,-48.67,10.318,382.61,-129.31,5242,R20_FZ_50_filtered
25,12,0,-48.66,-8.533,390.39,126.42,6018,R20_FZ_50_filtered
25,12,0,-48.65,-11.75,389.23,127.82,5903,R20_FZ_50_filtered
25,12,0,-48.63,-5.275,391.2,119.12,6099,R20_FZ_50_filtered
25,12,0,-48.59,-2.862,387.01,101.62,5681,R20_FZ_50_filtered
25,12,0,-48.53,-11.504,389.63,122.4,5942,R20_FZ_50_filtered
25,12,0,-48.52,8.623,384.13,-126.08,5393,R20_FZ_50_filtered
25,12,0,-48.52,-4.375,391.43,112.94,6122,R20_FZ_50_filtered
25,12,0,-48.42,0.973,380.27,-50.69,5008,R20_FZ_50_filtered
25,12,0,-48.41,9.164,382.32,-120.84,5213,R20_FZ_50_filtered
25,12,-0,-48.41,1.66,385.88,-66.49,5568,R20_FZ_50_filtered
25,12,0,-48.41,-1.803,386.74,81.02,5654,R20_FZ_50_filtered
25,12,0,-48.41,-7.073,388.06,124.99,5786,R20_FZ_50_filtered
25,12,0,-48.41,-4.127,391.49,108.73,6128,R20_FZ_50_filtered
25,12,0,-48.38,-4.568,387.43,116.5,5723,R20_FZ_50_filtered
25,12,0,-48.36,4.719,381.21,-114.12,5102,R20_FZ_50_filtered
25,12,-0,-48.34,-11.825,389.28,121.32,5908,R20_FZ_50_filtered
25,12,-0,-48.33,-10.795,388.99,126.28,5879,R20_FZ_50_filtered
25,12,0,-48.32,-10.078,388.81,120.84,5861,R20_FZ_50_filtered
25,12,0,-48.31,3.275,385.47,-95.65,5527,R20_FZ_50_filtered
25,12,0,-48.31,2.343,385.7,-81.59,5550,R20_FZ_50_filtered
25,12,0,-48.31,-8.907,388.52,124.72,5832,R20_FZ_50_filtered
25,12,0,-48.3,-11.063,389.75,121.5,5954,R20_FZ_50_filtered
25,12,0,-48.3,-6.198,390.97,122.85,6076,R20_FZ_50_filtered
25,12,0,-48.28,-10.608,389.87,120.22,5966,R20_FZ_50_filtered
25,12,0,-48.25,-5.485,387.66,116.95,5746,R20_FZ_50_filtered
25,12,0,-48.25,-9.694,390.1,123.16,5989,R20_FZ_50_filtered
25,12,0,-48.23,11.39,383.43,-131.43,5323,R20_FZ_50_filtered
25,12,0,-48.22,-7.996,388.29,125.51,5809,R20_FZ_50_filtered
25,12,0,-48.18,-5.951,391.03,118.22,6082,R20_FZ_50_filtered
25,12,0,-48.18,-1.561,392.13,64.54,6192,R20_FZ_50_filtered
25,12,0,-48.17,6.85,381.74,-115.99,5155,R20_FZ_50_filtered
25,12,0,-48.16,-6.872,390.8,119.93,6059,R20_FZ_50_filtered
25,12,0,-48.14,5.645,381.44,-118.48,5125,R20_FZ_50_filtered
25,12,0,-48.14,-5.18,387.59,121.6,5739,R20_FZ_50_filtered
25,12,0,-48.14,-5.035,391.26,115.08,6105,R20_FZ_50_filtered
25,12,0,-48.1,-0.253,386.35,11.65,5615,R20_FZ_50_filtered
25,12,0,-48.09,-9.909,390.04,125.63,5983,R20_FZ_50_filtered
25,12,0,-48.09,-3.198,391.72,97.11,6151,R20_FZ_50_filtered
25,12,0,-48.08,9.855,382.49,-127.64,5230,R20_FZ_50_filtered
25,12,0,-48.08,-6.683,390.85,123.02,6064,R20_FZ_50_filtered
25,12,0,-48.03,11.918,383.31,-130.68,5311,R20_FZ_50_filtered
25,12,0,-48.01,-1.095,386.57,56.8,5637,R20_FZ_50_filtered
25,12,0,-47.96,-9.64,388.7,120.22,5850,R20_FZ_50_filtered
25,12,0,-47.94,7.88,384.32,-117.34,5412,R20_FZ_50_filtered
25,12,0,-47.94,7.717,384.36,-124.04,5416,R20_FZ_50_filtered
25,12,-0,-47.94,4,385.29,-104.94,5509,R20_FZ_50_filtered
25,12,0,-47.94,-10.558,388.93,121.48,5873,R20_FZ_50_filtered
25,12,0,-47.92,2.617,385.64,-85.94,5544,R20_FZ_50_filtered
25,12,0,-47.88,-6.394,387.89,118.96,5769,R20_FZ_50_filtered
25,12,0,-47.87,-3.44,391.66,102.38,6145,R20_FZ_50_filtered
25,12,0,-47.87,-2.528,391.89,85.77,6168,R20_FZ_50_filtered
25,12,0,-47.86,-7.313,388.12,119.92,5792,R20_FZ_50_filtered
25,12,0,-47.84,5.935,381.51,-112.14,5132,R20_FZ_50_filtered
25,12,0,-47.82,-0.813,386.5,43.48,5630,R20_FZ_50_filtered
25,12,0,-47.81,-4.229,387.35,115.07,5715,R20_FZ_50_filtered
25,12,0,-47.79,-1.322,386.62,64.41,5642,R20_FZ_50_filtered
25,12,0,-47.76,3.712,385.36,-100.03,5516,R20_FZ_50_filtered
25,12,-0,-47.76,-3.311,387.12,106.62,5692,R20_FZ_50_filtered
25,12,0,-47.73,6.559,381.67,-120.82,5148,R20_FZ_50_filtered
25,12,0,-47.73,-9.183,390.22,121.36,6001,R20_FZ_50_filtered
25,12,0,-47.71,-2.263,386.86,90.17,5666,R20_FZ_50_filtered
25,12,0,-47.7,11.709,382.96,-128.23,5277,R20_FZ_50_filtered
25,12,0,-47.69,6.458,384.67,-115.04,5447,R20_FZ_50_filtered
25,12,0,-47.67,10.496,383.66,-127.02,5346,R20_FZ_50_filtered
25,12,0,-47.66,7.962,382.02,-124.06,5183,R20_FZ_50_filtered
25,12,0,-47.62,-7.025,388.05,122.38,5785,R20_FZ_50_filtered
25,12,0,-47.6,0.99,386.04,-47.56,5584,R20_FZ_50_filtered
25,12,0,-47.59,5.538,384.9,-112.23,5470,R20_FZ_50_filtered
25,12,0,-47.55,11.046,382.79,-121.71,5260,R20_FZ_50_filtered
25,12,0,-47.54,8.443,382.14,-125.5,5195,R20_FZ_50_filtered
25,12,0,-47.54,-4.142,387.33,113.22,5713,R20_FZ_50_filtered
25,12,0,-47.53,5.393,384.94,-114.43,5474,R20_FZ_50_filtered
25,12,0,-47.49,2.823,380.74,-91.31,5055,R20_FZ_50_filtered
25,12,0,-47.42,9.253,383.97,-120.46,5377,R20_FZ_50_filtered
25,12,0,-47.42,-6.122,387.82,122.43,5762,R20_FZ_50_filtered
25,12,0,-47.38,-7.79,390.57,120.39,6036,R20_FZ_50_filtered
25,12,0,-47.35,8.883,382.25,-124.96,5206,R20_FZ_50_filtered
25,12,0,-47.35,9.361,382.37,-125.9,5218,R20_FZ_50_filtered
25,12,0,-47.35,-12.102,389.34,126.12,5913,R20_FZ_50_filtered
25,12,0,-47.33,6.8,384.59,-119.83,5439,R20_FZ_50_filtered
25,12,0,-47.33,-9.849,388.75,125.03,5855,R20_FZ_50_filtered
25,12,-0,-47.32,-4.604,387.44,114.84,5724,R20_FZ_50_filtered
25,12,0,-47.3,-10.377,389.92,125.65,5971,R20_FZ_50_filtered
25,12,0,-47.3,-3.646,391.61,101.93,6140,R20_FZ_50_filtered
25,12,0,-47.29,-12.044,389.4,120.66,5919,R20_FZ_50_filtered
25,12,0,-47.27,12.128,383.19,-129.51,5299,R20_FZ_50_filtered
25,12,0,-47.25,4.056,381.05,-101.88,5086,R20_FZ_50_filtered
25,12,0,-47.25,-3.691,387.21,110.43,5701,R20_FZ_50_filtered
25,12,0,-47.24,9.581,383.89,-123.73,5369,R20_FZ_50_filtered
25,12,0,-47.24,-2.769,386.98,99.32,5678,R20_FZ_50_filtered
25,12,0,-47.22,8.186,384.24,-122.67,5404,R20_FZ_50_filtered
25,12,0,-47.21,-3.222,387.1,104.51,5690,R20_FZ_50_filtered
25,12,0,-47.21,-12.012,389.52,121.29,5931,R20_FZ_50_filtered
25,12,0,-47.2,11.243,382.84,-128.54,5265,R20_FZ_50_filtered
25,12,-0,-47.2,-8.439,388.4,124.44,5820,R20_FZ_50_filtered
25,12,0,-47.16,-1.948,386.78,83.96,5658,R20_FZ_50_filtered
25,12,-0,-47.14,-10.072,389.99,120.28,5978,R20_FZ_50_filtered
25,12,0,-47.13,6.091,381.55,-117.37,5136,R20_FZ_50_filtered
25,12,0,-47.13,8.229,382.09,-116.74,5190,R20_FZ_50_filtered
25,12,0,-47.13,-6.239,390.96,120.66,6075,R20_FZ_50_filtered
25,12,0,-47.11,4.235,381.09,-107.17,5090,R20_FZ_50_filtered
25,12,0,-47.07,5.007,381.28,-106.84,5109,R20_FZ_50_filtered
25,12,0,-47.03,-5.153,387.58,118.83,5738,R20_FZ_50_filtered
25,12,0,-47.01,-7.148,390.73,122.72,6052,R20_FZ_50_filtered
25,12,0,-47.01,-4.401,391.42,110.93,6121,R20_FZ_50_filtered
25,12,0,-46.98,7.483,381.9,-121.16,5171,R20_FZ_50_filtered
25,12,0,-46.96,-9.482,390.15,123.13,5994,R20_FZ_50_filtered
25,12,0,-46.92,-5.317,391.19,117.06,6098,R20_FZ_50_filtered
25,12,0,-46.88,-2.999,391.77,94.62,6156,R20_FZ_50_filtered
25,12,-0,-46.87,-8.06,390.5,123.68,6029,R20_FZ_50_filtered
25,12,0,-46.87,-2.094,392,75.59,6179,R20_FZ_50_filtered
25,12,0,-46.86,-4.186,387.34,113.56,5714,R20_FZ_50_filtered
25,12,0,-46.86,-11.71,389.22,125.64,5902,R20_FZ_50_filtered
25,12,0,-46.84,5.874,384.82,-115.65,5462,R20_FZ_50_filtered
25,12,0,-46.84,0.715,386.11,-36.87,5591,R20_FZ_50_filtered
25,12,0,-46.84,-3.275,387.11,105.18,5691,R20_FZ_50_filtered
25,12,0,-46.84,-4.643,387.45,114.94,5725,R20_FZ_50_filtered
25,12,0,-46.84,-8.582,390.38,123.93,6017,R20_FZ_50_filtered
25,12,0,-46.83,-4.852,391.31,114.02,6110,R20_FZ_50_filtered
25,12,0,-46.82,7.373,384.44,-116.11,5424,R20_FZ_50_filtered
25,12,0,-46.81,1.45,385.93,-61.6,5573,R20_FZ_50_filtered
25,12,0,-46.8,2.747,380.72,-88.86,5053,R20_FZ_50_filtered
25,12,0,-46.8,-7.804,388.24,118.71,5804,R20_FZ_50_filtered
25,12,0,-46.77,-10.324,388.87,125.28,5867,R20_FZ_50_filtered
25,12,0,-46.75,0.091,386.27,-7.88,5607,R20_FZ_50_filtered
25,12,0,-46.74,-8.708,388.47,119.76,5827,R20_FZ_50_filtered
25,12,0,-46.7,7.316,381.86,-114.4,5167,R20_FZ_50_filtered
25,12,0,-46.69,-3.728,387.22,110.43,5702,R20_FZ_50_filtered
25,12,0,-46.69,-7.942,388.28,122.86,5808,R20_FZ_50_filtered
25,12,0,-46.69,-11.026,389.76,119.29,5955,R20_FZ_50_filtered
25,12,0,-46.63,11.848,383.03,-122.65,5284,R20_FZ_50_filtered
25,12,0,-46.63,-11.509,389.17,119.63,5897,R20_FZ_50_filtered
25,12,0,-46.62,2.776,380.73,-89.29,5054,R20_FZ_50_filtered
25,12,0,-46.61,-9.013,390.26,121.92,6005,R20_FZ_50_filtered
25,12,0,-46.57,-11.462,389.64,119.76,5943,R20_FZ_50_filtered
25,12,0,-46.53,-1.909,386.77,82.84,5657,R20_FZ_50_filtered
25,12,0,-46.52,-8.736,390.34,120.41,6013,R20_FZ_50_filtered
25,12,0,-46.51,-0.958,392.29,43.43,6208,R20_FZ_50_filtered
25,12,0,-46.5,8.663,384.12,-121.07,5392,R20_FZ_50_filtered
25,12,0,-46.49,3.552,385.4,-97.52,5520,R20_FZ_50_filtered
25,12,0,-46.48,-4.078,391.5,106.32,6129,R20_FZ_50_filtered
25,12,0,-46.47,7.269,384.47,-120.04,5427,R20_FZ_50_filtered
25,12,0,-46.47,-9.355,388.63,123.18,5843,R20_FZ_50_filtered
25,12,0,-46.47,-5.914,391.04,115.93,6083,R20_FZ_50_filtered
25,12,0,-46.46,-10.742,388.98,124.09,5878,R20_FZ_50_filtered
25,12,0,-46.46,-10.903,389.8,124.86,5959,R20_FZ_50_filtered
25,12,0,-46.45,4.472,385.17,-107.77,5497,R20_FZ_50_filtered
25,12,0,-46.45,-9.661,390.11,120.86,5990,R20_FZ_50_filtered
25,12,0,-46.43,5.071,385.02,-107.87,5482,R20_FZ_50_filtered
25,12,0,-46.42,-3.486,391.65,101.27,6144,R20_FZ_50_filtered
25,12,0,-46.42,-2.712,391.84,89.07,6163,R20_FZ_50_filtered
25,12,0,-46.4,-1.855,386.75,81.46,5655,R20_FZ_50_filtered
25,12,0,-46.38,10.181,383.74,-119.72,5354,R20_FZ_50_filtered
25,12,-0,-46.37,8.305,384.21,-116.08,5401,R20_FZ_50_filtered
25,12,0,-46.36,3.237,385.48,-91.61,5528,R20_FZ_50_filtered
25,12,0,-46.36,-5.098,387.57,116.8,5737,R20_FZ_50_filtered
25,12,-0,-46.36,-6.433,387.9,117.8,5770,R20_FZ_50_filtered
25,12,0,-46.34,-0.198,386.34,9.45,5614,R20_FZ_50_filtered
25,12,0,-46.34,-5.526,387.67,115.58,5747,R20_FZ_50_filtered
25,12,0,-46.31,-2.296,386.87,90.64,5667,R20_FZ_50_filtered
25,12,0,-46.3,6.393,381.63,-112.12,5144,R20_FZ_50_filtered
25,12,0,-46.29,6.996,381.78,-119.23,5159,R20_FZ_50_filtered
25,12,0,-46.29,12.048,383.27,-120.47,5307,R20_FZ_50_filtered
25,12,0,-46.28,-1.596,392.12,64.38,6191,R20_FZ_50_filtered
25,12,0,-46.26,-7.484,388.16,121.96,5796,R20_FZ_50_filtered
25,12,0,-46.25,-2.356,386.88,91.22,5668,R20_FZ_50_filtered
25,12,0,-46.24,4.159,385.25,-102.6,5505,R20_FZ_50_filtered
25,12,0,-46.23,10.113,382.56,-119.06,5237,R20_FZ_50_filtered
25,12,0,-46.2,5.591,381.43,-113.5,5124,R20_FZ_50_filtered
25,12,0,-46.15,3.758,380.97,-100.15,5078,R20_FZ_50_filtered
25,12,0,-46.15,-9.935,390.03,123.49,5982,R20_FZ_50_filtered
25,12,0,-46.14,-11.831,389.29,118.97,5909,R20_FZ_50_filtered
25,12,0,-46.13,7.756,384.35,-119.38,5415,R20_FZ_50_filtered
25,12,0,-46.12,-10.596,388.94,119.49,5874,R20_FZ_50_filtered
25,12,-0,-46.11,3.203,380.83,-92.83,5064,R20_FZ_50_filtered
25,12,0,-46.1,-11.883,389.56,123.44,5935,R20_FZ_50_filtered
25,12,0,-46.08,11.424,383.42,-127.01,5322,R20_FZ_50_filtered
25,12,0,-46.05,-8.099,390.49,121.5,6028,R20_FZ_50_filtered
25,12,0,-46.02,-6.836,390.81,118.25,6060,R20_FZ_50_filtered
25,12,0,-45.98,-8.287,388.36,118.72,5816,R20_FZ_50_filtered
25,12,0,-45.97,9.808,382.48,-123.24,5229,R20_FZ_50_filtered
25,12,0,-45.97,1.696,385.87,-65.59,5567,R20_FZ_50_filtered
25,12,0,-45.97,-11.304,389.68,122.4,5947,R20_FZ_50_filtered
25,12,0,-45.96,-11.994,389.53,119.6,5932,R20_FZ_50_filtered
25,12,0,-45.93,2.645,385.63,-84.49,5543,R20_FZ_50_filtered
25,12,0,-45.93,-7.186,390.72,120.57,6051,R20_FZ_50_filtered
25,12,-0,-45.92,8.405,382.13,-120.44,5194,R20_FZ_50_filtered
25,12,0,-45.92,-6.99,388.04,119.6,5784,R20_FZ_50_filtered
25,12,0,-45.92,-10.562,389.88,118.53,5967,R20_FZ_50_filtered
25,12,0,-45.91,-6.766,390.83,118.87,6062,R20_FZ_50_filtered
25,12,0,-45.88,7.912,382.01,-119.22,5182,R20_FZ_50_filtered
25,12,0,-45.88,6.339,384.7,-115.47,5450,R20_FZ_50_filtered
25,12,0,-45.86,-12.037,389.41,118.71,5920,R20_FZ_50_filtered
25,12,0,-45.83,6.432,384.68,-112.24,5448,R20_FZ_50_filtered
25,12,0,-45.82,-1.792,392.07,69.23,6186,R20_FZ_50_filtered
25,12,0,-45.8,-9.13,390.23,119.65,6002,R20_FZ_50_filtered
25,12,0,-45.79,-10.122,388.82,118.51,5862,R20_FZ_50_filtered
25,12,0,-45.78,-7.915,388.27,120.58,5807,R20_FZ_50_filtered
25,12,0,-45.77,-8.383,388.39,121.9,5819,R20_FZ_50_filtered
25,12,0,-45.76,-7.35,388.13,118.23,5793,R20_FZ_50_filtered
25,12,0,-45.75,7.805,381.98,-113.98,5179,R20_FZ_50_filtered
25,12,0,-45.75,-5.003,391.27,113.08,6106,R20_FZ_50_filtered
25,12,0,-45.74,-5.615,387.69,118.23,5749,R20_FZ_50_filtered
25,12,-0,-45.73,-1.871,386.76,81.98,5656,R20_FZ_50_filtered
25,12,0,-45.71,-11.07,389.06,119.03,5886,R20_FZ_50_filtered
25,12,0,-45.71,-8.703,390.35,119.02,6014,R20_FZ_50_filtered
25,12,0,-45.69,3.279,380.85,-94.1,5066,R20_FZ_50_filtered
25,12,0,-45.69,6.887,381.75,-112.42,5156,R20_FZ_50_filtered
25,12,0,-45.65,-10.287,388.86,122.88,5866,R20_FZ_50_filtered
25,12,0,-45.65,-2.578,391.88,85.52,6167,R20_FZ_50_filtered
25,12,0,-45.64,-6.273,390.95,118.84,6074,R20_FZ_50_filtered
25,12,0,-45.63,2.296,385.71,-78.27,5551,R20_FZ_50_filtered
25,12,0,-45.63,0.522,386.16,-29.27,5596,R20_FZ_50_filtered
25,12,0,-45.63,-6.473,387.91,117.9,5771,R20_FZ_50_filtered
25,12,0,-45.63,-4.455,391.41,109.7,6120,R20_FZ_50_filtered
25,12,0,-45.61,-10.241,388.85,120.42,5865,R20_FZ_50_filtered
25,12,-0,-45.6,-10.055,390,119.67,5979,R20_FZ_50_filtered
25,12,0,-45.59,-1.043,386.56,55.28,5636,R20_FZ_50_filtered
25,12,0,-45.59,-8.323,388.37,118.54,5817,R20_FZ_50_filtered
25,12,0,-45.58,5.433,384.93,-110.66,5473,R20_FZ_50_filtered
25,12,0,-45.56,3.241,380.84,-92.23,5065,R20_FZ_50_filtered
25,12,0,-45.54,10.538,383.65,-122.32,5345,R20_FZ_50_filtered
25,12,0,-45.53,-9.527,390.14,121.3,5993,R20_FZ_50_filtered
25,12,0,-45.51,-7.274,390.7,118.69,6049,R20_FZ_50_filtered
25,12,0,-45.5,-3.158,391.73,95.56,6152,R20_FZ_50_filtered
25,12,0,-45.49,8.758,384.1,-116.12,5390,R20_FZ_50_filtered
25,12,0,-45.48,9.156,384,-120.13,5380,R20_FZ_50_filtered
25,12,0,-45.48,-7.761,390.58,119.45,6037,R20_FZ_50_filtered
25,12,0,-45.47,-5.83,391.06,116.39,6085,R20_FZ_50_filtered
25,12,0,-45.47,-1.169,392.23,51.39,6202,R20_FZ_50_filtered
25,12,0,-45.44,-9.986,390.02,121.66,5981,R20_FZ_50_filtered
25,12,0,-45.43,-0.861,386.51,45.06,5631,R20_FZ_50_filtered
25,12,0,-45.41,6.046,381.54,-112.53,5135,R20_FZ_50_filtered
25,12,0,-45.4,11.097,383.51,-117.97,5331,R20_FZ_50_filtered
25,12,-0,-45.4,-7.399,388.14,118.11,5794,R20_FZ_50_filtered
25,12,-0,-45.39,9.196,382.33,-116.39,5214,R20_FZ_50_filtered
25,12,0,-45.37,9.621,383.88,-119.98,5368,R20_FZ_50_filtered
25,12,0,-45.37,-5.868,391.05,115.43,6084,R20_FZ_50_filtered
25,12,0,-45.34,4.594,385.14,-103.84,5494,R20_FZ_50_filtered
25,12,0,-45.33,-4.88,391.3,112.5,6109,R20_FZ_50_filtered
25,12,0,-45.3,11.676,382.95,-124.24,5276,R20_FZ_50_filtered
25,12,0,-45.3,-9.302,388.62,120.84,5842,R20_FZ_50_filtered
25,12,0,-45.3,-11.955,389.54,120.01,5933,R20_FZ_50_filtered
25,12,0,-45.3,-4,391.52,104.88,6131,R20_FZ_50_filtered
25,12,0,-45.29,-11.559,389.18,118.24,5898,R20_FZ_50_filtered
25,12,0,-45.26,12.131,383.18,-124.52,5298,R20_FZ_50_filtered
25,12,0,-45.26,-9.093,390.24,118.83,6003,R20_FZ_50_filtered
25,12,0,-45.25,4.106,381.06,-99.06,5087,R20_FZ_50_filtered
25,12,0,-45.25,3.668,385.37,-96.27,5517,R20_FZ_50_filtered
25,12,0,-45.19,-8.665,390.36,119.46,6015,R20_FZ_50_filtered
25,12,0,-45.15,7.798,384.34,-115.82,5414,R20_FZ_50_filtered
25,12,0,-45.14,8.215,384.23,-117.95,5403,R20_FZ_50_filtered
25,12,0,-45.14,-8.195,390.47,118.27,6026,R20_FZ_50_filtered
25,12,0,-45.14,-7.727,390.59,119.8,6038,R20_FZ_50_filtered
25,12,0,-45.13,2.767,385.6,-84.75,5540,R20_FZ_50_filtered
25,12,0,-45.13,-3.052,391.76,94.31,6155,R20_FZ_50_filtered
25,12,0,-45.12,-6.79,390.82,117.91,6061,R20_FZ_50_filtered
25,12,0,-45.1,-5.566,387.68,116.51,5748,R20_FZ_50_filtered
25,12,0,-45.1,-2.256,391.96,79.15,6175,R20_FZ_50_filtered
25,12,0,-45.09,-10.712,388.97,121.95,5877,R20_FZ_50_filtered
25,12,0,-45.09,-11.921,389.55,121.48,5934,R20_FZ_50_filtered
25,12,0,-45.06,8.26,384.22,-115.47,5402,R20_FZ_50_filtered
25,12,0,-45.06,-7.445,388.15,119.48,5795,R20_FZ_50_filtered
25,12,0,-45.05,4.194,381.08,-102.31,5089,R20_FZ_50_filtered
25,12,0,-45.04,-9.229,388.6,117.91,5840,R20_FZ_50_filtered
25,12,0,-45.04,-11.409,389.65,117.77,5944,R20_FZ_50_filtered
25,12,0,-45.02,10.726,382.71,-122.02,5252,R20_FZ_50_filtered
25,12,0,-45.02,-9.05,390.25,120.12,6004,R20_FZ_50_filtered
25,12,0,-44.97,-10.008,390.01,120.11,5980,R20_FZ_50_filtered
25,12,0,-44.94,9.189,383.99,-117.33,5379,R20_FZ_50_filtered
25,12,0,-44.93,-10.98,389.78,119.65,5957,R20_FZ_50_filtered
25,12,0,-44.9,-6.51,387.92,119.3,5772,R20_FZ_50_filtered
25,12,0,-44.89,-7.244,390.71,118.87,6050,R20_FZ_50_filtered
25,12,0,-44.88,6.394,384.69,-112.4,5449,R20_FZ_50_filtered
25,12,0,-44.88,-4.038,391.51,104.69,6130,R20_FZ_50_filtered
25,12,0,-44.86,11.085,382.8,-117.53,5261,R20_FZ_50_filtered
25,12,0,-44.85,-11.828,389.3,118.07,5910,R20_FZ_50_filtered
25,12,0,-44.85,-5.409,391.17,114.34,6096,R20_FZ_50_filtered
25,12,0,-44.84,-11.102,389.07,118.67,5887,R20_FZ_50_filtered
25,12,0,-44.8,6.963,381.77,-114.69,5158,R20_FZ_50_filtered
25,12,0,-44.79,8.837,382.24,-120,5205,R20_FZ_50_filtered
25,12,0,-44.79,10.105,383.76,-118.88,5356,R20_FZ_50_filtered
25,12,0,-44.79,8.722,384.11,-117.38,5391,R20_FZ_50_filtered
25,12,0,-44.79,-11.145,389.08,119.65,5888,R20_FZ_50_filtered
25,12,0,-44.78,12.127,383.16,-119.66,5296,R20_FZ_50_filtered
25,12,0,-44.77,-12.035,389.42,118.23,5921,R20_FZ_50_filtered
25,12,0,-44.75,-10.21,388.84,118.55,5864,R20_FZ_50_filtered
25,12,0,-44.75,-10.639,388.95,119.13,5875,R20_FZ_50_filtered
25,12,0,-44.75,-8.132,390.48,119.2,6027,R20_FZ_50_filtered
25,12,0,-44.74,-12.118,389.32,121.12,5911,R20_FZ_50_filtered
25,12,0,-44.73,6.005,381.53,-109.3,5134,R20_FZ_50_filtered
25,12,0,-44.72,-0.917,392.3,41.49,6209,R20_FZ_50_filtered
25,12,0,-44.71,5.124,381.31,-108.39,5112,R20_FZ_50_filtered
25,12,0,-44.69,5.466,384.92,-108.04,5472,R20_FZ_50_filtered
25,12,0,-44.69,3.593,385.39,-95.18,5519,R20_FZ_50_filtered
25,12,0,-44.64,4.545,385.15,-102.76,5495,R20_FZ_50_filtered
25,12,0,-44.63,-9.286,388.61,118.86,5841,R20_FZ_50_filtered
25,12,0,-44.62,-2.124,391.99,75.74,6178,R20_FZ_50_filtered
25,12,0,-44.6,7.364,381.87,-112.22,5168,R20_FZ_50_filtered
25,12,0,-44.59,11.445,383.41,-122.3,5321,R20_FZ_50_filtered
25,12,0,-44.58,10.142,383.75,-117.96,5355,R20_FZ_50_filtered
25,12,0,-44.58,-1.464,386.65,69.1,5645,R20_FZ_50_filtered
25,12,0,-44.57,10.583,383.64,-119.22,5344,R20_FZ_50_filtered
25,12,0,-44.57,9.657,383.87,-117.47,5367,R20_FZ_50_filtered
25,12,0,-44.55,-3.118,391.74,94.69,6153,R20_FZ_50_filtered
25,12,0,-44.54,-8.363,388.38,119.6,5818,R20_FZ_50_filtered
25,12,0,-44.52,8.271,382.1,-113.32,5191,R20_FZ_50_filtered
25,12,0,-44.5,4.129,385.26,-99.79,5506,R20_FZ_50_filtered
25,12,0,-44.5,0.762,386.1,-37.68,5590,R20_FZ_50_filtered
25,12,-0,-44.48,0.954,386.05,-45.04,5585,R20_FZ_50_filtered
25,12,0,-44.48,-1.411,386.64,67.48,5644,R20_FZ_50_filtered
25,12,-0,-44.45,1.726,385.86,-64.89,5566,R20_FZ_50_filtered
25,12,0,-44.44,-11.362,389.66,118.24,5945,R20_FZ_50_filtered
25,12,0,-44.37,11.506,383.4,-119.52,5320,R20_FZ_50_filtered
25,12,0,-44.32,3.198,385.49,-89.26,5529,R20_FZ_50_filtered
25,12,0,-44.28,12.131,383.17,-120.74,5297,R20_FZ_50_filtered
25,12,0,-44.27,3.63,385.38,-94.36,5518,R20_FZ_50_filtered
25,12,0,-44.21,6.927,381.76,-112.22,5157,R20_FZ_50_filtered
25,12,0,-44.19,4.139,381.07,-99.34,5088,R20_FZ_50_filtered
25,12,0,-44.17,2.166,385.74,-74.39,5554,R20_FZ_50_filtered
25,12,0,-44.14,-0.483,386.4,22.09,5620,R20_FZ_50_filtered
25,12,0,-44.13,7.846,381.99,-112.86,5180,R20_FZ_50_filtered
25,12,0,-44.06,5.091,381.3,-104.93,5111,R20_FZ_50_filtered
25,12,0,-44.04,-2.213,391.97,77.44,6176,R20_FZ_50_filtered
25,12,0,-44.02,2.698,385.62,-83.05,5542,R20_FZ_50_filtered
25,12,0,-43.98,-0.153,386.33,6.69,5613,R20_FZ_50_filtered
25,12,0,-43.96,-3.075,391.75,94.07,6154,R20_FZ_50_filtered
25,12,0,-43.96,-1.756,392.08,67.08,6187,R20_FZ_50_filtered
25,12,0,-43.95,2.256,385.72,-75.77,5552,R20_FZ_50_filtered
25,12,0,-43.93,11.157,382.82,-119.65,5263,R20_FZ_50_filtered
25,12,0,-43.9,9.72,382.46,-116.59,5227,R20_FZ_50_filtered
25,12,0,-43.88,11.057,383.52,-118.57,5332,R20_FZ_50_filtered
25,12,0,-43.88,3.152,385.5,-88.64,5530,R20_FZ_50_filtered
25,12,0,-43.86,-2.177,391.98,76.54,6177,R20_FZ_50_filtered
25,12,0,-43.84,10.157,382.57,-116.74,5238,R20_FZ_50_filtered
25,12,0,-43.82,11.853,383.04,-120.6,5285,R20_FZ_50_filtered
25,12,-0,-43.81,7.876,382,-114.83,5181,R20_FZ_50_filtered
25,12,0,-43.77,11.641,382.94,-120.28,5275,R20_FZ_50_filtered
25,12,0,-43.74,-1.196,392.22,51.88,6201,R20_FZ_50_filtered
25,12,0,-43.72,9.242,382.34,-115.34,5215,R20_FZ_50_filtered
25,12,0,-43.69,2.223,385.73,-74.56,5553,R20_FZ_50_filtered
25,12,-0,-43.65,-0.88,386.52,46.48,5632,R20_FZ_50_filtered
25,12,0,-43.62,10.187,382.58,-117.32,5239,R20_FZ_50_filtered
25,12,0,-43.59,11.124,382.81,-116.76,5262,R20_FZ_50_filtered
25,12,0,-43.53,8.813,382.23,-116.11,5204,R20_FZ_50_filtered
25,12,0,-43.52,10.644,382.69,-116.4,5250,R20_FZ_50_filtered
25,12,0,-43.47,10.676,382.7,-118.13,5251,R20_FZ_50_filtered
25,12,0,-43.46,9.762,382.47,-119.06,5228,R20_FZ_50_filtered
25,12,0,-43.4,-0.994,386.55,52.95,5635,R20_FZ_50_filtered
25,12,0,-43.1,11.598,382.93,-117.78,5274,R20_FZ_50_filtered
25,12,0,-43.02,-0.885,392.31,39.48,6210,R20_FZ_50_filtered
25,12,0,-42.99,0.479,386.17,-27.39,5597,R20_FZ_50_filtered
25,12,0,-42.99,-0.625,386.44,33.25,5624,R20_FZ_50_filtered
25,12,0,-42.93,11.873,383.05,-121.04,5286,R20_FZ_50_filtered
25,12,0,-42.83,1.772,385.85,-64.75,5565,R20_FZ_50_filtered
25,12,0,-42.82,-1.273,392.2,53.75,6199,R20_FZ_50_filtered
25,12,0,-42.74,1.359,385.95,-55.43,5575,R20_FZ_50_filtered
25,12,0,-42.73,-1.239,392.21,52.33,6200,R20_FZ_50_filtered
25,12,-0,-42.37,-0.842,392.32,37.79,6211,R20_FZ_50_filtered
25,12,0,-42.35,-0.503,386.41,24.57,5621,R20_FZ_50_filtered
25,12,0,-42.33,0.795,386.09,-38.45,5589,R20_FZ_50_filtered
25,12,0,-42.02,-0.11,386.32,3.62,5612,R20_FZ_50_filtered
25,12,0,-41.77,0.907,386.06,-42.44,5586,R20_FZ_50_filtered
25,12,0,-41.72,0.364,386.2,-21.36,5600,R20_FZ_50_filtered
25,12,0,-41.67,0.44,386.18,-25.2,5598,R20_FZ_50_filtered
25,12,0,-41.63,-0.556,386.42,27.51,5622,R20_FZ_50_filtered
25,12,0,-41.5,1.309,385.96,-53.71,5576,R20_FZ_50_filtered
25,12,0,-41.17,0.416,386.19,-23.39,5599,R20_FZ_50_filtered
25,12,0,-41.07,0.841,386.08,-39,5588,R20_FZ_50_filtered
