RoadSpeed,TirePressure,InclinationAngle,NormalForce,SlipAngle,ElapsedTime,LateralForce,Index
25,12,0,-252.11,0.003,12.59,-6.54,A2356raw4.mat_Line1260
25,12,0,-251.28,-0.001,12.6,-6.38,A2356raw4.mat_Line1261
25,12,0,-150.76,0.002,12.63,-5.62,A2356raw5.mat_Line1264
25,12,0,-243.08,0,12.64,-4.3,A2356raw4.mat_Line1265
25,12,0,-244.12,0.004,12.65,-4.14,A2356raw4.mat_Line1266
25,12,0,-245.16,-0.004,12.66,-4.63,A2356raw4.mat_Line1267
25,12,0,-247.64,-0.004,12.67,-5.27,A2356raw4.mat_Line1268
25,12,0,-147.89,-0.007,12.7,-6.57,A2356raw5.mat_Line1271
25,12,0,-250.08,0.006,12.72,-6.06,A2356raw4.mat_Line1273
25,12,0,-244.88,-0.007,12.74,-5.08,A2356raw4.mat_Line1275
25,12,0,-243.44,0.01,12.75,-4.3,A2356raw4.mat_Line1276
25,12,0,-247.68,0.042,12.79,-5.6,A2356raw4.mat_Line1280
25,12,0,-249.4,0.047,12.8,-6.55,A2356raw4.mat_Line1281
25,12,0,-251.36,0.087,12.81,-6.54,A2356raw4.mat_Line1282
25,12,0,-251.43,0.105,12.82,-7.17,A2356raw4.mat_Line1283
25,12,0,-245.73,0.268,12.84,-9.06,A2356raw6.mat_Line1285
25,12,-0,-246.98,0.339,12.85,-13.88,A2356raw6.mat_Line1286
25,12,0,-242.97,0.332,12.86,-13.65,A2356raw4.mat_Line1287
25,12,0,-242.73,0.427,12.87,-17.85,A2356raw4.mat_Line1288
25,12,0,-246.82,0.629,12.89,-33.4,A2356raw4.mat_Line1290
25,12,0,-249.85,0.73,12.9,-43.8,A2356raw4.mat_Line1291
25,12,0,-254.16,1,12.92,-67.69,A2356raw4.mat_Line1293
25,12,0,-254.33,1.257,12.94,-95.1,A2356raw4.mat_Line1295
25,12,0,-251.81,1.383,12.95,-110.26,A2356raw4.mat_Line1296
25,12,0,-249.07,1.508,12.96,-127.15,A2356raw4.mat_Line1297
25,12,0,-247.42,1.638,12.97,-145.44,A2356raw4.mat_Line1298
25,12,0,-246.02,1.767,12.98,-164.83,A2356raw4.mat_Line1299
25,12,0,-246.77,1.877,12.99,-185.48,A2356raw4.mat_Line1300
25,12,0,-248.5,1.998,13,-206.27,A2356raw4.mat_Line1301
25,12,0,-249.66,2.115,13.01,-226.6,A2356raw4.mat_Line1302
25,12,0,-250.81,2.242,13.02,-246.61,A2356raw4.mat_Line1303
25,12,0,-250.96,2.366,13.03,-265.84,A2356raw4.mat_Line1304
25,12,0,-246.01,2.593,13.05,-300.67,A2356raw4.mat_Line1306
25,12,-0,-241.74,2.701,13.06,-315.21,A2356raw4.mat_Line1307
25,12,0,-236.99,2.814,13.07,-328.23,A2356raw4.mat_Line1308
25,12,0,-233.37,2.905,13.08,-339.36,A2356raw4.mat_Line1309
25,12,0,-230.4,3.021,13.09,-349.43,A2356raw4.mat_Line1310
25,12,0,-229.91,3.13,13.1,-359.66,A2356raw4.mat_Line1311
25,12,0,-229.95,3.259,13.11,-369.43,A2356raw4.mat_Line1312
25,12,0,-230.52,3.374,13.12,-378.44,A2356raw4.mat_Line1313
25,12,0,-231.59,3.504,13.13,-386.03,A2356raw4.mat_Line1314
25,12,0,-232.2,3.611,13.14,-392.24,A2356raw4.mat_Line1315
25,12,-0,-232.13,3.73,13.15,-396.55,A2356raw4.mat_Line1316
25,12,0,-231.49,3.86,13.16,-398.1,A2356raw4.mat_Line1317
25,12,0,-229.08,3.979,13.17,-397.46,A2356raw4.mat_Line1318
25,12,0,-226.71,4.097,13.18,-396.38,A2356raw4.mat_Line1319
25,12,0,-224.16,4.22,13.19,-395.11,A2356raw4.mat_Line1320
25,12,0,-223.97,4.473,13.2,-440.59,A2356raw6.mat_Line1321
25,12,0,-222.84,4.46,13.21,-401.33,A2356raw4.mat_Line1322
25,12,0,-224.71,4.579,13.22,-407.38,A2356raw4.mat_Line1323
25,12,0,-227.77,4.844,13.23,-462.44,A2356raw6.mat_Line1324
25,12,-0,-230.27,4.828,13.24,-419.02,A2356raw4.mat_Line1325
25,12,0,-233.45,4.949,13.25,-424.16,A2356raw4.mat_Line1326
25,12,0,-235.71,5.08,13.26,-428.2,A2356raw4.mat_Line1327
25,12,0,-236.42,5.212,13.27,-430.38,A2356raw4.mat_Line1328
25,12,0,-234.78,5.318,13.28,-429.92,A2356raw4.mat_Line1329
25,12,0,-232.48,5.458,13.29,-427.6,A2356raw4.mat_Line1330
25,12,-0,-230.83,5.567,13.3,-425.56,A2356raw4.mat_Line1331
25,12,0,-228.81,5.692,13.31,-425.25,A2356raw4.mat_Line1332
25,12,0,-229.29,5.809,13.32,-427.42,A2356raw4.mat_Line1333
25,12,0,-230.91,5.928,13.33,-431.45,A2356raw4.mat_Line1334
25,12,0,-234.7,6.048,13.34,-436.27,A2356raw4.mat_Line1335
25,12,0,-237.8,6.168,13.35,-441.41,A2356raw4.mat_Line1336
25,12,0,-241.55,6.29,13.36,-446.39,A2356raw4.mat_Line1337
25,12,0,-244.92,6.413,13.37,-449.99,A2356raw4.mat_Line1338
25,12,0,-245.48,6.518,13.38,-451.41,A2356raw4.mat_Line1339
25,12,0,-245.07,6.638,13.39,-450.32,A2356raw4.mat_Line1340
25,12,-0,-242.22,6.751,13.4,-446.12,A2356raw4.mat_Line1341
25,12,-0,-239.43,6.863,13.41,-440.82,A2356raw4.mat_Line1342
25,12,0,-237.08,6.996,13.42,-437.71,A2356raw4.mat_Line1343
25,12,0,-236.79,7.121,13.43,-437.38,A2356raw4.mat_Line1344
25,12,0,-237.07,7.364,13.44,-550.49,A2356raw6.mat_Line1345
25,12,-0,-240.53,7.35,13.45,-445.14,A2356raw4.mat_Line1346
25,12,0,-243.39,7.477,13.46,-450.45,A2356raw4.mat_Line1347
25,12,0,-247.19,7.597,13.47,-454.83,A2356raw4.mat_Line1348
25,12,0,-249.63,7.721,13.48,-458.26,A2356raw4.mat_Line1349
25,12,0,-251.57,7.848,13.49,-459.2,A2356raw4.mat_Line1350
25,12,0,-251.12,7.965,13.5,-456.88,A2356raw4.mat_Line1351
25,12,0,-231.5,8.206,13.51,-542.21,A2356raw6.mat_Line1352
25,12,0,-233.61,8.335,13.52,-544.84,A2356raw6.mat_Line1353
25,12,0,-243.51,8.339,13.53,-439.28,A2356raw4.mat_Line1354
25,12,0,-241.7,8.452,13.54,-437.09,A2356raw4.mat_Line1355
25,12,0,-242.37,8.573,13.55,-439.1,A2356raw4.mat_Line1356
25,12,-0,-244.28,8.681,13.56,-442.98,A2356raw4.mat_Line1357
25,12,0,-246.92,8.8,13.57,-448.9,A2356raw4.mat_Line1358
25,12,0,-245.88,9.045,13.58,-566.09,A2356raw6.mat_Line1359
25,12,0,-251.86,9.051,13.59,-458.59,A2356raw4.mat_Line1360
25,12,0,-253.69,9.174,13.6,-460.78,A2356raw4.mat_Line1361
25,12,-0,-253.78,9.277,13.61,-458.43,A2356raw4.mat_Line1362
25,12,0,-251.93,9.4,13.62,-452.22,A2356raw4.mat_Line1363
25,12,0,-249.96,9.522,13.63,-443.81,A2356raw4.mat_Line1364
25,12,0,-246.97,9.646,13.64,-435.72,A2356raw4.mat_Line1365
25,12,0,-244.47,9.768,13.65,-431.98,A2356raw4.mat_Line1366
25,12,0,-248.1,10.004,13.66,-561.61,A2356raw6.mat_Line1367
25,12,0,-245.28,10.004,13.67,-440.37,A2356raw4.mat_Line1368
25,12,0,-247.47,10.126,13.68,-447.68,A2356raw4.mat_Line1369
25,12,0,-249.22,10.248,13.69,-454.54,A2356raw4.mat_Line1370
25,12,0,-251.8,10.367,13.7,-459.22,A2356raw4.mat_Line1371
25,12,0,-247.99,10.609,13.71,-544.03,A2356raw6.mat_Line1372
25,12,0,-253.85,10.597,13.72,-460.3,A2356raw4.mat_Line1373
25,12,0,-252.3,10.716,13.73,-454.84,A2356raw4.mat_Line1374
25,12,0,-250.23,10.848,13.74,-447.22,A2356raw4.mat_Line1375
25,12,0,-247.52,10.961,13.75,-439.89,A2356raw4.mat_Line1376
25,12,0,-245.73,11.074,13.76,-436.16,A2356raw4.mat_Line1377
25,12,0,-244.88,11.186,13.77,-436.46,A2356raw4.mat_Line1378
25,12,0,-246.12,11.3,13.78,-441.13,A2356raw4.mat_Line1379
25,12,0,-247.91,11.399,13.79,-447.68,A2356raw4.mat_Line1380
25,12,0,-249.93,11.495,13.8,-453.15,A2356raw4.mat_Line1381
25,12,0,-252.17,11.592,13.81,-457.18,A2356raw4.mat_Line1382
25,12,-0,-252.92,11.66,13.82,-458.42,A2356raw4.mat_Line1383
25,12,0,-252.87,11.744,13.83,-456.68,A2356raw4.mat_Line1384
25,12,0,-251.25,11.79,13.84,-450.72,A2356raw4.mat_Line1385
25,12,0,-248.74,11.849,13.85,-443.39,A2356raw4.mat_Line1386
25,12,0,-246,11.893,13.86,-438.11,A2356raw4.mat_Line1387
25,12,0,-244.2,11.925,13.87,-436.89,A2356raw4.mat_Line1388
25,12,0,-245.72,11.937,13.88,-440.34,A2356raw4.mat_Line1389
25,12,0,-247.56,11.952,13.89,-448.3,A2356raw4.mat_Line1390
25,12,0,-251.52,11.943,13.9,-458.27,A2356raw4.mat_Line1391
25,12,0,-253.91,11.935,13.91,-466.36,A2356raw4.mat_Line1392
25,12,0,-254.04,11.916,13.92,-469.79,A2356raw4.mat_Line1393
25,12,0,-254.38,11.877,13.93,-469.94,A2356raw4.mat_Line1394
25,12,0,-253.57,11.83,13.94,-466.5,A2356raw4.mat_Line1395
25,12,0,-252.11,11.768,13.95,-461.79,A2356raw4.mat_Line1396
25,12,0,-250.05,11.714,13.96,-454.93,A2356raw4.mat_Line1397
25,12,0,-247.75,11.641,13.97,-445.73,A2356raw4.mat_Line1398
25,12,0,-245.37,11.567,13.98,-438.91,A2356raw4.mat_Line1399
25,12,0,-244.47,11.473,13.99,-434.1,A2356raw4.mat_Line1400
25,12,0,-244.68,11.378,14,-435.04,A2356raw4.mat_Line1401
25,12,0,-245.77,11.273,14.01,-441.45,A2356raw4.mat_Line1402
25,12,0,-247.77,11.171,14.02,-450.95,A2356raw4.mat_Line1403
25,12,0,-250.5,11.041,14.03,-460.29,A2356raw4.mat_Line1404
25,12,0,-252.95,10.932,14.04,-466.66,A2356raw4.mat_Line1405
25,12,0,-254.38,10.805,14.05,-470.55,A2356raw4.mat_Line1406
25,12,0,-255.44,10.689,14.06,-470.55,A2356raw4.mat_Line1407
25,12,0,-253.53,10.563,14.07,-468.35,A2356raw4.mat_Line1408
25,12,0,-250.55,10.43,14.08,-462.44,A2356raw4.mat_Line1409
25,12,0,-247.05,10.308,14.09,-454.2,A2356raw4.mat_Line1410
25,12,0,-244.65,10.178,14.1,-447.82,A2356raw4.mat_Line1411
25,12,0,-243.73,10.046,14.11,-445.97,A2356raw4.mat_Line1412
25,12,0,-249.24,9.798,14.12,-560.88,A2356raw6.mat_Line1413
25,12,0,-245.84,9.797,14.13,-456.69,A2356raw4.mat_Line1414
25,12,0,-247.98,9.674,14.14,-465.42,A2356raw4.mat_Line1415
25,12,0,-250.68,9.572,14.15,-471.8,A2356raw4.mat_Line1416
25,12,0,-252.36,9.45,14.16,-475.69,A2356raw4.mat_Line1417
25,12,0,-253.8,9.34,14.17,-476,A2356raw4.mat_Line1418
25,12,0,-253.46,9.225,14.18,-472.58,A2356raw4.mat_Line1419
25,12,-0,-251.48,9.114,14.19,-465.88,A2356raw4.mat_Line1420
25,12,0,-248.82,9.021,14.2,-458.88,A2356raw4.mat_Line1421
25,12,0,-245.78,8.931,14.21,-454.68,A2356raw4.mat_Line1422
25,12,0,-243.7,8.757,14.22,-570.76,A2356raw6.mat_Line1423
25,12,0,-243.71,8.756,14.23,-458.69,A2356raw4.mat_Line1424
25,12,0,-245.19,8.673,14.24,-465.84,A2356raw4.mat_Line1425
25,12,0,-246.23,8.597,14.25,-473,A2356raw4.mat_Line1426
25,12,0,-248.48,8.525,14.26,-478.44,A2356raw4.mat_Line1427
25,12,0,-250.21,8.435,14.27,-481.39,A2356raw4.mat_Line1428
25,12,0,-252.03,8.371,14.28,-481.69,A2356raw4.mat_Line1429
25,12,0,-252.82,8.285,14.29,-480.75,A2356raw4.mat_Line1430
25,12,0,-251.72,8.185,14.3,-477.93,A2356raw4.mat_Line1431
25,12,0,-248.88,8.127,14.31,-474.67,A2356raw4.mat_Line1432
25,12,0,-246.38,8.041,14.32,-471.71,A2356raw4.mat_Line1433
25,12,0,-244.44,7.948,14.33,-468.91,A2356raw4.mat_Line1434
25,12,0,-243.56,7.874,14.34,-469.23,A2356raw4.mat_Line1435
25,12,-0,-244.69,7.786,14.35,-472.01,A2356raw4.mat_Line1436
25,12,0,-245.5,7.696,14.36,-478.23,A2356raw4.mat_Line1437
25,12,0,-247.34,7.607,14.37,-484.76,A2356raw4.mat_Line1438
25,12,0,-249.3,7.529,14.38,-489.9,A2356raw4.mat_Line1439
25,12,0,-244.2,7.343,14.39,-597.24,A2356raw6.mat_Line1440
25,12,0,-252,7.357,14.4,-494.56,A2356raw4.mat_Line1441
25,12,0,-251.56,7.252,14.41,-493.31,A2356raw4.mat_Line1442
25,12,0,-250.23,7.164,14.42,-489.43,A2356raw4.mat_Line1443
25,12,0,-247.73,7.071,14.43,-484.91,A2356raw4.mat_Line1444
25,12,0,-245.68,6.98,14.44,-481.33,A2356raw4.mat_Line1445
25,12,0,-244.04,6.903,14.45,-480.56,A2356raw4.mat_Line1446
25,12,0,-248.33,6.73,14.46,-600.56,A2356raw6.mat_Line1447
25,12,0,-250.19,6.65,14.47,-604.15,A2356raw6.mat_Line1448
25,12,0,-246.49,6.657,14.48,-493.62,A2356raw4.mat_Line1449
25,12,0,-248.32,6.569,14.49,-498.28,A2356raw4.mat_Line1450
25,12,0,-249.4,6.498,14.5,-501.4,A2356raw4.mat_Line1451
25,12,-0,-250.82,6.416,14.51,-503.56,A2356raw4.mat_Line1452
25,12,0,-251.12,6.339,14.52,-503.4,A2356raw4.mat_Line1453
25,12,0,-249.18,6.27,14.53,-501.07,A2356raw4.mat_Line1454
25,12,0,-247.52,6.193,14.54,-497.17,A2356raw4.mat_Line1455
25,12,0,-244.9,6.123,14.55,-493.9,A2356raw4.mat_Line1456
25,12,0,-243.25,6.047,14.56,-492.95,A2356raw4.mat_Line1457
25,12,0,-243.23,5.957,14.57,-494.64,A2356raw4.mat_Line1458
25,12,0,-256.96,5.811,14.58,-590.54,A2356raw6.mat_Line1459
25,12,0,-245.63,5.825,14.59,-503.2,A2356raw4.mat_Line1460
25,12,0,-247.17,5.739,14.6,-507.25,A2356raw4.mat_Line1461
25,12,0,-249.36,5.653,14.61,-510.06,A2356raw4.mat_Line1462
25,12,0,-251.17,5.58,14.62,-511.15,A2356raw4.mat_Line1463
25,12,0,-251.62,5.497,14.63,-511,A2356raw4.mat_Line1464
25,12,0,-251.4,5.423,14.64,-508.05,A2356raw4.mat_Line1465
25,12,0,-249.42,5.328,14.65,-504.16,A2356raw4.mat_Line1466
25,12,0,-246.79,5.239,14.66,-500.11,A2356raw4.mat_Line1467
25,12,0,-245.38,5.16,14.67,-497.01,A2356raw4.mat_Line1468
25,12,0,-244.9,5.082,14.68,-496.23,A2356raw4.mat_Line1469
25,12,0,-245.89,5,14.69,-497.64,A2356raw4.mat_Line1470
25,12,0,-247.36,4.92,14.7,-500.6,A2356raw4.mat_Line1471
25,12,0,-250.04,4.83,14.71,-504.02,A2356raw4.mat_Line1472
25,12,0,-252.02,4.758,14.72,-506.52,A2356raw4.mat_Line1473
25,12,0,-254.11,4.661,14.73,-508.09,A2356raw4.mat_Line1474
25,12,0,-255.47,4.578,14.74,-507.78,A2356raw4.mat_Line1475
25,12,0,-255.27,4.512,14.75,-505.46,A2356raw4.mat_Line1476
25,12,-0,-254.06,4.423,14.76,-501.09,A2356raw4.mat_Line1477
25,12,0,-251.21,4.357,14.77,-495.2,A2356raw4.mat_Line1478
25,12,0,-249.34,4.267,14.78,-489.6,A2356raw4.mat_Line1479
25,12,0,-249.54,4.2,14.79,-486.03,A2356raw4.mat_Line1480
25,12,0,-250.02,4.131,14.8,-484.17,A2356raw4.mat_Line1481
25,12,0,-272.99,3.965,14.81,-513.27,A2356raw6.mat_Line1482
25,12,-0,-254.25,3.959,14.82,-487,A2356raw4.mat_Line1483
25,12,0,-256.86,3.882,14.83,-489.51,A2356raw4.mat_Line1484
25,12,0,-259.76,3.826,14.84,-490.62,A2356raw4.mat_Line1485
25,12,0,-260.98,3.74,14.85,-490.32,A2356raw4.mat_Line1486
25,12,0,-260.37,3.664,14.86,-487.37,A2356raw4.mat_Line1487
25,12,0,-258.82,3.568,14.87,-481.91,A2356raw4.mat_Line1488
25,12,0,-257.44,3.495,14.88,-475.23,A2356raw4.mat_Line1489
25,12,0,-255.16,3.419,14.89,-467.93,A2356raw4.mat_Line1490
25,12,0,-270.75,3.25,14.9,-458.2,A2356raw6.mat_Line1491
25,12,0,-256.16,3.252,14.91,-456.92,A2356raw4.mat_Line1492
25,12,0,-275.67,3.091,14.92,-447.37,A2356raw6.mat_Line1493
25,12,0,-277.54,3.011,14.93,-441.49,A2356raw6.mat_Line1494
25,12,0,-265.13,3.006,14.94,-451.28,A2356raw4.mat_Line1495
25,12,0,-267.86,2.915,14.95,-449.12,A2356raw4.mat_Line1496
25,12,0,-269.57,2.852,14.96,-445.42,A2356raw4.mat_Line1497
25,12,0,-269.94,2.779,14.97,-439.83,A2356raw4.mat_Line1498
25,12,-0,-268.45,2.698,14.98,-432.99,A2356raw4.mat_Line1499
25,12,0,-266.49,2.626,14.99,-424.29,A2356raw4.mat_Line1500
25,12,0,-263.91,2.542,15,-415.75,A2356raw4.mat_Line1501
25,12,0,-271.47,2.378,15.01,-376.47,A2356raw6.mat_Line1502
25,12,0,-264.49,2.388,15.02,-398.87,A2356raw4.mat_Line1503
25,12,0,-266.68,2.288,15.03,-391.27,A2356raw4.mat_Line1504
25,12,0,-269.27,2.205,15.04,-384.63,A2356raw4.mat_Line1505
25,12,0,-272.28,2.129,15.05,-378.13,A2356raw4.mat_Line1506
25,12,0,-275.63,2.051,15.06,-371.32,A2356raw4.mat_Line1507
25,12,0,-274.43,1.877,15.07,-329.98,A2356raw6.mat_Line1508
25,12,0,-271.33,1.813,15.08,-319.72,A2356raw6.mat_Line1509
25,12,0,-268.52,1.723,15.09,-308.54,A2356raw6.mat_Line1510
25,12,0,-267.08,1.642,15.1,-297.21,A2356raw6.mat_Line1511
25,12,0,-269.51,1.651,15.11,-326.63,A2356raw4.mat_Line1512
25,12,0,-266.92,1.571,15.12,-315.29,A2356raw4.mat_Line1513
25,12,0,-266.15,1.505,15.13,-303.66,A2356raw4.mat_Line1514
25,12,0,-267.15,1.408,15.14,-292.79,A2356raw4.mat_Line1515
25,12,0,-269.3,1.329,15.15,-282.09,A2356raw4.mat_Line1516
25,12,0,-273.68,1.173,15.16,-242.79,A2356raw6.mat_Line1517
25,12,0,-272.29,1.094,15.17,-233.65,A2356raw6.mat_Line1518
25,12,0,-269.53,1.012,15.18,-223.08,A2356raw6.mat_Line1519
25,12,0,-275.66,1.01,15.19,-245.21,A2356raw4.mat_Line1520
25,12,0,-273.87,0.914,15.2,-234.5,A2356raw4.mat_Line1521
25,12,0,-270.47,0.846,15.21,-222.71,A2356raw4.mat_Line1522
25,12,-0,-265.02,0.758,15.22,-209.49,A2356raw4.mat_Line1523
25,12,0,-259.36,0.613,15.23,-164.98,A2356raw6.mat_Line1524
25,12,0,-261.58,0.443,15.25,-146.86,A2356raw6.mat_Line1526
25,12,0,-263.04,0.368,15.26,-138.5,A2356raw6.mat_Line1527
25,12,0,-263.92,0.365,15.27,-146.49,A2356raw4.mat_Line1528
25,12,0,-266.72,0.289,15.28,-136.58,A2356raw4.mat_Line1529
25,12,0,-259.84,0.136,15.29,-107.62,A2356raw6.mat_Line1530
25,12,0,-256.41,0.06,15.3,-95.18,A2356raw6.mat_Line1531
25,12,0,-253.19,-0.017,15.31,-81.81,A2356raw6.mat_Line1532
25,12,0,-250.07,-0.092,15.32,-67.83,A2356raw6.mat_Line1533
25,12,0,-248.38,-0.179,15.33,-54.94,A2356raw6.mat_Line1534
25,12,0,-248.84,-0.25,15.35,-49.3,A2356raw4.mat_Line1536
25,12,-0,-248.02,-0.339,15.36,-35.33,A2356raw4.mat_Line1537
25,12,0,-249.08,-0.424,15.37,-21.99,A2356raw4.mat_Line1538
25,12,0,-252.79,-0.598,15.38,-0.56,A2356raw6.mat_Line1539
25,12,0,-252.08,-0.693,15.39,11.08,A2356raw6.mat_Line1540
25,12,0,-250.14,-0.763,15.4,24.13,A2356raw6.mat_Line1541
25,12,0,-247.28,-0.832,15.41,37.96,A2356raw6.mat_Line1542
25,12,0,-243.67,-0.908,15.42,52.42,A2356raw6.mat_Line1543
25,12,0,-250.37,-0.902,15.43,51.03,A2356raw4.mat_Line1544
25,12,0,-246.14,-0.975,15.44,66.74,A2356raw4.mat_Line1545
25,12,0,-241.63,-1.057,15.45,83.22,A2356raw4.mat_Line1546
25,12,0,-239.38,-1.217,15.46,104.88,A2356raw6.mat_Line1547
25,12,0,-240.37,-1.291,15.47,115.87,A2356raw6.mat_Line1548
25,12,0,-241.43,-1.386,15.48,126.39,A2356raw6.mat_Line1549
25,12,0,-242.09,-1.466,15.49,137.54,A2356raw6.mat_Line1550
25,12,0,-241.25,-1.548,15.5,149.66,A2356raw6.mat_Line1551
25,12,0,-239.43,-1.549,15.51,164.46,A2356raw4.mat_Line1552
25,12,0,-240.08,-1.616,15.52,176.69,A2356raw4.mat_Line1553
25,12,0,-238,-1.711,15.53,189.59,A2356raw4.mat_Line1554
25,12,0,-234.86,-1.788,15.54,203.75,A2356raw4.mat_Line1555
25,12,0,-226.88,-2.192,15.58,244.84,A2356raw6.mat_Line1559
25,12,-0,-220.54,-2.193,15.59,267.94,A2356raw4.mat_Line1560
25,12,0,-221.34,-2.265,15.6,277.22,A2356raw4.mat_Line1561
25,12,0,-222.1,-2.347,15.61,285.89,A2356raw4.mat_Line1562
25,12,0,-224.04,-2.434,15.62,294.86,A2356raw4.mat_Line1563
25,12,0,-224.86,-2.506,15.63,304.17,A2356raw4.mat_Line1564
25,12,0,-218.8,-2.736,15.66,333.7,A2356raw4.mat_Line1567
25,12,0,-214.38,-2.812,15.67,342.39,A2356raw4.mat_Line1568
25,12,0,-211.56,-2.899,15.68,350.48,A2356raw4.mat_Line1569
25,12,0,-210.62,-2.978,15.69,358.54,A2356raw4.mat_Line1570
25,12,0,-211.58,-3.061,15.7,365.68,A2356raw4.mat_Line1571
25,12,0,-213.82,-3.143,15.71,371.7,A2356raw4.mat_Line1572
25,12,0,-219.57,-3.296,15.72,369.46,A2356raw6.mat_Line1573
25,12,0,-220.28,-3.375,15.73,376.92,A2356raw6.mat_Line1574
25,12,0,-222.37,-3.376,15.74,387.45,A2356raw4.mat_Line1575
25,12,0,-222.96,-3.544,15.76,397.36,A2356raw4.mat_Line1577
25,12,0,-220.67,-3.608,15.77,402.03,A2356raw4.mat_Line1578
25,12,0,-217.62,-3.694,15.78,406.1,A2356raw4.mat_Line1579
25,12,-0,-216.06,-3.786,15.79,410.31,A2356raw4.mat_Line1580
25,12,0,-214.45,-3.933,15.8,423.45,A2356raw6.mat_Line1581
25,12,0,-216.92,-3.94,15.81,418.96,A2356raw4.mat_Line1582
25,12,0,-219.67,-4.015,15.82,423.27,A2356raw4.mat_Line1583
25,12,0,-223.55,-4.095,15.83,426.2,A2356raw4.mat_Line1584
25,12,0,-227.06,-4.185,15.84,429.28,A2356raw4.mat_Line1585
25,12,0,-230.2,-4.257,15.85,431.57,A2356raw4.mat_Line1586
25,12,0,-231.46,-4.34,15.86,434.5,A2356raw4.mat_Line1587
25,12,0,-231.54,-4.421,15.87,437.3,A2356raw4.mat_Line1588
25,12,0,-215.59,-4.579,15.88,467.32,A2356raw6.mat_Line1589
25,12,0,-227.37,-4.583,15.89,441.36,A2356raw4.mat_Line1590
25,12,0,-226.09,-4.658,15.9,442.76,A2356raw4.mat_Line1591
25,12,0,-225.39,-4.724,15.91,445.25,A2356raw4.mat_Line1592
25,12,0,-226.4,-4.818,15.92,448.2,A2356raw4.mat_Line1593
25,12,0,-228.77,-4.89,15.93,451.11,A2356raw4.mat_Line1594
25,12,0,-231.5,-4.973,15.94,453.72,A2356raw4.mat_Line1595
25,12,0,-234.63,-5.064,15.95,456.04,A2356raw4.mat_Line1596
25,12,0,-238.6,-5.216,15.97,460.96,A2356raw4.mat_Line1598
25,12,0,-238.46,-5.293,15.98,462.36,A2356raw4.mat_Line1599
25,12,0,-237.37,-5.375,15.99,462.85,A2356raw4.mat_Line1600
25,12,0,-235.54,-5.445,16,462.56,A2356raw4.mat_Line1601
25,12,0,-233.08,-5.53,16.01,461.47,A2356raw4.mat_Line1602
25,12,-0,-233.14,-5.617,16.02,461.66,A2356raw4.mat_Line1603
25,12,0,-233.97,-5.703,16.03,462.89,A2356raw4.mat_Line1604
25,12,0,-234.98,-5.775,16.04,465.33,A2356raw4.mat_Line1605
25,12,0,-237.35,-5.866,16.05,467.64,A2356raw4.mat_Line1606
25,12,0,-239.43,-5.946,16.06,469.94,A2356raw4.mat_Line1607
25,12,0,-241.32,-6.021,16.07,471.8,A2356raw4.mat_Line1608
25,12,0,-243.23,-6.184,16.09,473.64,A2356raw4.mat_Line1610
25,12,0,-242.38,-6.264,16.1,473.66,A2356raw4.mat_Line1611
25,12,0,-240.7,-6.342,16.11,472.6,A2356raw4.mat_Line1612
25,12,0,-239.08,-6.427,16.12,471.54,A2356raw4.mat_Line1613
25,12,0,-237.29,-6.51,16.13,470.92,A2356raw4.mat_Line1614
25,12,0,-238.15,-6.662,16.15,471.83,A2356raw4.mat_Line1616
25,12,0,-239.14,-6.741,16.16,473.2,A2356raw4.mat_Line1617
25,12,0,-240.28,-6.815,16.17,475.34,A2356raw4.mat_Line1618
25,12,0,-242.06,-6.906,16.18,477.04,A2356raw4.mat_Line1619
25,12,0,-243.72,-6.979,16.19,479.36,A2356raw4.mat_Line1620
25,12,-0,-245.01,-7.057,16.2,480.93,A2356raw4.mat_Line1621
25,12,0,-244.66,-7.149,16.21,481.71,A2356raw4.mat_Line1622
25,12,0,-228.6,-7.295,16.22,570.21,A2356raw6.mat_Line1623
25,12,0,-240.94,-7.297,16.23,478.65,A2356raw4.mat_Line1624
25,12,0,-239.34,-7.381,16.24,477.12,A2356raw4.mat_Line1625
25,12,0,-238.54,-7.464,16.25,476.18,A2356raw4.mat_Line1626
25,12,-0,-239.72,-7.53,16.26,476.79,A2356raw4.mat_Line1627
25,12,0,-240.31,-7.616,16.27,478.46,A2356raw4.mat_Line1628
25,12,0,-236.57,-7.778,16.28,576.32,A2356raw6.mat_Line1629
25,12,0,-243.75,-7.781,16.29,482.46,A2356raw4.mat_Line1630
25,12,0,-244.95,-7.856,16.3,484.15,A2356raw4.mat_Line1631
25,12,0,-246.01,-7.931,16.31,485.41,A2356raw4.mat_Line1632
25,12,-0,-246.55,-8.018,16.32,485.9,A2356raw4.mat_Line1633
25,12,0,-245.37,-8.11,16.33,484.36,A2356raw4.mat_Line1634
25,12,0,-233.57,-8.269,16.34,582.27,A2356raw6.mat_Line1635
25,12,0,-241.98,-8.269,16.35,478.33,A2356raw4.mat_Line1636
25,12,-0,-241.25,-8.366,16.36,476.31,A2356raw4.mat_Line1637
25,12,-0,-241.86,-8.436,16.37,475.98,A2356raw4.mat_Line1638
25,12,0,-242.66,-8.508,16.38,477.96,A2356raw4.mat_Line1639
25,12,0,-243.76,-8.598,16.39,480.44,A2356raw4.mat_Line1640
25,12,0,-244.79,-8.67,16.4,483.4,A2356raw4.mat_Line1641
25,12,0,-245.44,-8.758,16.41,485.56,A2356raw4.mat_Line1642
25,12,0,-246.85,-8.84,16.42,486.96,A2356raw4.mat_Line1643
25,12,0,-247.64,-8.919,16.43,487.12,A2356raw4.mat_Line1644
25,12,0,-247.35,-9.002,16.44,484.64,A2356raw4.mat_Line1645
25,12,0,-245.85,-9.076,16.45,481.09,A2356raw4.mat_Line1646
25,12,0,-244.68,-9.151,16.46,477.05,A2356raw4.mat_Line1647
25,12,0,-243.98,-9.24,16.47,474.4,A2356raw4.mat_Line1648
25,12,0,-243.82,-9.303,16.48,474.4,A2356raw4.mat_Line1649
25,12,0,-243.71,-9.391,16.49,476.72,A2356raw4.mat_Line1650
25,12,0,-244.14,-9.469,16.5,480.6,A2356raw4.mat_Line1651
25,12,0,-244.82,-9.546,16.51,484.47,A2356raw4.mat_Line1652
25,12,0,-242.56,-9.716,16.52,589.94,A2356raw6.mat_Line1653
25,12,0,-246.94,-9.706,16.53,489.6,A2356raw4.mat_Line1654
25,12,-0,-248.35,-9.784,16.54,489.45,A2356raw4.mat_Line1655
25,12,0,-247.26,-9.877,16.55,487.27,A2356raw4.mat_Line1656
25,12,0,-246.87,-9.943,16.56,482.93,A2356raw4.mat_Line1657
25,12,0,-245.72,-10.024,16.57,477.8,A2356raw4.mat_Line1658
25,12,0,-244.62,-10.112,16.58,474.87,A2356raw4.mat_Line1659
25,12,0,-244.35,-10.197,16.59,474.09,A2356raw4.mat_Line1660
25,12,0,-244.33,-10.275,16.6,476.41,A2356raw4.mat_Line1661
25,12,0,-244.86,-10.359,16.61,480.46,A2356raw4.mat_Line1662
25,12,0,-244.82,-10.439,16.62,484.33,A2356raw4.mat_Line1663
25,12,0,-245.15,-10.518,16.63,487.58,A2356raw4.mat_Line1664
25,12,0,-244.43,-10.679,16.64,591.94,A2356raw6.mat_Line1665
25,12,0,-244.47,-10.752,16.65,589.47,A2356raw6.mat_Line1666
25,12,0,-244.01,-10.827,16.66,588.23,A2356raw6.mat_Line1667
25,12,0,-247.69,-10.829,16.67,484.01,A2356raw4.mat_Line1668
25,12,0,-246.14,-10.909,16.68,479.36,A2356raw4.mat_Line1669
25,12,0,-244.71,-10.991,16.69,475.79,A2356raw4.mat_Line1670
25,12,0,-244.33,-11.082,16.7,474.73,A2356raw4.mat_Line1671
25,12,0,-244.19,-11.154,16.71,475.48,A2356raw4.mat_Line1672
25,12,0,-244.19,-11.218,16.72,478.59,A2356raw4.mat_Line1673
25,12,0,-244.28,-11.301,16.73,482.31,A2356raw4.mat_Line1674
25,12,0,-246.37,-11.462,16.75,486.95,A2356raw4.mat_Line1676
25,12,0,-247.46,-11.539,16.76,487.24,A2356raw4.mat_Line1677
25,12,0,-248.77,-11.611,16.77,486,A2356raw4.mat_Line1678
25,12,0,-249.24,-11.678,16.78,483.84,A2356raw4.mat_Line1679
25,12,0,-249.03,-11.742,16.79,480.6,A2356raw4.mat_Line1680
25,12,0,-247.46,-11.791,16.8,477.8,A2356raw4.mat_Line1681
25,12,0,-245.55,-11.841,16.81,476.25,A2356raw4.mat_Line1682
25,12,0,-243.98,-11.883,16.82,477.03,A2356raw4.mat_Line1683
25,12,0,-243.4,-11.934,16.83,480.12,A2356raw4.mat_Line1684
25,12,0,-244.48,-11.96,16.84,484.61,A2356raw4.mat_Line1685
25,12,0,-245.11,-11.974,16.85,488.15,A2356raw4.mat_Line1686
25,12,0,-245.98,-11.993,16.86,489.84,A2356raw4.mat_Line1687
25,12,0,-248.04,-12.009,16.87,490.15,A2356raw4.mat_Line1688
25,12,0,-249.11,-12.01,16.88,489.66,A2356raw4.mat_Line1689
25,12,0,-250.01,-12,16.89,488.13,A2356raw4.mat_Line1690
25,12,0,-249.56,-11.982,16.9,485.66,A2356raw4.mat_Line1691
25,12,0,-248.25,-11.972,16.91,482.59,A2356raw4.mat_Line1692
25,12,0,-246.44,-11.964,16.92,480.46,A2356raw4.mat_Line1693
25,12,0,-245.3,-11.931,16.93,479.83,A2356raw4.mat_Line1694
25,12,0,-244.28,-11.91,16.94,481.24,A2356raw4.mat_Line1695
25,12,0,-244.71,-11.914,16.95,483.42,A2356raw4.mat_Line1696
25,12,0,-244.61,-11.907,16.96,485.89,A2356raw4.mat_Line1697
25,12,0,-246.19,-11.924,16.97,487.74,A2356raw4.mat_Line1698
25,12,0,-247.67,-11.916,16.98,488.49,A2356raw4.mat_Line1699
25,12,0,-248.7,-11.909,16.99,489.44,A2356raw4.mat_Line1700
25,12,0,-248.91,-11.904,17,489.29,A2356raw4.mat_Line1701
25,12,0,-248.64,-11.901,17.01,487.6,A2356raw4.mat_Line1702
25,12,0,-247.19,-11.901,17.02,484.97,A2356raw4.mat_Line1703
25,12,0,-245.61,-11.9,17.03,481.73,A2356raw4.mat_Line1704
25,12,0,-244.53,-11.89,17.04,479.08,A2356raw4.mat_Line1705
25,12,0,-244.47,-11.876,17.05,478.77,A2356raw4.mat_Line1706
25,12,0,-244.58,-11.854,17.06,480.92,A2356raw4.mat_Line1707
25,12,0,-245.57,-11.787,17.07,603.41,A2356raw6.mat_Line1708
25,12,0,-245.5,-11.735,17.08,604.79,A2356raw6.mat_Line1709
25,12,0,-246.33,-11.74,17.09,493.45,A2356raw4.mat_Line1710
25,12,0,-246.79,-11.689,17.1,494.67,A2356raw4.mat_Line1711
25,12,0,-246.73,-11.626,17.11,494.49,A2356raw4.mat_Line1712
25,12,0,-247.61,-11.553,17.12,491.99,A2356raw4.mat_Line1713
25,12,0,-246.85,-11.462,17.13,487.51,A2356raw4.mat_Line1714
25,12,0,-246.48,-11.389,17.14,482.88,A2356raw4.mat_Line1715
25,12,0,-245.5,-11.286,17.15,479.95,A2356raw4.mat_Line1716
25,12,0,-245.1,-11.191,17.16,480.13,A2356raw4.mat_Line1717
25,12,0,-244.39,-11.092,17.17,482.95,A2356raw4.mat_Line1718
25,12,0,-243.5,-11.002,17.18,486.84,A2356raw4.mat_Line1719
25,12,0,-244.06,-10.912,17.19,491.5,A2356raw4.mat_Line1720
25,12,0,-244.05,-10.822,17.2,494.6,A2356raw4.mat_Line1721
25,12,0,-245.24,-10.737,17.21,496.61,A2356raw4.mat_Line1722
25,12,0,-244.9,-10.588,17.22,601.89,A2356raw6.mat_Line1723
25,12,0,-247.31,-10.583,17.23,495.67,A2356raw4.mat_Line1724
25,12,-0,-247.29,-10.492,17.24,492.58,A2356raw4.mat_Line1725
25,12,0,-245.96,-10.421,17.25,489.02,A2356raw4.mat_Line1726
25,12,0,-243.49,-10.272,17.27,483.92,A2356raw4.mat_Line1728
25,12,0,-243.48,-10.207,17.28,484.22,A2356raw4.mat_Line1729
25,12,0,-243.35,-10.139,17.29,486.69,A2356raw4.mat_Line1730
25,12,0,-244.02,-10.081,17.3,490.72,A2356raw4.mat_Line1731
25,12,0,-244.3,-10.013,17.31,494.75,A2356raw4.mat_Line1732
25,12,0,-245.26,-9.948,17.32,498.14,A2356raw4.mat_Line1733
25,12,0,-246.19,-9.885,17.33,500.32,A2356raw4.mat_Line1734
25,12,0,-246.76,-9.808,17.34,501.4,A2356raw4.mat_Line1735
25,12,0,-245.96,-9.725,17.35,500.62,A2356raw4.mat_Line1736
25,12,0,-244.63,-9.648,17.36,498.77,A2356raw4.mat_Line1737
25,12,0,-242.5,-9.567,17.37,496.6,A2356raw4.mat_Line1738
25,12,0,-242.1,-9.414,17.38,608.09,A2356raw6.mat_Line1739
25,12,0,-242.59,-9.325,17.39,608.4,A2356raw6.mat_Line1740
25,12,0,-240.46,-9.343,17.4,497.69,A2356raw4.mat_Line1741
25,12,-0,-240.45,-9.264,17.41,501.89,A2356raw4.mat_Line1742
25,12,0,-240.87,-9.169,17.42,505.92,A2356raw4.mat_Line1743
25,12,0,-241.41,-9.101,17.43,509.64,A2356raw4.mat_Line1744
25,12,0,-242.48,-9.006,17.44,511.5,A2356raw4.mat_Line1745
25,12,0,-244.02,-8.902,17.45,511.65,A2356raw4.mat_Line1746
25,12,0,-244.3,-8.811,17.46,510.25,A2356raw4.mat_Line1747
25,12,0,-243.72,-8.726,17.47,507.16,A2356raw4.mat_Line1748
25,12,0,-242.82,-8.635,17.48,503.62,A2356raw4.mat_Line1749
25,12,0,-241,-8.552,17.49,501.46,A2356raw4.mat_Line1750
25,12,0,-240.68,-8.464,17.5,501.16,A2356raw4.mat_Line1751
25,12,0,-240.06,-8.382,17.51,503.17,A2356raw4.mat_Line1752
25,12,0,-240.47,-8.305,17.52,505.8,A2356raw4.mat_Line1753
25,12,0,-240.56,-8.229,17.53,509.5,A2356raw4.mat_Line1754
25,12,0,-245.32,-8.077,17.54,607.94,A2356raw6.mat_Line1755
25,12,0,-242.57,-8.073,17.55,515.07,A2356raw4.mat_Line1756
25,12,0,-243.85,-8.005,17.56,516.16,A2356raw4.mat_Line1757
25,12,0,-244.29,-7.922,17.57,515.84,A2356raw4.mat_Line1758
25,12,0,-244.86,-7.845,17.58,513.99,A2356raw4.mat_Line1759
25,12,0,-243.59,-7.781,17.59,511.52,A2356raw4.mat_Line1760
25,12,0,-242.37,-7.719,17.6,509.36,A2356raw4.mat_Line1761
25,12,0,-241.41,-7.637,17.61,508.9,A2356raw4.mat_Line1762
25,12,0,-241.07,-7.561,17.62,509.98,A2356raw4.mat_Line1763
25,12,0,-241.3,-7.49,17.63,512.92,A2356raw4.mat_Line1764
25,12,0,-241.26,-7.408,17.64,516.78,A2356raw4.mat_Line1765
25,12,0,-241.55,-7.337,17.65,520.19,A2356raw4.mat_Line1766
25,12,0,-242.49,-7.261,17.66,523.29,A2356raw4.mat_Line1767
25,12,0,-243.74,-7.173,17.67,524.53,A2356raw4.mat_Line1768
25,12,0,-244.48,-7.102,17.68,524.35,A2356raw4.mat_Line1769
25,12,0,-245.24,-7.017,17.69,522.19,A2356raw4.mat_Line1770
25,12,0,-244.77,-6.943,17.7,518.95,A2356raw4.mat_Line1771
25,12,0,-242.74,-6.843,17.71,516.47,A2356raw4.mat_Line1772
25,12,0,-242.72,-6.773,17.72,515.24,A2356raw4.mat_Line1773
25,12,0,-241.94,-6.684,17.73,515.56,A2356raw4.mat_Line1774
25,12,0,-242.12,-6.596,17.74,517.57,A2356raw4.mat_Line1775
25,12,0,-242.46,-6.52,17.75,520.36,A2356raw4.mat_Line1776
25,12,0,-242.66,-6.433,17.76,523.92,A2356raw4.mat_Line1777
25,12,0,-244.19,-6.352,17.77,526.7,A2356raw4.mat_Line1778
25,12,0,-244.48,-6.263,17.78,528.86,A2356raw4.mat_Line1779
25,12,0,-245.57,-6.185,17.79,529.48,A2356raw4.mat_Line1780
25,12,0,-245.76,-6.104,17.8,528.41,A2356raw4.mat_Line1781
25,12,0,-245.46,-6.019,17.81,525.47,A2356raw4.mat_Line1782
25,12,0,-244.35,-5.945,17.82,521.77,A2356raw4.mat_Line1783
25,12,0,-253.39,-5.793,17.83,584.34,A2356raw6.mat_Line1784
25,12,0,-254.6,-5.723,17.84,582.47,A2356raw6.mat_Line1785
25,12,0,-242.38,-5.707,17.85,519.28,A2356raw4.mat_Line1786
25,12,-0,-242.95,-5.623,17.86,521.6,A2356raw4.mat_Line1787
25,12,0,-243.5,-5.553,17.87,524.84,A2356raw4.mat_Line1788
25,12,0,-244.41,-5.465,17.88,527.79,A2356raw4.mat_Line1789
25,12,0,-245.63,-5.389,17.89,529.96,A2356raw4.mat_Line1790
25,12,0,-246.55,-5.311,17.9,530.88,A2356raw4.mat_Line1791
25,12,0,-247.19,-5.242,17.91,530.72,A2356raw4.mat_Line1792
25,12,0,-261.62,-5.087,17.92,565.21,A2356raw6.mat_Line1793
25,12,0,-246.55,-5.089,17.93,524.39,A2356raw4.mat_Line1794
25,12,0,-245.78,-5.011,17.94,520.2,A2356raw4.mat_Line1795
25,12,0,-262.53,-4.835,17.95,557.29,A2356raw6.mat_Line1796
25,12,0,-245.67,-4.844,17.96,516.48,A2356raw4.mat_Line1797
25,12,-0,-245.85,-4.766,17.97,517.4,A2356raw4.mat_Line1798
25,12,0,-246.29,-4.682,17.98,518.62,A2356raw4.mat_Line1799
25,12,0,-247.75,-4.608,17.99,519.85,A2356raw4.mat_Line1800
25,12,0,-249.48,-4.533,18,520.63,A2356raw4.mat_Line1801
25,12,0,-270.52,-4.373,18.01,534.43,A2356raw6.mat_Line1802
25,12,0,-251.87,-4.364,18.02,518.59,A2356raw4.mat_Line1803
25,12,0,-252.38,-4.291,18.03,515.96,A2356raw4.mat_Line1804
25,12,0,-251.9,-4.207,18.04,512.1,A2356raw4.mat_Line1805
25,12,0,-250.6,-4.118,18.05,507.46,A2356raw4.mat_Line1806
25,12,0,-250.31,-4.049,18.06,503.27,A2356raw4.mat_Line1807
25,12,0,-271.27,-3.872,18.07,506.51,A2356raw6.mat_Line1808
25,12,0,-272.47,-3.811,18.08,500.9,A2356raw6.mat_Line1809
25,12,0,-254.11,-3.803,18.09,496.11,A2356raw4.mat_Line1810
25,12,0,-276.47,-3.637,18.1,489.56,A2356raw6.mat_Line1811
25,12,0,-258.11,-3.65,18.11,491.88,A2356raw4.mat_Line1812
25,12,0,-260.51,-3.549,18.12,489.06,A2356raw4.mat_Line1813
25,12,0,-262.07,-3.471,18.13,486.27,A2356raw4.mat_Line1814
25,12,-0,-262.82,-3.402,18.14,483.02,A2356raw4.mat_Line1815
25,12,0,-262.12,-3.325,18.15,479,A2356raw4.mat_Line1816
25,12,0,-272.06,-3.16,18.16,455,A2356raw6.mat_Line1817
25,12,0,-261.06,-3.169,18.17,469.4,A2356raw4.mat_Line1818
25,12,-0,-261.66,-3.083,18.18,463.5,A2356raw4.mat_Line1819
25,12,0,-262.62,-3.01,18.19,457.88,A2356raw4.mat_Line1820
25,12,0,-264.52,-2.927,18.2,451.5,A2356raw4.mat_Line1821
25,12,0,-267.19,-2.842,18.21,445.44,A2356raw4.mat_Line1822
25,12,0,-269.44,-2.773,18.22,439.52,A2356raw4.mat_Line1823
25,12,0,-271.89,-2.7,18.23,433.92,A2356raw4.mat_Line1824
25,12,0,-281.39,-2.524,18.24,393.53,A2356raw6.mat_Line1825
25,12,0,-278.92,-2.45,18.25,385.93,A2356raw6.mat_Line1826
25,12,0,-274.5,-2.458,18.26,415.77,A2356raw4.mat_Line1827
25,12,0,-272.91,-2.371,18.27,408.66,A2356raw4.mat_Line1828
25,12,0,-271.5,-2.307,18.28,400.75,A2356raw4.mat_Line1829
25,12,0,-274.69,-2.13,18.29,355.71,A2356raw6.mat_Line1830
25,12,0,-271.44,-2.138,18.3,384.3,A2356raw4.mat_Line1831
25,12,0,-278.61,-1.983,18.31,338.17,A2356raw6.mat_Line1832
25,12,0,-281.18,-1.887,18.32,327.76,A2356raw6.mat_Line1833
25,12,0,-277.89,-1.89,18.33,358.37,A2356raw4.mat_Line1834
25,12,0,-279.36,-1.82,18.34,349.05,A2356raw4.mat_Line1835
25,12,0,-282.95,-1.654,18.35,296.41,A2356raw6.mat_Line1836
25,12,0,-280.7,-1.562,18.36,286.81,A2356raw6.mat_Line1837
25,12,0,-281.5,-1.559,18.37,318.8,A2356raw4.mat_Line1838
25,12,0,-275,-1.399,18.38,269.31,A2356raw6.mat_Line1839
25,12,0,-273.58,-1.306,18.39,261.1,A2356raw6.mat_Line1840
25,12,0,-273.34,-1.224,18.4,252.27,A2356raw6.mat_Line1841
25,12,0,-273.25,-1.231,18.41,280.37,A2356raw4.mat_Line1842
25,12,0,-273.62,-1.151,18.42,270.28,A2356raw4.mat_Line1843
25,12,0,-275.73,-1.078,18.43,260.21,A2356raw4.mat_Line1844
25,12,0,-278.41,-0.989,18.44,248.41,A2356raw4.mat_Line1845
25,12,0,-280.7,-0.921,18.45,236.3,A2356raw4.mat_Line1846
25,12,0,-278.55,-0.79,18.46,183.37,A2356raw6.mat_Line1847
25,12,0,-276.57,-0.722,18.47,172.37,A2356raw6.mat_Line1848
25,12,0,-273.5,-0.637,18.48,162.31,A2356raw6.mat_Line1849
25,12,0,-278.98,-0.617,18.49,186.67,A2356raw4.mat_Line1850
25,12,0,-274.59,-0.541,18.5,175.52,A2356raw4.mat_Line1851
25,12,0,-271.04,-0.452,18.51,165.62,A2356raw4.mat_Line1852
25,12,0,-269.67,-0.375,18.52,155.56,A2356raw4.mat_Line1853
25,12,0,-267.24,-0.208,18.53,112.73,A2356raw6.mat_Line1854
25,12,0,-268.92,-0.112,18.54,100,A2356raw6.mat_Line1855
25,12,0,-271.01,-0.039,18.55,86.33,A2356raw6.mat_Line1856
25,12,0,-271.89,0.04,18.56,72.68,A2356raw6.mat_Line1857
25,12,0,-278.65,0.042,18.57,91.62,A2356raw4.mat_Line1858
25,12,0,-268.33,0.195,18.58,47.09,A2356raw6.mat_Line1859
25,12,0,-276.87,0.183,18.59,62.61,A2356raw4.mat_Line1860
25,12,0,-261.27,0.337,18.6,26.52,A2356raw6.mat_Line1861
25,12,0,-259.67,0.581,18.64,5.2,A2356raw4.mat_Line1865
25,12,0,-260.17,0.66,18.65,-7.52,A2356raw4.mat_Line1866
25,12,0,-262.14,0.753,18.66,-21.95,A2356raw4.mat_Line1867
25,12,0,-262.93,0.915,18.67,-61.91,A2356raw6.mat_Line1868
25,12,0,-263.14,0.991,18.68,-75.56,A2356raw6.mat_Line1869
25,12,0,-261.3,1.067,18.69,-87.49,A2356raw6.mat_Line1870
25,12,0,-258.54,1.15,18.7,-97.86,A2356raw6.mat_Line1871
25,12,0,-263.76,1.15,18.71,-98.15,A2356raw4.mat_Line1872
25,12,0,-258.84,1.223,18.72,-108.34,A2356raw4.mat_Line1873
25,12,0,-254.37,1.305,18.73,-117.6,A2356raw4.mat_Line1874
25,12,-0,-250.85,1.39,18.74,-127.34,A2356raw4.mat_Line1875
25,12,0,-251.97,1.551,18.75,-149.76,A2356raw6.mat_Line1876
25,12,0,-253.09,1.62,18.76,-163.58,A2356raw6.mat_Line1877
25,12,0,-255.29,1.703,18.77,-177.73,A2356raw6.mat_Line1878
25,12,0,-253.96,1.7,18.78,-181.04,A2356raw4.mat_Line1879
25,12,0,-256.39,1.788,18.79,-197.19,A2356raw4.mat_Line1880
25,12,0,-257.64,1.869,18.8,-212.55,A2356raw4.mat_Line1881
25,12,0,-256.48,1.946,18.81,-226.04,A2356raw4.mat_Line1882
25,12,0,-240.05,2.274,18.85,-261.1,A2356raw4.mat_Line1886
25,12,0,-238.75,2.347,18.86,-269.93,A2356raw4.mat_Line1887
25,12,0,-239.17,2.421,18.87,-280.32,A2356raw4.mat_Line1888
25,12,0,-240.82,2.519,18.88,-293.38,A2356raw4.mat_Line1889
25,12,0,-242.87,2.597,18.89,-307.06,A2356raw4.mat_Line1890
25,12,0,-248.98,2.742,18.9,-318.34,A2356raw6.mat_Line1891
25,12,0,-247.4,2.831,18.91,-327.32,A2356raw6.mat_Line1892
25,12,0,-244.29,2.908,18.92,-334.74,A2356raw6.mat_Line1893
25,12,0,-239.24,2.904,18.93,-350.61,A2356raw4.mat_Line1894
25,12,0,-234.67,2.98,18.94,-355.68,A2356raw4.mat_Line1895
25,12,0,-230.33,3.056,18.95,-358.73,A2356raw4.mat_Line1896
25,12,0,-226.92,3.139,18.96,-362.11,A2356raw4.mat_Line1897
25,12,0,-226.1,3.205,18.97,-367.06,A2356raw4.mat_Line1898
25,12,0,-227.12,3.292,18.98,-374.83,A2356raw4.mat_Line1899
25,12,0,-236.6,3.471,18.99,-388.52,A2356raw6.mat_Line1900
25,12,0,-237.13,3.534,19,-397.04,A2356raw6.mat_Line1901
25,12,0,-233.29,3.538,19.01,-404.84,A2356raw4.mat_Line1902
25,12,0,-234.99,3.623,19.02,-412.89,A2356raw4.mat_Line1903
25,12,0,-231.99,3.776,19.04,-422.95,A2356raw4.mat_Line1905
25,12,0,-227.64,3.875,19.05,-424.94,A2356raw4.mat_Line1906
25,12,0,-224.12,3.948,19.06,-425.37,A2356raw4.mat_Line1907
25,12,0,-226.71,4.115,19.07,-431.65,A2356raw6.mat_Line1908
25,12,0,-220.53,4.11,19.08,-428.45,A2356raw4.mat_Line1909
25,12,0,-222.62,4.178,19.09,-433.27,A2356raw4.mat_Line1910
25,12,0,-225.24,4.256,19.1,-440.89,A2356raw4.mat_Line1911
25,12,0,-228.72,4.334,19.11,-450.07,A2356raw4.mat_Line1912
25,12,0,-232.52,4.416,19.12,-458.78,A2356raw4.mat_Line1913
25,12,0,-236.49,4.578,19.14,-470.75,A2356raw4.mat_Line1915
25,12,0,-235.49,4.652,19.15,-472.77,A2356raw4.mat_Line1916
25,12,0,-232.07,4.747,19.16,-471.81,A2356raw4.mat_Line1917
25,12,0,-228.31,4.825,19.17,-468.99,A2356raw4.mat_Line1918
25,12,0,-226.2,4.896,19.18,-466.02,A2356raw4.mat_Line1919
25,12,0,-224.75,5.057,19.19,-494.18,A2356raw6.mat_Line1920
25,12,0,-226.66,5.07,19.2,-469.12,A2356raw4.mat_Line1921
25,12,0,-230.57,5.15,19.21,-476.3,A2356raw4.mat_Line1922
25,12,0,-234.07,5.234,19.22,-484.86,A2356raw4.mat_Line1923
25,12,0,-238.51,5.319,19.23,-492.62,A2356raw4.mat_Line1924
25,12,0,-241.79,5.39,19.24,-499.31,A2356raw4.mat_Line1925
25,12,0,-243.68,5.478,19.25,-503.06,A2356raw4.mat_Line1926
25,12,0,-242.93,5.56,19.26,-503.36,A2356raw4.mat_Line1927
25,12,0,-227.1,5.705,19.27,-534.66,A2356raw6.mat_Line1928
25,12,0,-236.77,5.72,19.28,-495.71,A2356raw4.mat_Line1929
25,12,0,-224.16,5.875,19.29,-538.37,A2356raw6.mat_Line1930
25,12,0,-232.92,5.875,19.3,-489.49,A2356raw4.mat_Line1931
25,12,0,-233.62,5.957,19.31,-491.48,A2356raw4.mat_Line1932
25,12,0,-230.65,6.116,19.32,-551.73,A2356raw6.mat_Line1933
25,12,0,-239.54,6.116,19.33,-505.03,A2356raw4.mat_Line1934
25,12,0,-243.46,6.199,19.34,-512.35,A2356raw4.mat_Line1935
25,12,-0,-246.72,6.282,19.35,-517.33,A2356raw4.mat_Line1936
25,12,0,-247.95,6.353,19.36,-519.37,A2356raw4.mat_Line1937
25,12,0,-248.82,6.433,19.37,-518.59,A2356raw4.mat_Line1938
25,12,0,-247.05,6.511,19.38,-515.17,A2356raw4.mat_Line1939
25,12,0,-244.19,6.589,19.39,-509.71,A2356raw4.mat_Line1940
25,12,0,-241.32,6.671,19.4,-504.72,A2356raw4.mat_Line1941
25,12,0,-239.32,6.748,19.41,-501.76,A2356raw4.mat_Line1942
25,12,0,-239.02,6.816,19.42,-502.37,A2356raw4.mat_Line1943
25,12,0,-240.5,6.914,19.43,-506.41,A2356raw4.mat_Line1944
25,12,0,-242.75,6.983,19.44,-513.27,A2356raw4.mat_Line1945
25,12,0,-245.83,7.071,19.45,-519.66,A2356raw4.mat_Line1946
25,12,0,-248.97,7.149,19.46,-524.18,A2356raw4.mat_Line1947
25,12,0,-251.31,7.229,19.47,-526.23,A2356raw4.mat_Line1948
25,12,0,-252.69,7.317,19.48,-524.51,A2356raw4.mat_Line1949
25,12,0,-251.73,7.403,19.49,-519.68,A2356raw4.mat_Line1950
25,12,0,-249.38,7.473,19.5,-511.89,A2356raw4.mat_Line1951
25,12,0,-229.49,7.632,19.51,-596.23,A2356raw6.mat_Line1952
25,12,0,-244.07,7.639,19.52,-500.68,A2356raw4.mat_Line1953
25,12,0,-243.21,7.725,19.53,-500.99,A2356raw4.mat_Line1954
25,12,0,-243.8,7.795,19.54,-505.65,A2356raw4.mat_Line1955
25,12,0,-245.65,7.871,19.55,-513.12,A2356raw4.mat_Line1956
25,12,0,-247.35,7.954,19.56,-520.6,A2356raw4.mat_Line1957
25,12,0,-249.96,8.043,19.57,-527.14,A2356raw4.mat_Line1958
25,12,0,-252.18,8.116,19.58,-530.26,A2356raw4.mat_Line1959
25,12,0,-253.04,8.193,19.59,-529.78,A2356raw4.mat_Line1960
25,12,0,-252.71,8.268,19.6,-525.73,A2356raw4.mat_Line1961
25,12,0,-251.05,8.352,19.61,-518.42,A2356raw4.mat_Line1962
25,12,0,-235.29,8.511,19.62,-609.3,A2356raw6.mat_Line1963
25,12,0,-246.63,8.498,19.63,-504.57,A2356raw4.mat_Line1964
25,12,0,-245.91,8.588,19.64,-501.47,A2356raw4.mat_Line1965
25,12,0,-246.58,8.674,19.65,-502.41,A2356raw4.mat_Line1966
25,12,0,-248.57,8.762,19.66,-506.95,A2356raw4.mat_Line1967
25,12,0,-243.49,8.915,19.67,-623.76,A2356raw6.mat_Line1968
25,12,0,-253.03,8.915,19.68,-516.77,A2356raw4.mat_Line1969
25,12,0,-254.72,8.989,19.69,-519.26,A2356raw4.mat_Line1970
25,12,0,-248.52,9.154,19.7,-629.69,A2356raw6.mat_Line1971
25,12,0,-246.28,9.237,19.71,-624.72,A2356raw6.mat_Line1972
25,12,0,-254.56,9.234,19.72,-507.27,A2356raw4.mat_Line1973
25,12,0,-252.64,9.309,19.73,-498.4,A2356raw4.mat_Line1974
25,12,0,-250.48,9.387,19.74,-491.26,A2356raw4.mat_Line1975
25,12,0,-249.96,9.462,19.75,-487.08,A2356raw4.mat_Line1976
25,12,0,-250.17,9.546,19.76,-486.79,A2356raw4.mat_Line1977
25,12,0,-242.45,9.719,19.77,-620.19,A2356raw6.mat_Line1978
25,12,0,-245.38,9.798,19.78,-625.96,A2356raw6.mat_Line1979
25,12,0,-248.78,9.877,19.79,-631.1,A2356raw6.mat_Line1980
25,12,0,-251.55,9.95,19.8,-633.29,A2356raw6.mat_Line1981
25,12,0,-256.66,9.959,19.81,-506.07,A2356raw4.mat_Line1982
25,12,0,-257.08,10.032,19.82,-504.35,A2356raw4.mat_Line1983
25,12,-0,-256.3,10.105,19.83,-499.21,A2356raw4.mat_Line1984
25,12,0,-254.14,10.199,19.84,-492.69,A2356raw4.mat_Line1985
25,12,0,-252.74,10.266,19.85,-485.86,A2356raw4.mat_Line1986
25,12,0,-251.31,10.351,19.86,-481.2,A2356raw4.mat_Line1987
25,12,0,-250.91,10.427,19.87,-480.12,A2356raw4.mat_Line1988
25,12,0,-251.65,10.5,19.88,-483.39,A2356raw4.mat_Line1989
25,12,0,-252.45,10.586,19.89,-489.61,A2356raw4.mat_Line1990
25,12,0,-253.16,10.664,19.9,-495.35,A2356raw4.mat_Line1991
25,12,0,-253.03,10.829,19.91,-631.74,A2356raw6.mat_Line1992
25,12,0,-255.38,10.829,19.92,-502.64,A2356raw4.mat_Line1993
25,12,0,-255.59,10.912,19.93,-503.88,A2356raw4.mat_Line1994
25,12,0,-251.65,11.061,19.94,-621.15,A2356raw6.mat_Line1995
25,12,0,-254.03,11.073,19.95,-497.19,A2356raw4.mat_Line1996
25,12,0,-252.11,11.154,19.96,-490.68,A2356raw4.mat_Line1997
25,12,0,-250.93,11.242,19.97,-482.59,A2356raw4.mat_Line1998
25,12,0,-250.4,11.31,19.98,-476.86,A2356raw4.mat_Line1999
25,12,0,-251.29,11.406,19.99,-475.63,A2356raw4.mat_Line2000
25,12,0,-252.07,11.475,20,-477.18,A2356raw4.mat_Line2001
25,12,0,-251.63,11.622,20.01,-626.44,A2356raw6.mat_Line2002
25,12,0,-256.31,11.685,20.03,-488.69,A2356raw4.mat_Line2004
25,12,0,-257.21,11.751,20.04,-489.78,A2356raw4.mat_Line2005
25,12,0,-254.27,11.843,20.05,-623.63,A2356raw6.mat_Line2006
25,12,0,-256.11,11.853,20.06,-488.04,A2356raw4.mat_Line2007
25,12,0,-253.75,11.887,20.07,-481.97,A2356raw4.mat_Line2008
25,12,0,-251.03,11.929,20.08,-473.86,A2356raw4.mat_Line2009
25,12,0,-248.75,11.947,20.09,-467.16,A2356raw4.mat_Line2010
25,12,0,-247.47,11.975,20.1,-464.04,A2356raw4.mat_Line2011
25,12,0,-248.01,11.986,20.11,-467.31,A2356raw4.mat_Line2012
25,12,0,-249.59,12.006,20.12,-474.96,A2356raw4.mat_Line2013
25,12,0,-257.1,12.009,20.13,-636.42,A2356raw6.mat_Line2014
25,12,0,-256.35,12.009,20.14,-495.38,A2356raw4.mat_Line2015
25,12,0,-260.28,12.012,20.15,-503.81,A2356raw4.mat_Line2016
25,12,0,-261.51,12.008,20.16,-508.34,A2356raw4.mat_Line2017
25,12,0,-260.09,11.998,20.17,-505.86,A2356raw4.mat_Line2018
25,12,0,-255.84,11.985,20.18,-495.09,A2356raw4.mat_Line2019
25,12,0,-250.71,11.969,20.19,-478.25,A2356raw4.mat_Line2020
25,12,0,-245.31,11.952,20.2,-461.09,A2356raw4.mat_Line2021
25,12,-0,-241.88,11.947,20.21,-450.62,A2356raw4.mat_Line2022
25,12,0,-241.36,11.926,20.22,-449.84,A2356raw4.mat_Line2023
25,12,0,-244.23,11.925,20.23,-459.05,A2356raw4.mat_Line2024
25,12,0,-249.53,11.922,20.24,-474.95,A2356raw4.mat_Line2025
25,12,0,-253.19,11.907,20.25,-491.97,A2356raw4.mat_Line2026
25,12,0,-257.06,11.904,20.26,-506.19,A2356raw4.mat_Line2027
25,12,0,-258.42,11.889,20.27,-513.23,A2356raw4.mat_Line2028
25,12,0,-257.4,11.897,20.28,-511.97,A2356raw4.mat_Line2029
25,12,0,-255.42,11.889,20.29,-500.72,A2356raw4.mat_Line2030
25,12,0,-251.28,11.883,20.3,-484.64,A2356raw4.mat_Line2031
25,12,0,-243.68,11.827,20.31,-600.82,A2356raw6.mat_Line2032
25,12,0,-243.86,11.829,20.32,-455.16,A2356raw4.mat_Line2033
25,12,0,-242.07,11.809,20.33,-449.54,A2356raw4.mat_Line2034
25,12,0,-242.71,11.764,20.34,-450.44,A2356raw4.mat_Line2035
25,12,0,-244.77,11.717,20.35,-459.02,A2356raw4.mat_Line2036
25,12,0,-248.32,11.654,20.36,-472.41,A2356raw4.mat_Line2037
25,12,-0,-252.76,11.611,20.37,-486.93,A2356raw4.mat_Line2038
25,12,0,-261.31,11.455,20.39,-510.36,A2356raw4.mat_Line2040
25,12,0,-261.81,11.362,20.4,-514.41,A2356raw4.mat_Line2041
25,12,0,-256.24,11.184,20.41,-636.17,A2356raw6.mat_Line2042
25,12,0,-253.34,11.181,20.42,-501.62,A2356raw4.mat_Line2043
25,12,0,-247.01,11.085,20.43,-488.37,A2356raw4.mat_Line2044
25,12,0,-242.74,10.974,20.44,-473.83,A2356raw4.mat_Line2045
25,12,0,-240.72,10.871,20.45,-463.52,A2356raw4.mat_Line2046
25,12,0,-239.53,10.778,20.46,-461.77,A2356raw4.mat_Line2047
25,12,0,-241.05,10.683,20.47,-468.31,A2356raw4.mat_Line2048
25,12,0,-245.55,10.579,20.48,-480.48,A2356raw4.mat_Line2049
25,12,0,-251.28,10.49,20.49,-494.24,A2356raw4.mat_Line2050
25,12,0,-255.7,10.411,20.5,-507.08,A2356raw4.mat_Line2051
25,12,0,-258.02,10.329,20.51,-513.83,A2356raw4.mat_Line2052
25,12,0,-258.11,10.256,20.52,-512.78,A2356raw4.mat_Line2053
25,12,0,-253.72,10.126,20.53,-625.21,A2356raw6.mat_Line2054
25,12,0,-252.53,10.135,20.54,-490.49,A2356raw4.mat_Line2055
25,12,0,-248.77,10.077,20.55,-477.67,A2356raw4.mat_Line2056
25,12,0,-245.1,10.01,20.56,-469.67,A2356raw4.mat_Line2057
25,12,0,-244.7,9.946,20.57,-468.53,A2356raw4.mat_Line2058
25,12,0,-244.47,9.894,20.58,-473.64,A2356raw4.mat_Line2059
25,12,0,-246.23,9.82,20.59,-482.51,A2356raw4.mat_Line2060
25,12,0,-249.56,9.747,20.6,-493.57,A2356raw4.mat_Line2061
25,12,0,-253.04,9.674,20.61,-503.39,A2356raw4.mat_Line2062
25,12,-0,-254.6,9.601,20.62,-510.07,A2356raw4.mat_Line2063
25,12,0,-254.05,9.512,20.63,-511.49,A2356raw4.mat_Line2064
25,12,0,-251.74,9.455,20.64,-508.07,A2356raw4.mat_Line2065
25,12,0,-248.85,9.362,20.65,-502.18,A2356raw4.mat_Line2066
25,12,0,-246.87,9.281,20.66,-496.26,A2356raw4.mat_Line2067
25,12,0,-246.46,9.198,20.67,-493.31,A2356raw4.mat_Line2068
25,12,0,-247.39,9.114,20.68,-493.75,A2356raw4.mat_Line2069
25,12,0,-248.19,9.015,20.69,-496.84,A2356raw4.mat_Line2070
25,12,0,-248.42,8.908,20.7,-500.87,A2356raw4.mat_Line2071
25,12,0,-248.83,8.829,20.71,-502.42,A2356raw4.mat_Line2072
25,12,0,-249.55,8.729,20.72,-503.37,A2356raw4.mat_Line2073
25,12,0,-249.95,8.638,20.73,-505.39,A2356raw4.mat_Line2074
25,12,0,-250.18,8.548,20.74,-508.66,A2356raw4.mat_Line2075
25,12,0,-249.33,8.455,20.75,-510.69,A2356raw4.mat_Line2076
25,12,0,-251.62,8.299,20.76,-610.05,A2356raw6.mat_Line2077
25,12,0,-247.38,8.285,20.77,-509,A2356raw4.mat_Line2078
25,12,0,-246.31,8.203,20.78,-508.54,A2356raw4.mat_Line2079
25,12,0,-245.1,8.126,20.79,-509.46,A2356raw4.mat_Line2080
25,12,0,-243.79,8.056,20.8,-512.85,A2356raw4.mat_Line2081
25,12,0,-244.07,7.987,20.81,-517.35,A2356raw4.mat_Line2082
25,12,0,-244.9,7.917,20.82,-522.91,A2356raw4.mat_Line2083
25,12,0,-246.95,7.87,20.83,-528.19,A2356raw4.mat_Line2084
25,12,0,-248.3,7.789,20.84,-533.01,A2356raw4.mat_Line2085
25,12,0,-256.52,7.65,20.85,-611.76,A2356raw6.mat_Line2086
25,12,0,-250.08,7.662,20.86,-532.84,A2356raw4.mat_Line2087
25,12,0,-248.08,7.586,20.87,-528.33,A2356raw4.mat_Line2088
25,12,-0,-245.01,7.513,20.88,-523.96,A2356raw4.mat_Line2089
25,12,-0,-249.72,7.344,20.89,-599.75,A2356raw6.mat_Line2090
25,12,0,-240.48,7.357,20.9,-522.41,A2356raw4.mat_Line2091
25,12,0,-252.86,7.192,20.91,-602.75,A2356raw6.mat_Line2092
25,12,0,-241.61,7.207,20.92,-532.49,A2356raw4.mat_Line2093
25,12,0,-243.89,7.126,20.93,-539.02,A2356raw4.mat_Line2094
25,12,0,-249.71,6.956,20.95,-547.56,A2356raw4.mat_Line2096
25,12,0,-249.97,6.857,20.96,-549.28,A2356raw4.mat_Line2097
25,12,0,-249.8,6.778,20.97,-548.05,A2356raw4.mat_Line2098
25,12,0,-247.93,6.684,20.98,-544.01,A2356raw4.mat_Line2099
25,12,0,-244.21,6.605,20.99,-539.34,A2356raw4.mat_Line2100
25,12,0,-241.75,6.515,21,-535.77,A2356raw4.mat_Line2101
25,12,0,-241.15,6.421,21.01,-535.29,A2356raw4.mat_Line2102
25,12,0,-244.34,6.25,21.03,-541.37,A2356raw4.mat_Line2104
25,12,0,-246.82,6.174,21.04,-545.73,A2356raw4.mat_Line2105
25,12,0,-264.32,6.02,21.05,-589.67,A2356raw6.mat_Line2106
25,12,0,-250.78,6.01,21.06,-552.13,A2356raw4.mat_Line2107
25,12,0,-251.76,5.927,21.07,-553.37,A2356raw4.mat_Line2108
25,12,0,-251.51,5.852,21.08,-552.29,A2356raw4.mat_Line2109
25,12,0,-259.56,5.692,21.09,-574.59,A2356raw6.mat_Line2110
25,12,0,-247.87,5.703,21.1,-543.26,A2356raw4.mat_Line2111
25,12,0,-246.36,5.616,21.11,-537.97,A2356raw4.mat_Line2112
25,12,0,-259.44,5.473,21.12,-564.99,A2356raw6.mat_Line2113
25,12,0,-246.02,5.47,21.13,-534.09,A2356raw4.mat_Line2114
25,12,0,-247.67,5.388,21.14,-535.64,A2356raw4.mat_Line2115
25,12,0,-248.97,5.327,21.15,-538.76,A2356raw4.mat_Line2116
25,12,0,-268.1,5.171,21.16,-559.92,A2356raw6.mat_Line2117
25,12,0,-252.97,5.171,21.17,-544.38,A2356raw4.mat_Line2118
25,12,0,-255.42,5.106,21.18,-545.18,A2356raw4.mat_Line2119
25,12,0,-255.26,5.023,21.19,-544.56,A2356raw4.mat_Line2120
25,12,-0,-254.5,4.944,21.2,-540.97,A2356raw4.mat_Line2121
25,12,0,-252.79,4.868,21.21,-535.85,A2356raw4.mat_Line2122
25,12,0,-262.74,4.692,21.22,-539.25,A2356raw6.mat_Line2123
25,12,0,-249.75,4.701,21.23,-524.49,A2356raw4.mat_Line2124
25,12,0,-249.92,4.619,21.24,-521.39,A2356raw4.mat_Line2125
25,12,0,-251.71,4.536,21.25,-520.93,A2356raw4.mat_Line2126
25,12,0,-268.48,4.369,21.26,-525.96,A2356raw6.mat_Line2127
25,12,0,-257.21,4.364,21.27,-524.87,A2356raw4.mat_Line2128
25,12,0,-260.37,4.283,21.28,-526.61,A2356raw4.mat_Line2129
25,12,0,-262.67,4.21,21.29,-526.78,A2356raw4.mat_Line2130
25,12,0,-263.37,4.13,21.3,-524.47,A2356raw4.mat_Line2131
25,12,0,-262.78,4.045,21.31,-519.65,A2356raw4.mat_Line2132
25,12,0,-260.69,3.959,21.32,-512.5,A2356raw4.mat_Line2133
25,12,0,-258.64,3.89,21.33,-504.1,A2356raw4.mat_Line2134
25,12,0,-257.76,3.8,21.34,-495.4,A2356raw4.mat_Line2135
25,12,0,-258.79,3.713,21.35,-489.04,A2356raw4.mat_Line2136
25,12,0,-261.04,3.64,21.36,-484.88,A2356raw4.mat_Line2137
25,12,0,-263.56,3.553,21.37,-482.58,A2356raw4.mat_Line2138
25,12,0,-266.18,3.481,21.38,-481.23,A2356raw4.mat_Line2139
25,12,0,-274.62,3.328,21.39,-461.17,A2356raw6.mat_Line2140
25,12,0,-271.97,3.328,21.4,-476.62,A2356raw4.mat_Line2141
25,12,0,-273.06,3.236,21.41,-471.8,A2356raw4.mat_Line2142
25,12,0,-272.45,3.167,21.42,-465.27,A2356raw4.mat_Line2143
25,12,0,-269.21,3.079,21.43,-457.65,A2356raw4.mat_Line2144
25,12,0,-266.43,3.011,21.44,-448.95,A2356raw4.mat_Line2145
25,12,0,-264.41,2.943,21.45,-440.58,A2356raw4.mat_Line2146
25,12,0,-264.03,2.852,21.46,-432.52,A2356raw4.mat_Line2147
25,12,0,-265.61,2.774,21.47,-425.54,A2356raw4.mat_Line2148
25,12,0,-271.84,2.628,21.48,-394.31,A2356raw6.mat_Line2149
25,12,0,-274.4,2.549,21.49,-387.96,A2356raw6.mat_Line2150
25,12,0,-275.19,2.547,21.5,-409.15,A2356raw4.mat_Line2151
25,12,0,-277.39,2.466,21.51,-403.74,A2356raw4.mat_Line2152
25,12,0,-278.77,2.38,21.52,-397.07,A2356raw4.mat_Line2153
25,12,0,-277.57,2.3,21.53,-389.47,A2356raw4.mat_Line2154
25,12,0,-267.27,1.966,21.56,-330.72,A2356raw6.mat_Line2157
25,12,0,-265.98,1.887,21.58,-339.47,A2356raw4.mat_Line2159
25,12,0,-267.89,1.797,21.59,-330.17,A2356raw4.mat_Line2160
25,12,0,-270.53,1.734,21.6,-322.27,A2356raw4.mat_Line2161
25,12,0,-274.03,1.662,21.61,-314.84,A2356raw4.mat_Line2162
25,12,-0,-274.53,1.488,21.62,-280.81,A2356raw6.mat_Line2163
25,12,0,-274.27,1.419,21.63,-272.75,A2356raw6.mat_Line2164
25,12,0,-271.79,1.333,21.64,-263.59,A2356raw6.mat_Line2165
25,12,0,-267.87,1.249,21.65,-253.34,A2356raw6.mat_Line2166
25,12,0,-268.24,1.247,21.66,-269.22,A2356raw4.mat_Line2167
25,12,0,-263.75,1.174,21.67,-256.33,A2356raw4.mat_Line2168
25,12,0,-261.08,1.091,21.68,-243.44,A2356raw4.mat_Line2169
25,12,0,-260.4,1.004,21.69,-230.54,A2356raw4.mat_Line2170
25,12,0,-260.18,0.855,21.7,-196.34,A2356raw6.mat_Line2171
25,12,0,-262.23,0.769,21.71,-187.97,A2356raw6.mat_Line2172
25,12,0,-264.5,0.683,21.72,-180.24,A2356raw6.mat_Line2173
25,12,0,-266.17,0.6,21.73,-172.34,A2356raw6.mat_Line2174
25,12,0,-265.6,0.514,21.74,-163.35,A2356raw6.mat_Line2175
25,12,0,-270.39,0.521,21.75,-174,A2356raw4.mat_Line2176
25,12,0,-267.78,0.441,21.76,-162.36,A2356raw4.mat_Line2177
25,12,0,-263.46,0.358,21.77,-149.3,A2356raw4.mat_Line2178
25,12,0,-253.48,0.212,21.78,-115.63,A2356raw6.mat_Line2179
25,12,0,-250.87,0.135,21.79,-102.74,A2356raw6.mat_Line2180
25,12,0,-249.82,0.059,21.8,-90.78,A2356raw6.mat_Line2181
25,12,0,-250.33,-0.017,21.81,-80.08,A2356raw6.mat_Line2182
25,12,0,-251.13,-0.089,21.82,-70.33,A2356raw6.mat_Line2183
25,12,0,-258.1,-0.094,21.83,-74.63,A2356raw4.mat_Line2184
25,12,0,-259.39,-0.163,21.84,-65.19,A2356raw4.mat_Line2185
25,12,0,-260.49,-0.248,21.85,-55.43,A2356raw4.mat_Line2186
25,12,0,-260.01,-0.339,21.86,-44.74,A2356raw4.mat_Line2187
25,12,0,-249.6,-0.523,21.87,-17.9,A2356raw6.mat_Line2188
25,12,0,-245.62,-0.598,21.88,-4.05,A2356raw6.mat_Line2189
25,12,0,-243.01,-0.677,21.89,10.55,A2356raw6.mat_Line2190
25,12,0,-240.66,-0.757,21.9,24.38,A2356raw6.mat_Line2191
25,12,0,-243.05,-0.772,21.91,27.54,A2356raw4.mat_Line2192
25,12,0,-242.19,-0.829,21.92,41.5,A2356raw4.mat_Line2193
25,12,0,-243.4,-0.909,21.93,53.73,A2356raw4.mat_Line2194
25,12,0,-244.69,-0.989,21.94,64.88,A2356raw4.mat_Line2195
25,12,0,-242.15,-1.213,21.96,92.72,A2356raw6.mat_Line2197
25,12,0,-240.53,-1.29,21.97,105.3,A2356raw6.mat_Line2198
25,12,0,-236.57,-1.383,21.98,118.99,A2356raw6.mat_Line2199
25,12,0,-233.65,-1.453,21.99,133.62,A2356raw6.mat_Line2200
25,12,0,-236.05,-1.458,22,143.74,A2356raw4.mat_Line2201
25,12,0,-232.25,-1.533,22.01,159.14,A2356raw4.mat_Line2202
25,12,0,-230.05,-1.628,22.02,173.9,A2356raw4.mat_Line2203
25,12,0,-227.63,-1.79,22.03,184.99,A2356raw6.mat_Line2204
25,12,0,-230.25,-2.108,22.07,225.13,A2356raw6.mat_Line2208
25,12,0,-230.05,-2.116,22.08,240.05,A2356raw4.mat_Line2209
25,12,0,-228.03,-2.192,22.09,253.13,A2356raw4.mat_Line2210
25,12,0,-225.71,-2.271,22.1,266.05,A2356raw4.mat_Line2211
25,12,0,-223.68,-2.433,22.11,272.7,A2356raw6.mat_Line2212
25,12,0,-221.97,-2.516,22.12,282.62,A2356raw6.mat_Line2213
25,12,0,-216.66,-2.659,22.15,316.02,A2356raw4.mat_Line2216
25,12,0,-218.08,-2.74,22.16,324.21,A2356raw4.mat_Line2217
25,12,0,-220.06,-2.828,22.17,332.13,A2356raw4.mat_Line2218
25,12,0,-221.6,-2.898,22.18,340.63,A2356raw4.mat_Line2219
25,12,0,-222.53,-2.978,22.19,349.32,A2356raw4.mat_Line2220
25,12,0,-224.19,-3.138,22.2,351.62,A2356raw6.mat_Line2221
25,12,0,-221.8,-3.214,22.21,360.32,A2356raw6.mat_Line2222
25,12,0,-219.91,-3.307,22.22,368.71,A2356raw6.mat_Line2223
25,12,0,-214.01,-3.299,22.23,383.36,A2356raw4.mat_Line2224
25,12,0,-213.09,-3.375,22.24,389.87,A2356raw4.mat_Line2225
25,12,0,-213.12,-3.461,22.25,396.06,A2356raw4.mat_Line2226
25,12,0,-214.48,-3.549,22.26,401.47,A2356raw4.mat_Line2227
25,12,0,-216.4,-3.618,22.27,407.2,A2356raw4.mat_Line2228
25,12,0,-221.91,-3.771,22.28,409,A2356raw6.mat_Line2229
25,12,0,-224.34,-3.856,22.3,424.37,A2356raw4.mat_Line2231
25,12,0,-224.39,-3.942,22.31,430.87,A2356raw4.mat_Line2232
25,12,0,-222.79,-4.013,22.32,436.63,A2356raw4.mat_Line2233
25,12,0,-220.52,-4.099,22.33,441.3,A2356raw4.mat_Line2234
25,12,0,-217.9,-4.178,22.34,444.72,A2356raw4.mat_Line2235
25,12,0,-216.52,-4.264,22.35,448.6,A2356raw4.mat_Line2236
25,12,0,-222.02,-4.502,22.38,460.95,A2356raw4.mat_Line2239
25,12,0,-224.5,-4.58,22.39,464.96,A2356raw4.mat_Line2240
25,12,0,-227.4,-4.658,22.4,468.84,A2356raw4.mat_Line2241
25,12,0,-228.81,-4.738,22.41,472.07,A2356raw4.mat_Line2242
25,12,0,-229.44,-4.817,22.42,475.79,A2356raw4.mat_Line2243
25,12,0,-228.44,-4.904,22.43,478.44,A2356raw4.mat_Line2244
25,12,0,-226.89,-4.974,22.44,480.16,A2356raw4.mat_Line2245
25,12,0,-224.73,-5.061,22.45,481.4,A2356raw4.mat_Line2246
25,12,0,-224.7,-5.133,22.46,482.82,A2356raw4.mat_Line2247
25,12,0,-224.92,-5.219,22.47,484.96,A2356raw4.mat_Line2248
25,12,0,-226.4,-5.295,22.48,487.74,A2356raw4.mat_Line2249
25,12,0,-228.11,-5.379,22.49,491.45,A2356raw4.mat_Line2250
25,12,0,-230.73,-5.462,22.5,494.69,A2356raw4.mat_Line2251
25,12,0,-233.08,-5.533,22.51,497.63,A2356raw4.mat_Line2252
25,12,0,-228.01,-5.7,22.52,527.74,A2356raw6.mat_Line2253
25,12,0,-235.48,-5.713,22.53,501.94,A2356raw4.mat_Line2254
25,12,0,-235.72,-5.773,22.54,502.88,A2356raw4.mat_Line2255
25,12,0,-234.62,-5.875,22.55,502.89,A2356raw4.mat_Line2256
25,12,0,-232.9,-5.948,22.56,502.28,A2356raw4.mat_Line2257
25,12,0,-231.56,-6.022,22.57,502.28,A2356raw4.mat_Line2258
25,12,0,-231.62,-6.107,22.58,503.69,A2356raw4.mat_Line2259
25,12,0,-232.42,-6.183,22.59,506.31,A2356raw4.mat_Line2260
25,12,0,-233.58,-6.276,22.6,509.54,A2356raw4.mat_Line2261
25,12,0,-235.45,-6.342,22.61,512.65,A2356raw4.mat_Line2262
25,12,0,-237.09,-6.429,22.62,515.1,A2356raw4.mat_Line2263
25,12,0,-239.23,-6.5,22.63,516.48,A2356raw4.mat_Line2264
25,12,0,-240.6,-6.578,22.64,517.56,A2356raw4.mat_Line2265
25,12,0,-240.98,-6.654,22.65,517.87,A2356raw4.mat_Line2266
25,12,0,-240.41,-6.745,22.66,517.12,A2356raw4.mat_Line2267
25,12,0,-238.62,-6.823,22.67,515.43,A2356raw4.mat_Line2268
25,12,0,-237.31,-6.896,22.68,514.66,A2356raw4.mat_Line2269
25,12,0,-236.22,-6.986,22.69,514.52,A2356raw4.mat_Line2270
25,12,0,-236.71,-7.07,22.7,515.91,A2356raw4.mat_Line2271
25,12,0,-224.68,-7.222,22.71,585.6,A2356raw6.mat_Line2272
25,12,0,-239.17,-7.224,22.72,520.22,A2356raw4.mat_Line2273
25,12,0,-240.33,-7.301,22.73,521.74,A2356raw4.mat_Line2274
25,12,0,-242.12,-7.384,22.74,523.28,A2356raw4.mat_Line2275
25,12,0,-244.29,-7.458,22.75,523.89,A2356raw4.mat_Line2276
25,12,0,-244.78,-7.543,22.76,524.04,A2356raw4.mat_Line2277
25,12,0,-244.59,-7.632,22.77,523.91,A2356raw4.mat_Line2278
25,12,0,-243.48,-7.705,22.78,522.23,A2356raw4.mat_Line2279
25,12,0,-241.56,-7.785,22.79,520.54,A2356raw4.mat_Line2280
25,12,0,-239.74,-7.854,22.8,519.43,A2356raw4.mat_Line2281
25,12,0,-239.84,-7.947,22.81,519.6,A2356raw4.mat_Line2282
25,12,0,-240.28,-8.028,22.82,520.35,A2356raw4.mat_Line2283
25,12,0,-240.96,-8.1,22.83,521.57,A2356raw4.mat_Line2284
25,12,0,-231.86,-8.272,22.84,598.71,A2356raw6.mat_Line2285
25,12,0,-234.76,-8.345,22.85,597.3,A2356raw6.mat_Line2286
25,12,0,-245.7,-8.346,22.86,526.66,A2356raw4.mat_Line2287
25,12,-0,-245.99,-8.429,22.87,527.76,A2356raw4.mat_Line2288
25,12,0,-246.08,-8.514,22.88,527.46,A2356raw4.mat_Line2289
25,12,0,-244.57,-8.585,22.89,525.93,A2356raw4.mat_Line2290
25,12,0,-243.21,-8.665,22.9,523.46,A2356raw4.mat_Line2291
25,12,0,-232.16,-8.831,22.91,607.41,A2356raw6.mat_Line2292
25,12,0,-241.26,-8.83,22.92,521.74,A2356raw4.mat_Line2293
25,12,0,-241.35,-8.903,22.93,522.65,A2356raw4.mat_Line2294
25,12,0,-242.16,-8.989,22.94,525.14,A2356raw4.mat_Line2295
25,12,0,-242.7,-9.068,22.95,527.45,A2356raw4.mat_Line2296
25,12,0,-238.16,-9.225,22.96,603.76,A2356raw6.mat_Line2297
25,12,0,-245.22,-9.23,22.97,531.63,A2356raw4.mat_Line2298
25,12,0,-246.28,-9.308,22.98,532.1,A2356raw4.mat_Line2299
25,12,0,-247.04,-9.399,22.99,531.33,A2356raw4.mat_Line2300
25,12,0,-246.32,-9.472,23,528.24,A2356raw4.mat_Line2301
25,12,0,-245.05,-9.542,23.01,524.84,A2356raw4.mat_Line2302
25,12,0,-244,-9.638,23.02,521.43,A2356raw4.mat_Line2303
25,12,0,-243.52,-9.721,23.03,519.4,A2356raw4.mat_Line2304
25,12,0,-243.76,-9.804,23.04,519.71,A2356raw4.mat_Line2305
25,12,0,-244.38,-9.874,23.05,521.86,A2356raw4.mat_Line2306
25,12,0,-244.88,-9.951,23.06,524.65,A2356raw4.mat_Line2307
25,12,0,-245.87,-10.034,23.07,527.59,A2356raw4.mat_Line2308
25,12,0,-246.75,-10.119,23.08,529.61,A2356raw4.mat_Line2309
25,12,0,-247.76,-10.193,23.09,530.85,A2356raw4.mat_Line2310
25,12,0,-247.35,-10.27,23.1,530.38,A2356raw4.mat_Line2311
25,12,0,-247.35,-10.351,23.11,527.74,A2356raw4.mat_Line2312
25,12,0,-246.78,-10.437,23.12,523.41,A2356raw4.mat_Line2313
25,12,0,-242.83,-10.583,23.13,606.26,A2356raw6.mat_Line2314
25,12,0,-245.18,-10.594,23.14,516.9,A2356raw4.mat_Line2315
25,12,0,-245.04,-10.664,23.15,516.74,A2356raw4.mat_Line2316
25,12,0,-245.4,-10.747,23.16,518.76,A2356raw4.mat_Line2317
25,12,0,-245.72,-10.827,23.17,521.84,A2356raw4.mat_Line2318
25,12,0,-246.68,-10.903,23.18,524.64,A2356raw4.mat_Line2319
25,12,0,-246.91,-10.988,23.19,526.19,A2356raw4.mat_Line2320
25,12,0,-248.26,-11.078,23.2,526.96,A2356raw4.mat_Line2321
25,12,0,-246.67,-11.303,23.22,602.94,A2356raw6.mat_Line2323
25,12,0,-248.68,-11.31,23.23,521.08,A2356raw4.mat_Line2324
25,12,0,-247.32,-11.377,23.24,516.74,A2356raw4.mat_Line2325
25,12,0,-246.62,-11.447,23.25,513.02,A2356raw4.mat_Line2326
25,12,0,-246.86,-11.536,23.26,512.41,A2356raw4.mat_Line2327
25,12,0,-247.07,-11.604,23.27,513.64,A2356raw4.mat_Line2328
25,12,0,-246.6,-11.735,23.28,604.82,A2356raw6.mat_Line2329
25,12,0,-246.57,-11.793,23.29,604.17,A2356raw6.mat_Line2330
25,12,0,-249.44,-11.793,23.3,521.07,A2356raw4.mat_Line2331
25,12,0,-250.49,-11.838,23.31,520.58,A2356raw4.mat_Line2332
25,12,0,-251.42,-11.896,23.32,520.41,A2356raw4.mat_Line2333
25,12,0,-251.34,-11.917,23.33,519.62,A2356raw4.mat_Line2334
25,12,0,-250.13,-11.959,23.34,518.39,A2356raw4.mat_Line2335
25,12,0,-249.21,-11.98,23.35,516.7,A2356raw4.mat_Line2336
25,12,0,-247.29,-11.999,23.36,514.83,A2356raw4.mat_Line2337
25,12,0,-246.69,-12.004,23.37,513.28,A2356raw4.mat_Line2338
25,12,0,-247.02,-12.009,23.38,513.45,A2356raw4.mat_Line2339
25,12,0,-247.9,-12.003,23.39,515.15,A2356raw4.mat_Line2340
25,12,0,-248.36,-11.986,23.4,517.17,A2356raw4.mat_Line2341
25,12,0,-249.31,-11.962,23.41,518.73,A2356raw4.mat_Line2342
25,12,0,-249.79,-11.95,23.42,519.35,A2356raw4.mat_Line2343
25,12,0,-250.36,-11.933,23.43,519.82,A2356raw4.mat_Line2344
25,12,0,-250.42,-11.917,23.44,520.13,A2356raw4.mat_Line2345
25,12,0,-249.86,-11.929,23.45,518.9,A2356raw4.mat_Line2346
25,12,0,-249.06,-11.917,23.46,516.6,A2356raw4.mat_Line2347
25,12,0,-248.45,-11.913,23.47,513.66,A2356raw4.mat_Line2348
25,12,0,-247.14,-11.904,23.48,511.5,A2356raw4.mat_Line2349
25,12,0,-246.47,-11.901,23.49,511.2,A2356raw4.mat_Line2350
25,12,0,-246.33,-11.914,23.5,512.91,A2356raw4.mat_Line2351
25,12,0,-246.12,-11.921,23.51,605.28,A2356raw6.mat_Line2352
25,12,0,-246.3,-11.906,23.52,605.9,A2356raw6.mat_Line2353
25,12,0,-247.01,-11.893,23.53,519.37,A2356raw4.mat_Line2354
25,12,0,-248.05,-11.881,23.54,519.51,A2356raw4.mat_Line2355
25,12,0,-249.13,-11.87,23.55,519.98,A2356raw4.mat_Line2356
25,12,0,-249.72,-11.853,23.56,520.29,A2356raw4.mat_Line2357
25,12,0,-248.9,-11.814,23.57,518.91,A2356raw4.mat_Line2358
25,12,0,-247.94,-11.791,23.58,517.22,A2356raw4.mat_Line2359
25,12,0,-246.41,-11.744,23.59,515.2,A2356raw4.mat_Line2360
25,12,0,-245.5,-11.691,23.6,514.09,A2356raw4.mat_Line2361
25,12,0,-244.98,-11.631,23.61,513.76,A2356raw4.mat_Line2362
25,12,0,-244.96,-11.559,23.62,515.14,A2356raw4.mat_Line2363
25,12,0,-245.35,-11.476,23.63,516.83,A2356raw4.mat_Line2364
25,12,0,-247.17,-11.382,23.64,517.77,A2356raw4.mat_Line2365
25,12,0,-247.43,-11.291,23.65,519.18,A2356raw4.mat_Line2366
25,12,0,-248.63,-11.195,23.66,520.12,A2356raw4.mat_Line2367
25,12,0,-249.2,-11.095,23.67,520.93,A2356raw4.mat_Line2368
25,12,0,-248.27,-11.011,23.68,520.48,A2356raw4.mat_Line2369
25,12,0,-246.44,-10.906,23.69,519.12,A2356raw4.mat_Line2370
25,12,0,-244.86,-10.832,23.7,517.28,A2356raw4.mat_Line2371
25,12,0,-243.94,-10.754,23.71,515.26,A2356raw4.mat_Line2372
25,12,0,-243.33,-10.651,23.72,514.49,A2356raw4.mat_Line2373
25,12,0,-243.5,-10.565,23.73,515.09,A2356raw4.mat_Line2374
25,12,0,-244.36,-10.5,23.74,517.89,A2356raw4.mat_Line2375
25,12,-0,-247.31,-10.352,23.75,602.21,A2356raw6.mat_Line2376
25,12,0,-245.45,-10.355,23.76,524.7,A2356raw4.mat_Line2377
25,12,0,-246.37,-10.285,23.77,527.02,A2356raw4.mat_Line2378
25,12,0,-246.88,-10.223,23.78,528.25,A2356raw4.mat_Line2379
25,12,0,-246.77,-10.152,23.79,527.79,A2356raw4.mat_Line2380
25,12,0,-246.12,-10.084,23.8,524.39,A2356raw4.mat_Line2381
25,12,0,-245.53,-10.023,23.81,520.05,A2356raw4.mat_Line2382
25,12,0,-244.66,-9.95,23.82,516.48,A2356raw4.mat_Line2383
25,12,0,-244.51,-9.884,23.83,514.77,A2356raw4.mat_Line2384
25,12,0,-244.41,-9.804,23.84,515.7,A2356raw4.mat_Line2385
25,12,0,-246.41,-9.655,23.85,601.42,A2356raw6.mat_Line2386
25,12,0,-244.56,-9.659,23.86,520.8,A2356raw4.mat_Line2387
25,12,0,-245.1,-9.58,23.87,523.42,A2356raw4.mat_Line2388
25,12,0,-246.39,-9.506,23.88,525.11,A2356raw4.mat_Line2389
25,12,0,-247.09,-9.417,23.89,525.87,A2356raw4.mat_Line2390
25,12,0,-249.62,-9.248,23.9,597.04,A2356raw6.mat_Line2391
25,12,0,-247.88,-9.264,23.91,524.35,A2356raw4.mat_Line2392
25,12,0,-246.58,-9.169,23.92,522.66,A2356raw4.mat_Line2393
25,12,0,-244.24,-9.088,23.93,522.68,A2356raw4.mat_Line2394
25,12,0,-247.03,-8.922,23.94,597.86,A2356raw6.mat_Line2395
25,12,0,-241.11,-8.903,23.95,525.49,A2356raw4.mat_Line2396
25,12,0,-240.62,-8.83,23.96,528.91,A2356raw4.mat_Line2397
25,12,0,-240.76,-8.728,23.97,532.63,A2356raw4.mat_Line2398
25,12,0,-241.09,-8.647,23.98,536.19,A2356raw4.mat_Line2399
25,12,0,-242.21,-8.554,23.99,539.12,A2356raw4.mat_Line2400
25,12,0,-242.85,-8.474,24,541.28,A2356raw4.mat_Line2401
25,12,0,-243.83,-8.386,24.01,543,A2356raw4.mat_Line2402
25,12,0,-241.41,-8.22,24.03,542.26,A2356raw4.mat_Line2404
25,12,0,-239.37,-8.16,24.04,541.2,A2356raw4.mat_Line2405
25,12,0,-237.64,-8.081,24.05,540.74,A2356raw4.mat_Line2406
25,12,0,-237.22,-7.998,24.06,541.05,A2356raw4.mat_Line2407
25,12,0,-237.06,-7.925,24.07,542.28,A2356raw4.mat_Line2408
25,12,0,-237.54,-7.866,24.08,545.05,A2356raw4.mat_Line2409
25,12,0,-238.23,-7.788,24.09,548.16,A2356raw4.mat_Line2410
25,12,0,-239.23,-7.719,24.1,551.4,A2356raw4.mat_Line2411
25,12,0,-240.25,-7.634,24.11,554.03,A2356raw4.mat_Line2412
25,12,0,-241.66,-7.57,24.12,556.05,A2356raw4.mat_Line2413
25,12,0,-242.2,-7.483,24.13,556.35,A2356raw4.mat_Line2414
25,12,0,-241.53,-7.423,24.14,554.36,A2356raw4.mat_Line2415
25,12,0,-239.71,-7.344,24.15,551.42,A2356raw4.mat_Line2416
25,12,0,-238.38,-7.252,24.16,549.09,A2356raw4.mat_Line2417
25,12,0,-237.85,-7.171,24.17,548.16,A2356raw4.mat_Line2418
25,12,0,-238.03,-7.098,24.18,549.08,A2356raw4.mat_Line2419
25,12,0,-238.45,-7.006,24.19,551.25,A2356raw4.mat_Line2420
25,12,0,-239.09,-6.93,24.2,554.19,A2356raw4.mat_Line2421
25,12,0,-240.23,-6.85,24.21,556.83,A2356raw4.mat_Line2422
25,12,0,-241.84,-6.768,24.22,559.61,A2356raw4.mat_Line2423
25,12,0,-243.62,-6.679,24.23,560.99,A2356raw4.mat_Line2424
25,12,0,-254.07,-6.502,24.24,582.77,A2356raw6.mat_Line2425
25,12,0,-244.97,-6.509,24.25,558.53,A2356raw4.mat_Line2426
25,12,0,-243.49,-6.429,24.26,555.12,A2356raw4.mat_Line2427
25,12,0,-242.29,-6.342,24.27,551.86,A2356raw4.mat_Line2428
25,12,0,-241.51,-6.261,24.28,550.32,A2356raw4.mat_Line2429
25,12,0,-254.72,-6.102,24.29,574.86,A2356raw6.mat_Line2430
25,12,0,-241.82,-6.105,24.3,552.48,A2356raw4.mat_Line2431
25,12,0,-242.34,-6.018,24.31,555.59,A2356raw4.mat_Line2432
25,12,0,-243.32,-5.943,24.32,558.68,A2356raw4.mat_Line2433
25,12,0,-244.68,-5.862,24.33,560.54,A2356raw4.mat_Line2434
25,12,0,-246.48,-5.779,24.34,561.15,A2356raw4.mat_Line2435
25,12,0,-247.29,-5.704,24.35,560.35,A2356raw4.mat_Line2436
25,12,0,-247.41,-5.627,24.36,558.18,A2356raw4.mat_Line2437
25,12,-0,-246.85,-5.55,24.37,554.01,A2356raw4.mat_Line2438
25,12,0,-246.38,-5.482,24.38,549.67,A2356raw4.mat_Line2439
25,12,0,-246.19,-5.402,24.39,547.04,A2356raw4.mat_Line2440
25,12,0,-246.3,-5.322,24.4,545.95,A2356raw4.mat_Line2441
25,12,0,-246.72,-5.248,24.41,546.56,A2356raw4.mat_Line2442
25,12,0,-246.63,-5.176,24.42,547.8,A2356raw4.mat_Line2443
25,12,0,-262.67,-5.006,24.43,543.79,A2356raw6.mat_Line2444
25,12,0,-264.25,-4.92,24.44,540.68,A2356raw6.mat_Line2445
25,12,0,-251.3,-4.931,24.45,549.16,A2356raw4.mat_Line2446
25,12,0,-253.08,-4.844,24.46,547.75,A2356raw4.mat_Line2447
25,12,0,-253.55,-4.758,24.47,545.26,A2356raw4.mat_Line2448
25,12,0,-253.05,-4.679,24.48,542.03,A2356raw4.mat_Line2449
25,12,0,-251.67,-4.618,24.49,537.85,A2356raw4.mat_Line2450
25,12,0,-251.29,-4.526,24.5,533.99,A2356raw4.mat_Line2451
25,12,0,-264.32,-4.353,24.51,516.33,A2356raw6.mat_Line2452
25,12,0,-264.16,-4.287,24.52,512.75,A2356raw6.mat_Line2453
25,12,0,-254.21,-4.283,24.53,525.59,A2356raw4.mat_Line2454
25,12,0,-255.84,-4.202,24.54,523.24,A2356raw4.mat_Line2455
25,12,0,-258.06,-4.116,24.55,520.43,A2356raw4.mat_Line2456
25,12,0,-269.62,-3.973,24.56,495.52,A2356raw6.mat_Line2457
25,12,0,-263.46,-3.956,24.57,514.8,A2356raw4.mat_Line2458
25,12,0,-264.29,-3.88,24.58,511.54,A2356raw4.mat_Line2459
25,12,0,-263.27,-3.716,24.6,504.59,A2356raw4.mat_Line2461
25,12,0,-262.15,-3.637,24.61,499.95,A2356raw4.mat_Line2462
25,12,0,-262.2,-3.567,24.62,495.14,A2356raw4.mat_Line2463
25,12,0,-262.72,-3.482,24.63,489.69,A2356raw4.mat_Line2464
25,12,-0,-265.8,-3.325,24.65,478.8,A2356raw4.mat_Line2466
25,12,0,-268.45,-3.247,24.66,473.33,A2356raw4.mat_Line2467
25,12,0,-274.43,-3.083,24.67,433.58,A2356raw6.mat_Line2468
25,12,0,-276.78,-3,24.68,426.44,A2356raw6.mat_Line2469
25,12,0,-276.11,-3.01,24.69,457.02,A2356raw4.mat_Line2470
25,12,0,-275.69,-2.928,24.7,450.98,A2356raw4.mat_Line2471
25,12,0,-274.03,-2.842,24.71,444.17,A2356raw4.mat_Line2472
25,12,0,-272.06,-2.772,24.72,437.51,A2356raw4.mat_Line2473
25,12,0,-270.24,-2.687,24.73,430.54,A2356raw4.mat_Line2474
25,12,0,-274.36,-2.372,24.77,401.51,A2356raw4.mat_Line2478
25,12,-0,-277.58,-2.295,24.78,392.81,A2356raw4.mat_Line2479
25,12,0,-280.43,-2.212,24.79,383.48,A2356raw4.mat_Line2480
25,12,0,-282.04,-2.132,24.8,374.48,A2356raw4.mat_Line2481
25,12,0,-280.03,-1.976,24.81,326.22,A2356raw6.mat_Line2482
25,12,-0,-279.04,-1.89,24.82,317.71,A2356raw6.mat_Line2483
25,12,0,-276.44,-1.815,24.83,309.96,A2356raw6.mat_Line2484
25,12,0,-272.79,-1.813,24.84,340.1,A2356raw4.mat_Line2485
25,12,0,-271.45,-1.647,24.86,323.36,A2356raw4.mat_Line2487
25,12,0,-273.03,-1.393,24.88,268.26,A2356raw6.mat_Line2489
25,12,0,-275.55,-1.304,24.89,257.86,A2356raw6.mat_Line2490
25,12,0,-277.34,-1.238,24.9,246.52,A2356raw6.mat_Line2491
25,12,0,-278.8,-1.15,24.91,234.88,A2356raw6.mat_Line2492
25,12,0,-282.99,-1.151,24.92,257.99,A2356raw4.mat_Line2493
25,12,0,-279.82,-1.074,24.93,246.99,A2356raw4.mat_Line2494
25,12,0,-273.71,-0.939,24.94,203.57,A2356raw6.mat_Line2495
25,12,0,-268.04,-0.554,24.99,157.08,A2356raw6.mat_Line2500
25,12,0,-276.87,-0.553,25,175.39,A2356raw4.mat_Line2501
25,12,0,-271.76,-0.365,25.01,132.56,A2356raw6.mat_Line2502
25,12,0,-272.31,-0.299,25.02,119.52,A2356raw6.mat_Line2503
25,12,0,-272.6,-0.206,25.03,107.11,A2356raw6.mat_Line2504
25,12,0,-270.13,-0.116,25.04,95.17,A2356raw6.mat_Line2505
25,12,0,-267.2,-0.047,25.05,84.18,A2356raw6.mat_Line2506
25,12,0,-259.87,0.191,25.08,55.23,A2356raw6.mat_Line2509
25,12,0,-260.04,0.261,25.09,44.53,A2356raw6.mat_Line2510
25,12,-0,-260.33,0.339,25.1,32.91,A2356raw6.mat_Line2511
25,12,0,-263.25,0.497,25.12,5.42,A2356raw6.mat_Line2513
25,12,0,-264.41,0.573,25.13,-9.03,A2356raw6.mat_Line2514
25,12,-0,-274.06,0.584,25.14,-3.75,A2356raw4.mat_Line2515
25,12,0,-263.62,0.74,25.15,-35.54,A2356raw6.mat_Line2516
25,12,0,-252.28,1.073,25.19,-76.24,A2356raw6.mat_Line2520
25,12,0,-252.06,1.15,25.2,-86.62,A2356raw6.mat_Line2521
25,12,0,-251.75,1.239,25.21,-98.73,A2356raw6.mat_Line2522
25,12,0,-258.97,1.214,25.22,-98.71,A2356raw4.mat_Line2523
25,12,0,-262.63,1.313,25.23,-114.87,A2356raw4.mat_Line2524
25,12,0,-265.17,1.386,25.24,-131.18,A2356raw4.mat_Line2525
25,12,0,-248.19,1.783,25.29,-186.11,A2356raw4.mat_Line2530
25,12,0,-245.38,1.863,25.3,-195.21,A2356raw4.mat_Line2531
25,12,0,-244.5,1.937,25.31,-206.69,A2356raw4.mat_Line2532
25,12,0,-244.15,2.098,25.32,-224,A2356raw6.mat_Line2533
25,12,0,-245.7,2.172,25.33,-236.43,A2356raw6.mat_Line2534
25,12,0,-247.08,2.261,25.34,-249.63,A2356raw6.mat_Line2535
25,12,0,-248.71,2.351,25.35,-262.2,A2356raw6.mat_Line2536
25,12,0,-250.08,2.43,25.37,-287.9,A2356raw4.mat_Line2538
25,12,-0,-245.86,2.512,25.38,-295.28,A2356raw4.mat_Line2539
25,12,0,-240.51,2.603,25.39,-301.28,A2356raw4.mat_Line2540
25,12,0,-238.42,2.834,25.41,-315.61,A2356raw6.mat_Line2542
25,12,0,-237.68,2.894,25.42,-323.65,A2356raw6.mat_Line2543
25,12,0,-238.22,2.973,25.43,-333.13,A2356raw6.mat_Line2544
25,12,0,-236.56,2.974,25.44,-346.25,A2356raw4.mat_Line2545
25,12,0,-239.88,3.126,25.45,-353.95,A2356raw6.mat_Line2546
25,12,0,-239.63,3.134,25.46,-370.18,A2356raw4.mat_Line2547
25,12,0,-239.16,3.223,25.47,-378.54,A2356raw4.mat_Line2548
25,12,0,-239.5,3.378,25.48,-380,A2356raw6.mat_Line2549
25,12,0,-234.22,3.535,25.5,-390.94,A2356raw6.mat_Line2551
25,12,0,-227.11,3.544,25.51,-392.33,A2356raw4.mat_Line2552
25,12,0,-224.87,3.618,25.52,-396.21,A2356raw4.mat_Line2553
25,12,0,-224.8,3.703,25.53,-402.42,A2356raw4.mat_Line2554
25,12,0,-226.76,3.784,25.54,-410.37,A2356raw4.mat_Line2555
25,12,0,-229.02,3.863,25.55,-419.69,A2356raw4.mat_Line2556
25,12,0,-231.87,4.021,25.56,-429.24,A2356raw6.mat_Line2557
25,12,0,-232.9,4.107,25.57,-436.22,A2356raw6.mat_Line2558
25,12,0,-234.84,4.177,25.58,-443.04,A2356raw6.mat_Line2559
25,12,-0,-233.99,4.183,25.59,-447.93,A2356raw4.mat_Line2560
25,12,0,-231.49,4.251,25.6,-450.71,A2356raw4.mat_Line2561
25,12,0,-227.57,4.336,25.61,-451.77,A2356raw4.mat_Line2562
25,12,0,-224,4.41,25.62,-452.68,A2356raw4.mat_Line2563
25,12,0,-225.2,4.576,25.63,-464.86,A2356raw6.mat_Line2564
25,12,0,-222.94,4.585,25.64,-457.95,A2356raw4.mat_Line2565
25,12,0,-225.3,4.754,25.65,-472.94,A2356raw6.mat_Line2566
25,12,0,-227.08,4.813,25.66,-478.37,A2356raw6.mat_Line2567
25,12,0,-232.15,4.818,25.67,-480.49,A2356raw4.mat_Line2568
25,12,0,-235.46,4.907,25.68,-488.43,A2356raw4.mat_Line2569
25,12,0,-237.74,4.986,25.69,-494.49,A2356raw4.mat_Line2570
25,12,0,-237.52,5.067,25.7,-498.21,A2356raw4.mat_Line2571
25,12,0,-235.86,5.152,25.71,-498.81,A2356raw4.mat_Line2572
25,12,0,-232.36,5.226,25.72,-497.56,A2356raw4.mat_Line2573
25,12,0,-229.4,5.382,25.73,-514.53,A2356raw6.mat_Line2574
25,12,0,-226.36,5.392,25.74,-494.57,A2356raw4.mat_Line2575
25,12,0,-226.56,5.471,25.75,-496.9,A2356raw4.mat_Line2576
25,12,0,-228.85,5.557,25.76,-501.7,A2356raw4.mat_Line2577
25,12,0,-228.02,5.713,25.77,-523.64,A2356raw6.mat_Line2578
25,12,0,-236.14,5.713,25.78,-516.49,A2356raw4.mat_Line2579
25,12,0,-239.74,5.786,25.79,-522.87,A2356raw4.mat_Line2580
25,12,0,-242.57,5.874,25.8,-527.86,A2356raw4.mat_Line2581
25,12,0,-243.58,5.951,25.81,-530.03,A2356raw4.mat_Line2582
25,12,0,-242.21,6.031,25.82,-529.26,A2356raw4.mat_Line2583
25,12,0,-239.44,6.121,25.83,-525.98,A2356raw4.mat_Line2584
25,12,0,-236.1,6.196,25.84,-521.61,A2356raw4.mat_Line2585
25,12,0,-232.85,6.266,25.85,-518.95,A2356raw4.mat_Line2586
25,12,0,-232.53,6.347,25.86,-518.78,A2356raw4.mat_Line2587
25,12,0,-233.9,6.428,25.87,-522.35,A2356raw4.mat_Line2588
25,12,0,-240.04,6.588,25.89,-535.27,A2356raw4.mat_Line2590
25,12,0,-243.99,6.667,25.9,-541.36,A2356raw4.mat_Line2591
25,12,0,-246.87,6.74,25.91,-545.26,A2356raw4.mat_Line2592
25,12,0,-249.01,6.833,25.92,-546.2,A2356raw4.mat_Line2593
25,12,0,-248.55,6.909,25.93,-544.03,A2356raw4.mat_Line2594
25,12,0,-246.2,6.989,25.94,-539.51,A2356raw4.mat_Line2595
25,12,0,-234.88,7.151,25.95,-583.41,A2356raw6.mat_Line2596
25,12,0,-240.04,7.168,25.96,-530.16,A2356raw4.mat_Line2597
25,12,0,-238.15,7.231,25.97,-529.52,A2356raw4.mat_Line2598
25,12,0,-238.49,7.32,25.98,-532.31,A2356raw4.mat_Line2599
25,12,0,-240.36,7.4,25.99,-537.74,A2356raw4.mat_Line2600
25,12,0,-242.86,7.48,26,-543.83,A2356raw4.mat_Line2601
25,12,-0,-246.45,7.56,26.01,-548.19,A2356raw4.mat_Line2602
25,12,0,-239.09,7.722,26.02,-597.37,A2356raw6.mat_Line2603
25,12,0,-241.42,7.795,26.03,-603.6,A2356raw6.mat_Line2604
25,12,0,-253.87,7.792,26.04,-547.95,A2356raw4.mat_Line2605
25,12,0,-252.95,7.882,26.05,-541.72,A2356raw4.mat_Line2606
25,12,0,-249.66,7.955,26.06,-534.7,A2356raw4.mat_Line2607
25,12,0,-246.98,8.033,26.07,-528.93,A2356raw4.mat_Line2608
25,12,0,-244.71,8.122,26.08,-525.36,A2356raw4.mat_Line2609
25,12,0,-244.76,8.196,26.09,-525.36,A2356raw4.mat_Line2610
25,12,0,-248.75,8.345,26.11,-533.78,A2356raw4.mat_Line2612
25,12,0,-251.78,8.428,26.12,-539.86,A2356raw4.mat_Line2613
25,12,0,-256.77,8.59,26.14,-546.58,A2356raw4.mat_Line2615
25,12,0,-257.22,8.668,26.15,-543.62,A2356raw4.mat_Line2616
25,12,0,-256.63,8.752,26.16,-536.31,A2356raw4.mat_Line2617
25,12,0,-253.68,8.836,26.17,-526.82,A2356raw4.mat_Line2618
25,12,0,-251.21,8.913,26.18,-517.01,A2356raw4.mat_Line2619
25,12,0,-249.69,8.992,26.19,-511.88,A2356raw4.mat_Line2620
25,12,0,-249.2,9.068,26.2,-512.35,A2356raw4.mat_Line2621
25,12,0,-249.29,9.155,26.21,-518.73,A2356raw4.mat_Line2622
25,12,0,-250.72,9.24,26.22,-526.96,A2356raw4.mat_Line2623
25,12,0,-252.69,9.307,26.23,-533.97,A2356raw4.mat_Line2624
25,12,0,-255.18,9.399,26.24,-539.28,A2356raw4.mat_Line2625
25,12,-0,-256.15,9.47,26.25,-541.6,A2356raw4.mat_Line2626
25,12,0,-257.01,9.553,26.26,-541.76,A2356raw4.mat_Line2627
25,12,0,-252.55,9.708,26.28,-526.04,A2356raw4.mat_Line2629
25,12,0,-251.47,9.794,26.29,-515.93,A2356raw4.mat_Line2630
25,12,0,-250.3,9.877,26.3,-507.25,A2356raw4.mat_Line2631
25,12,0,-250.45,9.953,26.31,-503.84,A2356raw4.mat_Line2632
25,12,0,-251.7,10.036,26.32,-504.93,A2356raw4.mat_Line2633
25,12,0,-240.81,10.191,26.33,-606.19,A2356raw6.mat_Line2634
25,12,0,-255.15,10.191,26.34,-516.01,A2356raw4.mat_Line2635
25,12,0,-257.52,10.266,26.35,-520.36,A2356raw4.mat_Line2636
25,12,-0,-258.66,10.338,26.36,-523.15,A2356raw4.mat_Line2637
25,12,0,-258.81,10.431,26.37,-523.16,A2356raw4.mat_Line2638
25,12,-0,-257.83,10.506,26.38,-520.49,A2356raw4.mat_Line2639
25,12,0,-256.3,10.6,26.39,-515.2,A2356raw4.mat_Line2640
25,12,0,-251.54,10.746,26.4,-610.6,A2356raw6.mat_Line2641
25,12,0,-252.2,10.755,26.41,-502.3,A2356raw4.mat_Line2642
25,12,-0,-251.76,10.828,26.42,-498.88,A2356raw4.mat_Line2643
25,12,0,-252.49,10.906,26.43,-499.21,A2356raw4.mat_Line2644
25,12,0,-252.74,10.99,26.44,-502.63,A2356raw4.mat_Line2645
25,12,0,-254.42,11.068,26.45,-507.46,A2356raw4.mat_Line2646
25,12,-0,-256.21,11.153,26.46,-512.43,A2356raw4.mat_Line2647
25,12,0,-258.26,11.244,26.47,-514.93,A2356raw4.mat_Line2648
25,12,0,-258.19,11.485,26.5,-510.4,A2356raw4.mat_Line2651
25,12,0,-255.74,11.554,26.51,-505.58,A2356raw4.mat_Line2652
25,12,0,-252.5,11.634,26.52,-500.14,A2356raw4.mat_Line2653
25,12,0,-250.7,11.685,26.53,-497.49,A2356raw4.mat_Line2654
25,12,-0,-248.64,11.757,26.54,-497.01,A2356raw4.mat_Line2655
25,12,0,-249.09,11.801,26.55,-499.18,A2356raw4.mat_Line2656
25,12,0,-250.25,11.85,26.56,-502.61,A2356raw4.mat_Line2657
25,12,0,-252.69,11.883,26.57,-504.93,A2356raw4.mat_Line2658
25,12,0,-249.05,11.945,26.58,-605.43,A2356raw6.mat_Line2659
25,12,0,-255.61,11.956,26.59,-506.13,A2356raw4.mat_Line2660
25,12,0,-255.17,11.977,26.6,-505.5,A2356raw4.mat_Line2661
25,12,0,-253.6,12,26.62,-503.67,A2356raw4.mat_Line2663
25,12,0,-251.87,12.008,26.63,-503.71,A2356raw4.mat_Line2664
25,12,0,-251.4,12.01,26.64,-503.74,A2356raw4.mat_Line2665
25,12,-0,-251.76,12.009,26.65,-505.78,A2356raw4.mat_Line2666
25,12,0,-252.26,12.008,26.66,-509.07,A2356raw4.mat_Line2667
25,12,0,-250.02,11.979,26.67,-615.32,A2356raw6.mat_Line2668
25,12,0,-252.56,11.985,26.68,-508.55,A2356raw4.mat_Line2669
25,12,0,-252.89,11.966,26.69,-501.05,A2356raw4.mat_Line2670
25,12,0,-251.59,11.955,26.7,-493.08,A2356raw4.mat_Line2671
25,12,0,-251.11,11.942,26.71,-486.83,A2356raw4.mat_Line2672
25,12,0,-250.21,11.927,26.72,-485.6,A2356raw4.mat_Line2673
25,12,0,-250.93,11.92,26.73,-489.66,A2356raw4.mat_Line2674
25,12,0,-251.76,11.912,26.74,-495.3,A2356raw4.mat_Line2675
25,12,0,-252.3,11.909,26.75,-501.75,A2356raw4.mat_Line2676
25,12,0,-252.28,11.89,26.76,-506.78,A2356raw4.mat_Line2677
25,12,0,-251.51,11.9,26.77,-508.98,A2356raw4.mat_Line2678
25,12,0,-251.65,11.902,26.78,-508.66,A2356raw4.mat_Line2679
25,12,0,-251.76,11.893,26.79,-505.5,A2356raw4.mat_Line2680
25,12,0,-251.26,11.883,26.8,-501.4,A2356raw4.mat_Line2681
25,12,0,-251.93,11.867,26.81,-497.44,A2356raw4.mat_Line2682
25,12,0,-251.61,11.83,26.82,-494.61,A2356raw4.mat_Line2683
25,12,0,-251.41,11.799,26.83,-492.87,A2356raw4.mat_Line2684
25,12,0,-251.13,11.763,26.84,-490.99,A2356raw4.mat_Line2685
25,12,0,-249.92,11.715,26.85,-491.46,A2356raw4.mat_Line2686
25,12,0,-248.74,11.664,26.86,-494.46,A2356raw4.mat_Line2687
25,12,0,-247.75,11.611,26.87,-500.57,A2356raw4.mat_Line2688
25,12,0,-254.06,11.461,26.88,-622.68,A2356raw6.mat_Line2689
25,12,0,-254.6,11.373,26.9,-521.49,A2356raw4.mat_Line2691
25,12,0,-256.02,11.277,26.91,-522.73,A2356raw4.mat_Line2692
25,12,0,-255.4,11.183,26.92,-519.76,A2356raw4.mat_Line2693
25,12,0,-254.87,11.083,26.93,-514.45,A2356raw4.mat_Line2694
25,12,0,-252.9,10.969,26.94,-505.38,A2356raw4.mat_Line2695
25,12,0,-250.5,10.874,26.95,-496.31,A2356raw4.mat_Line2696
25,12,0,-247.57,10.768,26.96,-488.38,A2356raw4.mat_Line2697
25,12,0,-249.54,10.577,26.97,-587.89,A2356raw6.mat_Line2698
25,12,0,-245.21,10.574,26.98,-483.29,A2356raw4.mat_Line2699
25,12,0,-247.5,10.486,26.99,-487.24,A2356raw4.mat_Line2700
25,12,0,-250.16,10.417,27,-496.18,A2356raw4.mat_Line2701
25,12,0,-251.39,10.332,27.01,-507.26,A2356raw4.mat_Line2702
25,12,0,-252.66,10.248,27.02,-516.77,A2356raw4.mat_Line2703
25,12,-0,-253.58,10.193,27.03,-521.87,A2356raw4.mat_Line2704
25,12,-0,-254.12,10.126,27.04,-522.45,A2356raw4.mat_Line2705
25,12,0,-253.68,10.073,27.05,-519.29,A2356raw4.mat_Line2706
25,12,0,-252.4,10.013,27.06,-513.94,A2356raw4.mat_Line2707
25,12,0,-252.64,9.883,27.07,-590.38,A2356raw6.mat_Line2708
25,12,-0,-247.65,9.888,27.08,-506.69,A2356raw4.mat_Line2709
25,12,0,-244.35,9.821,27.09,-507.94,A2356raw4.mat_Line2710
25,12,0,-241.93,9.754,27.1,-511.83,A2356raw4.mat_Line2711
25,12,0,-242.59,9.679,27.11,-516.35,A2356raw4.mat_Line2712
25,12,0,-249.35,9.518,27.12,-598.22,A2356raw6.mat_Line2713
25,12,0,-249.36,9.442,27.13,-597.77,A2356raw6.mat_Line2714
25,12,0,-250.55,9.364,27.14,-597.14,A2356raw6.mat_Line2715
25,12,0,-250.08,9.36,27.15,-531.32,A2356raw4.mat_Line2716
25,12,0,-254.76,9.198,27.16,-599.79,A2356raw6.mat_Line2717
25,12,0,-254.91,9.191,27.17,-538.64,A2356raw4.mat_Line2718
25,12,0,-254.5,9.102,27.18,-539.1,A2356raw4.mat_Line2719
25,12,0,-253.1,9.002,27.19,-534.44,A2356raw4.mat_Line2720
25,12,0,-254.33,8.822,27.2,-594.03,A2356raw6.mat_Line2721
25,12,0,-244.36,8.825,27.21,-516.68,A2356raw4.mat_Line2722
25,12,0,-242,8.74,27.22,-508.59,A2356raw4.mat_Line2723
25,12,0,-241.25,8.636,27.23,-507.49,A2356raw4.mat_Line2724
25,12,0,-242.59,8.553,27.24,-513.24,A2356raw4.mat_Line2725
25,12,0,-246.12,8.467,27.25,-524.3,A2356raw4.mat_Line2726
25,12,0,-253.91,8.293,27.26,-590.66,A2356raw6.mat_Line2727
25,12,0,-253.17,8.292,27.27,-545.81,A2356raw4.mat_Line2728
25,12,-0,-254.24,8.209,27.28,-552.04,A2356raw4.mat_Line2729
25,12,0,-253.39,8.137,27.29,-553.75,A2356raw4.mat_Line2730
25,12,0,-250.14,8.051,27.3,-549.99,A2356raw4.mat_Line2731
25,12,0,-247.02,8,27.31,-541.87,A2356raw4.mat_Line2732
25,12,0,-244.24,7.925,27.32,-533.76,A2356raw4.mat_Line2733
25,12,-0,-241.72,7.858,27.33,-529.38,A2356raw4.mat_Line2734
25,12,0,-250.43,7.728,27.34,-582.4,A2356raw6.mat_Line2735
25,12,0,-242.58,7.731,27.35,-536.97,A2356raw4.mat_Line2736
25,12,0,-244.6,7.665,27.36,-545.83,A2356raw4.mat_Line2737
25,12,0,-252.49,7.51,27.37,-582.56,A2356raw6.mat_Line2738
25,12,0,-248.05,7.51,27.38,-561.08,A2356raw4.mat_Line2739
25,12,0,-249.24,7.429,27.39,-564.69,A2356raw4.mat_Line2740
25,12,-0,-249.88,7.354,27.4,-565.29,A2356raw4.mat_Line2741
25,12,0,-258.91,7.197,27.41,-588.98,A2356raw6.mat_Line2742
25,12,0,-258.59,7.103,27.42,-587.43,A2356raw6.mat_Line2743
25,12,0,-242.91,7.036,27.44,-549.7,A2356raw4.mat_Line2745
25,12,0,-241.81,6.96,27.45,-549.52,A2356raw4.mat_Line2746
25,12,0,-242.06,6.874,27.46,-551.85,A2356raw4.mat_Line2747
25,12,0,-242.51,6.78,27.47,-556.52,A2356raw4.mat_Line2748
25,12,0,-244.56,6.685,27.48,-562.3,A2356raw4.mat_Line2749
25,12,0,-246.65,6.605,27.49,-567.77,A2356raw4.mat_Line2750
25,12,0,-258.61,6.428,27.5,-576.12,A2356raw6.mat_Line2751
25,12,0,-261.25,6.349,27.51,-578.16,A2356raw6.mat_Line2752
25,12,0,-251.48,6.335,27.52,-572.92,A2356raw4.mat_Line2753
25,12,0,-250.48,6.247,27.53,-568.71,A2356raw4.mat_Line2754
25,12,0,-247.97,6.179,27.54,-562.95,A2356raw4.mat_Line2755
25,12,0,-244.71,6.087,27.55,-556.56,A2356raw4.mat_Line2756
25,12,0,-255.37,5.932,27.56,-559.65,A2356raw6.mat_Line2757
25,12,0,-242.67,5.932,27.57,-553.76,A2356raw4.mat_Line2758
25,12,0,-258.58,5.703,27.59,-551.93,A2356raw6.mat_Line2760
25,12,0,-250.41,5.693,27.6,-565.94,A2356raw4.mat_Line2761
25,12,0,-253.14,5.617,27.61,-569.7,A2356raw4.mat_Line2762
25,12,0,-255.43,5.544,27.62,-570.49,A2356raw4.mat_Line2763
25,12,0,-256.44,5.461,27.63,-568,A2356raw4.mat_Line2764
25,12,0,-254.65,5.391,27.64,-562.24,A2356raw4.mat_Line2765
25,12,0,-252.41,5.315,27.65,-555.22,A2356raw4.mat_Line2766
25,12,0,-262.13,5.173,27.66,-538.3,A2356raw6.mat_Line2767
25,12,0,-260.04,5.079,27.67,-533.17,A2356raw6.mat_Line2768
25,12,-0,-258.66,5.004,27.68,-529.14,A2356raw6.mat_Line2769
25,12,0,-251.1,5.027,27.69,-542.5,A2356raw4.mat_Line2770
25,12,0,-254.29,4.936,27.7,-545.17,A2356raw4.mat_Line2771
25,12,-0,-257.18,4.861,27.71,-547.83,A2356raw4.mat_Line2772
25,12,0,-260.09,4.778,27.72,-548.79,A2356raw4.mat_Line2773
25,12,0,-262.08,4.698,27.73,-547.41,A2356raw4.mat_Line2774
25,12,0,-262.9,4.622,27.74,-544.15,A2356raw4.mat_Line2775
25,12,0,-259.4,4.449,27.76,-532.32,A2356raw4.mat_Line2777
25,12,0,-257.91,4.37,27.77,-525.48,A2356raw4.mat_Line2778
25,12,0,-257.22,4.284,27.78,-519.73,A2356raw4.mat_Line2779
25,12,0,-258.03,4.204,27.79,-515.56,A2356raw4.mat_Line2780
25,12,0,-259.72,4.121,27.8,-512.96,A2356raw4.mat_Line2781
25,12,0,-262.96,4.047,27.81,-511.28,A2356raw4.mat_Line2782
25,12,0,-268.06,3.883,27.83,-506.68,A2356raw4.mat_Line2784
25,12,0,-269.89,3.8,27.84,-502.81,A2356raw4.mat_Line2785
25,12,0,-271.22,3.72,27.85,-497.69,A2356raw4.mat_Line2786
25,12,0,-270.73,3.644,27.86,-491.63,A2356raw4.mat_Line2787
25,12,0,-270.86,3.487,27.87,-462.23,A2356raw6.mat_Line2788
25,12,0,-268.09,3.415,27.88,-455.86,A2356raw6.mat_Line2789
25,12,-0,-265.39,3.323,27.89,-448.71,A2356raw6.mat_Line2790
25,12,0,-264.6,3.329,27.9,-464.14,A2356raw4.mat_Line2791
25,12,0,-265.83,3.248,27.91,-458.1,A2356raw4.mat_Line2792
25,12,0,-267.19,3.159,27.92,-452.69,A2356raw4.mat_Line2793
25,12,0,-269.85,3.087,27.93,-447.74,A2356raw4.mat_Line2794
25,12,0,-267.36,2.921,27.94,-413.98,A2356raw6.mat_Line2795
25,12,0,-270.12,2.858,27.95,-409.35,A2356raw6.mat_Line2796
25,12,0,-273.9,2.779,27.96,-404.41,A2356raw6.mat_Line2797
25,12,0,-275.53,2.702,27.97,-398.68,A2356raw6.mat_Line2798
25,12,0,-275.05,2.701,27.98,-418.45,A2356raw4.mat_Line2799
25,12,0,-271.67,2.622,27.99,-409.9,A2356raw4.mat_Line2800
25,12,0,-268.36,2.54,28,-400.9,A2356raw4.mat_Line2801
25,12,0,-266.42,2.469,28.01,-391.12,A2356raw4.mat_Line2802
25,12,0,-265.24,2.301,28.02,-356.45,A2356raw6.mat_Line2803
25,12,0,-265.15,2.209,28.03,-347.45,A2356raw6.mat_Line2804
25,12,0,-274.1,2.135,28.05,-359.82,A2356raw4.mat_Line2806
25,12,0,-277.48,2.046,28.06,-352.85,A2356raw4.mat_Line2807
25,12,0,-279.32,1.962,28.07,-345.74,A2356raw4.mat_Line2808
25,12,-0,-275.37,1.799,28.08,-311.66,A2356raw6.mat_Line2809
25,12,0,-276.86,1.803,28.09,-329.76,A2356raw4.mat_Line2810
25,12,0,-268.68,1.572,28.11,-285.9,A2356raw6.mat_Line2812
25,12,0,-265.43,1.491,28.12,-275.17,A2356raw6.mat_Line2813
25,12,0,-262.99,1.481,28.13,-285.79,A2356raw4.mat_Line2814
25,12,0,-263.51,1.416,28.14,-275.08,A2356raw4.mat_Line2815
25,12,0,-265.7,1.33,28.15,-265.32,A2356raw4.mat_Line2816
25,12,0,-269.5,1.259,28.16,-256.64,A2356raw4.mat_Line2817
25,12,0,-263.38,1.095,28.17,-224.9,A2356raw6.mat_Line2818
25,12,0,-265.3,1.018,28.18,-217.31,A2356raw6.mat_Line2819
25,12,0,-267.16,0.934,28.19,-209.72,A2356raw6.mat_Line2820
25,12,0,-267.38,0.845,28.2,-201.35,A2356raw6.mat_Line2821
25,12,0,-265.53,0.778,28.21,-192.35,A2356raw6.mat_Line2822
25,12,0,-262.68,0.763,28.22,-199.09,A2356raw4.mat_Line2823
25,12,0,-258.39,0.673,28.23,-185.71,A2356raw4.mat_Line2824
25,12,0,-252.04,0.365,28.26,-132.68,A2356raw6.mat_Line2827
25,12,0,-252,0.282,28.27,-122.13,A2356raw6.mat_Line2828
25,12,0,-253.29,0.208,28.28,-113.15,A2356raw6.mat_Line2829
25,12,-0,-254.7,0.142,28.29,-104.48,A2356raw6.mat_Line2830
25,12,0,-265.42,0.132,28.3,-112.56,A2356raw4.mat_Line2831
25,12,-0,-257.17,-0.017,28.31,-86.51,A2356raw6.mat_Line2832
25,12,0,-255.99,-0.079,28.32,-75.81,A2356raw6.mat_Line2833
25,12,0,-246.89,-0.428,28.37,-20.57,A2356raw4.mat_Line2838
25,12,0,-248.71,-0.521,28.38,-9.9,A2356raw4.mat_Line2839
25,12,0,-250.94,-0.598,28.39,0.31,A2356raw4.mat_Line2840
25,12,-0,-245.99,-0.843,28.41,30.51,A2356raw6.mat_Line2842
25,12,0,-246.09,-0.915,28.42,41.19,A2356raw6.mat_Line2843
25,12,0,-236.16,-1.214,28.47,108.71,A2356raw4.mat_Line2848
25,12,0,-231.25,-1.382,28.48,121.86,A2356raw6.mat_Line2849
25,12,0,-231.39,-1.466,28.49,133.8,A2356raw6.mat_Line2850
25,12,0,-231.4,-1.546,28.5,144,A2356raw6.mat_Line2851
25,12,0,-231.67,-1.606,28.51,154.06,A2356raw6.mat_Line2852
25,12,0,-232.97,-1.701,28.52,164.12,A2356raw6.mat_Line2853
25,12,0,-233.3,-1.78,28.53,174.84,A2356raw6.mat_Line2854
25,12,0,-235.64,-1.791,28.54,191.65,A2356raw4.mat_Line2855
25,12,0,-230.87,-1.863,28.55,206.27,A2356raw4.mat_Line2856
25,12,0,-225.93,-2.022,28.56,213.09,A2356raw6.mat_Line2857
25,12,0,-223.53,-2.1,28.57,226.3,A2356raw6.mat_Line2858
25,12,0,-221.77,-2.185,28.58,238.28,A2356raw6.mat_Line2859
25,12,0,-220.53,-2.266,28.59,248.82,A2356raw6.mat_Line2860
25,12,0,-220.89,-2.354,28.6,258.26,A2356raw6.mat_Line2861
25,12,0,-225.2,-2.36,28.61,272.53,A2356raw4.mat_Line2862
25,12,0,-226.69,-2.425,28.62,281.35,A2356raw4.mat_Line2863
25,12,0,-228.35,-2.51,28.63,291.59,A2356raw4.mat_Line2864
25,12,0,-220.84,-2.898,28.67,323.71,A2356raw6.mat_Line2868
25,12,0,-218.91,-2.978,28.68,334.28,A2356raw6.mat_Line2869
25,12,0,-212.62,-2.977,28.69,352.34,A2356raw4.mat_Line2870
25,12,-0,-213.12,-3.055,28.7,359.96,A2356raw4.mat_Line2871
25,12,0,-215.28,-3.13,28.71,366.91,A2356raw4.mat_Line2872
25,12,0,-218,-3.299,28.72,365.92,A2356raw6.mat_Line2873
25,12,0,-220.17,-3.383,28.73,371.46,A2356raw6.mat_Line2874
25,12,0,-224.12,-3.545,28.76,399.25,A2356raw4.mat_Line2877
25,12,0,-220.79,-3.615,28.77,407.35,A2356raw4.mat_Line2878
25,12,0,-216.54,-3.697,28.78,415.28,A2356raw4.mat_Line2879
25,12,0,-219.99,-3.869,28.79,414.92,A2356raw6.mat_Line2880
25,12,0,-213.62,-3.87,28.8,429.89,A2356raw4.mat_Line2881
25,12,0,-217.21,-4.012,28.81,429.36,A2356raw6.mat_Line2882
25,12,0,-217.22,-4.088,28.82,434.92,A2356raw6.mat_Line2883
25,12,0,-220.94,-4.109,28.83,443.94,A2356raw4.mat_Line2884
25,12,0,-221.23,-4.27,28.84,443.12,A2356raw6.mat_Line2885
25,12,0,-227.85,-4.254,28.85,450.7,A2356raw4.mat_Line2886
25,12,0,-229.53,-4.34,28.86,455.34,A2356raw4.mat_Line2887
25,12,0,-227.92,-4.417,28.87,460.77,A2356raw4.mat_Line2888
25,12,0,-224.88,-4.489,28.88,466.22,A2356raw4.mat_Line2889
25,12,0,-225.43,-4.656,28.89,468.85,A2356raw6.mat_Line2890
25,12,0,-222.66,-4.745,28.9,475.21,A2356raw6.mat_Line2891
25,12,0,-217.39,-4.729,28.91,482.09,A2356raw4.mat_Line2892
25,12,0,-218.87,-4.828,28.92,486.45,A2356raw4.mat_Line2893
25,12,0,-221.19,-4.9,28.93,489.38,A2356raw4.mat_Line2894
25,12,0,-224.4,-4.968,28.94,491.04,A2356raw4.mat_Line2895
25,12,0,-228.33,-5.049,28.95,493.18,A2356raw4.mat_Line2896
25,12,0,-231.35,-5.136,28.96,495.17,A2356raw4.mat_Line2897
25,12,0,-232.24,-5.291,28.98,500.58,A2356raw4.mat_Line2899
25,12,0,-230.24,-5.378,28.99,503.25,A2356raw4.mat_Line2900
25,12,-0,-227.31,-5.455,29,505.91,A2356raw4.mat_Line2901
25,12,-0,-224.98,-5.543,29.01,508.73,A2356raw4.mat_Line2902
25,12,0,-223.5,-5.623,29.02,512.3,A2356raw4.mat_Line2903
25,12,0,-224.35,-5.709,29.03,515.71,A2356raw4.mat_Line2904
25,12,0,-228.55,-5.869,29.05,520.78,A2356raw4.mat_Line2906
25,12,0,-232.11,-5.943,29.06,521.99,A2356raw4.mat_Line2907
25,12,0,-226.86,-6.108,29.07,537.22,A2356raw6.mat_Line2908
25,12,0,-236.51,-6.104,29.08,524.11,A2356raw4.mat_Line2909
25,12,0,-237.26,-6.19,29.09,525.36,A2356raw4.mat_Line2910
25,12,0,-232.2,-6.342,29.1,541.81,A2356raw6.mat_Line2911
25,12,0,-233,-6.353,29.11,527.57,A2356raw4.mat_Line2912
25,12,0,-231.16,-6.433,29.12,529.3,A2356raw4.mat_Line2913
25,12,0,-226.6,-6.586,29.13,551.79,A2356raw6.mat_Line2914
25,12,0,-229.5,-6.585,29.14,534.9,A2356raw4.mat_Line2915
25,12,0,-230.16,-6.662,29.15,537.35,A2356raw4.mat_Line2916
25,12,0,-232.09,-6.731,29.16,538.57,A2356raw4.mat_Line2917
25,12,0,-234.54,-6.815,29.17,539.16,A2356raw4.mat_Line2918
25,12,0,-237.16,-6.909,29.18,539.44,A2356raw4.mat_Line2919
25,12,0,-240.18,-6.974,29.19,539.89,A2356raw4.mat_Line2920
25,12,0,-241.32,-7.066,29.2,540.51,A2356raw4.mat_Line2921
25,12,0,-240.93,-7.13,29.21,540.84,A2356raw4.mat_Line2922
25,12,0,-238.82,-7.216,29.22,541.18,A2356raw4.mat_Line2923
25,12,0,-236.63,-7.299,29.23,541.67,A2356raw4.mat_Line2924
25,12,0,-234.44,-7.385,29.24,543.09,A2356raw4.mat_Line2925
25,12,0,-234.26,-7.55,29.26,546.48,A2356raw4.mat_Line2927
25,12,-0,-235.38,-7.622,29.27,547.55,A2356raw4.mat_Line2928
25,12,0,-237.6,-7.702,29.28,547.97,A2356raw4.mat_Line2929
25,12,0,-239.79,-7.779,29.29,547.94,A2356raw4.mat_Line2930
25,12,0,-242.62,-7.862,29.3,548.87,A2356raw4.mat_Line2931
25,12,0,-244.32,-7.96,29.31,549.8,A2356raw4.mat_Line2932
25,12,0,-243.93,-8.023,29.32,550.27,A2356raw4.mat_Line2933
25,12,0,-233.97,-8.356,29.35,584.93,A2356raw6.mat_Line2936
25,12,0,-237.83,-8.349,29.36,549.88,A2356raw4.mat_Line2937
25,12,0,-237.3,-8.433,29.37,550.78,A2356raw4.mat_Line2938
25,12,0,-238.72,-8.508,29.38,551.4,A2356raw4.mat_Line2939
25,12,0,-239.46,-8.59,29.39,551.83,A2356raw4.mat_Line2940
25,12,0,-232.62,-8.756,29.4,592.82,A2356raw6.mat_Line2941
25,12,-0,-244.53,-8.756,29.41,553.98,A2356raw4.mat_Line2942
25,12,0,-245.7,-8.819,29.42,555.37,A2356raw4.mat_Line2943
25,12,0,-246.22,-8.915,29.43,556.31,A2356raw4.mat_Line2944
25,12,0,-245.71,-8.983,29.44,555.25,A2356raw4.mat_Line2945
25,12,0,-243.21,-9.066,29.45,553.87,A2356raw4.mat_Line2946
25,12,0,-241.56,-9.155,29.46,551.87,A2356raw4.mat_Line2947
25,12,0,-240.64,-9.232,29.47,550.94,A2356raw4.mat_Line2948
25,12,0,-236.74,-9.381,29.48,592.66,A2356raw6.mat_Line2949
25,12,0,-240.59,-9.38,29.49,552.46,A2356raw4.mat_Line2950
25,12,0,-241.46,-9.466,29.5,554.15,A2356raw4.mat_Line2951
25,12,0,-242.33,-9.552,29.51,555.99,A2356raw4.mat_Line2952
25,12,0,-243.88,-9.62,29.52,557.53,A2356raw4.mat_Line2953
25,12,0,-245.15,-9.714,29.53,558.93,A2356raw4.mat_Line2954
25,12,0,-245.65,-9.792,29.54,559.71,A2356raw4.mat_Line2955
25,12,0,-245.61,-9.865,29.55,558.64,A2356raw4.mat_Line2956
25,12,0,-244.41,-9.957,29.56,556.5,A2356raw4.mat_Line2957
25,12,0,-243.31,-10.027,29.57,553.55,A2356raw4.mat_Line2958
25,12,0,-241.63,-10.11,29.58,551.84,A2356raw4.mat_Line2959
25,12,0,-241.29,-10.187,29.59,552.3,A2356raw4.mat_Line2960
25,12,0,-241.08,-10.273,29.6,554.78,A2356raw4.mat_Line2961
25,12,0,-240.96,-10.346,29.61,557.87,A2356raw4.mat_Line2962
25,12,0,-241.76,-10.431,29.62,560.34,A2356raw4.mat_Line2963
25,12,0,-242.49,-10.517,29.63,562.04,A2356raw4.mat_Line2964
25,12,0,-244.46,-10.603,29.64,563.59,A2356raw4.mat_Line2965
25,12,0,-246.3,-10.676,29.65,563.59,A2356raw4.mat_Line2966
25,12,-0,-246.26,-10.753,29.66,561.89,A2356raw4.mat_Line2967
25,12,0,-245.74,-10.832,29.67,558.64,A2356raw4.mat_Line2968
25,12,0,-245.14,-10.912,29.68,554.46,A2356raw4.mat_Line2969
25,12,0,-243.88,-10.984,29.69,552.13,A2356raw4.mat_Line2970
25,12,0,-243.17,-11.065,29.7,551.51,A2356raw4.mat_Line2971
25,12,0,-244.34,-11.221,29.71,589.64,A2356raw6.mat_Line2972
25,12,0,-243.72,-11.304,29.72,590.56,A2356raw6.mat_Line2973
25,12,0,-243.55,-11.389,29.73,591.17,A2356raw6.mat_Line2974
25,12,0,-244.02,-11.383,29.74,561.73,A2356raw4.mat_Line2975
25,12,0,-245.01,-11.469,29.75,562.96,A2356raw4.mat_Line2976
25,12,0,-246.96,-11.535,29.76,563.26,A2356raw4.mat_Line2977
25,12,0,-248.32,-11.596,29.77,562.02,A2356raw4.mat_Line2978
25,12,0,-248.35,-11.671,29.78,559.39,A2356raw4.mat_Line2979
25,12,0,-247.6,-11.741,29.79,555.67,A2356raw4.mat_Line2980
25,12,0,-248.07,-11.843,29.8,589.13,A2356raw6.mat_Line2981
25,12,0,-246.43,-11.893,29.81,588.82,A2356raw6.mat_Line2982
25,12,0,-243.91,-11.881,29.82,553.64,A2356raw4.mat_Line2983
25,12,0,-243.56,-11.921,29.83,557.2,A2356raw4.mat_Line2984
25,12,0,-243.87,-11.946,29.84,561.39,A2356raw4.mat_Line2985
25,12,0,-244.65,-11.982,29.85,564.18,A2356raw4.mat_Line2986
25,12,0,-246.27,-11.996,29.86,565.24,A2356raw4.mat_Line2987
25,12,0,-247.79,-12.012,29.87,565.07,A2356raw4.mat_Line2988
25,12,0,-249.6,-11.997,29.88,563.04,A2356raw4.mat_Line2989
25,12,0,-249.93,-11.994,29.89,559.8,A2356raw4.mat_Line2990
25,12,0,-249.96,-11.984,29.9,556.25,A2356raw4.mat_Line2991
25,12,0,-248.41,-11.974,29.91,553.32,A2356raw4.mat_Line2992
25,12,0,-247.36,-11.943,29.92,552.11,A2356raw4.mat_Line2993
25,12,0,-245.85,-11.93,29.93,553.53,A2356raw4.mat_Line2994
25,12,0,-244.81,-11.929,29.94,556.32,A2356raw4.mat_Line2995
25,12,-0,-244.5,-11.919,29.95,560.38,A2356raw4.mat_Line2996
25,12,0,-244.1,-11.921,29.96,595.38,A2356raw6.mat_Line2997
25,12,0,-245.03,-11.92,29.97,566.25,A2356raw4.mat_Line2998
25,12,0,-246.14,-11.911,29.98,567.01,A2356raw4.mat_Line2999
25,12,0,-247.58,-11.913,29.99,566.38,A2356raw4.mat_Line3000
25,12,0,-249.11,-11.909,30,563.89,A2356raw4.mat_Line3001
25,12,0,-247.82,-11.911,30.01,560.65,A2356raw4.mat_Line3002
25,12,0,-246.42,-11.916,30.02,557.56,A2356raw4.mat_Line3003
25,12,-0,-245.53,-11.904,30.03,555.88,A2356raw4.mat_Line3004
25,12,0,-246.75,-11.87,30.04,589.92,A2356raw6.mat_Line3005
25,12,0,-246.1,-11.841,30.05,589.76,A2356raw6.mat_Line3006
25,12,0,-243.92,-11.853,30.06,559.42,A2356raw4.mat_Line3007
25,12,0,-244.37,-11.817,30.07,561.59,A2356raw4.mat_Line3008
25,12,0,-245.65,-11.784,30.08,563.12,A2356raw4.mat_Line3009
25,12,0,-247.93,-11.742,30.09,563.25,A2356raw4.mat_Line3010
25,12,0,-249.3,-11.694,30.1,561.82,A2356raw4.mat_Line3011
25,12,0,-250.36,-11.631,30.11,558.82,A2356raw4.mat_Line3012
25,12,0,-250.42,-11.549,30.12,554.65,A2356raw4.mat_Line3013
25,12,0,-247.52,-11.377,30.13,591.09,A2356raw6.mat_Line3014
25,12,-0,-249.8,-11.382,30.14,545.54,A2356raw4.mat_Line3015
25,12,0,-248.91,-11.294,30.15,543.86,A2356raw4.mat_Line3016
25,12,0,-248.22,-11.191,30.16,544.66,A2356raw4.mat_Line3017
25,12,0,-247.75,-11.09,30.17,547.15,A2356raw4.mat_Line3018
25,12,0,-247.25,-10.996,30.18,551.21,A2356raw4.mat_Line3019
25,12,0,-246.57,-10.909,30.19,555.24,A2356raw4.mat_Line3020
25,12,0,-246.89,-10.826,30.2,558.02,A2356raw4.mat_Line3021
25,12,-0,-248.38,-10.746,30.21,560.51,A2356raw4.mat_Line3022
25,12,0,-247,-10.594,30.22,591.34,A2356raw6.mat_Line3023
25,12,0,-248.56,-10.581,30.23,559.11,A2356raw4.mat_Line3024
25,12,0,-246.11,-10.422,30.25,554.66,A2356raw4.mat_Line3026
25,12,0,-248.42,-10.279,30.26,585.9,A2356raw6.mat_Line3027
25,12,0,-247.98,-10.219,30.27,585.6,A2356raw6.mat_Line3028
25,12,0,-246.91,-10.144,30.28,586.38,A2356raw6.mat_Line3029
25,12,0,-244.11,-10.152,30.29,555.57,A2356raw4.mat_Line3030
25,12,0,-244.55,-10.083,30.3,558.51,A2356raw4.mat_Line3031
25,12,0,-244.81,-10.02,30.31,561.61,A2356raw4.mat_Line3032
25,12,0,-245.28,-9.95,30.32,564.68,A2356raw4.mat_Line3033
25,12,0,-245.64,-9.875,30.33,567.02,A2356raw4.mat_Line3034
25,12,0,-247.05,-9.726,30.34,589.6,A2356raw6.mat_Line3035
25,12,0,-247.97,-9.655,30.35,588.2,A2356raw6.mat_Line3036
25,12,0,-248.88,-9.563,30.36,586.8,A2356raw6.mat_Line3037
25,12,0,-241.04,-9.579,30.37,564.12,A2356raw4.mat_Line3038
25,12,0,-239.29,-9.502,30.38,564.27,A2356raw4.mat_Line3039
25,12,0,-239.08,-9.427,30.39,565.66,A2356raw4.mat_Line3040
25,12,0,-238.54,-9.351,30.4,568.3,A2356raw4.mat_Line3041
25,12,0,-238.7,-9.258,30.41,571.55,A2356raw4.mat_Line3042
25,12,0,-247.49,-9.073,30.42,586.68,A2356raw6.mat_Line3043
25,12,0,-246.57,-8.99,30.43,586.82,A2356raw6.mat_Line3044
25,12,0,-247.32,-8.923,30.44,586.83,A2356raw6.mat_Line3045
25,12,0,-240.85,-8.916,30.45,579.78,A2356raw4.mat_Line3046
25,12,0,-240.91,-8.821,30.46,577.93,A2356raw4.mat_Line3047
25,12,0,-240.79,-8.73,30.47,574.98,A2356raw4.mat_Line3048
25,12,0,-239.88,-8.65,30.48,572.36,A2356raw4.mat_Line3049
25,12,0,-250.09,-8.481,30.49,581.55,A2356raw6.mat_Line3050
25,12,0,-249.16,-8.402,30.5,581.88,A2356raw6.mat_Line3051
25,12,0,-248.08,-8.312,30.51,582.35,A2356raw6.mat_Line3052
25,12,0,-238.53,-8.312,30.52,576.56,A2356raw4.mat_Line3053
25,12,0,-238.98,-8.223,30.53,579.81,A2356raw4.mat_Line3054
25,12,0,-240.23,-8.071,30.55,583.51,A2356raw4.mat_Line3056
25,12,-0,-249.36,-7.939,30.56,581.86,A2356raw6.mat_Line3057
25,12,0,-250.3,-7.861,30.57,581.53,A2356raw6.mat_Line3058
25,12,0,-242.52,-7.862,30.58,580.09,A2356raw4.mat_Line3059
25,12,-0,-251.15,-7.712,30.59,579.99,A2356raw6.mat_Line3060
25,12,0,-241.15,-7.703,30.6,577.01,A2356raw4.mat_Line3061
25,12,0,-240.62,-7.642,30.61,577.94,A2356raw4.mat_Line3062
25,12,0,-240.26,-7.561,30.62,579.65,A2356raw4.mat_Line3063
25,12,0,-239.66,-7.483,30.63,581.82,A2356raw4.mat_Line3064
25,12,0,-240.3,-7.407,30.64,584.28,A2356raw4.mat_Line3065
25,12,0,-250.08,-7.241,30.65,578.45,A2356raw6.mat_Line3066
25,12,0,-242.29,-7.255,30.66,586.43,A2356raw4.mat_Line3067
25,12,-0,-244.26,-7.175,30.67,586.43,A2356raw4.mat_Line3068
25,12,0,-245.19,-7.092,30.68,585.02,A2356raw4.mat_Line3069
25,12,0,-245.07,-7.009,30.69,583.48,A2356raw4.mat_Line3070
25,12,0,-244.47,-6.929,30.7,581.64,A2356raw4.mat_Line3071
25,12,-0,-253.81,-6.757,30.71,573.02,A2356raw6.mat_Line3072
25,12,0,-252.71,-6.668,30.72,571.31,A2356raw6.mat_Line3073
25,12,0,-252.36,-6.588,30.73,569.93,A2356raw6.mat_Line3074
25,12,0,-242.35,-6.596,30.74,582.26,A2356raw4.mat_Line3075
25,12,0,-242.9,-6.522,30.75,582.88,A2356raw4.mat_Line3076
25,12,0,-243.85,-6.435,30.76,582.86,A2356raw4.mat_Line3077
25,12,0,-245.53,-6.352,30.77,583.02,A2356raw4.mat_Line3078
25,12,0,-246.88,-6.271,30.78,582.7,A2356raw4.mat_Line3079
25,12,0,-256.82,-6.11,30.79,560.88,A2356raw6.mat_Line3080
25,12,0,-258.17,-6.032,30.8,559.79,A2356raw6.mat_Line3081
25,12,0,-247.26,-6.027,30.81,579.15,A2356raw4.mat_Line3082
25,12,0,-246.7,-5.945,30.82,577,A2356raw4.mat_Line3083
25,12,0,-245.8,-5.86,30.83,575.6,A2356raw4.mat_Line3084
25,12,0,-246.48,-5.79,30.84,574.83,A2356raw4.mat_Line3085
25,12,0,-245.9,-5.714,30.85,573.86,A2356raw4.mat_Line3086
25,12,0,-247.19,-5.626,30.86,573.41,A2356raw4.mat_Line3087
25,12,0,-258.38,-5.482,30.87,545.36,A2356raw6.mat_Line3088
25,12,0,-249.8,-5.467,30.88,571.36,A2356raw4.mat_Line3089
25,12,0,-252.15,-5.399,30.89,570.56,A2356raw4.mat_Line3090
25,12,0,-253.47,-5.318,30.9,569.01,A2356raw4.mat_Line3091
25,12,0,-254.3,-5.246,30.91,567.15,A2356raw4.mat_Line3092
25,12,0,-253.63,-5.167,30.92,564.84,A2356raw4.mat_Line3093
25,12,0,-252.43,-5.076,30.93,561.74,A2356raw4.mat_Line3094
25,12,0,-263.98,-4.917,30.94,527.04,A2356raw6.mat_Line3095
25,12,0,-263.19,-4.848,30.95,524.09,A2356raw6.mat_Line3096
25,12,0,-253.67,-4.844,30.96,553.97,A2356raw4.mat_Line3097
25,12,0,-255.29,-4.775,30.97,551.32,A2356raw4.mat_Line3098
25,12,0,-262,-4.6,30.98,514.95,A2356raw6.mat_Line3099
25,12,0,-259.24,-4.605,30.99,546.17,A2356raw4.mat_Line3100
25,12,0,-261.91,-4.526,31,543.21,A2356raw4.mat_Line3101
25,12,-0,-263.51,-4.449,31.01,540.41,A2356raw4.mat_Line3102
25,12,0,-264.5,-4.371,31.02,537.61,A2356raw4.mat_Line3103
25,12,0,-269.37,-4.115,31.04,491.32,A2356raw6.mat_Line3105
25,12,0,-262.11,-4.128,31.05,526.61,A2356raw4.mat_Line3106
25,12,0,-262.52,-4.036,31.06,522.28,A2356raw4.mat_Line3107
25,12,0,-262.92,-3.96,31.07,517.6,A2356raw4.mat_Line3108
25,12,0,-264.39,-3.879,31.08,512.78,A2356raw4.mat_Line3109
25,12,0,-266.18,-3.804,31.09,508.11,A2356raw4.mat_Line3110
25,12,0,-268.56,-3.73,31.1,503.44,A2356raw4.mat_Line3111
25,12,0,-265.36,-3.559,31.11,460.47,A2356raw6.mat_Line3112
25,12,0,-274.22,-3.565,31.12,493.64,A2356raw4.mat_Line3113
25,12,0,-275.46,-3.485,31.13,488.83,A2356raw4.mat_Line3114
25,12,0,-273.68,-3.319,31.15,477.07,A2356raw4.mat_Line3116
25,12,-0,-271.48,-3.246,31.16,471.04,A2356raw4.mat_Line3117
25,12,-0,-271.12,-3.086,31.17,424.48,A2356raw6.mat_Line3118
25,12,0,-269.93,-3,31.18,418.43,A2356raw6.mat_Line3119
25,12,0,-270.06,-2.929,31.2,447.14,A2356raw4.mat_Line3121
25,12,0,-272.3,-2.842,31.21,439.99,A2356raw4.mat_Line3122
25,12,0,-275.98,-2.771,31.22,432.68,A2356raw4.mat_Line3123
25,12,0,-279.1,-2.69,31.23,424.45,A2356raw4.mat_Line3124
25,12,0,-279.95,-2.607,31.24,416.53,A2356raw4.mat_Line3125
25,12,0,-275.79,-2.445,31.25,370.29,A2356raw6.mat_Line3126
25,12,0,-277.31,-2.294,31.27,353.52,A2356raw6.mat_Line3128
25,12,0,-271.23,-2.292,31.28,386.34,A2356raw4.mat_Line3129
25,12,0,-269.92,-2.211,31.29,379.36,A2356raw4.mat_Line3130
25,12,0,-269.61,-2.132,31.3,372.23,A2356raw4.mat_Line3131
25,12,0,-271.55,-2.046,31.31,364.32,A2356raw4.mat_Line3132
25,12,0,-272.16,-1.818,31.33,308.28,A2356raw6.mat_Line3134
25,12,-0,-272.98,-1.734,31.34,299.59,A2356raw6.mat_Line3135
25,12,0,-274.7,-1.651,31.35,290.12,A2356raw6.mat_Line3136
25,12,0,-282.42,-1.652,31.36,313.21,A2356raw4.mat_Line3137
25,12,0,-279.73,-1.569,31.37,303.45,A2356raw4.mat_Line3138
25,12,0,-275.7,-1.469,31.38,294.94,A2356raw4.mat_Line3139
25,12,0,-270.45,-1.304,31.4,278.69,A2356raw4.mat_Line3141
25,12,-0,-268.82,-0.999,31.43,214.63,A2356raw6.mat_Line3144
25,12,0,-281.03,-0.922,31.45,225.92,A2356raw4.mat_Line3146
25,12,0,-282.45,-0.862,31.46,212.55,A2356raw4.mat_Line3147
25,12,0,-282.07,-0.793,31.47,199.83,A2356raw4.mat_Line3148
25,12,0,-273.84,-0.626,31.48,160.78,A2356raw6.mat_Line3149
25,12,0,-273.59,-0.547,31.49,148.52,A2356raw6.mat_Line3150
25,12,0,-266.64,-0.283,31.53,142.1,A2356raw4.mat_Line3154
25,12,0,-268.79,-0.202,31.54,130.16,A2356raw4.mat_Line3155
25,12,0,-261.17,-0.047,31.55,89.04,A2356raw6.mat_Line3156
25,12,-0,-261.82,0.029,31.56,78.35,A2356raw6.mat_Line3157
25,12,0,-263.01,0.108,31.57,66.39,A2356raw6.mat_Line3158
25,12,0,-264.77,0.198,31.58,52.88,A2356raw6.mat_Line3159
25,12,0,-266.62,0.266,31.59,39.53,A2356raw6.mat_Line3160
25,12,0,-266.97,0.348,31.6,25.87,A2356raw6.mat_Line3161
25,12,0,-256.5,0.656,31.64,-18.57,A2356raw6.mat_Line3165
25,12,0,-254.21,0.739,31.65,-28.8,A2356raw6.mat_Line3166
25,12,0,-253.26,0.831,31.66,-39.18,A2356raw6.mat_Line3167
25,12,0,-253.6,0.912,31.67,-50.97,A2356raw6.mat_Line3168
25,12,0,-254.34,0.988,31.68,-63.85,A2356raw6.mat_Line3169
25,12,0,-269.04,0.987,31.69,-68.72,A2356raw4.mat_Line3170
25,12,0,-257.84,1.161,31.7,-90.24,A2356raw6.mat_Line3171
25,12,0,-249.98,1.478,31.75,-130.28,A2356raw4.mat_Line3176
25,12,-0,-251.93,1.534,31.76,-143.94,A2356raw4.mat_Line3177
25,12,0,-254.74,1.631,31.77,-159.33,A2356raw4.mat_Line3178
25,12,0,-257.59,1.705,31.78,-175.64,A2356raw4.mat_Line3179
25,12,0,-247.14,1.854,31.79,-188.96,A2356raw6.mat_Line3180
25,12,0,-248.84,1.935,31.8,-202.32,A2356raw6.mat_Line3181
25,12,0,-250.59,2.022,31.81,-215.53,A2356raw6.mat_Line3182
25,12,0,-251.34,2.103,31.82,-228.41,A2356raw6.mat_Line3183
25,12,0,-248.22,2.101,31.83,-234.96,A2356raw4.mat_Line3184
25,12,0,-243.77,2.178,31.84,-241.74,A2356raw4.mat_Line3185
25,12,0,-241.79,2.274,31.85,-249.62,A2356raw4.mat_Line3186
25,12,0,-241.16,2.35,31.86,-259.7,A2356raw4.mat_Line3187
25,12,0,-242.47,2.514,31.87,-273.91,A2356raw6.mat_Line3188
25,12,0,-241.22,2.603,31.88,-282.6,A2356raw6.mat_Line3189
25,12,0,-241.26,2.666,31.89,-292.38,A2356raw6.mat_Line3190
25,12,0,-241.93,2.754,31.9,-303.39,A2356raw6.mat_Line3191
25,12,0,-243.02,2.812,31.91,-315.05,A2356raw6.mat_Line3192
25,12,0,-246.69,2.821,31.92,-333.16,A2356raw4.mat_Line3193
25,12,0,-241.77,2.894,31.93,-339.31,A2356raw4.mat_Line3194
25,12,0,-240.32,3.149,31.95,-353.18,A2356raw6.mat_Line3196
25,12,0,-234.19,3.299,31.97,-364.89,A2356raw6.mat_Line3198
25,12,0,-232.22,3.384,31.98,-370,A2356raw6.mat_Line3199
25,12,0,-233.8,3.381,31.99,-381.42,A2356raw4.mat_Line3200
25,12,0,-235.32,3.459,32,-392,A2356raw4.mat_Line3201
25,12,0,-236.5,3.54,32.01,-401.48,A2356raw4.mat_Line3202
25,12,0,-237.27,3.628,32.02,-408.45,A2356raw4.mat_Line3203
25,12,0,-233.49,3.862,32.04,-416.71,A2356raw6.mat_Line3205
25,12,0,-229.32,3.865,32.05,-417.18,A2356raw4.mat_Line3206
25,12,0,-225.64,3.946,32.06,-419.01,A2356raw4.mat_Line3207
25,12,0,-223.41,4.036,32.07,-421.96,A2356raw4.mat_Line3208
25,12,0,-223.17,4.101,32.08,-427.87,A2356raw4.mat_Line3209
25,12,0,-224.79,4.183,32.09,-435.01,A2356raw4.mat_Line3210
25,12,-0,-227.36,4.257,32.1,-444.02,A2356raw4.mat_Line3211
25,12,0,-226.08,4.429,32.11,-449.36,A2356raw6.mat_Line3212
25,12,0,-226.71,4.503,32.12,-455.12,A2356raw6.mat_Line3213
25,12,0,-229.13,4.579,32.13,-461.02,A2356raw6.mat_Line3214
25,12,0,-234.9,4.568,32.14,-474,A2356raw4.mat_Line3215
25,12,0,-232.94,4.652,32.15,-476.32,A2356raw4.mat_Line3216
25,12,0,-228.92,4.748,32.16,-476.61,A2356raw4.mat_Line3217
25,12,-0,-225.25,4.827,32.17,-476.42,A2356raw4.mat_Line3218
25,12,0,-223.08,4.908,32.18,-477.34,A2356raw4.mat_Line3219
25,12,0,-223.2,4.981,32.19,-480.28,A2356raw4.mat_Line3220
25,12,0,-225.69,5.059,32.2,-486.67,A2356raw4.mat_Line3221
25,12,0,-229.28,5.142,32.21,-494.59,A2356raw4.mat_Line3222
25,12,0,-232.54,5.222,32.22,-503.47,A2356raw4.mat_Line3223
25,12,0,-236.53,5.319,32.23,-511.24,A2356raw4.mat_Line3224
25,12,0,-239.23,5.388,32.24,-516.99,A2356raw4.mat_Line3225
25,12,0,-239.38,5.477,32.25,-520.1,A2356raw4.mat_Line3226
25,12,0,-235.21,5.627,32.26,-517.33,A2356raw6.mat_Line3227
25,12,0,-233.49,5.633,32.27,-518.51,A2356raw4.mat_Line3228
25,12,0,-229.54,5.7,32.28,-516.32,A2356raw4.mat_Line3229
25,12,0,-226.98,5.795,32.29,-515.2,A2356raw4.mat_Line3230
25,12,0,-227.14,5.869,32.3,-517.37,A2356raw4.mat_Line3231
25,12,0,-228.37,5.951,32.31,-521.87,A2356raw4.mat_Line3232
25,12,0,-232.06,6.034,32.32,-528.87,A2356raw4.mat_Line3233
25,12,0,-235.89,6.107,32.33,-536.03,A2356raw4.mat_Line3234
25,12,0,-229.3,6.276,32.34,-533.73,A2356raw6.mat_Line3235
25,12,0,-243.84,6.269,32.35,-547.1,A2356raw4.mat_Line3236
25,12,0,-244.61,6.347,32.36,-549.44,A2356raw4.mat_Line3237
25,12,0,-243.07,6.422,32.37,-548.96,A2356raw4.mat_Line3238
25,12,0,-239.56,6.505,32.38,-545.53,A2356raw4.mat_Line3239
25,12,0,-236,6.587,32.39,-542.57,A2356raw4.mat_Line3240
25,12,0,-232.97,6.67,32.4,-540.06,A2356raw4.mat_Line3241
25,12,0,-231.77,6.754,32.41,-540.65,A2356raw4.mat_Line3242
25,12,0,-232.75,6.821,32.42,-544.83,A2356raw4.mat_Line3243
25,12,0,-235.38,6.913,32.43,-551.05,A2356raw4.mat_Line3244
25,12,0,-238.45,6.983,32.44,-558.07,A2356raw4.mat_Line3245
25,12,0,-242.94,7.076,32.45,-563.38,A2356raw4.mat_Line3246
25,12,0,-245.78,7.156,32.46,-566.66,A2356raw4.mat_Line3247
25,12,0,-248.61,7.222,32.47,-566.68,A2356raw4.mat_Line3248
25,12,0,-248.88,7.303,32.48,-563.26,A2356raw4.mat_Line3249
25,12,0,-247.02,7.39,32.49,-558.45,A2356raw4.mat_Line3250
25,12,0,-243.59,7.476,32.5,-553.92,A2356raw4.mat_Line3251
25,12,0,-239.69,7.56,32.51,-551.09,A2356raw4.mat_Line3252
25,12,0,-237.65,7.633,32.52,-551.39,A2356raw4.mat_Line3253
25,12,0,-237.27,7.722,32.53,-554.47,A2356raw4.mat_Line3254
25,12,0,-238.68,7.799,32.54,-559.45,A2356raw4.mat_Line3255
25,12,0,-241.95,7.882,32.55,-564.14,A2356raw4.mat_Line3256
25,12,0,-245.91,7.955,32.56,-567.9,A2356raw4.mat_Line3257
25,12,0,-249.44,8.028,32.57,-570.73,A2356raw4.mat_Line3258
25,12,0,-253.29,8.112,32.58,-570.9,A2356raw4.mat_Line3259
25,12,0,-253.97,8.183,32.59,-568.11,A2356raw4.mat_Line3260
25,12,0,-250.41,8.358,32.61,-555.48,A2356raw4.mat_Line3262
25,12,0,-246.96,8.425,32.62,-549.87,A2356raw4.mat_Line3263
25,12,0,-244.62,8.518,32.63,-546.75,A2356raw4.mat_Line3264
25,12,0,-243.66,8.597,32.64,-547.23,A2356raw4.mat_Line3265
25,12,0,-244.96,8.663,32.65,-551.89,A2356raw4.mat_Line3266
25,12,0,-247.66,8.746,32.66,-558.28,A2356raw4.mat_Line3267
25,12,0,-250.06,8.836,32.67,-563.43,A2356raw4.mat_Line3268
25,12,0,-253.95,8.91,32.68,-566.72,A2356raw4.mat_Line3269
25,12,0,-256.81,8.998,32.69,-566.43,A2356raw4.mat_Line3270
25,12,0,-257.61,9.079,32.7,-562.4,A2356raw4.mat_Line3271
25,12,0,-256.85,9.148,32.71,-555.08,A2356raw4.mat_Line3272
25,12,0,-254.4,9.231,32.72,-546.21,A2356raw4.mat_Line3273
25,12,-0,-249.21,9.392,32.74,-534.51,A2356raw4.mat_Line3275
25,12,0,-248.37,9.473,32.75,-536.06,A2356raw4.mat_Line3276
25,12,0,-249.32,9.553,32.76,-541.21,A2356raw4.mat_Line3277
25,12,0,-250.86,9.638,32.77,-547.9,A2356raw4.mat_Line3278
25,12,0,-253.62,9.719,32.78,-553.52,A2356raw4.mat_Line3279
25,12,0,-256.2,9.79,32.79,-557.27,A2356raw4.mat_Line3280
25,12,0,-257.64,9.878,32.8,-558.84,A2356raw4.mat_Line3281
25,12,0,-258.26,9.957,32.81,-556.5,A2356raw4.mat_Line3282
25,12,0,-257.31,10.039,32.82,-549.49,A2356raw4.mat_Line3283
25,12,0,-255.06,10.118,32.83,-540.63,A2356raw4.mat_Line3284
25,12,0,-252.79,10.188,32.84,-531.61,A2356raw4.mat_Line3285
25,12,0,-251.36,10.269,32.85,-525.55,A2356raw4.mat_Line3286
25,12,0,-251.05,10.349,32.86,-524.16,A2356raw4.mat_Line3287
25,12,0,-251.28,10.433,32.87,-527.11,A2356raw4.mat_Line3288
25,12,0,-252.63,10.506,32.88,-533.18,A2356raw4.mat_Line3289
25,12,0,-254.7,10.589,32.89,-538.18,A2356raw4.mat_Line3290
25,12,0,-256.33,10.663,32.9,-540.83,A2356raw4.mat_Line3291
25,12,0,-258.5,10.752,32.91,-541.47,A2356raw4.mat_Line3292
25,12,0,-260.15,10.832,32.92,-539.61,A2356raw4.mat_Line3293
25,12,0,-259.7,10.908,32.93,-536.01,A2356raw4.mat_Line3294
25,12,0,-257.02,10.987,32.94,-531.17,A2356raw4.mat_Line3295
25,12,0,-254.31,11.075,32.95,-527.13,A2356raw4.mat_Line3296
25,12,0,-252.21,11.151,32.96,-523.86,A2356raw4.mat_Line3297
25,12,0,-251.62,11.231,32.97,-522.01,A2356raw4.mat_Line3298
25,12,0,-250.77,11.393,32.98,-595.4,A2356raw6.mat_Line3299
25,12,0,-252.63,11.399,32.99,-526.52,A2356raw4.mat_Line3300
25,12,0,-254.39,11.469,33,-530.42,A2356raw4.mat_Line3301
25,12,0,-256.12,11.552,33.01,-532.92,A2356raw4.mat_Line3302
25,12,0,-258.27,11.628,33.02,-533.7,A2356raw4.mat_Line3303
25,12,-0,-258.46,11.697,33.03,-533.08,A2356raw4.mat_Line3304
25,12,0,-258.55,11.753,33.04,-529.95,A2356raw4.mat_Line3305
25,12,0,-257.24,11.806,33.05,-525.75,A2356raw4.mat_Line3306
25,12,0,-256.12,11.851,33.06,-519.52,A2356raw4.mat_Line3307
25,12,0,-251.2,11.922,33.08,-509.09,A2356raw4.mat_Line3309
25,12,0,-249.43,11.947,33.09,-507.66,A2356raw4.mat_Line3310
25,12,0,-248.36,11.966,33.1,-510.44,A2356raw4.mat_Line3311
25,12,0,-248.64,11.988,33.11,-516.03,A2356raw4.mat_Line3312
25,12,0,-251.9,12.006,33.12,-522.28,A2356raw4.mat_Line3313
25,12,0,-255.67,12.006,33.13,-529.48,A2356raw4.mat_Line3314
25,12,0,-259.88,12.006,33.14,-534.65,A2356raw4.mat_Line3315
25,12,0,-263.13,12.005,33.15,-538.57,A2356raw4.mat_Line3316
25,12,0,-263.3,12.009,33.16,-538.43,A2356raw4.mat_Line3317
25,12,0,-260.05,11.998,33.17,-532.84,A2356raw4.mat_Line3318
25,12,0,-255.88,11.995,33.18,-522.08,A2356raw4.mat_Line3319
25,12,0,-250.94,11.975,33.19,-508.49,A2356raw4.mat_Line3320
25,12,0,-245.07,11.956,33.2,-497.24,A2356raw4.mat_Line3321
25,12,0,-242.39,11.946,33.21,-490.97,A2356raw4.mat_Line3322
25,12,0,-242.84,11.932,33.22,-492.52,A2356raw4.mat_Line3323
25,12,0,-246.84,11.92,33.23,-501.42,A2356raw4.mat_Line3324
25,12,0,-252.16,11.912,33.24,-514.69,A2356raw4.mat_Line3325
25,12,0,-257.39,11.903,33.25,-529.38,A2356raw4.mat_Line3326
25,12,0,-259.91,11.903,33.26,-540.8,A2356raw4.mat_Line3327
25,12,0,-256.36,11.887,33.27,-614.54,A2356raw6.mat_Line3328
25,12,0,-258.15,11.896,33.28,-541.13,A2356raw4.mat_Line3329
25,12,0,-253.89,11.884,33.29,-528.17,A2356raw4.mat_Line3330
25,12,0,-248.97,11.883,33.3,-513.8,A2356raw4.mat_Line3331
25,12,0,-245.41,11.854,33.31,-500.82,A2356raw4.mat_Line3332
25,12,0,-242.45,11.833,33.32,-494.4,A2356raw4.mat_Line3333
25,12,0,-241.97,11.797,33.33,-493.58,A2356raw4.mat_Line3334
25,12,0,-243.64,11.763,33.34,-496.83,A2356raw4.mat_Line3335
25,12,0,-246.88,11.718,33.35,-504.31,A2356raw4.mat_Line3336
25,12,0,-246.56,11.587,33.36,-593.65,A2356raw6.mat_Line3337
25,12,0,-255.97,11.594,33.37,-526.05,A2356raw4.mat_Line3338
25,12,0,-259.52,11.539,33.38,-537.15,A2356raw4.mat_Line3339
25,12,0,-262.15,11.458,33.39,-542.95,A2356raw4.mat_Line3340
25,12,0,-263.18,11.274,33.4,-618.69,A2356raw6.mat_Line3341
25,12,0,-259.34,11.28,33.41,-536.74,A2356raw4.mat_Line3342
25,12,0,-257.6,11.091,33.42,-603.7,A2356raw6.mat_Line3343
25,12,0,-247.9,11.09,33.43,-518.61,A2356raw4.mat_Line3344
25,12,0,-243.87,10.975,33.44,-508.73,A2356raw4.mat_Line3345
25,12,0,-241.68,10.875,33.45,-502.31,A2356raw4.mat_Line3346
25,12,0,-241.76,10.779,33.46,-500.41,A2356raw4.mat_Line3347
25,12,0,-246.98,10.487,33.48,-581.4,A2356raw6.mat_Line3349
25,12,0,-254.61,10.488,33.49,-529.94,A2356raw4.mat_Line3350
25,12,0,-256.93,10.401,33.5,-542.13,A2356raw4.mat_Line3351
25,12,0,-256.95,10.325,33.51,-547.78,A2356raw4.mat_Line3352
25,12,0,-254.84,10.256,33.52,-547.51,A2356raw4.mat_Line3353
25,12,0,-252.45,10.192,33.53,-540.19,A2356raw4.mat_Line3354
25,12,0,-249.57,10.123,33.54,-530.18,A2356raw4.mat_Line3355
25,12,0,-252.24,10.006,33.55,-584.4,A2356raw6.mat_Line3356
25,12,0,-248.35,9.954,33.56,-575.48,A2356raw6.mat_Line3357
25,12,0,-243.88,9.953,33.57,-516.77,A2356raw4.mat_Line3358
25,12,0,-244.47,9.894,33.58,-521.73,A2356raw4.mat_Line3359
25,12,0,-247.24,9.818,33.59,-529.05,A2356raw4.mat_Line3360
25,12,0,-249.08,9.661,33.6,-585.31,A2356raw6.mat_Line3361
25,12,0,-253.61,9.672,33.61,-542.95,A2356raw4.mat_Line3362
25,12,0,-255.05,9.601,33.62,-544.99,A2356raw4.mat_Line3363
25,12,0,-257.06,9.44,33.63,-597.5,A2356raw6.mat_Line3364
25,12,-0,-257,9.349,33.64,-597.33,A2356raw6.mat_Line3365
25,12,0,-247.1,9.369,33.65,-536.75,A2356raw4.mat_Line3366
25,12,0,-245.37,9.284,33.66,-536.57,A2356raw4.mat_Line3367
25,12,0,-244.78,9.188,33.67,-540.29,A2356raw4.mat_Line3368
25,12,-0,-246.36,9.015,33.69,-551.27,A2356raw4.mat_Line3370
25,12,0,-247.27,8.925,33.7,-555.63,A2356raw4.mat_Line3371
25,12,0,-247.28,8.823,33.71,-558.26,A2356raw4.mat_Line3372
25,12,0,-247.9,8.733,33.72,-559.36,A2356raw4.mat_Line3373
25,12,0,-247.61,8.634,33.73,-558.57,A2356raw4.mat_Line3374
25,12,0,-246.01,8.55,33.74,-556.88,A2356raw4.mat_Line3375
25,12,0,-245.32,8.467,33.75,-555.65,A2356raw4.mat_Line3376
25,12,0,-244.32,8.385,33.76,-553.94,A2356raw4.mat_Line3377
25,12,0,-259.04,8.225,33.77,-589,A2356raw6.mat_Line3378
25,12,0,-243.28,8.207,33.78,-555.18,A2356raw4.mat_Line3379
25,12,0,-243.42,8.124,33.79,-559.54,A2356raw4.mat_Line3380
25,12,0,-243.11,8.06,33.8,-564.18,A2356raw4.mat_Line3381
25,12,0,-244.35,7.984,33.81,-568.22,A2356raw4.mat_Line3382
25,12,0,-246.48,7.921,33.82,-571.8,A2356raw4.mat_Line3383
25,12,0,-248.33,7.857,33.83,-574.28,A2356raw4.mat_Line3384
25,12,0,-250.06,7.794,33.84,-575.06,A2356raw4.mat_Line3385
25,12,0,-257.79,7.652,33.85,-581.38,A2356raw6.mat_Line3386
25,12,0,-247.84,7.653,33.86,-571.45,A2356raw4.mat_Line3387
25,12,0,-244.24,7.58,33.87,-569.73,A2356raw4.mat_Line3388
25,12,0,-241.02,7.514,33.88,-569.1,A2356raw4.mat_Line3389
25,12,0,-238.35,7.431,33.89,-570.64,A2356raw4.mat_Line3390
25,12,0,-237.89,7.348,33.9,-573.89,A2356raw4.mat_Line3391
25,12,0,-251.49,7.197,33.91,-569.39,A2356raw6.mat_Line3392
25,12,0,-241.9,7.207,33.92,-581.98,A2356raw4.mat_Line3393
25,12,0,-245.66,7.115,33.93,-586.35,A2356raw4.mat_Line3394
25,12,0,-249.69,7.043,33.94,-589.01,A2356raw4.mat_Line3395
25,12,0,-252.48,6.95,33.95,-589.32,A2356raw4.mat_Line3396
25,12,0,-252.21,6.866,33.96,-587.48,A2356raw4.mat_Line3397
25,12,0,-249.9,6.783,33.97,-583.12,A2356raw4.mat_Line3398
25,12,0,-246.35,6.69,33.98,-578.3,A2356raw4.mat_Line3399
25,12,0,-242.94,6.608,33.99,-574.56,A2356raw4.mat_Line3400
25,12,0,-241.29,6.505,34,-572.22,A2356raw4.mat_Line3401
25,12,0,-242.12,6.418,34.01,-572.53,A2356raw4.mat_Line3402
25,12,0,-244.83,6.336,34.02,-575.49,A2356raw4.mat_Line3403
25,12,0,-247.73,6.259,34.03,-579.4,A2356raw4.mat_Line3404
25,12,0,-251.43,6.161,34.04,-583.31,A2356raw4.mat_Line3405
25,12,0,-256.55,6.014,34.05,-549.58,A2356raw6.mat_Line3406
25,12,0,-256.54,6.008,34.06,-586,A2356raw4.mat_Line3407
25,12,0,-256.59,5.931,34.07,-583.05,A2356raw4.mat_Line3408
25,12,0,-254.2,5.846,34.08,-577.76,A2356raw4.mat_Line3409
25,12,0,-251.69,5.776,34.09,-571.07,A2356raw4.mat_Line3410
25,12,0,-249.38,5.695,34.1,-565.46,A2356raw4.mat_Line3411
25,12,0,-248.48,5.617,34.11,-561.73,A2356raw4.mat_Line3412
25,12,0,-263.18,5.468,34.12,-539.86,A2356raw6.mat_Line3413
25,12,0,-252.33,5.474,34.13,-561.28,A2356raw4.mat_Line3414
25,12,0,-254.95,5.402,34.14,-563.32,A2356raw4.mat_Line3415
25,12,0,-257.86,5.335,34.15,-565.21,A2356raw4.mat_Line3416
25,12,0,-260.67,5.252,34.16,-566.32,A2356raw4.mat_Line3417
25,12,0,-261.93,5.181,34.17,-565.4,A2356raw4.mat_Line3418
25,12,0,-262.19,5.097,34.18,-562.93,A2356raw4.mat_Line3419
25,12,0,-260.62,5.032,34.19,-558.25,A2356raw4.mat_Line3420
25,12,0,-269.5,4.838,34.2,-519.42,A2356raw6.mat_Line3421
25,12,0,-256.86,4.864,34.21,-545.65,A2356raw4.mat_Line3422
25,12,0,-255.79,4.79,34.22,-540.05,A2356raw4.mat_Line3423
25,12,0,-256.84,4.698,34.23,-535.86,A2356raw4.mat_Line3424
25,12,0,-258.64,4.614,34.24,-533.24,A2356raw4.mat_Line3425
25,12,0,-261.47,4.54,34.25,-532.5,A2356raw4.mat_Line3426
25,12,0,-263.9,4.445,34.26,-531.91,A2356raw4.mat_Line3427
25,12,0,-266.87,4.367,34.27,-531.01,A2356raw4.mat_Line3428
25,12,0,-263.09,4.215,34.28,-485.43,A2356raw6.mat_Line3429
25,12,0,-265.73,4.122,34.29,-482.8,A2356raw6.mat_Line3430
25,12,0,-270.23,4.117,34.3,-520.8,A2356raw4.mat_Line3431
25,12,0,-267.9,4.038,34.31,-513.8,A2356raw4.mat_Line3432
25,12,0,-271.98,3.886,34.32,-475.87,A2356raw6.mat_Line3433
25,12,0,-262.58,3.868,34.33,-498.1,A2356raw4.mat_Line3434
25,12,0,-269.26,3.733,34.34,-467.5,A2356raw6.mat_Line3435
25,12,0,-263.59,3.717,34.35,-486.63,A2356raw4.mat_Line3436
25,12,0,-263.64,3.568,34.36,-454.13,A2356raw6.mat_Line3437
25,12,0,-262.34,3.494,34.37,-447.14,A2356raw6.mat_Line3438
25,12,0,-273.67,3.497,34.38,-475.83,A2356raw4.mat_Line3439
25,12,0,-276.51,3.415,34.39,-471.66,A2356raw4.mat_Line3440
25,12,0,-264.53,3.243,34.4,-430.08,A2356raw6.mat_Line3441
25,12,0,-276.4,3.249,34.41,-460.81,A2356raw4.mat_Line3442
25,12,-0,-273.16,3.166,34.42,-453.34,A2356raw4.mat_Line3443
25,12,0,-268.91,3.087,34.43,-444.48,A2356raw4.mat_Line3444
25,12,0,-270.79,2.864,34.45,-406.26,A2356raw6.mat_Line3446
25,12,-0,-268.31,2.764,34.46,-398.63,A2356raw6.mat_Line3447
25,12,0,-266.94,2.772,34.47,-412.2,A2356raw4.mat_Line3448
25,12,0,-270.58,2.712,34.48,-406.17,A2356raw4.mat_Line3449
25,12,0,-274.2,2.633,34.49,-401.38,A2356raw4.mat_Line3450
25,12,0,-263.95,2.473,34.5,-363.24,A2356raw6.mat_Line3451
25,12,0,-278.96,2.48,34.51,-390.72,A2356raw4.mat_Line3452
25,12,0,-271.15,2.208,34.53,-344.06,A2356raw6.mat_Line3454
25,12,0,-273.54,2.136,34.54,-338.35,A2356raw6.mat_Line3455
25,12,0,-274.69,2.035,34.55,-332.3,A2356raw6.mat_Line3456
25,12,0,-263.25,2.04,34.56,-343.8,A2356raw4.mat_Line3457
25,12,0,-262.86,1.969,34.57,-333.39,A2356raw4.mat_Line3458
25,12,0,-264.41,1.883,34.58,-324.4,A2356raw4.mat_Line3459
25,12,0,-267.74,1.8,34.59,-316.5,A2356raw4.mat_Line3460
25,12,0,-264.36,1.41,34.63,-257.17,A2356raw6.mat_Line3464
25,12,0,-271.78,1.412,34.64,-280.27,A2356raw4.mat_Line3465
25,12,0,-267.57,1.325,34.65,-268.92,A2356raw4.mat_Line3466
25,12,0,-262.88,1.249,34.66,-256.01,A2356raw4.mat_Line3467
25,12,0,-259.24,1.166,34.67,-242.64,A2356raw4.mat_Line3468
25,12,0,-265.75,1.004,34.68,-218.25,A2356raw6.mat_Line3469
25,12,0,-262.09,0.931,34.69,-207.21,A2356raw6.mat_Line3470
25,12,0,-271.17,0.679,34.73,-186.42,A2356raw4.mat_Line3474
25,12,0,-271.04,0.604,34.74,-177.6,A2356raw4.mat_Line3475
25,12,-0,-256.86,0.444,34.75,-143.73,A2356raw6.mat_Line3476
25,12,0,-258.95,0.368,34.76,-136.16,A2356raw6.mat_Line3477
25,12,0,-260.22,0.286,34.77,-127.95,A2356raw6.mat_Line3478
25,12,0,-258.43,0.219,34.78,-118.64,A2356raw6.mat_Line3479
25,12,0,-251.24,0.14,34.8,-100.5,A2356raw4.mat_Line3481
25,12,0,-254.77,0.002,34.82,-80.83,A2356raw4.mat_Line3483
25,12,0,-244.24,-0.249,34.84,-44.99,A2356raw6.mat_Line3485
25,12,0,-245.08,-0.344,34.85,-34.61,A2356raw6.mat_Line3486
25,12,0,-246.64,-0.445,34.86,-25.47,A2356raw6.mat_Line3487
25,12,0,-248.41,-0.525,34.87,-15.88,A2356raw6.mat_Line3488
25,12,0,-248.32,-0.512,34.88,-12.83,A2356raw4.mat_Line3489
25,12,0,-244.24,-0.597,34.89,2.72,A2356raw4.mat_Line3490
25,12,0,-236.09,-1.067,34.94,71.73,A2356raw6.mat_Line3495
25,12,0,-236.15,-1.144,34.95,84.29,A2356raw6.mat_Line3496
25,12,0,-235.59,-1.214,34.96,95.12,A2356raw6.mat_Line3497
25,12,0,-236.52,-1.293,34.97,105.66,A2356raw6.mat_Line3498
25,12,0,-237.4,-1.387,34.98,115.87,A2356raw6.mat_Line3499
25,12,0,-237.44,-1.458,34.99,126.72,A2356raw6.mat_Line3500
25,12,0,-230.68,-1.791,35.04,192.46,A2356raw4.mat_Line3505
25,12,0,-223.02,-1.947,35.05,203.34,A2356raw6.mat_Line3506
25,12,0,-222.69,-2.035,35.06,214.21,A2356raw6.mat_Line3507
25,12,0,-222.92,-2.11,35.07,224.11,A2356raw6.mat_Line3508
25,12,0,-223.74,-2.189,35.08,233.4,A2356raw6.mat_Line3509
25,12,0,-230.22,-2.196,35.09,251.76,A2356raw4.mat_Line3510
25,12,0,-225.86,-2.268,35.1,264.36,A2356raw4.mat_Line3511
25,12,0,-222.87,-2.344,35.11,276.02,A2356raw4.mat_Line3512
25,12,0,-220.26,-2.43,35.12,286.58,A2356raw4.mat_Line3513
25,12,0,-218.9,-2.513,35.13,295.56,A2356raw4.mat_Line3514
25,12,0,-221.77,-2.673,35.14,294.1,A2356raw6.mat_Line3515
25,12,0,-218.78,-2.745,35.15,303.87,A2356raw6.mat_Line3516
25,12,0,-222.12,-2.735,35.16,320.62,A2356raw4.mat_Line3517
25,12,0,-224.03,-2.819,35.17,329.6,A2356raw4.mat_Line3518
25,12,0,-226.11,-2.892,35.18,338.91,A2356raw4.mat_Line3519
25,12,0,-225.79,-2.991,35.19,348.08,A2356raw4.mat_Line3520
25,12,0,-224.46,-3.054,35.2,357.57,A2356raw4.mat_Line3521
25,12,0,-220.1,-3.136,35.21,366.11,A2356raw4.mat_Line3522
25,12,0,-226.47,-3.295,35.22,358.26,A2356raw6.mat_Line3523
25,12,0,-215.17,-3.3,35.23,382.44,A2356raw4.mat_Line3524
25,12,0,-214.51,-3.378,35.24,389.55,A2356raw4.mat_Line3525
25,12,0,-215.33,-3.458,35.25,396.05,A2356raw4.mat_Line3526
25,12,0,-217.68,-3.538,35.26,401.63,A2356raw4.mat_Line3527
25,12,0,-220.68,-3.615,35.27,407.32,A2356raw4.mat_Line3528
25,12,0,-223.83,-3.691,35.28,413.05,A2356raw4.mat_Line3529
25,12,0,-217.22,-3.859,35.29,412.45,A2356raw6.mat_Line3530
25,12,0,-221.73,-4.021,35.31,421.41,A2356raw6.mat_Line3532
25,12,0,-224.62,-4.099,35.32,425.28,A2356raw6.mat_Line3533
25,12,0,-219.76,-4.106,35.33,444.11,A2356raw4.mat_Line3534
25,12,0,-227.37,-4.262,35.34,434.23,A2356raw6.mat_Line3535
25,12,0,-216.33,-4.26,35.35,456.23,A2356raw4.mat_Line3536
25,12,0,-217.27,-4.344,35.36,461.16,A2356raw4.mat_Line3537
25,12,0,-221.05,-4.497,35.37,453.99,A2356raw6.mat_Line3538
25,12,0,-218.6,-4.577,35.38,461.3,A2356raw6.mat_Line3539
25,12,0,-226.23,-4.573,35.39,472.27,A2356raw4.mat_Line3540
25,12,0,-229.72,-4.661,35.4,475.82,A2356raw4.mat_Line3541
25,12,0,-231.17,-4.738,35.41,480.17,A2356raw4.mat_Line3542
25,12,0,-229.44,-4.811,35.42,484.66,A2356raw4.mat_Line3543
25,12,0,-226.31,-4.898,35.43,489.16,A2356raw4.mat_Line3544
25,12,0,-222.79,-4.971,35.44,493.99,A2356raw4.mat_Line3545
25,12,0,-220.12,-5.053,35.45,499.29,A2356raw4.mat_Line3546
25,12,0,-219.11,-5.127,35.46,504.58,A2356raw4.mat_Line3547
25,12,0,-220.13,-5.216,35.47,509.09,A2356raw4.mat_Line3548
25,12,0,-222.53,-5.295,35.48,512.48,A2356raw4.mat_Line3549
25,12,0,-225.38,-5.371,35.49,515.24,A2356raw4.mat_Line3550
25,12,0,-229.03,-5.454,35.5,517.07,A2356raw4.mat_Line3551
25,12,-0,-231.81,-5.535,35.51,518.77,A2356raw4.mat_Line3552
25,12,0,-233.28,-5.61,35.52,520.6,A2356raw4.mat_Line3553
25,12,0,-233.04,-5.709,35.53,522.3,A2356raw4.mat_Line3554
25,12,0,-231.13,-5.782,35.54,524.17,A2356raw4.mat_Line3555
25,12,-0,-227.86,-5.865,35.55,526.85,A2356raw4.mat_Line3556
25,12,0,-225.62,-5.946,35.56,530.74,A2356raw4.mat_Line3557
25,12,0,-224.14,-6.012,35.57,535.09,A2356raw4.mat_Line3558
25,12,0,-224.23,-6.104,35.58,539.13,A2356raw4.mat_Line3559
25,12,0,-225,-6.19,35.59,542.36,A2356raw4.mat_Line3560
25,12,0,-228.08,-6.261,35.6,544.06,A2356raw4.mat_Line3561
25,12,0,-230.61,-6.347,35.61,544.5,A2356raw4.mat_Line3562
25,12,0,-234.29,-6.427,35.62,544.46,A2356raw4.mat_Line3563
25,12,0,-225.74,-6.599,35.63,544.05,A2356raw6.mat_Line3564
25,12,0,-237.78,-6.573,35.64,543.96,A2356raw4.mat_Line3565
25,12,0,-236.44,-6.664,35.65,544.29,A2356raw4.mat_Line3566
25,12,0,-233.95,-6.738,35.66,545.87,A2356raw4.mat_Line3567
25,12,0,-231.41,-6.818,35.67,548.83,A2356raw4.mat_Line3568
25,12,0,-229.26,-6.901,35.68,553.04,A2356raw4.mat_Line3569
25,12,-0,-229.01,-6.992,35.69,557.41,A2356raw4.mat_Line3570
25,12,-0,-230.99,-7.142,35.7,552.86,A2356raw6.mat_Line3571
25,12,0,-228.62,-7.218,35.71,557.06,A2356raw6.mat_Line3572
25,12,0,-233.53,-7.222,35.72,562,A2356raw4.mat_Line3573
25,12,0,-236.57,-7.297,35.73,561.18,A2356raw4.mat_Line3574
25,12,0,-239.26,-7.382,35.74,559.92,A2356raw4.mat_Line3575
25,12,0,-227.81,-7.527,35.75,565.4,A2356raw6.mat_Line3576
25,12,0,-240.72,-7.541,35.76,560.08,A2356raw4.mat_Line3577
25,12,0,-232.98,-7.706,35.77,563.65,A2356raw6.mat_Line3578
25,12,0,-235.13,-7.785,35.78,564.1,A2356raw6.mat_Line3579
25,12,0,-233.35,-7.791,35.79,567.14,A2356raw4.mat_Line3580
25,12,0,-232.27,-7.858,35.8,570.39,A2356raw4.mat_Line3581
25,12,0,-231.89,-7.949,35.81,573.19,A2356raw4.mat_Line3582
25,12,0,-233.02,-8.024,35.82,574.57,A2356raw4.mat_Line3583
25,12,0,-228.99,-8.189,35.83,574.57,A2356raw6.mat_Line3584
25,12,0,-238.41,-8.184,35.84,573.27,A2356raw4.mat_Line3585
25,12,0,-241.53,-8.267,35.85,572.15,A2356raw4.mat_Line3586
25,12,0,-243.64,-8.358,35.86,571.07,A2356raw4.mat_Line3587
25,12,0,-243.16,-8.422,35.87,570.91,A2356raw4.mat_Line3588
25,12,0,-241.8,-8.509,35.88,570.63,A2356raw4.mat_Line3589
25,12,0,-238.94,-8.587,35.89,571.75,A2356raw4.mat_Line3590
25,12,0,-237,-8.667,35.9,573.61,A2356raw4.mat_Line3591
25,12,0,-235.58,-8.744,35.91,576.42,A2356raw4.mat_Line3592
25,12,0,-235.45,-8.829,35.92,578.57,A2356raw4.mat_Line3593
25,12,0,-236.37,-8.906,35.93,579.96,A2356raw4.mat_Line3594
25,12,0,-237.68,-8.992,35.94,580.09,A2356raw4.mat_Line3595
25,12,0,-239.94,-9.075,35.95,579.15,A2356raw4.mat_Line3596
25,12,0,-233.62,-9.228,35.96,583.68,A2356raw6.mat_Line3597
25,12,0,-244.48,-9.221,35.97,577.09,A2356raw4.mat_Line3598
25,12,0,-245.69,-9.305,35.98,576.02,A2356raw4.mat_Line3599
25,12,-0,-245.14,-9.393,35.99,575.26,A2356raw4.mat_Line3600
25,12,0,-242.76,-9.476,36,575.91,A2356raw4.mat_Line3601
25,12,0,-241.44,-9.543,36.01,576.54,A2356raw4.mat_Line3602
25,12,0,-239.6,-9.636,36.02,578.24,A2356raw4.mat_Line3603
25,12,0,-238.54,-9.715,36.03,579.96,A2356raw4.mat_Line3604
25,12,0,-238.85,-9.801,36.04,581.03,A2356raw4.mat_Line3605
25,12,0,-239.58,-9.87,36.05,581.48,A2356raw4.mat_Line3606
25,12,0,-241.04,-9.947,36.06,581.15,A2356raw4.mat_Line3607
25,12,0,-243.56,-10.026,36.07,580.2,A2356raw4.mat_Line3608
25,12,0,-245.5,-10.119,36.08,579.56,A2356raw4.mat_Line3609
25,12,0,-246.34,-10.193,36.09,578.47,A2356raw4.mat_Line3610
25,12,0,-246.68,-10.275,36.1,577.87,A2356raw4.mat_Line3611
25,12,0,-245.14,-10.354,36.11,577.27,A2356raw4.mat_Line3612
25,12,0,-243.27,-10.444,36.12,577.44,A2356raw4.mat_Line3613
25,12,0,-241.97,-10.514,36.13,578.38,A2356raw4.mat_Line3614
25,12,0,-240.66,-10.597,36.14,580.08,A2356raw4.mat_Line3615
25,12,0,-240.29,-10.674,36.15,581.94,A2356raw4.mat_Line3616
25,12,0,-240.34,-10.754,36.16,583.78,A2356raw4.mat_Line3617
25,12,0,-241.79,-10.906,36.17,579.74,A2356raw6.mat_Line3618
25,12,0,-241.75,-10.895,36.18,585.62,A2356raw4.mat_Line3619
25,12,0,-244.18,-11.001,36.19,585.16,A2356raw4.mat_Line3620
25,12,0,-245.36,-11.071,36.2,584.07,A2356raw4.mat_Line3621
25,12,0,-245.81,-11.148,36.21,582.36,A2356raw4.mat_Line3622
25,12,0,-244.71,-11.217,36.22,580.51,A2356raw4.mat_Line3623
25,12,0,-242.37,-11.379,36.24,579.77,A2356raw4.mat_Line3625
25,12,0,-242.18,-11.459,36.25,580.71,A2356raw4.mat_Line3626
25,12,0,-241.16,-11.526,36.26,582.41,A2356raw4.mat_Line3627
25,12,0,-241.12,-11.606,36.27,584.73,A2356raw4.mat_Line3628
25,12,0,-241.87,-11.677,36.28,587.21,A2356raw4.mat_Line3629
25,12,0,-243.05,-11.72,36.29,588.73,A2356raw4.mat_Line3630
25,12,0,-244.75,-11.785,36.3,589.03,A2356raw4.mat_Line3631
25,12,0,-246.05,-11.841,36.31,587.91,A2356raw4.mat_Line3632
25,12,0,-246.56,-11.871,36.32,586.05,A2356raw4.mat_Line3633
25,12,0,-246.52,-11.934,36.33,584.51,A2356raw4.mat_Line3634
25,12,0,-243.52,-11.984,36.34,590.82,A2356raw6.mat_Line3635
25,12,0,-244.4,-11.994,36.35,591.6,A2356raw6.mat_Line3636
25,12,0,-243.21,-11.999,36.36,584.21,A2356raw4.mat_Line3637
25,12,0,-243.55,-12,36.37,584.82,A2356raw4.mat_Line3638
25,12,0,-243.95,-12.007,36.38,585.58,A2356raw4.mat_Line3639
25,12,0,-244.71,-11.993,36.39,586.52,A2356raw4.mat_Line3640
25,12,0,-245.2,-11.974,36.4,583.56,A2356raw6.mat_Line3641
25,12,0,-246.68,-11.977,36.41,587.78,A2356raw4.mat_Line3642
25,12,0,-243.92,-11.936,36.42,587.3,A2356raw6.mat_Line3643
25,12,0,-243.85,-11.923,36.43,588.86,A2356raw6.mat_Line3644
25,12,0,-248.41,-11.924,36.44,585.76,A2356raw4.mat_Line3645
25,12,0,-247.51,-11.911,36.45,584.24,A2356raw4.mat_Line3646
25,12,0,-246.29,-11.921,36.46,583.94,A2356raw4.mat_Line3647
25,12,0,-244.69,-11.91,36.47,584.09,A2356raw4.mat_Line3648
25,12,0,-243.4,-11.909,36.48,585.36,A2356raw4.mat_Line3649
25,12,0,-242.58,-11.909,36.49,587.69,A2356raw4.mat_Line3650
25,12,0,-245.91,-11.9,36.5,584.06,A2356raw6.mat_Line3651
25,12,0,-245.18,-11.906,36.52,584.67,A2356raw6.mat_Line3653
25,12,0,-247.62,-11.897,36.54,588.39,A2356raw4.mat_Line3655
25,12,0,-248.85,-11.871,36.55,586.21,A2356raw4.mat_Line3656
25,12,0,-248.48,-11.861,36.56,584.99,A2356raw4.mat_Line3657
25,12,0,-247.02,-11.821,36.57,585.32,A2356raw4.mat_Line3658
25,12,0,-245.2,-11.777,36.58,586.57,A2356raw4.mat_Line3659
25,12,0,-243.89,-11.745,36.59,588.74,A2356raw4.mat_Line3660
25,12,0,-242.5,-11.679,36.6,590.73,A2356raw4.mat_Line3661
25,12,0,-242.19,-11.614,36.61,592.27,A2356raw4.mat_Line3662
25,12,0,-242.64,-11.545,36.62,592.25,A2356raw4.mat_Line3663
25,12,0,-243.36,-11.462,36.63,591.3,A2356raw4.mat_Line3664
25,12,0,-245.12,-11.373,36.64,590.21,A2356raw4.mat_Line3665
25,12,0,-247.2,-11.296,36.65,589.14,A2356raw4.mat_Line3666
25,12,0,-247.89,-11.197,36.66,588.68,A2356raw4.mat_Line3667
25,12,0,-247.02,-11.087,36.67,589.02,A2356raw4.mat_Line3668
25,12,0,-245.7,-10.998,36.68,590.3,A2356raw4.mat_Line3669
25,12,-0,-243.81,-10.908,36.69,591.43,A2356raw4.mat_Line3670
25,12,0,-247.07,-10.734,36.7,585.14,A2356raw6.mat_Line3671
25,12,0,-241.34,-10.743,36.71,592.83,A2356raw4.mat_Line3672
25,12,-0,-241.02,-10.674,36.72,593.3,A2356raw4.mat_Line3673
25,12,0,-241.04,-10.58,36.73,594.53,A2356raw4.mat_Line3674
25,12,0,-241.4,-10.498,36.74,594.98,A2356raw4.mat_Line3675
25,12,0,-242.93,-10.429,36.75,595.6,A2356raw4.mat_Line3676
25,12,0,-244.45,-10.359,36.76,595.44,A2356raw4.mat_Line3677
25,12,0,-245.6,-10.22,36.77,582.97,A2356raw6.mat_Line3678
25,12,0,-246.71,-10.218,36.78,593.1,A2356raw4.mat_Line3679
25,12,0,-246.01,-10.153,36.79,592.01,A2356raw4.mat_Line3680
25,12,0,-244.37,-10.086,36.8,591.87,A2356raw4.mat_Line3681
25,12,0,-243.26,-10.014,36.81,592.98,A2356raw4.mat_Line3682
25,12,0,-242.03,-9.945,36.82,594.39,A2356raw4.mat_Line3683
25,12,0,-241.71,-9.88,36.83,596.25,A2356raw4.mat_Line3684
25,12,0,-241.29,-9.797,36.84,597.77,A2356raw4.mat_Line3685
25,12,0,-247.19,-9.649,36.85,577.68,A2356raw6.mat_Line3686
25,12,0,-246.91,-9.565,36.86,578.76,A2356raw6.mat_Line3687
25,12,0,-243.32,-9.576,36.87,598.82,A2356raw4.mat_Line3688
25,12,0,-244.86,-9.506,36.88,598.18,A2356raw4.mat_Line3689
25,12,0,-245.4,-9.417,36.89,596.79,A2356raw4.mat_Line3690
25,12,0,-245.58,-9.333,36.9,595.25,A2356raw4.mat_Line3691
25,12,0,-248.34,-9.154,36.91,579.35,A2356raw6.mat_Line3692
25,12,0,-249.15,-9.075,36.92,579.52,A2356raw6.mat_Line3693
25,12,0,-242.52,-9.091,36.93,595.92,A2356raw4.mat_Line3694
25,12,0,-241.66,-8.996,36.94,597.16,A2356raw4.mat_Line3695
25,12,0,-248.84,-8.82,36.95,576.59,A2356raw6.mat_Line3696
25,12,0,-242.51,-8.816,36.96,598.39,A2356raw4.mat_Line3697
25,12,0,-242.57,-8.733,36.97,598.06,A2356raw4.mat_Line3698
25,12,0,-244.53,-8.635,36.98,597.28,A2356raw4.mat_Line3699
25,12,0,-246.85,-8.492,36.99,575.36,A2356raw6.mat_Line3700
25,12,0,-247.21,-8.405,37,575.51,A2356raw6.mat_Line3701
25,12,0,-246.7,-8.393,37.01,596.05,A2356raw4.mat_Line3702
25,12,0,-245.64,-8.312,37.02,596.23,A2356raw4.mat_Line3703
25,12,0,-243.65,-8.217,37.03,596.71,A2356raw4.mat_Line3704
25,12,0,-242.15,-8.141,37.04,597.34,A2356raw4.mat_Line3705
25,12,0,-241.19,-8.073,37.05,598.12,A2356raw4.mat_Line3706
25,12,0,-240.84,-8,37.06,598.73,A2356raw4.mat_Line3707
25,12,0,-241.59,-7.934,37.07,598.87,A2356raw4.mat_Line3708
25,12,-0,-242.49,-7.862,37.08,599.34,A2356raw4.mat_Line3709
25,12,0,-244.58,-7.792,37.09,599.31,A2356raw4.mat_Line3710
25,12,0,-245.97,-7.705,37.1,598.98,A2356raw4.mat_Line3711
25,12,-0,-247,-7.646,37.11,598.68,A2356raw4.mat_Line3712
25,12,0,-247.28,-7.569,37.12,598.21,A2356raw4.mat_Line3713
25,12,0,-246.22,-7.5,37.13,597.62,A2356raw4.mat_Line3714
25,12,0,-244.42,-7.404,37.14,597.15,A2356raw4.mat_Line3715
25,12,0,-244.2,-7.334,37.15,596.85,A2356raw4.mat_Line3716
25,12,0,-243.74,-7.261,37.16,596.85,A2356raw4.mat_Line3717
25,12,0,-243.19,-7.182,37.17,597.15,A2356raw4.mat_Line3718
25,12,0,-243.04,-7.092,37.18,597.13,A2356raw4.mat_Line3719
25,12,0,-244.26,-7.012,37.19,597.27,A2356raw4.mat_Line3720
25,12,0,-246.15,-6.924,37.2,597.43,A2356raw4.mat_Line3721
25,12,0,-247.76,-6.85,37.21,596.81,A2356raw4.mat_Line3722
25,12,0,-249.22,-6.768,37.22,595.87,A2356raw4.mat_Line3723
25,12,0,-249.74,-6.681,37.23,594.48,A2356raw4.mat_Line3724
25,12,0,-249.16,-6.588,37.24,592.32,A2356raw4.mat_Line3725
25,12,0,-248.82,-6.503,37.25,590.78,A2356raw4.mat_Line3726
25,12,0,-255.97,-6.354,37.26,557.16,A2356raw6.mat_Line3727
25,12,0,-247.48,-6.343,37.27,588.62,A2356raw4.mat_Line3728
25,12,0,-247.44,-6.267,37.28,587.84,A2356raw4.mat_Line3729
25,12,0,-248.23,-6.19,37.29,587.37,A2356raw4.mat_Line3730
25,12,0,-248.76,-6.104,37.3,586.43,A2356raw4.mat_Line3731
25,12,0,-250.33,-6.019,37.31,585.49,A2356raw4.mat_Line3732
25,12,0,-255.11,-5.875,37.32,546.16,A2356raw6.mat_Line3733
25,12,0,-253.55,-5.868,37.33,582.97,A2356raw4.mat_Line3734
25,12,0,-255.05,-5.789,37.34,581.42,A2356raw4.mat_Line3735
25,12,0,-258.33,-5.638,37.35,539.92,A2356raw6.mat_Line3736
25,12,0,-253.73,-5.634,37.36,577.57,A2356raw4.mat_Line3737
25,12,0,-252.64,-5.561,37.37,575.24,A2356raw4.mat_Line3738
25,12,0,-253.06,-5.478,37.38,573.7,A2356raw4.mat_Line3739
25,12,0,-253.51,-5.408,37.39,572.45,A2356raw4.mat_Line3740
25,12,0,-254.57,-5.326,37.4,570.73,A2356raw4.mat_Line3741
25,12,0,-255.97,-5.245,37.41,568.54,A2356raw4.mat_Line3742
25,12,0,-257.95,-5.173,37.42,566.2,A2356raw4.mat_Line3743
25,12,0,-260.24,-5.094,37.43,563.54,A2356raw4.mat_Line3744
25,12,0,-261.94,-5.011,37.44,561.04,A2356raw4.mat_Line3745
25,12,0,-263.38,-4.924,37.45,558.4,A2356raw4.mat_Line3746
25,12,0,-263.32,-4.847,37.46,555.77,A2356raw4.mat_Line3747
25,12,0,-262.09,-4.769,37.47,553.14,A2356raw4.mat_Line3748
25,12,0,-260.96,-4.683,37.48,550.37,A2356raw4.mat_Line3749
25,12,0,-260.64,-4.592,37.49,547.42,A2356raw4.mat_Line3750
25,12,0,-261.01,-4.523,37.5,544.3,A2356raw4.mat_Line3751
25,12,0,-261.7,-4.44,37.51,540.25,A2356raw4.mat_Line3752
25,12,0,-263.17,-4.367,37.52,536.22,A2356raw4.mat_Line3753
25,12,0,-265.25,-4.281,37.53,532.01,A2356raw4.mat_Line3754
25,12,0,-267.7,-4.191,37.54,527.66,A2356raw4.mat_Line3755
25,12,0,-272.65,-3.949,37.57,514.31,A2356raw4.mat_Line3758
25,12,0,-271.33,-3.882,37.58,509.35,A2356raw4.mat_Line3759
25,12,-0,-269.85,-3.807,37.59,504.09,A2356raw4.mat_Line3760
25,12,0,-268.39,-3.708,37.6,499.13,A2356raw4.mat_Line3761
25,12,0,-267.12,-3.644,37.61,494.01,A2356raw4.mat_Line3762
25,12,0,-270.14,-3.485,37.62,446.19,A2356raw6.mat_Line3763
25,12,0,-272.56,-3.325,37.65,473.19,A2356raw4.mat_Line3766
25,12,0,-275.79,-3.247,37.66,466.35,A2356raw4.mat_Line3767
25,12,0,-277.77,-3.164,37.67,459.5,A2356raw4.mat_Line3768
25,12,0,-266.73,-3,37.68,412.55,A2356raw6.mat_Line3769
25,12,0,-276.08,-3.011,37.69,445.88,A2356raw4.mat_Line3770
25,12,0,-270.5,-2.849,37.7,399.19,A2356raw6.mat_Line3771
25,12,0,-273.12,-2.771,37.71,391.88,A2356raw6.mat_Line3772
25,12,0,-274.63,-2.68,37.72,384.58,A2356raw6.mat_Line3773
25,12,0,-268.13,-2.699,37.73,421.09,A2356raw4.mat_Line3774
25,12,0,-269.65,-2.613,37.74,414.58,A2356raw4.mat_Line3775
25,12,0,-271.86,-2.524,37.75,407.13,A2356raw4.mat_Line3776
25,12,0,-274.59,-2.457,37.76,398.73,A2356raw4.mat_Line3777
25,12,0,-278.55,-2.367,37.77,389.56,A2356raw4.mat_Line3778
25,12,-0,-269.76,-2.216,37.78,342.88,A2356raw6.mat_Line3779
25,12,0,-269.47,-2.135,37.79,335.9,A2356raw6.mat_Line3780
25,12,0,-270.56,-2.059,37.8,327.99,A2356raw6.mat_Line3781
25,12,0,-272.58,-1.98,37.81,319.6,A2356raw6.mat_Line3782
25,12,0,-273.41,-1.974,37.82,346,A2356raw4.mat_Line3783
25,12,0,-270.73,-1.887,37.83,339.03,A2356raw4.mat_Line3784
25,12,0,-269.59,-1.811,37.84,331.91,A2356raw4.mat_Line3785
25,12,0,-269.83,-1.725,37.85,324.01,A2356raw4.mat_Line3786
25,12,0,-270.58,-1.392,37.88,257.57,A2356raw6.mat_Line3789
25,12,0,-269.35,-1.317,37.89,249.67,A2356raw6.mat_Line3790
25,12,0,-283.03,-1.301,37.9,269.16,A2356raw4.mat_Line3791
25,12,0,-280.72,-1.23,37.91,258.15,A2356raw4.mat_Line3792
25,12,0,-277.43,-1.145,37.92,248.56,A2356raw4.mat_Line3793
25,12,0,-273.07,-1.071,37.93,240.06,A2356raw4.mat_Line3794
25,12,0,-276.85,-0.626,37.99,180.35,A2356raw4.mat_Line3800
25,12,0,-279.47,-0.548,38,166.05,A2356raw4.mat_Line3801
25,12,0,-281.04,-0.46,38.01,152.38,A2356raw4.mat_Line3802
25,12,0,-278.59,-0.379,38.02,139.98,A2356raw4.mat_Line3803
25,12,0,-264.85,-0.19,38.03,110.12,A2356raw6.mat_Line3804
25,12,0,-266.56,-0.124,38.04,98.01,A2356raw6.mat_Line3805
25,12,0,-262.05,0.033,38.07,93.59,A2356raw4.mat_Line3808
25,12,0,-265.89,0.193,38.09,68.14,A2356raw4.mat_Line3810
25,12,0,-259.52,0.344,38.1,27.62,A2356raw6.mat_Line3811
25,12,0,-257.09,0.417,38.11,17.71,A2356raw6.mat_Line3812
25,12,0,-255.55,0.504,38.12,7.96,A2356raw6.mat_Line3813
25,12,0,-255.77,0.591,38.13,-3.53,A2356raw6.mat_Line3814
25,12,0,-256.18,0.664,38.14,-15.62,A2356raw6.mat_Line3815
25,12,0,-257.6,0.748,38.16,-23.03,A2356raw4.mat_Line3817
25,12,0,-254.16,0.821,38.17,-32.29,A2356raw4.mat_Line3818
25,12,0,-255.74,1.146,38.2,-91.33,A2356raw6.mat_Line3821
25,12,-0,-252.49,1.234,38.21,-100.28,A2356raw6.mat_Line3822
25,12,0,-250.58,1.315,38.22,-109.58,A2356raw6.mat_Line3823
25,12,0,-248.34,1.393,38.23,-119.18,A2356raw6.mat_Line3824
25,12,0,-264.35,1.4,38.24,-130.43,A2356raw4.mat_Line3825
25,12,0,-260.35,1.472,38.25,-141.56,A2356raw4.mat_Line3826
25,12,0,-255.77,1.551,38.26,-150.5,A2356raw4.mat_Line3827
25,12,0,-253.33,1.862,38.29,-194.15,A2356raw6.mat_Line3830
25,12,0,-252.23,1.947,38.3,-204.83,A2356raw6.mat_Line3831
25,12,0,-248.23,1.947,38.31,-205.34,A2356raw4.mat_Line3832
25,12,0,-250.79,2.013,38.32,-220.27,A2356raw4.mat_Line3833
25,12,0,-253.98,2.096,38.33,-235.18,A2356raw4.mat_Line3834
25,12,0,-255.9,2.179,38.34,-249.16,A2356raw4.mat_Line3835
25,12,0,-254.71,2.262,38.35,-261.26,A2356raw4.mat_Line3836
25,12,0,-243.72,2.433,38.36,-260.12,A2356raw6.mat_Line3837
25,12,0,-246.4,2.596,38.38,-283.75,A2356raw6.mat_Line3839
25,12,0,-239.72,2.605,38.39,-290.71,A2356raw4.mat_Line3840
25,12,0,-238.15,2.676,38.4,-298.76,A2356raw4.mat_Line3841
25,12,0,-238.57,2.752,38.41,-309.16,A2356raw4.mat_Line3842
25,12,0,-240.73,2.831,38.42,-321.61,A2356raw4.mat_Line3843
25,12,0,-239.91,2.968,38.43,-328.82,A2356raw6.mat_Line3844
25,12,0,-237.37,3.06,38.44,-334.99,A2356raw6.mat_Line3845
25,12,0,-236.43,3.147,38.45,-341.17,A2356raw6.mat_Line3846
25,12,0,-243.75,3.144,38.46,-366.34,A2356raw4.mat_Line3847
25,12,0,-240.31,3.222,38.47,-371.74,A2356raw4.mat_Line3848
25,12,0,-236.21,3.299,38.48,-375.23,A2356raw4.mat_Line3849
25,12,0,-231.46,3.379,38.49,-377.66,A2356raw4.mat_Line3850
25,12,0,-235.81,3.545,38.5,-385.88,A2356raw6.mat_Line3851
25,12,0,-228.51,3.541,38.51,-387.23,A2356raw4.mat_Line3852
25,12,0,-228.5,3.63,38.52,-395.01,A2356raw4.mat_Line3853
25,12,0,-230.58,3.717,38.53,-404.51,A2356raw4.mat_Line3854
25,12,0,-230.21,3.866,38.54,-408.6,A2356raw6.mat_Line3855
25,12,0,-236.17,3.865,38.55,-423.66,A2356raw4.mat_Line3856
25,12,0,-237.88,3.939,38.56,-430.62,A2356raw4.mat_Line3857
25,12,0,-235.32,4.104,38.58,-438.35,A2356raw4.mat_Line3859
25,12,0,-231.24,4.18,38.59,-440,A2356raw4.mat_Line3860
25,12,0,-230.51,4.344,38.6,-442.72,A2356raw6.mat_Line3861
25,12,0,-224.11,4.337,38.61,-443.39,A2356raw4.mat_Line3862
25,12,0,-223.47,4.422,38.62,-447.25,A2356raw4.mat_Line3863
25,12,0,-225.09,4.496,38.63,-452.85,A2356raw4.mat_Line3864
25,12,0,-230.66,4.654,38.64,-464.12,A2356raw6.mat_Line3865
25,12,0,-231.06,4.662,38.65,-469.65,A2356raw4.mat_Line3866
25,12,0,-234.23,4.732,38.66,-477.89,A2356raw4.mat_Line3867
25,12,0,-237.31,4.833,38.67,-485.51,A2356raw4.mat_Line3868
25,12,0,-225.68,4.981,38.68,-473.24,A2356raw6.mat_Line3869
25,12,0,-227.11,5.07,38.69,-478.22,A2356raw6.mat_Line3870
25,12,0,-232.83,5.075,38.7,-495.25,A2356raw4.mat_Line3871
25,12,0,-228.59,5.15,38.71,-494.6,A2356raw4.mat_Line3872
25,12,0,-224.85,5.236,38.72,-494.11,A2356raw4.mat_Line3873
25,12,0,-223.75,5.309,38.73,-495.79,A2356raw4.mat_Line3874
25,12,0,-225.16,5.391,38.74,-500.14,A2356raw4.mat_Line3875
25,12,0,-227.45,5.474,38.75,-507.15,A2356raw4.mat_Line3876
25,12,0,-233.54,5.626,38.76,-510.04,A2356raw6.mat_Line3877
25,12,0,-236.07,5.636,38.77,-524.88,A2356raw4.mat_Line3878
25,12,0,-239.59,5.712,38.78,-532.19,A2356raw4.mat_Line3879
25,12,0,-241.23,5.803,38.79,-537.33,A2356raw4.mat_Line3880
25,12,0,-239.51,5.875,38.8,-539.49,A2356raw4.mat_Line3881
25,12,0,-231.56,6.04,38.81,-517.92,A2356raw6.mat_Line3882
25,12,0,-231.63,6.038,38.82,-536.33,A2356raw4.mat_Line3883
25,12,0,-227.84,6.108,38.83,-533.83,A2356raw4.mat_Line3884
25,12,0,-227.11,6.191,38.84,-533.51,A2356raw4.mat_Line3885
25,12,0,-227.62,6.273,38.85,-536.29,A2356raw4.mat_Line3886
25,12,0,-230.36,6.349,38.86,-542.03,A2356raw4.mat_Line3887
25,12,0,-234.25,6.433,38.87,-549.53,A2356raw4.mat_Line3888
25,12,0,-238.68,6.516,38.88,-556.54,A2356raw4.mat_Line3889
25,12,0,-242.14,6.584,38.89,-562.14,A2356raw4.mat_Line3890
25,12,-0,-244.06,6.671,38.9,-565.72,A2356raw4.mat_Line3891
25,12,0,-244.42,6.748,38.91,-566.04,A2356raw4.mat_Line3892
25,12,0,-241.77,6.824,38.92,-563.54,A2356raw4.mat_Line3893
25,12,0,-237.69,6.907,38.93,-560.28,A2356raw4.mat_Line3894
25,12,0,-234.89,6.989,38.94,-556.66,A2356raw4.mat_Line3895
25,12,0,-232.46,7.066,38.95,-555.24,A2356raw4.mat_Line3896
25,12,0,-231.83,7.154,38.96,-556.78,A2356raw4.mat_Line3897
25,12,0,-233.99,7.225,38.97,-561.75,A2356raw4.mat_Line3898
25,12,0,-236.88,7.313,38.98,-568.46,A2356raw4.mat_Line3899
25,12,0,-240.72,7.391,38.99,-575.16,A2356raw4.mat_Line3900
25,12,0,-244.34,7.477,39,-580.63,A2356raw4.mat_Line3901
25,12,0,-248.22,7.544,39.01,-582.81,A2356raw4.mat_Line3902
25,12,0,-249.67,7.638,39.02,-580.36,A2356raw4.mat_Line3903
25,12,0,-248.64,7.712,39.03,-575.37,A2356raw4.mat_Line3904
25,12,0,-245.46,7.792,39.04,-570.53,A2356raw4.mat_Line3905
25,12,-0,-241.4,7.875,39.05,-566.61,A2356raw4.mat_Line3906
25,12,-0,-237.9,7.95,39.06,-565.49,A2356raw4.mat_Line3907
25,12,0,-236.61,8.036,39.07,-567.18,A2356raw4.mat_Line3908
25,12,0,-237.18,8.112,39.08,-572,A2356raw4.mat_Line3909
25,12,0,-242.57,8.278,39.09,-583.59,A2356raw6.mat_Line3910
25,12,0,-242.77,8.279,39.1,-585.56,A2356raw4.mat_Line3911
25,12,0,-246.96,8.361,39.11,-590.72,A2356raw4.mat_Line3912
25,12,0,-250.19,8.431,39.12,-592.78,A2356raw4.mat_Line3913
25,12,0,-251.82,8.505,39.13,-590.91,A2356raw4.mat_Line3914
25,12,0,-251.99,8.595,39.14,-585.92,A2356raw4.mat_Line3915
25,12,-0,-250.28,8.673,39.15,-579.53,A2356raw4.mat_Line3916
25,12,0,-239.41,8.827,39.16,-582.79,A2356raw6.mat_Line3917
25,12,0,-242.59,8.825,39.17,-570.63,A2356raw4.mat_Line3918
25,12,0,-241.46,8.919,39.18,-570.47,A2356raw4.mat_Line3919
25,12,0,-246.99,9.079,39.19,-594.01,A2356raw6.mat_Line3920
25,12,-0,-244.02,9.079,39.2,-576.23,A2356raw4.mat_Line3921
25,12,0,-247.32,9.158,39.21,-580.63,A2356raw4.mat_Line3922
25,12,0,-251.21,9.23,39.22,-583.76,A2356raw4.mat_Line3923
25,12,0,-254.22,9.319,39.23,-584.87,A2356raw4.mat_Line3924
25,12,0,-237.13,9.473,39.24,-579.82,A2356raw6.mat_Line3925
25,12,0,-237.33,9.563,39.25,-579.81,A2356raw6.mat_Line3926
25,12,0,-255.44,9.553,39.26,-571.35,A2356raw4.mat_Line3927
25,12,0,-253.06,9.639,39.27,-564.19,A2356raw4.mat_Line3928
25,12,0,-249.94,9.722,39.28,-558.58,A2356raw4.mat_Line3929
25,12,0,-247.86,9.794,39.29,-555.93,A2356raw4.mat_Line3930
25,12,0,-248.59,9.878,39.3,-557.03,A2356raw4.mat_Line3931
25,12,0,-250.17,9.956,39.31,-562,A2356raw4.mat_Line3932
25,12,0,-246.83,10.189,39.33,-588.09,A2356raw6.mat_Line3934
25,12,0,-256.8,10.198,39.34,-576.36,A2356raw4.mat_Line3935
25,12,-0,-258.95,10.271,39.35,-574.66,A2356raw4.mat_Line3936
25,12,0,-241.35,10.43,39.36,-582.32,A2356raw6.mat_Line3937
25,12,0,-258.84,10.431,39.37,-558.65,A2356raw4.mat_Line3938
25,12,0,-256.64,10.504,39.38,-549.32,A2356raw4.mat_Line3939
25,12,0,-253.8,10.583,39.39,-542.78,A2356raw4.mat_Line3940
25,12,0,-252.1,10.667,39.4,-540.75,A2356raw4.mat_Line3941
25,12,0,-251.36,10.746,39.41,-544.01,A2356raw4.mat_Line3942
25,12,0,-252.1,10.833,39.42,-550.85,A2356raw4.mat_Line3943
25,12,0,-253.73,10.908,39.43,-557.86,A2356raw4.mat_Line3944
25,12,0,-255.35,10.995,39.44,-563.16,A2356raw4.mat_Line3945
25,12,0,-257.55,11.074,39.45,-565.04,A2356raw4.mat_Line3946
25,12,0,-259.2,11.161,39.46,-564.58,A2356raw4.mat_Line3947
25,12,0,-259.69,11.234,39.47,-561.32,A2356raw4.mat_Line3948
25,12,0,-257.43,11.403,39.49,-546.38,A2356raw4.mat_Line3950
25,12,0,-254.87,11.475,39.5,-538.76,A2356raw4.mat_Line3951
25,12,0,-252.63,11.554,39.51,-534.26,A2356raw4.mat_Line3952
25,12,0,-252.05,11.622,39.52,-534.42,A2356raw4.mat_Line3953
25,12,0,-251.96,11.701,39.53,-538.16,A2356raw4.mat_Line3954
25,12,0,-252.25,11.75,39.54,-543.59,A2356raw4.mat_Line3955
25,12,0,-253.32,11.806,39.55,-546.7,A2356raw4.mat_Line3956
25,12,0,-256.09,11.85,39.56,-546.55,A2356raw4.mat_Line3957
25,12,0,-258.88,11.896,39.57,-543.44,A2356raw4.mat_Line3958
25,12,0,-259.9,11.926,39.58,-538.6,A2356raw4.mat_Line3959
25,12,0,-259,11.94,39.59,-532.52,A2356raw4.mat_Line3960
25,12,0,-256.44,11.975,39.6,-526.13,A2356raw4.mat_Line3961
25,12,0,-253.5,11.993,39.61,-521.94,A2356raw4.mat_Line3962
25,12,0,-251.67,12.005,39.62,-523.36,A2356raw4.mat_Line3963
25,12,0,-251.58,12.006,39.63,-528.83,A2356raw4.mat_Line3964
25,12,0,-259.78,12.009,39.64,-612.43,A2356raw6.mat_Line3965
25,12,0,-261.76,12.008,39.65,-615.72,A2356raw6.mat_Line3966
25,12,0,-256.99,12.005,39.66,-554.7,A2356raw4.mat_Line3967
25,12,0,-258.98,11.988,39.67,-555.48,A2356raw4.mat_Line3968
25,12,0,-261.03,11.993,39.68,-548.32,A2356raw4.mat_Line3969
25,12,0,-259.28,11.972,39.69,-536.62,A2356raw4.mat_Line3970
25,12,0,-256.41,11.966,39.7,-523.35,A2356raw4.mat_Line3971
25,12,0,-252.51,11.942,39.71,-513.06,A2356raw4.mat_Line3972
25,12,0,-242.61,11.933,39.72,-568.41,A2356raw6.mat_Line3973
25,12,0,-248.93,11.917,39.73,-509.5,A2356raw4.mat_Line3974
25,12,0,-250.07,11.91,39.74,-517.16,A2356raw4.mat_Line3975
25,12,0,-251.92,11.903,39.75,-528.27,A2356raw4.mat_Line3976
25,12,0,-253.81,11.897,39.76,-539.98,A2356raw4.mat_Line3977
25,12,0,-255.13,11.89,39.77,-548.4,A2356raw4.mat_Line3978
25,12,-0,-255.95,11.893,39.78,-551.04,A2356raw4.mat_Line3979
25,12,0,-256.57,11.884,39.79,-548.51,A2356raw4.mat_Line3980
25,12,-0,-256.14,11.874,39.8,-541.76,A2356raw4.mat_Line3981
25,12,0,-254.76,11.857,39.81,-535.32,A2356raw4.mat_Line3982
25,12,0,-252.07,11.829,39.82,-527.95,A2356raw4.mat_Line3983
25,12,0,-248.4,11.803,39.83,-520.9,A2356raw4.mat_Line3984
25,12,0,-245.06,11.746,39.84,-516.85,A2356raw4.mat_Line3985
25,12,0,-244.34,11.711,39.85,-514.39,A2356raw4.mat_Line3986
25,12,0,-245.26,11.671,39.86,-517.7,A2356raw4.mat_Line3987
25,12,0,-247.86,11.594,39.87,-526.94,A2356raw4.mat_Line3988
25,12,-0,-252.37,11.526,39.88,-539.89,A2356raw4.mat_Line3989
25,12,0,-256.55,11.446,39.89,-551.28,A2356raw4.mat_Line3990
25,12,0,-260.07,11.37,39.9,-557.05,A2356raw4.mat_Line3991
25,12,0,-261.57,11.273,39.91,-557.06,A2356raw4.mat_Line3992
25,12,0,-260.91,11.179,39.92,-552.07,A2356raw4.mat_Line3993
25,12,0,-257.77,11.088,39.93,-541.63,A2356raw4.mat_Line3994
25,12,0,-252.61,10.977,39.94,-528.5,A2356raw4.mat_Line3995
25,12,0,-247.29,10.869,39.95,-514.76,A2356raw4.mat_Line3996
25,12,0,-242.7,10.76,39.96,-505.86,A2356raw4.mat_Line3997
25,12,0,-240.63,10.673,39.97,-505.25,A2356raw4.mat_Line3998
25,12,0,-242.53,10.576,39.98,-513.69,A2356raw4.mat_Line3999
25,12,0,-246.28,10.494,39.99,-528.64,A2356raw4.mat_Line4000
25,12,0,-249.48,10.408,40,-546.88,A2356raw4.mat_Line4001
25,12,0,-252.68,10.339,40.01,-563.26,A2356raw4.mat_Line4002
25,12,0,-254.43,10.259,40.02,-574.17,A2356raw4.mat_Line4003
25,12,0,-252.44,10.123,40.03,-593.86,A2356raw6.mat_Line4004
25,12,0,-254.24,10.136,40.04,-572.25,A2356raw4.mat_Line4005
25,12,0,-251.04,10.066,40.05,-560.84,A2356raw4.mat_Line4006
25,12,0,-247.7,10.004,40.06,-547.7,A2356raw4.mat_Line4007
25,12,0,-243.85,9.953,40.07,-537.24,A2356raw4.mat_Line4008
25,12,0,-240.71,9.884,40.08,-531.47,A2356raw4.mat_Line4009
25,12,0,-240.6,9.823,40.09,-533.81,A2356raw4.mat_Line4010
25,12,0,-240.64,9.752,40.1,-542.22,A2356raw4.mat_Line4011
25,12,0,-258.2,9.599,40.11,-591.75,A2356raw6.mat_Line4012
25,12,0,-245.81,9.605,40.12,-565.38,A2356raw4.mat_Line4013
25,12,0,-254.55,9.446,40.13,-590.04,A2356raw6.mat_Line4014
25,12,0,-249.54,9.442,40.14,-579.71,A2356raw4.mat_Line4015
25,12,0,-250.2,9.36,40.15,-583.44,A2356raw4.mat_Line4016
25,12,0,-250.58,9.277,40.16,-584.52,A2356raw4.mat_Line4017
25,12,0,-247.11,9.108,40.18,-578.77,A2356raw4.mat_Line4019
25,12,0,-243.34,9.011,40.19,-573.92,A2356raw4.mat_Line4020
25,12,0,-241.3,8.929,40.2,-569.39,A2356raw4.mat_Line4021
25,12,0,-239.17,8.836,40.21,-566.73,A2356raw4.mat_Line4022
25,12,0,-237.57,8.73,40.22,-568.26,A2356raw4.mat_Line4023
25,12,0,-237.93,8.643,40.23,-573.37,A2356raw4.mat_Line4024
25,12,0,-240.88,8.551,40.24,-580.7,A2356raw4.mat_Line4025
25,12,0,-244.48,8.464,40.25,-588.05,A2356raw4.mat_Line4026
25,12,0,-248.21,8.369,40.26,-593.99,A2356raw4.mat_Line4027
25,12,0,-250.86,8.298,40.27,-597.44,A2356raw4.mat_Line4028
25,12,0,-250.96,8.136,40.28,-573.58,A2356raw6.mat_Line4029
25,12,0,-247.59,8.127,40.29,-592.15,A2356raw4.mat_Line4030
25,12,0,-243.74,8.05,40.3,-586.54,A2356raw4.mat_Line4031
25,12,0,-239.87,7.988,40.31,-582.16,A2356raw4.mat_Line4032
25,12,0,-237.68,7.917,40.32,-581.03,A2356raw4.mat_Line4033
25,12,0,-238.12,7.847,40.33,-582.88,A2356raw4.mat_Line4034
25,12,0,-240.11,7.797,40.34,-587.39,A2356raw4.mat_Line4035
25,12,0,-243.28,7.723,40.35,-592.52,A2356raw4.mat_Line4036
25,12,0,-247.82,7.663,40.36,-597.21,A2356raw4.mat_Line4037
25,12,0,-250.65,7.585,40.37,-600.65,A2356raw4.mat_Line4038
25,12,0,-252.19,7.517,40.38,-601.45,A2356raw4.mat_Line4039
25,12,0,-250.85,7.421,40.39,-599.75,A2356raw4.mat_Line4040
25,12,0,-248.04,7.357,40.4,-595.54,A2356raw4.mat_Line4041
25,12,0,-244.36,7.275,40.41,-590.56,A2356raw4.mat_Line4042
25,12,0,-242.18,7.207,40.42,-586.81,A2356raw4.mat_Line4043
25,12,-0,-241.82,7.114,40.43,-584.91,A2356raw4.mat_Line4044
25,12,0,-242.97,7.039,40.44,-586,A2356raw4.mat_Line4045
25,12,0,-244.55,6.953,40.45,-589.11,A2356raw4.mat_Line4046
25,12,0,-247.8,6.869,40.46,-594.09,A2356raw4.mat_Line4047
25,12,0,-250.44,6.78,40.47,-598.96,A2356raw4.mat_Line4048
25,12,0,-253.16,6.688,40.48,-601.47,A2356raw4.mat_Line4049
25,12,0,-255.6,6.599,40.49,-601.97,A2356raw4.mat_Line4050
25,12,-0,-255.79,6.505,40.5,-599.79,A2356raw4.mat_Line4051
25,12,0,-254.52,6.419,40.51,-594.98,A2356raw4.mat_Line4052
25,12,0,-252.59,6.34,40.52,-588.59,A2356raw4.mat_Line4053
25,12,-0,-249.72,6.252,40.53,-582.98,A2356raw4.mat_Line4054
25,12,0,-248.98,6.167,40.54,-578.79,A2356raw4.mat_Line4055
25,12,-0,-249.29,6.075,40.55,-576.75,A2356raw4.mat_Line4056
25,12,0,-250.48,6.008,40.56,-577.25,A2356raw4.mat_Line4057
25,12,0,-253.25,5.928,40.57,-579.91,A2356raw4.mat_Line4058
25,12,0,-256.87,5.846,40.58,-582.44,A2356raw4.mat_Line4059
25,12,0,-259.99,5.772,40.59,-584.49,A2356raw4.mat_Line4060
25,12,0,-262.26,5.702,40.6,-584.67,A2356raw4.mat_Line4061
25,12,0,-263.64,5.62,40.61,-582.82,A2356raw4.mat_Line4062
25,12,0,-262.12,5.537,40.62,-577.83,A2356raw4.mat_Line4063
25,12,0,-260.05,5.46,40.63,-570.98,A2356raw4.mat_Line4064
25,12,0,-257.68,5.395,40.64,-563.33,A2356raw4.mat_Line4065
25,12,0,-255.48,5.315,40.65,-557.1,A2356raw4.mat_Line4066
25,12,0,-255.79,5.245,40.66,-553.37,A2356raw4.mat_Line4067
25,12,0,-256.61,5.172,40.67,-552.47,A2356raw4.mat_Line4068
25,12,0,-259.26,5.106,40.68,-553.74,A2356raw4.mat_Line4069
25,12,0,-262.33,5.009,40.69,-555.49,A2356raw4.mat_Line4070
25,12,0,-265.95,4.933,40.7,-556.46,A2356raw4.mat_Line4071
25,12,0,-262.23,4.774,40.71,-503.4,A2356raw6.mat_Line4072
25,12,0,-261.16,4.685,40.72,-498.9,A2356raw6.mat_Line4073
25,12,-0,-269.43,4.689,40.73,-545.58,A2356raw4.mat_Line4074
25,12,0,-266.56,4.619,40.74,-538.42,A2356raw4.mat_Line4075
25,12,0,-263.27,4.52,40.75,-530.79,A2356raw4.mat_Line4076
25,12,0,-260.99,4.443,40.76,-524.42,A2356raw4.mat_Line4077
25,12,0,-259.99,4.37,40.77,-519.78,A2356raw4.mat_Line4078
25,12,0,-271.17,4.201,40.78,-482.68,A2356raw6.mat_Line4079
25,12,0,-270.95,4.127,40.79,-479.59,A2356raw6.mat_Line4080
25,12,-0,-269.43,4.054,40.8,-475.38,A2356raw6.mat_Line4081
25,12,0,-271.42,4.042,40.81,-511.03,A2356raw4.mat_Line4082
25,12,0,-273.78,3.973,40.82,-507.32,A2356raw4.mat_Line4083
25,12,-0,-275.21,3.885,40.83,-502.97,A2356raw4.mat_Line4084
25,12,0,-274.03,3.803,40.84,-497.08,A2356raw4.mat_Line4085
25,12,0,-261.5,3.647,40.85,-447.44,A2356raw6.mat_Line4086
25,12,0,-264.19,3.57,40.86,-443.1,A2356raw6.mat_Line4087
25,12,0,-266.58,3.495,40.87,-439.39,A2356raw6.mat_Line4088
25,12,0,-269.25,3.416,40.88,-435.84,A2356raw6.mat_Line4089
25,12,0,-262.89,3.404,40.89,-461.66,A2356raw4.mat_Line4090
25,12,0,-265.15,3.328,40.9,-456.08,A2356raw4.mat_Line4091
25,12,-0,-268.59,3.248,40.91,-451.13,A2356raw4.mat_Line4092
25,12,0,-268.09,3.079,40.92,-416.78,A2356raw6.mat_Line4093
25,12,0,-275.84,3.08,40.93,-442.19,A2356raw4.mat_Line4094
25,12,0,-262.71,2.938,40.94,-401.55,A2356raw6.mat_Line4095
25,12,0,-261.93,2.864,40.95,-393.64,A2356raw6.mat_Line4096
25,12,0,-262.24,2.782,40.96,-386.19,A2356raw6.mat_Line4097
25,12,0,-269.39,2.765,40.97,-415.18,A2356raw4.mat_Line4098
25,12,0,-266.46,2.625,40.98,-373.33,A2356raw6.mat_Line4099
25,12,0,-263.5,2.629,40.99,-396.38,A2356raw4.mat_Line4100
25,12,0,-263.41,2.55,41,-387.53,A2356raw4.mat_Line4101
25,12,0,-271.73,2.292,41.02,-350.89,A2356raw6.mat_Line4103
25,12,0,-267.56,2.129,41.04,-334.59,A2356raw6.mat_Line4105
25,12,0,-277.55,2.122,41.05,-355.51,A2356raw4.mat_Line4106
25,12,0,-278,2.046,41.06,-348.69,A2356raw4.mat_Line4107
25,12,-0,-274.98,1.966,41.07,-340.46,A2356raw4.mat_Line4108
25,12,0,-264.68,1.496,41.13,-276.62,A2356raw4.mat_Line4114
25,12,0,-268.23,1.408,41.14,-269.2,A2356raw4.mat_Line4115
25,12,0,-271.89,1.33,41.15,-262.25,A2356raw4.mat_Line4116
25,12,0,-261.05,1.168,41.16,-231.25,A2356raw6.mat_Line4117
25,12,0,-257.98,1.084,41.17,-219.59,A2356raw6.mat_Line4118
25,12,0,-256.69,1.021,41.18,-208.41,A2356raw6.mat_Line4119
25,12,0,-262,0.929,41.2,-214.44,A2356raw4.mat_Line4121
25,12,0,-257.92,0.848,41.21,-200.91,A2356raw4.mat_Line4122
25,12,0,-254.89,0.77,41.22,-187.85,A2356raw4.mat_Line4123
25,12,0,-262.22,0.607,41.23,-165.03,A2356raw6.mat_Line4124
25,12,0,-261.79,0.523,41.24,-156.82,A2356raw6.mat_Line4125
25,12,0,-260.98,0.448,41.25,-147.03,A2356raw6.mat_Line4126
25,12,0,-257.44,0.368,41.26,-136.15,A2356raw6.mat_Line4127
25,12,0,-254.27,0.292,41.27,-124.03,A2356raw6.mat_Line4128
25,12,0,-266.71,0.298,41.28,-133.98,A2356raw4.mat_Line4129
25,12,0,-259.7,0.132,41.3,-111.14,A2356raw4.mat_Line4131
25,12,0,-254.11,0.056,41.31,-97.12,A2356raw4.mat_Line4132
25,12,-0,-250.59,-0.176,41.33,-59.32,A2356raw6.mat_Line4134
25,12,0,-252.32,-0.248,41.34,-50.19,A2356raw6.mat_Line4135
25,12,0,-251.86,-0.334,41.35,-40.1,A2356raw6.mat_Line4136
25,12,0,-249.34,-0.332,41.36,-34.72,A2356raw4.mat_Line4137
25,12,0,-253.02,-0.438,41.37,-25.6,A2356raw4.mat_Line4138
25,12,0,-255.51,-0.512,41.38,-16.18,A2356raw4.mat_Line4139
25,12,0,-240.28,-0.985,41.43,57.23,A2356raw6.mat_Line4144
25,12,0,-238.24,-0.985,41.44,65.89,A2356raw4.mat_Line4145
25,12,0,-241.08,-1.14,41.45,77.84,A2356raw6.mat_Line4146
25,12,0,-237.89,-1.122,41.46,91.48,A2356raw4.mat_Line4147
25,12,0,-239.32,-1.299,41.47,100.97,A2356raw6.mat_Line4148
25,12,0,-236.41,-1.379,41.48,114.19,A2356raw6.mat_Line4149
25,12,0,-237.95,-1.631,41.52,162.78,A2356raw4.mat_Line4153
25,12,0,-233.48,-1.707,41.53,177.89,A2356raw4.mat_Line4154
25,12,0,-229.22,-1.791,41.54,192.37,A2356raw4.mat_Line4155
25,12,0,-227.24,-1.951,41.55,196.3,A2356raw6.mat_Line4156
25,12,0,-227.83,-2.03,41.56,206.06,A2356raw6.mat_Line4157
25,12,0,-228.23,-2.115,41.57,216.93,A2356raw6.mat_Line4158
25,12,0,-227.21,-2.199,41.58,228.42,A2356raw6.mat_Line4159
25,12,0,-227.88,-2.192,41.59,246.61,A2356raw4.mat_Line4160
25,12,0,-229.86,-2.278,41.6,256.36,A2356raw4.mat_Line4161
25,12,0,-231.27,-2.354,41.61,266.91,A2356raw4.mat_Line4162
25,12,0,-230.47,-2.428,41.62,278.73,A2356raw4.mat_Line4163
25,12,0,-227.98,-2.501,41.63,290.55,A2356raw4.mat_Line4164
25,12,0,-218.75,-2.663,41.64,290.37,A2356raw6.mat_Line4165
25,12,0,-219.35,-2.753,41.65,298.72,A2356raw6.mat_Line4166
25,12,0,-221.57,-2.825,41.66,307.1,A2356raw6.mat_Line4167
25,12,-0,-222.7,-2.894,41.67,315.32,A2356raw6.mat_Line4168
25,12,-0,-216.47,-2.897,41.68,339.31,A2356raw4.mat_Line4169
25,12,0,-217.31,-2.99,41.69,347.04,A2356raw4.mat_Line4170
25,12,0,-220.22,-3.061,41.7,354.3,A2356raw4.mat_Line4171
25,12,0,-225.05,-3.382,41.74,383.29,A2356raw4.mat_Line4175
25,12,0,-217.84,-3.532,41.75,379.4,A2356raw6.mat_Line4176
25,12,0,-219.14,-3.537,41.76,399.15,A2356raw4.mat_Line4177
25,12,0,-216.37,-3.624,41.77,407.39,A2356raw4.mat_Line4178
25,12,0,-214.89,-3.695,41.78,414.99,A2356raw4.mat_Line4179
25,12,0,-226.19,-3.94,41.8,408.98,A2356raw6.mat_Line4181
25,12,0,-225.84,-4.015,41.81,415.35,A2356raw6.mat_Line4182
25,12,0,-223.44,-4.095,41.82,421.87,A2356raw6.mat_Line4183
25,12,0,-228.16,-4.108,41.83,440.02,A2356raw4.mat_Line4184
25,12,0,-229.44,-4.177,41.84,445.29,A2356raw4.mat_Line4185
25,12,0,-228.15,-4.265,41.85,450.55,A2356raw4.mat_Line4186
25,12,0,-225.54,-4.348,41.86,456.47,A2356raw4.mat_Line4187
25,12,0,-220.53,-4.507,41.87,449.48,A2356raw6.mat_Line4188
25,12,0,-223.04,-4.57,41.88,453.04,A2356raw6.mat_Line4189
25,12,0,-217.28,-4.577,41.89,476.06,A2356raw4.mat_Line4190
25,12,0,-218.33,-4.653,41.9,481.35,A2356raw4.mat_Line4191
25,12,0,-220.11,-4.742,41.91,485.22,A2356raw4.mat_Line4192
25,12,0,-223.26,-4.817,41.92,488.13,A2356raw4.mat_Line4193
25,12,0,-227.53,-4.908,41.93,489.97,A2356raw4.mat_Line4194
25,12,0,-230.29,-4.98,41.94,492.25,A2356raw4.mat_Line4195
25,12,0,-232.61,-5.049,41.95,495.34,A2356raw4.mat_Line4196
25,12,0,-232.54,-5.136,41.96,499.54,A2356raw4.mat_Line4197
25,12,0,-229.75,-5.222,41.97,504.04,A2356raw4.mat_Line4198
25,12,0,-225.79,-5.292,41.98,509.02,A2356raw4.mat_Line4199
25,12,0,-224.9,-5.458,41.99,497.69,A2356raw6.mat_Line4200
25,12,0,-220.86,-5.451,42,520.24,A2356raw4.mat_Line4201
25,12,0,-221.88,-5.62,42.02,528.29,A2356raw4.mat_Line4203
25,12,0,-225.03,-5.704,42.03,530.3,A2356raw4.mat_Line4204
25,12,0,-228.34,-5.786,42.04,531.51,A2356raw4.mat_Line4205
25,12,0,-231.46,-5.86,42.05,532.41,A2356raw4.mat_Line4206
25,12,0,-233.63,-5.941,42.06,533.47,A2356raw4.mat_Line4207
25,12,0,-233.89,-6.027,42.07,535.16,A2356raw4.mat_Line4208
25,12,0,-232.16,-6.117,42.08,538.13,A2356raw4.mat_Line4209
25,12,0,-228.65,-6.187,42.09,542.04,A2356raw4.mat_Line4210
25,12,0,-225.39,-6.261,42.1,546.73,A2356raw4.mat_Line4211
25,12,0,-223.59,-6.347,42.11,552.34,A2356raw4.mat_Line4212
25,12,-0,-223.27,-6.43,42.12,557.01,A2356raw4.mat_Line4213
25,12,0,-223.99,-6.503,42.13,560.09,A2356raw4.mat_Line4214
25,12,0,-225.66,-6.581,42.14,561.45,A2356raw4.mat_Line4215
25,12,0,-233.86,-6.75,42.15,531.87,A2356raw6.mat_Line4216
25,12,-0,-232.87,-6.752,42.16,559.85,A2356raw4.mat_Line4217
25,12,0,-235.66,-6.818,42.17,559.34,A2356raw4.mat_Line4218
25,12,0,-237.48,-6.888,42.18,560.26,A2356raw4.mat_Line4219
25,12,0,-236.15,-6.982,42.19,561.83,A2356raw4.mat_Line4220
25,12,0,-233.4,-7.07,42.2,564.49,A2356raw4.mat_Line4221
25,12,-0,-227.76,-7.229,42.22,572.63,A2356raw4.mat_Line4223
25,12,0,-226.78,-7.305,42.23,576.81,A2356raw4.mat_Line4224
25,12,-0,-233.25,-7.458,42.24,551.42,A2356raw6.mat_Line4225
25,12,0,-228.37,-7.461,42.25,579.42,A2356raw4.mat_Line4226
25,12,0,-231.27,-7.544,42.26,577.83,A2356raw4.mat_Line4227
25,12,0,-235.12,-7.626,42.27,575.47,A2356raw4.mat_Line4228
25,12,0,-238.44,-7.699,42.28,573.89,A2356raw4.mat_Line4229
25,12,-0,-240.8,-7.778,42.29,574.21,A2356raw4.mat_Line4230
25,12,-0,-240.69,-7.876,42.3,575.61,A2356raw4.mat_Line4231
25,12,0,-238.22,-7.938,42.31,578.11,A2356raw4.mat_Line4232
25,12,0,-234.54,-8.031,42.32,581.23,A2356raw4.mat_Line4233
25,12,0,-230.71,-8.196,42.33,566.95,A2356raw6.mat_Line4234
25,12,0,-230.88,-8.19,42.34,587.79,A2356raw4.mat_Line4235
25,12,0,-230.49,-8.263,42.35,589.8,A2356raw4.mat_Line4236
25,12,0,-232.01,-8.349,42.36,589.78,A2356raw4.mat_Line4237
25,12,-0,-234,-8.425,42.37,588.21,A2356raw4.mat_Line4238
25,12,0,-237.53,-8.512,42.38,586.3,A2356raw4.mat_Line4239
25,12,0,-236,-8.671,42.39,565.82,A2356raw6.mat_Line4240
25,12,0,-242.57,-8.671,42.4,583.8,A2356raw4.mat_Line4241
25,12,0,-242.75,-8.741,42.41,584.88,A2356raw4.mat_Line4242
25,12,0,-231.99,-8.903,42.42,572.82,A2356raw6.mat_Line4243
25,12,0,-238.49,-8.907,42.43,588.51,A2356raw4.mat_Line4244
25,12,0,-236.5,-8.992,42.44,590.55,A2356raw4.mat_Line4245
25,12,0,-234.43,-9.078,42.45,592.41,A2356raw4.mat_Line4246
25,12,0,-234.58,-9.148,42.46,593.96,A2356raw4.mat_Line4247
25,12,0,-239.07,-9.295,42.47,572.75,A2356raw6.mat_Line4248
25,12,0,-236.63,-9.314,42.48,593.92,A2356raw4.mat_Line4249
25,12,0,-238.33,-9.396,42.49,592.34,A2356raw4.mat_Line4250
25,12,0,-240.99,-9.467,42.5,591.08,A2356raw4.mat_Line4251
25,12,0,-243.39,-9.543,42.51,590.14,A2356raw4.mat_Line4252
25,12,-0,-244.98,-9.625,42.52,590.46,A2356raw4.mat_Line4253
25,12,0,-243.35,-9.718,42.53,590.62,A2356raw4.mat_Line4254
25,12,0,-242.57,-9.792,42.54,591.11,A2356raw4.mat_Line4255
25,12,-0,-240.25,-9.862,42.55,591.76,A2356raw4.mat_Line4256
25,12,0,-238.02,-9.963,42.56,592.84,A2356raw4.mat_Line4257
25,12,0,-238.13,-10.021,42.57,594.39,A2356raw4.mat_Line4258
25,12,0,-237.23,-10.114,42.58,595.79,A2356raw4.mat_Line4259
25,12,0,-238.28,-10.186,42.59,596.39,A2356raw4.mat_Line4260
25,12,0,-239.96,-10.279,42.6,595.89,A2356raw4.mat_Line4261
25,12,0,-241.82,-10.352,42.61,594.64,A2356raw4.mat_Line4262
25,12,0,-244.01,-10.428,42.62,593.37,A2356raw4.mat_Line4263
25,12,0,-245.55,-10.502,42.63,592.44,A2356raw4.mat_Line4264
25,12,0,-245.97,-10.598,42.64,592.15,A2356raw4.mat_Line4265
25,12,0,-244.97,-10.67,42.65,592.02,A2356raw4.mat_Line4266
25,12,0,-242.58,-10.754,42.66,592.18,A2356raw4.mat_Line4267
25,12,-0,-241.53,-10.827,42.67,593.14,A2356raw4.mat_Line4268
25,12,0,-240.41,-10.903,42.68,594.05,A2356raw4.mat_Line4269
25,12,0,-239.92,-10.982,42.69,595.14,A2356raw4.mat_Line4270
25,12,0,-240.58,-11.068,42.7,596.37,A2356raw4.mat_Line4271
25,12,0,-241,-11.15,42.71,597.14,A2356raw4.mat_Line4272
25,12,0,-241.83,-11.224,42.72,596.64,A2356raw4.mat_Line4273
25,12,0,-244.04,-11.303,42.73,596.18,A2356raw4.mat_Line4274
25,12,0,-245.48,-11.384,42.74,595.39,A2356raw4.mat_Line4275
25,12,0,-246.45,-11.447,42.75,594.61,A2356raw4.mat_Line4276
25,12,0,-246.41,-11.532,42.76,593.71,A2356raw4.mat_Line4277
25,12,0,-245.36,-11.609,42.77,593.41,A2356raw4.mat_Line4278
25,12,0,-244.39,-11.672,42.78,593.58,A2356raw4.mat_Line4279
25,12,0,-243.85,-11.74,42.79,594.36,A2356raw4.mat_Line4280
25,12,0,-243.38,-11.794,42.8,594.8,A2356raw4.mat_Line4281
25,12,0,-242.24,-11.853,42.81,596.17,A2356raw4.mat_Line4282
25,12,0,-243.1,-11.924,42.83,598.47,A2356raw4.mat_Line4284
25,12,0,-244.45,-11.962,42.84,598.6,A2356raw4.mat_Line4285
25,12,0,-246.33,-11.99,42.85,599.22,A2356raw4.mat_Line4286
25,12,0,-247.33,-11.999,42.86,598.74,A2356raw4.mat_Line4287
25,12,0,-247.32,-12.01,42.87,597.35,A2356raw4.mat_Line4288
25,12,0,-246.46,-11.997,42.88,595.82,A2356raw4.mat_Line4289
25,12,0,-245.67,-11.99,42.89,594.6,A2356raw4.mat_Line4290
25,12,0,-245.06,-11.984,42.9,594.31,A2356raw4.mat_Line4291
25,12,0,-244.28,-11.969,42.91,595.09,A2356raw4.mat_Line4292
25,12,0,-243.37,-11.953,42.92,597.12,A2356raw4.mat_Line4293
25,12,0,-243.23,-11.933,42.93,599.31,A2356raw4.mat_Line4294
25,12,0,-243.78,-11.934,42.94,600.55,A2356raw4.mat_Line4295
25,12,0,-244.49,-11.919,42.95,600.22,A2356raw4.mat_Line4296
25,12,0,-246.03,-11.91,42.96,599.28,A2356raw4.mat_Line4297
25,12,0,-247.24,-11.926,42.97,598.35,A2356raw4.mat_Line4298
25,12,0,-247.39,-11.896,42.98,597.42,A2356raw4.mat_Line4299
25,12,0,-246.56,-11.9,42.99,596.65,A2356raw4.mat_Line4300
25,12,0,-245.46,-11.904,43,596.06,A2356raw4.mat_Line4301
25,12,0,-244.41,-11.907,43.01,596.06,A2356raw4.mat_Line4302
25,12,0,-243.63,-11.897,43.02,596.21,A2356raw4.mat_Line4303
25,12,0,-243.8,-11.9,43.03,596.68,A2356raw4.mat_Line4304
25,12,0,-243.66,-11.891,43.04,597.44,A2356raw4.mat_Line4305
25,12,-0,-244.79,-11.874,43.05,598.05,A2356raw4.mat_Line4306
25,12,0,-245.61,-11.847,43.06,598.66,A2356raw4.mat_Line4307
25,12,0,-246.66,-11.824,43.07,598.79,A2356raw4.mat_Line4308
25,12,0,-247.67,-11.791,43.08,599.24,A2356raw4.mat_Line4309
25,12,0,-248.33,-11.747,43.09,598.77,A2356raw4.mat_Line4310
25,12,0,-247.72,-11.684,43.1,597.66,A2356raw4.mat_Line4311
25,12,0,-246.07,-11.621,43.11,596.57,A2356raw4.mat_Line4312
25,12,0,-245.29,-11.555,43.12,595.19,A2356raw4.mat_Line4313
25,12,0,-245.39,-11.473,43.13,594.58,A2356raw4.mat_Line4314
25,12,0,-245.36,-11.386,43.14,595.05,A2356raw4.mat_Line4315
25,12,0,-244.92,-11.277,43.15,596.31,A2356raw4.mat_Line4316
25,12,0,-244.75,-11.187,43.16,598.19,A2356raw4.mat_Line4317
25,12,0,-244.84,-11.092,43.17,599.59,A2356raw4.mat_Line4318
25,12,0,-245.68,-10.999,43.18,600.37,A2356raw4.mat_Line4319
25,12,0,-246.28,-10.915,43.19,600.54,A2356raw4.mat_Line4320
25,12,0,-247.48,-10.829,43.2,599.44,A2356raw4.mat_Line4321
25,12,0,-247.61,-10.737,43.21,597.89,A2356raw4.mat_Line4322
25,12,0,-247.01,-10.66,43.22,596.51,A2356raw4.mat_Line4323
25,12,0,-245.69,-10.577,43.23,595.89,A2356raw4.mat_Line4324
25,12,0,-244.32,-10.505,43.24,596.54,A2356raw4.mat_Line4325
25,12,0,-243.33,-10.429,43.25,598.57,A2356raw4.mat_Line4326
25,12,0,-242.71,-10.359,43.26,600.44,A2356raw4.mat_Line4327
25,12,0,-242.27,-10.283,43.27,601.36,A2356raw4.mat_Line4328
25,12,0,-243.22,-10.216,43.28,601.97,A2356raw4.mat_Line4329
25,12,0,-244.58,-10.149,43.29,600.7,A2356raw4.mat_Line4330
25,12,0,-246.06,-10.096,43.3,599.59,A2356raw4.mat_Line4331
25,12,0,-248.23,-9.945,43.31,574.26,A2356raw6.mat_Line4332
25,12,-0,-247.32,-9.881,43.32,574.9,A2356raw6.mat_Line4333
25,12,0,-248.09,-9.887,43.33,597.43,A2356raw4.mat_Line4334
25,12,0,-246.25,-9.814,43.34,598.07,A2356raw4.mat_Line4335
25,12,0,-244,-9.728,43.35,598.54,A2356raw4.mat_Line4336
25,12,0,-242.34,-9.645,43.36,599.94,A2356raw4.mat_Line4337
25,12,0,-242.09,-9.572,43.37,601.35,A2356raw4.mat_Line4338
25,12,0,-242.13,-9.496,43.38,602.11,A2356raw4.mat_Line4339
25,12,0,-242.83,-9.419,43.39,602.41,A2356raw4.mat_Line4340
25,12,0,-243.79,-9.337,43.4,601.62,A2356raw4.mat_Line4341
25,12,0,-245.29,-9.261,43.41,600.66,A2356raw4.mat_Line4342
25,12,0,-246.3,-9.164,43.42,600.19,A2356raw4.mat_Line4343
25,12,0,-247.26,-9.083,43.43,600.05,A2356raw4.mat_Line4344
25,12,0,-246.64,-9.002,43.44,599.6,A2356raw4.mat_Line4345
25,12,0,-245.42,-8.897,43.45,599.31,A2356raw4.mat_Line4346
25,12,0,-244.45,-8.826,43.46,599.49,A2356raw4.mat_Line4347
25,12,0,-243.3,-8.733,43.47,599.81,A2356raw4.mat_Line4348
25,12,0,-242.59,-8.635,43.48,600.12,A2356raw4.mat_Line4349
25,12,0,-242.61,-8.548,43.49,600.58,A2356raw4.mat_Line4350
25,12,0,-242.48,-8.468,43.5,600.88,A2356raw4.mat_Line4351
25,12,0,-244.07,-8.383,43.51,600.71,A2356raw4.mat_Line4352
25,12,0,-245,-8.307,43.52,600.85,A2356raw4.mat_Line4353
25,12,0,-246.33,-8.223,43.53,601.16,A2356raw4.mat_Line4354
25,12,0,-246.97,-8.149,43.54,601.16,A2356raw4.mat_Line4355
25,12,0,-246.94,-8.078,43.55,600.71,A2356raw4.mat_Line4356
25,12,0,-245.62,-7.998,43.56,599.48,A2356raw4.mat_Line4357
25,12,0,-244.42,-7.928,43.57,599.02,A2356raw4.mat_Line4358
25,12,0,-243.58,-7.852,43.58,598.41,A2356raw4.mat_Line4359
25,12,0,-242.84,-7.779,43.59,598.41,A2356raw4.mat_Line4360
25,12,0,-243.42,-7.712,43.6,599.03,A2356raw4.mat_Line4361
25,12,0,-243.71,-7.636,43.61,599.63,A2356raw4.mat_Line4362
25,12,0,-244.84,-7.573,43.62,600.26,A2356raw4.mat_Line4363
25,12,0,-245.99,-7.491,43.63,600.23,A2356raw4.mat_Line4364
25,12,0,-246.91,-7.423,43.64,599.61,A2356raw4.mat_Line4365
25,12,0,-248.61,-7.342,43.65,598.82,A2356raw4.mat_Line4366
25,12,0,-248.46,-7.255,43.66,597.11,A2356raw4.mat_Line4367
25,12,0,-248.06,-7.185,43.67,595.26,A2356raw4.mat_Line4368
25,12,0,-247.26,-7.098,43.68,593.88,A2356raw4.mat_Line4369
25,12,0,-246.73,-7.009,43.69,593.28,A2356raw4.mat_Line4370
25,12,0,-246.25,-6.933,43.7,593.89,A2356raw4.mat_Line4371
25,12,0,-245.43,-6.838,43.71,594.36,A2356raw4.mat_Line4372
25,12,0,-245.81,-6.744,43.72,594.51,A2356raw4.mat_Line4373
25,12,0,-246.96,-6.667,43.73,593.42,A2356raw4.mat_Line4374
25,12,0,-248.39,-6.594,43.74,591.86,A2356raw4.mat_Line4375
25,12,0,-250.01,-6.515,43.75,590.61,A2356raw4.mat_Line4376
25,12,0,-255.09,-6.35,43.76,550.98,A2356raw6.mat_Line4377
25,12,0,-254.6,-6.254,43.77,548.97,A2356raw6.mat_Line4378
25,12,-0,-252.02,-6.257,43.78,585.02,A2356raw4.mat_Line4379
25,12,0,-250.38,-6.101,43.8,582.09,A2356raw4.mat_Line4381
25,12,0,-256.44,-5.948,43.81,542.1,A2356raw6.mat_Line4382
25,12,0,-250.48,-5.938,43.82,581.48,A2356raw4.mat_Line4383
25,12,0,-251.13,-5.876,43.83,580.54,A2356raw4.mat_Line4384
25,12,0,-261.08,-5.719,43.84,536.49,A2356raw6.mat_Line4385
25,12,0,-254.62,-5.714,43.85,576.31,A2356raw4.mat_Line4386
25,12,0,-256.96,-5.638,43.86,573.64,A2356raw4.mat_Line4387
25,12,0,-259.18,-5.561,43.87,571.14,A2356raw4.mat_Line4388
25,12,0,-259.8,-5.49,43.88,569.12,A2356raw4.mat_Line4389
25,12,0,-259.29,-5.321,43.89,523.64,A2356raw6.mat_Line4390
25,12,0,-259.6,-5.243,43.9,521.15,A2356raw6.mat_Line4391
25,12,0,-257.99,-5.259,43.91,563.73,A2356raw4.mat_Line4392
25,12,0,-258.38,-5.169,43.92,561.57,A2356raw4.mat_Line4393
25,12,0,-258.69,-5.094,43.93,559.69,A2356raw4.mat_Line4394
25,12,0,-259.32,-5.01,43.94,556.89,A2356raw4.mat_Line4395
25,12,0,-260.67,-4.928,43.95,553.93,A2356raw4.mat_Line4396
25,12,0,-261.78,-4.847,43.96,550.49,A2356raw4.mat_Line4397
25,12,0,-264.09,-4.758,43.97,546.59,A2356raw4.mat_Line4398
25,12,0,-265.92,-4.681,43.98,543.32,A2356raw4.mat_Line4399
25,12,0,-264.19,-4.536,43.99,493.52,A2356raw6.mat_Line4400
25,12,0,-266.71,-4.434,44.01,534.03,A2356raw4.mat_Line4402
25,12,0,-266.07,-4.357,44.02,530.33,A2356raw4.mat_Line4403
25,12,0,-263.26,-4.208,44.03,479.41,A2356raw6.mat_Line4404
25,12,0,-265.22,-4.192,44.04,521.81,A2356raw4.mat_Line4405
25,12,0,-265.57,-4.118,44.05,517.61,A2356raw4.mat_Line4406
25,12,0,-266.46,-4.049,44.06,512.48,A2356raw4.mat_Line4407
25,12,-0,-268.06,-3.966,44.07,507.35,A2356raw4.mat_Line4408
25,12,0,-269.05,-3.794,44.08,458.75,A2356raw6.mat_Line4409
25,12,0,-273.1,-3.809,44.09,497.39,A2356raw4.mat_Line4410
25,12,0,-274.66,-3.721,44.1,492.57,A2356raw4.mat_Line4411
25,12,0,-274.83,-3.641,44.11,487.3,A2356raw4.mat_Line4412
25,12,0,-272.85,-3.568,44.12,482.19,A2356raw4.mat_Line4413
25,12,0,-270.08,-3.484,44.13,477.1,A2356raw4.mat_Line4414
25,12,0,-265.44,-3.239,44.15,424.81,A2356raw6.mat_Line4416
25,12,0,-267.44,-3.164,44.16,419.07,A2356raw6.mat_Line4417
25,12,0,-269.21,-3.073,44.17,412.53,A2356raw6.mat_Line4418
25,12,0,-270.29,-3.084,44.18,448.08,A2356raw4.mat_Line4419
25,12,0,-273.03,-3.01,44.19,441.39,A2356raw4.mat_Line4420
25,12,0,-276.25,-2.937,44.2,433.76,A2356raw4.mat_Line4421
25,12,0,-277.86,-2.846,44.21,426.47,A2356raw4.mat_Line4422
25,12,-0,-269.43,-2.682,44.22,380.12,A2356raw6.mat_Line4423
25,12,0,-268.57,-2.455,44.26,391.62,A2356raw4.mat_Line4427
25,12,0,-268.37,-2.381,44.27,384.65,A2356raw4.mat_Line4428
25,12,0,-269.02,-2.292,44.28,377.2,A2356raw4.mat_Line4429
25,12,0,-274.33,-2.126,44.29,329.81,A2356raw6.mat_Line4430
25,12,0,-276.6,-2.059,44.3,320.81,A2356raw6.mat_Line4431
25,12,0,-276.57,-1.973,44.31,312.59,A2356raw6.mat_Line4432
25,12,0,-273.37,-1.814,44.33,296.64,A2356raw6.mat_Line4434
25,12,0,-279.39,-1.803,44.34,321.91,A2356raw4.mat_Line4435
25,12,0,-276.3,-1.731,44.35,313.25,A2356raw4.mat_Line4436
25,12,0,-272.68,-1.642,44.36,305.36,A2356raw4.mat_Line4437
25,12,0,-270.75,-1.4,44.38,257.11,A2356raw6.mat_Line4439
25,12,0,-272.8,-1.321,44.39,247.17,A2356raw6.mat_Line4440
25,12,0,-274.93,-1.234,44.4,236.3,A2356raw6.mat_Line4441
25,12,0,-276.41,-1.161,44.41,225.43,A2356raw6.mat_Line4442
25,12,0,-277.76,-1.145,44.42,249.83,A2356raw4.mat_Line4443
25,12,0,-281.04,-1.075,44.43,237.39,A2356raw4.mat_Line4444
25,12,0,-281.38,-1.002,44.44,225.12,A2356raw4.mat_Line4445
25,12,-0,-279.32,-0.929,44.45,213.81,A2356raw4.mat_Line4446
25,12,0,-265.24,-0.709,44.47,170.14,A2356raw6.mat_Line4448
25,12,0,-264.66,-0.631,44.48,160.99,A2356raw6.mat_Line4449
25,12,0,-265.02,-0.538,44.49,150.76,A2356raw6.mat_Line4450
25,12,0,-266.15,-0.545,44.5,169.56,A2356raw4.mat_Line4451
25,12,0,-267.24,-0.457,44.51,159.18,A2356raw4.mat_Line4452
25,12,0,-269.84,-0.384,44.52,146.75,A2356raw4.mat_Line4453
25,12,0,-260.42,0.109,44.57,62.22,A2356raw6.mat_Line4458
25,12,0,-258.36,0.192,44.58,52.91,A2356raw6.mat_Line4459
25,12,0,-258.43,0.262,44.59,42.54,A2356raw6.mat_Line4460
25,12,-0,-258.48,0.344,44.6,31.05,A2356raw6.mat_Line4461
25,12,0,-259.95,0.41,44.61,18.48,A2356raw6.mat_Line4462
25,12,0,-261.76,0.507,44.62,4.97,A2356raw6.mat_Line4463
25,12,0,-268.38,0.822,44.67,-43.28,A2356raw4.mat_Line4468
25,12,0,-253.54,0.984,44.68,-64.62,A2356raw6.mat_Line4469
25,12,0,-251.94,1.074,44.69,-74.06,A2356raw6.mat_Line4470
25,12,0,-250.74,1.158,44.7,-84.3,A2356raw6.mat_Line4471
25,12,0,-251.41,1.227,44.71,-95.15,A2356raw6.mat_Line4472
25,12,0,-252.48,1.3,44.72,-107.58,A2356raw6.mat_Line4473
25,12,0,-257.1,1.473,44.75,-134.23,A2356raw4.mat_Line4476
25,12,0,-249.8,1.794,44.78,-178.6,A2356raw6.mat_Line4479
25,12,0,-247.2,1.867,44.79,-187.25,A2356raw6.mat_Line4480
25,12,0,-245.14,1.923,44.8,-195.92,A2356raw6.mat_Line4481
25,12,0,-243.83,2.015,44.81,-205.37,A2356raw6.mat_Line4482
25,12,0,-244.69,2.015,44.82,-214.46,A2356raw4.mat_Line4483
25,12,0,-242.84,2.098,44.83,-223.91,A2356raw4.mat_Line4484
25,12,0,-252.01,2.519,44.88,-288.85,A2356raw4.mat_Line4489
25,12,0,-251.62,2.599,44.89,-299.23,A2356raw4.mat_Line4490
25,12,0,-248.1,2.669,44.9,-307.58,A2356raw4.mat_Line4491
25,12,0,-243.98,2.751,44.91,-314.04,A2356raw4.mat_Line4492
25,12,0,-239.72,2.825,44.92,-319.89,A2356raw4.mat_Line4493
25,12,0,-238.29,2.98,44.93,-321.5,A2356raw6.mat_Line4494
25,12,0,-236.73,3.13,44.96,-353.06,A2356raw4.mat_Line4497
25,12,0,-238.81,3.213,44.97,-364.27,A2356raw4.mat_Line4498
25,12,0,-239.58,3.295,44.98,-375.14,A2356raw4.mat_Line4499
25,12,0,-240.69,3.379,44.99,-384.31,A2356raw4.mat_Line4500
25,12,0,-234.48,3.537,45,-379.49,A2356raw6.mat_Line4501
25,12,0,-231.81,3.623,45.01,-383.64,A2356raw6.mat_Line4502
25,12,0,-229.65,3.704,45.02,-387.96,A2356raw6.mat_Line4503
25,12,0,-229.74,3.701,45.03,-401.07,A2356raw4.mat_Line4504
25,12,0,-227.71,3.793,45.04,-404.31,A2356raw4.mat_Line4505
25,12,0,-226.71,3.858,45.05,-409.26,A2356raw4.mat_Line4506
25,12,0,-227.2,3.942,45.06,-416.41,A2356raw4.mat_Line4507
25,12,0,-228.83,4.028,45.07,-424.5,A2356raw4.mat_Line4508
25,12,0,-233.74,4.194,45.08,-428.94,A2356raw6.mat_Line4509
25,12,0,-234.32,4.267,45.09,-434.51,A2356raw6.mat_Line4510
25,12,0,-233.57,4.34,45.1,-438.85,A2356raw6.mat_Line4511
25,12,0,-236.46,4.334,45.11,-453.25,A2356raw4.mat_Line4512
25,12,0,-234.57,4.417,45.12,-457.11,A2356raw4.mat_Line4513
25,12,0,-226.28,4.572,45.13,-448.91,A2356raw6.mat_Line4514
25,12,0,-227.95,4.582,45.14,-460.31,A2356raw4.mat_Line4515
25,12,0,-225.06,4.649,45.15,-462.32,A2356raw4.mat_Line4516
25,12,0,-227.56,4.91,45.18,-477.22,A2356raw4.mat_Line4519
25,12,0,-230.03,4.986,45.19,-485.16,A2356raw4.mat_Line4520
25,12,0,-233.95,5.07,45.2,-492.79,A2356raw4.mat_Line4521
25,12,0,-237.23,5.16,45.21,-500.1,A2356raw4.mat_Line4522
25,12,0,-238.19,5.228,45.22,-505.84,A2356raw4.mat_Line4523
25,12,0,-237.44,5.308,45.23,-509.08,A2356raw4.mat_Line4524
25,12,0,-234.21,5.378,45.24,-510.46,A2356raw4.mat_Line4525
25,12,0,-230.13,5.473,45.25,-510.29,A2356raw4.mat_Line4526
25,12,-0,-227.13,5.551,45.26,-509.94,A2356raw4.mat_Line4527
25,12,0,-225.79,5.634,45.27,-510.71,A2356raw4.mat_Line4528
25,12,0,-225.75,5.715,45.28,-514.73,A2356raw4.mat_Line4529
25,12,0,-228.15,5.801,45.29,-520.49,A2356raw4.mat_Line4530
25,12,0,-231.65,5.872,45.3,-527.95,A2356raw4.mat_Line4531
25,12,0,-236,5.958,45.31,-536.06,A2356raw4.mat_Line4532
25,12,0,-239.01,6.123,45.32,-524.5,A2356raw6.mat_Line4533
25,12,0,-241.34,6.114,45.33,-548.8,A2356raw4.mat_Line4534
25,12,0,-240.75,6.197,45.34,-551.45,A2356raw4.mat_Line4535
25,12,0,-237.48,6.267,45.35,-551.27,A2356raw4.mat_Line4536
25,12,0,-234.28,6.349,45.36,-548.77,A2356raw4.mat_Line4537
25,12,0,-229.76,6.428,45.37,-546.26,A2356raw4.mat_Line4538
25,12,0,-227.45,6.516,45.38,-545,A2356raw4.mat_Line4539
25,12,0,-228.23,6.594,45.39,-547.15,A2356raw4.mat_Line4540
25,12,0,-229.68,6.674,45.4,-552.28,A2356raw4.mat_Line4541
25,12,0,-232.55,6.748,45.41,-558.97,A2356raw4.mat_Line4542
25,12,0,-236.67,6.823,45.42,-565.81,A2356raw4.mat_Line4543
25,12,0,-240.51,6.899,45.43,-572.06,A2356raw4.mat_Line4544
25,12,0,-243.37,6.986,45.44,-576.74,A2356raw4.mat_Line4545
25,12,0,-243.49,7.069,45.45,-578.76,A2356raw4.mat_Line4546
25,12,0,-241.38,7.149,45.46,-577.35,A2356raw4.mat_Line4547
25,12,0,-238.36,7.217,45.47,-573.76,A2356raw4.mat_Line4548
25,12,0,-234.63,7.303,45.48,-570.32,A2356raw4.mat_Line4549
25,12,0,-231.89,7.394,45.49,-568.28,A2356raw4.mat_Line4550
25,12,0,-231.27,7.473,45.5,-569.2,A2356raw4.mat_Line4551
25,12,-0,-232.26,7.559,45.51,-573.06,A2356raw4.mat_Line4552
25,12,0,-235.4,7.642,45.52,-579.45,A2356raw4.mat_Line4553
25,12,0,-238.65,7.713,45.53,-585.68,A2356raw4.mat_Line4554
25,12,0,-242.76,7.801,45.54,-590.53,A2356raw4.mat_Line4555
25,12,0,-242.1,7.951,45.55,-574.6,A2356raw6.mat_Line4556
25,12,0,-248.02,7.954,45.56,-594.76,A2356raw4.mat_Line4557
25,12,0,-248.19,8.034,45.57,-592.42,A2356raw4.mat_Line4558
25,12,0,-244.6,8.114,45.58,-587.6,A2356raw4.mat_Line4559
25,12,0,-240.49,8.19,45.59,-582.14,A2356raw4.mat_Line4560
25,12,0,-237.77,8.276,45.6,-577.93,A2356raw4.mat_Line4561
25,12,0,-236.57,8.358,45.61,-576.49,A2356raw4.mat_Line4562
25,12,0,-238.7,8.508,45.63,-585.51,A2356raw4.mat_Line4564
25,12,0,-242.18,8.587,45.64,-592.37,A2356raw4.mat_Line4565
25,12,0,-245.81,8.673,45.65,-598.46,A2356raw4.mat_Line4566
25,12,0,-249.16,8.742,45.66,-602.99,A2356raw4.mat_Line4567
25,12,0,-251.01,8.835,45.67,-604.4,A2356raw4.mat_Line4568
25,12,0,-241.78,8.992,45.68,-578.94,A2356raw6.mat_Line4569
25,12,0,-239.21,9.071,45.69,-574.25,A2356raw6.mat_Line4570
25,12,-0,-246.01,9.074,45.7,-587.72,A2356raw4.mat_Line4571
25,12,0,-242.89,9.16,45.71,-581.97,A2356raw4.mat_Line4572
25,12,0,-240.68,9.233,45.72,-579.93,A2356raw4.mat_Line4573
25,12,0,-240.55,9.311,45.73,-581.78,A2356raw4.mat_Line4574
25,12,0,-242.55,9.392,45.74,-586.62,A2356raw4.mat_Line4575
25,12,0,-244.63,9.472,45.75,-593.01,A2356raw4.mat_Line4576
25,12,-0,-249.85,9.712,45.77,-590.76,A2356raw6.mat_Line4578
25,12,0,-254.32,9.722,45.78,-601.32,A2356raw4.mat_Line4579
25,12,0,-255.23,9.79,45.79,-597.27,A2356raw4.mat_Line4580
25,12,0,-254,9.88,45.8,-589.5,A2356raw4.mat_Line4581
25,12,0,-251.52,9.957,45.81,-579.85,A2356raw4.mat_Line4582
25,12,0,-249.36,10.039,45.82,-570.99,A2356raw4.mat_Line4583
25,12,0,-247.95,10.107,45.83,-565.08,A2356raw4.mat_Line4584
25,12,0,-241.84,10.272,45.84,-579.84,A2356raw6.mat_Line4585
25,12,0,-244.47,10.355,45.85,-584.38,A2356raw6.mat_Line4586
25,12,0,-252.18,10.345,45.86,-573.51,A2356raw4.mat_Line4587
25,12,0,-254.88,10.424,45.87,-578.67,A2356raw4.mat_Line4588
25,12,0,-257.65,10.513,45.88,-581.79,A2356raw4.mat_Line4589
25,12,0,-259.82,10.58,45.89,-581.65,A2356raw4.mat_Line4590
25,12,0,-260.59,10.662,45.9,-577.31,A2356raw4.mat_Line4591
25,12,0,-259.56,10.74,45.91,-569.84,A2356raw4.mat_Line4592
25,12,0,-244.85,10.915,45.92,-578.6,A2356raw6.mat_Line4593
25,12,-0,-242.8,10.979,45.93,-577.65,A2356raw6.mat_Line4594
25,12,-0,-241.57,11.07,45.94,-578.89,A2356raw6.mat_Line4595
25,12,0,-243.76,11.158,45.95,-582.33,A2356raw6.mat_Line4596
25,12,0,-252.77,11.156,45.96,-555.81,A2356raw4.mat_Line4597
25,12,0,-253.84,11.234,45.97,-565.14,A2356raw4.mat_Line4598
25,12,0,-255.02,11.325,45.98,-573.23,A2356raw4.mat_Line4599
25,12,0,-256.71,11.396,45.99,-577.13,A2356raw4.mat_Line4600
25,12,0,-259.12,11.483,46,-576.69,A2356raw4.mat_Line4601
25,12,0,-252.76,11.617,46.01,-588.26,A2356raw6.mat_Line4602
25,12,0,-251.72,11.694,46.02,-582.95,A2356raw6.mat_Line4603
25,12,0,-257.58,11.693,46.03,-555.56,A2356raw4.mat_Line4604
25,12,0,-255.14,11.76,46.04,-546.07,A2356raw4.mat_Line4605
25,12,0,-253.23,11.807,46.05,-538.9,A2356raw4.mat_Line4606
25,12,0,-252.16,11.85,46.06,-537.17,A2356raw4.mat_Line4607
25,12,0,-251.35,11.893,46.07,-540.43,A2356raw4.mat_Line4608
25,12,0,-251.07,11.923,46.08,-546.31,A2356raw4.mat_Line4609
25,12,0,-248.24,11.98,46.09,-584.46,A2356raw6.mat_Line4610
25,12,0,-253.86,11.969,46.1,-555.15,A2356raw4.mat_Line4611
25,12,0,-255.79,11.985,46.11,-558.73,A2356raw4.mat_Line4612
25,12,0,-258.01,11.995,46.12,-562.65,A2356raw4.mat_Line4613
25,12,0,-259.73,12,46.13,-564.86,A2356raw4.mat_Line4614
25,12,0,-254.64,12.01,46.14,-602.77,A2356raw6.mat_Line4615
25,12,0,-252.7,12.012,46.15,-603.89,A2356raw6.mat_Line4616
25,12,0,-249.92,12.009,46.16,-602.02,A2356raw6.mat_Line4617
25,12,0,-247.62,11.975,46.17,-594.98,A2356raw6.mat_Line4618
25,12,0,-252.42,11.986,46.18,-545.62,A2356raw4.mat_Line4619
25,12,0,-244.54,11.956,46.19,-574.35,A2356raw6.mat_Line4620
25,12,0,-244.39,11.953,46.2,-568.26,A2356raw6.mat_Line4621
25,12,0,-246.72,11.936,46.21,-568.4,A2356raw6.mat_Line4622
25,12,0,-250.11,11.926,46.22,-574.49,A2356raw6.mat_Line4623
25,12,0,-253.99,11.917,46.23,-534.81,A2356raw4.mat_Line4624
25,12,0,-258.42,11.899,46.24,-540.48,A2356raw4.mat_Line4625
25,12,0,-260.45,11.904,46.25,-546.79,A2356raw4.mat_Line4626
25,12,0,-259.65,11.906,46.26,-549.79,A2356raw4.mat_Line4627
25,12,0,-256.88,11.902,46.27,-549.65,A2356raw4.mat_Line4628
25,12,0,-249.07,11.88,46.28,-592.86,A2356raw6.mat_Line4629
25,12,0,-246.75,11.864,46.3,-574.69,A2356raw6.mat_Line4631
25,12,0,-247.48,11.856,46.31,-532.32,A2356raw4.mat_Line4632
25,12,0,-246.37,11.83,46.32,-535.37,A2356raw4.mat_Line4633
25,12,0,-247.14,11.806,46.33,-537.37,A2356raw4.mat_Line4634
25,12,0,-250.25,11.764,46.34,-538.46,A2356raw4.mat_Line4635
25,12,0,-253.25,11.713,46.35,-540.34,A2356raw4.mat_Line4636
25,12,0,-252.59,11.535,46.37,-598.27,A2356raw6.mat_Line4638
25,12,0,-252.98,11.449,46.38,-604.21,A2356raw6.mat_Line4639
25,12,0,-253.97,11.446,46.39,-561.36,A2356raw4.mat_Line4640
25,12,0,-253.76,11.368,46.4,-563.23,A2356raw4.mat_Line4641
25,12,0,-253.09,11.284,46.41,-563.36,A2356raw4.mat_Line4642
25,12,0,-250.71,11.189,46.42,-561.61,A2356raw4.mat_Line4643
25,12,0,-247.97,11.078,46.43,-556.74,A2356raw4.mat_Line4644
25,12,0,-249.47,10.882,46.44,-570.16,A2356raw6.mat_Line4645
25,12,0,-248.58,10.766,46.45,-566.11,A2356raw6.mat_Line4646
25,12,0,-246.77,10.776,46.46,-545.9,A2356raw4.mat_Line4647
25,12,0,-246.34,10.67,46.47,-549.94,A2356raw4.mat_Line4648
25,12,0,-251.63,10.49,46.48,-578.35,A2356raw6.mat_Line4649
25,12,0,-247.17,10.49,46.49,-563.09,A2356raw4.mat_Line4650
25,12,0,-247.07,10.402,46.5,-570.61,A2356raw4.mat_Line4651
25,12,-0,-245.84,10.324,46.51,-577.94,A2356raw4.mat_Line4652
25,12,0,-252.43,10.195,46.52,-593.11,A2356raw6.mat_Line4653
25,12,0,-252.36,10.129,46.53,-588.09,A2356raw6.mat_Line4654
25,12,0,-252.16,10.069,46.54,-581.83,A2356raw6.mat_Line4655
25,12,0,-252.18,10.013,46.55,-576.8,A2356raw6.mat_Line4656
25,12,0,-241.62,10.004,46.56,-581.62,A2356raw4.mat_Line4657
25,12,0,-242.43,9.946,46.57,-581.44,A2356raw4.mat_Line4658
25,12,0,-243.23,9.884,46.58,-582.67,A2356raw4.mat_Line4659
25,12,0,-243.25,9.814,46.59,-585.18,A2356raw4.mat_Line4660
25,12,0,-251.04,9.671,46.6,-578.5,A2356raw6.mat_Line4661
25,12,0,-249.47,9.591,46.61,-579.92,A2356raw6.mat_Line4662
25,12,0,-248.82,9.523,46.62,-579.77,A2356raw6.mat_Line4663
25,12,0,-238.07,9.522,46.63,-588.77,A2356raw4.mat_Line4664
25,12,0,-236.62,9.449,46.64,-591.41,A2356raw4.mat_Line4665
25,12,0,-237.52,9.357,46.65,-594.05,A2356raw4.mat_Line4666
25,12,0,-240.34,9.281,46.66,-597.81,A2356raw4.mat_Line4667
25,12,0,-244.4,9.188,46.67,-601.07,A2356raw4.mat_Line4668
25,12,0,-256.96,9.008,46.68,-585.37,A2356raw6.mat_Line4669
25,12,0,-253.75,8.827,46.7,-579.14,A2356raw6.mat_Line4671
25,12,0,-248.3,8.817,46.71,-597.21,A2356raw4.mat_Line4672
25,12,0,-247.51,8.631,46.72,-569.96,A2356raw6.mat_Line4673
25,12,0,-240.03,8.643,46.73,-584.74,A2356raw4.mat_Line4674
25,12,0,-237.95,8.548,46.74,-583.64,A2356raw4.mat_Line4675
25,12,0,-238.29,8.465,46.75,-587.22,A2356raw4.mat_Line4676
25,12,0,-240.88,8.375,46.76,-593.61,A2356raw4.mat_Line4677
25,12,0,-255.93,8.217,46.77,-577.82,A2356raw6.mat_Line4678
25,12,0,-248.26,8.207,46.78,-606.12,A2356raw4.mat_Line4679
25,12,0,-250.88,8.133,46.79,-609.57,A2356raw4.mat_Line4680
25,12,0,-252.83,8.056,46.8,-609.74,A2356raw4.mat_Line4681
25,12,0,-253.22,7.98,46.81,-606.92,A2356raw4.mat_Line4682
25,12,0,-251.67,7.914,46.82,-602.4,A2356raw4.mat_Line4683
25,12,0,-251.36,7.792,46.83,-568.31,A2356raw6.mat_Line4684
25,12,0,-250.62,7.719,46.84,-565.66,A2356raw6.mat_Line4685
25,12,0,-245.15,7.726,46.85,-589.59,A2356raw4.mat_Line4686
25,12,0,-244.38,7.658,46.86,-590.36,A2356raw4.mat_Line4687
25,12,0,-252.79,7.509,46.87,-564.11,A2356raw6.mat_Line4688
25,12,0,-246.3,7.513,46.88,-597.37,A2356raw4.mat_Line4689
25,12,0,-247.93,7.43,46.89,-600.96,A2356raw4.mat_Line4690
25,12,0,-250.69,7.353,46.9,-604.1,A2356raw4.mat_Line4691
25,12,0,-253.52,7.272,46.91,-606.28,A2356raw4.mat_Line4692
25,12,0,-258.58,7.103,46.92,-569.9,A2356raw6.mat_Line4693
25,12,-0,-257.29,7.018,46.93,-566.78,A2356raw6.mat_Line4694
25,12,0,-252.26,6.957,46.95,-594.14,A2356raw4.mat_Line4696
25,12,0,-249.93,6.867,46.96,-589.62,A2356raw4.mat_Line4697
25,12,0,-248.58,6.78,46.97,-587.29,A2356raw4.mat_Line4698
25,12,0,-248.31,6.675,46.98,-586.99,A2356raw4.mat_Line4699
25,12,0,-255.11,6.519,46.99,-551.89,A2356raw6.mat_Line4700
25,12,0,-257.91,6.429,47,-553.48,A2356raw6.mat_Line4701
25,12,0,-260.81,6.346,47.01,-555.04,A2356raw6.mat_Line4702
25,12,0,-258.46,6.33,47.02,-596.42,A2356raw4.mat_Line4703
25,12,0,-261.16,6.25,47.03,-595.96,A2356raw4.mat_Line4704
25,12,0,-261.12,6.173,47.04,-593.32,A2356raw4.mat_Line4705
25,12,0,-258.94,6.01,47.05,-543.24,A2356raw6.mat_Line4706
25,12,0,-256.75,6.015,47.06,-580.4,A2356raw4.mat_Line4707
25,12,0,-254.01,5.772,47.09,-567.19,A2356raw4.mat_Line4710
25,12,0,-255.92,5.695,47.1,-567.84,A2356raw4.mat_Line4711
25,12,0,-259.65,5.619,47.11,-569.43,A2356raw4.mat_Line4712
25,12,0,-262.48,5.546,47.12,-570.85,A2356raw4.mat_Line4713
25,12,0,-265.94,5.473,47.13,-571.49,A2356raw4.mat_Line4714
25,12,0,-267.1,5.392,47.14,-569.94,A2356raw4.mat_Line4715
25,12,0,-266.25,5.251,47.15,-520.18,A2356raw6.mat_Line4716
25,12,-0,-263.6,5.166,47.16,-515.19,A2356raw6.mat_Line4717
25,12,0,-262.63,5.179,47.17,-555.16,A2356raw4.mat_Line4718
25,12,0,-258.11,5.023,47.19,-545.06,A2356raw4.mat_Line4720
25,12,0,-261.92,4.853,47.2,-499.37,A2356raw6.mat_Line4721
25,12,0,-261,4.858,47.21,-539.8,A2356raw4.mat_Line4722
25,12,0,-264.3,4.764,47.22,-538.11,A2356raw4.mat_Line4723
25,12,0,-271.19,4.522,47.24,-491.97,A2356raw6.mat_Line4725
25,12,0,-272.61,4.535,47.25,-531.65,A2356raw4.mat_Line4726
25,12,0,-273.34,4.45,47.26,-528.4,A2356raw4.mat_Line4727
25,12,0,-271.48,4.36,47.27,-523.42,A2356raw4.mat_Line4728
25,12,0,-265.31,4.211,47.29,-510.84,A2356raw4.mat_Line4730
25,12,0,-261.82,4.058,47.3,-463.87,A2356raw6.mat_Line4731
25,12,0,-261.97,3.971,47.31,-459.22,A2356raw6.mat_Line4732
25,12,-0,-263.42,3.899,47.32,-455.19,A2356raw6.mat_Line4733
25,12,0,-265.65,3.888,47.33,-489.43,A2356raw4.mat_Line4734
25,12,0,-268.75,3.805,47.34,-486.03,A2356raw4.mat_Line4735
25,12,-0,-272,3.73,47.35,-482.79,A2356raw4.mat_Line4736
25,12,0,-275.06,3.648,47.36,-479.72,A2356raw4.mat_Line4737
25,12,0,-276.34,3.578,47.37,-475.85,A2356raw4.mat_Line4738
25,12,0,-263.35,3.245,47.4,-419.53,A2356raw6.mat_Line4741
25,12,0,-261.72,3.159,47.41,-411.92,A2356raw6.mat_Line4742
25,12,0,-262.93,3.167,47.42,-438.86,A2356raw4.mat_Line4743
25,12,0,-263.03,3.089,47.43,-431.57,A2356raw4.mat_Line4744
25,12,0,-264.66,2.998,47.44,-425.37,A2356raw4.mat_Line4745
25,12,0,-268,2.924,47.45,-419.8,A2356raw4.mat_Line4746
25,12,0,-269.33,2.775,47.46,-384.99,A2356raw6.mat_Line4747
25,12,0,-274.1,2.539,47.5,-392.25,A2356raw4.mat_Line4751
25,12,0,-269.99,2.463,47.51,-382.77,A2356raw4.mat_Line4752
25,12,0,-265.59,2.386,47.52,-372.36,A2356raw4.mat_Line4753
25,12,-0,-262.91,2.3,47.53,-362.09,A2356raw4.mat_Line4754
25,12,0,-261.95,2.128,47.54,-323.22,A2356raw6.mat_Line4755
25,12,0,-263.21,2.048,47.55,-315.94,A2356raw6.mat_Line4756
25,12,0,-275.33,1.88,47.58,-324.46,A2356raw4.mat_Line4759
25,12,0,-276.68,1.727,47.6,-310.85,A2356raw4.mat_Line4761
25,12,0,-273.58,1.64,47.61,-302.15,A2356raw4.mat_Line4762
25,12,0,-263.66,1.494,47.62,-264.46,A2356raw6.mat_Line4763
25,12,0,-260.97,1.419,47.63,-253.41,A2356raw6.mat_Line4764
25,12,0,-258.74,1.327,47.64,-242.54,A2356raw6.mat_Line4765
25,12,0,-258.11,1.256,47.65,-232.16,A2356raw6.mat_Line4766
25,12,0,-262.41,1.193,47.67,-235.66,A2356raw4.mat_Line4768
25,12,0,-265.39,1.101,47.68,-227.93,A2356raw4.mat_Line4769
25,12,0,-264.57,0.929,47.69,-201.17,A2356raw6.mat_Line4770
25,12,0,-265.68,0.846,47.7,-193.89,A2356raw6.mat_Line4771
25,12,0,-264.46,0.772,47.71,-185.2,A2356raw6.mat_Line4772
25,12,0,-261.32,0.685,47.72,-175.25,A2356raw6.mat_Line4773
25,12,0,-265.21,0.676,47.73,-184.53,A2356raw4.mat_Line4774
25,12,0,-260.36,0.603,47.74,-171.46,A2356raw4.mat_Line4775
25,12,0,-256.27,0.518,47.75,-157.31,A2356raw4.mat_Line4776
25,12,0,-251.6,0.362,47.76,-128.49,A2356raw6.mat_Line4777
25,12,0,-252.92,0.136,47.79,-100.59,A2356raw6.mat_Line4780
25,12,0,-254.5,0.073,47.8,-92.39,A2356raw6.mat_Line4781
25,12,0,-263.02,0.06,47.81,-97.65,A2356raw4.mat_Line4782
25,12,0,-263.67,-0.008,47.82,-88.83,A2356raw4.mat_Line4783
25,12,0,-260.58,-0.084,47.83,-78.11,A2356raw4.mat_Line4784
25,12,0,-248.31,-0.253,47.84,-50.46,A2356raw6.mat_Line4785
25,12,0,-245.52,-0.348,47.85,-37.24,A2356raw6.mat_Line4786
25,12,0,-243.02,-0.52,47.88,-8.14,A2356raw4.mat_Line4789
25,12,0,-243.33,-0.604,47.89,3.34,A2356raw4.mat_Line4790
25,12,0,-244.88,-0.69,47.9,13.39,A2356raw4.mat_Line4791
25,12,0,-245.06,-0.839,47.91,29.12,A2356raw6.mat_Line4792
25,12,0,-245.46,-0.913,47.92,39.34,A2356raw6.mat_Line4793
25,12,0,-243,-1.064,47.94,63.26,A2356raw6.mat_Line4795
25,12,-0,-239.41,-1.134,47.95,76.95,A2356raw6.mat_Line4796
25,12,0,-240.36,-1.14,47.96,85.7,A2356raw4.mat_Line4797
25,12,0,-235.91,-1.218,47.97,101.57,A2356raw4.mat_Line4798
25,12,0,-231.61,-1.541,48,139.98,A2356raw6.mat_Line4801
25,12,0,-231.72,-1.626,48.01,149.9,A2356raw6.mat_Line4802
25,12,0,-232.01,-1.701,48.02,159.33,A2356raw6.mat_Line4803
25,12,-0,-232.2,-1.793,48.03,170.04,A2356raw6.mat_Line4804
25,12,0,-238,-1.784,48.04,181.83,A2356raw4.mat_Line4805
25,12,0,-236.49,-1.863,48.05,194.73,A2356raw4.mat_Line4806
25,12,0,-228.95,-2.022,48.07,223.23,A2356raw4.mat_Line4808
25,12,0,-220.78,-2.352,48.1,250.67,A2356raw6.mat_Line4811
25,12,0,-221.48,-2.438,48.11,259.2,A2356raw6.mat_Line4812
25,12,0,-224.28,-2.448,48.12,276.11,A2356raw4.mat_Line4813
25,12,0,-225.93,-2.501,48.13,284.01,A2356raw4.mat_Line4814
25,12,-0,-228.26,-2.59,48.14,292.68,A2356raw4.mat_Line4815
25,12,0,-229.58,-2.662,48.15,302.9,A2356raw4.mat_Line4816
25,12,-0,-224.24,-2.825,48.16,302.6,A2356raw6.mat_Line4817
25,12,0,-222.39,-2.897,48.17,312.69,A2356raw6.mat_Line4818
25,12,0,-219.94,-2.975,48.18,322.8,A2356raw6.mat_Line4819
25,12,0,-218.68,-2.981,48.19,344.26,A2356raw4.mat_Line4820
25,12,0,-216.51,-3.053,48.2,353.44,A2356raw4.mat_Line4821
25,12,0,-215.87,-3.14,48.21,361.96,A2356raw4.mat_Line4822
25,12,0,-218.35,-3.297,48.22,353.66,A2356raw6.mat_Line4823
25,12,0,-218.08,-3.297,48.23,374.64,A2356raw4.mat_Line4824
25,12,0,-221.74,-3.378,48.24,380.2,A2356raw4.mat_Line4825
25,12,0,-224.99,-3.537,48.25,371.14,A2356raw6.mat_Line4826
25,12,0,-225.84,-3.608,48.26,377.49,A2356raw6.mat_Line4827
25,12,0,-228.64,-3.612,48.27,399.87,A2356raw4.mat_Line4828
25,12,0,-226.41,-3.697,48.28,407.64,A2356raw4.mat_Line4829
25,12,0,-221.05,-3.866,48.29,400.32,A2356raw6.mat_Line4830
25,12,0,-218.93,-3.863,48.3,423.35,A2356raw4.mat_Line4831
25,12,0,-216.6,-3.94,48.31,430.8,A2356raw4.mat_Line4832
25,12,-0,-215.56,-4.019,48.32,437.03,A2356raw4.mat_Line4833
25,12,0,-221.84,-4.26,48.34,428.22,A2356raw6.mat_Line4835
25,12,0,-223,-4.264,48.35,449.98,A2356raw4.mat_Line4836
25,12,0,-226.96,-4.338,48.36,453.53,A2356raw4.mat_Line4837
25,12,0,-230.3,-4.423,48.37,458.16,A2356raw4.mat_Line4838
25,12,0,-230.66,-4.507,48.38,463.1,A2356raw4.mat_Line4839
25,12,0,-229.23,-4.592,48.39,468.4,A2356raw4.mat_Line4840
25,12,-0,-225.97,-4.665,48.4,474.63,A2356raw4.mat_Line4841
25,12,0,-222.37,-4.735,48.41,480.23,A2356raw4.mat_Line4842
25,12,0,-218.7,-4.891,48.43,491.27,A2356raw4.mat_Line4844
25,12,0,-220.25,-4.968,48.44,495.92,A2356raw4.mat_Line4845
25,12,0,-221.81,-5.05,48.45,499,A2356raw4.mat_Line4846
25,12,0,-225.31,-5.13,48.46,501,A2356raw4.mat_Line4847
25,12,0,-228.5,-5.216,48.47,502.97,A2356raw4.mat_Line4848
25,12,0,-231.25,-5.305,48.48,505.76,A2356raw4.mat_Line4849
25,12,0,-232.43,-5.375,48.49,508.83,A2356raw4.mat_Line4850
25,12,0,-231.77,-5.451,48.5,512.86,A2356raw4.mat_Line4851
25,12,0,-229.24,-5.544,48.51,517.24,A2356raw4.mat_Line4852
25,12,0,-226.22,-5.621,48.52,521.45,A2356raw4.mat_Line4853
25,12,0,-222.94,-5.71,48.53,526.6,A2356raw4.mat_Line4854
25,12,0,-221.25,-5.792,48.54,531.41,A2356raw4.mat_Line4855
25,12,0,-221.52,-5.866,48.55,535.92,A2356raw4.mat_Line4856
25,12,0,-226.67,-6.025,48.56,509.6,A2356raw6.mat_Line4857
25,12,0,-225.02,-6.024,48.57,540.37,A2356raw4.mat_Line4858
25,12,0,-228.59,-6.104,48.58,540.8,A2356raw4.mat_Line4859
25,12,-0,-231.9,-6.187,48.59,542.04,A2356raw4.mat_Line4860
25,12,0,-233.43,-6.26,48.6,543.55,A2356raw4.mat_Line4861
25,12,0,-234.28,-6.343,48.61,545.57,A2356raw4.mat_Line4862
25,12,0,-232.1,-6.43,48.62,548.22,A2356raw4.mat_Line4863
25,12,0,-230.11,-6.571,48.63,523.83,A2356raw6.mat_Line4864
25,12,0,-228.36,-6.667,48.64,527.28,A2356raw6.mat_Line4865
25,12,0,-226.81,-6.742,48.65,530.55,A2356raw6.mat_Line4866
25,12,0,-224.04,-6.745,48.66,564.75,A2356raw4.mat_Line4867
25,12,0,-224.29,-6.828,48.67,567.22,A2356raw4.mat_Line4868
25,12,0,-226.26,-6.899,48.68,568.14,A2356raw4.mat_Line4869
25,12,0,-229.59,-6.986,48.69,567.17,A2356raw4.mat_Line4870
25,12,0,-232.78,-7.056,48.7,566.2,A2356raw4.mat_Line4871
25,12,0,-235.34,-7.136,48.71,566.65,A2356raw4.mat_Line4872
25,12,0,-235.97,-7.225,48.72,567.73,A2356raw4.mat_Line4873
25,12,0,-235.35,-7.295,48.73,569.6,A2356raw4.mat_Line4874
25,12,0,-232.76,-7.384,48.74,571.81,A2356raw4.mat_Line4875
25,12,0,-229.42,-7.466,48.75,575.24,A2356raw4.mat_Line4876
25,12,0,-227.13,-7.546,48.76,579.45,A2356raw4.mat_Line4877
25,12,0,-226.3,-7.626,48.77,583.49,A2356raw4.mat_Line4878
25,12,0,-225.99,-7.705,48.78,586.44,A2356raw4.mat_Line4879
25,12,0,-227.7,-7.785,48.79,586.89,A2356raw4.mat_Line4880
25,12,0,-231.43,-7.939,48.8,556.23,A2356raw6.mat_Line4881
25,12,0,-233.75,-7.949,48.81,583.1,A2356raw4.mat_Line4882
25,12,0,-237.03,-8.012,48.82,582.76,A2356raw4.mat_Line4883
25,12,0,-238.45,-8.108,48.83,583.53,A2356raw4.mat_Line4884
25,12,0,-238.09,-8.186,48.84,584.92,A2356raw4.mat_Line4885
25,12,0,-235.14,-8.349,48.85,557.44,A2356raw6.mat_Line4886
25,12,0,-233.83,-8.346,48.86,589.18,A2356raw4.mat_Line4887
25,12,0,-231.27,-8.438,48.87,592.13,A2356raw4.mat_Line4888
25,12,0,-230.1,-8.516,48.88,595.09,A2356raw4.mat_Line4889
25,12,0,-230.34,-8.587,48.89,596.95,A2356raw4.mat_Line4890
25,12,0,-231.32,-8.67,48.9,596.61,A2356raw4.mat_Line4891
25,12,0,-233.89,-8.748,48.91,594.87,A2356raw4.mat_Line4892
25,12,0,-237.09,-8.83,48.92,592.53,A2356raw4.mat_Line4893
25,12,0,-239.67,-8.919,48.93,591.26,A2356raw4.mat_Line4894
25,12,0,-241.8,-8.993,48.94,590.94,A2356raw4.mat_Line4895
25,12,-0,-241.76,-9.065,48.95,591.58,A2356raw4.mat_Line4896
25,12,0,-240.65,-9.145,48.96,592.68,A2356raw4.mat_Line4897
25,12,0,-238.42,-9.231,48.97,593.31,A2356raw4.mat_Line4898
25,12,0,-236.9,-9.304,48.98,595.52,A2356raw4.mat_Line4899
25,12,0,-235.21,-9.394,48.99,597.53,A2356raw4.mat_Line4900
25,12,0,-234.65,-9.469,49,598.45,A2356raw4.mat_Line4901
25,12,0,-236.06,-9.626,49.01,570.3,A2356raw6.mat_Line4902
25,12,0,-237.26,-9.626,49.02,598.11,A2356raw4.mat_Line4903
25,12,-0,-239.43,-9.709,49.03,596.38,A2356raw4.mat_Line4904
25,12,0,-241.5,-9.792,49.04,595.11,A2356raw4.mat_Line4905
25,12,0,-243.49,-9.871,49.05,594.96,A2356raw4.mat_Line4906
25,12,0,-244.68,-9.95,49.06,594.94,A2356raw4.mat_Line4907
25,12,0,-244.31,-10.03,49.07,594.66,A2356raw4.mat_Line4908
25,12,0,-242.62,-10.11,49.08,594.99,A2356raw4.mat_Line4909
25,12,0,-240.76,-10.195,49.09,595.64,A2356raw4.mat_Line4910
25,12,0,-239.17,-10.275,49.1,596.89,A2356raw4.mat_Line4911
25,12,0,-239.29,-10.438,49.11,570.29,A2356raw6.mat_Line4912
25,12,0,-237.94,-10.435,49.12,599.5,A2356raw4.mat_Line4913
25,12,0,-239.4,-10.51,49.13,599.64,A2356raw4.mat_Line4914
25,12,0,-240.52,-10.603,49.14,598.85,A2356raw4.mat_Line4915
25,12,0,-242.27,-10.664,49.15,597.75,A2356raw4.mat_Line4916
25,12,0,-244.33,-10.756,49.16,597.26,A2356raw4.mat_Line4917
25,12,0,-245.19,-10.83,49.17,596.8,A2356raw4.mat_Line4918
25,12,-0,-245.7,-10.909,49.18,596.2,A2356raw4.mat_Line4919
25,12,0,-244.98,-10.981,49.19,595.59,A2356raw4.mat_Line4920
25,12,0,-243.37,-11.081,49.2,595.46,A2356raw4.mat_Line4921
25,12,0,-241.87,-11.144,49.21,596.24,A2356raw4.mat_Line4922
25,12,0,-240.92,-11.233,49.22,597.01,A2356raw4.mat_Line4923
25,12,0,-240.07,-11.301,49.23,598.55,A2356raw4.mat_Line4924
25,12,0,-240.73,-11.38,49.24,599,A2356raw4.mat_Line4925
25,12,0,-241.8,-11.457,49.25,598.69,A2356raw4.mat_Line4926
25,12,0,-243.4,-11.535,49.26,598.06,A2356raw4.mat_Line4927
25,12,0,-245.78,-11.604,49.27,597.74,A2356raw4.mat_Line4928
25,12,0,-247.33,-11.678,49.28,596.95,A2356raw4.mat_Line4929
25,12,0,-248.95,-11.734,49.29,596.32,A2356raw4.mat_Line4930
25,12,0,-247.89,-11.79,49.3,594.76,A2356raw4.mat_Line4931
25,12,0,-246.15,-11.844,49.31,594.01,A2356raw4.mat_Line4932
25,12,0,-242.45,-11.919,49.32,574.08,A2356raw6.mat_Line4933
25,12,0,-241.18,-11.959,49.33,576.73,A2356raw6.mat_Line4934
25,12,0,-240.93,-11.98,49.34,579.84,A2356raw6.mat_Line4935
25,12,0,-241.45,-11.984,49.35,602.06,A2356raw4.mat_Line4936
25,12,0,-241.82,-11.994,49.36,602.98,A2356raw4.mat_Line4937
25,12,0,-243.88,-11.996,49.37,602.5,A2356raw4.mat_Line4938
25,12,0,-245.57,-12.014,49.38,600.78,A2356raw4.mat_Line4939
25,12,0,-247.25,-11.993,49.39,599.06,A2356raw4.mat_Line4940
25,12,0,-248.54,-11.98,49.4,597.68,A2356raw4.mat_Line4941
25,12,0,-248.46,-11.962,49.41,596.92,A2356raw4.mat_Line4942
25,12,0,-247.29,-11.957,49.42,596.48,A2356raw4.mat_Line4943
25,12,0,-245.74,-11.934,49.43,596.97,A2356raw4.mat_Line4944
25,12,0,-244.05,-11.919,49.44,597.77,A2356raw4.mat_Line4945
25,12,0,-243.71,-11.919,49.45,599.01,A2356raw4.mat_Line4946
25,12,0,-242.87,-11.916,49.46,599.32,A2356raw4.mat_Line4947
25,12,0,-243.51,-11.91,49.47,599.3,A2356raw4.mat_Line4948
25,12,0,-243.8,-11.916,49.48,599.45,A2356raw4.mat_Line4949
25,12,0,-245.7,-11.907,49.49,599.76,A2356raw4.mat_Line4950
25,12,0,-246.56,-11.906,49.5,599.6,A2356raw4.mat_Line4951
25,12,0,-247.32,-11.903,49.51,599.28,A2356raw4.mat_Line4952
25,12,0,-248.24,-11.906,49.52,598.04,A2356raw4.mat_Line4953
25,12,0,-247.56,-11.904,49.53,596.35,A2356raw4.mat_Line4954
25,12,-0,-246.39,-11.887,49.54,594.49,A2356raw4.mat_Line4955
25,12,0,-245.32,-11.876,49.55,594.49,A2356raw4.mat_Line4956
25,12,-0,-244.89,-11.856,49.56,595.59,A2356raw4.mat_Line4957
25,12,0,-243.91,-11.81,49.57,597.74,A2356raw4.mat_Line4958
25,12,0,-244,-11.788,49.58,599.76,A2356raw4.mat_Line4959
25,12,0,-244.14,-11.754,49.59,601.14,A2356raw4.mat_Line4960
25,12,0,-244.19,-11.688,49.6,601.57,A2356raw4.mat_Line4961
25,12,0,-244.84,-11.631,49.61,601.23,A2356raw4.mat_Line4962
25,12,0,-246.13,-11.556,49.62,599.67,A2356raw4.mat_Line4963
25,12,0,-247.36,-11.469,49.63,597.81,A2356raw4.mat_Line4964
25,12,0,-248.93,-11.293,49.64,574.2,A2356raw6.mat_Line4965
25,12,0,-249.01,-11.194,49.65,572.36,A2356raw6.mat_Line4966
25,12,0,-247.32,-10.994,49.67,573.81,A2356raw6.mat_Line4968
25,12,0,-243.33,-10.996,49.68,598.39,A2356raw4.mat_Line4969
25,12,0,-242.82,-10.906,49.69,600.1,A2356raw4.mat_Line4970
25,12,0,-243.28,-10.829,49.7,600.73,A2356raw4.mat_Line4971
25,12,0,-243.37,-10.749,49.71,600.4,A2356raw4.mat_Line4972
25,12,0,-245.22,-10.656,49.72,599.78,A2356raw4.mat_Line4973
25,12,-0,-246.97,-10.575,49.73,598.69,A2356raw4.mat_Line4974
25,12,0,-248.63,-10.428,49.74,575.19,A2356raw6.mat_Line4975
25,12,0,-247.87,-10.422,49.75,596.98,A2356raw4.mat_Line4976
25,12,0,-247.05,-10.356,49.76,596.06,A2356raw4.mat_Line4977
25,12,0,-245.72,-10.275,49.77,595.61,A2356raw4.mat_Line4978
25,12,0,-243.97,-10.213,49.78,596.24,A2356raw4.mat_Line4979
25,12,0,-243.27,-10.147,49.79,597.32,A2356raw4.mat_Line4980
25,12,0,-243.16,-10.092,49.8,599.03,A2356raw4.mat_Line4981
25,12,0,-243,-10.023,49.81,600.26,A2356raw4.mat_Line4982
25,12,0,-244.92,-9.88,49.83,601.16,A2356raw4.mat_Line4984
25,12,0,-245.67,-9.798,49.84,600.84,A2356raw4.mat_Line4985
25,12,0,-246.58,-9.734,49.85,600.21,A2356raw4.mat_Line4986
25,12,0,-246.71,-9.658,49.86,598.66,A2356raw4.mat_Line4987
25,12,0,-246.61,-9.569,49.87,597.11,A2356raw4.mat_Line4988
25,12,0,-248.39,-9.321,49.89,568.83,A2356raw6.mat_Line4990
25,12,0,-244.08,-9.336,49.9,597.46,A2356raw4.mat_Line4991
25,12,0,-243.07,-9.255,49.91,599.16,A2356raw4.mat_Line4992
25,12,0,-242.23,-9.174,49.92,601.17,A2356raw4.mat_Line4993
25,12,0,-243.22,-9.082,49.93,602.12,A2356raw4.mat_Line4994
25,12,0,-244.1,-9,49.94,602.12,A2356raw4.mat_Line4995
25,12,-0,-244.81,-8.907,49.95,601.18,A2356raw4.mat_Line4996
25,12,0,-249.02,-8.74,49.96,570.99,A2356raw6.mat_Line4997
25,12,0,-249.74,-8.657,49.97,569.9,A2356raw6.mat_Line4998
25,12,0,-247.14,-8.638,49.98,596.49,A2356raw4.mat_Line4999
25,12,0,-246.04,-8.555,49.99,595.27,A2356raw4.mat_Line5000
25,12,0,-245.17,-8.465,50,595.45,A2356raw4.mat_Line5001
25,12,0,-243.9,-8.38,50.01,596.86,A2356raw4.mat_Line5002
25,12,0,-242.98,-8.307,50.02,598.58,A2356raw4.mat_Line5003
25,12,0,-242.61,-8.223,50.03,599.97,A2356raw4.mat_Line5004
25,12,0,-242.9,-8.149,50.04,600.42,A2356raw4.mat_Line5005
25,12,0,-244.36,-8.086,50.05,599.8,A2356raw4.mat_Line5006
25,12,0,-245.54,-7.998,50.06,598.85,A2356raw4.mat_Line5007
25,12,0,-246.54,-7.929,50.07,597.74,A2356raw4.mat_Line5008
25,12,0,-247.57,-7.851,50.08,596.18,A2356raw4.mat_Line5009
25,12,0,-247.98,-7.782,50.09,595.27,A2356raw4.mat_Line5010
25,12,-0,-247.07,-7.713,50.1,594.51,A2356raw4.mat_Line5011
25,12,0,-245.51,-7.642,50.11,594.37,A2356raw4.mat_Line5012
25,12,0,-249.82,-7.487,50.12,562.64,A2356raw6.mat_Line5013
25,12,0,-244.64,-7.488,50.13,596.55,A2356raw4.mat_Line5014
25,12,0,-244.22,-7.424,50.14,597.32,A2356raw4.mat_Line5015
25,12,0,-245.24,-7.332,50.15,596.38,A2356raw4.mat_Line5016
25,12,0,-245.51,-7.249,50.16,594.65,A2356raw4.mat_Line5017
25,12,0,-247,-7.183,50.17,592.77,A2356raw4.mat_Line5018
25,12,0,-248.42,-7.099,50.18,591.2,A2356raw4.mat_Line5019
25,12,0,-249.66,-7.009,50.19,590.26,A2356raw4.mat_Line5020
25,12,0,-254.04,-6.843,50.2,557.33,A2356raw6.mat_Line5021
25,12,0,-250.07,-6.843,50.21,589.52,A2356raw4.mat_Line5022
25,12,0,-248.62,-6.762,50.22,589.08,A2356raw4.mat_Line5023
25,12,0,-247.79,-6.662,50.23,588.32,A2356raw4.mat_Line5024
25,12,0,-247.69,-6.578,50.24,587.85,A2356raw4.mat_Line5025
25,12,0,-247.8,-6.503,50.25,587.08,A2356raw4.mat_Line5026
25,12,0,-248.71,-6.423,50.26,585.2,A2356raw4.mat_Line5027
25,12,-0,-256.57,-6.193,50.28,542.42,A2356raw6.mat_Line5029
25,12,0,-257.52,-6.107,50.29,541.16,A2356raw6.mat_Line5030
25,12,0,-255.17,-6.105,50.3,577.38,A2356raw4.mat_Line5031
25,12,0,-256.22,-6.024,50.31,576.46,A2356raw4.mat_Line5032
25,12,0,-255.82,-5.948,50.32,575.22,A2356raw4.mat_Line5033
25,12,0,-254.83,-5.878,50.33,573.54,A2356raw4.mat_Line5034
25,12,0,-253.69,-5.795,50.34,571.68,A2356raw4.mat_Line5035
25,12,0,-254.37,-5.717,50.35,569.66,A2356raw4.mat_Line5036
25,12,0,-257.34,-5.55,50.36,525.82,A2356raw6.mat_Line5037
25,12,0,-259.25,-5.394,50.38,520.83,A2356raw6.mat_Line5039
25,12,-0,-259.1,-5.407,50.39,561.22,A2356raw4.mat_Line5040
25,12,0,-261.01,-5.344,50.4,559.03,A2356raw4.mat_Line5041
25,12,0,-262.09,-5.253,50.41,556.84,A2356raw4.mat_Line5042
25,12,0,-264.39,-5.087,50.42,510.56,A2356raw6.mat_Line5043
25,12,0,-265.26,-5.01,50.43,508.09,A2356raw6.mat_Line5044
25,12,0,-264.75,-4.92,50.44,504.84,A2356raw6.mat_Line5045
25,12,0,-261.52,-4.924,50.45,547.26,A2356raw4.mat_Line5046
25,12,0,-261.17,-4.845,50.46,544.32,A2356raw4.mat_Line5047
25,12,0,-261.19,-4.676,50.48,538.72,A2356raw4.mat_Line5049
25,12,0,-262.42,-4.603,50.49,535.45,A2356raw4.mat_Line5050
25,12,0,-263.18,-4.433,50.5,485.13,A2356raw6.mat_Line5051
25,12,0,-270.39,-4.271,50.53,519.58,A2356raw4.mat_Line5054
25,12,0,-270.77,-4.192,50.54,515.1,A2356raw4.mat_Line5055
25,12,0,-269.79,-4.115,50.55,510.31,A2356raw4.mat_Line5056
25,12,0,-268.02,-4.038,50.56,505.66,A2356raw4.mat_Line5057
25,12,0,-265.65,-3.892,50.57,457.68,A2356raw6.mat_Line5058
25,12,0,-265.15,-3.804,50.58,453.19,A2356raw6.mat_Line5059
25,12,0,-264.19,-3.724,50.59,449.01,A2356raw6.mat_Line5060
25,12,0,-268.62,-3.641,50.61,482.84,A2356raw4.mat_Line5062
25,12,0,-271.8,-3.567,50.62,477.08,A2356raw4.mat_Line5063
25,12,0,-267.54,-3.388,50.63,429.44,A2356raw6.mat_Line5064
25,12,0,-276.08,-3.415,50.64,464.96,A2356raw4.mat_Line5065
25,12,0,-270.92,-3.239,50.65,418.1,A2356raw6.mat_Line5066
25,12,0,-268.62,-3.014,50.69,435.22,A2356raw4.mat_Line5070
25,12,0,-268.03,-2.928,50.7,429.79,A2356raw4.mat_Line5071
25,12,0,-268.92,-2.851,50.71,423.58,A2356raw4.mat_Line5072
25,12,0,-266.92,-2.687,50.72,376.56,A2356raw6.mat_Line5073
25,12,0,-267.88,-2.62,50.73,370.04,A2356raw6.mat_Line5074
25,12,0,-270.45,-2.529,50.74,363.05,A2356raw6.mat_Line5075
25,12,0,-277.21,-2.374,50.77,377,A2356raw4.mat_Line5078
25,12,0,-274.29,-2.295,50.78,369.26,A2356raw4.mat_Line5079
25,12,0,-271.18,-2.208,50.79,361.99,A2356raw4.mat_Line5080
25,12,0,-270.66,-2.05,50.8,317.6,A2356raw6.mat_Line5081
25,12,0,-269.81,-1.974,50.81,310.63,A2356raw6.mat_Line5082
25,12,-0,-268.92,-1.894,50.82,303.81,A2356raw6.mat_Line5083
25,12,0,-268.52,-1.823,50.83,296.2,A2356raw6.mat_Line5084
25,12,0,-269.38,-1.735,50.84,288.45,A2356raw6.mat_Line5085
25,12,0,-271.44,-1.655,50.85,279.43,A2356raw6.mat_Line5086
25,12,0,-280.58,-1.648,50.86,301.91,A2356raw4.mat_Line5087
25,12,0,-280.81,-1.566,50.87,291.2,A2356raw4.mat_Line5088
25,12,-0,-276.02,-1.316,50.89,240.17,A2356raw6.mat_Line5090
25,12,0,-273.72,-1.236,50.9,230.88,A2356raw6.mat_Line5091
25,12,0,-271.07,-1.157,50.91,222.52,A2356raw6.mat_Line5092
25,12,0,-268.27,-1.087,50.92,214.78,A2356raw6.mat_Line5093
25,12,0,-268.38,-1.072,50.93,239.5,A2356raw4.mat_Line5094
25,12,0,-269.87,-1.005,50.94,229.71,A2356raw4.mat_Line5095
25,12,0,-272.62,-0.923,50.95,218.22,A2356raw4.mat_Line5096
25,12,0,-276.44,-0.863,50.96,205.94,A2356raw4.mat_Line5097
25,12,0,-271.99,-0.462,51,133.01,A2356raw6.mat_Line5101
25,12,0,-269.16,-0.381,51.01,122.48,A2356raw6.mat_Line5102
25,12,0,-265.39,-0.371,51.02,141.47,A2356raw4.mat_Line5103
25,12,0,-260.87,-0.039,51.05,85.94,A2356raw6.mat_Line5106
25,12,0,-265.82,0.271,51.09,38.3,A2356raw6.mat_Line5110
25,12,0,-271.89,0.275,51.1,43.7,A2356raw4.mat_Line5111
25,12,0,-264.97,0.414,51.11,12.06,A2356raw6.mat_Line5112
25,12,0,-263.26,0.503,51.12,0.29,A2356raw6.mat_Line5113
25,12,0,-259.8,0.577,51.13,-10.07,A2356raw6.mat_Line5114
25,12,-0,-256.61,0.657,51.14,-19.81,A2356raw6.mat_Line5115
25,12,0,-259.01,0.821,51.17,-32.48,A2356raw4.mat_Line5118
25,12,0,-262.63,0.898,51.18,-47.86,A2356raw4.mat_Line5119
25,12,0,-264.96,0.988,51.19,-63.72,A2356raw4.mat_Line5120
25,12,0,-257.93,1.226,51.21,-101.11,A2356raw6.mat_Line5122
25,12,0,-258.24,1.299,51.22,-113.2,A2356raw6.mat_Line5123
25,12,0,-256.47,1.389,51.23,-123.9,A2356raw6.mat_Line5124
25,12,0,-248.79,1.473,51.25,-127.95,A2356raw4.mat_Line5126
25,12,0,-247.43,1.547,51.26,-138.64,A2356raw4.mat_Line5127
25,12,0,-247.53,1.869,51.29,-183.23,A2356raw6.mat_Line5130
25,12,-0,-249.9,2.02,51.31,-208.53,A2356raw6.mat_Line5132
25,12,0,-251.1,2.086,51.32,-220.96,A2356raw6.mat_Line5133
25,12,0,-252.14,2.091,51.33,-233.01,A2356raw4.mat_Line5134
25,12,0,-246.95,2.178,51.34,-241.18,A2356raw4.mat_Line5135
25,12,0,-243.02,2.265,51.35,-247.65,A2356raw4.mat_Line5136
25,12,0,-241.4,2.665,51.39,-281.97,A2356raw6.mat_Line5140
25,12,0,-242.51,2.744,51.4,-291.9,A2356raw6.mat_Line5141
25,12,0,-248.45,2.752,51.41,-314.89,A2356raw4.mat_Line5142
25,12,0,-248.85,2.815,51.42,-326.22,A2356raw4.mat_Line5143
25,12,0,-247.49,2.905,51.43,-334.74,A2356raw4.mat_Line5144
25,12,0,-244.23,3.06,51.44,-332.88,A2356raw6.mat_Line5145
25,12,0,-242.76,3.124,51.45,-340.78,A2356raw6.mat_Line5146
25,12,0,-237.07,3.302,51.47,-352.35,A2356raw6.mat_Line5148
25,12,0,-232.06,3.303,51.48,-361.23,A2356raw4.mat_Line5149
25,12,0,-233.25,3.381,51.49,-370.09,A2356raw4.mat_Line5150
25,12,0,-234.69,3.459,51.5,-380.52,A2356raw4.mat_Line5151
25,12,0,-236.54,3.547,51.51,-390.77,A2356raw4.mat_Line5152
25,12,0,-233.16,3.711,51.52,-385.54,A2356raw6.mat_Line5153
25,12,0,-234.16,3.774,51.53,-394.22,A2356raw6.mat_Line5154
25,12,-0,-234.73,3.853,51.54,-401.98,A2356raw6.mat_Line5155
25,12,0,-234.99,3.956,51.55,-408.49,A2356raw6.mat_Line5156
25,12,0,-232.49,3.942,51.56,-417.68,A2356raw4.mat_Line5157
25,12,0,-228.86,4.016,51.57,-419.5,A2356raw4.mat_Line5158
25,12,0,-226.45,4.108,51.58,-422.61,A2356raw4.mat_Line5159
25,12,-0,-225.9,4.177,51.59,-427.56,A2356raw4.mat_Line5160
25,12,0,-227.24,4.344,51.6,-427.94,A2356raw6.mat_Line5161
25,12,0,-226.88,4.417,51.61,-432.62,A2356raw6.mat_Line5162
25,12,0,-227.73,4.508,51.62,-438.36,A2356raw6.mat_Line5163
25,12,0,-234.18,4.489,51.63,-458.37,A2356raw4.mat_Line5164
25,12,0,-236.19,4.566,51.64,-464.88,A2356raw4.mat_Line5165
25,12,-0,-236.08,4.646,51.65,-469.68,A2356raw4.mat_Line5166
25,12,0,-234.89,4.737,51.66,-472.77,A2356raw4.mat_Line5167
25,12,0,-225.51,4.98,51.69,-476.9,A2356raw4.mat_Line5170
25,12,0,-224.44,5.062,51.7,-479.69,A2356raw4.mat_Line5171
25,12,0,-226.09,5.152,51.71,-484.98,A2356raw4.mat_Line5172
25,12,0,-228.25,5.223,51.72,-492.12,A2356raw4.mat_Line5173
25,12,0,-231.78,5.307,51.73,-499.59,A2356raw4.mat_Line5174
25,12,0,-233.06,5.554,51.75,-490.8,A2356raw6.mat_Line5176
25,12,0,-235.26,5.624,51.76,-496.09,A2356raw6.mat_Line5177
25,12,0,-237.67,5.633,51.77,-521.95,A2356raw4.mat_Line5178
25,12,0,-237.83,5.788,51.78,-505.24,A2356raw6.mat_Line5179
25,12,0,-230.33,5.793,51.79,-522.08,A2356raw4.mat_Line5180
25,12,0,-227.54,5.876,51.8,-521.43,A2356raw4.mat_Line5181
25,12,0,-225.59,5.952,51.81,-522.49,A2356raw4.mat_Line5182
25,12,0,-230.34,6.12,51.82,-509.25,A2356raw6.mat_Line5183
25,12,0,-229.29,6.19,51.83,-510.64,A2356raw6.mat_Line5184
25,12,0,-232.35,6.199,51.84,-540.05,A2356raw4.mat_Line5185
25,12,0,-239.43,6.352,51.86,-554.54,A2356raw4.mat_Line5187
25,12,0,-241.04,6.433,51.87,-559.51,A2356raw4.mat_Line5188
25,12,0,-240.16,6.506,51.88,-561.68,A2356raw4.mat_Line5189
25,12,0,-237.35,6.582,51.89,-561.04,A2356raw4.mat_Line5190
25,12,0,-233.17,6.66,51.9,-558.08,A2356raw4.mat_Line5191
25,12,0,-228.4,6.82,51.92,-554.92,A2356raw4.mat_Line5193
25,12,0,-228.9,6.91,51.93,-556.93,A2356raw4.mat_Line5194
25,12,0,-230.72,6.986,51.94,-561.58,A2356raw4.mat_Line5195
25,12,0,-233.89,7.072,51.95,-567.98,A2356raw4.mat_Line5196
25,12,0,-237.28,7.154,51.96,-574.99,A2356raw4.mat_Line5197
25,12,0,-240.73,7.237,51.97,-581.53,A2356raw4.mat_Line5198
25,12,-0,-243.39,7.308,51.98,-586.51,A2356raw4.mat_Line5199
25,12,0,-243.89,7.388,51.99,-587.91,A2356raw4.mat_Line5200
25,12,0,-241.8,7.47,52,-586.35,A2356raw4.mat_Line5201
25,12,0,-240.99,7.64,52.01,-561.86,A2356raw6.mat_Line5202
25,12,0,-234.62,7.628,52.02,-577.61,A2356raw4.mat_Line5203
25,12,0,-232.5,7.716,52.03,-575.12,A2356raw4.mat_Line5204
25,12,0,-231.69,7.802,52.04,-576.02,A2356raw4.mat_Line5205
25,12,0,-232.82,7.882,52.05,-579.74,A2356raw4.mat_Line5206
25,12,0,-235.42,7.958,52.06,-585.66,A2356raw4.mat_Line5207
25,12,0,-238.68,8.041,52.07,-592.36,A2356raw4.mat_Line5208
25,12,0,-242.5,8.113,52.08,-598.44,A2356raw4.mat_Line5209
25,12,0,-238.04,8.265,52.09,-566.33,A2356raw6.mat_Line5210
25,12,0,-247.61,8.278,52.1,-602.36,A2356raw4.mat_Line5211
25,12,0,-246.14,8.351,52.11,-598.78,A2356raw4.mat_Line5212
25,12,0,-243.63,8.424,52.12,-592.55,A2356raw4.mat_Line5213
25,12,-0,-239.98,8.502,52.13,-586,A2356raw4.mat_Line5214
25,12,0,-237.29,8.594,52.14,-581.95,A2356raw4.mat_Line5215
25,12,0,-238.39,8.752,52.15,-571.18,A2356raw6.mat_Line5216
25,12,0,-236.77,8.826,52.16,-567.88,A2356raw6.mat_Line5217
25,12,0,-235.07,8.908,52.17,-566.47,A2356raw6.mat_Line5218
25,12,-0,-241.51,8.912,52.18,-599.19,A2356raw4.mat_Line5219
25,12,0,-245.53,8.988,52.19,-605.3,A2356raw4.mat_Line5220
25,12,0,-248.76,9.069,52.2,-609.35,A2356raw4.mat_Line5221
25,12,0,-251.11,9.155,52.21,-609.67,A2356raw4.mat_Line5222
25,12,0,-250.76,9.227,52.22,-605.47,A2356raw4.mat_Line5223
25,12,0,-248.79,9.311,52.23,-598.77,A2356raw4.mat_Line5224
25,12,0,-245.22,9.382,52.24,-592.07,A2356raw4.mat_Line5225
25,12,0,-241.41,9.467,52.25,-587.85,A2356raw4.mat_Line5226
25,12,0,-239.56,9.558,52.26,-587.06,A2356raw4.mat_Line5227
25,12,0,-239.72,9.629,52.27,-589.38,A2356raw4.mat_Line5228
25,12,-0,-240.4,9.714,52.28,-594.67,A2356raw4.mat_Line5229
25,12,0,-243.75,9.797,52.29,-600.62,A2356raw4.mat_Line5230
25,12,0,-247.47,9.881,52.3,-605.77,A2356raw4.mat_Line5231
25,12,0,-250.25,9.954,52.31,-609.51,A2356raw4.mat_Line5232
25,12,0,-245.46,10.125,52.32,-581.28,A2356raw6.mat_Line5233
25,12,0,-253.56,10.118,52.33,-606.1,A2356raw4.mat_Line5234
25,12,0,-252.11,10.191,52.34,-599.25,A2356raw4.mat_Line5235
25,12,0,-249.17,10.269,52.35,-592.24,A2356raw4.mat_Line5236
25,12,0,-245.69,10.349,52.36,-587.41,A2356raw4.mat_Line5237
25,12,0,-242.88,10.506,52.38,-587.39,A2356raw4.mat_Line5239
25,12,0,-244.23,10.573,52.39,-591.29,A2356raw4.mat_Line5240
25,12,0,-246.54,10.67,52.4,-595.96,A2356raw4.mat_Line5241
25,12,0,-249.03,10.749,52.41,-600.5,A2356raw4.mat_Line5242
25,12,0,-252.86,10.821,52.42,-604.4,A2356raw4.mat_Line5243
25,12,0,-254.54,10.908,52.43,-604.88,A2356raw4.mat_Line5244
25,12,0,-249.19,11.071,52.44,-588.44,A2356raw6.mat_Line5245
25,12,0,-251.3,11.154,52.45,-591.56,A2356raw6.mat_Line5246
25,12,0,-253.46,11.151,52.46,-588.55,A2356raw4.mat_Line5247
25,12,0,-251.92,11.315,52.47,-588.44,A2356raw6.mat_Line5248
25,12,0,-248.7,11.306,52.48,-576.42,A2356raw4.mat_Line5249
25,12,0,-248.71,11.396,52.49,-573.15,A2356raw4.mat_Line5250
25,12,0,-245.52,11.545,52.5,-576.12,A2356raw6.mat_Line5251
25,12,0,-252.2,11.557,52.51,-575.98,A2356raw4.mat_Line5252
25,12,0,-244.55,11.69,52.52,-577.66,A2356raw6.mat_Line5253
25,12,0,-245.65,11.756,52.53,-580.93,A2356raw6.mat_Line5254
25,12,0,-260.54,11.75,52.54,-581.94,A2356raw4.mat_Line5255
25,12,0,-263.6,11.806,52.55,-577.31,A2356raw4.mat_Line5256
25,12,0,-263.29,11.85,52.56,-569.39,A2356raw4.mat_Line5257
25,12,0,-261.23,11.896,52.57,-560.21,A2356raw4.mat_Line5258
25,12,0,-257.78,11.929,52.58,-551.32,A2356raw4.mat_Line5259
25,12,0,-253.36,11.942,52.59,-545.06,A2356raw4.mat_Line5260
25,12,0,-250.9,11.966,52.6,-542.86,A2356raw4.mat_Line5261
25,12,0,-251.35,11.993,52.61,-545.82,A2356raw4.mat_Line5262
25,12,0,-253.08,12.003,52.62,-553.78,A2356raw4.mat_Line5263
25,12,0,-257.31,12.003,52.63,-563.91,A2356raw4.mat_Line5264
25,12,0,-262.09,12.01,52.64,-574.54,A2356raw4.mat_Line5265
25,12,0,-266.67,12.012,52.65,-582.97,A2356raw4.mat_Line5266
25,12,0,-268.98,12.01,52.66,-587.05,A2356raw4.mat_Line5267
25,12,0,-252.08,11.96,52.7,-535.43,A2356raw4.mat_Line5271
25,12,0,-246.42,11.937,52.71,-526.04,A2356raw4.mat_Line5272
25,12,0,-243.95,11.932,52.72,-527.1,A2356raw4.mat_Line5273
25,12,0,-245.19,11.923,52.73,-537.99,A2356raw4.mat_Line5274
25,12,0,-249.36,11.912,52.74,-554.51,A2356raw4.mat_Line5275
25,12,0,-250.43,11.903,52.75,-594.58,A2356raw6.mat_Line5276
25,12,0,-259.02,11.907,52.76,-586.23,A2356raw4.mat_Line5277
25,12,0,-261.95,11.899,52.77,-594.06,A2356raw4.mat_Line5278
25,12,0,-262.07,11.892,52.78,-591.89,A2356raw4.mat_Line5279
25,12,0,-255.07,11.87,52.8,-563.93,A2356raw4.mat_Line5281
25,12,0,-250.23,11.849,52.81,-547.83,A2356raw4.mat_Line5282
25,12,0,-248.08,11.786,52.82,-566.38,A2356raw6.mat_Line5283
25,12,0,-244.99,11.767,52.83,-563.42,A2356raw6.mat_Line5284
25,12,0,-240.09,11.76,52.84,-538.84,A2356raw4.mat_Line5285
25,12,0,-242.34,11.707,52.85,-547.24,A2356raw4.mat_Line5286
25,12,0,-246.48,11.66,52.86,-559.1,A2356raw4.mat_Line5287
25,12,0,-250.6,11.594,52.87,-574.41,A2356raw4.mat_Line5288
25,12,0,-256.38,11.524,52.88,-588.77,A2356raw4.mat_Line5289
25,12,0,-260.48,11.459,52.89,-598.16,A2356raw4.mat_Line5290
25,12,0,-259.93,11.173,52.91,-603.76,A2356raw6.mat_Line5292
25,12,0,-257.43,11.081,52.92,-594.54,A2356raw6.mat_Line5293
25,12,0,-248.47,11.088,52.93,-565.3,A2356raw4.mat_Line5294
25,12,0,-242.2,10.974,52.94,-552.47,A2356raw4.mat_Line5295
25,12,0,-243.31,10.779,52.95,-559.28,A2356raw6.mat_Line5296
25,12,0,-236.41,10.778,52.96,-543.79,A2356raw4.mat_Line5297
25,12,0,-237.33,10.666,52.97,-550.63,A2356raw4.mat_Line5298
25,12,0,-251.09,10.411,52.99,-583.37,A2356raw6.mat_Line5300
25,12,0,-252.92,10.408,53,-596.69,A2356raw4.mat_Line5301
25,12,0,-258.49,10.261,53.01,-601.54,A2356raw6.mat_Line5302
25,12,0,-254.33,10.255,53.02,-610.16,A2356raw4.mat_Line5303
25,12,0,-258.61,10.129,53.03,-597.79,A2356raw6.mat_Line5304
25,12,0,-246.29,10.128,53.04,-594.83,A2356raw4.mat_Line5305
25,12,0,-241.31,10.067,53.05,-584.64,A2356raw4.mat_Line5306
25,12,0,-237.82,10.013,53.06,-577.4,A2356raw4.mat_Line5307
25,12,0,-235.55,9.957,53.07,-574.24,A2356raw4.mat_Line5308
25,12,0,-236.28,9.884,53.08,-576.26,A2356raw4.mat_Line5309
25,12,0,-239.29,9.815,53.09,-582.03,A2356raw4.mat_Line5310
25,12,0,-243.35,9.744,53.1,-589.84,A2356raw4.mat_Line5311
25,12,0,-248.09,9.674,53.11,-597.19,A2356raw4.mat_Line5312
25,12,0,-257.23,9.452,53.13,-585.87,A2356raw6.mat_Line5314
25,12,0,-249.81,9.447,53.14,-600.51,A2356raw4.mat_Line5315
25,12,0,-246.15,9.362,53.15,-598.34,A2356raw4.mat_Line5316
25,12,0,-243.39,9.284,53.16,-596.61,A2356raw4.mat_Line5317
25,12,0,-241.25,9.204,53.17,-595.34,A2356raw4.mat_Line5318
25,12,0,-241.11,9.101,53.18,-595.16,A2356raw4.mat_Line5319
25,12,0,-242.97,9.025,53.19,-595.63,A2356raw4.mat_Line5320
25,12,0,-245.17,8.919,53.2,-596.24,A2356raw4.mat_Line5321
25,12,0,-246.88,8.827,53.21,-596.11,A2356raw4.mat_Line5322
25,12,0,-248.78,8.736,53.22,-596.42,A2356raw4.mat_Line5323
25,12,0,-250.6,8.646,53.23,-596.9,A2356raw4.mat_Line5324
25,12,0,-251.16,8.555,53.24,-597.24,A2356raw4.mat_Line5325
25,12,0,-251.51,8.459,53.25,-597.11,A2356raw4.mat_Line5326
25,12,0,-250.43,8.378,53.26,-596.65,A2356raw4.mat_Line5327
25,12,0,-259.48,8.206,53.27,-579.53,A2356raw6.mat_Line5328
25,12,0,-245.36,8.136,53.29,-594.3,A2356raw4.mat_Line5330
25,12,0,-245.07,8.053,53.3,-593.83,A2356raw4.mat_Line5331
25,12,0,-246.18,7.986,53.31,-594.45,A2356raw4.mat_Line5332
25,12,0,-248.86,7.924,53.32,-596.01,A2356raw4.mat_Line5333
25,12,0,-251.58,7.849,53.33,-598.36,A2356raw4.mat_Line5334
25,12,0,-254.36,7.719,53.34,-566.3,A2356raw6.mat_Line5335
25,12,0,-256.47,7.728,53.35,-601.17,A2356raw4.mat_Line5336
25,12,0,-256.31,7.663,53.36,-598.37,A2356raw4.mat_Line5337
25,12,0,-253.89,7.589,53.37,-594,A2356raw4.mat_Line5338
25,12,0,-250.86,7.51,53.38,-589.79,A2356raw4.mat_Line5339
25,12,0,-247.28,7.433,53.39,-587.15,A2356raw4.mat_Line5340
25,12,0,-253.77,7.261,53.4,-562.72,A2356raw6.mat_Line5341
25,12,0,-246.04,7.28,53.41,-587.91,A2356raw4.mat_Line5342
25,12,0,-248.04,7.205,53.42,-590.73,A2356raw4.mat_Line5343
25,12,0,-251.59,7.125,53.43,-593.84,A2356raw4.mat_Line5344
25,12,0,-255.25,7.045,53.44,-596.97,A2356raw4.mat_Line5345
25,12,-0,-258.61,6.955,53.45,-599.16,A2356raw4.mat_Line5346
25,12,0,-259.4,6.869,53.46,-598.87,A2356raw4.mat_Line5347
25,12,0,-258.63,6.778,53.47,-595.13,A2356raw4.mat_Line5348
25,12,0,-255.98,6.687,53.48,-589.85,A2356raw4.mat_Line5349
25,12,0,-253.33,6.595,53.49,-583.47,A2356raw4.mat_Line5350
25,12,0,-250.94,6.504,53.5,-578.49,A2356raw4.mat_Line5351
25,12,0,-250.01,6.423,53.51,-576,A2356raw4.mat_Line5352
25,12,0,-251,6.335,53.52,-575.69,A2356raw4.mat_Line5353
25,12,0,-254.14,6.247,53.53,-577.43,A2356raw4.mat_Line5354
25,12,0,-256.55,6.164,53.54,-579.17,A2356raw4.mat_Line5355
25,12,0,-259.64,6.08,53.55,-580.43,A2356raw4.mat_Line5356
25,12,0,-262.16,6.014,53.56,-580.46,A2356raw4.mat_Line5357
25,12,0,-263.66,5.924,53.57,-578.6,A2356raw4.mat_Line5358
25,12,0,-263.34,5.843,53.58,-575.5,A2356raw4.mat_Line5359
25,12,0,-261.32,5.773,53.59,-570.52,A2356raw4.mat_Line5360
25,12,0,-259.2,5.699,53.6,-565.24,A2356raw4.mat_Line5361
25,12,0,-257.53,5.619,53.61,-559.79,A2356raw4.mat_Line5362
25,12,0,-257.31,5.547,53.62,-555.74,A2356raw4.mat_Line5363
25,12,0,-258.11,5.48,53.63,-553.11,A2356raw4.mat_Line5364
25,12,0,-259.33,5.388,53.64,-552.19,A2356raw4.mat_Line5365
25,12,0,-261.67,5.317,53.65,-551.44,A2356raw4.mat_Line5366
25,12,0,-259,5.159,53.66,-505.87,A2356raw6.mat_Line5367
25,12,0,-267.29,5.175,53.67,-550.39,A2356raw4.mat_Line5368
25,12,0,-268.99,5.089,53.68,-548.39,A2356raw4.mat_Line5369
25,12,-0,-269.26,5.024,53.69,-545.59,A2356raw4.mat_Line5370
25,12,0,-267.85,4.933,53.7,-541.39,A2356raw4.mat_Line5371
25,12,0,-265.33,4.851,53.71,-536.1,A2356raw4.mat_Line5372
25,12,0,-262.81,4.777,53.72,-530.66,A2356raw4.mat_Line5373
25,12,0,-269.19,4.614,53.73,-491.5,A2356raw6.mat_Line5374
25,12,0,-266.43,4.526,53.74,-485.9,A2356raw6.mat_Line5375
25,12,0,-263.75,4.446,53.75,-480.31,A2356raw6.mat_Line5376
25,12,0,-264.18,4.439,53.76,-514.53,A2356raw4.mat_Line5377
25,12,0,-267.02,4.373,53.77,-512.22,A2356raw4.mat_Line5378
25,12,0,-270.42,4.296,53.78,-509.76,A2356raw4.mat_Line5379
25,12,0,-273,4.203,53.79,-507.3,A2356raw4.mat_Line5380
25,12,0,-270.73,3.965,53.81,-458.64,A2356raw6.mat_Line5382
25,12,0,-272.21,3.882,53.82,-456.48,A2356raw6.mat_Line5383
25,12,0,-272.71,3.82,53.83,-453.07,A2356raw6.mat_Line5384
25,12,0,-270.85,3.734,53.84,-448.89,A2356raw6.mat_Line5385
25,12,0,-261.68,3.74,53.85,-474.05,A2356raw4.mat_Line5386
25,12,0,-262.22,3.65,53.86,-468.32,A2356raw4.mat_Line5387
25,12,0,-264.54,3.58,53.87,-463.36,A2356raw4.mat_Line5388
25,12,-0,-262.1,3.328,53.89,-416.72,A2356raw6.mat_Line5390
25,12,0,-264.04,3.253,53.9,-411.62,A2356raw6.mat_Line5391
25,12,0,-266.63,3.175,53.91,-407.45,A2356raw6.mat_Line5392
25,12,0,-274.99,3.166,53.92,-441.41,A2356raw4.mat_Line5393
25,12,0,-271.42,3.08,53.93,-434.26,A2356raw4.mat_Line5394
25,12,0,-271.94,2.925,53.94,-395.86,A2356raw6.mat_Line5395
25,12,-0,-264.24,2.931,53.95,-417,A2356raw4.mat_Line5396
25,12,0,-272.87,2.55,54,-380.74,A2356raw4.mat_Line5401
25,12,0,-275.78,2.473,54.01,-375.81,A2356raw4.mat_Line5402
25,12,0,-277.41,2.384,54.02,-370.55,A2356raw4.mat_Line5403
25,12,-0,-268.54,2.215,54.03,-329.92,A2356raw6.mat_Line5404
25,12,0,-270.97,2.126,54.04,-324.83,A2356raw6.mat_Line5405
25,12,0,-272.9,2.051,54.05,-319.41,A2356raw6.mat_Line5406
25,12,0,-272.89,1.959,54.06,-313.06,A2356raw6.mat_Line5407
25,12,-0,-263.29,1.806,54.09,-304.84,A2356raw4.mat_Line5410
25,12,0,-265.99,1.73,54.1,-297.26,A2356raw4.mat_Line5411
25,12,0,-260.04,1.577,54.11,-264.42,A2356raw6.mat_Line5412
25,12,0,-260.37,1.491,54.12,-255.11,A2356raw6.mat_Line5413
25,12,0,-261.61,1.415,54.13,-247.83,A2356raw6.mat_Line5414
25,12,0,-265.57,1.249,54.15,-234.21,A2356raw6.mat_Line5416
25,12,0,-258.16,0.838,54.2,-189.5,A2356raw6.mat_Line5421
25,12,-0,-255.56,0.766,54.21,-177.68,A2356raw6.mat_Line5422
25,12,0,-253.2,0.685,54.22,-166.04,A2356raw6.mat_Line5423
25,12,0,-253.12,0.607,54.23,-155.65,A2356raw6.mat_Line5424
25,12,0,-254.79,0.438,54.25,-137.98,A2356raw6.mat_Line5426
25,12,0,-252.97,0.057,54.3,-92.84,A2356raw6.mat_Line5431
25,12,0,-249.85,-0.02,54.31,-80.4,A2356raw6.mat_Line5432
25,12,0,-250.66,-0.013,54.32,-77.85,A2356raw4.mat_Line5433
25,12,-0,-253.41,-0.086,54.33,-69.02,A2356raw4.mat_Line5434
25,12,0,-244.89,-0.256,54.34,-43.44,A2356raw6.mat_Line5435
25,12,0,-244.97,-0.332,54.35,-33.05,A2356raw6.mat_Line5436
25,12,0,-247.87,-0.772,54.4,16.24,A2356raw6.mat_Line5441
25,12,0,-244.67,-0.846,54.41,28.67,A2356raw6.mat_Line5442
25,12,0,-241.75,-0.913,54.42,42.04,A2356raw6.mat_Line5443
25,12,0,-238.67,-1.002,54.43,55.41,A2356raw6.mat_Line5444
25,12,0,-237.17,-1.058,54.44,68.77,A2356raw6.mat_Line5445
25,12,0,-236.61,-1.13,54.45,81.02,A2356raw6.mat_Line5446
25,12,0,-243.99,-1.293,54.48,106.58,A2356raw4.mat_Line5449
25,12,0,-239.67,-1.373,54.49,121.37,A2356raw4.mat_Line5450
25,12,0,-235.43,-1.463,54.5,136.61,A2356raw4.mat_Line5451
25,12,0,-234.79,-1.631,54.51,144.9,A2356raw6.mat_Line5452
25,12,0,-228.41,-1.791,54.53,170.88,A2356raw6.mat_Line5454
25,12,0,-225.59,-1.866,54.54,183.79,A2356raw6.mat_Line5455
25,12,0,-231.14,-1.946,54.56,206.7,A2356raw4.mat_Line5457
25,12,0,-232.28,-2.109,54.58,227.79,A2356raw4.mat_Line5459
25,12,-0,-230.82,-2.192,54.59,240.25,A2356raw4.mat_Line5460
25,12,0,-226.68,-2.36,54.6,243.16,A2356raw6.mat_Line5461
25,12,0,-227.4,-2.427,54.61,252.79,A2356raw6.mat_Line5462
25,12,0,-225.6,-2.602,54.63,272.99,A2356raw6.mat_Line5464
25,12,0,-219.77,-2.579,54.64,295.89,A2356raw4.mat_Line5465
25,12,0,-219.29,-2.677,54.65,303.92,A2356raw4.mat_Line5466
25,12,0,-220.36,-2.748,54.66,311.49,A2356raw4.mat_Line5467
25,12,0,-221.44,-3.137,54.7,334.1,A2356raw6.mat_Line5471
25,12,0,-223.7,-3.22,54.71,340.59,A2356raw6.mat_Line5472
25,12,0,-221.35,-3.226,54.72,364.1,A2356raw4.mat_Line5473
25,12,0,-218.74,-3.299,54.73,372.34,A2356raw4.mat_Line5474
25,12,0,-216.89,-3.379,54.74,379.79,A2356raw4.mat_Line5475
25,12,0,-220.21,-3.625,54.76,375.97,A2356raw6.mat_Line5477
25,12,0,-226.05,-3.78,54.79,409.17,A2356raw4.mat_Line5480
25,12,0,-228.61,-3.857,54.8,415.36,A2356raw4.mat_Line5481
25,12,0,-229.04,-3.946,54.81,421.57,A2356raw4.mat_Line5482
25,12,0,-224.73,-4.102,54.82,411.93,A2356raw6.mat_Line5483
25,12,0,-227.6,-4.189,54.83,415.47,A2356raw6.mat_Line5484
25,12,0,-228.69,-4.265,54.84,419.82,A2356raw6.mat_Line5485
25,12,0,-228.01,-4.347,54.85,425.09,A2356raw6.mat_Line5486
25,12,0,-218.51,-4.341,54.86,453.11,A2356raw4.mat_Line5487
25,12,0,-219.42,-4.423,54.87,457.76,A2356raw4.mat_Line5488
25,12,0,-221.16,-4.503,54.88,461.76,A2356raw4.mat_Line5489
25,12,0,-228.58,-4.662,54.9,468.4,A2356raw4.mat_Line5491
25,12,0,-222.19,-4.821,54.91,458.63,A2356raw6.mat_Line5492
25,12,0,-224.83,-4.913,54.92,461.25,A2356raw6.mat_Line5493
25,12,0,-230.08,-4.89,54.93,481.72,A2356raw4.mat_Line5494
25,12,0,-226.9,-4.966,54.94,486.86,A2356raw4.mat_Line5495
25,12,0,-223.36,-5.063,54.95,491.85,A2356raw4.mat_Line5496
25,12,0,-221.35,-5.133,54.96,496.82,A2356raw4.mat_Line5497
25,12,0,-220.17,-5.218,54.97,501.79,A2356raw4.mat_Line5498
25,12,0,-220.75,-5.292,54.98,505.83,A2356raw4.mat_Line5499
25,12,0,-225.64,-5.464,54.99,484.8,A2356raw6.mat_Line5500
25,12,0,-224.54,-5.553,55,489.92,A2356raw6.mat_Line5501
25,12,0,-229.19,-5.535,55.01,513.67,A2356raw4.mat_Line5502
25,12,0,-232,-5.61,55.02,516.14,A2356raw4.mat_Line5503
25,12,0,-232.66,-5.706,55.03,519.07,A2356raw4.mat_Line5504
25,12,0,-231.67,-5.777,55.04,521.87,A2356raw4.mat_Line5505
25,12,0,-229.14,-5.873,55.05,525.3,A2356raw4.mat_Line5506
25,12,0,-226.16,-5.943,55.06,528.72,A2356raw4.mat_Line5507
25,12,-0,-223.73,-6.024,55.07,533.42,A2356raw4.mat_Line5508
25,12,0,-233.75,-6.188,55.08,504.74,A2356raw6.mat_Line5509
25,12,0,-222.78,-6.191,55.09,542.74,A2356raw4.mat_Line5510
25,12,0,-223.94,-6.27,55.1,545.21,A2356raw4.mat_Line5511
25,12,0,-226.72,-6.427,55.11,517.07,A2356raw6.mat_Line5512
25,12,-0,-229.33,-6.43,55.12,547.03,A2356raw4.mat_Line5513
25,12,0,-232.14,-6.506,55.13,548.08,A2356raw4.mat_Line5514
25,12,0,-233.69,-6.664,55.15,550.38,A2356raw4.mat_Line5516
25,12,0,-231.72,-6.742,55.16,552.1,A2356raw4.mat_Line5517
25,12,-0,-230.03,-6.823,55.17,555.24,A2356raw4.mat_Line5518
25,12,0,-226.89,-6.899,55.18,559.13,A2356raw4.mat_Line5519
25,12,0,-224.9,-6.977,55.19,563.96,A2356raw4.mat_Line5520
25,12,0,-224.47,-7.059,55.2,568.94,A2356raw4.mat_Line5521
25,12,-0,-224.54,-7.14,55.21,571.42,A2356raw4.mat_Line5522
25,12,0,-226.23,-7.209,55.22,572.33,A2356raw4.mat_Line5523
25,12,0,-229.52,-7.295,55.23,571.67,A2356raw4.mat_Line5524
25,12,0,-232.7,-7.38,55.24,570.86,A2356raw4.mat_Line5525
25,12,0,-228.33,-7.551,55.25,546.49,A2356raw6.mat_Line5526
25,12,0,-235.37,-7.543,55.26,570.97,A2356raw4.mat_Line5527
25,12,0,-235.43,-7.617,55.27,572.09,A2356raw4.mat_Line5528
25,12,0,-232.75,-7.709,55.28,574.12,A2356raw4.mat_Line5529
25,12,0,-230.13,-7.785,55.29,577.88,A2356raw4.mat_Line5530
25,12,0,-227.92,-7.858,55.3,582.24,A2356raw4.mat_Line5531
25,12,0,-226.38,-7.949,55.31,586.75,A2356raw4.mat_Line5532
25,12,0,-226.65,-8.025,55.32,589.06,A2356raw4.mat_Line5533
25,12,0,-228.63,-8.116,55.33,588.57,A2356raw4.mat_Line5534
25,12,-0,-231.76,-8.191,55.34,586.85,A2356raw4.mat_Line5535
25,12,0,-234.68,-8.263,55.35,584.63,A2356raw4.mat_Line5536
25,12,0,-237.68,-8.353,55.36,583.37,A2356raw4.mat_Line5537
25,12,0,-239.35,-8.425,55.37,583.2,A2356raw4.mat_Line5538
25,12,0,-238.8,-8.504,55.38,584.31,A2356raw4.mat_Line5539
25,12,0,-237.32,-8.579,55.39,586.03,A2356raw4.mat_Line5540
25,12,0,-234.03,-8.67,55.4,588.69,A2356raw4.mat_Line5541
25,12,0,-238.24,-8.83,55.41,559.12,A2356raw6.mat_Line5542
25,12,-0,-230.35,-8.826,55.42,595.25,A2356raw4.mat_Line5543
25,12,-0,-230.65,-8.917,55.43,597.11,A2356raw4.mat_Line5544
25,12,0,-231.41,-8.988,55.44,596.44,A2356raw4.mat_Line5545
25,12,0,-234.49,-9.071,55.45,594.72,A2356raw4.mat_Line5546
25,12,0,-233.68,-9.228,55.46,565.36,A2356raw6.mat_Line5547
25,12,0,-240.03,-9.224,55.47,591.25,A2356raw4.mat_Line5548
25,12,0,-235.53,-9.386,55.48,566.88,A2356raw6.mat_Line5549
25,12,0,-242.25,-9.387,55.49,590.64,A2356raw4.mat_Line5550
25,12,0,-240.73,-9.463,55.5,590.97,A2356raw4.mat_Line5551
25,12,0,-238.39,-9.547,55.51,593.02,A2356raw4.mat_Line5552
25,12,0,-236.55,-9.633,55.52,595.2,A2356raw4.mat_Line5553
25,12,0,-235.17,-9.711,55.53,597.53,A2356raw4.mat_Line5554
25,12,0,-241.28,-9.874,55.54,562.99,A2356raw6.mat_Line5555
25,12,0,-240.22,-9.951,55.55,563.15,A2356raw6.mat_Line5556
25,12,0,-237.2,-9.941,55.56,598.26,A2356raw4.mat_Line5557
25,12,0,-239.26,-10.016,55.57,596.37,A2356raw4.mat_Line5558
25,12,0,-242.52,-10.116,55.58,594.96,A2356raw4.mat_Line5559
25,12,0,-238.45,-10.276,55.59,569.66,A2356raw6.mat_Line5560
25,12,0,-245.15,-10.275,55.6,592.79,A2356raw4.mat_Line5561
25,12,0,-240.09,-10.428,55.61,570.25,A2356raw6.mat_Line5562
25,12,0,-241.41,-10.512,55.62,570.09,A2356raw6.mat_Line5563
25,12,0,-241.2,-10.51,55.63,593.6,A2356raw4.mat_Line5564
25,12,0,-239.83,-10.596,55.64,595.17,A2356raw4.mat_Line5565
25,12,0,-239.53,-10.676,55.65,596.25,A2356raw4.mat_Line5566
25,12,0,-239.34,-10.754,55.66,596.85,A2356raw4.mat_Line5567
25,12,0,-240.45,-10.838,55.67,596.37,A2356raw4.mat_Line5568
25,12,0,-244.61,-11.065,55.7,594.47,A2356raw4.mat_Line5571
25,12,0,-245.77,-11.151,55.71,593.84,A2356raw4.mat_Line5572
25,12,0,-245.9,-11.214,55.72,592.77,A2356raw4.mat_Line5573
25,12,0,-245.18,-11.297,55.73,591.56,A2356raw4.mat_Line5574
25,12,0,-244.03,-11.38,55.74,590.95,A2356raw4.mat_Line5575
25,12,0,-243.05,-11.455,55.75,591.42,A2356raw4.mat_Line5576
25,12,0,-242.89,-11.529,55.76,592.66,A2356raw4.mat_Line5577
25,12,0,-244.87,-11.682,55.77,570.58,A2356raw6.mat_Line5578
25,12,0,-244.19,-11.675,55.78,595.13,A2356raw4.mat_Line5579
25,12,0,-245.02,-11.728,55.79,595.73,A2356raw4.mat_Line5580
25,12,0,-246.24,-11.785,55.8,596.02,A2356raw4.mat_Line5581
25,12,0,-246.18,-11.837,55.81,595.38,A2356raw4.mat_Line5582
25,12,0,-246.18,-11.883,55.82,594.9,A2356raw4.mat_Line5583
25,12,0,-246.65,-11.931,55.83,594.6,A2356raw4.mat_Line5584
25,12,0,-246.14,-11.953,55.84,594.3,A2356raw4.mat_Line5585
25,12,0,-241.75,-11.999,55.85,581.83,A2356raw6.mat_Line5586
25,12,0,-243.54,-11.989,55.86,594.76,A2356raw4.mat_Line5587
25,12,0,-243.3,-12,55.87,595.55,A2356raw4.mat_Line5588
25,12,0,-243.12,-11.996,55.88,596.62,A2356raw4.mat_Line5589
25,12,0,-243.71,-11.996,55.89,596.93,A2356raw4.mat_Line5590
25,12,0,-244.27,-11.986,55.9,597.41,A2356raw4.mat_Line5591
25,12,0,-244.82,-11.96,55.91,597.87,A2356raw4.mat_Line5592
25,12,0,-243.41,-11.936,55.92,575.53,A2356raw6.mat_Line5593
25,12,0,-243.35,-11.93,55.93,577.39,A2356raw6.mat_Line5594
25,12,0,-246.56,-11.924,55.94,597.43,A2356raw4.mat_Line5595
25,12,0,-246.8,-11.924,55.95,595.42,A2356raw4.mat_Line5596
25,12,0,-246.32,-11.907,55.96,593.88,A2356raw4.mat_Line5597
25,12,0,-244.97,-11.913,55.97,593.12,A2356raw4.mat_Line5598
25,12,0,-243.09,-11.906,55.99,594.98,A2356raw4.mat_Line5600
25,12,0,-244.73,-11.897,56.01,574.44,A2356raw6.mat_Line5602
25,12,0,-244.9,-11.9,56.02,574.12,A2356raw6.mat_Line5603
25,12,0,-244.72,-11.894,56.03,597.91,A2356raw4.mat_Line5604
25,12,0,-245.96,-11.886,56.04,597.26,A2356raw4.mat_Line5605
25,12,0,-247.22,-11.866,56.05,595.85,A2356raw4.mat_Line5606
25,12,0,-247.7,-11.841,56.06,594.46,A2356raw4.mat_Line5607
25,12,0,-245.65,-11.778,56.07,579.37,A2356raw6.mat_Line5608
25,12,0,-245.76,-11.774,56.08,593.71,A2356raw4.mat_Line5609
25,12,0,-244.47,-11.747,56.09,595.11,A2356raw4.mat_Line5610
25,12,0,-243.45,-11.694,56.1,596.65,A2356raw4.mat_Line5611
25,12,0,-242.57,-11.625,56.11,597.57,A2356raw4.mat_Line5612
25,12,0,-242.14,-11.549,56.12,597.52,A2356raw4.mat_Line5613
25,12,0,-243.35,-11.469,56.13,597.06,A2356raw4.mat_Line5614
25,12,0,-244.57,-11.384,56.14,596.27,A2356raw4.mat_Line5615
25,12,0,-247.11,-11.296,56.15,595.99,A2356raw4.mat_Line5616
25,12,0,-245.77,-11.081,56.16,574.88,A2356raw6.mat_Line5617
25,12,0,-245.42,-10.988,56.17,576.91,A2356raw6.mat_Line5618
25,12,0,-247.33,-10.994,56.18,596.21,A2356raw4.mat_Line5619
25,12,0,-246,-10.906,56.19,595.28,A2356raw4.mat_Line5620
25,12,0,-244.52,-10.826,56.2,595.01,A2356raw4.mat_Line5621
25,12,0,-243.71,-10.74,56.21,595,A2356raw4.mat_Line5622
25,12,0,-242.97,-10.666,56.22,595.76,A2356raw4.mat_Line5623
25,12,0,-243,-10.578,56.23,596.55,A2356raw4.mat_Line5624
25,12,0,-243.47,-10.492,56.24,597.48,A2356raw4.mat_Line5625
25,12,0,-244.13,-10.419,56.25,598.24,A2356raw4.mat_Line5626
25,12,0,-244.53,-10.359,56.26,599.02,A2356raw4.mat_Line5627
25,12,0,-246.2,-10.278,56.27,598.7,A2356raw4.mat_Line5628
25,12,0,-246.92,-10.144,56.29,595.9,A2356raw4.mat_Line5630
25,12,0,-245.64,-10.076,56.3,594.51,A2356raw4.mat_Line5631
25,12,0,-248.8,-9.95,56.31,573.17,A2356raw6.mat_Line5632
25,12,0,-243.93,-9.943,56.32,594.84,A2356raw4.mat_Line5633
25,12,0,-243.76,-9.871,56.33,596.55,A2356raw4.mat_Line5634
25,12,0,-249.16,-9.736,56.34,568.36,A2356raw6.mat_Line5635
25,12,0,-247.1,-9.572,56.36,568.38,A2356raw6.mat_Line5637
25,12,0,-247.21,-9.483,56.37,568.68,A2356raw6.mat_Line5638
25,12,-0,-245.66,-9.487,56.38,598.21,A2356raw4.mat_Line5639
25,12,0,-246.96,-9.42,56.39,597.1,A2356raw4.mat_Line5640
25,12,-0,-247.86,-9.334,56.4,596.03,A2356raw4.mat_Line5641
25,12,0,-246.58,-9.257,56.41,595.11,A2356raw4.mat_Line5642
25,12,0,-245.9,-9.172,56.42,594.5,A2356raw4.mat_Line5643
25,12,0,-244.02,-9.081,56.43,595.14,A2356raw4.mat_Line5644
25,12,0,-243.83,-9.006,56.44,596.24,A2356raw4.mat_Line5645
25,12,0,-249.63,-8.738,56.46,565.74,A2356raw6.mat_Line5647
25,12,0,-244.21,-8.741,56.47,597.46,A2356raw4.mat_Line5648
25,12,0,-245.51,-8.654,56.48,596.51,A2356raw4.mat_Line5649
25,12,0,-247.26,-8.555,56.49,595.56,A2356raw4.mat_Line5650
25,12,0,-247.91,-8.475,56.5,594.63,A2356raw4.mat_Line5651
25,12,0,-248.52,-8.393,56.51,593.55,A2356raw4.mat_Line5652
25,12,0,-247.66,-8.312,56.52,592.64,A2356raw4.mat_Line5653
25,12,0,-246.82,-8.224,56.53,592.2,A2356raw4.mat_Line5654
25,12,0,-250.34,-8.088,56.54,566.34,A2356raw6.mat_Line5655
25,12,0,-244.8,-8.074,56.55,593.31,A2356raw4.mat_Line5656
25,12,0,-251.38,-7.937,56.56,563.87,A2356raw6.mat_Line5657
25,12,0,-244.54,-7.924,56.57,594.85,A2356raw4.mat_Line5658
25,12,-0,-245.29,-7.854,56.58,593.91,A2356raw4.mat_Line5659
25,12,0,-246.38,-7.779,56.59,592.79,A2356raw4.mat_Line5660
25,12,-0,-247.89,-7.707,56.6,591.7,A2356raw4.mat_Line5661
25,12,0,-249.28,-7.644,56.61,591.06,A2356raw4.mat_Line5662
25,12,0,-250.23,-7.477,56.62,560.61,A2356raw6.mat_Line5663
25,12,0,-250.71,-7.41,56.63,560.28,A2356raw6.mat_Line5664
25,12,0,-247.95,-7.415,56.64,590.01,A2356raw4.mat_Line5665
25,12,0,-247.52,-7.334,56.65,589.56,A2356raw4.mat_Line5666
25,12,0,-246.52,-7.268,56.66,589.41,A2356raw4.mat_Line5667
25,12,0,-246.41,-7.179,56.67,589.09,A2356raw4.mat_Line5668
25,12,-0,-247.07,-7.095,56.68,588.62,A2356raw4.mat_Line5669
25,12,-0,-247.66,-7.012,56.69,587.05,A2356raw4.mat_Line5670
25,12,0,-252.41,-6.846,56.7,552.23,A2356raw6.mat_Line5671
25,12,0,-251.98,-6.75,56.71,551.31,A2356raw6.mat_Line5672
25,12,0,-252.05,-6.671,56.72,550.52,A2356raw6.mat_Line5673
25,12,0,-252.98,-6.669,56.73,582.68,A2356raw4.mat_Line5674
25,12,0,-252.03,-6.578,56.74,581.91,A2356raw4.mat_Line5675
25,12,0,-251.92,-6.503,56.75,580.38,A2356raw4.mat_Line5676
25,12,0,-250.69,-6.416,56.76,578.68,A2356raw4.mat_Line5677
25,12,0,-250.07,-6.333,56.77,577.3,A2356raw4.mat_Line5678
25,12,0,-250.94,-6.258,56.78,576.05,A2356raw4.mat_Line5679
25,12,0,-251.96,-6.17,56.79,574.33,A2356raw4.mat_Line5680
25,12,0,-252.84,-6.097,56.8,572.45,A2356raw4.mat_Line5681
25,12,0,-256.62,-5.951,56.81,533.43,A2356raw6.mat_Line5682
25,12,0,-256.88,-5.876,56.82,531.43,A2356raw6.mat_Line5683
25,12,0,-256.72,-5.8,56.83,529.09,A2356raw6.mat_Line5684
25,12,0,-259.2,-5.796,56.84,565.58,A2356raw4.mat_Line5685
25,12,0,-258.67,-5.716,56.85,564.18,A2356raw4.mat_Line5686
25,12,0,-258.54,-5.631,56.86,562.18,A2356raw4.mat_Line5687
25,12,0,-257.69,-5.564,56.87,560.18,A2356raw4.mat_Line5688
25,12,0,-256.99,-5.491,56.88,558.16,A2356raw4.mat_Line5689
25,12,0,-263.87,-5.318,56.89,515.07,A2356raw6.mat_Line5690
25,12,0,-257.86,-5.331,56.9,553.33,A2356raw4.mat_Line5691
25,12,0,-258.62,-5.243,56.91,550.99,A2356raw4.mat_Line5692
25,12,0,-260.58,-5.173,56.92,548.02,A2356raw4.mat_Line5693
25,12,0,-261.5,-4.998,56.93,503,A2356raw6.mat_Line5694
25,12,0,-261.25,-4.915,56.94,500.2,A2356raw6.mat_Line5695
25,12,0,-265.59,-4.925,56.95,539.93,A2356raw4.mat_Line5696
25,12,0,-266.4,-4.837,56.96,537.45,A2356raw4.mat_Line5697
25,12,0,-263.9,-4.695,56.97,491.03,A2356raw6.mat_Line5698
25,12,-0,-265.55,-4.6,56.98,487.45,A2356raw6.mat_Line5699
25,12,-0,-263.43,-4.6,56.99,526.48,A2356raw4.mat_Line5700
25,12,0,-268.2,-4.443,57,480.46,A2356raw6.mat_Line5701
25,12,0,-268.19,-4.356,57.01,476.9,A2356raw6.mat_Line5702
25,12,0,-266.42,-4.295,57.02,473.04,A2356raw6.mat_Line5703
25,12,0,-265.09,-4.28,57.03,511.72,A2356raw4.mat_Line5704
25,12,-0,-267.32,-4.198,57.04,507.83,A2356raw4.mat_Line5705
25,12,0,-269.58,-4.115,57.05,503.63,A2356raw4.mat_Line5706
25,12,0,-263.13,-3.969,57.06,457.7,A2356raw6.mat_Line5707
25,12,0,-271.19,-3.956,57.07,494.63,A2356raw4.mat_Line5708
25,12,0,-266.37,-3.723,57.09,444.34,A2356raw6.mat_Line5710
25,12,0,-268.53,-3.642,57.1,439.52,A2356raw6.mat_Line5711
25,12,0,-270.43,-3.561,57.11,434.4,A2356raw6.mat_Line5712
25,12,0,-264.97,-3.572,57.12,469.69,A2356raw4.mat_Line5713
25,12,0,-265.63,-3.491,57.13,464.88,A2356raw4.mat_Line5714
25,12,0,-266.84,-3.402,57.14,459.9,A2356raw4.mat_Line5715
25,12,0,-269.17,-3.34,57.15,454.3,A2356raw4.mat_Line5716
25,12,0,-266.96,-2.931,57.19,391.76,A2356raw6.mat_Line5720
25,12,0,-268.75,-2.838,57.2,385.54,A2356raw6.mat_Line5721
25,12,-0,-270.65,-2.849,57.21,416.3,A2356raw4.mat_Line5722
25,12,0,-268.36,-2.773,57.22,409.79,A2356raw4.mat_Line5723
25,12,0,-273.77,-2.61,57.23,363.96,A2356raw6.mat_Line5724
25,12,0,-273.1,-2.531,57.24,356.98,A2356raw6.mat_Line5725
25,12,0,-272.04,-2.451,57.25,350.33,A2356raw6.mat_Line5726
25,12,0,-272.07,-2.458,57.26,383.55,A2356raw4.mat_Line5727
25,12,0,-275.36,-2.38,57.27,374.84,A2356raw4.mat_Line5728
25,12,0,-279.59,-2.215,57.29,356.5,A2356raw4.mat_Line5730
25,12,0,-269.54,-2.06,57.3,316.83,A2356raw6.mat_Line5731
25,12,0,-270.86,-1.977,57.31,308.6,A2356raw6.mat_Line5732
25,12,0,-273.33,-1.89,57.32,299.9,A2356raw6.mat_Line5733
25,12,0,-275.03,-1.81,57.33,290.27,A2356raw6.mat_Line5734
25,12,0,-276.05,-1.721,57.34,280.8,A2356raw6.mat_Line5735
25,12,0,-269.05,-1.732,57.35,310.52,A2356raw4.mat_Line5736
25,12,0,-269.71,-1.639,57.36,302.14,A2356raw4.mat_Line5737
25,12,0,-272.32,-1.556,57.37,292.98,A2356raw4.mat_Line5738
25,12,0,-268.68,-1.31,57.39,240.21,A2356raw6.mat_Line5740
25,12,0,-268.14,-1.22,57.4,232.78,A2356raw6.mat_Line5741
25,12,0,-267.68,-1.135,57.41,224.09,A2356raw6.mat_Line5742
25,12,-0,-269.19,-1.077,57.42,214.79,A2356raw6.mat_Line5743
25,12,0,-273.19,-1.082,57.43,230.14,A2356raw4.mat_Line5744
25,12,0,-269.47,-0.999,57.44,222.26,A2356raw4.mat_Line5745
25,12,0,-273.1,-0.863,57.45,181.87,A2356raw6.mat_Line5746
25,12,0,-266.13,-0.544,57.49,142.99,A2356raw6.mat_Line5750
25,12,0,-263.7,-0.46,57.5,134.31,A2356raw6.mat_Line5751
25,12,0,-263.22,-0.369,57.51,125.48,A2356raw6.mat_Line5752
25,12,0,-262.84,-0.286,57.52,116.02,A2356raw6.mat_Line5753
25,12,0,-263.4,-0.206,57.53,105.32,A2356raw6.mat_Line5754
25,12,0,-264.77,-0.129,57.54,93.83,A2356raw6.mat_Line5755
25,12,0,-267.12,-0.043,57.55,81.56,A2356raw6.mat_Line5756
25,12,0,-268.06,0.036,57.56,68.67,A2356raw6.mat_Line5757
25,12,-0,-262.21,0.182,57.59,64.59,A2356raw4.mat_Line5760
25,12,0,-260.18,0.342,57.6,25.46,A2356raw6.mat_Line5761
25,12,0,-257.32,0.424,57.61,16.01,A2356raw6.mat_Line5762
25,12,0,-255.81,0.662,57.64,-15.93,A2356raw6.mat_Line5765
25,12,0,-257.31,0.743,57.65,-28.5,A2356raw6.mat_Line5766
25,12,-0,-253.93,0.819,57.67,-34.94,A2356raw4.mat_Line5768
25,12,0,-254.06,1.233,57.71,-98.27,A2356raw6.mat_Line5772
25,12,0,-250.81,1.307,57.72,-106.94,A2356raw6.mat_Line5773
25,12,0,-249.71,1.376,57.73,-115.76,A2356raw6.mat_Line5774
25,12,-0,-262.57,1.392,57.74,-126.38,A2356raw4.mat_Line5775
25,12,-0,-260.42,1.466,57.75,-138.46,A2356raw4.mat_Line5776
25,12,-0,-255.38,1.544,57.76,-148.03,A2356raw4.mat_Line5777
25,12,0,-253.14,1.932,57.8,-198.32,A2356raw6.mat_Line5781
25,12,0,-250.34,2.018,57.81,-208.07,A2356raw6.mat_Line5782
25,12,0,-248.72,2.019,57.82,-212.19,A2356raw4.mat_Line5783
25,12,0,-251.73,2.096,57.83,-226.65,A2356raw4.mat_Line5784
25,12,0,-253.95,2.174,57.84,-240.48,A2356raw4.mat_Line5785
25,12,0,-242.36,2.36,57.85,-240.88,A2356raw6.mat_Line5786
25,12,0,-242.9,2.429,57.86,-250.96,A2356raw6.mat_Line5787
25,12,-0,-238.4,2.742,57.91,-300.17,A2356raw4.mat_Line5792
25,12,0,-240.13,2.824,57.92,-310.91,A2356raw4.mat_Line5793
25,12,0,-241.06,2.967,57.93,-318.73,A2356raw6.mat_Line5794
25,12,0,-237.83,3.041,57.94,-324.28,A2356raw6.mat_Line5795
25,12,0,-236.59,3.13,57.95,-330.16,A2356raw6.mat_Line5796
25,12,0,-238.38,3.303,57.98,-367.06,A2356raw4.mat_Line5799
25,12,0,-234.34,3.381,57.99,-370.26,A2356raw4.mat_Line5800
25,12,0,-236.76,3.55,58,-372.07,A2356raw6.mat_Line5801
25,12,0,-228.78,3.545,58.01,-378.88,A2356raw4.mat_Line5802
25,12,0,-236.27,3.707,58.02,-386.33,A2356raw6.mat_Line5803
25,12,0,-234.26,3.78,58.03,-391.59,A2356raw6.mat_Line5804
25,12,0,-231.97,3.868,58.04,-395.29,A2356raw6.mat_Line5805
25,12,0,-234.35,3.859,58.05,-413.25,A2356raw4.mat_Line5806
25,12,0,-236.91,3.945,58.06,-420.71,A2356raw4.mat_Line5807
25,12,0,-238.33,4.028,58.07,-426.44,A2356raw4.mat_Line5808
25,12,0,-234.08,4.181,58.09,-433.05,A2356raw4.mat_Line5810
25,12,-0,-230.34,4.263,58.1,-434.87,A2356raw4.mat_Line5811
25,12,-0,-233.16,4.412,58.11,-432.8,A2356raw6.mat_Line5812
25,12,0,-234.13,4.493,58.12,-439.01,A2356raw6.mat_Line5813
25,12,0,-234.52,4.583,58.13,-444.14,A2356raw6.mat_Line5814
25,12,0,-226.38,4.586,58.14,-451.17,A2356raw4.mat_Line5815
25,12,0,-229.59,4.666,58.15,-458.48,A2356raw4.mat_Line5816
25,12,0,-232.85,4.735,58.16,-466.26,A2356raw4.mat_Line5817
25,12,-0,-226.63,4.9,58.17,-452.91,A2356raw6.mat_Line5818
25,12,0,-227.49,5.06,58.19,-459.45,A2356raw6.mat_Line5820
25,12,0,-229.02,5.156,58.2,-464.58,A2356raw6.mat_Line5821
25,12,0,-232.02,5.231,58.21,-470.63,A2356raw6.mat_Line5822
25,12,0,-227.38,5.236,58.22,-487.47,A2356raw4.mat_Line5823
25,12,-0,-225.22,5.307,58.23,-488.53,A2356raw4.mat_Line5824
25,12,0,-225.47,5.39,58.24,-491.48,A2356raw4.mat_Line5825
25,12,0,-237.04,5.547,58.25,-490.67,A2356raw6.mat_Line5826
25,12,0,-234.85,5.629,58.26,-491.59,A2356raw6.mat_Line5827
25,12,0,-231.52,5.713,58.27,-491.72,A2356raw6.mat_Line5828
25,12,0,-238.22,5.71,58.28,-519.95,A2356raw4.mat_Line5829
25,12,0,-228.25,5.881,58.29,-492.62,A2356raw6.mat_Line5830
25,12,0,-239.93,5.869,58.3,-530.34,A2356raw4.mat_Line5831
25,12,0,-237.49,5.961,58.31,-531.88,A2356raw4.mat_Line5832
25,12,0,-233.34,6.111,58.32,-505.22,A2356raw6.mat_Line5833
25,12,0,-229.16,6.113,58.33,-530.6,A2356raw4.mat_Line5834
25,12,0,-226.55,6.201,58.34,-529.96,A2356raw4.mat_Line5835
25,12,0,-239.12,6.35,58.35,-521.09,A2356raw6.mat_Line5836
25,12,-0,-228.13,6.352,58.36,-535.98,A2356raw4.mat_Line5837
25,12,0,-231.22,6.429,58.37,-542.21,A2356raw4.mat_Line5838
25,12,0,-234.62,6.509,58.38,-549.68,A2356raw4.mat_Line5839
25,12,0,-238.4,6.594,58.39,-557.18,A2356raw4.mat_Line5840
25,12,0,-240.55,6.667,58.4,-563.54,A2356raw4.mat_Line5841
25,12,0,-229.81,6.824,58.41,-523.8,A2356raw6.mat_Line5842
25,12,0,-230.85,6.903,58.42,-527.22,A2356raw6.mat_Line5843
25,12,0,-232.99,6.993,58.43,-532.04,A2356raw6.mat_Line5844
25,12,0,-232.04,6.989,58.44,-561.48,A2356raw4.mat_Line5845
25,12,-0,-229.35,7.065,58.45,-558.81,A2356raw4.mat_Line5846
25,12,0,-240.02,7.227,58.46,-548.22,A2356raw6.mat_Line5847
25,12,0,-229.3,7.231,58.47,-561.73,A2356raw4.mat_Line5848
25,12,0,-231.63,7.308,58.48,-567.33,A2356raw4.mat_Line5849
25,12,-0,-235.49,7.396,58.49,-574.95,A2356raw4.mat_Line5850
25,12,0,-238.88,7.477,58.5,-581.66,A2356raw4.mat_Line5851
25,12,0,-242.37,7.559,58.51,-587.89,A2356raw4.mat_Line5852
25,12,0,-230.42,7.716,58.52,-546.9,A2356raw6.mat_Line5853
25,12,0,-231.28,7.801,58.53,-549.08,A2356raw6.mat_Line5854
25,12,0,-240.76,7.785,58.54,-587.75,A2356raw4.mat_Line5855
25,12,0,-236.16,7.874,58.55,-582.59,A2356raw4.mat_Line5856
25,12,0,-233.35,7.955,58.56,-578.38,A2356raw4.mat_Line5857
25,12,0,-231.41,8.033,58.57,-576.63,A2356raw4.mat_Line5858
25,12,0,-231.52,8.106,58.58,-578.64,A2356raw4.mat_Line5859
25,12,0,-233.36,8.197,58.59,-583.79,A2356raw4.mat_Line5860
25,12,0,-236.53,8.279,58.6,-590.32,A2356raw4.mat_Line5861
25,12,0,-237.5,8.439,58.61,-563.71,A2356raw6.mat_Line5862
25,12,0,-235.17,8.51,58.62,-560.9,A2356raw6.mat_Line5863
25,12,0,-247.45,8.52,58.63,-605.31,A2356raw4.mat_Line5864
25,12,0,-247.37,8.584,58.64,-603.6,A2356raw4.mat_Line5865
25,12,0,-245.6,8.666,58.65,-598.93,A2356raw4.mat_Line5866
25,12,-0,-241.93,8.749,58.66,-592.38,A2356raw4.mat_Line5867
25,12,0,-240.56,8.908,58.67,-573.51,A2356raw6.mat_Line5868
25,12,0,-235.96,8.905,58.68,-584.26,A2356raw4.mat_Line5869
25,12,0,-235.13,8.991,58.69,-585.03,A2356raw4.mat_Line5870
25,12,0,-236.61,9.078,58.7,-589.37,A2356raw4.mat_Line5871
25,12,0,-244.8,9.23,58.71,-577.09,A2356raw6.mat_Line5872
25,12,0,-238.93,9.396,58.73,-568.52,A2356raw6.mat_Line5874
25,12,0,-250.33,9.397,58.74,-610.45,A2356raw4.mat_Line5875
25,12,0,-236.58,9.548,58.75,-566.32,A2356raw6.mat_Line5876
25,12,-0,-237.58,9.634,58.76,-568.33,A2356raw6.mat_Line5877
25,12,0,-240.25,9.714,58.77,-572.23,A2356raw6.mat_Line5878
25,12,0,-243.49,9.722,58.78,-588.95,A2356raw4.mat_Line5879
25,12,0,-239.98,9.795,58.79,-585.36,A2356raw4.mat_Line5880
25,12,0,-239.14,9.876,58.8,-585.81,A2356raw4.mat_Line5881
25,12,0,-249.5,10.037,58.81,-585.19,A2356raw6.mat_Line5882
25,12,-0,-249.14,10.109,58.82,-582.38,A2356raw6.mat_Line5883
25,12,0,-245.32,10.106,58.83,-602.17,A2356raw4.mat_Line5884
25,12,0,-249.2,10.198,58.84,-607.48,A2356raw4.mat_Line5885
25,12,0,-252.13,10.274,58.85,-610.15,A2356raw4.mat_Line5886
25,12,0,-253.5,10.345,58.86,-608.75,A2356raw4.mat_Line5887
25,12,0,-253.56,10.435,58.87,-602.99,A2356raw4.mat_Line5888
25,12,0,-251.11,10.507,58.88,-595.37,A2356raw4.mat_Line5889
25,12,-0,-248.27,10.589,58.89,-588.35,A2356raw4.mat_Line5890
25,12,-0,-245.23,10.662,58.9,-584.76,A2356raw4.mat_Line5891
25,12,0,-243.3,10.75,58.91,-584.75,A2356raw4.mat_Line5892
25,12,0,-243.47,10.826,58.92,-588.17,A2356raw4.mat_Line5893
25,12,0,-244.85,10.921,58.93,-593,A2356raw4.mat_Line5894
25,12,0,-250.86,11.067,58.94,-580.83,A2356raw6.mat_Line5895
25,12,0,-248.09,11.161,58.95,-575.21,A2356raw6.mat_Line5896
25,12,0,-245.27,11.231,58.96,-572.09,A2356raw6.mat_Line5897
25,12,0,-243.6,11.313,58.97,-570.99,A2356raw6.mat_Line5898
25,12,0,-255.91,11.315,58.98,-598.97,A2356raw4.mat_Line5899
25,12,0,-243.95,11.476,58.99,-576.14,A2356raw6.mat_Line5900
25,12,0,-252.06,11.476,59,-584.65,A2356raw4.mat_Line5901
25,12,0,-249.34,11.561,59.01,-580.59,A2356raw4.mat_Line5902
25,12,0,-247.41,11.621,59.02,-579.96,A2356raw4.mat_Line5903
25,12,0,-246.81,11.703,59.03,-582.74,A2356raw4.mat_Line5904
25,12,0,-247.5,11.756,59.04,-588.04,A2356raw4.mat_Line5905
25,12,0,-248.87,11.796,59.05,-594.11,A2356raw4.mat_Line5906
25,12,0,-249.21,11.894,59.06,-579.87,A2356raw6.mat_Line5907
25,12,0,-253.17,11.9,59.07,-598.95,A2356raw4.mat_Line5908
25,12,0,-255.46,11.922,59.08,-596.14,A2356raw4.mat_Line5909
25,12,0,-255.09,11.955,59.09,-590.06,A2356raw4.mat_Line5910
25,12,0,-253.95,11.972,59.1,-584.13,A2356raw4.mat_Line5911
25,12,0,-244.26,12.005,59.11,-577.62,A2356raw6.mat_Line5912
25,12,0,-249.07,12.003,59.12,-586.07,A2356raw6.mat_Line5913
25,12,0,-248.97,12.002,59.13,-585.55,A2356raw4.mat_Line5914
25,12,0,-249.61,12.01,59.14,-593.98,A2356raw4.mat_Line5915
25,12,0,-251.38,12.009,59.15,-602.41,A2356raw4.mat_Line5916
25,12,0,-253.57,12.01,59.16,-608.66,A2356raw4.mat_Line5917
25,12,-0,-255.54,11.979,59.17,-596.88,A2356raw6.mat_Line5918
25,12,0,-255.83,11.988,59.18,-605.36,A2356raw4.mat_Line5919
25,12,0,-255.74,11.969,59.19,-595.84,A2356raw4.mat_Line5920
25,12,0,-238.58,11.955,59.2,-558.6,A2356raw6.mat_Line5921
25,12,0,-250.86,11.939,59.21,-573.99,A2356raw4.mat_Line5922
25,12,0,-248.05,11.929,59.22,-568.53,A2356raw4.mat_Line5923
25,12,0,-247.29,11.913,59.23,-569.79,A2356raw4.mat_Line5924
25,12,0,-247.31,11.917,59.24,-577.61,A2356raw4.mat_Line5925
25,12,0,-256.38,11.912,59.25,-601.78,A2356raw6.mat_Line5926
25,12,0,-259.29,11.897,59.26,-608.97,A2356raw6.mat_Line5927
25,12,0,-251.25,11.907,59.27,-607.78,A2356raw4.mat_Line5928
25,12,0,-252.55,11.887,59.28,-608.56,A2356raw4.mat_Line5929
25,12,0,-253.44,11.883,59.29,-604.01,A2356raw4.mat_Line5930
25,12,0,-253.91,11.879,59.3,-595.87,A2356raw4.mat_Line5931
25,12,0,-254,11.863,59.31,-586.48,A2356raw4.mat_Line5932
25,12,0,-252.85,11.826,59.32,-578.5,A2356raw4.mat_Line5933
25,12,0,-239.93,11.756,59.33,-559.21,A2356raw6.mat_Line5934
25,12,-0,-248.67,11.756,59.34,-568.03,A2356raw4.mat_Line5935
25,12,0,-245.35,11.701,59.35,-568.98,A2356raw4.mat_Line5936
25,12,0,-245.05,11.658,59.36,-576.17,A2356raw4.mat_Line5937
25,12,0,-245.65,11.589,59.37,-587.41,A2356raw4.mat_Line5938
25,12,-0,-249.09,11.529,59.38,-599.43,A2356raw4.mat_Line5939
25,12,-0,-252.8,11.442,59.39,-608.48,A2356raw4.mat_Line5940
25,12,-0,-260.82,11.286,59.4,-606.11,A2356raw6.mat_Line5941
25,12,0,-256.29,11.193,59.41,-597.7,A2356raw6.mat_Line5942
25,12,0,-250.28,11.075,59.42,-586.3,A2356raw6.mat_Line5943
25,12,0,-257.35,11.08,59.43,-600.38,A2356raw4.mat_Line5944
25,12,0,-253.64,10.979,59.44,-587.11,A2356raw4.mat_Line5945
25,12,0,-248.72,10.881,59.45,-573.23,A2356raw4.mat_Line5946
25,12,0,-244.24,10.776,59.46,-564.33,A2356raw4.mat_Line5947
25,12,0,-246.99,10.589,59.47,-563.82,A2356raw6.mat_Line5948
25,12,0,-241.32,10.567,59.48,-568.7,A2356raw4.mat_Line5949
25,12,0,-244.89,10.491,59.49,-580.12,A2356raw4.mat_Line5950
25,12,0,-260.65,10.331,59.5,-599.01,A2356raw6.mat_Line5951
25,12,0,-259.56,10.258,59.51,-601.86,A2356raw6.mat_Line5952
25,12,0,-256.87,10.261,59.52,-610.93,A2356raw4.mat_Line5953
25,12,0,-258.23,10.199,59.53,-611.4,A2356raw4.mat_Line5954
25,12,0,-258.28,10.128,59.54,-605.76,A2356raw4.mat_Line5955
25,12,0,-256.08,10.07,59.55,-595.75,A2356raw4.mat_Line5956
25,12,0,-252.03,10.01,59.56,-584.18,A2356raw4.mat_Line5957
25,12,0,-245.27,9.873,59.57,-560.39,A2356raw6.mat_Line5958
25,12,0,-242.08,9.741,59.6,-581.16,A2356raw4.mat_Line5961
25,12,0,-244.88,9.669,59.61,-587.25,A2356raw4.mat_Line5962
25,12,0,-247.62,9.603,59.62,-592.55,A2356raw4.mat_Line5963
25,12,0,-251.38,9.522,59.63,-596.31,A2356raw4.mat_Line5964
25,12,0,-253.32,9.445,59.64,-598.81,A2356raw4.mat_Line5965
25,12,0,-255.39,9.364,59.65,-600.22,A2356raw4.mat_Line5966
25,12,0,-256.11,9.273,59.66,-599.75,A2356raw4.mat_Line5967
25,12,0,-254.48,9.195,59.67,-598.2,A2356raw4.mat_Line5968
25,12,0,-252.66,9.104,59.68,-595.39,A2356raw4.mat_Line5969
25,12,-0,-249.05,9.011,59.69,-591.95,A2356raw4.mat_Line5970
25,12,0,-245.61,8.918,59.7,-587.9,A2356raw4.mat_Line5971
25,12,-0,-243.28,8.823,59.71,-583.67,A2356raw4.mat_Line5972
25,12,0,-255.24,8.654,59.72,-574.83,A2356raw6.mat_Line5973
25,12,0,-254.86,8.555,59.73,-574.52,A2356raw6.mat_Line5974
25,12,0,-246.94,8.557,59.74,-585.26,A2356raw4.mat_Line5975
25,12,0,-251.19,8.461,59.75,-591.2,A2356raw4.mat_Line5976
25,12,0,-255.99,8.379,59.76,-596.67,A2356raw4.mat_Line5977
25,12,-0,-258.36,8.292,59.77,-600.11,A2356raw4.mat_Line5978
25,12,0,-257.91,8.215,59.78,-599.2,A2356raw4.mat_Line5979
25,12,0,-252.18,8.051,59.79,-565.53,A2356raw6.mat_Line5980
25,12,0,-253.11,7.991,59.8,-565.85,A2356raw6.mat_Line5981
25,12,0,-254.53,7.912,59.81,-566.95,A2356raw6.mat_Line5982
25,12,0,-245.34,7.924,59.82,-579.24,A2356raw4.mat_Line5983
25,12,-0,-245.4,7.845,59.83,-578.58,A2356raw4.mat_Line5984
25,12,0,-248.11,7.801,59.84,-580.92,A2356raw4.mat_Line5985
25,12,0,-250.82,7.718,59.85,-584.83,A2356raw4.mat_Line5986
25,12,0,-254.21,7.655,59.86,-588.89,A2356raw4.mat_Line5987
25,12,0,-252.97,7.502,59.87,-560.39,A2356raw6.mat_Line5988
25,12,0,-251.93,7.431,59.88,-556.33,A2356raw6.mat_Line5989
25,12,0,-251.06,7.338,59.89,-554.16,A2356raw6.mat_Line5990
25,12,0,-255.06,7.345,59.9,-587.05,A2356raw4.mat_Line5991
25,12,0,-251.5,7.271,59.91,-582.37,A2356raw4.mat_Line5992
25,12,0,-248.46,7.204,59.92,-578.62,A2356raw4.mat_Line5993
25,12,0,-247.7,7.112,59.93,-576.74,A2356raw4.mat_Line5994
25,12,0,-261.15,6.945,59.94,-562.94,A2356raw6.mat_Line5995
25,12,0,-250.48,6.955,59.95,-577.52,A2356raw4.mat_Line5996
25,12,0,-257.17,6.695,59.97,-553.44,A2356raw6.mat_Line5998
25,12,0,-258.14,6.695,59.98,-583.81,A2356raw4.mat_Line5999
25,12,0,-253.09,6.519,59.99,-543.02,A2356raw6.mat_Line6000
25,12,0,-259.85,6.515,60,-582.91,A2356raw4.mat_Line6001
25,12,0,-258.48,6.433,60.01,-578.87,A2356raw4.mat_Line6002
25,12,0,-256.01,6.337,60.02,-573.89,A2356raw4.mat_Line6003
25,12,0,-259.3,6.177,60.03,-540.46,A2356raw6.mat_Line6004
25,12,-0,-261.73,6.093,60.04,-540.94,A2356raw6.mat_Line6005
25,12,0,-252.5,6.085,60.05,-560.81,A2356raw4.mat_Line6006
25,12,0,-253.99,6,60.06,-559.57,A2356raw4.mat_Line6007
25,12,0,-255.95,5.929,60.07,-559.76,A2356raw4.mat_Line6008
25,12,0,-259.38,5.853,60.08,-561.34,A2356raw4.mat_Line6009
25,12,0,-262.68,5.775,60.09,-562.77,A2356raw4.mat_Line6010
25,12,0,-258.41,5.541,60.11,-517.19,A2356raw6.mat_Line6012
25,12,0,-259.68,5.474,60.12,-514.09,A2356raw6.mat_Line6013
25,12,0,-262.98,5.484,60.13,-551.75,A2356raw4.mat_Line6014
25,12,0,-259.68,5.401,60.14,-544.58,A2356raw4.mat_Line6015
25,12,-0,-257.91,5.318,60.15,-538.5,A2356raw4.mat_Line6016
25,12,0,-256.78,5.248,60.16,-534.63,A2356raw4.mat_Line6017
25,12,0,-257.28,5.162,60.17,-532.46,A2356raw4.mat_Line6018
25,12,0,-267.56,4.933,60.19,-500.65,A2356raw6.mat_Line6020
25,12,0,-267.23,4.934,60.2,-532.57,A2356raw4.mat_Line6021
25,12,0,-270.6,4.845,60.21,-531.65,A2356raw4.mat_Line6022
25,12,0,-271.85,4.765,60.22,-528.86,A2356raw4.mat_Line6023
25,12,0,-271.34,4.694,60.23,-524.34,A2356raw4.mat_Line6024
25,12,0,-268.02,4.612,60.24,-517.96,A2356raw4.mat_Line6025
25,12,0,-264.24,4.44,60.25,-474.74,A2356raw6.mat_Line6026
25,12,0,-266.6,4.362,60.26,-471.95,A2356raw6.mat_Line6027
25,12,0,-260.29,4.288,60.28,-496.68,A2356raw4.mat_Line6029
25,12,0,-262.27,4.21,60.29,-493.43,A2356raw4.mat_Line6030
25,12,0,-265.96,4.125,60.3,-490.66,A2356raw4.mat_Line6031
25,12,0,-269.68,4.052,60.31,-488.2,A2356raw4.mat_Line6032
25,12,0,-272.61,3.972,60.32,-485.13,A2356raw4.mat_Line6033
25,12,0,-262.82,3.812,60.33,-443.87,A2356raw6.mat_Line6034
25,12,0,-261.6,3.736,60.34,-438.75,A2356raw6.mat_Line6035
25,12,0,-263.09,3.581,60.36,-429.62,A2356raw6.mat_Line6037
25,12,0,-263.49,3.567,60.37,-456.23,A2356raw4.mat_Line6038
25,12,0,-263.08,3.333,60.4,-436.52,A2356raw4.mat_Line6041
25,12,0,-270.41,3.172,60.41,-408.87,A2356raw6.mat_Line6042
25,12,-0,-268.5,3.086,60.42,-402.81,A2356raw6.mat_Line6043
25,12,0,-265.2,3.006,60.43,-395.66,A2356raw6.mat_Line6044
25,12,0,-263.15,2.924,60.44,-388.21,A2356raw6.mat_Line6045
25,12,0,-275.09,2.934,60.45,-414.59,A2356raw4.mat_Line6046
25,12,0,-272.42,2.854,60.46,-407.91,A2356raw4.mat_Line6047
25,12,0,-268.41,2.769,60.47,-399.51,A2356raw4.mat_Line6048
25,12,0,-270.63,2.469,60.5,-348.69,A2356raw6.mat_Line6051
25,12,0,-265.25,2.386,60.52,-355.88,A2356raw4.mat_Line6053
25,12,0,-269.16,2.304,60.53,-350.32,A2356raw4.mat_Line6054
25,12,0,-272.65,2.207,60.54,-345.55,A2356raw4.mat_Line6055
25,12,0,-275.17,2.128,60.55,-340.77,A2356raw4.mat_Line6056
25,12,0,-263.11,1.963,60.56,-303.99,A2356raw6.mat_Line6057
25,12,0,-262.62,1.889,60.57,-294.37,A2356raw6.mat_Line6058
25,12,0,-264.99,1.642,60.6,-270.5,A2356raw6.mat_Line6061
25,12,-0,-266.9,1.574,60.61,-264.3,A2356raw6.mat_Line6062
25,12,0,-260.57,1.574,60.62,-273.19,A2356raw4.mat_Line6063
25,12,0,-262.08,1.491,60.63,-264.36,A2356raw4.mat_Line6064
25,12,0,-267.71,1.347,60.64,-243.23,A2356raw6.mat_Line6065
25,12,0,-261.13,1.17,60.66,-223.8,A2356raw6.mat_Line6067
25,12,0,-266.45,1.01,60.69,-218.35,A2356raw4.mat_Line6070
25,12,-0,-261.55,0.927,60.7,-206.05,A2356raw4.mat_Line6071
25,12,-0,-256.73,0.838,60.71,-192.67,A2356raw4.mat_Line6072
25,12,0,-259.64,0.679,60.72,-166.55,A2356raw6.mat_Line6073
25,12,0,-261.4,0.601,60.73,-159.29,A2356raw6.mat_Line6074
25,12,0,-262,0.517,60.74,-151.68,A2356raw6.mat_Line6075
25,12,0,-260.66,0.445,60.75,-143,A2356raw6.mat_Line6076
25,12,0,-254.67,0.299,60.77,-120.77,A2356raw6.mat_Line6078
25,12,0,-265.38,0.291,60.78,-127.46,A2356raw4.mat_Line6079
25,12,0,-263.62,0.218,60.79,-117.52,A2356raw4.mat_Line6080
25,12,-0,-258.64,0.129,60.8,-106.01,A2356raw4.mat_Line6081
25,12,0,-246.86,-0.01,60.81,-75.11,A2356raw6.mat_Line6082
25,12,0,-248.1,-0.084,60.82,-66.12,A2356raw6.mat_Line6083
25,12,0,-251.64,-0.255,60.84,-49.09,A2356raw6.mat_Line6085
25,12,0,-248.13,-0.349,60.86,-31.76,A2356raw4.mat_Line6087
25,12,0,-250.84,-0.429,60.87,-22.8,A2356raw4.mat_Line6088
25,12,0,-253.83,-0.527,60.88,-14.14,A2356raw4.mat_Line6089
25,12,0,-239.36,-0.836,60.91,33.85,A2356raw6.mat_Line6092
25,12,-0,-239.68,-0.913,60.92,45.17,A2356raw6.mat_Line6093
25,12,0,-239.95,-0.992,60.93,55.07,A2356raw6.mat_Line6094
25,12,-0,-237.36,-0.991,60.94,64.66,A2356raw4.mat_Line6095
25,12,0,-236.23,-1.058,60.95,77.69,A2356raw4.mat_Line6096
25,12,0,-241.82,-1.217,60.96,85.9,A2356raw6.mat_Line6097
25,12,0,-240.6,-1.291,60.97,97.71,A2356raw6.mat_Line6098
25,12,0,-240.65,-1.541,61.01,143.82,A2356raw4.mat_Line6102
25,12,0,-237.1,-1.632,61.02,157.83,A2356raw4.mat_Line6103
25,12,0,-232.77,-1.708,61.03,172.16,A2356raw4.mat_Line6104
25,12,0,-227.76,-1.87,61.04,181.58,A2356raw6.mat_Line6105
25,12,0,-228.21,-1.941,61.05,191.19,A2356raw6.mat_Line6106
25,12,0,-229.21,-2.026,61.06,200.63,A2356raw6.mat_Line6107
25,12,0,-229.18,-2.113,61.07,210.56,A2356raw6.mat_Line6108
25,12,0,-226.16,-2.103,61.08,229.87,A2356raw4.mat_Line6109
25,12,0,-228.09,-2.182,61.09,239.02,A2356raw4.mat_Line6110
25,12,0,-230.05,-2.265,61.1,248.29,A2356raw4.mat_Line6111
25,12,0,-221.17,-2.513,61.12,264.49,A2356raw6.mat_Line6113
25,12,0,-219.55,-2.66,61.14,281.38,A2356raw6.mat_Line6115
25,12,-0,-220.3,-2.75,61.15,288.82,A2356raw6.mat_Line6116
25,12,0,-219.54,-2.753,61.16,310.92,A2356raw4.mat_Line6117
25,12,0,-217.98,-2.831,61.17,319.77,A2356raw4.mat_Line6118
25,12,0,-217.76,-2.909,61.18,327.97,A2356raw4.mat_Line6119
25,12,0,-219.21,-2.975,61.19,335.4,A2356raw4.mat_Line6120
25,12,0,-221.81,-3.216,61.21,337.83,A2356raw6.mat_Line6122
25,12,0,-219.36,-3.3,61.22,345.6,A2356raw6.mat_Line6123
25,12,0,-218.21,-3.38,61.23,352.74,A2356raw6.mat_Line6124
25,12,0,-227.13,-3.38,61.24,371.34,A2356raw4.mat_Line6125
25,12,0,-224.59,-3.459,61.25,378.96,A2356raw4.mat_Line6126
25,12,0,-220.34,-3.541,61.26,387.03,A2356raw4.mat_Line6127
25,12,-0,-220.58,-3.705,61.27,378.15,A2356raw6.mat_Line6128
25,12,0,-224.7,-3.864,61.29,389.76,A2356raw6.mat_Line6130
25,12,0,-225.98,-3.939,61.3,395.47,A2356raw6.mat_Line6131
25,12,0,-226.29,-4.025,61.31,401.53,A2356raw6.mat_Line6132
25,12,0,-225.89,-4.013,61.32,423.31,A2356raw4.mat_Line6133
25,12,0,-228.69,-4.101,61.33,427.62,A2356raw4.mat_Line6134
25,12,0,-229.83,-4.171,61.34,432.57,A2356raw4.mat_Line6135
25,12,0,-229.12,-4.261,61.35,437.99,A2356raw4.mat_Line6136
25,12,0,-220.43,-4.417,61.36,430.26,A2356raw6.mat_Line6137
25,12,0,-223.37,-4.579,61.38,438.77,A2356raw6.mat_Line6139
25,12,0,-218.59,-4.576,61.39,464.14,A2356raw4.mat_Line6140
25,12,0,-218.96,-4.649,61.4,469.87,A2356raw4.mat_Line6141
25,12,0,-229.72,-4.812,61.41,449.42,A2356raw6.mat_Line6142
25,12,-0,-223.65,-4.819,61.42,475.74,A2356raw4.mat_Line6143
25,12,-0,-227.53,-4.9,61.43,477.41,A2356raw4.mat_Line6144
25,12,0,-231.11,-4.977,61.44,479.55,A2356raw4.mat_Line6145
25,12,0,-225.3,-5.143,61.45,465.1,A2356raw6.mat_Line6146
25,12,0,-232.35,-5.133,61.46,486.5,A2356raw4.mat_Line6147
25,12,-0,-224,-5.299,61.47,473.66,A2356raw6.mat_Line6148
25,12,0,-226.22,-5.289,61.48,496.02,A2356raw4.mat_Line6149
25,12,0,-222.69,-5.381,61.49,501.78,A2356raw4.mat_Line6150
25,12,0,-228.75,-5.535,61.5,482.3,A2356raw6.mat_Line6151
25,12,0,-230.69,-5.614,61.51,484.14,A2356raw6.mat_Line6152
25,12,0,-222.61,-5.624,61.52,514.83,A2356raw4.mat_Line6153
25,12,0,-225.32,-5.701,61.53,516.34,A2356raw4.mat_Line6154
25,12,0,-228.85,-5.782,61.54,516.94,A2356raw4.mat_Line6155
25,12,0,-231.81,-5.87,61.55,517.84,A2356raw4.mat_Line6156
25,12,0,-233.95,-5.941,61.56,519.35,A2356raw4.mat_Line6157
25,12,-0,-234.06,-6.032,61.57,522.16,A2356raw4.mat_Line6158
25,12,0,-226.68,-6.19,61.58,503.25,A2356raw6.mat_Line6159
25,12,0,-227.95,-6.347,61.6,509.74,A2356raw6.mat_Line6161
25,12,0,-223.09,-6.339,61.61,539.63,A2356raw4.mat_Line6162
25,12,0,-230.69,-6.51,61.62,512.82,A2356raw6.mat_Line6163
25,12,0,-223.56,-6.51,61.63,547.24,A2356raw4.mat_Line6164
25,12,0,-225.23,-6.576,61.64,548.45,A2356raw4.mat_Line6165
25,12,0,-227.92,-6.657,61.65,547.62,A2356raw4.mat_Line6166
25,12,0,-231.73,-6.74,61.66,547.62,A2356raw4.mat_Line6167
25,12,0,-230.78,-6.906,61.67,520.26,A2356raw6.mat_Line6168
25,12,0,-235.21,-6.893,61.68,549.29,A2356raw4.mat_Line6169
25,12,0,-233.87,-6.983,61.69,551.62,A2356raw4.mat_Line6170
25,12,0,-230.88,-7.066,61.7,554.92,A2356raw4.mat_Line6171
25,12,0,-227.74,-7.151,61.71,559.29,A2356raw4.mat_Line6172
25,12,0,-224.78,-7.215,61.72,563.82,A2356raw4.mat_Line6173
25,12,0,-224.1,-7.299,61.73,568.48,A2356raw4.mat_Line6174
25,12,0,-223.9,-7.375,61.74,571.42,A2356raw4.mat_Line6175
25,12,0,-228.32,-7.54,61.76,570.58,A2356raw4.mat_Line6177
25,12,0,-231.91,-7.619,61.77,569.15,A2356raw4.mat_Line6178
25,12,0,-234.76,-7.706,61.78,568.19,A2356raw4.mat_Line6179
25,12,0,-236.54,-7.782,61.79,568.8,A2356raw4.mat_Line6180
25,12,0,-235.79,-7.855,61.8,569.89,A2356raw4.mat_Line6181
25,12,0,-233.63,-7.947,61.81,572.41,A2356raw4.mat_Line6182
25,12,0,-230.86,-8.014,61.82,575.7,A2356raw4.mat_Line6183
25,12,0,-228.3,-8.11,61.83,579.76,A2356raw4.mat_Line6184
25,12,0,-231.49,-8.267,61.84,552.79,A2356raw6.mat_Line6185
25,12,0,-227.12,-8.272,61.85,585.96,A2356raw4.mat_Line6186
25,12,0,-228.27,-8.345,61.86,586.25,A2356raw4.mat_Line6187
25,12,0,-231.11,-8.435,61.87,584.53,A2356raw4.mat_Line6188
25,12,0,-233.69,-8.504,61.88,582.31,A2356raw4.mat_Line6189
25,12,0,-236.73,-8.59,61.89,580.9,A2356raw4.mat_Line6190
25,12,0,-238.91,-8.674,61.9,580.72,A2356raw4.mat_Line6191
25,12,0,-238.92,-8.744,61.91,581.19,A2356raw4.mat_Line6192
25,12,0,-232.74,-8.91,61.92,558.09,A2356raw6.mat_Line6193
25,12,0,-235.45,-8.903,61.93,585.12,A2356raw4.mat_Line6194
25,12,0,-233.39,-8.989,61.94,587.95,A2356raw4.mat_Line6195
25,12,0,-231.29,-9.069,61.95,591.21,A2356raw4.mat_Line6196
25,12,0,-231.41,-9.144,61.96,593.38,A2356raw4.mat_Line6197
25,12,0,-231.6,-9.232,61.97,593.51,A2356raw4.mat_Line6198
25,12,0,-233.71,-9.308,61.98,591.94,A2356raw4.mat_Line6199
25,12,0,-240.44,-9.479,61.99,558.95,A2356raw6.mat_Line6200
25,12,0,-241.67,-9.536,62.01,587.51,A2356raw4.mat_Line6202
25,12,0,-242.87,-9.632,62.02,587.06,A2356raw4.mat_Line6203
25,12,0,-242.2,-9.712,62.03,587.39,A2356raw4.mat_Line6204
25,12,0,-240.17,-9.791,62.04,587.87,A2356raw4.mat_Line6205
25,12,0,-237.82,-9.868,62.05,589.6,A2356raw4.mat_Line6206
25,12,0,-236.41,-10.026,62.06,565.63,A2356raw6.mat_Line6207
25,12,0,-238.12,-10.109,62.07,566.09,A2356raw6.mat_Line6208
25,12,0,-239.74,-10.187,62.08,565.92,A2356raw6.mat_Line6209
25,12,0,-237.23,-10.182,62.09,593.77,A2356raw4.mat_Line6210
25,12,0,-238.5,-10.265,62.1,592.03,A2356raw4.mat_Line6211
25,12,0,-240.37,-10.358,62.11,590.47,A2356raw4.mat_Line6212
25,12,0,-242.67,-10.429,62.12,589.06,A2356raw4.mat_Line6213
25,12,0,-244.11,-10.518,62.13,588.28,A2356raw4.mat_Line6214
25,12,0,-244.08,-10.597,62.14,587.99,A2356raw4.mat_Line6215
25,12,0,-243.26,-10.67,62.15,588,A2356raw4.mat_Line6216
25,12,0,-242.34,-10.75,62.16,588.19,A2356raw4.mat_Line6217
25,12,0,-240.57,-10.833,62.17,588.96,A2356raw4.mat_Line6218
25,12,0,-239.69,-10.908,62.18,590.05,A2356raw4.mat_Line6219
25,12,0,-239.49,-10.986,62.19,590.97,A2356raw4.mat_Line6220
25,12,0,-239.38,-11.069,62.2,591.26,A2356raw4.mat_Line6221
25,12,0,-240.54,-11.14,62.21,590.93,A2356raw4.mat_Line6222
25,12,0,-241.79,-11.224,62.22,590.46,A2356raw4.mat_Line6223
25,12,0,-245.44,-11.374,62.24,590.13,A2356raw4.mat_Line6225
25,12,0,-246.43,-11.525,62.26,588.3,A2356raw4.mat_Line6227
25,12,0,-245.73,-11.609,62.27,587.37,A2356raw4.mat_Line6228
25,12,0,-245.03,-11.662,62.28,586.76,A2356raw4.mat_Line6229
25,12,0,-242.3,-11.798,62.29,572.1,A2356raw6.mat_Line6230
25,12,0,-242.77,-11.847,62.3,572.7,A2356raw6.mat_Line6231
25,12,0,-242.32,-11.841,62.31,589.67,A2356raw4.mat_Line6232
25,12,0,-242.13,-11.896,62.32,590.73,A2356raw4.mat_Line6233
25,12,0,-243.07,-11.926,62.33,592.28,A2356raw4.mat_Line6234
25,12,0,-244.03,-11.956,62.34,593.83,A2356raw4.mat_Line6235
25,12,0,-244.96,-11.979,62.35,594.6,A2356raw4.mat_Line6236
25,12,0,-246.47,-11.989,62.36,594.13,A2356raw4.mat_Line6237
25,12,0,-242.56,-12.004,62.37,572.23,A2356raw6.mat_Line6238
25,12,0,-246.04,-12.002,62.38,590.25,A2356raw4.mat_Line6239
25,12,0,-243.7,-11.992,62.39,573.31,A2356raw6.mat_Line6240
25,12,0,-244.75,-11.993,62.4,588.42,A2356raw4.mat_Line6241
25,12,0,-243.83,-11.973,62.41,589.52,A2356raw4.mat_Line6242
25,12,0,-243.39,-11.959,62.42,591.08,A2356raw4.mat_Line6243
25,12,0,-243.25,-11.933,62.43,593.25,A2356raw4.mat_Line6244
25,12,0,-243.28,-11.924,62.44,594.65,A2356raw4.mat_Line6245
25,12,0,-244.11,-11.92,62.45,595.28,A2356raw4.mat_Line6246
25,12,0,-244.8,-11.91,62.46,595.27,A2356raw4.mat_Line6247
25,12,0,-245.85,-11.906,62.47,594.48,A2356raw4.mat_Line6248
25,12,0,-246,-11.903,62.48,592.94,A2356raw4.mat_Line6249
25,12,0,-245.75,-11.904,62.49,591.25,A2356raw4.mat_Line6250
25,12,0,-244.67,-11.907,62.5,590.34,A2356raw4.mat_Line6251
25,12,0,-243.82,-11.909,62.51,589.73,A2356raw4.mat_Line6252
25,12,0,-242.61,-11.891,62.52,590.18,A2356raw4.mat_Line6253
25,12,0,-242.8,-11.909,62.53,591.09,A2356raw4.mat_Line6254
25,12,0,-242.84,-11.891,62.54,592.33,A2356raw4.mat_Line6255
25,12,0,-243.8,-11.883,62.55,593.1,A2356raw4.mat_Line6256
25,12,0,-243.96,-11.854,62.56,594.33,A2356raw4.mat_Line6257
25,12,0,-244.85,-11.823,62.57,595.55,A2356raw4.mat_Line6258
25,12,0,-245.64,-11.781,62.58,596.33,A2356raw4.mat_Line6259
25,12,0,-246.18,-11.727,62.59,596.16,A2356raw4.mat_Line6260
25,12,0,-245.52,-11.688,62.6,594.76,A2356raw4.mat_Line6261
25,12,0,-244.07,-11.635,62.61,592.74,A2356raw4.mat_Line6262
25,12,0,-243.44,-11.548,62.62,590.88,A2356raw4.mat_Line6263
25,12,0,-242.97,-11.469,62.63,589.78,A2356raw4.mat_Line6264
25,12,0,-243.34,-11.373,62.64,590.26,A2356raw4.mat_Line6265
25,12,0,-243.54,-11.283,62.65,591.36,A2356raw4.mat_Line6266
25,12,0,-243.84,-11.187,62.66,592.78,A2356raw4.mat_Line6267
25,12,0,-244.03,-11.092,62.67,594.49,A2356raw4.mat_Line6268
25,12,0,-244.42,-10.998,62.68,595.74,A2356raw4.mat_Line6269
25,12,0,-244.96,-10.906,62.69,596.05,A2356raw4.mat_Line6270
25,12,0,-245.77,-10.822,62.7,594.96,A2356raw4.mat_Line6271
25,12,0,-245.99,-10.75,62.71,592.96,A2356raw4.mat_Line6272
25,12,0,-245.73,-10.651,62.72,590.78,A2356raw4.mat_Line6273
25,12,0,-244.85,-10.588,62.73,589.41,A2356raw4.mat_Line6274
25,12,0,-243.73,-10.511,62.74,590.03,A2356raw4.mat_Line6275
25,12,0,-242.9,-10.424,62.75,592.05,A2356raw4.mat_Line6276
25,12,0,-242.59,-10.351,62.76,594.24,A2356raw4.mat_Line6277
25,12,-0,-242.76,-10.286,62.77,595.64,A2356raw4.mat_Line6278
25,12,0,-248.53,-10.144,62.78,572.71,A2356raw6.mat_Line6279
25,12,0,-243.43,-10.15,62.79,596.06,A2356raw4.mat_Line6280
25,12,0,-245.26,-10.081,62.8,595.43,A2356raw4.mat_Line6281
25,12,0,-246.13,-10.018,62.81,594.34,A2356raw4.mat_Line6282
25,12,0,-247.52,-9.961,62.82,593.1,A2356raw4.mat_Line6283
25,12,0,-247.25,-9.872,62.83,592.33,A2356raw4.mat_Line6284
25,12,0,-245.59,-9.814,62.84,592.03,A2356raw4.mat_Line6285
25,12,0,-244.15,-9.726,62.85,591.72,A2356raw4.mat_Line6286
25,12,0,-243.75,-9.645,62.86,592.66,A2356raw4.mat_Line6287
25,12,0,-243.25,-9.585,62.87,593.59,A2356raw4.mat_Line6288
25,12,0,-243.27,-9.492,62.88,594.19,A2356raw4.mat_Line6289
25,12,0,-243.48,-9.414,62.89,594.48,A2356raw4.mat_Line6290
25,12,0,-244.61,-9.33,62.9,594.48,A2356raw4.mat_Line6291
25,12,0,-246.19,-9.258,62.91,594.78,A2356raw4.mat_Line6292
25,12,0,-246.94,-9.171,62.92,594.78,A2356raw4.mat_Line6293
25,12,0,-246.77,-9.082,62.93,594.62,A2356raw4.mat_Line6294
25,12,0,-246.8,-9,62.94,593.24,A2356raw4.mat_Line6295
25,12,0,-245.56,-8.903,62.95,592.19,A2356raw4.mat_Line6296
25,12,0,-244.49,-8.83,62.96,590.97,A2356raw4.mat_Line6297
25,12,0,-244.05,-8.74,62.97,590.65,A2356raw4.mat_Line6298
25,12,0,-243.71,-8.653,62.98,590.34,A2356raw4.mat_Line6299
25,12,0,-244.53,-8.564,62.99,590.95,A2356raw4.mat_Line6300
25,12,0,-244.93,-8.484,63,590.95,A2356raw4.mat_Line6301
25,12,0,-245.33,-8.392,63.01,591.25,A2356raw4.mat_Line6302
25,12,0,-246.38,-8.305,63.02,591.24,A2356raw4.mat_Line6303
25,12,0,-247.62,-8.214,63.03,591.23,A2356raw4.mat_Line6304
25,12,0,-247.77,-8.15,63.04,590.76,A2356raw4.mat_Line6305
25,12,0,-247.97,-8.067,63.05,589.53,A2356raw4.mat_Line6306
25,12,0,-249.61,-7.938,63.06,560.01,A2356raw6.mat_Line6307
25,12,0,-249.44,-7.851,63.07,559.37,A2356raw6.mat_Line6308
25,12,0,-245.96,-7.861,63.08,585.84,A2356raw4.mat_Line6309
25,12,-0,-245.72,-7.781,63.09,586.31,A2356raw4.mat_Line6310
25,12,0,-246.36,-7.713,63.1,586.76,A2356raw4.mat_Line6311
25,12,0,-246.38,-7.652,63.11,586.9,A2356raw4.mat_Line6312
25,12,0,-247.03,-7.576,63.12,587.05,A2356raw4.mat_Line6313
25,12,0,-253.37,-7.414,63.13,558.43,A2356raw6.mat_Line6314
25,12,0,-253,-7.325,63.14,556.41,A2356raw6.mat_Line6315
25,12,0,-252.48,-7.236,63.15,554.4,A2356raw6.mat_Line6316
25,12,0,-250.77,-7.264,63.16,584.08,A2356raw4.mat_Line6317
25,12,0,-250.12,-7.173,63.17,582.07,A2356raw4.mat_Line6318
25,12,0,-249.4,-7.103,63.18,580.38,A2356raw4.mat_Line6319
25,12,0,-248.67,-7.004,63.19,578.99,A2356raw4.mat_Line6320
25,12,0,-248.8,-6.924,63.2,578.53,A2356raw4.mat_Line6321
25,12,0,-249.2,-6.837,63.21,578.67,A2356raw4.mat_Line6322
25,12,0,-256.01,-6.602,63.23,547.07,A2356raw6.mat_Line6324
25,12,0,-252.33,-6.586,63.24,575.85,A2356raw4.mat_Line6325
25,12,0,-253.84,-6.496,63.25,574.29,A2356raw4.mat_Line6326
25,12,0,-255.16,-6.427,63.26,572.89,A2356raw4.mat_Line6327
25,12,0,-255.65,-6.333,63.27,571.03,A2356raw4.mat_Line6328
25,12,0,-254.72,-6.25,63.28,569.02,A2356raw4.mat_Line6329
25,12,0,-255.87,-6.104,63.29,533.58,A2356raw6.mat_Line6330
25,12,0,-256.49,-6.022,63.3,532.04,A2356raw6.mat_Line6331
25,12,0,-257.3,-5.956,63.31,530,A2356raw6.mat_Line6332
25,12,0,-253.95,-5.939,63.32,563.46,A2356raw4.mat_Line6333
25,12,0,-254.96,-5.868,63.33,561.73,A2356raw4.mat_Line6334
25,12,0,-255.91,-5.796,63.34,559.55,A2356raw4.mat_Line6335
25,12,0,-262.3,-5.63,63.35,521.13,A2356raw6.mat_Line6336
25,12,0,-259.37,-5.638,63.36,554.54,A2356raw4.mat_Line6337
25,12,0,-261.44,-5.48,63.37,515.72,A2356raw6.mat_Line6338
25,12,0,-260.7,-5.404,63.38,512.94,A2356raw6.mat_Line6339
25,12,0,-261.28,-5.405,63.39,548.81,A2356raw4.mat_Line6340
25,12,0,-259.84,-5.332,63.4,546.49,A2356raw4.mat_Line6341
25,12,0,-258.97,-5.249,63.41,544.33,A2356raw4.mat_Line6342
25,12,0,-258.65,-5.163,63.42,541.85,A2356raw4.mat_Line6343
25,12,0,-259.07,-5.096,63.43,539.2,A2356raw4.mat_Line6344
25,12,0,-264.01,-4.913,63.44,496.46,A2356raw6.mat_Line6345
25,12,0,-265.81,-4.84,63.45,493.5,A2356raw6.mat_Line6346
25,12,0,-266.72,-4.766,63.46,490.4,A2356raw6.mat_Line6347
25,12,0,-265.27,-4.762,63.47,526.28,A2356raw4.mat_Line6348
25,12,0,-267.13,-4.683,63.48,522.7,A2356raw4.mat_Line6349
25,12,0,-267.55,-4.606,63.49,519.29,A2356raw4.mat_Line6350
25,12,0,-263.38,-4.453,63.5,476,A2356raw6.mat_Line6351
25,12,0,-265.82,-4.444,63.51,512.04,A2356raw4.mat_Line6352
25,12,0,-262.76,-4.285,63.52,469.34,A2356raw6.mat_Line6353
25,12,0,-263.55,-4.207,63.53,466.23,A2356raw6.mat_Line6354
25,12,0,-262.44,-4.192,63.54,500.72,A2356raw4.mat_Line6355
25,12,0,-263.36,-4.121,63.55,497,A2356raw4.mat_Line6356
25,12,0,-265.58,-3.957,63.57,488.13,A2356raw4.mat_Line6358
25,12,0,-268.12,-3.876,63.58,483.15,A2356raw4.mat_Line6359
25,12,0,-268.65,-3.724,63.59,439.68,A2356raw6.mat_Line6360
25,12,0,-267.95,-3.631,63.6,434.72,A2356raw6.mat_Line6361
25,12,0,-269.43,-3.557,63.62,463.14,A2356raw4.mat_Line6363
25,12,0,-266.99,-3.485,63.63,458.2,A2356raw4.mat_Line6364
25,12,0,-265.22,-3.405,63.64,453.09,A2356raw4.mat_Line6365
25,12,0,-264.2,-3.327,63.65,447.81,A2356raw4.mat_Line6366
25,12,0,-266.63,-3.169,63.66,405.41,A2356raw6.mat_Line6367
25,12,0,-268.82,-3.077,63.67,399.19,A2356raw6.mat_Line6368
25,12,0,-270.42,-3.001,63.68,392.52,A2356raw6.mat_Line6369
25,12,0,-271.77,-2.922,63.69,385.84,A2356raw6.mat_Line6370
25,12,0,-274.83,-2.927,63.7,417.03,A2356raw4.mat_Line6371
25,12,0,-275.93,-2.852,63.71,409.72,A2356raw4.mat_Line6372
25,12,-0,-276.47,-2.766,63.72,402.75,A2356raw4.mat_Line6373
25,12,0,-273.97,-2.686,63.73,395.94,A2356raw4.mat_Line6374
25,12,0,-266.35,-2.527,63.74,354.7,A2356raw6.mat_Line6375
25,12,0,-266.9,-2.454,63.75,348.96,A2356raw6.mat_Line6376
25,12,0,-267.42,-2.365,63.76,342.28,A2356raw6.mat_Line6377
25,12,0,-270.6,-2.221,63.79,356.12,A2356raw4.mat_Line6380
25,12,0,-273.24,-2.132,63.8,347.25,A2356raw4.mat_Line6381
25,12,0,-277.16,-2.042,63.81,337.46,A2356raw4.mat_Line6382
25,12,0,-279.5,-1.967,63.82,327.66,A2356raw4.mat_Line6383
25,12,0,-272.88,-1.805,63.83,285.79,A2356raw6.mat_Line6384
25,12,0,-270.53,-1.737,63.84,278.51,A2356raw6.mat_Line6385
25,12,-0,-269.03,-1.642,63.85,271.7,A2356raw6.mat_Line6386
25,12,0,-270.65,-1.647,63.86,293.59,A2356raw4.mat_Line6387
25,12,0,-268.32,-1.559,63.87,286.78,A2356raw4.mat_Line6388
25,12,0,-267.46,-1.476,63.88,279.35,A2356raw4.mat_Line6389
25,12,0,-271.37,-1.31,63.89,238.95,A2356raw6.mat_Line6390
25,12,0,-273.51,-1.231,63.9,228.71,A2356raw6.mat_Line6391
25,12,0,-280.47,-0.998,63.94,215.36,A2356raw4.mat_Line6395
25,12,0,-277.71,-0.928,63.95,204.67,A2356raw4.mat_Line6396
25,12,-0,-274.12,-0.855,63.96,195.08,A2356raw4.mat_Line6397
25,12,0,-269.17,-0.78,63.97,187.04,A2356raw4.mat_Line6398
25,12,0,-264.48,-0.618,63.98,155.41,A2356raw6.mat_Line6399
25,12,-0,-272.82,-0.296,64.03,126.56,A2356raw4.mat_Line6404
25,12,0,-274.68,-0.21,64.04,112.88,A2356raw4.mat_Line6405
25,12,-0,-266.33,-0.043,64.05,77.38,A2356raw6.mat_Line6406
25,12,0,-262.66,0.036,64.06,68.08,A2356raw6.mat_Line6407
25,12,0,-260.3,0.119,64.07,59.11,A2356raw6.mat_Line6408
25,12,0,-258.76,0.188,64.08,49.97,A2356raw6.mat_Line6409
25,12,-0,-257.56,0.255,64.09,40.06,A2356raw6.mat_Line6410
25,12,0,-257.19,0.259,64.1,51.43,A2356raw4.mat_Line6411
25,12,-0,-256.51,0.341,64.11,41.05,A2356raw4.mat_Line6412
25,12,0,-262.64,0.589,64.13,-9.77,A2356raw6.mat_Line6414
25,12,0,-261.84,0.742,64.15,-35.06,A2356raw6.mat_Line6416
25,12,0,-259.32,0.822,64.16,-46.05,A2356raw6.mat_Line6417
25,12,0,-256.16,0.915,64.17,-55.64,A2356raw6.mat_Line6418
25,12,0,-256.53,0.987,64.19,-61.65,A2356raw4.mat_Line6420
25,12,0,-252.7,1.065,64.2,-70.14,A2356raw4.mat_Line6421
25,12,0,-255.51,1.481,64.24,-131.5,A2356raw6.mat_Line6425
25,12,0,-256.26,1.558,64.25,-143.59,A2356raw6.mat_Line6426
25,12,-0,-258.9,1.548,64.26,-145.42,A2356raw4.mat_Line6427
25,12,0,-259.81,1.631,64.27,-159.41,A2356raw4.mat_Line6428
25,12,0,-257.58,1.714,64.28,-171.65,A2356raw4.mat_Line6429
25,12,0,-253.82,1.778,64.29,-181.84,A2356raw4.mat_Line6430
25,12,0,-245.69,2.101,64.32,-210.51,A2356raw6.mat_Line6433
25,12,0,-246.5,2.187,64.33,-221.68,A2356raw6.mat_Line6434
25,12,0,-243.49,2.182,64.34,-228.42,A2356raw4.mat_Line6435
25,12,0,-245.91,2.267,64.35,-241.64,A2356raw4.mat_Line6436
25,12,0,-248.27,2.367,64.36,-255.48,A2356raw4.mat_Line6437
25,12,0,-249.26,2.514,64.37,-265.45,A2356raw6.mat_Line6438
25,12,0,-247.17,2.596,64.38,-273.82,A2356raw6.mat_Line6439
25,12,-0,-244.61,2.672,64.39,-281.22,A2356raw6.mat_Line6440
25,12,0,-243.12,2.745,64.41,-304.11,A2356raw4.mat_Line6442
25,12,0,-238.95,2.828,64.42,-309.97,A2356raw4.mat_Line6443
25,12,0,-236.4,2.974,64.44,-324.05,A2356raw4.mat_Line6445
25,12,0,-240.38,3.149,64.45,-329.44,A2356raw6.mat_Line6446
25,12,0,-240.75,3.212,64.46,-339.22,A2356raw6.mat_Line6447
25,12,0,-241.39,3.306,64.47,-348.23,A2356raw6.mat_Line6448
25,12,0,-240.27,3.379,64.48,-355.97,A2356raw6.mat_Line6449
25,12,0,-241.9,3.386,64.49,-373.62,A2356raw4.mat_Line6450
25,12,0,-235.53,3.54,64.5,-367.08,A2356raw6.mat_Line6451
25,12,0,-237.62,3.542,64.51,-383.95,A2356raw4.mat_Line6452
25,12,0,-234.18,3.627,64.52,-386.7,A2356raw4.mat_Line6453
25,12,0,-230.48,3.701,64.53,-389.45,A2356raw4.mat_Line6454
25,12,0,-228.89,3.862,64.54,-386.73,A2356raw6.mat_Line6455
25,12,0,-229.78,3.939,64.55,-393.72,A2356raw6.mat_Line6456
25,12,0,-229.56,3.942,64.56,-406.19,A2356raw4.mat_Line6457
25,12,0,-231.21,4.035,64.57,-414.44,A2356raw4.mat_Line6458
25,12,0,-233.41,4.101,64.58,-422.69,A2356raw4.mat_Line6459
25,12,0,-235.61,4.188,64.59,-430.62,A2356raw4.mat_Line6460
25,12,0,-237.01,4.256,64.6,-436.36,A2356raw4.mat_Line6461
25,12,0,-227.43,4.566,64.63,-434.16,A2356raw6.mat_Line6464
25,12,0,-226.43,4.646,64.64,-436.94,A2356raw6.mat_Line6465
25,12,0,-226.68,4.747,64.65,-440.51,A2356raw6.mat_Line6466
25,12,0,-224.18,4.744,64.66,-453.16,A2356raw4.mat_Line6467
25,12,0,-225.82,4.82,64.67,-459.07,A2356raw4.mat_Line6468
25,12,0,-228.37,4.887,64.68,-466.07,A2356raw4.mat_Line6469
25,12,0,-234.31,5.07,64.69,-462.91,A2356raw6.mat_Line6470
25,12,0,-235.93,5.143,64.7,-468.18,A2356raw6.mat_Line6471
25,12,0,-237.82,5.14,64.71,-489.24,A2356raw4.mat_Line6472
25,12,0,-238.66,5.229,64.72,-494.53,A2356raw4.mat_Line6473
25,12,0,-237.06,5.315,64.73,-497.62,A2356raw4.mat_Line6474
25,12,-0,-233.49,5.378,64.74,-498.36,A2356raw4.mat_Line6475
25,12,0,-229.6,5.478,64.75,-497.88,A2356raw4.mat_Line6476
25,12,0,-226.45,5.546,64.76,-498.16,A2356raw4.mat_Line6477
25,12,0,-225.69,5.633,64.77,-499.71,A2356raw4.mat_Line6478
25,12,0,-226.82,5.713,64.78,-503.9,A2356raw4.mat_Line6479
25,12,0,-229.38,5.793,64.79,-510.42,A2356raw4.mat_Line6480
25,12,0,-233.63,5.875,64.8,-518.05,A2356raw4.mat_Line6481
25,12,0,-239.31,6.041,64.81,-504.64,A2356raw6.mat_Line6482
25,12,0,-239.53,6.037,64.82,-532.22,A2356raw4.mat_Line6483
25,12,0,-240.61,6.111,64.83,-536.71,A2356raw4.mat_Line6484
25,12,0,-234.99,6.269,64.84,-509.75,A2356raw6.mat_Line6485
25,12,0,-236.28,6.276,64.85,-538.24,A2356raw4.mat_Line6486
25,12,0,-231.97,6.353,64.86,-536.67,A2356raw4.mat_Line6487
25,12,0,-228.51,6.426,64.87,-535.25,A2356raw4.mat_Line6488
25,12,0,-226.83,6.514,64.88,-535.85,A2356raw4.mat_Line6489
25,12,-0,-227.81,6.587,64.89,-538.93,A2356raw4.mat_Line6490
25,12,0,-229.59,6.674,64.9,-544.23,A2356raw4.mat_Line6491
25,12,0,-233.77,6.747,64.91,-551.23,A2356raw4.mat_Line6492
25,12,0,-239.66,6.906,64.92,-533.33,A2356raw6.mat_Line6493
25,12,0,-240.17,6.99,64.93,-537.37,A2356raw6.mat_Line6494
25,12,0,-242.09,6.983,64.94,-568.98,A2356raw4.mat_Line6495
25,12,0,-241.07,7.072,64.95,-570.38,A2356raw4.mat_Line6496
25,12,0,-233.61,7.237,64.96,-537.33,A2356raw6.mat_Line6497
25,12,0,-234.36,7.224,64.97,-565.21,A2356raw4.mat_Line6498
25,12,0,-230.91,7.315,64.98,-561.93,A2356raw4.mat_Line6499
25,12,0,-229.05,7.388,64.99,-560.97,A2356raw4.mat_Line6500
25,12,0,-232.36,7.557,65,-540.24,A2356raw6.mat_Line6501
25,12,0,-234.96,7.643,65.01,-545.22,A2356raw6.mat_Line6502
25,12,0,-237.39,7.721,65.02,-550.67,A2356raw6.mat_Line6503
25,12,0,-237.96,7.718,65.03,-580.88,A2356raw4.mat_Line6504
25,12,0,-241.13,7.804,65.04,-586.96,A2356raw4.mat_Line6505
25,12,-0,-243.42,7.875,65.05,-591.31,A2356raw4.mat_Line6506
25,12,0,-243.89,7.953,65.06,-591.94,A2356raw4.mat_Line6507
25,12,0,-241.39,8.028,65.07,-589.31,A2356raw4.mat_Line6508
25,12,0,-233.42,8.192,65.08,-554.38,A2356raw6.mat_Line6509
25,12,0,-231.95,8.346,65.1,-552.96,A2356raw6.mat_Line6511
25,12,0,-234.12,8.421,65.11,-555.75,A2356raw6.mat_Line6512
25,12,0,-235.26,8.52,65.13,-586.45,A2356raw4.mat_Line6514
25,12,0,-239.73,8.595,65.14,-592.67,A2356raw4.mat_Line6515
25,12,0,-243.34,8.671,65.15,-598.92,A2356raw4.mat_Line6516
25,12,0,-245.42,8.839,65.16,-576.17,A2356raw6.mat_Line6517
25,12,0,-248.07,8.839,65.17,-602.98,A2356raw4.mat_Line6518
25,12,0,-247.54,8.912,65.18,-599.4,A2356raw4.mat_Line6519
25,12,0,-243.74,8.986,65.19,-593.02,A2356raw4.mat_Line6520
25,12,0,-240.84,9.077,65.2,-586.32,A2356raw4.mat_Line6521
25,12,0,-235.17,9.227,65.21,-561.82,A2356raw6.mat_Line6522
25,12,0,-236.08,9.237,65.22,-580.69,A2356raw4.mat_Line6523
25,12,0,-238.23,9.394,65.23,-567.56,A2356raw6.mat_Line6524
25,12,0,-238.76,9.392,65.24,-589.55,A2356raw4.mat_Line6525
25,12,0,-241.98,9.48,65.25,-595.95,A2356raw4.mat_Line6526
25,12,0,-246.44,9.556,65.26,-602.2,A2356raw4.mat_Line6527
25,12,0,-249.38,9.641,65.27,-606.1,A2356raw4.mat_Line6528
25,12,-0,-251.43,9.707,65.28,-605.95,A2356raw4.mat_Line6529
25,12,0,-251.56,9.8,65.29,-601.6,A2356raw4.mat_Line6530
25,12,0,-249.61,9.873,65.3,-594.44,A2356raw4.mat_Line6531
25,12,0,-240.48,10.032,65.31,-565.87,A2356raw6.mat_Line6532
25,12,0,-239.17,10.107,65.32,-565.07,A2356raw6.mat_Line6533
25,12,-0,-241.38,10.119,65.33,-581.32,A2356raw4.mat_Line6534
25,12,0,-240.88,10.269,65.34,-570.22,A2356raw6.mat_Line6535
25,12,0,-242.02,10.266,65.35,-588.78,A2356raw4.mat_Line6536
25,12,0,-245.14,10.358,65.36,-594.25,A2356raw4.mat_Line6537
25,12,0,-248.28,10.425,65.37,-600.2,A2356raw4.mat_Line6538
25,12,0,-251.34,10.507,65.38,-603.64,A2356raw4.mat_Line6539
25,12,0,-249.9,10.663,65.39,-583.17,A2356raw6.mat_Line6540
25,12,0,-255.04,10.664,65.4,-600.38,A2356raw4.mat_Line6541
25,12,0,-253.64,10.752,65.41,-593.53,A2356raw4.mat_Line6542
25,12,0,-250.41,10.822,65.42,-586.67,A2356raw4.mat_Line6543
25,12,0,-244.26,11,65.44,-578.87,A2356raw4.mat_Line6545
25,12,0,-243.46,11.071,65.45,-580.25,A2356raw4.mat_Line6546
25,12,0,-244.25,11.231,65.46,-577.07,A2356raw6.mat_Line6547
25,12,0,-249.31,11.396,65.48,-585.19,A2356raw6.mat_Line6549
25,12,0,-252.21,11.393,65.49,-598.82,A2356raw4.mat_Line6550
25,12,0,-254.73,11.485,65.5,-599.77,A2356raw4.mat_Line6551
25,12,0,-255.38,11.552,65.51,-596.65,A2356raw4.mat_Line6552
25,12,0,-255.07,11.631,65.52,-590.1,A2356raw4.mat_Line6553
25,12,0,-248.95,11.757,65.53,-573.02,A2356raw6.mat_Line6554
25,12,0,-245.7,11.814,65.54,-572.54,A2356raw6.mat_Line6555
25,12,0,-244.41,11.851,65.55,-573.79,A2356raw6.mat_Line6556
25,12,0,-245.64,11.854,65.56,-578.73,A2356raw4.mat_Line6557
25,12,0,-244.72,11.897,65.57,-581.51,A2356raw4.mat_Line6558
25,12,0,-245.14,11.946,65.58,-576.25,A2356raw6.mat_Line6559
25,12,0,-247.82,11.953,65.59,-584.6,A2356raw4.mat_Line6560
25,12,0,-250.47,11.972,65.6,-585.83,A2356raw4.mat_Line6561
25,12,0,-252.58,12.002,65.61,-584.66,A2356raw6.mat_Line6562
25,12,0,-254.17,11.999,65.62,-588.72,A2356raw6.mat_Line6563
25,12,0,-256.98,12.009,65.63,-595.86,A2356raw4.mat_Line6564
25,12,0,-254.83,12.01,65.64,-595.64,A2356raw6.mat_Line6565
25,12,0,-256.86,12.012,65.65,-599.49,A2356raw4.mat_Line6566
25,12,0,-250.03,12.003,65.66,-594.88,A2356raw6.mat_Line6567
25,12,0,-251.12,12,65.67,-596.69,A2356raw4.mat_Line6568
25,12,0,-248.46,11.983,65.68,-590.89,A2356raw4.mat_Line6569
25,12,0,-246.19,11.972,65.69,-582.91,A2356raw4.mat_Line6570
25,12,0,-243.96,11.937,65.7,-563.45,A2356raw6.mat_Line6571
25,12,0,-245.08,11.943,65.71,-571.01,A2356raw4.mat_Line6572
25,12,0,-247.73,11.93,65.72,-572.88,A2356raw4.mat_Line6573
25,12,0,-251.78,11.912,65.73,-579.13,A2356raw4.mat_Line6574
25,12,0,-255.36,11.909,65.74,-588.22,A2356raw4.mat_Line6575
25,12,0,-256.84,11.904,65.75,-596.38,A2356raw4.mat_Line6576
25,12,0,-256.16,11.894,65.76,-601.58,A2356raw4.mat_Line6577
25,12,0,-250.64,11.89,65.77,-595.26,A2356raw6.mat_Line6578
25,12,0,-248.47,11.88,65.78,-587.27,A2356raw6.mat_Line6579
25,12,0,-247.42,11.893,65.79,-592.17,A2356raw4.mat_Line6580
25,12,0,-245.99,11.877,65.8,-584.33,A2356raw4.mat_Line6581
25,12,0,-245.37,11.86,65.81,-577.72,A2356raw4.mat_Line6582
25,12,0,-246.98,11.791,65.82,-562.97,A2356raw6.mat_Line6583
25,12,-0,-246.99,11.799,65.83,-573.62,A2356raw4.mat_Line6584
25,12,0,-249.22,11.757,65.84,-575.96,A2356raw4.mat_Line6585
25,12,0,-251.55,11.654,65.85,-576.09,A2356raw6.mat_Line6586
25,12,0,-252.7,11.662,65.86,-585.52,A2356raw4.mat_Line6587
25,12,-0,-252.04,11.516,65.87,-593.3,A2356raw6.mat_Line6588
25,12,-0,-252.94,11.531,65.88,-601.02,A2356raw4.mat_Line6589
25,12,0,-252.94,11.439,65.89,-605.56,A2356raw4.mat_Line6590
25,12,0,-253.07,11.373,65.9,-606.8,A2356raw4.mat_Line6591
25,12,0,-252.02,11.277,65.91,-604.29,A2356raw4.mat_Line6592
25,12,0,-250.19,11.081,65.92,-584.71,A2356raw6.mat_Line6593
25,12,0,-248.95,11.074,65.93,-592.55,A2356raw4.mat_Line6594
25,12,0,-248.33,10.979,65.94,-584.42,A2356raw4.mat_Line6595
25,12,0,-248.18,10.881,65.95,-577.25,A2356raw4.mat_Line6596
25,12,-0,-247.98,10.772,65.96,-573.5,A2356raw4.mat_Line6597
25,12,0,-248.13,10.676,65.97,-573.84,A2356raw4.mat_Line6598
25,12,0,-249.87,10.586,65.98,-577.78,A2356raw4.mat_Line6599
25,12,0,-250.72,10.493,65.99,-584.36,A2356raw4.mat_Line6600
25,12,0,-251.14,10.41,66,-592.04,A2356raw4.mat_Line6601
25,12,0,-250.65,10.322,66.01,-597.99,A2356raw4.mat_Line6602
25,12,0,-249.81,10.258,66.02,-600.5,A2356raw4.mat_Line6603
25,12,0,-250.06,10.202,66.03,-599.08,A2356raw4.mat_Line6604
25,12,0,-249.73,10.125,66.04,-595.16,A2356raw4.mat_Line6605
25,12,0,-249.89,10.07,66.05,-590.13,A2356raw4.mat_Line6606
25,12,0,-251.74,9.953,66.06,-570.55,A2356raw6.mat_Line6607
25,12,0,-251.78,9.95,66.07,-583.2,A2356raw4.mat_Line6608
25,12,0,-252.6,9.89,66.08,-582.42,A2356raw4.mat_Line6609
25,12,0,-252.18,9.831,66.09,-582.91,A2356raw4.mat_Line6610
25,12,0,-251.67,9.755,66.1,-584.02,A2356raw4.mat_Line6611
25,12,0,-249,9.681,66.11,-585.12,A2356raw4.mat_Line6612
25,12,0,-247.74,9.606,66.12,-585.59,A2356raw4.mat_Line6613
25,12,0,-246.1,9.529,66.13,-586.51,A2356raw4.mat_Line6614
25,12,0,-246.47,9.446,66.14,-587.44,A2356raw4.mat_Line6615
25,12,0,-247.5,9.356,66.15,-589.15,A2356raw4.mat_Line6616
25,12,0,-250.35,9.274,66.16,-592.44,A2356raw4.mat_Line6617
25,12,0,-253.21,9.197,66.17,-596.03,A2356raw4.mat_Line6618
25,12,0,-256.92,9.005,66.18,-581.19,A2356raw6.mat_Line6619
25,12,0,-256.4,8.922,66.19,-579.16,A2356raw6.mat_Line6620
25,12,0,-254.31,8.83,66.2,-574.82,A2356raw6.mat_Line6621
25,12,0,-250.54,8.731,66.21,-569.21,A2356raw6.mat_Line6622
25,12,0,-248.17,8.719,66.22,-579.22,A2356raw4.mat_Line6623
25,12,0,-246.05,8.56,66.23,-562.52,A2356raw6.mat_Line6624
25,12,0,-243.05,8.541,66.24,-575.77,A2356raw4.mat_Line6625
25,12,0,-244.42,8.454,66.25,-579.52,A2356raw4.mat_Line6626
25,12,0,-247.49,8.384,66.26,-585.14,A2356raw4.mat_Line6627
25,12,0,-251.65,8.305,66.27,-590.46,A2356raw4.mat_Line6628
25,12,0,-257.61,8.14,66.28,-572.71,A2356raw6.mat_Line6629
25,12,0,-257,8.127,66.29,-596.27,A2356raw4.mat_Line6630
25,12,0,-256.4,8.056,66.3,-594.88,A2356raw4.mat_Line6631
25,12,0,-255.54,7.986,66.31,-590.03,A2356raw4.mat_Line6632
25,12,0,-253.99,7.931,66.32,-584.28,A2356raw4.mat_Line6633
25,12,0,-252.85,7.791,66.33,-561.19,A2356raw6.mat_Line6634
25,12,0,-249.06,7.798,66.34,-576.13,A2356raw4.mat_Line6635
25,12,0,-247.91,7.731,66.35,-575.34,A2356raw4.mat_Line6636
25,12,0,-248.13,7.66,66.36,-576.11,A2356raw4.mat_Line6637
25,12,0,-248.93,7.573,66.37,-578.45,A2356raw4.mat_Line6638
25,12,0,-251,7.506,66.38,-580.81,A2356raw4.mat_Line6639
25,12,0,-256.33,7.345,66.39,-559.65,A2356raw6.mat_Line6640
25,12,0,-258.32,7.27,66.4,-561.38,A2356raw6.mat_Line6641
25,12,0,-257.49,7.275,66.41,-586.61,A2356raw4.mat_Line6642
25,12,0,-259.76,7.101,66.42,-561.54,A2356raw6.mat_Line6643
25,12,0,-258.51,7.03,66.43,-558.89,A2356raw6.mat_Line6644
25,12,0,-254.38,7.028,66.44,-578.04,A2356raw4.mat_Line6645
25,12,0,-252.4,6.952,66.45,-573.21,A2356raw4.mat_Line6646
25,12,0,-250.46,6.862,66.46,-569.61,A2356raw4.mat_Line6647
25,12,0,-249.98,6.778,66.47,-567.59,A2356raw4.mat_Line6648
25,12,0,-250.4,6.691,66.48,-567.61,A2356raw4.mat_Line6649
25,12,0,-252.56,6.598,66.49,-569.19,A2356raw4.mat_Line6650
25,12,0,-258.83,6.435,66.5,-544.48,A2356raw6.mat_Line6651
25,12,0,-258.82,6.412,66.51,-573.45,A2356raw4.mat_Line6652
25,12,0,-264.04,6.179,66.53,-544.37,A2356raw6.mat_Line6654
25,12,0,-262.81,6.095,66.54,-540.16,A2356raw6.mat_Line6655
25,12,0,-260.12,6.018,66.55,-534.41,A2356raw6.mat_Line6656
25,12,0,-256.79,6.007,66.56,-555.57,A2356raw4.mat_Line6657
25,12,0,-254.62,5.941,66.57,-550.13,A2356raw4.mat_Line6658
25,12,0,-253.85,5.846,66.58,-547.02,A2356raw4.mat_Line6659
25,12,0,-255.38,5.769,66.59,-546.73,A2356raw4.mat_Line6660
25,12,0,-258.05,5.696,66.6,-547.38,A2356raw4.mat_Line6661
25,12,0,-264.31,5.546,66.61,-517.39,A2356raw6.mat_Line6662
25,12,0,-266.91,5.473,66.62,-517.41,A2356raw6.mat_Line6663
25,12,0,-268.9,5.402,66.63,-516.01,A2356raw6.mat_Line6664
25,12,0,-268.68,5.404,66.64,-545.43,A2356raw4.mat_Line6665
25,12,0,-267.39,5.322,66.65,-540.76,A2356raw4.mat_Line6666
25,12,0,-264.67,5.251,66.66,-535,A2356raw4.mat_Line6667
25,12,0,-261.17,5.171,66.67,-529.55,A2356raw4.mat_Line6668
25,12,0,-257.99,5.087,66.68,-524.88,A2356raw4.mat_Line6669
25,12,0,-259.79,4.926,66.69,-490.06,A2356raw6.mat_Line6670
25,12,0,-261.21,4.844,66.7,-487.12,A2356raw6.mat_Line6671
25,12,0,-261.43,4.847,66.71,-518.4,A2356raw4.mat_Line6672
25,12,0,-264.72,4.767,66.72,-516.7,A2356raw4.mat_Line6673
25,12,0,-268.25,4.677,66.73,-515.02,A2356raw4.mat_Line6674
25,12,0,-270.73,4.603,66.74,-513.01,A2356raw4.mat_Line6675
25,12,0,-271.21,4.449,66.75,-476.78,A2356raw6.mat_Line6676
25,12,0,-270.05,4.366,66.76,-473.37,A2356raw6.mat_Line6677
25,12,0,-267.59,4.28,66.77,-468.39,A2356raw6.mat_Line6678
25,12,0,-265.21,4.286,66.78,-495.63,A2356raw4.mat_Line6679
25,12,0,-261.79,4.208,66.79,-489.56,A2356raw4.mat_Line6680
25,12,0,-259.86,4.134,66.8,-483.51,A2356raw4.mat_Line6681
25,12,0,-259.89,4.039,66.81,-478.23,A2356raw4.mat_Line6682
25,12,0,-261.44,3.978,66.82,-473.58,A2356raw4.mat_Line6683
25,12,-0,-264.46,3.895,66.83,-469.86,A2356raw4.mat_Line6684
25,12,0,-267.61,3.724,66.84,-437.07,A2356raw6.mat_Line6685
25,12,0,-270.6,3.646,66.85,-434.6,A2356raw6.mat_Line6686
25,12,0,-271.09,3.577,66.86,-431.52,A2356raw6.mat_Line6687
25,12,0,-270.86,3.494,66.87,-427.33,A2356raw6.mat_Line6688
25,12,0,-271.48,3.497,66.88,-450.85,A2356raw4.mat_Line6689
25,12,0,-268.18,3.404,66.89,-443.55,A2356raw4.mat_Line6690
25,12,0,-263.97,3.342,66.9,-435.45,A2356raw4.mat_Line6691
25,12,0,-260.71,3.09,66.92,-393,A2356raw6.mat_Line6693
25,12,0,-264.67,2.925,66.94,-381.38,A2356raw6.mat_Line6695
25,12,0,-268.75,2.923,66.95,-402.27,A2356raw4.mat_Line6696
25,12,0,-272.49,2.848,66.96,-398.11,A2356raw4.mat_Line6697
25,12,0,-275.01,2.772,66.97,-393.48,A2356raw4.mat_Line6698
25,12,0,-275.97,2.709,66.98,-388.54,A2356raw4.mat_Line6699
25,12,0,-271.06,2.537,66.99,-356.77,A2356raw6.mat_Line6700
25,12,0,-267.66,2.474,67,-348.38,A2356raw6.mat_Line6701
25,12,0,-261.93,2.209,67.03,-321.2,A2356raw6.mat_Line6704
25,12,-0,-262.51,2.199,67.04,-334.62,A2356raw4.mat_Line6705
25,12,-0,-265.02,2.135,67.05,-326.72,A2356raw4.mat_Line6706
25,12,0,-265.55,1.957,67.06,-299.97,A2356raw6.mat_Line6707
25,12,0,-267.65,1.88,67.07,-294.41,A2356raw6.mat_Line6708
25,12,0,-270.08,1.809,67.08,-288.68,A2356raw6.mat_Line6709
25,12,0,-270.36,1.738,67.09,-282.17,A2356raw6.mat_Line6710
25,12,0,-270.09,1.651,67.11,-287.24,A2356raw4.mat_Line6712
25,12,0,-265.35,1.579,67.12,-276.04,A2356raw4.mat_Line6713
25,12,0,-259.08,1.335,67.14,-234.79,A2356raw6.mat_Line6715
25,12,-0,-258.62,1.18,67.16,-216.32,A2356raw6.mat_Line6717
25,12,0,-259.92,1.104,67.17,-208.58,A2356raw6.mat_Line6718
25,12,0,-262.34,1.024,67.18,-201.62,A2356raw6.mat_Line6719
25,12,0,-264.76,0.927,67.19,-194.97,A2356raw6.mat_Line6720
25,12,0,-270.21,0.941,67.2,-204.4,A2356raw4.mat_Line6721
25,12,0,-261.71,0.692,67.22,-170.14,A2356raw6.mat_Line6723
25,12,0,-258.18,0.601,67.23,-159.26,A2356raw6.mat_Line6724
25,12,0,-254.82,0.52,67.24,-147.14,A2356raw6.mat_Line6725
25,12,-0,-252.63,0.433,67.25,-135.47,A2356raw6.mat_Line6726
25,12,0,-251.23,0.36,67.26,-124.46,A2356raw6.mat_Line6727
25,12,0,-250.74,0.294,67.27,-114.53,A2356raw6.mat_Line6728
25,12,0,-252,-0.177,67.33,-60.42,A2356raw6.mat_Line6734
25,12,0,-248.65,-0.249,67.34,-48.29,A2356raw6.mat_Line6735
25,12,0,-247.98,-0.255,67.35,-45.42,A2356raw4.mat_Line6736
25,12,0,-243.2,-0.512,67.37,-10.53,A2356raw6.mat_Line6738
25,12,0,-242.51,-0.61,67.38,0.48,A2356raw6.mat_Line6739
25,12,0,-251.3,-0.839,67.42,31.75,A2356raw4.mat_Line6743
25,12,0,-246.1,-0.975,67.43,49.44,A2356raw6.mat_Line6744
25,12,0,-247.28,-0.985,67.44,56.31,A2356raw4.mat_Line6745
25,12,0,-237.03,-1.224,67.46,87.83,A2356raw6.mat_Line6747
25,12,0,-234.45,-1.301,67.47,101.36,A2356raw6.mat_Line6748
25,12,0,-232.67,-1.369,67.48,113.61,A2356raw6.mat_Line6749
25,12,0,-232.62,-1.458,67.49,124.95,A2356raw6.mat_Line6750
25,12,0,-234.44,-1.465,67.5,136.93,A2356raw4.mat_Line6751
25,12,-0,-236.03,-1.543,67.51,146.06,A2356raw4.mat_Line6752
25,12,0,-237.45,-1.614,67.52,156.1,A2356raw4.mat_Line6753
25,12,0,-238,-1.714,67.53,166.48,A2356raw4.mat_Line6754
25,12,0,-233.44,-1.87,67.54,175.01,A2356raw6.mat_Line6755
25,12,0,-230.7,-1.954,67.55,186.82,A2356raw6.mat_Line6756
25,12,0,-227.57,-2.039,67.56,198.95,A2356raw6.mat_Line6757
25,12,0,-224.73,-2.11,67.57,210.62,A2356raw6.mat_Line6758
25,12,0,-224.19,-2.112,67.58,231.19,A2356raw4.mat_Line6759
25,12,0,-222.69,-2.192,67.59,242.06,A2356raw4.mat_Line6760
25,12,0,-223.05,-2.278,67.6,251.04,A2356raw4.mat_Line6761
25,12,0,-223.83,-2.365,67.61,259.24,A2356raw4.mat_Line6762
25,12,0,-224.8,-2.584,67.63,266.75,A2356raw6.mat_Line6764
25,12,0,-226.19,-2.667,67.64,274.96,A2356raw6.mat_Line6765
25,12,0,-230.1,-2.663,67.65,294.54,A2356raw4.mat_Line6766
25,12,0,-228.15,-2.753,67.66,305.12,A2356raw4.mat_Line6767
25,12,0,-224.79,-2.823,67.67,315.08,A2356raw4.mat_Line6768
25,12,0,-221.27,-2.901,67.68,324.7,A2356raw4.mat_Line6769
25,12,0,-218.65,-3.214,67.72,356.51,A2356raw4.mat_Line6773
25,12,0,-221.44,-3.295,67.73,362.54,A2356raw4.mat_Line6774
25,12,0,-224.75,-3.378,67.74,367.77,A2356raw4.mat_Line6775
25,12,0,-228.17,-3.449,67.75,373.81,A2356raw4.mat_Line6776
25,12,0,-229.28,-3.538,67.76,380.16,A2356raw4.mat_Line6777
25,12,0,-228.19,-3.617,67.77,387.6,A2356raw4.mat_Line6778
25,12,-0,-221.91,-3.862,67.79,386.37,A2356raw6.mat_Line6780
25,12,0,-219.31,-3.857,67.8,410.48,A2356raw4.mat_Line6781
25,12,0,-217.56,-4.026,67.82,423.05,A2356raw4.mat_Line6783
25,12,0,-219.43,-4.104,67.83,427.52,A2356raw4.mat_Line6784
25,12,0,-222.12,-4.178,67.84,431.21,A2356raw4.mat_Line6785
25,12,0,-226.27,-4.262,67.85,434.29,A2356raw4.mat_Line6786
25,12,0,-230.12,-4.341,67.86,438.31,A2356raw4.mat_Line6787
25,12,0,-231.88,-4.426,67.87,442.78,A2356raw4.mat_Line6788
25,12,0,-231.46,-4.502,67.88,448.05,A2356raw4.mat_Line6789
25,12,0,-228.83,-4.58,67.89,453.81,A2356raw4.mat_Line6790
25,12,-0,-224.76,-4.659,67.9,459.75,A2356raw4.mat_Line6791
25,12,0,-222.04,-4.746,67.91,465.67,A2356raw4.mat_Line6792
25,12,0,-219.94,-4.815,67.92,471.42,A2356raw4.mat_Line6793
25,12,0,-221.64,-4.987,67.93,457.23,A2356raw6.mat_Line6794
25,12,0,-221.51,-4.968,67.94,479.94,A2356raw4.mat_Line6795
25,12,0,-223.96,-5.06,67.95,482.54,A2356raw4.mat_Line6796
25,12,0,-227.33,-5.136,67.96,484.22,A2356raw4.mat_Line6797
25,12,0,-230.79,-5.213,67.97,486.53,A2356raw4.mat_Line6798
25,12,0,-233.06,-5.293,67.98,489.3,A2356raw4.mat_Line6799
25,12,0,-233.51,-5.379,67.99,492.54,A2356raw4.mat_Line6800
25,12,-0,-230.69,-5.468,68,496.45,A2356raw4.mat_Line6801
25,12,0,-227.71,-5.533,68.01,500.66,A2356raw4.mat_Line6802
25,12,-0,-224.84,-5.618,68.02,505.66,A2356raw4.mat_Line6803
25,12,0,-222.04,-5.782,68.04,515.45,A2356raw4.mat_Line6805
25,12,0,-222.84,-5.866,68.05,519.01,A2356raw4.mat_Line6806
25,12,0,-224.86,-5.945,68.06,520.84,A2356raw4.mat_Line6807
25,12,0,-227.56,-6.019,68.07,521.59,A2356raw4.mat_Line6808
25,12,0,-231.37,-6.104,68.08,522.8,A2356raw4.mat_Line6809
25,12,0,-233.66,-6.191,68.09,524.32,A2356raw4.mat_Line6810
25,12,0,-234.89,-6.27,68.1,526.5,A2356raw4.mat_Line6811
25,12,0,-233.75,-6.346,68.11,529.14,A2356raw4.mat_Line6812
25,12,0,-230.58,-6.42,68.12,532.42,A2356raw4.mat_Line6813
25,12,0,-227.21,-6.508,68.13,536.32,A2356raw4.mat_Line6814
25,12,0,-225.03,-6.583,68.14,541.01,A2356raw4.mat_Line6815
25,12,0,-223.85,-6.662,68.15,545.83,A2356raw4.mat_Line6816
25,12,0,-223.92,-6.745,68.16,549.08,A2356raw4.mat_Line6817
25,12,0,-225.47,-6.827,68.17,550.47,A2356raw4.mat_Line6818
25,12,0,-227.9,-6.9,68.18,550.59,A2356raw4.mat_Line6819
25,12,0,-231.04,-6.98,68.19,550.25,A2356raw4.mat_Line6820
25,12,0,-233.92,-7.065,68.2,550.37,A2356raw4.mat_Line6821
25,12,0,-235.32,-7.139,68.21,551.28,A2356raw4.mat_Line6822
25,12,0,-235.26,-7.224,68.22,553.32,A2356raw4.mat_Line6823
25,12,0,-232.82,-7.304,68.23,555.53,A2356raw4.mat_Line6824
25,12,0,-231.75,-7.467,68.24,531.75,A2356raw6.mat_Line6825
25,12,0,-229.38,-7.546,68.25,534.25,A2356raw6.mat_Line6826
25,12,0,-225.25,-7.536,68.26,566.76,A2356raw4.mat_Line6827
25,12,0,-225.02,-7.622,68.27,570.16,A2356raw4.mat_Line6828
25,12,0,-226.47,-7.696,68.28,571.54,A2356raw4.mat_Line6829
25,12,0,-228.35,-7.776,68.29,571.05,A2356raw4.mat_Line6830
25,12,0,-231.2,-7.864,68.3,569.63,A2356raw4.mat_Line6831
25,12,0,-233.97,-7.945,68.31,568.82,A2356raw4.mat_Line6832
25,12,0,-234.98,-8.108,68.32,544.57,A2356raw6.mat_Line6833
25,12,0,-237.19,-8.106,68.33,570.5,A2356raw4.mat_Line6834
25,12,-0,-235.66,-8.19,68.34,571.94,A2356raw4.mat_Line6835
25,12,0,-232.87,-8.27,68.35,574.14,A2356raw4.mat_Line6836
25,12,0,-230.35,-8.349,68.36,576.79,A2356raw4.mat_Line6837
25,12,0,-228.26,-8.429,68.37,580.21,A2356raw4.mat_Line6838
25,12,0,-231.21,-8.594,68.38,552.22,A2356raw6.mat_Line6839
25,12,0,-231.02,-8.677,68.39,554.53,A2356raw6.mat_Line6840
25,12,0,-230.55,-8.677,68.4,583.44,A2356raw4.mat_Line6841
25,12,0,-233.96,-8.746,68.41,582.32,A2356raw4.mat_Line6842
25,12,0,-235.92,-8.831,68.42,580.9,A2356raw4.mat_Line6843
25,12,0,-236.81,-8.999,68.43,555.71,A2356raw6.mat_Line6844
25,12,0,-239.44,-8.989,68.44,581.05,A2356raw4.mat_Line6845
25,12,0,-238.6,-9.072,68.45,581.2,A2356raw4.mat_Line6846
25,12,0,-236.76,-9.145,68.46,582.48,A2356raw4.mat_Line6847
25,12,0,-237.37,-9.307,68.47,553.87,A2356raw6.mat_Line6848
25,12,0,-235.88,-9.384,68.48,555.27,A2356raw6.mat_Line6849
25,12,0,-232.24,-9.394,68.49,588.87,A2356raw4.mat_Line6850
25,12,0,-233,-9.459,68.5,590.25,A2356raw4.mat_Line6851
25,12,0,-234.41,-9.556,68.51,589.77,A2356raw4.mat_Line6852
25,12,0,-236.88,-9.628,68.52,588.66,A2356raw4.mat_Line6853
25,12,0,-238.4,-9.703,68.53,587.23,A2356raw4.mat_Line6854
25,12,0,-240.75,-9.792,68.54,585.98,A2356raw4.mat_Line6855
25,12,0,-241.33,-10.029,68.56,560.65,A2356raw6.mat_Line6857
25,12,0,-242.01,-10.04,68.57,585.23,A2356raw4.mat_Line6858
25,12,0,-240.68,-10.192,68.58,557.71,A2356raw6.mat_Line6859
25,12,0,-238.05,-10.196,68.59,587.43,A2356raw4.mat_Line6860
25,12,0,-237.19,-10.268,68.6,588.98,A2356raw4.mat_Line6861
25,12,0,-236.84,-10.352,68.61,590.37,A2356raw4.mat_Line6862
25,12,0,-237.77,-10.518,68.62,564.53,A2356raw6.mat_Line6863
25,12,0,-238.34,-10.604,68.63,565.46,A2356raw6.mat_Line6864
25,12,0,-240.52,-10.593,68.64,589.54,A2356raw4.mat_Line6865
25,12,0,-242.41,-10.663,68.65,588.43,A2356raw4.mat_Line6866
25,12,0,-244.41,-10.753,68.66,587.35,A2356raw4.mat_Line6867
25,12,0,-245.07,-10.82,68.67,586.11,A2356raw4.mat_Line6868
25,12,0,-245.4,-10.908,68.68,584.89,A2356raw4.mat_Line6869
25,12,0,-243.8,-10.989,68.69,584.13,A2356raw4.mat_Line6870
25,12,0,-242.26,-11.145,68.7,561.9,A2356raw6.mat_Line6871
25,12,0,-240.51,-11.22,68.71,562.51,A2356raw6.mat_Line6872
25,12,-0,-240.57,-11.228,68.72,587.71,A2356raw4.mat_Line6873
25,12,0,-240.54,-11.3,68.73,589.1,A2356raw4.mat_Line6874
25,12,0,-240.65,-11.386,68.74,589.07,A2356raw4.mat_Line6875
25,12,0,-242.06,-11.46,68.75,589.07,A2356raw4.mat_Line6876
25,12,0,-243.85,-11.536,68.76,588.75,A2356raw4.mat_Line6877
25,12,0,-245.69,-11.612,68.77,588.74,A2356raw4.mat_Line6878
25,12,0,-248.14,-11.74,68.79,586.42,A2356raw4.mat_Line6880
25,12,-0,-244.77,-11.85,68.8,566.67,A2356raw6.mat_Line6881
25,12,0,-244.68,-11.84,68.81,583.95,A2356raw4.mat_Line6882
25,12,0,-242.47,-11.886,68.82,584.86,A2356raw4.mat_Line6883
25,12,0,-241.46,-11.93,68.83,587.18,A2356raw4.mat_Line6884
25,12,0,-241.27,-11.957,68.84,590.6,A2356raw4.mat_Line6885
25,12,0,-241.47,-11.98,68.85,592.76,A2356raw4.mat_Line6886
25,12,0,-241.12,-11.996,68.86,576.1,A2356raw6.mat_Line6887
25,12,0,-242.22,-11.997,68.87,576.42,A2356raw6.mat_Line6888
25,12,0,-244.88,-12.003,68.88,593.35,A2356raw4.mat_Line6889
25,12,0,-246.13,-11.994,68.89,591.95,A2356raw4.mat_Line6890
25,12,0,-247.25,-11.987,68.9,589.47,A2356raw4.mat_Line6891
25,12,0,-247.33,-11.963,68.91,587.64,A2356raw4.mat_Line6892
25,12,0,-246.13,-11.929,68.92,569.31,A2356raw6.mat_Line6893
25,12,0,-244.54,-11.931,68.93,587.06,A2356raw4.mat_Line6894
25,12,0,-244.28,-11.92,68.94,588.48,A2356raw4.mat_Line6895
25,12,0,-242.93,-11.921,68.95,590.34,A2356raw4.mat_Line6896
25,12,0,-243.18,-11.91,68.96,591.41,A2356raw4.mat_Line6897
25,12,0,-243.45,-11.914,68.97,592.18,A2356raw4.mat_Line6898
25,12,0,-244.16,-11.901,68.98,593.26,A2356raw4.mat_Line6899
25,12,0,-244.26,-11.907,68.99,593.58,A2356raw4.mat_Line6900
25,12,0,-245.89,-11.904,69,593.72,A2356raw4.mat_Line6901
25,12,0,-246.27,-11.904,69.01,592.49,A2356raw4.mat_Line6902
25,12,0,-246.67,-11.911,69.02,590.78,A2356raw4.mat_Line6903
25,12,0,-245.56,-11.903,69.03,588.46,A2356raw4.mat_Line6904
25,12,0,-244.92,-11.888,69.04,587.05,A2356raw4.mat_Line6905
25,12,0,-244.04,-11.874,69.05,587.37,A2356raw4.mat_Line6906
25,12,0,-243.7,-11.84,69.06,588.76,A2356raw4.mat_Line6907
25,12,0,-242.99,-11.817,69.07,591.24,A2356raw4.mat_Line6908
25,12,0,-243.24,-11.787,69.08,593.87,A2356raw4.mat_Line6909
25,12,0,-243.99,-11.687,69.09,576.88,A2356raw6.mat_Line6910
25,12,0,-243.94,-11.616,69.1,577.95,A2356raw6.mat_Line6911
25,12,0,-244.51,-11.626,69.11,596.45,A2356raw4.mat_Line6912
25,12,0,-245.71,-11.542,69.12,594.71,A2356raw4.mat_Line6913
25,12,0,-246.2,-11.462,69.13,591.63,A2356raw4.mat_Line6914
25,12,0,-246.18,-11.383,69.14,588.85,A2356raw4.mat_Line6915
25,12,0,-245.64,-11.281,69.15,587.33,A2356raw4.mat_Line6916
25,12,0,-244.69,-11.19,69.16,587.83,A2356raw4.mat_Line6917
25,12,0,-243.92,-11.082,69.17,590.02,A2356raw4.mat_Line6918
25,12,0,-242.6,-10.996,69.18,592.97,A2356raw4.mat_Line6919
25,12,0,-242.77,-10.906,69.19,595.01,A2356raw4.mat_Line6920
25,12,0,-243.03,-10.813,69.2,595.61,A2356raw4.mat_Line6921
25,12,0,-245.21,-10.666,69.22,593.42,A2356raw4.mat_Line6923
25,12,0,-246.24,-10.577,69.23,592.32,A2356raw4.mat_Line6924
25,12,0,-247.02,-10.508,69.24,590.93,A2356raw4.mat_Line6925
25,12,0,-246.15,-10.419,69.25,589.86,A2356raw4.mat_Line6926
25,12,0,-245.57,-10.352,69.26,589.26,A2356raw4.mat_Line6927
25,12,0,-244.33,-10.275,69.27,589.9,A2356raw4.mat_Line6928
25,12,0,-243.44,-10.21,69.28,590.82,A2356raw4.mat_Line6929
25,12,0,-243.05,-10.153,69.29,592.21,A2356raw4.mat_Line6930
25,12,0,-243.13,-10.083,69.3,593.14,A2356raw4.mat_Line6931
25,12,0,-243.62,-10.033,69.31,593.75,A2356raw4.mat_Line6932
25,12,0,-247.36,-9.88,69.32,568.53,A2356raw6.mat_Line6933
25,12,0,-245.32,-9.892,69.33,594.35,A2356raw4.mat_Line6934
25,12,0,-246.11,-9.804,69.34,593.86,A2356raw4.mat_Line6935
25,12,0,-248.42,-9.651,69.35,569.12,A2356raw6.mat_Line6936
25,12,0,-246.5,-9.645,69.36,590.92,A2356raw4.mat_Line6937
25,12,0,-245.48,-9.569,69.37,589.53,A2356raw4.mat_Line6938
25,12,0,-244.43,-9.494,69.38,588.45,A2356raw4.mat_Line6939
25,12,0,-244.44,-9.403,69.39,588.77,A2356raw4.mat_Line6940
25,12,0,-247.29,-9.25,69.4,563.56,A2356raw6.mat_Line6941
25,12,0,-243.44,-9.254,69.41,591.41,A2356raw4.mat_Line6942
25,12,0,-244.33,-9.169,69.42,592.33,A2356raw4.mat_Line6943
25,12,0,-247.2,-9,69.43,565.58,A2356raw6.mat_Line6944
25,12,0,-245.95,-8.998,69.44,592.47,A2356raw4.mat_Line6945
25,12,0,-246.95,-8.909,69.45,591.85,A2356raw4.mat_Line6946
25,12,0,-247.48,-8.817,69.46,590.6,A2356raw4.mat_Line6947
25,12,0,-250.19,-8.655,69.47,564.94,A2356raw6.mat_Line6948
25,12,0,-245.72,-8.554,69.49,585.52,A2356raw4.mat_Line6950
25,12,0,-245.48,-8.389,69.51,585.52,A2356raw4.mat_Line6952
25,12,-0,-245.23,-8.312,69.52,586.78,A2356raw4.mat_Line6953
25,12,0,-245.85,-8.229,69.53,587.39,A2356raw4.mat_Line6954
25,12,0,-245.99,-8.159,69.54,587.53,A2356raw4.mat_Line6955
25,12,0,-248.38,-7.998,69.56,585.95,A2356raw4.mat_Line6957
25,12,0,-249.11,-7.927,69.57,584.86,A2356raw4.mat_Line6958
25,12,0,-249.7,-7.855,69.58,583.77,A2356raw4.mat_Line6959
25,12,0,-249.37,-7.783,69.59,582.56,A2356raw4.mat_Line6960
25,12,0,-248.33,-7.709,69.6,581.48,A2356raw4.mat_Line6961
25,12,0,-247.08,-7.642,69.61,581.32,A2356raw4.mat_Line6962
25,12,0,-246.86,-7.564,69.62,582.12,A2356raw4.mat_Line6963
25,12,0,-246.23,-7.491,69.63,582.57,A2356raw4.mat_Line6964
25,12,0,-250.5,-7.325,69.64,553.63,A2356raw6.mat_Line6965
25,12,0,-247.71,-7.341,69.65,581.62,A2356raw4.mat_Line6966
25,12,0,-249.58,-7.261,69.66,580.35,A2356raw4.mat_Line6967
25,12,0,-250.57,-7.171,69.67,579.42,A2356raw4.mat_Line6968
25,12,0,-252.08,-7.099,69.68,578.01,A2356raw4.mat_Line6969
25,12,-0,-255.57,-6.924,69.69,549.25,A2356raw6.mat_Line6970
25,12,0,-251.81,-6.926,69.7,575.7,A2356raw4.mat_Line6971
25,12,0,-250.45,-6.838,69.71,574.79,A2356raw4.mat_Line6972
25,12,0,-250.38,-6.757,69.72,573.72,A2356raw4.mat_Line6973
25,12,0,-249.87,-6.679,69.73,572.8,A2356raw4.mat_Line6974
25,12,0,-250.65,-6.591,69.74,572.02,A2356raw4.mat_Line6975
25,12,0,-251.57,-6.499,69.75,570.45,A2356raw4.mat_Line6976
25,12,0,-252.89,-6.422,69.76,568.42,A2356raw4.mat_Line6977
25,12,0,-254.74,-6.333,69.77,566.06,A2356raw4.mat_Line6978
25,12,0,-257.86,-6.174,69.79,562.78,A2356raw4.mat_Line6980
25,12,0,-258.56,-6.097,69.8,561.38,A2356raw4.mat_Line6981
25,12,0,-257.7,-6.021,69.81,560,A2356raw4.mat_Line6982
25,12,0,-256.95,-5.941,69.82,558.63,A2356raw4.mat_Line6983
25,12,0,-260.48,-5.792,69.83,522.41,A2356raw6.mat_Line6984
25,12,0,-256.07,-5.793,69.84,555.08,A2356raw4.mat_Line6985
25,12,0,-256.53,-5.722,69.85,552.58,A2356raw4.mat_Line6986
25,12,0,-259.12,-5.553,69.86,514.03,A2356raw6.mat_Line6987
25,12,0,-259.63,-5.478,69.87,511.85,A2356raw6.mat_Line6988
25,12,-0,-260.06,-5.485,69.88,545.08,A2356raw4.mat_Line6989
25,12,0,-261.57,-5.412,69.89,542.56,A2356raw4.mat_Line6990
25,12,0,-263.43,-5.326,69.9,540.23,A2356raw4.mat_Line6991
25,12,0,-264.29,-5.252,69.91,538.38,A2356raw4.mat_Line6992
25,12,0,-264.5,-5.175,69.92,535.76,A2356raw4.mat_Line6993
25,12,0,-263.68,-5.093,69.93,532.52,A2356raw4.mat_Line6994
25,12,0,-265.2,-4.928,69.94,492.42,A2356raw6.mat_Line6995
25,12,-0,-264.15,-4.855,69.95,489.66,A2356raw6.mat_Line6996
25,12,0,-261.14,-4.84,69.96,523.21,A2356raw4.mat_Line6997
25,12,0,-262.05,-4.762,69.97,520.42,A2356raw4.mat_Line6998
25,12,0,-262.77,-4.692,69.98,517.15,A2356raw4.mat_Line6999
25,12,0,-263.11,-4.436,70,472.88,A2356raw6.mat_Line7001
25,12,0,-265.42,-4.366,70.01,469.31,A2356raw6.mat_Line7002
25,12,0,-266.49,-4.291,70.02,465.58,A2356raw6.mat_Line7003
25,12,0,-269.29,-4.28,70.03,498.67,A2356raw4.mat_Line7004
25,12,0,-267.82,-4.204,70.04,494.18,A2356raw4.mat_Line7005
25,12,0,-266.28,-4.129,70.05,489.85,A2356raw4.mat_Line7006
25,12,0,-263.83,-4.032,70.06,485.67,A2356raw4.mat_Line7007
25,12,0,-263.24,-3.654,70.1,431.8,A2356raw6.mat_Line7011
25,12,0,-268.33,-3.655,70.11,463.61,A2356raw4.mat_Line7012
25,12,0,-271.08,-3.555,70.12,457.69,A2356raw4.mat_Line7013
25,12,-0,-272.6,-3.479,70.13,452.26,A2356raw4.mat_Line7014
25,12,0,-272.59,-3.412,70.14,446.83,A2356raw4.mat_Line7015
25,12,0,-270.45,-3.246,70.15,406.02,A2356raw6.mat_Line7016
25,12,0,-269.71,-3.169,70.16,399.96,A2356raw6.mat_Line7017
25,12,0,-265.15,-3.008,70.19,419.42,A2356raw4.mat_Line7020
25,12,0,-265.92,-2.924,70.2,413.84,A2356raw4.mat_Line7021
25,12,0,-265.88,-2.769,70.21,372.23,A2356raw6.mat_Line7022
25,12,0,-271.27,-2.768,70.22,400.16,A2356raw4.mat_Line7023
25,12,0,-267.93,-2.616,70.23,359.81,A2356raw6.mat_Line7024
25,12,0,-269.85,-2.53,70.24,352.66,A2356raw6.mat_Line7025
25,12,0,-272.8,-2.453,70.25,344.58,A2356raw6.mat_Line7026
25,12,0,-273.05,-2.365,70.27,362.45,A2356raw4.mat_Line7028
25,12,0,-270.2,-2.298,70.28,355.8,A2356raw4.mat_Line7029
25,12,0,-267.56,-2.136,70.3,342.47,A2356raw4.mat_Line7031
25,12,0,-269.05,-1.983,70.31,300.86,A2356raw6.mat_Line7032
25,12,0,-268.45,-1.878,70.32,294.19,A2356raw6.mat_Line7033
25,12,0,-268.2,-1.807,70.33,287.05,A2356raw6.mat_Line7034
25,12,0,-269.89,-1.735,70.34,278.82,A2356raw6.mat_Line7035
25,12,0,-279.64,-1.724,70.35,298.5,A2356raw4.mat_Line7036
25,12,-0,-280.56,-1.638,70.36,288.1,A2356raw4.mat_Line7037
25,12,0,-274.46,-1.309,70.39,231.02,A2356raw6.mat_Line7040
25,12,0,-271.72,-1.227,70.4,222.51,A2356raw6.mat_Line7041
25,12,0,-269.23,-1.163,70.41,214.77,A2356raw6.mat_Line7042
25,12,0,-267.09,-1.071,70.42,207.5,A2356raw6.mat_Line7043
25,12,0,-268.6,-1.065,70.43,230.34,A2356raw4.mat_Line7044
25,12,0,-271.17,-0.992,70.44,219.78,A2356raw4.mat_Line7045
25,12,0,-266.71,-0.856,70.45,182.23,A2356raw6.mat_Line7046
25,12,0,-272.36,-0.63,70.48,148.85,A2356raw6.mat_Line7049
25,12,0,-272.39,-0.544,70.49,136.89,A2356raw6.mat_Line7050
25,12,0,-268.3,-0.375,70.51,116.76,A2356raw6.mat_Line7052
25,12,0,-262.15,-0.369,70.52,137.32,A2356raw4.mat_Line7053
25,12,0,-261.43,-0.293,70.53,128.8,A2356raw4.mat_Line7054
25,12,0,-261.38,-0.123,70.54,91.06,A2356raw6.mat_Line7055
25,12,0,-268.06,0.262,70.6,41.25,A2356raw4.mat_Line7061
25,12,0,-265.82,0.418,70.61,9.91,A2356raw6.mat_Line7062
25,12,0,-262.18,0.496,70.62,-0.94,A2356raw6.mat_Line7063
25,12,0,-258.99,0.584,70.63,-10.38,A2356raw6.mat_Line7064
25,12,0,-256.02,0.656,70.64,-19.65,A2356raw6.mat_Line7065
25,12,0,-254,0.749,70.65,-28.79,A2356raw6.mat_Line7066
25,12,0,-264.4,0.906,70.68,-50.06,A2356raw4.mat_Line7069
25,12,0,-255.98,1.068,70.69,-74.25,A2356raw6.mat_Line7070
25,12,0,-257.42,1.144,70.7,-86.83,A2356raw6.mat_Line7071
25,12,0,-258.53,1.227,70.71,-98.93,A2356raw6.mat_Line7072
25,12,0,-257.79,1.313,70.72,-110.56,A2356raw6.mat_Line7073
25,12,0,-255.3,1.389,70.73,-120.94,A2356raw6.mat_Line7074
25,12,0,-252.62,1.481,70.74,-129.92,A2356raw6.mat_Line7075
25,12,0,-247.32,1.462,70.75,-122.97,A2356raw4.mat_Line7076
25,12,0,-247.56,1.555,70.76,-134.61,A2356raw4.mat_Line7077
25,12,0,-247.17,1.784,70.78,-166.93,A2356raw6.mat_Line7079
25,12,0,-248.06,1.859,70.79,-178.27,A2356raw6.mat_Line7080
25,12,0,-249.4,1.937,70.8,-190.69,A2356raw6.mat_Line7081
25,12,0,-250.8,2.006,70.81,-203.27,A2356raw6.mat_Line7082
25,12,0,-251.51,2.109,70.82,-214.91,A2356raw6.mat_Line7083
25,12,0,-249.1,2.099,70.83,-221.66,A2356raw4.mat_Line7084
25,12,0,-244.63,2.188,70.84,-228.74,A2356raw4.mat_Line7085
25,12,0,-241.98,2.595,70.88,-264.43,A2356raw6.mat_Line7089
25,12,0,-242.12,2.682,70.89,-272.82,A2356raw6.mat_Line7090
25,12,0,-242.21,2.748,70.9,-283.23,A2356raw6.mat_Line7091
25,12,0,-249.24,2.751,70.91,-304.35,A2356raw4.mat_Line7092
25,12,-0,-244.39,2.902,70.92,-305.27,A2356raw6.mat_Line7093
25,12,0,-244.99,2.908,70.93,-321.53,A2356raw4.mat_Line7094
25,12,0,-244.17,3.053,70.94,-323.42,A2356raw6.mat_Line7095
25,12,0,-242.76,3.126,70.95,-330.7,A2356raw6.mat_Line7096
25,12,0,-233.99,3.219,70.97,-342.77,A2356raw4.mat_Line7098
25,12,0,-234.03,3.289,70.98,-351.32,A2356raw4.mat_Line7099
25,12,0,-235.16,3.381,70.99,-361.28,A2356raw4.mat_Line7100
25,12,0,-236.89,3.467,71,-371.57,A2356raw4.mat_Line7101
25,12,0,-238.57,3.535,71.01,-381.05,A2356raw4.mat_Line7102
25,12,0,-240.09,3.627,71.02,-389.12,A2356raw4.mat_Line7103
25,12,0,-233.98,3.783,71.03,-383.38,A2356raw6.mat_Line7104
25,12,0,-237.08,3.784,71.04,-398.51,A2356raw4.mat_Line7105
25,12,0,-233.89,3.859,71.05,-401.1,A2356raw4.mat_Line7106
25,12,0,-230.15,3.946,71.06,-403.24,A2356raw4.mat_Line7107
25,12,0,-227.77,4.028,71.07,-406.63,A2356raw4.mat_Line7108
25,12,0,-227.09,4.098,71.08,-411.59,A2356raw4.mat_Line7109
25,12,0,-228.51,4.258,71.09,-410.25,A2356raw6.mat_Line7110
25,12,0,-229.15,4.263,71.1,-426.09,A2356raw4.mat_Line7111
25,12,0,-232.2,4.343,71.11,-433.68,A2356raw4.mat_Line7112
25,12,0,-235.04,4.423,71.12,-441.14,A2356raw4.mat_Line7113
25,12,-0,-230.16,4.571,71.13,-431.24,A2356raw6.mat_Line7114
25,12,0,-237.52,4.582,71.14,-452.47,A2356raw4.mat_Line7115
25,12,0,-236.03,4.656,71.15,-455.72,A2356raw4.mat_Line7116
25,12,0,-232.37,4.741,71.16,-457.71,A2356raw4.mat_Line7117
25,12,0,-226.61,4.904,71.18,-460.33,A2356raw4.mat_Line7119
25,12,0,-225.68,4.99,71.19,-463.1,A2356raw4.mat_Line7120
25,12,0,-228.69,5.156,71.21,-474.45,A2356raw4.mat_Line7122
25,12,0,-232.23,5.231,71.22,-481.78,A2356raw4.mat_Line7123
25,12,0,-229.54,5.395,71.23,-467.84,A2356raw6.mat_Line7124
25,12,0,-238.04,5.385,71.24,-495.91,A2356raw4.mat_Line7125
25,12,0,-239.44,5.471,71.25,-501.04,A2356raw4.mat_Line7126
25,12,0,-234.76,5.627,71.27,-505.03,A2356raw4.mat_Line7128
25,12,0,-230.85,5.712,71.28,-504.85,A2356raw4.mat_Line7129
25,12,0,-236.24,5.868,71.29,-492.98,A2356raw6.mat_Line7130
25,12,0,-226.31,5.881,71.3,-505.92,A2356raw4.mat_Line7131
25,12,0,-226.77,5.948,71.31,-508.69,A2356raw4.mat_Line7132
25,12,0,-228.95,6.031,71.32,-514.45,A2356raw4.mat_Line7133
25,12,0,-232.12,6.121,71.33,-521.29,A2356raw4.mat_Line7134
25,12,0,-235.87,6.2,71.34,-528.14,A2356raw4.mat_Line7135
25,12,0,-239.27,6.269,71.35,-535.14,A2356raw4.mat_Line7136
25,12,0,-240.98,6.347,71.36,-540.43,A2356raw4.mat_Line7137
25,12,-0,-239.81,6.432,71.37,-543.21,A2356raw4.mat_Line7138
25,12,0,-237.06,6.508,71.38,-543.52,A2356raw4.mat_Line7139
25,12,0,-232.77,6.602,71.39,-542.11,A2356raw4.mat_Line7140
25,12,0,-229.83,6.675,71.4,-540.23,A2356raw4.mat_Line7141
25,12,0,-227.81,6.751,71.41,-540.04,A2356raw4.mat_Line7142
25,12,0,-227.71,6.826,71.42,-542.05,A2356raw4.mat_Line7143
25,12,0,-229.46,6.907,71.43,-546.39,A2356raw4.mat_Line7144
25,12,0,-232.59,6.99,71.44,-552.47,A2356raw4.mat_Line7145
25,12,0,-236.22,7.063,71.45,-559.15,A2356raw4.mat_Line7146
25,12,-0,-239.53,7.149,71.46,-565.69,A2356raw4.mat_Line7147
25,12,0,-241.97,7.231,71.47,-570.84,A2356raw4.mat_Line7148
25,12,0,-242.33,7.307,71.48,-573.02,A2356raw4.mat_Line7149
25,12,0,-240.4,7.387,71.49,-571.92,A2356raw4.mat_Line7150
25,12,0,-236.93,7.471,71.5,-568.48,A2356raw4.mat_Line7151
25,12,0,-233.36,7.549,71.51,-564.58,A2356raw4.mat_Line7152
25,12,0,-230.6,7.639,71.52,-562.54,A2356raw4.mat_Line7153
25,12,0,-229.78,7.718,71.53,-562.83,A2356raw4.mat_Line7154
25,12,0,-231,7.797,71.54,-566.23,A2356raw4.mat_Line7155
25,12,-0,-233.49,7.868,71.55,-571.99,A2356raw4.mat_Line7156
25,12,0,-236.91,7.964,71.56,-578.85,A2356raw4.mat_Line7157
25,12,0,-241.27,8.036,71.57,-585.71,A2356raw4.mat_Line7158
25,12,0,-244.26,8.113,71.58,-590.71,A2356raw4.mat_Line7159
25,12,0,-245.35,8.19,71.59,-592.57,A2356raw4.mat_Line7160
25,12,0,-244.72,8.273,71.6,-590.4,A2356raw4.mat_Line7161
25,12,0,-241.52,8.345,71.61,-584.95,A2356raw4.mat_Line7162
25,12,0,-237.57,8.438,71.62,-579.19,A2356raw4.mat_Line7163
25,12,0,-241.61,8.583,71.63,-565.45,A2356raw6.mat_Line7164
25,12,0,-239.67,8.674,71.64,-562.49,A2356raw6.mat_Line7165
25,12,0,-236.67,8.749,71.65,-559.05,A2356raw6.mat_Line7166
25,12,0,-236.01,8.749,71.66,-582.39,A2356raw4.mat_Line7167
25,12,0,-238.68,8.833,71.67,-589.11,A2356raw4.mat_Line7168
25,12,0,-243.43,8.906,71.68,-595.66,A2356raw4.mat_Line7169
25,12,0,-246.69,8.994,71.69,-600.51,A2356raw4.mat_Line7170
25,12,-0,-248.78,9.071,71.7,-601.12,A2356raw4.mat_Line7171
25,12,0,-249.14,9.158,71.71,-597.71,A2356raw4.mat_Line7172
25,12,0,-246.38,9.225,71.72,-591.48,A2356raw4.mat_Line7173
25,12,-0,-242.87,9.316,71.73,-584.77,A2356raw4.mat_Line7174
25,12,0,-239.16,9.393,71.74,-580.25,A2356raw4.mat_Line7175
25,12,0,-237.14,9.477,71.75,-578.53,A2356raw4.mat_Line7176
25,12,0,-236.74,9.555,71.76,-580.84,A2356raw4.mat_Line7177
25,12,0,-238.42,9.624,71.77,-585.66,A2356raw4.mat_Line7178
25,12,-0,-241.84,9.721,71.78,-592.36,A2356raw4.mat_Line7179
25,12,0,-238.26,9.868,71.79,-564.93,A2356raw6.mat_Line7180
25,12,0,-248.86,9.871,71.8,-602.99,A2356raw4.mat_Line7181
25,12,0,-251.66,9.957,71.81,-604.24,A2356raw4.mat_Line7182
25,12,0,-251.89,10.043,71.82,-600.51,A2356raw4.mat_Line7183
25,12,0,-250.68,10.105,71.83,-593.35,A2356raw4.mat_Line7184
25,12,0,-247.42,10.195,71.84,-586.03,A2356raw4.mat_Line7185
25,12,0,-243.9,10.276,71.85,-580.89,A2356raw4.mat_Line7186
25,12,0,-241.51,10.347,71.86,-578.54,A2356raw4.mat_Line7187
25,12,0,-240.89,10.428,71.87,-579.62,A2356raw4.mat_Line7188
25,12,0,-241.8,10.504,71.88,-583.66,A2356raw4.mat_Line7189
25,12,0,-243.99,10.587,71.89,-589.6,A2356raw4.mat_Line7190
25,12,0,-247.16,10.662,71.9,-595.37,A2356raw4.mat_Line7191
25,12,0,-250.61,10.753,71.91,-599.74,A2356raw4.mat_Line7192
25,12,0,-253.51,10.825,71.92,-600.85,A2356raw4.mat_Line7193
25,12,0,-254.27,10.914,71.93,-598.21,A2356raw4.mat_Line7194
25,12,0,-254.08,10.992,71.94,-591.52,A2356raw4.mat_Line7195
25,12,0,-252.13,11.071,71.95,-583.58,A2356raw4.mat_Line7196
25,12,0,-249.59,11.154,71.96,-577.2,A2356raw4.mat_Line7197
25,12,0,-246.9,11.239,71.97,-574.07,A2356raw4.mat_Line7198
25,12,0,-245.11,11.316,71.98,-574.68,A2356raw4.mat_Line7199
25,12,0,-247.01,11.483,72,-582.78,A2356raw4.mat_Line7201
25,12,0,-249.87,11.548,72.01,-587.78,A2356raw4.mat_Line7202
25,12,0,-245.01,11.687,72.02,-570.36,A2356raw6.mat_Line7203
25,12,0,-246.41,11.758,72.03,-574.73,A2356raw6.mat_Line7204
25,12,0,-257.5,11.748,72.04,-592.92,A2356raw4.mat_Line7205
25,12,-0,-257.71,11.81,72.05,-588.56,A2356raw4.mat_Line7206
25,12,0,-255.3,11.85,72.06,-582.5,A2356raw4.mat_Line7207
25,12,0,-251.82,11.896,72.07,-575.81,A2356raw4.mat_Line7208
25,12,0,-248.69,11.92,72.08,-570.17,A2356raw4.mat_Line7209
25,12,-0,-245.12,11.953,72.09,-567.79,A2356raw4.mat_Line7210
25,12,0,-243.73,11.977,72.1,-569.48,A2356raw4.mat_Line7211
25,12,0,-243.91,11.996,72.11,-570.79,A2356raw6.mat_Line7212
25,12,0,-244.31,12.016,72.12,-577.19,A2356raw6.mat_Line7213
25,12,0,-251.81,12.012,72.13,-592.71,A2356raw4.mat_Line7214
25,12,-0,-257.4,12.01,72.14,-602.09,A2356raw4.mat_Line7215
25,12,0,-262.07,12.006,72.15,-608.06,A2356raw4.mat_Line7216
25,12,0,-263.13,11.998,72.16,-609.02,A2356raw4.mat_Line7217
25,12,0,-260.97,11.992,72.17,-603.11,A2356raw4.mat_Line7218
25,12,0,-256.06,11.986,72.18,-591.72,A2356raw4.mat_Line7219
25,12,0,-249.3,11.973,72.19,-577.35,A2356raw4.mat_Line7220
25,12,0,-243.77,11.962,72.2,-564.67,A2356raw4.mat_Line7221
25,12,0,-238.71,11.949,72.21,-557.92,A2356raw4.mat_Line7222
25,12,0,-238.53,11.927,72.22,-559.15,A2356raw4.mat_Line7223
25,12,0,-242.11,11.927,72.23,-567.89,A2356raw4.mat_Line7224
25,12,0,-245.91,11.909,72.24,-580.21,A2356raw6.mat_Line7225
25,12,0,-249.21,11.904,72.25,-591.65,A2356raw6.mat_Line7226
25,12,0,-252.27,11.903,72.26,-599.78,A2356raw6.mat_Line7227
25,12,0,-260.8,11.89,72.27,-613.44,A2356raw4.mat_Line7228
25,12,0,-259.65,11.88,72.28,-608.45,A2356raw4.mat_Line7229
25,12,0,-255.83,11.88,72.29,-596.42,A2356raw4.mat_Line7230
25,12,0,-250.74,11.874,72.3,-582.03,A2356raw4.mat_Line7231
25,12,0,-245.68,11.867,72.31,-569.97,A2356raw4.mat_Line7232
25,12,-0,-241.11,11.831,72.32,-562.91,A2356raw4.mat_Line7233
25,12,0,-244.15,11.714,72.35,-570.67,A2356raw4.mat_Line7236
25,12,0,-249.38,11.665,72.36,-581.61,A2356raw4.mat_Line7237
25,12,0,-253.93,11.602,72.37,-594.73,A2356raw4.mat_Line7238
25,12,0,-253.84,11.448,72.38,-601.26,A2356raw6.mat_Line7239
25,12,0,-261.3,11.448,72.39,-612.12,A2356raw4.mat_Line7240
25,12,0,-260.86,11.277,72.4,-606.58,A2356raw6.mat_Line7241
25,12,0,-260.25,11.171,72.41,-602.67,A2356raw6.mat_Line7242
25,12,0,-252.97,11.183,72.42,-596.54,A2356raw4.mat_Line7243
25,12,0,-252.05,10.974,72.43,-579.73,A2356raw6.mat_Line7244
25,12,0,-241.95,10.979,72.44,-573.88,A2356raw4.mat_Line7245
25,12,0,-240.29,10.881,72.45,-564.8,A2356raw4.mat_Line7246
25,12,0,-240.19,10.775,72.46,-561.82,A2356raw4.mat_Line7247
25,12,0,-241.72,10.586,72.47,-557.12,A2356raw6.mat_Line7248
25,12,0,-246.32,10.491,72.48,-566.97,A2356raw6.mat_Line7249
25,12,0,-251.13,10.415,72.49,-579.35,A2356raw6.mat_Line7250
25,12,0,-256.43,10.335,72.5,-590.76,A2356raw6.mat_Line7251
25,12,0,-258.84,10.331,72.51,-604.87,A2356raw4.mat_Line7252
25,12,0,-257.11,10.264,72.52,-605.05,A2356raw4.mat_Line7253
25,12,0,-253.47,10.191,72.53,-599.28,A2356raw4.mat_Line7254
25,12,0,-249.34,10.122,72.54,-590.35,A2356raw4.mat_Line7255
25,12,0,-245.6,10.063,72.55,-581.1,A2356raw4.mat_Line7256
25,12,0,-247.58,9.949,72.56,-565.09,A2356raw6.mat_Line7257
25,12,0,-244.56,9.883,72.57,-560.08,A2356raw6.mat_Line7258
25,12,0,-243.99,9.815,72.58,-560.71,A2356raw6.mat_Line7259
25,12,0,-244.85,9.742,72.59,-565.23,A2356raw6.mat_Line7260
25,12,0,-252.01,9.747,72.6,-586.48,A2356raw4.mat_Line7261
25,12,0,-255.26,9.675,72.61,-592.28,A2356raw4.mat_Line7262
25,12,0,-255.52,9.516,72.62,-583.22,A2356raw6.mat_Line7263
25,12,0,-257.08,9.446,72.63,-585.87,A2356raw6.mat_Line7264
25,12,0,-257.82,9.356,72.64,-586.33,A2356raw6.mat_Line7265
25,12,0,-256.48,9.281,72.65,-583.84,A2356raw6.mat_Line7266
25,12,0,-244.97,9.281,72.66,-585.43,A2356raw4.mat_Line7267
25,12,0,-245.26,9.185,72.67,-585.42,A2356raw4.mat_Line7268
25,12,0,-247.06,9.111,72.68,-586.82,A2356raw4.mat_Line7269
25,12,0,-249.39,8.922,72.69,-568.87,A2356raw6.mat_Line7270
25,12,0,-252.27,8.922,72.7,-588.39,A2356raw4.mat_Line7271
25,12,0,-249.06,8.647,72.72,-565.48,A2356raw6.mat_Line7273
25,12,0,-253.24,8.643,72.73,-583.74,A2356raw4.mat_Line7274
25,12,0,-251.74,8.545,72.74,-581.58,A2356raw4.mat_Line7275
25,12,0,-250.67,8.474,72.75,-580.49,A2356raw4.mat_Line7276
25,12,0,-249.35,8.388,72.76,-580.34,A2356raw4.mat_Line7277
25,12,0,-248.75,8.293,72.77,-580.98,A2356raw4.mat_Line7278
25,12,0,-253.22,8.059,72.79,-564.93,A2356raw6.mat_Line7280
25,12,0,-250.96,7.984,72.8,-560.26,A2356raw6.mat_Line7281
25,12,0,-251.97,7.988,72.81,-583.33,A2356raw4.mat_Line7282
25,12,0,-254.42,7.92,72.82,-584.89,A2356raw4.mat_Line7283
25,12,0,-256.43,7.86,72.83,-585.83,A2356raw4.mat_Line7284
25,12,0,-256.8,7.784,72.84,-585.2,A2356raw4.mat_Line7285
25,12,0,-256.9,7.728,72.85,-582.25,A2356raw4.mat_Line7286
25,12,0,-254.81,7.659,72.86,-578.51,A2356raw4.mat_Line7287
25,12,0,-257.76,7.433,72.88,-562.14,A2356raw6.mat_Line7289
25,12,0,-248.14,7.44,72.89,-569.75,A2356raw4.mat_Line7290
25,12,0,-248.36,7.354,72.9,-570.69,A2356raw4.mat_Line7291
25,12,0,-250.57,7.274,72.91,-572.88,A2356raw4.mat_Line7292
25,12,0,-253.23,7.201,72.92,-576.02,A2356raw4.mat_Line7293
25,12,0,-256.44,7.125,72.93,-579.3,A2356raw4.mat_Line7294
25,12,0,-259.71,7.036,72.94,-581.34,A2356raw4.mat_Line7295
25,12,0,-260.06,6.946,72.95,-580.56,A2356raw4.mat_Line7296
25,12,0,-258.96,6.863,72.96,-576.82,A2356raw4.mat_Line7297
25,12,0,-256,6.774,72.97,-571.06,A2356raw4.mat_Line7298
25,12,0,-253.15,6.681,72.98,-564.99,A2356raw4.mat_Line7299
25,12,0,-250.79,6.602,72.99,-560.16,A2356raw4.mat_Line7300
25,12,0,-249.76,6.514,73,-557.53,A2356raw4.mat_Line7301
25,12,0,-251.37,6.429,73.01,-557.55,A2356raw4.mat_Line7302
25,12,-0,-253.91,6.327,73.02,-559.28,A2356raw4.mat_Line7303
25,12,0,-257.08,6.253,73.03,-561.5,A2356raw4.mat_Line7304
25,12,0,-261.01,6.168,73.04,-562.91,A2356raw4.mat_Line7305
25,12,-0,-263.32,6.097,73.05,-563.08,A2356raw4.mat_Line7306
25,12,0,-264.98,6.017,73.06,-560.6,A2356raw4.mat_Line7307
25,12,0,-263.48,5.934,73.07,-555.93,A2356raw4.mat_Line7308
25,12,0,-261.25,5.852,73.08,-550.65,A2356raw4.mat_Line7309
25,12,0,-266.49,5.703,73.09,-522.66,A2356raw6.mat_Line7310
25,12,0,-267.05,5.624,73.1,-521.12,A2356raw6.mat_Line7311
25,12,0,-266.55,5.549,73.11,-518.01,A2356raw6.mat_Line7312
25,12,0,-257.59,5.553,73.12,-536.52,A2356raw4.mat_Line7313
25,12,0,-259.97,5.473,73.13,-535.45,A2356raw4.mat_Line7314
25,12,0,-262.41,5.402,73.14,-534.53,A2356raw4.mat_Line7315
25,12,-0,-265.03,5.318,73.15,-533.46,A2356raw4.mat_Line7316
25,12,0,-267.09,5.236,73.16,-531.62,A2356raw4.mat_Line7317
25,12,0,-268.57,5.165,73.17,-529.61,A2356raw4.mat_Line7318
25,12,0,-268.32,4.92,73.19,-491.35,A2356raw6.mat_Line7320
25,12,0,-263.97,4.936,73.2,-517.32,A2356raw4.mat_Line7321
25,12,0,-262.13,4.85,73.21,-512.5,A2356raw4.mat_Line7322
25,12,0,-261.28,4.771,73.22,-508.14,A2356raw4.mat_Line7323
25,12,0,-260.92,4.689,73.23,-504.43,A2356raw4.mat_Line7324
25,12,0,-261.3,4.612,73.24,-501.48,A2356raw4.mat_Line7325
25,12,0,-263.8,4.53,73.25,-498.71,A2356raw4.mat_Line7326
25,12,0,-262.04,4.367,73.26,-463.87,A2356raw6.mat_Line7327
25,12,0,-269.85,4.367,73.27,-494.56,A2356raw4.mat_Line7328
25,12,0,-271.83,4.28,73.28,-491.78,A2356raw4.mat_Line7329
25,12,0,-271.78,4.214,73.29,-488.53,A2356raw4.mat_Line7330
25,12,0,-270.12,4.125,73.3,-483.87,A2356raw4.mat_Line7331
25,12,0,-270.93,3.975,73.31,-448.25,A2356raw6.mat_Line7332
25,12,0,-271.93,3.896,73.32,-445.77,A2356raw6.mat_Line7333
25,12,0,-271.11,3.815,73.33,-442.52,A2356raw6.mat_Line7334
25,12,0,-269.13,3.729,73.34,-437.39,A2356raw6.mat_Line7335
25,12,0,-261.46,3.74,73.35,-453.57,A2356raw4.mat_Line7336
25,12,0,-264.01,3.658,73.36,-448.94,A2356raw4.mat_Line7337
25,12,0,-267.17,3.577,73.37,-444.92,A2356raw4.mat_Line7338
25,12,-0,-270.27,3.497,73.38,-441.68,A2356raw4.mat_Line7339
25,12,0,-262.52,3.323,73.39,-406.18,A2356raw6.mat_Line7340
25,12,0,-264.75,3.248,73.4,-401.54,A2356raw6.mat_Line7341
25,12,0,-267.05,3.154,73.41,-397.2,A2356raw6.mat_Line7342
25,12,-0,-269.06,3.083,73.42,-393.65,A2356raw6.mat_Line7343
25,12,0,-265.32,3.084,73.43,-414.22,A2356raw4.mat_Line7344
25,12,0,-262.7,3.003,73.44,-405.98,A2356raw4.mat_Line7345
25,12,0,-260.7,2.933,73.45,-397.44,A2356raw4.mat_Line7346
25,12,0,-261.75,2.848,73.46,-389.52,A2356raw4.mat_Line7347
25,12,0,-265.29,2.699,73.47,-364.18,A2356raw6.mat_Line7348
25,12,0,-263.4,2.615,73.48,-355.02,A2356raw6.mat_Line7349
25,12,0,-262.22,2.536,73.49,-346.32,A2356raw6.mat_Line7350
25,12,0,-275.64,2.469,73.51,-362.17,A2356raw4.mat_Line7352
25,12,-0,-275.35,2.377,73.52,-355.65,A2356raw4.mat_Line7353
25,12,0,-272.07,2.305,73.53,-348.04,A2356raw4.mat_Line7354
25,12,0,-267.58,2.211,73.54,-338.87,A2356raw4.mat_Line7355
25,12,0,-271.27,2.046,73.55,-310.41,A2356raw6.mat_Line7356
25,12,0,-270.91,1.963,73.56,-303.58,A2356raw6.mat_Line7357
25,12,0,-268.14,1.886,73.57,-295.5,A2356raw6.mat_Line7358
25,12,0,-265.06,1.819,73.58,-286.18,A2356raw6.mat_Line7359
25,12,0,-262.38,1.721,73.59,-275.76,A2356raw6.mat_Line7360
25,12,0,-269.38,1.743,73.6,-285.96,A2356raw4.mat_Line7361
25,12,0,-272.39,1.648,73.61,-280.1,A2356raw4.mat_Line7362
25,12,0,-266.92,1.244,73.65,-227.56,A2356raw6.mat_Line7366
25,12,0,-267.73,1.167,73.66,-220.58,A2356raw6.mat_Line7367
25,12,0,-256.08,1.095,73.68,-211.9,A2356raw4.mat_Line7369
25,12,-0,-259.51,0.937,73.7,-192.98,A2356raw4.mat_Line7371
25,12,0,-262.94,0.845,73.71,-185.42,A2356raw4.mat_Line7372
25,12,0,-256.37,0.43,73.75,-134.73,A2356raw6.mat_Line7376
25,12,0,-258.57,0.361,73.76,-127.15,A2356raw6.mat_Line7377
25,12,0,-255.33,0.367,73.77,-129.24,A2356raw4.mat_Line7378
25,12,0,-251.12,0.285,73.78,-115.86,A2356raw4.mat_Line7379
25,12,0,-248.93,0.212,73.79,-103.27,A2356raw4.mat_Line7380
25,12,0,-249.03,0.14,73.8,-92.41,A2356raw4.mat_Line7381
25,12,0,-248.76,-0.021,73.81,-77.29,A2356raw6.mat_Line7382
25,12,0,-245.48,-0.248,73.84,-42.66,A2356raw6.mat_Line7385
25,12,0,-246.25,-0.336,73.85,-33.06,A2356raw6.mat_Line7386
25,12,0,-254.7,-0.336,73.86,-38.35,A2356raw4.mat_Line7387
25,12,0,-249.97,-0.429,73.87,-24.98,A2356raw4.mat_Line7388
25,12,0,-244.89,-0.52,73.88,-10.65,A2356raw4.mat_Line7389
25,12,0,-249.72,-0.689,73.89,4.13,A2356raw6.mat_Line7390
25,12,0,-246.71,-0.766,73.9,15.77,A2356raw6.mat_Line7391
25,12,0,-244.2,-0.913,73.93,48.59,A2356raw4.mat_Line7394
25,12,0,-246.08,-0.986,73.94,58.17,A2356raw4.mat_Line7395
25,12,0,-247.41,-1.064,73.95,68.23,A2356raw4.mat_Line7396
25,12,0,-237.48,-1.216,73.96,88.45,A2356raw6.mat_Line7397
25,12,0,-237.7,-1.29,73.97,98.04,A2356raw6.mat_Line7398
25,12,0,-238.43,-1.382,73.98,107.96,A2356raw6.mat_Line7399
25,12,0,-239.02,-1.463,73.99,118.35,A2356raw6.mat_Line7400
25,12,0,-237.67,-1.539,74,129.06,A2356raw6.mat_Line7401
25,12,0,-230.81,-1.622,74.02,160.4,A2356raw4.mat_Line7403
25,12,0,-230.39,-1.699,74.03,170.62,A2356raw4.mat_Line7404
25,12,0,-224.76,-2.032,74.06,199.61,A2356raw6.mat_Line7407
25,12,-0,-224.68,-2.105,74.07,209.06,A2356raw6.mat_Line7408
25,12,0,-225.57,-2.186,74.08,217.88,A2356raw6.mat_Line7409
25,12,0,-229.73,-2.193,74.09,234.37,A2356raw4.mat_Line7410
25,12,0,-225.95,-2.265,74.1,246.52,A2356raw4.mat_Line7411
25,12,0,-227.74,-2.417,74.11,245.33,A2356raw6.mat_Line7412
25,12,-0,-223.48,-2.667,74.14,275.04,A2356raw6.mat_Line7415
25,12,0,-220.78,-2.74,74.15,284.02,A2356raw6.mat_Line7416
25,12,0,-227.51,-2.815,74.17,307.57,A2356raw4.mat_Line7418
25,12,0,-228.89,-2.897,74.18,316.56,A2356raw4.mat_Line7419
25,12,0,-228.1,-2.982,74.19,325.58,A2356raw4.mat_Line7420
25,12,0,-225.02,-3.057,74.2,334.9,A2356raw4.mat_Line7421
25,12,0,-224.1,-3.216,74.21,330.2,A2356raw6.mat_Line7422
25,12,0,-223.95,-3.453,74.24,349.74,A2356raw6.mat_Line7425
25,12,0,-218.02,-3.462,74.25,373.1,A2356raw4.mat_Line7426
25,12,0,-220.37,-3.537,74.26,378.33,A2356raw4.mat_Line7427
25,12,0,-224.13,-3.611,74.27,383.76,A2356raw4.mat_Line7428
25,12,0,-227.16,-3.693,74.28,388.99,A2356raw4.mat_Line7429
25,12,0,-219.07,-3.856,74.29,385.76,A2356raw6.mat_Line7430
25,12,0,-221.04,-3.939,74.3,391.17,A2356raw6.mat_Line7431
25,12,0,-223.26,-4.013,74.31,396.11,A2356raw6.mat_Line7432
25,12,0,-223.11,-4.019,74.32,415.1,A2356raw4.mat_Line7433
25,12,0,-219.93,-4.094,74.33,421.78,A2356raw4.mat_Line7434
25,12,0,-217.85,-4.178,74.34,428.15,A2356raw4.mat_Line7435
25,12,0,-218.49,-4.262,74.35,433.91,A2356raw4.mat_Line7436
25,12,0,-218.94,-4.336,74.36,438.38,A2356raw4.mat_Line7437
25,12,0,-221.87,-4.424,74.37,442.24,A2356raw4.mat_Line7438
25,12,0,-225.84,-4.506,74.38,445.47,A2356raw4.mat_Line7439
25,12,0,-229.22,-4.58,74.39,448.69,A2356raw4.mat_Line7440
25,12,0,-232.01,-4.665,74.4,452.87,A2356raw4.mat_Line7441
25,12,0,-231.83,-4.741,74.41,457.51,A2356raw4.mat_Line7442
25,12,0,-230.3,-4.815,74.42,462.51,A2356raw4.mat_Line7443
25,12,0,-228.68,-4.981,74.43,450.52,A2356raw6.mat_Line7444
25,12,0,-223.26,-4.974,74.44,472.78,A2356raw4.mat_Line7445
25,12,0,-221.53,-5.063,74.45,478.22,A2356raw4.mat_Line7446
25,12,0,-220.84,-5.146,74.46,483.04,A2356raw4.mat_Line7447
25,12,0,-221.66,-5.212,74.47,486.91,A2356raw4.mat_Line7448
25,12,0,-224.03,-5.302,74.48,489.37,A2356raw4.mat_Line7449
25,12,0,-227.41,-5.375,74.49,491.67,A2356raw4.mat_Line7450
25,12,0,-230.57,-5.457,74.5,493.51,A2356raw4.mat_Line7451
25,12,0,-232.62,-5.538,74.51,495.65,A2356raw4.mat_Line7452
25,12,0,-233.74,-5.62,74.52,498.58,A2356raw4.mat_Line7453
25,12,0,-233.2,-5.706,74.53,501.23,A2356raw4.mat_Line7454
25,12,0,-230.85,-5.773,74.54,504.82,A2356raw4.mat_Line7455
25,12,0,-226.92,-5.869,74.55,508.57,A2356raw4.mat_Line7456
25,12,0,-224.38,-5.941,74.56,512.78,A2356raw4.mat_Line7457
25,12,0,-234.42,-6.104,74.57,488.91,A2356raw6.mat_Line7458
25,12,0,-223.39,-6.108,74.58,521.79,A2356raw4.mat_Line7459
25,12,0,-224.57,-6.177,74.59,524.09,A2356raw4.mat_Line7460
25,12,0,-227.04,-6.271,74.6,525.79,A2356raw4.mat_Line7461
25,12,0,-229.68,-6.339,74.61,526.68,A2356raw4.mat_Line7462
25,12,0,-232.74,-6.42,74.62,527.9,A2356raw4.mat_Line7463
25,12,0,-234.5,-6.509,74.63,529.59,A2356raw4.mat_Line7464
25,12,0,-233.68,-6.571,74.64,531.14,A2356raw4.mat_Line7465
25,12,0,-231.26,-6.665,74.65,533.35,A2356raw4.mat_Line7466
25,12,0,-228.22,-6.735,74.66,536.63,A2356raw4.mat_Line7467
25,12,0,-225.35,-6.813,74.67,541.01,A2356raw4.mat_Line7468
25,12,0,-223.82,-6.906,74.68,545.51,A2356raw4.mat_Line7469
25,12,0,-223.55,-6.984,74.69,549.39,A2356raw4.mat_Line7470
25,12,0,-224.63,-7.067,74.7,551.71,A2356raw4.mat_Line7471
25,12,0,-226.4,-7.132,74.71,552.78,A2356raw4.mat_Line7472
25,12,0,-229.12,-7.222,74.72,552.59,A2356raw4.mat_Line7473
25,12,0,-232.59,-7.298,74.73,552.72,A2356raw4.mat_Line7474
25,12,0,-229.01,-7.54,74.75,535.01,A2356raw6.mat_Line7476
25,12,0,-233.84,-7.543,74.76,555.81,A2356raw4.mat_Line7477
25,12,0,-230.68,-7.622,74.77,558.47,A2356raw4.mat_Line7478
25,12,0,-228.06,-7.696,74.78,562.08,A2356raw4.mat_Line7479
25,12,0,-225.47,-7.785,74.79,566.13,A2356raw4.mat_Line7480
25,12,0,-225.32,-7.866,74.8,569.68,A2356raw4.mat_Line7481
25,12,0,-226.03,-7.944,74.81,571.83,A2356raw4.mat_Line7482
25,12,0,-227.47,-8.027,74.82,571.99,A2356raw4.mat_Line7483
25,12,-0,-230.4,-8.2,74.83,543.71,A2356raw6.mat_Line7484
25,12,0,-234.33,-8.193,74.84,569.92,A2356raw4.mat_Line7485
25,12,0,-236.85,-8.27,74.85,569.11,A2356raw4.mat_Line7486
25,12,0,-231.28,-8.423,74.86,549.87,A2356raw6.mat_Line7487
25,12,0,-237.07,-8.433,74.87,569.27,A2356raw4.mat_Line7488
25,12,0,-234.57,-8.501,74.88,571.17,A2356raw4.mat_Line7489
25,12,0,-232.43,-8.587,74.89,573.83,A2356raw4.mat_Line7490
25,12,0,-229.79,-8.674,74.9,577.41,A2356raw4.mat_Line7491
25,12,0,-229.23,-8.754,74.91,580.83,A2356raw4.mat_Line7492
25,12,0,-237.18,-8.909,74.92,547.97,A2356raw6.mat_Line7493
25,12,0,-230.8,-8.909,74.93,582.8,A2356raw4.mat_Line7494
25,12,0,-233.85,-9.072,74.94,552.33,A2356raw6.mat_Line7495
25,12,0,-235.9,-9.065,74.95,580.43,A2356raw4.mat_Line7496
25,12,0,-238.85,-9.144,74.96,579.02,A2356raw4.mat_Line7497
25,12,0,-240.22,-9.222,74.97,578.86,A2356raw4.mat_Line7498
25,12,0,-235.28,-9.394,74.98,558.06,A2356raw6.mat_Line7499
25,12,0,-239.18,-9.388,74.99,579.67,A2356raw4.mat_Line7500
25,12,0,-236.8,-9.466,75,581.24,A2356raw4.mat_Line7501
25,12,0,-234.7,-9.549,75.01,583.12,A2356raw4.mat_Line7502
25,12,0,-233.7,-9.623,75.02,585.44,A2356raw4.mat_Line7503
25,12,0,-233.19,-9.708,75.03,586.67,A2356raw4.mat_Line7504
25,12,-0,-234.51,-9.787,75.04,587.45,A2356raw4.mat_Line7505
25,12,0,-236.03,-9.867,75.05,586.33,A2356raw4.mat_Line7506
25,12,0,-238.11,-9.944,75.06,585.22,A2356raw4.mat_Line7507
25,12,0,-236.41,-10.12,75.07,560.7,A2356raw6.mat_Line7508
25,12,0,-242.12,-10.11,75.08,582.86,A2356raw4.mat_Line7509
25,12,0,-237.16,-10.283,75.09,562.38,A2356raw6.mat_Line7510
25,12,0,-242.76,-10.273,75.1,581.66,A2356raw4.mat_Line7511
25,12,0,-241.34,-10.344,75.11,581.99,A2356raw4.mat_Line7512
25,12,0,-239.43,-10.427,75.12,582.76,A2356raw4.mat_Line7513
25,12,0,-238.29,-10.504,75.13,583.86,A2356raw4.mat_Line7514
25,12,0,-238.33,-10.59,75.14,585.56,A2356raw4.mat_Line7515
25,12,0,-238.07,-10.677,75.15,586.32,A2356raw4.mat_Line7516
25,12,0,-238.84,-10.747,75.16,585.99,A2356raw4.mat_Line7517
25,12,0,-240.6,-10.82,75.17,585.36,A2356raw4.mat_Line7518
25,12,0,-242.22,-10.909,75.18,585.19,A2356raw4.mat_Line7519
25,12,-0,-238.45,-11.15,75.2,566.4,A2356raw6.mat_Line7521
25,12,-0,-238.8,-11.226,75.21,567.32,A2356raw6.mat_Line7522
25,12,0,-244.51,-11.218,75.22,580.86,A2356raw4.mat_Line7523
25,12,0,-241.61,-11.384,75.23,568.09,A2356raw6.mat_Line7524
25,12,0,-241.09,-11.384,75.24,581.34,A2356raw4.mat_Line7525
25,12,0,-240.63,-11.442,75.25,583.04,A2356raw4.mat_Line7526
25,12,0,-240.6,-11.538,75.26,584.59,A2356raw4.mat_Line7527
25,12,0,-241.32,-11.609,75.27,585.99,A2356raw4.mat_Line7528
25,12,0,-242.64,-11.668,75.28,586.43,A2356raw4.mat_Line7529
25,12,0,-244.6,-11.734,75.29,587.04,A2356raw4.mat_Line7530
25,12,0,-246.16,-11.788,75.3,587.34,A2356raw4.mat_Line7531
25,12,0,-246.08,-11.838,75.31,586.39,A2356raw4.mat_Line7532
25,12,0,-245.35,-11.878,75.32,585.3,A2356raw4.mat_Line7533
25,12,0,-244.71,-11.919,75.33,584.54,A2356raw4.mat_Line7534
25,12,0,-243.35,-11.957,75.34,584.24,A2356raw4.mat_Line7535
25,12,0,-242.02,-11.98,75.35,585.02,A2356raw4.mat_Line7536
25,12,0,-241.89,-11.992,75.36,586.4,A2356raw4.mat_Line7537
25,12,0,-244.22,-12.01,75.37,571.29,A2356raw6.mat_Line7538
25,12,0,-244.48,-11.997,75.38,568.35,A2356raw6.mat_Line7539
25,12,0,-243.51,-11.99,75.39,589.18,A2356raw4.mat_Line7540
25,12,0,-244.37,-11.99,75.4,589.02,A2356raw4.mat_Line7541
25,12,0,-246.17,-11.966,75.41,588.88,A2356raw4.mat_Line7542
25,12,0,-246.33,-11.951,75.42,588.58,A2356raw4.mat_Line7543
25,12,0,-247.01,-11.939,75.43,588.12,A2356raw4.mat_Line7544
25,12,0,-246.15,-11.917,75.44,587.05,A2356raw4.mat_Line7545
25,12,-0,-243.16,-11.911,75.45,575.55,A2356raw6.mat_Line7546
25,12,0,-243.03,-11.919,75.46,575.06,A2356raw6.mat_Line7547
25,12,0,-242.93,-11.917,75.47,585.69,A2356raw4.mat_Line7548
25,12,0,-241.34,-11.914,75.48,587.7,A2356raw4.mat_Line7549
25,12,0,-241.51,-11.909,75.49,589.57,A2356raw4.mat_Line7550
25,12,0,-241.39,-11.904,75.5,591.28,A2356raw4.mat_Line7551
25,12,0,-242.05,-11.91,75.51,592.51,A2356raw4.mat_Line7552
25,12,0,-242.8,-11.909,75.52,592.33,A2356raw4.mat_Line7553
25,12,0,-244.46,-11.896,75.53,591.86,A2356raw4.mat_Line7554
25,12,0,-245.99,-11.887,75.54,590.14,A2356raw4.mat_Line7555
25,12,0,-246.45,-11.863,75.55,588.43,A2356raw4.mat_Line7556
25,12,0,-245.59,-11.848,75.56,587.2,A2356raw4.mat_Line7557
25,12,0,-244.7,-11.82,75.57,586.74,A2356raw4.mat_Line7558
25,12,0,-243.92,-11.777,75.58,588,A2356raw4.mat_Line7559
25,12,0,-242.48,-11.735,75.59,590.46,A2356raw4.mat_Line7560
25,12,0,-241.75,-11.687,75.6,592.3,A2356raw4.mat_Line7561
25,12,0,-241.44,-11.621,75.61,593.52,A2356raw4.mat_Line7562
25,12,0,-242.47,-11.548,75.62,593.19,A2356raw4.mat_Line7563
25,12,0,-244.09,-11.459,75.63,592.57,A2356raw4.mat_Line7564
25,12,0,-246.31,-11.188,75.65,568.83,A2356raw6.mat_Line7566
25,12,0,-245.81,-11.094,75.66,570.21,A2356raw6.mat_Line7567
25,12,0,-247.36,-11.098,75.67,588.45,A2356raw4.mat_Line7568
25,12,0,-245.32,-10.996,75.68,588.47,A2356raw4.mat_Line7569
25,12,0,-243.99,-10.915,75.69,589.11,A2356raw4.mat_Line7570
25,12,0,-242.95,-10.815,75.7,589.73,A2356raw4.mat_Line7571
25,12,0,-242.78,-10.732,75.71,590.34,A2356raw4.mat_Line7572
25,12,0,-242.76,-10.666,75.72,590.49,A2356raw4.mat_Line7573
25,12,0,-243.11,-10.581,75.73,590.32,A2356raw4.mat_Line7574
25,12,0,-244.6,-10.497,75.74,590.94,A2356raw4.mat_Line7575
25,12,0,-245.47,-10.422,75.75,591.4,A2356raw4.mat_Line7576
25,12,0,-246.24,-10.279,75.76,567.79,A2356raw6.mat_Line7577
25,12,0,-247.26,-10.282,75.77,591.1,A2356raw4.mat_Line7578
25,12,0,-246.59,-10.206,75.78,590.01,A2356raw4.mat_Line7579
25,12,0,-245.67,-10.155,75.79,588.46,A2356raw4.mat_Line7580
25,12,0,-247.94,-10.017,75.8,569.45,A2356raw6.mat_Line7581
25,12,0,-244.83,-10.016,75.81,588.17,A2356raw4.mat_Line7582
25,12,0,-243.66,-9.955,75.82,589.4,A2356raw4.mat_Line7583
25,12,0,-244.33,-9.887,75.83,590.96,A2356raw4.mat_Line7584
25,12,0,-243.91,-9.809,75.84,591.55,A2356raw4.mat_Line7585
25,12,0,-244.54,-9.726,75.85,592.17,A2356raw4.mat_Line7586
25,12,0,-245.25,-9.656,75.86,592.01,A2356raw4.mat_Line7587
25,12,0,-246.83,-9.575,75.87,591.68,A2356raw4.mat_Line7588
25,12,0,-246.94,-9.414,75.89,589.04,A2356raw4.mat_Line7590
25,12,0,-246.74,-9.327,75.9,587.2,A2356raw4.mat_Line7591
25,12,0,-248.69,-9.162,75.91,566.18,A2356raw6.mat_Line7592
25,12,0,-244.7,-9.168,75.92,586.61,A2356raw4.mat_Line7593
25,12,0,-244.02,-9.091,75.93,588,A2356raw4.mat_Line7594
25,12,0,-243.89,-9.005,75.94,588.93,A2356raw4.mat_Line7595
25,12,0,-244.61,-8.907,75.95,589.87,A2356raw4.mat_Line7596
25,12,0,-245.53,-8.824,75.96,589.7,A2356raw4.mat_Line7597
25,12,-0,-246.39,-8.727,75.97,588.92,A2356raw4.mat_Line7598
25,12,0,-248.33,-8.574,75.98,558.43,A2356raw6.mat_Line7599
25,12,0,-249.03,-8.476,76,584.71,A2356raw4.mat_Line7601
25,12,0,-248.03,-8.385,76.01,583.63,A2356raw4.mat_Line7602
25,12,0,-247.07,-8.307,76.02,583.2,A2356raw4.mat_Line7603
25,12,0,-246.09,-8.23,76.03,582.9,A2356raw4.mat_Line7604
25,12,0,-245.08,-8.149,76.04,583.84,A2356raw4.mat_Line7605
25,12,0,-245.3,-8.077,76.05,584.15,A2356raw4.mat_Line7606
25,12,0,-245.73,-7.99,76.06,583.98,A2356raw4.mat_Line7607
25,12,0,-250.85,-7.856,76.07,554.25,A2356raw6.mat_Line7608
25,12,0,-250.44,-7.778,76.08,553.33,A2356raw6.mat_Line7609
25,12,-0,-249.82,-7.782,76.09,581.14,A2356raw4.mat_Line7610
25,12,0,-251.05,-7.709,76.1,580.66,A2356raw4.mat_Line7611
25,12,0,-250.71,-7.649,76.11,580.2,A2356raw4.mat_Line7612
25,12,0,-250.98,-7.487,76.12,553.92,A2356raw6.mat_Line7613
25,12,0,-248.99,-7.496,76.13,579.46,A2356raw4.mat_Line7614
25,12,0,-247.44,-7.414,76.14,579.01,A2356raw4.mat_Line7615
25,12,-0,-247.6,-7.345,76.15,578.71,A2356raw4.mat_Line7616
25,12,0,-247.72,-7.261,76.16,577.91,A2356raw4.mat_Line7617
25,12,0,-248.4,-7.181,76.17,576.96,A2356raw4.mat_Line7618
25,12,-0,-249.2,-7.099,76.18,574.78,A2356raw4.mat_Line7619
25,12,0,-253.91,-6.923,76.19,544.15,A2356raw6.mat_Line7620
25,12,0,-253.38,-6.828,76.2,543.38,A2356raw6.mat_Line7621
25,12,0,-254.33,-6.846,76.21,570.71,A2356raw4.mat_Line7622
25,12,0,-254.86,-6.745,76.22,569.94,A2356raw4.mat_Line7623
25,12,0,-254.26,-6.668,76.23,569.17,A2356raw4.mat_Line7624
25,12,0,-255.35,-6.503,76.24,539.01,A2356raw6.mat_Line7625
25,12,0,-256.1,-6.433,76.25,536.82,A2356raw6.mat_Line7626
25,12,0,-252.51,-6.413,76.26,564.24,A2356raw4.mat_Line7627
25,12,0,-253.14,-6.333,76.27,562.69,A2356raw4.mat_Line7628
25,12,0,-253.95,-6.258,76.28,560.81,A2356raw4.mat_Line7629
25,12,0,-254.97,-6.173,76.29,558.62,A2356raw4.mat_Line7630
25,12,0,-256.26,-6.091,76.3,556.59,A2356raw4.mat_Line7631
25,12,0,-258.11,-6.021,76.31,554.86,A2356raw4.mat_Line7632
25,12,0,-259.41,-5.953,76.32,553.15,A2356raw4.mat_Line7633
25,12,-0,-260.51,-5.866,76.33,551.76,A2356raw4.mat_Line7634
25,12,0,-260.57,-5.793,76.34,550.06,A2356raw4.mat_Line7635
25,12,0,-260.42,-5.64,76.35,513.85,A2356raw6.mat_Line7636
25,12,0,-263.46,-5.485,76.37,508.87,A2356raw6.mat_Line7638
25,12,0,-264.56,-5.397,76.38,506.38,A2356raw6.mat_Line7639
25,12,0,-264.14,-5.245,76.4,500.81,A2356raw6.mat_Line7641
25,12,0,-261.48,-5.249,76.41,532.34,A2356raw4.mat_Line7642
25,12,0,-263.68,-5.167,76.42,529.86,A2356raw4.mat_Line7643
25,12,0,-265.89,-5.086,76.43,527.05,A2356raw4.mat_Line7644
25,12,0,-267.19,-5.013,76.44,524.26,A2356raw4.mat_Line7645
25,12,0,-262.2,-4.842,76.45,486.55,A2356raw6.mat_Line7646
25,12,0,-263.47,-4.775,76.46,483.13,A2356raw6.mat_Line7647
25,12,0,-265.06,-4.679,76.47,479.86,A2356raw6.mat_Line7648
25,12,0,-266.21,-4.616,76.48,476.28,A2356raw6.mat_Line7649
25,12,-0,-262.27,-4.608,76.49,507.39,A2356raw4.mat_Line7650
25,12,-0,-262.05,-4.532,76.5,504.29,A2356raw4.mat_Line7651
25,12,0,-263.15,-4.443,76.51,500.87,A2356raw4.mat_Line7652
25,12,0,-264.58,-4.361,76.52,496.82,A2356raw4.mat_Line7653
25,12,0,-264.53,-4.199,76.53,457.08,A2356raw6.mat_Line7654
25,12,0,-263.48,-4.124,76.54,453.52,A2356raw6.mat_Line7655
25,12,0,-262.79,-4.049,76.55,449.64,A2356raw6.mat_Line7656
25,12,0,-270.9,-4.048,76.56,480.36,A2356raw4.mat_Line7657
25,12,0,-269.42,-3.953,76.57,475.09,A2356raw4.mat_Line7658
25,12,0,-267.49,-3.872,76.58,470.45,A2356raw4.mat_Line7659
25,12,0,-264.99,-3.804,76.59,465.97,A2356raw4.mat_Line7660
25,12,0,-268.68,-3.637,76.6,427.73,A2356raw6.mat_Line7661
25,12,0,-269.73,-3.562,76.61,422.61,A2356raw6.mat_Line7662
25,12,0,-269.15,-3.479,76.62,417.19,A2356raw6.mat_Line7663
25,12,0,-266.11,-3.494,76.63,448.58,A2356raw4.mat_Line7664
25,12,0,-268.67,-3.408,76.64,442.98,A2356raw4.mat_Line7665
25,12,0,-272.13,-3.326,76.65,436.91,A2356raw4.mat_Line7666
25,12,0,-273.95,-3.254,76.66,430.69,A2356raw4.mat_Line7667
25,12,0,-264.01,-3.084,76.67,392.25,A2356raw6.mat_Line7668
25,12,0,-265.79,-2.856,76.71,400.5,A2356raw4.mat_Line7672
25,12,0,-265.38,-2.773,76.72,395.08,A2356raw4.mat_Line7673
25,12,0,-265.82,-2.7,76.73,389.34,A2356raw4.mat_Line7674
25,12,0,-267.53,-2.61,76.74,383.27,A2356raw4.mat_Line7675
25,12,0,-269.04,-2.464,76.75,339.32,A2356raw6.mat_Line7676
25,12,0,-267.39,-2.371,76.76,333.28,A2356raw6.mat_Line7677
25,12,0,-267.02,-2.295,76.77,327.08,A2356raw6.mat_Line7678
25,12,0,-267.3,-2.216,76.78,321.02,A2356raw6.mat_Line7679
25,12,0,-276.09,-2.219,76.79,341.78,A2356raw4.mat_Line7680
25,12,0,-273.81,-2.14,76.8,334.05,A2356raw4.mat_Line7681
25,12,0,-270.9,-2.053,76.81,327.09,A2356raw4.mat_Line7682
25,12,0,-273.7,-1.897,76.82,289.66,A2356raw6.mat_Line7683
25,12,0,-275.91,-1.804,76.83,280.18,A2356raw6.mat_Line7684
25,12,0,-276.18,-1.721,76.84,271.03,A2356raw6.mat_Line7685
25,12,0,-274.21,-1.644,76.85,262.51,A2356raw6.mat_Line7686
25,12,0,-272.12,-1.558,76.86,254.3,A2356raw6.mat_Line7687
25,12,-0,-270,-1.486,76.87,247.34,A2356raw6.mat_Line7688
25,12,0,-279.11,-1.482,76.88,268.26,A2356raw4.mat_Line7689
25,12,0,-280.25,-1.392,76.89,256.92,A2356raw4.mat_Line7690
25,12,0,-269.41,-1.15,76.91,216.64,A2356raw6.mat_Line7692
25,12,0,-270.52,-1.068,76.92,206.86,A2356raw6.mat_Line7693
25,12,0,-272.48,-1.001,76.93,196.3,A2356raw6.mat_Line7694
25,12,0,-273.67,-0.925,76.94,185.12,A2356raw6.mat_Line7695
25,12,0,-273.73,-0.855,76.95,174.26,A2356raw6.mat_Line7696
25,12,0,-272.67,-0.779,76.96,164.19,A2356raw6.mat_Line7697
25,12,0,-269.61,-0.712,76.97,154.9,A2356raw6.mat_Line7698
25,12,0,-263.34,-0.286,77.02,111.21,A2356raw6.mat_Line7703
25,12,0,-266.27,-0.126,77.04,88.71,A2356raw6.mat_Line7705
25,12,0,-267.17,0.032,77.06,64.33,A2356raw6.mat_Line7707
25,12,0,-263.03,0.179,77.08,42.8,A2356raw6.mat_Line7709
25,12,0,-270.48,0.345,77.11,30.22,A2356raw4.mat_Line7712
25,12,0,-269.73,0.425,77.12,17.04,A2356raw4.mat_Line7713
25,12,0,-265.21,0.503,77.13,6.06,A2356raw4.mat_Line7714
25,12,0,-257.29,0.662,77.14,-17.95,A2356raw6.mat_Line7715
25,12,0,-258.83,0.743,77.15,-30.83,A2356raw6.mat_Line7716
25,12,0,-260.42,0.823,77.16,-43.88,A2356raw6.mat_Line7717
25,12,0,-260.41,0.912,77.17,-56.77,A2356raw6.mat_Line7718
25,12,0,-257.77,1.071,77.2,-69.09,A2356raw4.mat_Line7721
25,12,0,-260.89,1.148,77.21,-83.71,A2356raw4.mat_Line7722
25,12,0,-249.79,1.31,77.22,-104.3,A2356raw6.mat_Line7723
25,12,0,-249.61,1.392,77.23,-113.59,A2356raw6.mat_Line7724
25,12,0,-249.61,1.472,77.24,-124.29,A2356raw6.mat_Line7725
25,12,0,-250.24,1.544,77.25,-136.1,A2356raw6.mat_Line7726
25,12,0,-252.04,1.631,77.26,-148.21,A2356raw6.mat_Line7727
25,12,-0,-253.52,1.705,77.27,-160.94,A2356raw6.mat_Line7728
25,12,0,-245.71,1.704,77.28,-155.07,A2356raw4.mat_Line7729
25,12,0,-246.09,1.78,77.29,-166.25,A2356raw4.mat_Line7730
25,12,0,-246.19,2.093,77.32,-209.43,A2356raw6.mat_Line7733
25,12,0,-244.54,2.187,77.33,-217.15,A2356raw6.mat_Line7734
25,12,0,-243.66,2.264,77.34,-225.38,A2356raw6.mat_Line7735
25,12,0,-252.03,2.272,77.35,-242.48,A2356raw4.mat_Line7736
25,12,0,-244.03,2.439,77.36,-245.41,A2356raw6.mat_Line7737
25,12,0,-244.19,2.429,77.37,-256.34,A2356raw4.mat_Line7738
25,12,0,-246.91,2.589,77.38,-267.46,A2356raw6.mat_Line7739
25,12,0,-244.45,2.822,77.42,-303.98,A2356raw4.mat_Line7743
25,12,0,-246.11,2.911,77.43,-315.96,A2356raw4.mat_Line7744
25,12,0,-247.5,2.991,77.44,-326.83,A2356raw4.mat_Line7745
25,12,0,-246.41,3.056,77.45,-335.67,A2356raw4.mat_Line7746
25,12,0,-237.33,3.223,77.46,-326.92,A2356raw6.mat_Line7747
25,12,0,-237.07,3.301,77.47,-335.62,A2356raw6.mat_Line7748
25,12,0,-237.78,3.385,77.48,-344.77,A2356raw6.mat_Line7749
25,12,0,-238.6,3.471,77.49,-354.1,A2356raw6.mat_Line7750
25,12,0,-231.97,3.468,77.5,-359.52,A2356raw4.mat_Line7751
25,12,0,-237.31,3.628,77.51,-369.45,A2356raw6.mat_Line7752
25,12,0,-233.74,3.616,77.52,-376.01,A2356raw4.mat_Line7753
25,12,0,-235.15,3.703,77.53,-385.81,A2356raw4.mat_Line7754
25,12,0,-230.76,3.862,77.54,-382.39,A2356raw6.mat_Line7755
25,12,0,-228.9,3.953,77.55,-385.77,A2356raw6.mat_Line7756
25,12,0,-228.17,4.034,77.56,-390.11,A2356raw6.mat_Line7757
25,12,0,-233.7,4.092,77.58,-413.19,A2356raw4.mat_Line7759
25,12,0,-230.16,4.188,77.59,-414.85,A2356raw4.mat_Line7760
25,12,0,-227.19,4.264,77.6,-417.8,A2356raw4.mat_Line7761
25,12,0,-226.2,4.336,77.61,-422.14,A2356raw4.mat_Line7762
25,12,0,-234.88,4.5,77.62,-427.83,A2356raw6.mat_Line7763
25,12,0,-228.06,4.5,77.63,-434.75,A2356raw4.mat_Line7764
25,12,0,-230.97,4.583,77.64,-442.06,A2356raw4.mat_Line7765
25,12,0,-233.93,4.661,77.65,-449.22,A2356raw4.mat_Line7766
25,12,0,-236.18,4.734,77.66,-455.58,A2356raw4.mat_Line7767
25,12,0,-236.95,4.823,77.67,-460.39,A2356raw4.mat_Line7768
25,12,0,-236.27,4.897,77.68,-463.78,A2356raw4.mat_Line7769
25,12,0,-228.3,5.07,77.69,-448.74,A2356raw6.mat_Line7770
25,12,0,-229.55,5.066,77.7,-466.84,A2356raw4.mat_Line7771
25,12,0,-226.9,5.142,77.71,-468.39,A2356raw4.mat_Line7772
25,12,0,-225.33,5.228,77.72,-471.01,A2356raw4.mat_Line7773
25,12,0,-226.42,5.314,77.73,-475.52,A2356raw4.mat_Line7774
25,12,0,-236.7,5.468,77.74,-476.87,A2356raw6.mat_Line7775
25,12,0,-230.9,5.463,77.75,-488.42,A2356raw4.mat_Line7776
25,12,0,-235.06,5.551,77.76,-495.75,A2356raw4.mat_Line7777
25,12,0,-238.1,5.642,77.77,-502.1,A2356raw4.mat_Line7778
25,12,0,-239.7,5.716,77.78,-507.39,A2356raw4.mat_Line7779
25,12,-0,-228.57,5.878,77.79,-481.3,A2356raw6.mat_Line7780
25,12,0,-236.36,5.875,77.8,-511.55,A2356raw4.mat_Line7781
25,12,-0,-232.35,5.951,77.81,-511.06,A2356raw4.mat_Line7782
25,12,0,-228.83,6.035,77.82,-510.58,A2356raw4.mat_Line7783
25,12,0,-226.88,6.193,77.84,-514.6,A2356raw4.mat_Line7785
25,12,0,-229.27,6.267,77.85,-519.41,A2356raw4.mat_Line7786
25,12,0,-238.07,6.426,77.86,-511.3,A2356raw6.mat_Line7787
25,12,0,-236.3,6.429,77.87,-531.4,A2356raw4.mat_Line7788
25,12,0,-239.86,6.516,77.88,-537.94,A2356raw4.mat_Line7789
25,12,0,-241.49,6.592,77.89,-542.75,A2356raw4.mat_Line7790
25,12,0,-241.08,6.664,77.9,-545.55,A2356raw4.mat_Line7791
25,12,0,-238.21,6.748,77.91,-546.17,A2356raw4.mat_Line7792
25,12,0,-234.42,6.83,77.92,-544.75,A2356raw4.mat_Line7793
25,12,0,-230.6,6.913,77.93,-543.01,A2356raw4.mat_Line7794
25,12,0,-228.78,6.986,77.94,-542.22,A2356raw4.mat_Line7795
25,12,0,-227.96,7.075,77.95,-543.43,A2356raw4.mat_Line7796
25,12,0,-229.26,7.152,77.96,-547.32,A2356raw4.mat_Line7797
25,12,0,-232.32,7.235,77.97,-552.13,A2356raw4.mat_Line7798
25,12,0,-235.29,7.311,77.98,-558.52,A2356raw4.mat_Line7799
25,12,0,-238.45,7.394,77.99,-564.61,A2356raw4.mat_Line7800
25,12,0,-241.79,7.47,78,-570.04,A2356raw4.mat_Line7801
25,12,0,-242.53,7.556,78.01,-572.85,A2356raw4.mat_Line7802
25,12,0,-241.15,7.625,78.02,-572.7,A2356raw4.mat_Line7803
25,12,0,-237.89,7.712,78.03,-569.58,A2356raw4.mat_Line7804
25,12,0,-234.2,7.799,78.04,-566.15,A2356raw4.mat_Line7805
25,12,0,-231.13,7.868,78.05,-563.48,A2356raw4.mat_Line7806
25,12,0,-229.47,7.955,78.06,-563.29,A2356raw4.mat_Line7807
25,12,0,-230.84,8.027,78.07,-566.23,A2356raw4.mat_Line7808
25,12,0,-232.39,8.109,78.08,-571.52,A2356raw4.mat_Line7809
25,12,0,-236.17,8.193,78.09,-577.77,A2356raw4.mat_Line7810
25,12,0,-240.43,8.273,78.1,-584.15,A2356raw4.mat_Line7811
25,12,0,-244.56,8.355,78.11,-589.92,A2356raw4.mat_Line7812
25,12,0,-246.29,8.427,78.12,-592.42,A2356raw4.mat_Line7813
25,12,0,-245.83,8.517,78.13,-590.41,A2356raw4.mat_Line7814
25,12,0,-233.96,8.671,78.14,-554.37,A2356raw6.mat_Line7815
25,12,0,-239.79,8.667,78.15,-579.35,A2356raw4.mat_Line7816
25,12,0,-235.38,8.753,78.16,-574.5,A2356raw4.mat_Line7817
25,12,0,-233.9,8.829,78.17,-572.78,A2356raw4.mat_Line7818
25,12,0,-233.72,8.912,78.18,-574.32,A2356raw4.mat_Line7819
25,12,0,-235.8,8.985,78.19,-578.98,A2356raw4.mat_Line7820
25,12,0,-238.87,9.074,78.2,-585.21,A2356raw4.mat_Line7821
25,12,0,-242.79,9.147,78.21,-591.77,A2356raw4.mat_Line7822
25,12,0,-246.99,9.224,78.22,-597.4,A2356raw4.mat_Line7823
25,12,0,-237.26,9.399,78.23,-558.72,A2356raw6.mat_Line7824
25,12,0,-236.17,9.476,78.24,-558.4,A2356raw6.mat_Line7825
25,12,0,-249.37,9.475,78.25,-590.73,A2356raw4.mat_Line7826
25,12,-0,-238.97,9.635,78.26,-565.09,A2356raw6.mat_Line7827
25,12,0,-241.65,9.625,78.27,-577.15,A2356raw4.mat_Line7828
25,12,0,-238.71,9.708,78.28,-574.03,A2356raw4.mat_Line7829
25,12,0,-238.01,9.807,78.29,-574.95,A2356raw4.mat_Line7830
25,12,0,-239.04,9.873,78.3,-579.3,A2356raw4.mat_Line7831
25,12,-0,-248.24,10.04,78.31,-576.17,A2356raw6.mat_Line7832
25,12,0,-246.79,10.11,78.32,-570.88,A2356raw6.mat_Line7833
25,12,0,-248.5,10.107,78.33,-598.96,A2356raw4.mat_Line7834
25,12,0,-251.99,10.186,78.34,-601,A2356raw4.mat_Line7835
25,12,0,-252.99,10.276,78.35,-597.89,A2356raw4.mat_Line7836
25,12,0,-252.64,10.348,78.36,-590.73,A2356raw4.mat_Line7837
25,12,0,-249.53,10.424,78.37,-582.79,A2356raw4.mat_Line7838
25,12,0,-246.75,10.506,78.38,-576.4,A2356raw4.mat_Line7839
25,12,0,-243.68,10.586,78.39,-573.12,A2356raw4.mat_Line7840
25,12,0,-242.05,10.662,78.4,-573.88,A2356raw4.mat_Line7841
25,12,0,-244.28,10.826,78.42,-583.84,A2356raw4.mat_Line7843
25,12,0,-247.39,10.911,78.43,-589.62,A2356raw4.mat_Line7844
25,12,0,-250.72,10.994,78.44,-594.78,A2356raw4.mat_Line7845
25,12,0,-245.12,11.153,78.45,-564.8,A2356raw6.mat_Line7846
25,12,0,-243.47,11.227,78.46,-564.17,A2356raw6.mat_Line7847
25,12,0,-242.88,11.316,78.47,-566.03,A2356raw6.mat_Line7848
25,12,0,-243.22,11.393,78.48,-569.93,A2356raw6.mat_Line7849
25,12,0,-249.67,11.403,78.49,-574.87,A2356raw4.mat_Line7850
25,12,0,-246.68,11.473,78.5,-571.27,A2356raw4.mat_Line7851
25,12,0,-245.08,11.546,78.51,-571.41,A2356raw4.mat_Line7852
25,12,0,-244.9,11.621,78.52,-575.29,A2356raw4.mat_Line7853
25,12,0,-246.58,11.694,78.53,-580.88,A2356raw4.mat_Line7854
25,12,0,-252.42,11.8,78.54,-578.95,A2356raw6.mat_Line7855
25,12,0,-249.75,11.857,78.55,-575.53,A2356raw6.mat_Line7856
25,12,0,-253.44,11.857,78.56,-594.01,A2356raw4.mat_Line7857
25,12,0,-255.05,11.897,78.57,-591.05,A2356raw4.mat_Line7858
25,12,0,-255.24,11.926,78.58,-584.33,A2356raw4.mat_Line7859
25,12,0,-252.87,11.947,78.59,-574.97,A2356raw4.mat_Line7860
25,12,0,-249.53,11.966,78.6,-568.12,A2356raw4.mat_Line7861
25,12,0,-246.01,11.996,78.61,-575.93,A2356raw6.mat_Line7862
25,12,0,-250.42,12.003,78.62,-584.69,A2356raw6.mat_Line7863
25,12,0,-246.11,12.009,78.63,-578.55,A2356raw4.mat_Line7864
25,12,0,-258.44,12.013,78.64,-600.47,A2356raw6.mat_Line7865
25,12,0,-252.85,12.006,78.65,-600.41,A2356raw4.mat_Line7866
25,12,-0,-256.07,12.005,78.66,-607.43,A2356raw4.mat_Line7867
25,12,0,-252.64,11.983,78.67,-589.9,A2356raw6.mat_Line7868
25,12,0,-259.04,11.989,78.68,-602.91,A2356raw4.mat_Line7869
25,12,0,-241.24,11.95,78.69,-563.64,A2356raw6.mat_Line7870
25,12,0,-238.58,11.937,78.7,-555.03,A2356raw6.mat_Line7871
25,12,0,-247.08,11.939,78.71,-562.16,A2356raw4.mat_Line7872
25,12,0,-243.29,11.93,78.72,-556.4,A2356raw4.mat_Line7873
25,12,0,-242.05,11.926,78.73,-559.99,A2356raw4.mat_Line7874
25,12,0,-243.89,11.92,78.74,-570.14,A2356raw4.mat_Line7875
25,12,0,-247.1,11.899,78.75,-584.82,A2356raw4.mat_Line7876
25,12,-0,-251.1,11.896,78.76,-598.26,A2356raw4.mat_Line7877
25,12,0,-256.65,11.896,78.77,-601.82,A2356raw6.mat_Line7878
25,12,0,-252.99,11.876,78.78,-591.5,A2356raw6.mat_Line7879
25,12,0,-256.07,11.887,78.79,-604.35,A2356raw4.mat_Line7880
25,12,0,-255.41,11.874,78.8,-593.71,A2356raw4.mat_Line7881
25,12,0,-253.29,11.851,78.81,-580.41,A2356raw4.mat_Line7882
25,12,0,-249.68,11.823,78.82,-568.86,A2356raw4.mat_Line7883
25,12,0,-245.52,11.791,78.83,-561.21,A2356raw4.mat_Line7884
25,12,0,-242.41,11.743,78.84,-558.7,A2356raw4.mat_Line7885
25,12,-0,-241.33,11.7,78.85,-561.65,A2356raw4.mat_Line7886
25,12,0,-252.45,11.592,78.86,-585.93,A2356raw6.mat_Line7887
25,12,0,-256.63,11.521,78.87,-598.13,A2356raw6.mat_Line7888
25,12,0,-250.4,11.512,78.88,-598.67,A2356raw4.mat_Line7889
25,12,0,-255.47,11.442,78.89,-609.91,A2356raw4.mat_Line7890
25,12,-0,-260.32,11.37,78.9,-615.21,A2356raw4.mat_Line7891
25,12,-0,-262.1,11.272,78.91,-613.97,A2356raw4.mat_Line7892
25,12,0,-243.87,10.982,78.93,-571.77,A2356raw6.mat_Line7894
25,12,0,-250.12,10.972,78.94,-578.88,A2356raw4.mat_Line7895
25,12,0,-243.89,10.868,78.95,-565.61,A2356raw4.mat_Line7896
25,12,0,-239.25,10.776,78.96,-558.26,A2356raw4.mat_Line7897
25,12,0,-237.71,10.675,78.97,-558.72,A2356raw4.mat_Line7898
25,12,0,-240.41,10.573,78.98,-566.37,A2356raw4.mat_Line7899
25,12,0,-246,10.486,78.99,-579.02,A2356raw4.mat_Line7900
25,12,0,-258.61,10.329,79,-594.52,A2356raw6.mat_Line7901
25,12,0,-257.46,10.254,79.01,-595.8,A2356raw6.mat_Line7902
25,12,0,-254.54,10.185,79.02,-591.59,A2356raw6.mat_Line7903
25,12,0,-260.29,10.185,79.03,-609.09,A2356raw4.mat_Line7904
25,12,0,-257.72,10.128,79.04,-600.19,A2356raw4.mat_Line7905
25,12,0,-253.29,10.063,79.05,-587.84,A2356raw4.mat_Line7906
25,12,0,-248.54,10.002,79.06,-575.32,A2356raw4.mat_Line7907
25,12,0,-244.01,9.943,79.07,-567.17,A2356raw4.mat_Line7908
25,12,0,-249.77,9.818,79.08,-565.26,A2356raw6.mat_Line7909
25,12,0,-253.08,9.737,79.09,-572.13,A2356raw6.mat_Line7910
25,12,0,-244.69,9.76,79.1,-576.83,A2356raw4.mat_Line7911
25,12,-0,-248.25,9.674,79.11,-584.47,A2356raw4.mat_Line7912
25,12,0,-255.45,9.526,79.12,-580.42,A2356raw6.mat_Line7913
25,12,0,-256.11,9.535,79.13,-595.27,A2356raw4.mat_Line7914
25,12,0,-257.54,9.443,79.14,-596.36,A2356raw4.mat_Line7915
25,12,0,-256.7,9.369,79.15,-594.81,A2356raw4.mat_Line7916
25,12,0,-247.91,9.185,79.16,-571.21,A2356raw6.mat_Line7917
25,12,0,-252.07,9.193,79.17,-587.95,A2356raw4.mat_Line7918
25,12,0,-248.9,9.102,79.18,-584.82,A2356raw4.mat_Line7919
25,12,0,-247.25,9.014,79.19,-582.78,A2356raw4.mat_Line7920
25,12,0,-246.06,8.923,79.2,-580.44,A2356raw4.mat_Line7921
25,12,0,-245.3,8.827,79.21,-578.41,A2356raw4.mat_Line7922
25,12,0,-246.17,8.734,79.22,-576.87,A2356raw4.mat_Line7923
25,12,0,-248.59,8.64,79.23,-577.81,A2356raw4.mat_Line7924
25,12,0,-258.06,8.379,79.26,-587.69,A2356raw4.mat_Line7927
25,12,0,-258.64,8.292,79.27,-587.24,A2356raw4.mat_Line7928
25,12,0,-255.61,8.219,79.28,-585.23,A2356raw4.mat_Line7929
25,12,0,-251.5,8.132,79.29,-580.87,A2356raw4.mat_Line7930
25,12,0,-248.82,8.057,79.3,-576.49,A2356raw4.mat_Line7931
25,12,0,-246.72,7.99,79.31,-572.89,A2356raw4.mat_Line7932
25,12,0,-257.97,7.786,79.33,-566.04,A2356raw6.mat_Line7934
25,12,0,-251.86,7.785,79.34,-575.85,A2356raw4.mat_Line7935
25,12,0,-255.93,7.718,79.35,-579.76,A2356raw4.mat_Line7936
25,12,0,-258.79,7.652,79.36,-582.72,A2356raw4.mat_Line7937
25,12,0,-258.98,7.579,79.37,-583.2,A2356raw4.mat_Line7938
25,12,0,-258.08,7.51,79.38,-580.09,A2356raw4.mat_Line7939
25,12,0,-251.95,7.348,79.39,-549.05,A2356raw6.mat_Line7940
25,12,0,-251.74,7.345,79.4,-570.43,A2356raw4.mat_Line7941
25,12,0,-255.86,7.194,79.41,-552.04,A2356raw6.mat_Line7942
25,12,0,-248.8,7.192,79.42,-565.12,A2356raw4.mat_Line7943
25,12,0,-249.82,7.109,79.43,-565.58,A2356raw4.mat_Line7944
25,12,0,-252.18,7.039,79.44,-567.46,A2356raw4.mat_Line7945
25,12,0,-255.38,6.947,79.45,-569.66,A2356raw4.mat_Line7946
25,12,0,-259.44,6.773,79.46,-548.64,A2356raw6.mat_Line7947
25,12,0,-256.18,6.694,79.47,-542.57,A2356raw6.mat_Line7948
25,12,0,-261.28,6.687,79.48,-572.04,A2356raw4.mat_Line7949
25,12,0,-260.21,6.611,79.49,-569.09,A2356raw4.mat_Line7950
25,12,0,-257.93,6.508,79.5,-564.27,A2356raw4.mat_Line7951
25,12,0,-255.45,6.432,79.51,-559.45,A2356raw4.mat_Line7952
25,12,0,-259.14,6.267,79.52,-534.26,A2356raw6.mat_Line7953
25,12,0,-253.32,6.249,79.53,-551.21,A2356raw4.mat_Line7954
25,12,0,-254.31,6.177,79.54,-549.05,A2356raw4.mat_Line7955
25,12,0,-265.61,6.011,79.55,-532.59,A2356raw6.mat_Line7956
25,12,0,-261.91,5.937,79.57,-547.71,A2356raw4.mat_Line7958
25,12,0,-265.08,5.851,79.58,-548.05,A2356raw4.mat_Line7959
25,12,0,-266.31,5.782,79.59,-547.28,A2356raw4.mat_Line7960
25,12,0,-258.22,5.622,79.6,-509.28,A2356raw6.mat_Line7961
25,12,0,-264.93,5.622,79.61,-541.69,A2356raw4.mat_Line7962
25,12,0,-260.54,5.475,79.62,-504.64,A2356raw6.mat_Line7963
25,12,0,-263.2,5.402,79.63,-503.41,A2356raw6.mat_Line7964
25,12,0,-258.11,5.394,79.64,-525.5,A2356raw4.mat_Line7965
25,12,0,-257.08,5.318,79.65,-521.61,A2356raw4.mat_Line7966
25,12,0,-258.27,5.246,79.66,-518.98,A2356raw4.mat_Line7967
25,12,0,-260.61,5.166,79.67,-517.61,A2356raw4.mat_Line7968
25,12,0,-263.89,5.082,79.68,-516.86,A2356raw4.mat_Line7969
25,12,0,-267.55,5.013,79.69,-516.89,A2356raw4.mat_Line7970
25,12,0,-270.42,4.931,79.7,-515.82,A2356raw4.mat_Line7971
25,12,0,-271.66,4.85,79.71,-513.8,A2356raw4.mat_Line7972
25,12,0,-270.26,4.77,79.72,-509.77,A2356raw4.mat_Line7973
25,12,0,-267.02,4.684,79.73,-504.46,A2356raw4.mat_Line7974
25,12,0,-263.44,4.602,79.74,-498.24,A2356raw4.mat_Line7975
25,12,0,-260.66,4.52,79.75,-492.33,A2356raw4.mat_Line7976
25,12,0,-259.54,4.433,79.76,-487.36,A2356raw4.mat_Line7977
25,12,0,-270.95,4.287,79.77,-461.74,A2356raw6.mat_Line7978
25,12,0,-272.09,4.2,79.78,-459.11,A2356raw6.mat_Line7979
25,12,0,-266.12,4.211,79.79,-478.56,A2356raw4.mat_Line7980
25,12,0,-269.68,4.125,79.8,-476.73,A2356raw4.mat_Line7981
25,12,0,-272.87,4.047,79.81,-474.58,A2356raw4.mat_Line7982
25,12,0,-274,3.962,79.82,-471.49,A2356raw4.mat_Line7983
25,12,0,-272.28,3.896,79.83,-466.98,A2356raw4.mat_Line7984
25,12,0,-261.83,3.729,79.84,-426.8,A2356raw6.mat_Line7985
25,12,0,-268.07,3.494,79.87,-415.98,A2356raw6.mat_Line7988
25,12,0,-260.95,3.495,79.88,-431.23,A2356raw4.mat_Line7989
25,12,0,-263.24,3.405,79.89,-425.82,A2356raw4.mat_Line7990
25,12,0,-270.56,3.258,79.9,-403.91,A2356raw6.mat_Line7991
25,12,0,-268.16,3.164,79.91,-398,A2356raw6.mat_Line7992
25,12,-0,-265.3,3.081,79.92,-391.01,A2356raw6.mat_Line7993
25,12,0,-271.15,2.937,79.95,-398.76,A2356raw4.mat_Line7996
25,12,0,-267.21,2.854,79.96,-390.51,A2356raw4.mat_Line7997
25,12,0,-263.97,2.784,79.97,-381.02,A2356raw4.mat_Line7998
25,12,0,-262.03,2.693,79.98,-371.54,A2356raw4.mat_Line7999
25,12,0,-261.55,2.62,79.99,-362.53,A2356raw4.mat_Line8000
25,12,0,-271.23,2.466,80,-341.26,A2356raw6.mat_Line8001
25,12,0,-271.62,2.384,80.01,-335.52,A2356raw6.mat_Line8002
25,12,0,-270.58,2.388,80.02,-343.82,A2356raw4.mat_Line8003
25,12,0,-274.38,2.287,80.03,-339.04,A2356raw4.mat_Line8004
25,12,0,-276.97,2.214,80.04,-334.73,A2356raw4.mat_Line8005
25,12,0,-276.46,2.119,80.05,-328.84,A2356raw4.mat_Line8006
25,12,0,-263.49,1.801,80.08,-277.46,A2356raw6.mat_Line8009
25,12,0,-264.72,1.731,80.09,-270.96,A2356raw6.mat_Line8010
25,12,0,-259.86,1.728,80.1,-278.62,A2356raw4.mat_Line8011
25,12,0,-260.66,1.652,80.11,-269,A2356raw4.mat_Line8012
25,12,0,-262.55,1.571,80.12,-261.41,A2356raw4.mat_Line8013
25,12,0,-266.95,1.488,80.13,-254.92,A2356raw4.mat_Line8014
25,12,0,-264.21,1.335,80.14,-235.76,A2356raw6.mat_Line8015
25,12,0,-256.46,1.01,80.18,-193.97,A2356raw6.mat_Line8019
25,12,0,-260.05,0.997,80.19,-205.42,A2356raw4.mat_Line8020
25,12,0,-258.32,0.841,80.2,-177.55,A2356raw6.mat_Line8021
25,12,0,-260.57,0.766,80.21,-171.05,A2356raw6.mat_Line8022
25,12,0,-261.81,0.676,80.22,-163.62,A2356raw6.mat_Line8023
25,12,0,-262.38,0.604,80.23,-156.03,A2356raw6.mat_Line8024
25,12,0,-263,0.289,80.28,-122.95,A2356raw4.mat_Line8029
25,12,0,-258.09,0.213,80.29,-110.81,A2356raw4.mat_Line8030
25,12,0,-248.3,0.072,80.3,-82.41,A2356raw6.mat_Line8031
25,12,0,-250.69,-0.093,80.32,-65.37,A2356raw6.mat_Line8033
25,12,0,-250.21,-0.242,80.35,-41.86,A2356raw4.mat_Line8036
25,12,0,-243.05,-0.606,80.38,-1.85,A2356raw6.mat_Line8039
25,12,0,-240.47,-0.84,80.41,33.07,A2356raw6.mat_Line8042
25,12,0,-240.47,-0.909,80.42,42.66,A2356raw6.mat_Line8043
25,12,0,-238.14,-0.908,80.43,51.93,A2356raw4.mat_Line8044
25,12,0,-237.64,-0.995,80.44,64.19,A2356raw4.mat_Line8045
25,12,0,-238.22,-1.058,80.45,74.71,A2356raw4.mat_Line8046
25,12,0,-236.54,-1.364,80.48,108.31,A2356raw6.mat_Line8049
25,12,0,-232.66,-1.459,80.49,120.91,A2356raw6.mat_Line8050
25,12,0,-236.75,-1.539,80.51,142.15,A2356raw4.mat_Line8052
25,12,0,-232.83,-1.619,80.52,156.5,A2356raw4.mat_Line8053
25,12,0,-229.59,-1.787,80.53,165.11,A2356raw6.mat_Line8054
25,12,0,-230.36,-1.866,80.54,174.41,A2356raw6.mat_Line8055
25,12,0,-230.24,-2.105,80.58,220.22,A2356raw4.mat_Line8059
25,12,0,-231.71,-2.186,80.59,229.67,A2356raw4.mat_Line8060
25,12,0,-232.82,-2.272,80.6,239.9,A2356raw4.mat_Line8061
25,12,0,-231.95,-2.347,80.61,250.93,A2356raw4.mat_Line8062
25,12,0,-220.66,-2.516,80.62,255.96,A2356raw6.mat_Line8063
25,12,0,-220.54,-2.589,80.63,264.32,A2356raw6.mat_Line8064
25,12,0,-221.43,-2.683,80.64,271.91,A2356raw6.mat_Line8065
25,12,0,-219.24,-2.743,80.66,300.35,A2356raw4.mat_Line8067
25,12,0,-219.14,-2.829,80.67,307.94,A2356raw4.mat_Line8068
25,12,0,-220.91,-2.895,80.68,315.51,A2356raw4.mat_Line8069
25,12,0,-223.89,-2.981,80.69,323.1,A2356raw4.mat_Line8070
25,12,-0,-221.83,-3.141,80.7,320,A2356raw6.mat_Line8071
25,12,0,-219.7,-3.226,80.71,328.07,A2356raw6.mat_Line8072
25,12,0,-218.2,-3.297,80.72,336,A2356raw6.mat_Line8073
25,12,-0,-218.12,-3.39,80.73,342.98,A2356raw6.mat_Line8074
25,12,0,-224.51,-3.382,80.74,359.57,A2356raw4.mat_Line8075
25,12,0,-221.14,-3.466,80.75,366.88,A2356raw4.mat_Line8076
25,12,0,-218.95,-3.528,80.76,374.5,A2356raw4.mat_Line8077
25,12,0,-217.67,-3.622,80.77,381.63,A2356raw4.mat_Line8078
25,12,0,-218.22,-3.698,80.78,388.29,A2356raw4.mat_Line8079
25,12,0,-226.12,-3.859,80.79,377.64,A2356raw6.mat_Line8080
25,12,0,-224.03,-3.869,80.8,399.27,A2356raw4.mat_Line8081
25,12,0,-227.57,-3.93,80.81,403.58,A2356raw4.mat_Line8082
25,12,0,-230.46,-4.025,80.82,408.22,A2356raw4.mat_Line8083
25,12,0,-231.21,-4.108,80.83,413.03,A2356raw4.mat_Line8084
25,12,0,-229.9,-4.172,80.84,418.46,A2356raw4.mat_Line8085
25,12,0,-219.55,-4.353,80.85,414.45,A2356raw6.mat_Line8086
25,12,0,-220.72,-4.424,80.86,418.77,A2356raw6.mat_Line8087
25,12,0,-222.83,-4.502,80.87,422.3,A2356raw6.mat_Line8088
25,12,0,-218.57,-4.504,80.88,443.19,A2356raw4.mat_Line8089
25,12,0,-219.65,-4.586,80.89,448.63,A2356raw4.mat_Line8090
25,12,0,-221.4,-4.656,80.9,452.95,A2356raw4.mat_Line8091
25,12,0,-224.91,-4.736,80.91,455.87,A2356raw4.mat_Line8092
25,12,0,-228.12,-4.903,80.92,442,A2356raw6.mat_Line8093
25,12,0,-226.4,-4.976,80.93,446.35,A2356raw6.mat_Line8094
25,12,0,-224.15,-5.05,80.94,451,A2356raw6.mat_Line8095
25,12,0,-223.1,-5.123,80.95,455.82,A2356raw6.mat_Line8096
25,12,0,-228.93,-5.129,80.96,472.42,A2356raw4.mat_Line8097
25,12,0,-224.58,-5.213,80.97,477.1,A2356raw4.mat_Line8098
25,12,0,-222.29,-5.296,80.98,482.55,A2356raw4.mat_Line8099
25,12,0,-221.05,-5.374,80.99,488.31,A2356raw4.mat_Line8100
25,12,0,-221.25,-5.458,81,492.49,A2356raw4.mat_Line8101
25,12,0,-233.38,-5.7,81.02,474.35,A2356raw6.mat_Line8103
25,12,0,-229.59,-5.703,81.03,499.42,A2356raw4.mat_Line8104
25,12,0,-233.31,-5.792,81.04,500.61,A2356raw4.mat_Line8105
25,12,-0,-234.51,-5.858,81.05,502.31,A2356raw4.mat_Line8106
25,12,0,-234.48,-5.938,81.06,504.15,A2356raw4.mat_Line8107
25,12,0,-231.13,-6.019,81.07,506.96,A2356raw4.mat_Line8108
25,12,0,-225.01,-6.188,81.09,515.87,A2356raw4.mat_Line8110
25,12,0,-223.35,-6.27,81.1,521.17,A2356raw4.mat_Line8111
25,12,0,-223.13,-6.353,81.11,526.45,A2356raw4.mat_Line8112
25,12,0,-223.78,-6.423,81.12,529.68,A2356raw4.mat_Line8113
25,12,0,-226.33,-6.51,81.13,530.91,A2356raw4.mat_Line8114
25,12,0,-229.6,-6.585,81.14,530.88,A2356raw4.mat_Line8115
25,12,0,-232.86,-6.657,81.15,530.84,A2356raw4.mat_Line8116
25,12,0,-235.59,-6.747,81.16,531.61,A2356raw4.mat_Line8117
25,12,0,-235.27,-6.82,81.17,533.15,A2356raw4.mat_Line8118
25,12,0,-227.21,-6.979,81.18,515.65,A2356raw6.mat_Line8119
25,12,0,-230.12,-6.987,81.19,538.64,A2356raw4.mat_Line8120
25,12,0,-226.64,-7.05,81.2,542.85,A2356raw4.mat_Line8121
25,12,0,-225.14,-7.146,81.21,548.15,A2356raw4.mat_Line8122
25,12,0,-224.03,-7.229,81.22,552.19,A2356raw4.mat_Line8123
25,12,0,-224.66,-7.295,81.23,555.12,A2356raw4.mat_Line8124
25,12,0,-234.47,-7.468,81.24,525.35,A2356raw6.mat_Line8125
25,12,0,-229.5,-7.454,81.25,554.6,A2356raw4.mat_Line8126
25,12,0,-233.26,-7.54,81.26,553.63,A2356raw4.mat_Line8127
25,12,0,-235.77,-7.622,81.27,553.61,A2356raw4.mat_Line8128
25,12,0,-237.02,-7.705,81.28,553.76,A2356raw4.mat_Line8129
25,12,0,-235.05,-7.786,81.29,555.33,A2356raw4.mat_Line8130
25,12,0,-232.44,-7.866,81.3,557.84,A2356raw4.mat_Line8131
25,12,0,-228.95,-7.945,81.31,561.44,A2356raw4.mat_Line8132
25,12,0,-226.89,-8.025,81.32,565.96,A2356raw4.mat_Line8133
25,12,0,-225.69,-8.11,81.33,569.7,A2356raw4.mat_Line8134
25,12,0,-226.22,-8.184,81.34,571.85,A2356raw4.mat_Line8135
25,12,0,-230.61,-8.346,81.36,570.72,A2356raw4.mat_Line8137
25,12,0,-233.77,-8.429,81.37,568.98,A2356raw4.mat_Line8138
25,12,0,-236.71,-8.512,81.38,567.86,A2356raw4.mat_Line8139
25,12,0,-238.69,-8.59,81.39,567.86,A2356raw4.mat_Line8140
25,12,0,-238.18,-8.668,81.4,568.96,A2356raw4.mat_Line8141
25,12,0,-235.59,-8.743,81.41,570.52,A2356raw4.mat_Line8142
25,12,0,-232.7,-8.824,81.42,573.5,A2356raw4.mat_Line8143
25,12,0,-231.14,-8.912,81.43,576.63,A2356raw4.mat_Line8144
25,12,0,-229.72,-8.996,81.44,579.72,A2356raw4.mat_Line8145
25,12,0,-230.11,-9.079,81.45,582.37,A2356raw4.mat_Line8146
25,12,0,-231.15,-9.152,81.46,582.18,A2356raw4.mat_Line8147
25,12,0,-233.85,-9.227,81.47,580.77,A2356raw4.mat_Line8148
25,12,0,-236.22,-9.3,81.48,578.88,A2356raw4.mat_Line8149
25,12,0,-239.03,-9.391,81.49,577.3,A2356raw4.mat_Line8150
25,12,0,-241.02,-9.469,81.5,576.51,A2356raw4.mat_Line8151
25,12,0,-241.35,-9.546,81.51,576.37,A2356raw4.mat_Line8152
25,12,0,-240.44,-9.629,81.52,576.53,A2356raw4.mat_Line8153
25,12,0,-238.31,-9.705,81.53,577.66,A2356raw4.mat_Line8154
25,12,0,-236.27,-9.787,81.54,579.38,A2356raw4.mat_Line8155
25,12,0,-234.84,-9.862,81.55,581.25,A2356raw4.mat_Line8156
25,12,0,-234.1,-9.954,81.56,583.1,A2356raw4.mat_Line8157
25,12,0,-239.22,-10.114,81.57,559.09,A2356raw6.mat_Line8158
25,12,0,-236.86,-10.112,81.58,583.37,A2356raw4.mat_Line8159
25,12,0,-238.51,-10.183,81.59,581.95,A2356raw4.mat_Line8160
25,12,0,-240.96,-10.27,81.6,580.53,A2356raw4.mat_Line8161
25,12,-0,-243.32,-10.345,81.61,579.76,A2356raw4.mat_Line8162
25,12,0,-244.75,-10.437,81.62,578.98,A2356raw4.mat_Line8163
25,12,0,-244.36,-10.515,81.63,578.38,A2356raw4.mat_Line8164
25,12,0,-242.87,-10.594,81.64,578.86,A2356raw4.mat_Line8165
25,12,0,-240.62,-10.669,81.65,579.18,A2356raw4.mat_Line8166
25,12,0,-239.61,-10.754,81.66,580.75,A2356raw4.mat_Line8167
25,12,0,-238.73,-10.827,81.67,582.3,A2356raw4.mat_Line8168
25,12,0,-238.55,-10.902,81.68,583.21,A2356raw4.mat_Line8169
25,12,0,-239.48,-10.992,81.69,583.18,A2356raw4.mat_Line8170
25,12,0,-240.46,-11.068,81.7,582.7,A2356raw4.mat_Line8171
25,12,0,-242.2,-11.142,81.71,582.22,A2356raw4.mat_Line8172
25,12,0,-244.68,-11.22,81.72,582.38,A2356raw4.mat_Line8173
25,12,0,-244.93,-11.3,81.73,582.22,A2356raw4.mat_Line8174
25,12,0,-245.12,-11.376,81.74,581.46,A2356raw4.mat_Line8175
25,12,0,-244.59,-11.462,81.75,580.24,A2356raw4.mat_Line8176
25,12,0,-243.31,-11.533,81.76,579.63,A2356raw4.mat_Line8177
25,12,0,-242.37,-11.615,81.77,579.8,A2356raw4.mat_Line8178
25,12,0,-242.22,-11.661,81.78,580.87,A2356raw4.mat_Line8179
25,12,0,-242.91,-11.721,81.79,582.41,A2356raw4.mat_Line8180
25,12,0,-242.54,-11.784,81.8,582.86,A2356raw4.mat_Line8181
25,12,0,-242.67,-11.836,81.81,583.3,A2356raw4.mat_Line8182
25,12,0,-242.34,-11.927,81.82,566.01,A2356raw6.mat_Line8183
25,12,0,-244.01,-11.923,81.83,585.77,A2356raw4.mat_Line8184
25,12,0,-244.7,-11.954,81.84,587,A2356raw4.mat_Line8185
25,12,0,-245.31,-11.977,81.85,586.84,A2356raw4.mat_Line8186
25,12,0,-244.49,-11.986,81.86,585.77,A2356raw4.mat_Line8187
25,12,0,-240.68,-12.006,81.87,569.28,A2356raw6.mat_Line8188
25,12,0,-243.31,-12.006,81.88,582.21,A2356raw4.mat_Line8189
25,12,0,-243.58,-11.992,81.89,582.06,A2356raw4.mat_Line8190
25,12,0,-243.52,-11.974,81.9,582.68,A2356raw4.mat_Line8191
25,12,0,-243.38,-11.963,81.91,583.94,A2356raw4.mat_Line8192
25,12,0,-243.46,-11.954,81.92,585.18,A2356raw4.mat_Line8193
25,12,0,-243.68,-11.937,81.93,586.89,A2356raw4.mat_Line8194
25,12,0,-243.92,-11.927,81.94,588.61,A2356raw4.mat_Line8195
25,12,0,-244.63,-11.909,81.95,567.16,A2356raw6.mat_Line8196
25,12,0,-245.35,-11.909,81.96,589.23,A2356raw4.mat_Line8197
25,12,-0,-245.64,-11.907,81.97,587.38,A2356raw4.mat_Line8198
25,12,0,-244.71,-11.91,81.98,585.51,A2356raw4.mat_Line8199
25,12,0,-242,-11.909,81.99,571.67,A2356raw6.mat_Line8200
25,12,0,-242.17,-11.906,82,584.3,A2356raw4.mat_Line8201
25,12,0,-242.12,-11.904,82.01,585.55,A2356raw4.mat_Line8202
25,12,0,-241.63,-11.901,82.02,586.78,A2356raw4.mat_Line8203
25,12,0,-241.85,-11.909,82.03,587.68,A2356raw4.mat_Line8204
25,12,-0,-243.28,-11.894,82.04,588.62,A2356raw4.mat_Line8205
25,12,0,-243.98,-11.864,82.05,589.52,A2356raw4.mat_Line8206
25,12,0,-246.26,-11.815,82.06,568.04,A2356raw6.mat_Line8207
25,12,-0,-245.64,-11.823,82.07,590.29,A2356raw4.mat_Line8208
25,12,0,-246.03,-11.788,82.08,589.98,A2356raw4.mat_Line8209
25,12,0,-243.03,-11.692,82.09,571.78,A2356raw6.mat_Line8210
25,12,0,-242.09,-11.628,82.1,573.31,A2356raw6.mat_Line8211
25,12,0,-241.95,-11.616,82.11,587.48,A2356raw4.mat_Line8212
25,12,0,-241.44,-11.545,82.12,587.78,A2356raw4.mat_Line8213
25,12,0,-242,-11.475,82.13,588.41,A2356raw4.mat_Line8214
25,12,0,-242.2,-11.376,82.14,588.87,A2356raw4.mat_Line8215
25,12,0,-243.36,-11.284,82.15,589.34,A2356raw4.mat_Line8216
25,12,0,-243.76,-11.175,82.16,589.98,A2356raw4.mat_Line8217
25,12,0,-244.57,-11.088,82.17,590.76,A2356raw4.mat_Line8218
25,12,-0,-247.3,-10.906,82.18,567.47,A2356raw6.mat_Line8219
25,12,0,-245.28,-10.901,82.19,591.55,A2356raw4.mat_Line8220
25,12,0,-245.67,-10.825,82.2,590.33,A2356raw4.mat_Line8221
25,12,0,-244.54,-10.743,82.21,588.16,A2356raw4.mat_Line8222
25,12,0,-243.78,-10.661,82.22,586.94,A2356raw4.mat_Line8223
25,12,0,-242.61,-10.581,82.23,586.94,A2356raw4.mat_Line8224
25,12,0,-242.41,-10.501,82.24,588.18,A2356raw4.mat_Line8225
25,12,0,-247.28,-10.361,82.25,570.09,A2356raw6.mat_Line8226
25,12,0,-248.01,-10.286,82.26,570.08,A2356raw6.mat_Line8227
25,12,0,-248.75,-10.215,82.27,568.53,A2356raw6.mat_Line8228
25,12,0,-245.04,-10.209,82.28,590.93,A2356raw4.mat_Line8229
25,12,0,-246.48,-10.149,82.29,589.98,A2356raw4.mat_Line8230
25,12,0,-247.39,-10.083,82.3,588.89,A2356raw4.mat_Line8231
25,12,0,-248.07,-10.016,82.31,587.18,A2356raw4.mat_Line8232
25,12,0,-247.24,-9.96,82.32,586.13,A2356raw4.mat_Line8233
25,12,0,-247.01,-9.809,82.33,565.43,A2356raw6.mat_Line8234
25,12,0,-247.06,-9.729,82.34,566.34,A2356raw6.mat_Line8235
25,12,0,-247.19,-9.648,82.35,566.97,A2356raw6.mat_Line8236
25,12,0,-243.62,-9.655,82.36,589.39,A2356raw4.mat_Line8237
25,12,0,-243.24,-9.579,82.37,590.16,A2356raw4.mat_Line8238
25,12,0,-244.66,-9.499,82.38,589.52,A2356raw4.mat_Line8239
25,12,0,-246.36,-9.411,82.39,588.9,A2356raw4.mat_Line8240
25,12,0,-247.57,-9.334,82.4,588.1,A2356raw4.mat_Line8241
25,12,0,-248.03,-9.254,82.41,587.17,A2356raw4.mat_Line8242
25,12,0,-248.66,-9.164,82.42,586.7,A2356raw4.mat_Line8243
25,12,0,-248.03,-9.089,82.43,585.64,A2356raw4.mat_Line8244
25,12,-0,-246.6,-9.003,82.44,584.9,A2356raw4.mat_Line8245
25,12,0,-245.47,-8.905,82.45,584.59,A2356raw4.mat_Line8246
25,12,0,-244.83,-8.824,82.46,584.44,A2356raw4.mat_Line8247
25,12,0,-248.78,-8.658,82.47,561.84,A2356raw6.mat_Line8248
25,12,0,-245.75,-8.648,82.48,584.43,A2356raw4.mat_Line8249
25,12,-0,-246.93,-8.567,82.49,583.95,A2356raw4.mat_Line8250
25,12,0,-247.82,-8.469,82.5,583.32,A2356raw4.mat_Line8251
25,12,0,-251.21,-8.322,82.51,557.82,A2356raw6.mat_Line8252
25,12,0,-250.16,-8.316,82.52,583.16,A2356raw4.mat_Line8253
25,12,0,-249.94,-8.223,82.53,582.69,A2356raw4.mat_Line8254
25,12,0,-248.99,-8.15,82.54,581.94,A2356raw4.mat_Line8255
25,12,0,-248.07,-8.073,82.55,580.72,A2356raw4.mat_Line8256
25,12,0,-249.84,-7.931,82.56,555.34,A2356raw6.mat_Line8257
25,12,0,-251.02,-7.859,82.57,554.87,A2356raw6.mat_Line8258
25,12,0,-246.85,-7.859,82.58,578.53,A2356raw4.mat_Line8259
25,12,0,-248.16,-7.785,82.59,578.06,A2356raw4.mat_Line8260
25,12,0,-252.5,-7.63,82.6,554.22,A2356raw6.mat_Line8261
25,12,0,-249.84,-7.639,82.61,577.57,A2356raw4.mat_Line8262
25,12,0,-251,-7.566,82.62,577.72,A2356raw4.mat_Line8263
25,12,0,-251.49,-7.487,82.63,577.71,A2356raw4.mat_Line8264
25,12,0,-252.01,-7.245,82.65,547.59,A2356raw6.mat_Line8266
25,12,0,-250.62,-7.262,82.66,574.62,A2356raw4.mat_Line8267
25,12,0,-250.24,-7.185,82.67,572.47,A2356raw4.mat_Line8268
25,12,0,-249.57,-7.093,82.68,570.75,A2356raw4.mat_Line8269
25,12,0,-250.23,-7.009,82.69,569.98,A2356raw4.mat_Line8270
25,12,0,-254.92,-6.84,82.7,541.96,A2356raw6.mat_Line8271
25,12,0,-250.94,-6.84,82.71,568.56,A2356raw4.mat_Line8272
25,12,0,-252.29,-6.757,82.72,567.62,A2356raw4.mat_Line8273
25,12,0,-257.13,-6.585,82.73,539.01,A2356raw6.mat_Line8274
25,12,0,-255.3,-6.586,82.74,565.27,A2356raw4.mat_Line8275
25,12,0,-255.81,-6.43,82.75,534.07,A2356raw6.mat_Line8276
25,12,0,-256.77,-6.419,82.76,561.56,A2356raw4.mat_Line8277
25,12,0,-255.69,-6.258,82.77,529.1,A2356raw6.mat_Line8278
25,12,0,-254.81,-6.258,82.78,556.78,A2356raw4.mat_Line8279
25,12,0,-256.65,-6.114,82.79,524.73,A2356raw6.mat_Line8280
25,12,0,-255.04,-6.095,82.8,553.21,A2356raw4.mat_Line8281
25,12,0,-255.71,-6.021,82.81,551.8,A2356raw4.mat_Line8282
25,12,0,-256.75,-5.939,82.82,549.92,A2356raw4.mat_Line8283
25,12,0,-257.82,-5.858,82.83,547.26,A2356raw4.mat_Line8284
25,12,0,-259.73,-5.787,82.84,544.77,A2356raw4.mat_Line8285
25,12,0,-261.81,-5.72,82.85,542.9,A2356raw4.mat_Line8286
25,12,0,-263.06,-5.641,82.86,540.41,A2356raw4.mat_Line8287
25,12,0,-260.71,-5.484,82.87,505.02,A2356raw6.mat_Line8288
25,12,0,-259.77,-5.397,82.88,502.07,A2356raw6.mat_Line8289
25,12,-0,-261.22,-5.415,82.89,532.38,A2356raw4.mat_Line8290
25,12,0,-260.1,-5.326,82.9,529.74,A2356raw4.mat_Line8291
25,12,0,-261.33,-5.155,82.91,494.92,A2356raw6.mat_Line8292
25,12,0,-260.43,-5.175,82.92,524.62,A2356raw4.mat_Line8293
25,12,0,-260.74,-5.084,82.93,521.81,A2356raw4.mat_Line8294
25,12,0,-265.95,-4.924,82.94,486.21,A2356raw6.mat_Line8295
25,12,0,-266.74,-4.84,82.95,483.11,A2356raw6.mat_Line8296
25,12,0,-266.66,-4.765,82.96,479.55,A2356raw6.mat_Line8297
25,12,0,-265.48,-4.685,82.97,475.68,A2356raw6.mat_Line8298
25,12,0,-268.45,-4.676,82.98,505.95,A2356raw4.mat_Line8299
25,12,0,-266.98,-4.605,82.99,501.94,A2356raw4.mat_Line8300
25,12,0,-264.83,-4.523,83,497.92,A2356raw4.mat_Line8301
25,12,0,-262.12,-4.374,83.01,462.36,A2356raw6.mat_Line8302
25,12,0,-262.89,-4.275,83.02,458.94,A2356raw6.mat_Line8303
25,12,0,-264.32,-4.207,83.03,455.52,A2356raw6.mat_Line8304
25,12,0,-266.3,-4.108,83.04,451.62,A2356raw6.mat_Line8305
25,12,0,-264.81,-4.115,83.05,479.92,A2356raw4.mat_Line8306
25,12,0,-267.12,-4.038,83.06,475.57,A2356raw4.mat_Line8307
25,12,0,-269.28,-3.962,83.07,471.2,A2356raw4.mat_Line8308
25,12,0,-267.95,-3.794,83.08,433.33,A2356raw6.mat_Line8309
25,12,0,-266.11,-3.726,83.09,428.53,A2356raw6.mat_Line8310
25,12,-0,-265.15,-3.65,83.1,423.74,A2356raw6.mat_Line8311
25,12,0,-263.66,-3.574,83.11,419.4,A2356raw6.mat_Line8312
25,12,0,-263.85,-3.486,83.12,415.2,A2356raw6.mat_Line8313
25,12,0,-263.44,-3.408,83.14,436.8,A2356raw4.mat_Line8315
25,12,0,-264.76,-3.325,83.15,432,A2356raw4.mat_Line8316
25,12,0,-268.85,-3.17,83.16,393.93,A2356raw6.mat_Line8317
25,12,0,-270.31,-3.094,83.17,387.86,A2356raw6.mat_Line8318
25,12,0,-271.02,-3.008,83.18,381.2,A2356raw6.mat_Line8319
25,12,0,-270.79,-2.928,83.19,375.31,A2356raw6.mat_Line8320
25,12,0,-268.65,-2.855,83.2,368.8,A2356raw6.mat_Line8321
25,12,0,-267.56,-2.765,83.21,363.07,A2356raw6.mat_Line8322
25,12,0,-272.44,-2.771,83.22,386.8,A2356raw4.mat_Line8323
25,12,-0,-269.34,-2.702,83.23,380.62,A2356raw4.mat_Line8324
25,12,0,-267.28,-2.613,83.24,374.74,A2356raw4.mat_Line8325
25,12,0,-267.41,-2.45,83.25,339.8,A2356raw6.mat_Line8326
25,12,0,-269.53,-2.37,83.26,332.03,A2356raw6.mat_Line8327
25,12,0,-271.81,-2.284,83.27,324.26,A2356raw6.mat_Line8328
25,12,0,-273.62,-2.209,83.28,315.87,A2356raw6.mat_Line8329
25,12,0,-274.63,-2.221,83.29,340.26,A2356raw4.mat_Line8330
25,12,0,-277.69,-2.128,83.3,331.25,A2356raw4.mat_Line8331
25,12,-0,-279.25,-2.056,83.31,321.61,A2356raw4.mat_Line8332
25,12,0,-267.69,-1.724,83.34,271.7,A2356raw6.mat_Line8335
25,12,0,-268.8,-1.727,83.35,290.82,A2356raw4.mat_Line8336
25,12,0,-267.99,-1.565,83.36,256.81,A2356raw6.mat_Line8337
25,12,0,-266.38,-1.562,83.37,277.34,A2356raw4.mat_Line8338
25,12,0,-267.69,-1.49,83.38,269.43,A2356raw4.mat_Line8339
25,12,0,-274.01,-1.317,83.39,228.55,A2356raw6.mat_Line8340
25,12,0,-275.06,-1.226,83.4,218.15,A2356raw6.mat_Line8341
25,12,0,-270,-0.998,83.43,190.42,A2356raw6.mat_Line8344
25,12,0,-267.92,-0.928,83.44,182.83,A2356raw6.mat_Line8345
25,12,0,-266.06,-0.852,83.45,175.25,A2356raw6.mat_Line8346
25,12,-0,-266.71,-0.858,83.46,190.64,A2356raw4.mat_Line8347
25,12,0,-265.22,-0.704,83.47,158.66,A2356raw6.mat_Line8348
25,12,0,-267.57,-0.543,83.49,138.33,A2356raw6.mat_Line8350
25,12,0,-269.29,-0.448,83.5,126.52,A2356raw6.mat_Line8351
25,12,0,-270.84,-0.374,83.51,114.57,A2356raw6.mat_Line8352
25,12,0,-273.52,-0.382,83.52,130.26,A2356raw4.mat_Line8353
25,12,0,-275.28,-0.283,83.53,117.06,A2356raw4.mat_Line8354
25,12,0,-274.43,-0.208,83.54,104.81,A2356raw4.mat_Line8355
25,12,0,-270.88,-0.119,83.55,94.12,A2356raw4.mat_Line8356
25,12,0,-260.11,0.047,83.56,67.02,A2356raw6.mat_Line8357
25,12,0,-259.12,0.112,83.57,58.05,A2356raw6.mat_Line8358
25,12,0,-259.41,0.261,83.59,37.25,A2356raw6.mat_Line8360
25,12,0,-260.9,0.341,83.6,24.83,A2356raw6.mat_Line8361
25,12,0,-263.41,0.425,83.62,23.62,A2356raw4.mat_Line8363
25,12,0,-266.83,0.511,83.63,9.02,A2356raw4.mat_Line8364
25,12,0,-262.11,0.669,83.64,-24.2,A2356raw6.mat_Line8365
25,12,0,-258.75,0.743,83.65,-34.41,A2356raw6.mat_Line8366
25,12,0,-256.02,0.819,83.66,-43.38,A2356raw6.mat_Line8367
25,12,0,-253.22,0.919,83.67,-51.9,A2356raw6.mat_Line8368
25,12,0,-249.51,1.071,83.7,-65.29,A2356raw4.mat_Line8371
25,12,0,-256.33,1.471,83.74,-129.95,A2356raw6.mat_Line8375
25,12,0,-254.79,1.557,83.75,-140.78,A2356raw6.mat_Line8376
25,12,0,-252.15,1.618,83.76,-150.08,A2356raw6.mat_Line8377
25,12,0,-258.21,1.638,83.77,-154.73,A2356raw4.mat_Line8378
25,12,0,-246.65,1.783,83.78,-166.3,A2356raw6.mat_Line8379
25,12,0,-248.85,1.78,83.79,-170.77,A2356raw4.mat_Line8380
25,12,0,-244.92,1.94,83.8,-184.13,A2356raw6.mat_Line8381
25,12,0,-249.83,2.27,83.84,-229.47,A2356raw6.mat_Line8385
25,12,0,-250.24,2.267,83.85,-236.25,A2356raw4.mat_Line8386
25,12,0,-249.51,2.44,83.86,-249.01,A2356raw6.mat_Line8387
25,12,0,-247.07,2.509,83.87,-256.89,A2356raw6.mat_Line8388
25,12,0,-244.39,2.586,83.88,-263.24,A2356raw6.mat_Line8389
25,12,0,-241.77,2.672,83.89,-269.88,A2356raw6.mat_Line8390
25,12,0,-237.68,2.904,83.93,-302.65,A2356raw4.mat_Line8394
25,12,0,-238.87,2.973,83.94,-312.75,A2356raw4.mat_Line8395
25,12,0,-240.37,3.06,83.95,-324.42,A2356raw4.mat_Line8396
25,12,0,-242.68,3.206,83.96,-332.09,A2356raw6.mat_Line8397
25,12,-0,-241,3.296,83.97,-338.89,A2356raw6.mat_Line8398
25,12,0,-238.56,3.379,83.98,-344.79,A2356raw6.mat_Line8399
25,12,0,-236.11,3.472,83.99,-349.24,A2356raw6.mat_Line8400
25,12,0,-237.69,3.459,84,-363.17,A2356raw4.mat_Line8401
25,12,-0,-233.97,3.547,84.01,-365.9,A2356raw4.mat_Line8402
25,12,0,-230.82,3.631,84.02,-369.6,A2356raw4.mat_Line8403
25,12,0,-229.89,3.709,84.03,-373.77,A2356raw4.mat_Line8404
25,12,0,-230.3,3.79,84.04,-380.45,A2356raw4.mat_Line8405
25,12,0,-232.71,3.952,84.05,-386.15,A2356raw6.mat_Line8406
25,12,-0,-233.61,3.943,84.06,-396.93,A2356raw4.mat_Line8407
25,12,0,-235.84,4.028,84.07,-405.18,A2356raw4.mat_Line8408
25,12,0,-234.36,4.181,84.08,-403.96,A2356raw6.mat_Line8409
25,12,0,-238.94,4.184,84.09,-417.9,A2356raw4.mat_Line8410
25,12,0,-237.64,4.261,84.1,-421.62,A2356raw4.mat_Line8411
25,12,0,-229.89,4.423,84.11,-413.05,A2356raw6.mat_Line8412
25,12,0,-230.5,4.429,84.12,-426.83,A2356raw4.mat_Line8413
25,12,0,-227.49,4.503,84.13,-428.84,A2356raw4.mat_Line8414
25,12,0,-228.01,4.665,84.14,-425.33,A2356raw6.mat_Line8415
25,12,0,-225.65,4.661,84.15,-435.18,A2356raw4.mat_Line8416
25,12,0,-230.07,4.825,84.16,-436.21,A2356raw6.mat_Line8417
25,12,0,-230.16,4.825,84.17,-448.26,A2356raw4.mat_Line8418
25,12,0,-233.46,4.896,84.18,-455.86,A2356raw4.mat_Line8419
25,12,0,-236.73,4.973,84.19,-463.17,A2356raw4.mat_Line8420
25,12,0,-232.2,5.325,84.23,-477.26,A2356raw4.mat_Line8424
25,12,0,-227.66,5.473,84.24,-464.11,A2356raw6.mat_Line8425
25,12,0,-225.72,5.477,84.25,-477.99,A2356raw4.mat_Line8426
25,12,0,-229.92,5.64,84.26,-471.41,A2356raw6.mat_Line8427
25,12,0,-227.35,5.634,84.27,-485.44,A2356raw4.mat_Line8428
25,12,-0,-234.23,5.79,84.28,-481.34,A2356raw6.mat_Line8429
25,12,0,-237.76,5.957,84.3,-490.82,A2356raw6.mat_Line8431
25,12,0,-241.1,5.957,84.31,-513.44,A2356raw4.mat_Line8432
25,12,0,-240.86,6.04,84.32,-517,A2356raw4.mat_Line8433
25,12,0,-238.18,6.107,84.33,-517.93,A2356raw4.mat_Line8434
25,12,0,-230.78,6.276,84.34,-496.22,A2356raw6.mat_Line8435
25,12,-0,-229.9,6.27,84.35,-515.55,A2356raw4.mat_Line8436
25,12,0,-226.7,6.349,84.36,-514.6,A2356raw4.mat_Line8437
25,12,-0,-226.72,6.422,84.37,-515.66,A2356raw4.mat_Line8438
25,12,-0,-228.31,6.504,84.38,-519.54,A2356raw4.mat_Line8439
25,12,0,-235.62,6.668,84.39,-511.27,A2356raw6.mat_Line8440
25,12,0,-234.75,6.671,84.4,-533.09,A2356raw4.mat_Line8441
25,12,0,-238.67,6.751,84.41,-540.25,A2356raw4.mat_Line8442
25,12,0,-241.15,6.824,84.42,-546.49,A2356raw4.mat_Line8443
25,12,0,-242.28,6.913,84.43,-550.36,A2356raw4.mat_Line8444
25,12,-0,-240.32,6.99,84.44,-551.28,A2356raw4.mat_Line8445
25,12,-0,-236.61,7.071,84.45,-549.87,A2356raw4.mat_Line8446
25,12,0,-230.1,7.234,84.46,-524.44,A2356raw6.mat_Line8447
25,12,0,-230.42,7.321,84.47,-525.36,A2356raw6.mat_Line8448
25,12,0,-228.32,7.318,84.48,-544.21,A2356raw4.mat_Line8449
25,12,0,-229.26,7.39,84.49,-546.83,A2356raw4.mat_Line8450
25,12,-0,-231.53,7.476,84.5,-552.12,A2356raw4.mat_Line8451
25,12,0,-234.45,7.556,84.51,-558.82,A2356raw4.mat_Line8452
25,12,0,-240.15,7.719,84.52,-545.88,A2356raw6.mat_Line8453
25,12,0,-242.18,7.712,84.53,-572.53,A2356raw4.mat_Line8454
25,12,0,-239.34,7.88,84.54,-548.84,A2356raw6.mat_Line8455
25,12,0,-243.65,7.877,84.55,-575.82,A2356raw4.mat_Line8456
25,12,0,-240.64,7.951,84.56,-572.39,A2356raw4.mat_Line8457
25,12,0,-232.39,8.119,84.57,-543.67,A2356raw6.mat_Line8458
25,12,0,-232.89,8.112,84.58,-563.03,A2356raw4.mat_Line8459
25,12,0,-230.86,8.19,84.59,-561.28,A2356raw4.mat_Line8460
25,12,0,-233.49,8.349,84.6,-548.16,A2356raw6.mat_Line8461
25,12,0,-233.15,8.353,84.61,-567.94,A2356raw4.mat_Line8462
25,12,0,-236.87,8.435,84.62,-574.96,A2356raw4.mat_Line8463
25,12,0,-241.56,8.598,84.63,-562.18,A2356raw6.mat_Line8464
25,12,0,-243.98,8.673,84.64,-565.14,A2356raw6.mat_Line8465
25,12,0,-246.04,8.674,84.65,-591.34,A2356raw4.mat_Line8466
25,12,0,-246.37,8.75,84.66,-590.26,A2356raw4.mat_Line8467
25,12,-0,-238.34,8.909,84.67,-559.06,A2356raw6.mat_Line8468
25,12,0,-235.58,8.988,84.68,-556.4,A2356raw6.mat_Line8469
25,12,0,-237,8.999,84.69,-572.49,A2356raw4.mat_Line8470
25,12,-0,-234.54,9.069,84.7,-569.97,A2356raw4.mat_Line8471
25,12,0,-233.72,9.142,84.71,-571.2,A2356raw4.mat_Line8472
25,12,0,-235.45,9.224,84.72,-575.86,A2356raw4.mat_Line8473
25,12,0,-238.34,9.31,84.73,-582.56,A2356raw4.mat_Line8474
25,12,0,-241.87,9.396,84.74,-589.9,A2356raw4.mat_Line8475
25,12,0,-246.22,9.558,84.75,-575.25,A2356raw6.mat_Line8476
25,12,0,-247.17,9.632,84.76,-574.95,A2356raw6.mat_Line8477
25,12,0,-250.75,9.635,84.77,-596.48,A2356raw4.mat_Line8478
25,12,0,-249.86,9.721,84.78,-590.72,A2356raw4.mat_Line8479
25,12,0,-247.11,9.797,84.79,-582.78,A2356raw4.mat_Line8480
25,12,0,-241.81,10.202,84.84,-582.27,A2356raw4.mat_Line8485
25,12,0,-245.05,10.268,84.85,-589.44,A2356raw4.mat_Line8486
25,12,0,-248.25,10.357,84.86,-595.07,A2356raw4.mat_Line8487
25,12,0,-249.17,10.579,84.88,-576.19,A2356raw6.mat_Line8489
25,12,0,-247.72,10.672,84.89,-570.57,A2356raw6.mat_Line8490
25,12,0,-247.69,10.74,84.91,-574.69,A2356raw4.mat_Line8492
25,12,0,-241.74,10.915,84.92,-562.46,A2356raw6.mat_Line8493
25,12,0,-242.82,10.908,84.93,-569.54,A2356raw4.mat_Line8494
25,12,0,-243.31,11.071,84.94,-569.3,A2356raw6.mat_Line8495
25,12,0,-244.26,11.078,84.95,-578.55,A2356raw4.mat_Line8496
25,12,0,-246.91,11.16,84.96,-584.8,A2356raw4.mat_Line8497
25,12,0,-249.84,11.237,84.97,-590.27,A2356raw4.mat_Line8498
25,12,0,-251.58,11.405,84.98,-583.03,A2356raw6.mat_Line8499
25,12,0,-254.42,11.41,84.99,-592.47,A2356raw4.mat_Line8500
25,12,-0,-254.97,11.469,85,-588.26,A2356raw4.mat_Line8501
25,12,-0,-251.97,11.628,85.02,-573.76,A2356raw4.mat_Line8503
25,12,0,-249.29,11.698,85.03,-569.55,A2356raw4.mat_Line8504
25,12,-0,-246.95,11.744,85.04,-569.38,A2356raw4.mat_Line8505
25,12,0,-245.57,11.813,85.05,-573.42,A2356raw4.mat_Line8506
25,12,0,-244.85,11.853,85.06,-579.19,A2356raw4.mat_Line8507
25,12,0,-246.73,11.925,85.07,-578.16,A2356raw6.mat_Line8508
25,12,0,-248.98,11.945,85.08,-578.14,A2356raw6.mat_Line8509
25,12,0,-250.4,11.949,85.09,-584.15,A2356raw4.mat_Line8510
25,12,0,-253,11.97,85.1,-582.43,A2356raw4.mat_Line8511
25,12,0,-254.54,11.992,85.11,-580.09,A2356raw4.mat_Line8512
25,12,0,-249.99,12.009,85.12,-580.18,A2356raw6.mat_Line8513
25,12,0,-250.43,12.013,85.13,-584.41,A2356raw6.mat_Line8514
25,12,0,-254.24,12.002,85.14,-583.14,A2356raw4.mat_Line8515
25,12,0,-252.96,12.006,85.15,-588.3,A2356raw4.mat_Line8516
25,12,0,-251.33,12.006,85.16,-592.82,A2356raw4.mat_Line8517
25,12,0,-250.18,11.995,85.17,-594.66,A2356raw4.mat_Line8518
25,12,0,-248.86,11.983,85.18,-591.37,A2356raw4.mat_Line8519
25,12,0,-248.85,11.969,85.19,-584.16,A2356raw4.mat_Line8520
25,12,0,-247.69,11.955,85.2,-577.12,A2356raw4.mat_Line8521
25,12,0,-247.03,11.932,85.21,-564.07,A2356raw6.mat_Line8522
25,12,0,-248.93,11.939,85.22,-570.57,A2356raw4.mat_Line8523
25,12,0,-251.35,11.919,85.23,-572.3,A2356raw4.mat_Line8524
25,12,0,-252.55,11.904,85.24,-578.11,A2356raw4.mat_Line8525
25,12,0,-249.99,11.899,85.25,-589.63,A2356raw6.mat_Line8526
25,12,0,-251.47,11.896,85.26,-592.22,A2356raw4.mat_Line8527
25,12,0,-249.72,11.897,85.27,-596.44,A2356raw4.mat_Line8528
25,12,0,-248.43,11.884,85.28,-588.21,A2356raw6.mat_Line8529
25,12,0,-249.05,11.88,85.29,-581.14,A2356raw6.mat_Line8530
25,12,-0,-248.65,11.862,85.3,-573.61,A2356raw6.mat_Line8531
25,12,0,-248.06,11.85,85.31,-580.54,A2356raw4.mat_Line8532
25,12,0,-249.29,11.83,85.32,-576.31,A2356raw4.mat_Line8533
25,12,0,-250,11.796,85.33,-573.65,A2356raw4.mat_Line8534
25,12,0,-250.38,11.751,85.34,-571.62,A2356raw4.mat_Line8535
25,12,0,-249.73,11.698,85.35,-571.33,A2356raw4.mat_Line8536
25,12,0,-247.5,11.588,85.36,-580.34,A2356raw6.mat_Line8537
25,12,0,-248.39,11.524,85.37,-590.03,A2356raw6.mat_Line8538
25,12,0,-248.69,11.524,85.38,-592.45,A2356raw4.mat_Line8539
25,12,-0,-250.71,11.445,85.39,-600.26,A2356raw4.mat_Line8540
25,12,0,-252.87,11.355,85.4,-603.84,A2356raw4.mat_Line8541
25,12,0,-253.57,11.26,85.41,-603.22,A2356raw4.mat_Line8542
25,12,0,-253.56,11.176,85.42,-599.62,A2356raw4.mat_Line8543
25,12,0,-253.29,11.078,85.43,-592.9,A2356raw4.mat_Line8544
25,12,0,-250.64,10.875,85.45,-575.09,A2356raw4.mat_Line8546
25,12,0,-248.31,10.769,85.46,-568.4,A2356raw4.mat_Line8547
25,12,0,-246.05,10.67,85.47,-565.92,A2356raw4.mat_Line8548
25,12,0,-245.48,10.584,85.48,-568.75,A2356raw4.mat_Line8549
25,12,0,-249,10.404,85.49,-578.57,A2356raw6.mat_Line8550
25,12,0,-248.43,10.401,85.5,-584.42,A2356raw4.mat_Line8551
25,12,0,-254.28,10.192,85.52,-592.51,A2356raw6.mat_Line8553
25,12,-0,-255.38,10.125,85.53,-588.9,A2356raw6.mat_Line8554
25,12,-0,-253.11,10.129,85.54,-597.04,A2356raw4.mat_Line8555
25,12,0,-253.92,10.075,85.55,-592.8,A2356raw4.mat_Line8556
25,12,0,-253.61,10.014,85.56,-586.05,A2356raw4.mat_Line8557
25,12,0,-253.13,9.947,85.57,-579.64,A2356raw4.mat_Line8558
25,12,0,-250.64,9.883,85.58,-575.12,A2356raw4.mat_Line8559
25,12,0,-248.26,9.75,85.59,-566.21,A2356raw6.mat_Line8560
25,12,0,-248.3,9.675,85.6,-570.27,A2356raw6.mat_Line8561
25,12,0,-249.19,9.603,85.61,-574.02,A2356raw6.mat_Line8562
25,12,0,-246.33,9.611,85.62,-580.61,A2356raw4.mat_Line8563
25,12,0,-247.97,9.52,85.63,-582.96,A2356raw4.mat_Line8564
25,12,0,-253.85,9.362,85.64,-577.78,A2356raw6.mat_Line8565
25,12,0,-251.38,9.362,85.65,-587.95,A2356raw4.mat_Line8566
25,12,0,-254.92,9.273,85.66,-591.06,A2356raw4.mat_Line8567
25,12,-0,-256.51,9.005,85.68,-576.68,A2356raw6.mat_Line8569
25,12,0,-256.97,9.008,85.69,-589.68,A2356raw4.mat_Line8570
25,12,0,-251.1,8.817,85.7,-566.27,A2356raw6.mat_Line8571
25,12,-0,-248.94,8.82,85.71,-575.34,A2356raw4.mat_Line8572
25,12,0,-245.1,8.727,85.72,-569.58,A2356raw4.mat_Line8573
25,12,-0,-243.33,8.64,85.73,-566.91,A2356raw4.mat_Line8574
25,12,0,-244.49,8.547,85.74,-568.79,A2356raw4.mat_Line8575
25,12,0,-254.29,8.376,85.75,-566.16,A2356raw6.mat_Line8576
25,12,0,-257.43,8.302,85.77,-585.99,A2356raw4.mat_Line8578
25,12,0,-259.7,8.219,85.78,-589.59,A2356raw4.mat_Line8579
25,12,0,-259.8,8.143,85.79,-589.15,A2356raw4.mat_Line8580
25,12,0,-257.41,8.06,85.8,-584.48,A2356raw4.mat_Line8581
25,12,0,-253.39,7.918,85.81,-558.71,A2356raw6.mat_Line8582
25,12,0,-251.81,7.864,85.82,-554.82,A2356raw6.mat_Line8583
25,12,0,-251.55,7.799,85.83,-553.11,A2356raw6.mat_Line8584
25,12,0,-252.76,7.721,85.84,-553.27,A2356raw6.mat_Line8585
25,12,0,-249.44,7.723,85.85,-566.18,A2356raw4.mat_Line8586
25,12,0,-251.09,7.659,85.86,-569.15,A2356raw4.mat_Line8587
25,12,0,-253.74,7.576,85.87,-572.6,A2356raw4.mat_Line8588
25,12,0,-256.28,7.509,85.88,-575.42,A2356raw4.mat_Line8589
25,12,0,-257.99,7.433,85.89,-576.99,A2356raw4.mat_Line8590
25,12,0,-259.72,7.264,85.9,-556.25,A2356raw6.mat_Line8591
25,12,0,-258.32,7.272,85.91,-574.98,A2356raw4.mat_Line8592
25,12,0,-256.85,7.192,85.92,-570.93,A2356raw4.mat_Line8593
25,12,0,-254.56,7.116,85.93,-566.41,A2356raw4.mat_Line8594
25,12,0,-252.47,7.03,85.94,-562.34,A2356raw4.mat_Line8595
25,12,0,-251.18,6.959,85.95,-559.53,A2356raw4.mat_Line8596
25,12,0,-251.48,6.862,85.96,-557.83,A2356raw4.mat_Line8597
25,12,0,-252.51,6.784,85.97,-558.15,A2356raw4.mat_Line8598
25,12,0,-258.01,6.598,85.98,-540.59,A2356raw6.mat_Line8599
25,12,0,-257.68,6.598,85.99,-561.78,A2356raw4.mat_Line8600
25,12,0,-260.46,6.516,86,-563.68,A2356raw4.mat_Line8601
25,12,0,-263.05,6.349,86.01,-541.26,A2356raw6.mat_Line8602
25,12,-0,-262.52,6.336,86.02,-562.46,A2356raw4.mat_Line8603
25,12,0,-261.43,6.256,86.03,-557.79,A2356raw4.mat_Line8604
25,12,0,-258.88,6.173,86.04,-551.57,A2356raw4.mat_Line8605
25,12,0,-257.77,6.015,86.05,-523.54,A2356raw6.mat_Line8606
25,12,0,-257.69,5.928,86.06,-518.72,A2356raw6.mat_Line8607
25,12,0,-254.67,5.937,86.07,-535.85,A2356raw4.mat_Line8608
25,12,0,-256.31,5.846,86.08,-534.78,A2356raw4.mat_Line8609
25,12,0,-259.09,5.785,86.09,-535.29,A2356raw4.mat_Line8610
25,12,0,-262.62,5.705,86.1,-536.24,A2356raw4.mat_Line8611
25,12,0,-268.21,5.553,86.11,-512.45,A2356raw6.mat_Line8612
25,12,0,-269.24,5.471,86.12,-511.05,A2356raw6.mat_Line8613
25,12,0,-268.55,5.404,86.13,-507.94,A2356raw6.mat_Line8614
25,12,0,-266.59,5.318,86.14,-502.81,A2356raw6.mat_Line8615
25,12,0,-264.86,5.325,86.15,-522.43,A2356raw4.mat_Line8616
25,12,0,-261.04,5.252,86.16,-515.89,A2356raw4.mat_Line8617
25,12,-0,-258.21,5.159,86.17,-510.75,A2356raw4.mat_Line8618
25,12,0,-257.33,5.085,86.18,-507.5,A2356raw4.mat_Line8619
25,12,0,-258.59,5.014,86.19,-505.66,A2356raw4.mat_Line8620
25,12,-0,-265.45,4.845,86.2,-480.16,A2356raw6.mat_Line8621
25,12,0,-268.27,4.762,86.21,-478.32,A2356raw6.mat_Line8622
25,12,0,-270.46,4.685,86.22,-476.93,A2356raw6.mat_Line8623
25,12,0,-273.09,4.682,86.23,-500.78,A2356raw4.mat_Line8624
25,12,0,-274.36,4.608,86.24,-497.69,A2356raw4.mat_Line8625
25,12,0,-271.46,4.528,86.25,-493.01,A2356raw4.mat_Line8626
25,12,0,-268.52,4.443,86.26,-487.1,A2356raw4.mat_Line8627
25,12,0,-264.25,4.362,86.27,-480.57,A2356raw4.mat_Line8628
25,12,0,-260.5,4.294,86.28,-474.82,A2356raw4.mat_Line8629
25,12,0,-262.37,4.052,86.3,-441.38,A2356raw6.mat_Line8631
25,12,0,-262.09,4.062,86.31,-462.11,A2356raw4.mat_Line8632
25,12,0,-265.19,3.965,86.32,-459.17,A2356raw4.mat_Line8633
25,12,0,-269.22,3.893,86.33,-456.4,A2356raw4.mat_Line8634
25,12,0,-272.29,3.81,86.34,-453.79,A2356raw4.mat_Line8635
25,12,0,-273.34,3.729,86.35,-450.54,A2356raw4.mat_Line8636
25,12,0,-269.43,3.573,86.36,-422.51,A2356raw6.mat_Line8637
25,12,0,-267.33,3.491,86.37,-416.6,A2356raw6.mat_Line8638
25,12,0,-265.77,3.49,86.38,-432.36,A2356raw4.mat_Line8639
25,12,0,-262.09,3.408,86.39,-424.58,A2356raw4.mat_Line8640
25,12,0,-260.17,3.329,86.4,-416.81,A2356raw4.mat_Line8641
25,12,0,-260.48,3.245,86.41,-409.83,A2356raw4.mat_Line8642
25,12,0,-262.04,3.16,86.42,-404.25,A2356raw4.mat_Line8643
25,12,0,-265.58,2.993,86.43,-378.91,A2356raw6.mat_Line8644
25,12,0,-268.96,2.925,86.44,-374.89,A2356raw6.mat_Line8645
25,12,0,-270.84,2.848,86.45,-371.19,A2356raw6.mat_Line8646
25,12,0,-275.83,2.855,86.46,-387.76,A2356raw4.mat_Line8647
25,12,0,-275.71,2.785,86.47,-382.18,A2356raw4.mat_Line8648
25,12,0,-273.12,2.708,86.48,-375.5,A2356raw4.mat_Line8649
25,12,0,-268.87,2.619,86.49,-366.78,A2356raw4.mat_Line8650
25,12,0,-262.72,2.377,86.51,-326.94,A2356raw6.mat_Line8652
25,12,0,-262.38,2.304,86.52,-318.87,A2356raw6.mat_Line8653
25,12,0,-262.96,2.212,86.53,-311.43,A2356raw6.mat_Line8654
25,12,0,-265.13,2.138,86.54,-305.71,A2356raw6.mat_Line8655
25,12,0,-269.62,2.122,86.55,-317.31,A2356raw4.mat_Line8656
25,12,0,-273.99,2.052,86.56,-312.21,A2356raw4.mat_Line8657
25,12,0,-276.31,1.966,86.57,-307.27,A2356raw4.mat_Line8658
25,12,0,-265.47,1.657,86.6,-265.39,A2356raw6.mat_Line8661
25,12,0,-262.15,1.572,86.61,-255.13,A2356raw6.mat_Line8662
25,12,0,-259.74,1.578,86.62,-261.57,A2356raw4.mat_Line8663
25,12,0,-258.58,1.416,86.63,-234.47,A2356raw6.mat_Line8664
25,12,0,-257.91,1.41,86.64,-240.61,A2356raw4.mat_Line8665
25,12,0,-260.14,1.337,86.65,-232.24,A2356raw4.mat_Line8666
25,12,0,-262.13,1.17,86.66,-212.01,A2356raw6.mat_Line8667
25,12,0,-264.97,1.094,86.67,-205.52,A2356raw6.mat_Line8668
25,12,0,-266.27,1.025,86.68,-199.33,A2356raw6.mat_Line8669
25,12,0,-265.79,0.932,86.69,-191.41,A2356raw6.mat_Line8670
25,12,0,-269.34,0.934,86.7,-198.37,A2356raw4.mat_Line8671
25,12,-0,-265.12,0.848,86.71,-187.78,A2356raw4.mat_Line8672
25,12,0,-259.43,0.765,86.72,-175.65,A2356raw4.mat_Line8673
25,12,0,-254.93,0.686,86.73,-162.59,A2356raw4.mat_Line8674
25,12,0,-253.27,0.52,86.74,-139.82,A2356raw6.mat_Line8675
25,12,0,-252.94,0.453,86.75,-129.74,A2356raw6.mat_Line8676
25,12,0,-253.37,0.365,86.76,-121.06,A2356raw6.mat_Line8677
25,12,0,-263.09,0.213,86.79,-107.73,A2356raw4.mat_Line8680
25,12,0,-263.46,0.136,86.8,-100.3,A2356raw4.mat_Line8681
25,12,0,-255.18,-0.018,86.81,-79.83,A2356raw6.mat_Line8682
25,12,0,-252.14,-0.094,86.82,-68.78,A2356raw6.mat_Line8683
25,12,0,-248.25,-0.173,86.83,-56.81,A2356raw6.mat_Line8684
25,12,0,-245.48,-0.256,86.84,-44.22,A2356raw6.mat_Line8685
25,12,0,-244.03,-0.342,86.85,-32.26,A2356raw6.mat_Line8686
25,12,0,-243.96,-0.431,86.86,-21.1,A2356raw6.mat_Line8687
25,12,0,-244.6,-0.428,86.87,-15.75,A2356raw4.mat_Line8688
25,12,0,-246.73,-0.518,86.88,-6.78,A2356raw4.mat_Line8689
25,12,0,-247.87,-0.836,86.91,25.38,A2356raw6.mat_Line8692
25,12,0,-246.29,-0.912,86.92,36.57,A2356raw6.mat_Line8693
25,12,0,-243.24,-0.986,86.93,48.85,A2356raw6.mat_Line8694
25,12,0,-241.97,-0.995,86.94,57.76,A2356raw4.mat_Line8695
25,12,0,-238.53,-1.058,86.95,72.55,A2356raw4.mat_Line8696
25,12,0,-234.86,-1.208,86.97,99.42,A2356raw4.mat_Line8698
25,12,0,-235.36,-1.46,86.99,118.69,A2356raw6.mat_Line8700
25,12,0,-236.46,-1.535,87,127.66,A2356raw6.mat_Line8701
25,12,0,-237.26,-1.626,87.01,137.6,A2356raw6.mat_Line8702
25,12,-0,-241.44,-1.632,87.02,147.84,A2356raw4.mat_Line8703
25,12,0,-239.31,-1.705,87.03,159.96,A2356raw4.mat_Line8704
25,12,0,-235.9,-1.794,87.04,173.2,A2356raw4.mat_Line8705
25,12,0,-228.27,-1.954,87.05,182.97,A2356raw6.mat_Line8706
25,12,0,-223.21,-2.272,87.09,224.27,A2356raw6.mat_Line8710
25,12,0,-225.88,-2.272,87.1,238.71,A2356raw4.mat_Line8711
25,12,-0,-224.37,-2.428,87.11,241.01,A2356raw6.mat_Line8712
25,12,0,-230.77,-2.438,87.12,255.11,A2356raw4.mat_Line8713
25,12,0,-226.63,-2.596,87.13,258.06,A2356raw6.mat_Line8714
25,12,0,-226.48,-2.667,87.14,267.21,A2356raw6.mat_Line8715
25,12,0,-224.99,-2.75,87.15,276.1,A2356raw6.mat_Line8716
25,12,0,-221.13,-2.835,87.17,304.71,A2356raw4.mat_Line8718
25,12,0,-218.01,-2.905,87.18,313.55,A2356raw4.mat_Line8719
25,12,0,-217.04,-2.981,87.19,321.13,A2356raw4.mat_Line8720
25,12,0,-217.99,-3.128,87.2,318.29,A2356raw6.mat_Line8721
25,12,0,-219.7,-3.137,87.21,335.24,A2356raw4.mat_Line8722
25,12,0,-221.49,-3.287,87.22,331.76,A2356raw6.mat_Line8723
25,12,-0,-224.19,-3.372,87.23,337.19,A2356raw6.mat_Line8724
25,12,0,-225.87,-3.458,87.24,343.21,A2356raw6.mat_Line8725
25,12,0,-229.98,-3.465,87.25,360.78,A2356raw4.mat_Line8726
25,12,-0,-228.28,-3.545,87.26,367.62,A2356raw4.mat_Line8727
25,12,0,-225.16,-3.615,87.27,374.61,A2356raw4.mat_Line8728
25,12,0,-221.03,-3.705,87.28,382.38,A2356raw4.mat_Line8729
25,12,0,-218.34,-3.789,87.29,389.69,A2356raw4.mat_Line8730
25,12,0,-218.07,-3.952,87.3,384.37,A2356raw6.mat_Line8731
25,12,0,-218.36,-4.022,87.31,390.56,A2356raw6.mat_Line8732
25,12,0,-220.17,-4.018,87.32,407.98,A2356raw4.mat_Line8733
25,12,0,-223.6,-4.108,87.33,411.68,A2356raw4.mat_Line8734
25,12,0,-228.02,-4.179,87.34,415.37,A2356raw4.mat_Line8735
25,12,0,-231.47,-4.27,87.35,419.06,A2356raw4.mat_Line8736
25,12,0,-232.38,-4.343,87.36,423.4,A2356raw4.mat_Line8737
25,12,-0,-228.52,-4.496,87.37,415.16,A2356raw6.mat_Line8738
25,12,0,-226.86,-4.576,87.38,420.59,A2356raw6.mat_Line8739
25,12,0,-223.74,-4.658,87.39,426.18,A2356raw6.mat_Line8740
25,12,0,-220.82,-4.665,87.4,446.43,A2356raw4.mat_Line8741
25,12,0,-219.71,-4.744,87.41,452.33,A2356raw4.mat_Line8742
25,12,0,-220.18,-4.827,87.42,457.14,A2356raw4.mat_Line8743
25,12,0,-222.04,-4.907,87.43,461.17,A2356raw4.mat_Line8744
25,12,0,-226.23,-5.056,87.44,448.66,A2356raw6.mat_Line8745
25,12,-0,-234.23,-5.219,87.47,470.68,A2356raw4.mat_Line8748
25,12,0,-233.49,-5.288,87.48,474.09,A2356raw4.mat_Line8749
25,12,0,-231.14,-5.386,87.49,477.52,A2356raw4.mat_Line8750
25,12,-0,-227.65,-5.47,87.5,482.05,A2356raw4.mat_Line8751
25,12,0,-224.02,-5.544,87.51,487.49,A2356raw4.mat_Line8752
25,12,0,-225.07,-5.712,87.52,475.51,A2356raw6.mat_Line8753
25,12,0,-223.04,-5.795,87.54,501.33,A2356raw4.mat_Line8755
25,12,0,-225.71,-5.868,87.55,503.16,A2356raw4.mat_Line8756
25,12,0,-228.92,-5.941,87.56,503.75,A2356raw4.mat_Line8757
25,12,0,-232.16,-6.031,87.57,504.49,A2356raw4.mat_Line8758
25,12,0,-234.76,-6.107,87.58,505.85,A2356raw4.mat_Line8759
25,12,-0,-235.63,-6.187,87.59,507.88,A2356raw4.mat_Line8760
25,12,0,-233.6,-6.346,87.6,489.69,A2356raw6.mat_Line8761
25,12,0,-230.01,-6.349,87.61,514.76,A2356raw4.mat_Line8762
25,12,-0,-226.23,-6.432,87.62,519.45,A2356raw4.mat_Line8763
25,12,0,-223.65,-6.515,87.63,524.89,A2356raw4.mat_Line8764
25,12,0,-222.41,-6.583,87.64,529.55,A2356raw4.mat_Line8765
25,12,0,-223.61,-6.657,87.65,532.64,A2356raw4.mat_Line8766
25,12,0,-225.33,-6.741,87.66,533.87,A2356raw4.mat_Line8767
25,12,0,-229.95,-6.89,87.67,510.48,A2356raw6.mat_Line8768
25,12,0,-234.81,-7.055,87.69,511.53,A2356raw6.mat_Line8770
25,12,0,-235.86,-7.066,87.7,535.32,A2356raw4.mat_Line8771
25,12,0,-234.85,-7.135,87.71,537.66,A2356raw4.mat_Line8772
25,12,0,-232.06,-7.222,87.72,540.64,A2356raw4.mat_Line8773
25,12,0,-228.03,-7.295,87.73,544.86,A2356raw4.mat_Line8774
25,12,0,-224.81,-7.377,87.74,549.71,A2356raw4.mat_Line8775
25,12,0,-223.57,-7.461,87.75,553.42,A2356raw4.mat_Line8776
25,12,0,-226.86,-7.629,87.76,531.77,A2356raw6.mat_Line8777
25,12,0,-228.45,-7.703,87.77,532.84,A2356raw6.mat_Line8778
25,12,0,-228.43,-7.703,87.78,555.68,A2356raw4.mat_Line8779
25,12,0,-232.49,-7.778,87.79,554.73,A2356raw4.mat_Line8780
25,12,0,-235.46,-7.872,87.8,554.54,A2356raw4.mat_Line8781
25,12,0,-236.77,-7.941,87.81,555.31,A2356raw4.mat_Line8782
25,12,0,-235.87,-8.03,87.82,556.4,A2356raw4.mat_Line8783
25,12,0,-233.53,-8.11,87.83,558.92,A2356raw4.mat_Line8784
25,12,0,-230.78,-8.203,87.84,562.06,A2356raw4.mat_Line8785
25,12,0,-227.89,-8.262,87.85,565.64,A2356raw4.mat_Line8786
25,12,0,-229.83,-8.425,87.86,543.39,A2356raw6.mat_Line8787
25,12,0,-226.44,-8.429,87.87,571.54,A2356raw4.mat_Line8788
25,12,0,-228.47,-8.516,87.88,571.83,A2356raw4.mat_Line8789
25,12,0,-232.87,-8.673,87.89,546.44,A2356raw6.mat_Line8790
25,12,0,-233.95,-8.683,87.9,569.14,A2356raw4.mat_Line8791
25,12,0,-236.85,-8.756,87.91,568.49,A2356raw4.mat_Line8792
25,12,0,-238.99,-8.834,87.92,568.48,A2356raw4.mat_Line8793
25,12,0,-239.34,-8.916,87.93,569.57,A2356raw4.mat_Line8794
25,12,0,-237.41,-8.989,87.94,570.52,A2356raw4.mat_Line8795
25,12,0,-234.94,-9.071,87.95,572.09,A2356raw4.mat_Line8796
25,12,0,-232.5,-9.148,87.96,574.28,A2356raw4.mat_Line8797
25,12,0,-231,-9.225,87.97,576.63,A2356raw4.mat_Line8798
25,12,0,-230.76,-9.314,87.98,578.95,A2356raw4.mat_Line8799
25,12,-0,-233.8,-9.46,87.99,554.52,A2356raw6.mat_Line8800
25,12,0,-233.83,-9.467,88,578.91,A2356raw4.mat_Line8801
25,12,0,-235.59,-9.549,88.01,577.48,A2356raw4.mat_Line8802
25,12,0,-238.67,-9.632,88.02,576.07,A2356raw4.mat_Line8803
25,12,0,-239.22,-9.788,88.03,553.67,A2356raw6.mat_Line8804
25,12,0,-241.13,-9.785,88.04,574.8,A2356raw4.mat_Line8805
25,12,0,-240.68,-9.878,88.05,574.67,A2356raw4.mat_Line8806
25,12,0,-239.58,-9.958,88.06,574.85,A2356raw4.mat_Line8807
25,12,0,-237.56,-10.018,88.07,576.57,A2356raw4.mat_Line8808
25,12,0,-235.78,-10.116,88.08,578.29,A2356raw4.mat_Line8809
25,12,0,-235.01,-10.187,88.09,580.46,A2356raw4.mat_Line8810
25,12,0,-235.63,-10.27,88.1,581.23,A2356raw4.mat_Line8811
25,12,0,-236.53,-10.354,88.11,581.67,A2356raw4.mat_Line8812
25,12,0,-238.04,-10.428,88.12,580.72,A2356raw4.mat_Line8813
25,12,0,-240.46,-10.515,88.13,579.61,A2356raw4.mat_Line8814
25,12,0,-242.67,-10.59,88.14,578.36,A2356raw4.mat_Line8815
25,12,0,-244.45,-10.679,88.15,577.57,A2356raw4.mat_Line8816
25,12,0,-244.91,-10.752,88.16,576.81,A2356raw4.mat_Line8817
25,12,0,-244.09,-10.827,88.17,576.06,A2356raw4.mat_Line8818
25,12,0,-242.31,-10.898,88.18,575.92,A2356raw4.mat_Line8819
25,12,0,-240.21,-10.995,88.19,577.02,A2356raw4.mat_Line8820
25,12,0,-239.47,-11.072,88.2,578.42,A2356raw4.mat_Line8821
25,12,0,-238.87,-11.147,88.21,580.11,A2356raw4.mat_Line8822
25,12,0,-238.72,-11.227,88.22,581.34,A2356raw4.mat_Line8823
25,12,0,-240.25,-11.309,88.23,581.31,A2356raw4.mat_Line8824
25,12,0,-242.12,-11.376,88.24,580.99,A2356raw4.mat_Line8825
25,12,0,-243.66,-11.462,88.25,580.2,A2356raw4.mat_Line8826
25,12,0,-245.72,-11.531,88.26,579.72,A2356raw4.mat_Line8827
25,12,0,-246.64,-11.602,88.27,578.81,A2356raw4.mat_Line8828
25,12,0,-246.9,-11.679,88.28,578.05,A2356raw4.mat_Line8829
25,12,0,-246.21,-11.747,88.29,577.15,A2356raw4.mat_Line8830
25,12,0,-244.48,-11.793,88.3,576.98,A2356raw4.mat_Line8831
25,12,0,-242.29,-11.836,88.31,577.59,A2356raw4.mat_Line8832
25,12,0,-239.46,-11.917,88.32,565.1,A2356raw6.mat_Line8833
25,12,0,-241.11,-11.929,88.33,582.07,A2356raw4.mat_Line8834
25,12,0,-240.8,-11.957,88.34,584.69,A2356raw4.mat_Line8835
25,12,-0,-242.01,-11.974,88.35,586.4,A2356raw4.mat_Line8836
25,12,0,-242.87,-11.992,88.36,587.15,A2356raw4.mat_Line8837
25,12,0,-244.93,-12.009,88.37,586.67,A2356raw4.mat_Line8838
25,12,0,-246.15,-12.016,88.38,584.97,A2356raw4.mat_Line8839
25,12,0,-247.19,-11.994,88.39,582.8,A2356raw4.mat_Line8840
25,12,0,-246.01,-11.984,88.4,580.8,A2356raw4.mat_Line8841
25,12,0,-245.18,-11.957,88.41,579.6,A2356raw4.mat_Line8842
25,12,0,-243.37,-11.959,88.42,580.4,A2356raw4.mat_Line8843
25,12,0,-241.92,-11.93,88.43,582.42,A2356raw4.mat_Line8844
25,12,0,-242.27,-11.916,88.44,569.97,A2356raw6.mat_Line8845
25,12,0,-241.93,-11.913,88.45,571.21,A2356raw6.mat_Line8846
25,12,0,-241.76,-11.909,88.46,571.82,A2356raw6.mat_Line8847
25,12,0,-241.85,-11.914,88.47,572.89,A2356raw6.mat_Line8848
25,12,0,-242.4,-11.917,88.48,573.68,A2356raw6.mat_Line8849
25,12,0,-244.58,-11.914,88.49,588.46,A2356raw4.mat_Line8850
25,12,0,-244.22,-11.903,88.5,587.53,A2356raw4.mat_Line8851
25,12,0,-243.64,-11.906,88.51,585.68,A2356raw4.mat_Line8852
25,12,0,-242.74,-11.9,88.52,583.68,A2356raw4.mat_Line8853
25,12,0,-242.52,-11.886,88.54,582.89,A2356raw4.mat_Line8855
25,12,0,-242.72,-11.886,88.55,584.12,A2356raw4.mat_Line8856
25,12,0,-242.28,-11.854,88.56,585.66,A2356raw4.mat_Line8857
25,12,0,-242.44,-11.82,88.57,587.83,A2356raw4.mat_Line8858
25,12,-0,-243.19,-11.728,88.58,575.51,A2356raw6.mat_Line8859
25,12,0,-243.15,-11.744,88.59,591.84,A2356raw4.mat_Line8860
25,12,0,-243.66,-11.624,88.6,577.01,A2356raw6.mat_Line8861
25,12,0,-244.78,-11.546,88.61,574.21,A2356raw6.mat_Line8862
25,12,0,-243.96,-11.552,88.62,588.22,A2356raw4.mat_Line8863
25,12,0,-246.58,-11.377,88.63,565.53,A2356raw6.mat_Line8864
25,12,0,-243.82,-11.373,88.64,582.19,A2356raw4.mat_Line8865
25,12,0,-243.37,-11.277,88.65,581.44,A2356raw4.mat_Line8866
25,12,0,-242.89,-11.183,88.66,582.85,A2356raw4.mat_Line8867
25,12,0,-244.98,-10.998,88.67,569.01,A2356raw6.mat_Line8868
25,12,0,-244.53,-10.902,88.68,571.5,A2356raw6.mat_Line8869
25,12,0,-244.66,-10.812,88.69,572.59,A2356raw6.mat_Line8870
25,12,0,-242.98,-10.829,88.7,591.9,A2356raw4.mat_Line8871
25,12,0,-244.09,-10.744,88.71,590.8,A2356raw4.mat_Line8872
25,12,0,-245.47,-10.663,88.72,588.77,A2356raw4.mat_Line8873
25,12,0,-245.71,-10.568,88.73,586.58,A2356raw4.mat_Line8874
25,12,0,-245.32,-10.502,88.74,584.44,A2356raw4.mat_Line8875
25,12,0,-246.59,-10.292,88.76,564.07,A2356raw6.mat_Line8877
25,12,0,-243,-10.215,88.78,586.77,A2356raw4.mat_Line8879
25,12,0,-243.74,-10.149,88.79,587.86,A2356raw4.mat_Line8880
25,12,0,-243.73,-10.08,88.8,588.31,A2356raw4.mat_Line8881
25,12,-0,-244.19,-10.024,88.81,588.62,A2356raw4.mat_Line8882
25,12,0,-246.19,-9.958,88.82,588.6,A2356raw4.mat_Line8883
25,12,0,-249.02,-9.801,88.83,567.59,A2356raw6.mat_Line8884
25,12,0,-246.24,-9.731,88.85,585.66,A2356raw4.mat_Line8886
25,12,0,-245.24,-9.653,88.86,584.11,A2356raw4.mat_Line8887
25,12,0,-243.55,-9.573,88.87,583.49,A2356raw4.mat_Line8888
25,12,0,-243.44,-9.49,88.88,583.97,A2356raw4.mat_Line8889
25,12,0,-243.21,-9.407,88.89,585.05,A2356raw4.mat_Line8890
25,12,0,-248.2,-9.248,88.9,562.31,A2356raw6.mat_Line8891
25,12,0,-248.26,-9.167,88.91,562.77,A2356raw6.mat_Line8892
25,12,0,-249.13,-9.075,88.92,563.41,A2356raw6.mat_Line8893
25,12,0,-246.62,-9.082,88.93,586.26,A2356raw4.mat_Line8894
25,12,0,-248,-8.996,88.94,585.78,A2356raw4.mat_Line8895
25,12,0,-248.66,-8.907,88.95,584.55,A2356raw4.mat_Line8896
25,12,0,-248.89,-8.824,88.96,583.01,A2356raw4.mat_Line8897
25,12,0,-249.9,-8.577,88.98,555.66,A2356raw6.mat_Line8899
25,12,0,-249.69,-8.475,88.99,555.03,A2356raw6.mat_Line8900
25,12,0,-249.6,-8.416,89,555.35,A2356raw6.mat_Line8901
25,12,0,-246.13,-8.39,89.01,579.78,A2356raw4.mat_Line8902
25,12,0,-246.62,-8.317,89.02,579.76,A2356raw4.mat_Line8903
25,12,0,-247.6,-8.222,89.03,579.77,A2356raw4.mat_Line8904
25,12,0,-250.93,-8.081,89.04,557.35,A2356raw6.mat_Line8905
25,12,0,-251.86,-8.014,89.05,556.88,A2356raw6.mat_Line8906
25,12,0,-252.37,-7.927,89.06,555.47,A2356raw6.mat_Line8907
25,12,0,-252.65,-7.856,89.07,553.61,A2356raw6.mat_Line8908
25,12,0,-253.49,-7.782,89.08,551.14,A2356raw6.mat_Line8909
25,12,0,-252.24,-7.703,89.09,549.44,A2356raw6.mat_Line8910
25,12,0,-248.36,-7.7,89.1,573.27,A2356raw4.mat_Line8911
25,12,0,-248.24,-7.556,89.12,572.95,A2356raw4.mat_Line8913
25,12,0,-249,-7.486,89.13,572.78,A2356raw4.mat_Line8914
25,12,0,-251.94,-7.325,89.14,548.48,A2356raw6.mat_Line8915
25,12,-0,-253.55,-7.245,89.15,547.72,A2356raw6.mat_Line8916
25,12,0,-252.36,-7.262,89.16,571.02,A2356raw4.mat_Line8917
25,12,0,-255.6,-7.086,89.17,545.21,A2356raw6.mat_Line8918
25,12,0,-253.69,-7.092,89.18,568.38,A2356raw4.mat_Line8919
25,12,0,-252.94,-7.016,89.19,566.69,A2356raw4.mat_Line8920
25,12,0,-252.46,-6.923,89.2,564.85,A2356raw4.mat_Line8921
25,12,0,-251.06,-6.837,89.21,563.46,A2356raw4.mat_Line8922
25,12,0,-251.99,-6.675,89.23,561.6,A2356raw4.mat_Line8924
25,12,0,-252.64,-6.592,89.24,560.5,A2356raw4.mat_Line8925
25,12,0,-253.98,-6.498,89.25,558.62,A2356raw4.mat_Line8926
25,12,0,-255.77,-6.423,89.26,556.75,A2356raw4.mat_Line8927
25,12,0,-258.23,-6.27,89.27,527.98,A2356raw6.mat_Line8928
25,12,0,-258.67,-6.253,89.28,553.16,A2356raw4.mat_Line8929
25,12,0,-260.03,-6.112,89.29,523.78,A2356raw6.mat_Line8930
25,12,0,-259.96,-6.032,89.3,521.15,A2356raw6.mat_Line8931
25,12,0,-259.64,-5.951,89.31,518.37,A2356raw6.mat_Line8932
25,12,0,-259.35,-5.876,89.32,515.59,A2356raw6.mat_Line8933
25,12,0,-258.99,-5.793,89.33,513.27,A2356raw6.mat_Line8934
25,12,0,-256.39,-5.793,89.34,540.61,A2356raw4.mat_Line8935
25,12,0,-257.66,-5.722,89.35,538.13,A2356raw4.mat_Line8936
25,12,0,-258.59,-5.627,89.36,535.63,A2356raw4.mat_Line8937
25,12,-0,-260.91,-5.557,89.37,533.14,A2356raw4.mat_Line8938
25,12,0,-262.52,-5.398,89.38,500.34,A2356raw6.mat_Line8939
25,12,0,-264.12,-5.323,89.39,497.85,A2356raw6.mat_Line8940
25,12,0,-265.35,-5.321,89.4,525.82,A2356raw4.mat_Line8941
25,12,0,-265.78,-5.157,89.41,492.27,A2356raw6.mat_Line8942
25,12,0,-264.97,-5.077,89.42,489.02,A2356raw6.mat_Line8943
25,12,0,-261.93,-5.084,89.43,515.78,A2356raw4.mat_Line8944
25,12,0,-261.21,-5.016,89.44,512.84,A2356raw4.mat_Line8945
25,12,0,-261.82,-4.837,89.45,480.21,A2356raw6.mat_Line8946
25,12,0,-261.36,-4.766,89.46,477.57,A2356raw6.mat_Line8947
25,12,0,-262.45,-4.761,89.47,504.9,A2356raw4.mat_Line8948
25,12,0,-264.24,-4.681,89.48,501.62,A2356raw4.mat_Line8949
25,12,-0,-266.52,-4.613,89.49,498.2,A2356raw4.mat_Line8950
25,12,0,-268.53,-4.52,89.5,494.3,A2356raw4.mat_Line8951
25,12,0,-268.17,-4.354,89.51,459.36,A2356raw6.mat_Line8952
25,12,0,-269.28,-4.364,89.52,486.41,A2356raw4.mat_Line8953
25,12,0,-267.91,-4.211,89.53,451.63,A2356raw6.mat_Line8954
25,12,0,-266.8,-4.124,89.54,447.3,A2356raw6.mat_Line8955
25,12,0,-263.54,-4.122,89.55,473.58,A2356raw4.mat_Line8956
25,12,0,-263.56,-4.031,89.56,470.01,A2356raw4.mat_Line8957
25,12,0,-263.34,-3.95,89.57,466.59,A2356raw4.mat_Line8958
25,12,0,-263.18,-3.796,89.58,431.8,A2356raw6.mat_Line8959
25,12,-0,-263.84,-3.736,89.59,427.3,A2356raw6.mat_Line8960
25,12,0,-268.59,-3.481,89.62,412.23,A2356raw6.mat_Line8963
25,12,0,-272.58,-3.485,89.63,436.14,A2356raw4.mat_Line8964
25,12,0,-269.07,-3.317,89.64,400.75,A2356raw6.mat_Line8965
25,12,0,-268.69,-3.24,89.65,395.18,A2356raw6.mat_Line8966
25,12,0,-265.31,-3.249,89.66,420.83,A2356raw4.mat_Line8967
25,12,0,-263.52,-3.166,89.67,415.72,A2356raw4.mat_Line8968
25,12,0,-264.64,-3.007,89.68,379.68,A2356raw6.mat_Line8969
25,12,0,-264.84,-2.924,89.69,374.25,A2356raw6.mat_Line8970
25,12,0,-271.41,-2.854,89.71,391.94,A2356raw4.mat_Line8972
25,12,0,-274.86,-2.773,89.72,384.47,A2356raw4.mat_Line8973
25,12,0,-276.61,-2.693,89.73,376.69,A2356raw4.mat_Line8974
25,12,0,-276.42,-2.613,89.74,368.94,A2356raw4.mat_Line8975
25,12,0,-272.94,-2.451,89.75,333.56,A2356raw6.mat_Line8976
25,12,0,-270.4,-2.289,89.77,319.62,A2356raw6.mat_Line8978
25,12,0,-266.58,-2.214,89.79,337.82,A2356raw4.mat_Line8980
25,12,0,-267.55,-2.126,89.8,330.84,A2356raw4.mat_Line8981
25,12,-0,-270.23,-2.066,89.81,323.24,A2356raw4.mat_Line8982
25,12,0,-269.56,-1.891,89.82,286.12,A2356raw6.mat_Line8983
25,12,0,-271.56,-1.811,89.83,277.89,A2356raw6.mat_Line8984
25,12,0,-274.34,-1.731,89.84,268.57,A2356raw6.mat_Line8985
25,12,-0,-275.12,-1.559,89.86,249.48,A2356raw6.mat_Line8987
25,12,0,-274.06,-1.486,89.87,240.48,A2356raw6.mat_Line8988
25,12,0,-270.32,-1.483,89.88,259.93,A2356raw4.mat_Line8989
25,12,0,-267.53,-1.4,89.89,253.29,A2356raw4.mat_Line8990
25,12,0,-267.35,-1.155,89.91,210.45,A2356raw6.mat_Line8992
25,12,0,-268,-1.002,89.93,193.69,A2356raw6.mat_Line8994
25,12,0,-271.08,-0.858,89.95,173.82,A2356raw6.mat_Line8996
25,12,-0,-278.26,-0.852,89.96,182.95,A2356raw4.mat_Line8997
25,12,0,-272.75,-0.706,89.97,151.78,A2356raw6.mat_Line8998
25,12,0,-271.36,-0.621,89.98,141.56,A2356raw6.mat_Line8999
25,12,0,-263.36,-0.298,90.03,122.91,A2356raw4.mat_Line9004
25,12,-0,-266.35,-0.2,90.04,111.1,A2356raw4.mat_Line9005
25,12,0,-262.79,-0.041,90.05,77.56,A2356raw6.mat_Line9006
25,12,0,-263.95,0.034,90.06,66.07,A2356raw6.mat_Line9007
25,12,0,-266.63,0.183,90.08,41.38,A2356raw6.mat_Line9009
25,12,0,-254.03,0.423,90.12,24.77,A2356raw4.mat_Line9013
25,12,0,-255.01,0.581,90.13,-7.7,A2356raw6.mat_Line9014
25,12,0,-254.37,0.756,90.15,-28.32,A2356raw6.mat_Line9016
25,12,0,-255.33,0.818,90.16,-39.96,A2356raw6.mat_Line9017
25,12,0,-257.56,0.915,90.17,-52.69,A2356raw6.mat_Line9018
25,12,0,-258.93,0.998,90.18,-65.43,A2356raw6.mat_Line9019
25,12,0,-259.22,1.061,90.19,-77.7,A2356raw6.mat_Line9020
25,12,0,-259.98,1.064,90.2,-75.64,A2356raw4.mat_Line9021
25,12,0,-253.62,1.31,90.22,-107.12,A2356raw6.mat_Line9023
25,12,0,-250.27,1.392,90.23,-115.47,A2356raw6.mat_Line9024
25,12,0,-248.81,1.475,90.24,-123.36,A2356raw6.mat_Line9025
25,12,0,-247.82,1.539,90.25,-132.67,A2356raw6.mat_Line9026
25,12,0,-247.81,1.618,90.26,-142.91,A2356raw6.mat_Line9027
25,12,0,-255.36,1.638,90.27,-147.71,A2356raw4.mat_Line9028
25,12,-0,-258.84,1.783,90.29,-174.9,A2356raw4.mat_Line9030
25,12,0,-252.34,2.013,90.31,-200.64,A2356raw6.mat_Line9032
25,12,-0,-247.45,2.181,90.33,-217.18,A2356raw6.mat_Line9034
25,12,0,-244.79,2.265,90.34,-224.3,A2356raw6.mat_Line9035
25,12,-0,-242.28,2.274,90.35,-225.58,A2356raw4.mat_Line9036
25,12,0,-242.88,2.439,90.36,-239.47,A2356raw6.mat_Line9037
25,12,-0,-244.95,2.423,90.37,-249.53,A2356raw4.mat_Line9038
25,12,-0,-247.31,2.522,90.38,-262.13,A2356raw4.mat_Line9039
25,12,0,-246.79,2.832,90.41,-289.17,A2356raw6.mat_Line9042
25,12,0,-246.8,2.834,90.42,-300.11,A2356raw4.mat_Line9043
25,12,0,-242.32,2.89,90.43,-305.5,A2356raw4.mat_Line9044
25,12,-0,-238.66,2.978,90.44,-309.62,A2356raw4.mat_Line9045
25,12,0,-236.44,3.057,90.45,-315.35,A2356raw4.mat_Line9046
25,12,0,-235.26,3.22,90.46,-321.62,A2356raw6.mat_Line9047
25,12,0,-234.75,3.282,90.47,-327.98,A2356raw6.mat_Line9048
25,12,0,-234.52,3.385,90.48,-335.29,A2356raw6.mat_Line9049
25,12,0,-239.83,3.382,90.49,-352.81,A2356raw4.mat_Line9050
25,12,-0,-241.77,3.449,90.5,-362.13,A2356raw4.mat_Line9051
25,12,0,-241.33,3.542,90.51,-369.91,A2356raw4.mat_Line9052
25,12,0,-240.21,3.626,90.52,-374.83,A2356raw4.mat_Line9053
25,12,0,-237.4,3.709,90.53,-378.2,A2356raw4.mat_Line9054
25,12,-0,-234.27,3.865,90.54,-380.09,A2356raw6.mat_Line9055
25,12,0,-231.51,3.945,90.55,-383.65,A2356raw6.mat_Line9056
25,12,0,-228.03,4.107,90.57,-389.49,A2356raw6.mat_Line9058
25,12,0,-228.9,4.107,90.58,-399.21,A2356raw4.mat_Line9059
25,12,0,-231.32,4.19,90.59,-407.47,A2356raw4.mat_Line9060
25,12,0,-233.7,4.258,90.6,-414.92,A2356raw4.mat_Line9061
25,12,0,-236.48,4.34,90.61,-422.38,A2356raw4.mat_Line9062
25,12,0,-233.05,4.505,90.62,-419.01,A2356raw6.mat_Line9063
25,12,0,-233.9,4.571,90.63,-425.07,A2356raw6.mat_Line9064
25,12,0,-234.6,4.658,90.64,-429.87,A2356raw6.mat_Line9065
25,12,0,-233.49,4.734,90.65,-433.27,A2356raw6.mat_Line9066
25,12,0,-228.07,4.75,90.66,-438.29,A2356raw4.mat_Line9067
25,12,0,-229.48,4.904,90.67,-437.42,A2356raw6.mat_Line9068
25,12,0,-225.5,4.904,90.68,-443.72,A2356raw4.mat_Line9069
25,12,0,-227.2,4.996,90.69,-449.15,A2356raw4.mat_Line9070
25,12,0,-227.59,5.143,90.7,-445.01,A2356raw6.mat_Line9071
25,12,0,-229.5,5.228,90.71,-450.15,A2356raw6.mat_Line9072
25,12,0,-233.88,5.395,90.73,-462.28,A2356raw6.mat_Line9074
25,12,0,-236.09,5.475,90.74,-467.89,A2356raw6.mat_Line9075
25,12,0,-238.5,5.471,90.75,-483.5,A2356raw4.mat_Line9076
25,12,0,-236.97,5.629,90.76,-475.63,A2356raw6.mat_Line9077
25,12,0,-235.51,5.716,90.77,-476.71,A2356raw6.mat_Line9078
25,12,0,-232.63,5.783,90.78,-477.3,A2356raw6.mat_Line9079
25,12,0,-230.35,5.872,90.79,-477.29,A2356raw6.mat_Line9080
25,12,0,-227.47,5.875,90.8,-490.25,A2356raw4.mat_Line9081
25,12,0,-229,6.044,90.81,-481,A2356raw6.mat_Line9082
25,12,0,-233.52,6.031,90.82,-503.01,A2356raw4.mat_Line9083
25,12,0,-241.31,6.273,90.85,-520.41,A2356raw4.mat_Line9086
25,12,0,-240.38,6.347,90.86,-522.89,A2356raw4.mat_Line9087
25,12,0,-237.05,6.432,90.87,-522.72,A2356raw4.mat_Line9088
25,12,-0,-232.17,6.509,90.88,-521.61,A2356raw4.mat_Line9089
25,12,0,-235.19,6.678,90.89,-509.56,A2356raw6.mat_Line9090
25,12,0,-231.59,6.748,90.9,-508.94,A2356raw6.mat_Line9091
25,12,-0,-228.23,6.743,90.91,-522.64,A2356raw4.mat_Line9092
25,12,0,-230,6.827,90.92,-527.62,A2356raw4.mat_Line9093
25,12,-0,-233.26,6.907,90.93,-533.68,A2356raw4.mat_Line9094
25,12,0,-232.88,7.063,90.94,-518.55,A2356raw6.mat_Line9095
25,12,-0,-240.34,7.073,90.95,-547.7,A2356raw4.mat_Line9096
25,12,0,-242.26,7.149,90.96,-552.54,A2356raw4.mat_Line9097
25,12,0,-240.06,7.317,90.97,-533.8,A2356raw6.mat_Line9098
25,12,0,-239.4,7.313,90.98,-553.3,A2356raw4.mat_Line9099
25,12,0,-235.55,7.391,90.99,-550.18,A2356raw4.mat_Line9100
25,12,0,-231.56,7.473,91,-546.73,A2356raw4.mat_Line9101
25,12,0,-228.69,7.556,91.01,-545.77,A2356raw4.mat_Line9102
25,12,0,-228.87,7.632,91.02,-546.99,A2356raw4.mat_Line9103
25,12,0,-231.22,7.791,91.03,-534.35,A2356raw6.mat_Line9104
25,12,0,-233.14,7.792,91.04,-557.25,A2356raw4.mat_Line9105
25,12,0,-232.35,7.947,91.05,-539.93,A2356raw6.mat_Line9106
25,12,0,-241.13,7.96,91.06,-570.97,A2356raw4.mat_Line9107
25,12,0,-243.73,8.031,91.07,-575.96,A2356raw4.mat_Line9108
25,12,0,-240.58,8.186,91.08,-554.42,A2356raw6.mat_Line9109
25,12,0,-242.26,8.276,91.09,-557.38,A2356raw6.mat_Line9110
25,12,0,-239.18,8.275,91.1,-570.2,A2356raw4.mat_Line9111
25,12,-0,-234.99,8.364,91.11,-565.04,A2356raw4.mat_Line9112
25,12,0,-232.4,8.429,91.12,-562.06,A2356raw4.mat_Line9113
25,12,0,-231.03,8.511,91.13,-562.05,A2356raw4.mat_Line9114
25,12,0,-234.93,8.67,91.15,-571.68,A2356raw4.mat_Line9116
25,12,0,-234.26,8.837,91.16,-553.13,A2356raw6.mat_Line9117
25,12,0,-242.9,8.839,91.17,-585.25,A2356raw4.mat_Line9118
25,12,-0,-239.56,8.989,91.18,-561.85,A2356raw6.mat_Line9119
25,12,0,-242.92,9.074,91.19,-566.22,A2356raw6.mat_Line9120
25,12,0,-244.8,9.151,91.2,-569.5,A2356raw6.mat_Line9121
25,12,0,-244.35,9.145,91.21,-582.01,A2356raw4.mat_Line9122
25,12,0,-240.63,9.233,91.22,-575.61,A2356raw4.mat_Line9123
25,12,0,-241.77,9.396,91.23,-563.27,A2356raw6.mat_Line9124
25,12,0,-235.18,9.393,91.24,-569.83,A2356raw4.mat_Line9125
25,12,0,-236.11,9.475,91.25,-572.31,A2356raw4.mat_Line9126
25,12,0,-236.03,9.634,91.26,-557.94,A2356raw6.mat_Line9127
25,12,0,-241.65,9.635,91.27,-584,A2356raw4.mat_Line9128
25,12,0,-245.78,9.715,91.28,-590.08,A2356raw4.mat_Line9129
25,12,0,-248.79,9.794,91.29,-594.14,A2356raw4.mat_Line9130
25,12,0,-243.93,9.956,91.3,-572.43,A2356raw6.mat_Line9131
25,12,0,-251.92,9.951,91.31,-590.27,A2356raw4.mat_Line9132
25,12,0,-247.82,10.109,91.32,-576.33,A2356raw6.mat_Line9133
25,12,0,-247.63,10.199,91.33,-573.85,A2356raw6.mat_Line9134
25,12,0,-242.48,10.183,91.34,-570.18,A2356raw4.mat_Line9135
25,12,0,-239.95,10.276,91.35,-568.61,A2356raw4.mat_Line9136
25,12,0,-240.21,10.361,91.36,-570.93,A2356raw4.mat_Line9137
25,12,0,-240.41,10.427,91.37,-575.59,A2356raw4.mat_Line9138
25,12,-0,-243.52,10.513,91.38,-581.66,A2356raw4.mat_Line9139
25,12,0,-246.4,10.591,91.39,-588.22,A2356raw4.mat_Line9140
25,12,0,-243.43,10.753,91.4,-570.1,A2356raw6.mat_Line9141
25,12,-0,-252.81,10.745,91.41,-593.85,A2356raw4.mat_Line9142
25,12,0,-248.92,10.909,91.42,-578.83,A2356raw6.mat_Line9143
25,12,0,-252.53,10.918,91.43,-584.98,A2356raw4.mat_Line9144
25,12,0,-250.05,10.997,91.44,-577.19,A2356raw4.mat_Line9145
25,12,0,-249.76,11.151,91.45,-572.77,A2356raw6.mat_Line9146
25,12,0,-245.42,11.315,91.47,-564.34,A2356raw6.mat_Line9148
25,12,0,-243.41,11.4,91.48,-563.56,A2356raw6.mat_Line9149
25,12,0,-245.58,11.403,91.49,-578.88,A2356raw4.mat_Line9150
25,12,0,-243.65,11.558,91.5,-568.99,A2356raw6.mat_Line9151
25,12,-0,-250.71,11.551,91.51,-588.4,A2356raw4.mat_Line9152
25,12,0,-254.43,11.632,91.52,-589.19,A2356raw4.mat_Line9153
25,12,0,-255.94,11.693,91.53,-587.48,A2356raw4.mat_Line9154
25,12,0,-256.68,11.747,91.54,-582.35,A2356raw4.mat_Line9155
25,12,0,-252.83,11.854,91.55,-582.86,A2356raw6.mat_Line9156
25,12,0,-251.42,11.892,91.56,-578.96,A2356raw6.mat_Line9157
25,12,0,-246.38,11.892,91.57,-568.01,A2356raw4.mat_Line9158
25,12,0,-243.75,11.923,91.58,-566.58,A2356raw4.mat_Line9159
25,12,-0,-242.15,11.972,91.59,-562.53,A2356raw6.mat_Line9160
25,12,0,-243.24,11.976,91.6,-569.01,A2356raw4.mat_Line9161
25,12,0,-241.94,11.999,91.61,-568.93,A2356raw6.mat_Line9162
25,12,0,-245.3,12,91.62,-578.3,A2356raw6.mat_Line9163
25,12,0,-250.35,12.006,91.63,-588.61,A2356raw6.mat_Line9164
25,12,0,-259.96,12.01,91.64,-598.69,A2356raw4.mat_Line9165
25,12,0,-262.02,12.012,91.65,-602.62,A2356raw4.mat_Line9166
25,12,0,-259.47,12,91.66,-604.09,A2356raw6.mat_Line9167
25,12,0,-257.04,12.009,91.67,-594.72,A2356raw4.mat_Line9168
25,12,0,-252.02,11.967,91.68,-581.46,A2356raw6.mat_Line9169
25,12,0,-245.55,11.965,91.69,-572.21,A2356raw4.mat_Line9170
25,12,0,-240.68,11.936,91.7,-554.27,A2356raw6.mat_Line9171
25,12,0,-238.05,11.94,91.71,-550.52,A2356raw6.mat_Line9172
25,12,0,-240.19,11.935,91.72,-559.94,A2356raw4.mat_Line9173
25,12,0,-244.76,11.917,91.73,-569.31,A2356raw4.mat_Line9174
25,12,0,-251.12,11.91,91.74,-582.76,A2356raw4.mat_Line9175
25,12,0,-256.61,11.914,91.75,-596.06,A2356raw4.mat_Line9176
25,12,0,-258.46,11.902,91.76,-604.23,A2356raw4.mat_Line9177
25,12,0,-258.02,11.902,91.77,-605.21,A2356raw4.mat_Line9178
25,12,0,-253.39,11.877,91.79,-584.43,A2356raw6.mat_Line9180
25,12,0,-238.24,11.869,91.8,-575.98,A2356raw4.mat_Line9181
25,12,0,-229.31,11.859,91.81,-565.81,A2356raw4.mat_Line9182
25,12,0,-221.36,11.788,91.83,-549.55,A2356raw4.mat_Line9184
25,12,0,-224.85,11.75,91.84,-542.97,A2356raw4.mat_Line9185
25,12,0,-230.07,11.701,91.85,-541.4,A2356raw4.mat_Line9186
25,12,0,-232.84,11.466,91.88,-563.41,A2356raw4.mat_Line9189
25,12,0,-227.97,11.369,91.89,-562.07,A2356raw4.mat_Line9190
25,12,0,-221.12,11.253,91.9,-550.39,A2356raw4.mat_Line9191
25,12,0,-211.37,11.113,91.91,-531.07,A2356raw4.mat_Line9192
25,12,0,-180.18,10.352,91.96,-430.8,A2356raw4.mat_Line9197
25,12,0,-179.22,10.199,91.97,-424.48,A2356raw4.mat_Line9198
25,12,0,-176.91,10.032,91.98,-420.5,A2356raw4.mat_Line9199
25,12,0,-115.98,8.962,92.05,-305.39,A2356raw4.mat_Line9206
25,12,0,-110.85,8.83,92.06,-284.53,A2356raw4.mat_Line9207
25,12,0,-108.5,8.707,92.07,-268,A2356raw4.mat_Line9208
25,12,0,-80.65,7.762,92.14,-188.29,A2356raw4.mat_Line9215
25,12,0,-68.45,7.618,92.15,-168.2,A2356raw4.mat_Line9216
25,12,0,-53.27,5.125,92.31,-126.76,A2356raw4.mat_Line9232
25,12,0,-58.69,4.971,92.32,-138.22,A2356raw4.mat_Line9233
25,12,0,-38.85,4.148,92.38,-87.89,A2356raw4.mat_Line9239
25,12,0,-37.69,4.002,92.39,-86.17,A2356raw4.mat_Line9240
25,12,0,-53.44,2.968,92.46,-115.11,A2356raw4.mat_Line9247
25,12,0,-49.88,1.727,92.54,-95,A2356raw4.mat_Line9255
25,12,0,-52.81,1.571,92.55,-95.1,A2356raw4.mat_Line9256
25,12,0,-54.06,1.429,92.56,-90.19,A2356raw4.mat_Line9257
25,12,0,-37.9,0.626,92.62,-41.78,A2356raw4.mat_Line9263
25,12,0,-40.03,0.541,92.63,-42.65,A2356raw4.mat_Line9264
25,12,0,-43.81,0.437,92.64,-43.68,A2356raw4.mat_Line9265
25,12,0,-46.93,0.357,92.65,-43.72,A2356raw4.mat_Line9266
25,12,0,-38.06,0.112,92.72,-7.13,A2356raw4.mat_Line9273
25,12,0,-38.46,0.113,92.73,-8.25,A2356raw4.mat_Line9274
25,12,0,-48.97,0.059,92.79,-9.11,A2356raw4.mat_Line9280
25,12,0,-46.97,0.07,92.8,-5.37,A2356raw4.mat_Line9281
25,12,0,-44.66,0.072,92.81,-3.16,A2356raw4.mat_Line9282
25,12,0,-43.1,0.019,92.86,-9.42,A2356raw4.mat_Line9287
25,12,0,-45.06,0.023,92.87,-9.61,A2356raw4.mat_Line9288
25,12,0,-46.68,0.016,92.88,-7.77,A2356raw4.mat_Line9289
25,12,0,-48.68,0.023,92.89,-5.14,A2356raw4.mat_Line9290
25,12,0,-43.37,0.013,92.94,-2.38,A2356raw4.mat_Line9295
25,12,0,-41.54,0.013,92.95,-4.29,A2356raw4.mat_Line9296
25,12,0,-42.33,0.002,92.96,-5.52,A2356raw4.mat_Line9297
25,12,0,-247.55,0.36,244.89,-16.43,A2356raw4.mat_Line24490
25,12,0,-255.37,0.685,244.97,-65.66,A2356raw4.mat_Line24498
25,12,0,-245.37,1.3,245.12,-141.42,A2356raw4.mat_Line24513
25,12,0,-245.78,1.33,245.13,-146.86,A2356raw4.mat_Line24514
25,12,0,-247.69,1.366,245.14,-153.08,A2356raw4.mat_Line24515
25,12,0,-250.53,1.601,245.2,-184.43,A2356raw4.mat_Line24521
25,12,0,-247.11,1.647,245.21,-187.97,A2356raw4.mat_Line24522
25,12,0,-244.71,1.687,245.22,-191.05,A2356raw4.mat_Line24523
25,12,0,-251.3,1.932,245.28,-222.76,A2356raw4.mat_Line24529
25,12,0,-252.44,1.967,245.29,-227.56,A2356raw4.mat_Line24530
25,12,0,-251.03,2.008,245.3,-231.57,A2356raw4.mat_Line24531
25,12,0,-241.85,2.217,245.35,-249.03,A2356raw4.mat_Line24536
25,12,0,-242.93,2.257,245.36,-254.01,A2356raw4.mat_Line24537
25,12,0,-244.46,2.292,245.37,-258.84,A2356raw4.mat_Line24538
25,12,0,-247.27,2.338,245.38,-264.13,A2356raw4.mat_Line24539
25,12,0,-248.52,2.386,245.39,-268.64,A2356raw4.mat_Line24540
25,12,0,-243.25,2.545,245.43,-282.39,A2356raw4.mat_Line24544
25,12,0,-240.95,2.589,245.44,-285,A2356raw4.mat_Line24545
25,12,0,-239.49,2.629,245.45,-288.24,A2356raw4.mat_Line24546
25,12,0,-239.85,2.675,245.46,-291.97,A2356raw4.mat_Line24547
25,12,0,-240.03,2.695,245.47,-296.18,A2356raw4.mat_Line24548
25,12,0,-241.81,2.726,245.48,-301.14,A2356raw4.mat_Line24549
25,12,0,-244.76,2.799,245.5,-309.86,A2356raw4.mat_Line24551
25,12,0,-245.51,2.841,245.51,-313.6,A2356raw4.mat_Line24552
25,12,0,-244.66,2.871,245.52,-316.84,A2356raw4.mat_Line24553
25,12,0,-242.8,2.92,245.53,-319.93,A2356raw4.mat_Line24554
25,12,0,-239.92,2.97,245.54,-321.61,A2356raw4.mat_Line24555
25,12,0,-236.58,2.988,245.55,-323.9,A2356raw4.mat_Line24556
25,12,0,-234.71,3.026,245.56,-325.6,A2356raw4.mat_Line24557
25,12,0,-234.36,3.077,245.57,-328.69,A2356raw4.mat_Line24558
25,12,0,-235.61,3.123,245.58,-331.95,A2356raw4.mat_Line24559
25,12,0,-236.86,3.17,245.59,-335.85,A2356raw4.mat_Line24560
25,12,0,-238.5,3.206,245.6,-340.21,A2356raw4.mat_Line24561
25,12,0,-240.4,3.249,245.61,-344.1,A2356raw4.mat_Line24562
25,12,0,-241.38,3.301,245.62,-347.97,A2356raw4.mat_Line24563
25,12,0,-241.83,3.345,245.63,-351.84,A2356raw4.mat_Line24564
25,12,0,-240.68,3.381,245.64,-354.93,A2356raw4.mat_Line24565
25,12,0,-238.4,3.431,245.65,-357.39,A2356raw4.mat_Line24566
25,12,0,-235.34,3.459,245.66,-359.39,A2356raw4.mat_Line24567
25,12,0,-233.11,3.518,245.67,-361.87,A2356raw4.mat_Line24568
25,12,0,-231.67,3.547,245.68,-363.87,A2356raw4.mat_Line24569
25,12,0,-232.16,3.595,245.69,-366.84,A2356raw4.mat_Line24570
25,12,0,-233.07,3.628,245.7,-370.25,A2356raw4.mat_Line24571
25,12,0,-235.68,3.66,245.71,-373.68,A2356raw4.mat_Line24572
25,12,0,-238.3,3.709,245.72,-378.2,A2356raw4.mat_Line24573
25,12,0,-240.97,3.74,245.73,-382.55,A2356raw4.mat_Line24574
25,12,0,-242.03,3.786,245.74,-386.91,A2356raw4.mat_Line24575
25,12,0,-241.93,3.815,245.75,-390.16,A2356raw4.mat_Line24576
25,12,0,-239.47,3.858,245.76,-393.25,A2356raw4.mat_Line24577
25,12,0,-236.02,3.895,245.77,-394.64,A2356raw4.mat_Line24578
25,12,0,-233.19,3.923,245.78,-395.69,A2356raw4.mat_Line24579
25,12,0,-231.85,3.971,245.79,-396.64,A2356raw4.mat_Line24580
25,12,0,-232.32,4.006,245.8,-397.71,A2356raw4.mat_Line24581
25,12,0,-233.57,4.047,245.81,-399.87,A2356raw4.mat_Line24582
25,12,0,-236,4.079,245.82,-403,A2356raw4.mat_Line24583
25,12,0,-238.98,4.124,245.83,-407.21,A2356raw4.mat_Line24584
25,12,0,-242.35,4.16,245.84,-412.03,A2356raw4.mat_Line24585
25,12,0,-243.8,4.207,245.85,-416.7,A2356raw4.mat_Line24586
25,12,0,-241.4,4.288,245.87,-423.36,A2356raw4.mat_Line24588
25,12,0,-238.59,4.327,245.88,-425.05,A2356raw4.mat_Line24589
25,12,0,-234.67,4.372,245.89,-425.18,A2356raw4.mat_Line24590
25,12,0,-233.57,4.414,245.9,-425.48,A2356raw4.mat_Line24591
25,12,0,-232.37,4.44,245.91,-425.61,A2356raw4.mat_Line24592
25,12,0,-233.18,4.486,245.92,-427.01,A2356raw4.mat_Line24593
25,12,0,-235.42,4.535,245.93,-430.12,A2356raw4.mat_Line24594
25,12,0,-238.76,4.569,245.94,-434.49,A2356raw4.mat_Line24595
25,12,0,-241.76,4.601,245.95,-439.93,A2356raw4.mat_Line24596
25,12,0,-244.06,4.652,245.96,-445.54,A2356raw4.mat_Line24597
25,12,0,-245.19,4.699,245.97,-449.89,A2356raw4.mat_Line24598
25,12,0,-243.6,4.731,245.98,-452.68,A2356raw4.mat_Line24599
25,12,0,-240.32,4.777,245.99,-453.76,A2356raw4.mat_Line24600
25,12,0,-236.61,4.821,246,-453.57,A2356raw4.mat_Line24601
25,12,0,-233.87,4.857,246.01,-452.16,A2356raw4.mat_Line24602
25,12,0,-232.46,4.898,246.02,-451.68,A2356raw4.mat_Line24603
25,12,0,-233.46,4.939,246.03,-452.29,A2356raw4.mat_Line24604
25,12,0,-235.97,4.979,246.04,-454.92,A2356raw4.mat_Line24605
25,12,0,-239.16,5.026,246.05,-459.61,A2356raw4.mat_Line24606
25,12,0,-241.82,5.059,246.06,-465.06,A2356raw4.mat_Line24607
25,12,0,-244.87,5.092,246.07,-470.67,A2356raw4.mat_Line24608
25,12,0,-245.87,5.143,246.08,-475.02,A2356raw4.mat_Line24609
25,12,0,-244.95,5.185,246.09,-477.98,A2356raw4.mat_Line24610
25,12,0,-242.63,5.219,246.1,-478.58,A2356raw4.mat_Line24611
25,12,0,-238.74,5.261,246.11,-477.47,A2356raw4.mat_Line24612
25,12,0,-235.46,5.298,246.12,-475.57,A2356raw4.mat_Line24613
25,12,0,-233.51,5.331,246.13,-474,A2356raw4.mat_Line24614
25,12,0,-235.78,5.411,246.15,-475.85,A2356raw4.mat_Line24616
25,12,0,-238.72,5.458,246.16,-480.38,A2356raw4.mat_Line24617
25,12,0,-241.41,5.504,246.17,-486.46,A2356raw4.mat_Line24618
25,12,0,-244.07,5.528,246.18,-492.7,A2356raw4.mat_Line24619
25,12,0,-246.38,5.583,246.19,-497.84,A2356raw4.mat_Line24620
25,12,0,-246.22,5.616,246.2,-500.79,A2356raw4.mat_Line24621
25,12,0,-243.45,5.663,246.21,-501.08,A2356raw4.mat_Line24622
25,12,0,-239.86,5.693,246.22,-498.88,A2356raw4.mat_Line24623
25,12,0,-236.3,5.732,246.23,-496.05,A2356raw4.mat_Line24624
25,12,0,-234.01,5.778,246.24,-493.54,A2356raw4.mat_Line24625
25,12,0,-233.69,5.813,246.25,-493.07,A2356raw4.mat_Line24626
25,12,0,-234.63,5.849,246.26,-495.55,A2356raw4.mat_Line24627
25,12,0,-238,5.894,246.27,-499.92,A2356raw4.mat_Line24628
25,12,0,-241.03,5.937,246.28,-506.48,A2356raw4.mat_Line24629
25,12,0,-244.44,5.979,246.29,-513.17,A2356raw4.mat_Line24630
25,12,0,-246.29,6.018,246.3,-518.46,A2356raw4.mat_Line24631
25,12,0,-246.8,6.061,246.31,-521.26,A2356raw4.mat_Line24632
25,12,0,-244.61,6.103,246.32,-520.93,A2356raw4.mat_Line24633
25,12,0,-236.21,6.184,246.34,-515.3,A2356raw4.mat_Line24635
25,12,0,-233.92,6.223,246.35,-512.78,A2356raw4.mat_Line24636
25,12,0,-233.16,6.26,246.36,-511.98,A2356raw4.mat_Line24637
25,12,0,-233.96,6.297,246.37,-513.68,A2356raw4.mat_Line24638
25,12,0,-236.76,6.339,246.38,-518.05,A2356raw4.mat_Line24639
25,12,0,-239.95,6.366,246.39,-523.97,A2356raw4.mat_Line24640
25,12,0,-243.44,6.419,246.4,-530.53,A2356raw4.mat_Line24641
25,12,0,-246.01,6.451,246.41,-535.67,A2356raw4.mat_Line24642
25,12,0,-246.68,6.501,246.42,-538.31,A2356raw4.mat_Line24643
25,12,0,-245.27,6.531,246.43,-538.3,A2356raw4.mat_Line24644
25,12,0,-241.33,6.562,246.44,-535.64,A2356raw4.mat_Line24645
25,12,0,-237.76,6.618,246.45,-532.36,A2356raw4.mat_Line24646
25,12,0,-234.14,6.65,246.46,-529.06,A2356raw4.mat_Line24647
25,12,0,-233.5,6.697,246.47,-527.79,A2356raw4.mat_Line24648
25,12,0,-233.71,6.741,246.48,-529.35,A2356raw4.mat_Line24649
25,12,0,-235.79,6.778,246.49,-533.24,A2356raw4.mat_Line24650
25,12,0,-239.58,6.81,246.5,-539.48,A2356raw4.mat_Line24651
25,12,0,-243.42,6.859,246.51,-545.88,A2356raw4.mat_Line24652
25,12,0,-246.18,6.909,246.52,-551.98,A2356raw4.mat_Line24653
25,12,0,-247.48,6.935,246.53,-554.91,A2356raw4.mat_Line24654
25,12,0,-246.45,6.97,246.54,-555.06,A2356raw4.mat_Line24655
25,12,0,-242.82,7.02,246.55,-552.39,A2356raw4.mat_Line24656
25,12,-0,-239.24,7.051,246.56,-548.63,A2356raw4.mat_Line24657
25,12,0,-235.45,7.096,246.57,-544.57,A2356raw4.mat_Line24658
25,12,0,-233.61,7.151,246.58,-543.16,A2356raw4.mat_Line24659
25,12,0,-234.25,7.182,246.59,-543.76,A2356raw4.mat_Line24660
25,12,0,-236.42,7.217,246.6,-547.5,A2356raw4.mat_Line24661
25,12,0,-239.01,7.26,246.61,-553.29,A2356raw4.mat_Line24662
25,12,0,-243.14,7.298,246.62,-559.67,A2356raw4.mat_Line24663
25,12,0,-246.02,7.34,246.63,-565.29,A2356raw4.mat_Line24664
25,12,0,-247.96,7.378,246.64,-568.41,A2356raw4.mat_Line24665
25,12,0,-247.53,7.423,246.65,-567.93,A2356raw4.mat_Line24666
25,12,0,-244.5,7.466,246.66,-564.96,A2356raw4.mat_Line24667
25,12,0,-240.66,7.493,246.67,-560.6,A2356raw4.mat_Line24668
25,12,0,-236.69,7.53,246.68,-556.83,A2356raw4.mat_Line24669
25,12,-0,-235.01,7.58,246.69,-554.63,A2356raw4.mat_Line24670
25,12,0,-234.28,7.612,246.7,-554.93,A2356raw4.mat_Line24671
25,12,0,-236.05,7.662,246.71,-558.52,A2356raw4.mat_Line24672
25,12,0,-239.06,7.699,246.72,-564.13,A2356raw4.mat_Line24673
25,12,0,-242.21,7.736,246.73,-570.84,A2356raw4.mat_Line24674
25,12,0,-245.36,7.774,246.74,-577.23,A2356raw4.mat_Line24675
25,12,0,-247.5,7.817,246.75,-580.81,A2356raw4.mat_Line24676
25,12,0,-247.61,7.857,246.76,-580.67,A2356raw4.mat_Line24677
25,12,0,-245.41,7.902,246.77,-577.53,A2356raw4.mat_Line24678
25,12,0,-241.89,7.933,246.78,-572.08,A2356raw4.mat_Line24679
25,12,0,-237.82,7.978,246.79,-567.23,A2356raw4.mat_Line24680
25,12,0,-235.61,8.014,246.8,-564.42,A2356raw4.mat_Line24681
25,12,0,-234.93,8.059,246.81,-564.42,A2356raw4.mat_Line24682
25,12,0,-236.3,8.093,246.82,-567.51,A2356raw4.mat_Line24683
25,12,0,-238.76,8.132,246.83,-573.28,A2356raw4.mat_Line24684
25,12,0,-241.55,8.169,246.84,-580.61,A2356raw4.mat_Line24685
25,12,0,-245.32,8.215,246.85,-587.77,A2356raw4.mat_Line24686
25,12,0,-248.21,8.259,246.86,-592.46,A2356raw4.mat_Line24687
25,12,0,-249.09,8.302,246.87,-593.09,A2356raw4.mat_Line24688
25,12,0,-247.49,8.332,246.88,-589.49,A2356raw4.mat_Line24689
25,12,0,-244.36,8.369,246.89,-584.04,A2356raw4.mat_Line24690
25,12,0,-240.83,8.411,246.9,-578.57,A2356raw4.mat_Line24691
25,12,0,-237.63,8.452,246.91,-574.98,A2356raw4.mat_Line24692
25,12,0,-236.62,8.531,246.93,-577.74,A2356raw4.mat_Line24694
25,12,0,-239.17,8.58,246.94,-583.21,A2356raw4.mat_Line24695
25,12,0,-241.7,8.628,246.95,-589.91,A2356raw4.mat_Line24696
25,12,0,-244.76,8.656,246.96,-596.92,A2356raw4.mat_Line24697
25,12,0,-247.73,8.7,246.97,-601.61,A2356raw4.mat_Line24698
25,12,0,-249.56,8.737,246.98,-602.54,A2356raw4.mat_Line24699
25,12,0,-249.05,8.769,246.99,-598.97,A2356raw4.mat_Line24700
25,12,0,-246.65,8.826,247,-592.89,A2356raw4.mat_Line24701
25,12,0,-243.57,8.853,247.01,-586.49,A2356raw4.mat_Line24702
25,12,0,-239.78,8.902,247.02,-582.43,A2356raw4.mat_Line24703
25,12,0,-237.86,8.939,247.03,-581.17,A2356raw4.mat_Line24704
25,12,0,-237.78,8.983,247.04,-583.34,A2356raw4.mat_Line24705
25,12,0,-239.14,9.011,247.05,-588.31,A2356raw4.mat_Line24706
25,12,0,-241.78,9.049,247.06,-595.17,A2356raw4.mat_Line24707
25,12,0,-245.5,9.097,247.07,-602.05,A2356raw4.mat_Line24708
25,12,0,-248.21,9.134,247.08,-607.65,A2356raw4.mat_Line24709
25,12,0,-250.07,9.178,247.09,-609.37,A2356raw4.mat_Line24710
25,12,0,-250.32,9.217,247.1,-606.88,A2356raw4.mat_Line24711
25,12,0,-248.47,9.256,247.11,-600.5,A2356raw4.mat_Line24712
25,12,0,-244.94,9.293,247.12,-594.26,A2356raw4.mat_Line24713
25,12,0,-241.33,9.334,247.13,-589.74,A2356raw4.mat_Line24714
25,12,0,-240.05,9.383,247.14,-587.85,A2356raw4.mat_Line24715
25,12,0,-238.93,9.417,247.15,-588.95,A2356raw4.mat_Line24716
25,12,0,-240.17,9.455,247.16,-593.45,A2356raw4.mat_Line24717
25,12,0,-242.48,9.499,247.17,-599.52,A2356raw4.mat_Line24718
25,12,0,-245.5,9.533,247.18,-605.45,A2356raw4.mat_Line24719
25,12,0,-248.31,9.575,247.19,-610.6,A2356raw4.mat_Line24720
25,12,0,-250.53,9.606,247.2,-612.31,A2356raw4.mat_Line24721
25,12,0,-250.83,9.664,247.21,-610.3,A2356raw4.mat_Line24722
25,12,0,-249.79,9.694,247.22,-604.84,A2356raw4.mat_Line24723
25,12,0,-247.48,9.737,247.23,-598.78,A2356raw4.mat_Line24724
25,12,0,-244.61,9.787,247.24,-593.77,A2356raw4.mat_Line24725
25,12,0,-241.29,9.82,247.25,-591.74,A2356raw4.mat_Line24726
25,12,0,-240.12,9.854,247.26,-592.04,A2356raw4.mat_Line24727
25,12,0,-242.42,9.936,247.28,-600.76,A2356raw4.mat_Line24729
25,12,0,-245.36,9.986,247.29,-606.68,A2356raw4.mat_Line24730
25,12,0,-248.52,10.026,247.3,-611.52,A2356raw4.mat_Line24731
25,12,0,-250.54,10.052,247.31,-614.18,A2356raw4.mat_Line24732
25,12,0,-251.99,10.09,247.32,-612.93,A2356raw4.mat_Line24733
25,12,0,-251.55,10.129,247.33,-607.96,A2356raw4.mat_Line24734
25,12,0,-249.35,10.17,247.34,-601.89,A2356raw4.mat_Line24735
25,12,0,-246.99,10.221,247.35,-596.74,A2356raw4.mat_Line24736
25,12,0,-243.34,10.256,247.36,-594.08,A2356raw4.mat_Line24737
25,12,0,-241.97,10.288,247.37,-594.22,A2356raw4.mat_Line24738
25,12,0,-241.6,10.338,247.38,-597.03,A2356raw4.mat_Line24739
25,12,0,-243.07,10.371,247.39,-601.22,A2356raw4.mat_Line24740
25,12,0,-245.87,10.412,247.4,-605.92,A2356raw4.mat_Line24741
25,12,0,-248.32,10.453,247.41,-610.28,A2356raw4.mat_Line24742
25,12,0,-251.3,10.481,247.42,-612.78,A2356raw4.mat_Line24743
25,12,0,-252.91,10.524,247.43,-611.86,A2356raw4.mat_Line24744
25,12,0,-252.84,10.564,247.44,-607.49,A2356raw4.mat_Line24745
25,12,0,-251.44,10.603,247.45,-601.58,A2356raw4.mat_Line24746
25,12,0,-249.27,10.65,247.46,-596.14,A2356raw4.mat_Line24747
25,12,0,-246.32,10.692,247.47,-593.33,A2356raw4.mat_Line24748
25,12,0,-244.5,10.735,247.48,-592.39,A2356raw4.mat_Line24749
25,12,0,-243.95,10.779,247.49,-593.77,A2356raw4.mat_Line24750
25,12,0,-244.41,10.822,247.5,-597.52,A2356raw4.mat_Line24751
25,12,0,-246.72,10.849,247.51,-601.72,A2356raw4.mat_Line24752
25,12,0,-249.2,10.892,247.52,-605.62,A2356raw4.mat_Line24753
25,12,0,-251.92,10.947,247.53,-608.44,A2356raw4.mat_Line24754
25,12,0,-253.76,10.981,247.54,-609.07,A2356raw4.mat_Line24755
25,12,0,-253.84,11.017,247.55,-606.11,A2356raw4.mat_Line24756
25,12,0,-253.31,11.061,247.56,-601.13,A2356raw4.mat_Line24757
25,12,0,-251.3,11.098,247.57,-596.31,A2356raw4.mat_Line24758
25,12,0,-248.39,11.134,247.58,-593.01,A2356raw4.mat_Line24759
25,12,0,-245.87,11.176,247.59,-591.46,A2356raw4.mat_Line24760
25,12,0,-244.49,11.219,247.6,-592.05,A2356raw4.mat_Line24761
25,12,0,-244.54,11.256,247.61,-595.17,A2356raw4.mat_Line24762
25,12,0,-246.61,11.303,247.62,-598.6,A2356raw4.mat_Line24763
25,12,0,-249.73,11.345,247.63,-602.67,A2356raw4.mat_Line24764
25,12,0,-251.88,11.385,247.64,-605.8,A2356raw4.mat_Line24765
25,12,0,-254.14,11.419,247.65,-606.42,A2356raw4.mat_Line24766
25,12,0,-255.94,11.459,247.66,-604.56,A2356raw4.mat_Line24767
25,12,0,-254.98,11.506,247.67,-599.43,A2356raw4.mat_Line24768
25,12,0,-252.38,11.539,247.68,-594.61,A2356raw4.mat_Line24769
25,12,0,-250,11.579,247.69,-591.16,A2356raw4.mat_Line24770
25,12,0,-247.16,11.63,247.7,-589.91,A2356raw4.mat_Line24771
25,12,0,-245.73,11.655,247.71,-590.36,A2356raw4.mat_Line24772
25,12,0,-245.66,11.693,247.72,-593.16,A2356raw4.mat_Line24773
25,12,0,-247.26,11.741,247.73,-596.12,A2356raw4.mat_Line24774
25,12,0,-249.7,11.781,247.74,-599.25,A2356raw4.mat_Line24775
25,12,0,-252.05,11.817,247.75,-601.91,A2356raw4.mat_Line24776
25,12,0,-254.71,11.841,247.76,-602.53,A2356raw4.mat_Line24777
25,12,0,-256.55,11.88,247.77,-601.3,A2356raw4.mat_Line24778
25,12,0,-256.63,11.91,247.78,-597.56,A2356raw4.mat_Line24779
25,12,0,-256.19,11.942,247.79,-592.89,A2356raw4.mat_Line24780
25,12,0,-253.31,11.945,247.8,-589.92,A2356raw4.mat_Line24781
25,12,-0,-250.06,11.97,247.81,-589.13,A2356raw4.mat_Line24782
25,12,0,-247.98,11.976,247.82,-589.61,A2356raw4.mat_Line24783
25,12,0,-246.68,12,247.83,-591.01,A2356raw4.mat_Line24784
25,12,0,-247.32,11.996,247.84,-592.56,A2356raw4.mat_Line24785
25,12,0,-249.19,12.01,247.85,-594.12,A2356raw4.mat_Line24786
25,12,0,-252,12.016,247.86,-595.53,A2356raw4.mat_Line24787
25,12,0,-254.97,12.015,247.87,-597.55,A2356raw4.mat_Line24788
25,12,-0,-257.02,12.02,247.88,-598.64,A2356raw4.mat_Line24789
25,12,0,-258.37,12.009,247.89,-597.58,A2356raw4.mat_Line24790
25,12,0,-257.08,12.009,247.9,-594.63,A2356raw4.mat_Line24791
25,12,0,-255.28,11.999,247.91,-591.05,A2356raw4.mat_Line24792
25,12,0,-252.11,11.986,247.92,-588.4,A2356raw4.mat_Line24793
25,12,0,-248.58,11.967,247.95,-587.28,A2356raw4.mat_Line24796
25,12,0,-249.47,11.957,247.96,-589.31,A2356raw4.mat_Line24797
25,12,0,-251.71,11.952,247.97,-591.81,A2356raw4.mat_Line24798
25,12,0,-254.75,11.953,247.98,-594.64,A2356raw4.mat_Line24799
25,12,0,-257.55,11.95,247.99,-595.9,A2356raw4.mat_Line24800
25,12,0,-259.43,11.936,248,-594.97,A2356raw4.mat_Line24801
25,12,0,-258.41,11.943,248.01,-592.33,A2356raw4.mat_Line24802
25,12,0,-256.02,11.933,248.02,-588.9,A2356raw4.mat_Line24803
25,12,0,-253.25,11.929,248.03,-585.77,A2356raw4.mat_Line24804
25,12,0,-249.66,11.914,248.04,-584.03,A2356raw4.mat_Line24805
25,12,0,-247.78,11.912,248.05,-582.77,A2356raw4.mat_Line24806
25,12,0,-247.38,11.887,248.06,-583.55,A2356raw4.mat_Line24807
25,12,0,-249.22,11.86,248.07,-584.47,A2356raw4.mat_Line24808
25,12,0,-250.45,11.837,248.08,-586.34,A2356raw4.mat_Line24809
25,12,0,-253.56,11.801,248.09,-588.55,A2356raw4.mat_Line24810
25,12,0,-255.64,11.771,248.1,-590.59,A2356raw4.mat_Line24811
25,12,0,-257.17,11.743,248.11,-590.91,A2356raw4.mat_Line24812
25,12,0,-258.02,11.703,248.12,-590.14,A2356raw4.mat_Line24813
25,12,0,-256.23,11.665,248.13,-588.11,A2356raw4.mat_Line24814
25,12,0,-253.69,11.621,248.14,-585.77,A2356raw4.mat_Line24815
25,12,0,-250.72,11.567,248.15,-583.72,A2356raw4.mat_Line24816
25,12,0,-248.32,11.536,248.16,-582.31,A2356raw4.mat_Line24817
25,12,0,-247.09,11.475,248.17,-581.83,A2356raw4.mat_Line24818
25,12,0,-247.85,11.42,248.18,-582,A2356raw4.mat_Line24819
25,12,0,-249.4,11.378,248.19,-583.41,A2356raw4.mat_Line24820
25,12,0,-251.82,11.335,248.2,-585.91,A2356raw4.mat_Line24821
25,12,0,-254.52,11.276,248.21,-588.89,A2356raw4.mat_Line24822
25,12,0,-256.85,11.246,248.22,-590.78,A2356raw4.mat_Line24823
25,12,0,-257.93,11.201,248.23,-590.64,A2356raw4.mat_Line24824
25,12,0,-257.55,11.163,248.24,-588.15,A2356raw4.mat_Line24825
25,12,0,-255.56,11.123,248.25,-584.88,A2356raw4.mat_Line24826
25,12,0,-252.53,11.081,248.26,-581.9,A2356raw4.mat_Line24827
25,12,0,-249.59,11.055,248.27,-579.55,A2356raw4.mat_Line24828
25,12,0,-247.65,11.01,248.28,-577.98,A2356raw4.mat_Line24829
25,12,0,-247.81,10.969,248.29,-577.8,A2356raw4.mat_Line24830
25,12,0,-249.47,10.938,248.3,-579.38,A2356raw4.mat_Line24831
25,12,0,-251.39,10.895,248.31,-581.73,A2356raw4.mat_Line24832
25,12,0,-254.68,10.871,248.32,-585.17,A2356raw4.mat_Line24833
25,12,0,-257.63,10.846,248.33,-587.99,A2356raw4.mat_Line24834
25,12,0,-259.22,10.798,248.34,-588.31,A2356raw4.mat_Line24835
25,12,0,-258.28,10.768,248.35,-586.61,A2356raw4.mat_Line24836
25,12,0,-256.02,10.733,248.36,-583,A2356raw4.mat_Line24837
25,12,0,-252.65,10.702,248.37,-579.56,A2356raw4.mat_Line24838
25,12,0,-249.99,10.663,248.38,-577.52,A2356raw4.mat_Line24839
25,12,0,-247.59,10.624,248.39,-575.94,A2356raw4.mat_Line24840
25,12,0,-246.63,10.589,248.4,-576.71,A2356raw4.mat_Line24841
25,12,0,-247.97,10.544,248.41,-579.36,A2356raw4.mat_Line24842
25,12,0,-250.62,10.506,248.42,-582.65,A2356raw4.mat_Line24843
25,12,0,-253.44,10.467,248.43,-585.63,A2356raw4.mat_Line24844
25,12,0,-255.57,10.418,248.44,-588.14,A2356raw4.mat_Line24845
25,12,0,-257.11,10.374,248.45,-588.46,A2356raw4.mat_Line24846
25,12,0,-257.71,10.339,248.46,-586.29,A2356raw4.mat_Line24847
25,12,0,-255.88,10.281,248.47,-582.39,A2356raw4.mat_Line24848
25,12,0,-252.99,10.245,248.48,-578.96,A2356raw4.mat_Line24849
25,12,0,-250.16,10.199,248.49,-577.06,A2356raw4.mat_Line24850
25,12,-0,-247.27,10.156,248.5,-576.26,A2356raw4.mat_Line24851
25,12,-0,-247.04,10.119,248.51,-577.18,A2356raw4.mat_Line24852
25,12,0,-248.51,10.073,248.52,-578.91,A2356raw4.mat_Line24853
25,12,0,-250.49,10.043,248.53,-581.57,A2356raw4.mat_Line24854
25,12,0,-252.91,9.996,248.54,-584.4,A2356raw4.mat_Line24855
25,12,0,-255.51,9.961,248.55,-586.74,A2356raw4.mat_Line24856
25,12,0,-257.67,9.918,248.56,-587.53,A2356raw4.mat_Line24857
25,12,0,-257.72,9.883,248.57,-586.3,A2356raw4.mat_Line24858
25,12,-0,-256.75,9.847,248.58,-583.32,A2356raw4.mat_Line24859
25,12,0,-254.78,9.814,248.59,-580.05,A2356raw4.mat_Line24860
25,12,0,-250.98,9.78,248.6,-577.54,A2356raw4.mat_Line24861
25,12,0,-248.76,9.734,248.61,-576.27,A2356raw4.mat_Line24862
25,12,0,-247.88,9.709,248.62,-576.12,A2356raw4.mat_Line24863
25,12,0,-247.78,9.651,248.63,-577.51,A2356raw4.mat_Line24864
25,12,0,-252.29,9.585,248.65,-581.89,A2356raw4.mat_Line24866
25,12,0,-254.58,9.539,248.66,-584.1,A2356raw4.mat_Line24867
25,12,0,-257.27,9.492,248.67,-585.66,A2356raw4.mat_Line24868
25,12,0,-257.94,9.453,248.68,-584.75,A2356raw4.mat_Line24869
25,12,0,-258.01,9.41,248.69,-581.94,A2356raw4.mat_Line24870
25,12,0,-255.53,9.37,248.7,-578.03,A2356raw4.mat_Line24871
25,12,0,-252.63,9.323,248.71,-575.69,A2356raw4.mat_Line24872
25,12,0,-249.73,9.288,248.72,-574.26,A2356raw4.mat_Line24873
25,12,0,-247.88,9.248,248.73,-574.11,A2356raw4.mat_Line24874
25,12,0,-248.13,9.208,248.74,-575.04,A2356raw4.mat_Line24875
25,12,0,-249.2,9.162,248.75,-576.61,A2356raw4.mat_Line24876
25,12,0,-252.32,9.13,248.76,-579.12,A2356raw4.mat_Line24877
25,12,0,-254.25,9.085,248.77,-581.3,A2356raw4.mat_Line24878
25,12,-0,-256.81,9.041,248.78,-582.72,A2356raw4.mat_Line24879
25,12,0,-258.71,9.005,248.79,-582.73,A2356raw4.mat_Line24880
25,12,0,-257.99,8.968,248.8,-580.7,A2356raw4.mat_Line24881
25,12,0,-256.19,8.928,248.81,-577.44,A2356raw4.mat_Line24882
25,12,0,-253.7,8.899,248.82,-574.15,A2356raw4.mat_Line24883
25,12,0,-250.66,8.853,248.83,-572.11,A2356raw4.mat_Line24884
25,12,0,-248.78,8.812,248.84,-571.49,A2356raw4.mat_Line24885
25,12,0,-248.16,8.777,248.85,-571.47,A2356raw4.mat_Line24886
25,12,0,-249.59,8.744,248.86,-573.51,A2356raw4.mat_Line24887
25,12,0,-251,8.697,248.87,-575.07,A2356raw4.mat_Line24888
25,12,0,-254.33,8.657,248.88,-576.96,A2356raw4.mat_Line24889
25,12,0,-256.68,8.624,248.89,-578.68,A2356raw4.mat_Line24890
25,12,0,-257.97,8.584,248.9,-578.84,A2356raw4.mat_Line24891
25,12,0,-258.53,8.544,248.91,-577.75,A2356raw4.mat_Line24892
25,12,0,-257.23,8.502,248.92,-575.1,A2356raw4.mat_Line24893
25,12,0,-254.57,8.459,248.93,-571.99,A2356raw4.mat_Line24894
25,12,-0,-251.48,8.409,248.94,-569.47,A2356raw4.mat_Line24895
25,12,0,-249.08,8.378,248.95,-569,A2356raw4.mat_Line24896
25,12,0,-248.52,8.331,248.96,-569.15,A2356raw4.mat_Line24897
25,12,0,-249.51,8.285,248.97,-569.79,A2356raw4.mat_Line24898
25,12,0,-251.19,8.242,248.98,-571.52,A2356raw4.mat_Line24899
25,12,0,-253.9,8.206,248.99,-572.94,A2356raw4.mat_Line24900
25,12,0,-256.27,8.156,249,-574.34,A2356raw4.mat_Line24901
25,12,0,-258.41,8.119,249.01,-574.5,A2356raw4.mat_Line24902
25,12,0,-259.46,8.087,249.02,-573.43,A2356raw4.mat_Line24903
25,12,0,-258.72,8.049,249.03,-570.78,A2356raw4.mat_Line24904
25,12,0,-256.46,8.007,249.04,-568.13,A2356raw4.mat_Line24905
25,12,0,-253.76,7.964,249.05,-565.78,A2356raw4.mat_Line24906
25,12,0,-251.62,7.928,249.06,-564.38,A2356raw4.mat_Line24907
25,12,0,-249.7,7.9,249.07,-563.75,A2356raw4.mat_Line24908
25,12,0,-250.66,7.862,249.08,-563.74,A2356raw4.mat_Line24909
25,12,0,-251.64,7.812,249.09,-564.53,A2356raw4.mat_Line24910
25,12,0,-254.47,7.771,249.1,-565.79,A2356raw4.mat_Line24911
25,12,0,-256.98,7.745,249.11,-567.06,A2356raw4.mat_Line24912
25,12,0,-259.37,7.706,249.12,-567.85,A2356raw4.mat_Line24913
25,12,0,-260.27,7.663,249.13,-567.07,A2356raw4.mat_Line24914
25,12,0,-260.57,7.628,249.14,-565.52,A2356raw4.mat_Line24915
25,12,-0,-258.82,7.587,249.15,-562.23,A2356raw4.mat_Line24916
25,12,0,-256.26,7.547,249.16,-559.59,A2356raw4.mat_Line24917
25,12,0,-253.56,7.503,249.17,-557.25,A2356raw4.mat_Line24918
25,12,0,-251.85,7.461,249.18,-556.01,A2356raw4.mat_Line24919
25,12,0,-251.62,7.421,249.19,-555.69,A2356raw4.mat_Line24920
25,12,0,-252.78,7.371,249.2,-556.32,A2356raw4.mat_Line24921
25,12,0,-255.05,7.334,249.21,-557.26,A2356raw4.mat_Line24922
25,12,0,-258.07,7.294,249.22,-558.38,A2356raw4.mat_Line24923
25,12,0,-260.37,7.254,249.23,-559.47,A2356raw4.mat_Line24924
25,12,0,-261.92,7.215,249.24,-559.48,A2356raw4.mat_Line24925
25,12,0,-261.17,7.168,249.25,-558.24,A2356raw4.mat_Line24926
25,12,0,-259.62,7.132,249.26,-555.59,A2356raw4.mat_Line24927
25,12,0,-256.92,7.081,249.27,-552.95,A2356raw4.mat_Line24928
25,12,0,-255.14,7.051,249.28,-549.67,A2356raw4.mat_Line24929
25,12,0,-252.9,7.01,249.29,-547.8,A2356raw4.mat_Line24930
25,12,0,-252.84,6.973,249.3,-546.55,A2356raw4.mat_Line24931
25,12,0,-253.11,6.932,249.31,-546.09,A2356raw4.mat_Line24932
25,12,-0,-254.39,6.889,249.32,-546.4,A2356raw4.mat_Line24933
25,12,0,-257.48,6.857,249.33,-547.06,A2356raw4.mat_Line24934
25,12,0,-259.87,6.824,249.34,-547.84,A2356raw4.mat_Line24935
25,12,0,-261.86,6.774,249.35,-548.47,A2356raw4.mat_Line24936
25,12,0,-262.87,6.737,249.36,-548.01,A2356raw4.mat_Line24937
25,12,0,-262.09,6.698,249.37,-546.47,A2356raw4.mat_Line24938
25,12,0,-259.91,6.662,249.38,-543.81,A2356raw4.mat_Line24939
25,12,0,-256.77,6.624,249.39,-540.85,A2356raw4.mat_Line24940
25,12,0,-254.55,6.584,249.4,-537.74,A2356raw4.mat_Line24941
25,12,-0,-252.89,6.548,249.41,-535.54,A2356raw4.mat_Line24942
25,12,0,-254.11,6.508,249.42,-533.83,A2356raw4.mat_Line24943
25,12,0,-255.19,6.462,249.43,-533.69,A2356raw4.mat_Line24944
25,12,0,-257.19,6.421,249.44,-534.02,A2356raw4.mat_Line24945
25,12,0,-260.62,6.382,249.45,-535.28,A2356raw4.mat_Line24946
25,12,0,-263.01,6.345,249.46,-536.07,A2356raw4.mat_Line24947
25,12,0,-264.67,6.303,249.47,-536.09,A2356raw4.mat_Line24948
25,12,0,-264.07,6.262,249.48,-534.37,A2356raw4.mat_Line24949
25,12,0,-258.33,6.167,249.5,-527.68,A2356raw4.mat_Line24951
25,12,0,-256.57,6.128,249.51,-524.25,A2356raw4.mat_Line24952
25,12,0,-257.78,5.984,249.55,-517.58,A2356raw4.mat_Line24956
25,12,0,-260.74,5.941,249.56,-518.69,A2356raw4.mat_Line24957
25,12,0,-263.49,5.896,249.57,-519.64,A2356raw4.mat_Line24958
25,12,0,-265.56,5.849,249.58,-520.12,A2356raw4.mat_Line24959
25,12,0,-265.62,5.805,249.59,-519.2,A2356raw4.mat_Line24960
25,12,0,-256.27,5.663,249.63,-504.54,A2356raw4.mat_Line24964
25,12,-0,-254.91,5.62,249.64,-501.88,A2356raw4.mat_Line24965
25,12,0,-255.55,5.58,249.65,-500.19,A2356raw4.mat_Line24966
25,12,0,-257.75,5.54,249.66,-499.89,A2356raw4.mat_Line24967
25,12,0,-260.8,5.494,249.67,-500.39,A2356raw4.mat_Line24968
25,12,0,-265.17,5.348,249.71,-499.18,A2356raw4.mat_Line24972
25,12,0,-262.31,5.318,249.72,-495.91,A2356raw4.mat_Line24973
25,12,0,-258.85,5.261,249.73,-491.54,A2356raw4.mat_Line24974
25,12,0,-256.16,5.223,249.74,-487.02,A2356raw4.mat_Line24975
25,12,0,-255.18,5.176,249.75,-483.6,A2356raw4.mat_Line24976
25,12,0,-255.4,5.139,249.76,-481.58,A2356raw4.mat_Line24977
25,12,0,-260.27,5.069,249.78,-481.15,A2356raw4.mat_Line24979
25,12,0,-263.64,5.013,249.79,-481.79,A2356raw4.mat_Line24980
25,12,0,-266.14,4.974,249.8,-482.43,A2356raw4.mat_Line24981
25,12,0,-267.35,4.929,249.81,-482.45,A2356raw4.mat_Line24982
25,12,0,-265.79,4.894,249.82,-480.89,A2356raw4.mat_Line24983
25,12,0,-263.51,4.851,249.83,-477.78,A2356raw4.mat_Line24984
25,12,0,-255.61,4.691,249.87,-462.98,A2356raw4.mat_Line24988
25,12,0,-257.2,4.646,249.88,-461.43,A2356raw4.mat_Line24989
25,12,0,-259.52,4.618,249.89,-460.99,A2356raw4.mat_Line24990
25,12,0,-262.63,4.573,249.9,-461.16,A2356raw4.mat_Line24991
25,12,0,-257.59,4.339,249.96,-449.34,A2356raw4.mat_Line24997
25,12,0,-255.35,4.31,249.97,-444.36,A2356raw4.mat_Line24998
25,12,0,-266.97,4.029,250.04,-436.39,A2356raw4.mat_Line25005
25,12,0,-264.46,3.991,250.05,-433.9,A2356raw4.mat_Line25006
25,12,0,-259.84,3.707,250.12,-410.14,A2356raw4.mat_Line25013
25,12,0,-263.59,3.656,250.13,-409.38,A2356raw4.mat_Line25014
25,12,0,-254.33,3.374,250.2,-386.37,A2356raw4.mat_Line25021
25,12,0,-263.67,2.794,250.35,-341.3,A2356raw4.mat_Line25036
25,12,0,-266.71,2.761,250.36,-340.24,A2356raw4.mat_Line25037
25,12,0,-254.65,2.473,250.43,-310.84,A2356raw4.mat_Line25044
25,12,0,-256.19,2.441,250.44,-306.81,A2356raw4.mat_Line25045
25,12,-0,-265.6,1.819,250.59,-254.15,A2356raw4.mat_Line25060
25,12,0,-265.56,1.787,250.6,-251.37,A2356raw4.mat_Line25061
25,12,-0,-253.29,1.506,250.67,-215.13,A2356raw4.mat_Line25068
25,12,0,-256.13,1.475,250.68,-212.69,A2356raw4.mat_Line25069
25,12,0,-260.06,1.428,250.69,-210.22,A2356raw4.mat_Line25070
25,12,0,-255.59,1.227,250.74,-191.58,A2356raw4.mat_Line25075
25,12,0,-252.75,1.186,250.75,-184.58,A2356raw4.mat_Line25076
25,12,0,-251.15,1.15,250.76,-178.2,A2356raw4.mat_Line25077
25,12,0,-251.01,1.104,250.77,-172.61,A2356raw4.mat_Line25078
25,12,0,-251.5,1.071,250.78,-168.13,A2356raw4.mat_Line25079
25,12,0,-261.5,0.852,250.83,-151.79,A2356raw4.mat_Line25084
25,12,0,-258.91,0.803,250.84,-146.49,A2356raw4.mat_Line25085
25,12,0,-255.06,0.773,250.85,-140.1,A2356raw4.mat_Line25086
25,12,0,-251.62,0.74,250.86,-133.09,A2356raw4.mat_Line25087
25,12,0,-251.46,0.561,250.9,-112.31,A2356raw4.mat_Line25091
25,12,0,-254.83,0.534,250.91,-108.92,A2356raw4.mat_Line25092
25,12,0,-257.05,0.491,250.92,-105.53,A2356raw4.mat_Line25093
25,12,0,-258.11,0.445,250.93,-102.14,A2356raw4.mat_Line25094
25,12,0,-257.25,0.417,250.94,-97.93,A2356raw4.mat_Line25095
25,12,0,-255.04,0.378,250.95,-92.48,A2356raw4.mat_Line25096
25,12,0,-244.87,0.229,250.99,-67.58,A2356raw4.mat_Line25100
25,12,0,-245.47,0.195,251,-63.09,A2356raw4.mat_Line25101
25,12,0,-247.03,0.15,251.01,-59.22,A2356raw4.mat_Line25102
25,12,0,-249.98,0.108,251.02,-56.15,A2356raw4.mat_Line25103
25,12,0,-248.77,-0.073,251.07,-31.01,A2356raw4.mat_Line25108
25,12,0,-245.29,-0.122,251.08,-24.16,A2356raw4.mat_Line25109
25,12,0,-243.16,-0.157,251.09,-17.46,A2356raw4.mat_Line25110
25,12,0,-242.62,-0.202,251.1,-11.71,A2356raw4.mat_Line25111
25,12,0,-251.68,-0.475,251.16,17.96,A2356raw4.mat_Line25117
25,12,0,-249.44,-0.511,251.17,24.66,A2356raw4.mat_Line25118
25,12,0,-238.71,-1.777,251.48,195.34,A2356raw4.mat_Line25149
25,12,0,-239.85,-1.804,251.49,200.91,A2356raw4.mat_Line25150
25,12,0,-229.79,-2.05,251.56,234.66,A2356raw4.mat_Line25157
25,12,0,-231.9,-2.095,251.57,238.21,A2356raw4.mat_Line25158
25,12,0,-233.82,-2.126,251.58,242.22,A2356raw4.mat_Line25159
25,12,0,-232.73,-2.355,251.64,263.79,A2356raw4.mat_Line25165
25,12,0,-230.36,-2.401,251.65,268.29,A2356raw4.mat_Line25166
25,12,0,-229.3,-2.451,251.66,273.11,A2356raw4.mat_Line25167
25,12,0,-239.4,-2.65,251.71,292.43,A2356raw4.mat_Line25172
25,12,0,-240.41,-2.685,251.72,295.22,A2356raw4.mat_Line25173
25,12,0,-239.53,-2.739,251.73,298.33,A2356raw4.mat_Line25174
25,12,0,-237.46,-2.775,251.74,301.93,A2356raw4.mat_Line25175
25,12,0,-233.17,-2.812,251.75,306.45,A2356raw4.mat_Line25176
25,12,0,-229.02,-2.968,251.79,325.86,A2356raw4.mat_Line25180
25,12,0,-231.36,-3.008,251.8,329.11,A2356raw4.mat_Line25181
25,12,0,-234.01,-3.047,251.81,331.72,A2356raw4.mat_Line25182
25,12,0,-237.07,-3.093,251.82,333.88,A2356raw4.mat_Line25183
25,12,0,-230.87,-3.29,251.87,349.1,A2356raw4.mat_Line25188
25,12,0,-228.59,-3.327,251.88,354.08,A2356raw4.mat_Line25189
25,12,0,-227.84,-3.369,251.89,359.37,A2356raw4.mat_Line25190
25,12,0,-238.92,-3.574,251.94,371.54,A2356raw4.mat_Line25195
25,12,0,-239.67,-3.607,251.95,373.08,A2356raw4.mat_Line25196
25,12,0,-238.29,-3.653,251.96,374.96,A2356raw4.mat_Line25197
25,12,0,-234.99,-3.697,251.97,378.22,A2356raw4.mat_Line25198
25,12,0,-231.77,-3.728,251.98,382.3,A2356raw4.mat_Line25199
25,12,0,-229.32,-3.883,252.02,399.69,A2356raw4.mat_Line25203
25,12,0,-231.85,-3.936,252.03,401.68,A2356raw4.mat_Line25204
25,12,0,-235.57,-3.979,252.04,402.28,A2356raw4.mat_Line25205
25,12,0,-238.48,-4.016,252.05,402.71,A2356raw4.mat_Line25206
25,12,0,-229.5,-4.207,252.1,417.37,A2356raw4.mat_Line25211
25,12,0,-228.24,-4.244,252.11,422.5,A2356raw4.mat_Line25212
25,12,0,-227.44,-4.285,252.12,426.69,A2356raw4.mat_Line25213
25,12,0,-228.38,-4.328,252.13,429.63,A2356raw4.mat_Line25214
25,12,0,-230.98,-4.37,252.14,430.69,A2356raw4.mat_Line25215
25,12,-0,-240.07,-4.482,252.17,432.02,A2356raw4.mat_Line25218
25,12,0,-236.95,-4.572,252.19,436.37,A2356raw4.mat_Line25220
25,12,0,-233.44,-4.606,252.2,440.3,A2356raw4.mat_Line25221
25,12,0,-230.39,-4.652,252.21,444.82,A2356raw4.mat_Line25222
25,12,0,-228.09,-4.685,252.22,449.49,A2356raw4.mat_Line25223
25,12,0,-227.31,-4.735,252.23,453.69,A2356raw4.mat_Line25224
25,12,0,-230.6,-4.812,252.25,457.07,A2356raw4.mat_Line25226
25,12,0,-233.88,-4.841,252.26,456.86,A2356raw4.mat_Line25227
25,12,0,-237.57,-4.881,252.27,456.82,A2356raw4.mat_Line25228
25,12,0,-240.21,-4.924,252.28,456.66,A2356raw4.mat_Line25229
25,12,0,-239.85,-4.978,252.29,457.74,A2356raw4.mat_Line25230
25,12,0,-237.74,-5.011,252.3,460.09,A2356raw4.mat_Line25231
25,12,0,-235.07,-5.049,252.31,463.85,A2356raw4.mat_Line25232
25,12,0,-228.75,-5.134,252.33,472.28,A2356raw4.mat_Line25234
25,12,0,-228.14,-5.163,252.34,476.17,A2356raw4.mat_Line25235
25,12,0,-228.79,-5.195,252.35,478.33,A2356raw4.mat_Line25236
25,12,0,-231.09,-5.243,252.36,479.09,A2356raw4.mat_Line25237
25,12,0,-233.9,-5.281,252.37,479.2,A2356raw4.mat_Line25238
25,12,0,-237.31,-5.326,252.38,478.38,A2356raw4.mat_Line25239
25,12,0,-240.36,-5.368,252.39,478.36,A2356raw4.mat_Line25240
25,12,0,-241.43,-5.407,252.4,479.45,A2356raw4.mat_Line25241
25,12,0,-240.15,-5.451,252.41,481.49,A2356raw4.mat_Line25242
25,12,0,-237.05,-5.491,252.42,484.61,A2356raw4.mat_Line25243
25,12,0,-233.55,-5.531,252.43,488.23,A2356raw4.mat_Line25244
25,12,0,-230.16,-5.568,252.44,492.27,A2356raw4.mat_Line25245
25,12,0,-228.85,-5.626,252.45,495.23,A2356raw4.mat_Line25246
25,12,0,-228.94,-5.644,252.46,497.24,A2356raw4.mat_Line25247
25,12,0,-231.35,-5.677,252.47,497.68,A2356raw4.mat_Line25248
25,12,0,-234.51,-5.732,252.48,497.19,A2356raw4.mat_Line25249
25,12,0,-237.79,-5.786,252.49,496.22,A2356raw4.mat_Line25250
25,12,0,-241.13,-5.809,252.5,496.35,A2356raw4.mat_Line25251
25,12,0,-242.61,-5.859,252.51,497.12,A2356raw4.mat_Line25252
25,12,0,-241.03,-5.895,252.52,498.85,A2356raw4.mat_Line25253
25,12,0,-238.42,-5.932,252.53,501.35,A2356raw4.mat_Line25254
25,12,0,-234.83,-5.984,252.54,504.19,A2356raw4.mat_Line25255
25,12,0,-232.05,-6.011,252.55,507.46,A2356raw4.mat_Line25256
25,12,0,-230.42,-6.052,252.56,509.95,A2356raw4.mat_Line25257
25,12,0,-230.24,-6.097,252.57,512.42,A2356raw4.mat_Line25258
25,12,0,-231.66,-6.134,252.58,513.04,A2356raw4.mat_Line25259
25,12,0,-234.22,-6.168,252.59,512.69,A2356raw4.mat_Line25260
25,12,0,-237.52,-6.214,252.6,512.36,A2356raw4.mat_Line25261
25,12,0,-239.57,-6.263,252.61,511.86,A2356raw4.mat_Line25262
25,12,0,-241.16,-6.291,252.62,512.94,A2356raw4.mat_Line25263
25,12,0,-241.07,-6.33,252.63,514.19,A2356raw4.mat_Line25264
25,12,0,-239.18,-6.372,252.64,516.09,A2356raw4.mat_Line25265
25,12,0,-236.01,-6.403,252.65,518.61,A2356raw4.mat_Line25266
25,12,0,-232.93,-6.445,252.66,521.1,A2356raw4.mat_Line25267
25,12,0,-231.43,-6.495,252.67,523.76,A2356raw4.mat_Line25268
25,12,0,-230.75,-6.536,252.68,525.45,A2356raw4.mat_Line25269
25,12,0,-231.74,-6.568,252.69,526.52,A2356raw4.mat_Line25270
25,12,0,-233.58,-6.605,252.7,527.12,A2356raw4.mat_Line25271
25,12,0,-236.75,-6.648,252.71,527.4,A2356raw4.mat_Line25272
25,12,0,-239.32,-6.689,252.72,527.7,A2356raw4.mat_Line25273
25,12,0,-241.18,-6.73,252.73,527.98,A2356raw4.mat_Line25274
25,12,0,-241.38,-6.757,252.74,528.92,A2356raw4.mat_Line25275
25,12,0,-240.15,-6.808,252.75,530.51,A2356raw4.mat_Line25276
25,12,0,-236.76,-6.851,252.76,531.76,A2356raw4.mat_Line25277
25,12,0,-234.14,-6.89,252.77,533.65,A2356raw4.mat_Line25278
25,12,0,-232.76,-6.926,252.78,536.14,A2356raw4.mat_Line25279
25,12,0,-231.39,-6.964,252.79,538.32,A2356raw4.mat_Line25280
25,12,0,-232.46,-7.014,252.8,539.86,A2356raw4.mat_Line25281
25,12,0,-233.42,-7.04,252.81,540.15,A2356raw4.mat_Line25282
25,12,0,-236.07,-7.083,252.82,539.81,A2356raw4.mat_Line25283
25,12,0,-239.24,-7.12,252.83,539.63,A2356raw4.mat_Line25284
25,12,0,-240.71,-7.162,252.84,539.62,A2356raw4.mat_Line25285
25,12,0,-241.49,-7.209,252.85,540.4,A2356raw4.mat_Line25286
25,12,0,-240.79,-7.236,252.86,541.03,A2356raw4.mat_Line25287
25,12,0,-238.22,-7.287,252.87,541.99,A2356raw4.mat_Line25288
25,12,-0,-235.16,-7.335,252.88,543.73,A2356raw4.mat_Line25289
25,12,0,-233.03,-7.37,252.89,545.75,A2356raw4.mat_Line25290
25,12,0,-232.41,-7.414,252.9,547.93,A2356raw4.mat_Line25291
25,12,0,-232.3,-7.453,252.91,549.48,A2356raw4.mat_Line25292
25,12,0,-233.62,-7.493,252.92,550.08,A2356raw4.mat_Line25293
25,12,0,-235.36,-7.523,252.93,549.9,A2356raw4.mat_Line25294
25,12,0,-237.34,-7.577,252.94,549.4,A2356raw4.mat_Line25295
25,12,0,-240.34,-7.613,252.95,549.55,A2356raw4.mat_Line25296
25,12,0,-241.48,-7.643,252.96,549.7,A2356raw4.mat_Line25297
25,12,0,-241.31,-7.689,252.97,550.02,A2356raw4.mat_Line25298
25,12,0,-239.76,-7.728,252.98,550.67,A2356raw4.mat_Line25299
25,12,0,-236.68,-7.779,252.99,551.93,A2356raw4.mat_Line25300
25,12,0,-234.3,-7.816,253,553.49,A2356raw4.mat_Line25301
25,12,0,-233.21,-7.856,253.01,555.66,A2356raw4.mat_Line25302
25,12,0,-232.72,-7.897,253.02,557.37,A2356raw4.mat_Line25303
25,12,0,-233.63,-7.927,253.03,558.44,A2356raw4.mat_Line25304
25,12,0,-235.24,-7.971,253.04,559.05,A2356raw4.mat_Line25305
25,12,0,-237.69,-8.021,253.05,558.87,A2356raw4.mat_Line25306
25,12,0,-240.73,-8.094,253.07,558.84,A2356raw4.mat_Line25308
25,12,0,-241.44,-8.121,253.08,558.7,A2356raw4.mat_Line25309
25,12,0,-240.08,-8.184,253.09,558.57,A2356raw4.mat_Line25310
25,12,0,-237.75,-8.21,253.1,559.52,A2356raw4.mat_Line25311
25,12,0,-235.58,-8.252,253.11,560.94,A2356raw4.mat_Line25312
25,12,0,-234.26,-8.282,253.12,562.94,A2356raw4.mat_Line25313
25,12,0,-233.27,-8.326,253.13,565.11,A2356raw4.mat_Line25314
25,12,0,-234.02,-8.373,253.14,566.51,A2356raw4.mat_Line25315
25,12,0,-235.64,-8.413,253.15,566.81,A2356raw4.mat_Line25316
25,12,0,-237.31,-8.449,253.16,567.1,A2356raw4.mat_Line25317
25,12,0,-239.3,-8.494,253.17,566.76,A2356raw4.mat_Line25318
25,12,0,-241.87,-8.61,253.2,564.91,A2356raw4.mat_Line25321
25,12,0,-239.62,-8.657,253.21,564.93,A2356raw4.mat_Line25322
25,12,0,-237.16,-8.69,253.22,565.72,A2356raw4.mat_Line25323
25,12,0,-236.16,-8.74,253.23,567.75,A2356raw4.mat_Line25324
25,12,0,-234.79,-8.766,253.24,569.76,A2356raw4.mat_Line25325
25,12,0,-234.96,-8.814,253.25,572.08,A2356raw4.mat_Line25326
25,12,0,-240.99,-8.976,253.29,573.12,A2356raw4.mat_Line25330
25,12,0,-241.64,-9.01,253.3,571.72,A2356raw4.mat_Line25331
25,12,0,-242.37,-9.049,253.31,570.8,A2356raw4.mat_Line25332
25,12,0,-240.84,-9.085,253.32,570.19,A2356raw4.mat_Line25333
25,12,0,-239.21,-9.131,253.33,570.37,A2356raw4.mat_Line25334
25,12,0,-237.61,-9.179,253.34,571.62,A2356raw4.mat_Line25335
25,12,0,-236.41,-9.207,253.35,573.79,A2356raw4.mat_Line25336
25,12,0,-236.24,-9.247,253.36,576.1,A2356raw4.mat_Line25337
25,12,0,-236.53,-9.283,253.37,578.11,A2356raw4.mat_Line25338
25,12,0,-239.2,-9.378,253.39,579.33,A2356raw4.mat_Line25340
25,12,0,-240.63,-9.404,253.4,578.85,A2356raw4.mat_Line25341
25,12,0,-242.17,-9.451,253.41,577.92,A2356raw4.mat_Line25342
25,12,0,-242.23,-9.499,253.42,576.53,A2356raw4.mat_Line25343
25,12,0,-241.76,-9.535,253.43,575.45,A2356raw4.mat_Line25344
25,12,0,-240.23,-9.576,253.44,575.15,A2356raw4.mat_Line25345
25,12,0,-238.91,-9.609,253.45,576.1,A2356raw4.mat_Line25346
25,12,0,-237.87,-9.652,253.46,578.28,A2356raw4.mat_Line25347
25,12,0,-236.56,-9.731,253.48,583.25,A2356raw4.mat_Line25349
25,12,0,-237.12,-9.772,253.49,584.16,A2356raw4.mat_Line25350
25,12,0,-238.99,-9.805,253.5,584.45,A2356raw4.mat_Line25351
25,12,0,-240.4,-9.85,253.51,584.13,A2356raw4.mat_Line25352
25,12,0,-242.69,-9.894,253.52,582.41,A2356raw4.mat_Line25353
25,12,0,-243.37,-9.938,253.53,580.71,A2356raw4.mat_Line25354
25,12,0,-243.13,-9.976,253.54,579.47,A2356raw4.mat_Line25355
25,12,0,-240.27,-10.051,253.56,579.65,A2356raw4.mat_Line25357
25,12,0,-238.94,-10.093,253.57,581.52,A2356raw4.mat_Line25358
25,12,0,-238.02,-10.14,253.58,584.01,A2356raw4.mat_Line25359
25,12,0,-237.69,-10.179,253.59,586.34,A2356raw4.mat_Line25360
25,12,0,-238.46,-10.21,253.6,587.4,A2356raw4.mat_Line25361
25,12,0,-239.45,-10.246,253.61,587.39,A2356raw4.mat_Line25362
25,12,0,-241.59,-10.299,253.62,587.07,A2356raw4.mat_Line25363
25,12,-0,-243.32,-10.326,253.63,585.52,A2356raw4.mat_Line25364
25,12,0,-243.95,-10.376,253.64,583.63,A2356raw4.mat_Line25365
25,12,0,-244.35,-10.411,253.65,581.93,A2356raw4.mat_Line25366
25,12,0,-243.65,-10.457,253.66,581.03,A2356raw4.mat_Line25367
25,12,0,-242.56,-10.501,253.67,580.88,A2356raw4.mat_Line25368
25,12,0,-241.45,-10.55,253.68,581.97,A2356raw4.mat_Line25369
25,12,0,-240.63,-10.574,253.69,583.68,A2356raw4.mat_Line25370
25,12,0,-239.88,-10.618,253.7,585.39,A2356raw4.mat_Line25371
25,12,0,-239.74,-10.659,253.71,586.62,A2356raw4.mat_Line25372
25,12,0,-240.95,-10.697,253.72,586.92,A2356raw4.mat_Line25373
25,12,0,-241.73,-10.739,253.73,586.9,A2356raw4.mat_Line25374
25,12,0,-243.73,-10.775,253.74,586.11,A2356raw4.mat_Line25375
25,12,0,-245.44,-10.807,253.75,584.86,A2356raw4.mat_Line25376
25,12,0,-245.63,-10.846,253.76,583.16,A2356raw4.mat_Line25377
25,12,0,-244.87,-10.888,253.77,581.78,A2356raw4.mat_Line25378
25,12,0,-243.49,-10.919,253.78,581.01,A2356raw4.mat_Line25379
25,12,0,-242.33,-10.972,253.79,581.65,A2356raw4.mat_Line25380
25,12,0,-242.03,-11.008,253.8,582.9,A2356raw4.mat_Line25381
25,12,0,-241.24,-11.049,253.81,584.6,A2356raw4.mat_Line25382
25,12,0,-241.38,-11.095,253.82,585.84,A2356raw4.mat_Line25383
25,12,0,-242.01,-11.127,253.83,586.45,A2356raw4.mat_Line25384
25,12,0,-242.61,-11.158,253.84,586.59,A2356raw4.mat_Line25385
25,12,0,-243.89,-11.208,253.85,585.79,A2356raw4.mat_Line25386
25,12,0,-246.21,-11.294,253.87,583.79,A2356raw4.mat_Line25388
25,12,0,-245.99,-11.326,253.88,582.55,A2356raw4.mat_Line25389
25,12,0,-244.73,-11.366,253.89,581.32,A2356raw4.mat_Line25390
25,12,0,-243.46,-11.4,253.9,580.85,A2356raw4.mat_Line25391
25,12,0,-242.57,-11.435,253.91,581.64,A2356raw4.mat_Line25392
25,12,0,-242.05,-11.486,253.92,583.19,A2356raw4.mat_Line25393
25,12,0,-241.69,-11.523,253.93,584.74,A2356raw4.mat_Line25394
25,12,0,-242.22,-11.561,253.94,585.51,A2356raw4.mat_Line25395
25,12,0,-243.14,-11.608,253.95,585.5,A2356raw4.mat_Line25396
25,12,0,-244.43,-11.646,253.96,585.02,A2356raw4.mat_Line25397
25,12,0,-246.68,-11.771,253.99,581.59,A2356raw4.mat_Line25400
25,12,0,-246.66,-11.807,254,579.91,A2356raw4.mat_Line25401
25,12,0,-245.31,-11.846,254.01,579.29,A2356raw4.mat_Line25402
25,12,0,-244.91,-11.88,254.02,579.16,A2356raw4.mat_Line25403
25,12,0,-244.85,-11.91,254.03,580.56,A2356raw4.mat_Line25404
25,12,0,-245.25,-11.933,254.04,581.63,A2356raw4.mat_Line25405
25,12,0,-245.1,-11.954,254.05,582.85,A2356raw4.mat_Line25406
25,12,0,-244.96,-11.967,254.06,583.45,A2356raw4.mat_Line25407
25,12,0,-245.24,-11.97,254.07,584.21,A2356raw4.mat_Line25408
25,12,0,-245.83,-11.996,254.08,584.51,A2356raw4.mat_Line25409
25,12,0,-246.64,-12,254.09,584.82,A2356raw4.mat_Line25410
25,12,0,-246.87,-12.007,254.1,584.52,A2356raw4.mat_Line25411
25,12,0,-246.52,-12.019,254.11,583.45,A2356raw4.mat_Line25412
25,12,0,-245.73,-12.017,254.12,582.53,A2356raw4.mat_Line25413
25,12,0,-245.15,-12.007,254.13,581.3,A2356raw4.mat_Line25414
25,12,0,-244.82,-12.004,254.14,580.99,A2356raw4.mat_Line25415
25,12,0,-245.21,-12,254.15,581.46,A2356raw4.mat_Line25416
25,12,0,-245.68,-11.984,254.16,581.6,A2356raw4.mat_Line25417
25,12,0,-245.95,-11.984,254.17,582.22,A2356raw4.mat_Line25418
25,12,0,-246.84,-11.964,254.18,582.53,A2356raw4.mat_Line25419
25,12,0,-247.55,-11.95,254.19,583.3,A2356raw4.mat_Line25420
25,12,0,-248.02,-11.941,254.2,583.3,A2356raw4.mat_Line25421
25,12,0,-247.52,-11.94,254.23,580.69,A2356raw4.mat_Line25424
25,12,0,-246.19,-11.934,254.24,579.77,A2356raw4.mat_Line25425
25,12,0,-245.02,-11.939,254.25,579.92,A2356raw4.mat_Line25426
25,12,0,-244.33,-11.94,254.26,580.4,A2356raw4.mat_Line25427
25,12,0,-244.58,-11.934,254.27,581.32,A2356raw4.mat_Line25428
25,12,0,-244.58,-11.937,254.28,582.08,A2356raw4.mat_Line25429
25,12,0,-247.59,-11.909,254.31,583.44,A2356raw4.mat_Line25432
25,12,0,-248.51,-11.901,254.32,582.98,A2356raw4.mat_Line25433
25,12,0,-248.71,-11.866,254.33,581.58,A2356raw4.mat_Line25434
25,12,0,-247.51,-11.841,254.34,580.36,A2356raw4.mat_Line25435
25,12,0,-246.42,-11.813,254.35,579.74,A2356raw4.mat_Line25436
25,12,0,-245,-11.635,254.39,580.81,A2356raw4.mat_Line25440
25,12,0,-246.23,-11.576,254.4,581.28,A2356raw4.mat_Line25441
25,12,-0,-247,-11.52,254.41,581.91,A2356raw4.mat_Line25442
25,12,0,-247.96,-11.465,254.42,582.37,A2356raw4.mat_Line25443
25,12,0,-248.31,-11.407,254.43,581.91,A2356raw4.mat_Line25444
25,12,0,-245.56,-11.234,254.47,578.24,A2356raw4.mat_Line25448
25,12,0,-245.25,-11.193,254.48,577.77,A2356raw4.mat_Line25449
25,12,0,-244.96,-11.161,254.49,577.77,A2356raw4.mat_Line25450
25,12,0,-244.68,-11.108,254.5,577.9,A2356raw4.mat_Line25451
25,12,0,-245.49,-11.084,254.51,578.99,A2356raw4.mat_Line25452
25,12,0,-248.05,-10.916,254.56,579.13,A2356raw4.mat_Line25457
25,12,0,-247.07,-10.892,254.57,577.58,A2356raw4.mat_Line25458
25,12,0,-246.4,-10.86,254.58,576.2,A2356raw4.mat_Line25459
25,12,0,-244.92,-10.826,254.59,576.05,A2356raw4.mat_Line25460
25,12,0,-246.62,-10.641,254.64,580.21,A2356raw4.mat_Line25465
25,12,0,-247.29,-10.588,254.65,580.04,A2356raw4.mat_Line25466
25,12,0,-247.82,-10.554,254.66,578.48,A2356raw4.mat_Line25467
25,12,0,-244.53,-10.26,254.72,576.53,A2356raw4.mat_Line25473
25,12,0,-244.72,-10.222,254.73,577.3,A2356raw4.mat_Line25474
25,12,0,-246.35,-9.937,254.8,574.66,A2356raw4.mat_Line25481
25,12,0,-244.9,-9.901,254.81,574.68,A2356raw4.mat_Line25482
25,12,0,-244.13,-9.872,254.82,575.3,A2356raw4.mat_Line25483
25,12,0,-243.8,-9.845,254.83,576.23,A2356raw4.mat_Line25484
25,12,0,-247.86,-9.669,254.88,575.7,A2356raw4.mat_Line25489
25,12,0,-247.96,-9.642,254.89,575.08,A2356raw4.mat_Line25490
25,12,0,-247.54,-9.592,254.9,574.78,A2356raw4.mat_Line25491
25,12,0,-246.68,-9.557,254.91,574.32,A2356raw4.mat_Line25492
25,12,0,-245,-9.328,254.96,574.82,A2356raw4.mat_Line25497
25,12,-0,-245.55,-9.288,254.97,574.5,A2356raw4.mat_Line25498
25,12,0,-247.15,-9.248,254.98,574,A2356raw4.mat_Line25499
25,12,0,-245.02,-8.979,255.04,572.83,A2356raw4.mat_Line25505
25,12,0,-244.89,-8.905,255.06,572.81,A2356raw4.mat_Line25507
25,12,0,-248.95,-8.728,255.11,571.52,A2356raw4.mat_Line25512
25,12,0,-248.93,-8.701,255.12,571.53,A2356raw4.mat_Line25513
25,12,0,-247.83,-8.663,255.13,571.07,A2356raw4.mat_Line25514
25,12,0,-246.71,-8.634,255.14,570.95,A2356raw4.mat_Line25515
25,12,0,-245.5,-8.597,255.15,570.49,A2356raw4.mat_Line25516
25,12,0,-247.4,-8.419,255.19,568.74,A2356raw4.mat_Line25520
25,12,0,-248.19,-8.389,255.2,568.26,A2356raw4.mat_Line25521
25,12,0,-249.64,-8.338,255.21,568.25,A2356raw4.mat_Line25522
25,12,0,-250.39,-8.297,255.22,568.1,A2356raw4.mat_Line25523
25,12,0,-250.62,-8.247,255.23,568.1,A2356raw4.mat_Line25524
25,12,0,-247.36,-8.073,255.27,565.52,A2356raw4.mat_Line25528
25,12,0,-248.18,-7.982,255.29,564.09,A2356raw4.mat_Line25530
25,12,0,-249.61,-7.692,255.37,559.76,A2356raw4.mat_Line25538
25,12,0,-253.44,-7.431,255.44,557.68,A2356raw4.mat_Line25545
25,12,0,-254.78,-7.391,255.45,556.6,A2356raw4.mat_Line25546
25,12,0,-251.48,-7.086,255.52,551.66,A2356raw4.mat_Line25553
25,12,0,-252.87,-7.036,255.53,550.88,A2356raw4.mat_Line25554
25,12,0,-253.44,-6.77,255.6,544.54,A2356raw4.mat_Line25561
25,12,0,-257.38,-6.141,255.76,526.03,A2356raw4.mat_Line25577
25,12,0,-256.23,-5.853,255.83,514.42,A2356raw4.mat_Line25584
25,12,0,-256.21,-5.802,255.84,512.86,A2356raw4.mat_Line25585
25,12,0,-262.64,-5.528,255.91,502.58,A2356raw4.mat_Line25592
25,12,0,-256.13,-4.895,256.07,477.04,A2356raw4.mat_Line25608
25,12,0,-256.85,-4.857,256.08,476.1,A2356raw4.mat_Line25609
25,12,0,-263.36,-4.619,256.14,462.25,A2356raw4.mat_Line25615
25,12,0,-260.83,-4.577,256.15,460.09,A2356raw4.mat_Line25616
25,12,0,-258.76,-4.542,256.16,458.72,A2356raw4.mat_Line25617
25,12,0,-257.18,-4.494,256.17,457.18,A2356raw4.mat_Line25618
25,12,0,-259.88,-4.34,256.21,450.78,A2356raw4.mat_Line25622
25,12,0,-262.86,-4.303,256.22,447.67,A2356raw4.mat_Line25623
25,12,0,-264.84,-4.255,256.23,444.85,A2356raw4.mat_Line25624
25,12,0,-264.92,-4.224,256.24,441.75,A2356raw4.mat_Line25625
25,12,0,-264.1,-4.185,256.25,439.12,A2356raw4.mat_Line25626
25,12,0,-255.96,-4.012,256.29,433.15,A2356raw4.mat_Line25630
25,12,0,-256.94,-3.935,256.31,429.25,A2356raw4.mat_Line25632
25,12,0,-258.85,-3.89,256.32,425.98,A2356raw4.mat_Line25633
25,12,0,-261.87,-3.859,256.33,422.54,A2356raw4.mat_Line25634
25,12,0,-262.68,-3.691,256.37,410.76,A2356raw4.mat_Line25638
25,12,0,-259.94,-3.658,256.38,409.24,A2356raw4.mat_Line25639
25,12,0,-256.71,-3.625,256.39,407.71,A2356raw4.mat_Line25640
25,12,0,-255.81,-3.575,256.4,405.85,A2356raw4.mat_Line25641
25,12,0,-264.94,-3.37,256.45,389.96,A2356raw4.mat_Line25646
25,12,0,-266.32,-3.338,256.46,386.07,A2356raw4.mat_Line25647
25,12,0,-265.2,-3.3,256.47,382.66,A2356raw4.mat_Line25648
25,12,0,-263.13,-3.262,256.48,379.89,A2356raw4.mat_Line25649
25,12,0,-258.68,-3.028,256.54,365.96,A2356raw4.mat_Line25655
25,12,0,-261.5,-2.98,256.55,361.75,A2356raw4.mat_Line25656
25,12,0,-264.19,-2.934,256.56,357.23,A2356raw4.mat_Line25657
25,12,0,-256.78,-2.703,256.62,338.84,A2356raw4.mat_Line25663
25,12,0,-255.72,-2.653,256.63,336.67,A2356raw4.mat_Line25664
25,12,0,-255.78,-1.747,256.86,248.43,A2356raw4.mat_Line25687
25,12,0,-261.6,-1.407,256.94,206.65,A2356raw4.mat_Line25695
25,12,0,-257.84,-1.364,256.95,204.35,A2356raw4.mat_Line25696
25,12,0,-255.67,-1.329,256.96,202.51,A2356raw4.mat_Line25697
25,12,0,-265.64,-1.118,257.01,177.15,A2356raw4.mat_Line25702
25,12,0,-267.9,-1.097,257.02,170.47,A2356raw4.mat_Line25703
25,12,0,-264.4,-1.016,257.04,159.77,A2356raw4.mat_Line25705
25,12,-0,-260.77,-0.982,257.05,156.88,A2356raw4.mat_Line25706
25,12,0,-254.22,-0.909,257.07,152.27,A2356raw4.mat_Line25708
25,12,0,-253.01,-0.875,257.08,149.48,A2356raw4.mat_Line25709
25,12,0,-256.49,-0.81,257.1,140.32,A2356raw4.mat_Line25711
25,12,0,-259.26,-0.769,257.11,133.93,A2356raw4.mat_Line25712
25,12,0,-262.51,-0.722,257.12,126.61,A2356raw4.mat_Line25713
25,12,0,-265.41,-0.686,257.13,119.45,A2356raw4.mat_Line25714
25,12,0,-265.23,-0.638,257.14,112.78,A2356raw4.mat_Line25715
25,12,0,-263.57,-0.6,257.15,107.52,A2356raw4.mat_Line25716
25,12,0,-260.2,-0.554,257.16,103.67,A2356raw4.mat_Line25717
25,12,0,-256.14,-0.511,257.17,100.76,A2356raw4.mat_Line25718
25,12,0,-253.62,-0.457,257.18,98.15,A2356raw4.mat_Line25719
25,12,0,-251.74,-0.375,257.2,90.25,A2356raw4.mat_Line25721
25,12,0,-253.15,-0.331,257.21,84.18,A2356raw4.mat_Line25722
25,12,0,-256.22,-0.282,257.22,77.34,A2356raw4.mat_Line25723
25,12,0,-261.25,-0.11,257.26,48.13,A2356raw4.mat_Line25727
25,12,0,-258.18,-0.07,257.27,43.2,A2356raw4.mat_Line25728
25,12,0,-254.24,-0.033,257.28,39.51,A2356raw4.mat_Line25729
25,12,0,-251.68,-0.007,257.29,36.12,A2356raw4.mat_Line25730
25,12,0,-250.29,0.04,257.3,32.4,A2356raw4.mat_Line25731
25,12,0,-257.19,0.171,257.34,8.15,A2356raw4.mat_Line25735
25,12,0,-259.68,0.198,257.35,0.83,A2356raw4.mat_Line25736
25,12,0,-260.72,0.241,257.36,-6,A2356raw4.mat_Line25737
25,12,0,-256.27,0.298,257.38,-16.05,A2356raw4.mat_Line25739
25,12,0,-248.84,0.473,257.42,-30.09,A2356raw4.mat_Line25743
25,12,0,-249.46,0.517,257.43,-35.69,A2356raw4.mat_Line25744
25,12,0,-251.74,0.553,257.44,-42.22,A2356raw4.mat_Line25745
25,12,0,-254.45,0.617,257.45,-49.39,A2356raw4.mat_Line25746
25,12,0,-256.78,0.64,257.46,-56.38,A2356raw4.mat_Line25747
25,12,0,-246.69,0.909,257.52,-84.98,A2356raw4.mat_Line25753
25,12,0,-247.33,0.949,257.53,-89.79,A2356raw4.mat_Line25754
25,12,0,-244.28,1.846,257.76,-204.23,A2356raw4.mat_Line25777
25,12,0,-244.5,2.174,257.84,-241.13,A2356raw4.mat_Line25785
25,12,0,-248.38,2.473,257.91,-272.06,A2356raw4.mat_Line25792
25,12,0,-248.63,2.507,257.92,-275.93,A2356raw4.mat_Line25793
25,12,0,-247.2,2.546,257.93,-279.01,A2356raw4.mat_Line25794
25,12,0,-245.06,2.589,257.94,-282.09,A2356raw4.mat_Line25795
25,12,0,-239.36,2.706,257.97,-290.88,A2356raw4.mat_Line25798
25,12,0,-239.74,2.729,257.98,-294.3,A2356raw4.mat_Line25799
25,12,-0,-240.67,2.775,257.99,-298.65,A2356raw4.mat_Line25800
25,12,0,-241.3,2.814,258,-303.32,A2356raw4.mat_Line25801
25,12,0,-243.54,2.851,258.01,-307.53,A2356raw4.mat_Line25802
25,12,0,-244.91,2.867,258.02,-311.73,A2356raw4.mat_Line25803
25,12,0,-242.24,2.99,258.05,-321.16,A2356raw4.mat_Line25806
25,12,0,-239.17,3.036,258.06,-323.46,A2356raw4.mat_Line25807
25,12,0,-237.24,3.077,258.07,-325.62,A2356raw4.mat_Line25808
25,12,0,-235.2,3.126,258.08,-327.77,A2356raw4.mat_Line25809
25,12,0,-234.7,3.172,258.09,-330.41,A2356raw4.mat_Line25810
25,12,0,-235.19,3.212,258.1,-333.82,A2356raw4.mat_Line25811
25,12,0,-240.48,3.352,258.13,-346.43,A2356raw4.mat_Line25814
25,12,0,-241.61,3.391,258.14,-350.45,A2356raw4.mat_Line25815
25,12,0,-239.76,3.477,258.16,-356.48,A2356raw4.mat_Line25817
25,12,0,-237.21,3.497,258.17,-358.94,A2356raw4.mat_Line25818
25,12,0,-235.09,3.548,258.18,-361.43,A2356raw4.mat_Line25819
25,12,-0,-232.59,3.585,258.19,-363.57,A2356raw4.mat_Line25820
25,12,0,-231.73,3.634,258.2,-365.74,A2356raw4.mat_Line25821
25,12,0,-231.98,3.664,258.21,-368.7,A2356raw4.mat_Line25822
25,12,-0,-233.71,3.706,258.22,-371.65,A2356raw4.mat_Line25823
25,12,0,-236.07,3.729,258.23,-375.4,A2356raw4.mat_Line25824
25,12,0,-238.38,3.782,258.24,-379.44,A2356raw4.mat_Line25825
25,12,0,-240.77,3.799,258.25,-383.63,A2356raw4.mat_Line25826
25,12,0,-241.83,3.843,258.26,-387.51,A2356raw4.mat_Line25827
25,12,0,-242.14,3.865,258.27,-390.92,A2356raw4.mat_Line25828
25,12,0,-240.91,3.906,258.28,-393.39,A2356raw4.mat_Line25829
25,12,0,-237.81,3.909,258.29,-395.24,A2356raw4.mat_Line25830
25,12,0,-235.7,3.939,258.3,-396.79,A2356raw4.mat_Line25831
25,12,0,-233.59,3.941,258.31,-398.18,A2356raw4.mat_Line25832
25,12,0,-233.76,3.951,258.32,-398.64,A2356raw4.mat_Line25833
25,12,0,-234.57,3.938,258.33,-398,A2356raw4.mat_Line25834
25,12,0,-236.74,3.928,258.34,-396.89,A2356raw4.mat_Line25835
25,12,0,-239.62,3.909,258.35,-396.88,A2356raw4.mat_Line25836
25,12,0,-241.79,3.869,258.36,-399.7,A2356raw4.mat_Line25837
25,12,0,-244.66,3.822,258.37,-404.54,A2356raw4.mat_Line25838
25,12,0,-246.58,3.769,258.38,-411.09,A2356raw4.mat_Line25839
25,12,0,-247.71,3.714,258.39,-416.88,A2356raw4.mat_Line25840
25,12,0,-247.7,3.626,258.4,-420.79,A2356raw4.mat_Line25841
25,12,0,-246.68,3.537,258.41,-420.95,A2356raw4.mat_Line25842
25,12,0,-244.99,3.422,258.42,-417.23,A2356raw4.mat_Line25843
25,12,0,-244.81,3.063,258.45,-390.96,A2356raw4.mat_Line25846
25,12,0,-248.28,2.924,258.46,-382.27,A2356raw4.mat_Line25847
25,12,0,-251.77,2.794,258.47,-373.74,A2356raw4.mat_Line25848
25,12,0,-255.23,2.649,258.48,-366.8,A2356raw4.mat_Line25849
25,12,0,-257.84,2.493,258.49,-358.92,A2356raw4.mat_Line25850
25,12,0,-258.05,1.738,258.54,-302.55,A2356raw4.mat_Line25855
25,12,0,-260.55,1.588,258.55,-288.45,A2356raw4.mat_Line25856
25,12,0,-263.63,1.445,258.56,-273.41,A2356raw4.mat_Line25857
25,12,0,-264.74,0.123,258.71,-71.79,A2356raw4.mat_Line25872
25,12,0,-248.62,0.07,258.79,-22.93,A2356raw4.mat_Line25880
25,12,0,-244.29,0.045,258.86,-17.16,A2356raw4.mat_Line25887
25,12,0,-241.84,0.045,258.87,-14.19,A2356raw4.mat_Line25888
25,12,0,-241.22,0.033,258.88,-11.69,A2356raw4.mat_Line25889
25,12,0,-248.98,0.003,259.03,-5.29,A2356raw4.mat_Line25904
25,12,0,-243.25,-0.001,259.43,-2.26,A2356raw4.mat_Line25944
25,12,-0,-250.65,-0.013,259.51,-2.01,A2356raw4.mat_Line25952
25,12,0,-250.15,0.007,259.59,-3.73,A2356raw4.mat_Line25960
25,12,-0,-243.92,-0.004,259.66,-3.98,A2356raw4.mat_Line25967
25,12,0,-243.89,0.003,259.67,-3.83,A2356raw4.mat_Line25968
25,12,0,-251.28,0.003,259.73,-3.88,A2356raw4.mat_Line25974
25,12,0,-249.2,-0.003,259.74,-3.71,A2356raw4.mat_Line25975
25,12,0,-246.7,0,259.75,-3.7,A2356raw4.mat_Line25976
25,12,0,-244.43,0.007,259.76,-3.37,A2356raw4.mat_Line25977
25,12,-0,-243.41,-0.01,259.77,-3.66,A2356raw4.mat_Line25978
25,12,0,-246.29,-0.001,259.8,-3.55,A2356raw4.mat_Line25981
25,12,0,-251.08,0.004,259.82,-3.74,A2356raw4.mat_Line25983
25,12,-0,-252.42,-0.001,259.83,-3.73,A2356raw4.mat_Line25984
25,12,0,-251.94,-0.003,259.84,-3.73,A2356raw4.mat_Line25985
25,12,0,-249.75,-0.001,259.85,-3.72,A2356raw4.mat_Line25986
25,12,0,-245.15,0.004,259.87,-3.53,A2356raw4.mat_Line25988
25,12,0,-243.43,-0.001,259.88,-3.37,A2356raw4.mat_Line25989
25,12,0,-243.51,-0.001,259.89,-3.37,A2356raw4.mat_Line25990
25,12,0,-243.76,-0.003,259.9,-3.21,A2356raw4.mat_Line25991
25,12,0,-245.09,-0.004,259.91,-2.92,A2356raw4.mat_Line25992
25,12,0,-247.91,0,259.92,-3.24,A2356raw4.mat_Line25993
25,12,0,-249.78,-0.006,259.93,-2.94,A2356raw4.mat_Line25994
25,12,0,-247.84,0.003,259.97,-4.49,A2356raw4.mat_Line25998
25,12,0,-245.44,0.006,259.98,-4,A2356raw4.mat_Line25999
25,12,0,-243.4,-0.004,260,-2.9,A2356raw4.mat_Line26001
25,12,0,-250.79,-0.001,260.05,-3.12,A2356raw4.mat_Line26006
25,12,0,-251.38,-0.001,260.07,-4.52,A2356raw4.mat_Line26008
25,12,0,-248.24,0.004,260.08,-4.65,A2356raw4.mat_Line26009
25,12,0,-245.74,0.003,260.09,-3.86,A2356raw4.mat_Line26010
25,12,0,-242.62,-0.003,260.12,-2.27,A2356raw4.mat_Line26013
25,12,0,-243.84,0.002,260.13,-2.27,A2356raw4.mat_Line26014
25,12,0,-245.58,0,260.14,-2.6,A2356raw4.mat_Line26015
25,12,0,-247.91,0.004,260.15,-3.56,A2356raw4.mat_Line26016
25,12,0,-250.46,-0.006,260.16,-4.2,A2356raw4.mat_Line26017
25,12,0,-251.48,0,260.17,-4.82,A2356raw4.mat_Line26018
25,12,0,-246.7,-0.004,260.2,-4.63,A2356raw4.mat_Line26021
25,12,0,-244.75,0,260.21,-3.83,A2356raw4.mat_Line26022
25,12,0,-242.93,-0.001,260.23,-2.26,A2356raw4.mat_Line26024
25,12,0,-244.14,-0.006,260.24,-2.42,A2356raw4.mat_Line26025
25,12,0,-245.94,-0.01,260.25,-2.91,A2356raw4.mat_Line26026
25,12,0,-250.51,-0.013,260.27,-4.67,A2356raw4.mat_Line26028
25,12,0,-251.94,-0.013,260.28,-5.14,A2356raw4.mat_Line26029
25,12,0,-252.2,0.004,260.29,-5.45,A2356raw4.mat_Line26030
25,12,0,-250.34,-0.003,260.3,-5.43,A2356raw4.mat_Line26031
25,12,0,-248.05,0.01,260.31,-4.16,A2356raw4.mat_Line26032
25,12,0,-245.08,0.002,260.32,-3.36,A2356raw4.mat_Line26033
25,12,0,-243.59,0.007,260.33,-2.58,A2356raw4.mat_Line26034
25,12,0,-244,-0.003,260.35,-2.28,A2356raw4.mat_Line26036
25,12,0,-245.89,0.01,260.36,-2.61,A2356raw4.mat_Line26037
25,12,0,-247.64,0.007,260.37,-3.41,A2356raw4.mat_Line26038
25,12,0,-250.03,-0.001,260.38,-4.2,A2356raw4.mat_Line26039
25,12,0,-251.61,-0.007,260.4,-4.52,A2356raw4.mat_Line26041
25,12,0,-244.76,0,260.43,-2.43,A2356raw4.mat_Line26044
25,12,0,-243.31,0.007,260.44,-2.27,A2356raw4.mat_Line26045
25,12,0,-242.69,0.002,260.45,-1.8,A2356raw4.mat_Line26046
25,12,0,-243.26,0.007,260.46,-2.28,A2356raw4.mat_Line26047
25,12,0,-244.11,0.007,260.47,-2.75,A2356raw4.mat_Line26048
25,12,0,-246.29,-0.001,260.48,-3.24,A2356raw4.mat_Line26049
25,12,0,-249.24,0.003,260.49,-4.04,A2356raw4.mat_Line26050
25,12,0,-251.82,0,260.51,-3.74,A2356raw4.mat_Line26052
25,12,0,-250.71,0.004,260.52,-4.04,A2356raw4.mat_Line26053
25,12,0,-248.35,-0.006,260.53,-3.08,A2356raw4.mat_Line26054
25,12,0,-245.31,-0.001,260.54,-2.74,A2356raw4.mat_Line26055
25,12,0,-243.46,0,260.55,-2.27,A2356raw4.mat_Line26056
25,12,0,-242.63,0,260.56,-2.26,A2356raw4.mat_Line26057
25,12,0,-242.79,-0.004,260.57,-2.41,A2356raw4.mat_Line26058
25,12,0,-245.95,-0.004,260.59,-3.54,A2356raw4.mat_Line26060
25,12,-0,-248.83,0.009,260.6,-4.33,A2356raw4.mat_Line26061
25,12,0,-250.81,0.009,260.61,-4.51,A2356raw4.mat_Line26062
25,12,0,-251.59,0.004,260.62,-4.52,A2356raw4.mat_Line26063
25,12,0,-250.43,0.006,260.63,-4.2,A2356raw4.mat_Line26064
25,12,0,-248.58,-0.001,260.64,-3.71,A2356raw4.mat_Line26065
25,12,0,-245.79,0.003,260.65,-3.53,A2356raw4.mat_Line26066
25,12,0,-243.81,0.004,260.66,-3.05,A2356raw4.mat_Line26067
25,12,0,-243.12,-0.006,260.68,-3.21,A2356raw4.mat_Line26069
25,12,0,-244.21,0.003,260.69,-3.68,A2356raw4.mat_Line26070
25,12,0,-245.62,0.003,260.7,-3.85,A2356raw4.mat_Line26071
25,12,0,-247.72,0,260.71,-4.02,A2356raw4.mat_Line26072
25,12,0,-249.86,0,260.72,-4.34,A2356raw4.mat_Line26073
25,12,0,-251.13,-0.007,260.73,-4.36,A2356raw4.mat_Line26074
25,12,0,-251.29,0.003,260.74,-4.36,A2356raw4.mat_Line26075
25,12,0,-247.08,0.004,260.76,-4.01,A2356raw4.mat_Line26077
25,12,0,-244.5,-0.004,260.77,-3.99,A2356raw4.mat_Line26078
25,12,0,-243.56,-0.001,260.78,-3.68,A2356raw4.mat_Line26079
25,12,0,-243.51,-0.004,260.79,-3.35,A2356raw4.mat_Line26080
25,12,0,-244.02,0.013,260.8,-3.52,A2356raw4.mat_Line26081
25,12,0,-247.4,0.004,260.82,-3.55,A2356raw4.mat_Line26083
25,12,0,-250.27,-0.003,260.83,-3.88,A2356raw4.mat_Line26084
25,12,0,-251.74,0.002,260.84,-4.21,A2356raw4.mat_Line26085
25,12,0,-251.82,-0.001,260.85,-4.36,A2356raw4.mat_Line26086
25,12,0,-248.26,0.002,260.87,-4.01,A2356raw4.mat_Line26088
25,12,0,-245.57,-0.004,260.88,-3.68,A2356raw4.mat_Line26089
25,12,0,-243.64,-0.01,260.89,-3.36,A2356raw4.mat_Line26090
25,12,0,-243.22,0.002,260.9,-3.05,A2356raw4.mat_Line26091
25,12,0,-243.27,0.004,260.91,-2.74,A2356raw4.mat_Line26092
25,12,0,-248.62,-0.004,260.94,-3.57,A2356raw4.mat_Line26095
25,12,-0,-250.52,-0.007,260.95,-4.19,A2356raw4.mat_Line26096
25,12,0,-251.01,0.002,260.96,-4.37,A2356raw4.mat_Line26097
25,12,0,-247.78,0.012,260.98,-3.86,A2356raw4.mat_Line26099
25,12,0,-245.12,-0.008,260.99,-3.21,A2356raw4.mat_Line26100
25,12,0,-243.19,-0.001,261,-3.04,A2356raw4.mat_Line26101
25,12,0,-242.66,-0.004,261.01,-2.72,A2356raw4.mat_Line26102
25,12,0,-242.98,-0.007,261.02,-2.58,A2356raw4.mat_Line26103
25,12,0,-244.09,-0.008,261.03,-2.74,A2356raw4.mat_Line26104
25,12,0,-246.18,-0.008,261.04,-3.23,A2356raw4.mat_Line26105
25,12,0,-248.21,0.003,261.05,-3.56,A2356raw4.mat_Line26106
25,12,0,-250.09,-0.004,261.06,-4.04,A2356raw4.mat_Line26107
25,12,0,-251.33,-0.006,261.07,-4.21,A2356raw4.mat_Line26108
25,12,0,-251.08,-0.001,261.08,-4.52,A2356raw4.mat_Line26109
25,12,0,-249.23,0.004,261.09,-4.33,A2356raw4.mat_Line26110
25,12,0,-244.14,0.002,261.11,-3.04,A2356raw4.mat_Line26112
25,12,0,-242.8,-0.008,261.13,-2.89,A2356raw4.mat_Line26114
25,12,0,-245.76,0.01,261.15,-3.85,A2356raw4.mat_Line26116
25,12,0,-248.18,0,261.16,-4.17,A2356raw4.mat_Line26117
25,12,-0,-250.11,0.006,261.17,-4.66,A2356raw4.mat_Line26118
25,12,0,-251.64,0.002,261.18,-4.84,A2356raw4.mat_Line26119
25,12,0,-251.35,-0.003,261.19,-4.83,A2356raw4.mat_Line26120
25,12,0,-249.74,0.006,261.2,-4.34,A2356raw4.mat_Line26121
25,12,0,-247.22,0.002,261.21,-4,A2356raw4.mat_Line26122
25,12,0,-244.68,-0.004,261.22,-3.67,A2356raw4.mat_Line26123
25,12,0,-243.34,-0.001,261.23,-3.19,A2356raw4.mat_Line26124
25,12,0,-243.05,0.003,261.24,-3.2,A2356raw4.mat_Line26125
25,12,0,-243.08,-0.004,261.25,-3.52,A2356raw4.mat_Line26126
25,12,0,-245.33,0,261.26,-4,A2356raw4.mat_Line26127
25,12,0,-247.07,0.003,261.27,-4.17,A2356raw4.mat_Line26128
25,12,0,-248.86,-0.004,261.28,-4.34,A2356raw4.mat_Line26129
25,12,0,-251.06,-0.001,261.29,-4.21,A2356raw4.mat_Line26130
25,12,-0,-251.87,0.009,261.3,-4.04,A2356raw4.mat_Line26131
25,12,0,-250.25,0.006,261.31,-4.04,A2356raw4.mat_Line26132
25,12,0,-247.65,-0.003,261.32,-3.55,A2356raw4.mat_Line26133
25,12,0,-245.14,0.002,261.33,-3.21,A2356raw4.mat_Line26134
25,12,0,-243.65,0.01,261.34,-3.05,A2356raw4.mat_Line26135
25,12,0,-242.41,0.007,261.35,-2.89,A2356raw4.mat_Line26136
25,12,0,-243.06,-0.001,261.36,-2.58,A2356raw4.mat_Line26137
25,12,0,-244.5,0.002,261.37,-2.59,A2356raw4.mat_Line26138
25,12,0,-246.24,-0.006,261.38,-3.08,A2356raw4.mat_Line26139
25,12,0,-248.62,0.003,261.39,-3.4,A2356raw4.mat_Line26140
25,12,-0,-250.57,0.002,261.4,-3.72,A2356raw4.mat_Line26141
25,12,0,-251.06,0.007,261.41,-4.05,A2356raw4.mat_Line26142
25,12,0,-250.89,0.004,261.42,-3.73,A2356raw4.mat_Line26143
25,12,0,-248.19,-0.004,261.43,-4.02,A2356raw4.mat_Line26144
25,12,0,-245.95,0.006,261.44,-3.37,A2356raw4.mat_Line26145
25,12,0,-243.81,0.007,261.45,-2.88,A2356raw4.mat_Line26146
25,12,0,-242.53,-0.003,261.46,-2.57,A2356raw4.mat_Line26147
25,12,0,-242.56,0.013,261.47,-2.43,A2356raw4.mat_Line26148
25,12,0,-243.83,-0.008,261.48,-2.59,A2356raw4.mat_Line26149
25,12,0,-245.74,0.002,261.49,-2.76,A2356raw4.mat_Line26150
25,12,0,-248.51,-0.001,261.5,-3.56,A2356raw4.mat_Line26151
25,12,0,-250.55,-0.01,261.51,-3.88,A2356raw4.mat_Line26152
25,12,0,-251.6,0.006,261.52,-4.36,A2356raw4.mat_Line26153
25,12,0,-251.06,0.002,261.53,-4.36,A2356raw4.mat_Line26154
25,12,0,-248.83,0.003,261.54,-3.87,A2356raw4.mat_Line26155
25,12,0,-246.09,0.002,261.55,-3.54,A2356raw4.mat_Line26156
25,12,0,-243.77,0.004,261.56,-3.22,A2356raw4.mat_Line26157
25,12,0,-242.66,-0.001,261.57,-2.72,A2356raw4.mat_Line26158
25,12,0,-242.42,0,261.58,-2.89,A2356raw4.mat_Line26159
25,12,-0,-245.67,0,261.6,-3.37,A2356raw4.mat_Line26161
25,12,0,-246.89,-0.001,261.61,-3.86,A2356raw4.mat_Line26162
25,12,0,-249.6,0.002,261.62,-4.66,A2356raw4.mat_Line26163
25,12,0,-251.29,0.003,261.63,-4.83,A2356raw4.mat_Line26164
25,12,0,-251.61,-0.01,261.64,-4.98,A2356raw4.mat_Line26165
25,12,0,-249.77,-0.001,261.65,-4.65,A2356raw4.mat_Line26166
25,12,0,-246.76,0.002,261.66,-4,A2356raw4.mat_Line26167
25,12,0,-244.36,0.002,261.67,-3.68,A2356raw4.mat_Line26168
25,12,0,-243.1,0.007,261.68,-3.2,A2356raw4.mat_Line26169
25,12,0,-243.3,-0.001,261.7,-3.36,A2356raw4.mat_Line26171
25,12,0,-245.11,-0.001,261.71,-3.85,A2356raw4.mat_Line26172
25,12,0,-247.24,-0.004,261.72,-4.01,A2356raw4.mat_Line26173
25,12,0,-249.4,-0.001,261.73,-4.97,A2356raw4.mat_Line26174
25,12,0,-251.07,-0.003,261.74,-5.14,A2356raw4.mat_Line26175
25,12,0,-251.44,0.009,261.75,-4.98,A2356raw4.mat_Line26176
25,12,0,-250.12,-0.003,261.76,-4.65,A2356raw4.mat_Line26177
25,12,0,-247.27,-0.004,261.77,-4.34,A2356raw4.mat_Line26178
25,12,0,-244.6,-0.004,261.78,-3.05,A2356raw4.mat_Line26179
25,12,0,-242.46,-0.014,261.79,-2.87,A2356raw4.mat_Line26180
25,12,0,-242,0.007,261.8,-2.41,A2356raw4.mat_Line26181
25,12,0,-245.81,0.004,261.83,-3.86,A2356raw4.mat_Line26184
25,12,0,-247.59,0.002,261.84,-4.19,A2356raw4.mat_Line26185
25,12,0,-250.38,-0.004,261.85,-4.36,A2356raw4.mat_Line26186
25,12,0,-251.08,-0.007,261.86,-4.36,A2356raw4.mat_Line26187
25,12,0,-250.19,0.002,261.87,-3.89,A2356raw4.mat_Line26188
25,12,0,-248.02,0.002,261.88,-3.4,A2356raw4.mat_Line26189
25,12,0,-245.3,0.003,261.89,-2.75,A2356raw4.mat_Line26190
25,12,0,-242.71,-0.003,261.9,-2.73,A2356raw4.mat_Line26191
25,12,0,-242.24,0,261.91,-2.26,A2356raw4.mat_Line26192
25,12,0,-242.7,0.003,261.92,-2.58,A2356raw4.mat_Line26193
25,12,0,-244.16,0,261.93,-3.06,A2356raw4.mat_Line26194
25,12,0,-245.71,-0.004,261.94,-3.4,A2356raw4.mat_Line26195
25,12,0,-248,-0.008,261.95,-3.72,A2356raw4.mat_Line26196
25,12,0,-250.04,-0.004,261.96,-4.2,A2356raw4.mat_Line26197
25,12,0,-250.79,-0.004,261.97,-4.05,A2356raw4.mat_Line26198
25,12,0,-250.83,0.002,261.98,-3.74,A2356raw4.mat_Line26199
25,12,0,-248.97,0.006,261.99,-3.71,A2356raw4.mat_Line26200
25,12,0,-244.12,-0.003,262.01,-2.9,A2356raw4.mat_Line26202
25,12,0,-243.07,0.009,262.02,-2.74,A2356raw4.mat_Line26203
25,12,0,-242.8,0.012,262.03,-2.74,A2356raw4.mat_Line26204
25,12,0,-243.67,0.01,262.04,-3.05,A2356raw4.mat_Line26205
25,12,0,-245.03,-0.006,262.05,-3.54,A2356raw4.mat_Line26206
25,12,0,-247.59,0.003,262.06,-4.02,A2356raw4.mat_Line26207
25,12,0,-249.46,-0.003,262.07,-4.5,A2356raw4.mat_Line26208
25,12,0,-251.07,0.002,262.08,-4.36,A2356raw4.mat_Line26209
25,12,-0,-251.02,-0.004,262.09,-4.66,A2356raw4.mat_Line26210
25,12,0,-250.09,-0.008,262.1,-4.02,A2356raw4.mat_Line26211
25,12,0,-246.82,-0.004,262.11,-4,A2356raw4.mat_Line26212
25,12,0,-244.9,-0.001,262.12,-3.52,A2356raw4.mat_Line26213
25,12,0,-243.32,0.003,262.13,-3.67,A2356raw4.mat_Line26214
25,12,0,-242.86,0.002,262.14,-3.2,A2356raw4.mat_Line26215
25,12,0,-243.3,0.002,262.15,-3.36,A2356raw4.mat_Line26216
25,12,-0,-245.09,0.003,262.16,-3.68,A2356raw4.mat_Line26217
25,12,0,-246.94,-0.001,262.17,-3.7,A2356raw4.mat_Line26218
25,12,0,-248.81,0.002,262.18,-4.03,A2356raw4.mat_Line26219
25,12,0,-251.23,0.006,262.19,-4.51,A2356raw4.mat_Line26220
25,12,0,-251.79,0.003,262.2,-4.82,A2356raw4.mat_Line26221
25,12,0,-250.49,0,262.21,-4.5,A2356raw4.mat_Line26222
25,12,0,-247.68,0.006,262.22,-4.49,A2356raw4.mat_Line26223
25,12,-0,-245.34,-0.01,262.23,-4.14,A2356raw4.mat_Line26224
25,12,0,-242.12,0.003,262.25,-3.04,A2356raw4.mat_Line26226
25,12,-0,-243.06,0.004,262.26,-2.88,A2356raw4.mat_Line26227
25,12,0,-246.19,0.004,262.28,-3.54,A2356raw4.mat_Line26229
25,12,0,-247.92,-0.003,262.29,-3.87,A2356raw4.mat_Line26230
25,12,0,-250.26,0.002,262.3,-4.36,A2356raw4.mat_Line26231
25,12,0,-251.55,-0.004,262.31,-4.67,A2356raw4.mat_Line26232
25,12,0,-250.39,-0.001,262.32,-4.67,A2356raw4.mat_Line26233
25,12,0,-248.99,0.003,262.33,-4.17,A2356raw4.mat_Line26234
25,12,0,-246.12,0.006,262.34,-3.53,A2356raw4.mat_Line26235
25,12,-0,-243.2,-0.001,262.35,-3.19,A2356raw4.mat_Line26236
25,12,0,-242.77,0,262.36,-2.41,A2356raw4.mat_Line26237
25,12,0,-242.59,-0.004,262.37,-2.57,A2356raw4.mat_Line26238
25,12,0,-245.6,-0.01,262.39,-3.24,A2356raw4.mat_Line26240
25,12,0,-247.49,-0.007,262.4,-4.03,A2356raw4.mat_Line26241
25,12,0,-249.85,0.003,262.41,-4.04,A2356raw4.mat_Line26242
25,12,0,-251.57,-0.011,262.42,-4.36,A2356raw4.mat_Line26243
25,12,0,-246.79,-0.008,262.45,-3.38,A2356raw4.mat_Line26246
25,12,0,-244.15,0.003,262.46,-2.89,A2356raw4.mat_Line26247
25,12,0,-242.84,0.004,262.48,-2.73,A2356raw4.mat_Line26249
25,12,0,-244.05,-0.004,262.49,-2.74,A2356raw4.mat_Line26250
25,12,-0,-245.25,-0.003,262.5,-3.37,A2356raw4.mat_Line26251
25,12,0,-247.25,0.002,262.51,-4.02,A2356raw4.mat_Line26252
25,12,-0,-251.29,-0.003,262.53,-4.51,A2356raw4.mat_Line26254
25,12,0,-251.52,-0.003,262.54,-4.68,A2356raw4.mat_Line26255
25,12,0,-247.82,0.002,262.56,-4.01,A2356raw4.mat_Line26257
25,12,0,-242.57,0,262.58,-3.35,A2356raw4.mat_Line26259
25,12,0,-243,-0.003,262.6,-3.66,A2356raw4.mat_Line26261
25,12,0,-244.63,-0.003,262.61,-3.99,A2356raw4.mat_Line26262
25,12,0,-245.62,0.012,262.62,-4.48,A2356raw4.mat_Line26263
25,12,0,-250.2,0.003,262.64,-4.98,A2356raw4.mat_Line26265
25,12,0,-250.52,0.007,262.65,-4.66,A2356raw4.mat_Line26266
25,12,-0,-247.27,0.007,262.67,-4.15,A2356raw4.mat_Line26268
25,12,0,-245.09,0.002,262.68,-4.14,A2356raw4.mat_Line26269
25,12,0,-242.95,0.004,262.69,-3.51,A2356raw4.mat_Line26270
25,12,0,-242.15,-0.006,262.7,-3.66,A2356raw4.mat_Line26271
25,12,0,-243.47,-0.013,262.72,-3.36,A2356raw4.mat_Line26273
25,12,0,-245.88,-0.003,262.73,-3.69,A2356raw4.mat_Line26274
25,12,0,-248.39,-0.006,262.74,-3.87,A2356raw4.mat_Line26275
25,12,0,-250.17,-0.001,262.75,-4.36,A2356raw4.mat_Line26276
25,12,0,-250.95,0.003,262.76,-4.2,A2356raw4.mat_Line26277
25,12,0,-250.51,-0.004,262.77,-4.05,A2356raw4.mat_Line26278
25,12,0,-248.14,-0.004,262.78,-3.72,A2356raw4.mat_Line26279
25,12,0,-245.58,-0.007,262.79,-3.53,A2356raw4.mat_Line26280
25,12,0,-243.39,-0.004,262.8,-3.2,A2356raw4.mat_Line26281
25,12,0,-242.96,-0.003,262.81,-2.88,A2356raw4.mat_Line26282
25,12,0,-242.62,-0.001,262.82,-2.57,A2356raw4.mat_Line26283
25,12,0,-243.4,0.003,262.83,-2.42,A2356raw4.mat_Line26284
25,12,0,-245.47,0.01,262.84,-3.22,A2356raw4.mat_Line26285
25,12,-0,-247.73,0.007,262.85,-3.86,A2356raw4.mat_Line26286
25,12,0,-249.8,0.007,262.86,-4.04,A2356raw4.mat_Line26287
25,12,0,-248.81,-0.01,262.89,-4.02,A2356raw4.mat_Line26290
25,12,0,-242.03,0.004,262.92,-2.42,A2356raw4.mat_Line26293
25,12,0,-242.11,0.01,262.93,-2.57,A2356raw4.mat_Line26294
25,12,0,-250.62,0.003,262.98,-4.2,A2356raw4.mat_Line26299
25,12,0,-250.99,-0.001,262.99,-4.19,A2356raw4.mat_Line26300
25,12,0,-249.18,-0.001,263,-4.03,A2356raw4.mat_Line26301
25,12,0,-243.92,0.01,263.06,-3.2,A2356raw4.mat_Line26307
25,12,0,-245.43,0.002,263.07,-3.85,A2356raw4.mat_Line26308
25,12,0,-247.49,0.009,263.08,-4.65,A2356raw4.mat_Line26309
25,12,0,-242.33,-0.004,263.14,-3.2,A2356raw4.mat_Line26315
25,12,0,-242.2,0,263.15,-2.71,A2356raw4.mat_Line26316
25,12,0,-242.1,-0.003,263.16,-3.35,A2356raw4.mat_Line26317
25,12,0,-250.51,0.009,263.21,-5.14,A2356raw4.mat_Line26322
25,12,0,-249.83,0,263.22,-4.81,A2356raw4.mat_Line26323
25,12,0,-248.07,0.006,263.23,-4.02,A2356raw4.mat_Line26324
25,12,0,-245.39,0.006,263.24,-3.21,A2356raw4.mat_Line26325
25,12,0,-242.96,0.004,263.25,-2.88,A2356raw4.mat_Line26326
25,12,0,-242.24,0.009,263.27,-2.89,A2356raw4.mat_Line26328
25,12,0,-243.49,0.006,263.28,-3.68,A2356raw4.mat_Line26329
25,12,0,-244.69,-0.003,263.29,-3.84,A2356raw4.mat_Line26330
25,12,0,-247.3,-0.007,263.3,-4.17,A2356raw4.mat_Line26331
25,12,0,-249.2,-0.004,263.31,-4.35,A2356raw4.mat_Line26332
25,12,0,-250.14,-0.001,263.32,-4.21,A2356raw4.mat_Line26333
25,12,0,-248.64,0.002,263.34,-3.56,A2356raw4.mat_Line26335
25,12,0,-243.83,0.004,263.36,-3.21,A2356raw4.mat_Line26337
25,12,0,-242.57,-0.008,263.37,-2.73,A2356raw4.mat_Line26338
25,12,0,-242.47,0.002,263.38,-2.72,A2356raw4.mat_Line26339
25,12,0,-243.23,0.006,263.39,-3.04,A2356raw4.mat_Line26340
25,12,0,-244.99,0,263.4,-3.53,A2356raw4.mat_Line26341
25,12,0,-246.82,0,263.41,-3.7,A2356raw4.mat_Line26342
25,12,0,-248.55,-0.011,263.42,-4.35,A2356raw4.mat_Line26343
25,12,0,-250.14,-0.008,263.43,-4.05,A2356raw4.mat_Line26344
25,12,0,-249.53,0.002,263.45,-4.19,A2356raw4.mat_Line26346
25,12,0,-247.01,0,263.46,-3.85,A2356raw4.mat_Line26347
25,12,0,-244.12,-0.004,263.47,-3.36,A2356raw4.mat_Line26348
25,12,0,-242.14,0.004,263.48,-3.36,A2356raw4.mat_Line26349
25,12,0,-241.79,-0.003,263.49,-3.04,A2356raw4.mat_Line26350
25,12,0,-242.3,0.002,263.5,-3.35,A2356raw4.mat_Line26351
25,12,0,-244.41,0,263.51,-3.67,A2356raw4.mat_Line26352
25,12,0,-246.02,0.01,263.52,-4,A2356raw4.mat_Line26353
25,12,0,-248.4,0.009,263.53,-4.49,A2356raw4.mat_Line26354
25,12,0,-251.25,0.006,263.55,-4.82,A2356raw4.mat_Line26356
25,12,0,-250.52,0,263.56,-4.82,A2356raw4.mat_Line26357
25,12,0,-248.43,0.003,263.57,-4.63,A2356raw4.mat_Line26358
25,12,0,-245.58,0.01,263.58,-4.15,A2356raw4.mat_Line26359
25,12,0,-243.63,0.002,263.59,-3.67,A2356raw4.mat_Line26360
25,12,0,-242.94,0,263.6,-3.35,A2356raw4.mat_Line26361
25,12,0,-242.89,0.006,263.61,-3.2,A2356raw4.mat_Line26362
25,12,0,-243.67,0.01,263.62,-3.52,A2356raw4.mat_Line26363
25,12,0,-245.7,-0.007,263.63,-3.69,A2356raw4.mat_Line26364
25,12,0,-247.86,0.006,263.64,-4.64,A2356raw4.mat_Line26365
25,12,0,-251.43,-0.003,263.67,-5.14,A2356raw4.mat_Line26368
25,12,0,-249.37,0.006,263.68,-4.49,A2356raw4.mat_Line26369
25,12,0,-247.01,0.003,263.69,-4,A2356raw4.mat_Line26370
25,12,0,-244.2,0,263.7,-3.36,A2356raw4.mat_Line26371
25,12,0,-242.62,0,263.71,-2.72,A2356raw4.mat_Line26372
25,12,0,-242.89,0.004,263.72,-2.88,A2356raw4.mat_Line26373
25,12,0,-249.55,0.007,263.76,-4.36,A2356raw4.mat_Line26377
25,12,0,-251,0.004,263.77,-4.67,A2356raw4.mat_Line26378
25,12,0,-251.05,0.002,263.78,-4.51,A2356raw4.mat_Line26379
25,12,0,-249.48,-0.001,263.79,-4.03,A2356raw4.mat_Line26380
25,12,0,-243.12,0.003,263.84,-2.43,A2356raw4.mat_Line26385
25,12,0,-244.88,-0.008,263.85,-2.75,A2356raw4.mat_Line26386
25,12,0,-248.87,0.004,263.87,-4.04,A2356raw4.mat_Line26388
25,12,0,-245.26,-0.004,263.92,-3.06,A2356raw4.mat_Line26393
25,12,0,-242.99,0.004,263.93,-2.73,A2356raw4.mat_Line26394
25,12,-0,-242.48,-0.008,263.94,-2.4,A2356raw4.mat_Line26395
25,12,0,-251.44,-0.004,264,-4.67,A2356raw4.mat_Line26401
25,12,0,-251.03,-0.001,264.01,-4.66,A2356raw4.mat_Line26402
25,12,0,-248.91,-0.004,264.02,-4.32,A2356raw4.mat_Line26403
25,12,0,-245.39,0.007,264.03,-3.99,A2356raw4.mat_Line26404
25,12,0,-243.31,0.007,264.04,-3.67,A2356raw4.mat_Line26405
25,12,0,-246.33,0.003,264.08,-4.32,A2356raw4.mat_Line26409
25,12,0,-248.22,0.004,264.09,-4.65,A2356raw4.mat_Line26410
25,12,-0,-250.23,-0.008,264.1,-4.65,A2356raw4.mat_Line26411
25,12,0,-251.46,-0.004,264.11,-4.83,A2356raw4.mat_Line26412
25,12,0,-251.27,-0.004,264.12,-4.98,A2356raw4.mat_Line26413
25,12,-0,-249.73,0.003,264.13,-4.48,A2356raw4.mat_Line26414
25,12,0,-246.74,0.002,264.14,-4.16,A2356raw4.mat_Line26415
25,12,0,-244.23,0.004,264.15,-3.99,A2356raw4.mat_Line26416
25,12,0,-246.17,-0.001,264.19,-3.53,A2356raw4.mat_Line26420
25,12,0,-247.44,-0.001,264.2,-4.02,A2356raw4.mat_Line26421
25,12,0,-249.5,0,264.21,-4.35,A2356raw4.mat_Line26422
25,12,0,-251.43,-0.011,264.22,-4.67,A2356raw4.mat_Line26423
25,12,0,-252.11,0.013,264.23,-4.37,A2356raw4.mat_Line26424
25,12,0,-250.43,-0.008,264.24,-3.88,A2356raw4.mat_Line26425
25,12,0,-248.22,-0.006,264.25,-4.01,A2356raw4.mat_Line26426
25,12,-0,-244.85,-0.001,264.26,-3.51,A2356raw4.mat_Line26427
25,12,0,-242.57,0,264.28,-2.72,A2356raw4.mat_Line26429
25,12,0,-243.99,-0.003,264.3,-3.37,A2356raw4.mat_Line26431
25,12,0,-245.41,0,264.31,-3.7,A2356raw4.mat_Line26432
25,12,0,-248.09,0.003,264.32,-4.34,A2356raw4.mat_Line26433
25,12,0,-250.5,0.006,264.33,-4.2,A2356raw4.mat_Line26434
25,12,0,-251.37,-0.003,264.34,-4.21,A2356raw4.mat_Line26435
25,12,0,-250.26,-0.003,264.35,-4.04,A2356raw4.mat_Line26436
25,12,0,-247.95,-0.001,264.36,-3.7,A2356raw4.mat_Line26437
25,12,0,-245.29,-0.004,264.37,-3.06,A2356raw4.mat_Line26438
25,12,0,-243.34,0.014,264.38,-2.74,A2356raw4.mat_Line26439
25,12,0,-242.7,0.002,264.39,-2.73,A2356raw4.mat_Line26440
25,12,0,-243.34,0.002,264.4,-2.88,A2356raw4.mat_Line26441
25,12,-0,-244.91,-0.008,264.41,-3.05,A2356raw4.mat_Line26442
25,12,0,-246.09,-0.004,264.42,-3.22,A2356raw4.mat_Line26443
25,12,0,-248.73,0.006,264.43,-4.03,A2356raw4.mat_Line26444
25,12,0,-250.74,-0.001,264.44,-4.2,A2356raw4.mat_Line26445
25,12,0,-251.14,0.004,264.46,-4.35,A2356raw4.mat_Line26447
25,12,0,-249.34,0.003,264.47,-4.02,A2356raw4.mat_Line26448
25,12,0,-246.46,-0.008,264.48,-3.52,A2356raw4.mat_Line26449
25,12,0,-243.98,0.004,264.49,-3.35,A2356raw4.mat_Line26450
25,12,-0,-242.77,0.009,264.5,-3.03,A2356raw4.mat_Line26451
25,12,0,-242.92,-0.001,264.51,-3.04,A2356raw4.mat_Line26452
25,12,0,-243.81,0.01,264.52,-3.68,A2356raw4.mat_Line26453
25,12,0,-246.01,0.003,264.53,-4.31,A2356raw4.mat_Line26454
25,12,0,-248.46,0.006,264.54,-4.49,A2356raw4.mat_Line26455
25,12,0,-251.89,-0.001,264.56,-4.98,A2356raw4.mat_Line26457
25,12,0,-251.11,0.004,264.57,-4.5,A2356raw4.mat_Line26458
25,12,0,-249.24,0,264.58,-4.49,A2356raw4.mat_Line26459
25,12,0,-247.14,0.002,264.59,-3.99,A2356raw4.mat_Line26460
25,12,0,-244.18,0.004,264.6,-3.68,A2356raw4.mat_Line26461
25,12,0,-242.68,-0.004,264.61,-3.35,A2356raw4.mat_Line26462
25,12,-0,-242.74,-0.008,264.62,-3.5,A2356raw4.mat_Line26463
25,12,0,-243.74,-0.003,264.63,-3.83,A2356raw4.mat_Line26464
25,12,0,-245.25,-0.006,264.64,-4.31,A2356raw4.mat_Line26465
25,12,0,-248.95,-0.003,264.66,-4.65,A2356raw4.mat_Line26467
25,12,0,-250.89,-0.004,264.67,-4.67,A2356raw4.mat_Line26468
25,12,0,-251.61,0,264.68,-4.51,A2356raw4.mat_Line26469
25,12,0,-250.05,-0.001,264.69,-4.18,A2356raw4.mat_Line26470
25,12,0,-247.71,0.012,264.7,-3.71,A2356raw4.mat_Line26471
25,12,0,-245.02,-0.006,264.71,-3.69,A2356raw4.mat_Line26472
25,12,0,-243.22,-0.001,264.72,-3.2,A2356raw4.mat_Line26473
25,12,0,-242.45,-0.014,264.73,-3.03,A2356raw4.mat_Line26474
25,12,0,-242.74,0.002,264.74,-3.04,A2356raw4.mat_Line26475
25,12,0,-244.1,-0.003,264.75,-3.38,A2356raw4.mat_Line26476
25,12,0,-246.03,-0.004,264.76,-3.39,A2356raw4.mat_Line26477
25,12,0,-248.57,-0.006,264.77,-4.03,A2356raw4.mat_Line26478
25,12,0,-250.56,-0.004,264.78,-4.2,A2356raw4.mat_Line26479
25,12,0,-251.39,0.012,264.79,-4.35,A2356raw4.mat_Line26480
25,12,0,-250.63,0.004,264.8,-4.5,A2356raw4.mat_Line26481
25,12,0,-248.66,-0.007,264.81,-3.86,A2356raw4.mat_Line26482
25,12,0,-248.3,-0.003,264.88,-4.02,A2356raw4.mat_Line26489
25,12,-0,-250.47,0.006,264.89,-4.34,A2356raw4.mat_Line26490
25,12,0,-242.49,-0.003,264.95,-3.03,A2356raw4.mat_Line26496
25,12,0,-242.41,-0.003,264.96,-2.89,A2356raw4.mat_Line26497
25,12,0,-243.54,-0.006,264.97,-3.35,A2356raw4.mat_Line26498
25,12,0,-246.72,0.003,265.04,-4.48,A2356raw4.mat_Line26505
25,12,0,-244.18,-0.008,265.05,-3.66,A2356raw4.mat_Line26506
25,12,0,-248.95,-0.007,265.11,-5.12,A2356raw4.mat_Line26512
25,12,0,-250.29,0.006,265.12,-5.44,A2356raw4.mat_Line26513
25,12,0,-250.21,0.002,265.13,-5.44,A2356raw4.mat_Line26514
25,12,0,-242.21,-0.001,265.19,-3.2,A2356raw4.mat_Line26520
25,12,0,-244.1,-0.003,265.2,-3.36,A2356raw4.mat_Line26521
25,12,0,-245.13,0.002,265.27,-3.36,A2356raw4.mat_Line26528
25,12,0,-242.64,0,265.28,-2.57,A2356raw4.mat_Line26529
25,12,0,-249.8,0.002,265.34,-4.05,A2356raw4.mat_Line26535
25,12,0,-250.75,0.004,265.35,-4.05,A2356raw4.mat_Line26536
25,12,0,-250.79,0.013,265.36,-4.2,A2356raw4.mat_Line26537
25,12,0,-248.86,-0.004,265.37,-3.86,A2356raw4.mat_Line26538
25,12,0,-242.87,0.013,265.42,-3.19,A2356raw4.mat_Line26543
25,12,0,-244.26,0.003,265.43,-3.84,A2356raw4.mat_Line26544
25,12,0,-246.65,0.004,265.44,-4.17,A2356raw4.mat_Line26545
25,12,0,-248.82,-0.003,265.45,-4.81,A2356raw4.mat_Line26546
25,12,0,-250.4,0.002,265.46,-4.82,A2356raw4.mat_Line26547
25,12,0,-250.19,0.009,265.47,-4.82,A2356raw4.mat_Line26548
25,12,0,-249.05,0.009,265.48,-4.64,A2356raw4.mat_Line26549
25,12,0,-246.66,0.002,265.49,-4.32,A2356raw4.mat_Line26550
25,12,0,-244.28,-0.007,265.5,-3.98,A2356raw4.mat_Line26551
25,12,0,-242.38,0.006,265.51,-3.5,A2356raw4.mat_Line26552
25,12,0,-241.95,0.007,265.52,-3.34,A2356raw4.mat_Line26553
25,12,0,-242.92,0.009,265.53,-3.51,A2356raw4.mat_Line26554
25,12,0,-244.12,-0.001,265.54,-3.83,A2356raw4.mat_Line26555
25,12,-0,-246.38,0,265.55,-4.47,A2356raw4.mat_Line26556
25,12,0,-250.56,-0.004,265.57,-5.13,A2356raw4.mat_Line26558
25,12,0,-249.8,0,265.59,-5.12,A2356raw4.mat_Line26560
25,12,0,-247.66,0.012,265.6,-4.48,A2356raw4.mat_Line26561
25,12,0,-244.94,0.009,265.61,-4.3,A2356raw4.mat_Line26562
25,12,0,-243.15,0.006,265.62,-3.35,A2356raw4.mat_Line26563
25,12,0,-242.08,0.004,265.63,-2.72,A2356raw4.mat_Line26564
25,12,-0,-242.43,0.003,265.64,-3.19,A2356raw4.mat_Line26565
25,12,0,-243.73,0,265.65,-3.37,A2356raw4.mat_Line26566
25,12,0,-245.85,0.003,265.66,-3.38,A2356raw4.mat_Line26567
25,12,0,-250.67,-0.003,265.68,-4.66,A2356raw4.mat_Line26569
25,12,0,-251.49,-0.006,265.69,-4.67,A2356raw4.mat_Line26570
25,12,0,-250.5,0.01,265.7,-4.67,A2356raw4.mat_Line26571
25,12,0,-248.55,0.007,265.71,-4.18,A2356raw4.mat_Line26572
25,12,0,-243.64,0.003,265.73,-3.04,A2356raw4.mat_Line26574
25,12,0,-242.49,0.009,265.74,-2.88,A2356raw4.mat_Line26575
25,12,0,-242.6,0.009,265.75,-2.73,A2356raw4.mat_Line26576
25,12,0,-243.52,0.013,265.76,-3.05,A2356raw4.mat_Line26577
25,12,0,-245.45,-0.004,265.77,-4.15,A2356raw4.mat_Line26578
25,12,0,-247.63,0.003,265.78,-4.33,A2356raw4.mat_Line26579
25,12,0,-250.42,0,265.79,-4.66,A2356raw4.mat_Line26580
25,12,0,-251.55,-0.001,265.8,-4.52,A2356raw4.mat_Line26581
25,12,0,-251.71,-0.007,265.81,-4.51,A2356raw4.mat_Line26582
25,12,0,-249.17,-0.006,265.82,-3.87,A2356raw4.mat_Line26583
25,12,0,-246.05,-0.003,265.83,-3.54,A2356raw4.mat_Line26584
25,12,0,-244.13,-0.004,265.84,-3.21,A2356raw4.mat_Line26585
25,12,0,-243.17,-0.007,265.85,-2.72,A2356raw4.mat_Line26586
25,12,0,-242.66,0,265.86,-3.04,A2356raw4.mat_Line26587
25,12,0,-243.87,0,265.87,-3.06,A2356raw4.mat_Line26588
25,12,0,-245.59,0.003,265.88,-3.69,A2356raw4.mat_Line26589
25,12,0,-247.74,-0.008,265.89,-4.17,A2356raw4.mat_Line26590
25,12,0,-249.75,-0.001,265.9,-4.81,A2356raw4.mat_Line26591
25,12,0,-251.6,-0.006,265.91,-4.83,A2356raw4.mat_Line26592
25,12,0,-251.03,0.002,265.92,-4.67,A2356raw4.mat_Line26593
25,12,0,-242.05,0.006,265.97,-3.51,A2356raw4.mat_Line26598
25,12,0,-242.85,-0.007,265.98,-3.67,A2356raw4.mat_Line26599
25,12,0,-244.29,-0.003,265.99,-3.98,A2356raw4.mat_Line26600
25,12,0,-246.28,0.002,266,-4.48,A2356raw4.mat_Line26601
25,12,0,-248.47,0.004,266.01,-4.81,A2356raw4.mat_Line26602
25,12,0,-251.15,-0.008,266.03,-4.83,A2356raw4.mat_Line26604
25,12,0,-250.8,0.002,266.04,-4.5,A2356raw4.mat_Line26605
25,12,0,-248.23,-0.01,266.05,-4.17,A2356raw4.mat_Line26606
25,12,0,-245.66,0.007,266.06,-3.99,A2356raw4.mat_Line26607
25,12,0,-243.58,0.002,266.07,-3.97,A2356raw4.mat_Line26608
25,12,0,-243.07,-0.001,266.08,-3.67,A2356raw4.mat_Line26609
25,12,0,-248.87,0.004,266.12,-4.18,A2356raw4.mat_Line26613
25,12,0,-250.29,0.007,266.13,-4.21,A2356raw4.mat_Line26614
25,12,0,-251.8,0.003,266.14,-4.36,A2356raw4.mat_Line26615
25,12,0,-251.06,-0.006,266.15,-4.04,A2356raw4.mat_Line26616
25,12,0,-249.3,-0.01,266.16,-3.87,A2356raw4.mat_Line26617
25,12,0,-242.71,-0.003,266.2,-2.88,A2356raw4.mat_Line26621
25,12,0,-243.95,0.007,266.21,-2.91,A2356raw4.mat_Line26622
25,12,0,-245.5,0,266.22,-3.38,A2356raw4.mat_Line26623
25,12,0,-247.79,0.006,266.23,-3.87,A2356raw4.mat_Line26624
25,12,0,-246.88,0.009,266.28,-3.69,A2356raw4.mat_Line26629
25,12,0,-244.21,-0.001,266.29,-3.05,A2356raw4.mat_Line26630
25,12,0,-242.9,0.006,266.3,-2.57,A2356raw4.mat_Line26631
25,12,0,-242.82,0.003,266.31,-2.72,A2356raw4.mat_Line26632
25,12,0,-251.1,0.01,266.37,-4.67,A2356raw4.mat_Line26638
25,12,0,-249.91,0.007,266.38,-4.5,A2356raw4.mat_Line26639
25,12,0,-244.37,-0.011,266.44,-3.99,A2356raw4.mat_Line26645
25,12,0,-246.66,0.01,266.45,-4.64,A2356raw4.mat_Line26646
25,12,0,-248.82,-0.004,266.46,-5.13,A2356raw4.mat_Line26647
25,12,0,-250.67,0.003,266.47,-5.13,A2356raw4.mat_Line26648
25,12,0,-245.89,0.002,266.51,-3.99,A2356raw4.mat_Line26652
25,12,0,-243.72,0.01,266.52,-3.5,A2356raw4.mat_Line26653
25,12,0,-241.95,0.007,266.53,-3.5,A2356raw4.mat_Line26654
25,12,0,-244.62,0.004,266.55,-4.13,A2356raw4.mat_Line26656
25,12,0,-246.23,0.003,266.56,-4.63,A2356raw4.mat_Line26657
25,12,0,-248.36,0,266.57,-5.11,A2356raw4.mat_Line26658
25,12,0,-250.26,0.002,266.58,-5.13,A2356raw4.mat_Line26659
25,12,0,-251.63,0,266.59,-5.14,A2356raw4.mat_Line26660
25,12,0,-250.69,0.006,266.6,-4.67,A2356raw4.mat_Line26661
25,12,0,-249.25,-0.001,266.61,-4.02,A2356raw4.mat_Line26662
25,12,0,-246.72,0.002,266.62,-3.69,A2356raw4.mat_Line26663
25,12,0,-244.37,0.004,266.63,-2.88,A2356raw4.mat_Line26664
25,12,0,-243.03,0.003,266.64,-3.05,A2356raw4.mat_Line26665
25,12,0,-243.87,-0.007,266.66,-3.36,A2356raw4.mat_Line26667
25,12,0,-245.72,-0.008,266.67,-3.86,A2356raw4.mat_Line26668
25,12,0,-247.9,-0.007,266.68,-4.33,A2356raw4.mat_Line26669
25,12,0,-250.06,-0.007,266.69,-4.5,A2356raw4.mat_Line26670
25,12,0,-251.52,-0.007,266.7,-4.2,A2356raw4.mat_Line26671
25,12,0,-251.92,-0.003,266.71,-4.51,A2356raw4.mat_Line26672
25,12,0,-250.4,0.009,266.72,-3.87,A2356raw4.mat_Line26673
25,12,0,-247.91,0.01,266.73,-3.86,A2356raw4.mat_Line26674
25,12,0,-245.05,0.002,266.74,-3.52,A2356raw4.mat_Line26675
25,12,-0,-243.49,0.004,266.75,-3.19,A2356raw4.mat_Line26676
25,12,0,-243.2,0.003,266.76,-3.04,A2356raw4.mat_Line26677
25,12,0,-244.04,0.004,266.77,-2.89,A2356raw4.mat_Line26678
25,12,0,-245.07,0.004,266.78,-3.22,A2356raw4.mat_Line26679
25,12,0,-247.14,-0.004,266.79,-3.54,A2356raw4.mat_Line26680
25,12,0,-251.4,0.002,266.81,-4.36,A2356raw4.mat_Line26682
25,12,0,-251.4,-0.001,266.82,-4.36,A2356raw4.mat_Line26683
25,12,0,-250.48,-0.004,266.83,-4.67,A2356raw4.mat_Line26684
25,12,0,-248.12,0.002,266.84,-3.85,A2356raw4.mat_Line26685
25,12,0,-244.97,0.003,266.85,-3.84,A2356raw4.mat_Line26686
25,12,0,-243.99,0.003,266.86,-3.5,A2356raw4.mat_Line26687
25,12,0,-242.97,0.007,266.87,-3.19,A2356raw4.mat_Line26688
25,12,0,-243.29,0.004,266.88,-3.36,A2356raw4.mat_Line26689
25,12,0,-244.43,0,266.89,-3.69,A2356raw4.mat_Line26690
25,12,-0,-246.98,-0.006,266.9,-4.16,A2356raw4.mat_Line26691
25,12,0,-249.2,-0.003,266.91,-4.34,A2356raw4.mat_Line26692
25,12,0,-251.83,0,266.92,-5.13,A2356raw4.mat_Line26693
25,12,0,-252.07,0.007,266.93,-5.3,A2356raw4.mat_Line26694
25,12,0,-251.66,-0.007,266.94,-4.82,A2356raw4.mat_Line26695
25,12,0,-249.26,-0.001,266.95,-4.65,A2356raw4.mat_Line26696
25,12,0,-246.7,-0.004,266.96,-4.16,A2356raw4.mat_Line26697
25,12,0,-243.78,0.002,266.98,-3.5,A2356raw4.mat_Line26699
25,12,0,-243.75,0.002,266.99,-3.36,A2356raw4.mat_Line26700
25,12,0,-244.25,-0.007,267,-3.67,A2356raw4.mat_Line26701
25,12,0,-250.83,-0.01,267.03,-5.14,A2356raw4.mat_Line26704
25,12,-0,-250.43,0.003,267.06,-4.8,A2356raw4.mat_Line26707
25,12,0,-247.1,-0.004,267.07,-4.01,A2356raw4.mat_Line26708
25,12,0,-244.48,-0.001,267.08,-3.37,A2356raw4.mat_Line26709
25,12,0,-242.74,-0.004,267.09,-2.88,A2356raw4.mat_Line26710
25,12,0,-242.8,-0.001,267.1,-3.05,A2356raw4.mat_Line26711
25,12,0,-250.23,-0.001,267.14,-4.66,A2356raw4.mat_Line26715
25,12,0,-251.65,0.007,267.15,-4.66,A2356raw4.mat_Line26716
25,12,0,-251.84,0.013,267.16,-4.36,A2356raw4.mat_Line26717
25,12,0,-249.86,0.002,267.17,-4.18,A2356raw4.mat_Line26718
25,12,0,-243.18,0.006,267.22,-3.05,A2356raw4.mat_Line26723
25,12,0,-244.16,-0.006,267.23,-3.36,A2356raw4.mat_Line26724
25,12,0,-246.26,0.002,267.24,-3.86,A2356raw4.mat_Line26725
25,12,0,-245.05,0.006,267.3,-3.84,A2356raw4.mat_Line26731
25,12,0,-242.91,0.003,267.31,-3.2,A2356raw4.mat_Line26732
25,12,0,-242.19,0.002,267.32,-3.19,A2356raw4.mat_Line26733
25,12,0,-242.27,-0.003,267.33,-3.04,A2356raw4.mat_Line26734
25,12,0,-250.88,-0.001,267.38,-5.14,A2356raw4.mat_Line26739
25,12,0,-250.2,-0.006,267.39,-4.81,A2356raw4.mat_Line26740
25,12,-0,-245.12,-0.007,267.46,-4.14,A2356raw4.mat_Line26747
25,12,0,-248.03,0.01,267.47,-4.64,A2356raw4.mat_Line26748
25,12,0,-249.77,0.003,267.48,-4.97,A2356raw4.mat_Line26749
25,12,0,-243.86,0.006,267.53,-3.98,A2356raw4.mat_Line26754
25,12,0,-242.79,-0.001,267.55,-3.19,A2356raw4.mat_Line26756
25,12,0,-243.55,0,267.56,-3.19,A2356raw4.mat_Line26757
25,12,0,-244.97,-0.003,267.57,-3.53,A2356raw4.mat_Line26758
25,12,0,-249.49,0.003,267.62,-4.5,A2356raw4.mat_Line26763
25,12,0,-246.64,0,267.63,-4,A2356raw4.mat_Line26764
25,12,0,-243.54,-0.01,267.64,-3.51,A2356raw4.mat_Line26765
25,12,0,-246.22,0.009,267.69,-4,A2356raw4.mat_Line26770
25,12,0,-248.18,-0.003,267.7,-4.5,A2356raw4.mat_Line26771
25,12,0,-250,0.002,267.71,-4.67,A2356raw4.mat_Line26772
25,12,0,-250.8,-0.003,267.72,-4.67,A2356raw4.mat_Line26773
25,12,0,-242.33,0.007,267.77,-2.88,A2356raw4.mat_Line26778
25,12,0,-243.84,-0.007,267.79,-3.37,A2356raw4.mat_Line26780
25,12,0,-248.12,-0.007,267.85,-4.17,A2356raw4.mat_Line26786
25,12,0,-249.56,0.002,267.93,-5.13,A2356raw4.mat_Line26794
25,12,0,-250.5,0.003,267.94,-5.13,A2356raw4.mat_Line26795
25,12,0,-242.95,0.012,268.01,-4.45,A2356raw4.mat_Line26802
25,12,0,-244.6,0.01,268.02,-4.46,A2356raw4.mat_Line26803
25,12,0,-244.49,0.014,268.09,-3.52,A2356raw4.mat_Line26810
25,12,0,-242.32,0.003,268.1,-3.35,A2356raw4.mat_Line26811
25,12,0,-250.14,-0.007,268.16,-4.19,A2356raw4.mat_Line26817
25,12,0,-250.78,-0.008,268.17,-4.5,A2356raw4.mat_Line26818
25,12,0,-250.05,-0.007,268.18,-4.19,A2356raw4.mat_Line26819
25,12,0,-243.33,0.004,268.24,-3.37,A2356raw4.mat_Line26825
25,12,-0,-245.2,0.002,268.25,-3.84,A2356raw4.mat_Line26826
25,12,0,-247.52,0.002,268.26,-4.01,A2356raw4.mat_Line26827
25,12,0,-243.24,0.009,268.32,-3.81,A2356raw4.mat_Line26833
25,12,0,-241.87,0.02,268.33,-3.5,A2356raw4.mat_Line26834
25,12,0,-251.01,-0.011,268.39,-5.28,A2356raw4.mat_Line26840
25,12,0,-251.06,0.002,268.4,-5.44,A2356raw4.mat_Line26841
25,12,0,-249.19,-0.001,268.41,-4.8,A2356raw4.mat_Line26842
25,12,0,-246.61,0,268.42,-4.31,A2356raw4.mat_Line26843
25,12,0,-244.05,0.004,268.43,-3.82,A2356raw4.mat_Line26844
25,12,-0,-245.71,0.002,268.48,-4.78,A2356raw4.mat_Line26849
25,12,0,-248.34,0.003,268.49,-5.42,A2356raw4.mat_Line26850
25,12,0,-249.09,0.009,268.5,-5.6,A2356raw4.mat_Line26851
25,12,0,-250.78,0.006,268.51,-5.45,A2356raw4.mat_Line26852
25,12,0,-249.18,0.004,268.52,-4.65,A2356raw4.mat_Line26853
25,12,0,-244.36,-0.001,268.54,-3.35,A2356raw4.mat_Line26855
25,12,-0,-242.34,0.004,268.55,-2.87,A2356raw4.mat_Line26856
25,12,0,-242.67,0.002,268.57,-3.04,A2356raw4.mat_Line26858
25,12,0,-244.01,0.003,268.58,-3.67,A2356raw4.mat_Line26859
25,12,0,-246.12,-0.001,268.59,-4.16,A2356raw4.mat_Line26860
25,12,0,-248.15,-0.007,268.6,-4.64,A2356raw4.mat_Line26861
25,12,0,-250.38,0,268.61,-4.82,A2356raw4.mat_Line26862
25,12,0,-251.05,-0.001,268.62,-4.51,A2356raw4.mat_Line26863
25,12,0,-250.26,-0.001,268.63,-4.18,A2356raw4.mat_Line26864
25,12,0,-248.07,0.003,268.64,-3.71,A2356raw4.mat_Line26865
25,12,0,-245.3,0.007,268.65,-3.38,A2356raw4.mat_Line26866
25,12,0,-243.29,-0.001,268.66,-3.03,A2356raw4.mat_Line26867
25,12,-0,-247.96,0.006,268.71,-4.17,A2356raw4.mat_Line26872
25,12,0,-249.97,0.002,268.72,-4.19,A2356raw4.mat_Line26873
25,12,0,-251.37,0.006,268.73,-4.51,A2356raw4.mat_Line26874
25,12,0,-250.39,0.002,268.74,-4.36,A2356raw4.mat_Line26875
25,12,0,-242.17,-0.001,268.79,-3.19,A2356raw4.mat_Line26880
25,12,0,-243.09,-0.01,268.8,-3.35,A2356raw4.mat_Line26881
25,12,0,-244.88,0.002,268.81,-3.99,A2356raw4.mat_Line26882
25,12,-0,-246.86,0,268.87,-4.46,A2356raw4.mat_Line26888
25,12,0,-244.49,0.003,268.88,-3.98,A2356raw4.mat_Line26889
25,12,0,-242.85,-0.004,268.89,-3.81,A2356raw4.mat_Line26890
25,12,0,-250.75,-0.006,268.95,-5.14,A2356raw4.mat_Line26896
25,12,0,-251.27,0.01,268.96,-5.14,A2356raw4.mat_Line26897
25,12,0,-249.83,0,268.97,-5.28,A2356raw4.mat_Line26898
25,12,0,-247.64,0.002,268.98,-4.63,A2356raw4.mat_Line26899
25,12,0,-242.54,-0.003,269.02,-3.03,A2356raw4.mat_Line26903
25,12,0,-244.19,0.004,269.03,-3.37,A2356raw4.mat_Line26904
25,12,0,-248.29,0.007,269.05,-4.49,A2356raw4.mat_Line26906
25,12,0,-250.11,-0.001,269.06,-4.81,A2356raw4.mat_Line26907
25,12,0,-251.45,0,269.07,-4.83,A2356raw4.mat_Line26908
25,12,0,-248.37,0,269.09,-4.33,A2356raw4.mat_Line26910
25,12,0,-245.81,0.002,269.1,-3.84,A2356raw4.mat_Line26911
25,12,0,-242.86,-0.003,269.12,-2.88,A2356raw4.mat_Line26913
25,12,-0,-243,-0.006,269.13,-3.03,A2356raw4.mat_Line26914
25,12,0,-243.95,0.003,269.14,-3.2,A2356raw4.mat_Line26915
25,12,0,-245.56,0.004,269.15,-3.85,A2356raw4.mat_Line26916
25,12,0,-247.93,0.006,269.16,-4.01,A2356raw4.mat_Line26917
25,12,0,-250.13,0,269.17,-4.66,A2356raw4.mat_Line26918
25,12,0,-249.23,0.01,269.2,-4.03,A2356raw4.mat_Line26921
25,12,0,-246.57,-0.004,269.21,-3.85,A2356raw4.mat_Line26922
25,12,0,-244.49,-0.001,269.22,-3.51,A2356raw4.mat_Line26923
25,12,0,-243.04,-0.004,269.23,-2.88,A2356raw4.mat_Line26924
25,12,0,-242.8,0.004,269.24,-2.89,A2356raw4.mat_Line26925
25,12,0,-243.4,-0.004,269.25,-3.37,A2356raw4.mat_Line26926
25,12,0,-245.25,0.003,269.26,-3.7,A2356raw4.mat_Line26927
25,12,0,-249.85,-0.007,269.28,-4.5,A2356raw4.mat_Line26929
25,12,0,-251.38,0.002,269.3,-4.82,A2356raw4.mat_Line26931
25,12,0,-249.62,-0.003,269.31,-4.66,A2356raw4.mat_Line26932
25,12,0,-244.21,0.003,269.33,-3.98,A2356raw4.mat_Line26934
25,12,0,-242.96,0.002,269.34,-3.66,A2356raw4.mat_Line26935
25,12,0,-242.18,-0.001,269.35,-3.34,A2356raw4.mat_Line26936
25,12,0,-244.81,0.004,269.37,-4.46,A2356raw4.mat_Line26938
25,12,0,-247.23,-0.01,269.38,-4.78,A2356raw4.mat_Line26939
25,12,0,-249.1,0.004,269.39,-5.12,A2356raw4.mat_Line26940
25,12,0,-251.94,0.002,269.41,-4.98,A2356raw4.mat_Line26942
25,12,0,-250.46,-0.004,269.42,-4.81,A2356raw4.mat_Line26943
25,12,0,-249.07,0.004,269.43,-4.49,A2356raw4.mat_Line26944
25,12,0,-246.24,-0.003,269.44,-4.15,A2356raw4.mat_Line26945
25,12,0,-243.81,0.002,269.45,-4.14,A2356raw4.mat_Line26946
25,12,0,-243.08,0.002,269.46,-3.51,A2356raw4.mat_Line26947
25,12,0,-242.98,-0.004,269.47,-3.51,A2356raw4.mat_Line26948
25,12,0,-246.66,0.004,269.49,-4.16,A2356raw4.mat_Line26950
25,12,0,-248.42,0.007,269.5,-4.18,A2356raw4.mat_Line26951
25,12,0,-250.59,0.003,269.51,-4.2,A2356raw4.mat_Line26952
25,12,0,-251.99,0,269.52,-4.67,A2356raw4.mat_Line26953
25,12,0,-251.26,0.002,269.53,-4.35,A2356raw4.mat_Line26954
25,12,-0,-242.69,0.002,269.58,-2.72,A2356raw4.mat_Line26959
25,12,0,-244.2,0.002,269.59,-3.21,A2356raw4.mat_Line26960
25,12,0,-245.74,0.006,269.6,-3.53,A2356raw4.mat_Line26961
25,12,0,-247.34,0.004,269.66,-3.69,A2356raw4.mat_Line26967
25,12,0,-244.65,-0.003,269.67,-3.36,A2356raw4.mat_Line26968
25,12,0,-251.14,-0.007,269.74,-4.51,A2356raw4.mat_Line26975
25,12,0,-251.35,0.007,269.75,-4.67,A2356raw4.mat_Line26976
25,12,0,-250.06,0.002,269.76,-4.66,A2356raw4.mat_Line26977
25,12,0,-246.13,0,269.83,-4.48,A2356raw4.mat_Line26984
25,12,0,-246.19,0.009,269.89,-4.14,A2356raw4.mat_Line26990
25,12,0,-244.09,-0.003,269.9,-3.34,A2356raw4.mat_Line26991
25,12,0,-243.57,0.004,269.92,-3.65,A2356raw4.mat_Line26993
25,12,0,-244.09,0.004,269.93,-4.29,A2356raw4.mat_Line26994
25,12,0,-246.37,-0.001,269.94,-4.47,A2356raw4.mat_Line26995
25,12,-0,-247.77,0.007,269.95,-5.26,A2356raw4.mat_Line26996
25,12,0,-250.88,-0.007,269.96,-5.13,A2356raw4.mat_Line26997
25,12,0,-251.53,0,269.97,-4.99,A2356raw4.mat_Line26998
25,12,-0,-251.47,-0.008,269.98,-4.81,A2356raw4.mat_Line26999
25,12,0,-249.41,-0.007,269.99,-3.87,A2356raw4.mat_Line27000
25,12,0,-246.7,-0.007,270,-3.7,A2356raw4.mat_Line27001
25,12,0,-242.98,0.003,270.02,-3.19,A2356raw4.mat_Line27003
25,12,0,-242.66,-0.013,270.03,-3.35,A2356raw4.mat_Line27004
25,12,0,-244.07,-0.008,270.04,-3.36,A2356raw4.mat_Line27005
25,12,0,-245.64,-0.004,270.05,-4,A2356raw4.mat_Line27006
25,12,0,-248.12,0.003,270.06,-4.49,A2356raw4.mat_Line27007
25,12,0,-250.45,-0.006,270.07,-4.5,A2356raw4.mat_Line27008
25,12,0,-251.55,0.006,270.08,-4.68,A2356raw4.mat_Line27009
25,12,0,-251.34,-0.001,270.09,-4.51,A2356raw4.mat_Line27010
25,12,0,-250.27,-0.008,270.1,-4.18,A2356raw4.mat_Line27011
25,12,0,-247.14,-0.007,270.11,-3.54,A2356raw4.mat_Line27012
25,12,0,-244.84,0.003,270.12,-3.68,A2356raw4.mat_Line27013
25,12,0,-243.23,-0.006,270.13,-3.35,A2356raw4.mat_Line27014
25,12,0,-242.62,0.007,270.14,-3.19,A2356raw4.mat_Line27015
25,12,-0,-244.62,0.004,270.16,-3.36,A2356raw4.mat_Line27017
25,12,0,-252.48,0.004,270.2,-4.67,A2356raw4.mat_Line27021
25,12,0,-250.81,0.004,270.21,-4.51,A2356raw4.mat_Line27022
25,12,0,-248.28,0.004,270.22,-4.02,A2356raw4.mat_Line27023
25,12,0,-243.77,0.006,270.24,-3.35,A2356raw4.mat_Line27025
25,12,0,-242.65,-0.007,270.25,-3.35,A2356raw4.mat_Line27026
25,12,-0,-249.23,0.002,270.29,-4.64,A2356raw4.mat_Line27030
25,12,-0,-251.54,-0.003,270.3,-5.13,A2356raw4.mat_Line27031
25,12,0,-252.21,0.007,270.31,-5.3,A2356raw4.mat_Line27032
25,12,0,-243.25,0.003,270.37,-3.5,A2356raw4.mat_Line27038
25,12,-0,-244.49,-0.007,270.38,-3.66,A2356raw4.mat_Line27039
25,12,0,-246.4,-0.004,270.39,-4.31,A2356raw4.mat_Line27040
25,12,0,-248.4,0.004,270.4,-4.96,A2356raw4.mat_Line27041
25,12,0,-243.17,0.003,270.47,-3.05,A2356raw4.mat_Line27048
25,12,0,-251.28,-0.001,270.54,-4.51,A2356raw4.mat_Line27055
25,12,0,-249.87,-0.004,270.55,-4.5,A2356raw4.mat_Line27056
25,12,0,-244.98,-0.007,270.61,-3.68,A2356raw4.mat_Line27062
25,12,0,-246.8,-0.004,270.62,-4.02,A2356raw4.mat_Line27063
25,12,0,-248.86,0.003,270.63,-4.5,A2356raw4.mat_Line27064
25,12,0,-250.69,-0.003,270.64,-4.84,A2356raw4.mat_Line27065
25,12,0,-243.62,0.003,270.69,-3.35,A2356raw4.mat_Line27070
25,12,0,-243.11,-0.003,270.7,-3.34,A2356raw4.mat_Line27071
25,12,-0,-243.75,0,270.71,-3.34,A2356raw4.mat_Line27072
25,12,0,-244.73,0,270.72,-3.83,A2356raw4.mat_Line27073
25,12,0,-246.44,0.009,270.73,-4.32,A2356raw4.mat_Line27074
25,12,0,-248.63,-0.001,270.74,-4.65,A2356raw4.mat_Line27075
25,12,0,-250.68,-0.007,270.75,-4.82,A2356raw4.mat_Line27076
25,12,0,-251.83,-0.004,270.76,-4.99,A2356raw4.mat_Line27077
25,12,0,-251.61,0.002,270.77,-4.97,A2356raw4.mat_Line27078
25,12,0,-249.2,-0.001,270.78,-4.49,A2356raw4.mat_Line27079
25,12,0,-243.87,0.009,270.8,-3.99,A2356raw4.mat_Line27081
25,12,0,-243.12,0,270.81,-4.13,A2356raw4.mat_Line27082
25,12,0,-243.26,-0.001,270.82,-3.98,A2356raw4.mat_Line27083
25,12,0,-244.63,-0.001,270.83,-4.15,A2356raw4.mat_Line27084
25,12,0,-246.56,0.009,270.84,-4.47,A2356raw4.mat_Line27085
25,12,0,-248.72,0.004,270.85,-4.64,A2356raw4.mat_Line27086
25,12,0,-250.89,0.006,270.86,-4.97,A2356raw4.mat_Line27087
25,12,0,-251.91,-0.004,270.88,-5.13,A2356raw4.mat_Line27089
25,12,0,-250.14,-0.003,270.89,-5.12,A2356raw4.mat_Line27090
25,12,0,-247.81,0.003,270.9,-4.47,A2356raw4.mat_Line27091
25,12,0,-245.43,0.004,270.91,-4.14,A2356raw4.mat_Line27092
25,12,0,-243.61,0.007,270.92,-3.82,A2356raw4.mat_Line27093
25,12,0,-243.34,0.007,270.93,-3.51,A2356raw4.mat_Line27094
25,12,0,-245.7,0.01,270.95,-3.53,A2356raw4.mat_Line27096
25,12,0,-247.82,0.004,270.96,-4.17,A2356raw4.mat_Line27097
25,12,-0,-251.4,-0.006,270.99,-4.51,A2356raw4.mat_Line27100
25,12,0,-249.97,0.003,271,-4.35,A2356raw4.mat_Line27101
25,12,0,-247.81,-0.001,271.01,-4.17,A2356raw4.mat_Line27102
25,12,0,-245.38,0.003,271.02,-3.36,A2356raw4.mat_Line27103
25,12,0,-249.69,-0.003,271.08,-4.65,A2356raw4.mat_Line27109
25,12,0,-251.87,0,271.09,-4.83,A2356raw4.mat_Line27110
25,12,0,-251.16,0.002,271.11,-4.35,A2356raw4.mat_Line27112
25,12,0,-243.92,0.004,271.16,-3.2,A2356raw4.mat_Line27117
25,12,0,-244.82,-0.004,271.17,-3.53,A2356raw4.mat_Line27118
25,12,0,-247.04,-0.008,271.18,-4.16,A2356raw4.mat_Line27119
25,12,0,-247.64,-0.006,271.24,-4,A2356raw4.mat_Line27125
25,12,0,-244.83,0.006,271.25,-3.82,A2356raw4.mat_Line27126
25,12,0,-242.88,-0.004,271.26,-3.51,A2356raw4.mat_Line27127
25,12,0,-252.28,0.007,271.32,-5.45,A2356raw4.mat_Line27133
25,12,0,-251.85,-0.001,271.33,-4.98,A2356raw4.mat_Line27134
25,12,0,-244.39,0,271.39,-4.13,A2356raw4.mat_Line27140
25,12,0,-245.62,-0.007,271.4,-4.31,A2356raw4.mat_Line27141
25,12,0,-247.42,0.007,271.41,-4.8,A2356raw4.mat_Line27142
25,12,0,-249.29,0.007,271.42,-4.81,A2356raw4.mat_Line27143
25,12,0,-251.28,-0.001,271.43,-4.83,A2356raw4.mat_Line27144
25,12,0,-251.44,0.002,271.44,-4.66,A2356raw4.mat_Line27145
25,12,0,-250.46,0.002,271.45,-4.18,A2356raw4.mat_Line27146
25,12,0,-248.8,0.002,271.46,-3.85,A2356raw4.mat_Line27147
25,12,0,-245.49,-0.004,271.47,-3.68,A2356raw4.mat_Line27148
25,12,0,-243.54,-0.007,271.48,-3.2,A2356raw4.mat_Line27149
25,12,0,-243.02,-0.006,271.49,-3.04,A2356raw4.mat_Line27150
25,12,0,-243.36,-0.008,271.5,-3.19,A2356raw4.mat_Line27151
25,12,0,-245.33,0,271.51,-3.38,A2356raw4.mat_Line27152
25,12,0,-246.91,-0.004,271.52,-3.85,A2356raw4.mat_Line27153
25,12,0,-251.59,-0.004,271.54,-4.35,A2356raw4.mat_Line27155
25,12,0,-252.64,0,271.55,-4.36,A2356raw4.mat_Line27156
25,12,0,-251.27,-0.001,271.56,-4.21,A2356raw4.mat_Line27157
25,12,0,-247.21,-0.01,271.63,-4.01,A2356raw4.mat_Line27164
25,12,0,-248.75,-0.003,271.64,-4.35,A2356raw4.mat_Line27165
25,12,0,-250.87,0.004,271.65,-4.51,A2356raw4.mat_Line27166
25,12,0,-242.88,-0.001,271.72,-3.66,A2356raw4.mat_Line27173
25,12,0,-244.12,0,271.73,-3.67,A2356raw4.mat_Line27174
25,12,0,-251.52,-0.01,271.78,-5.29,A2356raw4.mat_Line27179
25,12,0,-250.09,0.009,271.79,-4.96,A2356raw4.mat_Line27180
25,12,0,-247.37,-0.007,271.8,-4.47,A2356raw4.mat_Line27181
25,12,0,-244.49,-0.006,271.81,-4.14,A2356raw4.mat_Line27182
25,12,0,-242.23,-0.004,271.82,-3.65,A2356raw4.mat_Line27183
25,12,0,-242.65,0.01,271.84,-3.82,A2356raw4.mat_Line27185
25,12,0,-244.62,0.01,271.85,-3.99,A2356raw4.mat_Line27186
25,12,0,-246.32,0.003,271.86,-4.64,A2356raw4.mat_Line27187
25,12,0,-249.64,0.007,271.87,-5.28,A2356raw4.mat_Line27188
25,12,0,-251.49,0.003,271.88,-5.13,A2356raw4.mat_Line27189
25,12,0,-251.46,-0.003,271.89,-4.98,A2356raw4.mat_Line27190
25,12,0,-250.54,-0.006,271.9,-4.5,A2356raw4.mat_Line27191
25,12,0,-248.1,-0.003,271.91,-4.01,A2356raw4.mat_Line27192
25,12,0,-245.57,-0.01,271.92,-3.52,A2356raw4.mat_Line27193
25,12,0,-243.64,0.006,271.93,-3.04,A2356raw4.mat_Line27194
25,12,0,-243.36,0.009,271.94,-3.05,A2356raw4.mat_Line27195
25,12,0,-244.96,-0.006,271.96,-4,A2356raw4.mat_Line27197
25,12,0,-249.23,0.004,271.98,-4.65,A2356raw4.mat_Line27199
25,12,0,-251.35,-0.004,271.99,-4.51,A2356raw4.mat_Line27200
25,12,0,-251.92,-0.006,272,-4.67,A2356raw4.mat_Line27201
25,12,0,-251.67,-0.01,272.01,-4.66,A2356raw4.mat_Line27202
25,12,0,-249.39,0.01,272.02,-4.17,A2356raw4.mat_Line27203
25,12,0,-246.57,0.002,272.03,-3.69,A2356raw4.mat_Line27204
25,12,0,-244.05,0,272.04,-3.21,A2356raw4.mat_Line27205
25,12,0,-243.3,-0.001,272.05,-3.03,A2356raw4.mat_Line27206
25,12,0,-242.99,0,272.06,-3.36,A2356raw4.mat_Line27207
25,12,0,-244.4,0.002,272.07,-3.68,A2356raw4.mat_Line27208
25,12,0,-246.45,0,272.08,-3.84,A2356raw4.mat_Line27209
25,12,0,-250.67,0.01,272.1,-4.66,A2356raw4.mat_Line27211
25,12,0,-252.05,-0.004,272.11,-4.68,A2356raw4.mat_Line27212
25,12,0,-251.1,-0.004,272.12,-4.82,A2356raw4.mat_Line27213
25,12,0,-250.09,0.007,272.13,-4.49,A2356raw4.mat_Line27214
25,12,0,-243.28,-0.003,272.17,-3.35,A2356raw4.mat_Line27218
25,12,0,-243.66,0,272.18,-3.67,A2356raw4.mat_Line27219
25,12,0,-245.64,-0.001,272.19,-4.15,A2356raw4.mat_Line27220
25,12,0,-248.03,-0.004,272.2,-4.47,A2356raw4.mat_Line27221
25,12,0,-244.82,0,272.26,-4.15,A2356raw4.mat_Line27227
25,12,-0,-243.45,0.009,272.27,-3.96,A2356raw4.mat_Line27228
25,12,0,-242.83,0.004,272.28,-3.5,A2356raw4.mat_Line27229
25,12,0,-251.39,-0.008,272.33,-5.29,A2356raw4.mat_Line27234
25,12,0,-252.32,-0.008,272.34,-5.45,A2356raw4.mat_Line27235
25,12,0,-251.21,0.004,272.35,-5.44,A2356raw4.mat_Line27236
25,12,0,-245.92,0.002,272.37,-4.3,A2356raw4.mat_Line27238
25,12,0,-242.98,-0.001,272.4,-3.05,A2356raw4.mat_Line27241
25,12,0,-244.63,-0.006,272.41,-3.21,A2356raw4.mat_Line27242
25,12,0,-246.75,-0.006,272.42,-3.85,A2356raw4.mat_Line27243
25,12,0,-249.07,-0.006,272.43,-4.34,A2356raw4.mat_Line27244
25,12,0,-251.25,0,272.44,-4.83,A2356raw4.mat_Line27245
25,12,-0,-251.7,0.006,272.45,-4.83,A2356raw4.mat_Line27246
25,12,-0,-252.04,-0.006,272.46,-4.66,A2356raw4.mat_Line27247
25,12,0,-249.69,-0.003,272.47,-4.19,A2356raw4.mat_Line27248
25,12,0,-246.47,-0.008,272.48,-3.37,A2356raw4.mat_Line27249
25,12,0,-244.92,-0.006,272.49,-3.04,A2356raw4.mat_Line27250
25,12,0,-243.07,0.007,272.5,-3.04,A2356raw4.mat_Line27251
25,12,0,-243.34,0,272.51,-2.73,A2356raw4.mat_Line27252
25,12,0,-248.51,0.006,272.54,-4.49,A2356raw4.mat_Line27255
25,12,0,-250.93,0.006,272.55,-4.83,A2356raw4.mat_Line27256
25,12,0,-252.16,0,272.56,-5,A2356raw4.mat_Line27257
25,12,0,-252.07,0.009,272.57,-4.36,A2356raw4.mat_Line27258
25,12,0,-250.93,0.006,272.58,-4.51,A2356raw4.mat_Line27259
25,12,0,-247.44,0.003,272.59,-3.7,A2356raw4.mat_Line27260
25,12,0,-244.9,-0.003,272.6,-3.37,A2356raw4.mat_Line27261
25,12,-0,-247.32,0.006,272.65,-4.47,A2356raw4.mat_Line27266
25,12,0,-248.97,-0.01,272.66,-4.65,A2356raw4.mat_Line27267
25,12,0,-250.71,-0.008,272.67,-5.13,A2356raw4.mat_Line27268
25,12,0,-242.41,0.007,272.73,-3.82,A2356raw4.mat_Line27274
25,12,0,-243.78,0.002,272.74,-3.97,A2356raw4.mat_Line27275
25,12,0,-244.52,0.006,272.75,-4.46,A2356raw4.mat_Line27276
25,12,0,-248.94,0.013,272.81,-4.65,A2356raw4.mat_Line27282
25,12,0,-245.87,0.003,272.82,-4.3,A2356raw4.mat_Line27283
25,12,0,-244.18,0,272.83,-4.13,A2356raw4.mat_Line27284
25,12,0,-248.96,0.009,272.88,-4.17,A2356raw4.mat_Line27289
25,12,0,-250.49,0.01,272.89,-4.51,A2356raw4.mat_Line27290
25,12,0,-251.72,-0.008,272.9,-4.52,A2356raw4.mat_Line27291
25,12,0,-251.5,0.004,272.91,-4.66,A2356raw4.mat_Line27292
25,12,0,-249.6,0.006,272.92,-4.33,A2356raw4.mat_Line27293
25,12,0,-242.69,-0.004,272.95,-3.34,A2356raw4.mat_Line27296
25,12,0,-242.93,0.003,272.96,-2.72,A2356raw4.mat_Line27297
25,12,0,-243.91,0.002,272.97,-3.06,A2356raw4.mat_Line27298
25,12,0,-245.89,0.003,272.98,-3.37,A2356raw4.mat_Line27299
25,12,0,-247.85,0,272.99,-4.01,A2356raw4.mat_Line27300
25,12,0,-249.92,-0.006,273,-4.35,A2356raw4.mat_Line27301
25,12,0,-250.23,0.01,273.03,-4.35,A2356raw4.mat_Line27304
25,12,0,-247.35,-0.011,273.04,-3.69,A2356raw4.mat_Line27305
25,12,0,-244.68,0.006,273.05,-3.36,A2356raw4.mat_Line27306
25,12,0,-242.91,0.004,273.06,-3.04,A2356raw4.mat_Line27307
25,12,0,-242.3,-0.007,273.07,-3.05,A2356raw4.mat_Line27308
25,12,0,-251.54,0.007,273.12,-5.44,A2356raw4.mat_Line27313
25,12,0,-252.29,0.012,273.13,-4.97,A2356raw4.mat_Line27314
25,12,0,-250.62,-0.001,273.14,-4.97,A2356raw4.mat_Line27315
25,12,0,-246.69,-0.004,273.21,-4.63,A2356raw4.mat_Line27322
25,12,0,-248.64,0,273.22,-5.43,A2356raw4.mat_Line27323
25,12,0,-250.89,0.003,273.23,-5.75,A2356raw4.mat_Line27324
25,12,0,-242.72,-0.004,273.29,-3.82,A2356raw4.mat_Line27330
25,12,0,-243.3,0.007,273.3,-3.82,A2356raw4.mat_Line27331
25,12,0,-244.45,-0.001,273.31,-4.14,A2356raw4.mat_Line27332
25,12,0,-246.05,-0.008,273.32,-4.62,A2356raw4.mat_Line27333
25,12,0,-251.67,-0.003,273.35,-4.99,A2356raw4.mat_Line27336
25,12,0,-251.18,0.004,273.36,-4.66,A2356raw4.mat_Line27337
25,12,0,-249.31,0.007,273.37,-4.02,A2356raw4.mat_Line27338
25,12,0,-246.47,0.009,273.38,-3.53,A2356raw4.mat_Line27339
25,12,0,-243.95,0.006,273.39,-3.36,A2356raw4.mat_Line27340
25,12,0,-243.21,-0.001,273.4,-3.35,A2356raw4.mat_Line27341
25,12,-0,-245.73,0.002,273.43,-4.3,A2356raw4.mat_Line27344
25,12,0,-247.7,0.004,273.44,-4.33,A2356raw4.mat_Line27345
25,12,0,-249.76,0.009,273.45,-4.66,A2356raw4.mat_Line27346
25,12,0,-250.86,0,273.46,-4.67,A2356raw4.mat_Line27347
25,12,0,-251.21,-0.011,273.47,-4.51,A2356raw4.mat_Line27348
25,12,0,-242.87,-0.06,273.5,-3.04,A2356raw4.mat_Line27351
25,12,0,-240.95,-0.097,273.51,-2.24,A2356raw4.mat_Line27352
25,12,0,-240.53,-0.132,273.52,-0.22,A2356raw4.mat_Line27353
25,12,0,-241.33,-0.192,273.53,2.28,A2356raw4.mat_Line27354
25,12,0,-242.31,-0.24,273.54,5.7,A2356raw4.mat_Line27355
25,12,0,-243.4,-0.302,273.55,9.75,A2356raw4.mat_Line27356
25,12,0,-247.74,-0.474,273.57,14.21,A2356raw4.mat_Line27358
25,12,0,-249.33,-0.58,273.58,14.47,A2356raw4.mat_Line27359
25,12,0,-249.72,-0.68,273.59,14.59,A2356raw4.mat_Line27360
25,12,0,-248.51,-0.786,273.6,16.75,A2356raw4.mat_Line27361
25,12,0,-245.86,-0.893,273.61,21.86,A2356raw4.mat_Line27362
25,12,0,-243.26,-1.029,273.62,30.4,A2356raw4.mat_Line27363
25,12,0,-240.16,-1.157,273.63,41.57,A2356raw4.mat_Line27364
25,12,0,-238.87,-1.313,273.64,56.34,A2356raw4.mat_Line27365
25,12,0,-238.46,-1.459,273.65,73.75,A2356raw4.mat_Line27366
25,12,0,-238.31,-1.614,273.66,93.63,A2356raw4.mat_Line27367
25,12,0,-238.61,-1.783,273.67,114.44,A2356raw4.mat_Line27368
25,12,-0,-238.9,-1.943,273.68,135.1,A2356raw4.mat_Line27369
25,12,0,-238.14,-2.099,273.69,154.32,A2356raw4.mat_Line27370
25,12,0,-236.92,-2.279,273.7,171.07,A2356raw4.mat_Line27371
25,12,0,-234.61,-2.411,273.71,185.76,A2356raw4.mat_Line27372
25,12,0,-232.26,-2.55,273.72,200.02,A2356raw4.mat_Line27373
25,12,0,-228.93,-2.695,273.73,215.04,A2356raw4.mat_Line27374
25,12,0,-226.17,-2.835,273.74,231.64,A2356raw4.mat_Line27375
25,12,0,-223.25,-2.975,273.75,250.44,A2356raw4.mat_Line27376
25,12,0,-218.29,-3.214,273.77,290.22,A2356raw4.mat_Line27378
25,12,0,-217.39,-3.413,273.79,323.92,A2356raw4.mat_Line27380
25,12,0,-217.96,-3.504,273.8,335.86,A2356raw4.mat_Line27381
25,12,0,-218.22,-3.574,273.81,344.08,A2356raw4.mat_Line27382
25,12,0,-218.61,-3.641,273.82,349.35,A2356raw4.mat_Line27383
25,12,0,-217.76,-3.701,273.83,352.28,A2356raw4.mat_Line27384
25,12,0,-216.13,-3.751,273.84,355.24,A2356raw4.mat_Line27385
25,12,0,-213.09,-3.794,273.85,359.4,A2356raw4.mat_Line27386
25,12,-0,-210.78,-3.836,273.86,365.95,A2356raw4.mat_Line27387
25,12,0,-212.75,-3.907,273.89,390.52,A2356raw4.mat_Line27390
25,12,0,-216.04,-3.929,273.9,395.77,A2356raw4.mat_Line27391
25,12,0,-219.6,-3.945,273.91,397.76,A2356raw4.mat_Line27392
25,12,0,-223.22,-3.95,273.92,396.63,A2356raw4.mat_Line27393
25,12,0,-224.98,-3.962,273.93,393.81,A2356raw4.mat_Line27394
25,12,0,-225.27,-3.953,273.94,390.99,A2356raw4.mat_Line27395
25,12,0,-224.07,-3.96,273.95,390.36,A2356raw4.mat_Line27396
25,12,0,-222.23,-3.97,273.96,392.23,A2356raw4.mat_Line27397
25,12,0,-221.69,-3.96,273.97,396.74,A2356raw4.mat_Line27398
25,12,0,-221.02,-3.96,273.98,402.83,A2356raw4.mat_Line27399
25,12,0,-222.31,-3.953,273.99,409.05,A2356raw4.mat_Line27400
25,12,0,-224.82,-3.955,274,412.94,A2356raw4.mat_Line27401
25,12,0,-229.01,-3.952,274.01,413.53,A2356raw4.mat_Line27402
25,12,0,-233.45,-3.953,274.02,411.92,A2356raw4.mat_Line27403
25,12,-0,-237.08,-3.956,274.06,400.81,A2356raw4.mat_Line27407
25,12,0,-234.34,-3.949,274.07,403.15,A2356raw4.mat_Line27408
25,12,0,-232.25,-3.965,274.08,408.15,A2356raw4.mat_Line27409
25,12,0,-231.73,-3.975,274.09,413.48,A2356raw4.mat_Line27410
25,12,0,-232.09,-3.957,274.1,417.84,A2356raw4.mat_Line27411
25,12,0,-234.52,-3.968,274.11,419.38,A2356raw4.mat_Line27412
25,12,-0,-242.72,-3.969,274.13,415.89,A2356raw4.mat_Line27414
25,12,0,-245.53,-3.97,274.14,411.8,A2356raw4.mat_Line27415
25,12,0,-247.02,-3.978,274.15,408.04,A2356raw4.mat_Line27416
25,12,0,-246.28,-3.985,274.16,406.02,A2356raw4.mat_Line27417
25,12,0,-243.89,-3.993,274.17,406.66,A2356raw4.mat_Line27418
25,12,0,-240.95,-3.993,274.18,409.19,A2356raw4.mat_Line27419
25,12,0,-238.37,-3.992,274.19,413.89,A2356raw4.mat_Line27420
25,12,0,-237.11,-3.99,274.2,418.89,A2356raw4.mat_Line27421
25,12,0,-238.8,-3.993,274.22,423.24,A2356raw4.mat_Line27423
25,12,0,-240.77,-4.006,274.23,421.47,A2356raw4.mat_Line27424
25,12,0,-244.33,-4.01,274.24,417.85,A2356raw4.mat_Line27425
25,12,0,-248.1,-4.006,274.25,413.62,A2356raw4.mat_Line27426
25,12,0,-249.07,-4.002,274.26,410.18,A2356raw4.mat_Line27427
25,12,0,-248.6,-3.993,274.27,409.25,A2356raw4.mat_Line27428
25,12,0,-247.01,-4.006,274.28,411.01,A2356raw4.mat_Line27429
25,12,0,-243.46,-4.006,274.29,414.16,A2356raw4.mat_Line27430
25,12,0,-240.91,-4.003,274.3,418.56,A2356raw4.mat_Line27431
25,12,0,-238.04,-4.002,274.32,423.08,A2356raw4.mat_Line27433
25,12,0,-239.38,-3.995,274.33,422.14,A2356raw4.mat_Line27434
25,12,0,-242.29,-3.998,274.34,419.14,A2356raw4.mat_Line27435
25,12,0,-245.05,-3.999,274.35,415.52,A2356raw4.mat_Line27436
25,12,0,-247.96,-3.986,274.36,411.9,A2356raw4.mat_Line27437
25,12,0,-249.93,-3.993,274.37,409.87,A2356raw4.mat_Line27438
25,12,0,-247.16,-3.996,274.39,412.87,A2356raw4.mat_Line27440
25,12,0,-243.95,-3.992,274.4,416.04,A2356raw4.mat_Line27441
25,12,0,-241.06,-3.99,274.41,419.04,A2356raw4.mat_Line27442
25,12,0,-239.38,-3.986,274.42,421.07,A2356raw4.mat_Line27443
25,12,0,-239.78,-3.99,274.43,421.22,A2356raw4.mat_Line27444
25,12,0,-244.04,-4,274.45,416.33,A2356raw4.mat_Line27446
25,12,0,-246.49,-3.986,274.46,413.33,A2356raw4.mat_Line27447
25,12,0,-248.98,-3.988,274.47,411.43,A2356raw4.mat_Line27448
25,12,0,-249.75,-3.989,274.48,411.11,A2356raw4.mat_Line27449
25,12,0,-249.81,-3.992,274.49,412.69,A2356raw4.mat_Line27450
25,12,0,-247.39,-3.999,274.5,415.53,A2356raw4.mat_Line27451
25,12,0,-244.29,-3.993,274.51,418.53,A2356raw4.mat_Line27452
25,12,0,-242.17,-3.998,274.52,420.42,A2356raw4.mat_Line27453
25,12,0,-240.46,-3.993,274.53,421.05,A2356raw4.mat_Line27454
25,12,0,-239.9,-3.998,274.54,420.11,A2356raw4.mat_Line27455
25,12,0,-241.92,-3.996,274.55,417.29,A2356raw4.mat_Line27456
25,12,0,-243.59,-3.996,274.56,414.46,A2356raw4.mat_Line27457
25,12,0,-246,-3.99,274.57,412.4,A2356raw4.mat_Line27458
25,12,0,-247.81,-4.002,274.61,417.56,A2356raw4.mat_Line27462
25,12,0,-244.78,-3.993,274.62,419.78,A2356raw4.mat_Line27463
25,12,0,-242.63,-3.996,274.63,420.43,A2356raw4.mat_Line27464
25,12,0,-240.82,-4,274.64,419.34,A2356raw4.mat_Line27465
25,12,0,-240.94,-3.996,274.65,417.31,A2356raw4.mat_Line27466
25,12,0,-249.05,-3.999,274.7,413.93,A2356raw4.mat_Line27471
25,12,0,-249.19,-3.998,274.71,416.29,A2356raw4.mat_Line27472
25,12,0,-247.77,-3.999,274.72,418.5,A2356raw4.mat_Line27473
25,12,0,-243.27,-3.996,274.78,412.44,A2356raw4.mat_Line27479
25,12,0,-244.93,-3.993,274.79,412.26,A2356raw4.mat_Line27480
25,12,0,-246.93,-3.999,274.8,413.02,A2356raw4.mat_Line27481
25,12,0,-241.76,-3.988,274.86,416.2,A2356raw4.mat_Line27487
25,12,0,-241.09,-3.996,274.87,414.64,A2356raw4.mat_Line27488
25,12,0,-240.93,-4.002,274.88,412.76,A2356raw4.mat_Line27489
25,12,0,-246.12,-4.005,274.95,418.5,A2356raw4.mat_Line27496
25,12,0,-244.07,-3.998,274.96,417.12,A2356raw4.mat_Line27497
25,12,0,-245.41,-3.993,275.02,415.06,A2356raw4.mat_Line27503
25,12,0,-247.03,-3.989,275.03,416.3,A2356raw4.mat_Line27504
25,12,0,-248.46,-3.996,275.04,417.54,A2356raw4.mat_Line27505
25,12,0,-242.11,-3.99,275.1,413.22,A2356raw4.mat_Line27511
25,12,0,-242.34,-4,275.11,413.55,A2356raw4.mat_Line27512
25,12,0,-245.94,-3.99,275.18,414.91,A2356raw4.mat_Line27519
25,12,0,-243.81,-3.995,275.19,414.32,A2356raw4.mat_Line27520
25,12,0,-242.7,-4.002,275.2,413.55,A2356raw4.mat_Line27521
25,12,0,-249.46,-3.988,275.27,416.44,A2356raw4.mat_Line27528
25,12,0,-249.04,-3.999,275.28,416.13,A2356raw4.mat_Line27529
25,12,0,-242.63,-4.003,275.33,414.96,A2356raw4.mat_Line27534
25,12,0,-242.73,-3.99,275.34,415.4,A2356raw4.mat_Line27535
25,12,0,-244.46,-3.996,275.35,415.7,A2356raw4.mat_Line27536
25,12,0,-248.36,-3.992,275.37,415.35,A2356raw4.mat_Line27538
25,12,0,-245.84,-3.99,275.41,414.93,A2356raw4.mat_Line27542
25,12,0,-243.98,-3.988,275.42,414.79,A2356raw4.mat_Line27543
25,12,0,-242.28,-3.996,275.43,415.11,A2356raw4.mat_Line27544
25,12,0,-242.32,-3.992,275.45,415.42,A2356raw4.mat_Line27546
25,12,0,-250.1,-4,275.49,414.87,A2356raw4.mat_Line27550
25,12,0,-249.95,-3.998,275.5,415.5,A2356raw4.mat_Line27551
25,12,0,-246.41,-3.996,275.52,415.7,A2356raw4.mat_Line27553
25,12,0,-244.25,-3.989,275.53,415.88,A2356raw4.mat_Line27554
25,12,0,-242.63,-3.998,275.56,415.89,A2356raw4.mat_Line27557
25,12,0,-243.67,-3.995,275.57,415.39,A2356raw4.mat_Line27558
25,12,0,-249.44,-3.999,275.6,415.35,A2356raw4.mat_Line27561
25,12,0,-249.49,-3.996,275.61,415.5,A2356raw4.mat_Line27562
25,12,0,-244.28,-3.993,275.64,416.34,A2356raw4.mat_Line27565
25,12,0,-243.27,-3.993,275.65,416.51,A2356raw4.mat_Line27566
25,12,-0,-241.73,-3.99,275.66,416.06,A2356raw4.mat_Line27567
25,12,0,-242.44,-3.988,275.67,415.74,A2356raw4.mat_Line27568
25,12,0,-242.71,-3.989,275.68,415.25,A2356raw4.mat_Line27569
25,12,0,-244.61,-3.998,275.69,414.77,A2356raw4.mat_Line27570
25,12,0,-247.02,-3.996,275.7,414.73,A2356raw4.mat_Line27571
25,12,0,-249.3,-3.989,275.71,415.02,A2356raw4.mat_Line27572
25,12,0,-250.35,-4,275.72,415.33,A2356raw4.mat_Line27573
25,12,0,-249.43,-3.992,275.73,416.44,A2356raw4.mat_Line27574
25,12,0,-247.34,-3.996,275.74,416.94,A2356raw4.mat_Line27575
25,12,0,-244.93,-3.989,275.75,417.11,A2356raw4.mat_Line27576
25,12,0,-243,-4.002,275.76,416.98,A2356raw4.mat_Line27577
25,12,0,-242.2,-3.998,275.78,415.87,A2356raw4.mat_Line27579
25,12,0,-243.48,-3.998,275.79,415.56,A2356raw4.mat_Line27580
25,12,0,-244.93,-3.989,275.8,415.21,A2356raw4.mat_Line27581
25,12,0,-247.32,-3.999,275.81,414.89,A2356raw4.mat_Line27582
25,12,0,-248.79,-3.986,275.82,415.34,A2356raw4.mat_Line27583
25,12,0,-250.07,-3.996,275.83,415.96,A2356raw4.mat_Line27584
25,12,0,-249.23,-3.998,275.84,416.9,A2356raw4.mat_Line27585
25,12,0,-247.98,-3.996,275.85,417.71,A2356raw4.mat_Line27586
25,12,0,-245.54,-3.986,275.86,417.73,A2356raw4.mat_Line27587
25,12,-0,-244.11,-3.99,275.87,417.76,A2356raw4.mat_Line27588
25,12,0,-243.05,-3.998,275.88,416.82,A2356raw4.mat_Line27589
25,12,0,-242.82,-3.988,275.89,415.72,A2356raw4.mat_Line27590
25,12,0,-243.46,-3.99,275.9,414.94,A2356raw4.mat_Line27591
25,12,0,-248.66,-4.003,275.93,414.88,A2356raw4.mat_Line27594
25,12,0,-250.34,-4.005,275.94,416.11,A2356raw4.mat_Line27595
25,12,0,-249.87,-3.993,275.95,417.21,A2356raw4.mat_Line27596
25,12,0,-248.82,-3.993,275.96,417.54,A2356raw4.mat_Line27597
25,12,0,-247.05,-3.989,275.97,417.57,A2356raw4.mat_Line27598
25,12,0,-244.66,-4.003,275.98,417.12,A2356raw4.mat_Line27599
25,12,0,-242.8,-3.992,275.99,416.04,A2356raw4.mat_Line27600
25,12,0,-242.43,-3.985,276,415.25,A2356raw4.mat_Line27601
25,12,0,-242.85,-4,276.01,414.63,A2356raw4.mat_Line27602
25,12,0,-244.42,-3.995,276.02,414.31,A2356raw4.mat_Line27603
25,12,0,-246.38,-3.996,276.03,414.59,A2356raw4.mat_Line27604
25,12,0,-247.65,-3.996,276.04,414.88,A2356raw4.mat_Line27605
25,12,0,-250.1,-3.995,276.05,415.8,A2356raw4.mat_Line27606
25,12,0,-249.87,-4.003,276.06,416.59,A2356raw4.mat_Line27607
25,12,0,-249.5,-4.006,276.07,417.23,A2356raw4.mat_Line27608
25,12,-0,-242.99,-3.996,276.11,415.11,A2356raw4.mat_Line27612
25,12,0,-243.34,-3.999,276.12,414.47,A2356raw4.mat_Line27613
25,12,0,-244.49,-4.002,276.13,414.15,A2356raw4.mat_Line27614
25,12,0,-245.62,-3.998,276.14,414.28,A2356raw4.mat_Line27615
25,12,0,-247.65,-3.989,276.19,416.76,A2356raw4.mat_Line27620
25,12,-0,-245.59,-3.99,276.2,416.03,A2356raw4.mat_Line27621
25,12,0,-243.84,-3.99,276.21,415.42,A2356raw4.mat_Line27622
25,12,0,-249.62,-3.995,276.27,415.04,A2356raw4.mat_Line27628
25,12,0,-249.89,-3.99,276.28,415.5,A2356raw4.mat_Line27629
25,12,0,-249.22,-3.995,276.29,416.12,A2356raw4.mat_Line27630
25,12,0,-243.27,-3.998,276.35,414.3,A2356raw4.mat_Line27636
25,12,0,-244.7,-4,276.36,414.31,A2356raw4.mat_Line27637
25,12,0,-246.02,-3.988,276.37,414.45,A2356raw4.mat_Line27638
25,12,0,-243.76,-3.992,276.43,415.72,A2356raw4.mat_Line27644
25,12,0,-242.4,-3.996,276.44,415.43,A2356raw4.mat_Line27645
25,12,0,-241.87,-3.988,276.45,414.8,A2356raw4.mat_Line27646
25,12,0,-249.17,-3.998,276.51,415.81,A2356raw4.mat_Line27652
25,12,0,-248.58,-3.992,276.52,415.84,A2356raw4.mat_Line27653
25,12,0,-246.42,-3.999,276.53,416.01,A2356raw4.mat_Line27654
25,12,0,-242.08,-3.985,276.57,414.8,A2356raw4.mat_Line27658
25,12,0,-243.14,-4.003,276.58,414.16,A2356raw4.mat_Line27659
25,12,0,-244.8,-4.002,276.59,414.15,A2356raw4.mat_Line27660
25,12,0,-246.79,-3.999,276.6,414.28,A2356raw4.mat_Line27661
25,12,0,-248.78,-3.99,276.61,414.73,A2356raw4.mat_Line27662
25,12,0,-244.96,-3.99,276.65,416.18,A2356raw4.mat_Line27666
25,12,0,-243.76,-3.999,276.66,415.89,A2356raw4.mat_Line27667
25,12,0,-242.6,-4.002,276.67,415.42,A2356raw4.mat_Line27668
25,12,0,-242.62,-3.989,276.68,414.81,A2356raw4.mat_Line27669
25,12,0,-243.2,-3.993,276.69,414.63,A2356raw4.mat_Line27670
25,12,0,-244.41,-3.993,276.7,414.14,A2356raw4.mat_Line27671
25,12,0,-246.65,-3.99,276.71,414.43,A2356raw4.mat_Line27672
25,12,0,-248.76,-3.99,276.72,415.04,A2356raw4.mat_Line27673
25,12,0,-250.07,-4,276.73,415.65,A2356raw4.mat_Line27674
25,12,0,-249.68,-3.992,276.74,416.12,A2356raw4.mat_Line27675
25,12,0,-246.44,-4,276.76,416.49,A2356raw4.mat_Line27677
25,12,0,-244.15,-4.003,276.77,415.88,A2356raw4.mat_Line27678
25,12,0,-242.98,-3.992,276.78,415.43,A2356raw4.mat_Line27679
25,12,0,-242.47,-4.003,276.79,414.8,A2356raw4.mat_Line27680
25,12,0,-243.75,-3.998,276.8,414.78,A2356raw4.mat_Line27681
25,12,0,-246.34,-3.989,276.82,414.59,A2356raw4.mat_Line27683
25,12,0,-248.56,-3.993,276.83,415.21,A2356raw4.mat_Line27684
25,12,0,-250.08,-3.993,276.84,415.5,A2356raw4.mat_Line27685
25,12,0,-249.63,-3.995,276.85,416.13,A2356raw4.mat_Line27686
25,12,0,-248.4,-3.99,276.86,415.98,A2356raw4.mat_Line27687
25,12,0,-246.71,-3.998,276.87,416.47,A2356raw4.mat_Line27688
25,12,0,-245.04,-3.995,276.88,416.33,A2356raw4.mat_Line27689
25,12,0,-243.42,-3.999,276.89,416.04,A2356raw4.mat_Line27690
25,12,0,-242.8,-3.988,276.9,415.27,A2356raw4.mat_Line27691
25,12,0,-244.99,-3.986,276.92,414.47,A2356raw4.mat_Line27693
25,12,0,-245.93,-4.005,276.93,414.28,A2356raw4.mat_Line27694
25,12,0,-248.86,-3.99,276.94,414.73,A2356raw4.mat_Line27695
25,12,0,-249.82,-3.998,276.95,415.64,A2356raw4.mat_Line27696
25,12,0,-250.56,-4.005,276.96,416.11,A2356raw4.mat_Line27697
25,12,0,-249.53,-4.005,276.97,416.91,A2356raw4.mat_Line27698
25,12,0,-243.78,-3.995,277,415.89,A2356raw4.mat_Line27701
25,12,0,-242.84,-4,277.01,415.57,A2356raw4.mat_Line27702
25,12,0,-243.67,-3.999,277.02,414.94,A2356raw4.mat_Line27703
25,12,0,-244.63,-3.992,277.03,414.63,A2356raw4.mat_Line27704
25,12,0,-246.19,-3.992,277.04,414.45,A2356raw4.mat_Line27705
25,12,0,-248.36,-3.996,277.05,414.59,A2356raw4.mat_Line27706
25,12,0,-249.5,-3.999,277.06,414.87,A2356raw4.mat_Line27707
25,12,0,-250.53,-3.99,277.07,415.34,A2356raw4.mat_Line27708
25,12,0,-250.21,-3.986,277.08,415.65,A2356raw4.mat_Line27709
25,12,0,-248.65,-4.002,277.09,416,A2356raw4.mat_Line27710
25,12,0,-246.24,-3.99,277.1,415.86,A2356raw4.mat_Line27711
25,12,0,-243.88,-3.996,277.11,415.72,A2356raw4.mat_Line27712
25,12,0,-243.32,-3.995,277.12,415.43,A2356raw4.mat_Line27713
25,12,0,-243.2,-3.993,277.13,415.1,A2356raw4.mat_Line27714
25,12,-0,-244.3,-3.993,277.14,414.32,A2356raw4.mat_Line27715
25,12,0,-245.92,-3.993,277.15,414.14,A2356raw4.mat_Line27716
25,12,0,-249.68,-3.995,277.17,414.1,A2356raw4.mat_Line27718
25,12,0,-250.75,-3.986,277.19,416.12,A2356raw4.mat_Line27720
25,12,0,-248.77,-4,277.2,416.61,A2356raw4.mat_Line27721
25,12,0,-243.84,-4.002,277.22,416.5,A2356raw4.mat_Line27723
25,12,-0,-243.36,-3.99,277.23,415.9,A2356raw4.mat_Line27724
25,12,0,-243.02,-4.002,277.24,415.27,A2356raw4.mat_Line27725
25,12,-0,-249.07,-4,277.28,415.05,A2356raw4.mat_Line27729
25,12,0,-250.09,-3.999,277.29,415.97,A2356raw4.mat_Line27730
25,12,0,-249.75,-3.993,277.3,416.43,A2356raw4.mat_Line27731
25,12,0,-248.75,-3.999,277.31,416.77,A2356raw4.mat_Line27732
25,12,0,-242.54,-3.992,277.36,414.95,A2356raw4.mat_Line27737
25,12,0,-243.96,-3.992,277.37,414.47,A2356raw4.mat_Line27738
25,12,-0,-245.71,-4.012,277.38,414.3,A2356raw4.mat_Line27739
25,12,0,-248.17,-3.996,277.39,414.58,A2356raw4.mat_Line27740
25,12,0,-244.91,-3.998,277.44,416.34,A2356raw4.mat_Line27745
25,12,0,-243.16,-3.996,277.45,415.58,A2356raw4.mat_Line27746
25,12,0,-242.6,-4.002,277.46,414.81,A2356raw4.mat_Line27747
25,12,0,-243.07,-3.996,277.47,414.18,A2356raw4.mat_Line27748
25,12,0,-243.39,-3.996,277.48,414,A2356raw4.mat_Line27749
25,12,0,-249.74,-4.002,277.52,415.97,A2356raw4.mat_Line27753
25,12,0,-249.46,-3.995,277.53,416.3,A2356raw4.mat_Line27754
25,12,0,-247.48,-4.002,277.54,416.15,A2356raw4.mat_Line27755
25,12,0,-244.03,-3.993,277.56,414.95,A2356raw4.mat_Line27757
25,12,0,-243.46,-3.979,277.57,414.33,A2356raw4.mat_Line27758
25,12,0,-244.23,-3.978,277.58,414.18,A2356raw4.mat_Line27759
25,12,0,-245.62,-3.966,277.59,413.69,A2356raw4.mat_Line27760
25,12,0,-247.09,-3.93,277.6,413.51,A2356raw4.mat_Line27761
25,12,0,-249.94,-3.893,277.62,412.99,A2356raw4.mat_Line27763
25,12,0,-250.83,-3.869,277.63,413.44,A2356raw4.mat_Line27764
25,12,0,-250.61,-3.83,277.64,413.76,A2356raw4.mat_Line27765
25,12,0,-249.93,-3.8,277.65,414.25,A2356raw4.mat_Line27766
25,12,0,-247.73,-3.763,277.66,413.66,A2356raw4.mat_Line27767
25,12,0,-246.38,-3.622,277.69,407,A2356raw4.mat_Line27770
25,12,0,-247.5,-3.577,277.7,403.58,A2356raw4.mat_Line27771
25,12,0,-249.49,-3.524,277.71,400.46,A2356raw4.mat_Line27772
25,12,0,-252.57,-3.466,277.72,397.64,A2356raw4.mat_Line27773
25,12,0,-255.18,-3.423,277.73,395.31,A2356raw4.mat_Line27774
25,12,0,-256.16,-3.378,277.74,393.43,A2356raw4.mat_Line27775
25,12,0,-257.28,-3.32,277.75,391.26,A2356raw4.mat_Line27776
25,12,0,-256.63,-3.29,277.76,388.8,A2356raw4.mat_Line27777
25,12,0,-255.67,-3.253,277.77,385.25,A2356raw4.mat_Line27778
25,12,0,-254.53,-3.203,277.78,381.7,A2356raw4.mat_Line27779
25,12,0,-253.99,-3.17,277.79,377.67,A2356raw4.mat_Line27780
25,12,0,-254.37,-3.136,277.8,373.94,A2356raw4.mat_Line27781
25,12,0,-255.35,-3.103,277.81,370.19,A2356raw4.mat_Line27782
25,12,0,-259.45,-3.035,277.83,364.1,A2356raw4.mat_Line27784
25,12,0,-261.8,-3.018,277.84,361.44,A2356raw4.mat_Line27785
25,12,0,-263.92,-2.981,277.85,359.09,A2356raw4.mat_Line27786
25,12,0,-264.65,-2.945,277.86,357.39,A2356raw4.mat_Line27787
25,12,0,-259.52,-2.849,277.89,349.98,A2356raw4.mat_Line27790
25,12,0,-257.96,-2.805,277.9,347.66,A2356raw4.mat_Line27791
25,12,0,-257.89,-2.763,277.91,344.72,A2356raw4.mat_Line27792
25,12,0,-257.79,-2.719,277.92,341.93,A2356raw4.mat_Line27793
25,12,0,-259.92,-2.682,277.93,338.35,A2356raw4.mat_Line27794
25,12,0,-262.45,-2.644,277.94,334.29,A2356raw4.mat_Line27795
25,12,0,-264.19,-2.596,277.95,331.02,A2356raw4.mat_Line27796
25,12,0,-266.49,-2.561,277.96,327.59,A2356raw4.mat_Line27797
25,12,0,-267.77,-2.507,277.97,324.18,A2356raw4.mat_Line27798
25,12,0,-267.16,-2.461,277.98,320.78,A2356raw4.mat_Line27799
25,12,0,-265.32,-2.411,277.99,317.39,A2356raw4.mat_Line27800
25,12,0,-262.55,-2.372,278,313.38,A2356raw4.mat_Line27801
25,12,0,-259.85,-2.327,278.01,309.67,A2356raw4.mat_Line27802
25,12,0,-257.72,-2.285,278.02,305.17,A2356raw4.mat_Line27803
25,12,-0,-257.86,-2.255,278.03,300.37,A2356raw4.mat_Line27804
25,12,0,-258.65,-2.209,278.04,296.33,A2356raw4.mat_Line27805
25,12,0,-268.58,-2.043,278.08,277.82,A2356raw4.mat_Line27809
25,12,0,-268.23,-2.003,278.09,272.69,A2356raw4.mat_Line27810
25,12,0,-265.85,-1.983,278.1,268.06,A2356raw4.mat_Line27811
25,12,0,-263.33,-1.939,278.11,263.73,A2356raw4.mat_Line27812
25,12,0,-261.74,-1.704,278.17,243.12,A2356raw4.mat_Line27818
25,12,-0,-264.98,-1.659,278.18,237.99,A2356raw4.mat_Line27819
25,12,0,-255.72,-1.364,278.25,208.73,A2356raw4.mat_Line27826
25,12,0,-254.95,-1.324,278.26,205.47,A2356raw4.mat_Line27827
25,12,0,-256.25,-1.29,278.27,201.74,A2356raw4.mat_Line27828
25,12,0,-263.31,-1.062,278.33,166.78,A2356raw4.mat_Line27834
25,12,0,-260.12,-1.012,278.34,163.09,A2356raw4.mat_Line27835
25,12,0,-256.56,-0.979,278.35,160.63,A2356raw4.mat_Line27836
25,12,0,-263.57,-0.777,278.41,132.05,A2356raw4.mat_Line27842
25,12,0,-265.28,-0.726,278.42,124.73,A2356raw4.mat_Line27843
25,12,-0,-264.69,-0.687,278.43,118.53,A2356raw4.mat_Line27844
25,12,0,-253.58,-0.361,278.5,89.15,A2356raw4.mat_Line27851
25,12,0,-257.92,-0.103,278.56,48.63,A2356raw4.mat_Line27857
25,12,0,-254.52,-0.07,278.57,44.79,A2356raw4.mat_Line27858
25,12,0,-251.66,-0.037,278.58,41.25,A2356raw4.mat_Line27859
25,12,0,-250.8,0.004,278.59,37.24,A2356raw4.mat_Line27860
25,12,0,-250.58,0.04,278.6,32.42,A2356raw4.mat_Line27861
25,12,0,-252.6,0.066,278.61,25.73,A2356raw4.mat_Line27862
25,12,0,-255.64,0.097,278.62,18.71,A2356raw4.mat_Line27863
25,12,0,-259.61,0.138,278.63,11.55,A2356raw4.mat_Line27864
25,12,0,-260.98,0.159,278.64,4.08,A2356raw4.mat_Line27865
25,12,0,-260.41,0.251,278.66,-7.86,A2356raw4.mat_Line27867
25,12,0,-256.18,0.271,278.67,-12.16,A2356raw4.mat_Line27868
25,12,0,-252.74,0.305,278.68,-15.54,A2356raw4.mat_Line27869
25,12,0,-250.45,0.347,278.69,-18.46,A2356raw4.mat_Line27870
25,12,0,-248.84,0.384,278.7,-22.49,A2356raw4.mat_Line27871
25,12,0,-249.76,0.433,278.71,-27.15,A2356raw4.mat_Line27872
25,12,0,-251.03,0.475,278.72,-33.21,A2356raw4.mat_Line27873
25,12,0,-256.15,0.564,278.74,-47.07,A2356raw4.mat_Line27875
25,12,0,-258.74,0.597,278.75,-54.07,A2356raw4.mat_Line27876
25,12,0,-259.65,0.646,278.76,-60.74,A2356raw4.mat_Line27877
25,12,0,-258.35,0.705,278.77,-66.47,A2356raw4.mat_Line27878
25,12,0,-255.4,0.74,278.78,-71.09,A2356raw4.mat_Line27879
25,12,0,-249.3,0.822,278.8,-78.95,A2356raw4.mat_Line27881
25,12,0,-248.15,0.868,278.81,-83.13,A2356raw4.mat_Line27882
25,12,0,-248.23,0.909,278.82,-87.93,A2356raw4.mat_Line27883
25,12,0,-249.93,0.952,278.83,-94,A2356raw4.mat_Line27884
25,12,0,-251.77,0.995,278.84,-100.69,A2356raw4.mat_Line27885
25,12,0,-254.76,1.04,278.85,-107.7,A2356raw4.mat_Line27886
25,12,0,-257.25,1.071,278.86,-114.39,A2356raw4.mat_Line27887
25,12,0,-259.2,1.104,278.87,-120.76,A2356raw4.mat_Line27888
25,12,0,-257.84,1.164,278.88,-126.18,A2356raw4.mat_Line27889
25,12,0,-252.09,1.227,278.9,-134.81,A2356raw4.mat_Line27891
25,12,0,-247.89,1.302,278.92,-142.21,A2356raw4.mat_Line27893
25,12,0,-247.47,1.333,278.93,-146.71,A2356raw4.mat_Line27894
25,12,-0,-248.31,1.379,278.94,-152.14,A2356raw4.mat_Line27895
25,12,0,-249.86,1.399,278.95,-158.37,A2356raw4.mat_Line27896
25,12,0,-252.42,1.456,278.96,-164.44,A2356raw4.mat_Line27897
25,12,0,-254.51,1.482,278.97,-170.36,A2356raw4.mat_Line27898
25,12,0,-256.15,1.531,278.98,-176.11,A2356raw4.mat_Line27899
25,12,0,-255.34,1.565,278.99,-180.91,A2356raw4.mat_Line27900
25,12,0,-253.62,1.599,279,-184.93,A2356raw4.mat_Line27901
25,12,0,-250.54,1.64,279.01,-188.47,A2356raw4.mat_Line27902
25,12,0,-245.28,1.766,279.04,-198.65,A2356raw4.mat_Line27905
25,12,0,-245.5,1.806,279.05,-203.31,A2356raw4.mat_Line27906
25,12,0,-247.3,1.847,279.06,-208.6,A2356raw4.mat_Line27907
25,12,-0,-249.22,1.893,279.07,-214.5,A2356raw4.mat_Line27908
25,12,0,-251.32,1.933,279.08,-220.42,A2356raw4.mat_Line27909
25,12,0,-250.64,2.055,279.11,-234.52,A2356raw4.mat_Line27912
25,12,0,-248.2,2.076,279.12,-237.45,A2356raw4.mat_Line27913
25,12,0,-244.74,2.128,279.13,-240.04,A2356raw4.mat_Line27914
25,12,0,-243.07,2.171,279.14,-242.66,A2356raw4.mat_Line27915
25,12,0,-242.17,2.214,279.15,-245.76,A2356raw4.mat_Line27916
25,12,0,-242.65,2.27,279.16,-249.96,A2356raw4.mat_Line27917
25,12,0,-247.64,2.393,279.19,-265.53,A2356raw4.mat_Line27920
25,12,0,-249.71,2.429,279.2,-270.19,A2356raw4.mat_Line27921
25,12,0,-250.06,2.473,279.21,-274.54,A2356raw4.mat_Line27922
25,12,-0,-248.31,2.513,279.22,-277.77,A2356raw4.mat_Line27923
25,12,0,-245.53,2.552,279.23,-280.38,A2356raw4.mat_Line27924
25,12,0,-242.78,2.587,279.24,-282.53,A2356raw4.mat_Line27925
25,12,0,-240.37,2.618,279.25,-284.68,A2356raw4.mat_Line27926
25,12,0,-239.74,2.663,279.26,-287.62,A2356raw4.mat_Line27927
25,12,0,-240.35,2.698,279.27,-291.35,A2356raw4.mat_Line27928
25,12,0,-242.91,2.769,279.29,-300.85,A2356raw4.mat_Line27930
25,12,0,-244.62,2.791,279.3,-305.51,A2356raw4.mat_Line27931
25,12,0,-245.73,2.842,279.31,-309.88,A2356raw4.mat_Line27932
25,12,0,-234.91,3.083,279.37,-324.04,A2356raw4.mat_Line27938
25,12,0,-234.95,3.132,279.38,-326.67,A2356raw4.mat_Line27939
25,12,0,-240.37,3.429,279.45,-352.44,A2356raw4.mat_Line27946
25,12,0,-237.96,3.457,279.46,-354.9,A2356raw4.mat_Line27947
25,12,0,-234.62,3.498,279.47,-357.06,A2356raw4.mat_Line27948
25,12,0,-235.22,3.666,279.51,-367.93,A2356raw4.mat_Line27952
25,12,0,-237.03,3.699,279.52,-371.82,A2356raw4.mat_Line27953
25,12,0,-239.78,3.75,279.53,-375.72,A2356raw4.mat_Line27954
25,12,-0,-242.24,3.769,279.54,-379.74,A2356raw4.mat_Line27955
25,12,0,-242.7,3.815,279.55,-383.8,A2356raw4.mat_Line27956
25,12,0,-234.15,3.969,279.59,-390.89,A2356raw4.mat_Line27960
25,12,-0,-232.43,4.012,279.6,-391.65,A2356raw4.mat_Line27961
25,12,0,-233.09,4.047,279.61,-393.21,A2356raw4.mat_Line27962
25,12,0,-235.19,4.085,279.62,-395.54,A2356raw4.mat_Line27963
25,12,0,-237.49,4.134,279.63,-399.28,A2356raw4.mat_Line27964
25,12,0,-244.11,4.248,279.66,-413.59,A2356raw4.mat_Line27967
25,12,0,-243.95,4.28,279.67,-416.99,A2356raw4.mat_Line27968
25,12,0,-241.22,4.333,279.68,-419.47,A2356raw4.mat_Line27969
25,12,0,-237.49,4.364,279.69,-420.07,A2356raw4.mat_Line27970
25,12,0,-235.02,4.403,279.7,-419.75,A2356raw4.mat_Line27971
25,12,0,-233.81,4.46,279.71,-419.88,A2356raw4.mat_Line27972
25,12,0,-237.51,4.566,279.74,-427.02,A2356raw4.mat_Line27975
25,12,0,-240.52,4.612,279.75,-432.15,A2356raw4.mat_Line27976
25,12,0,-242.82,4.651,279.76,-437.61,A2356raw4.mat_Line27977
25,12,0,-244.16,4.698,279.77,-442.9,A2356raw4.mat_Line27978
25,12,0,-241.8,4.775,279.79,-448.48,A2356raw4.mat_Line27980
25,12,0,-238.81,4.813,279.8,-449.24,A2356raw4.mat_Line27981
25,12,0,-233.87,4.898,279.82,-446.56,A2356raw4.mat_Line27983
25,12,0,-233.34,4.936,279.83,-446.07,A2356raw4.mat_Line27984
25,12,-0,-233.78,4.986,279.84,-448.08,A2356raw4.mat_Line27985
25,12,0,-236.53,5.017,279.85,-451.51,A2356raw4.mat_Line27986
25,12,0,-242.79,5.099,279.87,-462.89,A2356raw4.mat_Line27988
25,12,0,-245.01,5.148,279.88,-468.19,A2356raw4.mat_Line27989
25,12,-0,-244.93,5.176,279.89,-472.69,A2356raw4.mat_Line27990
25,12,0,-244.07,5.226,279.9,-474.4,A2356raw4.mat_Line27991
25,12,0,-240.71,5.254,279.91,-473.91,A2356raw4.mat_Line27992
25,12,-0,-236.55,5.297,279.92,-471.7,A2356raw4.mat_Line27993
25,12,0,-233.96,5.344,279.93,-469.05,A2356raw4.mat_Line27994
25,12,0,-233.43,5.381,279.94,-468.08,A2356raw4.mat_Line27995
25,12,0,-234.02,5.42,279.95,-469.17,A2356raw4.mat_Line27996
25,12,0,-236.12,5.46,279.96,-472.77,A2356raw4.mat_Line27997
25,12,0,-239.17,5.497,279.97,-478.37,A2356raw4.mat_Line27998
25,12,-0,-242.87,5.527,279.98,-484.75,A2356raw4.mat_Line27999
25,12,0,-245.41,5.574,279.99,-490.54,A2356raw4.mat_Line28000
25,12,0,-245.33,5.663,280.01,-495.65,A2356raw4.mat_Line28002
25,12,0,-242.17,5.696,280.02,-494.85,A2356raw4.mat_Line28003
25,12,0,-238.13,5.729,280.03,-492.18,A2356raw4.mat_Line28004
25,12,0,-234.81,5.858,280.06,-487.78,A2356raw4.mat_Line28007
25,12,0,-236.53,5.905,280.07,-491.05,A2356raw4.mat_Line28008
25,12,0,-239.57,5.944,280.08,-496.83,A2356raw4.mat_Line28009
25,12,0,-242.76,5.978,280.09,-503.39,A2356raw4.mat_Line28010
25,12,0,-245.18,6.027,280.1,-509.61,A2356raw4.mat_Line28011
25,12,0,-243.27,6.144,280.13,-514.56,A2356raw4.mat_Line28014
25,12,0,-239.09,6.177,280.14,-511.58,A2356raw4.mat_Line28015
25,12,0,-235.43,6.221,280.15,-508.13,A2356raw4.mat_Line28016
25,12,0,-233.36,6.256,280.16,-505.78,A2356raw4.mat_Line28017
25,12,0,-233.8,6.294,280.17,-505.62,A2356raw4.mat_Line28018
25,12,0,-235.99,6.333,280.18,-508.26,A2356raw4.mat_Line28019
25,12,0,-238.07,6.379,280.19,-513.4,A2356raw4.mat_Line28020
25,12,0,-245.09,6.459,280.21,-526.35,A2356raw4.mat_Line28022
25,12,0,-246.62,6.486,280.22,-530.86,A2356raw4.mat_Line28023
25,12,0,-246.73,6.532,280.23,-533.19,A2356raw4.mat_Line28024
25,12,0,-243.89,6.574,280.24,-531.77,A2356raw4.mat_Line28025
25,12,0,-240.16,6.615,280.25,-529.11,A2356raw4.mat_Line28026
25,12,0,-237.97,6.821,280.3,-530.62,A2356raw4.mat_Line28031
25,12,0,-244.46,6.902,280.32,-543.57,A2356raw4.mat_Line28033
25,12,0,-234.57,7.145,280.38,-538.04,A2356raw4.mat_Line28039
25,12,0,-234.16,7.177,280.39,-537.4,A2356raw4.mat_Line28040
25,12,0,-235.05,7.222,280.4,-539.27,A2356raw4.mat_Line28041
25,12,0,-237.32,7.254,280.41,-543.79,A2356raw4.mat_Line28042
25,12,0,-240.89,7.294,280.42,-550.49,A2356raw4.mat_Line28043
25,12,0,-248.09,7.423,280.45,-565.61,A2356raw4.mat_Line28046
25,12,0,-246.35,7.469,280.46,-563.89,A2356raw4.mat_Line28047
25,12,0,-242.83,7.504,280.47,-559.21,A2356raw4.mat_Line28048
25,12,0,-239.04,7.54,280.48,-553.75,A2356raw4.mat_Line28049
25,12,0,-235.98,7.575,280.49,-549.38,A2356raw4.mat_Line28050
25,12,0,-234.55,7.613,280.5,-548.43,A2356raw4.mat_Line28051
25,12,0,-235.1,7.662,280.51,-550.43,A2356raw4.mat_Line28052
25,12,0,-237.52,7.689,280.52,-555.89,A2356raw4.mat_Line28053
25,12,0,-240.58,7.736,280.53,-563.21,A2356raw4.mat_Line28054
25,12,0,-244.01,7.784,280.54,-571.01,A2356raw4.mat_Line28055
25,12,0,-246.76,7.819,280.55,-576.62,A2356raw4.mat_Line28056
25,12,0,-247.24,7.908,280.57,-577.4,A2356raw4.mat_Line28058
25,12,0,-244.89,7.935,280.58,-572.42,A2356raw4.mat_Line28059
25,12,0,-240.66,7.983,280.59,-566.8,A2356raw4.mat_Line28060
25,12,0,-238,8.007,280.6,-562.09,A2356raw4.mat_Line28061
25,12,0,-235.75,8.05,280.61,-560.53,A2356raw4.mat_Line28062
25,12,0,-235.64,8.096,280.62,-562.54,A2356raw4.mat_Line28063
25,12,0,-237.44,8.132,280.63,-567.35,A2356raw4.mat_Line28064
25,12,0,-240.03,8.17,280.64,-574.52,A2356raw4.mat_Line28065
25,12,0,-243.46,8.213,280.65,-581.7,A2356raw4.mat_Line28066
25,12,0,-246.67,8.255,280.66,-587.78,A2356raw4.mat_Line28067
25,12,0,-248.15,8.301,280.67,-590.28,A2356raw4.mat_Line28068
25,12,0,-243.12,8.424,280.7,-577.19,A2356raw4.mat_Line28071
25,12,0,-239.91,8.457,280.71,-571.74,A2356raw4.mat_Line28072
25,12,0,-236.98,8.502,280.72,-569.23,A2356raw4.mat_Line28073
25,12,0,-236.94,8.535,280.73,-570.45,A2356raw4.mat_Line28074
25,12,0,-237.91,8.568,280.74,-575.27,A2356raw4.mat_Line28075
25,12,0,-240.21,8.62,280.75,-582.12,A2356raw4.mat_Line28076
25,12,0,-246.38,8.697,280.77,-596,A2356raw4.mat_Line28078
25,12,-0,-248.49,8.733,280.78,-599.43,A2356raw4.mat_Line28079
25,12,0,-248.35,8.816,280.8,-593.36,A2356raw4.mat_Line28081
25,12,0,-245.42,8.853,280.81,-586.35,A2356raw4.mat_Line28082
25,12,0,-241.87,8.898,280.82,-580.28,A2356raw4.mat_Line28083
25,12,0,-239.79,8.935,280.83,-576.84,A2356raw4.mat_Line28084
25,12,0,-238.36,8.972,280.84,-577.61,A2356raw4.mat_Line28085
25,12,0,-240.97,9.061,280.86,-588.33,A2356raw4.mat_Line28087
25,12,0,-243.12,9.097,280.87,-595.19,A2356raw4.mat_Line28088
25,12,0,-245.93,9.131,280.88,-600.96,A2356raw4.mat_Line28089
25,12,0,-248.7,9.181,280.89,-604.09,A2356raw4.mat_Line28090
25,12,0,-250.59,9.22,280.9,-602.85,A2356raw4.mat_Line28091
25,12,0,-249.41,9.263,280.91,-598.34,A2356raw4.mat_Line28092
25,12,0,-239.76,9.457,280.96,-584.9,A2356raw4.mat_Line28097
25,12,0,-240.85,9.5,280.97,-590.97,A2356raw4.mat_Line28098
25,12,0,-243.08,9.54,280.98,-597.36,A2356raw4.mat_Line28099
25,12,0,-245.83,9.575,280.99,-603.75,A2356raw4.mat_Line28100
25,12,0,-246.59,9.775,281.04,-589.45,A2356raw4.mat_Line28105
25,12,0,-243.91,9.81,281.05,-584.92,A2356raw4.mat_Line28106
25,12,0,-242.25,9.853,281.06,-583.98,A2356raw4.mat_Line28107
25,12,-0,-241.02,9.891,281.07,-586.76,A2356raw4.mat_Line28108
25,12,0,-251.08,10.093,281.12,-611.22,A2356raw4.mat_Line28113
25,12,0,-251.38,10.129,281.13,-608.43,A2356raw4.mat_Line28114
25,12,0,-250.98,10.17,281.14,-602.22,A2356raw4.mat_Line28115
25,12,0,-248.75,10.212,281.15,-595.35,A2356raw4.mat_Line28116
25,12,0,-246.24,10.246,281.16,-590.21,A2356raw4.mat_Line28117
25,12,0,-244.47,10.415,281.2,-600.61,A2356raw4.mat_Line28121
25,12,-0,-246.68,10.448,281.21,-606.06,A2356raw4.mat_Line28122
25,12,0,-249.42,10.49,281.22,-610.74,A2356raw4.mat_Line28123
25,12,0,-251.27,10.534,281.23,-612.31,A2356raw4.mat_Line28124
25,12,0,-243.89,10.769,281.29,-590.66,A2356raw4.mat_Line28130
25,12,0,-243.53,10.813,281.3,-594.55,A2356raw4.mat_Line28131
25,12,0,-244.7,10.849,281.31,-599.06,A2356raw4.mat_Line28132
25,12,0,-246.19,10.899,281.32,-604.05,A2356raw4.mat_Line28133
25,12,0,-253.04,11.097,281.37,-598.17,A2356raw4.mat_Line28138
25,12,0,-250.16,11.14,281.38,-592.1,A2356raw4.mat_Line28139
25,12,-0,-248.16,11.183,281.39,-588.51,A2356raw4.mat_Line28140
25,12,0,-246.36,11.229,281.4,-588.5,A2356raw4.mat_Line28141
25,12,0,-254.45,11.456,281.46,-606.11,A2356raw4.mat_Line28147
25,12,0,-254.3,11.499,281.47,-602.85,A2356raw4.mat_Line28148
25,12,0,-245.87,11.744,281.53,-591.93,A2356raw4.mat_Line28154
25,12,0,-247.43,11.767,281.54,-595.66,A2356raw4.mat_Line28155
25,12,0,-249.81,11.82,281.55,-598.62,A2356raw4.mat_Line28156
25,12,0,-252.24,11.85,281.56,-601.28,A2356raw4.mat_Line28157
25,12,0,-249.33,11.986,281.62,-587.61,A2356raw4.mat_Line28163
25,12,0,-247.21,11.989,281.63,-587.91,A2356raw4.mat_Line28164
25,12,0,-246.64,11.998,281.64,-588.98,A2356raw4.mat_Line28165
25,12,0,-257.53,12.02,281.69,-600.22,A2356raw4.mat_Line28170
25,12,0,-257.89,11.998,281.7,-598.51,A2356raw4.mat_Line28171
25,12,0,-257.16,11.992,281.71,-594.01,A2356raw4.mat_Line28172
25,12,0,-255.92,11.953,281.79,-595.73,A2356raw4.mat_Line28180
25,12,0,-247.69,11.857,281.87,-581.67,A2356raw4.mat_Line28188
25,12,-0,-249.01,11.827,281.88,-584,A2356raw4.mat_Line28189
25,12,-0,-255.38,11.621,281.94,-588.1,A2356raw4.mat_Line28195
25,12,0,-252.85,11.575,281.95,-584.2,A2356raw4.mat_Line28196
25,12,0,-256.02,11.243,282.02,-593.42,A2356raw4.mat_Line28203
25,12,0,-257.72,11.166,282.04,-593.28,A2356raw4.mat_Line28205
25,12,0,-247.31,10.971,282.09,-578.59,A2356raw4.mat_Line28210
25,12,0,-247.66,10.951,282.1,-580,A2356raw4.mat_Line28211
25,12,0,-252.52,10.872,282.12,-587.02,A2356raw4.mat_Line28213
25,12,0,-255.25,10.843,282.13,-591.09,A2356raw4.mat_Line28214
25,12,0,-253.61,10.702,282.17,-584.69,A2356raw4.mat_Line28218
25,12,-0,-250.57,10.656,282.18,-580.62,A2356raw4.mat_Line28219
25,12,0,-248.22,10.626,282.19,-578.59,A2356raw4.mat_Line28220
25,12,0,-247.11,10.587,282.2,-577.95,A2356raw4.mat_Line28221
25,12,0,-247.49,10.55,282.21,-579.35,A2356raw4.mat_Line28222
25,12,0,-249.68,10.5,282.22,-582.48,A2356raw4.mat_Line28223
25,12,0,-252.34,10.461,282.23,-586.39,A2356raw4.mat_Line28224
25,12,0,-254.59,10.415,282.24,-589.83,A2356raw4.mat_Line28225
25,12,0,-256.53,10.382,282.25,-591.71,A2356raw4.mat_Line28226
25,12,0,-258.18,10.337,282.26,-591.41,A2356raw4.mat_Line28227
25,12,0,-256.66,10.282,282.27,-587.98,A2356raw4.mat_Line28228
25,12,0,-254.85,10.241,282.28,-583.77,A2356raw4.mat_Line28229
25,12,0,-251.65,10.192,282.29,-579.87,A2356raw4.mat_Line28230
25,12,0,-247.8,10.12,282.31,-577.35,A2356raw4.mat_Line28232
25,12,0,-249.54,10.04,282.33,-580.94,A2356raw4.mat_Line28234
25,12,0,-251.33,10,282.34,-584.23,A2356raw4.mat_Line28235
25,12,0,-254.17,9.961,282.35,-587.2,A2356raw4.mat_Line28236
25,12,0,-257.07,9.847,282.38,-587.83,A2356raw4.mat_Line28239
25,12,0,-255.39,9.81,282.39,-584.4,A2356raw4.mat_Line28240
25,12,0,-252.56,9.777,282.4,-580.95,A2356raw4.mat_Line28241
25,12,0,-249.95,9.744,282.41,-578.92,A2356raw4.mat_Line28242
25,12,0,-248.26,9.701,282.42,-577.98,A2356raw4.mat_Line28243
25,12,0,-247.39,9.661,282.43,-578.12,A2356raw4.mat_Line28244
25,12,0,-247.93,9.619,282.44,-579.53,A2356raw4.mat_Line28245
25,12,0,-250.17,9.575,282.45,-582.03,A2356raw4.mat_Line28246
25,12,0,-253.47,9.532,282.46,-584.86,A2356raw4.mat_Line28247
25,12,0,-256.1,9.493,282.47,-587.67,A2356raw4.mat_Line28248
25,12,0,-257.85,9.452,282.48,-588.61,A2356raw4.mat_Line28249
25,12,0,-258.04,9.409,282.49,-587.38,A2356raw4.mat_Line28250
25,12,0,-256.81,9.367,282.5,-583.79,A2356raw4.mat_Line28251
25,12,0,-254.08,9.329,282.51,-579.42,A2356raw4.mat_Line28252
25,12,0,-251.45,9.288,282.52,-576.77,A2356raw4.mat_Line28253
25,12,0,-248.63,9.231,282.53,-575.35,A2356raw4.mat_Line28254
25,12,0,-248.15,9.198,282.54,-575.2,A2356raw4.mat_Line28255
25,12,0,-249.04,9.155,282.55,-576.61,A2356raw4.mat_Line28256
25,12,0,-251.12,9.122,282.56,-579.12,A2356raw4.mat_Line28257
25,12,0,-253.81,9.091,282.57,-581.47,A2356raw4.mat_Line28258
25,12,0,-256.25,9.042,282.58,-583.5,A2356raw4.mat_Line28259
25,12,0,-258.26,9.002,282.59,-584.44,A2356raw4.mat_Line28260
25,12,0,-258.95,8.961,282.6,-583.36,A2356raw4.mat_Line28261
25,12,0,-257.78,8.928,282.61,-580.39,A2356raw4.mat_Line28262
25,12,-0,-255.83,8.89,282.62,-576.79,A2356raw4.mat_Line28263
25,12,0,-252.91,8.86,282.63,-574.29,A2356raw4.mat_Line28264
25,12,0,-250.73,8.823,282.64,-573.5,A2356raw4.mat_Line28265
25,12,-0,-249.77,8.784,282.65,-573.33,A2356raw4.mat_Line28266
25,12,0,-249.23,8.736,282.66,-574.59,A2356raw4.mat_Line28267
25,12,-0,-251.08,8.707,282.67,-576.3,A2356raw4.mat_Line28268
25,12,0,-253.64,8.657,282.68,-578.19,A2356raw4.mat_Line28269
25,12,0,-256.07,8.626,282.69,-580.24,A2356raw4.mat_Line28270
25,12,0,-258.06,8.583,282.7,-581.17,A2356raw4.mat_Line28271
25,12,0,-258.54,8.547,282.71,-581.03,A2356raw4.mat_Line28272
25,12,0,-257.55,8.458,282.73,-575.88,A2356raw4.mat_Line28274
25,12,0,-254.85,8.411,282.74,-573.39,A2356raw4.mat_Line28275
25,12,0,-252.62,8.369,282.75,-571.66,A2356raw4.mat_Line28276
25,12,0,-250.56,8.335,282.76,-571.34,A2356raw4.mat_Line28277
25,12,0,-250.68,8.283,282.77,-571.65,A2356raw4.mat_Line28278
25,12,-0,-251.81,8.246,282.78,-572.9,A2356raw4.mat_Line28279
25,12,0,-253.99,8.203,282.79,-574.33,A2356raw4.mat_Line28280
25,12,0,-256.92,8.163,282.8,-576.05,A2356raw4.mat_Line28281
25,12,0,-259.18,8.124,282.81,-577.47,A2356raw4.mat_Line28282
25,12,0,-261.44,8.084,282.82,-577.79,A2356raw4.mat_Line28283
25,12,0,-261.07,8.044,282.83,-576.24,A2356raw4.mat_Line28284
25,12,0,-259.25,8.006,282.84,-573.74,A2356raw4.mat_Line28285
25,12,0,-257.1,7.963,282.85,-570.93,A2356raw4.mat_Line28286
25,12,0,-254.46,7.94,282.86,-568.59,A2356raw4.mat_Line28287
25,12,0,-252.61,7.895,282.87,-567.49,A2356raw4.mat_Line28288
25,12,0,-252.12,7.861,282.88,-567.02,A2356raw4.mat_Line28289
25,12,0,-252.93,7.832,282.89,-567.33,A2356raw4.mat_Line28290
25,12,0,-254.85,7.786,282.9,-568.44,A2356raw4.mat_Line28291
25,12,0,-256.68,7.755,282.91,-569.69,A2356raw4.mat_Line28292
25,12,0,-259.73,7.708,282.92,-570.95,A2356raw4.mat_Line28293
25,12,0,-261.52,7.592,282.95,-568.48,A2356raw4.mat_Line28296
25,12,0,-259.47,7.542,282.96,-565.36,A2356raw4.mat_Line28297
25,12,0,-256.47,7.504,282.97,-562.7,A2356raw4.mat_Line28298
25,12,0,-254.07,7.463,282.98,-560.83,A2356raw4.mat_Line28299
25,12,0,-253.29,7.424,282.99,-559.42,A2356raw4.mat_Line28300
25,12,0,-253.65,7.377,283,-558.96,A2356raw4.mat_Line28301
25,12,0,-255.03,7.335,283.01,-559.12,A2356raw4.mat_Line28302
25,12,0,-257.57,7.294,283.02,-559.92,A2356raw4.mat_Line28303
25,12,0,-263.81,7.172,283.05,-562.29,A2356raw4.mat_Line28306
25,12,0,-260.98,7.095,283.07,-557.62,A2356raw4.mat_Line28308
25,12,0,-258.18,7.061,283.08,-554.35,A2356raw4.mat_Line28309
25,12,-0,-255.33,7.006,283.09,-551.37,A2356raw4.mat_Line28310
25,12,0,-259.91,6.816,283.14,-549.08,A2356raw4.mat_Line28315
25,12,0,-262.23,6.767,283.15,-549.41,A2356raw4.mat_Line28316
25,12,0,-264.34,6.738,283.16,-549.73,A2356raw4.mat_Line28317
25,12,0,-264.6,6.704,283.17,-548.96,A2356raw4.mat_Line28318
25,12,0,-254.91,6.514,283.22,-535.24,A2356raw4.mat_Line28323
25,12,0,-255.35,6.468,283.23,-534,A2356raw4.mat_Line28324
25,12,0,-257.56,6.421,283.24,-533.55,A2356raw4.mat_Line28325
25,12,0,-261.71,6.176,283.3,-529.55,A2356raw4.mat_Line28331
25,12,0,-258.57,6.133,283.31,-525.81,A2356raw4.mat_Line28332
25,12,0,-266.53,5.859,283.38,-518.1,A2356raw4.mat_Line28339
25,12,0,-267.25,5.815,283.39,-517.8,A2356raw4.mat_Line28340
25,12,0,-266.55,5.77,283.4,-515.94,A2356raw4.mat_Line28341
25,12,0,-257.02,5.577,283.45,-499.58,A2356raw4.mat_Line28346
25,12,0,-258.24,5.543,283.46,-498.19,A2356raw4.mat_Line28347
25,12,0,-261.24,5.494,283.47,-498.06,A2356raw4.mat_Line28348
25,12,0,-263.7,5.451,283.48,-498.38,A2356raw4.mat_Line28349
25,12,0,-266.54,5.418,283.49,-499.18,A2356raw4.mat_Line28350
25,12,0,-264.83,5.308,283.52,-495.78,A2356raw4.mat_Line28353
25,12,-0,-261.96,5.268,283.53,-491.71,A2356raw4.mat_Line28354
25,12,0,-259.13,5.234,283.54,-487.82,A2356raw4.mat_Line28355
25,12,0,-257.11,5.181,283.55,-483.45,A2356raw4.mat_Line28356
25,12,0,-257.18,5.145,283.56,-480.5,A2356raw4.mat_Line28357
25,12,0,-257.92,5.1,283.57,-478.65,A2356raw4.mat_Line28358
25,12,0,-268.62,4.94,283.61,-480.6,A2356raw4.mat_Line28362
25,12,0,-268.69,4.891,283.62,-479.99,A2356raw4.mat_Line28363
25,12,0,-267.04,4.857,283.63,-477.33,A2356raw4.mat_Line28364
25,12,0,-264.1,4.813,283.64,-473.75,A2356raw4.mat_Line28365
25,12,0,-263.29,4.575,283.7,-458.06,A2356raw4.mat_Line28371
25,12,0,-268.58,4.49,283.72,-459.04,A2356raw4.mat_Line28373
25,12,0,-256.45,4.264,283.78,-438.95,A2356raw4.mat_Line28379
25,12,0,-258.41,4.195,283.8,-434.3,A2356raw4.mat_Line28381
25,12,0,-267.65,3.989,283.85,-432.52,A2356raw4.mat_Line28386
25,12,0,-264.72,3.948,283.86,-429.1,A2356raw4.mat_Line28387
25,12,0,-260.99,3.906,283.87,-424.41,A2356raw4.mat_Line28388
25,12,0,-257.99,3.879,283.88,-419.41,A2356raw4.mat_Line28389
25,12,0,-263.43,3.663,283.93,-406.44,A2356raw4.mat_Line28394
25,12,0,-268.64,3.58,283.95,-405.39,A2356raw4.mat_Line28396
25,12,0,-267.95,3.55,283.96,-403.69,A2356raw4.mat_Line28397
25,12,0,-265.17,3.495,283.97,-400.41,A2356raw4.mat_Line28398
25,12,0,-256.23,3.341,284.01,-380.32,A2356raw4.mat_Line28402
25,12,0,-256.97,3.293,284.02,-376.92,A2356raw4.mat_Line28403
25,12,0,-259.76,3.252,284.03,-375.08,A2356raw4.mat_Line28404
25,12,0,-262.76,3.216,284.04,-374.03,A2356raw4.mat_Line28405
25,12,0,-266.45,3.173,284.05,-372.96,A2356raw4.mat_Line28406
25,12,0,-263.77,3.016,284.09,-362.87,A2356raw4.mat_Line28410
25,12,0,-260.2,2.973,284.1,-357.41,A2356raw4.mat_Line28411
25,12,0,-257.75,2.94,284.11,-351.64,A2356raw4.mat_Line28412
25,12,0,-256.91,2.895,284.12,-346.51,A2356raw4.mat_Line28413
25,12,0,-257.24,2.861,284.13,-342.64,A2356raw4.mat_Line28414
25,12,0,-266.36,2.754,284.16,-337.14,A2356raw4.mat_Line28417
25,12,0,-268.97,2.721,284.17,-335.77,A2356raw4.mat_Line28418
25,12,0,-270.03,2.681,284.18,-334.06,A2356raw4.mat_Line28419
25,12,-0,-265.11,2.61,284.2,-326.73,A2356raw4.mat_Line28421
25,12,0,-260.9,2.567,284.21,-320.97,A2356raw4.mat_Line28422
25,12,-0,-258.76,2.388,284.25,-300.93,A2356raw4.mat_Line28426
25,12,0,-262.34,2.358,284.26,-298.32,A2356raw4.mat_Line28427
25,12,0,-265.69,2.307,284.27,-296.49,A2356raw4.mat_Line28428
25,12,0,-268.58,2.255,284.28,-294.96,A2356raw4.mat_Line28429
25,12,0,-257.89,2.046,284.33,-273.34,A2356raw4.mat_Line28434
25,12,0,-255.27,2.003,284.34,-266.95,A2356raw4.mat_Line28435
25,12,0,-254.75,1.966,284.35,-261.2,A2356raw4.mat_Line28436
25,12,0,-255.83,1.929,284.36,-257.18,A2356raw4.mat_Line28437
25,12,0,-263.23,1.704,284.42,-241.59,A2356raw4.mat_Line28443
25,12,0,-259.41,1.664,284.43,-235.98,A2356raw4.mat_Line28444
25,12,0,-250.4,0.69,284.67,-126.86,A2356raw4.mat_Line28468
25,12,-0,-256.76,0.37,284.75,-92.65,A2356raw4.mat_Line28476
25,12,0,-253.45,0.338,284.76,-86.88,A2356raw4.mat_Line28477
25,12,0,-249.96,0.123,284.82,-54.9,A2356raw4.mat_Line28483
25,12,0,-252.51,0.082,284.83,-51.52,A2356raw4.mat_Line28484
25,12,0,-254.92,0.039,284.84,-47.5,A2356raw4.mat_Line28485
25,12,0,-254.98,0,284.85,-43.32,A2356raw4.mat_Line28486
25,12,0,-245.48,-0.167,284.89,-18.86,A2356raw4.mat_Line28490
25,12,0,-244.08,-0.195,284.9,-12.5,A2356raw4.mat_Line28491
25,12,0,-243.87,-0.256,284.91,-6.92,A2356raw4.mat_Line28492
25,12,0,-245.25,-0.299,284.92,-1.65,A2356raw4.mat_Line28493
25,12,0,-246.55,-0.342,284.93,2.81,A2356raw4.mat_Line28494
25,12,0,-249.23,-0.391,284.94,7.28,A2356raw4.mat_Line28495
25,12,0,-251.67,-0.523,284.97,22.94,A2356raw4.mat_Line28498
25,12,0,-249.37,-0.577,284.98,29.48,A2356raw4.mat_Line28499
25,12,0,-245.68,-0.61,284.99,36.34,A2356raw4.mat_Line28500
25,12,0,-242.9,-0.641,285,43.04,A2356raw4.mat_Line28501
25,12,-0,-241.37,-0.696,285.01,49.57,A2356raw4.mat_Line28502
25,12,0,-248.83,-0.859,285.06,74.44,A2356raw4.mat_Line28507
25,12,0,-249.63,-0.89,285.07,79.71,A2356raw4.mat_Line28508
25,12,0,-248.92,-0.919,285.08,85.29,A2356raw4.mat_Line28509
25,12,0,-240.14,-1.168,285.15,123.07,A2356raw4.mat_Line28516
25,12,0,-241.83,-1.221,285.16,127.24,A2356raw4.mat_Line28517
25,12,0,-243.44,-1.258,285.17,131.56,A2356raw4.mat_Line28518
25,12,0,-234.47,-1.541,285.23,166.57,A2356raw4.mat_Line28524
25,12,0,-233.18,-1.599,285.24,171.99,A2356raw4.mat_Line28525
25,12,0,-240.09,-1.838,285.3,202.62,A2356raw4.mat_Line28531
25,12,0,-238.86,-1.877,285.31,208.22,A2356raw4.mat_Line28532
25,12,-0,-236.89,-1.91,285.32,213.7,A2356raw4.mat_Line28533
25,12,0,-233.58,-1.939,285.33,218.67,A2356raw4.mat_Line28534
25,12,0,-231.83,-1.989,285.34,223.51,A2356raw4.mat_Line28535
25,12,0,-234,-2.129,285.38,237.88,A2356raw4.mat_Line28539
25,12,0,-236.58,-2.156,285.39,241.75,A2356raw4.mat_Line28540
25,12,-0,-238.96,-2.196,285.4,245.78,A2356raw4.mat_Line28541
25,12,0,-240.2,-2.235,285.41,249.65,A2356raw4.mat_Line28542
25,12,-0,-239.32,-2.279,285.42,253.54,A2356raw4.mat_Line28543
25,12,0,-231.41,-2.4,285.45,264.88,A2356raw4.mat_Line28546
25,12,0,-230.25,-2.435,285.46,269.39,A2356raw4.mat_Line28547
25,12,0,-230.12,-2.48,285.47,273.74,A2356raw4.mat_Line28548
25,12,0,-230.74,-2.527,285.48,278.06,A2356raw4.mat_Line28549
25,12,0,-232.6,-2.569,285.49,282.1,A2356raw4.mat_Line28550
25,12,0,-235.45,-2.609,285.5,285.66,A2356raw4.mat_Line28551
25,12,0,-238.2,-2.647,285.51,288.89,A2356raw4.mat_Line28552
25,12,0,-240.09,-2.696,285.52,292.12,A2356raw4.mat_Line28553
25,12,0,-239.95,-2.728,285.53,295.85,A2356raw4.mat_Line28554
25,12,0,-237.67,-2.776,285.54,298.95,A2356raw4.mat_Line28555
25,12,0,-234.92,-2.815,285.55,303.32,A2356raw4.mat_Line28556
25,12,0,-232.25,-2.852,285.56,307.68,A2356raw4.mat_Line28557
25,12,0,-230.34,-2.891,285.57,312.06,A2356raw4.mat_Line28558
25,12,0,-228.7,-2.934,285.58,317.01,A2356raw4.mat_Line28559
25,12,0,-236.29,-3.104,285.62,330.78,A2356raw4.mat_Line28563
25,12,0,-238.22,-3.124,285.63,333.39,A2356raw4.mat_Line28564
25,12,0,-239.08,-3.17,285.64,335.56,A2356raw4.mat_Line28565
25,12,0,-237.93,-3.206,285.65,338.37,A2356raw4.mat_Line28566
25,12,0,-235.29,-3.249,285.66,341.48,A2356raw4.mat_Line28567
25,12,0,-227.91,-3.406,285.7,358.91,A2356raw4.mat_Line28571
25,12,0,-229.05,-3.451,285.71,362.63,A2356raw4.mat_Line28572
25,12,0,-234.44,-3.534,285.73,366.92,A2356raw4.mat_Line28574
25,12,0,-233.69,-3.736,285.78,378.1,A2356raw4.mat_Line28579
25,12,0,-228.59,-3.81,285.8,387.44,A2356raw4.mat_Line28581
25,12,0,-228.23,-3.863,285.81,392.42,A2356raw4.mat_Line28582
25,12,0,-239.55,-4.063,285.86,400.67,A2356raw4.mat_Line28587
25,12,0,-239.51,-4.096,285.87,402.24,A2356raw4.mat_Line28588
25,12,0,-237.66,-4.136,285.88,404.12,A2356raw4.mat_Line28589
25,12,0,-234.03,-4.177,285.89,407.7,A2356raw4.mat_Line28590
25,12,0,-228.65,-4.33,285.93,424.66,A2356raw4.mat_Line28594
25,12,0,-231.08,-4.374,285.94,426.52,A2356raw4.mat_Line28595
25,12,0,-233.85,-4.406,285.95,426.79,A2356raw4.mat_Line28596
25,12,0,-237.16,-4.454,285.96,427.06,A2356raw4.mat_Line28597
25,12,0,-239.24,-4.489,285.97,427.82,A2356raw4.mat_Line28598
25,12,0,-235.29,-4.616,286,434.52,A2356raw4.mat_Line28601
25,12,0,-231.95,-4.652,286.01,438.9,A2356raw4.mat_Line28602
25,12,0,-227.92,-4.726,286.03,447.32,A2356raw4.mat_Line28604
25,12,0,-228.59,-4.762,286.04,450.12,A2356raw4.mat_Line28605
25,12,0,-230.32,-4.808,286.05,451.5,A2356raw4.mat_Line28606
25,12,0,-233.31,-4.855,286.06,452.07,A2356raw4.mat_Line28607
25,12,0,-236.6,-4.89,286.07,451.89,A2356raw4.mat_Line28608
25,12,0,-239.65,-4.934,286.08,452.32,A2356raw4.mat_Line28609
25,12,0,-240.64,-4.967,286.09,453.4,A2356raw4.mat_Line28610
25,12,0,-239.82,-5.017,286.1,455.28,A2356raw4.mat_Line28611
25,12,0,-237,-5.046,286.11,458.24,A2356raw4.mat_Line28612
25,12,0,-233.65,-5.076,286.12,462.01,A2356raw4.mat_Line28613
25,12,0,-230.36,-5.13,286.13,465.9,A2356raw4.mat_Line28614
25,12,0,-229.21,-5.207,286.15,472.74,A2356raw4.mat_Line28616
25,12,0,-231.14,-5.249,286.16,474.27,A2356raw4.mat_Line28617
25,12,0,-233.71,-5.293,286.17,474.72,A2356raw4.mat_Line28618
25,12,0,-241.53,-5.411,286.2,475.11,A2356raw4.mat_Line28621
25,12,0,-238.17,-5.501,286.22,478.71,A2356raw4.mat_Line28623
25,12,0,-235.21,-5.523,286.23,482,A2356raw4.mat_Line28624
25,12,0,-231.98,-5.565,286.24,485.29,A2356raw4.mat_Line28625
25,12,0,-231,-5.616,286.25,488.87,A2356raw4.mat_Line28626
25,12,0,-230.06,-5.667,286.26,491.36,A2356raw4.mat_Line28627
25,12,0,-233.55,-5.74,286.28,492.86,A2356raw4.mat_Line28629
25,12,0,-236.04,-5.779,286.29,492.65,A2356raw4.mat_Line28630
25,12,0,-239.53,-5.822,286.3,492.64,A2356raw4.mat_Line28631
25,12,0,-241.86,-5.866,286.31,493.41,A2356raw4.mat_Line28632
25,12,0,-241.19,-5.902,286.32,494.49,A2356raw4.mat_Line28633
25,12,0,-239.37,-5.933,286.33,496.22,A2356raw4.mat_Line28634
25,12,0,-236.38,-5.971,286.34,498.74,A2356raw4.mat_Line28635
25,12,0,-233.83,-6.012,286.35,501.72,A2356raw4.mat_Line28636
25,12,0,-231.4,-6.055,286.36,504.68,A2356raw4.mat_Line28637
25,12,0,-230.63,-6.081,286.37,507.15,A2356raw4.mat_Line28638
25,12,0,-233.14,-6.17,286.39,509.46,A2356raw4.mat_Line28640
25,12,0,-235.78,-6.211,286.4,509.27,A2356raw4.mat_Line28641
25,12,0,-238.72,-6.247,286.41,508.76,A2356raw4.mat_Line28642
25,12,0,-241.27,-6.32,286.43,510.47,A2356raw4.mat_Line28644
25,12,0,-240,-6.369,286.44,512.19,A2356raw4.mat_Line28645
25,12,0,-232.58,-6.624,286.5,523.88,A2356raw4.mat_Line28651
25,12,0,-234.82,-6.649,286.51,523.23,A2356raw4.mat_Line28652
25,12,0,-239.94,-6.732,286.53,523.34,A2356raw4.mat_Line28654
25,12,0,-240.93,-6.762,286.54,524.43,A2356raw4.mat_Line28655
25,12,0,-239.99,-6.81,286.55,525.83,A2356raw4.mat_Line28656
25,12,0,-237.87,-6.856,286.56,527.73,A2356raw4.mat_Line28657
25,12,0,-232.5,-6.933,286.58,531.95,A2356raw4.mat_Line28659
25,12,0,-231.06,-6.974,286.59,534.13,A2356raw4.mat_Line28660
25,12,0,-231.14,-7.012,286.6,535.53,A2356raw4.mat_Line28661
25,12,0,-232.34,-7.047,286.61,536.43,A2356raw4.mat_Line28662
25,12,0,-234.88,-7.092,286.62,536.25,A2356raw4.mat_Line28663
25,12,0,-239.6,-7.171,286.64,536.68,A2356raw4.mat_Line28665
25,12,-0,-241.22,-7.206,286.65,537.46,A2356raw4.mat_Line28666
25,12,0,-240.41,-7.246,286.66,538.39,A2356raw4.mat_Line28667
25,12,0,-239.54,-7.287,286.67,539.97,A2356raw4.mat_Line28668
25,12,0,-236.25,-7.329,286.68,541.39,A2356raw4.mat_Line28669
25,12,0,-233.26,-7.374,286.69,543.43,A2356raw4.mat_Line28670
25,12,0,-232,-7.41,286.7,545.29,A2356raw4.mat_Line28671
25,12,0,-232.68,-7.491,286.72,547.44,A2356raw4.mat_Line28673
25,12,0,-234.71,-7.53,286.73,547.59,A2356raw4.mat_Line28674
25,12,0,-237.57,-7.584,286.74,547.56,A2356raw4.mat_Line28675
25,12,0,-239.5,-7.62,286.75,548.16,A2356raw4.mat_Line28676
25,12,0,-241.23,-7.693,286.77,548.77,A2356raw4.mat_Line28678
25,12,0,-233.31,-7.889,286.82,555.99,A2356raw4.mat_Line28683
25,12,0,-233.43,-7.935,286.83,556.9,A2356raw4.mat_Line28684
25,12,0,-234.39,-7.978,286.84,557.68,A2356raw4.mat_Line28685
25,12,0,-236.39,-8,286.85,557.65,A2356raw4.mat_Line28686
25,12,0,-238.87,-8.21,286.9,558.11,A2356raw4.mat_Line28691
25,12,0,-236.63,-8.254,286.91,559.08,A2356raw4.mat_Line28692
25,12,0,-234.64,-8.302,286.92,560.79,A2356raw4.mat_Line28693
25,12,0,-234.06,-8.342,286.93,562.81,A2356raw4.mat_Line28694
25,12,0,-236.23,-8.458,286.96,566.33,A2356raw4.mat_Line28697
25,12,0,-238.42,-8.491,286.97,566.62,A2356raw4.mat_Line28698
25,12,0,-240.59,-8.534,286.98,566.46,A2356raw4.mat_Line28699
25,12,0,-241.18,-8.574,286.99,565.68,A2356raw4.mat_Line28700
25,12,0,-241.35,-8.614,287,565.06,A2356raw4.mat_Line28701
25,12,0,-240.34,-8.653,287.01,564.31,A2356raw4.mat_Line28702
25,12,0,-238.57,-8.697,287.02,564.95,A2356raw4.mat_Line28703
25,12,0,-237.48,-8.728,287.03,566.51,A2356raw4.mat_Line28704
25,12,0,-235.51,-8.783,287.04,568.36,A2356raw4.mat_Line28705
25,12,0,-235.32,-8.816,287.05,570.54,A2356raw4.mat_Line28706
25,12,0,-235.77,-8.846,287.06,572.23,A2356raw4.mat_Line28707
25,12,0,-236.58,-8.886,287.07,573,A2356raw4.mat_Line28708
25,12,0,-240.19,-8.98,287.09,572.66,A2356raw4.mat_Line28710
25,12,0,-242.5,-9.009,287.1,571.26,A2356raw4.mat_Line28711
25,12,0,-242.79,-9.056,287.11,570.32,A2356raw4.mat_Line28712
25,12,0,-241.82,-9.089,287.12,569.56,A2356raw4.mat_Line28713
25,12,0,-240.73,-9.132,287.13,569.73,A2356raw4.mat_Line28714
25,12,0,-238.83,-9.175,287.14,570.84,A2356raw4.mat_Line28715
25,12,0,-237.01,-9.212,287.15,573.33,A2356raw4.mat_Line28716
25,12,0,-236.76,-9.254,287.16,575.82,A2356raw4.mat_Line28717
25,12,0,-236.69,-9.287,287.17,577.36,A2356raw4.mat_Line28718
25,12,-0,-237.51,-9.337,287.18,578.28,A2356raw4.mat_Line28719
25,12,0,-238.45,-9.374,287.19,578.09,A2356raw4.mat_Line28720
25,12,0,-240.65,-9.41,287.2,577.78,A2356raw4.mat_Line28721
25,12,0,-242.29,-9.449,287.21,576.67,A2356raw4.mat_Line28722
25,12,-0,-243.76,-9.494,287.22,575.29,A2356raw4.mat_Line28723
25,12,0,-243.07,-9.532,287.23,574.52,A2356raw4.mat_Line28724
25,12,0,-242.1,-9.576,287.24,574.07,A2356raw4.mat_Line28725
25,12,0,-239.94,-9.615,287.25,574.7,A2356raw4.mat_Line28726
25,12,0,-237.55,-9.693,287.27,578.58,A2356raw4.mat_Line28728
25,12,0,-237.31,-9.736,287.28,580.3,A2356raw4.mat_Line28729
25,12,0,-237.94,-9.775,287.29,581.68,A2356raw4.mat_Line28730
25,12,0,-239.17,-9.807,287.3,581.82,A2356raw4.mat_Line28731
25,12,0,-242.12,-9.89,287.32,580.87,A2356raw4.mat_Line28733
25,12,0,-243.18,-9.937,287.33,579.46,A2356raw4.mat_Line28734
25,12,0,-241.33,-10.053,287.36,578.42,A2356raw4.mat_Line28737
25,12,0,-239.51,-10.084,287.37,579.52,A2356raw4.mat_Line28738
25,12,0,-238.81,-10.13,287.38,581.07,A2356raw4.mat_Line28739
25,12,0,-238.47,-10.182,287.39,582.93,A2356raw4.mat_Line28740
25,12,0,-238.46,-10.219,287.4,584.29,A2356raw4.mat_Line28741
25,12,0,-239.59,-10.252,287.41,584.93,A2356raw4.mat_Line28742
25,12,0,-240.7,-10.286,287.42,585.22,A2356raw4.mat_Line28743
25,12,0,-244.75,-10.381,287.44,583.48,A2356raw4.mat_Line28745
25,12,0,-244.28,-10.408,287.45,581.78,A2356raw4.mat_Line28746
25,12,0,-244.18,-10.458,287.46,580.71,A2356raw4.mat_Line28747
25,12,0,-242.33,-10.492,287.47,580.26,A2356raw4.mat_Line28748
25,12,0,-241.53,-10.531,287.48,580.9,A2356raw4.mat_Line28749
25,12,0,-240.2,-10.58,287.49,581.99,A2356raw4.mat_Line28750
25,12,0,-239.55,-10.621,287.5,584.32,A2356raw4.mat_Line28751
25,12,0,-239.59,-10.65,287.51,586.17,A2356raw4.mat_Line28752
25,12,0,-240.4,-10.703,287.52,587.25,A2356raw4.mat_Line28753
25,12,0,-241.42,-10.733,287.53,587.53,A2356raw4.mat_Line28754
25,12,-0,-243.24,-10.78,287.54,587.38,A2356raw4.mat_Line28755
25,12,0,-244.55,-10.816,287.55,586.12,A2356raw4.mat_Line28756
25,12,0,-245.46,-10.852,287.56,584.26,A2356raw4.mat_Line28757
25,12,0,-245.2,-10.895,287.57,582.41,A2356raw4.mat_Line28758
25,12,0,-244.35,-10.931,287.58,581.33,A2356raw4.mat_Line28759
25,12,0,-243.15,-10.965,287.59,581.5,A2356raw4.mat_Line28760
25,12,0,-242.38,-11.006,287.6,582.44,A2356raw4.mat_Line28761
25,12,0,-241.76,-11.061,287.61,584.45,A2356raw4.mat_Line28762
25,12,-0,-241.13,-11.094,287.62,586.16,A2356raw4.mat_Line28763
25,12,0,-241.58,-11.124,287.63,587.24,A2356raw4.mat_Line28764
25,12,0,-241.75,-11.161,287.64,588.31,A2356raw4.mat_Line28765
25,12,0,-243.6,-11.197,287.65,587.98,A2356raw4.mat_Line28766
25,12,0,-244.62,-11.248,287.66,587.36,A2356raw4.mat_Line28767
25,12,0,-246.28,-11.323,287.68,583.78,A2356raw4.mat_Line28769
25,12,-0,-246,-11.376,287.69,581.79,A2356raw4.mat_Line28770
25,12,0,-244.61,-11.412,287.7,581.33,A2356raw4.mat_Line28771
25,12,0,-243.16,-11.44,287.71,581.81,A2356raw4.mat_Line28772
25,12,0,-242.36,-11.488,287.72,583.21,A2356raw4.mat_Line28773
25,12,0,-242.15,-11.533,287.73,585.23,A2356raw4.mat_Line28774
25,12,0,-245.36,-11.695,287.77,586.1,A2356raw4.mat_Line28778
25,12,0,-246.62,-11.728,287.78,585.01,A2356raw4.mat_Line28779
25,12,0,-247.07,-11.767,287.79,583.3,A2356raw4.mat_Line28780
25,12,0,-246.85,-11.81,287.8,581.61,A2356raw4.mat_Line28781
25,12,0,-244.75,-11.983,287.87,585.15,A2356raw4.mat_Line28788
25,12,0,-246.88,-12.009,287.92,583.93,A2356raw4.mat_Line28793
25,12,0,-246.35,-12.013,287.93,582.86,A2356raw4.mat_Line28794
25,12,0,-245.47,-12.007,287.94,582.24,A2356raw4.mat_Line28795
25,12,0,-245.67,-12,287.95,582.09,A2356raw4.mat_Line28796
25,12,0,-245.62,-11.977,287.96,582.4,A2356raw4.mat_Line28797
25,12,0,-245.62,-11.972,287.97,583,A2356raw4.mat_Line28798
25,12,0,-246.19,-11.96,287.98,584.25,A2356raw4.mat_Line28799
25,12,0,-247.34,-11.96,287.99,585.17,A2356raw4.mat_Line28800
25,12,0,-248.02,-11.937,288,585.63,A2356raw4.mat_Line28801
25,12,0,-249.49,-11.947,288.01,585.49,A2356raw4.mat_Line28802
25,12,0,-248.63,-11.929,288.02,583.78,A2356raw4.mat_Line28803
25,12,0,-247.9,-11.936,288.03,581.93,A2356raw4.mat_Line28804
25,12,0,-247.12,-11.927,288.04,580.39,A2356raw4.mat_Line28805
25,12,0,-246.02,-11.94,288.05,579.93,A2356raw4.mat_Line28806
25,12,0,-245.41,-11.931,288.08,582.86,A2356raw4.mat_Line28809
25,12,-0,-245.94,-11.939,288.09,583.8,A2356raw4.mat_Line28810
25,12,0,-247,-11.93,288.1,584.24,A2356raw4.mat_Line28811
25,12,0,-248.09,-11.914,288.11,584.55,A2356raw4.mat_Line28812
25,12,0,-249.13,-11.896,288.12,584.07,A2356raw4.mat_Line28813
25,12,0,-245.61,-11.731,288.17,580.37,A2356raw4.mat_Line28818
25,12,0,-245.37,-11.672,288.18,581.3,A2356raw4.mat_Line28819
25,12,0,-245.33,-11.634,288.19,582.23,A2356raw4.mat_Line28820
25,12,0,-245.36,-11.576,288.2,582.85,A2356raw4.mat_Line28821
25,12,0,-248.02,-11.303,288.25,581.76,A2356raw4.mat_Line28826
25,12,0,-247.43,-11.27,288.26,580.23,A2356raw4.mat_Line28827
25,12,0,-245.82,-11.187,288.28,577.92,A2356raw4.mat_Line28829
25,12,0,-245.52,-11.009,288.33,584.26,A2356raw4.mat_Line28834
25,12,0,-246.95,-10.982,288.34,584.57,A2356raw4.mat_Line28835
25,12,0,-247.89,-10.955,288.35,582.86,A2356raw4.mat_Line28836
25,12,0,-245.05,-10.764,288.41,579.48,A2356raw4.mat_Line28842
25,12,0,-245.41,-10.724,288.42,581.33,A2356raw4.mat_Line28843
25,12,0,-245.37,-10.673,288.43,582.1,A2356raw4.mat_Line28844
25,12,0,-246.4,-10.643,288.44,582.08,A2356raw4.mat_Line28845
25,12,0,-247.33,-10.593,288.45,581.6,A2356raw4.mat_Line28846
25,12,0,-248.65,-10.455,288.48,577.88,A2356raw4.mat_Line28849
25,12,0,-247.29,-10.412,288.49,577.44,A2356raw4.mat_Line28850
25,12,0,-245.9,-10.365,288.5,577.61,A2356raw4.mat_Line28851
25,12,0,-244.97,-10.319,288.51,578.24,A2356raw4.mat_Line28852
25,12,0,-244.53,-10.266,288.52,579.34,A2356raw4.mat_Line28853
25,12,0,-245.16,-10.225,288.53,580.43,A2356raw4.mat_Line28854
25,12,0,-244.59,-10.186,288.54,580.4,A2356raw4.mat_Line28855
25,12,0,-248.1,-10.049,288.57,579.75,A2356raw4.mat_Line28858
25,12,0,-248.38,-10.013,288.58,579.12,A2356raw4.mat_Line28859
25,12,0,-248.42,-9.981,288.59,578.36,A2356raw4.mat_Line28860
25,12,0,-245.92,-9.908,288.61,577.94,A2356raw4.mat_Line28862
25,12,0,-245.05,-9.874,288.62,577.79,A2356raw4.mat_Line28863
25,12,0,-244.64,-9.841,288.63,578.24,A2356raw4.mat_Line28864
25,12,0,-245.17,-9.808,288.64,578.55,A2356raw4.mat_Line28865
25,12,0,-246.36,-9.784,288.65,578.39,A2356raw4.mat_Line28866
25,12,0,-246.52,-9.741,288.66,578.67,A2356raw4.mat_Line28867
25,12,-0,-248.06,-9.714,288.67,578.83,A2356raw4.mat_Line28868
25,12,0,-248.4,-9.676,288.68,578.8,A2356raw4.mat_Line28869
25,12,-0,-249.25,-9.632,288.69,578.66,A2356raw4.mat_Line28870
25,12,0,-248.8,-9.596,288.7,578.18,A2356raw4.mat_Line28871
25,12,0,-247.98,-9.567,288.71,577.74,A2356raw4.mat_Line28872
25,12,0,-247.01,-9.512,288.72,576.98,A2356raw4.mat_Line28873
25,12,0,-246.07,-9.47,288.73,576.99,A2356raw4.mat_Line28874
25,12,0,-245.71,-9.42,288.74,576.68,A2356raw4.mat_Line28875
25,12,0,-245.84,-9.376,288.75,576.52,A2356raw4.mat_Line28876
25,12,0,-246.48,-9.331,288.76,576.37,A2356raw4.mat_Line28877
25,12,0,-246.63,-9.291,288.77,576.04,A2356raw4.mat_Line28878
25,12,0,-247.67,-9.24,288.78,576.19,A2356raw4.mat_Line28879
25,12,0,-250.1,-9.142,288.8,576.01,A2356raw4.mat_Line28881
25,12,0,-249.6,-9.106,288.81,575.71,A2356raw4.mat_Line28882
25,12,0,-248.34,-9.031,288.83,574.03,A2356raw4.mat_Line28884
25,12,0,-246.64,-8.988,288.84,573.44,A2356raw4.mat_Line28885
25,12,0,-248.23,-8.796,288.89,573.38,A2356raw4.mat_Line28890
25,12,0,-248.95,-8.771,288.9,573.23,A2356raw4.mat_Line28891
25,12,-0,-250.14,-8.741,288.91,573.23,A2356raw4.mat_Line28892
25,12,0,-250.29,-8.697,288.92,572.91,A2356raw4.mat_Line28893
25,12,0,-247.04,-8.509,288.97,570.17,A2356raw4.mat_Line28898
25,12,0,-247.11,-8.469,288.98,569.83,A2356raw4.mat_Line28899
25,12,0,-247.68,-8.435,288.99,569.52,A2356raw4.mat_Line28900
25,12,0,-248.69,-8.378,289,569.67,A2356raw4.mat_Line28901
25,12,0,-248.82,-8.113,289.06,567.06,A2356raw4.mat_Line28907
25,12,0,-248.09,-8.064,289.07,566.62,A2356raw4.mat_Line28908
25,12,0,-253.85,-7.789,289.14,563.29,A2356raw4.mat_Line28915
25,12,0,-253.08,-7.763,289.15,562.68,A2356raw4.mat_Line28916
25,12,0,-251.29,-7.518,289.22,558.96,A2356raw4.mat_Line28923
25,12,0,-252.66,-7.473,289.23,557.84,A2356raw4.mat_Line28924
25,12,0,-251.63,-7.173,289.3,553.55,A2356raw4.mat_Line28931
25,12,0,-251.82,-7.122,289.31,552.61,A2356raw4.mat_Line28932
25,12,0,-257.78,-6.886,289.37,547.29,A2356raw4.mat_Line28938
25,12,0,-257.5,-6.833,289.38,546.68,A2356raw4.mat_Line28939
25,12,0,-255.59,-6.804,289.39,544.98,A2356raw4.mat_Line28940
25,12,0,-254.39,-6.768,289.4,543.6,A2356raw4.mat_Line28941
25,12,0,-257.93,-6.536,289.46,537.34,A2356raw4.mat_Line28947
25,12,0,-259.23,-6.503,289.47,536.56,A2356raw4.mat_Line28948
25,12,0,-255.68,-6.226,289.54,526.98,A2356raw4.mat_Line28955
25,12,0,-256.35,-6.168,289.55,525.57,A2356raw4.mat_Line28956
25,12,-0,-260.74,-5.929,289.61,516.1,A2356raw4.mat_Line28962
25,12,0,-258.98,-5.886,289.62,513.62,A2356raw4.mat_Line28963
25,12,0,-257.39,-5.843,289.63,512.08,A2356raw4.mat_Line28964
25,12,0,-262.83,-5.607,289.69,504.28,A2356raw4.mat_Line28970
25,12,0,-264.31,-5.574,289.7,502.26,A2356raw4.mat_Line28971
25,12,0,-263.96,-5.527,289.71,499.92,A2356raw4.mat_Line28972
25,12,0,-263.04,-5.495,289.72,497.77,A2356raw4.mat_Line28973
25,12,0,-257.03,-5.334,289.76,493,A2356raw4.mat_Line28977
25,12,0,-256.97,-5.296,289.77,492.22,A2356raw4.mat_Line28978
25,12,0,-258.1,-5.252,289.78,490.98,A2356raw4.mat_Line28979
25,12,-0,-260.24,-5.218,289.79,489.1,A2356raw4.mat_Line28980
25,12,0,-262.51,-5.169,289.8,486.75,A2356raw4.mat_Line28981
25,12,0,-264.12,-5.134,289.81,484.41,A2356raw4.mat_Line28982
25,12,0,-264.77,-5.087,289.82,482.23,A2356raw4.mat_Line28983
25,12,0,-263.98,-5.064,289.83,480.08,A2356raw4.mat_Line28984
25,12,0,-262.2,-5.008,289.84,478.07,A2356raw4.mat_Line28985
25,12,0,-259.7,-4.981,289.85,476.55,A2356raw4.mat_Line28986
25,12,0,-256.64,-4.905,289.87,474.38,A2356raw4.mat_Line28988
25,12,0,-256.77,-4.86,289.88,473.3,A2356raw4.mat_Line28989
25,12,0,-257.84,-4.818,289.89,471.89,A2356raw4.mat_Line28990
25,12,0,-260.21,-4.769,289.9,470.17,A2356raw4.mat_Line28991
25,12,0,-262.51,-4.742,289.91,467.68,A2356raw4.mat_Line28992
25,12,0,-265.08,-4.702,289.92,465.33,A2356raw4.mat_Line28993
25,12,0,-266.47,-4.662,289.93,462.54,A2356raw4.mat_Line28994
25,12,0,-264.93,-4.609,289.94,460.07,A2356raw4.mat_Line28995
25,12,0,-262.81,-4.585,289.95,457.76,A2356raw4.mat_Line28996
25,12,0,-260.72,-4.542,289.96,455.61,A2356raw4.mat_Line28997
25,12,0,-258.23,-4.499,289.97,454.38,A2356raw4.mat_Line28998
25,12,0,-257.31,-4.462,289.98,453.62,A2356raw4.mat_Line28999
25,12,-0,-256.8,-4.414,289.99,452.38,A2356raw4.mat_Line29000
25,12,0,-257.91,-4.377,290,450.97,A2356raw4.mat_Line29001
25,12,0,-259.74,-4.338,290.01,448.46,A2356raw4.mat_Line29002
25,12,0,-262.47,-4.303,290.02,445.96,A2356raw4.mat_Line29003
25,12,0,-265.04,-4.254,290.03,442.69,A2356raw4.mat_Line29004
25,12,0,-265.67,-4.177,290.05,436.94,A2356raw4.mat_Line29006
25,12,0,-263.52,-4.141,290.06,434.65,A2356raw4.mat_Line29007
25,12,0,-261.15,-4.088,290.07,432.5,A2356raw4.mat_Line29008
25,12,-0,-258.59,-4.053,290.08,430.81,A2356raw4.mat_Line29009
25,12,0,-256.42,-3.972,290.1,427.4,A2356raw4.mat_Line29011
25,12,0,-257.66,-3.936,290.11,425.22,A2356raw4.mat_Line29012
25,12,0,-259.79,-3.91,290.12,423.04,A2356raw4.mat_Line29013
25,12,0,-262.33,-3.863,290.13,419.91,A2356raw4.mat_Line29014
25,12,0,-265.51,-3.813,290.14,416.63,A2356raw4.mat_Line29015
25,12,0,-266.76,-3.774,290.15,413.05,A2356raw4.mat_Line29016
25,12,0,-266.79,-3.736,290.16,410.11,A2356raw4.mat_Line29017
25,12,0,-263.87,-3.695,290.17,407.18,A2356raw4.mat_Line29018
25,12,0,-261.6,-3.654,290.18,404.87,A2356raw4.mat_Line29019
25,12,0,-258.77,-3.614,290.19,402.89,A2356raw4.mat_Line29020
25,12,0,-256.5,-3.579,290.2,401.19,A2356raw4.mat_Line29021
25,12,0,-257.93,-3.462,290.23,394.66,A2356raw4.mat_Line29024
25,12,0,-261.45,-3.409,290.24,391.23,A2356raw4.mat_Line29025
25,12,0,-264.31,-3.375,290.25,387.02,A2356raw4.mat_Line29026
25,12,0,-266.61,-3.335,290.26,382.97,A2356raw4.mat_Line29027
25,12,0,-266.4,-3.299,290.27,378.61,A2356raw4.mat_Line29028
25,12,0,-265.18,-3.253,290.28,375.69,A2356raw4.mat_Line29029
25,12,0,-257.63,-3.13,290.31,370.01,A2356raw4.mat_Line29032
25,12,0,-256.41,-3.094,290.32,368.32,A2356raw4.mat_Line29033
25,12,0,-256.65,-3.057,290.33,366.3,A2356raw4.mat_Line29034
25,12,0,-257.89,-3.023,290.34,362.86,A2356raw4.mat_Line29035
25,12,0,-261.17,-2.978,290.35,358.81,A2356raw4.mat_Line29036
25,12,0,-266.91,-2.828,290.39,340.61,A2356raw4.mat_Line29040
25,12,0,-264.38,-2.778,290.4,338,A2356raw4.mat_Line29041
25,12,0,-261.4,-2.736,290.41,335.54,A2356raw4.mat_Line29042
25,12,0,-258.67,-2.708,290.42,334.02,A2356raw4.mat_Line29043
25,12,0,-256.86,-2.665,290.43,331.86,A2356raw4.mat_Line29044
25,12,0,-256.88,-2.629,290.44,329.38,A2356raw4.mat_Line29045
25,12,0,-264.77,-2.493,290.47,316.28,A2356raw4.mat_Line29048
25,12,0,-268.18,-2.468,290.48,310.83,A2356raw4.mat_Line29049
25,12,0,-268.9,-2.415,290.49,305.08,A2356raw4.mat_Line29050
25,12,0,-267.87,-2.378,290.5,300.89,A2356raw4.mat_Line29051
25,12,0,-266.2,-2.347,290.51,297.52,A2356raw4.mat_Line29052
25,12,0,-260.02,-2.099,290.57,280.8,A2356raw4.mat_Line29058
25,12,0,-263.8,-2.067,290.58,275.04,A2356raw4.mat_Line29059
25,12,0,-265.97,-1.44,290.73,206.62,A2356raw4.mat_Line29074
25,12,0,-262.16,-1.406,290.74,203.23,A2356raw4.mat_Line29075
25,12,-0,-264.18,-1.135,290.81,175.46,A2356raw4.mat_Line29082
25,12,0,-253.48,-0.878,290.88,145.91,A2356raw4.mat_Line29089
25,12,0,-253.72,-0.85,290.89,142.82,A2356raw4.mat_Line29090
25,12,0,-254.94,-0.796,290.9,137.68,A2356raw4.mat_Line29091
25,12,0,-258.33,-0.77,290.91,131.76,A2356raw4.mat_Line29092
25,12,0,-264.08,-0.606,290.95,105.17,A2356raw4.mat_Line29096
25,12,0,-261.33,-0.554,290.96,100.56,A2356raw4.mat_Line29097
25,12,0,-257.34,-0.512,290.97,97.02,A2356raw4.mat_Line29098
25,12,0,-252.36,-0.417,290.99,91.49,A2356raw4.mat_Line29100
25,12,0,-261.35,-0.193,291.04,60.23,A2356raw4.mat_Line29105
25,12,0,-257.18,1.369,414.14,-159.83,A2356raw4.mat_Line41415
25,12,0,-255.68,1.412,414.15,-164.48,A2356raw4.mat_Line41416
25,12,0,-252.68,1.443,414.16,-168.31,A2356raw4.mat_Line41417
25,12,0,-249.7,1.486,414.17,-171.7,A2356raw4.mat_Line41418
25,12,0,-247.21,1.526,414.18,-175.09,A2356raw4.mat_Line41419
25,12,0,-247.65,1.647,414.21,-188.75,A2356raw4.mat_Line41422
25,12,0,-249.41,1.678,414.22,-194.51,A2356raw4.mat_Line41423
25,12,0,-251.84,1.73,414.23,-200.42,A2356raw4.mat_Line41424
25,12,0,-253.7,1.77,414.24,-205.86,A2356raw4.mat_Line41425
25,12,0,-254.26,1.811,414.25,-210.67,A2356raw4.mat_Line41426
25,12,0,-244.37,1.963,414.29,-225.46,A2356raw4.mat_Line41430
25,12,0,-243.61,2.092,414.32,-237.88,A2356raw4.mat_Line41433
25,12,0,-245.83,2.136,414.33,-243.32,A2356raw4.mat_Line41434
25,12,0,-250.75,2.255,414.36,-258.57,A2356raw4.mat_Line41437
25,12,-0,-249.58,2.291,414.37,-262.42,A2356raw4.mat_Line41438
25,12,0,-247.38,2.341,414.38,-265.5,A2356raw4.mat_Line41439
25,12,0,-244.29,2.39,414.39,-268.13,A2356raw4.mat_Line41440
25,12,0,-242.09,2.43,414.4,-270.58,A2356raw4.mat_Line41441
25,12,-0,-240.08,2.479,414.41,-273.66,A2356raw4.mat_Line41442
25,12,0,-243.43,2.587,414.44,-286.74,A2356raw4.mat_Line41445
25,12,0,-245.4,2.618,414.45,-292.19,A2356raw4.mat_Line41446
25,12,0,-247,2.669,414.46,-297.18,A2356raw4.mat_Line41447
25,12,0,-247.26,2.695,414.47,-301.36,A2356raw4.mat_Line41448
25,12,0,-246.83,2.732,414.48,-304.75,A2356raw4.mat_Line41449
25,12,0,-236.71,2.867,414.52,-313.82,A2356raw4.mat_Line41453
25,12,0,-236.22,2.907,414.53,-316.59,A2356raw4.mat_Line41454
25,12,0,-239.99,3.04,414.56,-328.12,A2356raw4.mat_Line41457
25,12,0,-241.76,3.073,414.57,-332.32,A2356raw4.mat_Line41458
25,12,0,-242.24,3.205,414.6,-342.22,A2356raw4.mat_Line41461
25,12,0,-239.97,3.25,414.61,-344.37,A2356raw4.mat_Line41462
25,12,0,-236.65,3.289,414.62,-346.52,A2356raw4.mat_Line41463
25,12,0,-234.79,3.338,414.63,-348.68,A2356raw4.mat_Line41464
25,12,0,-233.4,3.384,414.64,-351.48,A2356raw4.mat_Line41465
25,12,0,-238.96,3.544,414.68,-366.41,A2356raw4.mat_Line41469
25,12,0,-241.31,3.583,414.69,-370.46,A2356raw4.mat_Line41470
25,12,0,-241.8,3.621,414.7,-374.33,A2356raw4.mat_Line41471
25,12,-0,-241.75,3.658,414.71,-378.19,A2356raw4.mat_Line41472
25,12,0,-236.93,3.747,414.73,-383,A2356raw4.mat_Line41474
25,12,0,-233.18,3.859,414.76,-387.47,A2356raw4.mat_Line41477
25,12,0,-234.09,3.892,414.77,-389.64,A2356raw4.mat_Line41478
25,12,0,-236.64,3.936,414.78,-392.91,A2356raw4.mat_Line41479
25,12,0,-242.41,4.004,414.8,-402.25,A2356raw4.mat_Line41481
25,12,0,-244.35,4.036,414.81,-407.07,A2356raw4.mat_Line41482
25,12,0,-244.21,4.092,414.82,-411.27,A2356raw4.mat_Line41483
25,12,0,-242.45,4.127,414.83,-414.53,A2356raw4.mat_Line41484
25,12,0,-239.3,4.171,414.84,-415.75,A2356raw4.mat_Line41485
25,12,0,-236.25,4.207,414.85,-416.36,A2356raw4.mat_Line41486
25,12,0,-234.49,4.247,414.86,-415.72,A2356raw4.mat_Line41487
25,12,0,-233.91,4.278,414.87,-416.47,A2356raw4.mat_Line41488
25,12,0,-234.75,4.321,414.88,-418.03,A2356raw4.mat_Line41489
25,12,0,-237.61,4.363,414.89,-421.45,A2356raw4.mat_Line41490
25,12,-0,-239.79,4.416,414.9,-426.11,A2356raw4.mat_Line41491
25,12,0,-243.43,4.447,414.91,-431.56,A2356raw4.mat_Line41492
25,12,0,-245.64,4.479,414.92,-436.86,A2356raw4.mat_Line41493
25,12,-0,-246.21,4.533,414.93,-441.36,A2356raw4.mat_Line41494
25,12,0,-244.68,4.572,414.94,-444.17,A2356raw4.mat_Line41495
25,12,0,-241.38,4.612,414.95,-445.08,A2356raw4.mat_Line41496
25,12,0,-238.06,4.649,414.96,-444.9,A2356raw4.mat_Line41497
25,12,0,-235.33,4.691,414.97,-443.63,A2356raw4.mat_Line41498
25,12,0,-234.04,4.738,414.98,-442.98,A2356raw4.mat_Line41499
25,12,0,-234.66,4.777,414.99,-443.75,A2356raw4.mat_Line41500
25,12,0,-236.55,4.815,415,-446.7,A2356raw4.mat_Line41501
25,12,0,-241.86,4.901,415.02,-457.3,A2356raw4.mat_Line41503
25,12,0,-245.41,4.954,415.03,-463.07,A2356raw4.mat_Line41504
25,12,0,-246.49,4.981,415.04,-468.06,A2356raw4.mat_Line41505
25,12,0,-245.75,5.026,415.05,-471.31,A2356raw4.mat_Line41506
25,12,0,-243.55,5.06,415.06,-471.91,A2356raw4.mat_Line41507
25,12,0,-234.5,5.183,415.09,-466.88,A2356raw4.mat_Line41510
25,12,0,-233.67,5.221,415.1,-467.01,A2356raw4.mat_Line41511
25,12,0,-235.43,5.268,415.11,-469.18,A2356raw4.mat_Line41512
25,12,0,-237.98,5.298,415.12,-474.34,A2356raw4.mat_Line41513
25,12,0,-241.71,5.345,415.13,-480.57,A2356raw4.mat_Line41514
25,12,0,-245.25,5.378,415.14,-486.8,A2356raw4.mat_Line41515
25,12,0,-246.77,5.42,415.15,-492.56,A2356raw4.mat_Line41516
25,12,-0,-246.89,5.457,415.16,-495.19,A2356raw4.mat_Line41517
25,12,0,-244.27,5.5,415.17,-495.34,A2356raw4.mat_Line41518
25,12,0,-240.43,5.538,415.18,-493.44,A2356raw4.mat_Line41519
25,12,0,-236.73,5.58,415.19,-490,A2356raw4.mat_Line41520
25,12,0,-234.24,5.619,415.2,-487.34,A2356raw4.mat_Line41521
25,12,0,-233.36,5.654,415.21,-486.55,A2356raw4.mat_Line41522
25,12,0,-235.04,5.706,415.22,-488.87,A2356raw4.mat_Line41523
25,12,0,-237.7,5.733,415.23,-493.7,A2356raw4.mat_Line41524
25,12,0,-241.68,5.775,415.24,-500.42,A2356raw4.mat_Line41525
25,12,0,-244.9,5.816,415.25,-507.43,A2356raw4.mat_Line41526
25,12,0,-247.05,5.858,415.26,-513.19,A2356raw4.mat_Line41527
25,12,0,-248.12,5.898,415.27,-516.29,A2356raw4.mat_Line41528
25,12,0,-245.29,5.928,415.28,-516.43,A2356raw4.mat_Line41529
25,12,0,-241.55,5.978,415.29,-514.09,A2356raw4.mat_Line41530
25,12,0,-234.58,6.053,415.31,-508.28,A2356raw4.mat_Line41532
25,12,0,-233.66,6.1,415.32,-506.87,A2356raw4.mat_Line41533
25,12,0,-235.54,6.137,415.33,-508.72,A2356raw4.mat_Line41534
25,12,0,-237.95,6.174,415.34,-513.24,A2356raw4.mat_Line41535
25,12,0,-240.96,6.22,415.35,-519.79,A2356raw4.mat_Line41536
25,12,0,-244.39,6.249,415.36,-526.49,A2356raw4.mat_Line41537
25,12,-0,-247.3,6.299,415.37,-532.57,A2356raw4.mat_Line41538
25,12,0,-248.33,6.336,415.38,-536,A2356raw4.mat_Line41539
25,12,0,-246.42,6.366,415.39,-536.3,A2356raw4.mat_Line41540
25,12,0,-243.3,6.421,415.4,-533.32,A2356raw4.mat_Line41541
25,12,0,-238.8,6.465,415.41,-529.41,A2356raw4.mat_Line41542
25,12,0,-236.39,6.508,415.42,-525.97,A2356raw4.mat_Line41543
25,12,0,-234.98,6.577,415.44,-525.79,A2356raw4.mat_Line41545
25,12,0,-237.43,6.611,415.45,-529.98,A2356raw4.mat_Line41546
25,12,0,-244.22,6.703,415.47,-543.25,A2356raw4.mat_Line41548
25,12,0,-247.24,6.736,415.48,-549.33,A2356raw4.mat_Line41549
25,12,0,-248.64,6.777,415.49,-552.74,A2356raw4.mat_Line41550
25,12,0,-247.46,6.817,415.5,-553.05,A2356raw4.mat_Line41551
25,12,0,-244.31,6.86,415.51,-550.54,A2356raw4.mat_Line41552
25,12,0,-240.07,6.893,415.52,-545.86,A2356raw4.mat_Line41553
25,12,-0,-236.52,6.94,415.53,-541.93,A2356raw4.mat_Line41554
25,12,0,-234.55,6.972,415.54,-539.91,A2356raw4.mat_Line41555
25,12,0,-234.54,7.02,415.55,-540.35,A2356raw4.mat_Line41556
25,12,0,-236.81,7.059,415.56,-544.25,A2356raw4.mat_Line41557
25,12,0,-240.3,7.095,415.57,-550.17,A2356raw4.mat_Line41558
25,12,0,-243.7,7.136,415.58,-557.34,A2356raw4.mat_Line41559
25,12,0,-248.45,7.212,415.6,-567.63,A2356raw4.mat_Line41561
25,12,0,-246.07,7.301,415.62,-564.51,A2356raw4.mat_Line41563
25,12,0,-242.02,7.341,415.63,-559.51,A2356raw4.mat_Line41564
25,12,0,-238.35,7.376,415.64,-554.98,A2356raw4.mat_Line41565
25,12,-0,-236.08,7.423,415.65,-552.46,A2356raw4.mat_Line41566
25,12,0,-237.13,7.503,415.67,-556.19,A2356raw4.mat_Line41568
25,12,0,-239.94,7.542,415.68,-562.43,A2356raw4.mat_Line41569
25,12,0,-246.64,7.62,415.7,-576.61,A2356raw4.mat_Line41571
25,12,0,-248.75,7.663,415.71,-581.14,A2356raw4.mat_Line41572
25,12,0,-250.3,7.706,415.72,-580.98,A2356raw4.mat_Line41573
25,12,0,-248.24,7.738,415.73,-577.4,A2356raw4.mat_Line41574
25,12,0,-244.61,7.774,415.74,-571.78,A2356raw4.mat_Line41575
25,12,0,-240.91,7.818,415.75,-566.31,A2356raw4.mat_Line41576
25,12,0,-238.22,7.852,415.76,-562.86,A2356raw4.mat_Line41577
25,12,-0,-236.17,7.898,415.77,-562.69,A2356raw4.mat_Line41578
25,12,0,-237.57,7.94,415.78,-565.81,A2356raw4.mat_Line41579
25,12,0,-239.87,7.974,415.79,-571.57,A2356raw4.mat_Line41580
25,12,0,-243.33,8.017,415.8,-578.59,A2356raw4.mat_Line41581
25,12,0,-246.7,8.056,415.81,-585.3,A2356raw4.mat_Line41582
25,12,0,-250.79,8.143,415.83,-589.21,A2356raw4.mat_Line41584
25,12,0,-249.9,8.185,415.84,-585.16,A2356raw4.mat_Line41585
25,12,0,-247.13,8.209,415.85,-578.93,A2356raw4.mat_Line41586
25,12,0,-243.29,8.255,415.86,-573.3,A2356raw4.mat_Line41587
25,12,0,-239.94,8.295,415.87,-570.18,A2356raw4.mat_Line41588
25,12,0,-238.22,8.336,415.88,-569.84,A2356raw4.mat_Line41589
25,12,0,-238.34,8.372,415.89,-573.25,A2356raw4.mat_Line41590
25,12,0,-240.53,8.412,415.9,-578.71,A2356raw4.mat_Line41591
25,12,0,-242.86,8.454,415.91,-585.72,A2356raw4.mat_Line41592
25,12,0,-248.75,8.535,415.93,-596.8,A2356raw4.mat_Line41594
25,12,0,-251.21,8.575,415.94,-597.43,A2356raw4.mat_Line41595
25,12,0,-245.43,8.699,415.97,-581.53,A2356raw4.mat_Line41598
25,12,0,-242.89,8.898,416.02,-590.83,A2356raw4.mat_Line41603
25,12,0,-245.7,8.932,416.03,-597.07,A2356raw4.mat_Line41604
25,12,-0,-250.22,9.014,416.05,-602.69,A2356raw4.mat_Line41606
25,12,0,-250.68,9.044,416.06,-600.2,A2356raw4.mat_Line41607
25,12,0,-249.82,9.088,416.07,-594.75,A2356raw4.mat_Line41608
25,12,0,-247.03,9.131,416.08,-588.83,A2356raw4.mat_Line41609
25,12,0,-243.54,9.175,416.09,-584.62,A2356raw4.mat_Line41610
25,12,0,-241.3,9.217,416.1,-583.21,A2356raw4.mat_Line41611
25,12,0,-241.24,9.303,416.12,-589.73,A2356raw4.mat_Line41613
25,12,0,-242.92,9.33,416.13,-595.17,A2356raw4.mat_Line41614
25,12,0,-245.43,9.374,416.14,-601.1,A2356raw4.mat_Line41615
25,12,0,-248.59,9.412,416.15,-605.46,A2356raw4.mat_Line41616
25,12,0,-250.28,9.455,416.16,-607.5,A2356raw4.mat_Line41617
25,12,0,-251.29,9.502,416.17,-605.79,A2356raw4.mat_Line41618
25,12,0,-250.95,9.533,416.18,-600.65,A2356raw4.mat_Line41619
25,12,0,-248.26,9.579,416.19,-595.05,A2356raw4.mat_Line41620
25,12,0,-244.94,9.619,416.2,-590.68,A2356raw4.mat_Line41621
25,12,0,-242.78,9.652,416.21,-588.79,A2356raw4.mat_Line41622
25,12,-0,-241.6,9.697,416.22,-589.71,A2356raw4.mat_Line41623
25,12,0,-241.23,9.74,416.23,-592.83,A2356raw4.mat_Line41624
25,12,0,-243.03,9.772,416.24,-597.81,A2356raw4.mat_Line41625
25,12,-0,-245.15,9.813,416.25,-602.95,A2356raw4.mat_Line41626
25,12,-0,-250.9,9.894,416.27,-610.29,A2356raw4.mat_Line41628
25,12,0,-247.33,10.05,416.31,-597.21,A2356raw4.mat_Line41632
25,12,0,-242.12,10.139,416.33,-594.54,A2356raw4.mat_Line41634
25,12,0,-241.85,10.163,416.34,-596.85,A2356raw4.mat_Line41635
25,12,0,-243.04,10.203,416.35,-600.59,A2356raw4.mat_Line41636
25,12,0,-250.57,10.331,416.38,-612.3,A2356raw4.mat_Line41639
25,12,0,-252.61,10.377,416.39,-612.15,A2356raw4.mat_Line41640
25,12,-0,-252.62,10.411,416.4,-609.2,A2356raw4.mat_Line41641
25,12,0,-252.4,10.465,416.41,-604.08,A2356raw4.mat_Line41642
25,12,0,-245.39,10.69,416.47,-604.35,A2356raw4.mat_Line41648
25,12,0,-248.19,10.726,416.48,-608.85,A2356raw4.mat_Line41649
25,12,0,-250.78,10.772,416.49,-612.29,A2356raw4.mat_Line41650
25,12,0,-251.78,10.942,416.53,-601.57,A2356raw4.mat_Line41654
25,12,0,-246.2,11.01,416.55,-595.49,A2356raw4.mat_Line41656
25,12,0,-244.89,11.071,416.56,-595.17,A2356raw4.mat_Line41657
25,12,0,-244.85,11.094,416.57,-597.34,A2356raw4.mat_Line41658
25,12,0,-255.31,11.337,416.63,-605.33,A2356raw4.mat_Line41664
25,12,0,-253.54,11.386,416.64,-600.35,A2356raw4.mat_Line41665
25,12,0,-250.64,11.423,416.65,-596.3,A2356raw4.mat_Line41666
25,12,0,-248.07,11.458,416.66,-593.33,A2356raw4.mat_Line41667
25,12,0,-245.68,11.539,416.68,-594.09,A2356raw4.mat_Line41669
25,12,0,-247,11.582,416.69,-597.19,A2356raw4.mat_Line41670
25,12,0,-248.66,11.618,416.7,-601.1,A2356raw4.mat_Line41671
25,12,0,-251.79,11.654,416.71,-604.85,A2356raw4.mat_Line41672
25,12,0,-255.6,11.734,416.73,-607.51,A2356raw4.mat_Line41674
25,12,0,-253.18,11.851,416.76,-595.53,A2356raw4.mat_Line41677
25,12,0,-250.62,11.887,416.77,-591.93,A2356raw4.mat_Line41678
25,12,0,-248.76,11.939,416.79,-590.2,A2356raw4.mat_Line41680
25,12,0,-248.7,11.947,416.8,-593,A2356raw4.mat_Line41681
25,12,0,-249.95,11.973,416.81,-596.9,A2356raw4.mat_Line41682
25,12,0,-252.21,11.989,416.82,-601.13,A2356raw4.mat_Line41683
25,12,0,-253.7,11.99,416.83,-604.24,A2356raw4.mat_Line41684
25,12,0,-255.74,11.995,416.84,-605.35,A2356raw4.mat_Line41685
25,12,0,-256.77,12.009,416.85,-603.62,A2356raw4.mat_Line41686
25,12,0,-256.82,12.012,416.86,-599.74,A2356raw4.mat_Line41687
25,12,0,-254.9,12.028,416.87,-595.22,A2356raw4.mat_Line41688
25,12,0,-252.2,12.015,416.88,-592.1,A2356raw4.mat_Line41689
25,12,0,-252.17,11.972,416.93,-598.17,A2356raw4.mat_Line41694
25,12,0,-256.05,11.962,416.95,-601.61,A2356raw4.mat_Line41696
25,12,-0,-257.38,11.962,416.96,-601.31,A2356raw4.mat_Line41697
25,12,-0,-258.18,11.957,416.97,-598.99,A2356raw4.mat_Line41698
25,12,0,-256.58,11.96,416.98,-595.57,A2356raw4.mat_Line41699
25,12,0,-249.43,11.946,417.01,-589.93,A2356raw4.mat_Line41702
25,12,0,-248.67,11.939,417.02,-590.24,A2356raw4.mat_Line41703
25,12,0,-249.12,11.937,417.03,-591.79,A2356raw4.mat_Line41704
25,12,0,-258.38,11.833,417.08,-596.64,A2356raw4.mat_Line41709
25,12,0,-255.3,11.786,417.1,-590.1,A2356raw4.mat_Line41711
25,12,0,-249.93,11.704,417.12,-586.65,A2356raw4.mat_Line41713
25,12,0,-248.44,11.665,417.13,-587.42,A2356raw4.mat_Line41714
25,12,0,-248.4,11.617,417.14,-589.43,A2356raw4.mat_Line41715
25,12,0,-250.67,11.574,417.15,-592.1,A2356raw4.mat_Line41716
25,12,0,-253.03,11.519,417.16,-594.91,A2356raw4.mat_Line41717
25,12,0,-254.87,11.476,417.17,-597.41,A2356raw4.mat_Line41718
25,12,0,-257.77,11.363,417.19,-597.59,A2356raw4.mat_Line41720
25,12,-0,-254.42,11.286,417.21,-591.21,A2356raw4.mat_Line41722
25,12,0,-248.18,11.161,417.24,-587.61,A2356raw4.mat_Line41725
25,12,0,-247.98,11.118,417.25,-588.69,A2356raw4.mat_Line41726
25,12,-0,-251.03,11.051,417.27,-592.74,A2356raw4.mat_Line41728
25,12,-0,-256.03,10.979,417.29,-596.34,A2356raw4.mat_Line41730
25,12,0,-257.48,10.939,417.3,-596.98,A2356raw4.mat_Line41731
25,12,0,-251.03,10.812,417.34,-587.16,A2356raw4.mat_Line41735
25,12,0,-249.03,10.78,417.35,-585.89,A2356raw4.mat_Line41736
25,12,0,-248.51,10.743,417.36,-586.05,A2356raw4.mat_Line41737
25,12,0,-248.56,10.697,417.37,-586.81,A2356raw4.mat_Line41738
25,12,0,-255.41,10.589,417.4,-594.31,A2356raw4.mat_Line41741
25,12,0,-257.55,10.549,417.41,-595.73,A2356raw4.mat_Line41742
25,12,0,-257.86,10.51,417.42,-594.96,A2356raw4.mat_Line41743
25,12,0,-257.3,10.453,417.43,-592.16,A2356raw4.mat_Line41744
25,12,-0,-254.4,10.405,417.44,-589.03,A2356raw4.mat_Line41745
25,12,0,-251.26,10.372,417.45,-586.54,A2356raw4.mat_Line41746
25,12,0,-250.18,10.203,417.49,-587.29,A2356raw4.mat_Line41750
25,12,0,-255.06,10.118,417.51,-592.93,A2356raw4.mat_Line41752
25,12,0,-256.67,10.075,417.52,-594.5,A2356raw4.mat_Line41753
25,12,0,-257.86,10.042,417.53,-594.36,A2356raw4.mat_Line41754
25,12,0,-252.24,9.929,417.56,-585.93,A2356raw4.mat_Line41757
25,12,0,-249.29,9.886,417.57,-584.05,A2356raw4.mat_Line41758
25,12,0,-248.03,9.86,417.58,-582.95,A2356raw4.mat_Line41759
25,12,0,-249.47,9.781,417.6,-584.34,A2356raw4.mat_Line41761
25,12,-0,-251.57,9.745,417.61,-586.53,A2356raw4.mat_Line41762
25,12,0,-256.61,9.536,417.66,-587.98,A2356raw4.mat_Line41767
25,12,0,-253.96,9.49,417.67,-584.23,A2356raw4.mat_Line41768
25,12,0,-250.73,9.447,417.68,-582.03,A2356raw4.mat_Line41769
25,12,0,-248.46,9.41,417.69,-580.93,A2356raw4.mat_Line41770
25,12,0,-249.23,9.321,417.71,-582.64,A2356raw4.mat_Line41772
25,12,0,-250.74,9.274,417.72,-584.67,A2356raw4.mat_Line41773
25,12,0,-256.01,9.201,417.74,-591.09,A2356raw4.mat_Line41775
25,12,0,-258.54,9.165,417.75,-592.35,A2356raw4.mat_Line41776
25,12,0,-258.4,9.114,417.76,-591.1,A2356raw4.mat_Line41777
25,12,0,-257.09,9.087,417.77,-587.7,A2356raw4.mat_Line41778
25,12,0,-249.54,8.935,417.81,-577.51,A2356raw4.mat_Line41782
25,12,0,-251.36,8.862,417.83,-581.43,A2356raw4.mat_Line41784
25,12,0,-253.79,8.823,417.84,-584.55,A2356raw4.mat_Line41785
25,12,0,-255.7,8.789,417.85,-587.37,A2356raw4.mat_Line41786
25,12,0,-258.47,8.663,417.88,-585.36,A2356raw4.mat_Line41789
25,12,0,-256.37,8.628,417.89,-580.98,A2356raw4.mat_Line41790
25,12,0,-253.44,8.58,417.9,-577.09,A2356raw4.mat_Line41791
25,12,0,-251.22,8.54,417.91,-574.75,A2356raw4.mat_Line41792
25,12,0,-250.15,8.502,417.92,-573.97,A2356raw4.mat_Line41793
25,12,0,-250.36,8.459,417.93,-575.21,A2356raw4.mat_Line41794
25,12,0,-254.55,8.372,417.95,-580.69,A2356raw4.mat_Line41796
25,12,0,-257.59,8.326,417.96,-583.19,A2356raw4.mat_Line41797
25,12,0,-259.27,8.282,417.97,-584.6,A2356raw4.mat_Line41798
25,12,0,-260.13,8.255,417.98,-584.61,A2356raw4.mat_Line41799
25,12,0,-259.56,8.21,417.99,-581.81,A2356raw4.mat_Line41800
25,12,0,-257.78,8.163,418,-578.06,A2356raw4.mat_Line41801
25,12,0,-254.85,8.13,418.01,-574.16,A2356raw4.mat_Line41802
25,12,0,-252.75,8.083,418.02,-572.13,A2356raw4.mat_Line41803
25,12,0,-251.79,8.047,418.03,-571.66,A2356raw4.mat_Line41804
25,12,0,-251.79,8.014,418.04,-571.97,A2356raw4.mat_Line41805
25,12,0,-252.64,7.974,418.05,-573.53,A2356raw4.mat_Line41806
25,12,0,-254.9,7.944,418.06,-575.73,A2356raw4.mat_Line41807
25,12,0,-259.41,7.858,418.08,-579.49,A2356raw4.mat_Line41809
25,12,0,-260.91,7.822,418.09,-579.18,A2356raw4.mat_Line41810
25,12,0,-257.48,7.711,418.12,-571.38,A2356raw4.mat_Line41813
25,12,0,-254.65,7.67,418.13,-568.89,A2356raw4.mat_Line41814
25,12,0,-253.17,7.619,418.14,-567.33,A2356raw4.mat_Line41815
25,12,0,-252.28,7.579,418.15,-566.86,A2356raw4.mat_Line41816
25,12,0,-253.61,7.549,418.16,-567.33,A2356raw4.mat_Line41817
25,12,0,-255.68,7.506,418.17,-569.05,A2356raw4.mat_Line41818
25,12,0,-262.84,7.367,418.2,-572.83,A2356raw4.mat_Line41821
25,12,0,-262.99,7.324,418.21,-571.58,A2356raw4.mat_Line41822
25,12,0,-261.76,7.285,418.22,-568.79,A2356raw4.mat_Line41823
25,12,0,-259.7,7.254,418.23,-565.2,A2356raw4.mat_Line41824
25,12,0,-257.79,7.01,418.29,-559.78,A2356raw4.mat_Line41830
25,12,0,-262.9,6.926,418.31,-561.36,A2356raw4.mat_Line41832
25,12,0,-263.55,6.867,418.33,-559.18,A2356raw4.mat_Line41834
25,12,0,-254.72,6.703,418.37,-547.8,A2356raw4.mat_Line41838
25,12,0,-254.18,6.661,418.38,-546.72,A2356raw4.mat_Line41839
25,12,0,-257.52,6.584,418.4,-546.89,A2356raw4.mat_Line41841
25,12,-0,-264.75,6.419,418.44,-547.25,A2356raw4.mat_Line41845
25,12,0,-263.3,6.376,418.45,-544.61,A2356raw4.mat_Line41846
25,12,0,-260.48,6.349,418.46,-541.02,A2356raw4.mat_Line41847
25,12,0,-257.39,6.299,418.47,-537.76,A2356raw4.mat_Line41848
25,12,0,-255.37,6.253,418.48,-534.16,A2356raw4.mat_Line41849
25,12,0,-266.01,6.02,418.54,-532.84,A2356raw4.mat_Line41855
25,12,0,-261.94,5.895,418.57,-526.46,A2356raw4.mat_Line41858
25,12,0,-255.89,5.792,418.6,-515.71,A2356raw4.mat_Line41861
25,12,0,-256.64,5.736,418.61,-514.16,A2356raw4.mat_Line41862
25,12,0,-258.68,5.689,418.62,-512.93,A2356raw4.mat_Line41863
25,12,0,-261.09,5.657,418.63,-513.1,A2356raw4.mat_Line41864
25,12,0,-264.26,5.62,418.64,-513.9,A2356raw4.mat_Line41865
25,12,0,-261.43,5.428,418.69,-505.98,A2356raw4.mat_Line41870
25,12,-0,-258.85,5.384,418.7,-502.08,A2356raw4.mat_Line41871
25,12,0,-258.62,5.262,418.73,-494.16,A2356raw4.mat_Line41874
25,12,0,-261.15,5.222,418.74,-493.72,A2356raw4.mat_Line41875
25,12,0,-269.1,5.096,418.77,-494.87,A2356raw4.mat_Line41878
25,12,0,-268.57,5.053,418.78,-493.48,A2356raw4.mat_Line41879
25,12,0,-266.65,5.016,418.79,-490.67,A2356raw4.mat_Line41880
25,12,0,-262.65,4.967,418.8,-486.76,A2356raw4.mat_Line41881
25,12,0,-260.55,4.775,418.85,-473.08,A2356raw4.mat_Line41886
25,12,0,-265.91,4.707,418.87,-473.6,A2356raw4.mat_Line41888
25,12,0,-267.87,4.658,418.88,-473.78,A2356raw4.mat_Line41889
25,12,0,-268.16,4.615,418.89,-473,A2356raw4.mat_Line41890
25,12,0,-257.6,4.452,418.93,-457.87,A2356raw4.mat_Line41894
25,12,0,-256.5,4.414,418.94,-453.83,A2356raw4.mat_Line41895
25,12,0,-256.9,4.39,418.95,-451.35,A2356raw4.mat_Line41896
25,12,0,-264.77,4.118,419.02,-444.45,A2356raw4.mat_Line41903
25,12,-0,-260.43,4.068,419.03,-439.91,A2356raw4.mat_Line41904
25,12,0,-257.36,4.019,419.04,-434.62,A2356raw4.mat_Line41905
25,12,0,-256.3,3.996,419.05,-429.64,A2356raw4.mat_Line41906
25,12,0,-264.32,3.827,419.09,-423.2,A2356raw4.mat_Line41910
25,12,0,-267.79,3.777,419.1,-423.06,A2356raw4.mat_Line41911
25,12,0,-268.79,3.739,419.11,-422.15,A2356raw4.mat_Line41912
25,12,0,-268.36,3.713,419.12,-420.13,A2356raw4.mat_Line41913
25,12,0,-256.84,3.501,419.17,-397.22,A2356raw4.mat_Line41918
25,12,0,-257.45,3.459,419.18,-394.29,A2356raw4.mat_Line41919
25,12,0,-260.23,3.425,419.19,-392.93,A2356raw4.mat_Line41920
25,12,-0,-267.1,3.342,419.21,-390.64,A2356raw4.mat_Line41922
25,12,0,-259.8,3.137,419.26,-374.77,A2356raw4.mat_Line41927
25,12,0,-257.98,3.093,419.27,-369.02,A2356raw4.mat_Line41928
25,12,0,-256.57,3.04,419.28,-364.35,A2356raw4.mat_Line41929
25,12,0,-269.64,2.87,419.33,-354.53,A2356raw4.mat_Line41934
25,12,0,-269.35,2.824,419.34,-352.51,A2356raw4.mat_Line41935
25,12,-0,-259.03,2.56,419.41,-320.63,A2356raw4.mat_Line41942
25,12,0,-262.51,2.523,419.42,-318.18,A2356raw4.mat_Line41943
25,12,0,-266.19,2.479,419.43,-316.34,A2356raw4.mat_Line41944
25,12,0,-268.12,2.436,419.44,-314.66,A2356raw4.mat_Line41945
25,12,0,-269.2,2.396,419.45,-312.97,A2356raw4.mat_Line41946
25,12,0,-258.35,2.214,419.49,-293.65,A2356raw4.mat_Line41950
25,12,0,-256.26,2.175,419.5,-287.74,A2356raw4.mat_Line41951
25,12,0,-256.15,2.134,419.51,-281.99,A2356raw4.mat_Line41952
25,12,0,-266.8,1.893,419.57,-265.03,A2356raw4.mat_Line41958
25,12,0,-263.53,1.846,419.58,-260.51,A2356raw4.mat_Line41959
25,12,0,-260.09,1.816,419.59,-254.74,A2356raw4.mat_Line41960
25,12,0,-263.67,1.564,419.66,-224.21,A2356raw4.mat_Line41967
25,12,0,-266.11,1.525,419.67,-222.37,A2356raw4.mat_Line41968
25,12,0,-264.95,1.476,419.68,-219.41,A2356raw4.mat_Line41969
25,12,0,-252.1,1.274,419.73,-191.54,A2356raw4.mat_Line41974
25,12,0,-252.71,1.227,419.74,-186.74,A2356raw4.mat_Line41975
25,12,0,-255.05,1.19,419.75,-183.36,A2356raw4.mat_Line41976
25,12,0,-258,1.153,419.76,-180.27,A2356raw4.mat_Line41977
25,12,0,-254.99,0.894,419.82,-154.03,A2356raw4.mat_Line41983
25,12,0,-252.09,0.851,419.83,-147.5,A2356raw4.mat_Line41984
25,12,0,-250.75,0.805,419.84,-141.29,A2356raw4.mat_Line41985
25,12,0,-259.39,0.534,419.91,-113.29,A2356raw4.mat_Line41992
25,12,0,-255.92,0.496,419.92,-107.69,A2356raw4.mat_Line41993
25,12,0,-253.5,0.223,419.99,-72.15,A2356raw4.mat_Line42000
25,12,0,-255.96,0.189,420,-68.29,A2356raw4.mat_Line42001
25,12,0,-244.69,-0.087,420.07,-28.63,A2356raw4.mat_Line42008
25,12,0,-245.43,-0.126,420.08,-23.68,A2356raw4.mat_Line42009
25,12,0,-247.77,-0.172,420.09,-19.21,A2356raw4.mat_Line42010
25,12,0,-243.75,-0.468,420.16,20.86,A2356raw4.mat_Line42017
25,12,0,-241.71,-0.523,420.17,27.07,A2356raw4.mat_Line42018
25,12,0,-250.26,-0.762,420.23,58.14,A2356raw4.mat_Line42024
25,12,0,-249.59,-0.79,420.24,64.06,A2356raw4.mat_Line42025
25,12,0,-246.75,-0.827,420.25,70.44,A2356raw4.mat_Line42026
25,12,0,-239.16,-0.989,420.3,99.83,A2356raw4.mat_Line42031
25,12,0,-240.76,-1.024,420.31,104.3,A2356raw4.mat_Line42032
25,12,0,-242.5,-1.048,420.32,108.62,A2356raw4.mat_Line42033
25,12,0,-244.75,-1.097,420.33,113.09,A2356raw4.mat_Line42034
25,12,0,-236.29,-1.354,420.39,146.86,A2356raw4.mat_Line42040
25,12,0,-234.78,-1.402,420.4,152.13,A2356raw4.mat_Line42041
25,12,-0,-235.56,-1.45,420.41,157.1,A2356raw4.mat_Line42042
25,12,0,-239.87,-1.731,420.47,188.99,A2356raw4.mat_Line42048
25,12,0,-235.18,-2.009,420.55,228.87,A2356raw4.mat_Line42056
25,12,0,-237.92,-2.053,420.56,233.51,A2356raw4.mat_Line42057
25,12,0,-239.06,-2.093,420.57,238.18,A2356raw4.mat_Line42058
25,12,0,-229.65,-2.319,420.63,261.47,A2356raw4.mat_Line42064
25,12,0,-230.52,-2.361,420.64,266.13,A2356raw4.mat_Line42065
25,12,0,-232.77,-2.404,420.65,270.46,A2356raw4.mat_Line42066
25,12,0,-235.7,-2.444,420.66,274.64,A2356raw4.mat_Line42067
25,12,0,-239.64,-2.614,420.7,287.49,A2356raw4.mat_Line42071
25,12,0,-236.71,-2.642,420.71,290.74,A2356raw4.mat_Line42072
25,12,0,-234.11,-2.702,420.72,295.27,A2356raw4.mat_Line42073
25,12,0,-231.75,-2.742,420.73,300.09,A2356raw4.mat_Line42074
25,12,0,-230.23,-2.778,420.74,305.69,A2356raw4.mat_Line42075
25,12,0,-239.11,-2.975,420.79,323.77,A2356raw4.mat_Line42080
25,12,0,-240.63,-3.017,420.8,326.25,A2356raw4.mat_Line42081
25,12,-0,-229.12,-3.257,420.86,349.76,A2356raw4.mat_Line42087
25,12,0,-230.24,-3.292,420.87,353.95,A2356raw4.mat_Line42088
25,12,0,-232.56,-3.326,420.88,356.87,A2356raw4.mat_Line42089
25,12,-0,-235.38,-3.365,420.89,359.03,A2356raw4.mat_Line42090
25,12,0,-237.31,-3.524,420.93,366.12,A2356raw4.mat_Line42094
25,12,0,-234.12,-3.587,420.94,369.72,A2356raw4.mat_Line42095
25,12,0,-230.57,-3.617,420.95,374.55,A2356raw4.mat_Line42096
25,12,0,-229.1,-3.655,420.96,379.99,A2356raw4.mat_Line42097
25,12,0,-228.63,-3.691,420.97,385.12,A2356raw4.mat_Line42098
25,12,0,-228.75,-3.736,420.98,389.31,A2356raw4.mat_Line42099
25,12,0,-240.04,-3.896,421.02,394.78,A2356raw4.mat_Line42103
25,12,0,-239.73,-3.927,421.03,396.02,A2356raw4.mat_Line42104
25,12,-0,-238.65,-3.976,421.04,398.38,A2356raw4.mat_Line42105
25,12,0,-234.8,-4.003,421.05,402.12,A2356raw4.mat_Line42106
25,12,0,-231.8,-4.056,421.06,406.5,A2356raw4.mat_Line42107
25,12,0,-228.9,-4.095,421.07,412.11,A2356raw4.mat_Line42108
25,12,0,-227.78,-4.136,421.08,417.08,A2356raw4.mat_Line42109
25,12,0,-228.4,-4.172,421.09,420.64,A2356raw4.mat_Line42110
25,12,0,-230.88,-4.215,421.1,422.65,A2356raw4.mat_Line42111
25,12,0,-233.9,-4.245,421.11,423.23,A2356raw4.mat_Line42112
25,12,0,-239.77,-4.334,421.13,423.63,A2356raw4.mat_Line42114
25,12,0,-240.77,-4.374,421.14,424.56,A2356raw4.mat_Line42115
25,12,0,-230.01,-4.527,421.18,440.02,A2356raw4.mat_Line42119
25,12,0,-229.15,-4.6,421.2,447.78,A2356raw4.mat_Line42121
25,12,0,-233.64,-4.688,421.22,449.28,A2356raw4.mat_Line42123
25,12,0,-241.9,-4.808,421.25,450.13,A2356raw4.mat_Line42126
25,12,0,-234.15,-4.933,421.28,459.05,A2356raw4.mat_Line42129
25,12,0,-231.24,-4.963,421.29,463.43,A2356raw4.mat_Line42130
25,12,0,-229.2,-5.004,421.3,467.31,A2356raw4.mat_Line42131
25,12,0,-234.03,-5.132,421.33,472.39,A2356raw4.mat_Line42134
25,12,0,-237.24,-5.173,421.34,472.35,A2356raw4.mat_Line42135
25,12,0,-241.52,-5.236,421.36,473.24,A2356raw4.mat_Line42137
25,12,0,-238.63,-5.328,421.38,476.84,A2356raw4.mat_Line42139
25,12,0,-234.52,-5.374,421.39,480.14,A2356raw4.mat_Line42140
25,12,0,-230.16,-5.487,421.42,490.58,A2356raw4.mat_Line42143
25,12,0,-231.68,-5.531,421.43,492.43,A2356raw4.mat_Line42144
25,12,0,-233.68,-5.568,421.44,492.56,A2356raw4.mat_Line42145
25,12,-0,-237.02,-5.618,421.45,492.69,A2356raw4.mat_Line42146
25,12,0,-239.51,-5.644,421.46,492.8,A2356raw4.mat_Line42147
25,12,0,-241.67,-5.694,421.47,493.41,A2356raw4.mat_Line42148
25,12,0,-236.58,-5.817,421.5,499.98,A2356raw4.mat_Line42151
25,12,0,-233.72,-5.856,421.51,502.96,A2356raw4.mat_Line42152
25,12,0,-231.61,-5.889,421.52,506.55,A2356raw4.mat_Line42153
25,12,0,-230.49,-5.928,421.53,509.34,A2356raw4.mat_Line42154
25,12,0,-231.43,-5.974,421.54,510.73,A2356raw4.mat_Line42155
25,12,0,-233.03,-6.001,421.55,511.15,A2356raw4.mat_Line42156
25,12,0,-236.65,-6.052,421.56,510.98,A2356raw4.mat_Line42157
25,12,0,-239.05,-6.095,421.57,510.95,A2356raw4.mat_Line42158
25,12,0,-241.35,-6.127,421.58,510.93,A2356raw4.mat_Line42159
25,12,0,-242.36,-6.171,421.59,512.01,A2356raw4.mat_Line42160
25,12,0,-240.67,-6.214,421.6,514.05,A2356raw4.mat_Line42161
25,12,0,-238.04,-6.243,421.61,515.95,A2356raw4.mat_Line42162
25,12,0,-234.94,-6.297,421.62,518.46,A2356raw4.mat_Line42163
25,12,0,-232.11,-6.331,421.63,521.26,A2356raw4.mat_Line42164
25,12,0,-232.81,-6.45,421.66,526.04,A2356raw4.mat_Line42167
25,12,0,-235.96,-6.498,421.67,525.71,A2356raw4.mat_Line42168
25,12,0,-238.26,-6.522,421.68,525.68,A2356raw4.mat_Line42169
25,12,0,-240.68,-6.568,421.69,526.12,A2356raw4.mat_Line42170
25,12,-0,-241.67,-6.611,421.7,527.06,A2356raw4.mat_Line42171
25,12,0,-241.28,-6.655,421.71,528.46,A2356raw4.mat_Line42172
25,12,0,-239.13,-6.688,421.72,530.05,A2356raw4.mat_Line42173
25,12,0,-233.32,-6.767,421.74,535.07,A2356raw4.mat_Line42175
25,12,0,-232.03,-6.81,421.75,537.56,A2356raw4.mat_Line42176
25,12,0,-231.4,-6.854,421.76,538.94,A2356raw4.mat_Line42177
25,12,0,-232.8,-6.894,421.77,539.55,A2356raw4.mat_Line42178
25,12,0,-234.9,-6.93,421.78,539.52,A2356raw4.mat_Line42179
25,12,0,-239.69,-7.01,421.8,539.94,A2356raw4.mat_Line42181
25,12,0,-241.68,-7.049,421.81,540.71,A2356raw4.mat_Line42182
25,12,0,-241.66,-7.098,421.82,542.11,A2356raw4.mat_Line42183
25,12,0,-239.66,-7.128,421.83,543.38,A2356raw4.mat_Line42184
25,12,0,-236.83,-7.176,421.84,545.28,A2356raw4.mat_Line42185
25,12,0,-232.56,-7.252,421.86,549.02,A2356raw4.mat_Line42187
25,12,0,-231.93,-7.292,421.87,550.57,A2356raw4.mat_Line42188
25,12,0,-232.55,-7.331,421.88,551.48,A2356raw4.mat_Line42189
25,12,-0,-239.44,-7.454,421.91,552.21,A2356raw4.mat_Line42192
25,12,0,-241.33,-7.491,421.92,552.49,A2356raw4.mat_Line42193
25,12,-0,-240.58,-7.574,421.94,553.62,A2356raw4.mat_Line42195
25,12,0,-237.87,-7.609,421.95,554.87,A2356raw4.mat_Line42196
25,12,0,-235.9,-7.652,421.96,556.13,A2356raw4.mat_Line42197
25,12,0,-233.87,-7.728,421.98,559.25,A2356raw4.mat_Line42199
25,12,0,-233.79,-7.759,421.99,561.09,A2356raw4.mat_Line42200
25,12,0,-234.47,-7.822,422,561.55,A2356raw4.mat_Line42201
25,12,0,-236.7,-7.856,422.01,561.68,A2356raw4.mat_Line42202
25,12,0,-239.04,-7.891,422.02,561.81,A2356raw4.mat_Line42203
25,12,-0,-241.17,-7.939,422.03,562.12,A2356raw4.mat_Line42204
25,12,0,-241.65,-7.98,422.04,562.42,A2356raw4.mat_Line42205
25,12,0,-241.59,-8.015,422.05,562.44,A2356raw4.mat_Line42206
25,12,0,-239.55,-8.054,422.06,562.62,A2356raw4.mat_Line42207
25,12,0,-237.25,-8.097,422.07,563.24,A2356raw4.mat_Line42208
25,12,0,-235.83,-8.128,422.08,564.35,A2356raw4.mat_Line42209
25,12,0,-234.87,-8.169,422.09,566.21,A2356raw4.mat_Line42210
25,12,0,-235.78,-8.25,422.11,569.3,A2356raw4.mat_Line42212
25,12,0,-237.16,-8.285,422.12,569.74,A2356raw4.mat_Line42213
25,12,0,-239.4,-8.336,422.13,570.03,A2356raw4.mat_Line42214
25,12,0,-241.37,-8.373,422.14,570.18,A2356raw4.mat_Line42215
25,12,0,-242.51,-8.416,422.15,569.85,A2356raw4.mat_Line42216
25,12,0,-242.97,-8.459,422.16,569.41,A2356raw4.mat_Line42217
25,12,0,-241.67,-8.491,422.17,568.94,A2356raw4.mat_Line42218
25,12,0,-239.43,-8.537,422.18,569.43,A2356raw4.mat_Line42219
25,12,0,-237.88,-8.578,422.19,570.36,A2356raw4.mat_Line42220
25,12,0,-235.35,-8.653,422.21,574.87,A2356raw4.mat_Line42222
25,12,0,-236.33,-8.733,422.23,577.2,A2356raw4.mat_Line42224
25,12,0,-238.83,-8.784,422.24,577.34,A2356raw4.mat_Line42225
25,12,0,-240.5,-8.819,422.25,577.01,A2356raw4.mat_Line42226
25,12,0,-241.79,-8.85,422.26,576.06,A2356raw4.mat_Line42227
25,12,-0,-242.57,-8.894,422.27,574.98,A2356raw4.mat_Line42228
25,12,0,-242.48,-8.942,422.28,573.59,A2356raw4.mat_Line42229
25,12,0,-241.4,-8.97,422.29,573.61,A2356raw4.mat_Line42230
25,12,0,-239.41,-9.018,422.3,575.33,A2356raw4.mat_Line42231
25,12,0,-238.45,-9.056,422.31,576.89,A2356raw4.mat_Line42232
25,12,0,-236.87,-9.126,422.33,581.38,A2356raw4.mat_Line42234
25,12,0,-237.55,-9.162,422.34,582.61,A2356raw4.mat_Line42235
25,12,0,-238.58,-9.217,422.35,582.91,A2356raw4.mat_Line42236
25,12,0,-240.92,-9.251,422.36,582.57,A2356raw4.mat_Line42237
25,12,0,-243.96,-9.328,422.38,580.39,A2356raw4.mat_Line42239
25,12,0,-244.32,-9.377,422.39,578.69,A2356raw4.mat_Line42240
25,12,0,-242.72,-9.407,422.4,578.4,A2356raw4.mat_Line42241
25,12,0,-239.39,-9.5,422.42,581.07,A2356raw4.mat_Line42243
25,12,0,-240.89,-9.698,422.47,586.61,A2356raw4.mat_Line42248
25,12,0,-242.89,-9.731,422.48,585.2,A2356raw4.mat_Line42249
25,12,0,-243.94,-9.778,422.49,583.8,A2356raw4.mat_Line42250
25,12,0,-244.53,-9.815,422.5,581.94,A2356raw4.mat_Line42251
25,12,0,-243.54,-9.857,422.51,581.33,A2356raw4.mat_Line42252
25,12,0,-239.26,-10.057,422.56,588.19,A2356raw4.mat_Line42257
25,12,0,-239.38,-10.089,422.57,588.96,A2356raw4.mat_Line42258
25,12,0,-243.52,-10.215,422.6,586.74,A2356raw4.mat_Line42261
25,12,0,-245.2,-10.259,422.61,585.35,A2356raw4.mat_Line42262
25,12,0,-245.05,-10.281,422.62,583.8,A2356raw4.mat_Line42263
25,12,0,-243.28,-10.339,422.63,583.35,A2356raw4.mat_Line42264
25,12,0,-242.47,-10.374,422.64,584.31,A2356raw4.mat_Line42265
25,12,0,-241.08,-10.408,422.65,585.09,A2356raw4.mat_Line42266
25,12,0,-239.7,-10.457,422.66,587.1,A2356raw4.mat_Line42267
25,12,0,-244.58,-10.656,422.71,589.84,A2356raw4.mat_Line42272
25,12,0,-245.4,-10.691,422.72,588.45,A2356raw4.mat_Line42273
25,12,0,-244.96,-10.772,422.74,584.59,A2356raw4.mat_Line42275
25,12,0,-243.69,-10.809,422.75,584.13,A2356raw4.mat_Line42276
25,12,0,-242.2,-10.853,422.76,585.07,A2356raw4.mat_Line42277
25,12,0,-241.86,-10.895,422.77,586.46,A2356raw4.mat_Line42278
25,12,0,-241.54,-10.926,422.78,588.33,A2356raw4.mat_Line42279
25,12,0,-241.3,-10.962,422.79,589.71,A2356raw4.mat_Line42280
25,12,0,-242.66,-10.998,422.8,590.32,A2356raw4.mat_Line42281
25,12,0,-243.89,-11.042,422.81,590,A2356raw4.mat_Line42282
25,12,0,-245.44,-11.091,422.82,589.21,A2356raw4.mat_Line42283
25,12,-0,-246.66,-11.124,422.83,587.66,A2356raw4.mat_Line42284
25,12,0,-244.38,-11.286,422.87,584.28,A2356raw4.mat_Line42288
25,12,0,-243.17,-11.33,422.88,585.52,A2356raw4.mat_Line42289
25,12,0,-242.56,-11.366,422.89,587.07,A2356raw4.mat_Line42290
25,12,0,-242.6,-11.41,422.9,588.32,A2356raw4.mat_Line42291
25,12,0,-244.29,-11.485,422.92,588.76,A2356raw4.mat_Line42293
25,12,0,-247.18,-11.571,422.94,587.18,A2356raw4.mat_Line42295
25,12,0,-248.55,-11.612,422.95,585.31,A2356raw4.mat_Line42296
25,12,0,-248.21,-11.649,422.96,583.29,A2356raw4.mat_Line42297
25,12,0,-246.82,-11.688,422.97,582.23,A2356raw4.mat_Line42298
25,12,0,-245.79,-11.734,422.98,582.41,A2356raw4.mat_Line42299
25,12,0,-245.13,-11.771,422.99,583.66,A2356raw4.mat_Line42300
25,12,0,-244.48,-11.873,423.02,588.15,A2356raw4.mat_Line42303
25,12,0,-245.38,-11.903,423.03,588.75,A2356raw4.mat_Line42304
25,12,0,-247.3,-11.941,423.04,588.28,A2356raw4.mat_Line42305
25,12,0,-249.54,-11.963,423.06,585.13,A2356raw4.mat_Line42307
25,12,0,-246.9,-11.982,423.08,582.97,A2356raw4.mat_Line42309
25,12,0,-245.69,-11.996,423.09,583.93,A2356raw4.mat_Line42310
25,12,-0,-244.27,-12.019,423.11,587.99,A2356raw4.mat_Line42312
25,12,0,-244.36,-12.023,423.12,588.92,A2356raw4.mat_Line42313
25,12,0,-245.01,-12.01,423.13,589.06,A2356raw4.mat_Line42314
25,12,0,-246.24,-12.007,423.14,588.11,A2356raw4.mat_Line42315
25,12,0,-247.58,-12.002,423.15,586.86,A2356raw4.mat_Line42316
25,12,0,-250.26,-11.962,423.18,584.67,A2356raw4.mat_Line42319
25,12,0,-249.17,-11.946,423.19,584.54,A2356raw4.mat_Line42320
25,12,0,-247.92,-11.937,423.2,584.57,A2356raw4.mat_Line42321
25,12,0,-246.94,-11.946,423.21,585.22,A2356raw4.mat_Line42322
25,12,0,-246.34,-11.933,423.22,585.54,A2356raw4.mat_Line42323
25,12,0,-245.32,-11.936,423.23,585.52,A2356raw4.mat_Line42324
25,12,0,-245.96,-11.929,423.24,585.51,A2356raw4.mat_Line42325
25,12,0,-246.44,-11.936,423.25,585.18,A2356raw4.mat_Line42326
25,12,0,-248.2,-11.936,423.26,585.48,A2356raw4.mat_Line42327
25,12,0,-248.73,-11.941,423.27,585.77,A2356raw4.mat_Line42328
25,12,0,-249.25,-11.94,423.28,585.92,A2356raw4.mat_Line42329
25,12,0,-249.11,-11.931,423.29,585.78,A2356raw4.mat_Line42330
25,12,0,-249.17,-11.93,423.3,584.86,A2356raw4.mat_Line42331
25,12,0,-246.24,-11.85,423.34,582.83,A2356raw4.mat_Line42335
25,12,0,-246.38,-11.817,423.35,583.3,A2356raw4.mat_Line42336
25,12,0,-246.13,-11.768,423.36,583.42,A2356raw4.mat_Line42337
25,12,0,-246.43,-11.73,423.37,584.66,A2356raw4.mat_Line42338
25,12,0,-247.87,-11.671,423.38,584.97,A2356raw4.mat_Line42339
25,12,-0,-248.99,-11.449,423.42,583.33,A2356raw4.mat_Line42343
25,12,0,-247.48,-11.399,423.43,582.56,A2356raw4.mat_Line42344
25,12,-0,-246.42,-11.354,423.44,581.81,A2356raw4.mat_Line42345
25,12,0,-245.56,-11.26,423.46,581.48,A2356raw4.mat_Line42347
25,12,0,-247.84,-11.151,423.49,583,A2356raw4.mat_Line42350
25,12,0,-247.71,-11.118,423.5,584.08,A2356raw4.mat_Line42351
25,12,0,-248.78,-11.088,423.51,584.39,A2356raw4.mat_Line42352
25,12,0,-248.85,-11.045,423.52,584.26,A2356raw4.mat_Line42353
25,12,0,-248.59,-11.025,423.53,583.02,A2356raw4.mat_Line42354
25,12,0,-245.91,-10.858,423.58,581.16,A2356raw4.mat_Line42359
25,12,0,-245.85,-10.822,423.59,582.07,A2356raw4.mat_Line42360
25,12,0,-247.17,-10.809,423.6,582.84,A2356raw4.mat_Line42361
25,12,0,-247.92,-10.769,423.61,583.93,A2356raw4.mat_Line42362
25,12,0,-248.13,-10.737,423.62,584.08,A2356raw4.mat_Line42363
25,12,0,-248.25,-10.638,423.64,582.22,A2356raw4.mat_Line42365
25,12,0,-247.76,-10.594,423.65,580.68,A2356raw4.mat_Line42366
25,12,0,-247.11,-10.544,423.66,579.28,A2356raw4.mat_Line42367
25,12,0,-245.98,-10.51,423.67,579.31,A2356raw4.mat_Line42368
25,12,0,-245.77,-10.459,423.68,579.3,A2356raw4.mat_Line42369
25,12,0,-245.21,-10.409,423.69,580.39,A2356raw4.mat_Line42370
25,12,0,-245.47,-10.354,423.7,581.78,A2356raw4.mat_Line42371
25,12,0,-248.16,-10.122,423.75,581.77,A2356raw4.mat_Line42376
25,12,0,-247.28,-10.053,423.77,578.54,A2356raw4.mat_Line42378
25,12,0,-246.47,-9.905,423.81,579.77,A2356raw4.mat_Line42382
25,12,0,-246.45,-9.871,423.82,580.39,A2356raw4.mat_Line42383
25,12,0,-247.55,-9.852,423.83,581.31,A2356raw4.mat_Line42384
25,12,0,-248.17,-9.814,423.84,581.46,A2356raw4.mat_Line42385
25,12,0,-248.52,-9.774,423.85,581.28,A2356raw4.mat_Line42386
25,12,0,-245.84,-9.639,423.89,577.9,A2356raw4.mat_Line42390
25,12,0,-245.62,-9.603,423.9,577.92,A2356raw4.mat_Line42391
25,12,0,-245.53,-9.552,423.91,578.37,A2356raw4.mat_Line42392
25,12,0,-245.23,-9.51,423.92,578.68,A2356raw4.mat_Line42393
25,12,0,-245.48,-9.464,423.93,579.14,A2356raw4.mat_Line42394
25,12,0,-246.25,-9.42,423.94,579.59,A2356raw4.mat_Line42395
25,12,0,-249.21,-9.285,423.97,579.28,A2356raw4.mat_Line42398
25,12,0,-248.06,-9.184,423.99,576.67,A2356raw4.mat_Line42400
25,12,0,-247.1,-9.157,424,575.91,A2356raw4.mat_Line42401
25,12,0,-246.55,-9.111,424.01,575.61,A2356raw4.mat_Line42402
25,12,0,-247.7,-8.946,424.05,576.67,A2356raw4.mat_Line42406
25,12,0,-248.25,-8.906,424.06,577.11,A2356raw4.mat_Line42407
25,12,-0,-249.88,-8.873,424.07,576.65,A2356raw4.mat_Line42408
25,12,0,-249.78,-8.852,424.08,576.18,A2356raw4.mat_Line42409
25,12,0,-249.91,-8.813,424.09,575.24,A2356raw4.mat_Line42410
25,12,0,-248.98,-8.771,424.1,574.49,A2356raw4.mat_Line42411
25,12,0,-247.23,-8.705,424.12,573.42,A2356raw4.mat_Line42413
25,12,0,-246.87,-8.674,424.13,573.58,A2356raw4.mat_Line42414
25,12,0,-246.94,-8.642,424.14,573.72,A2356raw4.mat_Line42415
25,12,0,-247.16,-8.591,424.15,573.87,A2356raw4.mat_Line42416
25,12,0,-247.86,-8.549,424.16,574.16,A2356raw4.mat_Line42417
25,12,0,-250.33,-8.323,424.21,571.21,A2356raw4.mat_Line42422
25,12,0,-249.49,-8.28,424.22,570.45,A2356raw4.mat_Line42423
25,12,0,-247.66,-8.203,424.24,569.54,A2356raw4.mat_Line42425
25,12,0,-248.17,-8.113,424.26,569.85,A2356raw4.mat_Line42427
25,12,-0,-250.3,-8.028,424.28,568.74,A2356raw4.mat_Line42429
25,12,0,-252.05,-7.988,424.29,568.25,A2356raw4.mat_Line42430
25,12,-0,-253.19,-7.942,424.3,567.32,A2356raw4.mat_Line42431
25,12,-0,-253.3,-7.914,424.31,566.54,A2356raw4.mat_Line42432
25,12,-0,-252.61,-7.876,424.32,566.1,A2356raw4.mat_Line42433
25,12,0,-249.47,-7.729,424.36,565.2,A2356raw4.mat_Line42437
25,12,0,-250.68,-7.663,424.38,564.39,A2356raw4.mat_Line42439
25,12,0,-251.45,-7.622,424.39,563.91,A2356raw4.mat_Line42440
25,12,0,-252.69,-7.592,424.4,563.27,A2356raw4.mat_Line42441
25,12,0,-253.82,-7.551,424.41,562.8,A2356raw4.mat_Line42442
25,12,0,-254.21,-7.51,424.42,562.8,A2356raw4.mat_Line42443
25,12,0,-254.22,-7.476,424.43,562.34,A2356raw4.mat_Line42444
25,12,0,-251.94,-7.387,424.45,561.76,A2356raw4.mat_Line42446
25,12,0,-250.86,-7.348,424.46,560.37,A2356raw4.mat_Line42447
25,12,0,-251.23,-7.294,424.47,559.59,A2356raw4.mat_Line42448
25,12,0,-251.06,-7.255,424.48,558.33,A2356raw4.mat_Line42449
25,12,0,-257.22,-7.032,424.53,554.88,A2356raw4.mat_Line42454
25,12,0,-256.97,-6.996,424.54,553.96,A2356raw4.mat_Line42455
25,12,0,-255.68,-6.954,424.55,553.21,A2356raw4.mat_Line42456
25,12,0,-254.29,-6.92,424.56,552.14,A2356raw4.mat_Line42457
25,12,0,-255.39,-6.731,424.61,545.74,A2356raw4.mat_Line42462
25,12,0,-256.6,-6.701,424.62,544.47,A2356raw4.mat_Line42463
25,12,0,-258.93,-6.668,424.63,543.85,A2356raw4.mat_Line42464
25,12,0,-255.37,-6.46,424.68,538.92,A2356raw4.mat_Line42469
25,12,0,-254.12,-6.43,424.69,537.53,A2356raw4.mat_Line42470
25,12,0,-254.56,-6.386,424.7,536.13,A2356raw4.mat_Line42471
25,12,0,-255.72,-6.297,424.72,533.31,A2356raw4.mat_Line42473
25,12,0,-257.92,-6.258,424.73,531.92,A2356raw4.mat_Line42474
25,12,0,-260.85,-6.128,424.76,528.32,A2356raw4.mat_Line42477
25,12,0,-260.34,-6.087,424.77,526.64,A2356raw4.mat_Line42478
25,12,0,-258.53,-6.051,424.78,524.94,A2356raw4.mat_Line42479
25,12,0,-257.05,-6.005,424.79,523.1,A2356raw4.mat_Line42480
25,12,0,-256.49,-5.968,424.8,521.55,A2356raw4.mat_Line42481
25,12,0,-257.41,-5.856,424.83,517.96,A2356raw4.mat_Line42484
25,12,0,-259.83,-5.809,424.84,516.71,A2356raw4.mat_Line42485
25,12,0,-260.85,-5.767,424.85,514.99,A2356raw4.mat_Line42486
25,12,0,-262.93,-5.733,424.86,513.43,A2356raw4.mat_Line42487
25,12,0,-263.61,-5.701,424.87,511.41,A2356raw4.mat_Line42488
25,12,0,-262.63,-5.654,424.88,509.55,A2356raw4.mat_Line42489
25,12,0,-261.15,-5.608,424.89,507.56,A2356raw4.mat_Line42490
25,12,0,-256.7,-5.497,424.92,503.39,A2356raw4.mat_Line42493
25,12,0,-257.48,-5.455,424.93,502.62,A2356raw4.mat_Line42494
25,12,0,-258.01,-5.425,424.94,501.37,A2356raw4.mat_Line42495
25,12,0,-263.09,-5.176,425,489.08,A2356raw4.mat_Line42501
25,12,0,-260.47,-5.134,425.01,487.24,A2356raw4.mat_Line42502
25,12,0,-258.35,-5.104,425.02,486.01,A2356raw4.mat_Line42503
25,12,-0,-257.45,-5.057,425.03,484.94,A2356raw4.mat_Line42504
25,12,0,-263.56,-4.85,425.08,476.81,A2356raw4.mat_Line42509
25,12,0,-265.09,-4.818,425.09,474.01,A2356raw4.mat_Line42510
25,12,0,-263.38,-4.738,425.11,469.38,A2356raw4.mat_Line42512
25,12,-0,-256.08,-4.575,425.15,464.01,A2356raw4.mat_Line42516
25,12,0,-256.39,-4.546,425.16,462.6,A2356raw4.mat_Line42517
25,12,0,-258.21,-4.503,425.17,460.57,A2356raw4.mat_Line42518
25,12,0,-260.61,-4.462,425.18,458.23,A2356raw4.mat_Line42519
25,12,-0,-265.46,-4.378,425.2,452.77,A2356raw4.mat_Line42521
25,12,0,-256.77,-4.168,425.25,442.13,A2356raw4.mat_Line42526
25,12,0,-256.25,-4.126,425.26,440.59,A2356raw4.mat_Line42527
25,12,0,-255.99,-4.099,425.27,438.72,A2356raw4.mat_Line42528
25,12,0,-257.42,-4.052,425.28,436.85,A2356raw4.mat_Line42529
25,12,0,-266.37,-3.897,425.32,424.21,A2356raw4.mat_Line42533
25,12,0,-264.65,-3.847,425.33,421.75,A2356raw4.mat_Line42534
25,12,0,-262.59,-3.809,425.34,419.29,A2356raw4.mat_Line42535
25,12,0,-259.94,-3.787,425.35,417.14,A2356raw4.mat_Line42536
25,12,0,-259.68,-3.578,425.4,407.05,A2356raw4.mat_Line42541
25,12,0,-262.7,-3.531,425.41,403.46,A2356raw4.mat_Line42542
25,12,0,-266.1,-3.466,425.43,395.22,A2356raw4.mat_Line42544
25,12,0,-256.43,-3.219,425.49,381.49,A2356raw4.mat_Line42550
25,12,0,-257.02,-3.181,425.5,378.85,A2356raw4.mat_Line42551
25,12,0,-259.09,-3.138,425.51,375.26,A2356raw4.mat_Line42552
25,12,0,-265.05,-2.942,425.56,354.75,A2356raw4.mat_Line42557
25,12,0,-261.51,-2.899,425.57,352.45,A2356raw4.mat_Line42558
25,12,-0,-256.49,-2.779,425.6,346.14,A2356raw4.mat_Line42561
25,12,-0,-268.31,-2.587,425.65,324.32,A2356raw4.mat_Line42566
25,12,0,-268.35,-2.537,425.66,319.66,A2356raw4.mat_Line42567
25,12,0,-267.15,-2.506,425.67,315.49,A2356raw4.mat_Line42568
25,12,0,-264.46,-2.458,425.68,312.56,A2356raw4.mat_Line42569
25,12,0,-259.24,-2.258,425.73,299.58,A2356raw4.mat_Line42574
25,12,0,-266,-2.193,425.75,288.98,A2356raw4.mat_Line42576
