AmbientRoomTemperature,ElapsedTime,LongitudinalForce,LateralForce,NormalForce,InclinationAngle,OverturningMoment,AligningTorque,WheelRotationalSpeed,NormalizedLongitudinalForce(FX/FZ),NormalizedLateralForce(FY/FZ),TirePressure,EffectiveRadius,LoadedRadius,RoadSurfaceTemperature,SlipAngle,SlipRatioTextbook,SlipRatioBasedOnRL,TireSurfaceTemperature-Center,TireSurfaceTemperature-Inboard,TireSurfaceTemperature-Outboard,RoadSpeed,testid,tireid,Index
78.2,447.8,-6.5,-61.21,-107.07,0.009,-3.84,1.04,0.03,0.0607,0.5717,12.1,160485.05,7.84,91.54,0.647,-0,-1,123.13,123.6,125.14,25.03,Cornering,"Hoosier 43075 16x7.5-10 R20, 7 inch rim",7491
78.19,447.81,-5.45,-64.59,-106.44,0.004,-2.72,0.24,0.09,0.0512,0.6068,12.15,44460.94,7.85,91.56,0.691,-0,-0.9998,123.17,123.51,125.18,25.03,Cornering,"Hoosier 43075 16x7.5-10 R20, 7 inch rim",7492
78.16,447.82,-4.57,-67.55,-103.75,0.013,-3.18,-0.01,-0.04,0.0441,0.6511,12.14,-99643.05,7.84,91.59,0.737,-0,-1.0001,123.08,123.51,125.16,25,Cornering,"Hoosier 43075 16x7.5-10 R20, 7 inch rim",7493
78.2,447.83,-4.52,-70.79,-101.54,0.012,-3.63,0.06,-0.04,0.0445,0.6972,12.1,-99549.74,7.84,91.63,0.769,-0,-1.0001,122.98,123.45,125.16,24.98,Cornering,"Hoosier 43075 16x7.5-10 R20, 7 inch rim",7494
78.21,447.84,-5.21,-73.44,-101.49,0.017,-1.91,0.52,0.03,0.0514,0.7236,12,159995.16,7.84,91.64,0.799,-0,-1,123,123.45,125.2,24.96,Cornering,"Hoosier 43075 16x7.5-10 R20, 7 inch rim",7495
78.17,447.85,-5.93,-76.99,-101.47,0.012,-2.14,1.87,0.09,0.0584,0.7588,11.93,44335.24,7.84,91.68,0.855,-0,-0.9998,123.02,123.49,125.28,24.96,Cornering,"Hoosier 43075 16x7.5-10 R20, 7 inch rim",7496
78.18,447.86,-7.14,-81.01,-103.19,0.003,-2.01,3.21,0.09,0.0692,0.785,11.93,44324.65,7.85,91.72,0.875,-0,-0.9998,123.06,123.58,125.38,24.95,Cornering,"Hoosier 43075 16x7.5-10 R20, 7 inch rim",7497
78.2,447.87,-7.61,-85.1,-105.65,0.013,-2.5,5.09,-0.04,0.0721,0.8055,11.98,-99452.66,7.85,91.74,0.918,-0,-1.0001,123.11,123.6,125.45,24.96,Cornering,"Hoosier 43075 16x7.5-10 R20, 7 inch rim",7498
78.2,447.88,-7.26,-89.28,-107.96,0.001,-3.24,6.83,0.03,0.0673,0.827,12.08,159950.25,7.85,91.79,0.948,-0,-1,123.13,123.62,125.57,24.95,Cornering,"Hoosier 43075 16x7.5-10 R20, 7 inch rim",7499
78.17,447.89,-6.24,-92.84,-110.42,-0.006,-3.13,8.1,0.03,0.0565,0.8408,12.14,159874,7.85,91.82,0.982,-0,-1,123.11,123.56,125.61,24.94,Cornering,"Hoosier 43075 16x7.5-10 R20, 7 inch rim",7500
78.2,447.9,-4.52,-96.15,-111.54,0.007,-3.57,9.17,0.03,0.0405,0.862,12.12,159835.36,7.85,91.83,1.008,-0,-1,123.06,123.49,125.61,24.93,Cornering,"Hoosier 43075 16x7.5-10 R20, 7 inch rim",7501
78.21,447.91,-2.13,-99.26,-112.26,0.01,-2.88,10.03,0.09,0.0189,0.8842,12.08,44280.53,7.85,91.86,1.062,-0,-0.9998,123.04,123.49,125.71,24.93,Cornering,"Hoosier 43075 16x7.5-10 R20, 7 inch rim",7502
78.18,447.92,-0.05,-101.39,-110.61,0.004,-2.86,10.58,0.03,0.0004,0.9167,12,159830.06,7.85,91.85,1.095,-0,-1,122.98,123.45,125.71,24.93,Cornering,"Hoosier 43075 16x7.5-10 R20, 7 inch rim",7503
78.18,447.93,1.37,-103.23,-108.39,0.003,-2.65,10.69,0.03,-0.0127,0.9524,11.97,159902.36,7.85,91.84,1.127,-0,-1,122.91,123.4,125.69,24.94,Cornering,"Hoosier 43075 16x7.5-10 R20, 7 inch rim",7504
78.2,447.94,2.06,-104.48,-105.46,0.01,-2.93,10.9,-0.04,-0.0195,0.9907,11.98,-99442.92,7.85,91.84,1.177,-0,-1.0001,122.83,123.36,125.69,24.96,Cornering,"Hoosier 43075 16x7.5-10 R20, 7 inch rim",7505
78.2,447.95,2.45,-105.73,-103.7,0.017,-2.48,11.68,0.03,-0.0236,1.0196,12.03,159933.22,7.85,91.84,1.221,-0,-1,122.74,123.36,125.69,24.95,Cornering,"Hoosier 43075 16x7.5-10 R20, 7 inch rim",7506
78.18,447.96,0.47,-107.41,-102.01,0.012,-2.93,11.07,0.03,-0.0046,1.0529,12.07,160005.34,7.85,91.84,1.253,-0,-1,122.74,123.32,125.75,24.96,Cornering,"Hoosier 43075 16x7.5-10 R20, 7 inch rim",7507
78.18,447.97,-0.75,-109.55,-102.21,0.001,-2.71,11.76,0.09,0.0073,1.0718,12.08,44368.95,7.85,91.82,1.291,-0,-0.9998,122.76,123.36,125.81,24.98,Cornering,"Hoosier 43075 16x7.5-10 R20, 7 inch rim",7508
78.21,447.98,-2.59,-112.22,-103.51,0.007,-2.67,11.96,-0.04,0.025,1.0842,12.04,-99528.26,7.85,91.81,1.337,-0,-1.0001,122.78,123.32,125.89,24.98,Cornering,"Hoosier 43075 16x7.5-10 R20, 7 inch rim",7509
78.2,447.99,-4.25,-115.15,-105.73,-0,-1.88,11.31,0.09,0.0402,1.0891,11.98,44377.65,7.86,91.81,1.369,-0,-0.9998,122.76,123.25,125.87,24.98,Cornering,"Hoosier 43075 16x7.5-10 R20, 7 inch rim",7510
78.17,448,-4.92,-118.46,-108.82,0.013,-0.76,10.53,0.03,0.0452,1.0886,11.96,160103.62,7.85,91.82,1.429,-0,-1,122.8,123.25,125.91,24.98,Cornering,"Hoosier 43075 16x7.5-10 R20, 7 inch rim",7511
78.2,448.01,-5.05,-121.84,-110.77,-0,-0.75,9.22,0.16,0.0456,1.0999,11.99,25750.58,7.86,91.84,1.456,-0,-0.9997,122.68,123.25,125.89,24.98,Cornering,"Hoosier 43075 16x7.5-10 R20, 7 inch rim",7512
78.21,448.02,-4,-125.3,-111.95,0.012,-0.6,8.16,0.09,0.0357,1.1193,12.04,44364.2,7.86,91.87,1.512,-0,-0.9998,122.65,123.25,125.97,24.98,Cornering,"Hoosier 43075 16x7.5-10 R20, 7 inch rim",7513
78.18,448.03,-2.56,-127.59,-110.5,0.004,-1.52,7.3,0.16,0.0232,1.1547,12.1,25761.55,7.86,91.89,1.531,-0,-0.9997,122.59,123.21,125.97,24.99,Cornering,"Hoosier 43075 16x7.5-10 R20, 7 inch rim",7514
78.19,448.04,-0.98,-129.13,-108.19,0.006,-2.23,6.92,0.09,0.009,1.1935,12.11,44393.46,7.86,91.87,1.581,-0,-0.9998,122.5,123.21,126.03,25,Cornering,"Hoosier 43075 16x7.5-10 R20, 7 inch rim",7515
78.21,448.05,-0.16,-129.23,-104.84,-0.002,-2.14,6.35,0.03,0.0015,1.2327,12.03,160162.58,7.86,91.85,1.612,-0,-1,122.4,123.23,125.99,24.99,Cornering,"Hoosier 43075 16x7.5-10 R20, 7 inch rim",7516
78.2,448.06,-0.42,-129.07,-101.76,0.001,-2.14,6.01,0.03,0.0042,1.2683,11.97,160046.8,7.86,91.81,1.661,-0,-1,122.38,123.21,125.99,24.97,Cornering,"Hoosier 43075 16x7.5-10 R20, 7 inch rim",7517
78.18,448.07,-1.33,-128.93,-99.39,0.01,-1.9,6.09,0.09,0.0134,1.2972,11.92,44318.53,7.86,91.8,1.697,-0,-0.9998,122.31,123.16,126.03,24.96,Cornering,"Hoosier 43075 16x7.5-10 R20, 7 inch rim",7518
78.2,448.08,-3.22,-129.5,-98.94,-0.002,-0.84,6.31,-0.04,0.0325,1.3088,11.92,-99414.42,7.86,91.84,1.745,-0,-1.0001,122.29,123.25,126.19,24.96,Cornering,"Hoosier 43075 16x7.5-10 R20, 7 inch rim",7519
78.21,448.09,-4.51,-131.56,-99.47,0.009,-1.05,7.27,0.03,0.0453,1.3226,11.99,159813.67,7.86,91.86,1.771,-0,-1,122.29,123.23,126.31,24.94,Cornering,"Hoosier 43075 16x7.5-10 R20, 7 inch rim",7520
78.18,448.1,-5.32,-134.5,-101.39,0.001,-0.66,8.26,0.09,0.0525,1.3265,12.06,44294.66,7.86,91.9,1.821,-0,-0.9998,122.38,123.25,126.42,24.94,Cornering,"Hoosier 43075 16x7.5-10 R20, 7 inch rim",7521
78.19,448.11,-5.52,-137.94,-104.38,0.006,-0.17,9.01,-0.04,0.0529,1.3216,12.13,-99407.95,7.86,91.92,1.853,-0,-1.0001,122.44,123.25,126.44,24.96,Cornering,"Hoosier 43075 16x7.5-10 R20, 7 inch rim",7522
78.22,448.12,-4.92,-141.71,-106.42,0.013,-0.82,9.2,0.03,0.0462,1.3317,12.13,159876.09,7.86,91.91,1.891,-0,-1,122.46,123.25,126.48,24.95,Cornering,"Hoosier 43075 16x7.5-10 R20, 7 inch rim",7523
78.2,448.13,-4.04,-145.28,-108.28,0.012,-0.54,8.57,0.16,0.0373,1.3417,12.08,25707.61,7.86,91.95,1.937,-0,-0.9997,122.5,123.27,126.54,24.94,Cornering,"Hoosier 43075 16x7.5-10 R20, 7 inch rim",7524
78.18,448.14,-1.96,-147.88,-107.82,-0,-1.9,8.76,0.03,0.0182,1.3716,11.99,159866.73,7.86,91.97,1.982,-0,-1,122.53,123.32,126.56,24.95,Cornering,"Hoosier 43075 16x7.5-10 R20, 7 inch rim",7525
78.21,448.15,0.1,-148.64,-106.43,-0,-1.58,8.99,0.09,-0.001,1.3966,11.91,44309.52,7.86,91.97,2.022,-0,-0.9998,122.55,123.23,126.54,24.96,Cornering,"Hoosier 43075 16x7.5-10 R20, 7 inch rim",7526
78.21,448.16,1.71,-148.04,-103.1,0.012,-2.41,9.38,0.03,-0.0166,1.436,11.91,160079.95,7.86,91.93,2.07,-0,-1,122.5,123.29,126.54,24.98,Cornering,"Hoosier 43075 16x7.5-10 R20, 7 inch rim",7527
78.19,448.17,2.67,-145.83,-99.69,0.01,-1.53,9.78,0.03,-0.0268,1.4629,11.96,160223.7,7.86,91.89,2.113,-0,-1,122.5,123.27,126.5,25.01,Cornering,"Hoosier 43075 16x7.5-10 R20, 7 inch rim",7528
78.19,448.18,2.29,-144.61,-97.62,0.02,-0.66,10.07,0.09,-0.0234,1.4813,12.02,44387.88,7.86,91.92,2.151,-0,-0.9998,122.48,123.27,126.52,25,Cornering,"Hoosier 43075 16x7.5-10 R20, 7 inch rim",7529
78.21,448.19,1.14,-144.04,-95.96,-0.006,-0.05,10.67,0.09,-0.0118,1.501,12.08,44376.07,7.87,91.93,2.198,-0,-0.9998,122.53,123.29,126.54,25,Cornering,"Hoosier 43075 16x7.5-10 R20, 7 inch rim",7530
78.21,448.2,-1.08,-145.62,-96.73,0.003,0.86,10.5,0.03,0.0112,1.5054,12.1,160135.36,7.87,91.93,2.235,-0,-1,122.55,123.36,126.64,25,Cornering,"Hoosier 43075 16x7.5-10 R20, 7 inch rim",7531
78.17,448.21,-2.92,-148.75,-98.41,0.006,0.5,10.69,0.09,0.0296,1.5116,12.05,44362.86,7.87,91.93,2.287,-0,-0.9998,122.57,123.36,126.74,24.99,Cornering,"Hoosier 43075 16x7.5-10 R20, 7 inch rim",7532
78.2,448.22,-4.04,-153.32,-101.03,0.017,-0.14,10.66,0.09,0.04,1.5175,12,44402.66,7.86,91.93,2.327,-0,-0.9998,122.57,123.4,126.7,25.01,Cornering,"Hoosier 43075 16x7.5-10 R20, 7 inch rim",7533
78.22,448.23,-4.76,-158.38,-103.91,-0.006,-0.96,9.62,0.09,0.0458,1.5242,11.95,44411.97,7.87,91.9,2.355,-0,-0.9998,122.57,123.38,126.8,25.02,Cornering,"Hoosier 43075 16x7.5-10 R20, 7 inch rim",7534
78.2,448.24,-4.44,-162.61,-106.26,0.003,-1.64,8.6,0.09,0.0418,1.5303,11.95,44400.18,7.87,91.9,2.398,-0,-0.9998,122.55,123.47,126.78,25.01,Cornering,"Hoosier 43075 16x7.5-10 R20, 7 inch rim",7535
78.18,448.25,-3.12,-165.73,-106.77,0.004,-2.55,7.86,-0.04,0.0292,1.5521,12,-99550.73,7.87,91.89,2.443,-0,-1.0001,122.63,123.45,126.82,25,Cornering,"Hoosier 43075 16x7.5-10 R20, 7 inch rim",7536
78.22,448.26,-1.76,-166.54,-105.7,0.017,-2.63,6.95,0.09,0.0166,1.5756,12.08,44376.44,7.86,91.9,2.487,-0,-0.9998,122.61,123.47,126.76,25,Cornering,"Hoosier 43075 16x7.5-10 R20, 7 inch rim",7537
78.21,448.27,-0.33,-165.38,-102.82,0.003,-2.56,6.55,0.03,0.0032,1.6085,12.08,160136.55,7.87,91.9,2.521,-0,-1,122.59,123.49,126.76,25,Cornering,"Hoosier 43075 16x7.5-10 R20, 7 inch rim",7538
78.18,448.28,0.26,-162.38,-99.07,-0.002,-1.88,5.9,0.09,-0.0027,1.6391,12.06,44405.15,7.87,91.89,2.546,-0,-0.9998,122.53,123.49,126.7,25.02,Cornering,"Hoosier 43075 16x7.5-10 R20, 7 inch rim",7539
78.2,448.29,-0,-159.62,-96.65,0.014,-0.38,5.8,0.09,0.0001,1.6515,12,44414.32,7.87,91.88,2.576,-0,-0.9998,122.5,123.45,126.62,25.03,Cornering,"Hoosier 43075 16x7.5-10 R20, 7 inch rim",7540
78.22,448.3,-0.56,-158.79,-95.57,0.003,0.65,6.48,0.03,0.0059,1.6614,11.93,160197.66,7.87,91.88,2.619,-0,-1,122.48,123.43,126.58,25.01,Cornering,"Hoosier 43075 16x7.5-10 R20, 7 inch rim",7541
78.2,448.31,-2.61,-159.42,-95.62,0.006,1.32,6.62,0.03,0.0272,1.6671,11.87,160120.45,7.87,91.86,2.64,-0,-1,122.5,123.45,126.68,25,Cornering,"Hoosier 43075 16x7.5-10 R20, 7 inch rim",7542
78.19,448.32,-3.86,-162.69,-97.06,0.004,0.93,7.76,0.09,0.0398,1.6761,11.91,44327.93,7.87,91.89,2.683,-0,-0.9998,122.53,123.47,126.7,24.98,Cornering,"Hoosier 43075 16x7.5-10 R20, 7 inch rim",7543
78.2,448.33,-4.54,-167.22,-99.63,0.006,0.43,9.04,0.03,0.0455,1.6784,11.99,159923.2,7.87,91.92,2.723,-0,-1,122.59,123.45,126.7,24.97,Cornering,"Hoosier 43075 16x7.5-10 R20, 7 inch rim",7544
78.22,448.34,-3.7,-172.2,-102.44,0.004,-0.74,10.62,0.09,0.0361,1.681,12.06,44283.22,7.87,91.97,2.773,-0,-0.9998,122.63,123.4,126.7,24.96,Cornering,"Hoosier 43075 16x7.5-10 R20, 7 inch rim",7545
78.19,448.35,-2.35,-176.55,-104.71,-0.002,-1.43,11.54,0.03,0.0224,1.6861,12.1,159838.25,7.87,91.98,2.798,-0,-1,122.59,123.45,126.74,24.96,Cornering,"Hoosier 43075 16x7.5-10 R20, 7 inch rim",7546
78.19,448.36,-0.25,-179.36,-105.65,0.001,-2.21,12.32,0.03,0.0023,1.6977,12.05,159869.48,7.87,92.04,2.838,-0,-1,122.57,123.58,126.76,24.97,Cornering,"Hoosier 43075 16x7.5-10 R20, 7 inch rim",7547
78.22,448.37,1.63,-179.99,-104.85,0.004,-2.54,12.2,0.03,-0.0155,1.7167,11.99,159826.41,7.87,92.04,2.878,-0,-1,122.53,123.56,126.78,24.96,Cornering,"Hoosier 43075 16x7.5-10 R20, 7 inch rim",7548
78.2,448.38,2.78,-178.58,-102.34,0.007,-2.79,11.5,0.09,-0.0271,1.745,11.91,44277.41,7.87,92.04,2.915,-0,-0.9998,122.57,123.58,126.78,24.96,Cornering,"Hoosier 43075 16x7.5-10 R20, 7 inch rim",7549
78.19,448.39,3.77,-175.28,-99.78,0.004,-1.07,11.15,0.03,-0.0378,1.7566,11.89,159702.25,7.87,92.02,2.962,-0,-1,122.53,123.56,126.8,24.94,Cornering,"Hoosier 43075 16x7.5-10 R20, 7 inch rim",7550
78.21,448.4,3.85,-172.35,-96.67,0.017,-0.57,10.89,0.09,-0.0398,1.783,11.92,44242.72,7.87,91.96,3.005,-0,-0.9998,122.46,123.54,126.76,24.94,Cornering,"Hoosier 43075 16x7.5-10 R20, 7 inch rim",7551
78.22,448.41,3.26,-170.14,-94.54,0.013,0.59,11.06,0.09,-0.0345,1.7998,12,44261.11,7.87,91.9,3.055,-0,-0.9998,122.46,123.56,126.74,24.95,Cornering,"Hoosier 43075 16x7.5-10 R20, 7 inch rim",7552
78.2,448.42,1.66,-170.25,-94.39,0.003,1.64,11.01,-0.04,-0.0176,1.8036,12.08,-99376.15,7.87,91.86,3.101,-0,-1.0001,122.5,123.54,126.78,24.97,Cornering,"Hoosier 43075 16x7.5-10 R20, 7 inch rim",7553
78.19,448.43,-0.7,-173.04,-95.61,-0.002,1.83,10.65,0.03,0.0074,1.8098,12.14,159934.41,7.87,91.86,3.137,-0,-1,122.59,123.67,126.9,24.98,Cornering,"Hoosier 43075 16x7.5-10 R20, 7 inch rim",7554
78.22,448.44,-2.98,-177.85,-97.45,-0.009,0.73,10.1,0.16,0.0306,1.8251,12.13,25716.35,7.87,91.85,3.19,-0,-0.9997,122.63,123.62,126.9,24.98,Cornering,"Hoosier 43075 16x7.5-10 R20, 7 inch rim",7555
78.21,448.45,-4.4,-183.51,-100.2,0.004,-0.63,9.5,-0.04,0.0439,1.8314,12.06,-99386.09,7.87,91.88,3.23,-0,-1.0001,122.68,123.65,127,24.98,Cornering,"Hoosier 43075 16x7.5-10 R20, 7 inch rim",7556
78.19,448.46,-4.52,-188.64,-102.88,-0,-1.31,8.87,0.03,0.0439,1.8335,11.98,159762.97,7.87,91.91,3.276,-0,-1,122.72,123.65,127.08,24.96,Cornering,"Hoosier 43075 16x7.5-10 R20, 7 inch rim",7557
78.2,448.47,-3.39,-192.39,-104.91,0.006,-1.83,8.43,0.09,0.0323,1.834,11.93,44269.78,7.87,91.85,3.316,-0,-0.9998,122.7,123.69,127.1,24.96,Cornering,"Hoosier 43075 16x7.5-10 R20, 7 inch rim",7558
78.22,448.48,-2.47,-193.96,-104.46,0.01,-2.9,7.29,0.09,0.0236,1.8568,11.93,44278.15,7.87,91.82,3.356,-0,-0.9998,122.74,123.67,127.14,24.97,Cornering,"Hoosier 43075 16x7.5-10 R20, 7 inch rim",7559
78.19,448.49,-1.27,-192.52,-103.47,0.006,-1.35,5.83,0.16,0.0123,1.8606,11.97,25704.79,7.87,91.82,3.395,-0,-0.9997,122.68,123.71,127.1,24.97,Cornering,"Hoosier 43075 16x7.5-10 R20, 7 inch rim",7560
78.19,448.5,-0.89,-189.09,-99.71,0.007,-1.72,4.3,0.03,0.0089,1.8964,12.05,159846,7.87,91.82,3.439,-0,-1,122.68,123.67,127.16,24.98,Cornering,"Hoosier 43075 16x7.5-10 R20, 7 inch rim",7561
78.22,448.51,-0.44,-184.74,-97.16,0.016,0.3,3.77,0.03,0.0045,1.9015,12.12,159914.58,7.87,91.8,3.471,-0,-1,122.68,123.71,127.1,24.99,Cornering,"Hoosier 43075 16x7.5-10 R20, 7 inch rim",7562
78.21,448.52,-0.78,-181.87,-94.49,0.001,0.96,3.73,-0.04,0.0083,1.9249,12.11,-99378.19,7.87,91.8,3.517,-0,-1.0001,122.68,123.69,127.1,24.98,Cornering,"Hoosier 43075 16x7.5-10 R20, 7 inch rim",7563
78.18,448.53,-1.78,-180.79,-93.48,0.006,2.09,4.28,0.16,0.019,1.9341,12.07,25706.48,7.87,91.84,3.544,-0,-0.9997,122.72,123.71,127.14,24.98,Cornering,"Hoosier 43075 16x7.5-10 R20, 7 inch rim",7564
78.2,448.54,-2.72,-183.58,-94.1,0.001,1.48,5.68,-0.04,0.0289,1.951,12.01,-99301.06,7.87,91.86,3.587,-0,-1.0001,122.83,123.82,127.22,24.97,Cornering,"Hoosier 43075 16x7.5-10 R20, 7 inch rim",7565
78.23,448.55,-3.84,-188.1,-96.08,0.001,0.87,7.08,0.09,0.04,1.9577,11.96,44244.5,7.87,91.88,3.62,-0,-0.9998,122.91,123.87,127.32,24.96,Cornering,"Hoosier 43075 16x7.5-10 R20, 7 inch rim",7566
78.2,448.56,-4.53,-194.03,-98.55,-0,-0.66,8.15,0.16,0.046,1.9688,11.97,25660.89,7.87,91.9,3.673,-0,-0.9997,122.95,123.93,127.37,24.94,Cornering,"Hoosier 43075 16x7.5-10 R20, 7 inch rim",7567
78.19,448.57,-3.85,-199.35,-101.47,0.004,-1.62,9.61,0.09,0.0379,1.9647,12.04,44209.65,7.87,91.9,3.697,-0,-0.9998,122.95,123.89,127.37,24.94,Cornering,"Hoosier 43075 16x7.5-10 R20, 7 inch rim",7568
78.22,448.58,-2.22,-203.24,-103.3,0.004,-2.41,10.61,0.09,0.0214,1.9675,12.1,44176.33,7.87,91.93,3.744,-0,-0.9998,123,123.98,127.43,24.92,Cornering,"Hoosier 43075 16x7.5-10 R20, 7 inch rim",7569
78.21,448.59,-0.03,-204.83,-104.15,0.013,-2.39,11.43,0.09,0.0003,1.9666,12.15,44174.73,7.87,91.94,3.774,-0,-0.9998,122.98,124,127.43,24.92,Cornering,"Hoosier 43075 16x7.5-10 R20, 7 inch rim",7570
78.18,448.6,2.2,-203.5,-103.08,-0.006,-1.67,11.58,0.09,-0.0213,1.9742,12.14,44182.77,7.87,91.95,3.816,-0,-0.9998,122.98,124.02,127.45,24.93,Cornering,"Hoosier 43075 16x7.5-10 R20, 7 inch rim",7571
78.2,448.61,3.47,-199.53,-100.25,0.017,-1.04,11.08,0.03,-0.0346,1.9903,12.08,159510.16,7.87,91.93,3.847,-0,-1,123.02,124,127.39,24.94,Cornering,"Hoosier 43075 16x7.5-10 R20, 7 inch rim",7572
78.22,448.62,4.81,-194.33,-97.54,0.007,0.6,11.05,0.03,-0.0493,1.9924,12,159501.39,7.87,91.94,3.892,-0,-1,123,124.02,127.3,24.94,Cornering,"Hoosier 43075 16x7.5-10 R20, 7 inch rim",7573
78.2,448.63,4.81,-190.42,-94.27,0.003,0.87,10.89,0.09,-0.051,2.02,11.93,44187,7.87,91.95,3.926,-0,-0.9998,123.04,124,127.28,24.93,Cornering,"Hoosier 43075 16x7.5-10 R20, 7 inch rim",7574
78.18,448.64,3.57,-188.72,-92.92,0.009,1.6,10.66,0.09,-0.0384,2.031,11.95,44163.98,7.87,91.91,3.97,-0,-0.9998,123.06,124.06,127.24,24.92,Cornering,"Hoosier 43075 16x7.5-10 R20, 7 inch rim",7575
78.21,448.65,2.22,-190.71,-93.46,-0,1.26,11.1,0.03,-0.0238,2.0406,12.01,159441.52,7.87,91.87,4.005,-0,-1,123.11,124.09,127.22,24.93,Cornering,"Hoosier 43075 16x7.5-10 R20, 7 inch rim",7576
78.22,448.66,0.06,-195.28,-95.21,0.013,0.97,11.2,0.03,-0.0006,2.051,12.11,159581.25,7.87,91.84,4.046,-0,-1,123.19,124.17,127.32,24.96,Cornering,"Hoosier 43075 16x7.5-10 R20, 7 inch rim",7577
78.19,448.67,-1.47,-200.98,-97.39,-0.005,-0.12,11.39,0.09,0.015,2.0637,12.15,44259.51,7.87,91.82,4.096,-0,-0.9998,123.19,124.22,127.26,24.98,Cornering,"Hoosier 43075 16x7.5-10 R20, 7 inch rim",7578
78.2,448.68,-2.97,-206.49,-100.06,0.01,-0.96,10.78,0.09,0.0297,2.0636,12.17,44277.71,7.87,91.85,4.137,-0,-0.9998,123.23,124.2,127.3,24.99,Cornering,"Hoosier 43075 16x7.5-10 R20, 7 inch rim",7579
78.22,448.69,-3.59,-211.13,-102.46,0.001,-1.66,9.5,0.03,0.0351,2.0607,12.11,159738.31,7.87,91.85,4.181,-0,-1,123.23,124.24,127.32,24.98,Cornering,"Hoosier 43075 16x7.5-10 R20, 7 inch rim",7580
78.2,448.7,-3.41,-213,-103.28,0.001,-1.93,7.88,0.09,0.033,2.0622,12,44242.34,7.87,91.87,4.214,-0,-0.9998,123.19,124.24,127.37,24.97,Cornering,"Hoosier 43075 16x7.5-10 R20, 7 inch rim",7581
78.18,448.71,-1.88,-213.04,-102.69,0.014,-2.4,7.3,0.03,0.0183,2.0746,11.93,159683.69,7.87,91.88,4.263,-0,-1,123.26,124.28,127.39,24.98,Cornering,"Hoosier 43075 16x7.5-10 R20, 7 inch rim",7582
78.2,448.72,-0.96,-209.7,-100.97,0.001,-0.99,5.61,0.09,0.0095,2.0768,11.9,44257.8,7.87,91.88,4.298,-0,-0.9998,123.26,124.24,127.39,24.98,Cornering,"Hoosier 43075 16x7.5-10 R20, 7 inch rim",7583
78.22,448.73,0.25,-205.19,-98.05,0.004,-0.55,4.88,0.09,-0.0025,2.0927,11.96,44286.77,7.87,91.86,4.328,-0,-0.9998,123.28,124.28,127.34,25,Cornering,"Hoosier 43075 16x7.5-10 R20, 7 inch rim",7584
78.19,448.74,0.72,-200.5,-95.5,0.004,0.83,4.52,0.03,-0.0075,2.0996,12.04,159878.2,7.87,91.87,4.389,-0,-1,123.21,124.26,127.34,25.01,Cornering,"Hoosier 43075 16x7.5-10 R20, 7 inch rim",7585
78.19,448.75,0.59,-198,-93.14,0.001,0.82,4.78,0.09,-0.0063,2.1257,12.14,44301.46,7.87,91.9,4.423,-0,-0.9998,123.21,124.31,127.32,25.01,Cornering,"Hoosier 43075 16x7.5-10 R20, 7 inch rim",7586
78.22,448.76,-0.58,-198.5,-93.4,0.013,1.75,5.34,0.09,0.0062,2.1254,12.17,44298.5,7.87,91.92,4.47,-0,-0.9998,123.28,124.33,127.34,25.01,Cornering,"Hoosier 43075 16x7.5-10 R20, 7 inch rim",7587
78.21,448.77,-2.01,-201.42,-93.56,0.003,1.18,6.09,0.16,0.0215,2.1528,12.13,25698.75,7.87,91.91,4.499,-0,-0.9997,123.38,124.39,127.37,25,Cornering,"Hoosier 43075 16x7.5-10 R20, 7 inch rim",7588
78.18,448.78,-2.87,-207.15,-96.21,-0.009,0.58,7.61,0.09,0.0299,2.1532,12.06,44242.81,7.87,91.86,4.539,-0,-0.9998,123.51,124.37,127.41,24.98,Cornering,"Hoosier 43075 16x7.5-10 R20, 7 inch rim",7589
78.2,448.79,-3.56,-212.66,-98.07,0.007,-0.98,8.44,0.09,0.0363,2.1685,11.97,44239.96,7.87,91.84,4.583,-0,-0.9998,123.53,124.42,127.47,24.98,Cornering,"Hoosier 43075 16x7.5-10 R20, 7 inch rim",7590
78.23,448.8,-3.02,-217.36,-100.61,0.013,-1.38,9.46,0.16,0.03,2.1604,11.92,25658.79,7.87,91.86,4.612,-0,-0.9997,123.6,124.44,127.49,24.97,Cornering,"Hoosier 43075 16x7.5-10 R20, 7 inch rim",7591
78.19,448.81,-1.68,-220.33,-102.69,0.014,-1.49,10.09,0.09,0.0163,2.1455,11.93,44203.96,7.87,91.92,4.663,-0,-0.9998,123.6,124.37,127.51,24.97,Cornering,"Hoosier 43075 16x7.5-10 R20, 7 inch rim",7592
78.19,448.82,0.13,-220.91,-102.95,0.006,-1.5,10.11,0.03,-0.0013,2.1458,12.01,159472.42,7.87,91.94,4.702,-0,-1,123.58,124.44,127.55,24.96,Cornering,"Hoosier 43075 16x7.5-10 R20, 7 inch rim",7593
78.21,448.83,1.73,-218.23,-101.87,-0.003,-0.91,9.42,0.09,-0.017,2.1423,12.09,44168.35,7.87,91.96,4.736,-0,-0.9998,123.58,124.48,127.55,24.95,Cornering,"Hoosier 43075 16x7.5-10 R20, 7 inch rim",7594
78.21,448.84,3.36,-213.77,-99.71,0.016,-0.19,9.27,0.16,-0.0337,2.144,12.15,25634.07,7.87,91.98,4.791,-0,-0.9997,123.62,124.53,127.51,24.95,Cornering,"Hoosier 43075 16x7.5-10 R20, 7 inch rim",7595
78.18,448.85,3.8,-208.31,-96.25,0.014,0.01,8.35,0.03,-0.0395,2.1643,12.15,159331.27,7.87,92.01,4.827,-0,-1,123.64,124.55,127.45,24.94,Cornering,"Hoosier 43075 16x7.5-10 R20, 7 inch rim",7596
78.2,448.86,3.33,-204.24,-93.95,0.012,1.3,7.79,0.09,-0.0354,2.1739,12.11,44169.73,7.87,92.02,4.868,-0,-0.9998,123.66,124.59,127.41,24.96,Cornering,"Hoosier 43075 16x7.5-10 R20, 7 inch rim",7597
78.22,448.87,1.79,-203.3,-92.74,0.01,1.43,7.25,0.09,-0.0193,2.192,12.02,44177.25,7.87,92,4.908,-0,-0.9998,123.73,124.61,127.41,24.96,Cornering,"Hoosier 43075 16x7.5-10 R20, 7 inch rim",7598
78.2,448.88,-0.02,-206.07,-92.95,0.001,0.9,7.3,0.03,0.0002,2.2169,11.93,159266.69,7.87,92,4.938,-0,-1,123.79,124.72,127.43,24.94,Cornering,"Hoosier 43075 16x7.5-10 R20, 7 inch rim",7599
78.18,448.89,-2.02,-210.58,-94.47,0.001,0.61,7.47,0.23,0.0214,2.229,11.92,18051.96,7.87,91.97,4.988,-0,-0.9996,123.94,124.75,127.49,24.95,Cornering,"Hoosier 43075 16x7.5-10 R20, 7 inch rim",7600
78.21,448.9,-3.63,-216.52,-96.97,0.006,-0.06,7.44,0.16,0.0374,2.2329,11.97,25624.57,7.87,91.94,5.029,-0,-0.9997,124.07,124.79,127.59,24.95,Cornering,"Hoosier 43075 16x7.5-10 R20, 7 inch rim",7601
78.22,448.91,-3.81,-221.36,-99.66,0.009,-0.48,7.88,0.03,0.0382,2.2212,12.03,159381.03,7.87,91.9,5.071,-0,-1,124.13,124.83,127.61,24.96,Cornering,"Hoosier 43075 16x7.5-10 R20, 7 inch rim",7602
78.19,448.92,-3.51,-225.12,-101.83,0.013,-0.85,7.48,0.03,0.0344,2.2107,12.11,159483.22,7.87,91.86,5.106,-0,-1,124.2,124.86,127.71,24.98,Cornering,"Hoosier 43075 16x7.5-10 R20, 7 inch rim",7603
78.2,448.93,-2.56,-226.35,-102.46,0.01,-1.34,6.82,0.16,0.025,2.2091,12.12,25649.48,7.87,91.85,5.146,-0,-0.9997,124.16,124.88,127.75,24.98,Cornering,"Hoosier 43075 16x7.5-10 R20, 7 inch rim",7604
78.23,448.94,-0.86,-224.63,-102.03,0.009,-1.03,6.19,0.03,0.0085,2.2016,12.07,159311.34,7.87,91.85,5.197,-0,-1,124.2,124.88,127.81,24.96,Cornering,"Hoosier 43075 16x7.5-10 R20, 7 inch rim",7605
78.2,448.95,0.37,-220.25,-99.84,0.006,-0.59,5.34,0.09,-0.0037,2.206,12.02,44133.76,7.87,91.86,5.232,-0,-0.9998,124.16,124.88,127.79,24.95,Cornering,"Hoosier 43075 16x7.5-10 R20, 7 inch rim",7606
78.18,448.96,1.58,-214.5,-96.46,0.009,-0.33,5.12,0.03,-0.0164,2.2238,11.96,159289.39,7.87,91.9,5.281,-0,-1,124.11,124.88,127.73,24.96,Cornering,"Hoosier 43075 16x7.5-10 R20, 7 inch rim",7607
78.21,448.97,2.19,-209.21,-93.9,0.013,0.92,5.21,0.09,-0.0233,2.2281,11.98,44138.53,7.87,91.9,5.306,-0,-0.9998,124.09,124.9,127.69,24.96,Cornering,"Hoosier 43075 16x7.5-10 R20, 7 inch rim",7608
78.22,448.98,1.81,-207.21,-91.86,0.019,0.76,5.67,0.03,-0.0197,2.2556,12.05,159384.66,7.87,91.87,5.339,-0,-1,124.07,124.92,127.61,24.97,Cornering,"Hoosier 43075 16x7.5-10 R20, 7 inch rim",7609
78.19,448.99,1.14,-208.7,-91.8,0.003,0.84,6.75,0.09,-0.0125,2.2734,12.12,44183.57,7.87,91.85,5.389,-0,-0.9998,124.18,124.97,127.57,24.98,Cornering,"Hoosier 43075 16x7.5-10 R20, 7 inch rim",7610
78.2,449,0.24,-212.75,-92.86,0.004,0.45,8.41,0.03,-0.0026,2.291,12.14,159399.09,7.87,91.87,5.422,-0,-1,124.24,125.08,127.59,24.98,Cornering,"Hoosier 43075 16x7.5-10 R20, 7 inch rim",7611
78.22,449.01,-0.83,-218.23,-95.3,0.012,0.46,9.76,0.09,0.0087,2.2899,12.12,44168.55,7.87,91.88,5.452,-0,-0.9998,124.37,125.12,127.61,24.98,Cornering,"Hoosier 43075 16x7.5-10 R20, 7 inch rim",7612
78.21,449.02,-1.64,-223.51,-97.52,0.006,-0.22,10.26,0.03,0.0168,2.292,12.04,159228.28,7.87,91.87,5.505,-0,-1,124.41,125.19,127.61,24.96,Cornering,"Hoosier 43075 16x7.5-10 R20, 7 inch rim",7613
78.18,449.03,-1.84,-227.67,-99.71,-0.007,-0.65,10.1,0.09,0.0185,2.2832,11.98,44121.4,7.87,91.85,5.533,-0,-0.9998,124.44,125.19,127.65,24.96,Cornering,"Hoosier 43075 16x7.5-10 R20, 7 inch rim",7614
78.21,449.04,-1.51,-230.38,-101.71,0.012,-0.59,9.33,0.09,0.0148,2.265,11.96,44096.35,7.87,91.83,5.591,-0,-0.9998,124.41,125.14,127.63,24.94,Cornering,"Hoosier 43075 16x7.5-10 R20, 7 inch rim",7615
78.22,449.05,-0.42,-230.83,-102.42,0.006,-0.67,8.47,0.03,0.0041,2.2538,12,159194.16,7.87,91.84,5.627,-0,-1,124.48,125.16,127.67,24.96,Cornering,"Hoosier 43075 16x7.5-10 R20, 7 inch rim",7616
78.19,449.06,0.78,-228.05,-101.12,0.014,-0.37,7.25,0.23,-0.0077,2.2553,12.08,18043.77,7.87,91.82,5.67,-0,-0.9996,124.44,125.21,127.61,24.97,Cornering,"Hoosier 43075 16x7.5-10 R20, 7 inch rim",7617
78.2,449.07,1.79,-222.84,-98.3,-0.005,-0.07,6.06,0.09,-0.0182,2.2669,12.17,44138.67,7.87,91.81,5.704,-0,-0.9998,124.5,125.3,127.57,24.97,Cornering,"Hoosier 43075 16x7.5-10 R20, 7 inch rim",7618
78.22,449.08,2.2,-217.54,-95.07,-0.005,-0.12,5.24,0.03,-0.0231,2.2882,12.17,159234.09,7.87,91.81,5.746,-0,-1,124.5,125.3,127.49,24.97,Cornering,"Hoosier 43075 16x7.5-10 R20, 7 inch rim",7619
78.21,449.09,1.64,-214.02,-92.94,0.014,0.29,4.45,0.16,-0.0177,2.3028,12.13,25608.94,7.87,91.85,5.792,-0,-0.9997,124.5,125.3,127.43,24.97,Cornering,"Hoosier 43075 16x7.5-10 R20, 7 inch rim",7620
78.18,449.1,0.53,-213.2,-91.97,0.006,0.84,4.39,0.09,-0.0058,2.3181,12.06,44128.07,7.87,91.87,5.836,-0,-0.9998,124.5,125.34,127.37,24.97,Cornering,"Hoosier 43075 16x7.5-10 R20, 7 inch rim",7621
78.2,449.11,-0.68,-216.01,-92.62,0.009,1.01,5.14,0.03,0.0074,2.3322,11.97,159269.5,7.87,91.9,5.878,-0,-1,124.59,125.39,127.37,24.98,Cornering,"Hoosier 43075 16x7.5-10 R20, 7 inch rim",7622
78.23,449.12,-1.82,-220.81,-94.22,0.001,0.85,6.3,0.16,0.0193,2.3435,11.95,25621.22,7.87,91.91,5.909,-0,-0.9997,124.76,125.5,127.43,24.98,Cornering,"Hoosier 43075 16x7.5-10 R20, 7 inch rim",7623
78.19,449.13,-3.04,-226.12,-96.06,0.006,0.18,6.87,0.03,0.0316,2.3539,11.99,159287.73,7.87,91.91,5.941,-0,-1,124.82,125.56,127.55,24.98,Cornering,"Hoosier 43075 16x7.5-10 R20, 7 inch rim",7624
78.19,449.14,-3.09,-230.93,-98.6,-0.002,-0.55,7.5,0.09,0.0314,2.342,12.08,44156.52,7.87,91.87,5.988,-0,-0.9998,124.93,125.56,127.55,25,Cornering,"Hoosier 43075 16x7.5-10 R20, 7 inch rim",7625
78.22,449.15,-2.61,-234.68,-101.1,0.001,-0.64,7.44,-0.04,0.0258,2.3214,12.16,-99046.56,7.87,91.88,6.027,-0,-1.0001,124.95,125.58,127.61,25,Cornering,"Hoosier 43075 16x7.5-10 R20, 7 inch rim",7626
78.21,449.16,-1.45,-236.26,-102.37,0.006,-0.77,7.08,0.09,0.0142,2.3078,12.19,44149.55,7.87,91.9,6.071,-0,-0.9998,124.99,125.58,127.67,25,Cornering,"Hoosier 43075 16x7.5-10 R20, 7 inch rim",7627
78.18,449.17,0.49,-234.56,-102.34,0.01,-0.41,6.95,0.16,-0.0048,2.292,12.17,25635.03,7.87,91.92,6.114,-0,-0.9997,124.97,125.65,127.69,25.01,Cornering,"Hoosier 43075 16x7.5-10 R20, 7 inch rim",7628
78.2,449.18,1.63,-230.36,-100.41,0.012,-0.4,6.09,0.16,-0.0163,2.2941,12.1,25603.55,7.87,91.92,6.15,-0,-0.9997,124.99,125.65,127.65,24.98,Cornering,"Hoosier 43075 16x7.5-10 R20, 7 inch rim",7629
78.23,449.19,2.56,-224.58,-97.12,0.009,-0.55,5.46,0.09,-0.0264,2.3125,12.02,44068.12,7.87,91.95,6.185,-0,-0.9998,125.01,125.67,127.59,24.96,Cornering,"Hoosier 43075 16x7.5-10 R20, 7 inch rim",7630
78.2,449.2,2.87,-219.93,-94.13,0.013,-0.62,5.29,0.03,-0.0304,2.3364,11.95,158942.55,7.87,91.95,6.224,-0,-1,124.99,125.63,127.49,24.94,Cornering,"Hoosier 43075 16x7.5-10 R20, 7 inch rim",7631
78.18,449.21,2.21,-217.52,-92.58,-0.003,0.58,5.27,0.03,-0.0239,2.3496,11.97,159004.3,7.87,91.98,6.263,-0,-1,125.04,125.72,127.43,24.96,Cornering,"Hoosier 43075 16x7.5-10 R20, 7 inch rim",7632
78.21,449.22,1.38,-218.5,-92.7,0.01,1.68,6.35,0.03,-0.0149,2.357,12.03,159063.27,7.87,91.99,6.31,-0,-1,125.12,125.74,127.41,24.97,Cornering,"Hoosier 43075 16x7.5-10 R20, 7 inch rim",7633
78.22,449.23,-0.1,-222.03,-92.62,-0.002,0.68,6.98,0.09,0.0011,2.3973,12.11,44137.15,7.87,91.95,6.333,-0,-0.9998,125.25,125.8,127.37,25,Cornering,"Hoosier 43075 16x7.5-10 R20, 7 inch rim",7634
78.19,449.24,-1.57,-227.47,-94.99,-0.005,0.82,7.68,0.23,0.0166,2.3947,12.18,18056.81,7.87,91.9,6.387,-0,-0.9996,125.36,125.87,127.34,25.02,Cornering,"Hoosier 43075 16x7.5-10 R20, 7 inch rim",7635
78.2,449.25,-2.56,-232.35,-97.47,0.009,0.61,7.91,0.16,0.0263,2.3839,12.17,25607.63,7.87,91.85,6.42,-0,-0.9997,125.47,125.87,127.37,25,Cornering,"Hoosier 43075 16x7.5-10 R20, 7 inch rim",7636
78.21,449.26,-2.83,-237.18,-99.48,0.007,-1.1,7.68,0.03,0.0284,2.3842,12.13,159271.22,7.87,91.8,6.468,-0,-1,125.57,125.85,127.39,25.01,Cornering,"Hoosier 43075 16x7.5-10 R20, 7 inch rim",7637
78.2,449.27,-2.03,-239.96,-102.21,-0,-0.54,7.2,0.09,0.0199,2.3478,12.05,44091.64,7.87,91.76,6.499,-0,-0.9998,125.57,125.85,127.47,24.98,Cornering,"Hoosier 43075 16x7.5-10 R20, 7 inch rim",7638
78.18,449.28,-0.71,-240.59,-102.06,0.001,-1.98,6.32,0.09,0.007,2.3574,12.03,44067.17,7.87,91.74,6.543,-0,-0.9998,125.51,125.85,127.51,24.97,Cornering,"Hoosier 43075 16x7.5-10 R20, 7 inch rim",7639
78.21,449.29,0.73,-237.94,-101.69,0.003,-0.97,5.54,0.16,-0.0072,2.3398,12.05,25563.68,7.87,91.73,6.579,-0,-0.9997,125.55,125.87,127.53,24.96,Cornering,"Hoosier 43075 16x7.5-10 R20, 7 inch rim",7640
78.22,449.3,2.04,-232.95,-99.48,0.001,-0.67,5.01,0.09,-0.0206,2.3416,12.13,44050.54,7.87,91.71,6.614,-0,-0.9998,125.57,125.85,127.51,24.97,Cornering,"Hoosier 43075 16x7.5-10 R20, 7 inch rim",7641
78.19,449.31,2.57,-227.53,-96.1,0.012,-0.64,4.48,0.09,-0.0267,2.3677,12.19,44046.45,7.86,91.69,6.658,-0,-0.9998,125.59,125.91,127.45,24.97,Cornering,"Hoosier 43075 16x7.5-10 R20, 7 inch rim",7642
78.2,449.32,2.18,-223.32,-93.94,0.012,1.05,4.26,0.16,-0.0232,2.3772,12.18,25557.18,7.86,91.67,6.701,-0,-0.9997,125.59,125.94,127.45,24.96,Cornering,"Hoosier 43075 16x7.5-10 R20, 7 inch rim",7643
78.22,449.33,1.39,-222.67,-92.34,0.006,0.84,4.49,0.03,-0.015,2.4114,12.14,158883.06,7.87,91.7,6.748,-0,-1,125.64,126.07,127.39,24.96,Cornering,"Hoosier 43075 16x7.5-10 R20, 7 inch rim",7644
78.21,449.34,0.32,-224.67,-92.15,0.001,1.11,5.34,0.16,-0.0035,2.438,12.06,25540.88,7.87,91.72,6.783,-0,-0.9997,125.72,126.13,127.34,24.95,Cornering,"Hoosier 43075 16x7.5-10 R20, 7 inch rim",7645
78.18,449.35,-1.12,-229.82,-93.74,0.006,0.84,6.29,0.09,0.012,2.4517,11.99,43979.54,7.86,91.71,6.827,-0,-0.9998,125.92,126.13,127.32,24.94,Cornering,"Hoosier 43075 16x7.5-10 R20, 7 inch rim",7646
78.21,449.36,-2.28,-235.28,-96.7,0.009,1.01,6.97,0.09,0.0235,2.433,12.02,43965.11,7.87,91.71,6.871,-0,-0.9998,126.04,126.24,127.32,24.93,Cornering,"Hoosier 43075 16x7.5-10 R20, 7 inch rim",7647
78.22,449.37,-2.49,-240.43,-99.5,0.01,0.73,7.51,0.09,0.025,2.4164,12.08,43951.61,7.86,91.69,6.906,-0,-0.9998,126.11,126.24,127.34,24.93,Cornering,"Hoosier 43075 16x7.5-10 R20, 7 inch rim",7648
78.19,449.38,-2.59,-244.59,-101.38,-0.005,-0.8,6.72,0.09,0.0255,2.4126,12.17,43978.57,7.87,91.68,6.944,-0,-0.9998,126.17,126.29,127.43,24.94,Cornering,"Hoosier 43075 16x7.5-10 R20, 7 inch rim",7649
78.19,449.39,-1.44,-246.98,-102.89,0.01,-1.7,6.19,0.03,0.014,2.4004,12.22,158619.58,7.86,91.65,6.979,-0,-1,126.19,126.29,127.57,24.93,Cornering,"Hoosier 43075 16x7.5-10 R20, 7 inch rim",7650
78.22,449.4,0.09,-245.25,-102.82,0.006,-1.33,5.73,0.03,-0.0009,2.3852,12.19,158751.55,7.86,91.65,7.023,-0,-1,126.17,126.31,127.59,24.96,Cornering,"Hoosier 43075 16x7.5-10 R20, 7 inch rim",7651
78.21,449.41,1.32,-240.57,-100.88,0.004,-0.83,4.87,0.03,-0.0131,2.3846,12.11,158810.17,7.86,91.64,7.066,-0,-1,126.15,126.27,127.63,24.97,Cornering,"Hoosier 43075 16x7.5-10 R20, 7 inch rim",7652
78.19,449.42,2,-234.62,-98.32,-0.003,0.1,4.07,0.03,-0.0204,2.3863,12.03,158833.34,7.87,91.69,7.105,-0,-1,126.19,126.31,127.53,24.97,Cornering,"Hoosier 43075 16x7.5-10 R20, 7 inch rim",7653
78.2,449.43,2.14,-229.2,-95.17,0.007,0.77,3.78,0.03,-0.0225,2.4084,11.97,158815.48,7.86,91.72,7.155,-0,-1,126.19,126.31,127.47,24.97,Cornering,"Hoosier 43075 16x7.5-10 R20, 7 inch rim",7654
78.23,449.44,1.74,-226.53,-93.04,0.003,1.55,3.98,0.09,-0.0187,2.4347,11.97,43974.77,7.86,91.74,7.192,-0,-0.9998,126.19,126.35,127.39,24.96,Cornering,"Hoosier 43075 16x7.5-10 R20, 7 inch rim",7655
78.2,449.45,0.66,-227.46,-92.62,0.003,1.54,4.51,0.03,-0.0071,2.4559,12.03,158715.03,7.86,91.75,7.229,-0,-1,126.34,126.42,127.28,24.96,Cornering,"Hoosier 43075 16x7.5-10 R20, 7 inch rim",7656
78.19,449.46,-0.66,-231.17,-93.52,-0.003,2.1,5.32,0.09,0.0071,2.472,12.14,43988.33,7.86,91.75,7.261,-0,-0.9998,126.58,126.51,127.3,24.97,Cornering,"Hoosier 43075 16x7.5-10 R20, 7 inch rim",7657
78.21,449.47,-2.01,-236.33,-95.22,0.001,1.32,5.96,-0.04,0.0211,2.4819,12.2,-98713.28,7.86,91.73,7.301,-0,-1.0001,126.75,126.51,127.34,24.98,Cornering,"Hoosier 43075 16x7.5-10 R20, 7 inch rim",7658
78.21,449.48,-2.66,-242.42,-97.98,0.004,0.17,6.64,0.03,0.0271,2.4741,12.21,158929.7,7.86,91.74,7.348,-0,-1,126.86,126.51,127.37,25,Cornering,"Hoosier 43075 16x7.5-10 R20, 7 inch rim",7659
78.18,449.49,-2.76,-247.28,-100.94,0.012,-0.49,6.6,0.16,0.0273,2.4497,12.16,25571.43,7.86,91.75,7.391,-0,-0.9997,126.92,126.51,127.39,25.01,Cornering,"Hoosier 43075 16x7.5-10 R20, 7 inch rim",7660
78.2,449.5,-1.96,-250.34,-102.88,-0.005,-1.15,6.08,0.03,0.0191,2.4332,12.07,158755.95,7.87,91.74,7.42,-0,-1,126.9,126.42,127.49,24.98,Cornering,"Hoosier 43075 16x7.5-10 R20, 7 inch rim",7661
78.23,449.51,-0.44,-250.38,-103.15,0.007,-1.1,5.81,0.09,0.0043,2.4274,12.01,43957.27,7.86,91.76,7.466,-0,-0.9998,126.95,126.44,127.51,24.96,Cornering,"Hoosier 43075 16x7.5-10 R20, 7 inch rim",7662
78.2,449.52,1.09,-247.54,-102.28,-0.003,-1.27,4.98,0.03,-0.0107,2.4202,12.02,158544.61,7.86,91.78,7.493,-0,-1,126.9,126.51,127.49,24.95,Cornering,"Hoosier 43075 16x7.5-10 R20, 7 inch rim",7663
78.18,449.53,1.93,-241.82,-99.94,0.01,-0.33,4.1,0.09,-0.0193,2.4196,12.05,43908.14,7.86,91.82,7.546,-0,-0.9998,126.92,126.51,127.47,24.94,Cornering,"Hoosier 43075 16x7.5-10 R20, 7 inch rim",7664
78.21,449.54,2.63,-235.71,-97.17,-0,0.74,3.82,0.03,-0.0271,2.4257,12.14,158473.36,7.86,91.87,7.584,-0,-1,126.95,126.62,127.37,24.94,Cornering,"Hoosier 43075 16x7.5-10 R20, 7 inch rim",7665
78.21,449.55,2.34,-231.52,-94.51,0.007,1.37,3.65,-0.04,-0.0248,2.4496,12.19,-98500.35,7.86,91.89,7.627,-0,-1.0001,126.97,126.71,127.34,24.94,Cornering,"Hoosier 43075 16x7.5-10 R20, 7 inch rim",7666
78.19,449.56,1.45,-230.4,-92.42,0.001,1.21,3.86,0.09,-0.0156,2.493,12.17,43915.92,7.86,91.89,7.666,-0,-0.9998,127.07,126.82,127.3,24.95,Cornering,"Hoosier 43075 16x7.5-10 R20, 7 inch rim",7667
78.2,449.57,0.3,-233.36,-93.89,0.003,2.71,4.73,0.16,-0.0032,2.4853,12.12,25480.92,7.86,91.93,7.712,-0,-0.9997,127.31,126.93,127.28,24.94,Cornering,"Hoosier 43075 16x7.5-10 R20, 7 inch rim",7668
78.22,449.58,-1.05,-238.36,-94.9,0.009,1.74,5.7,0.16,0.0111,2.5117,12.04,25461.3,7.86,91.96,7.742,-0,-0.9997,127.52,127.04,127.32,24.93,Cornering,"Hoosier 43075 16x7.5-10 R20, 7 inch rim",7669
78.2,449.59,-1.96,-244.09,-97.38,-0.002,1.04,6.48,0.16,0.0201,2.5065,12,25470.82,7.86,92.02,7.779,-0,-0.9997,127.68,127.1,127.41,24.94,Cornering,"Hoosier 43075 16x7.5-10 R20, 7 inch rim",7670
78.18,449.6,-2.84,-249.54,-99.78,-0.005,-0.52,6.34,0.09,0.0285,2.501,12.02,43888.73,7.86,92.01,7.825,-0,-0.9998,127.8,127.15,127.45,24.94,Cornering,"Hoosier 43075 16x7.5-10 R20, 7 inch rim",7671
78.22,449.61,-2.33,-253.48,-102.37,0.007,-0.96,6.21,-0.04,0.0228,2.4761,12.07,-98512.7,7.86,92,7.862,-0,-1.0001,127.85,127.1,127.53,24.96,Cornering,"Hoosier 43075 16x7.5-10 R20, 7 inch rim",7672
78.21,449.62,-1.01,-255.17,-103.62,-0,-1.36,5.93,0.09,0.0098,2.4624,12.14,43901.05,7.86,92.01,7.899,-0,-0.9998,127.87,127.12,127.65,24.96,Cornering,"Hoosier 43075 16x7.5-10 R20, 7 inch rim",7673
78.18,449.63,0.13,-253.14,-103.68,-0,-0.3,4.88,0.09,-0.0012,2.4416,12.14,43896.52,7.86,92,7.941,-0,-0.9998,127.8,127.15,127.71,24.96,Cornering,"Hoosier 43075 16x7.5-10 R20, 7 inch rim",7674
78.19,449.64,1.47,-248,-101.07,-0.002,-0.64,4.25,0.09,-0.0146,2.4536,12.13,43903.42,7.86,92.01,7.971,-0,-0.9998,127.8,127.21,127.67,24.96,Cornering,"Hoosier 43075 16x7.5-10 R20, 7 inch rim",7675
78.21,449.65,1.96,-241.77,-98.71,0.001,0.7,3.46,0.16,-0.0199,2.4493,12.05,25490.38,7.86,92,8.031,-0,-0.9997,127.76,127.26,127.61,24.97,Cornering,"Hoosier 43075 16x7.5-10 R20, 7 inch rim",7676
78.2,449.66,2.5,-236.54,-95.51,0.017,0.71,3.8,0.09,-0.0261,2.4767,12.02,43923.07,7.86,92.01,8.07,-0,-0.9998,127.85,127.32,127.57,24.98,Cornering,"Hoosier 43075 16x7.5-10 R20, 7 inch rim",7677
78.19,449.67,2.09,-233.96,-94.29,-0.002,2.21,3.92,0.16,-0.0222,2.4814,12.03,25497.59,7.86,91.99,8.103,-0,-0.9997,127.87,127.45,127.53,24.98,Cornering,"Hoosier 43075 16x7.5-10 R20, 7 inch rim",7678
78.21,449.68,0.78,-235.18,-93.62,-0.007,1.99,3.97,-0.04,-0.0083,2.5122,12.08,-98511.09,7.86,91.96,8.146,-0,-1.0001,127.93,127.56,127.45,24.98,Cornering,"Hoosier 43075 16x7.5-10 R20, 7 inch rim",7679
78.22,449.69,-0.24,-239.28,-94.93,0.007,2.48,5.14,0.09,0.0025,2.5206,12.16,43921.22,7.86,91.94,8.177,-0,-0.9998,128.17,127.7,127.34,24.98,Cornering,"Hoosier 43075 16x7.5-10 R20, 7 inch rim",7680
78.19,449.7,-1.73,-245.19,-96.43,0.003,0.85,5.62,0.09,0.0179,2.5425,12.21,43927.04,7.86,91.91,8.216,-0,-0.9998,128.34,127.78,127.37,24.99,Cornering,"Hoosier 43075 16x7.5-10 R20, 7 inch rim",7681
78.18,449.71,-2.35,-250.35,-99.08,0.009,0.34,6.2,0.09,0.0237,2.5268,12.21,43940.9,7.86,91.89,8.273,-0,-0.9998,128.45,127.85,127.37,25,Cornering,"Hoosier 43075 16x7.5-10 R20, 7 inch rim",7682
78.22,449.72,-2.58,-254.57,-101.73,0.012,-0.07,5.9,0.16,0.0254,2.5025,12.17,25501.69,7.86,91.9,8.31,-0,-0.9997,128.47,127.83,127.47,25,Cornering,"Hoosier 43075 16x7.5-10 R20, 7 inch rim",7683
78.21,449.73,-1.95,-257.35,-103.02,0.004,-0.92,5.59,0.16,0.0189,2.498,12.06,25492.81,7.86,91.87,8.355,-0,-0.9997,128.51,127.78,127.53,25,Cornering,"Hoosier 43075 16x7.5-10 R20, 7 inch rim",7684
78.18,449.74,-0.61,-257.34,-103.96,0.003,-0.63,4.91,0.09,0.0059,2.4754,11.97,43918.54,7.86,91.84,8.379,-0,-0.9998,128.55,127.83,127.59,25,Cornering,"Hoosier 43075 16x7.5-10 R20, 7 inch rim",7685
78.2,449.75,0.79,-254.24,-102.47,0.004,-0.99,4.21,0.09,-0.0077,2.4811,11.97,43922.42,7.86,91.84,8.433,-0,-0.9998,128.55,127.89,127.61,25,Cornering,"Hoosier 43075 16x7.5-10 R20, 7 inch rim",7686
78.22,449.76,2,-248.51,-100.96,0.014,0.57,3.71,0.09,-0.0198,2.4615,12.03,43887.04,7.86,91.84,8.475,-0,-0.9998,128.6,127.92,127.55,24.98,Cornering,"Hoosier 43075 16x7.5-10 R20, 7 inch rim",7687
78.2,449.77,2.21,-242.51,-97.12,-0.007,0.07,2.75,0.09,-0.0227,2.497,12.11,43843.46,7.86,91.85,8.499,-0,-0.9998,128.68,128,127.47,24.96,Cornering,"Hoosier 43075 16x7.5-10 R20, 7 inch rim",7688
78.19,449.78,1.85,-238.16,-94.78,-0.002,1.12,2.45,0.16,-0.0196,2.5129,12.17,25438.68,7.86,91.87,8.544,-0,-0.9997,128.75,128.05,127.43,24.96,Cornering,"Hoosier 43075 16x7.5-10 R20, 7 inch rim",7689
78.22,449.79,1.3,-237.07,-93.52,-0,1.63,2.87,0.09,-0.0139,2.5349,12.17,43802.49,7.86,91.9,8.588,-0,-0.9998,128.88,128.2,127.32,24.94,Cornering,"Hoosier 43075 16x7.5-10 R20, 7 inch rim",7690
78.21,449.8,0.55,-239.14,-93.47,0.013,1.63,4.07,0.03,-0.0059,2.5586,12.14,158129.88,7.86,91.91,8.62,-0,-1,129.11,128.33,127.3,24.96,Cornering,"Hoosier 43075 16x7.5-10 R20, 7 inch rim",7691
78.18,449.81,-0.93,-243.62,-95.08,0.004,1.64,4.73,0.09,0.0098,2.5621,12.05,43834.54,7.86,91.92,8.661,-0,-0.9998,129.31,128.42,127.24,24.97,Cornering,"Hoosier 43075 16x7.5-10 R20, 7 inch rim",7692
78.2,449.82,-2.08,-249.04,-97.11,-0.005,0.68,5.36,0.09,0.0215,2.5644,11.97,43829.41,7.86,91.91,8.704,-0,-0.9998,129.54,128.51,127.3,24.97,Cornering,"Hoosier 43075 16x7.5-10 R20, 7 inch rim",7693
78.22,449.83,-2.73,-253.9,-99.82,0.003,0.23,5.41,0.09,0.0273,2.5436,11.95,43784.59,7.86,91.88,8.738,-0,-0.9998,129.61,128.51,127.34,24.94,Cornering,"Hoosier 43075 16x7.5-10 R20, 7 inch rim",7694
78.2,449.84,-2.62,-257.81,-101.59,0.006,-1.07,5.27,0.09,0.0258,2.5378,11.98,43758.55,7.86,91.87,8.786,-0,-0.9998,129.67,128.49,127.41,24.93,Cornering,"Hoosier 43075 16x7.5-10 R20, 7 inch rim",7695
78.19,449.85,-1.25,-259.53,-103.8,0.007,-0.36,5.15,0.09,0.012,2.5004,12.05,43744.23,7.86,91.87,8.82,-0,-0.9998,129.73,128.49,127.49,24.93,Cornering,"Hoosier 43075 16x7.5-10 R20, 7 inch rim",7696
78.22,449.86,0.05,-258.11,-104.02,0.001,0.13,4.21,0.09,-0.0005,2.4814,12.07,43769.87,7.86,91.89,8.86,-0,-0.9998,129.73,128.49,127.53,24.94,Cornering,"Hoosier 43075 16x7.5-10 R20, 7 inch rim",7697
78.23,449.87,1.38,-253.62,-102.31,0.009,0.49,3.41,-0.04,-0.0135,2.479,12.06,-98195.55,7.86,91.94,8.91,-0,-1.0001,129.76,128.6,127.55,24.95,Cornering,"Hoosier 43075 16x7.5-10 R20, 7 inch rim",7698
78.18,449.88,2.43,-247.71,-99.4,0.013,0.6,3.06,0.09,-0.0244,2.4922,12,43769.36,7.86,91.97,8.947,-0,-0.9998,129.8,128.66,127.51,24.95,Cornering,"Hoosier 43075 16x7.5-10 R20, 7 inch rim",7699
78.2,449.89,2.98,-242.81,-96.5,-0.006,0.8,2.92,0.03,-0.0308,2.5162,11.96,157900.86,7.86,92.03,8.976,-0,-1,129.86,128.66,127.43,24.94,Cornering,"Hoosier 43075 16x7.5-10 R20, 7 inch rim",7700
78.22,449.9,2.17,-240.08,-94.7,0.016,1.52,2.63,0.16,-0.0229,2.5351,11.97,25387.56,7.86,92.04,9.021,-0,-0.9997,129.91,128.75,127.37,24.94,Cornering,"Hoosier 43075 16x7.5-10 R20, 7 inch rim",7701
78.2,449.91,1.25,-240.82,-93.63,0.006,1.73,3.26,0.03,-0.0134,2.5719,12.03,157755,7.86,92.04,9.056,-0,-1,130.08,128.93,127.24,24.93,Cornering,"Hoosier 43075 16x7.5-10 R20, 7 inch rim",7702
78.18,449.92,0.13,-244.09,-94.54,0.007,1.99,4.34,0.09,-0.0014,2.5818,12.1,43731.11,7.86,92.02,9.092,-0,-0.9998,130.34,129.08,127.24,24.94,Cornering,"Hoosier 43075 16x7.5-10 R20, 7 inch rim",7703
78.21,449.93,-1.86,-249.37,-96.02,0.003,1.13,4.5,0.09,0.0194,2.5971,12.18,43746.96,7.86,91.98,9.128,-0,-0.9998,130.59,129.19,127.24,24.95,Cornering,"Hoosier 43075 16x7.5-10 R20, 7 inch rim",7704
78.22,449.94,-2.98,-254.18,-98.96,-0.002,1.09,4.73,0.03,0.0302,2.5686,12.22,157954.8,7.86,91.95,9.182,-0,-1,130.72,129.24,127.34,24.97,Cornering,"Hoosier 43075 16x7.5-10 R20, 7 inch rim",7705
78.2,449.95,-3.42,-258.12,-100.77,0.007,-0.38,4.71,0.09,0.0339,2.5615,12.17,43795.11,7.86,91.92,9.23,-0,-0.9998,130.79,129.22,127.37,24.98,Cornering,"Hoosier 43075 16x7.5-10 R20, 7 inch rim",7706
78.19,449.96,-2.72,-261.25,-102.81,0.01,-1.22,4.58,0.09,0.0265,2.541,12.1,43810.33,7.86,91.89,9.27,-0,-0.9998,130.81,129.1,127.43,25,Cornering,"Hoosier 43075 16x7.5-10 R20, 7 inch rim",7707
78.22,449.97,-1.3,-261.38,-104.05,0.004,-0.77,4.2,0.03,0.0124,2.512,12.01,158122.28,7.86,91.91,9.297,-0,-1,130.76,129.06,127.53,25,Cornering,"Hoosier 43075 16x7.5-10 R20, 7 inch rim",7708
78.21,449.98,0.33,-258.27,-103.51,0.006,-0.16,3.45,0.16,-0.0032,2.4953,11.94,25423.81,7.86,91.87,9.331,-0,-0.9997,130.7,129.08,127.63,25,Cornering,"Hoosier 43075 16x7.5-10 R20, 7 inch rim",7709
78.18,449.99,1.83,-253.42,-101.36,-0.002,-0.36,2.93,0.09,-0.018,2.5002,11.95,43786.23,7.86,91.83,9.378,-0,-0.9998,130.61,129.19,127.61,24.99,Cornering,"Hoosier 43075 16x7.5-10 R20, 7 inch rim",7710
78.2,450,2.22,-247.06,-98.83,0.007,1.05,2.14,0.09,-0.0225,2.4998,12,43759.82,7.86,91.8,9.426,-0,-0.9998,130.64,129.22,127.53,24.98,Cornering,"Hoosier 43075 16x7.5-10 R20, 7 inch rim",7711
78.22,450.01,2.52,-242.82,-96.16,-0.002,1.47,2.23,0.09,-0.0262,2.5251,12.11,43735.61,7.86,91.75,9.456,-0,-0.9998,130.64,129.33,127.43,24.97,Cornering,"Hoosier 43075 16x7.5-10 R20, 7 inch rim",7712
78.19,450.02,1.85,-241.46,-94.48,0.012,1.85,2.46,-0.04,-0.0195,2.5557,12.17,-98049.87,7.86,91.75,9.504,-0,-1.0001,130.66,129.44,127.41,24.96,Cornering,"Hoosier 43075 16x7.5-10 R20, 7 inch rim",7713
78.19,450.03,0.66,-243.61,-94.13,0.006,1.87,3.07,0.03,-0.007,2.5881,12.18,157674.14,7.86,91.74,9.55,-0,-1,130.81,129.61,127.39,24.95,Cornering,"Hoosier 43075 16x7.5-10 R20, 7 inch rim",7714
78.21,450.04,-0.82,-247.8,-94.98,0.001,1.36,3.75,0.09,0.0086,2.6089,12.14,43699.23,7.86,91.72,9.579,-0,-0.9998,131.09,129.83,127.41,24.96,Cornering,"Hoosier 43075 16x7.5-10 R20, 7 inch rim",7715
78.21,450.05,-1.67,-252.96,-97.69,0.007,1.31,4.71,-0.04,0.0171,2.5893,12.06,-98035.97,7.86,91.72,9.629,-0,-1.0001,131.24,129.85,127.47,24.96,Cornering,"Hoosier 43075 16x7.5-10 R20, 7 inch rim",7716
78.19,450.06,-2.63,-257.66,-99.4,0.013,-0.52,4.8,0.09,0.0265,2.5922,11.98,43697.29,7.85,91.7,9.671,-0,-0.9998,131.32,129.92,127.53,24.96,Cornering,"Hoosier 43075 16x7.5-10 R20, 7 inch rim",7717
78.2,450.07,-2.62,-261.23,-102.56,0.009,-0.13,4.6,0.16,0.0256,2.5472,11.99,25360.11,7.86,91.7,9.705,-0,-0.9997,131.41,129.83,127.61,24.96,Cornering,"Hoosier 43075 16x7.5-10 R20, 7 inch rim",7718
78.22,450.08,-1.74,-262.95,-104.19,0.009,-0.36,4.16,0.09,0.0167,2.5237,12,43677.61,7.86,91.67,9.742,-0,-0.9998,131.41,129.77,127.69,24.96,Cornering,"Hoosier 43075 16x7.5-10 R20, 7 inch rim",7719
78.19,450.09,0.01,-261.68,-103.84,-0,-0.93,3.93,0.09,-0.0001,2.5201,12.08,43663.06,7.86,91.65,9.775,-0,-0.9998,131.45,129.77,127.77,24.95,Cornering,"Hoosier 43075 16x7.5-10 R20, 7 inch rim",7720
78.19,450.1,1.24,-257.02,-103.25,0.006,0.55,3.1,0.09,-0.012,2.4894,12.13,43686.76,7.86,91.68,9.825,-0,-0.9998,131.47,129.88,127.77,24.97,Cornering,"Hoosier 43075 16x7.5-10 R20, 7 inch rim",7721
78.22,450.11,1.98,-251.14,-100.42,0.016,0.44,2.18,0.03,-0.0198,2.5009,12.11,157745.28,7.85,91.72,9.86,-0,-1,131.56,129.92,127.69,24.98,Cornering,"Hoosier 43075 16x7.5-10 R20, 7 inch rim",7722
78.21,450.12,2.31,-245.35,-97.65,0.007,1.16,1.83,0.16,-0.0236,2.5124,12.06,25379.9,7.86,91.73,9.904,-0,-0.9997,131.73,129.94,127.59,25,Cornering,"Hoosier 43075 16x7.5-10 R20, 7 inch rim",7723
78.19,450.13,1.96,-242.37,-95.48,0.003,1.61,1.82,0.16,-0.0205,2.5385,12,25377.63,7.86,91.75,9.933,-0,-0.9997,131.86,130.1,127.55,25,Cornering,"Hoosier 43075 16x7.5-10 R20, 7 inch rim",7724
78.2,450.14,1.01,-242.33,-94.26,-0.005,2.45,2.24,0.03,-0.0108,2.5709,11.98,157685.52,7.86,91.74,9.981,-0,-1,132.03,130.29,127.45,24.98,Cornering,"Hoosier 43075 16x7.5-10 R20, 7 inch rim",7725
78.22,450.15,0.03,-246.26,-95,0.007,2.17,3.3,0.03,-0.0003,2.5923,12.02,157554.52,7.86,91.74,10.024,-0,-1,132.29,130.47,127.47,24.97,Cornering,"Hoosier 43075 16x7.5-10 R20, 7 inch rim",7726
78.2,450.16,-1.35,-251.4,-96.31,0.007,1.38,4.03,0.03,0.014,2.6104,12.09,157536.03,7.86,91.72,10.061,-0,-1,132.57,130.58,127.51,24.97,Cornering,"Hoosier 43075 16x7.5-10 R20, 7 inch rim",7727
78.19,450.17,-2.29,-256.35,-98.29,-0.002,0.28,4.58,0.03,0.0233,2.6083,12.16,157483.06,7.86,91.7,10.094,-0,-1,132.74,130.62,127.55,24.96,Cornering,"Hoosier 43075 16x7.5-10 R20, 7 inch rim",7728
78.22,450.18,-2.91,-260.16,-101.34,0.016,0.41,4.57,0.23,0.0287,2.5672,12.18,17861.11,7.85,91.72,10.139,-0,-0.9996,132.78,130.56,127.59,24.99,Cornering,"Hoosier 43075 16x7.5-10 R20, 7 inch rim",7729
78.22,450.19,-2.1,-262.6,-103.19,-0.002,-0.13,4.57,0.03,0.0203,2.5449,12.12,157701.7,7.86,91.73,10.169,-0,-1,132.82,130.51,127.69,25,Cornering,"Hoosier 43075 16x7.5-10 R20, 7 inch rim",7730
78.19,450.2,-0.61,-262.93,-104.75,0.006,0.6,4.38,0.09,0.0058,2.5101,12.04,43714.73,7.86,91.74,10.212,-0,-0.9998,132.85,130.47,127.77,25.01,Cornering,"Hoosier 43075 16x7.5-10 R20, 7 inch rim",7731
78.2,450.21,0.79,-259.98,-103.69,0.006,-0.11,3.68,0.09,-0.0076,2.5073,11.96,43707.29,7.86,91.73,10.265,-0,-0.9998,132.89,130.56,127.77,25.01,Cornering,"Hoosier 43075 16x7.5-10 R20, 7 inch rim",7732
78.22,450.22,1.79,-254.65,-102.01,-0.003,0.61,2.83,-0.04,-0.0175,2.4963,11.97,-97992.03,7.86,91.71,10.292,-0,-1.0001,132.93,130.67,127.77,25,Cornering,"Hoosier 43075 16x7.5-10 R20, 7 inch rim",7733
78.21,450.23,2.65,-248.92,-99.06,0.004,0.77,2.45,0.09,-0.0268,2.5129,12.03,43679.15,7.86,91.71,10.321,-0,-0.9998,133.08,130.73,127.73,25,Cornering,"Hoosier 43075 16x7.5-10 R20, 7 inch rim",7734
78.19,450.24,2.45,-244.73,-96.5,0.01,0.93,2.29,0.03,-0.0254,2.536,12.08,157452.23,7.85,91.69,10.372,-0,-1,133.3,130.78,127.63,24.98,Cornering,"Hoosier 43075 16x7.5-10 R20, 7 inch rim",7735
78.21,450.25,1.88,-243.11,-95.03,-0.005,1.81,2.1,0.03,-0.0197,2.5584,12.17,157466.7,7.86,91.63,10.415,-0,-1,133.43,130.95,127.55,24.98,Cornering,"Hoosier 43075 16x7.5-10 R20, 7 inch rim",7736
78.23,450.26,1.03,-244.82,-94.55,-0.002,2.08,2.92,0.16,-0.0109,2.5894,12.19,25317.02,7.86,91.61,10.462,-0,-0.9997,133.62,131.13,127.47,24.98,Cornering,"Hoosier 43075 16x7.5-10 R20, 7 inch rim",7737
78.19,450.27,-0.44,-249.08,-95.54,0.013,2.14,3.38,0.03,0.0046,2.607,12.15,157423.05,7.85,91.61,10.5,-0,-1,133.81,131.35,127.45,24.98,Cornering,"Hoosier 43075 16x7.5-10 R20, 7 inch rim",7738
78.2,450.28,-1.54,-254.01,-97.04,-0,1.32,4.1,0.09,0.0159,2.6176,12.08,43618.51,7.86,91.61,10.533,-0,-0.9998,133.96,131.35,127.41,24.98,Cornering,"Hoosier 43075 16x7.5-10 R20, 7 inch rim",7739
78.22,450.29,-2.51,-258.08,-99.19,0.004,0.62,4.17,0.03,0.0253,2.6018,11.99,157303.78,7.86,91.59,10.588,-0,-1,134.05,131.37,127.3,24.97,Cornering,"Hoosier 43075 16x7.5-10 R20, 7 inch rim",7740
78.21,450.3,-2.7,-261.35,-101.04,-0,-0.54,3.92,0.09,0.0267,2.5867,11.97,43575.73,7.86,91.58,10.618,-0,-0.9998,134.03,131.22,127.22,24.97,Cornering,"Hoosier 43075 16x7.5-10 R20, 7 inch rim",7741
78.18,450.31,-1.73,-263.22,-103.12,-0,-0.36,3.82,0.03,0.0168,2.5525,12.03,157190.2,7.86,91.56,10.666,-0,-1,134.03,131.2,127.06,24.96,Cornering,"Hoosier 43075 16x7.5-10 R20, 7 inch rim",7742
78.2,450.32,-0.65,-262.13,-103.63,-0.003,-0.52,2.95,0.09,0.0063,2.5295,12.08,43512.21,7.86,91.54,10.707,-0,-0.9998,133.96,131.17,126.92,24.94,Cornering,"Hoosier 43075 16x7.5-10 R20, 7 inch rim",7743
78.22,450.33,1.05,-258.44,-103.49,0.012,0.82,2.59,0.09,-0.0102,2.4973,12.13,43495.6,7.85,91.53,10.752,-0,-0.9998,133.96,131.24,126.8,24.93,Cornering,"Hoosier 43075 16x7.5-10 R20, 7 inch rim",7744
78.19,450.34,1.64,-252.98,-101.54,0.009,1.21,1.47,0.16,-0.0162,2.4914,12.1,25248.76,7.86,91.53,10.785,-0,-0.9997,134.09,131.33,126.56,24.94,Cornering,"Hoosier 43075 16x7.5-10 R20, 7 inch rim",7745
78.19,450.35,2.01,-247.37,-98.09,0.007,0.73,0.74,0.09,-0.0205,2.5219,12.05,43505.69,7.85,91.52,10.82,-0,-0.9998,134.24,131.37,126.31,24.94,Cornering,"Hoosier 43075 16x7.5-10 R20, 7 inch rim",7746
78.22,450.36,1.94,-243.91,-95.97,0.001,1.4,0.77,-0.04,-0.0202,2.5417,11.99,-97621.59,7.86,91.55,10.873,-0,-1.0001,134.35,131.53,126.15,24.96,Cornering,"Hoosier 43075 16x7.5-10 R20, 7 inch rim",7747
78.21,450.37,1.3,-243.94,-94.64,0.01,1.34,1.22,0.03,-0.0138,2.5776,11.96,157024.98,7.85,91.6,10.908,-0,-0.9999,134.5,131.72,125.95,24.96,Cornering,"Hoosier 43075 16x7.5-10 R20, 7 inch rim",7748
78.18,450.38,0.24,-246.1,-94.69,0.007,2.08,2.08,0.09,-0.0026,2.599,12,43507.61,7.85,91.63,10.943,-0,-0.9998,134.78,132.05,125.89,24.96,Cornering,"Hoosier 43075 16x7.5-10 R20, 7 inch rim",7749
78.2,450.39,-0.93,-250.26,-96.17,-0.003,2.15,3.01,0.09,0.0096,2.6024,12.06,43460.76,7.86,91.7,10.986,-0,-0.9998,134.99,132.25,125.91,24.93,Cornering,"Hoosier 43075 16x7.5-10 R20, 7 inch rim",7750
78.22,450.4,-2.49,-254.94,-97.96,-0.003,1.41,3.37,0.03,0.0255,2.6024,12.14,156783.12,7.86,91.73,11.018,-0,-0.9999,135.06,132.27,126.07,24.93,Cornering,"Hoosier 43075 16x7.5-10 R20, 7 inch rim",7751
78.2,450.41,-2.94,-258.39,-100.21,0.003,0.92,3.97,0.09,0.0294,2.5787,12.14,43459.66,7.86,91.79,11.061,-0,-0.9998,135.12,132.25,126.25,24.94,Cornering,"Hoosier 43075 16x7.5-10 R20, 7 inch rim",7752
78.19,450.42,-2.95,-261.39,-102.5,0.009,0.01,3.8,0.09,0.0287,2.5501,12.11,43483.03,7.85,91.82,11.107,-0,-0.9998,135.08,132.14,126.48,24.96,Cornering,"Hoosier 43075 16x7.5-10 R20, 7 inch rim",7753
78.21,450.43,-1.82,-262.81,-103.94,0.012,-0.67,3.53,0.03,0.0175,2.5285,12.02,157074.88,7.85,91.84,11.151,-0,-0.9999,135.03,132.12,126.72,24.98,Cornering,"Hoosier 43075 16x7.5-10 R20, 7 inch rim",7754
78.21,450.44,-0.19,-261.2,-104.2,-0.003,-0.38,3.03,-0.04,0.0018,2.5067,11.95,-97717.51,7.86,91.86,11.193,-0,-1.0001,134.99,132.14,126.88,25.01,Cornering,"Hoosier 43075 16x7.5-10 R20, 7 inch rim",7755
78.19,450.45,1.48,-256.71,-102.72,0.006,-0.11,2.41,0.09,-0.0144,2.4992,11.95,43555.11,7.85,91.86,11.23,-0,-0.9998,135.06,132.23,127,25.01,Cornering,"Hoosier 43075 16x7.5-10 R20, 7 inch rim",7756
78.2,450.46,2,-250.79,-100.57,0.006,0.83,1.5,0.16,-0.0198,2.4937,11.98,25252.07,7.85,91.85,11.283,-0,-0.9997,135.18,132.27,127.02,24.98,Cornering,"Hoosier 43075 16x7.5-10 R20, 7 inch rim",7757
78.23,450.47,2.15,-245.5,-97.83,0.01,2.03,0.88,0.09,-0.0219,2.5096,12.08,43482.2,7.85,91.8,11.31,-0,-0.9998,135.27,132.41,127.04,24.97,Cornering,"Hoosier 43075 16x7.5-10 R20, 7 inch rim",7758
78.2,450.48,1.9,-242.79,-95.39,-0.005,2.31,0.84,0.09,-0.0199,2.5452,12.14,43467.23,7.86,91.79,11.342,-0,-0.9998,135.46,132.56,127.14,24.97,Cornering,"Hoosier 43075 16x7.5-10 R20, 7 inch rim",7759
78.19,450.49,1.42,-243.59,-94.4,0.003,2.47,1.74,0.09,-0.0151,2.5804,12.16,43430.97,7.86,91.77,11.38,-0,-0.9998,135.57,132.71,127.06,24.95,Cornering,"Hoosier 43075 16x7.5-10 R20, 7 inch rim",7760
78.2,450.5,0.13,-247.28,-94.83,-0.007,2.5,2.43,0.03,-0.0013,2.6077,12.13,156739.03,7.86,91.76,11.427,-0,-0.9999,135.83,133.02,127.08,24.96,Cornering,"Hoosier 43075 16x7.5-10 R20, 7 inch rim",7761
78.22,450.51,-1,-252.34,-96.41,0.012,1.83,3.4,0.16,0.0104,2.6174,12.06,25182.46,7.85,91.77,11.47,-0,-0.9997,136.02,133.2,127.2,24.93,Cornering,"Hoosier 43075 16x7.5-10 R20, 7 inch rim",7762
78.18,450.52,-2.16,-256.96,-99.03,-0.003,1.5,3.67,0.03,0.0218,2.5947,11.99,156624.22,7.86,91.76,11.502,-0,-0.9999,136.13,133.2,127.3,24.94,Cornering,"Hoosier 43075 16x7.5-10 R20, 7 inch rim",7763
78.19,450.53,-2.59,-261.17,-101.31,-0.005,0.08,3.61,0.09,0.0256,2.5779,11.97,43376.11,7.86,91.8,11.538,-0,-0.9998,136.11,133.16,127.49,24.93,Cornering,"Hoosier 43075 16x7.5-10 R20, 7 inch rim",7764
78.22,450.54,-2.12,-263.52,-103.72,-0.005,0.08,3.2,0.16,0.0204,2.5407,11.98,25183.33,7.85,91.85,11.589,-0,-0.9997,136.06,133.07,127.59,24.94,Cornering,"Hoosier 43075 16x7.5-10 R20, 7 inch rim",7765
78.2,450.55,-1.22,-263.42,-104.57,0.01,-0.56,2.38,0.03,0.0117,2.519,12.03,156554.17,7.85,91.88,11.625,-0,-0.9999,136.04,132.98,127.73,24.94,Cornering,"Hoosier 43075 16x7.5-10 R20, 7 inch rim",7766
78.19,450.56,0.25,-260.41,-104.12,-0.003,0.05,1.43,-0.04,-0.0024,2.5011,12.08,-97327.34,7.86,91.91,11.661,-0,-1.0001,136.04,133.11,127.79,24.95,Cornering,"Hoosier 43075 16x7.5-10 R20, 7 inch rim",7767
78.2,450.57,0.45,-255,-102.68,0.009,1.14,-0.54,0.03,-0.0044,2.4836,12.08,156591.62,7.85,91.93,11.687,-0,-0.9999,136.11,133.18,127.79,24.96,Cornering,"Hoosier 43075 16x7.5-10 R20, 7 inch rim",7768
78.22,450.58,-0.29,-249.07,-100.3,0.006,2.21,-3.08,0.16,0.0029,2.4833,12.02,25194.45,7.85,91.96,11.722,-0,-0.9997,136.26,133.33,127.65,24.97,Cornering,"Hoosier 43075 16x7.5-10 R20, 7 inch rim",7769
78.19,450.59,-2.42,-244.52,-98.09,0.001,3.63,-6.2,0.03,0.0246,2.4929,11.97,156813.98,7.85,91.98,11.742,-0,-0.9999,136.41,133.55,127.65,25,Cornering,"Hoosier 43075 16x7.5-10 R20, 7 inch rim",7770
78.19,450.6,-5.46,-243.41,-96.62,-0,4.28,-9.14,-0.04,0.0565,2.5192,11.95,-97559.58,7.85,92.01,11.77,-0,-1.0001,136.56,133.71,127.65,25.02,Cornering,"Hoosier 43075 16x7.5-10 R20, 7 inch rim",7771
78.22,450.61,-7.64,-246.71,-95.98,0.007,2.98,-9.93,0.09,0.0796,2.5703,12.01,43488.57,7.85,92.04,11.781,-0,-0.9998,136.75,134.06,127.57,25.02,Cornering,"Hoosier 43075 16x7.5-10 R20, 7 inch rim",7772
78.2,450.62,-8.33,-251.7,-96.22,0.009,1.16,-8.85,0.09,0.0866,2.6157,12.07,43466.57,7.85,92.03,11.793,-0,-0.9998,136.99,134.28,127.53,25.01,Cornering,"Hoosier 43075 16x7.5-10 R20, 7 inch rim",7773
78.18,450.63,-7.91,-257.42,-97.46,-0.003,-0.95,-6.66,0.03,0.0812,2.6413,12.12,156707.23,7.85,92.06,11.801,-0,-0.9999,137.2,134.39,127.65,24.98,Cornering,"Hoosier 43075 16x7.5-10 R20, 7 inch rim",7774
78.21,450.64,-8.26,-261.37,-99.35,0.009,-1.92,-6.01,0.16,0.0831,2.6307,12.11,25179.93,7.85,92.04,11.815,-0,-0.9997,137.24,134.41,127.67,24.96,Cornering,"Hoosier 43075 16x7.5-10 R20, 7 inch rim",7775
78.23,450.65,-10.08,-263.85,-101.5,0.006,-1.89,-8.27,0.16,0.0994,2.5995,12.08,25192.3,7.85,92.05,11.808,-0,-0.9997,137.22,134.26,127.81,24.97,Cornering,"Hoosier 43075 16x7.5-10 R20, 7 inch rim",7776
78.19,450.67,-12.32,-264,-105.29,0.004,0.34,-14.42,0.09,0.117,2.5074,11.92,43472.96,7.85,91.99,12.23,-0,-0.9998,137.16,134.08,127.99,25.01,Cornering,"Hoosier 43075 16x7.5-10 R20, 7 inch rim",7777
78.22,450.68,-11.3,-260.39,-104.41,-0.003,1.02,-15.55,0.16,0.1082,2.494,11.91,25243.85,7.85,91.97,12.234,-0,-0.9997,137.14,134.15,128.03,25.03,Cornering,"Hoosier 43075 16x7.5-10 R20, 7 inch rim",7778
78.21,450.69,-9.26,-256.07,-102.62,0.007,0.7,-14.61,0.09,0.0902,2.4953,11.96,43472.72,7.85,91.97,12.232,-0,-0.9998,137.27,134.26,127.95,25.01,Cornering,"Hoosier 43075 16x7.5-10 R20, 7 inch rim",7779
78.18,450.7,-6.02,-251.87,-100.42,0.007,0.91,-11.57,0.09,0.0599,2.5081,12.03,43464.27,7.85,91.96,12.222,-0,-0.9998,137.44,134.39,127.83,25.01,Cornering,"Hoosier 43075 16x7.5-10 R20, 7 inch rim",7780
78.2,450.71,-3.01,-248.73,-97.67,0.001,0.56,-7.55,0.03,0.0308,2.5467,12.13,156713.05,7.85,91.93,12.206,-0,-0.9999,137.52,134.5,127.77,24.98,Cornering,"Hoosier 43075 16x7.5-10 R20, 7 inch rim",7781
78.22,450.72,-2.09,-248.28,-96.63,0.006,1.22,-4.59,0.03,0.0216,2.5694,12.15,156569.28,7.85,91.95,12.203,-0,-0.9999,137.78,134.74,127.69,24.96,Cornering,"Hoosier 43075 16x7.5-10 R20, 7 inch rim",7782
78.2,450.73,-2.24,-250.6,-96.31,0.004,0.89,-1.97,0.16,0.0233,2.6022,12.14,25170.51,7.85,91.98,12.206,-0,-0.9997,138,135.07,127.67,24.95,Cornering,"Hoosier 43075 16x7.5-10 R20, 7 inch rim",7783
78.19,450.74,-2.13,-254.36,-97.76,0.012,1.7,1.19,0.09,0.0218,2.6019,12.07,43388.97,7.85,92.01,12.189,-0,-0.9998,138.25,135.27,127.67,24.96,Cornering,"Hoosier 43075 16x7.5-10 R20, 7 inch rim",7784
78.22,450.75,-1.34,-258.7,-99.35,0.004,1.12,4.63,0.09,0.0134,2.6038,11.97,43419.89,7.85,92.01,12.184,-0,-0.9998,138.34,135.36,127.77,24.98,Cornering,"Hoosier 43075 16x7.5-10 R20, 7 inch rim",7785
78.22,450.76,-0.1,-262.12,-101.83,-0.002,1.1,7.63,0.16,0.001,2.574,11.94,25202.02,7.85,92.01,12.181,-0,-0.9997,138.36,135.27,127.83,24.98,Cornering,"Hoosier 43075 16x7.5-10 R20, 7 inch rim",7786
78.19,450.77,1.32,-265.29,-103.77,0.01,-0.06,9.25,0.03,-0.0127,2.5565,11.93,156770.16,7.85,92.05,12.17,-0,-0.9999,138.3,135.11,127.91,24.99,Cornering,"Hoosier 43075 16x7.5-10 R20, 7 inch rim",7787
78.2,450.78,2.86,-266.51,-105.74,0.003,0.23,9.75,0.03,-0.0271,2.5203,11.99,156768.5,7.85,92.09,12.173,-0,-0.9999,138.21,135.05,128.01,24.99,Cornering,"Hoosier 43075 16x7.5-10 R20, 7 inch rim",7788
78.22,450.79,4.56,-265.28,-106.44,0.006,0.35,9.46,0.09,-0.0428,2.4924,12.08,43431.34,7.85,92.12,12.176,-0,-0.9998,138.17,135.09,128.07,24.98,Cornering,"Hoosier 43075 16x7.5-10 R20, 7 inch rim",7789
78.2,450.8,5.83,-261.55,-104.97,0.006,-0.38,8.51,0.16,-0.0555,2.4916,12.15,25198.44,7.85,92.18,12.157,-0,-0.9997,138.23,135.16,128.05,24.97,Cornering,"Hoosier 43075 16x7.5-10 R20, 7 inch rim",7790
78.19,450.81,6.45,-256.06,-102.11,-0.005,-0.32,7.26,0.09,-0.0632,2.5077,12.16,43392.64,7.85,92.18,12.166,-0,-0.9998,138.38,135.29,128.09,24.96,Cornering,"Hoosier 43075 16x7.5-10 R20, 7 inch rim",7791
78.21,450.82,5.5,-250.95,-99.48,0.006,0.41,5.17,0.09,-0.0552,2.5226,12.11,43391.96,7.85,92.17,12.17,-0,-0.9998,138.6,135.4,128.05,24.96,Cornering,"Hoosier 43075 16x7.5-10 R20, 7 inch rim",7792
78.22,450.83,4.05,-247.83,-97.13,0.007,1.08,3.38,0.09,-0.0417,2.5516,12.04,43424.71,7.85,92.15,12.154,-0,-0.9998,138.72,135.58,127.99,24.98,Cornering,"Hoosier 43075 16x7.5-10 R20, 7 inch rim",7793
78.19,450.84,0.53,-247.96,-96.3,0.006,1.92,0.15,0.23,-0.0055,2.5749,11.97,17767.66,7.85,92.15,12.148,-0,-0.9996,138.9,135.91,127.91,25,Cornering,"Hoosier 43075 16x7.5-10 R20, 7 inch rim",7794
78.19,450.85,-4.12,-250.59,-96.53,0.003,2.4,-3.82,0.09,0.0427,2.5959,11.95,43468.22,7.85,92.15,12.134,-0,-0.9998,139.13,136.13,127.87,25,Cornering,"Hoosier 43075 16x7.5-10 R20, 7 inch rim",7795
78.22,450.86,-8.37,-254.31,-98.43,-0,2.96,-7.18,0.09,0.085,2.5835,12.01,43470.74,7.85,92.13,12.118,-0,-0.9998,139.3,136.32,127.91,25,Cornering,"Hoosier 43075 16x7.5-10 R20, 7 inch rim",7796
78.21,450.87,-11.02,-258.26,-99.87,0.016,1.56,-9.5,0.09,0.1104,2.5859,12.08,43463.64,7.85,92.12,12.1,-0,-0.9998,139.3,136.32,127.99,25,Cornering,"Hoosier 43075 16x7.5-10 R20, 7 inch rim",7797
78.18,450.88,-12.59,-261.23,-103.14,0.017,2.26,-11.58,0.09,0.1221,2.5327,12.14,43399.01,7.85,92.09,12.063,-0,-0.9998,139.28,136.21,128.01,24.96,Cornering,"Hoosier 43075 16x7.5-10 R20, 7 inch rim",7798
78.21,450.89,-13.9,-263.7,-104.8,0.009,1.03,-14.5,0.16,0.1326,2.5162,12.11,25197.07,7.85,92.09,12.045,-0,-0.9997,139.22,136.06,128.09,24.96,Cornering,"Hoosier 43075 16x7.5-10 R20, 7 inch rim",7799
78.22,450.9,-15.3,-264.43,-105.32,-0.005,-0.33,-18.43,0.09,0.1453,2.5107,12.06,43449.09,7.85,92.09,12.001,-0,-0.9998,139.13,135.99,128.15,24.98,Cornering,"Hoosier 43075 16x7.5-10 R20, 7 inch rim",7800
78.19,450.91,-16.04,-263.04,-106.02,-0.002,-0.01,-21.64,0.09,0.1513,2.4811,11.97,43495.98,7.85,92.06,11.959,-0,-0.9998,139.15,136.06,128.17,25,Cornering,"Hoosier 43075 16x7.5-10 R20, 7 inch rim",7801
78.19,450.92,-15.32,-259.01,-103.76,0.001,-1.17,-22.48,0.16,0.1476,2.4964,11.94,25266.36,7.85,92.02,11.928,-0,-0.9997,139.3,136.13,128.17,25.02,Cornering,"Hoosier 43075 16x7.5-10 R20, 7 inch rim",7802
78.22,450.93,-12.64,-254.03,-101.53,-0,-0.92,-20.21,-0.04,0.1245,2.502,11.96,-97710.96,7.85,91.99,11.886,-0,-1.0001,139.48,136.19,128.09,25.03,Cornering,"Hoosier 43075 16x7.5-10 R20, 7 inch rim",7803
78.21,450.94,-8.44,-249.32,-98.46,-0.009,-0.12,-15.02,0.03,0.0857,2.5321,12.04,157109.53,7.85,91.95,11.831,-0,-0.9999,139.63,136.39,128.03,25.01,Cornering,"Hoosier 43075 16x7.5-10 R20, 7 inch rim",7804
78.18,450.95,-4.58,-246.89,-96.97,0.009,1.31,-8.9,0.09,0.0472,2.546,12.12,43514.13,7.85,91.92,11.779,-0,-0.9998,139.84,136.54,127.91,25,Cornering,"Hoosier 43075 16x7.5-10 R20, 7 inch rim",7805
78.21,450.96,-2.15,-247.16,-96,0.001,2.31,-3.58,0.03,0.0224,2.5747,12.19,156946.44,7.85,91.91,11.732,-0,-0.9999,140.1,136.9,127.89,24.98,Cornering,"Hoosier 43075 16x7.5-10 R20, 7 inch rim",7806
78.22,450.97,-2.09,-250.15,-96.28,0.01,2.24,-0.33,0.09,0.0217,2.5982,12.16,43498.25,7.85,91.93,11.686,-0,-0.9998,140.33,137.1,127.83,24.98,Cornering,"Hoosier 43075 16x7.5-10 R20, 7 inch rim",7807
78.2,450.98,-2.32,-253.71,-98.17,0.004,2.82,2.28,0.03,0.0236,2.5845,12.1,156891.23,7.85,91.92,11.634,-0,-0.9999,140.46,137.23,127.93,24.96,Cornering,"Hoosier 43075 16x7.5-10 R20, 7 inch rim",7808
78.18,450.99,-1.83,-257.78,-100.98,0.007,2.6,4.85,0.16,0.0181,2.5528,12.01,25232.97,7.85,91.93,11.583,-0,-0.9997,140.38,137.12,127.97,24.96,Cornering,"Hoosier 43075 16x7.5-10 R20, 7 inch rim",7809
78.22,451,0.45,-261.84,-102.87,0.004,0.44,8.06,0.09,-0.0043,2.5454,11.96,43490.52,7.85,91.96,11.539,-0,-0.9998,140.29,136.9,128.13,24.96,Cornering,"Hoosier 43075 16x7.5-10 R20, 7 inch rim",7810
78.22,451.01,3.26,-264.66,-105.49,0.006,-0.18,10.56,-0.04,-0.0309,2.5088,11.95,-97530.57,7.85,91.98,11.491,-0,-1.0001,140.21,136.72,128.25,24.95,Cornering,"Hoosier 43075 16x7.5-10 R20, 7 inch rim",7811
78.18,451.02,5.24,-264.99,-106.29,0.007,-1.24,10.95,-0.04,-0.0493,2.4932,12.01,-97517.61,7.85,91.99,11.463,-0,-1.0001,140.1,136.7,128.36,24.94,Cornering,"Hoosier 43075 16x7.5-10 R20, 7 inch rim",7812
78.2,451.03,5.95,-262.14,-105.29,-0.006,-1.79,9.84,0.09,-0.0565,2.4897,12.09,43487.84,7.85,91.97,11.423,-0,-0.9998,140.16,136.7,128.36,24.95,Cornering,"Hoosier 43075 16x7.5-10 R20, 7 inch rim",7813
78.22,451.04,6.45,-256.71,-103.25,-0,-0.8,8.75,0.03,-0.0625,2.4864,12.15,157030.58,7.85,91.96,11.38,-0,-0.9999,140.29,136.76,128.31,24.96,Cornering,"Hoosier 43075 16x7.5-10 R20, 7 inch rim",7814
78.2,451.05,6.5,-250.65,-100.3,0.006,0.36,8.1,0.09,-0.0648,2.499,12.16,43550.38,7.85,91.96,11.342,-0,-0.9998,140.42,136.88,128.25,24.98,Cornering,"Hoosier 43075 16x7.5-10 R20, 7 inch rim",7815
78.19,451.06,6.33,-246.08,-97.34,-0.005,1.43,8.09,0.23,-0.065,2.528,12.1,17812.8,7.85,91.97,11.304,-0,-0.9996,140.59,137.07,128.19,24.98,Cornering,"Hoosier 43075 16x7.5-10 R20, 7 inch rim",7816
78.21,451.07,5.77,-244.23,-95.51,0.004,2.86,8.53,0.09,-0.0604,2.5572,11.99,43590.3,7.85,91.98,11.278,-0,-0.9998,140.74,137.25,128.05,25,Cornering,"Hoosier 43075 16x7.5-10 R20, 7 inch rim",7817
78.21,451.08,4.03,-246.06,-95.11,-0.003,3.29,8.39,0.03,-0.0424,2.5871,11.93,157288.36,7.85,92,11.239,-0,-1,140.98,137.56,128.01,24.99,Cornering,"Hoosier 43075 16x7.5-10 R20, 7 inch rim",7818
78.18,451.09,2.12,-249.95,-96.91,-0.002,4.16,8.27,0.09,-0.0219,2.5792,11.93,43600.91,7.85,92.03,11.206,-0,-0.9998,141.08,137.76,128.01,25,Cornering,"Hoosier 43075 16x7.5-10 R20, 7 inch rim",7819
78.2,451.1,-0.07,-255.42,-99.26,-0,2.86,7.26,0.03,0.0007,2.5731,11.99,157396.44,7.85,92.06,11.173,-0,-1,141.15,137.76,128.07,25,Cornering,"Hoosier 43075 16x7.5-10 R20, 7 inch rim",7820
78.22,451.11,-1.49,-260.12,-102.2,0.006,1.63,6.3,-0.04,0.0146,2.5453,12.08,-97827.33,7.85,92.07,11.146,-0,-1.0001,141.06,137.58,128.15,25,Cornering,"Hoosier 43075 16x7.5-10 R20, 7 inch rim",7821
78.2,451.12,-2.08,-264.34,-104.21,0.006,-1.01,4.62,0.03,0.02,2.5366,12.15,157431.34,7.85,92.06,11.108,-0,-1,140.91,137.32,128.29,25,Cornering,"Hoosier 43075 16x7.5-10 R20, 7 inch rim",7822
78.18,451.13,-1.84,-266.21,-105.64,0.003,-2.13,2.77,0.23,0.0174,2.52,12.16,17834.37,7.85,92.05,11.083,-0,-0.9996,140.81,137.16,128.38,25,Cornering,"Hoosier 43075 16x7.5-10 R20, 7 inch rim",7823
78.21,451.14,-1.87,-264.21,-105.84,0.01,-1.56,0.14,0.09,0.0177,2.4963,12.1,43624.01,7.85,92.02,11.049,-0,-0.9998,140.7,137.07,128.42,25,Cornering,"Hoosier 43075 16x7.5-10 R20, 7 inch rim",7824
78.23,451.15,-1.68,-259.68,-103.82,0.007,-0.84,-2.09,0.16,0.0162,2.5012,12.02,25324.46,7.85,92.04,10.999,-0,-0.9997,140.81,137.12,128.38,25,Cornering,"Hoosier 43075 16x7.5-10 R20, 7 inch rim",7825
78.19,451.16,-1.62,-253.75,-101.38,0.009,0.57,-3.71,0.09,0.016,2.503,11.93,43646.18,7.85,92.02,10.966,-0,-0.9998,141,137.27,128.29,25,Cornering,"Hoosier 43075 16x7.5-10 R20, 7 inch rim",7826
78.2,451.17,-1.69,-247.68,-98.09,0.012,2.34,-4.6,0.03,0.0172,2.525,11.9,157526.66,7.85,92,10.926,-0,-1,141.15,137.36,128.25,25,Cornering,"Hoosier 43075 16x7.5-10 R20, 7 inch rim",7827
78.22,451.18,-2.52,-244.65,-95.94,-0.005,3.34,-5.29,0.16,0.0263,2.55,11.93,25316.54,7.85,92,10.883,-0,-0.9997,141.36,137.6,128.15,24.98,Cornering,"Hoosier 43075 16x7.5-10 R20, 7 inch rim",7828
78.21,451.19,-3.35,-244.68,-95.05,0.007,3.9,-4.55,0.03,0.0353,2.5743,12.01,157384.8,7.85,92.01,10.847,-0,-1,141.58,137.87,128.07,24.97,Cornering,"Hoosier 43075 16x7.5-10 R20, 7 inch rim",7829
78.18,451.2,-4.59,-248.25,-95.75,0.003,2.97,-3.73,0.16,0.048,2.5928,12.11,25305.91,7.85,92.01,10.798,-0,-0.9997,141.77,138.15,127.99,24.96,Cornering,"Hoosier 43075 16x7.5-10 R20, 7 inch rim",7830
78.2,451.21,-5.95,-253.1,-98.1,0.006,2.28,-2.79,0.09,0.0607,2.5801,12.17,43604.02,7.85,92.05,10.765,-0,-0.9998,141.96,138.28,128.01,24.96,Cornering,"Hoosier 43075 16x7.5-10 R20, 7 inch rim",7831
78.22,451.22,-6.96,-258.41,-101.09,0.006,0.79,-2,0.09,0.0688,2.5563,12.17,43611.7,7.85,92.03,10.711,-0,-0.9998,142.01,138.17,127.99,24.96,Cornering,"Hoosier 43075 16x7.5-10 R20, 7 inch rim",7832
78.19,451.23,-6.75,-262.63,-103.11,0.007,-1.16,-0.97,0.16,0.0655,2.5472,12.11,25322.47,7.85,92.04,10.668,-0,-0.9997,141.9,138,128.11,24.97,Cornering,"Hoosier 43075 16x7.5-10 R20, 7 inch rim",7833
78.19,451.24,-5.52,-265.47,-105.38,0.013,-1.81,-0.04,0.23,0.0524,2.5192,12.01,17840.38,7.85,92.03,10.626,-0,-0.9996,141.77,137.71,128.21,24.97,Cornering,"Hoosier 43075 16x7.5-10 R20, 7 inch rim",7834
78.22,451.25,-2.71,-265.13,-105.84,0.004,-1.86,1.43,0.16,0.0256,2.5049,11.95,25340.97,7.85,92.02,10.585,-0,-0.9997,141.62,137.6,128.31,24.98,Cornering,"Hoosier 43075 16x7.5-10 R20, 7 inch rim",7835
78.21,451.26,-0.09,-261.21,-105.33,-0.002,-0.01,2.42,0.09,0.0008,2.48,11.97,43667.11,7.85,92.05,10.532,-0,-0.9998,141.64,137.6,128.38,24.98,Cornering,"Hoosier 43075 16x7.5-10 R20, 7 inch rim",7836
78.19,451.27,2.11,-255.47,-102.92,0.009,1.2,3.18,0.23,-0.0205,2.4823,12.04,17855.58,7.85,92.05,10.505,-0,-0.9996,141.69,137.62,128.31,24.98,Cornering,"Hoosier 43075 16x7.5-10 R20, 7 inch rim",7837
78.2,451.28,4.1,-249.4,-100.3,0.01,2.6,4.48,0.16,-0.0409,2.4865,12.11,25334.14,7.85,92.08,10.45,-0,-0.9997,141.86,137.69,128.27,24.96,Cornering,"Hoosier 43075 16x7.5-10 R20, 7 inch rim",7838
78.23,451.29,5.14,-245.01,-97.1,0.004,2.98,5.67,0.09,-0.0529,2.5233,12.14,43643.34,7.85,92.08,10.41,-0,-0.9998,142.01,137.8,128.19,24.96,Cornering,"Hoosier 43075 16x7.5-10 R20, 7 inch rim",7839
78.2,451.3,4.98,-243.96,-96.26,0.014,3.5,6.73,0.03,-0.0518,2.5343,12.11,157587.77,7.85,92.06,10.372,-0,-1,142.26,137.98,128.07,24.97,Cornering,"Hoosier 43075 16x7.5-10 R20, 7 inch rim",7840
78.18,451.31,4.38,-246.26,-95.88,0.007,2.61,7.98,0.09,-0.0457,2.5685,12.05,43654.28,7.85,92.04,10.33,-0,-0.9998,142.44,138.22,128.01,24.96,Cornering,"Hoosier 43075 16x7.5-10 R20, 7 inch rim",7841
78.21,451.32,3.06,-250.9,-96.99,-0.003,1.32,8.76,0.09,-0.0315,2.587,11.97,43658.16,7.85,92.01,10.301,-0,-0.9998,142.72,138.48,127.99,24.96,Cornering,"Hoosier 43075 16x7.5-10 R20, 7 inch rim",7842
78.22,451.33,1.53,-256.22,-99.61,-0,0.68,9.04,0.16,-0.0153,2.5722,11.93,25348.97,7.85,92,10.263,-0,-0.9997,142.78,138.48,128.01,24.96,Cornering,"Hoosier 43075 16x7.5-10 R20, 7 inch rim",7843
78.19,451.34,0.43,-260.46,-102.25,0.009,-0.51,8.89,0.23,-0.0042,2.5473,11.98,17854.41,7.85,92,10.228,-0,-0.9996,142.78,138.33,128.11,24.96,Cornering,"Hoosier 43075 16x7.5-10 R20, 7 inch rim",7844
78.2,451.35,-0.9,-263.26,-104.91,0.006,-0.47,7.26,0.16,0.0085,2.5095,12.08,25355.12,7.85,92.05,10.184,-0,-0.9997,142.72,138.06,128.23,24.96,Cornering,"Hoosier 43075 16x7.5-10 R20, 7 inch rim",7845
78.22,451.36,-0.82,-264.21,-105.97,0.009,-0.77,5.61,0.03,0.0077,2.4933,12.13,157623.34,7.85,92.15,10.148,-0,-1,142.57,137.89,128.36,24.96,Cornering,"Hoosier 43075 16x7.5-10 R20, 7 inch rim",7846
78.2,451.37,-0.02,-262.14,-105.98,-0.002,0.36,4.03,0.09,0.0002,2.4736,12.14,43672.24,7.85,92.2,10.121,-0,-0.9998,142.39,137.82,128.44,24.95,Cornering,"Hoosier 43075 16x7.5-10 R20, 7 inch rim",7847
78.18,451.38,0.32,-257.67,-104.89,0.012,1.5,2,0.03,-0.0031,2.4565,12.12,157579.66,7.85,92.24,10.087,-0,-1,142.41,137.82,128.46,24.94,Cornering,"Hoosier 43075 16x7.5-10 R20, 7 inch rim",7848
78.21,451.39,0.09,-252.2,-101.06,0.009,0.78,-0.22,0.16,-0.0009,2.4955,12.03,25348.28,7.85,92.27,10.044,-0,-0.9997,142.52,137.87,128.38,24.94,Cornering,"Hoosier 43075 16x7.5-10 R20, 7 inch rim",7849
78.23,451.4,-0.47,-247.19,-99.34,0.003,2.24,-1.78,0.09,0.0047,2.4884,11.95,43697.91,7.85,92.28,10.004,-0,-0.9998,142.63,137.93,128.34,24.96,Cornering,"Hoosier 43075 16x7.5-10 R20, 7 inch rim",7850
78.19,451.41,-1.42,-245.01,-96.79,0.006,1.98,-2.61,0.03,0.0147,2.5314,11.95,157860.02,7.85,92.31,9.959,-0,-1,142.74,138.06,128.31,24.98,Cornering,"Hoosier 43075 16x7.5-10 R20, 7 inch rim",7851
78.2,451.42,-2.36,-245.13,-95.73,-0.003,1.93,-2.52,0.03,0.0247,2.5606,12.02,157875.56,7.85,92.31,9.926,-0,-1,142.89,138.33,128.21,24.98,Cornering,"Hoosier 43075 16x7.5-10 R20, 7 inch rim",7852
78.22,451.43,-3.73,-248.43,-96.6,0.006,1.68,-1.88,0.09,0.0386,2.5717,12.09,43753.13,7.85,92.28,9.892,-0,-0.9998,143.06,138.64,128.13,24.98,Cornering,"Hoosier 43075 16x7.5-10 R20, 7 inch rim",7853
78.2,451.44,-5.33,-252.84,-97.83,0.017,0.54,-1.36,-0.04,0.0545,2.5845,12.17,-98141.55,7.85,92.29,9.839,-0,-1.0001,143.17,138.75,128.15,24.97,Cornering,"Hoosier 43075 16x7.5-10 R20, 7 inch rim",7854
78.19,451.45,-6.41,-256.86,-100.55,0.006,0.43,-0.76,0.03,0.0638,2.5544,12.17,157820.61,7.85,92.28,9.809,-0,-1,143.17,138.66,128.23,24.96,Cornering,"Hoosier 43075 16x7.5-10 R20, 7 inch rim",7855
78.21,451.46,-6.22,-259.65,-102.35,-0,-0.13,0.23,0.09,0.0607,2.5369,12.11,43740.42,7.85,92.27,9.754,-0,-0.9998,143.1,138.44,128.27,24.96,Cornering,"Hoosier 43075 16x7.5-10 R20, 7 inch rim",7856
78.22,451.47,-5.07,-261.84,-104.68,0.003,0.34,1.12,0.03,0.0485,2.5014,12.03,157829.69,7.85,92.29,9.71,-0,-1,142.91,138.11,128.4,24.96,Cornering,"Hoosier 43075 16x7.5-10 R20, 7 inch rim",7857
78.19,451.48,-2.77,-261.86,-105.65,0.006,0.45,2.34,0.23,0.0262,2.4785,11.96,17892.72,7.85,92.3,9.667,-0,-0.9996,142.74,138.02,128.54,24.97,Cornering,"Hoosier 43075 16x7.5-10 R20, 7 inch rim",7858
78.2,451.49,-0.93,-259.67,-104.87,0.004,0.23,2.47,-0.04,0.0089,2.4762,11.92,-98225.59,7.85,92.29,9.626,-0,-1.0001,142.59,137.95,128.56,24.98,Cornering,"Hoosier 43075 16x7.5-10 R20, 7 inch rim",7859
78.23,451.5,1.06,-255.14,-103.37,-0,1.12,2.91,0.23,-0.0103,2.4683,11.97,17914.23,7.85,92.3,9.573,-0,-0.9996,142.61,138,128.48,24.99,Cornering,"Hoosier 43075 16x7.5-10 R20, 7 inch rim",7860
78.21,451.51,1.99,-250.15,-101.55,-0,2.12,2.94,0.09,-0.0196,2.4632,12.05,43809.2,7.85,92.28,9.533,-0,-0.9998,142.72,138.04,128.4,24.98,Cornering,"Hoosier 43075 16x7.5-10 R20, 7 inch rim",7861
78.18,451.52,2.78,-246.28,-98.06,0.006,1.01,3.72,0.16,-0.0283,2.5115,12.14,25441.91,7.85,92.26,9.5,-0,-0.9997,142.78,138.15,128.34,25,Cornering,"Hoosier 43075 16x7.5-10 R20, 7 inch rim",7862
78.21,451.53,3.61,-244.55,-96.77,0.001,1.41,5.33,0.16,-0.0373,2.5272,12.22,25468.52,7.85,92.23,9.458,-0,-0.9997,142.84,138.37,128.21,25.02,Cornering,"Hoosier 43075 16x7.5-10 R20, 7 inch rim",7863
78.22,451.54,3.62,-245.47,-96.1,-0.002,1.49,7.12,0.03,-0.0377,2.5542,12.19,158401.11,7.85,92.21,9.421,-0,-1,143.02,138.66,128.15,25.03,Cornering,"Hoosier 43075 16x7.5-10 R20, 7 inch rim",7864
78.19,451.55,2.29,-248.77,-97.15,0.006,1.26,7.98,0.03,-0.0235,2.5607,12.13,158458.27,7.85,92.21,9.375,-0,-1,143.19,138.83,128.17,25.03,Cornering,"Hoosier 43075 16x7.5-10 R20, 7 inch rim",7865
78.18,451.56,0.59,-252.78,-99.71,-0.005,1.91,8.05,0.09,-0.0059,2.5352,12.04,43904.36,7.85,92.22,9.339,-0,-0.9998,143.25,138.92,128.21,25.03,Cornering,"Hoosier 43075 16x7.5-10 R20, 7 inch rim",7866
78.22,451.57,-0.2,-256.91,-101.75,0.016,0.28,8.54,0.09,0.002,2.5249,11.96,43909.63,7.85,92.25,9.296,-0,-0.9998,143.17,138.7,128.31,25.03,Cornering,"Hoosier 43075 16x7.5-10 R20, 7 inch rim",7867
78.21,451.58,-1.38,-259.99,-103.9,0.004,0.3,7.33,0.23,0.0132,2.5022,11.95,17933.41,7.85,92.28,9.276,-0,-0.9996,143.06,138.53,128.42,25,Cornering,"Hoosier 43075 16x7.5-10 R20, 7 inch rim",7868
78.19,451.59,-1.39,-261.86,-105.32,0.004,0.01,5.98,0.09,0.0132,2.4862,12,43856.46,7.85,92.28,9.232,-0,-0.9998,142.87,138.22,128.5,24.99,Cornering,"Hoosier 43075 16x7.5-10 R20, 7 inch rim",7869
78.2,451.6,-0.64,-261.51,-106.25,-0.005,0.52,4.61,0.09,0.0061,2.4612,12.1,43871.66,7.85,92.31,9.19,-0,-0.9998,142.72,138.15,128.6,25,Cornering,"Hoosier 43075 16x7.5-10 R20, 7 inch rim",7870
78.23,451.61,0.46,-258.73,-105.08,0.001,0.19,3.35,0.09,-0.0044,2.4622,12.15,43855.12,7.85,92.33,9.159,-0,-0.9998,142.67,138.15,128.6,24.98,Cornering,"Hoosier 43075 16x7.5-10 R20, 7 inch rim",7871
78.2,451.62,1.1,-253.79,-103.1,0.013,0.63,1.9,0.03,-0.0106,2.4616,12.18,158243.52,7.85,92.34,9.112,-0,-1,142.72,138.17,128.54,24.98,Cornering,"Hoosier 43075 16x7.5-10 R20, 7 inch rim",7872
78.19,451.63,0.94,-248.64,-100.45,0.012,1.2,0.65,0.16,-0.0094,2.4753,12.15,25453.05,7.85,92.36,9.093,-0,-0.9997,142.78,138.31,128.46,24.98,Cornering,"Hoosier 43075 16x7.5-10 R20, 7 inch rim",7873
78.21,451.64,0.17,-244.83,-98.34,-0.005,2.02,-0.56,0.09,-0.0017,2.4896,12.06,43848.12,7.85,92.37,9.047,-0,-0.9998,142.95,138.42,128.4,24.97,Cornering,"Hoosier 43075 16x7.5-10 R20, 7 inch rim",7874
78.22,451.65,-1.06,-244.06,-97.45,-0.002,2.39,-0.8,0.16,0.0109,2.5045,12,25452.97,7.85,92.35,9.008,-0,-0.9997,143.04,138.66,128.31,24.97,Cornering,"Hoosier 43075 16x7.5-10 R20, 7 inch rim",7875
78.18,451.66,-2.72,-245.65,-96.84,0.007,1.77,-0.55,0.16,0.0281,2.5367,11.94,25449.71,7.85,92.32,8.97,-0,-0.9997,143.29,138.94,128.23,24.97,Cornering,"Hoosier 43075 16x7.5-10 R20, 7 inch rim",7876
78.2,451.67,-4.59,-249.22,-98.35,0.003,1.6,-0.28,-0.04,0.0466,2.534,11.97,-98347.42,7.85,92.32,8.93,-0,-1.0001,143.4,139.16,128.27,24.96,Cornering,"Hoosier 43075 16x7.5-10 R20, 7 inch rim",7877
78.23,451.68,-5.63,-253.29,-100.43,0.007,1.12,0.62,0.09,0.0561,2.5219,12.03,43836.8,7.85,92.33,8.884,-0,-0.9998,143.42,139.14,128.4,24.96,Cornering,"Hoosier 43075 16x7.5-10 R20, 7 inch rim",7878
78.2,451.69,-5.97,-256.54,-102.99,-0.002,0.94,1.39,0.03,0.0579,2.4909,12.12,158173.14,7.85,92.33,8.845,-0,-1,143.36,139.01,128.44,24.95,Cornering,"Hoosier 43075 16x7.5-10 R20, 7 inch rim",7879
78.19,451.7,-5.2,-259.73,-105.1,0.017,0,2.29,0.03,0.0494,2.4713,12.13,158159.69,7.85,92.3,8.789,-0,-1,143.17,138.75,128.54,24.94,Cornering,"Hoosier 43075 16x7.5-10 R20, 7 inch rim",7880
78.21,451.71,-3.5,-260.61,-106.36,0.001,0.19,2.88,0.16,0.0329,2.4503,12.12,25458.02,7.85,92.29,8.759,-0,-0.9997,143.02,138.55,128.64,24.96,Cornering,"Hoosier 43075 16x7.5-10 R20, 7 inch rim",7881
78.21,451.72,-1.46,-259.21,-106.79,0.001,0.66,3.06,0.09,0.0137,2.4273,12.03,43886.86,7.85,92.28,8.715,-0,-0.9998,142.91,138.46,128.64,24.97,Cornering,"Hoosier 43075 16x7.5-10 R20, 7 inch rim",7882
78.18,451.73,0.32,-255.16,-105.04,-0,0.54,2.95,0.03,-0.0031,2.4291,12.01,158430.53,7.85,92.26,8.668,-0,-1,142.89,138.39,128.58,24.98,Cornering,"Hoosier 43075 16x7.5-10 R20, 7 inch rim",7883
78.2,451.74,1.56,-249.86,-102.16,-0,0.7,2.94,0.09,-0.0153,2.4458,12,43926.88,7.85,92.22,8.632,-0,-0.9998,142.97,138.44,128.5,24.99,Cornering,"Hoosier 43075 16x7.5-10 R20, 7 inch rim",7884
78.23,451.75,2.5,-245.04,-99.01,0.003,0.64,3.51,0.09,-0.0253,2.4749,12.06,43921.71,7.85,92.19,8.587,-0,-0.9998,142.99,138.48,128.4,24.98,Cornering,"Hoosier 43075 16x7.5-10 R20, 7 inch rim",7885
78.2,451.76,2.68,-242.37,-97.15,-0.002,1.08,4.35,0.09,-0.0276,2.4947,12.14,43885.13,7.85,92.18,8.55,-0,-0.9998,143.08,138.59,128.29,24.96,Cornering,"Hoosier 43075 16x7.5-10 R20, 7 inch rim",7886
78.19,451.77,2.56,-242.38,-96.74,0.003,1.94,5.93,0.09,-0.0264,2.5055,12.17,43890.1,7.85,92.16,8.506,-0,-0.9998,143.25,138.81,128.19,24.96,Cornering,"Hoosier 43075 16x7.5-10 R20, 7 inch rim",7887
78.21,451.78,1.43,-244.71,-97.9,0.001,2.82,6.99,0.03,-0.0146,2.4995,12.14,158440.61,7.85,92.16,8.461,-0,-1,143.36,138.97,128.15,24.97,Cornering,"Hoosier 43075 16x7.5-10 R20, 7 inch rim",7888
78.22,451.79,0.15,-248.45,-99.05,-0,1.57,7.92,0.03,-0.0015,2.5082,12.08,158563.56,7.85,92.15,8.43,-0,-1,143.47,139.08,128.19,24.98,Cornering,"Hoosier 43075 16x7.5-10 R20, 7 inch rim",7889
78.19,451.8,-1.29,-252.71,-102.05,0.014,1.36,7.94,0.16,0.0126,2.4763,12.01,25511.99,7.85,92.14,8.386,-0,-0.9997,143.42,138.92,128.31,24.99,Cornering,"Hoosier 43075 16x7.5-10 R20, 7 inch rim",7890
78.19,451.81,-1.42,-256.29,-104.38,0.01,0.35,8.13,-0.04,0.0136,2.4553,11.97,-98584.23,7.85,92.11,8.358,-0,-1.0001,143.25,138.64,128.4,24.98,Cornering,"Hoosier 43075 16x7.5-10 R20, 7 inch rim",7891
78.22,451.82,-1.18,-258.73,-106.16,-0.005,0.15,7.19,0.23,0.0112,2.4373,12,17950.08,7.85,92.08,8.305,-0,-0.9996,143.04,138.42,128.52,24.96,Cornering,"Hoosier 43075 16x7.5-10 R20, 7 inch rim",7892
78.21,451.83,-0.53,-258.76,-107.48,0.003,0.56,5.88,0.16,0.0049,2.4074,12.08,25483.74,7.85,92.11,8.271,-0,-0.9997,142.89,138.31,128.56,24.96,Cornering,"Hoosier 43075 16x7.5-10 R20, 7 inch rim",7893
78.18,451.84,0.52,-256.27,-106.23,0.003,0.21,4.48,0.16,-0.0049,2.4123,12.16,25486.17,7.85,92.13,8.232,-0,-0.9997,142.74,138.22,128.54,24.96,Cornering,"Hoosier 43075 16x7.5-10 R20, 7 inch rim",7894
78.2,451.85,1.02,-250.96,-103.7,0.001,0.5,3.04,0.3,-0.0099,2.4201,12.19,13858.71,7.85,92.15,8.197,-0,-0.9994,142.76,138.28,128.5,24.96,Cornering,"Hoosier 43075 16x7.5-10 R20, 7 inch rim",7895
78.22,451.86,1.61,-245.21,-101.05,0.006,0.97,2.28,0.09,-0.0159,2.4266,12.14,43937.53,7.85,92.15,8.165,-0,-0.9998,142.87,138.31,128.4,24.97,Cornering,"Hoosier 43075 16x7.5-10 R20, 7 inch rim",7896
78.2,451.87,1.29,-240.85,-98.5,0.007,2.02,1.87,0.03,-0.0131,2.4451,12.05,158681.97,7.85,92.16,8.128,-0,-1,142.89,138.42,128.38,24.98,Cornering,"Hoosier 43075 16x7.5-10 R20, 7 inch rim",7897
78.19,451.88,-0.11,-239.42,-96.59,0.001,1.48,1.44,0.03,0.0011,2.4789,11.98,158734.7,7.85,92.16,8.086,-0,-1,142.97,138.61,128.23,24.99,Cornering,"Hoosier 43075 16x7.5-10 R20, 7 inch rim",7898
78.22,451.89,-1.77,-240.38,-96.77,0.009,2.18,1.68,0.03,0.0183,2.484,11.93,158639.56,7.85,92.12,8.046,-0,-1,143.12,138.83,128.17,24.97,Cornering,"Hoosier 43075 16x7.5-10 R20, 7 inch rim",7899
78.21,451.9,-3.63,-243.79,-97.98,0.004,1.77,1.95,-0.04,0.0371,2.4881,11.96,-98575.44,7.85,92.09,8.015,-0,-1.0001,143.21,139.08,128.17,24.96,Cornering,"Hoosier 43075 16x7.5-10 R20, 7 inch rim",7900
78.18,451.91,-5.27,-247.82,-100.18,-0.003,1.46,2.15,0.16,0.0526,2.4736,12.05,25502.57,7.85,92.05,7.966,-0,-0.9997,143.23,138.99,128.21,24.96,Cornering,"Hoosier 43075 16x7.5-10 R20, 7 inch rim",7901
78.2,451.92,-5.84,-251.77,-103.39,0.009,1.53,2.86,0.09,0.0565,2.435,12.15,43941.58,7.85,92.03,7.933,-0,-0.9998,143.1,138.79,128.31,24.96,Cornering,"Hoosier 43075 16x7.5-10 R20, 7 inch rim",7902
78.22,451.93,-4.97,-254.74,-105.43,0.01,0.79,3.38,0.16,0.0472,2.4162,12.22,25519.24,7.85,91.99,7.886,-0,-0.9997,142.93,138.5,128.44,24.97,Cornering,"Hoosier 43075 16x7.5-10 R20, 7 inch rim",7903
78.2,451.94,-3.45,-256.39,-106.39,-0.007,-0.2,3.62,-0.04,0.0324,2.4099,12.22,-98638.68,7.85,91.95,7.841,-0,-1.0001,142.74,138.33,128.54,24.97,Cornering,"Hoosier 43075 16x7.5-10 R20, 7 inch rim",7904
78.19,451.95,-1.6,-254.89,-106.87,0.007,0.53,3.52,0.09,0.015,2.3851,12.14,43965.65,7.85,91.92,7.799,-0,-0.9998,142.48,138.2,128.58,24.96,Cornering,"Hoosier 43075 16x7.5-10 R20, 7 inch rim",7905
78.22,451.96,0.07,-250.85,-105.13,0.009,0.44,3.19,0.09,-0.0006,2.3861,12.05,43959.81,7.85,91.93,7.756,-0,-0.9998,142.37,138.15,128.56,24.96,Cornering,"Hoosier 43075 16x7.5-10 R20, 7 inch rim",7906
78.22,451.97,1.64,-245.41,-102.49,0.013,0.59,3.36,0.16,-0.016,2.3946,11.99,25517.91,7.85,91.92,7.708,-0,-0.9997,142.37,138.17,128.54,24.96,Cornering,"Hoosier 43075 16x7.5-10 R20, 7 inch rim",7907
78.19,451.98,2,-240.12,-99.63,0.016,1.41,3.29,0.09,-0.0201,2.4102,11.97,43987.32,7.85,91.87,7.685,-0,-0.9998,142.37,138.31,128.44,24.97,Cornering,"Hoosier 43075 16x7.5-10 R20, 7 inch rim",7908
78.2,451.99,1.59,-236.97,-97.62,0.007,2.05,3.46,0.09,-0.0162,2.4275,12.03,43992.2,7.85,91.83,7.637,-0,-0.9998,142.33,138.35,128.34,24.97,Cornering,"Hoosier 43075 16x7.5-10 R20, 7 inch rim",7909
78.23,452,1.09,-236.64,-96.9,0.004,2.72,4.61,0.09,-0.0112,2.4421,12.09,43997.48,7.85,91.8,7.584,-0,-0.9998,142.41,138.57,128.27,24.97,Cornering,"Hoosier 43075 16x7.5-10 R20, 7 inch rim",7910
78.2,452.01,-0.14,-238.96,-97.55,-0,2.45,5.63,0.09,0.0014,2.4496,12.14,43969.81,7.85,91.76,7.554,-0,-0.9998,142.54,138.79,128.29,24.95,Cornering,"Hoosier 43075 16x7.5-10 R20, 7 inch rim",7911
78.19,452.02,-1.2,-242.85,-99.45,-0.003,1.97,6.81,0.03,0.0121,2.442,12.14,158728.83,7.86,91.8,7.502,-0,-1,142.57,138.94,128.29,24.96,Cornering,"Hoosier 43075 16x7.5-10 R20, 7 inch rim",7912
78.21,452.03,-2.03,-246.48,-101.68,0.009,1.48,7.67,0.03,0.02,2.4242,12.07,158815.22,7.85,91.85,7.466,-0,-1,142.48,138.88,128.42,24.97,Cornering,"Hoosier 43075 16x7.5-10 R20, 7 inch rim",7913
78.22,452.04,-2.1,-250.07,-104.01,0.007,0.42,8,0.03,0.0202,2.4043,12.01,158974.28,7.85,91.89,7.433,-0,-1,142.29,138.57,128.5,24.99,Cornering,"Hoosier 43075 16x7.5-10 R20, 7 inch rim",7914
78.19,452.05,-1.73,-252.12,-105.96,0.012,0.28,7.58,0.09,0.0163,2.3795,11.97,44057.83,7.85,91.9,7.385,-0,-0.9998,142.11,138.35,128.56,24.99,Cornering,"Hoosier 43075 16x7.5-10 R20, 7 inch rim",7915
78.2,452.06,-0.3,-252.58,-107.35,0.01,0.63,7.23,0.16,0.0027,2.3529,12.02,25556.24,7.85,91.91,7.349,-0,-0.9997,141.9,138.22,128.6,24.97,Cornering,"Hoosier 43075 16x7.5-10 R20, 7 inch rim",7916
78.23,452.07,0.99,-250.21,-106.21,-0,0.32,6.26,0.09,-0.0093,2.3558,12.1,43973.7,7.85,91.94,7.303,-0,-0.9998,141.73,138.15,128.62,24.94,Cornering,"Hoosier 43075 16x7.5-10 R20, 7 inch rim",7917
78.21,452.08,1.32,-245.41,-103.88,0.007,0.25,4.83,-0.04,-0.0127,2.3624,12.15,-98581.33,7.85,91.97,7.273,-0,-1.0001,141.73,138.15,128.52,24.92,Cornering,"Hoosier 43075 16x7.5-10 R20, 7 inch rim",7918
78.18,452.09,1.78,-239.97,-100.96,0.013,0.75,4.16,-0.04,-0.0176,2.3769,12.17,-98634.79,7.85,92,7.237,-0,-1.0001,141.81,138.15,128.42,24.93,Cornering,"Hoosier 43075 16x7.5-10 R20, 7 inch rim",7919
78.21,452.1,1.49,-235.56,-98.57,-0,1.71,3.9,0.16,-0.0151,2.3898,12.11,25541.19,7.86,92,7.191,-0,-0.9997,141.79,138.24,128.36,24.95,Cornering,"Hoosier 43075 16x7.5-10 R20, 7 inch rim",7920
78.22,452.11,0.83,-233.83,-97.05,-0.003,2.21,4.27,0.09,-0.0086,2.4092,12.03,44069.4,7.86,92.04,7.156,-0,-0.9998,141.88,138.46,128.27,24.98,Cornering,"Hoosier 43075 16x7.5-10 R20, 7 inch rim",7921
78.2,452.12,-0.74,-234.5,-96.87,0.012,2.49,4.55,0.03,0.0077,2.4208,11.97,159190.77,7.85,92.04,7.126,-0,-1,141.99,138.64,128.21,25.01,Cornering,"Hoosier 43075 16x7.5-10 R20, 7 inch rim",7922
78.19,452.13,-2.42,-237.24,-98.25,-0.006,2.6,4.79,0.03,0.0247,2.4148,12,159314.92,7.86,92.07,7.085,-0,-1,142.11,138.81,128.23,25.03,Cornering,"Hoosier 43075 16x7.5-10 R20, 7 inch rim",7923
78.23,452.14,-3.66,-241.02,-100.41,0.003,2.15,5.35,0.16,0.0365,2.4002,12.05,25626.84,7.86,92.06,7.034,-0,-0.9997,142.16,138.75,128.29,25.03,Cornering,"Hoosier 43075 16x7.5-10 R20, 7 inch rim",7924
78.21,452.15,-4.57,-244.62,-102.25,0.006,0.8,5.21,0.03,0.0447,2.3923,12.15,159193.97,7.85,92.08,7.005,-0,-1,142.14,138.5,128.36,25,Cornering,"Hoosier 43075 16x7.5-10 R20, 7 inch rim",7925
78.18,452.16,-4.66,-247.74,-104.97,0.004,0.27,4.68,0.03,0.0444,2.36,12.2,159173.09,7.86,92.12,6.957,-0,-1,141.9,138.24,128.5,25,Cornering,"Hoosier 43075 16x7.5-10 R20, 7 inch rim",7926
78.2,452.17,-3.48,-249.49,-106.25,0.013,-0.76,4.55,0.03,0.0327,2.3482,12.19,159183.88,7.85,92.17,6.924,-0,-1,141.77,138.04,128.58,25,Cornering,"Hoosier 43075 16x7.5-10 R20, 7 inch rim",7927
78.23,452.18,-2.11,-248.86,-106.94,0.012,-0.5,3.76,0.09,0.0197,2.327,12.13,44084.89,7.85,92.22,6.875,-0,-0.9998,141.64,137.95,128.66,24.98,Cornering,"Hoosier 43075 16x7.5-10 R20, 7 inch rim",7928
78.19,452.19,-0.84,-245.1,-105.82,0.006,0.53,3.11,0.03,0.0079,2.3162,12.03,159101.92,7.85,92.27,6.835,-0,-1,141.51,137.91,128.66,24.98,Cornering,"Hoosier 43075 16x7.5-10 R20, 7 inch rim",7929
78.19,452.2,0.37,-239.65,-103.06,0.009,1.19,2.89,-0.04,-0.0036,2.3255,11.97,-98861.58,7.85,92.27,6.803,-0,-1.0001,141.51,137.91,128.64,24.97,Cornering,"Hoosier 43075 16x7.5-10 R20, 7 inch rim",7930
78.22,452.21,1.23,-234.68,-99.72,0.013,1.28,3.14,0.09,-0.0123,2.3534,11.97,44065.28,7.85,92.25,6.75,-0,-0.9998,141.49,137.93,128.58,24.96,Cornering,"Hoosier 43075 16x7.5-10 R20, 7 inch rim",7931
78.21,452.22,0.93,-230.91,-97.61,0.006,2.14,3.54,0.16,-0.0095,2.3657,12.01,25577.66,7.85,92.21,6.725,-0,-0.9997,141.43,138.02,128.5,24.96,Cornering,"Hoosier 43075 16x7.5-10 R20, 7 inch rim",7932
78.19,452.23,0.62,-230.44,-96.86,0.004,2.34,4.73,0.16,-0.0064,2.3792,12.09,25562.53,7.86,92.14,6.672,-0,-0.9997,141.56,138.24,128.44,24.94,Cornering,"Hoosier 43075 16x7.5-10 R20, 7 inch rim",7933
78.2,452.24,-0.87,-231.97,-97.06,-0.003,2.17,5.57,0.03,0.0089,2.39,12.19,158946.11,7.86,92.08,6.627,-0,-1,141.69,138.44,128.38,24.94,Cornering,"Hoosier 43075 16x7.5-10 R20, 7 inch rim",7934
78.23,452.25,-2.24,-235.24,-98.84,-0.006,1.95,6.47,0.09,0.0227,2.3799,12.18,44047.9,7.86,92.06,6.597,-0,-0.9998,141.69,138.48,128.4,24.94,Cornering,"Hoosier 43075 16x7.5-10 R20, 7 inch rim",7935
78.2,452.26,-3.08,-239.03,-101.44,0.007,1.44,7.34,0.03,0.0304,2.3565,12.13,158930.03,7.86,92.09,6.56,-0,-1,141.6,138.39,128.46,24.94,Cornering,"Hoosier 43075 16x7.5-10 R20, 7 inch rim",7936
78.19,452.27,-3.4,-242.5,-103.56,0.014,-0.13,7.54,0.09,0.0328,2.3415,12.06,44064.25,7.85,92.14,6.526,-0,-0.9998,141.47,138.13,128.56,24.95,Cornering,"Hoosier 43075 16x7.5-10 R20, 7 inch rim",7937
78.21,452.28,-2.47,-244.69,-105.68,0.014,-0.42,7.85,0.09,0.0234,2.3154,11.99,44079.45,7.85,92.21,6.467,-0,-0.9998,141.21,137.84,128.6,24.96,Cornering,"Hoosier 43075 16x7.5-10 R20, 7 inch rim",7938
78.22,452.29,-1.38,-245.15,-106.76,0.012,-0.43,7.32,0.09,0.013,2.2962,12,44132.69,7.85,92.29,6.443,-0,-0.9998,141.04,137.71,128.68,24.98,Cornering,"Hoosier 43075 16x7.5-10 R20, 7 inch rim",7939
78.18,452.3,0.14,-242.13,-106.19,-0.003,0.64,6.8,0.03,-0.0013,2.2802,12.03,159351.77,7.86,92.36,6.388,-0,-1,140.91,137.65,128.62,25,Cornering,"Hoosier 43075 16x7.5-10 R20, 7 inch rim",7940
78.2,452.31,1.21,-237.63,-103.63,0.001,0.41,6.14,-0.04,-0.0117,2.293,12.1,-99039.93,7.86,92.44,6.354,-0,-1.0001,140.91,137.65,128.5,24.99,Cornering,"Hoosier 43075 16x7.5-10 R20, 7 inch rim",7941
78.23,452.32,1.83,-231.87,-100.78,0.004,1.7,5.6,0.09,-0.0181,2.3007,12.09,44143.4,7.86,92.47,6.314,-0,-0.9998,140.91,137.65,128.4,24.98,Cornering,"Hoosier 43075 16x7.5-10 R20, 7 inch rim",7942
78.2,452.33,1.91,-227.67,-97.52,0.009,1.52,5.49,0.09,-0.0196,2.3347,12.1,44145.98,7.86,92.48,6.282,-0,-0.9998,140.89,137.69,128.29,24.98,Cornering,"Hoosier 43075 16x7.5-10 R20, 7 inch rim",7943
78.18,452.34,1.22,-225.31,-96.04,0.004,2.53,5.63,0.23,-0.0127,2.3461,12.03,18055.36,7.86,92.53,6.242,-0,-0.9996,140.93,137.76,128.17,24.99,Cornering,"Hoosier 43075 16x7.5-10 R20, 7 inch rim",7944
78.21,452.35,-0.04,-226.27,-96.65,0.01,3.08,6.15,0.23,0.0004,2.3411,12,18081.82,7.86,92.51,6.202,-0,-0.9996,141.02,137.91,128.09,25.03,Cornering,"Hoosier 43075 16x7.5-10 R20, 7 inch rim",7945
78.22,452.36,-1.6,-229.11,-97.44,0.017,1.95,6.73,0.09,0.0164,2.3514,12.02,44238.02,7.85,92.49,6.158,-0,-0.9998,141.13,138.04,128.09,25.03,Cornering,"Hoosier 43075 16x7.5-10 R20, 7 inch rim",7946
78.19,452.37,-2.72,-232.96,-99.59,0.003,1.1,7.42,-0.04,0.0273,2.3392,12.08,-99289.54,7.86,92.45,6.119,-0,-1.0001,141.11,137.95,128.11,25.04,Cornering,"Hoosier 43075 16x7.5-10 R20, 7 inch rim",7947
78.19,452.38,-3.38,-236.56,-102.85,0.007,1.12,7.76,0.03,0.0329,2.3001,12.16,159514.69,7.86,92.44,6.085,-0,-1,140.96,137.84,128.19,25.01,Cornering,"Hoosier 43075 16x7.5-10 R20, 7 inch rim",7948
78.22,452.39,-3.19,-239.67,-105.04,0.001,0.32,7.58,0.09,0.0304,2.2817,12.21,44166.18,7.86,92.43,6.03,-0,-0.9998,140.76,137.51,128.31,24.98,Cornering,"Hoosier 43075 16x7.5-10 R20, 7 inch rim",7949
78.2,452.4,-2.45,-240.72,-106.85,-0.009,0.63,6.85,0.03,0.0229,2.2528,12.18,159351.78,7.86,92.46,6.007,-0,-1,140.57,137.34,128.4,24.98,Cornering,"Hoosier 43075 16x7.5-10 R20, 7 inch rim",7950
78.19,452.41,-1.55,-239.86,-106.83,0.01,0.39,5.74,0.03,0.0145,2.2453,12.11,159253.7,7.86,92.51,5.961,-0,-1,140.4,137.29,128.46,24.96,Cornering,"Hoosier 43075 16x7.5-10 R20, 7 inch rim",7951
78.21,452.42,-0.74,-236.26,-104.77,0.006,0.29,4.37,0.16,0.007,2.255,12.03,25603.68,7.86,92.52,5.931,-0,-0.9997,140.29,137.29,128.5,24.95,Cornering,"Hoosier 43075 16x7.5-10 R20, 7 inch rim",7952
78.22,452.43,0.26,-231.44,-102.26,0.012,0.95,3.92,0.03,-0.0026,2.2632,11.98,159199.61,7.86,92.5,5.89,-0,-1,140.25,137.29,128.44,24.95,Cornering,"Hoosier 43075 16x7.5-10 R20, 7 inch rim",7953
78.19,452.44,0.6,-226.6,-99.33,0.01,1.57,3.62,0.16,-0.0061,2.2813,11.99,25613.19,7.86,92.47,5.851,-0,-0.9997,140.27,137.32,128.4,24.96,Cornering,"Hoosier 43075 16x7.5-10 R20, 7 inch rim",7954
78.2,452.45,0.18,-223.15,-97.18,0.006,2.4,3.8,0.09,-0.0019,2.2963,12.06,44091.32,7.86,92.43,5.804,-0,-0.9998,140.36,137.45,128.34,24.93,Cornering,"Hoosier 43075 16x7.5-10 R20, 7 inch rim",7955
78.22,452.46,-0.26,-222.52,-96.47,0.003,2.52,5.06,0.03,0.0027,2.3066,12.14,159122.23,7.86,92.36,5.767,-0,-1,140.4,137.6,128.23,24.93,Cornering,"Hoosier 43075 16x7.5-10 R20, 7 inch rim",7956
78.2,452.47,-1.87,-223.94,-96.67,0.007,1.82,5.72,0.09,0.0193,2.3165,12.19,44118.02,7.86,92.25,5.721,-0,-0.9998,140.44,137.78,128.27,24.94,Cornering,"Hoosier 43075 16x7.5-10 R20, 7 inch rim",7957
78.19,452.48,-3.04,-226.92,-98.99,0.009,1.36,6.88,-0.04,0.0307,2.2923,12.15,-99021.52,7.86,92.2,5.672,-0,-1.0001,140.53,137.82,128.31,24.96,Cornering,"Hoosier 43075 16x7.5-10 R20, 7 inch rim",7958
78.2,452.49,-3.82,-230.16,-101.56,-0.003,1.03,7.74,0.09,0.0376,2.2661,12.08,44175.61,7.86,92.21,5.635,-0,-0.9998,140.48,137.62,128.44,24.97,Cornering,"Hoosier 43075 16x7.5-10 R20, 7 inch rim",7959
78.22,452.5,-3.62,-232.74,-103.5,0.016,-0.3,8.52,0.03,0.035,2.2487,12,159427.98,7.86,92.22,5.591,-0,-1,140.36,137.38,128.54,24.97,Cornering,"Hoosier 43075 16x7.5-10 R20, 7 inch rim",7960
78.2,452.51,-2.6,-234.57,-106.19,0.006,0.47,8.8,0.09,0.0245,2.2091,11.94,44181.01,7.86,92.27,5.561,-0,-0.9998,140.12,137.12,128.64,24.97,Cornering,"Hoosier 43075 16x7.5-10 R20, 7 inch rim",7961
78.19,452.52,-1.79,-234.88,-107.02,0.004,0.05,7.9,0.09,0.0167,2.1948,11.95,44205.12,7.86,92.3,5.51,-0,-0.9998,139.97,136.99,128.76,24.98,Cornering,"Hoosier 43075 16x7.5-10 R20, 7 inch rim",7962
78.22,452.53,-0.23,-232.04,-105.8,-0.005,0.52,7.3,0.03,0.0022,2.1932,12,159681.88,7.86,92.27,5.468,-0,-1,139.84,136.92,128.72,25.01,Cornering,"Hoosier 43075 16x7.5-10 R20, 7 inch rim",7963
78.21,452.54,1.06,-227.7,-103.73,0.001,1.4,6.92,0.09,-0.0102,2.1952,12.07,44251.62,7.86,92.31,5.433,-0,-0.9998,139.82,136.88,128.68,25.01,Cornering,"Hoosier 43075 16x7.5-10 R20, 7 inch rim",7964
78.19,452.55,1.81,-223.08,-100.92,0.017,1.58,6.68,0.09,-0.0179,2.2104,12.14,44243.58,7.86,92.37,5.402,-0,-0.9998,139.78,136.9,128.64,25,Cornering,"Hoosier 43075 16x7.5-10 R20, 7 inch rim",7965
78.2,452.56,2.27,-219.29,-97.83,0.004,1.62,6.89,0.03,-0.0232,2.2415,12.11,159561.38,7.86,92.39,5.359,-0,-1,139.8,136.96,128.58,24.98,Cornering,"Hoosier 43075 16x7.5-10 R20, 7 inch rim",7966
78.23,452.57,1.57,-216.91,-96.08,-0.006,2.02,7.31,0.09,-0.0164,2.2575,12.07,44207.92,7.86,92.39,5.324,-0,-0.9998,139.84,137.07,128.5,24.98,Cornering,"Hoosier 43075 16x7.5-10 R20, 7 inch rim",7967
78.2,452.58,-0.1,-217.46,-96.44,0.016,1.85,7.6,0.03,0.0011,2.2549,11.99,159546.05,7.86,92.35,5.271,-0,-1,139.9,137.32,128.44,24.98,Cornering,"Hoosier 43075 16x7.5-10 R20, 7 inch rim",7968
78.19,452.59,-1.98,-219.42,-97.26,-0.003,0.95,7.78,0.09,0.0204,2.2561,11.97,44224.05,7.86,92.31,5.238,-0,-0.9998,139.99,137.43,128.5,24.98,Cornering,"Hoosier 43075 16x7.5-10 R20, 7 inch rim",7969
78.21,452.6,-3.12,-221.95,-100.12,0.004,1.24,8.55,0.16,0.0311,2.217,12,25682.38,7.86,92.24,5.188,-0,-0.9997,139.93,137.4,128.6,25,Cornering,"Hoosier 43075 16x7.5-10 R20, 7 inch rim",7970
78.21,452.61,-3.7,-224.43,-102.48,-0.003,1.05,8.83,-0.04,0.0361,2.1901,12.06,-99287.73,7.86,92.24,5.15,-0,-1.0001,139.8,137.12,128.68,25,Cornering,"Hoosier 43075 16x7.5-10 R20, 7 inch rim",7971
78.19,452.62,-3,-226.65,-104.7,0.006,0.37,9.24,0.16,0.0286,2.1648,12.13,25684.98,7.86,92.24,5.121,-0,-0.9997,139.58,136.85,128.9,25,Cornering,"Hoosier 43075 16x7.5-10 R20, 7 inch rim",7972
78.2,452.63,-2.28,-227.41,-106.37,-0,0.85,8.62,0.09,0.0215,2.138,12.13,44223.73,7.86,92.21,5.089,-0,-0.9998,139.43,136.63,129,24.98,Cornering,"Hoosier 43075 16x7.5-10 R20, 7 inch rim",7973
78.22,452.64,-1.17,-226.98,-106.22,0.009,0.54,7.72,0.16,0.011,2.1369,12.09,25658.2,7.86,92.23,5.042,-0,-0.9997,139.26,136.48,129.04,24.97,Cornering,"Hoosier 43075 16x7.5-10 R20, 7 inch rim",7974
78.2,452.65,-0.41,-224.02,-104.4,0.012,0.58,6.29,0.09,0.0039,2.1458,12,44198.08,7.86,92.19,5.011,-0,-0.9998,139.2,136.46,129.06,24.96,Cornering,"Hoosier 43075 16x7.5-10 R20, 7 inch rim",7975
78.18,452.66,0.23,-219.78,-101.43,0.004,0.75,5.39,0.16,-0.0023,2.1667,11.94,25643.33,7.86,92.17,4.962,-0,-0.9997,139.13,136.39,129,24.95,Cornering,"Hoosier 43075 16x7.5-10 R20, 7 inch rim",7976
78.2,452.67,0.36,-215.77,-98.69,0.016,0.81,4.91,-0.04,-0.0037,2.1864,11.96,-99137.17,7.86,92.15,4.919,-0,-1.0001,139.07,136.46,128.9,24.96,Cornering,"Hoosier 43075 16x7.5-10 R20, 7 inch rim",7977
78.22,452.68,-0.43,-212.44,-96.5,0.001,1.48,4.65,0.16,0.0044,2.2014,12.02,25658.04,7.86,92.15,4.886,-0,-0.9997,139.05,136.54,128.82,24.96,Cornering,"Hoosier 43075 16x7.5-10 R20, 7 inch rim",7978
78.18,452.69,-1.09,-211.04,-95.91,-0,1.92,5.66,0.03,0.0114,2.2004,12.1,159501.66,7.86,92.14,4.83,-0,-1,139.09,136.72,128.72,24.96,Cornering,"Hoosier 43075 16x7.5-10 R20, 7 inch rim",7979
78.19,452.7,-2.5,-211.24,-96.59,0.01,2.11,6.58,0.03,0.0259,2.187,12.11,159545.42,7.86,92.14,4.8,-0,-1,139.15,136.88,128.74,24.96,Cornering,"Hoosier 43075 16x7.5-10 R20, 7 inch rim",7980
78.22,452.71,-3.83,-213.29,-98.19,0.014,1.49,7.6,0.09,0.0391,2.1721,12.09,44203.85,7.86,92.14,4.756,-0,-0.9998,139.24,136.9,128.78,24.96,Cornering,"Hoosier 43075 16x7.5-10 R20, 7 inch rim",7981
78.21,452.72,-4.83,-215.61,-100.95,0.006,1.38,7.9,0.16,0.0479,2.1358,12.03,25663.96,7.86,92.14,4.722,-0,-0.9997,139.15,136.72,128.9,24.96,Cornering,"Hoosier 43075 16x7.5-10 R20, 7 inch rim",7982
78.18,452.73,-4.05,-218.09,-103.24,-0.002,0.71,9.19,0.09,0.0393,2.1125,11.96,44208.97,7.86,92.17,4.671,-0,-0.9998,139.05,136.5,129.08,24.96,Cornering,"Hoosier 43075 16x7.5-10 R20, 7 inch rim",7983
78.21,452.74,-3.12,-219.68,-105.14,0.006,0.38,9.21,0.16,0.0297,2.0894,11.95,25672.91,7.86,92.16,4.636,-0,-0.9997,138.9,136.28,129.18,24.97,Cornering,"Hoosier 43075 16x7.5-10 R20, 7 inch rim",7984
78.22,452.75,-1.33,-219.96,-106.34,-0.003,0.77,9.22,0.03,0.0125,2.0684,11.99,159700.94,7.86,92.15,4.597,-0,-1,138.68,136.13,129.28,24.98,Cornering,"Hoosier 43075 16x7.5-10 R20, 7 inch rim",7985
78.2,452.76,-0.37,-218.43,-105,0.004,-0.05,8.17,0.16,0.0036,2.0802,12.08,25681.53,7.86,92.15,4.558,-0,-0.9997,138.62,136.04,129.22,24.97,Cornering,"Hoosier 43075 16x7.5-10 R20, 7 inch rim",7986
78.19,452.77,0.65,-214.82,-102.67,-0.002,0.18,7.36,0.03,-0.0063,2.0923,12.16,159755.25,7.86,92.1,4.515,-0,-1,138.49,136.02,129.2,24.98,Cornering,"Hoosier 43075 16x7.5-10 R20, 7 inch rim",7987
78.22,452.78,0.99,-210.3,-99.11,0.001,-0.07,6.77,0.03,-0.01,2.1219,12.16,159798.58,7.86,92.06,4.485,-0,-1,138.4,136.06,129.12,24.99,Cornering,"Hoosier 43075 16x7.5-10 R20, 7 inch rim",7988
78.21,452.79,1.27,-206.1,-96.89,0.004,1.09,7.02,0.09,-0.0131,2.1272,12.13,44283.26,7.86,92.04,4.455,-0,-0.9998,138.4,136.15,129.04,24.99,Cornering,"Hoosier 43075 16x7.5-10 R20, 7 inch rim",7989
78.18,452.8,0.75,-203.12,-95.4,-0.002,1.87,7.49,0.03,-0.0079,2.1291,12.04,159779.2,7.86,92.03,4.399,-0,-1,138.4,136.3,128.94,24.98,Cornering,"Hoosier 43075 16x7.5-10 R20, 7 inch rim",7990
78.2,452.81,-0.66,-202.21,-95.64,0.004,2.49,8.06,0.09,0.0069,2.1143,11.97,44267.66,7.86,92.06,4.368,-0,-0.9998,138.55,136.46,128.88,24.98,Cornering,"Hoosier 43075 16x7.5-10 R20, 7 inch rim",7991
78.22,452.82,-2.34,-203.01,-97.35,0.007,2.65,8.58,-0.11,0.0241,2.0854,11.93,-37880.43,7.86,92.09,4.328,-0,-1.0002,138.66,136.57,128.9,24.98,Cornering,"Hoosier 43075 16x7.5-10 R20, 7 inch rim",7992
78.19,452.83,-4.19,-205.2,-99.72,0.004,1.85,8.41,0.03,0.042,2.0578,11.97,159763.45,7.86,92.1,4.293,-0,-1,138.72,136.52,128.94,24.98,Cornering,"Hoosier 43075 16x7.5-10 R20, 7 inch rim",7993
78.18,452.84,-4.56,-207.42,-102.49,0.01,1.25,8.68,0.09,0.0445,2.0238,12.06,44304.73,7.86,92.1,4.255,-0,-0.9998,138.64,136.35,129.06,25,Cornering,"Hoosier 43075 16x7.5-10 R20, 7 inch rim",7994
78.22,452.85,-4.5,-209.6,-104.4,0.007,0.08,8.27,0.09,0.0431,2.0076,12.15,44327.61,7.86,92.13,4.212,-0,-0.9998,138.42,136.02,129.2,25.01,Cornering,"Hoosier 43075 16x7.5-10 R20, 7 inch rim",7995
78.21,452.86,-3.6,-210.71,-105.85,0.013,-0.28,7.74,0.09,0.034,1.9907,12.17,44350.32,7.86,92.14,4.172,-0,-0.9998,138.21,135.91,129.26,25.02,Cornering,"Hoosier 43075 16x7.5-10 R20, 7 inch rim",7996
78.18,452.87,-2.18,-209.9,-105.52,0.003,-0.59,7.03,0.03,0.0206,1.9891,12.14,159941.88,7.86,92.18,4.139,-0,-1,138.15,135.77,129.37,25,Cornering,"Hoosier 43075 16x7.5-10 R20, 7 inch rim",7997
78.2,452.88,-1.54,-206.8,-104.25,0.01,0.62,5.69,0.03,0.0148,1.9837,12.05,159948.95,7.86,92.22,4.102,-0,-1,138.04,135.75,129.28,25,Cornering,"Hoosier 43075 16x7.5-10 R20, 7 inch rim",7998
78.22,452.89,-0.88,-202.71,-100.6,-0,0.17,5.01,0.03,0.0087,2.015,11.97,159771.91,7.86,92.25,4.057,-0,-1,137.95,135.71,129.2,24.97,Cornering,"Hoosier 43075 16x7.5-10 R20, 7 inch rim",7999
78.2,452.9,-0.6,-198.2,-97.42,0.004,0.8,4.94,-0.04,0.0062,2.0345,11.92,-99253.31,7.86,92.24,4.016,-0,-1.0001,137.95,135.69,129.2,24.96,Cornering,"Hoosier 43075 16x7.5-10 R20, 7 inch rim",8000
78.19,452.91,-0.69,-194.63,-95.7,0.009,1.64,5.64,0.09,0.0072,2.0337,11.92,44268.34,7.86,92.21,3.97,-0,-0.9998,137.93,135.75,129.08,24.97,Cornering,"Hoosier 43075 16x7.5-10 R20, 7 inch rim",8001
78.21,452.92,-1.88,-192.88,-95.33,-0,2.19,6.08,0.16,0.0198,2.0234,12.01,25707.27,7.86,92.24,3.931,-0,-0.9997,138,135.86,129,24.98,Cornering,"Hoosier 43075 16x7.5-10 R20, 7 inch rim",8002
78.21,452.93,-3.14,-192.75,-95.99,0.003,1.88,7.09,0.03,0.0328,2.0081,12.1,159913.03,7.86,92.24,3.894,-0,-1,138.06,135.93,129,24.99,Cornering,"Hoosier 43075 16x7.5-10 R20, 7 inch rim",8003
78.19,452.94,-4.17,-194.19,-98.4,0.007,1.72,8.06,0.16,0.0423,1.9733,12.17,25727.52,7.86,92.26,3.85,-0,-0.9997,138,135.91,129.1,25,Cornering,"Hoosier 43075 16x7.5-10 R20, 7 inch rim",8004
78.2,452.95,-4.22,-195.89,-101.34,-0,1.53,9.39,-0.04,0.0417,1.9331,12.17,-99437.77,7.86,92.28,3.809,-0,-1.0001,137.89,135.69,129.24,25,Cornering,"Hoosier 43075 16x7.5-10 R20, 7 inch rim",8005
78.22,452.96,-3.75,-197.78,-103.55,-0,0.21,10.12,0.03,0.0362,1.91,12.11,159973.8,7.86,92.28,3.759,-0,-1,137.76,135.49,129.33,25,Cornering,"Hoosier 43075 16x7.5-10 R20, 7 inch rim",8006
78.2,452.97,-3.42,-198.89,-105.36,0.003,-0.17,9.46,0.09,0.0324,1.8877,12.04,44341.87,7.86,92.26,3.728,-0,-0.9998,137.59,135.2,129.47,25,Cornering,"Hoosier 43075 16x7.5-10 R20, 7 inch rim",8007
78.19,452.98,-1.84,-198.45,-105.87,0.01,0.01,9.28,0.09,0.0174,1.8745,11.96,44374.4,7.86,92.29,3.692,-0,-0.9998,137.46,135.05,129.49,25.02,Cornering,"Hoosier 43075 16x7.5-10 R20, 7 inch rim",8008
78.21,452.99,-0.77,-196.56,-104.73,0.007,0.16,8.41,0.09,0.0073,1.8769,11.97,44407.64,7.86,92.31,3.64,-0,-0.9998,137.31,134.96,129.51,25.04,Cornering,"Hoosier 43075 16x7.5-10 R20, 7 inch rim",8009
78.22,453,0.56,-192.83,-101.91,0.01,0.21,7.93,0.16,-0.0055,1.8922,12,25770.33,7.86,92.35,3.595,-0,-0.9997,137.22,134.89,129.47,25.03,Cornering,"Hoosier 43075 16x7.5-10 R20, 7 inch rim",8010
78.19,453.01,1.1,-188.57,-98.7,-0.002,0.49,7.63,0.09,-0.0111,1.9105,12.09,44401.23,7.86,92.34,3.556,-0,-0.9998,137.2,134.92,129.47,25.03,Cornering,"Hoosier 43075 16x7.5-10 R20, 7 inch rim",8011
78.2,453.02,0.9,-184.42,-96.68,0.014,1.73,7.52,0.09,-0.0093,1.9075,12.14,44382.34,7.86,92.31,3.519,-0,-0.9998,137.18,134.92,129.37,25.02,Cornering,"Hoosier 43075 16x7.5-10 R20, 7 inch rim",8012
78.22,453.03,0.04,-181.42,-94.78,0.004,1.76,7.8,0.16,-0.0004,1.9141,12.14,25749.51,7.86,92.31,3.477,-0,-0.9997,137.22,135.03,129.28,25.01,Cornering,"Hoosier 43075 16x7.5-10 R20, 7 inch rim",8013
78.2,453.04,-1.74,-180.69,-95.97,0.014,2.32,8,0.09,0.0182,1.8827,12.08,44365.74,7.86,92.28,3.429,-0,-0.9998,137.29,135.16,129.26,25.01,Cornering,"Hoosier 43075 16x7.5-10 R20, 7 inch rim",8014
78.18,453.05,-3.12,-181.45,-97.81,0.004,1.82,8.71,-0.04,0.0319,1.8552,12,-99549.96,7.86,92.27,3.39,-0,-1.0001,137.31,135.16,129.35,25.01,Cornering,"Hoosier 43075 16x7.5-10 R20, 7 inch rim",8015
78.2,453.06,-4.2,-182.7,-99.83,-0,0.93,9.21,0.09,0.0421,1.8301,11.99,44379.34,7.86,92.28,3.351,-0,-0.9998,137.29,135.07,129.43,25.01,Cornering,"Hoosier 43075 16x7.5-10 R20, 7 inch rim",8016
78.23,453.07,-4.43,-184.32,-102.62,0.01,0.08,9.63,0.09,0.0431,1.7962,12.03,44370.74,7.86,92.25,3.311,-0,-0.9998,137.14,134.83,129.51,25.01,Cornering,"Hoosier 43075 16x7.5-10 R20, 7 inch rim",8017
78.2,453.08,-3.76,-185.55,-104.93,0.003,-0.21,9.73,-0.04,0.0358,1.7684,12.11,-99560.38,7.86,92.24,3.28,-0,-1.0001,136.92,134.63,129.61,25.01,Cornering,"Hoosier 43075 16x7.5-10 R20, 7 inch rim",8018
78.19,453.09,-2.9,-185.12,-105.62,0.012,-0.02,8.98,0.16,0.0274,1.7526,12.14,25761.47,7.86,92.27,3.234,-0,-0.9997,136.77,134.48,129.73,25.01,Cornering,"Hoosier 43075 16x7.5-10 R20, 7 inch rim",8019
78.22,453.1,-2.16,-183.83,-105.11,0.001,0.12,7.6,0.16,0.0205,1.7489,12.17,25744.3,7.86,92.31,3.202,-0,-0.9997,136.56,134.41,129.73,25,Cornering,"Hoosier 43075 16x7.5-10 R20, 7 inch rim",8020
78.21,453.11,-1.18,-180.59,-102.89,0.014,0.59,6.46,0.16,0.0115,1.7552,12.12,25757.11,7.86,92.33,3.165,-0,-0.9997,136.51,134.39,129.69,25.01,Cornering,"Hoosier 43075 16x7.5-10 R20, 7 inch rim",8021
78.18,453.12,-0.33,-176.48,-99.39,-0.002,0.33,5.79,0.09,0.0033,1.7756,12.03,44347.32,7.86,92.36,3.128,-0,-0.9998,136.47,134.34,129.63,24.99,Cornering,"Hoosier 43075 16x7.5-10 R20, 7 inch rim",8022
78.2,453.13,-0.33,-172.11,-96.38,-0,0.84,5.34,0.09,0.0034,1.7857,11.96,44328.37,7.86,92.38,3.086,-0,-0.9998,136.45,134.37,129.59,24.98,Cornering,"Hoosier 43075 16x7.5-10 R20, 7 inch rim",8023
78.22,453.14,-0.9,-168.86,-94.97,0.004,1.77,5.42,0.23,0.0095,1.7781,11.96,18112.49,7.86,92.42,3.042,-0,-0.9996,136.43,134.41,129.59,24.96,Cornering,"Hoosier 43075 16x7.5-10 R20, 7 inch rim",8024
78.2,453.15,-2.16,-167.29,-94.61,-0,1.32,5.75,0.03,0.0228,1.7682,12.02,159754.34,7.86,92.43,3.018,-0,-1,136.51,134.54,129.53,24.94,Cornering,"Hoosier 43075 16x7.5-10 R20, 7 inch rim",8025
78.19,453.16,-3.8,-167.16,-96.32,0.001,1.51,6.36,0.09,0.0394,1.7354,12.08,44260.87,7.86,92.44,2.968,-0,-0.9998,136.6,134.59,129.57,24.94,Cornering,"Hoosier 43075 16x7.5-10 R20, 7 inch rim",8026
78.21,453.17,-5.23,-167.98,-98.58,0.006,0.97,7.03,0.03,0.0531,1.704,12.17,159726.67,7.86,92.44,2.947,-0,-1,136.58,134.56,129.65,24.94,Cornering,"Hoosier 43075 16x7.5-10 R20, 7 inch rim",8027
78.21,453.18,-5.7,-168.49,-101.07,0.013,0.63,7.8,0.09,0.0564,1.667,12.17,44262.86,7.86,92.42,2.913,-0,-0.9998,136.49,134.37,129.79,24.94,Cornering,"Hoosier 43075 16x7.5-10 R20, 7 inch rim",8028
78.18,453.19,-5.33,-169.26,-103.06,0.006,-0.34,8.14,0.03,0.0517,1.6424,12.13,159663.83,7.86,92.42,2.86,-0,-1,136.32,134.21,129.91,24.93,Cornering,"Hoosier 43075 16x7.5-10 R20, 7 inch rim",8029
78.2,453.2,-4.53,-169.78,-105.43,0.019,0.08,7.94,0.03,0.043,1.6104,12.05,159593.59,7.86,92.43,2.829,-0,-1,136.15,133.97,129.95,24.92,Cornering,"Hoosier 43075 16x7.5-10 R20, 7 inch rim",8030
78.22,453.21,-3.37,-168.48,-105.14,0.001,0.03,7.34,-0.04,0.032,1.6024,11.98,-99210.63,7.86,92.46,2.78,-0,-1.0001,135.98,133.93,130.05,24.92,Cornering,"Hoosier 43075 16x7.5-10 R20, 7 inch rim",8031
78.2,453.22,-2.51,-166.16,-103.08,0.007,-0.36,6.26,0.03,0.0244,1.6119,11.97,159679.45,7.86,92.48,2.736,-0,-1,135.85,133.82,129.97,24.93,Cornering,"Hoosier 43075 16x7.5-10 R20, 7 inch rim",8032
78.19,453.23,-1.56,-162.68,-101.24,-0.003,0.9,5.64,-0.04,0.0154,1.6068,12,-99378.41,7.87,92.5,2.698,-0,-1.0001,135.79,133.77,129.95,24.96,Cornering,"Hoosier 43075 16x7.5-10 R20, 7 inch rim",8033
78.21,453.24,-1.61,-158.79,-98.11,-0.002,0.7,4.76,0.03,0.0164,1.6185,12.06,160097.55,7.86,92.55,2.655,-0,-1,135.76,133.73,129.81,24.99,Cornering,"Hoosier 43075 16x7.5-10 R20, 7 inch rim",8034
78.22,453.25,-1.21,-155.69,-96.03,0.004,1.03,5.26,0.03,0.0126,1.6213,12.1,160213.17,7.86,92.58,2.62,-0,-1,135.81,133.77,129.79,25.01,Cornering,"Hoosier 43075 16x7.5-10 R20, 7 inch rim",8035
78.18,453.26,-2.31,-153.31,-95.31,-0.007,1.21,5.38,-0.04,0.0243,1.6086,12.12,-99548.91,7.87,92.58,2.577,-0,-1.0001,135.81,133.9,129.71,25,Cornering,"Hoosier 43075 16x7.5-10 R20, 7 inch rim",8036
78.2,453.27,-3.8,-151.81,-95.67,0.004,1.11,5.84,-0.04,0.0397,1.5868,12.08,-99459.81,7.86,92.57,2.531,-0,-1.0001,135.91,134.04,129.71,24.97,Cornering,"Hoosier 43075 16x7.5-10 R20, 7 inch rim",8037
78.23,453.28,-5.19,-151.54,-97.42,0.007,0.49,6.6,0.09,0.0533,1.5555,12.02,44318.47,7.86,92.56,2.481,-0,-0.9998,135.94,134.06,129.79,24.96,Cornering,"Hoosier 43075 16x7.5-10 R20, 7 inch rim",8038
78.2,453.29,-5.88,-151.52,-99.49,-0.003,-0.21,7.34,0.09,0.0591,1.523,11.97,44330.41,7.87,92.55,2.426,-0,-0.9998,135.89,133.88,129.79,24.97,Cornering,"Hoosier 43075 16x7.5-10 R20, 7 inch rim",8039
78.18,453.3,-5.69,-151.45,-102.42,0.014,-0.01,8.28,0.03,0.0556,1.4787,11.98,160053.19,7.86,92.53,2.389,-0,-1,135.76,133.73,129.87,24.98,Cornering,"Hoosier 43075 16x7.5-10 R20, 7 inch rim",8040
78.21,453.31,-4.55,-151.15,-104.22,0.013,-0.7,8.7,0.03,0.0436,1.4503,12.02,160169.25,7.86,92.47,2.345,-0,-1,135.64,133.53,129.95,25,Cornering,"Hoosier 43075 16x7.5-10 R20, 7 inch rim",8041
78.22,453.32,-3.54,-150.19,-105.51,0.003,-0.27,7.99,0.03,0.0335,1.4234,12.07,160285.08,7.86,92.44,2.302,-0,-1,135.48,133.4,130.07,25.01,Cornering,"Hoosier 43075 16x7.5-10 R20, 7 inch rim",8042
78.19,453.33,-2.25,-148.49,-104.48,0.007,-0.66,7.41,0.09,0.0215,1.4213,12.06,44438.37,7.86,92.43,2.25,-0,-0.9998,135.36,133.24,130.05,25.03,Cornering,"Hoosier 43075 16x7.5-10 R20, 7 inch rim",8043
78.19,453.34,-1.06,-145.51,-102.18,0.006,-0.29,6.78,0.09,0.0104,1.4241,12.02,44418.48,7.86,92.38,2.224,-0,-0.9998,135.31,133.16,129.97,25.01,Cornering,"Hoosier 43075 16x7.5-10 R20, 7 inch rim",8044
78.22,453.35,0.07,-142.09,-99.24,0.01,-0.08,6.9,0.16,-0.0007,1.4318,11.97,25775.86,7.86,92.38,2.194,-0,-0.9997,135.29,133.13,129.97,25.01,Cornering,"Hoosier 43075 16x7.5-10 R20, 7 inch rim",8045
78.2,453.36,0.75,-138.05,-96.54,0.014,0.48,7.44,-0.04,-0.0077,1.4301,11.92,-99530.3,7.86,92.4,2.153,-0,-1.0001,135.18,133.16,129.91,24.98,Cornering,"Hoosier 43075 16x7.5-10 R20, 7 inch rim",8046
78.18,453.37,0.17,-135.04,-95.01,-0.002,0.58,7.75,0.09,-0.0018,1.4214,11.96,44349.34,7.86,92.4,2.114,-0,-0.9998,135.18,133.2,129.83,24.97,Cornering,"Hoosier 43075 16x7.5-10 R20, 7 inch rim",8047
78.2,453.38,-1.22,-132.73,-95.43,0.004,1.77,8.2,0.09,0.0128,1.3909,12.06,44340.06,7.86,92.39,2.074,-0,-0.9998,135.29,133.29,129.83,24.97,Cornering,"Hoosier 43075 16x7.5-10 R20, 7 inch rim",8048
78.22,453.39,-2.47,-131.68,-95.92,0.01,0.66,9.1,0.09,0.0257,1.3729,12.12,44330.59,7.86,92.4,2.041,-0,-0.9998,135.27,133.31,129.83,24.96,Cornering,"Hoosier 43075 16x7.5-10 R20, 7 inch rim",8049
78.2,453.4,-3.82,-131.25,-98.74,0.012,0.57,9.44,0.16,0.0387,1.3292,12.14,25730.93,7.86,92.42,2,-0,-0.9997,135.21,133.24,129.91,24.96,Cornering,"Hoosier 43075 16x7.5-10 R20, 7 inch rim",8050
78.19,453.41,-4.69,-130.94,-100.46,0.007,-0.74,9.22,0.03,0.0466,1.3034,12.11,160019.33,7.86,92.4,1.965,-0,-1,135.03,132.98,130.01,24.97,Cornering,"Hoosier 43075 16x7.5-10 R20, 7 inch rim",8051
78.22,453.42,-5.18,-130.64,-102.68,0.004,-0.73,8.24,0.03,0.0505,1.2722,12.04,160133.08,7.86,92.37,1.938,-0,-1,134.91,132.69,130.11,24.98,Cornering,"Hoosier 43075 16x7.5-10 R20, 7 inch rim",8052
78.21,453.43,-4.27,-130.16,-104.75,-0.003,-0.66,7.53,0.09,0.0408,1.2425,11.96,44385.63,7.86,92.32,1.889,-0,-0.9998,134.8,132.54,130.15,24.99,Cornering,"Hoosier 43075 16x7.5-10 R20, 7 inch rim",8053
78.18,453.44,-3.87,-129.1,-104.24,0.006,-1.37,5.74,0.09,0.0371,1.2385,11.92,44396.73,7.86,92.33,1.854,-0,-0.9998,134.61,132.41,130.21,25,Cornering,"Hoosier 43075 16x7.5-10 R20, 7 inch rim",8054
78.2,453.45,-3.38,-126.47,-102.56,0.013,-0.56,3.96,-0.04,0.0329,1.2331,11.94,-99524.92,7.86,92.34,1.822,-0,-1.0001,134.54,132.34,130.15,24.98,Cornering,"Hoosier 43075 16x7.5-10 R20, 7 inch rim",8055
78.22,453.46,-3.03,-123.44,-100.04,-0.002,-0.16,2.47,0.09,0.0302,1.2339,12,44346.68,7.86,92.33,1.788,-0,-0.9998,134.48,132.3,130.11,24.97,Cornering,"Hoosier 43075 16x7.5-10 R20, 7 inch rim",8056
78.2,453.47,-3.5,-120.19,-97.08,0.006,-0.01,1.12,0.09,0.036,1.238,12.08,44388.66,7.86,92.33,1.749,-0,-0.9998,134.39,132.25,130.11,24.99,Cornering,"Hoosier 43075 16x7.5-10 R20, 7 inch rim",8057
78.19,453.48,-4.06,-117.07,-94.81,0.006,0.18,0.87,0.09,0.0428,1.2347,12.11,44420.46,7.86,92.31,1.705,-0,-0.9998,134.3,132.34,130.07,25.01,Cornering,"Hoosier 43075 16x7.5-10 R20, 7 inch rim",8058
78.22,453.49,-4.89,-114.43,-94.91,0.009,1.42,1.42,0.09,0.0516,1.2057,12.09,44452.25,7.86,92.29,1.659,-0,-0.9998,134.37,132.43,129.99,25.03,Cornering,"Hoosier 43075 16x7.5-10 R20, 7 inch rim",8059
78.22,453.5,-6.35,-112.87,-94.7,0.003,0.36,2.02,-0.04,0.0671,1.1919,12.03,-99718.88,7.86,92.29,1.62,-0,-1.0001,134.41,132.56,130.07,25.03,Cornering,"Hoosier 43075 16x7.5-10 R20, 7 inch rim",8060
78.19,453.51,-7.97,-111.7,-96.78,0.014,0.05,2.55,0.03,0.0823,1.1541,11.94,160123.44,7.86,92.27,1.57,-0,-1,134.37,132.49,130.15,24.98,Cornering,"Hoosier 43075 16x7.5-10 R20, 7 inch rim",8061
78.2,453.52,-8.58,-110.77,-98.69,0.01,-0.63,3.32,0.09,0.0869,1.1225,11.92,44361.98,7.86,92.28,1.53,-0,-0.9998,134.3,132.43,130.25,24.97,Cornering,"Hoosier 43075 16x7.5-10 R20, 7 inch rim",8062
78.22,453.53,-8.09,-109.97,-100.86,-0.003,-1.72,4.06,0.03,0.0802,1.0904,11.95,159979.92,7.87,92.28,1.49,-0,-1,134.18,132.23,130.34,24.96,Cornering,"Hoosier 43075 16x7.5-10 R20, 7 inch rim",8063
78.2,453.54,-6.99,-108.78,-103.14,0.006,-1.83,4.61,0.09,0.0677,1.0547,11.99,44332.44,7.86,92.31,1.451,-0,-0.9998,133.98,132.1,130.42,24.96,Cornering,"Hoosier 43075 16x7.5-10 R20, 7 inch rim",8064
78.18,453.55,-4.85,-106.93,-103.68,0.01,-1.36,5.35,0.09,0.0467,1.0314,12.05,44353.62,7.86,92.32,1.415,-0,-0.9998,133.83,131.92,130.44,24.97,Cornering,"Hoosier 43075 16x7.5-10 R20, 7 inch rim",8065
78.21,453.56,-3.19,-104.56,-102.29,-0,-1.34,5.09,0.03,0.0312,1.0221,12.04,160284.92,7.86,92.33,1.358,-0,-1,133.73,131.86,130.44,25,Cornering,"Hoosier 43075 16x7.5-10 R20, 7 inch rim",8066
78.22,453.57,-1.43,-101.26,-99.93,-0.003,-0.45,5.41,0.09,0.0143,1.0134,11.99,44437.52,7.86,92.31,1.317,-0,-0.9998,133.66,131.83,130.38,25.01,Cornering,"Hoosier 43075 16x7.5-10 R20, 7 inch rim",8067
78.19,453.58,-0.63,-98,-96.67,0.001,-0.71,5.36,0.09,0.0066,1.0138,11.94,44417.52,7.87,92.31,1.276,-0,-0.9998,133.68,131.81,130.34,25,Cornering,"Hoosier 43075 16x7.5-10 R20, 7 inch rim",8068
78.19,453.59,-0.49,-94.1,-94.37,0.001,0.4,5.67,-0.04,0.0052,0.9971,11.92,-99617.62,7.86,92.29,1.231,-0,-1.0001,133.66,131.86,130.3,25,Cornering,"Hoosier 43075 16x7.5-10 R20, 7 inch rim",8069
78.22,453.6,-0.67,-90.83,-93.23,0.001,0.89,6.65,0.09,0.0072,0.9743,11.96,44387.73,7.87,92.28,1.196,-0,-0.9998,133.7,131.97,130.23,24.98,Cornering,"Hoosier 43075 16x7.5-10 R20, 7 inch rim",8070
78.2,453.61,-1.95,-88.38,-93.28,0.009,0.47,7.33,0.09,0.0209,0.9475,12.04,44357.42,7.86,92.21,1.15,-0,-0.9998,133.77,132.08,130.21,24.97,Cornering,"Hoosier 43075 16x7.5-10 R20, 7 inch rim",8071
78.18,453.62,-3.27,-86.49,-94.41,-0.005,-0.19,8.02,0.03,0.0346,0.9161,12.11,160036.98,7.87,92.15,1.112,-0,-1,133.83,132.1,130.32,24.96,Cornering,"Hoosier 43075 16x7.5-10 R20, 7 inch rim",8072
78.21,453.63,-4.66,-84.65,-96.62,-0.005,-0.43,8.11,0.09,0.0482,0.8761,12.1,44337.79,7.87,92.12,1.07,-0,-0.9998,133.77,132.01,130.32,24.96,Cornering,"Hoosier 43075 16x7.5-10 R20, 7 inch rim",8073
78.22,453.64,-5.05,-82.99,-98.13,0.001,-1.87,8.22,0.09,0.0514,0.8457,12.06,44348.61,7.86,92.07,1.023,-0,-0.9998,133.6,131.88,130.36,24.96,Cornering,"Hoosier 43075 16x7.5-10 R20, 7 inch rim",8074
78.19,453.65,-5.89,-81.48,-100.7,0.007,-2.12,6.46,0.09,0.0585,0.8091,11.98,44328.35,7.86,92.07,0.992,-0,-0.9998,133.51,131.75,130.42,24.95,Cornering,"Hoosier 43075 16x7.5-10 R20, 7 inch rim",8075
78.19,453.66,-4.96,-79.29,-101.75,0.003,-1.84,5.65,0.03,0.0488,0.7793,11.91,160006.16,7.86,92.06,0.951,-0,-1,133.34,131.55,130.46,24.96,Cornering,"Hoosier 43075 16x7.5-10 R20, 7 inch rim",8076
78.22,453.67,-3.95,-76.96,-101.04,0.004,-2.16,4.35,-0.04,0.0391,0.7617,11.93,-99441.14,7.86,92.05,0.907,-0,-1.0001,133.23,131.53,130.48,24.95,Cornering,"Hoosier 43075 16x7.5-10 R20, 7 inch rim",8077
78.21,453.68,-3.01,-73.99,-99.1,0.004,-1.65,3.26,0.03,0.0304,0.7467,11.98,159934.3,7.86,92.08,0.878,-0,-1,133.1,131.46,130.42,24.94,Cornering,"Hoosier 43075 16x7.5-10 R20, 7 inch rim",8078
78.18,453.69,-2.88,-70.73,-96.22,0.01,-0.98,1.92,0.09,0.03,0.7351,12.07,44319.49,7.86,92.16,0.838,-0,-0.9998,133.12,131.46,130.36,24.94,Cornering,"Hoosier 43075 16x7.5-10 R20, 7 inch rim",8079
78.21,453.7,-3.02,-67.59,-93.5,0.006,-0.42,1.01,0.16,0.0323,0.7229,12.14,25724.09,7.86,92.26,0.798,-0,-0.9997,133.1,131.44,130.34,24.94,Cornering,"Hoosier 43075 16x7.5-10 R20, 7 inch rim",8080
78.22,453.71,-4.3,-64.37,-91.84,0.02,-0.19,0.25,0.03,0.0468,0.7009,12.12,159937.64,7.86,92.3,0.764,-0,-1,133.02,131.57,130.23,24.94,Cornering,"Hoosier 43075 16x7.5-10 R20, 7 inch rim",8081
78.2,453.72,-5.93,-61.88,-91.4,0.017,-0.11,-0.12,0.16,0.0649,0.677,12.08,25742.36,7.86,92.31,0.717,-0,-0.9997,133.06,131.66,130.23,24.96,Cornering,"Hoosier 43075 16x7.5-10 R20, 7 inch rim",8082
78.19,453.73,-7.53,-59.22,-92.19,0.01,-0.2,0.21,-0.04,0.0816,0.6424,12,-99514.38,7.86,92.34,0.681,-0,-1.0001,133.12,131.75,130.23,24.97,Cornering,"Hoosier 43075 16x7.5-10 R20, 7 inch rim",8083
78.22,453.74,-8.68,-57.06,-93.64,0.007,-1.06,0.76,0.03,0.0927,0.6094,11.92,160051.83,7.86,92.34,0.651,-0,-1,133.08,131.68,130.3,24.96,Cornering,"Hoosier 43075 16x7.5-10 R20, 7 inch rim",8084
78.22,453.75,-9.21,-54.58,-95.39,0.001,-2.03,1.2,0.03,0.0966,0.5722,11.91,159941.38,7.86,92.36,0.598,-0,-1,132.91,131.53,130.36,24.94,Cornering,"Hoosier 43075 16x7.5-10 R20, 7 inch rim",8085
78.18,453.76,-9.19,-52.16,-97.18,0.012,-3.08,1.3,0.09,0.0946,0.5367,11.95,44290.43,7.86,92.34,0.552,-0,-0.9998,132.82,131.33,130.42,24.93,Cornering,"Hoosier 43075 16x7.5-10 R20, 7 inch rim",8086
78.2,453.77,-7.82,-49.33,-98.81,-0.002,-3.06,1.47,0.03,0.0792,0.4992,12.03,159831.31,7.87,92.33,0.509,-0,-1,132.76,131.11,130.46,24.93,Cornering,"Hoosier 43075 16x7.5-10 R20, 7 inch rim",8087
78.22,453.78,-6.07,-45.63,-98.64,0.006,-2.7,1.49,0.09,0.0615,0.4625,12.06,44300.95,7.86,92.32,0.498,-0,-0.9998,132.72,130.98,130.46,24.93,Cornering,"Hoosier 43075 16x7.5-10 R20, 7 inch rim",8088
78.19,453.79,-4.08,-42.47,-97.16,-0.005,-2.27,1.4,0.09,0.042,0.4371,12.06,44342.36,7.86,92.36,0.43,-0,-0.9998,132.7,130.91,130.34,24.96,Cornering,"Hoosier 43075 16x7.5-10 R20, 7 inch rim",8089
78.18,453.8,-2.59,-38.59,-94.6,0.003,-1.58,1.07,0.03,0.0274,0.4079,12.02,160092.59,7.86,92.38,0.413,-0,-1,132.67,130.84,130.34,24.97,Cornering,"Hoosier 43075 16x7.5-10 R20, 7 inch rim",8090
78.22,453.81,-2.11,-35.13,-91.42,-0.003,-1.24,0.7,0.09,0.0231,0.3842,11.95,44383.7,7.87,92.4,0.372,-0,-0.9998,132.7,130.82,130.28,24.98,Cornering,"Hoosier 43075 16x7.5-10 R20, 7 inch rim",8091
78.21,453.82,-2.11,-32.08,-88.58,0.014,-1.94,0.96,0.09,0.0239,0.3621,11.94,44383.78,7.86,92.37,0.329,-0,-0.9998,132.7,130.89,130.23,24.98,Cornering,"Hoosier 43075 16x7.5-10 R20, 7 inch rim",8092
78.19,453.83,-3.44,-28.45,-87.24,0.001,-1.08,0.8,0.09,0.0395,0.3261,11.97,44342.62,7.86,92.37,0.29,-0,-0.9998,132.72,130.98,130.19,24.96,Cornering,"Hoosier 43075 16x7.5-10 R20, 7 inch rim",8093
78.2,453.84,-5.07,-25.8,-87.21,-0.005,-1.76,0.93,0.09,0.0581,0.2958,12.03,44332.35,7.87,92.38,0.254,-0,-0.9998,132.78,131.13,130.21,24.95,Cornering,"Hoosier 43075 16x7.5-10 R20, 7 inch rim",8094
78.22,453.85,-6.67,-22.08,-88.49,-0.006,-1.24,1.27,0.09,0.0754,0.2495,12.09,44311.77,7.87,92.41,0.227,-0,-0.9998,132.8,131.11,130.25,24.94,Cornering,"Hoosier 43075 16x7.5-10 R20, 7 inch rim",8095
78.2,453.86,-7.67,-19.18,-90.33,0.001,-2.19,1.36,0.09,0.0849,0.2124,12.08,44332.35,7.86,92.44,0.191,-0,-0.9998,132.76,131.06,130.34,24.95,Cornering,"Hoosier 43075 16x7.5-10 R20, 7 inch rim",8096
78.18,453.87,-8.01,-15.48,-91.57,0.003,-3.01,1.23,-0.04,0.0875,0.1691,12.03,-99517.5,7.86,92.41,0.148,-0,-1.0001,132.61,130.84,130.44,24.97,Cornering,"Hoosier 43075 16x7.5-10 R20, 7 inch rim",8097
78.21,453.88,-7.14,-12.13,-93.09,0.016,-3.65,0.87,0.09,0.0767,0.1303,11.94,44373.46,7.86,92.4,0.102,-0,-0.9998,132.5,130.62,130.44,24.97,Cornering,"Hoosier 43075 16x7.5-10 R20, 7 inch rim",8098
78.22,453.89,-6.47,-7.94,-94.4,0.016,-2.48,-0.42,0.09,0.0686,0.0841,11.89,44373.38,7.86,92.35,0.059,-0,-0.9998,132.37,130.45,130.46,24.97,Cornering,"Hoosier 43075 16x7.5-10 R20, 7 inch rim",8099
78.19,453.9,-5.56,-4.66,-93.77,0.013,-2.2,-2.08,-0.04,0.0593,0.0497,11.87,-99632.46,7.86,92.31,0.018,-0,-1.0001,132.25,130.34,130.4,25,Cornering,"Hoosier 43075 16x7.5-10 R20, 7 inch rim",8100
78.2,453.91,-4.59,-0.9,-92.07,0.01,-1.11,-3.29,0.03,0.0499,0.0098,11.92,160352.33,7.86,92.31,-0.012,-0,-1,132.2,130.38,130.36,25.01,Cornering,"Hoosier 43075 16x7.5-10 R20, 7 inch rim",8101
78.23,453.92,-4.43,2.53,-88.7,0.01,-1.55,-4.76,0.16,0.05,-0.0286,12.03,25796.8,7.86,92.33,-0.068,-0,-0.9997,132.14,130.43,130.28,25.01,Cornering,"Hoosier 43075 16x7.5-10 R20, 7 inch rim",8102
78.2,453.93,-4.27,5.54,-86.02,-0,-2.06,-5.12,0.09,0.0496,-0.0644,12.09,44434.57,7.86,92.34,-0.118,-0,-0.9998,132.05,130.45,130.19,25.01,Cornering,"Hoosier 43075 16x7.5-10 R20, 7 inch rim",8103
78.19,453.94,-5.07,8.99,-84.78,-0.009,-1.72,-5.05,0.09,0.0598,-0.1061,12.15,44413.79,7.86,92.37,-0.157,-0,-0.9998,132.09,130.62,130.19,25,Cornering,"Hoosier 43075 16x7.5-10 R20, 7 inch rim",8104
78.21,453.95,-6.48,12.77,-84.44,0.017,-1.81,-4.84,-0.04,0.0767,-0.1512,12.13,-99653.58,7.86,92.43,-0.194,-0,-1.0001,132.18,130.8,130.17,25,Cornering,"Hoosier 43075 16x7.5-10 R20, 7 inch rim",8105
78.22,453.96,-7.35,16.2,-85.22,0.007,-2.7,-3.76,0.03,0.0862,-0.1901,12.05,160311.17,7.86,92.47,-0.246,-0,-1,132.2,130.87,130.19,25,Cornering,"Hoosier 43075 16x7.5-10 R20, 7 inch rim",8106
78.19,453.97,-7.97,20.04,-87.11,0.013,-2.97,-2.77,0.03,0.0914,-0.23,11.96,160384.27,7.86,92.49,-0.297,-0,-1,132.09,130.89,130.28,25.01,Cornering,"Hoosier 43075 16x7.5-10 R20, 7 inch rim",8107
78.19,453.98,-8.04,24.39,-89.96,0.004,-2.53,-2.27,0.16,0.0894,-0.2712,11.9,25807.81,7.86,92.53,-0.349,-0,-0.9997,132.01,130.71,130.4,25.03,Cornering,"Hoosier 43075 16x7.5-10 R20, 7 inch rim",8108
78.22,453.99,-7.63,28.58,-93.28,-0,-1.73,-2.29,-0.04,0.0818,-0.3064,11.92,-99696.99,7.86,92.56,-0.376,-0,-1.0001,131.86,130.54,130.46,25.01,Cornering,"Hoosier 43075 16x7.5-10 R20, 7 inch rim",8109
78.21,454,-6.68,32.54,-95.36,0.017,-1.73,-2.61,0.09,0.07,-0.3412,11.97,44391.31,7.85,92.55,-0.427,-0,-0.9998,131.77,130.36,130.48,24.98,Cornering,"Hoosier 43075 16x7.5-10 R20, 7 inch rim",8110
78.19,454.01,-5.2,36.64,-96.49,-0,-1.46,-3.4,-0.11,0.0539,-0.3797,12.08,-37957.63,7.86,92.57,-0.46,-0,-1.0002,131.67,130.23,130.5,24.97,Cornering,"Hoosier 43075 16x7.5-10 R20, 7 inch rim",8111
78.2,454.02,-3.78,40.01,-95.47,0.012,-2.05,-3.84,0.03,0.0396,-0.4191,12.15,160080.7,7.85,92.58,-0.503,-0,-1,131.69,130.23,130.42,24.97,Cornering,"Hoosier 43075 16x7.5-10 R20, 7 inch rim",8112
78.22,454.03,-2.46,43.64,-93.2,-0.003,-2.71,-4.1,0.03,0.0264,-0.4683,12.18,160190.95,7.85,92.59,-0.538,-0,-1,131.73,130.14,130.36,24.98,Cornering,"Hoosier 43075 16x7.5-10 R20, 7 inch rim",8113
78.2,454.04,-1.43,46.38,-91.13,0.013,-3.74,-3.64,-0.04,0.0156,-0.509,12.12,-99739.05,7.85,92.58,-0.572,-0,-1.0001,131.67,130.14,130.3,25.03,Cornering,"Hoosier 43075 16x7.5-10 R20, 7 inch rim",8114
78.19,454.05,-1.73,50.61,-88.77,0.004,-4.47,-3.58,-0.04,0.0195,-0.5701,12.06,-99761.02,7.85,92.56,-0.618,-0,-1.0001,131.71,130.12,130.3,25.03,Cornering,"Hoosier 43075 16x7.5-10 R20, 7 inch rim",8115
78.21,454.06,-2.98,54.91,-87.5,0.016,-4.97,-3.63,0.09,0.0341,-0.6276,11.96,44461.17,7.85,92.56,-0.645,-0,-0.9998,131.75,130.27,130.3,25.03,Cornering,"Hoosier 43075 16x7.5-10 R20, 7 inch rim",8116
78.21,454.07,-4.72,59.67,-88.28,-0.012,-4.36,-3.97,0.09,0.0534,-0.6759,11.94,44440.16,7.85,92.53,-0.679,-0,-0.9998,131.86,130.38,130.32,25.01,Cornering,"Hoosier 43075 16x7.5-10 R20, 7 inch rim",8117
78.18,454.08,-6.21,64.41,-90.15,0.003,-3.78,-3.96,0.16,0.0688,-0.7145,11.97,25763.82,7.85,92.48,-0.712,-0,-0.9997,131.88,130.4,130.38,24.98,Cornering,"Hoosier 43075 16x7.5-10 R20, 7 inch rim",8118
78.2,454.09,-7.17,68.1,-92.78,0.007,-3.98,-4.32,0.03,0.0773,-0.734,12.05,160108.22,7.85,92.42,-0.738,-0,-1,131.86,130.25,130.46,24.97,Cornering,"Hoosier 43075 16x7.5-10 R20, 7 inch rim",8119
78.22,454.1,-7.13,71.8,-96.1,0.007,-3.66,-4.7,0.03,0.0742,-0.7471,12.11,160106.52,7.85,92.39,-0.774,-0,-1,131.75,130.14,130.52,24.97,Cornering,"Hoosier 43075 16x7.5-10 R20, 7 inch rim",8120
78.19,454.11,-7.24,74.1,-98.81,0.009,-4.54,-6.35,0.03,0.0733,-0.7499,12.14,159993.62,7.85,92.36,-0.803,-0,-1,131.67,130.01,130.52,24.96,Cornering,"Hoosier 43075 16x7.5-10 R20, 7 inch rim",8121
78.19,454.12,-6.89,76.42,-100.67,0.007,-5.01,-8.44,0.03,0.0684,-0.7591,12.09,159992.09,7.85,92.37,-0.833,-0,-1,131.6,129.85,130.5,24.96,Cornering,"Hoosier 43075 16x7.5-10 R20, 7 inch rim",8122
78.22,454.13,-6.65,79.03,-100.35,0.016,-5.15,-10.7,0.09,0.0663,-0.7875,12,44313.98,7.85,92.41,-0.873,-0,-0.9998,131.56,129.81,130.48,24.94,Cornering,"Hoosier 43075 16x7.5-10 R20, 7 inch rim",8123
78.21,454.14,-5.92,81.54,-99.07,0.01,-5.36,-12.08,0.03,0.0598,-0.8231,11.93,159912.95,7.84,92.43,-0.923,-0,-1,131.47,129.79,130.48,24.94,Cornering,"Hoosier 43075 16x7.5-10 R20, 7 inch rim",8124
78.18,454.15,-5.13,84.95,-96.65,0.019,-5.02,-12.44,0.03,0.053,-0.8789,11.88,159836.38,7.84,92.43,-0.963,-0,-1,131.41,129.79,130.44,24.93,Cornering,"Hoosier 43075 16x7.5-10 R20, 7 inch rim",8125
78.2,454.16,-5.16,88.73,-94.3,0.007,-4.46,-12.53,0.03,0.0548,-0.941,11.92,159722.88,7.85,92.44,-0.997,-0,-1,131.39,129.83,130.38,24.92,Cornering,"Hoosier 43075 16x7.5-10 R20, 7 inch rim",8126
78.22,454.17,-5.85,92.63,-92.39,0.003,-5.02,-12.21,-0.04,0.0633,-1.0026,11.95,-99331.73,7.84,92.43,-1.042,-0,-1.0001,131.37,129.99,130.34,24.93,Cornering,"Hoosier 43075 16x7.5-10 R20, 7 inch rim",8127
78.2,454.18,-7.08,96.7,-92.34,-0.005,-4.17,-11.81,0.16,0.0767,-1.0472,12.06,25694.71,7.85,92.43,-1.095,-0,-0.9997,131.45,130.12,130.38,24.92,Cornering,"Hoosier 43075 16x7.5-10 R20, 7 inch rim",8128
78.18,454.19,-8.46,100.35,-93.2,0.01,-4.57,-11.46,0.03,0.0908,-1.0767,12.1,159825.36,7.84,92.43,-1.14,-0,-1,131.49,130.14,130.38,24.93,Cornering,"Hoosier 43075 16x7.5-10 R20, 7 inch rim",8129
78.22,454.2,-9.96,103.62,-95.65,0.001,-4.31,-11.76,0.03,0.1042,-1.0834,12.07,159785.61,7.84,92.43,-1.179,-0,-1,131.43,130.1,130.42,24.93,Cornering,"Hoosier 43075 16x7.5-10 R20, 7 inch rim",8130
78.22,454.21,-10.18,106.22,-98.68,0.006,-4.76,-11.63,0.09,0.1031,-1.0764,12,44287.16,7.85,92.39,-1.235,-0,-0.9998,131.28,129.99,130.44,24.93,Cornering,"Hoosier 43075 16x7.5-10 R20, 7 inch rim",8131
78.19,454.22,-9.47,108.71,-101.29,-0.003,-5.82,-11.59,0.09,0.0935,-1.0732,11.95,44296.69,7.84,92.35,-1.274,-0,-0.9998,131.22,129.85,130.46,24.94,Cornering,"Hoosier 43075 16x7.5-10 R20, 7 inch rim",8132
78.19,454.23,-7.68,110.98,-103.07,0.007,-7,-11.34,0.09,0.0745,-1.0767,11.93,44295.84,7.84,92.33,-1.315,-0,-0.9998,131.17,129.68,130.38,24.94,Cornering,"Hoosier 43075 16x7.5-10 R20, 7 inch rim",8133
78.22,454.24,-5.42,113.29,-103.31,0.012,-7.37,-10.69,-0.04,0.0525,-1.0965,11.95,-99340.73,7.84,92.32,-1.368,-0,-1.0001,131.11,129.61,130.36,24.93,Cornering,"Hoosier 43075 16x7.5-10 R20, 7 inch rim",8134
78.2,454.25,-3.37,115.94,-102.16,0.009,-7.18,-10.31,-0.04,0.033,-1.135,12.04,-99339.13,7.84,92.29,-1.401,-0,-1.0001,131.07,129.63,130.28,24.93,Cornering,"Hoosier 43075 16x7.5-10 R20, 7 inch rim",8135
78.18,454.26,-1.38,119.38,-99.64,0.01,-6.31,-9.19,0.03,0.0138,-1.1981,12.11,159764.67,7.84,92.27,-1.458,-0,-1,131.13,129.63,130.19,24.93,Cornering,"Hoosier 43075 16x7.5-10 R20, 7 inch rim",8136
78.21,454.27,-0.29,122.66,-97.6,0.012,-4.45,-8.03,0.09,0.003,-1.2567,12.14,44281.38,7.84,92.23,-1.504,-0,-0.9998,131.19,129.66,129.95,24.93,Cornering,"Hoosier 43075 16x7.5-10 R20, 7 inch rim",8137
78.22,454.28,-0.35,126.15,-95.28,-0.005,-4.31,-7.2,0.09,0.0036,-1.3239,12.11,44301.16,7.85,92.23,-1.539,-0,-0.9998,131.17,129.77,129.79,24.94,Cornering,"Hoosier 43075 16x7.5-10 R20, 7 inch rim",8138
78.19,454.29,-0.64,129.25,-94.91,-0.003,-3.18,-5.6,-0.04,0.0067,-1.3618,12.03,-99421.84,7.84,92.19,-1.587,-0,-1.0001,131.26,129.96,129.57,24.96,Cornering,"Hoosier 43075 16x7.5-10 R20, 7 inch rim",8139
78.19,454.3,-1.49,131.83,-95.95,0.009,-2.89,-4.4,0.03,0.0155,-1.374,11.94,159974.08,7.84,92.2,-1.616,-0,-1,131.37,130.05,129.35,24.96,Cornering,"Hoosier 43075 16x7.5-10 R20, 7 inch rim",8140
78.22,454.31,-2.42,133.95,-97.33,0.017,-3.61,-3.86,-0.04,0.0249,-1.3763,11.91,-99441.09,7.84,92.2,-1.656,-0,-1.0001,131.37,129.99,129.2,24.96,Cornering,"Hoosier 43075 16x7.5-10 R20, 7 inch rim",8141
78.21,454.32,-3.34,135.51,-99.45,0.007,-5.15,-4.03,0.03,0.0336,-1.3627,11.92,159782.34,7.84,92.21,-1.682,-0,-1,131.28,129.9,129.1,24.93,Cornering,"Hoosier 43075 16x7.5-10 R20, 7 inch rim",8142
78.18,454.33,-3.93,137.2,-101.59,0.004,-6.7,-5.17,0.03,0.0386,-1.3506,12.03,159741.45,7.84,92.21,-1.722,-0,-1,131.17,129.74,128.94,24.93,Cornering,"Hoosier 43075 16x7.5-10 R20, 7 inch rim",8143
78.2,454.34,-4.02,138.88,-103.4,0.009,-7.72,-6.79,0.09,0.0389,-1.3431,12.11,44243.94,7.84,92.19,-1.766,-0,-0.9998,131.13,129.59,128.74,24.92,Cornering,"Hoosier 43075 16x7.5-10 R20, 7 inch rim",8144
78.23,454.35,-3.72,140.6,-103.61,0.003,-8.37,-8.68,0.03,0.0359,-1.357,12.17,159696.42,7.84,92.15,-1.803,-0,-1,131.04,129.48,128.56,24.92,Cornering,"Hoosier 43075 16x7.5-10 R20, 7 inch rim",8145
78.2,454.36,-2.9,142.76,-102.31,0.01,-8.1,-9.97,0.03,0.0283,-1.3955,12.15,159805.16,7.84,92.15,-1.831,-0,-1,130.98,129.44,128.38,24.94,Cornering,"Hoosier 43075 16x7.5-10 R20, 7 inch rim",8146
78.18,454.37,-2.71,144.98,-100.98,0.006,-5.94,-11.75,-0.04,0.0268,-1.4357,12.08,-99382.36,7.84,92.12,-1.865,-0,-1.0001,130.94,129.46,128.36,24.95,Cornering,"Hoosier 43075 16x7.5-10 R20, 7 inch rim",8147
78.22,454.38,-3.23,147.18,-98.29,0.007,-4.72,-13.22,0.09,0.0329,-1.4975,11.98,44312.01,7.84,92.08,-1.909,-0,-0.9998,130.94,129.46,128.42,24.96,Cornering,"Hoosier 43075 16x7.5-10 R20, 7 inch rim",8148
78.21,454.39,-4.39,148.75,-96.5,0.007,-3.91,-14.3,0.09,0.0454,-1.5414,11.91,44321.3,7.84,92.06,-1.944,-0,-0.9998,130.96,129.55,128.46,24.96,Cornering,"Hoosier 43075 16x7.5-10 R20, 7 inch rim",8149
78.18,454.4,-5.26,150.78,-95.31,0.007,-3.57,-14.18,0.09,0.0552,-1.582,11.9,44381.91,7.84,92.05,-1.982,-0,-0.9998,131.04,129.68,128.58,25,Cornering,"Hoosier 43075 16x7.5-10 R20, 7 inch rim",8150
78.2,454.41,-6.58,152.2,-95.8,-0,-3.42,-13.98,0.03,0.0687,-1.5887,11.95,160231.2,7.84,92.04,-2.018,-0,-1,131.13,129.83,128.72,25.01,Cornering,"Hoosier 43075 16x7.5-10 R20, 7 inch rim",8151
78.22,454.42,-7.97,153.41,-97.33,0.003,-3.89,-13.86,0.03,0.0819,-1.5762,12.06,160374.36,7.84,92.03,-2.067,-0,-1,131.19,129.83,128.92,25.03,Cornering,"Hoosier 43075 16x7.5-10 R20, 7 inch rim",8152
78.2,454.43,-9.25,154.16,-98.71,0.001,-5.77,-14.06,0.03,0.0938,-1.5618,12.15,160333.69,7.84,92.01,-2.098,-0,-1,131.09,129.79,129.12,25.03,Cornering,"Hoosier 43075 16x7.5-10 R20, 7 inch rim",8153
78.18,454.44,-9.32,155.17,-100.72,0.013,-7.72,-13.96,0.09,0.0925,-1.5406,12.19,44428.96,7.84,91.99,-2.126,-0,-0.9998,131.02,129.7,129.33,25.03,Cornering,"Hoosier 43075 16x7.5-10 R20, 7 inch rim",8154
78.22,454.45,-8.63,156.86,-102.48,0.013,-8.46,-14.07,-0.04,0.0842,-1.5307,12.17,-99661.35,7.84,92.01,-2.176,-0,-1.0001,130.94,129.57,129.45,25.03,Cornering,"Hoosier 43075 16x7.5-10 R20, 7 inch rim",8155
78.21,454.46,-7.53,158.78,-103.32,-0.005,-8.9,-14.81,0.03,0.0729,-1.5368,12.09,160356.83,7.85,92.03,-2.219,-0,-1,130.87,129.5,129.53,25.03,Cornering,"Hoosier 43075 16x7.5-10 R20, 7 inch rim",8156
78.18,454.47,-5.57,160.81,-103.45,-0.003,-7.35,-14.73,-0.04,0.0538,-1.5545,12,-99700.7,7.85,92.03,-2.267,-0,-1.0001,130.83,129.39,129.61,25.04,Cornering,"Hoosier 43075 16x7.5-10 R20, 7 inch rim",8157
78.2,454.48,-3.91,162.82,-101.45,0.004,-6.87,-14.59,0.03,0.0385,-1.6049,11.95,160308.39,7.84,92.03,-2.312,-0,-1,130.83,129.41,129.65,25.03,Cornering,"Hoosier 43075 16x7.5-10 R20, 7 inch rim",8158
78.22,454.49,-2.55,164.89,-98.91,-0.002,-5.49,-13.92,0.09,0.0257,-1.6671,11.95,44421.27,7.85,91.99,-2.356,-0,-0.9998,130.81,129.46,129.73,25.03,Cornering,"Hoosier 43075 16x7.5-10 R20, 7 inch rim",8159
78.2,454.5,-1.7,166.74,-96.26,0.006,-5.05,-12.56,-0.04,0.0177,-1.7322,12.02,-99576.11,7.84,91.95,-2.386,-0,-1.0001,130.81,129.5,129.73,25.01,Cornering,"Hoosier 43075 16x7.5-10 R20, 7 inch rim",8160
78.18,454.51,-1.77,168.16,-95.25,0.003,-4.4,-11.23,0.09,0.0186,-1.7654,12.14,44377.33,7.84,91.89,-2.435,-0,-0.9998,130.87,129.61,129.79,25,Cornering,"Hoosier 43075 16x7.5-10 R20, 7 inch rim",8161
78.21,454.52,-2.49,169.55,-95.12,0.003,-4.31,-9.81,0.03,0.0261,-1.7825,12.17,160249.47,7.84,91.88,-2.482,-0,-1,130.87,129.83,129.85,25.02,Cornering,"Hoosier 43075 16x7.5-10 R20, 7 inch rim",8162
78.22,454.53,-2.98,170.46,-96.18,0.004,-4.76,-8.14,-0.04,0.031,-1.7723,12.17,-99611.22,7.84,91.94,-2.522,-0,-1.0001,130.91,129.99,129.91,25.02,Cornering,"Hoosier 43075 16x7.5-10 R20, 7 inch rim",8163
78.19,454.54,-3.6,171.49,-97.11,0.013,-6.37,-7,-0.04,0.0371,-1.7659,12.14,-99607.25,7.84,92,-2.569,-0,-1.0001,130.91,130.03,130.05,25.02,Cornering,"Hoosier 43075 16x7.5-10 R20, 7 inch rim",8164
78.2,454.55,-3.62,172.6,-99.78,-0.002,-7.28,-6.27,-0.04,0.0362,-1.7297,12.05,-99581.61,7.85,92.07,-2.6,-0,-1.0001,130.83,129.96,130.11,25.01,Cornering,"Hoosier 43075 16x7.5-10 R20, 7 inch rim",8165
78.21,454.56,-3,174.4,-101.56,0.009,-8.23,-5.83,0.03,0.0295,-1.7173,11.99,160114.5,7.84,92.1,-2.655,-0,-1,130.79,129.9,130.17,25,Cornering,"Hoosier 43075 16x7.5-10 R20, 7 inch rim",8166
78.21,454.57,-2.04,176.6,-102.65,-0.002,-8.77,-6.46,0.09,0.0199,-1.7204,12,44347.33,7.84,92.16,-2.685,-0,-0.9998,130.66,129.83,130.17,24.99,Cornering,"Hoosier 43075 16x7.5-10 R20, 7 inch rim",8167
78.19,454.58,-1.19,178.75,-102.3,0.007,-8.54,-7.53,0.03,0.0116,-1.7473,12.06,159956.69,7.84,92.17,-2.721,-0,-1,130.72,129.72,130.15,24.98,Cornering,"Hoosier 43075 16x7.5-10 R20, 7 inch rim",8168
78.2,454.59,-0.36,180.66,-101,-0,-7.5,-8.88,0.09,0.0035,-1.7887,12.11,44292.77,7.84,92.22,-2.764,-0,-0.9998,130.66,129.74,130.13,24.96,Cornering,"Hoosier 43075 16x7.5-10 R20, 7 inch rim",8169
78.23,454.6,0.32,181.88,-98.94,0.014,-6.01,-9.62,-0.11,-0.0033,-1.8382,12.14,-37890.11,7.84,92.27,-2.796,-0,-1.0002,130.66,129.79,130.17,24.96,Cornering,"Hoosier 43075 16x7.5-10 R20, 7 inch rim",8170
78.19,454.61,0.18,183.07,-96.88,-0.006,-4.76,-10.47,0.03,-0.0019,-1.8897,12.12,159827.73,7.85,92.28,-2.841,-0,-1,130.72,129.81,130.11,24.96,Cornering,"Hoosier 43075 16x7.5-10 R20, 7 inch rim",8171
78.19,454.62,-0.69,183.5,-94.92,0.006,-4.53,-10.8,0.03,0.0073,-1.9333,12.06,159750.5,7.84,92.31,-2.862,-0,-1,130.74,129.92,130.13,24.95,Cornering,"Hoosier 43075 16x7.5-10 R20, 7 inch rim",8172
78.22,454.63,-2.21,183.92,-94.43,0.017,-4.87,-11.06,0.03,0.0234,-1.9477,11.99,159707.98,7.84,92.32,-2.897,-0,-1,130.81,130.07,130.17,24.94,Cornering,"Hoosier 43075 16x7.5-10 R20, 7 inch rim",8173
78.21,454.64,-4.57,184.4,-95,0.012,-5.17,-11.89,0.03,0.0481,-1.941,11.98,159700.53,7.84,92.35,-2.946,-0,-1,130.89,130.27,130.23,24.94,Cornering,"Hoosier 43075 16x7.5-10 R20, 7 inch rim",8174
78.18,454.65,-6.48,184.72,-95.92,0.004,-7.04,-12.34,0.03,0.0675,-1.9258,12.02,159584.78,7.84,92.35,-2.975,-0,-1,130.98,130.32,130.3,24.93,Cornering,"Hoosier 43075 16x7.5-10 R20, 7 inch rim",8175
78.2,454.66,-7.85,185.46,-97.99,0.007,-7.76,-12.84,0.09,0.0801,-1.8927,12.11,44220.8,7.84,92.35,-3.009,-0,-0.9998,130.94,130.18,130.38,24.93,Cornering,"Hoosier 43075 16x7.5-10 R20, 7 inch rim",8176
78.22,454.67,-8.1,187.16,-99.91,0.003,-8.35,-13.17,0.09,0.081,-1.8734,12.15,44208.7,7.84,92.34,-3.051,-0,-0.9998,130.87,130.05,130.48,24.92,Cornering,"Hoosier 43075 16x7.5-10 R20, 7 inch rim",8177
78.2,454.68,-7.06,189.32,-101.74,0.003,-8.16,-13.11,0.09,0.0694,-1.8609,12.15,44257.49,7.84,92.38,-3.109,-0,-0.9998,130.81,130.01,130.48,24.95,Cornering,"Hoosier 43075 16x7.5-10 R20, 7 inch rim",8178
78.18,454.69,-6.15,191.02,-102.03,0.006,-8.48,-14.09,0.09,0.0602,-1.8721,12.09,44256.52,7.84,92.41,-3.131,-0,-0.9998,130.91,129.92,130.42,24.95,Cornering,"Hoosier 43075 16x7.5-10 R20, 7 inch rim",8179
78.22,454.7,-4.45,193.09,-101.31,-0.003,-7.22,-14.43,-0.04,0.0439,-1.906,12,-99203.84,7.84,92.42,-3.181,-0,-1.0001,130.91,129.83,130.42,24.93,Cornering,"Hoosier 43075 16x7.5-10 R20, 7 inch rim",8180
78.22,454.71,-3.18,193.85,-99,0.006,-6.65,-14.55,-0.04,0.0321,-1.9582,11.95,-99176.77,7.84,92.42,-3.219,-0,-1.0001,130.83,129.77,130.4,24.93,Cornering,"Hoosier 43075 16x7.5-10 R20, 7 inch rim",8181
78.18,454.72,-2.58,194.47,-97.08,0.014,-5.52,-14.48,-0.04,0.0266,-2.0032,11.96,-99149.06,7.84,92.41,-3.264,-0,-1.0001,130.85,129.81,130.38,24.92,Cornering,"Hoosier 43075 16x7.5-10 R20, 7 inch rim",8182
78.2,454.73,-2.55,194.18,-95.11,0.01,-5.66,-13.95,0.09,0.0268,-2.0417,12.03,44207.37,7.84,92.39,-3.304,-0,-0.9998,130.79,129.83,130.38,24.93,Cornering,"Hoosier 43075 16x7.5-10 R20, 7 inch rim",8183
78.22,454.74,-2.86,194.49,-94.03,0.012,-5.9,-12.74,0.03,0.0304,-2.0683,12.12,159486.42,7.84,92.37,-3.347,-0,-1,130.83,129.88,130.36,24.92,Cornering,"Hoosier 43075 16x7.5-10 R20, 7 inch rim",8184
78.2,454.75,-3.6,195.27,-94.34,0.01,-5.74,-11.23,0.03,0.0381,-2.0699,12.19,159551.84,7.84,92.35,-3.397,-0,-1,130.83,130.05,130.42,24.93,Cornering,"Hoosier 43075 16x7.5-10 R20, 7 inch rim",8185
78.19,454.76,-4.12,195.43,-95.07,0.003,-7.06,-9.49,0.03,0.0434,-2.0555,12.2,159657.28,7.84,92.36,-3.43,-0,-1,130.83,130.16,130.48,24.95,Cornering,"Hoosier 43075 16x7.5-10 R20, 7 inch rim",8186
78.21,454.77,-4.86,196.81,-96.82,0.001,-7.43,-8.63,0.03,0.0502,-2.0327,12.18,159722.75,7.84,92.4,-3.479,-0,-1,130.81,130.12,130.54,24.96,Cornering,"Hoosier 43075 16x7.5-10 R20, 7 inch rim",8187
78.22,454.78,-4.69,198.35,-98.57,-0.003,-8.33,-7.82,0.03,0.0476,-2.0122,12.08,159751,7.84,92.41,-3.527,-0,-1,130.76,130.07,130.64,24.97,Cornering,"Hoosier 43075 16x7.5-10 R20, 7 inch rim",8188
78.19,454.79,-3.79,200.93,-99.92,0.012,-8.49,-7.3,0.03,0.038,-2.0109,11.99,159670.53,7.84,92.44,-3.562,-0,-1,130.64,129.99,130.68,24.96,Cornering,"Hoosier 43075 16x7.5-10 R20, 7 inch rim",8189
78.2,454.8,-2.65,202.82,-100.81,0.003,-8.51,-7.56,0.09,0.0263,-2.0118,11.95,44233.34,7.84,92.47,-3.609,-0,-0.9998,130.64,129.99,130.66,24.95,Cornering,"Hoosier 43075 16x7.5-10 R20, 7 inch rim",8190
78.22,454.81,-1.05,204.54,-100.41,0.001,-7.41,-7.89,0.03,0.0104,-2.037,11.97,159581.16,7.84,92.44,-3.643,-0,-1,130.59,129.85,130.6,24.94,Cornering,"Hoosier 43075 16x7.5-10 R20, 7 inch rim",8191
78.21,454.82,0.23,205.18,-99.05,0.001,-6.7,-8.36,0.03,-0.0023,-2.0714,12.06,159535.42,7.84,92.42,-3.689,-0,-1,130.66,129.83,130.58,24.94,Cornering,"Hoosier 43075 16x7.5-10 R20, 7 inch rim",8192
78.18,454.83,1.32,204.58,-96.86,0.003,-6.25,-8.21,0.03,-0.0136,-2.112,12.14,159456.06,7.84,92.43,-3.716,-0,-1,130.7,129.94,130.6,24.93,Cornering,"Hoosier 43075 16x7.5-10 R20, 7 inch rim",8193
78.21,454.84,0.99,204.26,-95.09,0.009,-5.72,-8.65,-0.04,-0.0104,-2.1482,12.17,-99139.07,7.84,92.4,-3.761,-0,-1.0001,130.68,129.94,130.58,24.93,Cornering,"Hoosier 43075 16x7.5-10 R20, 7 inch rim",8194
78.22,454.85,-0.47,204.08,-93.66,0.019,-5.91,-9.31,-0.04,0.005,-2.1789,12.14,-99249.97,7.84,92.43,-3.797,-0,-1.0001,130.74,129.96,130.62,24.96,Cornering,"Hoosier 43075 16x7.5-10 R20, 7 inch rim",8195
78.18,454.86,-1.83,204.29,-93.53,0.004,-5.79,-9.23,-0.04,0.0196,-2.1842,12.08,-99361.52,7.84,92.4,-3.827,-0,-1.0001,130.89,130.18,130.64,24.99,Cornering,"Hoosier 43075 16x7.5-10 R20, 7 inch rim",8196
78.19,454.87,-3.61,204.56,-94.22,0.01,-6.23,-9.37,-0.04,0.0383,-2.1711,12.01,-99426.42,7.84,92.4,-3.861,-0,-1.0001,131.02,130.25,130.74,25.01,Cornering,"Hoosier 43075 16x7.5-10 R20, 7 inch rim",8197
78.22,454.88,-5.27,205.61,-95.29,0.014,-7.4,-9.62,0.03,0.0553,-2.1578,11.97,159937.39,7.84,92.42,-3.908,-0,-1,131.09,130.32,130.78,25.01,Cornering,"Hoosier 43075 16x7.5-10 R20, 7 inch rim",8198
78.21,454.89,-6.46,207.34,-97.06,0.004,-8.1,-10.47,0.16,0.0665,-2.1362,11.99,25717.44,7.84,92.44,-3.933,-0,-0.9997,131.04,130.21,130.84,25,Cornering,"Hoosier 43075 16x7.5-10 R20, 7 inch rim",8199
78.19,454.9,-6.98,209.83,-99.12,-0,-7.67,-11.49,0.09,0.0704,-2.1169,12.05,44306.02,7.84,92.41,-3.974,-0,-0.9998,130.98,130.07,130.88,25,Cornering,"Hoosier 43075 16x7.5-10 R20, 7 inch rim",8200
78.21,454.91,-6.58,212,-100.29,-0.002,-7.89,-12.51,-0.04,0.0656,-2.1138,12.13,-99476.22,7.84,92.41,-4.014,-0,-1.0001,130.91,129.99,130.86,25.03,Cornering,"Hoosier 43075 16x7.5-10 R20, 7 inch rim",8201
78.21,454.92,-5.26,213.52,-100.43,0.007,-7.86,-13.17,0.09,0.0524,-2.1261,12.14,44362.38,7.84,92.42,-4.066,-0,-0.9998,130.89,129.9,130.78,25.04,Cornering,"Hoosier 43075 16x7.5-10 R20, 7 inch rim",8202
78.2,454.93,-3.73,213.4,-99.77,0.001,-7.36,-13.51,0.03,0.0374,-2.1389,12.09,160083.42,7.84,92.4,-4.099,-0,-1,130.89,129.85,130.76,25.04,Cornering,"Hoosier 43075 16x7.5-10 R20, 7 inch rim",8203
78.19,454.94,-2.88,212.77,-98.07,0.009,-6.68,-14.11,-0.04,0.0293,-2.1696,12.02,-99528.12,7.84,92.38,-4.146,-0,-1.0001,130.87,129.92,130.76,25.04,Cornering,"Hoosier 43075 16x7.5-10 R20, 7 inch rim",8204
78.22,454.95,-1.98,211.56,-95.68,0.006,-6.67,-13.7,0.03,0.0206,-2.2111,12,159954.88,7.84,92.37,-4.18,-0,-1,130.83,129.94,130.76,25.02,Cornering,"Hoosier 43075 16x7.5-10 R20, 7 inch rim",8205
78.21,454.96,-2.19,210.95,-94.26,0.006,-6.24,-13.3,-0.04,0.0232,-2.2379,12.03,-99379.38,7.84,92.34,-4.225,-0,-1.0001,130.87,130.01,130.74,25.01,Cornering,"Hoosier 43075 16x7.5-10 R20, 7 inch rim",8206
78.18,454.97,-3.55,210.82,-93.67,-0,-6.34,-13.18,-0.04,0.0379,-2.2506,12.08,-99352.09,7.84,92.32,-4.256,-0,-1.0001,130.87,130.16,130.8,25,Cornering,"Hoosier 43075 16x7.5-10 R20, 7 inch rim",8207
78.2,454.98,-4.57,211.59,-93.54,-0,-6.87,-12.03,0.09,0.0488,-2.2619,12.15,44276.16,7.84,92.28,-4.306,-0,-0.9998,130.98,130.36,130.82,25,Cornering,"Hoosier 43075 16x7.5-10 R20, 7 inch rim",8208
78.22,454.99,-5.12,212.43,-94.54,0.017,-7.47,-10.41,0.09,0.0542,-2.2471,12.17,44293.97,7.84,92.26,-4.351,-0,-0.9998,131.02,130.49,130.88,25.01,Cornering,"Hoosier 43075 16x7.5-10 R20, 7 inch rim",8209
78.19,455,-5.25,214.16,-96.29,0.009,-7.34,-9.03,0.03,0.0545,-2.2241,12.14,159833.83,7.84,92.28,-4.394,-0,-1,131.09,130.43,130.94,25.01,Cornering,"Hoosier 43075 16x7.5-10 R20, 7 inch rim",8210
78.18,455.01,-4.77,216.03,-98.02,0.001,-7.79,-7.96,-0.04,0.0486,-2.2039,12.07,-99326.29,7.84,92.27,-4.442,-0,-1.0001,131.07,130.38,131.02,25,Cornering,"Hoosier 43075 16x7.5-10 R20, 7 inch rim",8211
78.21,455.02,-4.08,218.33,-99.64,0.007,-7.49,-7.73,0.03,0.041,-2.1912,11.98,159777.27,7.85,92.29,-4.48,-0,-1,130.98,130.27,131.02,25,Cornering,"Hoosier 43075 16x7.5-10 R20, 7 inch rim",8212
78.21,455.03,-2.9,220.02,-100.41,0.01,-7.45,-8.03,-0.11,0.0289,-2.1913,11.97,-37848.25,7.84,92.26,-4.515,-0,-1.0002,131.02,130.27,131.02,24.98,Cornering,"Hoosier 43075 16x7.5-10 R20, 7 inch rim",8213
78.19,455.04,-1.41,220.04,-99.99,0.006,-7.06,-8.27,0.03,0.0141,-2.2008,12,159610.25,7.84,92.28,-4.561,-0,-1,131,130.23,131,24.98,Cornering,"Hoosier 43075 16x7.5-10 R20, 7 inch rim",8214
78.2,455.05,0.5,219.14,-98.26,0.003,-7.05,-7.87,-0.04,-0.0051,-2.2302,12.08,-99166.35,7.84,92.3,-4.594,-0,-1.0001,131.04,130.23,130.96,24.97,Cornering,"Hoosier 43075 16x7.5-10 R20, 7 inch rim",8215
78.22,455.06,1.5,217.46,-96.04,-0.002,-7.35,-7.75,0.03,-0.0157,-2.2644,12.17,159370.89,7.85,92.3,-4.634,-0,-1,131,130.29,130.94,24.94,Cornering,"Hoosier 43075 16x7.5-10 R20, 7 inch rim",8216
78.2,455.07,1.4,216.56,-94.6,-0.003,-6.26,-7.65,-0.04,-0.0148,-2.2893,12.17,-99062.7,7.84,92.3,-4.673,-0,-1.0001,131,130.34,130.9,24.94,Cornering,"Hoosier 43075 16x7.5-10 R20, 7 inch rim",8217
78.18,455.08,0.43,215.75,-93.79,0.006,-6.36,-7.68,0.03,-0.0046,-2.3004,12.14,159388.81,7.84,92.3,-4.714,-0,-1,131.09,130.47,130.94,24.95,Cornering,"Hoosier 43075 16x7.5-10 R20, 7 inch rim",8218
78.21,455.09,-0.81,216.24,-93.66,-0,-6.15,-7.33,-0.11,0.0087,-2.3089,12.05,-37791.18,7.84,92.28,-4.75,-0,-1.0002,131.15,130.69,131,24.95,Cornering,"Hoosier 43075 16x7.5-10 R20, 7 inch rim",8219
78.22,455.1,-2.32,217.46,-93.56,0.003,-7.21,-7.13,-0.11,0.0248,-2.3244,11.97,-37780.01,7.84,92.26,-4.792,-0,-1.0002,131.17,130.73,131.18,24.94,Cornering,"Hoosier 43075 16x7.5-10 R20, 7 inch rim",8220
78.18,455.11,-3.71,219.33,-95.15,-0.002,-6.34,-7.04,-0.04,0.039,-2.305,11.95,-98992.55,7.85,92.2,-4.833,-0,-1.0001,131.28,130.82,131.22,24.93,Cornering,"Hoosier 43075 16x7.5-10 R20, 7 inch rim",8221
78.2,455.12,-4.77,221.13,-96.62,0.01,-7.01,-7.56,0.03,0.0494,-2.2886,11.99,159239.69,7.84,92.2,-4.87,-0,-1,131.24,130.8,131.27,24.93,Cornering,"Hoosier 43075 16x7.5-10 R20, 7 inch rim",8222
78.21,455.13,-5.17,223.01,-98.06,0.001,-7.7,-8.36,0.09,0.0528,-2.2742,12.08,44114.04,7.84,92.15,-4.905,-0,-0.9998,131.17,130.65,131.31,24.93,Cornering,"Hoosier 43075 16x7.5-10 R20, 7 inch rim",8223
78.2,455.14,-5.2,224.85,-99.33,0.007,-7.2,-9.84,-0.04,0.0523,-2.2636,12.16,-98908.49,7.84,92.13,-4.931,-0,-1.0001,131.17,130.62,131.27,24.92,Cornering,"Hoosier 43075 16x7.5-10 R20, 7 inch rim",8224
78.18,455.15,-4.7,224.98,-99.8,0.013,-7.39,-11.3,0.09,0.0471,-2.2544,12.21,44088.84,7.84,92.08,-4.972,-0,-0.9998,131.17,130.58,131.22,24.92,Cornering,"Hoosier 43075 16x7.5-10 R20, 7 inch rim",8225
78.21,455.16,-3.9,223.92,-98.8,0.009,-7.26,-12.39,-0.04,0.0394,-2.2664,12.19,-98941.25,7.84,92,-5.015,-0,-1.0001,131.22,130.54,131.18,24.93,Cornering,"Hoosier 43075 16x7.5-10 R20, 7 inch rim",8226
78.23,455.17,-2.63,221.77,-96.85,0.007,-7.56,-12.42,0.03,0.0272,-2.2899,12.12,159303.77,7.84,91.99,-5.057,-0,-1,131.24,130.56,131.14,24.95,Cornering,"Hoosier 43075 16x7.5-10 R20, 7 inch rim",8227
78.18,455.18,-2.35,220.59,-94.91,-0.005,-6.84,-12.59,0.03,0.0247,-2.3242,12.01,159330.44,7.85,91.97,-5.097,-0,-1,131.26,130.54,131.12,24.96,Cornering,"Hoosier 43075 16x7.5-10 R20, 7 inch rim",8228
78.2,455.19,-2.5,219.97,-93.5,-0,-6.6,-12.05,0.09,0.0267,-2.3525,11.99,44137.84,7.84,91.94,-5.148,-0,-0.9998,131.28,130.67,131.1,24.95,Cornering,"Hoosier 43075 16x7.5-10 R20, 7 inch rim",8229
78.22,455.2,-3.28,220.25,-92.46,0.007,-7.1,-11.23,0.03,0.0355,-2.3821,11.97,159233.64,7.84,91.89,-5.184,-0,-1,131.41,130.76,131.12,24.94,Cornering,"Hoosier 43075 16x7.5-10 R20, 7 inch rim",8230
78.2,455.21,-4.67,221.8,-92.95,0.009,-6.21,-10.79,0.16,0.0502,-2.3863,12.05,25615.13,7.84,91.89,-5.227,-0,-0.9997,131.47,130.93,131.22,24.95,Cornering,"Hoosier 43075 16x7.5-10 R20, 7 inch rim",8231
78.18,455.22,-6.46,223.5,-93.69,0.007,-6.09,-10.66,-0.04,0.069,-2.3856,12.11,-99016.82,7.85,91.86,-5.258,-0,-1.0001,131.52,131.02,131.33,24.96,Cornering,"Hoosier 43075 16x7.5-10 R20, 7 inch rim",8232
78.2,455.23,-6.37,225.33,-94.99,0.012,-6.74,-9.3,-0.04,0.067,-2.3721,12.18,-99098.3,7.84,91.84,-5.321,-0,-1.0001,131.54,131.06,131.41,24.98,Cornering,"Hoosier 43075 16x7.5-10 R20, 7 inch rim",8233
78.22,455.24,-6.23,227.2,-96.74,0.003,-7.21,-8.72,0.09,0.0644,-2.3487,12.17,44214.98,7.84,91.85,-5.353,-0,-0.9998,131.52,130.89,131.51,25,Cornering,"Hoosier 43075 16x7.5-10 R20, 7 inch rim",8234
78.19,455.25,-5.53,228.55,-98.51,0.012,-7.75,-8.47,0.03,0.0562,-2.3202,12.11,159546.7,7.84,91.86,-5.396,-0,-1,131.52,130.84,131.53,25,Cornering,"Hoosier 43075 16x7.5-10 R20, 7 inch rim",8235
78.19,455.26,-3.62,228.57,-99.15,0.004,-8.52,-7.91,0.09,0.0365,-2.3053,12.03,44218.06,7.84,91.84,-5.447,-0,-0.9998,131.52,130.82,131.51,25.01,Cornering,"Hoosier 43075 16x7.5-10 R20, 7 inch rim",8236
78.22,455.27,-1.75,227.46,-99.19,0.013,-8.19,-7.68,-0.18,0.0176,-2.2932,11.99,-23364.08,7.84,91.82,-5.485,-0,-1.0003,131.58,130.73,131.49,25,Cornering,"Hoosier 43075 16x7.5-10 R20, 7 inch rim",8237
78.22,455.28,0.08,225.66,-97.68,-0,-8.09,-7.34,-0.04,-0.0008,-2.3102,12.03,-99062.8,7.84,91.83,-5.529,-0,-1.0001,131.56,130.71,131.53,24.98,Cornering,"Hoosier 43075 16x7.5-10 R20, 7 inch rim",8238
78.18,455.29,0.93,224.69,-95.74,0.017,-6.99,-7.26,0.03,-0.0097,-2.3469,12.08,159316.48,7.84,91.85,-5.559,-0,-1,131.6,130.76,131.51,24.97,Cornering,"Hoosier 43075 16x7.5-10 R20, 7 inch rim",8239
78.2,455.3,1.37,223.86,-93.9,-0.005,-6.09,-6.5,0.03,-0.0146,-2.3841,12.15,159303.12,7.85,91.89,-5.606,-0,-1,131.58,130.82,131.49,24.97,Cornering,"Hoosier 43075 16x7.5-10 R20, 7 inch rim",8240
78.22,455.31,0.82,223.98,-92.88,0.007,-5.32,-5.71,-0.04,-0.0088,-2.4114,12.16,-99020.95,7.84,91.94,-5.636,-0,-1.0001,131.71,130.91,131.49,24.97,Cornering,"Hoosier 43075 16x7.5-10 R20, 7 inch rim",8241
78.2,455.32,-0.09,224.71,-91.77,0.019,-6.1,-4.79,-0.11,0.001,-2.4487,12.11,-37767.67,7.84,91.95,-5.684,-0,-1.0002,131.86,131.11,131.55,24.97,Cornering,"Hoosier 43075 16x7.5-10 R20, 7 inch rim",8242
78.18,455.33,-1.51,225.97,-92.65,0.01,-6.05,-4.31,-0.04,0.0163,-2.439,12.03,-98982.11,7.84,91.92,-5.725,-0,-1.0001,131.92,131.26,131.67,24.97,Cornering,"Hoosier 43075 16x7.5-10 R20, 7 inch rim",8243
78.22,455.34,-3.02,227.21,-93.68,0.007,-6.75,-4.45,-0.04,0.0322,-2.4254,11.97,-98955,7.84,91.92,-5.748,-0,-1.0001,131.92,131.31,131.77,24.96,Cornering,"Hoosier 43075 16x7.5-10 R20, 7 inch rim",8244
78.22,455.35,-3.96,228.77,-95.8,-0.002,-7.45,-4.82,0.03,0.0414,-2.388,11.98,159246.53,7.84,91.91,-5.803,-0,-1,131.94,131.2,131.81,24.97,Cornering,"Hoosier 43075 16x7.5-10 R20, 7 inch rim",8245
78.18,455.36,-4.16,229.94,-97.84,0.013,-7.81,-5.47,0.03,0.0426,-2.3502,12.03,159275.48,7.84,91.92,-5.83,-0,-1,131.92,131.04,131.93,24.98,Cornering,"Hoosier 43075 16x7.5-10 R20, 7 inch rim",8246
78.2,455.37,-3.62,230.75,-98.92,0.001,-8.71,-6.59,-0.04,0.0366,-2.3328,12.11,-99024.7,7.84,91.99,-5.87,-0,-1.0001,131.9,130.98,131.91,24.98,Cornering,"Hoosier 43075 16x7.5-10 R20, 7 inch rim",8247
78.22,455.38,-2.64,230,-98.7,-0.005,-9.03,-7.67,0.09,0.0268,-2.3303,12.17,44150.59,7.85,92.02,-5.908,-0,-0.9998,131.92,130.95,131.89,24.99,Cornering,"Hoosier 43075 16x7.5-10 R20, 7 inch rim",8248
78.2,455.39,-2.02,228.91,-97.82,0.001,-8.04,-9.07,0.09,0.0207,-2.34,12.15,44137.62,7.84,92.12,-5.941,-0,-0.9998,131.9,130.78,131.93,24.98,Cornering,"Hoosier 43075 16x7.5-10 R20, 7 inch rim",8249
78.19,455.4,-1.92,227.23,-96.21,-0,-6.84,-10.38,-0.04,0.02,-2.3619,12.09,-99070.92,7.84,92.15,-5.992,-0,-1.0001,131.88,130.73,131.95,25,Cornering,"Hoosier 43075 16x7.5-10 R20, 7 inch rim",8250
78.21,455.41,-1.81,226.63,-93.31,0.003,-6.76,-10.63,0.09,0.0194,-2.4287,12.01,44213.65,7.84,92.16,-6.012,-0,-0.9998,131.79,130.73,131.95,25.03,Cornering,"Hoosier 43075 16x7.5-10 R20, 7 inch rim",8251
78.22,455.42,-2.55,226.29,-92.22,0.013,-6.09,-10.72,0.03,0.0276,-2.4537,11.96,159466.19,7.84,92.16,-6.056,-0,-1,131.92,130.76,132.03,25.02,Cornering,"Hoosier 43075 16x7.5-10 R20, 7 inch rim",8252
78.19,455.43,-3.33,227.08,-91.9,0.009,-5.59,-9.96,0.03,0.0363,-2.471,11.96,159381.75,7.84,92.17,-6.09,-0,-1,131.99,130.78,132.09,25.01,Cornering,"Hoosier 43075 16x7.5-10 R20, 7 inch rim",8253
78.2,455.44,-4.84,227.89,-92.25,-0.003,-6.17,-9.49,-0.04,0.0525,-2.4704,12.03,-99041.45,7.84,92.16,-6.146,-0,-1.0001,132.14,130.8,132.3,25,Cornering,"Hoosier 43075 16x7.5-10 R20, 7 inch rim",8254
78.22,455.45,-6.14,228.92,-93.33,0.009,-6.82,-8.99,0.03,0.0658,-2.4529,12.13,159243.44,7.84,92.15,-6.179,-0,-1,132.22,130.89,132.42,24.99,Cornering,"Hoosier 43075 16x7.5-10 R20, 7 inch rim",8255
78.2,455.46,-6.89,229.7,-94.76,0.001,-7.91,-8.68,0.03,0.0727,-2.4241,12.19,159267.83,7.84,92.1,-6.219,-0,-1,132.18,130.73,132.5,25,Cornering,"Hoosier 43075 16x7.5-10 R20, 7 inch rim",8256
78.19,455.47,-6.77,231.36,-96.8,0.007,-8.45,-8.57,-0.04,0.07,-2.3901,12.22,-99086.91,7.84,92.05,-6.266,-0,-1.0001,132.16,130.56,132.56,25.02,Cornering,"Hoosier 43075 16x7.5-10 R20, 7 inch rim",8257
78.21,455.48,-6.37,232.58,-97.83,0.012,-9.2,-8.92,0.09,0.0652,-2.3774,12.17,44209.55,7.84,92.02,-6.297,-0,-0.9998,132.22,130.47,132.64,25.04,Cornering,"Hoosier 43075 16x7.5-10 R20, 7 inch rim",8258
78.22,455.49,-4.99,232.94,-98.64,-0.003,-8.5,-9.24,-0.04,0.0506,-2.3615,12.08,-99208.17,7.84,92,-6.35,-0,-1.0001,132.22,130.49,132.64,25.05,Cornering,"Hoosier 43075 16x7.5-10 R20, 7 inch rim",8259
78.19,455.5,-3.05,232.15,-98.56,0.006,-7.38,-8.89,-0.11,0.0309,-2.3553,12.03,-37813.19,7.84,91.99,-6.387,-0,-1.0002,132.29,130.54,132.64,25.04,Cornering,"Hoosier 43075 16x7.5-10 R20, 7 inch rim",8260
78.19,455.51,-1.6,230.62,-96.63,0.004,-7.18,-8.88,0.09,0.0165,-2.3866,12,44156.39,7.84,92,-6.434,-0,-0.9998,132.31,130.62,132.6,25.02,Cornering,"Hoosier 43075 16x7.5-10 R20, 7 inch rim",8261
78.21,455.52,-0.29,229.7,-94.86,0.007,-6.38,-8.15,0.03,0.0031,-2.4215,12.05,159224.12,7.84,91.98,-6.471,-0,-1,132.31,130.76,132.58,25,Cornering,"Hoosier 43075 16x7.5-10 R20, 7 inch rim",8262
78.2,455.53,0.33,229.12,-93.79,0.001,-5.61,-6.97,0.03,-0.0035,-2.4429,12.11,159136.27,7.84,91.98,-6.514,-0,-1,132.2,130.93,132.56,24.99,Cornering,"Hoosier 43075 16x7.5-10 R20, 7 inch rim",8263
78.19,455.54,0.05,229.23,-92,0.013,-6.58,-5.81,0.09,-0.0006,-2.4917,12.13,44084.51,7.84,91.98,-6.55,-0,-0.9998,132.33,131.11,132.6,24.98,Cornering,"Hoosier 43075 16x7.5-10 R20, 7 inch rim",8264
78.21,455.55,-0.93,229.71,-92,0.007,-6.94,-4.79,0.03,0.0101,-2.4968,12.13,158925.77,7.84,92,-6.593,-0,-1,132.4,131.35,132.64,24.96,Cornering,"Hoosier 43075 16x7.5-10 R20, 7 inch rim",8265
78.23,455.56,-1.88,230.6,-92.68,0.014,-7.65,-3.81,0.03,0.0203,-2.488,12.06,158874.58,7.84,92,-6.636,-0,-1,132.61,131.57,132.78,24.96,Cornering,"Hoosier 43075 16x7.5-10 R20, 7 inch rim",8266
78.2,455.57,-2.78,232.03,-94.89,-0,-7.06,-3.15,-0.04,0.0293,-2.4452,12,-98798.31,7.84,92,-6.672,-0,-1.0001,132.67,131.66,132.86,24.97,Cornering,"Hoosier 43075 16x7.5-10 R20, 7 inch rim",8267
78.19,455.58,-3.6,233.68,-95.62,0.009,-8.8,-3.21,0.03,0.0376,-2.4439,11.99,158847.69,7.84,92.02,-6.716,-0,-1,132.67,131.61,132.96,24.96,Cornering,"Hoosier 43075 16x7.5-10 R20, 7 inch rim",8268
78.21,455.59,-3.28,235.69,-98.17,0.009,-7.68,-3.39,0.03,0.0334,-2.4009,12.02,158834.61,7.84,92.02,-6.755,-0,-1,132.65,131.53,133.06,24.96,Cornering,"Hoosier 43075 16x7.5-10 R20, 7 inch rim",8269
78.21,455.6,-3.02,236.61,-98.86,0.01,-8.04,-4.51,-0.04,0.0305,-2.3933,12.09,-98705.14,7.84,92.02,-6.788,-0,-1.0001,132.63,131.46,133.08,24.95,Cornering,"Hoosier 43075 16x7.5-10 R20, 7 inch rim",8270
78.18,455.61,-1.65,236.5,-98.66,-0,-7.7,-5.01,-0.04,0.0167,-2.3972,12.14,-98696.93,7.84,92.05,-6.826,-0,-1.0001,132.65,131.48,133.08,24.95,Cornering,"Hoosier 43075 16x7.5-10 R20, 7 inch rim",8271
78.2,455.62,-0.37,234.84,-97.56,-0.006,-6.9,-5.69,-0.11,0.0038,-2.4072,12.11,-37616.96,7.84,92.07,-6.876,-0,-1.0002,132.61,131.44,133.08,24.93,Cornering,"Hoosier 43075 16x7.5-10 R20, 7 inch rim",8272
78.22,455.63,-0.05,232.48,-96.08,0.007,-6.44,-6.67,0.09,0.0006,-2.4198,12.05,43980.1,7.84,92.09,-6.901,-0,-0.9998,132.67,131.48,133.08,24.94,Cornering,"Hoosier 43075 16x7.5-10 R20, 7 inch rim",8273
78.2,455.64,-0.18,231.1,-94.1,0.007,-6,-7.08,-0.04,0.0019,-2.456,11.97,-98672.96,7.84,92.14,-6.938,-0,-1.0001,132.57,131.55,133.12,24.95,Cornering,"Hoosier 43075 16x7.5-10 R20, 7 inch rim",8274
78.19,455.65,-1.54,230.5,-92.37,0.004,-6.67,-7.78,-0.04,0.0167,-2.4953,11.93,-98729.91,7.84,92.16,-6.992,-0,-1.0001,132.59,131.64,133.12,24.97,Cornering,"Hoosier 43075 16x7.5-10 R20, 7 inch rim",8275
78.22,455.66,-3.02,230.68,-92.05,-0.002,-6.79,-7.9,-0.04,0.0328,-2.5059,11.95,-98769.49,7.84,92.16,-7.021,-0,-1.0001,132.7,131.77,133.16,24.98,Cornering,"Hoosier 43075 16x7.5-10 R20, 7 inch rim",8276
78.21,455.67,-4.69,231.89,-92.44,0.001,-7.37,-7.83,-0.04,0.0508,-2.5086,12.03,-98807.77,7.84,92.14,-7.055,-0,-1.0001,132.82,131.97,133.31,24.99,Cornering,"Hoosier 43075 16x7.5-10 R20, 7 inch rim",8277
78.19,455.68,-5.96,233.57,-93.54,0.006,-7.35,-7.47,0.09,0.0637,-2.497,12.11,44043.32,7.84,92.15,-7.091,-0,-0.9998,132.91,132.12,133.37,24.99,Cornering,"Hoosier 43075 16x7.5-10 R20, 7 inch rim",8278
78.2,455.69,-6.63,235.45,-95.23,-0.003,-7.54,-7.16,0.03,0.0696,-2.4725,12.15,158848.84,7.84,92.15,-7.137,-0,-1,133,132.14,133.43,24.98,Cornering,"Hoosier 43075 16x7.5-10 R20, 7 inch rim",8279
78.22,455.7,-7,237.72,-96.75,0.01,-8.02,-7.64,0.03,0.0724,-2.4569,12.11,158757.12,7.84,92.15,-7.187,-0,-1,133.02,132.08,133.57,24.97,Cornering,"Hoosier 43075 16x7.5-10 R20, 7 inch rim",8280
78.2,455.71,-5.9,239.21,-98.08,0.022,-8.25,-7.4,0.03,0.0601,-2.439,12.05,158744.72,7.84,92.14,-7.221,-0,-1,133.08,132.01,133.57,24.97,Cornering,"Hoosier 43075 16x7.5-10 R20, 7 inch rim",8281
78.19,455.72,-5.03,239.28,-98.61,0.003,-8.21,-8.26,0.03,0.051,-2.4265,11.96,158914.42,7.84,92.15,-7.262,-0,-1,133.02,131.99,133.51,25,Cornering,"Hoosier 43075 16x7.5-10 R20, 7 inch rim",8282
78.21,455.73,-3.74,238.03,-98.25,0.01,-7.92,-8.68,-0.04,0.0381,-2.4228,11.95,-98821.02,7.84,92.17,-7.303,-0,-1.0001,133.12,131.94,133.51,25.01,Cornering,"Hoosier 43075 16x7.5-10 R20, 7 inch rim",8283
78.22,455.74,-2.47,236.34,-97.47,0.009,-6.99,-9.02,-0.04,0.0253,-2.4247,11.98,-98857.34,7.84,92.15,-7.345,-0,-1.0001,133.15,132.05,133.45,25.02,Cornering,"Hoosier 43075 16x7.5-10 R20, 7 inch rim",8284
78.18,455.75,-1.37,234.65,-95.72,0.009,-6.96,-8.55,0.09,0.0144,-2.4515,12.06,44053.73,7.84,92.16,-7.393,-0,-0.9998,133.12,132.08,133.45,25.01,Cornering,"Hoosier 43075 16x7.5-10 R20, 7 inch rim",8285
78.19,455.76,-1.4,233.87,-94.42,0.013,-6.46,-8.09,0.09,0.0148,-2.477,12.11,44019.28,7.84,92.18,-7.431,-0,-0.9998,133.02,132.14,133.49,25,Cornering,"Hoosier 43075 16x7.5-10 R20, 7 inch rim",8286
78.22,455.77,-1.4,234.2,-93.08,0.007,-7.03,-6.65,-0.04,0.0151,-2.5162,12.12,-98598.27,7.84,92.2,-7.475,-0,-1.0001,133.15,132.3,133.53,24.96,Cornering,"Hoosier 43075 16x7.5-10 R20, 7 inch rim",8287
78.2,455.78,-2.39,235.47,-92.66,-0.002,-7.26,-5.64,-0.04,0.0258,-2.5413,12.07,-98613.16,7.84,92.2,-7.509,-0,-1.0001,133.3,132.43,133.65,24.97,Cornering,"Hoosier 43075 16x7.5-10 R20, 7 inch rim",8288
78.18,455.79,-2.51,236.8,-93.61,0.013,-7.15,-3.83,0.03,0.0268,-2.5298,12,158694.94,7.84,92.2,-7.555,-0,-1,133.47,132.54,133.83,24.98,Cornering,"Hoosier 43075 16x7.5-10 R20, 7 inch rim",8289
78.22,455.8,-3.35,238.82,-94.88,0.009,-7.3,-3.01,0.03,0.0353,-2.517,11.95,158567.09,7.84,92.18,-7.601,-0,-1,133.51,132.54,133.93,24.96,Cornering,"Hoosier 43075 16x7.5-10 R20, 7 inch rim",8290
78.22,455.81,-4.02,240.95,-96.84,0.017,-7.25,-2.94,-0.04,0.0415,-2.488,11.95,-98559.23,7.84,92.19,-7.641,-0,-1.0001,133.62,132.49,134.01,24.96,Cornering,"Hoosier 43075 16x7.5-10 R20, 7 inch rim",8291
78.19,455.82,-3.95,242.99,-98.26,0.007,-7.63,-3.33,0.03,0.0402,-2.4729,12,158392.5,7.84,92.17,-7.673,-0,-1,133.66,132.38,134.05,24.94,Cornering,"Hoosier 43075 16x7.5-10 R20, 7 inch rim",8292
78.19,455.83,-3.13,243.59,-99.54,0.01,-7.47,-3.69,-0.04,0.0315,-2.4473,12.08,-98449.26,7.84,92.15,-7.718,-0,-1.0001,133.73,132.25,134.09,24.94,Cornering,"Hoosier 43075 16x7.5-10 R20, 7 inch rim",8293
78.22,455.84,-1.38,242.36,-99.56,0.009,-7.79,-3.75,0.03,0.0139,-2.4342,12.12,158429.66,7.84,92.1,-7.767,-0,-1,133.73,132.27,134.09,24.95,Cornering,"Hoosier 43075 16x7.5-10 R20, 7 inch rim",8294
78.21,455.85,-0.25,239.72,-98.78,0.012,-7.83,-4.52,-0.11,0.0025,-2.4268,12.11,-37563.55,7.84,92.08,-7.791,-0,-1.0002,133.73,132.23,134.09,24.95,Cornering,"Hoosier 43075 16x7.5-10 R20, 7 inch rim",8295
78.19,455.86,0.36,237.77,-97.24,-0.002,-6.88,-5.04,0.03,-0.0038,-2.4453,12.04,158474.23,7.84,92.05,-7.841,-0,-1,133.7,132.27,134.11,24.96,Cornering,"Hoosier 43075 16x7.5-10 R20, 7 inch rim",8296
78.21,455.87,0.52,236.22,-95.26,0.004,-6.8,-5.05,0.03,-0.0055,-2.4796,11.98,158535.47,7.84,92.03,-7.873,-0,-1,133.66,132.36,134.16,24.97,Cornering,"Hoosier 43075 16x7.5-10 R20, 7 inch rim",8297
78.22,455.88,-0.26,235.74,-93.64,0.009,-7.16,-5.07,-0.04,0.0027,-2.5176,11.98,-98517.08,7.84,92.02,-7.91,-0,-1.0001,133.75,132.52,134.2,24.97,Cornering,"Hoosier 43075 16x7.5-10 R20, 7 inch rim",8298
78.19,455.89,-1.51,236.51,-93.16,0.01,-6.99,-4.69,0.09,0.0162,-2.5389,12.04,43923.2,7.84,92.01,-7.949,-0,-0.9998,133.85,132.71,134.28,24.97,Cornering,"Hoosier 43075 16x7.5-10 R20, 7 inch rim",8299
78.18,455.9,-3.3,238.23,-93,0.006,-7.15,-4.89,-0.04,0.0354,-2.5616,12.1,-98610.54,7.84,92.01,-7.995,-0,-1.0001,134.05,132.87,134.38,25,Cornering,"Hoosier 43075 16x7.5-10 R20, 7 inch rim",8300
78.22,455.91,-5.21,240.41,-94.49,0.001,-6.36,-5.33,0.09,0.0552,-2.5443,12.14,43986,7.84,91.96,-8.026,-0,-0.9998,134.15,132.89,134.46,25.01,Cornering,"Hoosier 43075 16x7.5-10 R20, 7 inch rim",8301
78.21,455.92,-6.13,242.22,-95.81,0.01,-7.16,-5.42,0.03,0.064,-2.5281,12.14,158790.66,7.84,91.98,-8.063,-0,-1,134.15,132.93,134.54,25.03,Cornering,"Hoosier 43075 16x7.5-10 R20, 7 inch rim",8302
78.18,455.93,-6.75,243.93,-97.81,0.007,-7.32,-6.12,0.03,0.069,-2.494,12.09,158739.41,7.84,91.95,-8.099,-0,-1,134.15,132.85,134.56,25.02,Cornering,"Hoosier 43075 16x7.5-10 R20, 7 inch rim",8303
78.2,455.94,-6.15,244.67,-99.32,0.013,-8.09,-6.74,0.03,0.0619,-2.4634,12.01,158719.03,7.83,91.92,-8.149,-0,-1,134.15,132.85,134.62,25.02,Cornering,"Hoosier 43075 16x7.5-10 R20, 7 inch rim",8304
78.23,455.95,-5.13,244.05,-100.08,0.012,-8.45,-7.38,0.03,0.0512,-2.4385,11.97,158667.06,7.83,91.89,-8.187,-0,-1,134.15,132.78,134.62,25.01,Cornering,"Hoosier 43075 16x7.5-10 R20, 7 inch rim",8305
78.2,455.96,-3.17,242.04,-99.54,0.01,-8.74,-7.38,0.09,0.0318,-2.4317,11.95,43964.07,7.84,91.87,-8.221,-0,-0.9998,134.13,132.76,134.58,25.01,Cornering,"Hoosier 43075 16x7.5-10 R20, 7 inch rim",8306
78.19,455.97,-1.99,240.4,-98.08,-0.002,-7.88,-7.78,0.09,0.0203,-2.4511,12.02,43969.03,7.84,91.85,-8.267,-0,-0.9998,134.11,132.74,134.58,25.02,Cornering,"Hoosier 43075 16x7.5-10 R20, 7 inch rim",8307
78.22,455.98,-1.45,238.7,-96.85,0.001,-6.78,-8.04,-0.04,0.015,-2.4647,12.11,-98619.58,7.84,91.84,-8.32,-0,-1.0001,134.09,132.74,134.62,25.02,Cornering,"Hoosier 43075 16x7.5-10 R20, 7 inch rim",8308
78.22,455.99,-1.75,238.34,-94.81,0.02,-6.48,-7.89,0.03,0.0185,-2.5138,12.15,158636.36,7.83,91.83,-8.35,-0,-1,134.03,132.85,134.68,25.02,Cornering,"Hoosier 43075 16x7.5-10 R20, 7 inch rim",8309
78.19,456,-2.25,238.87,-93.32,0.004,-6.82,-7.11,0.09,0.0241,-2.5596,12.16,43934.62,7.84,91.83,-8.388,-0,-0.9998,134.11,132.96,134.78,25.01,Cornering,"Hoosier 43075 16x7.5-10 R20, 7 inch rim",8310
78.2,456.01,-3.35,240.07,-93.39,0.014,-6.32,-6.25,0.03,0.0359,-2.5706,12.1,158382.3,7.83,91.86,-8.43,-0,-1,134.3,133.18,134.88,24.98,Cornering,"Hoosier 43075 16x7.5-10 R20, 7 inch rim",8311
78.22,456.02,-3.86,241.63,-93.43,0.009,-7.44,-4.63,0.03,0.0413,-2.5861,12.03,158289.48,7.84,91.87,-8.476,-0,-1,134.41,133.35,134.98,24.97,Cornering,"Hoosier 43075 16x7.5-10 R20, 7 inch rim",8312
78.2,456.03,-4.29,243.48,-94.96,0.007,-7.26,-3.49,0.03,0.0452,-2.564,12,158164.73,7.84,91.9,-8.51,-0,-1,134.48,133.4,135.08,24.96,Cornering,"Hoosier 43075 16x7.5-10 R20, 7 inch rim",8313
78.18,456.04,-4.62,245.04,-97.13,-0,-7.37,-3,0.03,0.0475,-2.5228,12.02,158062.62,7.84,91.92,-8.577,-0,-1,134.52,133.44,135.15,24.94,Cornering,"Hoosier 43075 16x7.5-10 R20, 7 inch rim",8314
78.21,456.05,-4.11,246.26,-98.45,-0,-8.39,-2.82,-0.04,0.0418,-2.5015,12.06,-98274.94,7.84,91.93,-8.589,-0,-1.0001,134.56,133.33,135.23,24.95,Cornering,"Hoosier 43075 16x7.5-10 R20, 7 inch rim",8315
78.21,456.06,-3.01,246.38,-99.54,0.007,-8.9,-2.79,0.09,0.0303,-2.4752,12.11,43813.02,7.84,91.94,-8.643,-0,-0.9998,134.67,133.27,135.27,24.96,Cornering,"Hoosier 43075 16x7.5-10 R20, 7 inch rim",8316
78.19,456.07,-1.63,245.31,-99.67,0.006,-8.71,-3.24,0.03,0.0164,-2.4611,12.12,158018.97,7.83,91.98,-8.679,-0,-1,134.67,133.2,135.27,24.94,Cornering,"Hoosier 43075 16x7.5-10 R20, 7 inch rim",8317
78.2,456.08,-0.6,242.96,-98.65,0.014,-8.35,-4,0.03,0.0061,-2.4629,12.09,157892.11,7.83,91.96,-8.718,-0,-1,134.71,133.27,135.29,24.93,Cornering,"Hoosier 43075 16x7.5-10 R20, 7 inch rim",8318
78.23,456.09,0.48,241.64,-97.13,0.001,-6.97,-4.11,-0.04,-0.0049,-2.4878,11.99,-98091.52,7.84,91.96,-8.762,-0,-1.0001,134.76,133.24,135.31,24.92,Cornering,"Hoosier 43075 16x7.5-10 R20, 7 inch rim",8319
78.2,456.1,0.67,240.55,-95.34,0.007,-6.37,-4.23,0.03,-0.007,-2.523,11.95,157820.48,7.84,91.92,-8.798,-0,-1,134.76,133.33,135.41,24.92,Cornering,"Hoosier 43075 16x7.5-10 R20, 7 inch rim",8320
78.18,456.11,0.25,240.59,-93.55,-0,-6.06,-3.91,0.03,-0.0027,-2.5717,11.93,157768.09,7.84,91.93,-8.834,-0,-1,134.84,133.44,135.47,24.92,Cornering,"Hoosier 43075 16x7.5-10 R20, 7 inch rim",8321
78.21,456.12,-0.99,241.18,-92.94,0.009,-6.48,-3.81,0.03,0.0106,-2.5951,12,157899.16,7.83,91.95,-8.87,-0,-1,135.03,133.62,135.57,24.94,Cornering,"Hoosier 43075 16x7.5-10 R20, 7 inch rim",8322
78.23,456.13,-2.99,241.96,-93.69,0.004,-6.48,-3.94,-0.11,0.0319,-2.5825,12.05,-37444.05,7.83,91.93,-8.914,-0,-1.0002,135.25,133.75,135.71,24.94,Cornering,"Hoosier 43075 16x7.5-10 R20, 7 inch rim",8323
78.19,456.14,-4.47,243.16,-93.88,0.01,-8.02,-3.83,-0.04,0.0476,-2.5902,12.12,-98177.47,7.83,91.94,-8.948,-0,-1.0001,135.38,133.88,135.85,24.95,Cornering,"Hoosier 43075 16x7.5-10 R20, 7 inch rim",8324
78.2,456.15,-5.76,244.6,-95.48,-0.006,-8.11,-4.09,-0.04,0.0603,-2.5618,12.12,-98188.77,7.84,91.92,-8.99,-0,-1.0001,135.46,133.84,136.01,24.96,Cornering,"Hoosier 43075 16x7.5-10 R20, 7 inch rim",8325
78.22,456.16,-6.59,246.28,-97.62,-0.003,-8.15,-5.02,0.09,0.0675,-2.523,12.08,43755.75,7.84,91.88,-9.03,-0,-0.9998,135.53,133.75,136.14,24.95,Cornering,"Hoosier 43075 16x7.5-10 R20, 7 inch rim",8326
78.21,456.17,-6.12,247.17,-98.84,0.007,-8.49,-5.53,0.09,0.0619,-2.5007,11.97,43760.38,7.83,91.84,-9.074,-0,-0.9998,135.59,133.64,136.2,24.96,Cornering,"Hoosier 43075 16x7.5-10 R20, 7 inch rim",8327
78.19,456.18,-4.79,246.83,-99.78,0.013,-8.69,-5.87,-0.04,0.048,-2.4738,11.91,-98159.95,7.83,91.85,-9.093,-0,-1.0001,135.64,133.57,136.22,24.96,Cornering,"Hoosier 43075 16x7.5-10 R20, 7 inch rim",8328
78.2,456.19,-3.52,245.34,-99.71,0.001,-7.79,-6.58,0.03,0.0353,-2.4605,11.92,157924.75,7.83,91.85,-9.14,-0,-1,135.64,133.62,136.28,24.96,Cornering,"Hoosier 43075 16x7.5-10 R20, 7 inch rim",8329
78.22,456.2,-2.15,243.26,-98.3,0.022,-7.55,-6.8,0.09,0.0218,-2.4745,11.95,43766.84,7.83,91.86,-9.185,-0,-0.9998,135.64,133.64,136.32,24.97,Cornering,"Hoosier 43075 16x7.5-10 R20, 7 inch rim",8330
78.2,456.21,-1.6,241.59,-96.27,0.016,-7,-7.09,0.03,0.0166,-2.5095,12.05,157920.22,7.83,91.89,-9.23,-0,-1,135.7,133.73,136.38,24.97,Cornering,"Hoosier 43075 16x7.5-10 R20, 7 inch rim",8331
78.18,456.22,-1.81,240.69,-94.47,0.013,-6.76,-7.02,0.09,0.0191,-2.5479,12.15,43766.44,7.83,91.89,-9.268,-0,-0.9998,135.72,133.84,136.42,24.97,Cornering,"Hoosier 43075 16x7.5-10 R20, 7 inch rim",8332
78.22,456.23,-2.2,240.39,-93.19,0.01,-7.48,-6.16,0.03,0.0236,-2.5795,12.19,157847.95,7.83,91.89,-9.308,-0,-1,135.87,133.95,136.48,24.96,Cornering,"Hoosier 43075 16x7.5-10 R20, 7 inch rim",8333
78.21,456.24,-3.09,241.66,-93.31,0.003,-6.69,-5.12,0.03,0.0331,-2.5899,12.17,157788.73,7.83,91.91,-9.356,-0,-1,136.04,134.12,136.56,24.96,Cornering,"Hoosier 43075 16x7.5-10 R20, 7 inch rim",8334
78.18,456.25,-4.02,243.19,-94.2,0.004,-6.68,-3.96,-0.04,0.0427,-2.5816,12.08,-98073.28,7.83,91.94,-9.396,-0,-1.0001,136.24,134.3,136.74,24.96,Cornering,"Hoosier 43075 16x7.5-10 R20, 7 inch rim",8335
78.2,456.26,-4.55,244.7,-94.66,0.012,-8.25,-2.82,0.09,0.0481,-2.5851,12,43704.07,7.83,91.96,-9.437,-0,-0.9998,136.36,134.34,136.84,24.95,Cornering,"Hoosier 43075 16x7.5-10 R20, 7 inch rim",8336
78.22,456.27,-4.97,246.89,-96.63,0.003,-7.74,-2.35,0.03,0.0515,-2.5549,11.95,157660.56,7.83,91.98,-9.474,-0,-1,136.43,134.26,136.88,24.94,Cornering,"Hoosier 43075 16x7.5-10 R20, 7 inch rim",8337
78.2,456.28,-4.78,248.41,-98.31,0.006,-8.46,-2.44,0.09,0.0486,-2.5268,11.95,43683.84,7.83,91.96,-9.514,-0,-0.9998,136.45,134.19,136.96,24.94,Cornering,"Hoosier 43075 16x7.5-10 R20, 7 inch rim",8338
78.19,456.29,-3.93,248.71,-100.05,0.007,-8.05,-2.9,0.03,0.0393,-2.4858,11.99,157619.33,7.83,91.95,-9.561,-0,-1,136.47,134.04,136.94,24.94,Cornering,"Hoosier 43075 16x7.5-10 R20, 7 inch rim",8339
78.21,456.3,-2.3,247.37,-100.05,-0.006,-8.02,-2.93,0.03,0.023,-2.4725,12.07,157673.52,7.84,91.91,-9.601,-0,-1,136.51,134.01,136.9,24.96,Cornering,"Hoosier 43075 16x7.5-10 R20, 7 inch rim",8340
78.22,456.31,-0.86,244.86,-98.72,0.004,-8.29,-3.39,0.09,0.0087,-2.4804,12.14,43707.08,7.83,91.89,-9.646,-0,-0.9998,136.51,133.97,136.9,24.97,Cornering,"Hoosier 43075 16x7.5-10 R20, 7 inch rim",8341
78.19,456.32,-0.11,242.38,-97.53,0.01,-7.38,-3.9,-0.11,0.0011,-2.4851,12.14,-37377.57,7.83,91.88,-9.68,-0,-1.0002,136.56,134.04,136.92,24.96,Cornering,"Hoosier 43075 16x7.5-10 R20, 7 inch rim",8342
78.2,456.33,0.27,241.03,-95.58,0.003,-6.86,-4.03,0.03,-0.0028,-2.5216,12.09,157623.45,7.83,91.86,-9.706,-0,-1,136.58,134.12,137,24.96,Cornering,"Hoosier 43075 16x7.5-10 R20, 7 inch rim",8343
78.22,456.34,-0.01,240.7,-94.03,0.01,-6.58,-3.72,0.09,0.0001,-2.5599,12,43682.42,7.83,91.86,-9.754,-0,-0.9998,136.6,134.23,137.09,24.96,Cornering,"Hoosier 43075 16x7.5-10 R20, 7 inch rim",8344
78.2,456.35,-1.29,241.33,-92.85,0.006,-7.56,-3.58,-0.04,0.0139,-2.5993,11.95,-97978.65,7.83,91.86,-9.793,-0,-1.0001,136.82,134.43,137.13,24.96,Cornering,"Hoosier 43075 16x7.5-10 R20, 7 inch rim",8345
78.18,456.36,-2.52,243.18,-93.81,0.009,-6.78,-3.01,0.03,0.0269,-2.5921,11.97,157738.39,7.83,91.86,-9.846,-0,-1,137.12,134.61,137.25,24.98,Cornering,"Hoosier 43075 16x7.5-10 R20, 7 inch rim",8346
78.2,456.37,-4.14,244.87,-94.69,0.01,-7.33,-2.84,0.03,0.0437,-2.5859,12,157763.06,7.83,91.86,-9.87,-0,-1,137.31,134.7,137.37,24.99,Cornering,"Hoosier 43075 16x7.5-10 R20, 7 inch rim",8347
78.22,456.38,-5.65,246.72,-96.15,0.009,-7.67,-3.3,0.09,0.0587,-2.5659,12.08,43731.32,7.83,91.85,-9.918,-0,-0.9998,137.42,134.74,137.53,25,Cornering,"Hoosier 43075 16x7.5-10 R20, 7 inch rim",8348
78.19,456.39,-6.21,248.53,-97.58,0.017,-8.04,-3.51,-0.04,0.0636,-2.547,12.14,-98047.93,7.83,91.84,-9.939,-0,-1.0001,137.52,134.65,137.61,24.99,Cornering,"Hoosier 43075 16x7.5-10 R20, 7 inch rim",8349
78.2,456.4,-5.69,249.2,-99.45,0.001,-8.22,-3.72,0.03,0.0572,-2.5057,12.11,157777.64,7.83,91.83,-9.989,-0,-1,137.57,134.59,137.71,25,Cornering,"Hoosier 43075 16x7.5-10 R20, 7 inch rim",8350
78.22,456.41,-5.09,248.7,-99.81,0.01,-8.72,-4.82,0.03,0.051,-2.4916,12.05,157607.88,7.83,91.79,-10.036,-0,-1,137.59,134.54,137.75,24.98,Cornering,"Hoosier 43075 16x7.5-10 R20, 7 inch rim",8351
78.2,456.42,-3.6,246.86,-99.6,0.006,-8.55,-5.24,0.03,0.0362,-2.4784,11.97,157700.44,7.83,91.78,-10.071,-0,-1,137.63,134.5,137.77,25,Cornering,"Hoosier 43075 16x7.5-10 R20, 7 inch rim",8352
78.18,456.43,-2.5,244.36,-98.7,0.016,-8.15,-5.87,0.09,0.0254,-2.4756,11.95,43714.82,7.83,91.77,-10.111,-0,-0.9998,137.65,134.54,137.77,25.01,Cornering,"Hoosier 43075 16x7.5-10 R20, 7 inch rim",8353
78.21,456.44,-1.62,242.52,-96.71,0.014,-7.97,-5.97,-0.04,0.0167,-2.5076,11.97,-98140.91,7.83,91.78,-10.152,-0,-1.0001,137.63,134.63,137.79,25.03,Cornering,"Hoosier 43075 16x7.5-10 R20, 7 inch rim",8354
78.22,456.45,-1.44,241.61,-95.34,0.012,-7.11,-5.82,0.16,0.0151,-2.5343,12.06,25402.18,7.83,91.81,-10.185,-0,-0.9997,137.63,134.74,137.87,25.04,Cornering,"Hoosier 43075 16x7.5-10 R20, 7 inch rim",8355
78.19,456.46,-1.52,241.52,-93.71,-0.003,-7.44,-5.05,0.09,0.0162,-2.5772,12.13,43759.37,7.83,91.83,-10.227,-0,-0.9998,137.78,134.94,137.99,25.04,Cornering,"Hoosier 43075 16x7.5-10 R20, 7 inch rim",8356
78.19,456.47,-2.71,242.74,-93.24,0.003,-6.99,-4.54,0.03,0.029,-2.6035,12.17,157889.44,7.83,91.81,-10.276,-0,-1,138.02,135.14,138.1,25.04,Cornering,"Hoosier 43075 16x7.5-10 R20, 7 inch rim",8357
78.22,456.48,-3.55,244.16,-93.45,-0.006,-7.24,-3.4,0.16,0.0379,-2.6128,12.17,25361.89,7.83,91.82,-10.319,-0,-0.9997,138.21,135.22,138.28,25.01,Cornering,"Hoosier 43075 16x7.5-10 R20, 7 inch rim",8358
78.21,456.49,-4.66,245.81,-94.41,0.006,-7.66,-2.87,0.03,0.0493,-2.6036,12.08,157595.55,7.83,91.82,-10.35,-0,-1,138.4,135.33,138.42,25,Cornering,"Hoosier 43075 16x7.5-10 R20, 7 inch rim",8359
78.18,456.5,-5.29,247.34,-96.22,0.006,-8.12,-2.62,0.03,0.055,-2.5706,11.98,157496.7,7.83,91.85,-10.4,-0,-1,138.49,135.22,138.56,24.99,Cornering,"Hoosier 43075 16x7.5-10 R20, 7 inch rim",8360
78.2,456.51,-4.95,248.73,-98.13,0.004,-8.19,-2.27,-0.04,0.0504,-2.5347,11.92,-97916.41,7.83,91.9,-10.43,-0,-1.0001,138.55,135.2,138.68,25,Cornering,"Hoosier 43075 16x7.5-10 R20, 7 inch rim",8361
78.22,456.52,-4.04,248.86,-99.94,0.007,-8.33,-2.3,-0.04,0.0404,-2.49,11.96,-97810.4,7.83,91.91,-10.478,-0,-1.0001,138.53,135.05,138.74,24.97,Cornering,"Hoosier 43075 16x7.5-10 R20, 7 inch rim",8362
78.2,456.53,-2.48,247.63,-99.87,0.004,-8.99,-2.41,0.03,0.0248,-2.4796,12,157330.78,7.83,91.94,-10.509,-0,-1,138.55,135.05,138.82,24.97,Cornering,"Hoosier 43075 16x7.5-10 R20, 7 inch rim",8363
78.19,456.54,-1.29,245.5,-99.74,-0.002,-7.75,-3.09,0.09,0.0129,-2.4615,12.11,43591.27,7.83,91.97,-10.553,-0,-0.9998,138.57,135.05,138.8,24.97,Cornering,"Hoosier 43075 16x7.5-10 R20, 7 inch rim",8364
78.22,456.55,-0.14,243.45,-98.34,0.01,-7.36,-3.29,-0.04,0.0014,-2.4757,12.19,-97795.02,7.83,91.99,-10.595,-0,-1.0001,138.53,135.2,138.84,24.98,Cornering,"Hoosier 43075 16x7.5-10 R20, 7 inch rim",8365
78.22,456.56,-0.25,241.96,-96.02,0.001,-6.99,-4.05,0.03,0.0026,-2.5198,12.18,157299.08,7.83,91.96,-10.639,-0,-1,138.51,135.36,138.88,24.98,Cornering,"Hoosier 43075 16x7.5-10 R20, 7 inch rim",8366
78.18,456.57,-0.5,241.62,-94.65,0.01,-6.74,-3.84,0.03,0.0053,-2.5528,12.14,157243.7,7.83,91.95,-10.675,-0,-1,138.53,135.49,138.96,24.97,Cornering,"Hoosier 43075 16x7.5-10 R20, 7 inch rim",8367
78.2,456.58,-1.27,242.6,-93.78,0.001,-6.08,-3.41,0.03,0.0136,-2.5868,12.05,157079.55,7.83,91.96,-10.709,-0,-1,138.68,135.71,139.05,24.95,Cornering,"Hoosier 43075 16x7.5-10 R20, 7 inch rim",8368
78.23,456.59,-2.82,244.15,-93.64,-0,-6.56,-3.12,0.03,0.0301,-2.6073,11.95,157097.81,7.83,91.96,-10.744,-0,-1,138.87,135.91,139.17,24.96,Cornering,"Hoosier 43075 16x7.5-10 R20, 7 inch rim",8369
78.2,456.6,-4.15,245.66,-94.49,0.007,-7.3,-2.87,0.03,0.0439,-2.5997,11.94,157144.09,7.83,91.96,-10.794,-0,-1,139.09,136.06,139.35,24.97,Cornering,"Hoosier 43075 16x7.5-10 R20, 7 inch rim",8370
78.18,456.61,-5.32,247.51,-95.93,0.004,-7.52,-2.84,-0.04,0.0554,-2.5801,11.98,-97763.92,7.83,92,-10.827,-0,-1.0001,139.15,136.08,139.45,24.99,Cornering,"Hoosier 43075 16x7.5-10 R20, 7 inch rim",8371
78.21,456.62,-6.13,248.79,-97.52,-0.01,-8.52,-3.32,0.03,0.0629,-2.5511,12.08,157288.11,7.83,92,-10.866,-0,-1,139.24,136.02,139.61,25,Cornering,"Hoosier 43075 16x7.5-10 R20, 7 inch rim",8372
78.22,456.63,-5.36,249.36,-99.44,-0,-8.84,-3.24,0.03,0.0539,-2.5077,12.16,157266.5,7.83,91.97,-10.906,-0,-1,139.24,135.91,139.71,25,Cornering,"Hoosier 43075 16x7.5-10 R20, 7 inch rim",8373
78.19,456.64,-4.77,248.86,-100.19,0.006,-9.23,-4.05,0.03,0.0476,-2.4839,12.21,157103.62,7.83,91.9,-10.937,-0,-1,139.28,135.86,139.75,24.97,Cornering,"Hoosier 43075 16x7.5-10 R20, 7 inch rim",8374
78.2,456.65,-3.07,247.15,-100.46,0.009,-8.68,-4.19,0.09,0.0305,-2.4602,12.17,43498.62,7.83,91.86,-10.976,-0,-0.9998,139.3,135.86,139.79,24.96,Cornering,"Hoosier 43075 16x7.5-10 R20, 7 inch rim",8375
78.23,456.66,-2.13,245.46,-99.49,0.01,-7.81,-5,0.09,0.0214,-2.4673,12.11,43481.84,7.83,91.84,-11.02,-0,-0.9998,139.28,135.91,139.85,24.95,Cornering,"Hoosier 43075 16x7.5-10 R20, 7 inch rim",8376
78.21,456.67,-1.43,243.66,-97.32,-0,-7.45,-5.49,0.03,0.0146,-2.5037,12,156961.42,7.83,91.83,-11.065,-0,-1,139.3,136.02,139.89,24.96,Cornering,"Hoosier 43075 16x7.5-10 R20, 7 inch rim",8377
78.19,456.68,-1.06,242.38,-95.36,0.013,-7.36,-5.22,0.09,0.0111,-2.5416,11.94,43519.98,7.83,91.79,-11.102,-0,-0.9998,139.26,136.13,140,24.98,Cornering,"Hoosier 43075 16x7.5-10 R20, 7 inch rim",8378
78.2,456.69,-1.38,242.4,-94.44,0.01,-6.72,-4.55,-0.04,0.0146,-2.5667,11.96,-97612.2,7.83,91.79,-11.142,-0,-1.0001,139.43,136.3,140.08,24.98,Cornering,"Hoosier 43075 16x7.5-10 R20, 7 inch rim",8379
78.22,456.7,-2.13,242.73,-93.85,0.004,-7.19,-3.58,0.03,0.0227,-2.5863,12.03,157039.47,7.83,91.77,-11.188,-0,-1,139.65,136.48,140.2,24.98,Cornering,"Hoosier 43075 16x7.5-10 R20, 7 inch rim",8380
78.19,456.71,-2.94,244.24,-94.15,0.013,-7.32,-2.47,0.03,0.0312,-2.5942,12.12,156838.3,7.83,91.74,-11.222,-0,-1,140.01,136.7,140.32,24.96,Cornering,"Hoosier 43075 16x7.5-10 R20, 7 inch rim",8381
78.19,456.72,-4.3,245.62,-95.14,0.013,-7.82,-2.14,0.03,0.0452,-2.5817,12.2,156776.42,7.83,91.73,-11.268,-0,-1,140.21,136.81,140.44,24.95,Cornering,"Hoosier 43075 16x7.5-10 R20, 7 inch rim",8382
78.22,456.73,-4.84,246.86,-96.69,0.009,-8.2,-1.57,0.03,0.0501,-2.553,12.21,156675.67,7.83,91.78,-11.318,-0,-0.9999,140.25,136.81,140.56,24.94,Cornering,"Hoosier 43075 16x7.5-10 R20, 7 inch rim",8383
78.21,456.74,-5.37,248.27,-98.32,0.003,-8.67,-1.94,0.09,0.0546,-2.5251,12.19,43402.07,7.83,91.81,-11.344,-0,-0.9998,140.31,136.68,140.68,24.93,Cornering,"Hoosier 43075 16x7.5-10 R20, 7 inch rim",8384
78.18,456.75,-4.46,248.85,-99.52,0.01,-9.15,-1.96,0.09,0.0448,-2.5004,12.08,43405.93,7.83,91.8,-11.384,-0,-0.9998,140.29,136.54,140.74,24.94,Cornering,"Hoosier 43075 16x7.5-10 R20, 7 inch rim",8385
78.2,456.76,-3.4,248.55,-100.63,0.007,-8.17,-2.38,-0.11,0.0338,-2.4701,12.02,-37125.65,7.83,91.8,-11.435,-0,-1.0002,140.44,136.46,140.78,24.93,Cornering,"Hoosier 43075 16x7.5-10 R20, 7 inch rim",8386
78.23,456.77,-2.41,246.55,-99.76,0.006,-8.79,-3.11,0.09,0.0242,-2.4714,11.99,43382.43,7.83,91.79,-11.47,-0,-0.9998,140.46,136.48,140.72,24.93,Cornering,"Hoosier 43075 16x7.5-10 R20, 7 inch rim",8387
78.19,456.78,-1.39,244.22,-98.93,0.01,-7.52,-3.57,-0.04,0.014,-2.4686,12.03,-97372.1,7.83,91.8,-11.507,-0,-1.0001,140.44,136.48,140.74,24.95,Cornering,"Hoosier 43075 16x7.5-10 R20, 7 inch rim",8388
78.19,456.79,-0.87,242.55,-96.75,0.007,-7.26,-3.75,-0.04,0.009,-2.5069,12.1,-97426.3,7.83,91.76,-11.546,-0,-1.0001,140.46,136.63,140.76,24.97,Cornering,"Hoosier 43075 16x7.5-10 R20, 7 inch rim",8389
78.22,456.8,-0.86,241.5,-95.58,-0,-6.43,-3.43,0.03,0.009,-2.5268,12.14,156808.97,7.83,91.76,-11.597,-0,-1,140.48,136.76,140.86,24.98,Cornering,"Hoosier 43075 16x7.5-10 R20, 7 inch rim",8390
78.21,456.81,-1.23,241.65,-94.41,0.004,-6.52,-2.33,0.16,0.013,-2.5596,12.14,25235.54,7.83,91.76,-11.63,-0,-0.9997,140.61,136.99,140.92,25,Cornering,"Hoosier 43075 16x7.5-10 R20, 7 inch rim",8391
78.18,456.82,-1.82,242.75,-94.76,-0.002,-6.12,-0.7,0.03,0.0192,-2.5618,12.07,156841.39,7.83,91.73,-11.667,-0,-1,140.93,137.18,141.09,25,Cornering,"Hoosier 43075 16x7.5-10 R20, 7 inch rim",8392
78.2,456.83,-1.83,244.89,-95.63,0.004,-5.54,1.61,-0.04,0.0192,-2.5609,12,-97467.75,7.83,91.7,-11.683,-0,-1.0001,141.17,137.34,141.23,24.99,Cornering,"Hoosier 43075 16x7.5-10 R20, 7 inch rim",8393
78.22,456.84,-0.33,246.91,-97.09,-0,-5.7,5.33,-0.04,0.0034,-2.5431,11.96,-97541.7,7.83,91.72,-11.729,-0,-1.0001,141.34,137.43,141.33,25.01,Cornering,"Hoosier 43075 16x7.5-10 R20, 7 inch rim",8394
78.19,456.85,1.86,248.86,-98.68,0.012,-6,8.84,0.03,-0.0189,-2.5219,11.99,157052.86,7.83,91.7,-11.742,-0,-1,141.43,137.36,141.51,25.04,Cornering,"Hoosier 43075 16x7.5-10 R20, 7 inch rim",8395
78.19,456.86,4.09,249.96,-100.43,0.003,-7.19,11.32,-0.04,-0.0407,-2.4889,12.06,-97623.32,7.83,91.67,-11.753,-0,-1.0001,141.47,137.29,141.59,25.04,Cornering,"Hoosier 43075 16x7.5-10 R20, 7 inch rim",8396
78.22,456.87,4.9,249.59,-100.82,0.012,-9.36,11.3,0.03,-0.0486,-2.4755,12.15,156930.48,7.83,91.65,-11.765,-0,-1,141.47,137.21,141.67,25.02,Cornering,"Hoosier 43075 16x7.5-10 R20, 7 inch rim",8397
78.22,456.88,5.19,248.69,-100.8,0.003,-9.78,10.17,-0.04,-0.0515,-2.4673,12.17,-97411.66,7.83,91.66,-11.776,-0,-1.0001,141.54,137.12,141.69,24.98,Cornering,"Hoosier 43075 16x7.5-10 R20, 7 inch rim",8398
78.18,456.89,6.8,246.79,-99.12,0.017,-10.61,10.38,0.03,-0.0686,-2.4897,12.14,156522.27,7.83,91.64,-11.779,-0,-0.9999,141.56,137.16,141.71,24.96,Cornering,"Hoosier 43075 16x7.5-10 R20, 7 inch rim",8399
78.2,456.9,9.72,245.6,-98.1,0.009,-8.84,12.56,-0.04,-0.0991,-2.5036,12.05,-97250.36,7.83,91.66,-11.785,-0,-1.0001,141.51,137.27,141.71,24.94,Cornering,"Hoosier 43075 16x7.5-10 R20, 7 inch rim",8400
78.2,456.92,12.12,244.87,-95.4,0.007,-6.4,15.4,0.03,-0.1271,-2.5667,11.95,156696.55,7.83,91.67,-12.179,-0,-1,141.64,137.6,141.85,24.98,Cornering,"Hoosier 43075 16x7.5-10 R20, 7 inch rim",8401
78.18,456.93,9.81,245.67,-94.5,0.001,-6.67,13.85,0.03,-0.1038,-2.5996,12,156843.61,7.83,91.69,-12.176,-0,-1,141.86,137.84,142,25.01,Cornering,"Hoosier 43075 16x7.5-10 R20, 7 inch rim",8402
78.21,456.94,5.5,246.89,-94.91,0.006,-6.58,10.44,-0.04,-0.058,-2.6013,12.08,-97504.12,7.83,91.68,-12.158,-0,-1.0001,142.16,138.06,142.12,25.01,Cornering,"Hoosier 43075 16x7.5-10 R20, 7 inch rim",8403
78.22,456.95,1.26,248.44,-96.67,0.006,-5.91,6.81,0.03,-0.013,-2.5701,12.17,156678.48,7.83,91.67,-12.148,-0,-1,142.35,138.15,142.24,24.98,Cornering,"Hoosier 43075 16x7.5-10 R20, 7 inch rim",8404
78.19,456.96,-2.14,249.34,-97.94,0.009,-7.18,3.37,0.03,0.0218,-2.5458,12.21,156571.91,7.83,91.66,-12.144,-0,-0.9999,142.5,138.17,142.36,24.96,Cornering,"Hoosier 43075 16x7.5-10 R20, 7 inch rim",8405
78.2,456.97,-3.88,250.1,-99.24,0.007,-8.54,0.98,0.09,0.0391,-2.5202,12.19,43358.78,7.83,91.65,-12.134,-0,-0.9998,142.54,138.11,142.56,24.94,Cornering,"Hoosier 43075 16x7.5-10 R20, 7 inch rim",8406
78.22,456.98,-4.7,251.04,-100.82,0.004,-8.37,-1.44,-0.04,0.0466,-2.4899,12.11,-97198.55,7.83,91.65,-12.128,-0,-1.0001,142.61,138,142.66,24.93,Cornering,"Hoosier 43075 16x7.5-10 R20, 7 inch rim",8407
78.2,456.99,-5.61,250.9,-101.43,-0,-8.33,-4.7,0.03,0.0553,-2.4735,12,156440.58,7.83,91.67,-12.119,-0,-0.9999,142.63,137.93,142.68,24.94,Cornering,"Hoosier 43075 16x7.5-10 R20, 7 inch rim",8408
78.18,457,-6.33,249.33,-101.1,0.009,-8.48,-8.05,0.09,0.0627,-2.4661,11.96,43373.45,7.83,91.64,-12.105,-0,-0.9998,142.61,137.89,142.7,24.95,Cornering,"Hoosier 43075 16x7.5-10 R20, 7 inch rim",8409
78.21,457.01,-7.11,247.22,-100.34,-0.005,-7.61,-11.27,-0.04,0.0709,-2.4639,11.96,-97321.34,7.83,91.6,-12.101,-0,-1.0001,142.61,137.98,142.72,24.96,Cornering,"Hoosier 43075 16x7.5-10 R20, 7 inch rim",8410
78.22,457.02,-7.88,245.16,-98.7,0.013,-7.17,-13.51,0.03,0.0798,-2.484,12.03,156600.91,7.83,91.57,-12.093,-0,-1,142.57,138.06,142.7,24.96,Cornering,"Hoosier 43075 16x7.5-10 R20, 7 inch rim",8411
78.2,457.03,-8.04,244.12,-97.06,0.004,-6.75,-13.87,0.09,0.0829,-2.5153,12.14,43393.83,7.83,91.61,-12.103,-0,-0.9998,142.54,138.28,142.8,24.96,Cornering,"Hoosier 43075 16x7.5-10 R20, 7 inch rim",8412
78.19,457.04,-8.61,243.63,-96.33,0.013,-6.94,-13.62,0.09,0.0893,-2.5291,12.21,43405.28,7.83,91.65,-12.095,-0,-0.9998,142.65,138.44,142.88,24.97,Cornering,"Hoosier 43075 16x7.5-10 R20, 7 inch rim",8413
78.22,457.05,-8.62,244.53,-95.61,0.019,-7.4,-11.82,-0.04,0.0902,-2.5576,12.2,-97387.6,7.83,91.72,-12.105,-0,-1.0001,142.95,138.61,142.91,24.97,Cornering,"Hoosier 43075 16x7.5-10 R20, 7 inch rim",8414
78.21,457.06,-8.32,246.11,-95.53,0.009,-7.89,-9.31,0.09,0.0871,-2.5763,12.16,43383.06,7.83,91.73,-12.108,-0,-0.9998,143.23,138.79,143.07,24.96,Cornering,"Hoosier 43075 16x7.5-10 R20, 7 inch rim",8415
78.18,457.07,-8.34,248.38,-96.35,0.022,-8.01,-6.98,-0.04,0.0866,-2.578,12.06,-97321.34,7.82,91.76,-12.101,-0,-1.0001,143.42,138.83,143.15,24.96,Cornering,"Hoosier 43075 16x7.5-10 R20, 7 inch rim",8416
78.2,457.08,-7.92,249.92,-97.87,0.017,-8.84,-4.84,0.03,0.0809,-2.5537,11.97,156487.67,7.82,91.79,-12.101,-0,-0.9999,143.47,138.77,143.27,24.94,Cornering,"Hoosier 43075 16x7.5-10 R20, 7 inch rim",8417
78.22,457.09,-6.33,251.81,-99.54,0.006,-8.88,-2.3,-0.04,0.0636,-2.5298,11.97,-97317.73,7.83,91.81,-12.111,-0,-1.0001,143.53,138.66,143.35,24.96,Cornering,"Hoosier 43075 16x7.5-10 R20, 7 inch rim",8418
78.2,457.1,-3.25,252.07,-101.57,0.016,-8.43,1.1,0.09,0.032,-2.4818,12.03,43424.06,7.82,91.82,-12.103,-0,-0.9998,143.51,138.46,143.43,24.98,Cornering,"Hoosier 43075 16x7.5-10 R20, 7 inch rim",8419
78.2,457.11,1.9,251.38,-101.75,-0.007,-8.43,6.05,-0.04,-0.0186,-2.4706,12.11,-97413.3,7.83,91.83,-12.096,-0,-1.0001,143.51,138.42,143.39,24.98,Cornering,"Hoosier 43075 16x7.5-10 R20, 7 inch rim",8420
78.22,457.12,7.04,248.83,-102.02,0.012,-7.63,11.02,0.03,-0.069,-2.4389,12.2,156646.36,7.83,91.81,-12.078,-0,-1,143.44,138.39,143.41,24.97,Cornering,"Hoosier 43075 16x7.5-10 R20, 7 inch rim",8421
78.21,457.13,11.63,246.38,-100.6,0.006,-7.15,15.76,0.03,-0.1156,-2.4491,12.23,156449.58,7.83,91.78,-12.04,-0,-0.9999,143.38,138.48,143.39,24.93,Cornering,"Hoosier 43075 16x7.5-10 R20, 7 inch rim",8422
78.19,457.14,15.72,244.53,-98.2,0.007,-7.12,20.75,0.03,-0.1601,-2.4902,12.19,156351.95,7.83,91.77,-12.02,-0,-0.9999,143.36,138.57,143.47,24.92,Cornering,"Hoosier 43075 16x7.5-10 R20, 7 inch rim",8423
78.2,457.15,18.81,243.63,-96.91,0.001,-5.83,25.38,-0.04,-0.1941,-2.5139,12.11,-97226.59,7.83,91.77,-11.986,-0,-1.0001,143.36,138.77,143.51,24.92,Cornering,"Hoosier 43075 16x7.5-10 R20, 7 inch rim",8424
78.23,457.16,20.39,243.92,-95.62,0.009,-6.19,28.47,0.03,-0.2132,-2.5509,12.01,156434.11,7.83,91.75,-11.94,-0,-0.9999,143.53,138.99,143.63,24.92,Cornering,"Hoosier 43075 16x7.5-10 R20, 7 inch rim",8425
78.2,457.17,18.27,245.32,-95.73,0.006,-6.12,27.8,-0.04,-0.1908,-2.5627,11.98,-97416.84,7.83,91.73,-11.896,-0,-1.0001,143.85,139.21,143.73,24.96,Cornering,"Hoosier 43075 16x7.5-10 R20, 7 inch rim",8426
78.18,457.18,13.49,247.15,-95.95,0.013,-7.17,23.66,-0.04,-0.1406,-2.5758,12,-97507.91,7.82,91.72,-11.83,-0,-1.0001,144.09,139.36,143.9,24.98,Cornering,"Hoosier 43075 16x7.5-10 R20, 7 inch rim",8427
78.22,457.19,7.49,248.88,-97.57,0.003,-7.11,17.42,0.03,-0.0768,-2.5507,12.06,156813.58,7.83,91.74,-11.784,-0,-1,144.17,139.41,144.04,24.97,Cornering,"Hoosier 43075 16x7.5-10 R20, 7 inch rim",8428
78.22,457.2,1.39,250.41,-99.1,0.007,-7.97,10.05,0.09,-0.0141,-2.5267,12.16,43442.87,7.83,91.75,-11.728,-0,-0.9998,144.24,139.3,144.16,24.96,Cornering,"Hoosier 43075 16x7.5-10 R20, 7 inch rim",8429
78.19,457.21,-3,251.63,-101.39,0.01,-7.27,3.35,0.03,0.0296,-2.4818,12.23,156801.69,7.83,91.78,-11.675,-0,-1,144.28,139.25,144.3,24.96,Cornering,"Hoosier 43075 16x7.5-10 R20, 7 inch rim",8430
78.2,457.22,-4.74,251.33,-102.02,0.006,-8.29,-1.34,0.03,0.0464,-2.4635,12.22,156761.47,7.83,91.79,-11.617,-0,-1,144.32,139.1,144.28,24.94,Cornering,"Hoosier 43075 16x7.5-10 R20, 7 inch rim",8431
78.22,457.23,-4.83,249.78,-102.18,0.009,-7.81,-4.8,0.03,0.0473,-2.4445,12.18,156757.5,7.83,91.83,-11.558,-0,-1,144.3,139.05,144.32,24.94,Cornering,"Hoosier 43075 16x7.5-10 R20, 7 inch rim",8432
78.2,457.24,-5.41,247.62,-101.06,0.012,-7.51,-8.55,0.09,0.0535,-2.4502,12.08,43475.23,7.83,91.83,-11.518,-0,-0.9998,144.17,139.03,144.32,24.96,Cornering,"Hoosier 43075 16x7.5-10 R20, 7 inch rim",8433
78.19,457.25,-7.36,245.63,-99.25,0.01,-7.33,-13.01,0.03,0.0742,-2.4748,11.98,156872.86,7.83,91.79,-11.481,-0,-1,144.13,139.05,144.3,24.95,Cornering,"Hoosier 43075 16x7.5-10 R20, 7 inch rim",8434
78.21,457.26,-9.69,244.07,-97.74,0.017,-6.67,-16.36,0.03,0.0992,-2.4972,11.97,156864.58,7.83,91.79,-11.429,-0,-1,144.11,139.25,144.38,24.94,Cornering,"Hoosier 43075 16x7.5-10 R20, 7 inch rim",8435
78.22,457.27,-9.26,243.5,-96.05,0.006,-7.27,-15.57,0.03,0.0964,-2.5351,12,156809.61,7.83,91.82,-11.396,-0,-1,144.17,139.36,144.42,24.93,Cornering,"Hoosier 43075 16x7.5-10 R20, 7 inch rim",8436
78.19,457.28,-8.8,243.98,-95.56,0.003,-7.24,-13.71,-0.04,0.0921,-2.5531,12.09,-97489.76,7.83,91.83,-11.356,-0,-1.0001,144.37,139.63,144.5,24.93,Cornering,"Hoosier 43075 16x7.5-10 R20, 7 inch rim",8437
78.2,457.29,-8.85,245.2,-95.95,0.007,-7.11,-11.82,0.03,0.0923,-2.5553,12.17,156924.39,7.83,91.85,-11.319,-0,-1,144.67,139.76,144.6,24.94,Cornering,"Hoosier 43075 16x7.5-10 R20, 7 inch rim",8438
78.22,457.3,-10.87,246.75,-96.55,0.003,-7.36,-11.97,-0.04,0.1125,-2.5556,12.23,-97650.76,7.83,91.87,-11.282,-0,-1.0001,144.82,139.85,144.68,24.97,Cornering,"Hoosier 43075 16x7.5-10 R20, 7 inch rim",8439
78.2,457.31,-12.09,248.11,-98.01,0.009,-7.47,-12.01,-0.04,0.1234,-2.5316,12.21,-97750.06,7.83,91.89,-11.256,-0,-1.0001,144.97,139.85,144.8,24.99,Cornering,"Hoosier 43075 16x7.5-10 R20, 7 inch rim",8440
78.18,457.32,-12.72,250.41,-99.41,0.014,-7.26,-12.05,0.03,0.128,-2.5189,12.14,157342.27,7.83,91.89,-11.22,-0,-1,144.93,139.82,144.89,25,Cornering,"Hoosier 43075 16x7.5-10 R20, 7 inch rim",8441
78.21,457.33,-11.77,251.19,-100.99,0.01,-7.2,-11.68,0.09,0.1166,-2.4874,12.04,43596.5,7.83,91.87,-11.181,-0,-0.9998,144.99,139.67,144.89,25,Cornering,"Hoosier 43075 16x7.5-10 R20, 7 inch rim",8442
78.22,457.34,-9.21,250.58,-101.52,0.004,-8.19,-10.35,-0.04,0.0907,-2.4684,12,-97826.88,7.83,91.87,-11.161,-0,-1.0001,144.93,139.6,144.93,25,Cornering,"Hoosier 43075 16x7.5-10 R20, 7 inch rim",8443
78.2,457.35,-6.02,248.89,-101.39,0.003,-7.48,-8.62,0.03,0.0594,-2.4547,12.02,157428.48,7.83,91.86,-11.127,-0,-1,144.93,139.56,144.91,25.01,Cornering,"Hoosier 43075 16x7.5-10 R20, 7 inch rim",8444
78.2,457.36,-3.67,246.29,-100.27,-0.005,-7.47,-7.4,0.03,0.0366,-2.4564,12.09,157484.75,7.83,91.84,-11.09,-0,-1,144.8,139.58,144.8,25.01,Cornering,"Hoosier 43075 16x7.5-10 R20, 7 inch rim",8445
78.22,457.37,-2.08,243.93,-98.73,0.01,-6.91,-6.22,0.09,0.021,-2.4706,12.15,43654.67,7.83,91.85,-11.061,-0,-0.9998,144.71,139.58,144.8,25.02,Cornering,"Hoosier 43075 16x7.5-10 R20, 7 inch rim",8446
78.21,457.38,-1.66,242.53,-96.77,0.012,-7.5,-5.26,-0.04,0.0172,-2.5063,12.17,-97938.4,7.82,91.86,-11.03,-0,-1.0001,144.62,139.69,144.89,25.02,Cornering,"Hoosier 43075 16x7.5-10 R20, 7 inch rim",8447
78.18,457.39,-0.68,242.88,-96.47,0.004,-5.8,-2.55,-0.04,0.007,-2.5176,12.14,-97927.89,7.83,91.89,-10.992,-0,-1.0001,144.75,139.82,144.93,25.01,Cornering,"Hoosier 43075 16x7.5-10 R20, 7 inch rim",8448
78.2,457.4,0.01,243.94,-95.64,0.01,-6.53,0.44,0.09,-0.0001,-2.5506,12.09,43658.36,7.83,91.89,-10.967,-0,-0.9998,144.97,139.93,145.03,25.01,Cornering,"Hoosier 43075 16x7.5-10 R20, 7 inch rim",8449
78.23,457.41,0.33,245.66,-96.28,0.001,-6.67,3.17,0.09,-0.0034,-2.5517,12.01,43673.46,7.83,91.92,-10.932,-0,-0.9998,145.2,140.04,145.15,25.02,Cornering,"Hoosier 43075 16x7.5-10 R20, 7 inch rim",8450
78.19,457.42,0.63,248.11,-97.02,0.007,-6.91,5.43,0.09,-0.0064,-2.5573,12,43668.93,7.83,91.94,-10.894,-0,-0.9998,145.29,140.02,145.21,25.01,Cornering,"Hoosier 43075 16x7.5-10 R20, 7 inch rim",8451
78.2,457.43,0.6,250.41,-98.38,0.012,-7.32,6.55,-0.04,-0.0061,-2.5454,12.04,-97973.93,7.83,91.93,-10.851,-0,-1.0001,145.35,139.87,145.33,25.01,Cornering,"Hoosier 43075 16x7.5-10 R20, 7 inch rim",8452
78.22,457.44,1.12,252.31,-100.52,-0.002,-6.77,6.88,-0.04,-0.0112,-2.5099,12.11,-97921.02,7.83,91.93,-10.803,-0,-1.0001,145.38,139.69,145.39,25,Cornering,"Hoosier 43075 16x7.5-10 R20, 7 inch rim",8453
78.22,457.45,1.76,252.28,-101.51,0.001,-7.64,6.17,0.09,-0.0174,-2.4853,12.19,43626.08,7.83,91.9,-10.769,-0,-0.9998,145.33,139.43,145.39,24.98,Cornering,"Hoosier 43075 16x7.5-10 R20, 7 inch rim",8454
78.19,457.46,1.86,250.73,-102.17,0.003,-7.7,4.21,0.03,-0.0182,-2.4539,12.18,157385.14,7.83,91.9,-10.72,-0,-1,145.33,139.25,145.45,24.97,Cornering,"Hoosier 43075 16x7.5-10 R20, 7 inch rim",8455
78.2,457.47,2.25,247.66,-101.12,-0.005,-8.34,2.3,0.09,-0.0223,-2.4492,12.13,43607.7,7.83,91.87,-10.685,-0,-0.9998,145.29,139.27,145.35,24.96,Cornering,"Hoosier 43075 16x7.5-10 R20, 7 inch rim",8456
78.22,457.48,2.34,244.55,-99.94,0.001,-8.04,0.51,-0.04,-0.0234,-2.447,12.05,-97821.21,7.83,91.89,-10.617,-0,-1.0001,145.14,139.3,145.25,24.96,Cornering,"Hoosier 43075 16x7.5-10 R20, 7 inch rim",8457
78.2,457.49,1.59,243.03,-98.33,-0.002,-7.56,-1.3,0.03,-0.0162,-2.4716,11.97,157386.98,7.83,91.89,-10.573,-0,-1,145.1,139.38,145.25,24.96,Cornering,"Hoosier 43075 16x7.5-10 R20, 7 inch rim",8458
78.19,457.5,0.45,242.74,-97.08,-0.002,-6.63,-2.36,0.03,-0.0047,-2.5004,11.96,157369.89,7.83,91.91,-10.534,-0,-1,145.14,139.54,145.31,24.95,Cornering,"Hoosier 43075 16x7.5-10 R20, 7 inch rim",8459
78.21,457.51,-1.55,243.95,-96.03,0.007,-6.27,-3.58,0.03,0.0161,-2.5403,12.03,157364.89,7.83,91.91,-10.471,-0,-1,145.29,139.8,145.35,24.94,Cornering,"Hoosier 43075 16x7.5-10 R20, 7 inch rim",8460
78.22,457.52,-3.74,245.8,-95.92,0.013,-5.91,-4.34,0.03,0.039,-2.5626,12.12,157346.89,7.83,91.89,-10.434,-0,-1,145.53,139.96,145.45,24.94,Cornering,"Hoosier 43075 16x7.5-10 R20, 7 inch rim",8461
78.18,457.53,-6.11,247.85,-96.09,0.003,-6.12,-5.53,-0.04,0.0636,-2.5793,12.19,-97845.34,7.83,91.87,-10.394,-0,-1.0001,145.74,140.07,145.53,24.94,Cornering,"Hoosier 43075 16x7.5-10 R20, 7 inch rim",8462
78.2,457.54,-7.7,249.49,-97.92,0.016,-6.03,-6.25,0.16,0.0787,-2.5479,12.2,25315.3,7.83,91.79,-10.337,-0,-0.9997,145.83,140.09,145.61,24.94,Cornering,"Hoosier 43075 16x7.5-10 R20, 7 inch rim",8463
78.22,457.55,-8.35,250.78,-99.15,-0.003,-7.02,-6.92,-0.04,0.0842,-2.5293,12.17,-97875.2,7.83,91.75,-10.296,-0,-1.0001,145.83,140.02,145.69,24.94,Cornering,"Hoosier 43075 16x7.5-10 R20, 7 inch rim",8464
78.2,457.56,-8.81,251.21,-101.44,0.003,-7.33,-8.27,0.03,0.0868,-2.4765,12.07,157501.33,7.83,91.71,-10.269,-0,-1,145.8,139.89,145.73,24.95,Cornering,"Hoosier 43075 16x7.5-10 R20, 7 inch rim",8465
78.18,457.57,-9.05,250.12,-102.66,0.001,-7.59,-10.22,0.03,0.0881,-2.4365,11.99,157596.2,7.83,91.67,-10.225,-0,-1,145.68,139.74,145.71,24.96,Cornering,"Hoosier 43075 16x7.5-10 R20, 7 inch rim",8466
78.21,457.58,-8.33,247.95,-102.25,0.001,-8.65,-11.62,0.03,0.0814,-2.425,11.95,157654.42,7.83,91.64,-10.181,-0,-1,145.59,139.65,145.65,24.97,Cornering,"Hoosier 43075 16x7.5-10 R20, 7 inch rim",8467
78.22,457.59,-7.29,245.48,-100.91,0.003,-8.54,-12.42,-0.04,0.0723,-2.4328,11.95,-98080.45,7.83,91.62,-10.145,-0,-1.0001,145.44,139.65,145.61,24.98,Cornering,"Hoosier 43075 16x7.5-10 R20, 7 inch rim",8468
78.19,457.6,-5.35,243.27,-99.03,0.017,-8.85,-11.39,-0.04,0.054,-2.4564,12.03,-98115.69,7.83,91.65,-10.103,-0,-1.0001,145.27,139.69,145.59,24.99,Cornering,"Hoosier 43075 16x7.5-10 R20, 7 inch rim",8469
78.2,457.61,-4.46,242.57,-97.59,0.001,-7.22,-10.4,0.03,0.0457,-2.4855,12.12,157811.34,7.83,91.63,-10.083,-0,-1,145.16,139.87,145.55,24.98,Cornering,"Hoosier 43075 16x7.5-10 R20, 7 inch rim",8470
78.22,457.62,-4.72,242.73,-96.14,0.003,-6.78,-9.59,-0.04,0.0491,-2.5248,12.14,-98087.73,7.83,91.61,-10.044,-0,-1.0001,145.2,139.98,145.61,24.98,Cornering,"Hoosier 43075 16x7.5-10 R20, 7 inch rim",8471
78.2,457.63,-4.69,244.62,-95.25,-0.002,-6.15,-7.73,0.03,0.0492,-2.5682,12.15,157802.91,7.83,91.55,-10.024,-0,-1,145.46,140.15,145.65,24.98,Cornering,"Hoosier 43075 16x7.5-10 R20, 7 inch rim",8472
78.18,457.64,-5.44,246.78,-96.18,0.001,-4.93,-6.21,0.03,0.0566,-2.5658,12.08,157827.52,7.83,91.53,-9.973,-0,-1,145.65,140.24,145.73,24.98,Cornering,"Hoosier 43075 16x7.5-10 R20, 7 inch rim",8473
78.2,457.65,-5.64,247.79,-96.77,0.013,-6.87,-4.24,0.03,0.0583,-2.5607,12.01,157804.5,7.83,91.51,-9.944,-0,-1,145.78,140.24,145.82,24.97,Cornering,"Hoosier 43075 16x7.5-10 R20, 7 inch rim",8474
78.22,457.66,-4.89,249.37,-98.75,0.001,-6.97,-2.17,0.03,0.0495,-2.5252,12,157891.33,7.83,91.5,-9.916,-0,-1,145.83,140.22,145.92,24.98,Cornering,"Hoosier 43075 16x7.5-10 R20, 7 inch rim",8475
78.19,457.67,-3.44,250.44,-100.28,-0,-8.22,-0.34,0.03,0.0343,-2.4973,12.03,157873.64,7.83,91.49,-9.876,-0,-1,145.8,140.04,145.98,24.98,Cornering,"Hoosier 43075 16x7.5-10 R20, 7 inch rim",8476
78.19,457.68,-1.74,250.37,-101.75,0.013,-9.02,0.89,-0.04,0.0171,-2.4606,12.1,-98103.01,7.83,91.47,-9.838,-0,-1.0001,145.78,139.85,146.02,24.97,Cornering,"Hoosier 43075 16x7.5-10 R20, 7 inch rim",8477
78.22,457.69,0.07,249.49,-102.95,-0,-7.93,1.21,0.03,-0.0007,-2.4234,12.14,157758.02,7.83,91.46,-9.81,-0,-1,145.74,139.67,146.02,24.96,Cornering,"Hoosier 43075 16x7.5-10 R20, 7 inch rim",8478
78.21,457.7,2.3,247.3,-101.76,0.009,-8.47,1.95,-0.04,-0.0226,-2.4301,12.13,-98036.43,7.83,91.45,-9.754,-0,-1.0001,145.61,139.63,145.92,24.94,Cornering,"Hoosier 43075 16x7.5-10 R20, 7 inch rim",8479
78.18,457.71,4.26,245.16,-100.4,0.004,-6.99,2.6,-0.04,-0.0424,-2.4419,12.06,-97977.59,7.83,91.45,-9.721,-0,-1.0001,145.46,139.65,145.92,24.93,Cornering,"Hoosier 43075 16x7.5-10 R20, 7 inch rim",8480
78.2,457.72,5.1,243.81,-98.17,-0,-6.2,2.89,-0.04,-0.0519,-2.4835,12,-98013.53,7.83,91.45,-9.675,-0,-1.0001,145.31,139.78,145.77,24.93,Cornering,"Hoosier 43075 16x7.5-10 R20, 7 inch rim",8481
78.22,457.73,3.91,243.08,-96.42,-0.009,-5.89,1.69,0.03,-0.0406,-2.5211,11.99,157657.69,7.83,91.45,-9.631,-0,-1,145.31,139.85,145.84,24.93,Cornering,"Hoosier 43075 16x7.5-10 R20, 7 inch rim",8482
78.19,457.74,1.94,243.35,-95.62,0.004,-5.98,0.72,0.09,-0.0203,-2.545,12.04,43714.59,7.83,91.41,-9.583,-0,-0.9998,145.44,140.11,145.82,24.94,Cornering,"Hoosier 43075 16x7.5-10 R20, 7 inch rim",8483
78.19,457.75,-0.33,244.6,-96.13,0.001,-5.25,-0.09,0.03,0.0035,-2.5445,12.11,157768.95,7.83,91.39,-9.548,-0,-1,145.63,140.22,145.86,24.94,Cornering,"Hoosier 43075 16x7.5-10 R20, 7 inch rim",8484
78.22,457.76,-2.64,245.88,-96.99,-0.013,-5.76,-1.18,-0.04,0.0272,-2.535,12.17,-98085.93,7.83,91.39,-9.5,-0,-1.0001,145.8,140.33,145.92,24.94,Cornering,"Hoosier 43075 16x7.5-10 R20, 7 inch rim",8485
78.22,457.77,-4.63,247.22,-97.71,-0.003,-6.98,-2.2,0.09,0.0474,-2.5302,12.17,43750.75,7.83,91.43,-9.457,-0,-0.9998,145.83,140.35,145.96,24.95,Cornering,"Hoosier 43075 16x7.5-10 R20, 7 inch rim",8486
78.18,457.78,-5.84,248.26,-99.45,0.003,-8.55,-3.2,0.03,0.0587,-2.4962,12.12,157941.72,7.83,91.45,-9.409,-0,-1,145.76,140.31,145.98,24.96,Cornering,"Hoosier 43075 16x7.5-10 R20, 7 inch rim",8487
78.2,457.79,-6.37,249.67,-101.43,-0.002,-7.97,-4.72,-0.04,0.0628,-2.4613,12.02,-98285.95,7.83,91.5,-9.356,-0,-1.0001,145.72,140.13,145.96,24.98,Cornering,"Hoosier 43075 16x7.5-10 R20, 7 inch rim",8488
78.22,457.8,-6.39,249.45,-102.72,0.013,-8.06,-6.67,0.03,0.0622,-2.4284,11.97,158311.59,7.83,91.49,-9.32,-0,-1,145.63,139.98,145.88,25.01,Cornering,"Hoosier 43075 16x7.5-10 R20, 7 inch rim",8489
78.2,457.81,-5.8,248.08,-101.82,0.009,-8.63,-8.34,0.03,0.057,-2.4364,11.97,158364.83,7.83,91.47,-9.283,-0,-1,145.53,139.85,145.82,25.01,Cornering,"Hoosier 43075 16x7.5-10 R20, 7 inch rim",8490
78.19,457.82,-4.51,245.48,-101.23,0.004,-7.54,-9.31,0.03,0.0445,-2.4249,12.03,158388.25,7.83,91.46,-9.23,-0,-1,145.38,139.85,145.67,25.01,Cornering,"Hoosier 43075 16x7.5-10 R20, 7 inch rim",8491
78.22,457.83,-3.73,243.62,-98.81,0.009,-7.38,-9.93,0.09,0.0377,-2.4655,12.11,43895.44,7.83,91.43,-9.191,-0,-0.9998,145.2,139.85,145.63,25.01,Cornering,"Hoosier 43075 16x7.5-10 R20, 7 inch rim",8492
78.22,457.84,-3.33,242.73,-97.79,0.004,-5.45,-9.83,-0.04,0.034,-2.4822,12.18,-98433.03,7.83,91.41,-9.152,-0,-1.0001,145.05,139.91,145.59,25,Cornering,"Hoosier 43075 16x7.5-10 R20, 7 inch rim",8493
78.19,457.85,-4.23,242.25,-96.51,0.01,-5.66,-10.08,0.09,0.0438,-2.51,12.17,43894.8,7.83,91.39,-9.112,-0,-0.9998,145.12,139.98,145.67,25.01,Cornering,"Hoosier 43075 16x7.5-10 R20, 7 inch rim",8494
78.2,457.86,-5.35,243.04,-96.1,0.007,-5.67,-9.8,0.03,0.0556,-2.5289,12.11,158384.3,7.83,91.41,-9.071,-0,-1,145.27,140.13,145.69,25,Cornering,"Hoosier 43075 16x7.5-10 R20, 7 inch rim",8495
78.22,457.87,-6.33,243.66,-96.62,0.003,-6.46,-8.78,0.09,0.0655,-2.5218,12.04,43882.02,7.83,91.43,-9.049,-0,-0.9998,145.53,140.22,145.77,25,Cornering,"Hoosier 43075 16x7.5-10 R20, 7 inch rim",8496
78.2,457.88,-7.53,244.7,-97.74,0.01,-7.18,-8.28,0.09,0.0771,-2.5036,11.96,43887.32,7.83,91.46,-9.005,-0,-0.9998,145.7,140.26,145.82,25,Cornering,"Hoosier 43075 16x7.5-10 R20, 7 inch rim",8497
78.19,457.89,-7.65,246.41,-98.64,0.003,-8.39,-7.22,0.03,0.0776,-2.4982,11.95,158428.08,7.83,91.49,-8.969,-0,-1,145.59,140.18,145.84,25,Cornering,"Hoosier 43075 16x7.5-10 R20, 7 inch rim",8498
78.21,457.9,-7.28,247.46,-100.25,0.007,-9.34,-6.63,0.03,0.0726,-2.4685,12,158365.62,7.83,91.52,-8.943,-0,-1,145.61,140.04,145.88,24.99,Cornering,"Hoosier 43075 16x7.5-10 R20, 7 inch rim",8499
78.22,457.91,-5.74,248.7,-101.8,0.006,-8.88,-5.61,0.09,0.0564,-2.443,12.09,43879.18,7.83,91.55,-8.902,-0,-0.9998,145.57,139.89,145.77,24.98,Cornering,"Hoosier 43075 16x7.5-10 R20, 7 inch rim",8500
78.19,457.92,-3.82,248.24,-102.68,0.006,-7.98,-5,-0.04,0.0372,-2.4177,12.17,-98416,7.83,91.59,-8.875,-0,-1.0001,145.44,139.74,145.71,24.98,Cornering,"Hoosier 43075 16x7.5-10 R20, 7 inch rim",8501
78.2,457.93,-1.07,246.87,-101.59,0.003,-7.87,-3.8,0.16,0.0106,-2.43,12.18,25449.47,7.83,91.59,-8.832,-0,-0.9997,145.29,139.71,145.63,24.96,Cornering,"Hoosier 43075 16x7.5-10 R20, 7 inch rim",8502
78.22,457.94,0.72,244.53,-100.23,0.01,-6.99,-2.93,0.03,-0.0072,-2.4397,12.16,158245.53,7.83,91.61,-8.793,-0,-1,145.1,139.65,145.57,24.96,Cornering,"Hoosier 43075 16x7.5-10 R20, 7 inch rim",8503
78.21,457.95,2.43,242.88,-98.56,-0,-6.19,-1.63,-0.04,-0.0247,-2.4643,12.08,-98333.57,7.83,91.61,-8.753,-0,-1.0001,144.9,139.76,145.53,24.95,Cornering,"Hoosier 43075 16x7.5-10 R20, 7 inch rim",8504
78.19,457.96,2.56,241.64,-96.88,0.003,-6.21,-0.72,-0.04,-0.0264,-2.4941,11.97,-98319.24,7.83,91.59,-8.72,-0,-1.0001,144.8,139.89,145.61,24.94,Cornering,"Hoosier 43075 16x7.5-10 R20, 7 inch rim",8505
78.2,457.97,2.41,241.3,-95.85,0.012,-6.61,0.66,0.03,-0.0252,-2.5173,11.92,158181.75,7.83,91.59,-8.681,-0,-1,144.9,140.07,145.55,24.94,Cornering,"Hoosier 43075 16x7.5-10 R20, 7 inch rim",8506
78.22,457.98,0.98,241.59,-96.31,0.013,-6.8,1,-0.04,-0.0101,-2.5084,11.95,-98411.33,7.83,91.59,-8.628,-0,-1.0001,145.03,140.22,145.61,24.96,Cornering,"Hoosier 43075 16x7.5-10 R20, 7 inch rim",8507
78.19,457.99,-0.68,242.5,-96.67,0.016,-7.62,1.07,0.03,0.0071,-2.5086,12.02,158400.91,7.83,91.59,-8.595,-0,-1,145.14,140.31,145.67,24.97,Cornering,"Hoosier 43075 16x7.5-10 R20, 7 inch rim",8508
78.2,458,-1.81,243.62,-98.23,0.003,-7.91,0.96,-0.04,0.0185,-2.48,12.11,-98477.8,7.83,91.58,-8.547,-0,-1.0001,145.12,140.22,145.73,24.97,Cornering,"Hoosier 43075 16x7.5-10 R20, 7 inch rim",8509
78.22,458.01,-2.9,245.61,-100.03,0.007,-7.96,-0.12,0.09,0.029,-2.4552,12.19,43884.04,7.83,91.56,-8.505,-0,-0.9998,145.05,140.15,145.77,24.96,Cornering,"Hoosier 43075 16x7.5-10 R20, 7 inch rim",8510
78.21,458.02,-3.22,247.28,-101.43,0.014,-8.25,-1.34,0.03,0.0317,-2.438,12.19,158349.89,7.83,91.6,-8.449,-0,-1,145.05,139.96,145.75,24.96,Cornering,"Hoosier 43075 16x7.5-10 R20, 7 inch rim",8511
78.19,458.03,-3.03,247.79,-102.7,0.001,-7.68,-3.17,-0.04,0.0295,-2.4127,12.14,-98465.16,7.83,91.63,-8.415,-0,-1.0001,145.01,139.82,145.67,24.96,Cornering,"Hoosier 43075 16x7.5-10 R20, 7 inch rim",8512
78.2,458.04,-2.62,246.84,-102.69,0.01,-6.94,-5.13,-0.04,0.0255,-2.4038,12.07,-98523.34,7.83,91.65,-8.365,-0,-1.0001,144.93,139.67,145.61,24.97,Cornering,"Hoosier 43075 16x7.5-10 R20, 7 inch rim",8513
78.22,458.05,-1.92,244.39,-101.46,0.006,-7.15,-6.75,0.03,0.0189,-2.4088,11.98,158509.44,7.83,91.65,-8.326,-0,-1,144.77,139.65,145.55,24.97,Cornering,"Hoosier 43075 16x7.5-10 R20, 7 inch rim",8514
78.2,458.06,-1.63,241.74,-100.24,0.013,-6.28,-7.98,0.03,0.0162,-2.4117,11.97,158601.16,7.83,91.67,-8.28,-0,-1,144.65,139.63,145.49,24.98,Cornering,"Hoosier 43075 16x7.5-10 R20, 7 inch rim",8515
78.19,458.07,-2.45,239.61,-97.71,0.004,-7.31,-9.3,0.03,0.0251,-2.4523,12,158543.34,7.83,91.65,-8.24,-0,-1,144.56,139.69,145.43,24.97,Cornering,"Hoosier 43075 16x7.5-10 R20, 7 inch rim",8516
78.22,458.08,-3.31,238.55,-97.17,0.001,-6.83,-9.68,0.03,0.034,-2.455,12.06,158561.28,7.83,91.64,-8.195,-0,-1,144.6,139.85,145.39,24.97,Cornering,"Hoosier 43075 16x7.5-10 R20, 7 inch rim",8517
78.21,458.09,-4.89,238.99,-96.64,0.006,-6.88,-9.77,-0.04,0.0506,-2.473,12.17,-98482.62,7.83,91.62,-8.157,-0,-1.0001,144.73,140.04,145.37,24.95,Cornering,"Hoosier 43075 16x7.5-10 R20, 7 inch rim",8518
78.19,458.1,-6.18,239.91,-96.78,0.007,-7.58,-9.31,0.09,0.0638,-2.4788,12.22,43926.59,7.83,91.61,-8.117,-0,-0.9998,144.9,140.13,145.43,24.96,Cornering,"Hoosier 43075 16x7.5-10 R20, 7 inch rim",8519
78.2,458.11,-7.72,241.77,-97.59,0.006,-7.59,-9.35,-0.04,0.0791,-2.4774,12.18,-98617.31,7.83,91.62,-8.073,-0,-1.0001,144.97,140.15,145.43,24.98,Cornering,"Hoosier 43075 16x7.5-10 R20, 7 inch rim",8520
78.22,458.12,-8.18,243.78,-99.16,0.003,-7.36,-8.75,0.09,0.0825,-2.4584,12.11,43986.6,7.83,91.66,-8.033,-0,-0.9998,144.97,140.09,145.45,24.99,Cornering,"Hoosier 43075 16x7.5-10 R20, 7 inch rim",8521
78.2,458.13,-8.36,245.15,-100.72,0.007,-7.79,-8.91,0.03,0.083,-2.434,12.03,158820.47,7.83,91.69,-8,-0,-1,144.9,139.93,145.49,25,Cornering,"Hoosier 43075 16x7.5-10 R20, 7 inch rim",8522
78.18,458.14,-7.67,245.77,-101.97,0.003,-8.16,-9.23,-0.04,0.0752,-2.4102,11.98,-98756.58,7.83,91.72,-7.968,-0,-1.0001,144.82,139.8,145.45,25.01,Cornering,"Hoosier 43075 16x7.5-10 R20, 7 inch rim",8523
78.21,458.15,-6.3,245.28,-101.9,0.012,-8.46,-9.33,0.03,0.0619,-2.407,12.02,158735.02,7.83,91.74,-7.934,-0,-1,144.75,139.6,145.37,24.98,Cornering,"Hoosier 43075 16x7.5-10 R20, 7 inch rim",8524
78.22,458.16,-4.16,242.69,-102.01,-0,-7.71,-9,0.03,0.0407,-2.3791,12.08,158636.94,7.83,91.74,-7.901,-0,-1,144.69,139.52,145.33,24.97,Cornering,"Hoosier 43075 16x7.5-10 R20, 7 inch rim",8525
78.19,458.17,-1.92,239.76,-100.56,-0,-7.6,-7.97,0.03,0.0191,-2.3843,12.14,158651.44,7.83,91.78,-7.862,-0,-1,144.45,139.58,145.21,24.97,Cornering,"Hoosier 43075 16x7.5-10 R20, 7 inch rim",8526
78.19,458.18,-0.32,237.44,-98.94,0.001,-7.2,-6.85,0.03,0.0033,-2.3998,12.17,158667.47,7.83,91.75,-7.819,-0,-1,144.41,139.63,145.11,24.97,Cornering,"Hoosier 43075 16x7.5-10 R20, 7 inch rim",8527
78.23,458.19,0.49,236.52,-98.15,0.004,-5.68,-5.28,-0.11,-0.005,-2.4098,12.14,-37616.1,7.83,91.77,-7.789,-0,-1.0002,144.3,139.69,145.13,24.96,Cornering,"Hoosier 43075 16x7.5-10 R20, 7 inch rim",8528
78.2,458.2,0.24,236.68,-96.12,0.001,-6.9,-3.97,0.09,-0.0025,-2.4624,12.04,43963.92,7.83,91.78,-7.761,-0,-0.9998,144.35,139.82,145.05,24.96,Cornering,"Hoosier 43075 16x7.5-10 R20, 7 inch rim",8529
78.19,458.21,-0.22,237.72,-96.05,0.013,-6.81,-2.34,0.03,0.0023,-2.475,11.99,158598.19,7.83,91.81,-7.708,-0,-1,144.54,139.96,145.05,24.95,Cornering,"Hoosier 43075 16x7.5-10 R20, 7 inch rim",8530
78.21,458.22,-1.21,239.13,-97.21,0.009,-6.27,-1.32,0.09,0.0125,-2.46,11.98,43952.67,7.83,91.83,-7.67,-0,-0.9998,144.71,140.04,145.09,24.95,Cornering,"Hoosier 43075 16x7.5-10 R20, 7 inch rim",8531
78.22,458.23,-1.46,241.31,-98.2,0.003,-6.66,-0.18,0.09,0.0149,-2.4573,12.03,43987.06,7.83,91.87,-7.633,-0,-0.9998,144.75,140,145.13,24.97,Cornering,"Hoosier 43075 16x7.5-10 R20, 7 inch rim",8532
78.19,458.24,-2.21,242.67,-100,0.006,-7.29,-0.46,0.03,0.0221,-2.4267,12.11,158750.42,7.83,91.88,-7.593,-0,-1,144.69,139.96,145.11,24.97,Cornering,"Hoosier 43075 16x7.5-10 R20, 7 inch rim",8533
78.19,458.25,-1.79,243.74,-101.88,0.006,-7.56,-0.62,0.03,0.0176,-2.3924,12.17,158803.27,7.83,91.92,-7.549,-0,-1,144.6,139.8,145.05,24.97,Cornering,"Hoosier 43075 16x7.5-10 R20, 7 inch rim",8534
78.23,458.26,-1.02,243.59,-102.94,0.003,-7.87,-1.43,0.03,0.0099,-2.3662,12.16,158703.97,7.83,91.92,-7.517,-0,-1,144.54,139.65,144.91,24.96,Cornering,"Hoosier 43075 16x7.5-10 R20, 7 inch rim",8535
78.21,458.27,-0.46,242.04,-102.82,0.004,-7.94,-2.97,0.03,0.0044,-2.354,12.11,158759.69,7.83,91.91,-7.464,-0,-1,144.47,139.56,144.72,24.96,Cornering,"Hoosier 43075 16x7.5-10 R20, 7 inch rim",8536
78.19,458.28,0.13,239.1,-101.65,0.004,-8.12,-4.48,0.03,-0.0012,-2.3523,12.01,158848.12,7.83,91.87,-7.423,-0,-1,144.28,139.49,144.6,24.97,Cornering,"Hoosier 43075 16x7.5-10 R20, 7 inch rim",8537
78.21,458.29,0.17,236.5,-100.02,-0,-7.7,-5.92,0.09,-0.0017,-2.3645,11.94,44074.13,7.83,91.82,-7.373,-0,-0.9998,144.13,139.52,144.48,25,Cornering,"Hoosier 43075 16x7.5-10 R20, 7 inch rim",8538
78.22,458.3,-0.26,235.43,-98.03,0.003,-6.99,-6.9,0.03,0.0026,-2.4016,11.95,159099.02,7.83,91.79,-7.338,-0,-1,143.98,139.58,144.36,25.01,Cornering,"Hoosier 43075 16x7.5-10 R20, 7 inch rim",8539
78.19,458.31,-1.59,234.97,-96.7,0.003,-6.75,-7.68,0.03,0.0164,-2.43,12,159151.86,7.83,91.75,-7.292,-0,-1,143.94,139.69,144.26,25.01,Cornering,"Hoosier 43075 16x7.5-10 R20, 7 inch rim",8540
78.19,458.32,-2.95,235.63,-96.68,-0.005,-5.97,-7.89,0.03,0.0305,-2.4371,12.11,159055.09,7.83,91.72,-7.252,-0,-1,144.11,139.93,144.2,25,Cornering,"Hoosier 43075 16x7.5-10 R20, 7 inch rim",8541
78.23,458.33,-4.91,236.82,-96.6,0.007,-6.5,-8.36,0.09,0.0509,-2.4516,12.17,44049.48,7.83,91.67,-7.204,-0,-0.9998,144.28,140.02,144.2,24.98,Cornering,"Hoosier 43075 16x7.5-10 R20, 7 inch rim",8542
78.22,458.34,-6.76,238.04,-97.88,0.009,-6.71,-8.97,-0.04,0.069,-2.432,12.17,-98778.18,7.83,91.62,-7.155,-0,-1.0001,144.39,140.04,144.2,24.97,Cornering,"Hoosier 43075 16x7.5-10 R20, 7 inch rim",8543
78.19,458.35,-7.57,238.96,-98.71,0.006,-8.46,-9.08,0.09,0.0767,-2.4208,12.13,44057.99,7.83,91.6,-7.113,-0,-0.9998,144.37,139.91,144.2,24.98,Cornering,"Hoosier 43075 16x7.5-10 R20, 7 inch rim",8544
78.2,458.36,-7.68,240.51,-100.92,0.001,-7.97,-9.46,-0.11,0.0761,-2.3832,12.03,-37735.7,7.83,91.63,-7.093,-0,-1.0002,144.26,139.78,144.24,25,Cornering,"Hoosier 43075 16x7.5-10 R20, 7 inch rim",8545
78.22,458.37,-7.27,240.62,-102.15,0.01,-9.07,-10.1,0.03,0.0712,-2.3555,11.96,159271.86,7.83,91.64,-7.049,-0,-1,144.2,139.67,144.22,25.02,Cornering,"Hoosier 43075 16x7.5-10 R20, 7 inch rim",8546
78.2,458.38,-5.92,239.58,-102.95,-0.002,-8.93,-10.49,0.03,0.0575,-2.3272,11.93,159319.3,7.83,91.65,-7.018,-0,-1,144.13,139.52,144.14,25.03,Cornering,"Hoosier 43075 16x7.5-10 R20, 7 inch rim",8547
78.19,458.39,-3.84,237.38,-102.94,0.009,-7.86,-10.2,0.09,0.0373,-2.306,12,44122.01,7.83,91.63,-6.975,-0,-0.9998,143.96,139.43,144.08,25.01,Cornering,"Hoosier 43075 16x7.5-10 R20, 7 inch rim",8548
78.22,458.4,-2.14,235.22,-100.69,0.01,-7.83,-9.69,0.03,0.0212,-2.336,12.09,159124.48,7.83,91.61,-6.937,-0,-1,143.81,139.49,144.04,24.99,Cornering,"Hoosier 43075 16x7.5-10 R20, 7 inch rim",8549
78.21,458.41,-1.22,232.79,-98.88,0.001,-7.22,-9.28,0.03,0.0123,-2.3542,12.18,159062.92,7.83,91.6,-6.9,-0,-1,143.64,139.45,144,24.98,Cornering,"Hoosier 43075 16x7.5-10 R20, 7 inch rim",8550
78.19,458.42,-0.9,231.84,-97.28,0.012,-6.62,-8.3,0.09,0.0092,-2.3832,12.22,44040.39,7.83,91.61,-6.86,-0,-0.9998,143.53,139.52,143.98,24.96,Cornering,"Hoosier 43075 16x7.5-10 R20, 7 inch rim",8551
78.2,458.43,-1.21,232.03,-96.16,0.003,-6.55,-7.13,-0.04,0.0126,-2.4129,12.19,-98822.62,7.83,91.62,-6.829,-0,-1.0001,143.64,139.58,143.98,24.96,Cornering,"Hoosier 43075 16x7.5-10 R20, 7 inch rim",8552
78.22,458.44,-1.94,232.82,-95.86,-0.002,-7.05,-5.95,-0.04,0.0202,-2.4286,12.12,-98828.38,7.83,91.62,-6.8,-0,-1.0001,143.75,139.74,144.02,24.96,Cornering,"Hoosier 43075 16x7.5-10 R20, 7 inch rim",8553
78.2,458.45,-2.56,234,-97.3,0.01,-6.66,-4.46,0.03,0.0263,-2.4049,12.04,158968.09,7.83,91.64,-6.737,-0,-1,143.85,139.69,144.08,24.96,Cornering,"Hoosier 43075 16x7.5-10 R20, 7 inch rim",8554
78.19,458.46,-3.17,235.56,-98.1,0.004,-7.64,-3.7,0.03,0.0323,-2.4011,11.98,158975.84,7.83,91.66,-6.713,-0,-1,143.92,139.71,144.12,24.96,Cornering,"Hoosier 43075 16x7.5-10 R20, 7 inch rim",8555
78.21,458.47,-2.96,236.81,-99.99,-0.006,-8.41,-3,0.03,0.0296,-2.3683,11.99,158877.36,7.83,91.65,-6.674,-0,-1,143.85,139.52,144.12,24.94,Cornering,"Hoosier 43075 16x7.5-10 R20, 7 inch rim",8556
78.22,458.48,-3,238,-102.21,0.007,-7.9,-3.51,0.09,0.0294,-2.3284,12.07,44050.85,7.83,91.62,-6.627,-0,-0.9998,143.83,139.36,144.08,24.95,Cornering,"Hoosier 43075 16x7.5-10 R20, 7 inch rim",8557
78.18,458.49,-1.8,237.85,-102.96,0.003,-8.48,-3.82,0.09,0.0175,-2.3101,12.14,44053.58,7.83,91.62,-6.595,-0,-0.9998,143.75,139.16,144,24.95,Cornering,"Hoosier 43075 16x7.5-10 R20, 7 inch rim",8558
78.19,458.5,-0.65,236.45,-103.06,0.007,-7.76,-4.7,0.03,0.0063,-2.2942,12.19,158988.02,7.83,91.6,-6.557,-0,-1,143.59,139.05,143.9,24.95,Cornering,"Hoosier 43075 16x7.5-10 R20, 7 inch rim",8559
78.23,458.51,0.69,233.79,-101.92,0.019,-7.3,-5.16,-0.04,-0.0068,-2.2938,12.18,-98885.96,7.83,91.58,-6.506,-0,-1.0001,143.4,139.08,143.83,24.96,Cornering,"Hoosier 43075 16x7.5-10 R20, 7 inch rim",8560
78.2,458.52,0.74,231.37,-99.62,0.007,-6.99,-6.63,0.03,-0.0074,-2.3225,12.14,159056.31,7.83,91.54,-6.455,-0,-1,143.29,139.1,143.71,24.96,Cornering,"Hoosier 43075 16x7.5-10 R20, 7 inch rim",8561
78.19,458.53,0.41,229.39,-98.04,0.001,-6.18,-7.3,-0.04,-0.0042,-2.3398,12.04,-98879.36,7.83,91.51,-6.42,-0,-1.0001,143.19,139.19,143.69,24.96,Cornering,"Hoosier 43075 16x7.5-10 R20, 7 inch rim",8562
78.21,458.54,-0.82,228.62,-96.96,0.003,-5.73,-8.05,-0.04,0.0085,-2.3578,11.98,-98932.05,7.83,91.53,-6.385,-0,-1.0001,143.27,139.34,143.67,24.97,Cornering,"Hoosier 43075 16x7.5-10 R20, 7 inch rim",8563
78.22,458.55,-2.37,228.96,-96.07,-0.006,-6.48,-8.31,0.03,0.0247,-2.3832,11.97,159236.69,7.83,91.54,-6.347,-0,-1,143.36,139.45,143.65,24.98,Cornering,"Hoosier 43075 16x7.5-10 R20, 7 inch rim",8564
78.19,458.56,-3.78,229.87,-96.53,-0.002,-6.89,-8.07,-0.04,0.0392,-2.3814,12.03,-98924.06,7.84,91.48,-6.305,-0,-1.0001,143.53,139.49,143.69,24.96,Cornering,"Hoosier 43075 16x7.5-10 R20, 7 inch rim",8565
78.2,458.57,-4.82,231.35,-97.1,0.014,-7.59,-7.71,0.03,0.0497,-2.3825,12.11,159079.27,7.83,91.45,-6.256,-0,-1,143.59,139.49,143.65,24.95,Cornering,"Hoosier 43075 16x7.5-10 R20, 7 inch rim",8566
78.22,458.58,-5.98,233.04,-98.62,0.014,-8.26,-8.3,-0.04,0.0606,-2.363,12.19,-98803.11,7.83,91.44,-6.213,-0,-1.0001,143.53,139.45,143.67,24.93,Cornering,"Hoosier 43075 16x7.5-10 R20, 7 inch rim",8567
78.21,458.59,-6.68,234.45,-100.58,0.006,-8.39,-9.36,-0.04,0.0664,-2.3309,12.2,-98789.5,7.83,91.45,-6.161,-0,-1.0001,143.44,139.34,143.69,24.92,Cornering,"Hoosier 43075 16x7.5-10 R20, 7 inch rim",8568
78.18,458.6,-6.11,235.07,-102.36,0.004,-7.75,-9.9,-0.04,0.0597,-2.2965,12.17,-98862.84,7.83,91.43,-6.137,-0,-1.0001,143.34,139.19,143.61,24.94,Cornering,"Hoosier 43075 16x7.5-10 R20, 7 inch rim",8569
78.2,458.61,-4.86,233.95,-102.33,0.013,-8.75,-10.54,0.03,0.0475,-2.2863,12.07,159163.53,7.83,91.41,-6.094,-0,-1,143.23,139.01,143.51,24.96,Cornering,"Hoosier 43075 16x7.5-10 R20, 7 inch rim",8570
78.23,458.62,-3.45,231.67,-101.89,0.003,-7.91,-11,-0.04,0.0339,-2.2738,12,-99016.12,7.83,91.4,-6.051,-0,-1.0001,143.1,138.97,143.43,24.97,Cornering,"Hoosier 43075 16x7.5-10 R20, 7 inch rim",8571
78.19,458.63,-2.11,228.74,-100.02,0.004,-7.75,-10.87,0.03,0.0211,-2.2869,11.98,159259.64,7.83,91.38,-6.017,-0,-1,142.95,138.94,143.35,24.97,Cornering,"Hoosier 43075 16x7.5-10 R20, 7 inch rim",8572
78.19,458.64,-1.41,226.11,-98.93,0.007,-6.61,-10.35,0.03,0.0143,-2.2854,12.03,159198.69,7.83,91.36,-5.971,-0,-1,142.82,139.01,143.29,24.96,Cornering,"Hoosier 43075 16x7.5-10 R20, 7 inch rim",8573
78.22,458.65,-1.83,224.72,-96.89,0.007,-6.79,-10.19,0.03,0.0189,-2.3193,12.09,159096.62,7.83,91.36,-5.939,-0,-1,142.76,139.03,143.25,24.94,Cornering,"Hoosier 43075 16x7.5-10 R20, 7 inch rim",8574
78.21,458.66,-2.81,224.58,-95.82,0.006,-6.62,-9.65,0.03,0.0294,-2.3437,12.16,159146.41,7.83,91.37,-5.894,-0,-1,142.89,139.19,143.25,24.94,Cornering,"Hoosier 43075 16x7.5-10 R20, 7 inch rim",8575
78.19,458.67,-3.67,225.39,-95.98,-0.006,-6.35,-8.72,0.03,0.0382,-2.3484,12.14,159264.12,7.84,91.36,-5.869,-0,-1,142.99,139.27,143.21,24.96,Cornering,"Hoosier 43075 16x7.5-10 R20, 7 inch rim",8576
78.2,458.68,-4.22,226.53,-96.34,0.017,-7.42,-7.39,0.03,0.0438,-2.3515,12.09,159386.58,7.83,91.29,-5.828,-0,-1,143.06,139.32,143.23,24.98,Cornering,"Hoosier 43075 16x7.5-10 R20, 7 inch rim",8577
78.23,458.69,-5.04,227.94,-97.95,0.01,-7.83,-7.21,0.16,0.0515,-2.327,12,25637.94,7.83,91.27,-5.775,-0,-0.9997,143.04,139.3,143.19,24.98,Cornering,"Hoosier 43075 16x7.5-10 R20, 7 inch rim",8578
78.2,458.7,-5.08,229.83,-99.68,-0.002,-8.13,-6.99,0.03,0.051,-2.3056,11.97,159443.95,7.84,91.26,-5.753,-0,-1,142.89,139.16,143.19,24.98,Cornering,"Hoosier 43075 16x7.5-10 R20, 7 inch rim",8579
78.18,458.71,-3.63,230.76,-101.82,-0.005,-7.87,-6.31,0.09,0.0357,-2.2664,11.99,44186.28,7.84,91.27,-5.713,-0,-0.9998,142.78,138.99,143.11,24.98,Cornering,"Hoosier 43075 16x7.5-10 R20, 7 inch rim",8580
78.21,458.72,-2.89,230.56,-102.74,0.007,-7.99,-6.96,0.09,0.0281,-2.2442,12.06,44178.91,7.83,91.29,-5.674,-0,-0.9998,142.69,138.88,143.05,24.98,Cornering,"Hoosier 43075 16x7.5-10 R20, 7 inch rim",8581
78.21,458.73,-0.78,228.21,-102.36,0.012,-8.65,-6.79,0.03,0.0076,-2.2296,12.14,159480.55,7.83,91.34,-5.617,-0,-1,142.54,138.68,142.97,24.98,Cornering,"Hoosier 43075 16x7.5-10 R20, 7 inch rim",8582
78.18,458.74,0.41,225.79,-101.56,0.001,-7.27,-7.18,0.03,-0.004,-2.2231,12.19,159562.11,7.84,91.36,-5.589,-0,-1,142.37,138.68,142.82,25,Cornering,"Hoosier 43075 16x7.5-10 R20, 7 inch rim",8583
78.2,458.75,1.13,223.19,-99.36,-0.003,-6.9,-7.62,0.09,-0.0113,-2.2463,12.19,44199.05,7.84,91.4,-5.54,-0,-0.9998,142.2,138.7,142.78,24.98,Cornering,"Hoosier 43075 16x7.5-10 R20, 7 inch rim",8584
78.23,458.76,0.92,221.17,-97.18,0.001,-7.15,-8.03,0.09,-0.0094,-2.276,12.14,44232.2,7.84,91.42,-5.507,-0,-0.9998,142.11,138.72,142.76,25,Cornering,"Hoosier 43075 16x7.5-10 R20, 7 inch rim",8585
78.2,458.77,-0.2,220.22,-96.37,0.009,-6.54,-8.2,0.03,0.002,-2.2852,12.07,159633.16,7.83,91.4,-5.458,-0,-1,142.09,138.9,142.7,25,Cornering,"Hoosier 43075 16x7.5-10 R20, 7 inch rim",8586
78.19,458.78,-1.78,221.03,-96.18,0.003,-5.75,-8.34,-0.04,0.0185,-2.2979,12.02,-99213,7.84,91.38,-5.43,-0,-1.0001,142.24,139.03,142.74,25,Cornering,"Hoosier 43075 16x7.5-10 R20, 7 inch rim",8587
78.21,458.79,-3.62,221.8,-96.18,-0,-6.71,-8.64,0.16,0.0376,-2.306,12.04,25684.11,7.84,91.36,-5.388,-0,-0.9997,142.39,139.21,142.7,25.01,Cornering,"Hoosier 43075 16x7.5-10 R20, 7 inch rim",8588
78.22,458.8,-4.66,222.98,-96.83,0.013,-7.89,-8.3,-0.04,0.0481,-2.3028,12.09,-99227.04,7.83,91.37,-5.341,-0,-1.0001,142.44,139.14,142.72,25,Cornering,"Hoosier 43075 16x7.5-10 R20, 7 inch rim",8589
78.19,458.81,-5.6,224.56,-99.25,-0,-7.3,-8.68,0.09,0.0564,-2.2625,12.16,44195.8,7.83,91.37,-5.296,-0,-0.9998,142.37,139.03,142.76,24.97,Cornering,"Hoosier 43075 16x7.5-10 R20, 7 inch rim",8590
78.2,458.82,-5.98,225.29,-100.62,0.007,-8.37,-9.39,0.09,0.0594,-2.2391,12.2,44198.66,7.83,91.38,-5.255,-0,-0.9998,142.26,138.94,142.74,24.97,Cornering,"Hoosier 43075 16x7.5-10 R20, 7 inch rim",8591
78.23,458.83,-5.03,225.27,-102.03,0.01,-8.56,-9.82,-0.04,0.0493,-2.2079,12.17,-99130.62,7.83,91.43,-5.221,-0,-1.0001,142.18,138.72,142.66,24.97,Cornering,"Hoosier 43075 16x7.5-10 R20, 7 inch rim",8592
78.2,458.84,-3.68,224.19,-102.08,0.009,-8.83,-10.18,0.03,0.0361,-2.1962,12.11,159445.89,7.83,91.46,-5.172,-0,-1,142.16,138.57,142.54,24.96,Cornering,"Hoosier 43075 16x7.5-10 R20, 7 inch rim",8593
78.18,458.85,-2.03,221.85,-102.06,0.017,-7.76,-10.39,0.03,0.0199,-2.1737,12.01,159602.36,7.83,91.53,-5.138,-0,-1,142.05,138.53,142.38,24.98,Cornering,"Hoosier 43075 16x7.5-10 R20, 7 inch rim",8594
78.21,458.86,-1.37,219.13,-100.63,0.001,-7.22,-11.01,0.03,0.0136,-2.1775,11.96,159685.39,7.84,91.57,-5.1,-0,-1,141.94,138.55,142.26,25,Cornering,"Hoosier 43075 16x7.5-10 R20, 7 inch rim",8595
78.22,458.87,-0.89,217.46,-98.69,-0.002,-6.3,-11.09,0.03,0.0091,-2.2034,11.95,159696.02,7.84,91.61,-5.056,-0,-1,141.86,138.59,142.16,25,Cornering,"Hoosier 43075 16x7.5-10 R20, 7 inch rim",8596
78.19,458.88,-1.44,216.22,-96.77,0.001,-6.11,-10.84,0.09,0.0149,-2.2344,12,44244.83,7.84,91.6,-5.026,-0,-0.9998,141.75,138.59,142.1,24.99,Cornering,"Hoosier 43075 16x7.5-10 R20, 7 inch rim",8597
78.19,458.89,-2.17,215.59,-96.03,0.004,-6.27,-10.12,0.16,0.0226,-2.245,12.08,25664.6,7.83,91.56,-4.976,-0,-0.9997,141.84,138.72,142.1,24.97,Cornering,"Hoosier 43075 16x7.5-10 R20, 7 inch rim",8598
78.22,458.9,-3.7,216.04,-95.92,0.007,-6.34,-9.8,0.03,0.0386,-2.2523,12.16,159571.88,7.84,91.49,-4.954,-0,-1,141.9,138.83,142.04,24.97,Cornering,"Hoosier 43075 16x7.5-10 R20, 7 inch rim",8599
78.2,458.91,-4.68,216.46,-96.68,0.016,-7.02,-9.02,0.09,0.0484,-2.239,12.18,44222.12,7.83,91.45,-4.901,-0,-0.9998,141.99,138.88,142.02,24.97,Cornering,"Hoosier 43075 16x7.5-10 R20, 7 inch rim",8600
78.18,458.92,-5.92,217.41,-98.22,0.007,-7.56,-9.34,-0.04,0.0603,-2.2134,12.15,-99135.98,7.84,91.47,-4.873,-0,-1.0001,141.96,138.81,142.06,24.96,Cornering,"Hoosier 43075 16x7.5-10 R20, 7 inch rim",8601
78.21,458.93,-6.07,218.46,-99.97,0.012,-8.28,-9.28,0.03,0.0608,-2.1853,12.08,159600.88,7.83,91.49,-4.828,-0,-1,141.86,138.72,142.06,24.97,Cornering,"Hoosier 43075 16x7.5-10 R20, 7 inch rim",8602
78.22,458.94,-4.84,218.93,-102.19,0.007,-7.96,-8.86,0.09,0.0473,-2.1424,12,44238.72,7.84,91.53,-4.801,-0,-0.9998,141.79,138.57,142.06,24.98,Cornering,"Hoosier 43075 16x7.5-10 R20, 7 inch rim",8603
78.2,458.95,-3.35,218.6,-102.82,0.01,-8.44,-9.07,0.09,0.0325,-2.126,11.97,44251.4,7.83,91.56,-4.762,-0,-0.9998,141.73,138.44,141.98,24.98,Cornering,"Hoosier 43075 16x7.5-10 R20, 7 inch rim",8604
78.19,458.96,-1.43,217.1,-102.58,-0.002,-7.64,-9.02,-0.11,0.0139,-2.1164,12.02,-37831.96,7.84,91.58,-4.715,-0,-1.0002,141.66,138.33,141.89,24.96,Cornering,"Hoosier 43075 16x7.5-10 R20, 7 inch rim",8605
78.21,458.97,0.13,214.39,-101.16,0.023,-7.21,-8.86,-0.04,-0.0013,-2.1193,12.09,-99186.96,7.83,91.63,-4.672,-0,-1.0001,141.56,138.33,141.83,24.96,Cornering,"Hoosier 43075 16x7.5-10 R20, 7 inch rim",8606
78.21,458.98,0.96,212.16,-98.34,0.004,-6.87,-8.82,-0.04,-0.0098,-2.1574,12.16,-99168.02,7.84,91.68,-4.642,-0,-1.0001,141.41,138.33,141.71,24.96,Cornering,"Hoosier 43075 16x7.5-10 R20, 7 inch rim",8607
78.18,458.99,0.66,209.85,-96.8,0.006,-5.95,-8.93,-0.04,-0.0068,-2.1678,12.19,-99198.77,7.84,91.69,-4.585,-0,-1.0001,141.36,138.35,141.63,24.96,Cornering,"Hoosier 43075 16x7.5-10 R20, 7 inch rim",8608
78.2,459,-0.39,208.61,-95.65,0.006,-5.61,-9.01,-0.04,0.0041,-2.1811,12.12,-99181.06,7.84,91.71,-4.545,-0,-1.0001,141.34,138.44,141.53,24.96,Cornering,"Hoosier 43075 16x7.5-10 R20, 7 inch rim",8609
78.22,459.01,-2.18,208.3,-95.25,0.006,-6.03,-9.06,0.03,0.0229,-2.187,12.05,159596.81,7.84,91.7,-4.509,-0,-1,141.45,138.57,141.53,24.96,Cornering,"Hoosier 43075 16x7.5-10 R20, 7 inch rim",8610
78.2,459.02,-3.49,208.17,-95.94,-0.003,-6.52,-8.84,-0.04,0.0364,-2.1698,11.96,-99283.38,7.84,91.7,-4.467,-0,-1.0001,141.54,138.59,141.53,24.98,Cornering,"Hoosier 43075 16x7.5-10 R20, 7 inch rim",8611
78.19,459.03,-4.95,208.61,-97.2,-0.003,-7.4,-9.05,-0.04,0.051,-2.1463,11.96,-99265.91,7.84,91.73,-4.424,-0,-1.0001,141.51,138.61,141.53,24.97,Cornering,"Hoosier 43075 16x7.5-10 R20, 7 inch rim",8612
78.22,459.04,-5.48,209.64,-98.76,0.007,-8.32,-9.04,0.09,0.0555,-2.1228,11.97,44263.8,7.84,91.75,-4.382,-0,-0.9998,141.47,138.5,141.57,24.98,Cornering,"Hoosier 43075 16x7.5-10 R20, 7 inch rim",8613
78.22,459.05,-5.7,210.26,-101.37,0.003,-7.92,-9.66,-0.04,0.0563,-2.0742,12.05,-99322.06,7.84,91.74,-4.346,-0,-1.0001,141.3,138.33,141.61,24.98,Cornering,"Hoosier 43075 16x7.5-10 R20, 7 inch rim",8614
78.18,459.06,-5.47,210.85,-102.61,0.01,-7.68,-10.96,0.03,0.0533,-2.0549,12.12,159678.48,7.84,91.77,-4.293,-0,-1,141.28,138.24,141.55,24.97,Cornering,"Hoosier 43075 16x7.5-10 R20, 7 inch rim",8615
78.2,459.07,-4.03,210.12,-102.77,0.001,-7.08,-11.32,0.03,0.0392,-2.0446,12.16,159758.08,7.84,91.78,-4.266,-0,-1,141.19,138.17,141.45,24.98,Cornering,"Hoosier 43075 16x7.5-10 R20, 7 inch rim",8616
78.22,459.08,-2.62,207.93,-101.5,0.01,-7.23,-11.7,0.03,0.0259,-2.0484,12.12,159804.81,7.84,91.77,-4.217,-0,-1,141.06,138.17,141.37,24.98,Cornering,"Hoosier 43075 16x7.5-10 R20, 7 inch rim",8617
78.2,459.09,-1.57,205.78,-99.08,0.009,-7.24,-11.97,-0.04,0.0158,-2.0768,12.07,-99433.47,7.83,91.75,-4.191,-0,-1.0001,140.87,138.2,141.31,25.01,Cornering,"Hoosier 43075 16x7.5-10 R20, 7 inch rim",8618
78.18,459.1,-1.15,203.32,-97.72,0.009,-6.29,-11.83,0.03,0.0118,-2.0806,11.97,160079.47,7.84,91.72,-4.14,-0,-1,140.72,138.24,141.23,25.03,Cornering,"Hoosier 43075 16x7.5-10 R20, 7 inch rim",8619
78.21,459.11,-1.45,201.67,-96.05,-0.006,-6.34,-11.5,0.09,0.0151,-2.0996,11.92,44371.26,7.84,91.72,-4.109,-0,-0.9998,140.68,138.39,141.19,25.03,Cornering,"Hoosier 43075 16x7.5-10 R20, 7 inch rim",8620
78.21,459.12,-2.58,200.67,-95.77,0.013,-5.81,-10.99,0.03,0.0269,-2.0955,11.94,160131.42,7.84,91.7,-4.062,-0,-1,140.7,138.5,141.19,25.03,Cornering,"Hoosier 43075 16x7.5-10 R20, 7 inch rim",8621
78.18,459.13,-3.72,199.74,-95.62,0.01,-7.02,-10.29,0.03,0.0389,-2.0889,12.01,160066.72,7.83,91.72,-4.012,-0,-1,140.81,138.64,141.21,25.02,Cornering,"Hoosier 43075 16x7.5-10 R20, 7 inch rim",8622
78.19,459.14,-4.75,199.74,-97.15,0.007,-6.94,-9.68,0.03,0.0489,-2.0559,12.08,159998.72,7.84,91.75,-3.979,-0,-1,140.85,138.66,141.21,25.01,Cornering,"Hoosier 43075 16x7.5-10 R20, 7 inch rim",8623
78.23,459.15,-5.52,199.85,-98.69,0.013,-7.76,-9.51,-0.04,0.056,-2.025,12.17,-99324.3,7.84,91.81,-3.945,-0,-1.0001,140.81,138.53,141.21,24.97,Cornering,"Hoosier 43075 16x7.5-10 R20, 7 inch rim",8624
78.21,459.16,-5.58,200.65,-100.41,0.003,-8.26,-9.49,0.03,0.0555,-1.9983,12.15,159789.66,7.84,91.83,-3.906,-0,-1,140.7,138.39,141.19,24.97,Cornering,"Hoosier 43075 16x7.5-10 R20, 7 inch rim",8625
78.18,459.17,-4.52,201.24,-102.35,0.009,-7.69,-9.37,-0.04,0.0441,-1.9662,12.1,-99333.07,7.84,91.81,-3.868,-0,-1.0001,140.63,138.2,141.17,24.97,Cornering,"Hoosier 43075 16x7.5-10 R20, 7 inch rim",8626
78.21,459.18,-3.24,200.63,-102.7,0.007,-7.95,-9.85,-0.04,0.0315,-1.9535,12.02,-99339.12,7.84,91.8,-3.813,-0,-1.0001,140.59,138.02,141.03,24.97,Cornering,"Hoosier 43075 16x7.5-10 R20, 7 inch rim",8627
78.22,459.19,-1.38,199.23,-102.24,0.01,-7.32,-9.85,-0.04,0.0135,-1.9486,11.95,-99273.26,7.84,91.78,-3.783,-0,-1.0001,140.53,137.91,140.92,24.96,Cornering,"Hoosier 43075 16x7.5-10 R20, 7 inch rim",8628
78.19,459.2,-0.35,196.79,-100.81,0.004,-6.69,-10.35,0.03,0.0035,-1.9521,11.97,159669.14,7.84,91.73,-3.75,-0,-1,140.4,137.87,140.84,24.95,Cornering,"Hoosier 43075 16x7.5-10 R20, 7 inch rim",8629
78.2,459.21,0.36,193.88,-99.06,-0,-6.11,-10.17,-0.04,-0.0036,-1.9572,12.01,-99234.45,7.84,91.72,-3.716,-0,-1.0001,140.23,137.91,140.74,24.94,Cornering,"Hoosier 43075 16x7.5-10 R20, 7 inch rim",8630
78.22,459.22,-0.19,191.38,-96.88,0.007,-6.09,-10.41,-0.11,0.002,-1.9755,12.08,-37871.6,7.84,91.72,-3.674,-0,-1.0002,140.16,137.93,140.62,24.96,Cornering,"Hoosier 43075 16x7.5-10 R20, 7 inch rim",8631
78.21,459.23,-1.59,189.69,-95.89,0.004,-6.08,-10.36,0.03,0.0166,-1.9782,12.15,159728.33,7.84,91.7,-3.621,-0,-1,140.21,138.04,140.56,24.96,Cornering,"Hoosier 43075 16x7.5-10 R20, 7 inch rim",8632
78.18,459.24,-2.44,188.29,-95.36,0.004,-6.95,-9.57,0.03,0.0256,-1.9746,12.15,159809,7.84,91.67,-3.583,-0,-1,140.27,138.22,140.52,24.97,Cornering,"Hoosier 43075 16x7.5-10 R20, 7 inch rim",8633
78.2,459.25,-4.03,187.84,-96.31,-0.005,-7.24,-9.4,0.16,0.0418,-1.9504,12.08,25698.61,7.84,91.67,-3.544,-0,-0.9997,140.33,138.24,140.46,24.96,Cornering,"Hoosier 43075 16x7.5-10 R20, 7 inch rim",8634
78.22,459.26,-5.21,187.64,-97.72,0.004,-7.93,-9.2,0.09,0.0533,-1.9201,12.01,44256.91,7.84,91.66,-3.51,-0,-0.9998,140.31,138.13,140.46,24.95,Cornering,"Hoosier 43075 16x7.5-10 R20, 7 inch rim",8635
78.19,459.27,-5.91,188.22,-99.73,0.01,-7.73,-9.54,0.09,0.0592,-1.8874,11.95,44259.54,7.84,91.67,-3.451,-0,-0.9998,140.25,137.95,140.5,24.95,Cornering,"Hoosier 43075 16x7.5-10 R20, 7 inch rim",8636
78.19,459.28,-5.81,188.69,-101.48,0.007,-7.96,-10.19,0.09,0.0573,-1.8593,11.93,44240.55,7.84,91.68,-3.415,-0,-0.9998,140.16,137.82,140.5,24.94,Cornering,"Hoosier 43075 16x7.5-10 R20, 7 inch rim",8637
78.22,459.29,-5.01,188.74,-102.81,-0.007,-7.42,-10.83,0.03,0.0488,-1.8357,11.96,159692.52,7.84,91.69,-3.385,-0,-1,140.1,137.65,140.44,24.94,Cornering,"Hoosier 43075 16x7.5-10 R20, 7 inch rim",8638
78.22,459.3,-3.59,187.29,-103.1,0.009,-6.91,-11.29,0.09,0.0348,-1.8166,12.04,44244.14,7.84,91.69,-3.332,-0,-0.9998,139.97,137.51,140.38,24.94,Cornering,"Hoosier 43075 16x7.5-10 R20, 7 inch rim",8639
78.18,459.31,-2,184.96,-102.1,0.013,-6.55,-11.33,-0.04,0.0196,-1.8117,12.08,-99231.27,7.84,91.7,-3.29,-0,-1.0001,139.82,137.47,140.3,24.93,Cornering,"Hoosier 43075 16x7.5-10 R20, 7 inch rim",8640
78.2,459.32,-1.2,182.21,-99.93,0.006,-6.42,-11.46,-0.04,0.012,-1.8234,12.08,-99233.29,7.84,91.71,-3.269,-0,-1.0001,139.65,137.49,140.16,24.93,Cornering,"Hoosier 43075 16x7.5-10 R20, 7 inch rim",8641
78.23,459.33,-1.31,179.59,-97.85,0.007,-6.03,-11.52,0.09,0.0134,-1.8353,12.03,44248.83,7.84,91.71,-3.22,-0,-0.9998,139.6,137.51,140.12,24.94,Cornering,"Hoosier 43075 16x7.5-10 R20, 7 inch rim",8642
78.2,459.34,-1.76,177.28,-96.54,0.006,-6.06,-10.95,0.09,0.0182,-1.8364,11.97,44270.69,7.84,91.75,-3.189,-0,-0.9998,139.54,137.62,140.02,24.95,Cornering,"Hoosier 43075 16x7.5-10 R20, 7 inch rim",8643
78.19,459.35,-2.8,176.04,-95.78,0.006,-5.8,-10.19,-0.04,0.0292,-1.838,11.98,-99336.38,7.84,91.79,-3.152,-0,-1.0001,139.6,137.71,139.97,24.96,Cornering,"Hoosier 43075 16x7.5-10 R20, 7 inch rim",8644
78.22,459.36,-4.07,175.09,-96.17,0.007,-6.13,-9.38,0.03,0.0423,-1.8206,12,159845.33,7.84,91.82,-3.109,-0,-1,139.69,137.8,140.04,24.96,Cornering,"Hoosier 43075 16x7.5-10 R20, 7 inch rim",8645
