AmbientRoomTemperature,ElapsedTime,LongitudinalForce,LateralForce,NormalForce,InclinationAngle,OverturningMoment,AligningTorque,WheelRotationalSpeed,NormalizedLongitudinalForce(FX/FZ),NormalizedLateralForce(FY/FZ),TirePressure,EffectiveRadius,LoadedRadius,RoadSurfaceTemperature,SlipAngle,SlipRatioTextbook,SlipRatioBasedOnRL,TireSurfaceTemperature-Center,TireSurfaceTemperature-Inboard,TireSurfaceTemperature-Outboard,RoadSpeed,testid,tireid,Index
78.4,380.25,-2.94,-49.13,-49.91,0.001,-2.88,-2.66,0.09,0.059,0.9843,11.99,44345.58,7.95,90.96,0.909,-0,-0.9998,124.95,128.03,131.55,24.96,Cornering,"Hoosier 43075 16x7.5-10 R20, 7 inch rim",5006
78.38,380.26,-3.05,-49.51,-48.92,0.02,-1.63,-1.32,0.09,0.0624,1.0119,12.07,44334.93,7.95,90.94,0.933,-0,-0.9998,124.84,128,131.53,24.96,Cornering,"Hoosier 43075 16x7.5-10 R20, 7 inch rim",5007
78.4,380.27,-3.32,-50.69,-48.42,0.007,-1.67,0.38,0.09,0.0686,1.0469,12.11,44334.34,7.95,90.9,0.973,-0,-0.9998,124.82,127.96,131.59,24.96,Cornering,"Hoosier 43075 16x7.5-10 R20, 7 inch rim",5008
78.41,380.28,-4.1,-52.71,-49.51,0.004,-1.86,2.13,0.16,0.0827,1.0646,12.09,25732.24,7.95,90.91,1.005,-0,-0.9997,124.86,128.03,131.69,24.96,Cornering,"Hoosier 43075 16x7.5-10 R20, 7 inch rim",5009
78.38,380.29,-4.8,-54.92,-51.24,0.009,-2.42,3.7,0.09,0.0938,1.0719,12.03,44333.23,7.95,90.89,1.045,-0,-0.9998,124.89,127.96,131.77,24.96,Cornering,"Hoosier 43075 16x7.5-10 R20, 7 inch rim",5010
78.39,380.3,-4.65,-57.86,-53.66,-0,-3.31,5.08,0.09,0.0867,1.0781,11.96,44312.13,7.95,90.86,1.076,-0,-0.9998,124.84,127.89,131.73,24.94,Cornering,"Hoosier 43075 16x7.5-10 R20, 7 inch rim",5011
78.42,380.31,-3.55,-60.6,-56.3,0.017,-3.89,6.45,0.09,0.0631,1.0763,11.95,44311.51,7.95,90.88,1.114,-0,-0.9998,124.86,127.89,131.77,24.94,Cornering,"Hoosier 43075 16x7.5-10 R20, 7 inch rim",5012
78.4,380.32,-1.95,-63.53,-58.43,0.012,-4.19,6.88,0.09,0.0334,1.0873,11.96,44321.09,7.95,90.9,1.155,-0,-0.9998,124.76,127.92,131.77,24.95,Cornering,"Hoosier 43075 16x7.5-10 R20, 7 inch rim",5013
78.38,380.33,0.03,-65.99,-58.72,0.004,-5.19,7.06,0.03,-0.0005,1.1238,12.06,160013.92,7.95,90.92,1.182,-0,-1,124.69,127.89,131.79,24.96,Cornering,"Hoosier 43075 16x7.5-10 R20, 7 inch rim",5014
78.4,380.34,1.93,-65.66,-57.41,0.006,-4.18,7.16,0.09,-0.0336,1.1438,12.11,44350.73,7.95,90.88,1.225,-0,-0.9998,124.71,127.85,131.75,24.97,Cornering,"Hoosier 43075 16x7.5-10 R20, 7 inch rim",5015
78.43,380.35,2.68,-65.36,-55.13,0.013,-3.2,6.52,0.09,-0.0486,1.1855,12.17,44370.3,7.95,90.85,1.28,-0,-0.9998,124.65,127.83,131.75,24.98,Cornering,"Hoosier 43075 16x7.5-10 R20, 7 inch rim",5016
78.38,380.36,3.01,-64.54,-52.11,0.01,-2.77,6.16,0.09,-0.0578,1.2387,12.14,44390.3,7.95,90.84,1.31,-0,-0.9998,124.61,127.78,131.67,24.99,Cornering,"Hoosier 43075 16x7.5-10 R20, 7 inch rim",5017
78.39,380.37,2.67,-64.36,-50.07,0.007,-2.26,6.31,0.09,-0.0532,1.2854,12.08,44430.64,7.95,90.83,1.353,-0,-0.9998,124.54,127.7,131.67,25.01,Cornering,"Hoosier 43075 16x7.5-10 R20, 7 inch rim",5018
78.42,380.38,1.51,-64.81,-49.69,0.006,-1.2,6.5,0.09,-0.0303,1.3043,11.98,44409.23,7.95,90.84,1.393,-0,-0.9998,124.59,127.65,131.71,25,Cornering,"Hoosier 43075 16x7.5-10 R20, 7 inch rim",5019
78.41,380.39,-0.49,-66.67,-50.55,0.004,-1.02,6.22,-0.04,0.0097,1.319,11.93,-99618.67,7.95,90.83,1.436,-0,-1.0001,124.67,127.63,131.75,25,Cornering,"Hoosier 43075 16x7.5-10 R20, 7 inch rim",5020
78.38,380.4,-2.73,-69.64,-52.06,0.004,-2.21,5.79,0.09,0.0524,1.3377,11.93,44376.3,7.95,90.83,1.489,-0,-0.9998,124.74,127.61,131.81,24.98,Cornering,"Hoosier 43075 16x7.5-10 R20, 7 inch rim",5021
78.4,380.41,-4.61,-73.13,-53.63,0.014,-4.03,4.95,-0.04,0.0859,1.3636,11.99,-99498.93,7.95,90.83,1.523,-0,-1.0001,124.78,127.61,131.81,24.97,Cornering,"Hoosier 43075 16x7.5-10 R20, 7 inch rim",5022
78.42,380.42,-5.48,-76.2,-56.44,0.003,-4.14,4.01,0.09,0.097,1.3499,12.05,44333.48,7.95,90.85,1.562,-0,-0.9998,124.8,127.65,131.79,24.96,Cornering,"Hoosier 43075 16x7.5-10 R20, 7 inch rim",5023
78.39,380.43,-4.9,-78.83,-58.69,-0.002,-4.61,3.28,0.03,0.0834,1.3432,12.09,160130.53,7.95,90.87,1.611,-0,-1,124.82,127.67,131.75,24.98,Cornering,"Hoosier 43075 16x7.5-10 R20, 7 inch rim",5024
78.38,380.44,-3.32,-80.41,-59.15,0.006,-4.64,2.92,0.16,0.0562,1.3594,12.06,25784.66,7.95,90.89,1.645,-0,-0.9997,124.84,127.7,131.81,25.01,Cornering,"Hoosier 43075 16x7.5-10 R20, 7 inch rim",5025
78.41,380.45,-1.65,-80.88,-58.56,0.01,-4.06,2.24,0.16,0.0282,1.3812,12,25790.05,7.95,90.91,1.686,-0,-0.9997,124.82,127.65,131.79,25.02,Cornering,"Hoosier 43075 16x7.5-10 R20, 7 inch rim",5026
78.41,380.46,-0.84,-79.25,-56.4,-0.003,-3.16,0.98,0.03,0.015,1.405,11.9,160269.42,7.96,90.89,1.721,-0,-1,124.8,127.63,131.81,25.01,Cornering,"Hoosier 43075 16x7.5-10 R20, 7 inch rim",5027
78.37,380.47,-0.42,-77.9,-53.69,0.014,-2.57,0.4,0.03,0.0079,1.4511,11.91,160154.17,7.95,90.87,1.762,-0,-1,124.78,127.59,131.73,24.99,Cornering,"Hoosier 43075 16x7.5-10 R20, 7 inch rim",5028
78.39,380.48,-0.64,-76.9,-50.4,0.001,-3.44,0.09,0.09,0.0127,1.5256,11.95,44337.82,7.96,90.81,1.804,-0,-0.9998,124.71,127.48,131.67,24.97,Cornering,"Hoosier 43075 16x7.5-10 R20, 7 inch rim",5029
78.42,380.49,-1,-76.48,-49.4,0.014,-2.1,0.93,0.16,0.0203,1.5481,12.04,25716.18,7.95,90.75,1.832,-0,-0.9997,124.69,127.41,131.63,24.95,Cornering,"Hoosier 43075 16x7.5-10 R20, 7 inch rim",5030
78.4,380.5,-1.8,-78.14,-49.11,0.003,-2.72,2.11,0.09,0.0366,1.5911,12.12,44284.45,7.96,90.73,1.875,-0,-0.9998,124.76,127.39,131.65,24.94,Cornering,"Hoosier 43075 16x7.5-10 R20, 7 inch rim",5031
78.38,380.51,-2.66,-80.4,-51.01,0.019,-2.34,3.6,0.09,0.0521,1.5761,12.14,44293.76,7.95,90.75,1.911,-0,-0.9998,124.8,127.39,131.69,24.94,Cornering,"Hoosier 43075 16x7.5-10 R20, 7 inch rim",5032
78.4,380.52,-4.07,-82.97,-52.14,-0,-3.3,4.21,0.03,0.078,1.5912,12.11,159765.55,7.96,90.76,1.94,-0,-1,124.84,127.39,131.73,24.93,Cornering,"Hoosier 43075 16x7.5-10 R20, 7 inch rim",5033
78.42,380.53,-4.96,-85.84,-55.11,0.013,-3,4.31,0.09,0.09,1.5576,12.05,44260.5,7.96,90.75,1.996,-0,-0.9998,124.86,127.37,131.71,24.93,Cornering,"Hoosier 43075 16x7.5-10 R20, 7 inch rim",5034
78.37,380.54,-3.97,-88.79,-57.18,0.009,-3.94,5.05,0.09,0.0694,1.5528,11.98,44249.21,7.96,90.74,2.03,-0,-0.9998,124.91,127.37,131.71,24.92,Cornering,"Hoosier 43075 16x7.5-10 R20, 7 inch rim",5035
78.39,380.55,-1.64,-90.84,-59.23,0.014,-3.76,6.3,0.03,0.0277,1.5338,11.96,159640.23,7.96,90.73,2.073,-0,-1,124.86,127.39,131.69,24.92,Cornering,"Hoosier 43075 16x7.5-10 R20, 7 inch rim",5036
78.41,380.56,0.36,-91.38,-58.76,-0.002,-3.95,6.33,0.16,-0.0061,1.5551,12.01,25675.96,7.96,90.75,2.099,-0,-0.9997,124.86,127.45,131.73,24.92,Cornering,"Hoosier 43075 16x7.5-10 R20, 7 inch rim",5037
78.4,380.57,2.16,-90.27,-57.32,-0.003,-3.26,6.06,0.03,-0.0378,1.5749,12.06,159631.14,7.96,90.76,2.156,-0,-1,124.82,127.45,131.65,24.92,Cornering,"Hoosier 43075 16x7.5-10 R20, 7 inch rim",5038
78.38,380.58,3.11,-88.62,-55.07,0.014,-2.64,5.69,-0.04,-0.0565,1.6092,12.09,-99249.84,7.96,90.77,2.205,-0,-1.0001,124.8,127.41,131.55,24.92,Cornering,"Hoosier 43075 16x7.5-10 R20, 7 inch rim",5039
78.41,380.59,3.41,-86.36,-50.99,-0.002,-3.81,5.25,0.09,-0.067,1.6935,12.08,44221.68,7.96,90.77,2.256,-0,-0.9998,124.78,127.34,131.45,24.91,Cornering,"Hoosier 43075 16x7.5-10 R20, 7 inch rim",5040
78.43,380.6,2.43,-84.53,-49.32,0.01,-2.36,4.88,0.09,-0.0493,1.7137,12.05,44241.38,7.96,90.83,2.284,-0,-0.9998,124.78,127.28,131.39,24.92,Cornering,"Hoosier 43075 16x7.5-10 R20, 7 inch rim",5041
78.39,380.61,0.83,-84.48,-48.15,0.001,-2.49,4.53,0.03,-0.0173,1.7544,11.95,159797.08,7.96,90.83,2.326,-0,-1,124.82,127.26,131.35,24.94,Cornering,"Hoosier 43075 16x7.5-10 R20, 7 inch rim",5042
78.39,380.62,-1.32,-86.05,-48.21,0.004,-2.75,4.44,0.09,0.0275,1.7849,11.89,44300.3,7.96,90.83,2.368,-0,-0.9998,124.84,127.26,131.37,24.96,Cornering,"Hoosier 43075 16x7.5-10 R20, 7 inch rim",5043
78.42,380.63,-3.29,-88.54,-49.77,0.001,-2.85,4.37,0.09,0.0661,1.779,11.92,44329.36,7.96,90.85,2.421,-0,-0.9998,124.89,127.28,131.39,24.97,Cornering,"Hoosier 43075 16x7.5-10 R20, 7 inch rim",5044
78.4,380.64,-4.83,-91.53,-51.86,0.007,-3.15,4,0.09,0.0931,1.7648,11.98,44338.5,7.96,90.84,2.454,-0,-0.9998,124.89,127.32,131.37,24.98,Cornering,"Hoosier 43075 16x7.5-10 R20, 7 inch rim",5045
78.37,380.65,-5.23,-94.34,-54.98,0.007,-2.62,3.52,0.03,0.0952,1.7157,12.08,159924.62,7.96,90.81,2.495,-0,-1,124.91,127.34,131.39,24.97,Cornering,"Hoosier 43075 16x7.5-10 R20, 7 inch rim",5046
78.4,380.66,-4.44,-96.8,-57.01,0.001,-2.84,3.05,0.09,0.0779,1.6981,12.18,44294.86,7.96,90.8,2.524,-0,-0.9998,124.91,127.43,131.37,24.96,Cornering,"Hoosier 43075 16x7.5-10 R20, 7 inch rim",5047
78.42,380.67,-2.72,-98.11,-58.03,0.014,-3.23,2.83,-0.04,0.0469,1.6907,12.19,-99383.39,7.96,90.86,2.571,-0,-1.0001,124.89,127.5,131.43,24.96,Cornering,"Hoosier 43075 16x7.5-10 R20, 7 inch rim",5048
78.39,380.68,-1.31,-97.6,-56.89,0.006,-3.57,1.92,0.03,0.0231,1.7157,12.17,160022.33,7.96,90.9,2.6,-0,-1,124.84,127.52,131.43,24.98,Cornering,"Hoosier 43075 16x7.5-10 R20, 7 inch rim",5049
78.39,380.69,-0.23,-95.85,-54.79,-0,-3.66,1.05,-0.04,0.0043,1.7492,12.09,-99515.77,7.96,90.9,2.644,-0,-1.0001,124.82,127.48,131.39,25,Cornering,"Hoosier 43075 16x7.5-10 R20, 7 inch rim",5050
78.42,380.7,0.81,-92.79,-51.76,0.016,-3.32,1.2,0.09,-0.0157,1.7927,12.02,44371.66,7.96,90.93,2.673,-0,-0.9998,124.84,127.45,131.37,25,Cornering,"Hoosier 43075 16x7.5-10 R20, 7 inch rim",5051
78.41,380.71,0.63,-90.26,-48.76,0.01,-3.02,1.02,0.03,-0.013,1.8511,12,160007.31,7.96,90.92,2.71,-0,-1,124.78,127.37,131.43,24.98,Cornering,"Hoosier 43075 16x7.5-10 R20, 7 inch rim",5052
78.38,380.72,0.07,-88.86,-46.8,0.012,-2.53,1.75,0.16,-0.0016,1.8985,12.05,25722.67,7.96,90.85,2.747,-0,-0.9997,124.82,127.37,131.39,24.97,Cornering,"Hoosier 43075 16x7.5-10 R20, 7 inch rim",5053
78.4,380.73,-1.13,-89.29,-46.62,0.006,-1.56,2.66,-0.04,0.0243,1.9154,12.09,-99319.81,7.96,90.79,2.776,-0,-1.0001,124.84,127.3,131.51,24.95,Cornering,"Hoosier 43075 16x7.5-10 R20, 7 inch rim",5054
78.42,380.74,-2.03,-91.31,-47.49,0.004,-1.68,4.18,-0.04,0.0427,1.9226,12.16,-99246.4,7.97,90.73,2.823,-0,-1.0001,124.97,127.34,131.63,24.93,Cornering,"Hoosier 43075 16x7.5-10 R20, 7 inch rim",5055
78.4,380.75,-2.11,-94.43,-49.51,0.004,-1.88,6.3,0.09,0.0425,1.9074,12.18,44271.67,7.97,90.71,2.862,-0,-0.9998,125.01,127.39,131.71,24.95,Cornering,"Hoosier 43075 16x7.5-10 R20, 7 inch rim",5056
78.39,380.76,-1.81,-98.17,-52.1,0.001,-2.58,7.64,-0.04,0.0348,1.8842,12.12,-99332.71,7.97,90.7,2.889,-0,-1.0001,125.1,127.43,131.73,24.96,Cornering,"Hoosier 43075 16x7.5-10 R20, 7 inch rim",5057
78.42,380.77,-1.19,-101.34,-54.71,0.012,-3.46,8.04,0.03,0.0218,1.8523,12.03,159750.25,7.96,90.67,2.948,-0,-1,125.1,127.52,131.75,24.95,Cornering,"Hoosier 43075 16x7.5-10 R20, 7 inch rim",5058
78.41,380.78,-0.09,-104.1,-56.52,0.001,-3.86,7.82,0.03,0.0016,1.842,11.95,159708.59,7.97,90.63,2.978,-0,-1,125.06,127.56,131.81,24.94,Cornering,"Hoosier 43075 16x7.5-10 R20, 7 inch rim",5059
78.38,380.79,1.29,-104.79,-56.9,0.017,-4.24,7.12,0.03,-0.0227,1.8418,11.95,159739.59,7.96,90.63,3.018,-0,-1,125.08,127.63,131.83,24.95,Cornering,"Hoosier 43075 16x7.5-10 R20, 7 inch rim",5060
78.4,380.8,2.96,-103.17,-55.18,0.004,-4.37,6.55,0.03,-0.0537,1.8698,11.96,159693.83,7.97,90.63,3.074,-0,-1,125.04,127.65,131.83,24.94,Cornering,"Hoosier 43075 16x7.5-10 R20, 7 inch rim",5061
78.42,380.81,4.02,-99.7,-52.33,-0.002,-3.7,5.98,0.16,-0.0768,1.9052,12.08,25701.95,7.97,90.66,3.113,-0,-0.9997,124.99,127.65,131.79,24.96,Cornering,"Hoosier 43075 16x7.5-10 R20, 7 inch rim",5062
78.4,380.82,4.15,-95.65,-48.98,0.001,-2.79,5.47,0.03,-0.0848,1.9531,12.15,159904.23,7.97,90.67,3.151,-0,-1,124.93,127.59,131.73,24.98,Cornering,"Hoosier 43075 16x7.5-10 R20, 7 inch rim",5063
78.38,380.83,3.23,-92.83,-46.11,-0,-1.96,4.84,0.09,-0.07,2.0133,12.19,44298.22,7.97,90.66,3.203,-0,-0.9998,124.86,127.56,131.71,24.97,Cornering,"Hoosier 43075 16x7.5-10 R20, 7 inch rim",5064
78.41,380.84,1.16,-92.23,-45.56,0.007,-0.73,4.13,0.03,-0.0254,2.0245,12.17,159963.77,7.96,90.62,3.241,-0,-1,124.91,127.48,131.69,24.99,Cornering,"Hoosier 43075 16x7.5-10 R20, 7 inch rim",5065
78.42,380.85,-1.18,-94.1,-45.69,0.009,-0.79,3.69,0.09,0.0258,2.0596,12.08,44305.04,7.97,90.64,3.279,-0,-0.9998,125.01,127.45,131.75,24.98,Cornering,"Hoosier 43075 16x7.5-10 R20, 7 inch rim",5066
78.39,380.86,-3.25,-97.48,-47.32,-0.002,-1.3,3.37,-0.11,0.0688,2.0603,12.03,-37926.15,7.97,90.64,3.327,-0,-1.0002,125.1,127.52,131.79,24.99,Cornering,"Hoosier 43075 16x7.5-10 R20, 7 inch rim",5067
78.39,380.87,-4.25,-102.04,-49.81,0.006,-2.37,3.55,0.03,0.0854,2.0486,12.03,159904.8,7.97,90.65,3.372,-0,-1,125.1,127.54,131.79,24.98,Cornering,"Hoosier 43075 16x7.5-10 R20, 7 inch rim",5068
78.42,380.88,-4.56,-106.27,-52.75,0.009,-3.26,3.43,-0.04,0.0864,2.0146,12.07,-99418.89,7.97,90.66,3.413,-0,-1.0001,125.14,127.59,131.79,24.99,Cornering,"Hoosier 43075 16x7.5-10 R20, 7 inch rim",5069
78.4,380.89,-3.79,-110.01,-55.01,0.007,-4.83,3.08,0.03,0.0689,2,12.11,159925.98,7.97,90.67,3.463,-0,-1,125.16,127.67,131.85,24.99,Cornering,"Hoosier 43075 16x7.5-10 R20, 7 inch rim",5070
78.38,380.9,-3.02,-111.41,-55.97,0.006,-5.21,1.76,0.09,0.054,1.9903,12.17,44305.38,7.97,90.7,3.488,-0,-0.9998,125.06,127.65,131.87,24.98,Cornering,"Hoosier 43075 16x7.5-10 R20, 7 inch rim",5071
78.4,380.91,-1.75,-110.31,-54.79,0.004,-5.56,0.64,-0.04,0.0319,2.0132,12.15,-99359.62,7.97,90.75,3.534,-0,-1.0001,125.04,127.7,131.89,24.98,Cornering,"Hoosier 43075 16x7.5-10 R20, 7 inch rim",5072
78.41,380.92,-0.65,-106.77,-52.41,0.016,-5,-0.28,0.03,0.0125,2.037,12.11,159831.39,7.96,90.77,3.578,-0,-1,125.1,127.7,131.81,24.98,Cornering,"Hoosier 43075 16x7.5-10 R20, 7 inch rim",5073
78.39,380.93,0.09,-101.72,-49.56,0.006,-3.64,-0.63,0.09,-0.0019,2.0527,12.03,44319.72,7.97,90.75,3.612,-0,-0.9998,125.01,127.74,131.79,25,Cornering,"Hoosier 43075 16x7.5-10 R20, 7 inch rim",5074
78.4,380.94,0.55,-97.37,-46.62,0.012,-1.78,-0.02,0.16,-0.0118,2.0886,11.95,25728.98,7.97,90.71,3.647,-0,-0.9997,124.97,127.63,131.71,25,Cornering,"Hoosier 43075 16x7.5-10 R20, 7 inch rim",5075
78.42,380.95,0.08,-95.5,-44.58,0.012,-1.3,0.72,0.09,-0.0017,2.1421,11.92,44326.63,7.97,90.69,3.678,-0,-0.9998,124.91,127.65,131.63,25,Cornering,"Hoosier 43075 16x7.5-10 R20, 7 inch rim",5076
78.4,380.96,-1.06,-96.72,-44.56,0.007,-0.98,1.75,0.16,0.0239,2.1703,11.97,25732.76,7.97,90.68,3.72,-0,-0.9997,124.95,127.59,131.63,25.01,Cornering,"Hoosier 43075 16x7.5-10 R20, 7 inch rim",5077
78.37,380.97,-2.35,-100.15,-46.15,0.007,-1.29,3,-0.04,0.051,2.1703,12.04,-99356.9,7.97,90.66,3.758,-0,-1.0001,125.01,127.52,131.67,24.98,Cornering,"Hoosier 43075 16x7.5-10 R20, 7 inch rim",5078
78.4,380.98,-3.11,-105,-48.67,0.01,-2.05,4.28,0.03,0.064,2.1573,12.11,159754.02,7.97,90.62,3.794,-0,-1,125.08,127.54,131.71,24.97,Cornering,"Hoosier 43075 16x7.5-10 R20, 7 inch rim",5079
78.41,380.99,-2.48,-109.65,-51.55,0.001,-3.26,6.09,0.09,0.0481,2.127,12.13,44236.07,7.97,90.61,3.837,-0,-0.9998,125.04,127.56,131.73,24.96,Cornering,"Hoosier 43075 16x7.5-10 R20, 7 inch rim",5080
78.39,381,-1.24,-113.63,-53.99,0.019,-4.97,7.39,0.09,0.0229,2.1048,12.09,44234.45,7.97,90.65,3.867,-0,-0.9998,125.06,127.56,131.75,24.96,Cornering,"Hoosier 43075 16x7.5-10 R20, 7 inch rim",5081
78.39,381.01,0.32,-115.81,-55,0.016,-6.35,7.6,0.03,-0.0059,2.1055,12.03,159583.73,7.97,90.68,3.907,-0,-1,125.01,127.52,131.77,24.95,Cornering,"Hoosier 43075 16x7.5-10 R20, 7 inch rim",5082
78.42,381.02,2.03,-115.28,-55.96,0.003,-4.93,7.26,0.09,-0.0363,2.0598,11.98,44250.54,7.97,90.74,3.949,-0,-0.9998,124.97,127.59,131.75,24.97,Cornering,"Hoosier 43075 16x7.5-10 R20, 7 inch rim",5083
78.42,381.03,3.65,-111.86,-53.93,0.007,-4.32,6.84,0.16,-0.0677,2.0741,12,25682.73,7.97,90.77,3.985,-0,-0.9997,124.99,127.56,131.71,24.97,Cornering,"Hoosier 43075 16x7.5-10 R20, 7 inch rim",5084
78.37,381.04,4.38,-106.84,-51.24,0.001,-2.82,5.98,0.03,-0.0855,2.0849,12.06,159633.55,7.97,90.77,4.029,-0,-1,125.04,127.54,131.61,24.96,Cornering,"Hoosier 43075 16x7.5-10 R20, 7 inch rim",5085
78.4,381.05,4.47,-101.88,-47.25,0.01,-2.44,5.57,0.03,-0.0945,2.156,12.14,159590.95,7.97,90.82,4.056,-0,-1,124.97,127.52,131.63,24.96,Cornering,"Hoosier 43075 16x7.5-10 R20, 7 inch rim",5086
78.42,381.06,3.94,-99.06,-45.25,0.01,-1.12,5.55,0.03,-0.0871,2.1893,12.19,159543.59,7.97,90.85,4.106,-0,-1,124.99,127.5,131.57,24.95,Cornering,"Hoosier 43075 16x7.5-10 R20, 7 inch rim",5087
78.4,381.07,2.81,-99.34,-44.19,0.004,-1.21,5.62,0.03,-0.0635,2.2479,12.17,159647.95,7.97,90.9,4.139,-0,-1,125.06,127.45,131.53,24.97,Cornering,"Hoosier 43075 16x7.5-10 R20, 7 inch rim",5088
78.38,381.08,0.85,-102.31,-45.05,0.006,-1.27,5.58,0.03,-0.0189,2.2707,12.1,159747.72,7.97,90.94,4.194,-0,-1,125.14,127.41,131.59,24.98,Cornering,"Hoosier 43075 16x7.5-10 R20, 7 inch rim",5089
78.4,381.09,-1.67,-107.17,-47.11,0.012,-2.46,4.93,0.09,0.0355,2.2748,12.02,44275.27,7.97,90.95,4.235,-0,-0.9998,125.23,127.56,131.65,24.99,Cornering,"Hoosier 43075 16x7.5-10 R20, 7 inch rim",5090
78.41,381.1,-3.32,-112.27,-49.75,0.001,-3.91,4.28,0.09,0.0667,2.2569,11.95,44262.28,7.97,90.92,4.281,-0,-0.9998,125.27,127.59,131.65,24.98,Cornering,"Hoosier 43075 16x7.5-10 R20, 7 inch rim",5091
78.38,381.11,-3.8,-116.63,-52.3,-0.002,-4.99,3.79,-0.04,0.0727,2.2301,11.94,-99287.6,7.97,90.88,4.307,-0,-1.0001,125.29,127.67,131.67,24.98,Cornering,"Hoosier 43075 16x7.5-10 R20, 7 inch rim",5092
78.4,381.12,-3.35,-119.48,-54.86,0.007,-5.28,3.2,0.09,0.0611,2.1779,12,44267.89,7.97,90.91,4.358,-0,-0.9998,125.34,127.67,131.69,24.99,Cornering,"Hoosier 43075 16x7.5-10 R20, 7 inch rim",5093
78.41,381.13,-2.16,-120.08,-55.49,0.003,-5.15,2.38,0.09,0.0388,2.1638,12.06,44265.18,7.97,90.89,4.403,-0,-0.9998,125.29,127.81,131.75,24.99,Cornering,"Hoosier 43075 16x7.5-10 R20, 7 inch rim",5094
78.39,381.14,-0.47,-117.52,-54.29,-0.012,-4.89,1.68,0.03,0.0086,2.1646,12.1,159734.8,7.97,90.93,4.424,-0,-1,125.38,127.83,131.77,24.99,Cornering,"Hoosier 43075 16x7.5-10 R20, 7 inch rim",5095
78.38,381.15,0.52,-112.59,-52.35,0.003,-3.16,0.75,0.03,-0.0099,2.1507,12.07,159724.23,7.97,90.91,4.471,-0,-1,125.34,127.87,131.77,24.99,Cornering,"Hoosier 43075 16x7.5-10 R20, 7 inch rim",5096
78.4,381.16,1.57,-107.49,-49.13,0.014,-2.52,0.75,-0.04,-0.032,2.1878,12,-99304.04,7.97,90.95,4.521,-0,-1.0001,125.34,127.81,131.75,25,Cornering,"Hoosier 43075 16x7.5-10 R20, 7 inch rim",5097
78.41,381.17,1.16,-103,-45.88,-0.012,-1.87,0.2,0.03,-0.0253,2.2451,11.93,159743.77,7.97,90.94,4.549,-0,-1,125.31,127.78,131.71,25,Cornering,"Hoosier 43075 16x7.5-10 R20, 7 inch rim",5098
78.39,381.18,0.72,-102.01,-44.34,0.012,-1.74,1.26,0.16,-0.0163,2.3008,11.93,25684.93,7.97,90.93,4.607,-0,-0.9997,125.34,127.81,131.67,24.99,Cornering,"Hoosier 43075 16x7.5-10 R20, 7 inch rim",5099
78.39,381.19,-0.07,-104.32,-45.21,0.006,-1.28,2.48,0.09,0.0014,2.3074,11.97,44239.5,7.97,90.95,4.647,-0,-0.9998,125.42,127.85,131.59,24.98,Cornering,"Hoosier 43075 16x7.5-10 R20, 7 inch rim",5100
78.42,381.2,-0.78,-108.95,-46.77,-0.005,-1.92,4.13,0.03,0.0166,2.3296,12.07,159527.41,7.97,90.91,4.683,-0,-1,125.49,127.87,131.69,24.97,Cornering,"Hoosier 43075 16x7.5-10 R20, 7 inch rim",5101
78.4,381.21,-1.7,-114.12,-48.36,0.001,-3.98,5.28,0.09,0.035,2.3597,12.14,44183.53,7.97,90.86,4.719,-0,-0.9998,125.53,127.96,131.75,24.96,Cornering,"Hoosier 43075 16x7.5-10 R20, 7 inch rim",5102
78.38,381.22,-2.08,-118.37,-51.43,0.009,-4.67,6,0.09,0.0404,2.3016,12.18,44160.18,7.97,90.89,4.762,-0,-0.9998,125.55,127.98,131.81,24.94,Cornering,"Hoosier 43075 16x7.5-10 R20, 7 inch rim",5103
78.4,381.23,-1.61,-121.46,-53.54,0.001,-5.15,6.2,0.09,0.0301,2.2684,12.15,44136.52,7.97,90.85,4.809,-0,-0.9998,125.47,127.98,131.87,24.93,Cornering,"Hoosier 43075 16x7.5-10 R20, 7 inch rim",5104
78.42,381.24,-0.27,-122.74,-54.9,0.007,-5.36,6.19,0.09,0.005,2.2358,12.09,44144.68,7.97,90.8,4.841,-0,-0.9998,125.53,128,131.95,24.94,Cornering,"Hoosier 43075 16x7.5-10 R20, 7 inch rim",5105
78.39,381.25,0.97,-121.68,-54.62,0.014,-5.39,5.19,0.09,-0.0177,2.2276,12.01,44151.85,7.97,90.78,4.887,-0,-0.9998,125.53,128.03,131.95,24.94,Cornering,"Hoosier 43075 16x7.5-10 R20, 7 inch rim",5106
78.39,381.26,1.91,-117.66,-52.6,0.022,-5.05,3.8,0.09,-0.0362,2.237,11.97,44169.83,7.97,90.81,4.924,-0,-0.9998,125.59,128.05,131.95,24.96,Cornering,"Hoosier 43075 16x7.5-10 R20, 7 inch rim",5107
78.42,381.27,2.38,-111.84,-50.21,0.012,-3.19,2.43,0.09,-0.0474,2.2274,12,44156.93,7.97,90.84,4.962,-0,-0.9998,125.62,128.09,131.89,24.95,Cornering,"Hoosier 43075 16x7.5-10 R20, 7 inch rim",5108
78.4,381.28,2.59,-106.84,-47.07,0.012,-2.28,1.9,0.09,-0.0551,2.27,12.08,44164.12,7.97,90.84,5.007,-0,-0.9998,125.64,127.98,131.83,24.96,Cornering,"Hoosier 43075 16x7.5-10 R20, 7 inch rim",5109
78.38,381.29,1.57,-104.12,-44.64,-0.003,-1.83,1.19,0.09,-0.0352,2.3325,12.11,44161.62,7.97,90.84,5.043,-0,-0.9998,125.64,127.94,131.79,24.96,Cornering,"Hoosier 43075 16x7.5-10 R20, 7 inch rim",5110
78.4,381.3,0.78,-104.93,-44.06,0.004,-1.89,1.81,0.09,-0.0178,2.3814,12.09,44168.46,7.97,90.87,5.091,-0,-0.9998,125.66,127.94,131.75,24.96,Cornering,"Hoosier 43075 16x7.5-10 R20, 7 inch rim",5111
78.41,381.31,-1.04,-108.39,-44.71,0.013,-2.37,2.05,0.16,0.0233,2.4241,12.06,25646.8,7.97,90.9,5.124,-0,-0.9997,125.74,128,131.75,24.97,Cornering,"Hoosier 43075 16x7.5-10 R20, 7 inch rim",5112
78.39,381.32,-2.15,-113.01,-47.24,0.001,-2.16,3.09,0.09,0.0456,2.3922,11.97,44204.09,7.97,90.93,5.167,-0,-0.9998,125.81,127.94,131.81,24.98,Cornering,"Hoosier 43075 16x7.5-10 R20, 7 inch rim",5113
78.38,381.33,-3.68,-118.02,-49.51,0.006,-3.59,3.05,0.09,0.0743,2.3836,11.89,44232.08,7.97,90.95,5.206,-0,-0.9998,125.83,127.98,131.85,25,Cornering,"Hoosier 43075 16x7.5-10 R20, 7 inch rim",5114
78.42,381.34,-3.68,-122.05,-52.35,-0,-3.94,3.49,0.03,0.0703,2.3317,11.89,159609.23,7.97,90.97,5.247,-0,-1,125.85,128,131.87,25,Cornering,"Hoosier 43075 16x7.5-10 R20, 7 inch rim",5115
78.4,381.35,-3.08,-124.77,-53.68,0.013,-5.49,3.36,0.03,0.0574,2.3243,11.93,159560.92,7.97,90.98,5.29,-0,-1,125.85,128,131.95,25,Cornering,"Hoosier 43075 16x7.5-10 R20, 7 inch rim",5116
78.38,381.36,-1.22,-125.16,-54.99,-0.003,-4.82,3.47,0.03,0.0222,2.2761,12,159441.2,7.97,91.02,5.323,-0,-0.9999,125.83,128.14,132.05,24.98,Cornering,"Hoosier 43075 16x7.5-10 R20, 7 inch rim",5117
78.4,381.37,0.78,-122.87,-54.42,0.007,-4.03,3.47,0.03,-0.0143,2.2577,12.08,159395.41,7.97,91.05,5.356,-0,-0.9999,125.81,128.09,132.09,24.97,Cornering,"Hoosier 43075 16x7.5-10 R20, 7 inch rim",5118
78.42,381.38,1.57,-118.21,-52.43,0.01,-3.28,2.44,-0.04,-0.03,2.2544,12.12,-99122.46,7.97,91.07,5.399,-0,-1.0001,125.89,128.07,132.01,24.98,Cornering,"Hoosier 43075 16x7.5-10 R20, 7 inch rim",5119
78.4,381.39,2.84,-112.88,-49.21,0.004,-2.53,2.63,0.16,-0.0577,2.2938,12.09,25651.4,7.97,91.02,5.436,-0,-0.9997,125.87,128.09,131.97,24.99,Cornering,"Hoosier 43075 16x7.5-10 R20, 7 inch rim",5120
78.38,381.4,3.17,-108.62,-46.5,-0.005,-1.82,2.93,0.03,-0.0682,2.3359,12.03,159585.2,7.97,90.96,5.475,-0,-1,125.83,128.07,131.89,25.01,Cornering,"Hoosier 43075 16x7.5-10 R20, 7 inch rim",5121
78.41,381.41,2.62,-107.36,-44.89,-0.006,-1.27,3.34,0.03,-0.0583,2.3915,11.98,159683.97,7.97,90.88,5.519,-0,-1,125.87,128.07,131.85,25.03,Cornering,"Hoosier 43075 16x7.5-10 R20, 7 inch rim",5122
78.41,381.42,1.95,-109.3,-44.92,0.01,-1.66,4.56,0.09,-0.0434,2.4333,11.97,44288.02,7.97,90.76,5.555,-0,-0.9998,125.98,128.05,131.79,25.05,Cornering,"Hoosier 43075 16x7.5-10 R20, 7 inch rim",5123
78.39,381.43,0.25,-113.5,-46.2,0.007,-2.29,4.98,0.23,-0.0054,2.4566,12.03,18102.59,7.97,90.7,5.591,-0,-0.9996,126.11,128.03,131.83,25.04,Cornering,"Hoosier 43075 16x7.5-10 R20, 7 inch rim",5124
78.4,381.44,-1.25,-118.48,-48.14,0.007,-3.13,5.15,0.03,0.0259,2.4613,12.12,159685.78,7.97,90.65,5.645,-0,-1,126.11,128.09,131.83,25.03,Cornering,"Hoosier 43075 16x7.5-10 R20, 7 inch rim",5125
78.42,381.45,-2.28,-122.68,-51.13,0.004,-3.53,5.07,0.16,0.0445,2.3995,12.17,25676.35,7.97,90.66,5.677,-0,-0.9997,126.17,128.14,131.85,25.03,Cornering,"Hoosier 43075 16x7.5-10 R20, 7 inch rim",5126
78.4,381.46,-1.96,-126.15,-53.07,0.012,-5.13,5.19,0.03,0.037,2.3772,12.15,159513.47,7.97,90.69,5.731,-0,-1,126.22,128.16,131.85,25.01,Cornering,"Hoosier 43075 16x7.5-10 R20, 7 inch rim",5127
78.37,381.47,-1.63,-127.98,-55.4,0.001,-4.41,3.97,0.09,0.0295,2.3099,12.08,44200.93,7.97,90.76,5.751,-0,-0.9998,126.24,128.14,131.89,25.01,Cornering,"Hoosier 43075 16x7.5-10 R20, 7 inch rim",5128
78.41,381.48,-0.46,-126.93,-55.35,0.01,-4.56,2.86,-0.04,0.0082,2.2931,11.98,-99143.7,7.97,90.79,5.806,-0,-1.0001,126.19,128.2,131.91,25.01,Cornering,"Hoosier 43075 16x7.5-10 R20, 7 inch rim",5129
78.41,381.49,0.6,-122.83,-53.32,-0,-4.23,1.62,0.09,-0.0112,2.3037,11.95,44172.98,7.97,90.81,5.844,-0,-0.9998,126.17,128.25,131.91,25,Cornering,"Hoosier 43075 16x7.5-10 R20, 7 inch rim",5130
78.38,381.5,1.97,-117.39,-51.02,0.006,-3,1.24,0.09,-0.0387,2.3011,11.97,44169.85,7.97,90.84,5.883,-0,-0.9998,126.22,128.27,131.87,25,Cornering,"Hoosier 43075 16x7.5-10 R20, 7 inch rim",5131
78.39,381.51,1.97,-112.14,-47.84,0.016,-2.46,0.5,0.03,-0.0411,2.3439,12.02,159306.47,7.97,90.9,5.935,-0,-0.9999,126.15,128.27,131.85,24.98,Cornering,"Hoosier 43075 16x7.5-10 R20, 7 inch rim",5132
78.42,381.52,1.99,-109.24,-45.03,-0.003,-2.73,0.82,0.03,-0.0443,2.426,12.11,159222.78,7.97,90.93,5.968,-0,-0.9999,126.15,128.25,131.77,24.97,Cornering,"Hoosier 43075 16x7.5-10 R20, 7 inch rim",5133
78.4,381.53,1.59,-109.3,-44.73,0.012,-1.53,2.07,0.09,-0.0356,2.4433,12.17,44129.14,7.97,90.91,6.005,-0,-0.9998,126.09,128.25,131.73,24.98,Cornering,"Hoosier 43075 16x7.5-10 R20, 7 inch rim",5134
78.38,381.54,0.51,-112.53,-45.41,0.001,-2,3,0.09,-0.0111,2.478,12.16,44094.97,7.97,90.91,6.046,-0,-0.9998,126.22,128.33,131.71,24.96,Cornering,"Hoosier 43075 16x7.5-10 R20, 7 inch rim",5135
78.4,381.55,-1.5,-117.37,-47.13,0.004,-2.61,3.19,0.09,0.0318,2.4905,12.08,44121.97,7.97,90.87,6.091,-0,-0.9998,126.34,128.4,131.71,24.98,Cornering,"Hoosier 43075 16x7.5-10 R20, 7 inch rim",5136
78.42,381.56,-2.47,-121.91,-49.53,0.009,-3.31,3.9,0.09,0.0499,2.4613,12.01,44129.44,7.97,90.85,6.124,-0,-0.9998,126.41,128.44,131.73,24.98,Cornering,"Hoosier 43075 16x7.5-10 R20, 7 inch rim",5137
78.39,381.57,-2.3,-125.6,-51.76,-0.005,-4.14,4.64,0.09,0.0444,2.4267,11.96,44157.48,7.97,90.82,6.155,-0,-0.9998,126.41,128.44,131.75,25,Cornering,"Hoosier 43075 16x7.5-10 R20, 7 inch rim",5138
78.39,381.58,-1.54,-128.4,-53.99,-0.007,-4.78,4.6,0.09,0.0286,2.378,11.99,44143.58,7.97,90.8,6.198,-0,-0.9998,126.47,128.47,131.81,25,Cornering,"Hoosier 43075 16x7.5-10 R20, 7 inch rim",5139
78.42,381.59,-0.45,-129.23,-54.77,0.004,-5.37,4.13,0.03,0.0083,2.3594,12.03,159254.5,7.97,90.75,6.228,-0,-0.9999,126.47,128.47,131.85,24.99,Cornering,"Hoosier 43075 16x7.5-10 R20, 7 inch rim",5140
78.4,381.6,0.84,-127.03,-54.37,0.001,-4.66,3.2,0.16,-0.0154,2.3365,12.11,25600.19,7.97,90.71,6.274,-0,-0.9997,126.43,128.53,131.89,24.98,Cornering,"Hoosier 43075 16x7.5-10 R20, 7 inch rim",5141
78.38,381.61,2.07,-122.23,-52.61,0.007,-3.86,2.37,0.09,-0.0393,2.3232,12.13,44071.04,7.97,90.63,6.327,-0,-0.9998,126.43,128.53,131.87,24.96,Cornering,"Hoosier 43075 16x7.5-10 R20, 7 inch rim",5142
78.4,381.62,2.72,-116.5,-49.6,0.016,-2.68,1.75,-0.04,-0.0548,2.3485,12.11,-98855.9,7.97,90.57,6.359,-0,-1.0001,126.43,128.47,131.79,24.96,Cornering,"Hoosier 43075 16x7.5-10 R20, 7 inch rim",5143
78.42,381.63,3.11,-112.12,-46.3,0.014,-2.52,1.89,0.03,-0.0672,2.4219,12.03,159092.02,7.97,90.53,6.393,-0,-0.9999,126.47,128.42,131.77,24.97,Cornering,"Hoosier 43075 16x7.5-10 R20, 7 inch rim",5144
78.4,381.64,2.49,-110.38,-44.73,0.01,-1.74,2.16,-0.04,-0.0557,2.4675,11.96,-98909.2,7.97,90.51,6.437,-0,-1.0001,126.45,128.47,131.65,24.98,Cornering,"Hoosier 43075 16x7.5-10 R20, 7 inch rim",5145
78.38,381.65,1.67,-112.07,-44.86,0.006,-1.61,3.16,-0.04,-0.0372,2.4982,11.93,-98969.46,7.97,90.52,6.48,-0,-1.0001,126.58,128.49,131.63,25,Cornering,"Hoosier 43075 16x7.5-10 R20, 7 inch rim",5146
78.41,381.66,-0.15,-115.96,-45.63,0.004,-2.25,3.35,0.09,0.0033,2.5413,11.96,44105.61,7.97,90.58,6.515,-0,-0.9998,126.67,128.51,131.63,24.99,Cornering,"Hoosier 43075 16x7.5-10 R20, 7 inch rim",5147
78.4,381.67,-1.53,-120.82,-47.73,0.01,-2.84,4.09,0.03,0.0321,2.5312,12.06,159186.2,7.97,90.62,6.559,-0,-0.9999,126.73,128.55,131.63,25,Cornering,"Hoosier 43075 16x7.5-10 R20, 7 inch rim",5148
78.38,381.68,-2.57,-125.47,-50.02,0.004,-4.01,4.32,0.09,0.0513,2.5085,12.12,44078.05,7.97,90.68,6.593,-0,-0.9998,126.73,128.47,131.65,24.98,Cornering,"Hoosier 43075 16x7.5-10 R20, 7 inch rim",5149
78.39,381.69,-2.91,-128.72,-52.34,-0.002,-4.74,3.94,0.03,0.0555,2.4592,12.16,159012.28,7.97,90.7,6.639,-0,-0.9999,126.77,128.4,131.67,24.97,Cornering,"Hoosier 43075 16x7.5-10 R20, 7 inch rim",5150
78.42,381.7,-1.73,-130.48,-54.43,0.007,-4.39,4.13,0.09,0.0317,2.3973,12.14,44049.61,7.97,90.71,6.681,-0,-0.9998,126.8,128.36,131.73,24.97,Cornering,"Hoosier 43075 16x7.5-10 R20, 7 inch rim",5151
78.39,381.71,-0.67,-130.08,-54.81,0.022,-4.51,3.13,0.16,0.0122,2.3731,12.08,25576.68,7.97,90.7,6.727,-0,-0.9997,126.84,128.33,131.77,24.98,Cornering,"Hoosier 43075 16x7.5-10 R20, 7 inch rim",5152
78.38,381.72,0.74,-126.94,-53.57,0.017,-4.31,2.1,0.09,-0.0138,2.3695,11.99,44063.05,7.97,90.65,6.757,-0,-0.9998,126.8,128.4,131.77,24.98,Cornering,"Hoosier 43075 16x7.5-10 R20, 7 inch rim",5153
78.41,381.73,1.56,-121.58,-51.29,0.004,-3.37,0.89,0.09,-0.0304,2.3704,12,44059.58,7.97,90.63,6.794,-0,-0.9998,126.84,128.4,131.77,24.98,Cornering,"Hoosier 43075 16x7.5-10 R20, 7 inch rim",5154
78.41,381.74,2.58,-115.99,-48.17,0.009,-2.71,0.96,0.03,-0.0535,2.4081,12.03,159052.47,7.97,90.62,6.85,-0,-0.9999,126.86,128.36,131.71,24.99,Cornering,"Hoosier 43075 16x7.5-10 R20, 7 inch rim",5155
78.38,381.75,2.73,-112.42,-45.69,0.014,-1.94,1.3,0.09,-0.0597,2.4604,12.06,44091.71,7.97,90.62,6.887,-0,-0.9998,126.8,128.31,131.61,25,Cornering,"Hoosier 43075 16x7.5-10 R20, 7 inch rim",5156
78.4,381.76,2.39,-112.22,-44.21,0.006,-2.18,2.25,-0.04,-0.0541,2.5387,12.08,-98899.88,7.97,90.63,6.927,-0,-1.0001,126.82,128.33,131.55,25,Cornering,"Hoosier 43075 16x7.5-10 R20, 7 inch rim",5157
78.41,381.77,0.59,-114.69,-44.8,0.001,-1.56,2.33,0.09,-0.0131,2.5597,12.06,44094.7,7.97,90.63,6.963,-0,-0.9998,126.88,128.4,131.55,25.01,Cornering,"Hoosier 43075 16x7.5-10 R20, 7 inch rim",5158
78.4,381.78,-0.8,-119.23,-46.29,0.006,-2.51,3.06,0.03,0.0173,2.5758,12,159149.8,7.97,90.6,6.996,-0,-0.9999,127.05,128.4,131.65,25.01,Cornering,"Hoosier 43075 16x7.5-10 R20, 7 inch rim",5159
78.38,381.79,-1.72,-123.23,-48.47,-0.005,-2.7,3.82,0.03,0.0355,2.5424,11.91,159059.56,7.97,90.62,7.043,-0,-0.9999,127.05,128.47,131.67,25,Cornering,"Hoosier 43075 16x7.5-10 R20, 7 inch rim",5160
78.41,381.8,-2.32,-127.32,-50.77,0.001,-4.05,3.96,0.09,0.0456,2.508,11.89,44072.43,7.97,90.62,7.087,-0,-0.9998,127.05,128.53,131.65,25,Cornering,"Hoosier 43075 16x7.5-10 R20, 7 inch rim",5161
78.41,381.81,-1.94,-130.29,-53.14,0.001,-4.59,3.85,0.09,0.0364,2.4518,11.92,44088.95,7.97,90.64,7.127,-0,-0.9998,127.07,128.49,131.71,25.01,Cornering,"Hoosier 43075 16x7.5-10 R20, 7 inch rim",5162
78.39,381.82,-0.68,-131.72,-54.34,0.007,-5.12,3.51,0.09,0.0126,2.4242,12,44075.77,7.97,90.61,7.157,-0,-0.9998,127.14,128.51,131.75,25.01,Cornering,"Hoosier 43075 16x7.5-10 R20, 7 inch rim",5163
78.39,381.83,0.61,-130.15,-54.39,0.004,-4.48,2.59,0.03,-0.0113,2.393,12.11,158969.06,7.97,90.64,7.195,-0,-0.9999,127.18,128.53,131.79,25,Cornering,"Hoosier 43075 16x7.5-10 R20, 7 inch rim",5164
78.42,381.84,1.9,-125.83,-52.99,0.013,-3.97,1.89,-0.04,-0.0359,2.3744,12.17,-98648.35,7.97,90.7,7.239,-0,-1.0001,127.2,128.6,131.79,24.96,Cornering,"Hoosier 43075 16x7.5-10 R20, 7 inch rim",5165
78.4,381.85,2.83,-119.86,-50.08,0.003,-3.15,1.24,0.09,-0.0566,2.3931,12.19,43931.21,7.97,90.79,7.276,-0,-0.9998,127.27,128.62,131.75,24.93,Cornering,"Hoosier 43075 16x7.5-10 R20, 7 inch rim",5166
78.37,381.86,3,-114.4,-46.7,0.004,-2.41,1.12,0.09,-0.0643,2.4495,12.12,43906.78,7.97,90.85,7.316,-0,-0.9998,127.2,128.69,131.69,24.92,Cornering,"Hoosier 43075 16x7.5-10 R20, 7 inch rim",5167
78.4,381.87,2.85,-112.22,-44.6,0.006,-2.13,1.5,0.16,-0.0639,2.5164,12.03,25493.45,7.97,90.88,7.364,-0,-0.9997,127.27,128.71,131.63,24.93,Cornering,"Hoosier 43075 16x7.5-10 R20, 7 inch rim",5168
78.42,381.88,1.74,-113.02,-43.8,0.01,-2.08,2.16,0.03,-0.0398,2.5805,11.98,158636.53,7.97,90.92,7.401,-0,-0.9999,127.33,128.8,131.63,24.96,Cornering,"Hoosier 43075 16x7.5-10 R20, 7 inch rim",5169
78.39,381.89,0.25,-116.41,-45.11,0.004,-1.29,2.82,-0.04,-0.0056,2.5803,11.97,-98692.05,7.97,90.98,7.451,-0,-1.0001,127.42,128.86,131.61,24.98,Cornering,"Hoosier 43075 16x7.5-10 R20, 7 inch rim",5170
78.39,381.9,-1.35,-121.16,-46.98,0.02,-2.29,3.35,0.16,0.0287,2.5792,12,25533.83,7.97,91.03,7.483,-0,-0.9997,127.5,128.91,131.71,24.98,Cornering,"Hoosier 43075 16x7.5-10 R20, 7 inch rim",5171
78.42,381.91,-2.41,-125.95,-49.35,0.01,-3.23,3.66,0.03,0.0488,2.5522,12.08,158740.53,7.97,91.03,7.518,-0,-0.9999,127.57,128.88,131.81,24.98,Cornering,"Hoosier 43075 16x7.5-10 R20, 7 inch rim",5172
78.4,381.92,-2.85,-129.78,-51.92,-0.006,-4.03,3.54,0.03,0.0548,2.4995,12.12,158612.38,7.97,91.05,7.566,-0,-0.9999,127.59,128.82,131.87,24.96,Cornering,"Hoosier 43075 16x7.5-10 R20, 7 inch rim",5173
78.38,381.93,-2.15,-132.5,-53.74,0.007,-5.15,3.44,0.03,0.0401,2.4654,12.1,158634.7,7.97,91.03,7.604,-0,-0.9999,127.61,128.77,131.93,24.97,Cornering,"Hoosier 43075 16x7.5-10 R20, 7 inch rim",5174
78.4,381.94,-1.09,-132.96,-54.49,0.007,-5.35,2.71,0.03,0.0201,2.4399,12.02,158547,7.97,91.01,7.641,-0,-0.9999,127.59,128.8,131.95,24.96,Cornering,"Hoosier 43075 16x7.5-10 R20, 7 inch rim",5175
78.43,381.95,0.65,-129.98,-53.58,0.001,-5,2.16,0.09,-0.0121,2.4259,11.94,43950.76,7.97,90.98,7.683,-0,-0.9998,127.57,128.82,131.95,24.97,Cornering,"Hoosier 43075 16x7.5-10 R20, 7 inch rim",5176
78.39,381.96,1.94,-124.53,-51.17,0.004,-4.15,1.43,0.09,-0.0378,2.4338,11.91,43956.88,7.97,90.92,7.722,-0,-0.9998,127.61,128.84,131.87,24.97,Cornering,"Hoosier 43075 16x7.5-10 R20, 7 inch rim",5177
78.38,381.97,3.13,-118.34,-48.46,0.013,-2.97,1.55,-0.04,-0.0647,2.4421,11.93,-98598.82,7.97,90.86,7.752,-0,-1.0001,127.65,128.84,131.79,24.97,Cornering,"Hoosier 43075 16x7.5-10 R20, 7 inch rim",5178
78.41,381.98,2.91,-113.98,-45.75,0.014,-2.01,1.15,0.09,-0.0636,2.4914,12.01,43968.44,7.97,90.84,7.805,-0,-0.9998,127.68,128.86,131.71,24.98,Cornering,"Hoosier 43075 16x7.5-10 R20, 7 inch rim",5179
78.4,381.99,2.54,-112.86,-44.13,0.01,-1.62,1.9,0.09,-0.0575,2.5573,12.09,43953.79,7.97,90.83,7.846,-0,-0.9998,127.7,128.88,131.65,24.98,Cornering,"Hoosier 43075 16x7.5-10 R20, 7 inch rim",5180
78.38,382,1.29,-114.83,-43.81,-0,-1.57,2.37,0.16,-0.0294,2.6211,12.15,25503.84,7.97,90.83,7.876,-0,-0.9997,127.74,128.95,131.63,24.97,Cornering,"Hoosier 43075 16x7.5-10 R20, 7 inch rim",5181
78.39,382.01,-0.22,-119.22,-45.88,0.006,-1.57,2.87,0.09,0.0047,2.5983,12.14,43936.47,7.97,90.83,7.912,-0,-0.9998,127.91,129.04,131.63,24.97,Cornering,"Hoosier 43075 16x7.5-10 R20, 7 inch rim",5182
78.42,382.02,-1.63,-124.06,-47.66,0.007,-3.26,3.37,-0.04,0.0342,2.6029,12.09,-98479.35,7.97,90.84,7.962,-0,-1.0001,128,129.08,131.65,24.96,Cornering,"Hoosier 43075 16x7.5-10 R20, 7 inch rim",5183
78.39,382.03,-2.13,-128.46,-50.92,0.014,-3.21,3.87,0.03,0.0419,2.5228,12,158375.78,7.97,90.85,7.989,-0,-0.9999,128.04,129.08,131.69,24.95,Cornering,"Hoosier 43075 16x7.5-10 R20, 7 inch rim",5184
78.38,382.04,-1.98,-131.7,-52.31,0.006,-4.92,3.78,-0.04,0.0378,2.518,11.97,-98440.3,7.97,90.86,8.028,-0,-1.0001,128.04,128.95,131.73,24.95,Cornering,"Hoosier 43075 16x7.5-10 R20, 7 inch rim",5185
78.41,382.05,-0.82,-133.56,-54.07,0.003,-5.04,3.71,-0.04,0.0152,2.4704,11.97,-98475.07,7.97,90.87,8.072,-0,-1.0001,128.08,128.95,131.79,24.96,Cornering,"Hoosier 43075 16x7.5-10 R20, 7 inch rim",5186
78.41,382.06,0.14,-132.96,-54.72,0.007,-4.58,2.65,0.16,-0.0026,2.4297,12.06,25481.79,7.97,90.88,8.13,-0,-0.9997,128.15,128.99,131.83,24.97,Cornering,"Hoosier 43075 16x7.5-10 R20, 7 inch rim",5187
78.37,382.07,1.51,-128.74,-53.14,0.006,-4.3,1.71,0.09,-0.0283,2.4226,12.13,43899.01,7.97,90.95,8.16,-0,-0.9998,128.21,128.99,131.73,24.97,Cornering,"Hoosier 43075 16x7.5-10 R20, 7 inch rim",5188
78.4,382.08,2.9,-122.97,-49.81,0.004,-4.22,1.51,0.16,-0.0582,2.4689,12.17,25470.95,7.97,90.99,8.206,-0,-0.9997,128.21,129.06,131.69,24.96,Cornering,"Hoosier 43075 16x7.5-10 R20, 7 inch rim",5189
78.43,382.09,3.41,-116.74,-47.13,0.006,-2.39,1.25,0.09,-0.0724,2.4771,12.14,43840.36,7.97,91.03,8.229,-0,-0.9998,128.23,129.04,131.63,24.94,Cornering,"Hoosier 43075 16x7.5-10 R20, 7 inch rim",5190
78.4,382.1,3.06,-113.32,-44.52,0.009,-2.01,1.26,-0.04,-0.0687,2.5454,12.06,-98265.15,7.97,91.08,8.271,-0,-1.0001,128.21,129.08,131.61,24.92,Cornering,"Hoosier 43075 16x7.5-10 R20, 7 inch rim",5191
78.39,382.11,1.89,-112.99,-43.47,0.007,-1.49,1.44,-0.04,-0.0434,2.5994,11.98,-98275.98,7.97,91.11,8.319,-0,-1.0001,128.32,129.15,131.53,24.93,Cornering,"Hoosier 43075 16x7.5-10 R20, 7 inch rim",5192
78.4,382.12,0.49,-115.93,-43.69,0.001,-2.2,2.12,0.09,-0.0111,2.6531,11.96,43815.56,7.97,91.1,8.357,-0,-0.9998,128.45,129.24,131.53,24.93,Cornering,"Hoosier 43075 16x7.5-10 R20, 7 inch rim",5193
78.42,382.13,-0.87,-120.44,-45.92,-0,-2.17,2.73,0.03,0.0188,2.623,12,158281.25,7.97,91.07,8.405,-0,-0.9999,128.62,129.26,131.57,24.96,Cornering,"Hoosier 43075 16x7.5-10 R20, 7 inch rim",5194
78.39,382.14,-2.12,-125.5,-47.54,0.016,-4.1,3.11,0.09,0.0445,2.6397,12.07,43887.17,7.97,91.01,8.443,-0,-0.9998,128.68,129.3,131.63,24.98,Cornering,"Hoosier 43075 16x7.5-10 R20, 7 inch rim",5195
78.39,382.15,-2.24,-129.83,-51.17,0.006,-4.05,3.61,0.09,0.0438,2.5371,12.14,43852.64,7.97,90.99,8.478,-0,-0.9998,128.66,129.33,131.63,24.96,Cornering,"Hoosier 43075 16x7.5-10 R20, 7 inch rim",5196
78.42,382.16,-2.29,-133.1,-53.14,0.004,-4.84,2.99,0.16,0.0431,2.5047,12.17,25421.16,7.97,90.99,8.511,-0,-0.9997,128.77,129.3,131.67,24.93,Cornering,"Hoosier 43075 16x7.5-10 R20, 7 inch rim",5197
78.4,382.17,-1.14,-134.04,-54.16,0.006,-5.01,2.61,0.03,0.021,2.4749,12.11,157923.22,7.97,90.97,8.558,-0,-0.9999,128.7,129.33,131.73,24.92,Cornering,"Hoosier 43075 16x7.5-10 R20, 7 inch rim",5198
78.37,382.18,0.16,-132.02,-54.09,0.007,-4.18,1.7,-0.04,-0.0029,2.4407,12.08,-98087.56,7.97,90.99,8.605,-0,-1.0001,128.7,129.33,131.71,24.9,Cornering,"Hoosier 43075 16x7.5-10 R20, 7 inch rim",5199
78.4,382.19,1.5,-127.06,-52.2,0.013,-3.5,1.1,0.16,-0.0288,2.4342,12.03,25376.96,7.97,91,8.639,-0,-0.9997,128.68,129.37,131.69,24.9,Cornering,"Hoosier 43075 16x7.5-10 R20, 7 inch rim",5200
78.42,382.2,2.77,-121.21,-49.41,-0.003,-2.51,0.91,0.03,-0.0561,2.453,12.03,157874.61,7.97,91.03,8.672,-0,-0.9999,128.75,129.44,131.63,24.92,Cornering,"Hoosier 43075 16x7.5-10 R20, 7 inch rim",5201
78.38,382.21,2.95,-116.54,-46.27,-0.002,-1.92,0.81,0.03,-0.0637,2.5186,12.07,157852.55,7.97,91.03,8.724,-0,-0.9999,128.73,129.46,131.57,24.92,Cornering,"Hoosier 43075 16x7.5-10 R20, 7 inch rim",5202
78.38,382.22,2.78,-114.34,-44.08,-0.006,-2.1,1.47,0.09,-0.0632,2.5941,12.14,43728.68,7.97,91.06,8.753,-0,-0.9998,128.75,129.46,131.45,24.91,Cornering,"Hoosier 43075 16x7.5-10 R20, 7 inch rim",5203
78.41,382.23,1.7,-116.11,-43.53,0.007,-2.38,1.87,0.09,-0.039,2.6671,12.21,43711.3,7.97,91.05,8.813,-0,-0.9998,128.81,129.57,131.43,24.9,Cornering,"Hoosier 43075 16x7.5-10 R20, 7 inch rim",5204
78.41,382.24,-0,-120,-44.79,0.007,-2.6,2.3,0.03,0.0001,2.6792,12.2,157840.36,7.97,91.07,8.837,-0,-0.9999,128.98,129.72,131.43,24.92,Cornering,"Hoosier 43075 16x7.5-10 R20, 7 inch rim",5205
78.38,382.25,-1.6,-124.96,-47.35,0.001,-2.84,2.74,0.09,0.0338,2.6389,12.16,43763.88,7.97,91.08,8.883,-0,-0.9998,129.03,129.79,131.49,24.94,Cornering,"Hoosier 43075 16x7.5-10 R20, 7 inch rim",5206
78.4,382.26,-2.06,-128.92,-49.27,0.013,-4.12,3.68,0.03,0.0417,2.6164,12.06,158060.98,7.97,91.08,8.92,-0,-0.9999,129.03,129.79,131.45,24.96,Cornering,"Hoosier 43075 16x7.5-10 R20, 7 inch rim",5207
78.41,382.27,-2.31,-132.3,-51.85,0.001,-4.47,3.61,0.09,0.0445,2.5514,11.97,43837.04,7.97,91.08,8.95,-0,-0.9998,128.96,129.72,131.51,24.98,Cornering,"Hoosier 43075 16x7.5-10 R20, 7 inch rim",5208
78.4,382.28,-1.77,-134.67,-53.6,0.009,-5.01,3.35,0.16,0.0331,2.5123,11.95,25422.09,7.97,91.1,9.007,-0,-0.9997,128.88,129.61,131.57,24.97,Cornering,"Hoosier 43075 16x7.5-10 R20, 7 inch rim",5209
78.39,382.29,-0.89,-134.95,-54.18,0.001,-5.17,2.23,0.03,0.0165,2.4908,11.96,158047.64,7.97,91.1,9.033,-0,-0.9999,128.79,129.61,131.61,24.97,Cornering,"Hoosier 43075 16x7.5-10 R20, 7 inch rim",5210
78.42,382.3,0.64,-132.15,-53.85,0.004,-4.09,1.47,0.03,-0.0119,2.4543,12.03,158025.27,7.97,91.11,9.083,-0,-0.9999,128.79,129.63,131.59,24.97,Cornering,"Hoosier 43075 16x7.5-10 R20, 7 inch rim",5211
78.42,382.31,2.2,-126.43,-51.31,0.013,-3.22,1.14,-0.04,-0.0428,2.4639,12.11,-98243.95,7.97,91.1,9.122,-0,-1.0001,128.75,129.66,131.61,24.97,Cornering,"Hoosier 43075 16x7.5-10 R20, 7 inch rim",5212
78.38,382.32,2.78,-120.84,-48.41,0.017,-2.64,0.69,0.09,-0.0574,2.4962,12.11,43790.3,7.97,91.1,9.164,-0,-0.9998,128.79,129.66,131.57,24.97,Cornering,"Hoosier 43075 16x7.5-10 R20, 7 inch rim",5213
78.4,382.33,3.04,-116.39,-45.39,-0,-2.13,0.84,0.16,-0.067,2.5644,12.06,25414.36,7.97,91.11,9.196,-0,-0.9997,128.73,129.74,131.47,24.97,Cornering,"Hoosier 43075 16x7.5-10 R20, 7 inch rim",5214
78.42,382.34,2.46,-115.34,-43.72,0.01,-2.31,1.39,0.03,-0.0562,2.6382,12,157953.5,7.97,91.11,9.242,-0,-0.9999,128.81,129.81,131.43,24.97,Cornering,"Hoosier 43075 16x7.5-10 R20, 7 inch rim",5215
78.39,382.35,0.81,-117.17,-44.05,0.003,-1.54,1.26,0.09,-0.0184,2.6599,11.97,43765.54,7.97,91.09,9.279,-0,-0.9998,128.94,129.83,131.37,24.97,Cornering,"Hoosier 43075 16x7.5-10 R20, 7 inch rim",5216
78.39,382.36,-0.49,-121.65,-45.64,-0.005,-2.19,2.28,-0.04,0.0107,2.6657,11.99,-98164.11,7.97,91.12,9.324,-0,-1.0001,129.11,129.94,131.41,24.97,Cornering,"Hoosier 43075 16x7.5-10 R20, 7 inch rim",5217
78.41,382.37,-1.69,-125.9,-47.35,0.004,-2.95,3.06,0.03,0.0357,2.6589,12.06,158045.67,7.97,91.13,9.361,-0,-0.9999,129.24,129.99,131.49,24.99,Cornering,"Hoosier 43075 16x7.5-10 R20, 7 inch rim",5218
78.41,382.38,-2.39,-129.81,-50.02,0.004,-3.33,3.49,0.09,0.0477,2.5949,12.14,43809.86,7.97,91.09,9.41,-0,-0.9998,129.24,129.92,131.51,25,Cornering,"Hoosier 43075 16x7.5-10 R20, 7 inch rim",5219
78.38,382.39,-2.63,-132.74,-52.48,-0.003,-3.5,3.11,0.03,0.0502,2.5291,12.19,158155.11,7.97,91.1,9.441,-0,-0.9999,129.28,129.88,131.63,25.01,Cornering,"Hoosier 43075 16x7.5-10 R20, 7 inch rim",5220
78.4,382.4,-1.97,-134.97,-53.66,0.007,-4.68,2.47,-0.04,0.0367,2.5154,12.19,-98322.12,7.97,91.08,9.487,-0,-1.0001,129.28,129.85,131.65,25.02,Cornering,"Hoosier 43075 16x7.5-10 R20, 7 inch rim",5221
78.42,382.41,-0.64,-134.15,-54.34,-0.003,-4.22,1.73,0.09,0.0117,2.4688,12.13,43806.5,7.97,91.06,9.514,-0,-0.9998,129.24,129.9,131.75,25.01,Cornering,"Hoosier 43075 16x7.5-10 R20, 7 inch rim",5222
78.4,382.42,0.89,-130.8,-52.99,0.014,-3.97,1.03,-0.04,-0.0168,2.4683,12.04,-98230.79,7.97,91.04,9.566,-0,-1.0001,129.28,129.88,131.77,25,Cornering,"Hoosier 43075 16x7.5-10 R20, 7 inch rim",5223
78.38,382.43,2.32,-125.24,-50.09,-0.007,-3.63,0.64,0.03,-0.0463,2.5002,11.97,157934.62,7.97,90.98,9.599,-0,-0.9999,129.35,129.96,131.71,24.99,Cornering,"Hoosier 43075 16x7.5-10 R20, 7 inch rim",5224
78.41,382.44,3.3,-119.66,-47.3,-0,-2.7,0.81,0.09,-0.0697,2.5299,11.97,43758.62,7.97,90.95,9.647,-0,-0.9998,129.37,129.99,131.65,24.99,Cornering,"Hoosier 43075 16x7.5-10 R20, 7 inch rim",5225
78.42,382.45,2.99,-116.37,-45.24,-0.003,-1.54,0.71,0.09,-0.066,2.5721,12,43745.45,7.97,90.92,9.67,-0,-0.9998,129.39,130.03,131.59,24.98,Cornering,"Hoosier 43075 16x7.5-10 R20, 7 inch rim",5226
78.39,382.46,2.07,-116.59,-43.9,0.013,-1.84,1.13,0.03,-0.0471,2.6556,12.08,157913.33,7.97,90.85,9.72,-0,-0.9999,129.5,130.14,131.51,25,Cornering,"Hoosier 43075 16x7.5-10 R20, 7 inch rim",5227
78.39,382.47,0.39,-119.06,-43.46,0.009,-2.56,1.44,-0.04,-0.0089,2.7395,12.14,-98081.68,7.97,90.82,9.762,-0,-1.0001,129.65,130.21,131.51,24.98,Cornering,"Hoosier 43075 16x7.5-10 R20, 7 inch rim",5228
78.42,382.48,-0.75,-123.24,-45.97,0.004,-1.8,2.29,0.09,0.0163,2.681,12.11,43696.75,7.97,90.77,9.808,-0,-0.9998,129.84,130.25,131.53,24.97,Cornering,"Hoosier 43075 16x7.5-10 R20, 7 inch rim",5229
78.4,382.49,-1.73,-127.64,-48.08,0.01,-2.76,3,-0.04,0.036,2.6546,12.06,-98008.24,7.97,90.75,9.855,-0,-1.0001,129.93,130.29,131.57,24.97,Cornering,"Hoosier 43075 16x7.5-10 R20, 7 inch rim",5230
78.38,382.5,-2.11,-131.39,-50.52,0.012,-3.63,3.38,0.03,0.0418,2.6007,11.97,157658.48,7.97,90.74,9.869,-0,-0.9999,129.99,130.21,131.65,24.97,Cornering,"Hoosier 43075 16x7.5-10 R20, 7 inch rim",5231
78.4,382.51,-2.16,-134.64,-52.7,0.004,-4.49,2.73,0.03,0.0411,2.5549,11.95,157672.08,7.97,90.72,9.917,-0,-0.9999,130.06,130.07,131.69,24.97,Cornering,"Hoosier 43075 16x7.5-10 R20, 7 inch rim",5232
78.42,382.52,-1.35,-136.05,-54.31,0.006,-4.32,2.18,0.16,0.0248,2.5052,11.96,25373.56,7.97,90.72,9.967,-0,-0.9997,130.04,130.03,131.75,24.99,Cornering,"Hoosier 43075 16x7.5-10 R20, 7 inch rim",5233
78.39,382.53,0.23,-134.79,-53.96,0.001,-4.77,1.62,0.03,-0.0042,2.498,12.03,157709.5,7.97,90.75,9.99,-0,-0.9999,130.1,130.05,131.79,24.98,Cornering,"Hoosier 43075 16x7.5-10 R20, 7 inch rim",5234
78.38,382.54,1.55,-129.92,-52.28,-0.005,-3.53,0.76,-0.04,-0.0296,2.485,12.11,-97998.43,7.97,90.74,10.037,-0,-1.0001,130.14,130.12,131.71,24.98,Cornering,"Hoosier 43075 16x7.5-10 R20, 7 inch rim",5235
78.42,382.55,2.72,-124.32,-49.1,-0.005,-3.45,0.62,-0.04,-0.0555,2.5317,12.17,-97986.98,7.97,90.76,10.074,-0,-1.0001,130.29,130.14,131.65,24.98,Cornering,"Hoosier 43075 16x7.5-10 R20, 7 inch rim",5236
78.41,382.56,3.14,-119.06,-46.23,0.006,-2.5,0.7,-0.04,-0.068,2.5756,12.16,-98020.52,7.97,90.77,10.113,-0,-1.0001,130.4,130.21,131.55,24.99,Cornering,"Hoosier 43075 16x7.5-10 R20, 7 inch rim",5237
78.38,382.57,2.83,-116.74,-43.84,0.012,-2.46,0.96,-0.04,-0.0646,2.6632,12.11,-98029.48,7.97,90.76,10.157,-0,-1.0001,130.42,130.29,131.39,25,Cornering,"Hoosier 43075 16x7.5-10 R20, 7 inch rim",5238
78.4,382.58,1.66,-117.32,-43.62,0.003,-1.51,1.44,0.03,-0.0381,2.6893,12.03,157721.11,7.97,90.76,10.187,-0,-0.9999,130.55,130.43,131.29,25,Cornering,"Hoosier 43075 16x7.5-10 R20, 7 inch rim",5239
78.42,382.59,0.24,-120.46,-44.73,0.009,-1.12,1.96,-0.04,-0.0054,2.6931,11.97,-97985.33,7.97,90.77,10.226,-0,-1.0001,130.66,130.51,131.22,24.99,Cornering,"Hoosier 43075 16x7.5-10 R20, 7 inch rim",5240
78.39,382.6,-0.78,-124.96,-46.55,0.006,-1.87,3.05,0.03,0.0167,2.6847,11.99,157636.97,7.97,90.79,10.282,-0,-0.9999,130.79,130.62,131.22,25,Cornering,"Hoosier 43075 16x7.5-10 R20, 7 inch rim",5241
78.38,382.61,-1.69,-129.31,-48.67,0.001,-2.89,3.52,0.09,0.0348,2.6568,12.06,43687.63,7.97,90.84,10.318,-0,-0.9998,130.76,130.58,131.22,25,Cornering,"Hoosier 43075 16x7.5-10 R20, 7 inch rim",5242
78.41,382.62,-1.97,-132.96,-51.3,0.013,-3.5,3.64,0.09,0.0385,2.5915,12.14,43682.79,7.97,90.86,10.352,-0,-0.9998,130.79,130.56,131.2,25,Cornering,"Hoosier 43075 16x7.5-10 R20, 7 inch rim",5243
78.41,382.63,-1.56,-135.94,-52.94,0.016,-5.01,3.13,0.09,0.0294,2.5676,12.17,43687.05,7.97,90.89,10.393,-0,-0.9998,130.74,130.43,131.27,25.01,Cornering,"Hoosier 43075 16x7.5-10 R20, 7 inch rim",5244
78.38,382.64,-0.49,-136.69,-53.66,0.01,-5.4,2.38,0.09,0.0092,2.5475,12.14,43670.41,7.97,90.94,10.439,-0,-0.9998,130.7,130.38,131.29,25,Cornering,"Hoosier 43075 16x7.5-10 R20, 7 inch rim",5245
78.4,382.65,0.79,-133.69,-53,0.001,-4.53,1.41,0.09,-0.0149,2.5226,12.06,43615.11,7.97,90.95,10.472,-0,-0.9998,130.66,130.38,131.33,24.97,Cornering,"Hoosier 43075 16x7.5-10 R20, 7 inch rim",5246
78.42,382.66,2.29,-128.83,-51.53,-0.005,-3.38,0.9,0.09,-0.0445,2.4999,11.97,43578.81,7.97,90.95,10.514,-0,-0.9998,130.7,130.43,131.25,24.96,Cornering,"Hoosier 43075 16x7.5-10 R20, 7 inch rim",5247
78.4,382.67,3.28,-122.93,-48.28,0.001,-2.66,0.75,0.09,-0.0679,2.546,11.92,43552.62,7.97,90.96,10.555,-0,-0.9998,130.76,130.47,131.18,24.94,Cornering,"Hoosier 43075 16x7.5-10 R20, 7 inch rim",5248
78.38,382.68,3.26,-117.94,-45.49,0.001,-1.6,0.6,0.03,-0.0717,2.5928,11.94,157107.86,7.97,90.93,10.601,-0,-0.9999,130.79,130.54,131.14,24.94,Cornering,"Hoosier 43075 16x7.5-10 R20, 7 inch rim",5249
78.41,382.69,2.74,-116.4,-43.52,0.006,-1.67,0.92,0.09,-0.0629,2.6745,12.02,43539.82,7.97,90.93,10.644,-0,-0.9998,130.83,130.69,131.04,24.94,Cornering,"Hoosier 43075 16x7.5-10 R20, 7 inch rim",5250
78.4,382.7,1.49,-118.13,-43.47,0.012,-1.62,1.46,0.16,-0.0342,2.7174,12.09,25274.59,7.97,90.92,10.676,-0,-0.9997,130.98,130.78,130.98,24.95,Cornering,"Hoosier 43075 16x7.5-10 R20, 7 inch rim",5251
78.38,382.71,0.13,-122.02,-45.02,0.01,-1.42,2.07,-0.04,-0.0029,2.7102,12.11,-97643.83,7.97,90.94,10.726,-0,-1.0001,131.17,130.89,131.04,24.94,Cornering,"Hoosier 43075 16x7.5-10 R20, 7 inch rim",5252
78.39,382.72,-1.29,-126.46,-46.71,-0.007,-2.47,2.48,0.09,0.0276,2.7075,12.07,43503.57,7.97,90.93,10.754,-0,-0.9998,131.3,130.95,131.12,24.93,Cornering,"Hoosier 43075 16x7.5-10 R20, 7 inch rim",5253
78.41,382.73,-1.95,-130.78,-49.3,0.014,-3.53,2.9,0.03,0.0395,2.6527,12,157001.91,7.97,90.91,10.803,-0,-0.9999,131.37,130.95,131.16,24.94,Cornering,"Hoosier 43075 16x7.5-10 R20, 7 inch rim",5254
78.4,382.74,-2.63,-134.12,-52,-0.005,-3.58,2.29,0.09,0.0505,2.5795,11.95,43511.82,7.97,90.88,10.836,-0,-0.9998,131.34,130.73,131.25,24.94,Cornering,"Hoosier 43075 16x7.5-10 R20, 7 inch rim",5255
78.38,382.75,-2.18,-136.67,-53.76,0.007,-4.29,1.71,0.09,0.0406,2.5421,11.94,43512.84,7.97,90.88,10.897,-0,-0.9998,131.26,130.65,131.31,24.95,Cornering,"Hoosier 43075 16x7.5-10 R20, 7 inch rim",5256
78.41,382.76,-0.88,-136.54,-54.23,0.012,-4.32,1.15,0.03,0.0162,2.5176,11.99,157082.98,7.97,90.86,10.925,-0,-0.9999,131.24,130.6,131.39,24.96,Cornering,"Hoosier 43075 16x7.5-10 R20, 7 inch rim",5257
78.41,382.77,0.62,-133.41,-52.83,0.009,-4.27,0.46,-0.04,-0.0117,2.5251,12.08,-97611.56,7.97,90.85,10.96,-0,-1.0001,131.24,130.56,131.41,24.96,Cornering,"Hoosier 43075 16x7.5-10 R20, 7 inch rim",5258
78.38,382.78,1.95,-127.5,-50.02,0.012,-3.72,0.15,0.09,-0.039,2.5491,12.17,43506.96,7.97,90.83,11.005,-0,-0.9998,131.32,130.65,131.39,24.96,Cornering,"Hoosier 43075 16x7.5-10 R20, 7 inch rim",5259
78.39,382.79,2.81,-121.71,-47.55,0.007,-2.41,0.04,0.16,-0.0591,2.5598,12.17,25231.09,7.97,90.84,11.046,-0,-0.9997,131.43,130.67,131.33,24.94,Cornering,"Hoosier 43075 16x7.5-10 R20, 7 inch rim",5260
78.41,382.8,2.85,-117.53,-44.86,0.013,-1.77,0.36,0.03,-0.0636,2.6196,12.14,156959.95,7.97,90.85,11.085,-0,-0.9999,131.45,130.71,131.25,24.96,Cornering,"Hoosier 43075 16x7.5-10 R20, 7 inch rim",5261
78.4,382.81,1.71,-116.76,-43.59,0.016,-1.43,0.45,0.03,-0.0392,2.6787,12.06,157011.81,7.97,90.88,11.124,-0,-0.9999,131.58,130.78,131.18,24.97,Cornering,"Hoosier 43075 16x7.5-10 R20, 7 inch rim",5262
78.38,382.82,0.66,-119.65,-43.93,0.003,-1.87,1.27,0.09,-0.0149,2.724,12,43514.41,7.97,90.93,11.157,-0,-0.9998,131.77,130.93,131.1,24.97,Cornering,"Hoosier 43075 16x7.5-10 R20, 7 inch rim",5263
78.41,382.83,-0.92,-123.74,-45.63,0.012,-1.62,1.98,-0.04,0.0202,2.7121,11.98,-97639.67,7.97,90.93,11.212,-0,-1.0001,131.99,131.02,131.16,24.98,Cornering,"Hoosier 43075 16x7.5-10 R20, 7 inch rim",5264
78.42,382.84,-1.87,-128.54,-47.2,0.004,-3.3,2.86,0.09,0.0396,2.7234,12.01,43531.62,7.97,90.93,11.243,-0,-0.9998,132.12,131.04,131.22,24.99,Cornering,"Hoosier 43075 16x7.5-10 R20, 7 inch rim",5265
78.4,382.85,-2.32,-132.44,-49.9,0.004,-3.79,3.43,-0.11,0.0464,2.6541,12.09,-37277.44,7.97,90.93,11.287,-0,-1.0002,132.16,131.02,131.27,25.01,Cornering,"Hoosier 43075 16x7.5-10 R20, 7 inch rim",5266
78.38,382.86,-2.4,-135.58,-52.39,0.007,-4.15,2.93,0.09,0.0458,2.5879,12.11,43568.24,7.97,90.93,11.333,-0,-0.9998,132.14,130.89,131.33,25.02,Cornering,"Hoosier 43075 16x7.5-10 R20, 7 inch rim",5267
78.42,382.87,-1.49,-137.3,-53.76,0.009,-4.92,2.39,0.09,0.0278,2.5538,12.11,43573.69,7.97,90.94,11.363,-0,-0.9998,132.16,130.76,131.43,25.03,Cornering,"Hoosier 43075 16x7.5-10 R20, 7 inch rim",5268
78.4,382.88,-0.07,-136.29,-53.38,-0.009,-4.75,1.65,0.03,0.0013,2.5533,12.04,157224.17,7.97,90.96,11.399,-0,-0.9999,132.12,130.73,131.49,25.03,Cornering,"Hoosier 43075 16x7.5-10 R20, 7 inch rim",5269
78.38,382.89,1.36,-132.12,-52.55,0.001,-3.5,0.88,0.09,-0.0258,2.5144,11.95,43550.48,7.97,90.98,11.447,-0,-0.9998,132.07,130.78,131.45,25.02,Cornering,"Hoosier 43075 16x7.5-10 R20, 7 inch rim",5270
78.4,382.9,2.63,-126.85,-49.55,0.007,-3.61,0.48,0.09,-0.0531,2.56,11.89,43515.97,7.97,91,11.475,-0,-0.9998,132.09,130.89,131.41,25,Cornering,"Hoosier 43075 16x7.5-10 R20, 7 inch rim",5271
78.42,382.91,3.3,-121.11,-46.91,0.012,-2.39,0.37,0.03,-0.0704,2.5818,11.93,156971.22,7.97,90.97,11.525,-0,-0.9999,132.22,130.93,131.37,25,Cornering,"Hoosier 43075 16x7.5-10 R20, 7 inch rim",5272
78.4,382.92,3.33,-117.95,-44.68,0.006,-1.48,0.75,0.09,-0.0745,2.6397,11.98,43461.73,7.97,90.94,11.563,-0,-0.9998,132.33,131.06,131.31,24.98,Cornering,"Hoosier 43075 16x7.5-10 R20, 7 inch rim",5273
78.38,382.93,2.5,-117.78,-43.1,0.003,-2.14,1.09,0.09,-0.058,2.7329,12.07,43446.24,7.97,90.9,11.598,-0,-0.9998,132.44,131.17,131.2,24.97,Cornering,"Hoosier 43075 16x7.5-10 R20, 7 inch rim",5274
78.41,382.94,1.1,-120.28,-43.77,0.006,-1.79,1.49,0.09,-0.0252,2.748,12.14,43429.38,7.97,90.85,11.641,-0,-0.9998,132.63,131.31,131.2,24.97,Cornering,"Hoosier 43075 16x7.5-10 R20, 7 inch rim",5275
78.41,382.95,-0.59,-124.24,-45.3,0.019,-2.26,1.66,0.09,0.0131,2.7424,12.16,43423.71,7.97,90.83,11.676,-0,-0.9998,132.87,131.46,131.25,24.97,Cornering,"Hoosier 43075 16x7.5-10 R20, 7 inch rim",5276
78.38,382.96,-2,-128.23,-47.7,0.006,-2.53,1.47,0.09,0.042,2.6881,12.12,43388.25,7.97,90.84,11.709,-0,-0.9998,133,131.42,131.22,24.95,Cornering,"Hoosier 43075 16x7.5-10 R20, 7 inch rim",5277
78.39,382.97,-2.93,-131.86,-49.9,0.013,-3.79,0.81,0.09,0.0588,2.6424,12.03,43361.95,7.97,90.85,11.748,-0,-0.9998,132.95,131.26,131.25,24.94,Cornering,"Hoosier 43075 16x7.5-10 R20, 7 inch rim",5278
78.42,382.98,-4.43,-134.64,-52.35,0.007,-3.65,-1.81,0.09,0.0846,2.572,11.96,43335.16,7.97,90.86,11.79,-0,-0.9998,132.93,131.13,131.33,24.93,Cornering,"Hoosier 43075 16x7.5-10 R20, 7 inch rim",5279
78.4,382.99,-5.76,-136.21,-53.95,0.012,-3.52,-5.21,0.03,0.1068,2.5248,11.97,156442.92,7.97,90.86,11.812,-0,-0.9999,132.93,131,131.41,24.94,Cornering,"Hoosier 43075 16x7.5-10 R20, 7 inch rim",5280
78.38,383,-7.35,-135.22,-54.85,0.001,-2.11,-9.79,0.09,0.134,2.4651,12.04,43360.58,7.97,90.88,11.82,-0,-0.9998,132.87,131,131.47,24.94,Cornering,"Hoosier 43075 16x7.5-10 R20, 7 inch rim",5281
78.41,383.01,-7.43,-131.5,-53.05,0.006,-2.14,-12.36,0.09,0.1401,2.479,12.11,43377.52,7.97,90.87,11.84,-0,-0.9998,132.87,131.04,131.47,24.96,Cornering,"Hoosier 43075 16x7.5-10 R20, 7 inch rim",5282
78.42,383.02,-5.1,-126.99,-49.98,0.007,-2.77,-11.4,0.09,0.1021,2.5408,12.14,43406.82,7.97,90.84,11.845,-0,-0.9998,132.91,131.09,131.43,24.97,Cornering,"Hoosier 43075 16x7.5-10 R20, 7 inch rim",5283
78.38,383.03,-3.22,-122.65,-46.63,0.012,-3.26,-9.99,0.03,0.069,2.63,12.13,156531.27,7.97,90.83,11.848,-0,-0.9999,133,131.15,131.37,24.96,Cornering,"Hoosier 43075 16x7.5-10 R20, 7 inch rim",5284
78.4,383.04,-2.69,-120.6,-43.82,0.007,-4.28,-8.98,0.03,0.0615,2.752,12.09,156419.72,7.97,90.81,11.853,-0,-0.9999,133.04,131.26,131.35,24.94,Cornering,"Hoosier 43075 16x7.5-10 R20, 7 inch rim",5285
78.42,383.05,-5.3,-121.04,-42.93,0.003,-3.51,-10.46,0.09,0.1236,2.8195,12,43331.93,7.97,90.83,11.873,-0,-0.9998,133.21,131.42,131.29,24.93,Cornering,"Hoosier 43075 16x7.5-10 R20, 7 inch rim",5286
78.4,383.06,-9.01,-124.18,-44.5,0.01,-2.57,-12.71,0.03,0.2024,2.7905,11.93,156479.12,7.97,90.81,11.875,-0,-0.9999,133.38,131.53,131.22,24.95,Cornering,"Hoosier 43075 16x7.5-10 R20, 7 inch rim",5287
78.38,383.07,-12.4,-128.21,-46.27,0.007,-2.6,-14.42,0.03,0.268,2.771,11.92,156594.84,7.97,90.81,11.864,-0,-0.9999,133.58,131.64,131.25,24.97,Cornering,"Hoosier 43075 16x7.5-10 R20, 7 inch rim",5288
78.42,383.09,-13.42,-136.45,-51.62,-0,-3.94,-12.9,0.09,0.26,2.6432,12.05,43422.13,7.97,90.87,12.187,-0,-0.9998,133.55,131.44,131.31,24.98,Cornering,"Hoosier 43075 16x7.5-10 R20, 7 inch rim",5289
78.39,383.1,-10.27,-139.88,-54.01,-0.003,-5.07,-9.62,0.09,0.1902,2.5897,12.11,43405.21,7.97,90.9,12.167,-0,-0.9998,133.51,131.26,131.39,24.97,Cornering,"Hoosier 43075 16x7.5-10 R20, 7 inch rim",5290
78.39,383.11,-6.47,-141.52,-55.25,0.013,-5.92,-6.45,-0.04,0.1171,2.5615,12.13,-97325.82,7.97,90.93,12.16,-0,-1.0001,133.45,131.22,131.45,24.96,Cornering,"Hoosier 43075 16x7.5-10 R20, 7 inch rim",5291
78.42,383.12,-3.19,-139.42,-55.01,-0.005,-5.39,-4.41,-0.04,0.058,2.5342,12.09,-97258.54,7.97,90.91,12.158,-0,-1.0001,133.45,131.17,131.47,24.94,Cornering,"Hoosier 43075 16x7.5-10 R20, 7 inch rim",5292
78.4,383.13,-0.75,-134.43,-52.94,-0.005,-4.82,-3.23,0.09,0.0141,2.5393,12.02,43346.83,7.97,90.89,12.154,-0,-0.9998,133.49,131.26,131.41,24.94,Cornering,"Hoosier 43075 16x7.5-10 R20, 7 inch rim",5293
78.38,383.14,1.91,-127.6,-49.9,0.001,-3.31,-0.94,-0.04,-0.0384,2.5574,11.97,-97217.47,7.97,90.88,12.147,-0,-1.0001,133.58,131.33,131.37,24.93,Cornering,"Hoosier 43075 16x7.5-10 R20, 7 inch rim",5294
78.41,383.15,3.89,-122.1,-46.45,-0.007,-2.44,1.58,-0.04,-0.0838,2.6287,11.97,-97267.81,7.97,90.85,12.133,-0,-1.0001,133.68,131.46,131.31,24.94,Cornering,"Hoosier 43075 16x7.5-10 R20, 7 inch rim",5295
78.42,383.16,5.63,-119.66,-44.78,0.004,-1.23,5.02,0.03,-0.1258,2.6723,12.03,156550.34,7.97,90.86,12.127,-0,-0.9999,133.81,131.61,131.22,24.96,Cornering,"Hoosier 43075 16x7.5-10 R20, 7 inch rim",5296
78.39,383.17,5.54,-120.74,-44.28,0.003,-1.18,7.13,0.09,-0.1251,2.7268,12.11,43370.66,7.97,90.85,12.131,-0,-0.9998,134,131.83,131.2,24.95,Cornering,"Hoosier 43075 16x7.5-10 R20, 7 inch rim",5297
78.39,383.18,4.7,-124.52,-45.26,0.013,-1.72,8.62,-0.04,-0.1038,2.7513,12.14,-97313.53,7.97,90.85,12.131,-0,-1.0001,134.22,131.94,131.2,24.96,Cornering,"Hoosier 43075 16x7.5-10 R20, 7 inch rim",5298
78.42,383.19,3.5,-129.51,-47.27,0.012,-2.91,9.37,0.03,-0.0741,2.7396,12.09,156585.88,7.97,90.83,12.128,-0,-0.9999,134.35,132.03,131.27,24.96,Cornering,"Hoosier 43075 16x7.5-10 R20, 7 inch rim",5299
78.41,383.2,2.66,-134.19,-50.06,0.012,-3.69,9.66,0.09,-0.0531,2.6807,12.05,43402.49,7.97,90.79,12.121,-0,-0.9998,134.37,131.92,131.37,24.97,Cornering,"Hoosier 43075 16x7.5-10 R20, 7 inch rim",5300
78.38,383.21,1.46,-137.86,-52.26,-0.006,-5.18,8.21,0.03,-0.0279,2.6381,11.96,156704.08,7.97,90.76,12.113,-0,-0.9999,134.3,131.77,131.39,24.98,Cornering,"Hoosier 43075 16x7.5-10 R20, 7 inch rim",5301
78.4,383.22,1.25,-141.14,-54.76,-0.006,-5.66,6.3,-0.04,-0.0228,2.5775,11.91,-97363.38,7.97,90.75,12.118,-0,-1.0001,134.24,131.61,131.47,24.97,Cornering,"Hoosier 43075 16x7.5-10 R20, 7 inch rim",5302
78.43,383.23,1.12,-141.39,-55.76,0.016,-5.63,3.52,0.03,-0.0201,2.5356,11.94,156590.02,7.96,90.77,12.121,-0,-0.9999,134.24,131.53,131.53,24.96,Cornering,"Hoosier 43075 16x7.5-10 R20, 7 inch rim",5303
78.4,383.24,0.31,-137.88,-54.35,-0,-5.18,-0.54,-0.04,-0.0057,2.5369,12,-97345.4,7.97,90.77,12.105,-0,-1.0001,134.24,131.53,131.53,24.96,Cornering,"Hoosier 43075 16x7.5-10 R20, 7 inch rim",5304
78.39,383.25,-1.92,-131.78,-51.94,-0.003,-3.64,-5.8,0.03,0.0369,2.5372,12.09,156755.33,7.97,90.76,12.087,-0,-0.9999,134.28,131.57,131.53,24.98,Cornering,"Hoosier 43075 16x7.5-10 R20, 7 inch rim",5305
78.41,383.26,-4.04,-125.44,-48.93,0.009,-2.56,-10.14,0.03,0.0825,2.5636,12.11,156799.94,7.96,90.71,12.073,-0,-0.9999,134.37,131.7,131.45,24.99,Cornering,"Hoosier 43075 16x7.5-10 R20, 7 inch rim",5306
78.41,383.27,-5.33,-120.47,-46.29,0.014,-1.25,-12.42,0.09,0.1152,2.6023,12.11,43444.39,7.96,90.67,12.048,-0,-0.9998,134.52,131.77,131.39,24.98,Cornering,"Hoosier 43075 16x7.5-10 R20, 7 inch rim",5307
78.38,383.28,-7.29,-119.14,-43.97,-0.002,-1.82,-14.48,0.03,0.1659,2.7096,12.04,156648.55,7.97,90.66,12.02,-0,-0.9999,134.61,131.9,131.29,24.96,Cornering,"Hoosier 43075 16x7.5-10 R20, 7 inch rim",5308
78.4,383.29,-10.66,-120.88,-44.34,0.007,-0.98,-16.89,0.03,0.2404,2.7261,11.98,156554.17,7.97,90.7,11.994,-0,-0.9999,134.78,132.08,131.25,24.94,Cornering,"Hoosier 43075 16x7.5-10 R20, 7 inch rim",5309
78.42,383.3,-14.16,-125.86,-45.82,0.004,-2.32,-19.14,0.09,0.309,2.7465,11.99,43356.55,7.97,90.78,11.967,-0,-0.9998,135.03,132.23,131.27,24.93,Cornering,"Hoosier 43075 16x7.5-10 R20, 7 inch rim",5310
78.4,383.31,-17.89,-130.68,-48.03,0.003,-3.34,-21.33,0.03,0.3724,2.7207,12.03,156561.05,7.97,90.82,11.918,-0,-0.9999,135.14,132.25,131.31,24.94,Cornering,"Hoosier 43075 16x7.5-10 R20, 7 inch rim",5311
78.38,383.32,-18.8,-135.34,-50.42,-0.005,-5,-20.88,0.03,0.3728,2.6842,12.11,156699.44,7.97,90.81,11.866,-0,-0.9999,135.14,132.16,131.33,24.96,Cornering,"Hoosier 43075 16x7.5-10 R20, 7 inch rim",5312
78.41,383.33,-16.93,-139.31,-53.46,0.01,-6.02,-17.88,0.16,0.3167,2.6061,12.17,25229.69,7.97,90.8,11.835,-0,-0.9997,135.06,131.92,131.37,24.98,Cornering,"Hoosier 43075 16x7.5-10 R20, 7 inch rim",5313
78.41,383.34,-12.46,-141.19,-55.03,0.009,-6.34,-13.17,0.03,0.2264,2.5654,12.16,157039.12,7.97,90.82,11.78,-0,-0.9999,134.99,131.83,131.39,25,Cornering,"Hoosier 43075 16x7.5-10 R20, 7 inch rim",5314
78.38,383.35,-6.64,-140.42,-55.45,0.01,-5.62,-7.78,0.03,0.1198,2.5323,12.12,157100.48,7.96,90.81,11.736,-0,-0.9999,134.86,131.79,131.35,25.01,Cornering,"Hoosier 43075 16x7.5-10 R20, 7 inch rim",5315
78.4,383.36,-2.25,-135.89,-54.25,0.009,-4.31,-4.31,0.16,0.0415,2.505,12.01,25278.79,7.97,90.82,11.68,-0,-0.9997,134.93,131.79,131.35,25.01,Cornering,"Hoosier 43075 16x7.5-10 R20, 7 inch rim",5316
78.42,383.37,0.36,-129.49,-51.09,0.006,-3.55,-2.49,0.09,-0.007,2.5348,11.94,43548.5,7.96,90.82,11.642,-0,-0.9998,134.88,131.86,131.35,25.01,Cornering,"Hoosier 43075 16x7.5-10 R20, 7 inch rim",5317
78.4,383.38,1.87,-123.6,-47.98,0.012,-2.74,-0.95,0.09,-0.0391,2.576,11.93,43547.43,7.96,90.8,11.583,-0,-0.9998,134.99,131.97,131.25,25,Cornering,"Hoosier 43075 16x7.5-10 R20, 7 inch rim",5318
78.38,383.39,3.67,-119.37,-45.08,0.007,-2.11,1.89,0.03,-0.0813,2.648,11.97,157171.56,7.97,90.83,11.543,-0,-0.9999,135.03,132.12,131.14,25,Cornering,"Hoosier 43075 16x7.5-10 R20, 7 inch rim",5319
78.4,383.4,5.21,-119.52,-44.37,0.007,-1.9,5.37,0.03,-0.1174,2.6936,12.03,157119.17,7.97,90.85,11.506,-0,-0.9999,135.12,132.38,131.04,24.99,Cornering,"Hoosier 43075 16x7.5-10 R20, 7 inch rim",5320
78.41,383.41,5.96,-122.3,-44.59,0.001,-2.47,8.58,0.03,-0.1338,2.7429,12.1,157188.59,7.97,90.9,11.445,-0,-0.9999,135.29,132.58,131.04,25,Cornering,"Hoosier 43075 16x7.5-10 R20, 7 inch rim",5321
78.4,383.42,5.31,-127.01,-46.08,0.009,-3.59,10.42,0.03,-0.1153,2.7565,12.11,157163.86,7.97,90.9,11.424,-0,-0.9999,135.46,132.74,131.12,24.99,Cornering,"Hoosier 43075 16x7.5-10 R20, 7 inch rim",5322
78.39,383.43,3.62,-131.43,-48.23,0.019,-4.7,10.59,0.09,-0.075,2.7252,12.08,43536.42,7.96,90.92,11.39,-0,-0.9998,135.46,132.74,131.14,24.98,Cornering,"Hoosier 43075 16x7.5-10 R20, 7 inch rim",5323
78.41,383.44,2.46,-135.24,-51.24,-0.002,-4.94,10.19,0.03,-0.048,2.6394,12.03,157063.16,7.97,90.95,11.341,-0,-0.9999,135.44,132.6,131.2,24.97,Cornering,"Hoosier 43075 16x7.5-10 R20, 7 inch rim",5324
78.41,383.45,1.87,-137.73,-53.42,-0.003,-5.04,9.35,0.16,-0.035,2.5783,11.97,25259.28,7.97,90.96,11.304,-0,-0.9997,135.31,132.36,131.27,24.96,Cornering,"Hoosier 43075 16x7.5-10 R20, 7 inch rim",5325
78.38,383.46,2.77,-138.68,-54.63,-0,-5.19,8.81,0.03,-0.0508,2.5385,11.97,157035.75,7.97,91.03,11.256,-0,-0.9999,135.16,132.19,131.35,24.96,Cornering,"Hoosier 43075 16x7.5-10 R20, 7 inch rim",5326
78.4,383.47,4.07,-136.97,-55.15,0.003,-3.89,7.92,0.16,-0.0738,2.4837,12.03,25266.33,7.97,91.06,11.222,-0,-0.9997,135.1,132.14,131.39,24.96,Cornering,"Hoosier 43075 16x7.5-10 R20, 7 inch rim",5327
78.42,383.48,5.64,-132.14,-52.87,0.003,-3.37,7.24,0.16,-0.1068,2.4993,12.11,25275.15,7.97,91.07,11.188,-0,-0.9997,135.06,132.21,131.41,24.97,Cornering,"Hoosier 43075 16x7.5-10 R20, 7 inch rim",5328
78.39,383.49,6.09,-126.2,-50.34,-0.002,-2.37,5.67,0.03,-0.1209,2.5068,12.17,157194.2,7.97,91.04,11.165,-0,-0.9999,135.12,132.25,131.33,24.97,Cornering,"Hoosier 43075 16x7.5-10 R20, 7 inch rim",5329
78.39,383.5,5.46,-120.74,-46.92,-0.002,-2.24,4.01,0.03,-0.1164,2.5734,12.19,157253.53,7.97,90.98,11.122,-0,-0.9999,135.16,132.36,131.27,24.98,Cornering,"Hoosier 43075 16x7.5-10 R20, 7 inch rim",5330
78.41,383.51,4.11,-117.97,-45.4,0.007,-1.29,2.59,0.03,-0.0905,2.5983,12.14,157339.42,7.97,90.99,11.097,-0,-0.9999,135.29,132.47,131.2,24.99,Cornering,"Hoosier 43075 16x7.5-10 R20, 7 inch rim",5331
78.41,383.52,2.4,-118.57,-43.88,0.004,-2.09,1.72,0.03,-0.0546,2.7024,12.06,157214.64,7.97,91.01,11.057,-0,-0.9999,135.42,132.67,131.1,24.97,Cornering,"Hoosier 43075 16x7.5-10 R20, 7 inch rim",5332
78.38,383.53,0.02,-122.01,-44.93,0.007,-2.62,0.86,0.23,-0.0005,2.7156,11.97,17809.64,7.97,91.02,11.036,-0,-0.9996,135.64,132.8,131.04,24.96,Cornering,"Hoosier 43075 16x7.5-10 R20, 7 inch rim",5333
78.4,383.54,-2.56,-126.33,-46.42,-0.003,-3.44,-0.29,0.09,0.0551,2.7216,11.94,43554.87,7.97,91.07,10.991,-0,-0.9998,135.76,132.91,131.06,24.96,Cornering,"Hoosier 43075 16x7.5-10 R20, 7 inch rim",5334
78.42,383.55,-4.86,-130.87,-49.12,0.001,-3.72,-1.32,0.09,0.0989,2.6641,11.99,43571,7.97,91.06,10.95,-0,-0.9998,135.83,132.85,131.12,24.96,Cornering,"Hoosier 43075 16x7.5-10 R20, 7 inch rim",5335
78.4,383.56,-6.51,-133.96,-51.55,-0.006,-3.92,-2.61,0.09,0.1262,2.5986,12.06,43617.07,7.97,91.06,10.911,-0,-0.9998,135.72,132.65,131.16,24.98,Cornering,"Hoosier 43075 16x7.5-10 R20, 7 inch rim",5336
78.39,383.57,-6.68,-136.56,-53.8,0.019,-4.18,-3.36,0.09,0.1242,2.5385,12.15,43661.67,7.97,91.03,10.883,-0,-0.9998,135.64,132.43,131.25,25.01,Cornering,"Hoosier 43075 16x7.5-10 R20, 7 inch rim",5337
78.41,383.58,-5.81,-137.49,-54.65,0.017,-4.46,-4.13,-0.04,0.1062,2.5158,12.16,-97978.47,7.96,91.03,10.845,-0,-1.0001,135.48,132.27,131.35,25.01,Cornering,"Hoosier 43075 16x7.5-10 R20, 7 inch rim",5338
78.4,383.59,-4.2,-135.68,-54.69,-0.005,-3.7,-4.87,0.03,0.0768,2.4811,12.14,157646.41,7.97,90.99,10.79,-0,-0.9999,135.4,132.27,131.33,25.01,Cornering,"Hoosier 43075 16x7.5-10 R20, 7 inch rim",5339
78.38,383.6,-2.54,-131.21,-52.35,0.006,-4.03,-5.17,0.09,0.0485,2.5064,12.04,43659.27,7.97,90.98,10.758,-0,-0.9998,135.38,132.21,131.37,25,Cornering,"Hoosier 43075 16x7.5-10 R20, 7 inch rim",5340
78.4,383.61,-1.27,-125.75,-49.53,0.004,-3.92,-5.29,0.03,0.0257,2.5391,11.97,157462.5,7.97,90.98,10.721,-0,-0.9999,135.4,132.25,131.31,24.98,Cornering,"Hoosier 43075 16x7.5-10 R20, 7 inch rim",5341
78.42,383.62,-0.88,-120.76,-47.4,0.004,-2.4,-5.16,0.09,0.0187,2.5475,11.96,43613.11,7.97,90.98,10.655,-0,-0.9998,135.46,132.34,131.2,24.96,Cornering,"Hoosier 43075 16x7.5-10 R20, 7 inch rim",5342
78.4,383.63,-0.77,-118.55,-44.98,-0.002,-2.47,-4.12,0.16,0.0171,2.6354,12,25310.48,7.97,91.02,10.625,-0,-0.9997,135.53,132.52,131.12,24.96,Cornering,"Hoosier 43075 16x7.5-10 R20, 7 inch rim",5343
78.38,383.64,-1.05,-119.22,-44.57,0.01,-2.27,-2.32,0.03,0.0235,2.675,12.07,157386.16,7.97,91.02,10.583,-0,-0.9999,135.74,132.74,131.04,24.96,Cornering,"Hoosier 43075 16x7.5-10 R20, 7 inch rim",5344
78.41,383.65,-1.01,-122.32,-45.54,0.007,-2.24,0.34,0.16,0.0221,2.6859,12.15,25329.33,7.97,91.03,10.538,-0,-0.9997,135.96,132.82,131,24.97,Cornering,"Hoosier 43075 16x7.5-10 R20, 7 inch rim",5345
78.41,383.66,-1.23,-127.02,-47.67,0.012,-2.78,2.68,0.09,0.0257,2.6647,12.15,43625.19,7.97,90.99,10.496,-0,-0.9998,136.11,132.91,131.08,24.96,Cornering,"Hoosier 43075 16x7.5-10 R20, 7 inch rim",5346
78.39,383.67,-1.35,-130.88,-49.8,0.003,-3.45,4.34,0.09,0.027,2.6282,12.1,43632.52,7.97,90.95,10.443,-0,-0.9998,136.17,132.69,131.12,24.96,Cornering,"Hoosier 43075 16x7.5-10 R20, 7 inch rim",5347
78.39,383.68,-0.62,-133.82,-52.71,-0.003,-3.06,5.86,0.03,0.0118,2.5389,12.03,157441.25,7.97,90.9,10.4,-0,-0.9999,136.06,132.52,131.14,24.95,Cornering,"Hoosier 43075 16x7.5-10 R20, 7 inch rim",5348
78.42,383.69,0.34,-136.96,-54.28,-0.002,-4.5,6.4,0.09,-0.0063,2.5232,11.93,43653.28,7.97,90.9,10.366,-0,-0.9998,135.91,132.3,131.2,24.96,Cornering,"Hoosier 43075 16x7.5-10 R20, 7 inch rim",5349
78.41,383.7,2.26,-137.48,-54.93,0.01,-5.06,6.73,-0.04,-0.0412,2.503,11.92,-97982.71,7.97,90.9,10.326,-0,-1.0001,135.85,132.16,131.29,24.97,Cornering,"Hoosier 43075 16x7.5-10 R20, 7 inch rim",5350
78.37,383.71,4.32,-135.21,-54.37,-0.009,-4.64,6.73,0.09,-0.0795,2.4868,11.94,43694.45,7.97,90.89,10.287,-0,-0.9998,135.81,132.12,131.29,24.98,Cornering,"Hoosier 43075 16x7.5-10 R20, 7 inch rim",5351
78.4,383.72,5.79,-129.99,-52.69,0.009,-3.67,6.42,0.03,-0.1099,2.4669,12.01,157702.39,7.97,90.87,10.241,-0,-0.9999,135.81,132.14,131.27,24.98,Cornering,"Hoosier 43075 16x7.5-10 R20, 7 inch rim",5352
78.42,383.73,6.28,-124.55,-49.04,0.01,-4.19,5.62,-0.04,-0.1281,2.5398,12.1,-98040.34,7.97,90.87,10.211,-0,-1.0001,135.85,132.25,131.22,24.98,Cornering,"Hoosier 43075 16x7.5-10 R20, 7 inch rim",5353
78.39,383.74,5.25,-119.72,-46.38,0.012,-3.01,4.32,0.09,-0.1132,2.5812,12.13,43739.21,7.97,90.85,10.181,-0,-0.9998,135.89,132.34,131.14,25,Cornering,"Hoosier 43075 16x7.5-10 R20, 7 inch rim",5354
78.39,383.75,3.7,-117.96,-44.58,0.004,-2.85,3.43,0.09,-0.0831,2.646,12.09,43764.69,7.97,90.86,10.142,-0,-0.9998,135.91,132.54,131.02,25.01,Cornering,"Hoosier 43075 16x7.5-10 R20, 7 inch rim",5355
78.41,383.76,1.87,-118.88,-44.79,0.003,-1.46,2.98,0.16,-0.0417,2.6543,12.01,25393,7.97,90.9,10.105,-0,-0.9997,136.11,132.71,130.98,25,Cornering,"Hoosier 43075 16x7.5-10 R20, 7 inch rim",5356
78.41,383.77,-0.42,-122.32,-45.54,0.004,-2.38,2.45,0.09,0.0092,2.6857,11.97,43763.16,7.97,90.96,10.078,-0,-0.9998,136.24,132.93,130.98,25,Cornering,"Hoosier 43075 16x7.5-10 R20, 7 inch rim",5357
78.39,383.78,-2.04,-126.56,-47.32,0.012,-3.33,2.09,0.09,0.0431,2.6748,11.97,43759.3,7.96,91.04,10.031,-0,-0.9998,136.32,132.93,131,25,Cornering,"Hoosier 43075 16x7.5-10 R20, 7 inch rim",5358
78.4,383.79,-4.4,-129.98,-50.42,0.01,-2.58,0.27,0.03,0.0872,2.5777,12.02,157892.45,7.97,91.09,9.999,-0,-0.9999,136.28,132.8,131.06,24.99,Cornering,"Hoosier 43075 16x7.5-10 R20, 7 inch rim",5359
78.42,383.8,-5.47,-133.38,-52.79,0.003,-3.57,-1.22,0.03,0.1037,2.5267,12.08,157869.48,7.97,91.12,9.971,-0,-0.9999,136.15,132.6,131.08,24.98,Cornering,"Hoosier 43075 16x7.5-10 R20, 7 inch rim",5360
78.39,383.81,-5.17,-136.02,-54.55,-0,-4.46,-2.31,0.09,0.0949,2.4934,12.19,43784.57,7.97,91.16,9.916,-0,-0.9998,135.98,132.43,131.2,25,Cornering,"Hoosier 43075 16x7.5-10 R20, 7 inch rim",5361
78.39,383.82,-4.11,-136.08,-54.77,0.013,-5.21,-3.31,0.16,0.0751,2.4844,12.18,25421.38,7.97,91.17,9.889,-0,-0.9997,135.91,132.34,131.22,25.01,Cornering,"Hoosier 43075 16x7.5-10 R20, 7 inch rim",5362
78.41,383.83,-2,-132.96,-53.84,0.012,-4.6,-3.45,0.03,0.0371,2.4696,12.12,158109.53,7.96,91.2,9.85,-0,-0.9999,135.87,132.34,131.25,25.01,Cornering,"Hoosier 43075 16x7.5-10 R20, 7 inch rim",5363
78.41,383.84,-0.9,-127.68,-51.13,0.016,-4.3,-4.21,-0.04,0.0176,2.497,12.05,-98255.03,7.96,91.22,9.794,-0,-1.0001,135.85,132.38,131.25,25,Cornering,"Hoosier 43075 16x7.5-10 R20, 7 inch rim",5364
78.39,383.85,-0.42,-121.73,-47.88,0.01,-3.68,-4.41,0.09,0.0088,2.5425,11.99,43776.07,7.97,91.23,9.747,-0,-0.9998,135.87,132.47,131.14,24.98,Cornering,"Hoosier 43075 16x7.5-10 R20, 7 inch rim",5365
78.39,383.86,-0.07,-118.12,-46.06,0.006,-2.41,-3.54,0.03,0.0014,2.5646,11.97,157885.83,7.97,91.19,9.701,-0,-0.9999,135.96,132.65,131.06,24.97,Cornering,"Hoosier 43075 16x7.5-10 R20, 7 inch rim",5366
78.42,383.87,0.17,-117.47,-44.57,0.001,-2.22,-1.61,0.09,-0.0039,2.6358,12,43736.85,7.97,91.17,9.657,-0,-0.9998,136.02,132.87,130.98,24.96,Cornering,"Hoosier 43075 16x7.5-10 R20, 7 inch rim",5367
78.4,383.88,-0.15,-119.98,-45.37,0.004,-1.6,0.37,0.09,0.0033,2.6446,12.05,43731.25,7.97,91.15,9.621,-0,-0.9998,136.24,133.09,130.92,24.95,Cornering,"Hoosier 43075 16x7.5-10 R20, 7 inch rim",5368
78.37,383.89,-0.96,-123.73,-47.24,0.009,-1.01,2.06,0.16,0.0203,2.6191,12.07,25385.42,7.97,91.14,9.581,-0,-0.9997,136.39,133.13,130.96,24.95,Cornering,"Hoosier 43075 16x7.5-10 R20, 7 inch rim",5369
78.41,383.9,-1.82,-128.24,-48.81,0.004,-2.39,3.28,0.09,0.0374,2.627,12.04,43742.47,7.97,91.09,9.532,-0,-0.9998,136.45,133.09,130.96,24.95,Cornering,"Hoosier 43075 16x7.5-10 R20, 7 inch rim",5370
78.41,383.91,-2.21,-132,-51.87,0.007,-2.6,3.98,0.03,0.0426,2.5446,12,157904.2,7.97,91.06,9.501,-0,-0.9999,136.34,132.87,131,24.96,Cornering,"Hoosier 43075 16x7.5-10 R20, 7 inch rim",5371
78.39,383.92,-1.29,-135.61,-53.8,0.012,-4.34,4.95,0.09,0.0239,2.5206,11.92,43732.72,7.97,91.07,9.448,-0,-0.9998,136.24,132.6,131.06,24.94,Cornering,"Hoosier 43075 16x7.5-10 R20, 7 inch rim",5372
78.4,383.93,0.57,-137.3,-55.15,0.004,-5.07,5.73,0.16,-0.0104,2.4896,11.89,25385.5,7.97,91.11,9.418,-0,-0.9997,136.06,132.45,131.12,24.94,Cornering,"Hoosier 43075 16x7.5-10 R20, 7 inch rim",5373
78.42,383.94,2.3,-136.22,-55.23,0.006,-5.07,5.65,0.09,-0.0417,2.4663,11.97,43751.59,7.97,91.1,9.378,-0,-0.9998,136.04,132.36,131.14,24.94,Cornering,"Hoosier 43075 16x7.5-10 R20, 7 inch rim",5374
78.4,383.95,3.97,-132.2,-53.8,0.012,-4.75,5.33,0.03,-0.0738,2.4571,12.05,157974.89,7.97,91.07,9.343,-0,-0.9999,135.98,132.36,131.16,24.96,Cornering,"Hoosier 43075 16x7.5-10 R20, 7 inch rim",5375
78.37,383.96,4.74,-126,-51.39,0.02,-3.14,4.63,0.03,-0.0922,2.4516,12.14,158103.41,7.96,91.03,9.302,-0,-0.9999,136.04,132.45,131.1,24.97,Cornering,"Hoosier 43075 16x7.5-10 R20, 7 inch rim",5376
78.41,383.97,4.73,-120.46,-47.42,0.003,-3.24,3.76,0.03,-0.0997,2.5404,12.2,158308.44,7.97,90.97,9.253,-0,-0.9999,136.11,132.63,130.98,25,Cornering,"Hoosier 43075 16x7.5-10 R20, 7 inch rim",5377
78.41,383.98,3.8,-117.29,-45.99,-0.007,-1.62,3.08,0.09,-0.0825,2.5501,12.17,43862.63,7.97,90.92,9.219,-0,-0.9998,136.11,132.8,130.92,25,Cornering,"Hoosier 43075 16x7.5-10 R20, 7 inch rim",5378
78.39,383.99,2.54,-117.33,-44.94,0.003,-1.34,2.98,0.09,-0.0565,2.6106,12.1,43896.8,7.97,90.92,9.189,-0,-0.9998,136.21,132.98,130.86,25.01,Cornering,"Hoosier 43075 16x7.5-10 R20, 7 inch rim",5379
78.38,384,0.65,-120.13,-45.48,0.004,-1.52,2.75,0.09,-0.0144,2.6415,12.02,43921.14,7.97,90.93,9.156,-0,-0.9998,136.36,133.2,130.88,25.03,Cornering,"Hoosier 43075 16x7.5-10 R20, 7 inch rim",5380
78.41,384.01,-1.41,-124.47,-47.75,-0.002,-1.57,2.46,-0.04,0.0295,2.6068,11.97,-98490.65,7.97,90.91,9.117,-0,-1.0001,136.51,133.27,130.96,25.01,Cornering,"Hoosier 43075 16x7.5-10 R20, 7 inch rim",5381
78.4,384.02,-2.69,-129.04,-50.26,0.007,-2.64,2.27,0.23,0.0534,2.5673,12,17949.59,7.97,90.89,9.071,-0,-0.9996,136.51,133.18,130.96,25.01,Cornering,"Hoosier 43075 16x7.5-10 R20, 7 inch rim",5382
78.38,384.03,-3.95,-133.08,-52.7,0.004,-3.78,1.09,0.03,0.0749,2.5251,12.04,158326.84,7.97,90.86,9.043,-0,-0.9999,136.39,132.96,131.02,24.99,Cornering,"Hoosier 43075 16x7.5-10 R20, 7 inch rim",5383
78.4,384.04,-4.12,-135.87,-54.89,-0,-4.16,-0.1,0.16,0.075,2.4755,12.11,25479.55,7.97,90.82,9.006,-0,-0.9997,136.24,132.8,131.1,25,Cornering,"Hoosier 43075 16x7.5-10 R20, 7 inch rim",5384
78.42,384.05,-3.61,-136.67,-55.68,0.004,-4.83,-1.56,0.09,0.0648,2.4545,12.11,43904.11,7.97,90.8,8.958,-0,-0.9998,136.09,132.63,131.12,25,Cornering,"Hoosier 43075 16x7.5-10 R20, 7 inch rim",5385
78.39,384.06,-2.13,-134.51,-55.19,0.009,-4.53,-2.42,0.03,0.0386,2.4372,12.07,158486.11,7.97,90.77,8.928,-0,-0.9999,136,132.65,131.14,25.01,Cornering,"Hoosier 43075 16x7.5-10 R20, 7 inch rim",5386
78.38,384.07,-1.56,-129.35,-52.98,0.004,-4.02,-3.75,0.09,0.0294,2.4415,12,43935.43,7.97,90.73,8.865,-0,-0.9998,135.87,132.67,131.14,25.01,Cornering,"Hoosier 43075 16x7.5-10 R20, 7 inch rim",5387
78.42,384.08,-0.55,-123.17,-49.72,0.016,-3.78,-3.98,0.03,0.011,2.4773,11.95,158523.12,7.96,90.7,8.841,-0,-0.9999,135.89,132.76,131.08,25.01,Cornering,"Hoosier 43075 16x7.5-10 R20, 7 inch rim",5388
78.41,384.09,0.27,-118.12,-46.84,0.003,-2.41,-3.07,0.03,-0.0057,2.5219,11.97,158433.36,7.97,90.68,8.792,-0,-0.9999,135.89,132.87,131.02,24.99,Cornering,"Hoosier 43075 16x7.5-10 R20, 7 inch rim",5389
78.38,384.1,0.14,-116.12,-45.49,0.012,-1.37,-2.12,0.03,-0.003,2.553,12.05,158263.98,7.97,90.64,8.758,-0,-0.9999,135.94,133.02,130.94,24.96,Cornering,"Hoosier 43075 16x7.5-10 R20, 7 inch rim",5390
78.4,384.11,-0.17,-117.38,-44.79,0.014,-1.4,-0.26,0.16,0.0038,2.6209,12.13,25439.71,7.96,90.62,8.722,-0,-0.9997,136.04,133.2,130.88,24.94,Cornering,"Hoosier 43075 16x7.5-10 R20, 7 inch rim",5391
78.41,384.12,-0.89,-121.07,-46.5,0.006,-1.01,1.4,0.09,0.019,2.6037,12.21,43836.58,7.97,90.61,8.663,-0,-0.9998,136.13,133.35,130.84,24.94,Cornering,"Hoosier 43075 16x7.5-10 R20, 7 inch rim",5392
78.39,384.13,-2.12,-126.08,-48.52,0.009,-2.22,2.26,0.16,0.0436,2.5984,12.25,25434.44,7.97,90.61,8.623,-0,-0.9997,136.24,133.4,130.8,24.93,Cornering,"Hoosier 43075 16x7.5-10 R20, 7 inch rim",5393
78.39,384.14,-2.54,-130.29,-51.54,0.007,-2.73,3.36,0.16,0.0493,2.5278,12.19,25455.38,7.97,90.62,8.575,-0,-0.9997,136.19,133.29,130.82,24.95,Cornering,"Hoosier 43075 16x7.5-10 R20, 7 inch rim",5394
78.41,384.15,-2.26,-134.47,-53.7,-0.002,-4.51,3.83,0.03,0.0421,2.5039,12.09,158280.61,7.97,90.67,8.539,-0,-0.9999,136.06,133.07,130.84,24.95,Cornering,"Hoosier 43075 16x7.5-10 R20, 7 inch rim",5395
78.41,384.16,-0.86,-137,-55.35,0.006,-5.6,4.27,0.03,0.0155,2.4751,12.02,158262.97,7.97,90.72,8.491,-0,-0.9999,135.96,132.89,130.9,24.94,Cornering,"Hoosier 43075 16x7.5-10 R20, 7 inch rim",5396
78.38,384.17,0.85,-136.68,-55.93,0.003,-5.18,4.29,-0.11,-0.0151,2.4436,11.99,-37520.97,7.97,90.74,8.456,-0,-1.0002,135.87,132.8,130.94,24.94,Cornering,"Hoosier 43075 16x7.5-10 R20, 7 inch rim",5397
78.4,384.18,2.67,-132.97,-54.88,0.01,-4.28,4.12,0.09,-0.0487,2.423,12.02,43843.6,7.97,90.75,8.42,-0,-0.9998,135.83,132.74,130.98,24.93,Cornering,"Hoosier 43075 16x7.5-10 R20, 7 inch rim",5398
78.42,384.19,4.13,-126.87,-51.72,0.006,-3.83,3.71,0.03,-0.0799,2.4529,12.08,158416.98,7.97,90.74,8.383,-0,-0.9999,135.83,132.78,130.96,24.96,Cornering,"Hoosier 43075 16x7.5-10 R20, 7 inch rim",5399
78.39,384.2,4.79,-120.33,-48.78,0.009,-2.2,3.58,0.09,-0.0983,2.4668,12.17,43922.55,7.97,90.76,8.351,-0,-0.9998,135.89,132.89,130.9,24.97,Cornering,"Hoosier 43075 16x7.5-10 R20, 7 inch rim",5400
78.38,384.21,4.41,-116.08,-46.37,-0,-1.08,3.32,0.09,-0.095,2.5034,12.18,43907.19,7.97,90.8,8.305,-0,-0.9998,135.94,132.98,130.82,24.96,Cornering,"Hoosier 43075 16x7.5-10 R20, 7 inch rim",5401
78.41,384.22,2.93,-115.47,-45.06,0.004,-0.8,2.94,0.16,-0.065,2.5623,12.13,25487.5,7.97,90.79,8.26,-0,-0.9997,136,133.07,130.8,24.96,Cornering,"Hoosier 43075 16x7.5-10 R20, 7 inch rim",5402
78.42,384.23,1.01,-117.95,-45.14,0.003,-1.23,2.78,0.09,-0.0223,2.6132,12.04,43906.81,7.97,90.79,8.215,-0,-0.9998,136.04,133.27,130.76,24.96,Cornering,"Hoosier 43075 16x7.5-10 R20, 7 inch rim",5403
78.38,384.24,-0.87,-122.67,-47.22,0.013,-1.55,2.92,0.16,0.0184,2.5976,12,25492.09,7.97,90.8,8.186,-0,-0.9997,136.15,133.38,130.8,24.96,Cornering,"Hoosier 43075 16x7.5-10 R20, 7 inch rim",5404
78.39,384.25,-2.25,-127.77,-49.15,0.001,-3.33,3.26,0.03,0.0458,2.5998,12,158506.52,7.97,90.83,8.155,-0,-0.9999,136.13,133.29,130.86,24.96,Cornering,"Hoosier 43075 16x7.5-10 R20, 7 inch rim",5405
78.42,384.26,-3.49,-132.02,-52.22,0.01,-4.01,2.67,0.03,0.0668,2.5281,12.04,158663.73,7.97,90.85,8.129,-0,-0.9999,136,133.07,130.9,24.98,Cornering,"Hoosier 43075 16x7.5-10 R20, 7 inch rim",5406
78.4,384.27,-4.07,-135.16,-54.75,0.014,-4.5,1.54,0.09,0.0743,2.469,12.13,43982.92,7.97,90.84,8.076,-0,-0.9998,135.81,132.89,130.94,24.99,Cornering,"Hoosier 43075 16x7.5-10 R20, 7 inch rim",5407
78.38,384.28,-3.19,-136.51,-55.74,0.001,-5.04,0.72,0.09,0.0572,2.4492,12.19,43986.88,7.97,90.83,8.039,-0,-0.9998,135.64,132.78,131.04,24.99,Cornering,"Hoosier 43075 16x7.5-10 R20, 7 inch rim",5408
78.4,384.29,-2.3,-134.2,-55.7,0.007,-4.07,-0.78,0.09,0.0412,2.4092,12.21,44001.02,7.97,90.85,8.002,-0,-0.9998,135.48,132.69,131.06,25,Cornering,"Hoosier 43075 16x7.5-10 R20, 7 inch rim",5409
78.42,384.3,-1.31,-129.21,-53.64,0.007,-3.47,-2.11,0.03,0.0245,2.4087,12.16,158843.77,7.97,90.84,7.947,-0,-0.9999,135.44,132.74,131.1,25,Cornering,"Hoosier 43075 16x7.5-10 R20, 7 inch rim",5410
78.38,384.31,-0.32,-122.79,-50.8,0.001,-2.42,-2.94,0.16,0.0063,2.417,12.07,25555.88,7.97,90.79,7.92,-0,-0.9997,135.38,132.82,131.06,25.01,Cornering,"Hoosier 43075 16x7.5-10 R20, 7 inch rim",5411
78.39,384.32,0.25,-117.34,-47.94,0.003,-1.39,-2.77,0.03,-0.0052,2.4478,12,158869.12,7.97,90.73,7.88,-0,-0.9999,135.42,132.96,130.98,25,Cornering,"Hoosier 43075 16x7.5-10 R20, 7 inch rim",5412
78.42,384.33,0.22,-115.21,-45.61,0.014,-1.79,-2.11,0.03,-0.0047,2.5259,11.98,158924.69,7.97,90.73,7.83,-0,-0.9999,135.51,133.02,130.84,25.01,Cornering,"Hoosier 43075 16x7.5-10 R20, 7 inch rim",5413
78.4,384.34,0.06,-115.82,-45.15,0.013,-1.38,-0.45,0.09,-0.0014,2.5652,12.02,44001.79,7.97,90.74,7.798,-0,-0.9998,135.64,133.22,130.78,24.98,Cornering,"Hoosier 43075 16x7.5-10 R20, 7 inch rim",5414
78.38,384.35,-0.87,-119.38,-46.13,0.009,-1.78,0.96,-0.04,0.0189,2.5882,12.08,-98670.8,7.97,90.8,7.756,-0,-1.0001,135.72,133.38,130.78,24.97,Cornering,"Hoosier 43075 16x7.5-10 R20, 7 inch rim",5415
78.4,384.36,-1.98,-124.04,-47.94,0.004,-2.69,2.03,0.09,0.0414,2.5874,12.14,43989.71,7.97,90.84,7.717,-0,-0.9998,135.85,133.46,130.86,24.97,Cornering,"Hoosier 43075 16x7.5-10 R20, 7 inch rim",5416
78.42,384.37,-2.5,-128.24,-50.41,0.001,-3.39,3.1,0.03,0.0496,2.5438,12.14,158693.23,7.97,90.85,7.658,-0,-0.9999,135.94,133.38,130.94,24.96,Cornering,"Hoosier 43075 16x7.5-10 R20, 7 inch rim",5417
78.39,384.38,-2.54,-132.03,-52.75,0.01,-4.57,3.69,0.09,0.0482,2.5032,12.08,43967.76,7.97,90.86,7.631,-0,-0.9998,135.83,133.2,131.04,24.96,Cornering,"Hoosier 43075 16x7.5-10 R20, 7 inch rim",5418
78.39,384.39,-2.1,-134.37,-54.96,0.01,-4.64,3.38,0.03,0.0382,2.4449,11.99,158684.88,7.97,90.89,7.579,-0,-0.9999,135.7,133,131.1,24.96,Cornering,"Hoosier 43075 16x7.5-10 R20, 7 inch rim",5419
78.42,384.4,-0.58,-134.38,-56.01,0.013,-4,3.38,0.09,0.0104,2.3992,11.93,43966.69,7.97,90.89,7.539,-0,-0.9998,135.59,132.91,131.12,24.95,Cornering,"Hoosier 43075 16x7.5-10 R20, 7 inch rim",5420
78.4,384.41,1.53,-131.86,-55.19,0.006,-3.74,3.54,0.16,-0.0277,2.3892,11.94,25515.34,7.97,90.9,7.502,-0,-0.9997,135.55,132.8,131.16,24.94,Cornering,"Hoosier 43075 16x7.5-10 R20, 7 inch rim",5421
78.37,384.42,3.03,-126.88,-52.67,0.007,-3.72,3.06,0.03,-0.0576,2.409,11.97,158579.34,7.97,90.89,7.462,-0,-0.9999,135.51,132.87,131.14,24.93,Cornering,"Hoosier 43075 16x7.5-10 R20, 7 inch rim",5422
78.4,384.43,3.73,-120.76,-49.71,-0.002,-2.51,2.79,0.09,-0.0751,2.4294,12.08,43927.16,7.97,90.83,7.422,-0,-0.9998,135.51,132.91,131.14,24.92,Cornering,"Hoosier 43075 16x7.5-10 R20, 7 inch rim",5423
78.42,384.44,3.87,-116.11,-46.82,0.004,-2.16,2.8,0.09,-0.0828,2.4801,12.17,43982.98,7.97,90.78,7.373,-0,-0.9998,135.53,133,131.04,24.95,Cornering,"Hoosier 43075 16x7.5-10 R20, 7 inch rim",5424
78.39,384.45,3.23,-114.83,-45.89,-0.003,-1.26,3.16,0.03,-0.0703,2.502,12.19,158843.31,7.97,90.77,7.34,-0,-0.9999,135.57,133.11,130.96,24.97,Cornering,"Hoosier 43075 16x7.5-10 R20, 7 inch rim",5425
78.38,384.46,1.63,-116.23,-45.12,-0.002,-1.93,3.17,0.16,-0.0361,2.5759,12.16,25562.09,7.97,90.79,7.304,-0,-0.9997,135.74,133.31,130.94,24.98,Cornering,"Hoosier 43075 16x7.5-10 R20, 7 inch rim",5426
78.41,384.47,-0.13,-120.04,-46.47,0.014,-2.33,3.56,0.09,0.0029,2.5834,12.08,44013.48,7.97,90.8,7.269,-0,-0.9998,135.89,133.46,130.98,24.96,Cornering,"Hoosier 43075 16x7.5-10 R20, 7 inch rim",5427
78.41,384.48,-1.58,-124.52,-48.62,0.004,-2.85,3.79,0.03,0.0324,2.5608,11.99,158808.17,7.97,90.79,7.229,-0,-0.9999,135.98,133.46,131.02,24.96,Cornering,"Hoosier 43075 16x7.5-10 R20, 7 inch rim",5428
78.38,384.49,-3.07,-128.42,-50.84,0.004,-3.78,3.31,0.09,0.0605,2.5258,11.97,43979.68,7.97,90.77,7.194,-0,-0.9998,135.98,133.24,131.02,24.94,Cornering,"Hoosier 43075 16x7.5-10 R20, 7 inch rim",5429
78.4,384.5,-2.91,-131.73,-53.96,0.012,-3.63,3.3,0.09,0.054,2.4413,12,43983.72,7.97,90.79,7.151,-0,-0.9998,135.89,132.98,131.08,24.94,Cornering,"Hoosier 43075 16x7.5-10 R20, 7 inch rim",5430
78.42,384.51,-1.92,-133.71,-55.92,0.001,-3.96,3.05,0.03,0.0343,2.3911,12.08,158700.05,7.97,90.78,7.113,-0,-0.9999,135.76,132.82,131.12,24.93,Cornering,"Hoosier 43075 16x7.5-10 R20, 7 inch rim",5431
78.39,384.52,-1.41,-132.93,-56.22,0.001,-3.49,1.25,0.03,0.0251,2.3645,12.14,158787.78,7.97,90.84,7.071,-0,-0.9999,135.68,132.71,131.12,24.94,Cornering,"Hoosier 43075 16x7.5-10 R20, 7 inch rim",5432
78.38,384.53,-0.63,-129.35,-54.75,0.003,-3.49,-0.31,0.09,0.0115,2.3625,12.16,44055.48,7.97,90.87,7.04,-0,-0.9998,135.64,132.6,131.18,24.97,Cornering,"Hoosier 43075 16x7.5-10 R20, 7 inch rim",5433
78.41,384.54,0.15,-123.76,-51.76,0.007,-3.28,-1.35,0.09,-0.003,2.3913,12.12,44079.24,7.97,90.9,7.004,-0,-0.9998,135.59,132.65,131.12,24.98,Cornering,"Hoosier 43075 16x7.5-10 R20, 7 inch rim",5434
78.41,384.55,0.61,-118.1,-48.92,-0.005,-2.25,-1.79,0.09,-0.0124,2.414,12.04,44073.22,7.97,90.9,6.958,-0,-0.9998,135.53,132.74,131,24.98,Cornering,"Hoosier 43075 16x7.5-10 R20, 7 inch rim",5435
78.38,384.56,0.29,-114.72,-46.44,0.006,-2.38,-1.84,0.09,-0.0062,2.4701,11.97,44066.39,7.97,90.88,6.921,-0,-0.9998,135.55,132.78,130.78,24.97,Cornering,"Hoosier 43075 16x7.5-10 R20, 7 inch rim",5436
78.39,384.57,-0.24,-114.16,-45.15,0.02,-2.16,-0.83,0.03,0.0053,2.5283,11.94,158850.73,7.96,90.87,6.881,-0,-0.9999,135.53,132.93,130.58,24.94,Cornering,"Hoosier 43075 16x7.5-10 R20, 7 inch rim",5437
78.42,384.58,-1.34,-116.39,-45.97,-0,-1.5,0.05,0.16,0.0291,2.5321,11.97,25533.71,7.97,90.85,6.841,-0,-0.9997,135.61,133.09,130.4,24.93,Cornering,"Hoosier 43075 16x7.5-10 R20, 7 inch rim",5438
78.39,384.59,-2.71,-119.83,-47.33,0.003,-1.74,0.98,0.09,0.0572,2.5317,12.08,43985.16,7.97,90.82,6.8,-0,-0.9998,135.74,133.18,130.28,24.92,Cornering,"Hoosier 43075 16x7.5-10 R20, 7 inch rim",5439
78.38,384.6,-3.35,-123.7,-48.99,-0.005,-2.85,2.12,0.03,0.0685,2.5253,12.14,158705.45,7.97,90.77,6.759,-0,-0.9999,135.76,133.2,130.13,24.92,Cornering,"Hoosier 43075 16x7.5-10 R20, 7 inch rim",5440
78.4,384.61,-3.52,-127.31,-51.78,-0.002,-3.39,2.76,0.03,0.068,2.4586,12.14,158719.59,7.97,90.74,6.715,-0,-0.9999,135.7,132.96,130.05,24.92,Cornering,"Hoosier 43075 16x7.5-10 R20, 7 inch rim",5441
78.41,384.62,-2.76,-129.56,-53.76,0.013,-3.91,3.3,0.16,0.0513,2.4099,12.11,25523.99,7.97,90.74,6.683,-0,-0.9997,135.48,132.74,129.99,24.91,Cornering,"Hoosier 43075 16x7.5-10 R20, 7 inch rim",5442
78.38,384.63,-1.39,-130.62,-55.03,0.004,-4.53,3.13,-0.04,0.0252,2.3736,12.04,-98750.92,7.97,90.78,6.62,-0,-1.0001,135.4,132.58,129.91,24.93,Cornering,"Hoosier 43075 16x7.5-10 R20, 7 inch rim",5443
78.38,384.64,0.15,-129.04,-54.92,-0,-4.03,2.67,0.09,-0.0028,2.3498,11.98,44033.47,7.97,90.85,6.6,-0,-0.9998,135.31,132.54,129.81,24.94,Cornering,"Hoosier 43075 16x7.5-10 R20, 7 inch rim",5444
78.42,384.65,1.38,-125.01,-53.98,0.004,-2.55,2.16,0.09,-0.0256,2.3157,11.97,44027.55,7.97,90.9,6.55,-0,-0.9998,135.29,132.54,129.75,24.93,Cornering,"Hoosier 43075 16x7.5-10 R20, 7 inch rim",5445
78.41,384.66,2.41,-119.98,-50.3,-0.006,-3.47,1.85,0.03,-0.0478,2.3852,12.02,158896.62,7.97,90.93,6.503,-0,-0.9999,135.27,132.58,129.73,24.93,Cornering,"Hoosier 43075 16x7.5-10 R20, 7 inch rim",5446
78.38,384.67,3.05,-115.04,-47.69,0.006,-2.34,2.19,0.09,-0.0639,2.4123,12.08,44025.12,7.97,91,6.458,-0,-0.9998,135.33,132.69,129.67,24.93,Cornering,"Hoosier 43075 16x7.5-10 R20, 7 inch rim",5447
78.41,384.68,3.19,-112.24,-45.83,0.009,-1.62,3.16,0.03,-0.0696,2.4492,12.11,158918.08,7.97,91.04,6.432,-0,-0.9999,135.4,132.76,129.71,24.93,Cornering,"Hoosier 43075 16x7.5-10 R20, 7 inch rim",5448
78.42,384.69,1.92,-112.4,-44.88,0.01,-1.22,3.66,0.09,-0.0428,2.5042,12.08,44102.21,7.97,91.07,6.394,-0,-0.9998,135.46,132.96,129.81,24.97,Cornering,"Hoosier 43075 16x7.5-10 R20, 7 inch rim",5449
78.39,384.7,0.18,-115.47,-45.88,0.001,-1.25,4.14,0.09,-0.0039,2.5167,12.01,44168.2,7.97,91.11,6.339,-0,-0.9998,135.61,133.09,129.91,25,Cornering,"Hoosier 43075 16x7.5-10 R20, 7 inch rim",5450
78.39,384.71,-1.92,-119.7,-47.9,0.006,-1.69,3.99,0.16,0.0401,2.4989,11.95,25637.05,7.97,91.09,6.319,-0,-0.9997,135.64,133.16,130.09,25,Cornering,"Hoosier 43075 16x7.5-10 R20, 7 inch rim",5451
78.41,384.72,-2.8,-124.07,-50.25,0.004,-2.83,4.37,0.16,0.0558,2.4688,11.95,25615.41,7.97,91.09,6.275,-0,-0.9997,135.55,132.98,130.25,24.98,Cornering,"Hoosier 43075 16x7.5-10 R20, 7 inch rim",5452
78.41,384.73,-3.02,-127.67,-53.33,0.007,-2.84,4.26,0.09,0.0566,2.3941,11.98,44124.92,7.97,91.1,6.243,-0,-0.9998,135.42,132.82,130.42,24.97,Cornering,"Hoosier 43075 16x7.5-10 R20, 7 inch rim",5453
78.38,384.74,-2.57,-130.66,-54.97,0.012,-4.36,3.66,0.03,0.0467,2.3769,12.05,159170.44,7.97,91.11,6.206,-0,-0.9999,135.29,132.69,130.56,24.96,Cornering,"Hoosier 43075 16x7.5-10 R20, 7 inch rim",5454
78.4,384.75,-1.22,-131.27,-55.59,0.009,-4.97,2.97,-0.04,0.022,2.3615,12.16,-98976.91,7.97,91.16,6.15,-0,-1.0001,135.18,132.63,130.64,24.97,Cornering,"Hoosier 43075 16x7.5-10 R20, 7 inch rim",5455
78.42,384.76,-0.19,-128.15,-55.01,0.009,-4.23,1.57,0.09,0.0034,2.3297,12.22,44155.04,7.97,91.21,6.125,-0,-0.9998,135.14,132.56,130.7,24.98,Cornering,"Hoosier 43075 16x7.5-10 R20, 7 inch rim",5456
78.4,384.77,0.76,-123.16,-52.46,0.009,-4.07,0.34,0.09,-0.0146,2.3478,12.19,44189.89,7.97,91.23,6.073,-0,-0.9998,135.12,132.54,130.74,25,Cornering,"Hoosier 43075 16x7.5-10 R20, 7 inch rim",5457
78.38,384.78,1,-116.75,-49.54,0.004,-2.67,-0.64,0.09,-0.0202,2.3569,12.12,44202.53,7.97,91.26,6.043,-0,-0.9998,135.1,132.63,130.72,25.01,Cornering,"Hoosier 43075 16x7.5-10 R20, 7 inch rim",5458
78.42,384.79,0.7,-111.69,-46.55,-0.012,-1.66,-0.92,0.16,-0.0151,2.3995,12.03,25663.6,7.97,91.24,6.007,-0,-0.9997,135.1,132.71,130.68,25.01,Cornering,"Hoosier 43075 16x7.5-10 R20, 7 inch rim",5459
78.41,384.8,-0.23,-110.24,-44.75,0.013,-1.6,-0.8,0.03,0.0051,2.4635,11.97,159611.83,7.97,91.22,5.957,-0,-1,135.23,132.8,130.64,25.02,Cornering,"Hoosier 43075 16x7.5-10 R20, 7 inch rim",5460
78.38,384.81,-1.7,-111.61,-45.48,0.007,-0.47,-0.26,0.03,0.0374,2.4539,11.96,159549.53,7.97,91.17,5.916,-0,-1,135.36,132.96,130.62,25.01,Cornering,"Hoosier 43075 16x7.5-10 R20, 7 inch rim",5461
78.4,384.82,-3.13,-115.65,-46.84,0.004,-1.3,0.53,0.16,0.0668,2.469,12.02,25645.83,7.97,91.18,5.874,-0,-0.9997,135.42,133.11,130.68,24.99,Cornering,"Hoosier 43075 16x7.5-10 R20, 7 inch rim",5462
78.42,384.83,-4,-119.85,-48.96,0.003,-2.19,1.76,0.03,0.0816,2.448,12.1,159462.05,7.97,91.18,5.831,-0,-1,135.42,133.05,130.72,24.99,Cornering,"Hoosier 43075 16x7.5-10 R20, 7 inch rim",5463
78.39,384.84,-4.01,-123.92,-51.75,0.004,-3.2,2.84,0.09,0.0776,2.3945,12.14,44190.79,7.97,91.18,5.798,-0,-0.9998,135.38,132.8,130.8,24.99,Cornering,"Hoosier 43075 16x7.5-10 R20, 7 inch rim",5464
78.38,384.85,-3.28,-126.74,-53.83,0.004,-4.03,3.43,0.09,0.0608,2.3543,12.11,44193.39,7.97,91.18,5.764,-0,-0.9998,135.23,132.52,130.9,24.99,Cornering,"Hoosier 43075 16x7.5-10 R20, 7 inch rim",5465
78.41,384.86,-2.03,-128.51,-55.22,0.016,-4.85,3.43,0.09,0.0367,2.327,12.04,44197.48,7.97,91.22,5.709,-0,-0.9998,135.12,132.34,130.94,24.99,Cornering,"Hoosier 43075 16x7.5-10 R20, 7 inch rim",5466
78.41,384.87,-0.49,-127.24,-55.46,0.01,-4.49,2.96,0.16,0.0088,2.2943,11.96,25648.93,7.97,91.2,5.668,-0,-0.9997,135.03,132.25,131,24.98,Cornering,"Hoosier 43075 16x7.5-10 R20, 7 inch rim",5467
78.39,384.88,1.12,-123.13,-53.58,-0.002,-4.01,2.46,0.09,-0.0209,2.2981,11.92,44183.45,7.97,91.2,5.622,-0,-0.9998,134.99,132.25,131,24.98,Cornering,"Hoosier 43075 16x7.5-10 R20, 7 inch rim",5468
78.4,384.89,2.12,-117.71,-50.79,0.007,-3.26,2.02,0.03,-0.0417,2.3175,11.96,159415.58,7.97,91.15,5.592,-0,-0.9999,134.95,132.32,131,24.97,Cornering,"Hoosier 43075 16x7.5-10 R20, 7 inch rim",5469
78.42,384.9,2.88,-112.23,-47.59,0.001,-2.45,2.2,0.03,-0.0605,2.3583,12.03,159392.86,7.97,91.1,5.538,-0,-0.9999,134.88,132.36,131,24.97,Cornering,"Hoosier 43075 16x7.5-10 R20, 7 inch rim",5470
78.4,384.91,2.64,-108.29,-45.57,-0.006,-0.88,2.72,0.09,-0.0579,2.3764,12.1,44171.38,7.97,91.06,5.506,-0,-0.9998,134.91,132.43,130.96,24.97,Cornering,"Hoosier 43075 16x7.5-10 R20, 7 inch rim",5471
78.38,384.92,2.08,-108.04,-44.69,0.007,-1.01,3.82,-0.04,-0.0465,2.4178,12.16,-99116.59,7.97,90.98,5.466,-0,-1.0001,134.95,132.58,130.9,24.97,Cornering,"Hoosier 43075 16x7.5-10 R20, 7 inch rim",5472
78.4,384.93,0.73,-110.66,-45.58,0.001,-0.99,4.61,0.09,-0.0161,2.4277,12.14,44207.36,7.97,90.89,5.433,-0,-0.9998,135.06,132.71,130.92,24.98,Cornering,"Hoosier 43075 16x7.5-10 R20, 7 inch rim",5473
78.41,384.94,-1.13,-114.43,-47.53,0.007,-1.49,4.92,0.09,0.0237,2.4078,12.09,44230.71,7.97,90.86,5.393,-0,-0.9998,135.14,132.74,130.94,25,Cornering,"Hoosier 43075 16x7.5-10 R20, 7 inch rim",5474
78.39,384.95,-2.47,-118.96,-49.72,0.007,-2.92,4.9,0.09,0.0497,2.3928,12.03,44234.12,7.97,90.85,5.344,-0,-0.9998,135.21,132.56,131,25,Cornering,"Hoosier 43075 16x7.5-10 R20, 7 inch rim",5475
78.39,384.96,-2.81,-122.7,-52.51,0.006,-3.61,4.86,0.16,0.0536,2.3367,11.99,25663.66,7.97,90.83,5.314,-0,-0.9997,135.12,132.36,131.04,24.98,Cornering,"Hoosier 43075 16x7.5-10 R20, 7 inch rim",5476
78.42,384.97,-2.38,-125.04,-54.01,0.004,-4.74,4.53,0.09,0.0441,2.3153,12.02,44197.57,7.97,90.86,5.28,-0,-0.9998,135.06,132.19,131.08,24.97,Cornering,"Hoosier 43075 16x7.5-10 R20, 7 inch rim",5477
78.4,384.98,-1.12,-125.99,-54.9,0.007,-5.18,3.85,0.09,0.0205,2.2948,12.11,44169.64,7.97,90.89,5.238,-0,-0.9998,134.95,132.16,131.12,24.96,Cornering,"Hoosier 43075 16x7.5-10 R20, 7 inch rim",5478
78.38,384.99,-0.02,-123.14,-54.97,-0.002,-3.39,2.54,0.09,0.0004,2.2401,12.17,44172.27,7.97,90.88,5.2,-0,-0.9998,134.88,132.08,131.08,24.96,Cornering,"Hoosier 43075 16x7.5-10 R20, 7 inch rim",5479
78.4,385,0.72,-118.54,-52.8,0.016,-2.6,1.14,0.09,-0.0136,2.245,12.18,44205.18,7.97,90.86,5.168,-0,-0.9998,134.78,132.12,131.12,24.97,Cornering,"Hoosier 43075 16x7.5-10 R20, 7 inch rim",5480
78.42,385.01,1.12,-112.75,-49.24,0.012,-2.4,0.3,0.16,-0.0227,2.29,12.17,25671.53,7.97,90.85,5.115,-0,-0.9997,134.78,132.19,131.06,24.98,Cornering,"Hoosier 43075 16x7.5-10 R20, 7 inch rim",5481
78.39,385.02,0.86,-107.87,-46.43,0.003,-1.43,-0.36,0.09,-0.0185,2.3236,12.07,44262.98,7.97,90.82,5.071,-0,-0.9998,134.78,132.3,131,25,Cornering,"Hoosier 43075 16x7.5-10 R20, 7 inch rim",5482
78.38,385.03,-0.41,-105.67,-44.66,-0,-0.95,-0.85,0.09,0.0092,2.3663,11.99,44265.53,7.97,90.79,5.032,-0,-0.9998,134.84,132.36,130.9,25,Cornering,"Hoosier 43075 16x7.5-10 R20, 7 inch rim",5483
78.42,385.04,-1.58,-106.95,-44.18,0.006,-1.95,-0,0.09,0.0359,2.4206,11.95,44236.99,7.97,90.77,4.998,-0,-0.9998,134.93,132.54,130.86,24.98,Cornering,"Hoosier 43075 16x7.5-10 R20, 7 inch rim",5484
78.41,385.05,-3.17,-110.05,-45.7,0.003,-1.73,0.65,-0.04,0.0694,2.4081,11.96,-99150.15,7.97,90.75,4.943,-0,-1.0001,135.01,132.71,130.9,24.96,Cornering,"Hoosier 43075 16x7.5-10 R20, 7 inch rim",5485
78.38,385.06,-4.32,-114.06,-48.29,-0.007,-1.98,1.46,0.09,0.0895,2.362,12.03,44181.05,7.97,90.72,4.91,-0,-0.9998,135.1,132.71,130.96,24.95,Cornering,"Hoosier 43075 16x7.5-10 R20, 7 inch rim",5486
78.4,385.07,-4.68,-117.72,-51.05,0.007,-2.37,2.43,-0.04,0.0917,2.306,12.08,-99089.49,7.97,90.72,4.885,-0,-1.0001,135.01,132.52,131,24.94,Cornering,"Hoosier 43075 16x7.5-10 R20, 7 inch rim",5487
78.42,385.08,-4.1,-121,-53.13,0.007,-3.65,3.2,0.16,0.0772,2.2777,12.1,25646.65,7.97,90.74,4.826,-0,-0.9997,134.91,132.27,131.04,24.95,Cornering,"Hoosier 43075 16x7.5-10 R20, 7 inch rim",5488
78.39,385.09,-2.71,-122.24,-54.69,0.003,-4.04,3.58,0.03,0.0496,2.235,12.06,159462.36,7.97,90.76,4.794,-0,-1,134.73,132.14,131.12,24.95,Cornering,"Hoosier 43075 16x7.5-10 R20, 7 inch rim",5489
78.38,385.1,-1.2,-121.47,-54.78,0.006,-4.34,3.25,0.09,0.0219,2.2173,11.98,44212.36,7.97,90.76,4.739,-0,-0.9998,134.63,132.01,131.14,24.96,Cornering,"Hoosier 43075 16x7.5-10 R20, 7 inch rim",5490
78.4,385.11,0.42,-118.08,-53.51,0.014,-3.66,2.84,0.03,-0.0078,2.2067,11.92,159555.91,7.97,90.76,4.707,-0,-1,134.52,131.97,131.12,24.96,Cornering,"Hoosier 43075 16x7.5-10 R20, 7 inch rim",5491
78.41,385.12,1.57,-112.77,-50.65,0.013,-2.75,2.5,0.09,-0.031,2.2265,11.94,44257.37,7.97,90.75,4.674,-0,-0.9998,134.43,132.03,131.12,24.98,Cornering,"Hoosier 43075 16x7.5-10 R20, 7 inch rim",5492
78.38,385.13,2.52,-107.54,-47.75,-0.006,-1.91,2.66,0.03,-0.0528,2.2523,12,159834.69,7.97,90.71,4.618,-0,-1,134.48,132.12,131.08,25,Cornering,"Hoosier 43075 16x7.5-10 R20, 7 inch rim",5493
78.4,385.14,2.72,-103.84,-45.34,0.004,-1.25,3.45,0.09,-0.06,2.2905,12.12,44313.54,7.97,90.72,4.594,-0,-0.9998,134.45,132.16,130.98,25.01,Cornering,"Hoosier 43075 16x7.5-10 R20, 7 inch rim",5494
78.42,385.15,2.01,-102.76,-44.64,0.006,-0.67,4.04,0.09,-0.0449,2.3017,12.22,44316.43,7.97,90.72,4.545,-0,-0.9998,134.5,132.3,130.9,25.01,Cornering,"Hoosier 43075 16x7.5-10 R20, 7 inch rim",5495
78.4,385.16,0.28,-104.56,-44.89,-0.009,-1.21,4.39,0.09,-0.0062,2.3295,12.25,44328.64,7.97,90.74,4.512,-0,-0.9998,134.54,132.38,130.88,25.02,Cornering,"Hoosier 43075 16x7.5-10 R20, 7 inch rim",5496
78.38,385.17,-1.28,-107.77,-46.45,0.009,-1.94,5.01,0.09,0.0276,2.3199,12.21,44310.44,7.97,90.79,4.472,-0,-0.9998,134.58,132.43,130.92,25.01,Cornering,"Hoosier 43075 16x7.5-10 R20, 7 inch rim",5497
78.41,385.18,-2.3,-110.98,-49.09,-0.006,-1.63,5.41,0.09,0.0468,2.2605,12.11,44322.78,7.97,90.87,4.436,-0,-0.9998,134.56,132.27,130.96,25.01,Cornering,"Hoosier 43075 16x7.5-10 R20, 7 inch rim",5498
78.41,385.19,-3.06,-114.45,-51.4,0.001,-3.2,5.1,0.09,0.0595,2.2266,12.06,44345.54,7.97,90.94,4.398,-0,-0.9998,134.41,132.08,131,25.03,Cornering,"Hoosier 43075 16x7.5-10 R20, 7 inch rim",5499
78.39,385.2,-2.53,-116.38,-53.62,0.013,-3.63,4.84,0.03,0.0472,2.1705,12.03,159999.56,7.97,91.01,4.363,-0,-1,134.26,131.92,131.14,25.02,Cornering,"Hoosier 43075 16x7.5-10 R20, 7 inch rim",5500
78.4,385.21,-1.43,-117.48,-54.08,0.014,-4.86,4.02,-0.04,0.0264,2.1722,12.07,-99348.68,7.97,91.06,4.326,-0,-1.0001,134.15,131.75,131.16,24.99,Cornering,"Hoosier 43075 16x7.5-10 R20, 7 inch rim",5501
78.43,385.22,-0.84,-116.02,-54.2,0.003,-3.83,2.19,0.03,0.0154,2.1408,12.14,159678.72,7.97,91.1,4.3,-0,-1,134.09,131.72,131.16,24.97,Cornering,"Hoosier 43075 16x7.5-10 R20, 7 inch rim",5502
78.41,385.23,-0.15,-111.96,-51.48,0.001,-3.88,0.59,0.03,0.0029,2.1747,12.17,159613.45,7.97,91.09,4.256,-0,-1,134,131.64,131.14,24.96,Cornering,"Hoosier 43075 16x7.5-10 R20, 7 inch rim",5503
78.37,385.24,0.33,-107.1,-48.62,-0.003,-3.43,-0.43,0.03,-0.0067,2.203,12.17,159769.95,7.97,91.09,4.215,-0,-1,134,131.75,131.08,24.98,Cornering,"Hoosier 43075 16x7.5-10 R20, 7 inch rim",5504
78.41,385.25,0.01,-102.6,-46.24,0.001,-2.05,-1.14,-0.04,-0.0003,2.219,12.12,-99369.34,7.97,91.09,4.159,-0,-1.0001,133.94,131.79,131.02,24.99,Cornering,"Hoosier 43075 16x7.5-10 R20, 7 inch rim",5505
78.41,385.26,-1.02,-99.79,-44.5,0.001,-1.08,-1.48,0.09,0.0228,2.2424,12.03,44319.34,7.97,91.07,4.129,-0,-0.9998,134,131.92,130.98,25,Cornering,"Hoosier 43075 16x7.5-10 R20, 7 inch rim",5506
78.39,385.27,-2.17,-99.69,-44.5,0.013,-1.02,-0.72,0.03,0.0488,2.2403,11.95,159977.86,7.97,91.07,4.099,-0,-1,134.07,132.08,130.94,25.01,Cornering,"Hoosier 43075 16x7.5-10 R20, 7 inch rim",5507
78.39,385.28,-3.72,-101.52,-45.56,0.004,-0.9,0,0.09,0.0816,2.2284,11.95,44303.1,7.97,91.05,4.047,-0,-0.9998,134.15,132.16,131.04,24.99,Cornering,"Hoosier 43075 16x7.5-10 R20, 7 inch rim",5508
78.41,385.29,-4.84,-104.94,-47.94,-0,-1.35,1.05,0.16,0.101,2.189,12,25697.92,7.97,91.06,4,-0,-0.9997,134.15,132.21,131.14,24.97,Cornering,"Hoosier 43075 16x7.5-10 R20, 7 inch rim",5509
78.41,385.3,-5.25,-108.11,-49.59,0.009,-3.22,2.08,0.16,0.1058,2.1802,12.06,25680.8,7.97,91.06,3.974,-0,-0.9997,134,132.01,131.18,24.96,Cornering,"Hoosier 43075 16x7.5-10 R20, 7 inch rim",5510
78.38,385.31,-4.61,-110.59,-52.05,0.003,-3.75,2.93,0.09,0.0886,2.1245,12.17,44247.35,7.97,91.09,3.932,-0,-0.9998,133.88,131.79,131.29,24.96,Cornering,"Hoosier 43075 16x7.5-10 R20, 7 inch rim",5511
78.4,385.32,-3,-112.15,-53.92,0.001,-4.07,3.58,0.09,0.0557,2.0797,12.19,44229.54,7.97,91.1,3.878,-0,-0.9998,133.7,131.68,131.35,24.94,Cornering,"Hoosier 43075 16x7.5-10 R20, 7 inch rim",5512
78.42,385.33,-1.31,-111.85,-54.41,0.004,-4.05,3.61,0.03,0.024,2.0555,12.17,159617.86,7.97,91.1,3.839,-0,-1,133.6,131.57,131.39,24.94,Cornering,"Hoosier 43075 16x7.5-10 R20, 7 inch rim",5513
78.39,385.34,0.41,-109.22,-53.08,0.01,-3.89,3.22,0.16,-0.0078,2.0575,12.1,25686.08,7.97,91.06,3.792,-0,-0.9997,133.6,131.48,131.39,24.96,Cornering,"Hoosier 43075 16x7.5-10 R20, 7 inch rim",5514
78.39,385.35,1.24,-104.83,-51.07,0.004,-2.56,2.38,-0.04,-0.0243,2.0526,12.03,-99254.54,7.97,91.02,3.752,-0,-1.0001,133.55,131.57,131.35,24.95,Cornering,"Hoosier 43075 16x7.5-10 R20, 7 inch rim",5515
78.41,385.36,2.2,-100.03,-47.76,0.013,-1.88,2.68,0.16,-0.0461,2.0945,12.04,25682.36,7.97,91,3.712,-0,-0.9997,133.53,131.64,131.29,24.95,Cornering,"Hoosier 43075 16x7.5-10 R20, 7 inch rim",5516
78.4,385.37,2.62,-96.27,-45.25,0.009,-1.64,3.34,0.09,-0.0579,2.1275,12.08,44219.19,7.97,91.01,3.668,-0,-0.9998,133.55,131.7,131.16,24.93,Cornering,"Hoosier 43075 16x7.5-10 R20, 7 inch rim",5517
78.38,385.38,1.86,-94.36,-44.27,0.001,-0.73,3.98,0.09,-0.042,2.1313,12.18,44210.66,7.97,90.99,3.63,-0,-0.9998,133.58,131.79,131.14,24.93,Cornering,"Hoosier 43075 16x7.5-10 R20, 7 inch rim",5518
78.39,385.39,0.22,-95.18,-44.69,0.009,-0.93,4.42,0.03,-0.0048,2.1298,12.23,159586.12,7.97,90.99,3.593,-0,-1,133.73,131.97,131.2,24.93,Cornering,"Hoosier 43075 16x7.5-10 R20, 7 inch rim",5519
78.42,385.4,-1.54,-97.52,-46.49,0.009,-1.12,4.93,0.03,0.0331,2.0979,12.25,159704.3,7.97,91,3.552,-0,-1,133.75,132.01,131.2,24.95,Cornering,"Hoosier 43075 16x7.5-10 R20, 7 inch rim",5520
78.39,385.41,-2.6,-100.45,-48.29,-0.002,-2.7,5.42,0.03,0.0539,2.0801,12.22,159712.7,7.97,91.01,3.5,-0,-1,133.77,131.88,131.22,24.95,Cornering,"Hoosier 43075 16x7.5-10 R20, 7 inch rim",5521
78.39,385.42,-3.34,-102.98,-51.07,0.004,-2.91,5.31,0.03,0.0654,2.0165,12.13,159718.23,7.97,91,3.466,-0,-1,133.68,131.75,131.31,24.95,Cornering,"Hoosier 43075 16x7.5-10 R20, 7 inch rim",5522
78.41,385.43,-2.91,-104.56,-52.6,0.006,-4.28,4.98,0.09,0.0553,1.988,12.02,44271.01,7.97,91.05,3.433,-0,-0.9998,133.53,131.57,131.39,24.96,Cornering,"Hoosier 43075 16x7.5-10 R20, 7 inch rim",5523
78.41,385.44,-2.25,-105.2,-54.13,0.009,-3.82,3.98,0.09,0.0416,1.9433,11.99,44262.79,7.97,91.1,3.386,-0,-0.9998,133.4,131.48,131.43,24.95,Cornering,"Hoosier 43075 16x7.5-10 R20, 7 inch rim",5524
78.37,385.45,-0.68,-103.58,-53.5,-0.005,-3.57,3.38,0.09,0.0127,1.9361,12,44264.02,7.97,91.12,3.357,-0,-0.9998,133.34,131.44,131.43,24.95,Cornering,"Hoosier 43075 16x7.5-10 R20, 7 inch rim",5525
78.4,385.46,0.38,-100.15,-50.87,-0.003,-3.77,2.2,0.09,-0.0076,1.9689,12.06,44255.82,7.97,91.13,3.308,-0,-0.9998,133.3,131.46,131.35,24.94,Cornering,"Hoosier 43075 16x7.5-10 R20, 7 inch rim",5526
78.42,385.47,0.71,-95.65,-48.31,0.004,-2.41,1.1,-0.04,-0.0148,1.98,12.15,-99256.6,7.97,91.15,3.275,-0,-1.0001,133.27,131.48,131.29,24.94,Cornering,"Hoosier 43075 16x7.5-10 R20, 7 inch rim",5527
78.4,385.48,0.28,-91.61,-46.36,0.007,-0.84,0.15,0.09,-0.0061,1.9761,12.19,44279.38,7.97,91.18,3.237,-0,-0.9998,133.17,131.55,131.25,24.96,Cornering,"Hoosier 43075 16x7.5-10 R20, 7 inch rim",5528
78.38,385.49,-0.74,-89.26,-44.32,0.006,-0.74,-0.18,0.03,0.0167,2.0137,12.17,159796.52,7.97,91.2,3.198,-0,-1,133.23,131.61,131.16,24.96,Cornering,"Hoosier 43075 16x7.5-10 R20, 7 inch rim",5529
78.4,385.5,-2.42,-88.64,-43.88,0.007,-0.82,-0.32,0.16,0.0552,2.0202,12.1,25720.53,7.97,91.18,3.152,-0,-0.9997,133.3,131.68,131.16,24.97,Cornering,"Hoosier 43075 16x7.5-10 R20, 7 inch rim",5530
78.42,385.51,-3.6,-90.15,-44.93,-0.006,-1.22,0.77,0.09,0.0801,2.0065,12.04,44335.85,7.97,91.18,3.112,-0,-0.9998,133.38,131.77,131.18,24.98,Cornering,"Hoosier 43075 16x7.5-10 R20, 7 inch rim",5531
78.38,385.52,-5.07,-92.67,-47.01,-0.003,-1.91,1.34,0.16,0.1079,1.9712,12.03,25728.02,7.97,91.18,3.086,-0,-0.9997,133.4,131.79,131.27,24.98,Cornering,"Hoosier 43075 16x7.5-10 R20, 7 inch rim",5532
78.39,385.53,-5.4,-94.89,-49.22,0.003,-2.75,2.36,-0.04,0.1096,1.928,12.07,-99392.42,7.97,91.21,3.049,-0,-1.0001,133.36,131.61,131.31,24.97,Cornering,"Hoosier 43075 16x7.5-10 R20, 7 inch rim",5533
78.42,385.54,-5.2,-97.12,-51.82,0.01,-3.54,2.76,0.09,0.1003,1.8742,12.15,44298.67,7.97,91.23,3.01,-0,-0.9998,133.21,131.39,131.41,24.96,Cornering,"Hoosier 43075 16x7.5-10 R20, 7 inch rim",5534
78.4,385.55,-3.91,-97.71,-53.54,-0,-3.13,3.08,0.03,0.073,1.8248,12.22,159830.92,7.97,91.26,2.955,-0,-1,133.15,131.26,131.47,24.96,Cornering,"Hoosier 43075 16x7.5-10 R20, 7 inch rim",5535
78.38,385.56,-2.45,-97.55,-54,-0,-3.14,2.63,0.09,0.0454,1.8064,12.25,44281.44,7.97,91.27,2.922,-0,-0.9998,133.02,131.17,131.45,24.95,Cornering,"Hoosier 43075 16x7.5-10 R20, 7 inch rim",5536
78.41,385.57,-0.91,-95.36,-52.52,-0,-2.83,2.19,0.03,0.0174,1.8157,12.22,159840.12,7.97,91.26,2.886,-0,-1,132.97,131.13,131.49,24.96,Cornering,"Hoosier 43075 16x7.5-10 R20, 7 inch rim",5537
78.42,385.58,0.91,-92.08,-50.26,-0,-2.27,2.32,0.03,-0.0182,1.8322,12.14,159844.25,7.97,91.23,2.854,-0,-1,132.93,131.13,131.43,24.96,Cornering,"Hoosier 43075 16x7.5-10 R20, 7 inch rim",5538
78.39,385.59,1.7,-88.15,-47.35,-0.006,-1.77,2.22,0.03,-0.0359,1.8618,12.05,159812.33,7.97,91.22,2.814,-0,-1,132.85,131.17,131.41,24.95,Cornering,"Hoosier 43075 16x7.5-10 R20, 7 inch rim",5539
78.38,385.6,1.63,-84.75,-45.13,0.001,-1.35,2.31,0.03,-0.0362,1.8781,12,159818.34,7.97,91.23,2.767,-0,-1,132.78,131.22,131.31,24.95,Cornering,"Hoosier 43075 16x7.5-10 R20, 7 inch rim",5540
78.41,385.61,0.14,-83.2,-43.9,0.001,-1.34,1.89,0.16,-0.0032,1.8951,11.99,25687.66,7.97,91.19,2.741,-0,-0.9997,132.78,131.26,131.2,24.93,Cornering,"Hoosier 43075 16x7.5-10 R20, 7 inch rim",5541
78.4,385.62,-1.21,-83.05,-44.02,0.001,-1.81,2.55,0.16,0.0274,1.8867,12.05,25712.4,7.97,91.15,2.698,-0,-0.9997,132.82,131.39,131.22,24.96,Cornering,"Hoosier 43075 16x7.5-10 R20, 7 inch rim",5542
78.38,385.63,-3.15,-84.49,-45.93,0.007,-1.58,2.72,0.16,0.0687,1.8394,12.08,25737.33,7.97,91.09,2.645,-0,-0.9997,132.85,131.48,131.25,24.98,Cornering,"Hoosier 43075 16x7.5-10 R20, 7 inch rim",5543
78.4,385.64,-4.45,-85.94,-47.92,0.014,-2.42,3.01,0.09,0.0928,1.7932,12.12,44353.86,7.97,91.08,2.617,-0,-0.9998,132.89,131.42,131.29,24.98,Cornering,"Hoosier 43075 16x7.5-10 R20, 7 inch rim",5544
78.42,385.65,-5.51,-87.32,-50.2,0.006,-2.77,2.55,0.09,0.1097,1.7392,12.06,44355.12,7.97,91.08,2.578,-0,-0.9998,132.8,131.22,131.39,24.98,Cornering,"Hoosier 43075 16x7.5-10 R20, 7 inch rim",5545
78.39,385.66,-5.49,-88.28,-52.08,0.009,-3.33,1.93,-0.04,0.1054,1.695,11.97,-99503.87,7.97,91.11,2.515,-0,-1.0001,132.67,131.04,131.43,24.98,Cornering,"Hoosier 43075 16x7.5-10 R20, 7 inch rim",5546
78.39,385.67,-4.87,-88.43,-53.23,0.007,-3.3,0.99,0.09,0.0916,1.6611,11.93,44347.8,7.97,91.1,2.485,-0,-0.9998,132.55,130.91,131.47,24.98,Cornering,"Hoosier 43075 16x7.5-10 R20, 7 inch rim",5547
78.41,385.68,-3.54,-87.32,-53.04,0.004,-2.92,0.29,0.03,0.0668,1.6463,11.95,160079.33,7.97,91.1,2.445,-0,-1,132.46,130.8,131.53,24.98,Cornering,"Hoosier 43075 16x7.5-10 R20, 7 inch rim",5548
78.41,385.69,-1.46,-84.76,-51.08,-0.009,-2.77,0.53,0.23,0.0285,1.6594,12.01,18146.22,7.97,91.08,2.385,-0,-0.9996,132.44,130.71,131.53,25,Cornering,"Hoosier 43075 16x7.5-10 R20, 7 inch rim",5549
78.38,385.7,-0.19,-81.59,-48.31,0.016,-2.56,0.66,0.16,0.004,1.689,12.1,25766.71,7.97,91.06,2.343,-0,-0.9997,132.42,130.62,131.53,25,Cornering,"Hoosier 43075 16x7.5-10 R20, 7 inch rim",5550
78.4,385.71,0.68,-78.27,-45.63,0.007,-2.03,1.19,0.09,-0.0149,1.7154,12.17,44384.33,7.97,91,2.296,-0,-0.9998,132.35,130.62,131.49,25,Cornering,"Hoosier 43075 16x7.5-10 R20, 7 inch rim",5551
78.42,385.72,0.39,-75.77,-43.95,0.004,-1.59,1.63,0.09,-0.009,1.7241,12.17,44364.89,7.97,90.96,2.256,-0,-0.9998,132.4,130.65,131.41,24.98,Cornering,"Hoosier 43075 16x7.5-10 R20, 7 inch rim",5552
78.4,385.73,-0.68,-74.56,-43.69,0.013,-1.08,2.38,0.03,0.0155,1.7065,12.11,160102.7,7.97,90.97,2.223,-0,-1,132.42,130.73,131.37,24.98,Cornering,"Hoosier 43075 16x7.5-10 R20, 7 inch rim",5553
78.38,385.74,-1.94,-74.39,-44.17,0.006,-1.47,3.35,0.03,0.0439,1.684,12.04,160256.91,7.97,90.98,2.166,-0,-1,132.52,130.78,131.37,25.01,Cornering,"Hoosier 43075 16x7.5-10 R20, 7 inch rim",5554
78.41,385.75,-2.84,-75.35,-45.64,0.009,-2.15,4.54,0.03,0.0623,1.6511,11.98,160259.67,7.97,90.98,2.137,-0,-1,132.48,130.87,131.41,25.01,Cornering,"Hoosier 43075 16x7.5-10 R20, 7 inch rim",5555
78.42,385.76,-3,-76.28,-48.02,0.003,-2.53,5.85,-0.11,0.0625,1.5886,11.99,-38000.46,7.97,90.92,2.104,-0,-1.0002,132.48,130.71,131.47,25.01,Cornering,"Hoosier 43075 16x7.5-10 R20, 7 inch rim",5556
78.38,385.77,-2.73,-77.08,-50.4,0.006,-2.65,6.23,0.03,0.0541,1.5294,12.03,160230.17,7.97,90.87,2.055,-0,-1,132.4,130.6,131.53,25,Cornering,"Hoosier 43075 16x7.5-10 R20, 7 inch rim",5557
78.39,385.78,-2.3,-77.84,-51.97,-0.002,-3.42,5.54,0.09,0.0442,1.4979,12.09,44371.12,7.97,90.83,2.021,-0,-0.9998,132.27,130.51,131.63,24.98,Cornering,"Hoosier 43075 16x7.5-10 R20, 7 inch rim",5558
78.42,385.79,-0.82,-77.4,-52.52,0.003,-3.48,5.32,0.09,0.0156,1.4737,12.11,44341.37,7.97,90.81,1.975,-0,-0.9998,132.14,130.47,131.63,24.97,Cornering,"Hoosier 43075 16x7.5-10 R20, 7 inch rim",5559
78.4,385.8,0.64,-76.17,-51.48,0.009,-3.47,4.58,0.09,-0.0125,1.4798,12.08,44341.71,7.97,90.84,1.961,-0,-0.9998,132.05,130.4,131.59,24.97,Cornering,"Hoosier 43075 16x7.5-10 R20, 7 inch rim",5560
78.38,385.81,1.4,-73.66,-49.21,0.007,-2.82,3.45,0.09,-0.0285,1.4969,12,44322.05,7.97,90.85,1.922,-0,-0.9998,131.99,130.43,131.55,24.96,Cornering,"Hoosier 43075 16x7.5-10 R20, 7 inch rim",5561
78.41,385.82,1.22,-70.66,-46.41,0.001,-1.99,2.11,0.16,-0.0262,1.5225,11.94,25726.04,7.97,90.87,1.873,-0,-0.9997,131.92,130.49,131.45,24.96,Cornering,"Hoosier 43075 16x7.5-10 R20, 7 inch rim",5562
78.42,385.83,0.54,-67.73,-44.18,0.01,-1.22,1.36,-0.04,-0.0123,1.5329,11.92,-99452.16,7.97,90.89,1.846,-0,-1.0001,131.84,130.54,131.35,24.96,Cornering,"Hoosier 43075 16x7.5-10 R20, 7 inch rim",5563
78.38,385.84,-0.7,-65.7,-42.8,0.01,-0.86,1.09,0.03,0.0164,1.5351,11.92,159991.03,7.97,90.9,1.812,-0,-1,131.86,130.62,131.33,24.96,Cornering,"Hoosier 43075 16x7.5-10 R20, 7 inch rim",5564
78.39,385.85,-3.28,-64.75,-42.83,0.004,-1.03,-0,-0.04,0.0766,1.5118,12.03,-99409.66,7.97,90.92,1.772,-0,-1.0001,131.94,130.73,131.37,24.95,Cornering,"Hoosier 43075 16x7.5-10 R20, 7 inch rim",5565
78.42,385.86,-5.21,-64.89,-44.45,-0,-0.73,-0,0.09,0.1173,1.46,12.11,44285.24,7.97,90.92,1.726,-0,-0.9998,131.97,130.78,131.43,24.93,Cornering,"Hoosier 43075 16x7.5-10 R20, 7 inch rim",5566
78.4,385.87,-6.8,-65.59,-45.97,0.012,-2.12,-0.08,0.03,0.1479,1.427,12.14,159777.05,7.97,90.95,1.696,-0,-1,131.97,130.73,131.49,24.93,Cornering,"Hoosier 43075 16x7.5-10 R20, 7 inch rim",5567
78.38,385.88,-7.52,-66.49,-48.41,-0,-2.67,-0.38,-0.04,0.1553,1.3736,12.11,-99391.77,7.97,90.93,1.66,-0,-1.0001,131.84,130.58,131.53,24.94,Cornering,"Hoosier 43075 16x7.5-10 R20, 7 inch rim",5568
78.4,385.89,-7.39,-67.19,-50.56,0.013,-3.34,-0.73,0.03,0.1461,1.3288,12.03,159968.48,7.97,90.92,1.617,-0,-1,131.71,130.4,131.59,24.96,Cornering,"Hoosier 43075 16x7.5-10 R20, 7 inch rim",5569
78.42,385.9,-6.21,-67.32,-51.21,0.006,-4.44,-1.27,0.16,0.1213,1.3147,11.95,25741.57,7.97,90.94,1.58,-0,-0.9997,131.6,130.34,131.63,24.97,Cornering,"Hoosier 43075 16x7.5-10 R20, 7 inch rim",5570
78.38,385.91,-4.82,-66.1,-51.46,0.012,-3.29,-1.82,-0.04,0.0937,1.2845,11.95,-99489.47,7.97,90.96,1.537,-0,-1.0001,131.52,130.34,131.63,24.97,Cornering,"Hoosier 43075 16x7.5-10 R20, 7 inch rim",5571
78.39,385.92,-3.62,-64.19,-49.56,0.006,-3.18,-2.46,0.03,0.0731,1.2953,11.97,159977.23,7.97,90.93,1.487,-0,-1,131.43,130.29,131.67,24.96,Cornering,"Hoosier 43075 16x7.5-10 R20, 7 inch rim",5572
78.42,385.93,-2.08,-61.6,-46.81,0.02,-2.92,-1.99,0.03,0.0444,1.3158,12.05,159942.42,7.97,90.9,1.45,-0,-1,131.43,130.29,131.57,24.95,Cornering,"Hoosier 43075 16x7.5-10 R20, 7 inch rim",5573
78.4,385.94,-1.45,-58.21,-44.63,-0.002,-1.15,-1.66,0.03,0.0324,1.3044,12.11,159945.55,7.97,90.87,1.398,-0,-1,131.37,130.29,131.53,24.95,Cornering,"Hoosier 43075 16x7.5-10 R20, 7 inch rim",5574
78.38,385.95,-0.85,-55.43,-42.74,0.004,-0.36,0.05,0.03,0.0198,1.297,12.09,159984.98,7.97,90.9,1.359,-0,-1,131.3,130.34,131.47,24.96,Cornering,"Hoosier 43075 16x7.5-10 R20, 7 inch rim",5575
78.4,385.96,-1.5,-53.71,-41.5,0.001,-1.03,1.25,0.03,0.036,1.2941,12.05,159987.81,7.97,90.89,1.309,-0,-1,131.34,130.4,131.41,24.96,Cornering,"Hoosier 43075 16x7.5-10 R20, 7 inch rim",5576
78.42,385.97,-2.71,-52.5,-42.75,0.006,-0.31,2.37,0.09,0.0633,1.2281,11.97,44355.21,7.97,90.89,1.266,-0,-0.9998,131.41,130.47,131.49,24.97,Cornering,"Hoosier 43075 16x7.5-10 R20, 7 inch rim",5577
78.39,385.98,-3.81,-52.73,-44.01,0.016,-1.88,3.54,0.09,0.0867,1.1981,11.91,44376.39,7.97,90.89,1.226,-0,-0.9998,131.49,130.49,131.53,24.98,Cornering,"Hoosier 43075 16x7.5-10 R20, 7 inch rim",5578
78.38,385.99,-4.2,-52.56,-46.26,0.009,-2.28,4.57,0.09,0.0907,1.1362,11.89,44366.41,7.97,90.88,1.203,-0,-0.9998,131.45,130.38,131.61,24.97,Cornering,"Hoosier 43075 16x7.5-10 R20, 7 inch rim",5579
78.42,386,-3.75,-52.61,-48.62,0.013,-3.24,5.28,-0.04,0.0772,1.0821,11.95,-99457.34,7.97,90.91,1.138,-0,-1.0001,131.32,130.25,131.69,24.96,Cornering,"Hoosier 43075 16x7.5-10 R20, 7 inch rim",5580
78.41,386.01,-2.38,-52.27,-49.98,0.004,-3.64,5.61,0.09,0.0477,1.0457,12.04,44316.25,7.97,90.88,1.103,-0,-0.9998,131.26,130.12,131.75,24.94,Cornering,"Hoosier 43075 16x7.5-10 R20, 7 inch rim",5581
78.38,386.02,-1.12,-51.49,-50.55,0.004,-3.5,5.12,0.09,0.0221,1.0187,12.13,44285.93,7.97,90.92,1.056,-0,-0.9998,131.13,130.14,131.75,24.93,Cornering,"Hoosier 43075 16x7.5-10 R20, 7 inch rim",5582
78.4,386.03,0.24,-50.03,-49.46,-0.006,-3.12,4.29,0.03,-0.0049,1.0116,12.17,159667.06,7.97,90.98,1.026,-0,-1,131.09,130.1,131.79,24.9,Cornering,"Hoosier 43075 16x7.5-10 R20, 7 inch rim",5583
78.42,386.04,1.44,-47.56,-47.6,0.003,-1.75,3.71,0.03,-0.0302,0.9992,12.14,159705.69,7.97,91.03,0.99,-0,-1,131.02,130.1,131.75,24.91,Cornering,"Hoosier 43075 16x7.5-10 R20, 7 inch rim",5584
78.4,386.05,1.07,-45.04,-44.48,-0,-1.7,2.35,-0.04,-0.024,1.0126,12.07,-99254.27,7.97,91.06,0.954,-0,-1.0001,130.96,130.12,131.69,24.9,Cornering,"Hoosier 43075 16x7.5-10 R20, 7 inch rim",5585
78.39,386.06,0.24,-42.44,-41.77,0.01,-1.67,1.47,0.09,-0.0058,1.0159,12.01,44256.66,7.97,91.08,0.907,-0,-0.9998,130.91,130.16,131.65,24.91,Cornering,"Hoosier 43075 16x7.5-10 R20, 7 inch rim",5586
78.4,386.07,-1.16,-40.68,-40.62,-0,-1.77,1.02,0.09,0.0285,1.0013,11.98,44267.42,7.97,91.14,0.858,-0,-0.9998,131,130.23,131.57,24.92,Cornering,"Hoosier 43075 16x7.5-10 R20, 7 inch rim",5587
78.42,386.08,-2.51,-39,-41.07,0.006,-1.3,1.37,0.16,0.0612,0.9496,12.01,25699.75,7.97,91.17,0.841,-0,-0.9997,131.02,130.36,131.61,24.92,Cornering,"Hoosier 43075 16x7.5-10 R20, 7 inch rim",5588
78.38,386.09,-4.55,-38.45,-42.33,0.016,-2.1,1.4,0.03,0.1076,0.9083,12.09,159898.3,7.97,91.19,0.795,-0,-1,131.19,130.38,131.73,24.94,Cornering,"Hoosier 43075 16x7.5-10 R20, 7 inch rim",5589
78.39,386.1,-6.77,-37.68,-44.5,0.013,-2.4,0.7,0.03,0.1522,0.8466,12.16,159899.27,7.97,91.23,0.762,-0,-1,131.15,130.34,131.77,24.94,Cornering,"Hoosier 43075 16x7.5-10 R20, 7 inch rim",5590
78.42,386.11,-7.98,-36.87,-46.84,0.003,-2.5,-0.04,0.03,0.1703,0.7872,12.14,159863.41,7.97,91.29,0.715,-0,-1,131.09,130.21,131.79,24.93,Cornering,"Hoosier 43075 16x7.5-10 R20, 7 inch rim",5591
78.4,386.12,-7.95,-36.41,-48.92,-0,-3.32,-0.81,0.03,0.1625,0.7444,12.08,160087.19,7.97,91.31,0.684,-0,-1,131,130.05,131.83,24.97,Cornering,"Hoosier 43075 16x7.5-10 R20, 7 inch rim",5592
78.37,386.13,-7.13,-35.06,-50.33,0.009,-2.87,-1.79,0.16,0.1416,0.6966,12,25778.36,7.97,91.34,0.636,-0,-0.9997,130.87,129.99,131.81,25,Cornering,"Hoosier 43075 16x7.5-10 R20, 7 inch rim",5593
78.4,386.14,-5.67,-33.64,-49.9,0.006,-2.81,-2.58,-0.04,0.1137,0.6741,11.94,-99745.83,7.97,91.34,0.603,-0,-1.0001,130.79,129.92,131.81,25.03,Cornering,"Hoosier 43075 16x7.5-10 R20, 7 inch rim",5594
78.41,386.15,-3.58,-31.76,-48.47,0.004,-2.18,-2.27,0.16,0.0739,0.6552,11.95,25814.46,7.97,91.34,0.568,-0,-0.9997,130.76,129.94,131.75,25.03,Cornering,"Hoosier 43075 16x7.5-10 R20, 7 inch rim",5595
78.39,386.16,-2.27,-29.27,-45.63,0.009,-1.66,-2.32,0.03,0.0497,0.6414,12.01,160350.72,7.97,91.35,0.522,-0,-1,130.7,129.92,131.69,25.01,Cornering,"Hoosier 43075 16x7.5-10 R20, 7 inch rim",5596
78.39,386.17,-1.69,-27.39,-42.99,0.009,-1.83,-2,0.03,0.0393,0.6371,12.07,160202.75,7.97,91.32,0.479,-0,-1,130.68,129.96,131.63,24.98,Cornering,"Hoosier 43075 16x7.5-10 R20, 7 inch rim",5597
78.42,386.18,-2.01,-25.2,-41.67,0.007,-1.54,-1.46,0.09,0.0483,0.6049,12.11,44414.28,7.97,91.33,0.44,-0,-0.9998,130.64,130.01,131.61,25,Cornering,"Hoosier 43075 16x7.5-10 R20, 7 inch rim",5598
78.4,386.19,-3.21,-23.39,-41.17,0.016,-1.91,-0.96,-0.04,0.0781,0.568,12.1,-99632.21,7.96,91.36,0.416,-0,-1.0001,130.64,130.07,131.59,25,Cornering,"Hoosier 43075 16x7.5-10 R20, 7 inch rim",5599
78.38,386.2,-3.94,-21.36,-41.72,0.012,-2.41,0.42,0.09,0.0944,0.512,12.05,44424.81,7.96,91.35,0.364,-0,-0.9998,130.72,130.14,131.67,25,Cornering,"Hoosier 43075 16x7.5-10 R20, 7 inch rim",5600
78.4,386.21,-4.85,-19.5,-43.65,0.007,-2.26,1.44,0.16,0.1111,0.4467,11.98,25797.03,7.97,91.32,0.334,-0,-0.9997,130.74,130.18,131.75,25.01,Cornering,"Hoosier 43075 16x7.5-10 R20, 7 inch rim",5601
78.42,386.22,-5.84,-17.21,-45.4,0.013,-2.59,1.53,0.09,0.1285,0.3791,11.96,44455.88,7.96,91.3,0.28,-0,-0.9998,130.64,130.14,131.75,25.02,Cornering,"Hoosier 43075 16x7.5-10 R20, 7 inch rim",5602
78.39,386.23,-5.93,-15.47,-47.98,-0,-2.67,1.31,0.03,0.1236,0.3224,11.97,160316.36,7.97,91.25,0.248,-0,-1,130.51,130.01,131.79,25,Cornering,"Hoosier 43075 16x7.5-10 R20, 7 inch rim",5603
78.39,386.24,-5.35,-13.15,-49.51,0.003,-1.86,0.67,0.03,0.108,0.2657,12.01,160242.11,7.96,91.2,0.214,-0,-1,130.34,129.92,131.83,24.99,Cornering,"Hoosier 43075 16x7.5-10 R20, 7 inch rim",5604
78.41,386.25,-3.72,-11.62,-50.04,0.006,-2.42,0.24,-0.04,0.0744,0.2323,12.08,-99586.89,7.96,91.16,0.174,-0,-1.0001,130.25,129.85,131.85,24.98,Cornering,"Hoosier 43075 16x7.5-10 R20, 7 inch rim",5605
78.41,386.26,-2.33,-9.7,-48.43,-0.005,-2.6,-0.69,0.03,0.0481,0.2003,12.05,160167.78,7.96,91.15,0.132,-0,-1,130.16,129.85,131.81,24.98,Cornering,"Hoosier 43075 16x7.5-10 R20, 7 inch rim",5606
78.38,386.27,-1.13,-7.88,-46.75,0.009,-1.87,-1.25,0.16,0.0242,0.1685,12,25755.25,7.96,91.16,0.091,-0,-0.9997,130.06,129.85,131.79,24.97,Cornering,"Hoosier 43075 16x7.5-10 R20, 7 inch rim",5607
78.4,386.28,-1.03,-5.98,-44.07,0.006,-1.77,-2.19,0.09,0.0234,0.1357,11.92,44373.45,7.96,91.18,0.051,-0,-0.9998,130.01,129.81,131.79,24.97,Cornering,"Hoosier 43075 16x7.5-10 R20, 7 inch rim",5608
78.43,386.29,-1.82,-4.08,-41.96,-0,-1.73,-2.92,0.09,0.0434,0.0972,11.88,44363.09,7.96,91.17,0.016,-0,-0.9998,129.99,129.81,131.73,24.97,Cornering,"Hoosier 43075 16x7.5-10 R20, 7 inch rim",5609
78.39,386.3,-2.9,-1.3,-40.55,0.006,-1.38,-2.82,0.09,0.0714,0.0321,11.89,44362.99,7.96,91.17,-0.025,-0,-0.9998,129.99,129.9,131.75,24.97,Cornering,"Hoosier 43075 16x7.5-10 R20, 7 inch rim",5610
78.38,386.31,-4.67,1,-41.08,0.009,-1.49,-2.79,0.03,0.1136,-0.0244,11.92,160091.91,7.96,91.16,-0.08,-0,-1,130.06,129.94,131.81,24.97,Cornering,"Hoosier 43075 16x7.5-10 R20, 7 inch rim",5611
78.4,386.32,-6.08,3.62,-42.02,0.01,-2.2,-2.38,-0.04,0.1447,-0.0861,12.03,-99470.14,7.96,91.11,-0.11,-0,-1.0001,130.1,129.94,131.87,24.96,Cornering,"Hoosier 43075 16x7.5-10 R20, 7 inch rim",5612
78.4,386.33,-7.36,6.69,-43.98,0.013,-1.83,-2.37,0.03,0.1673,-0.1521,12.08,160016.55,7.96,91.08,-0.153,-0,-1,130.1,129.9,131.87,24.96,Cornering,"Hoosier 43075 16x7.5-10 R20, 7 inch rim",5613
78.38,386.34,-7.91,9.45,-46.34,0.016,-1.71,-2.42,-0.04,0.1706,-0.204,12.08,-99446.16,7.96,91.11,-0.198,-0,-1.0001,130.1,129.77,131.87,24.95,Cornering,"Hoosier 43075 16x7.5-10 R20, 7 inch rim",5614
78.39,386.35,-7.22,11.65,-48.1,0.006,-2.78,-2.58,0.09,0.1501,-0.2422,12.03,44310.53,7.96,91.08,-0.253,-0,-0.9998,130.01,129.61,131.91,24.94,Cornering,"Hoosier 43075 16x7.5-10 R20, 7 inch rim",5615
78.41,386.36,-5.52,14.1,-49.61,0.012,-2.56,-2.36,0.09,0.1113,-0.2842,11.95,44310.23,7.96,91.11,-0.301,-0,-0.9998,130.01,129.57,131.91,24.94,Cornering,"Hoosier 43075 16x7.5-10 R20, 7 inch rim",5616
78.39,386.37,-3.43,16.32,-49.57,0.003,-2.5,-2.43,0.09,0.0693,-0.3291,11.89,44340.84,7.96,91.13,-0.343,-0,-0.9998,129.99,129.59,131.91,24.96,Cornering,"Hoosier 43075 16x7.5-10 R20, 7 inch rim",5617
78.37,386.38,-1.83,18.18,-48.84,0.006,-1.57,-2.73,0.09,0.0375,-0.3723,11.92,44350.8,7.96,91.15,-0.39,-0,-0.9998,129.99,129.59,131.85,24.96,Cornering,"Hoosier 43075 16x7.5-10 R20, 7 inch rim",5618
78.4,386.39,-0.87,20.04,-45.97,0.009,-2.4,-2.64,0.03,0.019,-0.436,11.96,160121.55,7.96,91.18,-0.436,-0,-1,129.95,129.61,131.81,24.97,Cornering,"Hoosier 43075 16x7.5-10 R20, 7 inch rim",5619
78.4,386.4,-0.58,22.09,-44.14,0.006,-1.7,-2.4,0.03,0.0131,-0.5005,12.07,160082.92,7.96,91.2,-0.483,-0,-1,129.91,129.66,131.77,24.97,Cornering,"Hoosier 43075 16x7.5-10 R20, 7 inch rim",5620
78.37,386.41,-1.05,24.57,-42.35,0.009,-1.68,-1.98,0.09,0.0249,-0.5802,12.13,44339.55,7.96,91.22,-0.503,-0,-0.9998,129.97,129.77,131.69,24.96,Cornering,"Hoosier 43075 16x7.5-10 R20, 7 inch rim",5621
78.37,386.42,-1.91,27.51,-41.63,0.01,-1.69,-0.82,0.03,0.0458,-0.6608,12.14,159931.78,7.96,91.26,-0.556,-0,-1,130.06,129.83,131.71,24.94,Cornering,"Hoosier 43075 16x7.5-10 R20, 7 inch rim",5622
78.4,386.43,-2.6,30.04,-41.9,-0.003,-2.05,0.42,-0.04,0.0621,-0.7171,12.09,-99416.45,7.96,91.26,-0.584,-0,-1.0001,130.1,129.85,131.79,24.94,Cornering,"Hoosier 43075 16x7.5-10 R20, 7 inch rim",5623
78.37,386.44,-3.61,33.25,-42.99,0.004,-2.05,1.14,0.09,0.084,-0.7735,12,44379.53,7.96,91.25,-0.625,-0,-0.9998,130.12,129.9,131.79,24.98,Cornering,"Hoosier 43075 16x7.5-10 R20, 7 inch rim",5624
78.36,386.45,-4.29,35.38,-44.86,0.01,-3,1.18,0.09,0.0955,-0.7886,11.92,44399.87,7.96,91.26,-0.648,-0,-0.9998,130.04,129.81,131.85,24.99,Cornering,"Hoosier 43075 16x7.5-10 R20, 7 inch rim",5625
78.38,386.46,-4.57,37.69,-47.52,0.01,-2.9,0.66,0.03,0.0961,-0.793,11.9,160372.73,7.96,91.24,-0.685,-0,-1,129.97,129.77,131.85,25.01,Cornering,"Hoosier 43075 16x7.5-10 R20, 7 inch rim",5626
78.38,386.47,-3.98,39.69,-49.74,0.01,-2.78,-0.32,0.03,0.08,-0.798,11.95,160296.81,7.96,91.25,-0.722,-0,-1,129.88,129.61,131.83,25,Cornering,"Hoosier 43075 16x7.5-10 R20, 7 inch rim",5627
78.36,386.48,-2.97,41.22,-50,0.014,-3.87,-1.6,0.03,0.0594,-0.8243,12.03,160258.62,7.95,91.26,-0.745,-0,-1,129.84,129.57,131.81,25,Cornering,"Hoosier 43075 16x7.5-10 R20, 7 inch rim",5628
78.36,386.49,-2.04,42.34,-49.28,0.009,-3.65,-2.92,0.09,0.0413,-0.8592,12.1,44377.77,7.96,91.29,-0.774,-0,-0.9998,129.78,129.59,131.77,24.98,Cornering,"Hoosier 43075 16x7.5-10 R20, 7 inch rim",5629
78.39,386.5,-1.16,43.48,-47.82,0.001,-2.78,-4.04,0.09,0.0244,-0.9092,12.11,44356.66,7.96,91.32,-0.813,-0,-0.9998,129.8,129.61,131.71,24.97,Cornering,"Hoosier 43075 16x7.5-10 R20, 7 inch rim",5630
78.37,386.51,-1.4,45.06,-45.43,0.001,-1.76,-5.45,0.03,0.0307,-0.9918,12.08,159992.97,7.96,91.33,-0.861,-0,-1,129.76,129.72,131.65,24.96,Cornering,"Hoosier 43075 16x7.5-10 R20, 7 inch rim",5631
78.34,386.52,-2.39,46.48,-43.65,-0,-1.07,-6.4,-0.04,0.0548,-1.0649,12,-99477.6,7.96,91.3,-0.88,-0,-1.0001,129.76,129.77,131.57,24.96,Cornering,"Hoosier 43075 16x7.5-10 R20, 7 inch rim",5632
78.36,386.53,-3.95,48.45,-42.47,0.013,-0.91,-6.89,0.03,0.0931,-1.1406,11.97,159989.61,7.95,91.27,-0.926,-0,-1,129.86,129.83,131.51,24.96,Cornering,"Hoosier 43075 16x7.5-10 R20, 7 inch rim",5633
78.37,386.54,-5.81,50.82,-42.25,0.001,-1,-7.25,0.03,0.1375,-1.2028,11.98,160061.83,7.95,91.27,-0.964,-0,-1,129.91,129.92,131.57,24.97,Cornering,"Hoosier 43075 16x7.5-10 R20, 7 inch rim",5634
78.34,386.55,-7.49,52.95,-43.4,0.007,-1.46,-7.19,0.03,0.1725,-1.2201,12.04,160022.97,7.95,91.25,-0.994,-0,-1,130.04,130.03,131.59,24.96,Cornering,"Hoosier 43075 16x7.5-10 R20, 7 inch rim",5635
78.34,386.56,-8.67,55.28,-45.59,0.003,-1.9,-7.18,0.09,0.1901,-1.2124,12.11,44353.23,7.96,91.21,-1.043,-0,-0.9998,129.95,130.03,131.49,24.97,Cornering,"Hoosier 43075 16x7.5-10 R20, 7 inch rim",5636
78.37,386.57,-9.79,56.8,-48.01,0.003,-3.24,-8.19,0.03,0.2039,-1.1831,12.14,160091.33,7.95,91.21,-1.095,-0,-1,129.86,129.99,131.41,24.97,Cornering,"Hoosier 43075 16x7.5-10 R20, 7 inch rim",5637
78.36,386.58,-9.47,58.88,-50.21,0.019,-3.95,-8.64,0.03,0.1886,-1.1726,12.11,160126.78,7.95,91.15,-1.122,-0,-1,129.76,129.85,131.35,24.98,Cornering,"Hoosier 43075 16x7.5-10 R20, 7 inch rim",5638
78.33,386.59,-7.95,60.45,-51.52,0.013,-4.48,-8.81,0.03,0.1543,-1.1732,12.08,160235.02,7.95,91.12,-1.172,-0,-1,129.71,129.81,131.29,25,Cornering,"Hoosier 43075 16x7.5-10 R20, 7 inch rim",5639
78.35,386.6,-6.04,62.05,-51.65,0.003,-4.01,-8.91,0.03,0.117,-1.2014,12,160268.42,7.95,91.09,-1.228,-0,-1,129.69,129.79,131.2,25,Cornering,"Hoosier 43075 16x7.5-10 R20, 7 inch rim",5640
78.37,386.61,-4.09,63.3,-50.45,0.004,-3.4,-8.72,-0.04,0.0812,-1.2547,11.97,-99670.71,7.95,91.04,-1.269,-0,-1.0001,129.71,129.77,131.08,25.01,Cornering,"Hoosier 43075 16x7.5-10 R20, 7 inch rim",5641
78.34,386.62,-2.97,64.41,-47.79,0.003,-3.35,-8.5,0.03,0.0621,-1.3478,12,160447.5,7.95,90.98,-1.322,-0,-1,129.65,129.81,131.04,25.03,Cornering,"Hoosier 43075 16x7.5-10 R20, 7 inch rim",5642
78.33,386.63,-2.05,65.7,-45.93,-0.003,-2.43,-7.38,0.03,0.0446,-1.4305,12.05,160481.23,7.95,90.92,-1.368,-0,-1,129.63,129.85,130.92,25.04,Cornering,"Hoosier 43075 16x7.5-10 R20, 7 inch rim",5643
78.36,386.64,-1.81,67.48,-44.48,0.019,-1.46,-5.67,-0.04,0.0407,-1.5171,12.11,-99756.56,7.95,90.87,-1.411,-0,-1.0001,129.56,129.88,130.82,25.04,Cornering,"Hoosier 43075 16x7.5-10 R20, 7 inch rim",5644
78.35,386.65,-1.69,69.1,-44.58,0.003,-1.14,-3.53,-0.04,0.0379,-1.5498,12.1,-99661.59,7.95,90.86,-1.464,-0,-1.0001,129.65,130.01,130.84,25.01,Cornering,"Hoosier 43075 16x7.5-10 R20, 7 inch rim",5645
78.32,386.66,-2.08,70.98,-45.54,-0.003,-0.98,-1.66,0.03,0.0456,-1.5584,12.06,160173.55,7.95,90.88,-1.501,-0,-1,129.71,130.05,130.98,24.99,Cornering,"Hoosier 43075 16x7.5-10 R20, 7 inch rim",5646
78.34,386.67,-2.4,72.75,-46.68,0.01,-2.67,0.07,-0.04,0.0514,-1.5584,11.98,-99518.66,7.95,90.88,-1.55,-0,-1.0001,129.69,130.03,131.02,24.98,Cornering,"Hoosier 43075 16x7.5-10 R20, 7 inch rim",5647
78.35,386.68,-2.61,74.63,-49.15,-0,-3,0.78,0.03,0.0531,-1.5184,11.92,160129.33,7.95,90.91,-1.586,-0,-1,129.58,129.96,131,24.98,Cornering,"Hoosier 43075 16x7.5-10 R20, 7 inch rim",5648
78.34,386.69,-1.72,76.13,-51.7,0.006,-4.11,1.57,0.03,0.0332,-1.4724,11.92,160273.92,7.95,90.9,-1.632,-0,-1,129.5,129.85,131,25.01,Cornering,"Hoosier 43075 16x7.5-10 R20, 7 inch rim",5649
78.32,386.7,-0.82,78.1,-53.07,0.014,-4.67,1.22,0.09,0.0155,-1.4715,11.97,44443.43,7.95,90.91,-1.66,-0,-0.9998,129.46,129.74,130.98,25.03,Cornering,"Hoosier 43075 16x7.5-10 R20, 7 inch rim",5650
78.35,386.71,1.24,79.67,-53.86,0.01,-3.8,1.28,0.03,-0.023,-1.4791,12.03,160305.16,7.95,90.9,-1.698,-0,-1,129.43,129.77,130.96,25.01,Cornering,"Hoosier 43075 16x7.5-10 R20, 7 inch rim",5651
78.35,386.72,2.51,80.48,-52.58,0.006,-3.96,0.46,0.03,-0.0478,-1.5306,12.11,160263.36,7.95,90.84,-1.748,-0,-1,129.43,129.68,130.9,25.01,Cornering,"Hoosier 43075 16x7.5-10 R20, 7 inch rim",5652
78.32,386.73,3.33,81,-50.55,-0,-2.94,-0.43,0.03,-0.0658,-1.6023,12.11,160148.12,7.95,90.82,-1.788,-0,-1,129.43,129.74,130.82,24.99,Cornering,"Hoosier 43075 16x7.5-10 R20, 7 inch rim",5653
78.34,386.74,2.64,81.02,-48.41,0.001,-2.11,-1.91,0.09,-0.0546,-1.6734,12.06,44347.1,7.95,90.78,-1.803,-0,-0.9998,129.39,129.72,130.78,24.97,Cornering,"Hoosier 43075 16x7.5-10 R20, 7 inch rim",5654
78.35,386.75,1.04,81.46,-46.4,0.01,-1.49,-3.35,-0.04,-0.0224,-1.7557,12.02,-99408.93,7.95,90.77,-1.855,-0,-1.0001,129.39,129.79,130.76,24.96,Cornering,"Hoosier 43075 16x7.5-10 R20, 7 inch rim",5655
78.34,386.76,-0.6,81.98,-45.73,-0,-1.41,-3.94,0.09,0.0131,-1.7928,12,44314.39,7.95,90.79,-1.871,-0,-0.9998,129.43,129.94,130.76,24.96,Cornering,"Hoosier 43075 16x7.5-10 R20, 7 inch rim",5656
78.32,386.77,-3.24,82.84,-46.53,0.013,-0.88,-5.06,0.09,0.0696,-1.7806,12.05,44303.02,7.95,90.8,-1.909,-0,-0.9998,129.48,130.03,130.8,24.95,Cornering,"Hoosier 43075 16x7.5-10 R20, 7 inch rim",5657
78.35,386.78,-4.96,83.96,-47.16,0.001,-2.46,-5.5,0.03,0.1052,-1.7802,12.11,159835,7.95,90.8,-1.948,-0,-1,129.5,130.07,130.88,24.94,Cornering,"Hoosier 43075 16x7.5-10 R20, 7 inch rim",5658
78.37,386.79,-7.33,85.13,-49.18,0.012,-3.39,-6.92,-0.04,0.1491,-1.7312,12.18,-99401.03,7.95,90.85,-1.98,-0,-1.0001,129.48,129.99,130.92,24.96,Cornering,"Hoosier 43075 16x7.5-10 R20, 7 inch rim",5659
78.33,386.8,-8.13,87.02,-51.32,0.001,-3.87,-8.01,-0.04,0.1585,-1.6959,12.2,-99374.92,7.95,90.86,-2.025,-0,-1.0001,129.33,129.9,130.96,24.95,Cornering,"Hoosier 43075 16x7.5-10 R20, 7 inch rim",5660
78.34,386.81,-8.51,88.52,-53.16,0.01,-4.45,-9.36,0.09,0.1601,-1.665,12.15,44308.84,7.95,90.88,-2.063,-0,-0.9998,129.31,129.85,130.94,24.96,Cornering,"Hoosier 43075 16x7.5-10 R20, 7 inch rim",5661
78.37,386.82,-7.66,90.04,-53.78,0.017,-4.69,-10.44,-0.04,0.1424,-1.6741,12.08,-99347.48,7.95,90.9,-2.09,-0,-1.0001,129.22,129.77,130.94,24.94,Cornering,"Hoosier 43075 16x7.5-10 R20, 7 inch rim",5662
78.35,386.83,-6.39,90.88,-53.8,0.004,-3.64,-11.3,-0.04,0.1187,-1.6892,12,-99366.69,7.95,90.9,-2.146,-0,-1.0001,129.22,129.77,130.94,24.95,Cornering,"Hoosier 43075 16x7.5-10 R20, 7 inch rim",5663
78.33,386.84,-4.95,91.04,-51.55,0.009,-3.78,-11.61,0.03,0.096,-1.7661,11.96,159884.31,7.95,90.9,-2.177,-0,-1,129.28,129.77,130.86,24.96,Cornering,"Hoosier 43075 16x7.5-10 R20, 7 inch rim",5664
78.35,386.85,-3.65,90.92,-50.28,0.007,-1.73,-11.22,0.03,0.0725,-1.8083,11.98,159879.67,7.95,90.9,-2.217,-0,-1,129.28,129.74,130.86,24.96,Cornering,"Hoosier 43075 16x7.5-10 R20, 7 inch rim",5665
78.38,386.86,-2.9,90.17,-47.71,0.003,-2.31,-10.11,0.09,0.0607,-1.8899,12.04,44323.09,7.95,90.97,-2.263,-0,-0.9998,129.31,129.77,130.78,24.97,Cornering,"Hoosier 43075 16x7.5-10 R20, 7 inch rim",5666
78.34,386.87,-3.23,90.64,-46.31,0.004,-1.82,-9.12,0.09,0.0698,-1.9572,12.08,44342.58,7.95,91.02,-2.296,-0,-0.9998,129.33,129.88,130.78,24.98,Cornering,"Hoosier 43075 16x7.5-10 R20, 7 inch rim",5667
78.34,386.88,-3.75,91.22,-46.25,0.012,-2.03,-7.62,-0.04,0.081,-1.9723,12.09,-99489.71,7.95,91.1,-2.356,-0,-1.0001,129.48,129.96,130.86,24.98,Cornering,"Hoosier 43075 16x7.5-10 R20, 7 inch rim",5668
78.37,386.89,-4.62,92.37,-47.36,-0.005,-2.31,-6.42,0.03,0.0974,-1.9502,12.05,160042.78,7.95,91.18,-2.403,-0,-1,129.58,130.03,130.96,24.98,Cornering,"Hoosier 43075 16x7.5-10 R20, 7 inch rim",5669
78.36,386.9,-5.15,94.18,-48.56,0.001,-3.32,-4.97,0.09,0.1062,-1.9394,11.98,44337.36,7.95,91.23,-2.448,-0,-0.9998,129.67,130.03,131.02,24.98,Cornering,"Hoosier 43075 16x7.5-10 R20, 7 inch rim",5670
78.34,386.91,-4.87,96.11,-50.86,0.014,-3.96,-3.53,0.09,0.0958,-1.8897,11.92,44315.55,7.95,91.27,-2.482,-0,-0.9998,129.58,129.99,131.04,24.97,Cornering,"Hoosier 43075 16x7.5-10 R20, 7 inch rim",5671
78.36,386.92,-3.99,98.91,-53.17,0.012,-3.55,-2.79,0.09,0.075,-1.86,11.92,44293.52,7.95,91.31,-2.522,-0,-0.9998,129.52,129.92,131.06,24.96,Cornering,"Hoosier 43075 16x7.5-10 R20, 7 inch rim",5672
78.38,386.93,-2.57,100.84,-54.79,-0.006,-3.27,-2.4,0.03,0.047,-1.8403,11.97,159946.95,7.95,91.32,-2.57,-0,-1,129.43,129.83,131.06,24.97,Cornering,"Hoosier 43075 16x7.5-10 R20, 7 inch rim",5673
78.36,386.94,-0.57,101.92,-54.28,-0.005,-4.07,-2.11,0.03,0.0106,-1.8775,12.04,160090.03,7.95,91.34,-2.61,-0,-1,129.41,129.85,131.06,25,Cornering,"Hoosier 43075 16x7.5-10 R20, 7 inch rim",5674
78.35,386.95,1.57,101.75,-53.47,0.001,-3.24,-1.53,0.09,-0.0294,-1.9028,12.12,44371.01,7.95,91.32,-2.651,-0,-0.9998,129.43,129.85,131,25,Cornering,"Hoosier 43075 16x7.5-10 R20, 7 inch rim",5675
78.37,386.96,2.79,100.99,-51.24,0.003,-2.69,-1.45,0.03,-0.0545,-1.9711,12.15,160116.3,7.95,91.29,-2.688,-0,-1,129.35,129.9,130.98,25,Cornering,"Hoosier 43075 16x7.5-10 R20, 7 inch rim",5676
78.38,386.97,3.51,99.91,-49.03,0.006,-1.87,-1.05,0.03,-0.0715,-2.0377,12.13,159997.69,7.95,91.26,-2.74,-0,-1,129.35,129.88,130.9,24.98,Cornering,"Hoosier 43075 16x7.5-10 R20, 7 inch rim",5677
78.35,386.98,2.74,99.32,-47.24,0.004,-1.49,-1.4,0.03,-0.058,-2.1022,12.06,159882.23,7.95,91.26,-2.769,-0,-1,129.33,129.92,130.86,24.97,Cornering,"Hoosier 43075 16x7.5-10 R20, 7 inch rim",5678
78.36,386.99,1.41,98.79,-46.67,0.017,-2.28,-1.29,0.03,-0.0303,-2.1168,11.98,159802.42,7.95,91.24,-2.807,-0,-1,129.35,130.07,130.8,24.96,Cornering,"Hoosier 43075 16x7.5-10 R20, 7 inch rim",5679
78.38,387,-0.95,100.1,-47.27,0.001,-1.85,-2.18,0.03,0.0202,-2.1175,11.95,159796.98,7.95,91.24,-2.844,-0,-1,129.41,130.14,130.88,24.96,Cornering,"Hoosier 43075 16x7.5-10 R20, 7 inch rim",5680
78.36,387.01,-3.17,101.62,-48.59,0.004,-2.73,-3.18,-0.11,0.0653,-2.0913,12.02,-37907,7.95,91.2,-2.862,-0,-1.0002,129.43,130.12,130.94,24.97,Cornering,"Hoosier 43075 16x7.5-10 R20, 7 inch rim",5681
78.35,387.02,-4.25,103.71,-50.62,0.017,-2.88,-3.39,0.03,0.084,-2.0487,12.11,159788.47,7.95,91.17,-2.902,-0,-1,129.35,130.12,130.94,24.96,Cornering,"Hoosier 43075 16x7.5-10 R20, 7 inch rim",5682
78.38,387.03,-5.49,105.95,-52.25,-0.003,-4,-5.04,0.09,0.1051,-2.0278,12.16,44297.5,7.95,91.15,-2.945,-0,-0.9998,129.26,130.05,130.98,24.97,Cornering,"Hoosier 43075 16x7.5-10 R20, 7 inch rim",5683
78.39,387.04,-5.81,107.75,-53.29,0.009,-5.02,-6.57,-0.04,0.1089,-2.0221,12.15,-99273.99,7.95,91.12,-2.985,-0,-1.0001,129.18,129.99,130.92,24.94,Cornering,"Hoosier 43075 16x7.5-10 R20, 7 inch rim",5684
78.35,387.05,-5.41,108.86,-54.62,0.003,-4.41,-8.12,0.03,0.099,-1.9931,12.1,159695.42,7.95,91.12,-3.025,-0,-1,129.13,129.94,130.86,24.94,Cornering,"Hoosier 43075 16x7.5-10 R20, 7 inch rim",5685
78.36,387.06,-3.94,109.05,-54.11,-0,-3.52,-8.88,-0.04,0.0728,-2.0152,12.01,-99266.37,7.95,91.14,-3.064,-0,-1.0001,129.09,129.9,130.86,24.94,Cornering,"Hoosier 43075 16x7.5-10 R20, 7 inch rim",5686
78.4,387.07,-2.58,107.48,-52.57,0.007,-3.46,-9.17,0.03,0.049,-2.0445,11.93,159758.12,7.95,91.14,-3.098,-0,-1,129.11,129.92,130.82,24.96,Cornering,"Hoosier 43075 16x7.5-10 R20, 7 inch rim",5687
78.38,387.08,-1.94,106.11,-50.65,0.007,-2.39,-9.42,-0.04,0.0383,-2.095,11.9,-99351.24,7.95,91.19,-3.138,-0,-1.0001,129.07,129.94,130.78,24.97,Cornering,"Hoosier 43075 16x7.5-10 R20, 7 inch rim",5688
78.36,387.09,-1.83,105.01,-48.2,0.013,-2.25,-9.02,-0.04,0.0379,-2.1788,11.94,-99369.23,7.95,91.23,-3.188,-0,-1.0001,129.07,129.99,130.76,24.97,Cornering,"Hoosier 43075 16x7.5-10 R20, 7 inch rim",5689
78.38,387.1,-2.77,104.51,-47.21,0.023,-2.09,-8.84,-0.04,0.0586,-2.2136,12.03,-99296.52,7.95,91.27,-3.222,-0,-1.0001,129.11,130.1,130.76,24.96,Cornering,"Hoosier 43075 16x7.5-10 R20, 7 inch rim",5690
78.39,387.11,-3.56,105.18,-46.84,0.012,-2.29,-7.79,0.03,0.076,-2.2455,12.1,159691.95,7.95,91.33,-3.275,-0,-1,129.18,130.16,130.82,24.95,Cornering,"Hoosier 43075 16x7.5-10 R20, 7 inch rim",5691
78.37,387.12,-5.04,106.62,-47.76,-0,-2.32,-7.43,0.03,0.1056,-2.2325,12.13,159760.09,7.95,91.35,-3.311,-0,-1,129.28,130.27,130.92,24.96,Cornering,"Hoosier 43075 16x7.5-10 R20, 7 inch rim",5692
78.37,387.13,-5.92,108.12,-48.77,0.006,-3.65,-6.47,0.03,0.1213,-2.2169,12.11,159714.67,7.95,91.35,-3.36,-0,-1,129.31,130.27,130.98,24.96,Cornering,"Hoosier 43075 16x7.5-10 R20, 7 inch rim",5693
78.4,387.14,-6.4,110.17,-50.58,-0.007,-4.26,-6.14,-0.04,0.1266,-2.1782,12.04,-99277.31,7.95,91.37,-3.404,-0,-1.0001,129.24,130.21,130.94,24.96,Cornering,"Hoosier 43075 16x7.5-10 R20, 7 inch rim",5694
78.39,387.15,-5.67,112.61,-52.69,-0.002,-4.27,-5.49,0.09,0.1076,-2.1374,12,44243.93,7.95,91.36,-3.444,-0,-0.9998,129.22,130.16,130.96,24.95,Cornering,"Hoosier 43075 16x7.5-10 R20, 7 inch rim",5695
78.37,387.16,-3.98,114.25,-54.03,0.012,-4.31,-4.6,0.03,0.0736,-2.1144,11.99,159691.56,7.95,91.36,-3.492,-0,-1,129.18,130.1,130.94,24.96,Cornering,"Hoosier 43075 16x7.5-10 R20, 7 inch rim",5696
78.38,387.17,-2.04,114.88,-54.03,0.01,-4.37,-4.12,-0.11,0.0377,-2.1262,12.05,-37872.1,7.95,91.37,-3.532,-0,-1.0002,129.13,130.12,130.88,24.96,Cornering,"Hoosier 43075 16x7.5-10 R20, 7 inch rim",5697
78.4,387.18,-0.13,114.43,-52.85,0.01,-3.86,-3.71,-0.11,0.0025,-2.165,12.14,-37888.09,7.95,91.36,-3.569,-0,-1.0002,129.2,130.12,130.88,24.97,Cornering,"Hoosier 43075 16x7.5-10 R20, 7 inch rim",5698
78.37,387.19,1.46,113.2,-51.09,0.013,-2.53,-2.91,0.09,-0.0285,-2.2158,12.18,44337.8,7.95,91.34,-3.622,-0,-0.9998,129.18,130.16,130.84,25.01,Cornering,"Hoosier 43075 16x7.5-10 R20, 7 inch rim",5699
78.37,387.2,2.36,111.24,-48.91,0.004,-2.54,-2.2,-0.04,-0.0483,-2.2744,12.18,-99457.84,7.95,91.32,-3.645,-0,-1.0001,129.16,130.18,130.82,25.01,Cornering,"Hoosier 43075 16x7.5-10 R20, 7 inch rim",5700
78.4,387.21,2.21,110.43,-47.25,0.014,-2.27,-1.63,0.03,-0.0468,-2.3371,12.11,160100.03,7.95,91.27,-3.691,-0,-1,129.18,130.27,130.8,25.03,Cornering,"Hoosier 43075 16x7.5-10 R20, 7 inch rim",5701
78.4,387.22,1.78,110.43,-46.69,0.014,-2.49,-0.67,0.09,-0.0381,-2.3649,12.05,44373.39,7.95,91.23,-3.728,-0,-0.9998,129.2,130.4,130.82,25.03,Cornering,"Hoosier 43075 16x7.5-10 R20, 7 inch rim",5702
78.36,387.23,0.4,111.63,-47.5,0.022,-2.47,-0.52,-0.11,-0.0084,-2.3498,11.96,-37958.17,7.95,91.18,-3.772,-0,-1.0002,129.26,130.51,130.86,25.03,Cornering,"Hoosier 43075 16x7.5-10 R20, 7 inch rim",5703
78.38,387.24,-1.46,113.72,-49.02,0.001,-2.56,-0.92,-0.04,0.0298,-2.3198,11.96,-99415.8,7.95,91.18,-3.805,-0,-1.0001,129.24,130.51,130.98,25,Cornering,"Hoosier 43075 16x7.5-10 R20, 7 inch rim",5704
78.4,387.25,-3.07,115.86,-50.54,0.004,-3.65,-1.71,0.09,0.0607,-2.2924,11.97,44295.09,7.95,91.18,-3.847,-0,-0.9998,129.22,130.47,131,24.99,Cornering,"Hoosier 43075 16x7.5-10 R20, 7 inch rim",5705
78.39,387.26,-3.75,117.99,-52.36,0.009,-4.33,-2.51,0.09,0.0717,-2.2535,12.05,44283.18,7.95,91.21,-3.877,-0,-0.9998,129.2,130.34,130.96,24.98,Cornering,"Hoosier 43075 16x7.5-10 R20, 7 inch rim",5706
78.37,387.27,-3.38,119.88,-53.86,0.001,-4.54,-3.45,0.09,0.0628,-2.2257,12.08,44280.98,7.95,91.21,-3.917,-0,-0.9998,129.16,130.27,130.96,24.98,Cornering,"Hoosier 43075 16x7.5-10 R20, 7 inch rim",5707
78.4,387.28,-2.8,121.06,-54.56,0.016,-3.89,-4.87,-0.04,0.0513,-2.2187,12.06,-99305.33,7.95,91.25,-3.954,-0,-1.0001,129.16,130.23,130.9,24.98,Cornering,"Hoosier 43075 16x7.5-10 R20, 7 inch rim",5708
78.4,387.29,-2.43,120.34,-54.28,0.006,-3.12,-6.81,0.03,0.0447,-2.2172,12,159782.45,7.95,91.24,-3.987,-0,-1,129.13,130.23,130.86,24.98,Cornering,"Hoosier 43075 16x7.5-10 R20, 7 inch rim",5709
78.37,387.3,-1.92,118.5,-52,0.006,-3.4,-8.14,0.03,0.037,-2.2789,11.95,159551.88,7.95,91.23,-4.027,-0,-1,129.18,130.23,130.86,24.95,Cornering,"Hoosier 43075 16x7.5-10 R20, 7 inch rim",5710
78.38,387.31,-1.28,116.18,-50.12,0.009,-2.66,-8.37,0.03,0.0255,-2.3179,11.93,159469.81,7.95,91.22,-4.066,-0,-1,129.16,130.27,130.82,24.94,Cornering,"Hoosier 43075 16x7.5-10 R20, 7 inch rim",5711
78.4,387.32,-1.34,114.39,-48.59,-0.003,-1.94,-8.39,0.16,0.0276,-2.3541,11.97,25659.77,7.95,91.2,-4.1,-0,-0.9997,129.18,130.34,130.78,24.95,Cornering,"Hoosier 43075 16x7.5-10 R20, 7 inch rim",5712
78.39,387.33,-1.69,113.22,-47.54,0.016,-2.22,-7.52,-0.04,0.0355,-2.3817,12.05,-99189.17,7.95,91.17,-4.142,-0,-1.0001,129.13,130.43,130.82,24.96,Cornering,"Hoosier 43075 16x7.5-10 R20, 7 inch rim",5713
78.37,387.34,-3.18,113.56,-46.86,0.007,-3.19,-7.34,0.09,0.0679,-2.4233,12.14,44224.53,7.95,91.19,-4.186,-0,-0.9998,129.26,130.62,130.82,24.96,Cornering,"Hoosier 43075 16x7.5-10 R20, 7 inch rim",5714
78.4,387.35,-4.77,115.07,-47.81,0.014,-3.44,-6.93,0.03,0.0997,-2.4069,12.19,159583.69,7.95,91.21,-4.229,-0,-1,129.33,130.69,130.92,24.96,Cornering,"Hoosier 43075 16x7.5-10 R20, 7 inch rim",5715
78.41,387.36,-5.48,117.15,-49.21,-0.003,-3.95,-6.24,0.03,0.1113,-2.3804,12.16,159464.5,7.95,91.21,-4.266,-0,-1,129.31,130.65,130.96,24.94,Cornering,"Hoosier 43075 16x7.5-10 R20, 7 inch rim",5716
78.37,387.37,-6.71,119.75,-50.91,0.003,-3.73,-6.62,0.09,0.1319,-2.3523,12.09,44196.73,7.95,91.22,-4.308,-0,-0.9998,129.24,130.58,130.96,24.95,Cornering,"Hoosier 43075 16x7.5-10 R20, 7 inch rim",5717
78.38,387.38,-6.41,122.02,-52.76,0.012,-3.7,-6.46,0.03,0.1214,-2.3126,12.01,159446.06,7.95,91.16,-4.351,-0,-1,129.2,130.54,130.98,24.94,Cornering,"Hoosier 43075 16x7.5-10 R20, 7 inch rim",5718
78.4,387.39,-5.04,123.29,-54.23,0.003,-3.52,-6.14,-0.11,0.093,-2.2735,12,-37821.66,7.95,91.12,-4.402,-0,-1.0002,129.2,130.54,130.96,24.96,Cornering,"Hoosier 43075 16x7.5-10 R20, 7 inch rim",5719
78.4,387.4,-2.69,123.42,-54.34,0.01,-3.02,-5.31,0.03,0.0495,-2.2712,12.02,159575.8,7.95,91.11,-4.434,-0,-1,129.2,130.47,130.94,24.97,Cornering,"Hoosier 43075 16x7.5-10 R20, 7 inch rim",5720
78.38,387.41,-0.68,121.6,-52.85,0.004,-3.26,-4.9,0.09,0.0129,-2.3006,12.11,44247.64,7.95,91.04,-4.481,-0,-0.9998,129.22,130.47,130.9,24.98,Cornering,"Hoosier 43075 16x7.5-10 R20, 7 inch rim",5721
78.4,387.42,0.8,118.97,-51.28,0.007,-2.42,-4.32,0.09,-0.0157,-2.3201,12.17,44244.93,7.95,91.02,-4.524,-0,-0.9998,129.26,130.47,130.86,24.98,Cornering,"Hoosier 43075 16x7.5-10 R20, 7 inch rim",5722
78.42,387.43,1.07,116.5,-48.38,0.007,-3.33,-4.32,-0.04,-0.0221,-2.4081,12.17,-99245.78,7.95,91,-4.568,-0,-1.0001,129.31,130.56,130.86,24.98,Cornering,"Hoosier 43075 16x7.5-10 R20, 7 inch rim",5723
78.38,387.44,1.17,114.84,-47.32,-0,-2.89,-3.35,0.03,-0.0247,-2.4269,12.12,159684.97,7.96,90.94,-4.604,-0,-1,129.35,130.65,130.82,24.99,Cornering,"Hoosier 43075 16x7.5-10 R20, 7 inch rim",5724
78.38,387.45,0.76,114.94,-46.84,0.012,-2.7,-2.12,0.03,-0.0163,-2.4536,12.04,159601.88,7.95,90.92,-4.643,-0,-1,129.46,130.73,130.82,24.98,Cornering,"Hoosier 43075 16x7.5-10 R20, 7 inch rim",5725
78.41,387.46,-0.19,116.5,-47.02,0.009,-2.84,-1.19,0.03,0.0041,-2.4775,11.95,159479.28,7.95,90.89,-4.692,-0,-1,129.54,130.8,130.92,24.96,Cornering,"Hoosier 43075 16x7.5-10 R20, 7 inch rim",5726
78.4,387.47,-1.51,119.16,-48.13,0.001,-2.48,-0.79,0.03,0.0313,-2.4756,11.92,159473.84,7.95,90.9,-4.714,-0,-1,129.63,130.78,131.04,24.96,Cornering,"Hoosier 43075 16x7.5-10 R20, 7 inch rim",5727
78.38,387.48,-2.37,121.45,-49.59,0.004,-3.2,-0.48,0.03,0.0479,-2.4493,11.95,159390.88,7.95,90.86,-4.752,-0,-1,129.65,130.67,131.02,24.95,Cornering,"Hoosier 43075 16x7.5-10 R20, 7 inch rim",5728
78.4,387.49,-2.98,123.9,-50.94,0.009,-4.13,-0.95,0.03,0.0584,-2.432,12.02,159379.5,7.95,90.83,-4.799,-0,-1,129.54,130.54,131.02,24.95,Cornering,"Hoosier 43075 16x7.5-10 R20, 7 inch rim",5729
78.41,387.5,-3.2,125.76,-52.94,0.007,-3.21,-2.19,0.09,0.0604,-2.3757,12.09,44163.86,7.95,90.75,-4.822,-0,-0.9998,129.52,130.38,131.04,24.95,Cornering,"Hoosier 43075 16x7.5-10 R20, 7 inch rim",5730
78.39,387.51,-2.3,125.79,-53.44,-0,-3.43,-3.1,0.03,0.043,-2.354,12.13,159471,7.95,90.68,-4.879,-0,-1,129.48,130.29,130.96,24.97,Cornering,"Hoosier 43075 16x7.5-10 R20, 7 inch rim",5731
78.39,387.52,-1,124.34,-53.4,0.013,-3.05,-3.81,0.03,0.0187,-2.3286,12.09,159540.09,7.95,90.64,-4.899,-0,-1,129.5,130.32,130.94,24.98,Cornering,"Hoosier 43075 16x7.5-10 R20, 7 inch rim",5732
78.41,387.53,-0.08,121.63,-51.6,-0,-2.75,-4.89,-0.04,0.0015,-2.3572,12.03,-99189.07,7.95,90.65,-4.948,-0,-1.0001,129.5,130.29,130.92,24.98,Cornering,"Hoosier 43075 16x7.5-10 R20, 7 inch rim",5733
78.4,387.54,0.09,118.54,-49.28,0.001,-3.31,-5.74,0.03,-0.0017,-2.4056,11.97,159589.81,7.95,90.65,-4.996,-0,-1,129.46,130.36,130.92,24.99,Cornering,"Hoosier 43075 16x7.5-10 R20, 7 inch rim",5734
78.37,387.55,-0.71,116.15,-47.96,0.017,-2.77,-6.42,0.03,0.0149,-2.422,11.96,159543.39,7.95,90.66,-5.034,-0,-1,129.46,130.4,130.92,24.98,Cornering,"Hoosier 43075 16x7.5-10 R20, 7 inch rim",5735
78.4,387.56,-1.58,115.6,-46.45,0.006,-2.63,-6.52,0.03,0.034,-2.4885,11.99,159533.17,7.95,90.66,-5.074,-0,-1,129.46,130.54,130.94,24.98,Cornering,"Hoosier 43075 16x7.5-10 R20, 7 inch rim",5736
78.41,387.57,-2.84,116.8,-46.36,0.013,-2.12,-6.13,0.09,0.0612,-2.5193,12.06,44247.28,7.95,90.64,-5.098,-0,-0.9998,129.52,130.62,131.02,25.01,Cornering,"Hoosier 43075 16x7.5-10 R20, 7 inch rim",5737
78.4,387.58,-4.2,118.83,-47.03,0.01,-2.22,-5.82,0.16,0.0893,-2.5264,12.12,25697.58,7.95,90.62,-5.153,-0,-0.9997,129.61,130.69,131.12,25.03,Cornering,"Hoosier 43075 16x7.5-10 R20, 7 inch rim",5738
78.38,387.59,-5.45,121.6,-48.14,0.01,-2.6,-5.6,0.09,0.1132,-2.5261,12.09,44292.68,7.95,90.64,-5.18,-0,-0.9998,129.63,130.73,131.18,25.04,Cornering,"Hoosier 43075 16x7.5-10 R20, 7 inch rim",5739
78.4,387.6,-5.88,124.38,-49.76,0.01,-2.7,-5.11,0.03,0.1182,-2.4996,12.05,159754.3,7.95,90.63,-5.22,-0,-1,129.52,130.62,131.27,25.03,Cornering,"Hoosier 43075 16x7.5-10 R20, 7 inch rim",5740
78.41,387.61,-5.87,125.9,-51.58,0.013,-3.13,-5.55,0.03,0.1138,-2.4408,11.97,159667.81,7.95,90.7,-5.267,-0,-1,129.54,130.54,131.31,25.01,Cornering,"Hoosier 43075 16x7.5-10 R20, 7 inch rim",5741
78.38,387.62,-5.18,126.51,-52.5,0.013,-3.84,-6.16,0.03,0.0986,-2.4099,11.91,159506.45,7.95,90.74,-5.317,-0,-1,129.54,130.47,131.29,24.99,Cornering,"Hoosier 43075 16x7.5-10 R20, 7 inch rim",5742
78.39,387.63,-3.46,125.44,-53.2,0.012,-3.58,-6.13,0.03,0.0651,-2.358,11.9,159345.78,7.95,90.79,-5.364,-0,-1,129.56,130.45,131.31,24.97,Cornering,"Hoosier 43075 16x7.5-10 R20, 7 inch rim",5743
78.41,387.64,-1.28,122.36,-52.08,0.007,-4.16,-5.55,0.09,0.0246,-2.3493,11.97,44163.95,7.95,90.79,-5.396,-0,-0.9998,129.63,130.45,131.31,24.97,Cornering,"Hoosier 43075 16x7.5-10 R20, 7 inch rim",5744
78.4,387.65,0.12,119.53,-50.11,0.019,-3.63,-5.26,0.09,-0.0024,-2.3856,12.06,44191.24,7.95,90.77,-5.442,-0,-0.9998,129.63,130.43,131.31,24.99,Cornering,"Hoosier 43075 16x7.5-10 R20, 7 inch rim",5745
78.38,387.66,1.12,116.95,-48.25,0.01,-3.11,-4.2,0.09,-0.0232,-2.4242,12.15,44208.46,7.95,90.78,-5.485,-0,-0.9998,129.69,130.47,131.29,25,Cornering,"Hoosier 43075 16x7.5-10 R20, 7 inch rim",5746
78.4,387.67,1.37,115.58,-46.34,0.007,-3.03,-3.07,0.03,-0.0297,-2.4942,12.16,159671.33,7.95,90.78,-5.526,-0,-1,129.65,130.51,131.27,25.03,Cornering,"Hoosier 43075 16x7.5-10 R20, 7 inch rim",5747
78.42,387.68,0.38,116.51,-45.1,0.01,-2.79,-2.53,0.09,-0.0084,-2.5833,12.11,44212.43,7.95,90.74,-5.566,-0,-0.9998,129.73,130.65,131.33,25.01,Cornering,"Hoosier 43075 16x7.5-10 R20, 7 inch rim",5748
78.38,387.69,-0.89,118.23,-45.74,0.006,-2.22,-1.88,0.09,0.0195,-2.5851,12.04,44208.64,7.96,90.78,-5.615,-0,-0.9998,129.84,130.73,131.39,25.01,Cornering,"Hoosier 43075 16x7.5-10 R20, 7 inch rim",5749
78.39,387.7,-1.83,120.85,-46.27,0.006,-2.87,-1.07,-0.11,0.0397,-2.6119,11.96,-37807.88,7.95,90.83,-5.654,-0,-1.0002,129.88,130.71,131.53,25,Cornering,"Hoosier 43075 16x7.5-10 R20, 7 inch rim",5750
78.41,387.71,-2.86,123.49,-47.92,0.003,-3.19,-0.92,0.03,0.0597,-2.5768,11.96,159404.25,7.96,90.92,-5.687,-0,-1,129.93,130.67,131.55,24.99,Cornering,"Hoosier 43075 16x7.5-10 R20, 7 inch rim",5751
78.4,387.72,-2.97,125.61,-49.73,0.01,-3.9,-0.75,0.09,0.0597,-2.5258,12.01,44158.95,7.96,90.96,-5.725,-0,-0.9998,129.88,130.58,131.53,24.98,Cornering,"Hoosier 43075 16x7.5-10 R20, 7 inch rim",5752
78.37,387.73,-2.42,127.02,-52.14,0.004,-3.51,-1.01,-0.04,0.0464,-2.4363,12.07,-98982.88,7.95,91.02,-5.767,-0,-1.0001,129.88,130.45,131.55,24.97,Cornering,"Hoosier 43075 16x7.5-10 R20, 7 inch rim",5753
78.4,387.74,-1.83,126.66,-52.5,0.013,-4.54,-2.13,-0.04,0.0348,-2.4127,12.11,-98998.63,7.95,91.04,-5.807,-0,-1.0001,129.93,130.36,131.53,24.97,Cornering,"Hoosier 43075 16x7.5-10 R20, 7 inch rim",5754
78.42,387.75,-0.4,125.05,-52.77,-0.006,-3.57,-2.73,0.09,0.0076,-2.3697,12.1,44118.78,7.96,91.04,-5.843,-0,-0.9998,129.95,130.34,131.49,24.97,Cornering,"Hoosier 43075 16x7.5-10 R20, 7 inch rim",5755
78.39,387.76,0.7,122.02,-51.6,0.014,-3.39,-3.31,-0.04,-0.0136,-2.365,12.06,-98961.83,7.95,90.99,-5.883,-0,-1.0001,130.04,130.34,131.45,24.97,Cornering,"Hoosier 43075 16x7.5-10 R20, 7 inch rim",5756
78.38,387.77,1.14,119.55,-48.83,0.019,-3.19,-3.78,-0.04,-0.0233,-2.4483,11.95,-98955.77,7.95,90.95,-5.916,-0,-1.0001,130.06,130.34,131.43,24.97,Cornering,"Hoosier 43075 16x7.5-10 R20, 7 inch rim",5757
78.41,387.78,0.96,117.45,-47.17,0.006,-2.13,-4.03,-0.04,-0.0203,-2.4903,11.9,-98926.19,7.95,90.93,-5.952,-0,-1.0001,130.12,130.45,131.41,24.96,Cornering,"Hoosier 43075 16x7.5-10 R20, 7 inch rim",5758
78.41,387.79,-0.01,117.13,-45.33,0.01,-2.24,-4.09,-0.04,0.0001,-2.5841,11.9,-98870.66,7.95,90.9,-6.003,-0,-1.0001,130.12,130.58,131.41,24.95,Cornering,"Hoosier 43075 16x7.5-10 R20, 7 inch rim",5759
78.38,387.8,-1.69,117.92,-45.37,0.007,-1.72,-4.24,0.03,0.0372,-2.5991,11.97,159008.08,7.95,90.86,-6.029,-0,-0.9999,130.19,130.76,131.45,24.94,Cornering,"Hoosier 43075 16x7.5-10 R20, 7 inch rim",5760
78.4,387.81,-3.7,120.46,-45.15,-0.006,-2.34,-4.75,-0.04,0.082,-2.6679,12.05,-98880.44,7.96,90.79,-6.073,-0,-1.0001,130.31,130.87,131.55,24.96,Cornering,"Hoosier 43075 16x7.5-10 R20, 7 inch rim",5761
78.42,387.82,-5.28,122.43,-47.42,0.001,-1.98,-4.97,0.09,0.1113,-2.5816,12.09,44116.06,7.96,90.72,-6.122,-0,-0.9998,130.27,130.87,131.57,24.98,Cornering,"Hoosier 43075 16x7.5-10 R20, 7 inch rim",5762
78.39,387.83,-6.01,124.37,-49.11,0.012,-3.27,-5.02,-0.04,0.1224,-2.5324,12.11,-99025.93,7.95,90.7,-6.153,-0,-1.0001,130.19,130.82,131.61,25,Cornering,"Hoosier 43075 16x7.5-10 R20, 7 inch rim",5763
78.39,387.84,-5.54,125.75,-50.73,0.01,-4.59,-4.76,0.03,0.1093,-2.4789,12.08,159329.33,7.95,90.68,-6.186,-0,-1,130.12,130.69,131.59,25,Cornering,"Hoosier 43075 16x7.5-10 R20, 7 inch rim",5764
78.41,387.85,-4.8,127.15,-52.06,0.009,-4.57,-5.28,0.09,0.0922,-2.4425,12.02,44126.96,7.95,90.69,-6.234,-0,-0.9998,130.08,130.62,131.53,24.99,Cornering,"Hoosier 43075 16x7.5-10 R20, 7 inch rim",5765
78.41,387.86,-3.46,126.3,-52.97,-0.009,-3.98,-5.7,-0.04,0.0652,-2.3841,11.99,-98911.39,7.96,90.69,-6.271,-0,-1.0001,130.1,130.56,131.51,24.97,Cornering,"Hoosier 43075 16x7.5-10 R20, 7 inch rim",5766
78.38,387.87,-2.39,124.39,-52.33,0.006,-3.19,-6.54,0.03,0.0457,-2.3769,12.03,159030.94,7.96,90.72,-6.314,-0,-0.9999,130.1,130.54,131.51,24.96,Cornering,"Hoosier 43075 16x7.5-10 R20, 7 inch rim",5767
78.39,387.88,-1.05,121.76,-50.08,0.009,-2.82,-6.41,0.09,0.021,-2.4312,12.1,44065.3,7.96,90.75,-6.354,-0,-0.9998,130.12,130.58,131.49,24.96,Cornering,"Hoosier 43075 16x7.5-10 R20, 7 inch rim",5768
78.41,387.89,-0.17,118.96,-47.88,0.014,-2.87,-5.84,0.16,0.0035,-2.4847,12.17,25598.06,7.95,90.79,-6.394,-0,-0.9997,130.12,130.65,131.45,24.98,Cornering,"Hoosier 43075 16x7.5-10 R20, 7 inch rim",5769
78.4,387.9,-0.06,117.8,-46.36,-0,-1.63,-4.89,0.03,0.0014,-2.5409,12.2,159214.58,7.96,90.82,-6.433,-0,-1,130.14,130.73,131.47,25,Cornering,"Hoosier 43075 16x7.5-10 R20, 7 inch rim",5770
78.38,387.91,-0.41,117.9,-45.63,0.013,-1.2,-3.53,0.09,0.0089,-2.5836,12.15,44136.58,7.96,90.85,-6.473,-0,-0.9998,130.19,130.89,131.47,25.01,Cornering,"Hoosier 43075 16x7.5-10 R20, 7 inch rim",5771
78.4,387.92,-1.46,119.3,-44.9,0.01,-2.62,-2.63,-0.04,0.0325,-2.657,12.08,-99024.51,7.95,90.88,-6.51,-0,-1.0001,130.23,131.06,131.51,25.01,Cornering,"Hoosier 43075 16x7.5-10 R20, 7 inch rim",5772
78.41,387.93,-2.4,121.33,-46.17,0.004,-2.74,-1.51,0.03,0.052,-2.628,11.99,159175.52,7.96,90.94,-6.553,-0,-0.9999,130.38,131.09,131.59,25,Cornering,"Hoosier 43075 16x7.5-10 R20, 7 inch rim",5773
78.38,387.94,-3.24,123.27,-47.95,0.014,-3.68,-0.95,0.03,0.0676,-2.5707,11.95,159122.59,7.95,90.95,-6.602,-0,-0.9999,130.4,131,131.63,24.99,Cornering,"Hoosier 43075 16x7.5-10 R20, 7 inch rim",5774
78.39,387.95,-3.69,125.27,-49.88,0.014,-4.13,-0.98,0.16,0.0739,-2.5117,11.97,25573.51,7.95,90.98,-6.636,-0,-0.9997,130.34,130.89,131.69,24.97,Cornering,"Hoosier 43075 16x7.5-10 R20, 7 inch rim",5775
78.42,387.96,-3.12,127,-51.51,0.007,-4.22,-1.04,0.03,0.0605,-2.4657,12.01,159063.39,7.95,91,-6.669,-0,-0.9999,130.25,130.73,131.71,24.98,Cornering,"Hoosier 43075 16x7.5-10 R20, 7 inch rim",5776
78.39,387.97,-2.19,127.31,-52.28,0.009,-3.77,-1.7,-0.04,0.0419,-2.435,12.08,-98845.68,7.96,91.03,-6.71,-0,-1.0001,130.27,130.69,131.71,24.98,Cornering,"Hoosier 43075 16x7.5-10 R20, 7 inch rim",5777
78.38,387.98,-0.67,125.76,-51.63,0.009,-4.06,-2.2,0.09,0.013,-2.436,12.08,44069.42,7.95,91.1,-6.759,-0,-0.9998,130.27,130.69,131.69,24.98,Cornering,"Hoosier 43075 16x7.5-10 R20, 7 inch rim",5778
78.4,387.99,0.64,123.48,-50.35,0.003,-3.14,-2.65,0.03,-0.0127,-2.4526,12.05,159054.98,7.96,91.13,-6.803,-0,-0.9999,130.34,130.69,131.67,24.99,Cornering,"Hoosier 43075 16x7.5-10 R20, 7 inch rim",5779
78.42,388,1.61,120.51,-47.89,0.013,-3.17,-2.87,-0.04,-0.0337,-2.5161,11.98,-98889.8,7.95,91.15,-6.828,-0,-1.0001,130.29,130.73,131.69,25,Cornering,"Hoosier 43075 16x7.5-10 R20, 7 inch rim",5780
78.38,388.01,1.75,118.21,-46.59,0.01,-2.33,-2.81,0.09,-0.0375,-2.5374,11.89,44099.09,7.95,91.18,-6.878,-0,-0.9998,130.38,130.78,131.61,25.01,Cornering,"Hoosier 43075 16x7.5-10 R20, 7 inch rim",5781
78.38,388.02,0.73,117.3,-45.14,0.009,-2.09,-3,-0.04,-0.0161,-2.5984,11.89,-98940.26,7.96,91.18,-6.914,-0,-1.0001,130.38,130.84,131.59,25.01,Cornering,"Hoosier 43075 16x7.5-10 R20, 7 inch rim",5782
78.41,388.03,-0.86,118.11,-45.57,0.001,-1.47,-3.15,0.03,0.0189,-2.5916,11.93,159151.36,7.96,91.18,-6.952,-0,-0.9999,130.49,131,131.59,25.01,Cornering,"Hoosier 43075 16x7.5-10 R20, 7 inch rim",5783
78.4,388.04,-2.56,119.6,-45.92,0.012,-2.56,-3.28,0.03,0.0557,-2.6043,12.05,159101.52,7.95,91.18,-6.99,-0,-0.9999,130.61,131.06,131.67,25.01,Cornering,"Hoosier 43075 16x7.5-10 R20, 7 inch rim",5784
78.38,388.05,-4.18,122.38,-47.62,0.01,-2.14,-3.45,0.03,0.0877,-2.5701,12.14,159125.88,7.95,91.19,-7.025,-0,-0.9999,130.76,131.06,131.73,25.01,Cornering,"Hoosier 43075 16x7.5-10 R20, 7 inch rim",5785
78.4,388.06,-5.54,124.99,-48.41,0.013,-3.83,-4.09,-0.11,0.1144,-2.5816,12.17,-37761.9,7.95,91.21,-7.073,-0,-1.0002,130.72,131,131.79,25.04,Cornering,"Hoosier 43075 16x7.5-10 R20, 7 inch rim",5786
78.41,388.07,-5.48,127.35,-50.69,0.001,-3.57,-4.17,-0.04,0.1082,-2.5122,12.14,-99010.87,7.96,91.23,-7.116,-0,-1.0001,130.64,130.91,131.85,25.04,Cornering,"Hoosier 43075 16x7.5-10 R20, 7 inch rim",5787
78.39,388.08,-4.9,129.01,-51.73,0.01,-3.87,-4.79,-0.04,0.0947,-2.4941,12.09,-98979.38,7.95,91.27,-7.154,-0,-1.0001,130.64,130.78,131.81,25.04,Cornering,"Hoosier 43075 16x7.5-10 R20, 7 inch rim",5788
78.39,388.09,-3.55,128.28,-52.2,-0,-3.86,-5.18,0.09,0.068,-2.4576,11.99,44089,7.96,91.26,-7.192,-0,-0.9998,130.61,130.71,131.79,25.02,Cornering,"Hoosier 43075 16x7.5-10 R20, 7 inch rim",5789
78.41,388.1,-1.94,126.38,-51.75,0.013,-3.05,-5.29,0.09,0.0375,-2.4421,11.98,44023.87,7.95,91.26,-7.23,-0,-0.9998,130.61,130.69,131.79,24.98,Cornering,"Hoosier 43075 16x7.5-10 R20, 7 inch rim",5790
78.4,388.11,-0.78,123.28,-49.69,0.014,-3.09,-5.51,0.09,0.0157,-2.4808,12,43999.29,7.95,91.24,-7.272,-0,-0.9998,130.61,130.71,131.77,24.97,Cornering,"Hoosier 43075 16x7.5-10 R20, 7 inch rim",5791
78.38,388.12,0.21,119.92,-47.86,0.007,-2.63,-4.96,0.03,-0.0045,-2.5058,12.06,158764.94,7.95,91.22,-7.313,-0,-0.9999,130.66,130.78,131.77,24.97,Cornering,"Hoosier 43075 16x7.5-10 R20, 7 inch rim",5792
78.4,388.13,0.38,118.23,-45.76,0.007,-2.9,-4.15,0.09,-0.0084,-2.5834,12.13,44021.96,7.95,91.16,-7.35,-0,-0.9998,130.7,130.8,131.71,24.99,Cornering,"Hoosier 43075 16x7.5-10 R20, 7 inch rim",5793
78.42,388.14,-0.35,118.11,-45.4,-0,-2.32,-3.48,0.09,0.0078,-2.6014,12.13,44057.85,7.96,91.07,-7.399,-0,-0.9998,130.81,131.02,131.67,25.01,Cornering,"Hoosier 43075 16x7.5-10 R20, 7 inch rim",5794
78.4,388.15,-0.94,119.48,-45.06,0.003,-2.98,-2.14,0.03,0.0209,-2.6516,12.1,158937.56,7.96,91.03,-7.445,-0,-0.9999,130.94,131.02,131.71,25.01,Cornering,"Hoosier 43075 16x7.5-10 R20, 7 inch rim",5795
78.38,388.16,-1.97,121.96,-46.26,0.001,-2.45,-1.34,0.09,0.0427,-2.6362,12.02,44038.95,7.96,90.99,-7.484,-0,-0.9998,131.07,131.11,131.79,25.01,Cornering,"Hoosier 43075 16x7.5-10 R20, 7 inch rim",5796
78.41,388.17,-3.13,124.7,-47.24,0.01,-3.31,-1.07,0.03,0.0662,-2.6397,11.93,158836.12,7.95,90.95,-7.519,-0,-0.9999,131.11,131.04,131.79,25,Cornering,"Hoosier 43075 16x7.5-10 R20, 7 inch rim",5797
78.42,388.18,-3.24,127.05,-49.11,-0,-3.84,-0.66,0.03,0.066,-2.5871,11.89,158673.23,7.96,90.94,-7.561,-0,-0.9999,131.07,130.93,131.83,24.97,Cornering,"Hoosier 43075 16x7.5-10 R20, 7 inch rim",5798
78.38,388.19,-2.92,128.9,-51.07,0.001,-3.7,-0.84,0.09,0.0572,-2.5239,11.92,43934.29,7.96,90.92,-7.607,-0,-0.9998,131,130.82,131.83,24.96,Cornering,"Hoosier 43075 16x7.5-10 R20, 7 inch rim",5799
78.4,388.2,-2.1,129.2,-52.44,0.003,-3.32,-1.52,0.03,0.04,-2.4638,12,158537.88,7.96,90.89,-7.627,-0,-0.9999,131.02,130.73,131.77,24.96,Cornering,"Hoosier 43075 16x7.5-10 R20, 7 inch rim",5800
78.42,388.21,-0.76,127.44,-52.24,0.016,-3.43,-2.01,0.03,0.0146,-2.4396,12.09,158519.36,7.95,90.84,-7.675,-0,-0.9999,130.96,130.67,131.77,24.96,Cornering,"Hoosier 43075 16x7.5-10 R20, 7 inch rim",5801
78.4,388.22,0.74,124.54,-50.96,0.009,-3.12,-2.41,-0.11,-0.0146,-2.4437,12.13,-37592.55,7.96,90.78,-7.711,-0,-1.0002,130.87,130.71,131.77,24.96,Cornering,"Hoosier 43075 16x7.5-10 R20, 7 inch rim",5802
78.38,388.23,0.73,121.43,-49,0.013,-2.81,-3.6,0.03,-0.0148,-2.478,12.11,158634.77,7.96,90.76,-7.759,-0,-0.9999,130.83,130.78,131.69,24.98,Cornering,"Hoosier 43075 16x7.5-10 R20, 7 inch rim",5803
78.41,388.24,1.15,118.71,-46.8,0.003,-2.62,-3.5,0.03,-0.0245,-2.5363,12.06,158543.42,7.96,90.76,-7.804,-0,-0.9999,130.76,130.87,131.67,24.97,Cornering,"Hoosier 43075 16x7.5-10 R20, 7 inch rim",5804
78.41,388.25,-0.05,117.63,-45.22,0.003,-2.82,-4.04,-0.04,0.0011,-2.6013,11.97,-98499.27,7.96,90.78,-7.842,-0,-1.0001,130.74,131.02,131.61,24.96,Cornering,"Hoosier 43075 16x7.5-10 R20, 7 inch rim",5805
78.38,388.26,-1.27,118.39,-44.6,0.007,-2.91,-3.75,0.09,0.0284,-2.6541,11.97,43896.17,7.96,90.79,-7.869,-0,-0.9998,130.79,131.2,131.65,24.95,Cornering,"Hoosier 43075 16x7.5-10 R20, 7 inch rim",5806
78.39,388.27,-2.94,120.58,-45.78,0.003,-1.68,-3.72,-0.04,0.0642,-2.6337,12.02,-98458.63,7.96,90.77,-7.915,-0,-1.0001,130.91,131.35,131.73,24.95,Cornering,"Hoosier 43075 16x7.5-10 R20, 7 inch rim",5807
78.42,388.28,-4.22,122.86,-46.69,0.009,-2.63,-3.37,-0.04,0.0904,-2.6316,12.08,-98383.37,7.96,90.75,-7.942,-0,-1.0001,130.94,131.33,131.81,24.93,Cornering,"Hoosier 43075 16x7.5-10 R20, 7 inch rim",5808
78.4,388.29,-4.96,125.51,-48.22,0.001,-3.2,-3.18,-0.04,0.1029,-2.6029,12.15,-98415.73,7.95,90.74,-7.996,-0,-1.0001,130.96,131.2,131.87,24.94,Cornering,"Hoosier 43075 16x7.5-10 R20, 7 inch rim",5809
78.38,388.3,-5.03,127.5,-50.31,0.003,-3.5,-3.13,0.03,0.1,-2.5345,12.15,158381.42,7.96,90.73,-8.029,-0,-0.9999,130.94,131.02,131.95,24.96,Cornering,"Hoosier 43075 16x7.5-10 R20, 7 inch rim",5810
78.41,388.31,-4.36,128.9,-51.69,-0,-3.7,-3.46,0.09,0.0843,-2.4938,12.11,43882.64,7.96,90.69,-8.085,-0,-0.9998,130.91,130.91,132.03,24.96,Cornering,"Hoosier 43075 16x7.5-10 R20, 7 inch rim",5811
78.42,388.32,-3.12,128.56,-52.1,0.007,-4.1,-3.81,0.09,0.0598,-2.4675,12.02,43888.52,7.96,90.7,-8.124,-0,-0.9998,130.94,130.82,132.03,24.96,Cornering,"Hoosier 43075 16x7.5-10 R20, 7 inch rim",5812
78.39,388.33,-1.4,126.22,-51.98,0.012,-3.42,-3.92,-0.11,0.0269,-2.428,11.94,-37550.26,7.95,90.71,-8.164,-0,-1.0002,130.96,130.78,132.05,24.96,Cornering,"Hoosier 43075 16x7.5-10 R20, 7 inch rim",5813
78.39,388.34,-0.34,123.49,-49.85,0.001,-3.42,-4.22,0.03,0.0068,-2.4772,11.94,158276.05,7.96,90.7,-8.2,-0,-0.9999,130.98,130.84,132.05,24.95,Cornering,"Hoosier 43075 16x7.5-10 R20, 7 inch rim",5814
78.42,388.35,0.62,120.52,-47.85,0.01,-2.88,-3.83,0.09,-0.0129,-2.5187,11.95,43813.05,7.96,90.66,-8.251,-0,-0.9998,131,130.87,132.05,24.93,Cornering,"Hoosier 43075 16x7.5-10 R20, 7 inch rim",5815
78.4,388.36,0.46,118.72,-45.98,0.001,-2.48,-3.54,0.03,-0.01,-2.5818,12.03,158056.55,7.96,90.65,-8.287,-0,-0.9999,131.04,131.04,132.05,24.92,Cornering,"Hoosier 43075 16x7.5-10 R20, 7 inch rim",5816
78.37,388.37,-0.14,118.54,-45.59,0.009,-1.17,-2.88,0.16,0.0032,-2.6002,12.08,25460.7,7.96,90.66,-8.323,-0,-0.9997,131.15,131.2,132.03,24.96,Cornering,"Hoosier 43075 16x7.5-10 R20, 7 inch rim",5817
78.4,388.38,-1.53,119.6,-44.54,0.013,-2.5,-2.42,0.03,0.0344,-2.6849,12.11,158503.05,7.95,90.66,-8.363,-0,-0.9999,131.34,131.35,132.07,25,Cornering,"Hoosier 43075 16x7.5-10 R20, 7 inch rim",5818
78.42,388.39,-2.66,121.9,-45.77,0.016,-2.27,-1.63,0.03,0.0581,-2.6635,12.08,158641.73,7.95,90.69,-8.383,-0,-0.9999,131.45,131.5,132.17,25.02,Cornering,"Hoosier 43075 16x7.5-10 R20, 7 inch rim",5819
78.39,388.4,-3.59,124.44,-47.2,-0,-2.45,-1.2,-0.04,0.0761,-2.6364,12.01,-98646.31,7.96,90.68,-8.439,-0,-1.0001,131.52,131.48,132.26,25.03,Cornering,"Hoosier 43075 16x7.5-10 R20, 7 inch rim",5820
78.38,388.41,-3.89,126.55,-48.44,0.009,-4.11,-1.06,0.03,0.0803,-2.6126,11.95,158637.08,7.96,90.65,-8.482,-0,-0.9999,131.54,131.33,132.3,25.03,Cornering,"Hoosier 43075 16x7.5-10 R20, 7 inch rim",5821
78.42,388.42,-3.82,128.51,-50.6,0.017,-3.97,-1.37,-0.04,0.0756,-2.5398,11.95,-98466.18,7.95,90.65,-8.516,-0,-1.0001,131.52,131.15,132.36,24.99,Cornering,"Hoosier 43075 16x7.5-10 R20, 7 inch rim",5822
78.4,388.43,-2.88,129.17,-52.13,0.009,-3.77,-1.87,0.03,0.0553,-2.4779,12.02,158236.38,7.96,90.67,-8.56,-0,-0.9999,131.45,131.04,132.36,24.97,Cornering,"Hoosier 43075 16x7.5-10 R20, 7 inch rim",5823
78.38,388.44,-1.68,127.92,-52.12,0.01,-4.02,-2.65,0.09,0.0322,-2.4544,12.07,43834.24,7.95,90.67,-8.596,-0,-0.9998,131.49,130.95,132.32,24.96,Cornering,"Hoosier 43075 16x7.5-10 R20, 7 inch rim",5824
78.4,388.45,-0.37,125.68,-50.78,-0.005,-3.54,-3.14,0.03,0.0072,-2.4748,12.12,158166.7,7.96,90.66,-8.638,-0,-0.9999,131.52,130.95,132.3,24.96,Cornering,"Hoosier 43075 16x7.5-10 R20, 7 inch rim",5825
78.42,388.46,0.64,122.2,-49.01,0.014,-2.9,-3.42,-0.04,-0.0132,-2.4934,12.11,-98331.21,7.95,90.65,-8.681,-0,-1.0001,131.56,131.04,132.28,24.97,Cornering,"Hoosier 43075 16x7.5-10 R20, 7 inch rim",5826
78.39,388.47,1.19,119.76,-46.74,0.01,-2.21,-3.37,0.09,-0.0256,-2.5624,12.05,43831.15,7.95,90.64,-8.708,-0,-0.9998,131.54,131.13,132.26,24.97,Cornering,"Hoosier 43075 16x7.5-10 R20, 7 inch rim",5827
78.38,388.48,0.04,117.82,-45.21,-0.005,-2.46,-4.05,0.09,-0.0009,-2.6061,11.97,43826,7.96,90.65,-8.751,-0,-0.9998,131.64,131.24,132.17,24.97,Cornering,"Hoosier 43075 16x7.5-10 R20, 7 inch rim",5828
78.41,388.49,-1.29,118.26,-44.48,0.003,-2.42,-3.98,0.03,0.029,-2.6587,11.89,158065.72,7.96,90.62,-8.787,-0,-0.9999,131.71,131.42,132.17,24.96,Cornering,"Hoosier 43075 16x7.5-10 R20, 7 inch rim",5829
78.41,388.5,-2.53,119.96,-44.87,0.001,-2.53,-3.42,-0.04,0.0564,-2.6735,11.9,-98221.05,7.96,90.61,-8.835,-0,-1.0001,131.86,131.55,132.22,24.95,Cornering,"Hoosier 43075 16x7.5-10 R20, 7 inch rim",5830
78.38,388.51,-3.78,122.41,-46.23,0.004,-2.76,-2.87,-0.04,0.0818,-2.6477,11.94,-98278.19,7.96,90.62,-8.877,-0,-1.0001,131.94,131.59,132.3,24.97,Cornering,"Hoosier 43075 16x7.5-10 R20, 7 inch rim",5831
78.39,388.52,-4.59,124.72,-48.31,0.004,-2.76,-2.45,-0.04,0.095,-2.5817,12.01,-98361.2,7.96,90.64,-8.907,-0,-1.0001,131.97,131.57,132.34,24.99,Cornering,"Hoosier 43075 16x7.5-10 R20, 7 inch rim",5832
78.42,388.53,-4.32,127.04,-49.82,0.001,-3.54,-1.93,0.09,0.0868,-2.5503,12.05,43853.2,7.95,90.7,-8.946,-0,-0.9998,131.9,131.48,132.4,25,Cornering,"Hoosier 43075 16x7.5-10 R20, 7 inch rim",5833
78.4,388.54,-3.84,128.55,-51.3,0.01,-3.42,-2.25,-0.04,0.0748,-2.5059,12.03,-98339.1,7.96,90.76,-8.987,-0,-1.0001,131.9,131.28,132.46,24.99,Cornering,"Hoosier 43075 16x7.5-10 R20, 7 inch rim",5834
78.38,388.55,-3.1,128.57,-52.14,0.004,-3.48,-2.97,0.03,0.0594,-2.4657,11.97,158139.27,7.96,90.82,-9.036,-0,-0.9999,131.9,131.22,132.46,24.98,Cornering,"Hoosier 43075 16x7.5-10 R20, 7 inch rim",5835
78.41,388.56,-1.49,127.22,-51.64,-0.005,-3.26,-3.18,0.09,0.0289,-2.4638,11.93,43806.04,7.96,90.85,-9.08,-0,-0.9998,131.86,131.17,132.44,24.98,Cornering,"Hoosier 43075 16x7.5-10 R20, 7 inch rim",5836
78.41,388.57,-0.3,124.37,-49.93,0.013,-3.08,-3.44,-0.04,0.0061,-2.491,11.93,-98257.98,7.95,90.88,-9.114,-0,-1.0001,131.9,131.26,132.46,24.98,Cornering,"Hoosier 43075 16x7.5-10 R20, 7 inch rim",5837
78.39,388.58,0.45,121.18,-48.19,0.003,-2.79,-3.69,0.16,-0.0093,-2.5145,11.97,25420.38,7.95,90.86,-9.156,-0,-0.9997,131.97,131.33,132.44,24.98,Cornering,"Hoosier 43075 16x7.5-10 R20, 7 inch rim",5838
78.4,388.59,0.92,118.73,-46.08,-0.002,-2.8,-3.15,-0.04,-0.0199,-2.5766,12.06,-98279.77,7.96,90.85,-9.199,-0,-1.0001,132.01,131.44,132.36,24.99,Cornering,"Hoosier 43075 16x7.5-10 R20, 7 inch rim",5839
78.42,388.6,0.17,117.91,-45.04,0.009,-2.71,-2.92,0.16,-0.0038,-2.618,12.15,25409.13,7.96,90.84,-9.229,-0,-0.9997,132.12,131.57,132.34,24.97,Cornering,"Hoosier 43075 16x7.5-10 R20, 7 inch rim",5840
78.4,388.61,-1.14,118.86,-44.63,0.004,-2.55,-2.69,0.09,0.0255,-2.6636,12.19,43780.07,7.96,90.82,-9.286,-0,-0.9998,132.27,131.7,132.32,24.98,Cornering,"Hoosier 43075 16x7.5-10 R20, 7 inch rim",5841
78.38,388.62,-2.26,120.84,-45.3,0.012,-2.88,-1.87,0.09,0.0499,-2.6675,12.16,43798.38,7.95,90.82,-9.302,-0,-0.9998,132.42,131.81,132.32,24.99,Cornering,"Hoosier 43075 16x7.5-10 R20, 7 inch rim",5842
78.4,388.63,-3.54,123.18,-46.47,0.006,-3.07,-1.57,0.09,0.0762,-2.6508,12.07,43801.75,7.96,90.81,-9.355,-0,-0.9998,132.48,131.81,132.4,25,Cornering,"Hoosier 43075 16x7.5-10 R20, 7 inch rim",5843
78.42,388.64,-4.31,125.65,-48.25,0.004,-3.3,-1.57,-0.04,0.0892,-2.6038,11.99,-98243.11,7.96,90.81,-9.407,-0,-1.0001,132.55,131.7,132.5,25,Cornering,"Hoosier 43075 16x7.5-10 R20, 7 inch rim",5844
78.39,388.65,-3.94,127.77,-49.79,0.013,-3.7,-1.29,-0.04,0.0791,-2.566,11.97,-98213.27,7.95,90.79,-9.431,-0,-1.0001,132.5,131.53,132.6,24.99,Cornering,"Hoosier 43075 16x7.5-10 R20, 7 inch rim",5845
78.39,388.66,-3.38,128.91,-51.46,-0.002,-3.6,-1.89,0.09,0.0656,-2.5048,11.99,43785.48,7.96,90.76,-9.481,-0,-0.9998,132.48,131.39,132.64,25,Cornering,"Hoosier 43075 16x7.5-10 R20, 7 inch rim",5846
78.42,388.67,-2.44,128.55,-51.94,0.01,-3.56,-2.5,-0.04,0.0471,-2.4747,12.05,-98168.41,7.96,90.73,-9.507,-0,-1.0001,132.5,131.28,132.68,24.98,Cornering,"Hoosier 43075 16x7.5-10 R20, 7 inch rim",5847
78.41,388.68,-1.29,126.22,-51.23,0.012,-3.51,-3.37,-0.04,0.0251,-2.464,12.11,-98133.47,7.95,90.69,-9.548,-0,-1.0001,132.48,131.24,132.7,24.98,Cornering,"Hoosier 43075 16x7.5-10 R20, 7 inch rim",5848
78.37,388.69,0.34,123.3,-49.27,0.009,-3.71,-3.21,0.03,-0.0069,-2.5028,12.09,157766.52,7.96,90.7,-9.606,-0,-0.9999,132.44,131.26,132.68,24.97,Cornering,"Hoosier 43075 16x7.5-10 R20, 7 inch rim",5849
78.4,388.7,0.49,120.22,-47.96,0.009,-2.81,-3.75,0.03,-0.0103,-2.5067,12.03,157676.92,7.96,90.69,-9.64,-0,-0.9999,132.42,131.31,132.62,24.96,Cornering,"Hoosier 43075 16x7.5-10 R20, 7 inch rim",5850
78.42,388.71,0.74,118.28,-46.13,-0.005,-2.63,-3.19,0.03,-0.016,-2.5639,11.93,157695.78,7.96,90.7,-9.677,-0,-0.9999,132.46,131.37,132.66,24.96,Cornering,"Hoosier 43075 16x7.5-10 R20, 7 inch rim",5851
78.39,388.72,-0.46,118.54,-44.9,0.007,-2.35,-3.16,-0.04,0.0103,-2.64,11.91,-98014.32,7.95,90.75,-9.72,-0,-1.0001,132.55,131.59,132.68,24.96,Cornering,"Hoosier 43075 16x7.5-10 R20, 7 inch rim",5852
78.39,388.73,-1.7,120.25,-44.83,0.006,-2.14,-2.6,-0.04,0.0378,-2.6822,11.92,-97977.43,7.96,90.78,-9.767,-0,-1.0001,132.67,131.61,132.72,24.96,Cornering,"Hoosier 43075 16x7.5-10 R20, 7 inch rim",5853
78.41,388.74,-2.97,122.12,-45.46,0.001,-3.01,-2.29,-0.04,0.0653,-2.6865,11.99,-97967.98,7.96,90.83,-9.799,-0,-1.0001,132.78,131.79,132.82,24.96,Cornering,"Hoosier 43075 16x7.5-10 R20, 7 inch rim",5854
78.42,388.75,-3.47,125.03,-47.33,0.007,-2.47,-1.26,-0.04,0.0734,-2.6417,12.11,-97930.12,7.96,90.84,-9.849,-0,-1.0001,132.87,131.77,132.94,24.95,Cornering,"Hoosier 43075 16x7.5-10 R20, 7 inch rim",5855
78.38,388.76,-3.84,127.18,-48.93,0.007,-3.05,-0.96,-0.04,0.0784,-2.5993,12.15,-97920.15,7.96,90.81,-9.882,-0,-1.0001,132.85,131.61,133.06,24.95,Cornering,"Hoosier 43075 16x7.5-10 R20, 7 inch rim",5856
78.4,388.77,-3.77,128.92,-50.46,-0.003,-3.5,-1.34,-0.04,0.0746,-2.5551,12.14,-97933.34,7.96,90.76,-9.913,-0,-1.0001,132.78,131.48,133.12,24.96,Cornering,"Hoosier 43075 16x7.5-10 R20, 7 inch rim",5857
78.42,388.78,-2.97,128.54,-51.8,0.01,-3.84,-1.87,-0.04,0.0573,-2.4816,12.09,-97919.8,7.96,90.75,-9.958,-0,-1.0001,132.82,131.39,133.12,24.96,Cornering,"Hoosier 43075 16x7.5-10 R20, 7 inch rim",5858
78.39,388.79,-1.7,127.31,-51.2,0.01,-4.02,-2.54,0.03,0.0332,-2.4866,12.02,157575.89,7.96,90.79,-9.999,-0,-0.9999,132.78,131.33,133.19,24.97,Cornering,"Hoosier 43075 16x7.5-10 R20, 7 inch rim",5859
78.38,388.8,-0.53,124.09,-50.59,0.004,-3.6,-3.11,0.09,0.0106,-2.4527,11.99,43669.27,7.96,90.81,-10.047,-0,-0.9998,132.8,131.35,133.21,24.97,Cornering,"Hoosier 43075 16x7.5-10 R20, 7 inch rim",5860
78.41,388.81,0.5,120.84,-48.32,0.007,-3.73,-3.25,0.09,-0.0104,-2.5009,12,43675.06,7.96,90.79,-10.078,-0,-0.9998,132.85,131.44,133.14,24.98,Cornering,"Hoosier 43075 16x7.5-10 R20, 7 inch rim",5861
78.41,388.82,1.01,118.51,-45.79,0.012,-3.59,-3.07,-0.11,-0.0221,-2.5882,12.06,-37357.53,7.95,90.75,-10.122,-0,-1.0002,132.91,131.5,133.12,24.97,Cornering,"Hoosier 43075 16x7.5-10 R20, 7 inch rim",5862
78.38,388.83,-0.13,117.99,-45.12,-0.006,-1.97,-3.56,0.16,0.0028,-2.6149,12.14,25337.77,7.96,90.79,-10.155,-0,-0.9997,133,131.66,133.1,24.97,Cornering,"Hoosier 43075 16x7.5-10 R20, 7 inch rim",5863
78.38,388.84,-0.94,118.55,-44.75,0.007,-1.77,-2.94,0.16,0.0209,-2.6489,12.17,25315.73,7.96,90.82,-10.21,-0,-0.9997,133.15,131.92,133.06,24.96,Cornering,"Hoosier 43075 16x7.5-10 R20, 7 inch rim",5864
78.43,388.85,-2.49,120.42,-45.61,0.003,-1.16,-2.67,-0.04,0.0545,-2.6403,12.15,-97854.73,7.95,90.86,-10.241,-0,-1.0001,133.32,132.05,133.14,24.96,Cornering,"Hoosier 43075 16x7.5-10 R20, 7 inch rim",5865
78.39,388.86,-3.58,122.88,-45.65,0.006,-2.4,-1.98,-0.04,0.0784,-2.6917,12.08,-97863.04,7.95,90.9,-10.287,-0,-1.0001,133.43,132.12,133.23,24.97,Cornering,"Hoosier 43075 16x7.5-10 R20, 7 inch rim",5866
78.38,388.87,-4.27,125.28,-46.77,0.019,-3.31,-1.59,-0.04,0.0912,-2.6788,12,-97896.71,7.95,90.91,-10.324,-0,-1.0001,133.47,132.08,133.33,24.98,Cornering,"Hoosier 43075 16x7.5-10 R20, 7 inch rim",5867
78.41,388.88,-4,127.5,-49.16,0.004,-3.66,-1.12,0.09,0.0814,-2.5936,11.95,43645.16,7.96,90.96,-10.364,-0,-0.9998,133.47,131.94,133.41,24.98,Cornering,"Hoosier 43075 16x7.5-10 R20, 7 inch rim",5868
78.41,388.89,-3.61,128.69,-50.76,0.013,-4.35,-1.46,0.16,0.0711,-2.5354,11.95,25323.8,7.95,91,-10.399,-0,-0.9997,133.45,131.77,133.49,24.98,Cornering,"Hoosier 43075 16x7.5-10 R20, 7 inch rim",5869
78.37,388.9,-2.78,128.49,-51.63,0.02,-4.92,-2.11,0.09,0.0538,-2.4887,12.02,43614.53,7.95,91.01,-10.437,-0,-0.9998,133.51,131.64,133.53,24.97,Cornering,"Hoosier 43075 16x7.5-10 R20, 7 inch rim",5870
78.39,388.91,-1.32,126.86,-51.56,0.006,-4.27,-2.48,-0.04,0.0256,-2.4603,12.08,-97753.8,7.96,91.04,-10.488,-0,-1.0001,133.51,131.59,133.51,24.96,Cornering,"Hoosier 43075 16x7.5-10 R20, 7 inch rim",5871
78.42,388.92,0.06,124.2,-50.33,0.016,-3.35,-2.73,0.09,-0.0012,-2.4679,12.14,43572.48,7.95,91.05,-10.519,-0,-0.9998,133.58,131.59,133.45,24.96,Cornering,"Hoosier 43075 16x7.5-10 R20, 7 inch rim",5872
78.4,388.93,0.83,121.48,-47.94,0.004,-3.13,-2.77,-0.04,-0.0174,-2.5338,12.11,-97708.49,7.96,91.03,-10.558,-0,-1.0001,133.53,131.59,133.41,24.95,Cornering,"Hoosier 43075 16x7.5-10 R20, 7 inch rim",5873
78.37,388.94,0.66,119.49,-46.12,0.001,-2.3,-2.98,0.03,-0.0142,-2.5909,12.07,157236.11,7.96,91.04,-10.596,-0,-0.9999,133.58,131.64,133.35,24.96,Cornering,"Hoosier 43075 16x7.5-10 R20, 7 inch rim",5874
78.4,388.95,0.24,119.13,-44.75,0.014,-2.06,-2.26,-0.04,-0.0054,-2.6621,12,-97772.79,7.95,91.05,-10.639,-0,-1.0001,133.62,131.77,133.29,24.97,Cornering,"Hoosier 43075 16x7.5-10 R20, 7 inch rim",5875
78.4,388.96,-1.31,119.91,-44.68,0.013,-1.91,-2.49,-0.04,0.0294,-2.6836,11.99,-97831.51,7.95,91.05,-10.668,-0,-1.0001,133.77,131.9,133.31,24.99,Cornering,"Hoosier 43075 16x7.5-10 R20, 7 inch rim",5876
78.37,388.97,-2.44,121.95,-45.09,0.007,-2.53,-1.73,0.03,0.054,-2.7043,12.02,157321.23,7.95,91.06,-10.712,-0,-0.9999,133.92,132.05,133.39,24.98,Cornering,"Hoosier 43075 16x7.5-10 R20, 7 inch rim",5877
78.37,388.98,-3.56,124.09,-46.46,0.01,-3.04,-1.25,0.09,0.0766,-2.6708,12.09,43590.63,7.95,91.06,-10.742,-0,-0.9998,134.05,132.03,133.49,24.98,Cornering,"Hoosier 43075 16x7.5-10 R20, 7 inch rim",5878
78.41,388.99,-4.14,126.28,-48.33,-0,-3.74,-1.25,-0.04,0.0856,-2.6132,12.17,-97812.27,7.96,91.04,-10.795,-0,-1.0001,133.98,131.92,133.61,25,Cornering,"Hoosier 43075 16x7.5-10 R20, 7 inch rim",5879
78.39,389,-4.14,127.97,-50.02,-0,-4.26,-1.4,0.03,0.0827,-2.5585,12.17,157329.55,7.96,91.02,-10.834,-0,-0.9999,133.96,131.7,133.75,25,Cornering,"Hoosier 43075 16x7.5-10 R20, 7 inch rim",5880
78.36,389.01,-3.79,128.87,-51.78,0.006,-4.24,-2.17,0.03,0.0732,-2.4887,12.15,157379.52,7.96,91.02,-10.877,-0,-0.9999,133.94,131.59,133.83,25.01,Cornering,"Hoosier 43075 16x7.5-10 R20, 7 inch rim",5881
78.39,389.02,-2.66,128.41,-52.02,0.004,-3.9,-2.78,0.03,0.0512,-2.4687,12.08,157392.12,7.96,90.98,-10.921,-0,-0.9999,133.94,131.48,133.87,25.01,Cornering,"Hoosier 43075 16x7.5-10 R20, 7 inch rim",5882
78.4,389.03,-1.23,126.29,-50.81,-0.003,-3.91,-3.32,0.09,0.0242,-2.4856,11.97,43609.98,7.96,90.94,-10.953,-0,-0.9998,133.94,131.44,133.91,25.01,Cornering,"Hoosier 43075 16x7.5-10 R20, 7 inch rim",5883
78.37,389.04,-0.13,123.61,-49.31,0.012,-2.8,-3.61,0.09,0.0026,-2.5067,11.93,43594.72,7.96,90.89,-10.987,-0,-0.9998,133.96,131.48,133.87,25.01,Cornering,"Hoosier 43075 16x7.5-10 R20, 7 inch rim",5884
78.36,389.05,0.92,120.83,-46.8,0.012,-3.08,-3.24,0.03,-0.0196,-2.582,11.97,157257.95,7.96,90.86,-11.035,-0,-0.9999,134,131.53,133.87,25,Cornering,"Hoosier 43075 16x7.5-10 R20, 7 inch rim",5885
78.39,389.06,0.48,119.03,-45.71,0.003,-1.84,-3.32,0.09,-0.0105,-2.604,12.03,43541.8,7.96,90.82,-11.07,-0,-0.9998,134.05,131.64,133.83,24.98,Cornering,"Hoosier 43075 16x7.5-10 R20, 7 inch rim",5886
78.38,389.07,-0.34,118.67,-44.84,0.013,-2,-2.91,0.03,0.0076,-2.6468,12.09,157039.02,7.95,90.78,-11.102,-0,-0.9999,134.15,131.81,133.81,24.97,Cornering,"Hoosier 43075 16x7.5-10 R20, 7 inch rim",5887
78.35,389.08,-1.32,119.65,-44.79,0.003,-2.48,-2.22,0.03,0.0295,-2.6711,12.12,157015.48,7.96,90.79,-11.145,-0,-0.9999,134.28,131.99,133.79,24.97,Cornering,"Hoosier 43075 16x7.5-10 R20, 7 inch rim",5888
78.37,389.09,-2.78,121.52,-45.1,-0.005,-3.62,-1.95,0.03,0.0616,-2.6948,12.08,156991.88,7.96,90.79,-11.188,-0,-0.9999,134.43,132.05,133.87,24.97,Cornering,"Hoosier 43075 16x7.5-10 R20, 7 inch rim",5889
78.39,389.1,-3.53,123.67,-46.66,-0.003,-4.1,-1.09,0.03,0.0757,-2.6507,12.01,156925.42,7.96,90.8,-11.242,-0,-0.9999,134.52,131.97,133.95,24.97,Cornering,"Hoosier 43075 16x7.5-10 R20, 7 inch rim",5890
78.36,389.11,-3.65,126.06,-48.57,0.014,-4.35,-0.57,0.16,0.0751,-2.5954,11.95,25237.46,7.95,90.82,-11.268,-0,-0.9997,134.48,131.79,134.09,24.97,Cornering,"Hoosier 43075 16x7.5-10 R20, 7 inch rim",5891
78.35,389.12,-3.67,127.9,-50.39,0.016,-4.47,-0.92,0.03,0.0729,-2.538,11.97,156884.11,7.95,90.83,-11.317,-0,-0.9999,134.45,131.64,134.22,24.97,Cornering,"Hoosier 43075 16x7.5-10 R20, 7 inch rim",5892
78.37,389.13,-3.14,129.16,-51.26,0.012,-4.28,-1.69,-0.04,0.0612,-2.5197,12.03,-97534.77,7.96,90.81,-11.347,-0,-1.0001,134.5,131.46,134.22,24.97,Cornering,"Hoosier 43075 16x7.5-10 R20, 7 inch rim",5893
78.37,389.14,-1.91,128.21,-51.67,0.016,-3.58,-2.25,0.09,0.0369,-2.4815,12.11,43443.09,7.95,90.8,-11.385,-0,-0.9998,134.52,131.42,134.26,24.96,Cornering,"Hoosier 43075 16x7.5-10 R20, 7 inch rim",5894
78.34,389.15,-0.54,125.8,-50.38,0.004,-3.51,-2.61,0.09,0.0106,-2.4971,12.17,43435.97,7.96,90.76,-11.431,-0,-0.9998,134.54,131.42,134.24,24.96,Cornering,"Hoosier 43075 16x7.5-10 R20, 7 inch rim",5895
78.35,389.16,0.13,122.54,-48.9,0.009,-2.96,-3.13,0.03,-0.0026,-2.5057,12.14,156758.62,7.95,90.76,-11.476,-0,-0.9999,134.54,131.57,134.2,24.96,Cornering,"Hoosier 43075 16x7.5-10 R20, 7 inch rim",5896
78.37,389.17,0.53,119.63,-46.63,0.004,-2.7,-3.22,-0.04,-0.0113,-2.5653,12.1,-97410.36,7.96,90.78,-11.509,-0,-1.0001,134.61,131.68,134.16,24.96,Cornering,"Hoosier 43075 16x7.5-10 R20, 7 inch rim",5897
78.35,389.18,-0.3,118.24,-45.29,0.006,-2.59,-3.35,0.09,0.0066,-2.6106,12.01,43426.11,7.96,90.78,-11.559,-0,-0.9998,134.63,131.81,134.11,24.96,Cornering,"Hoosier 43075 16x7.5-10 R20, 7 inch rim",5898
78.34,389.19,-1.1,118.37,-44.34,0.012,-2.75,-2.75,-0.11,0.0248,-2.6695,11.95,-37161.06,7.96,90.74,-11.603,-0,-1.0002,134.76,132.01,134.05,24.97,Cornering,"Hoosier 43075 16x7.5-10 R20, 7 inch rim",5899
78.36,389.2,-2.19,120.11,-45.07,0.003,-2.51,-1.77,0.03,0.0486,-2.6647,11.93,156707.19,7.96,90.71,-11.63,-0,-0.9999,134.91,132.19,134.07,24.97,Cornering,"Hoosier 43075 16x7.5-10 R20, 7 inch rim",5900
78.37,389.21,-2.52,122.38,-46.31,0.012,-2.46,-0.06,0.03,0.0543,-2.6426,11.98,156647.05,7.95,90.71,-11.672,-0,-0.9999,135.01,132.23,134.09,24.96,Cornering,"Hoosier 43075 16x7.5-10 R20, 7 inch rim",5901
78.33,389.22,-2.97,125.64,-46.86,0.007,-3.27,1.04,-0.04,0.0634,-2.6812,12.06,-97338.77,7.96,90.7,-11.71,-0,-1.0001,135.01,132.1,134.24,24.96,Cornering,"Hoosier 43075 16x7.5-10 R20, 7 inch rim",5902
78.33,389.23,-2.28,127.82,-48.65,0.001,-3.8,2.69,0.03,0.047,-2.6271,12.13,156456.28,7.96,90.67,-11.75,-0,-0.9999,135.01,131.9,134.4,24.94,Cornering,"Hoosier 43075 16x7.5-10 R20, 7 inch rim",5903
78.36,389.24,0.72,129.2,-50.85,0.001,-3.46,5.9,0.03,-0.0141,-2.541,12.15,156408.34,7.96,90.65,-11.771,-0,-0.9999,134.95,131.72,134.5,24.93,Cornering,"Hoosier 43075 16x7.5-10 R20, 7 inch rim",5904
78.34,389.25,4.93,129.32,-51.65,0.007,-3.48,9.51,-0.04,-0.0955,-2.5036,12.11,-97243.76,7.96,90.63,-11.786,-0,-1.0001,134.99,131.59,134.56,24.94,Cornering,"Hoosier 43075 16x7.5-10 R20, 7 inch rim",5905
78.32,389.26,7.95,127.83,-51.09,-0.005,-3.15,11.37,0.09,-0.1556,-2.5022,12.04,43387.4,7.96,90.61,-11.802,-0,-0.9998,134.97,131.5,134.58,24.96,Cornering,"Hoosier 43075 16x7.5-10 R20, 7 inch rim",5906
78.34,389.27,9.38,124.7,-50.29,0.004,-2.87,11.54,-0.04,-0.1866,-2.4799,11.98,-97366.97,7.96,90.58,-11.821,-0,-1.0001,134.99,131.57,134.6,24.97,Cornering,"Hoosier 43075 16x7.5-10 R20, 7 inch rim",5907
78.36,389.28,9.11,121.32,-48.34,-0,-2.8,10.47,0.03,-0.1885,-2.5098,12,156631.33,7.96,90.55,-11.825,-0,-0.9999,134.99,131.64,134.5,24.97,Cornering,"Hoosier 43075 16x7.5-10 R20, 7 inch rim",5908
78.33,389.29,9.79,118.97,-46.14,0.009,-2.55,11.64,0.09,-0.2122,-2.5784,12.06,43372.72,7.96,90.57,-11.831,-0,-0.9998,135.03,131.77,134.44,24.96,Cornering,"Hoosier 43075 16x7.5-10 R20, 7 inch rim",5909
78.32,389.3,10.93,118.07,-44.85,0.006,-2.18,14,-0.11,-0.2438,-2.6325,12.13,-37104.51,7.96,90.58,-11.828,-0,-1.0002,135.16,131.94,134.38,24.95,Cornering,"Hoosier 43075 16x7.5-10 R20, 7 inch rim",5910
78.34,389.32,10.92,121.12,-44.74,0.014,-1.55,17.47,-0.04,-0.244,-2.7073,12.19,-97315.57,7.95,90.57,-12.118,-0,-1.0001,135.48,132.21,134.36,24.96,Cornering,"Hoosier 43075 16x7.5-10 R20, 7 inch rim",5911
78.32,389.33,8.13,123.53,-45.87,-0.006,-2.11,15.61,-0.04,-0.1773,-2.6931,12.14,-97363.35,7.96,90.58,-12.111,-0,-1.0001,135.59,132.19,134.48,24.97,Cornering,"Hoosier 43075 16x7.5-10 R20, 7 inch rim",5912
78.34,389.34,4.1,126.12,-47.35,0.003,-2.66,11.62,-0.11,-0.0866,-2.6632,12.05,-37165.64,7.96,90.6,-12.102,-0,-1.0002,135.57,132.05,134.66,24.99,Cornering,"Hoosier 43075 16x7.5-10 R20, 7 inch rim",5913
78.35,389.35,0.65,128.26,-49.46,0.007,-2.82,7.09,0.09,-0.0131,-2.5933,11.97,43427.24,7.95,90.63,-12.085,-0,-0.9998,135.53,131.81,134.8,24.98,Cornering,"Hoosier 43075 16x7.5-10 R20, 7 inch rim",5914
78.32,389.36,-0.97,129.19,-50.69,0.004,-3.63,3.46,0.09,0.0191,-2.5487,11.96,43397.01,7.96,90.69,-12.085,-0,-0.9998,135.57,131.75,134.88,24.97,Cornering,"Hoosier 43075 16x7.5-10 R20, 7 inch rim",5915
78.31,389.37,-1.35,129.07,-51.73,-0.002,-2.93,0.41,-0.04,0.026,-2.4948,12.02,-97309.49,7.96,90.71,-12.072,-0,-1.0001,135.59,131.57,134.92,24.96,Cornering,"Hoosier 43075 16x7.5-10 R20, 7 inch rim",5916
78.34,389.38,-1.34,126.37,-51.21,0.013,-3.39,-2.33,0.09,0.0262,-2.4676,12.07,43360.85,7.95,90.69,-12.06,-0,-0.9998,135.55,131.55,134.96,24.94,Cornering,"Hoosier 43075 16x7.5-10 R20, 7 inch rim",5917
78.34,389.39,-2.02,123.65,-49.58,0.003,-2.95,-5.51,0.09,0.0407,-2.4941,12.14,43363.14,7.96,90.65,-12.045,-0,-0.9998,135.53,131.66,134.9,24.94,Cornering,"Hoosier 43075 16x7.5-10 R20, 7 inch rim",5918
78.31,389.4,-3.39,120.66,-47.29,0.016,-2.83,-8.62,0.03,0.0716,-2.5517,12.15,156448.84,7.95,90.64,-12.044,-0,-0.9999,135.55,131.72,134.82,24.94,Cornering,"Hoosier 43075 16x7.5-10 R20, 7 inch rim",5919
78.33,389.41,-5.63,118.71,-45.86,0.007,-1.88,-11.38,0.09,0.1227,-2.5883,12.1,43354.44,7.96,90.67,-12.037,-0,-0.9998,135.59,131.83,134.78,24.94,Cornering,"Hoosier 43075 16x7.5-10 R20, 7 inch rim",5920
78.34,389.42,-7.27,118.23,-44.77,0.01,-1.93,-12.43,0.03,0.1624,-2.6411,12.02,156453.8,7.95,90.68,-12.035,-0,-0.9999,135.74,132.05,134.7,24.94,Cornering,"Hoosier 43075 16x7.5-10 R20, 7 inch rim",5921
78.32,389.43,-8.59,119.32,-44.54,0.009,-2.47,-12.19,-0.04,0.1928,-2.679,11.97,-97299.76,7.96,90.65,-12.037,-0,-1.0001,135.87,132.23,134.68,24.95,Cornering,"Hoosier 43075 16x7.5-10 R20, 7 inch rim",5922
78.3,389.44,-9.5,121.65,-45.13,0.006,-2.77,-11.17,0.03,0.2105,-2.6956,11.98,156632.3,7.96,90.65,-12.041,-0,-0.9999,136.06,132.34,134.78,24.97,Cornering,"Hoosier 43075 16x7.5-10 R20, 7 inch rim",5923
78.34,389.45,-9.67,124.3,-46.54,-0.002,-2.86,-9.39,0.09,0.2079,-2.671,12.06,43444.44,7.96,90.64,-12.041,-0,-0.9998,136.21,132.32,134.86,24.99,Cornering,"Hoosier 43075 16x7.5-10 R20, 7 inch rim",5924
78.34,389.46,-9.43,126.46,-48.54,-0.003,-3.51,-7.92,0.09,0.1943,-2.6051,12.11,43483.82,7.96,90.62,-12.047,-0,-0.9998,136.26,132.16,135.02,25.01,Cornering,"Hoosier 43075 16x7.5-10 R20, 7 inch rim",5925
78.3,389.47,-8.08,128.22,-49.96,0.016,-3.97,-6.03,-0.04,0.1617,-2.5663,12.18,-97503.2,7.95,90.6,-12.037,-0,-1.0001,136.21,131.94,135.23,25,Cornering,"Hoosier 43075 16x7.5-10 R20, 7 inch rim",5926
78.31,389.48,-6.07,129.23,-51.66,-0.003,-3.26,-4.66,0.09,0.1176,-2.5014,12.15,43514.29,7.96,90.57,-12.045,-0,-0.9998,136.21,131.81,135.33,25.03,Cornering,"Hoosier 43075 16x7.5-10 R20, 7 inch rim",5927
78.34,389.49,-3.39,128.59,-52.38,0.003,-2,-2.71,0.03,0.0647,-2.4549,12.11,157023.98,7.96,90.6,-12.055,-0,-0.9999,136.26,131.68,135.35,25.03,Cornering,"Hoosier 43075 16x7.5-10 R20, 7 inch rim",5928
78.32,389.5,0.81,126.08,-50.69,0.01,-3.14,0.84,0.03,-0.0159,-2.4873,12.02,157110.81,7.95,90.61,-12.031,-0,-0.9999,136.24,131.68,135.35,25.04,Cornering,"Hoosier 43075 16x7.5-10 R20, 7 inch rim",5929
78.3,389.51,5.7,123.6,-49.82,0.012,-1.97,5.9,0.03,-0.1145,-2.4808,11.98,157177.73,7.95,90.6,-12.041,-0,-0.9999,136.19,131.75,135.31,25.05,Cornering,"Hoosier 43075 16x7.5-10 R20, 7 inch rim",5930
78.33,389.52,9.35,121.29,-47.21,0.01,-2.3,10.47,0.09,-0.198,-2.5694,12,43559.87,7.95,90.6,-12.012,-0,-0.9998,136.24,131.79,135.25,25.05,Cornering,"Hoosier 43075 16x7.5-10 R20, 7 inch rim",5931
78.33,389.53,12.2,119.6,-45.96,0.007,-2.1,15.5,0.03,-0.2655,-2.6024,12.03,157095.97,7.95,90.58,-11.994,-0,-0.9999,136.26,131.97,135.19,25.04,Cornering,"Hoosier 43075 16x7.5-10 R20, 7 inch rim",5932
78.3,389.54,14.49,120.01,-45.3,0.02,-1.77,20.65,0.03,-0.32,-2.6493,12.08,156936.39,7.95,90.58,-11.955,-0,-0.9999,136.32,132.16,135.1,25.01,Cornering,"Hoosier 43075 16x7.5-10 R20, 7 inch rim",5933
78.3,389.55,17.32,121.48,-45.09,0.001,-1.87,26.39,0.03,-0.3842,-2.6943,12.08,156883.34,7.96,90.57,-11.921,-0,-0.9999,136.47,132.36,135.06,25,Cornering,"Hoosier 43075 16x7.5-10 R20, 7 inch rim",5934
78.34,389.56,18.57,123.44,-46.1,0.01,-2.05,30.01,-0.04,-0.4028,-2.6775,12.05,-97535.32,7.95,90.57,-11.883,-0,-1.0001,136.64,132.47,135.15,25,Cornering,"Hoosier 43075 16x7.5-10 R20, 7 inch rim",5935
78.33,389.57,17.54,125.93,-47.58,0.004,-2.52,30.14,-0.04,-0.3687,-2.6468,11.98,-97622.96,7.96,90.56,-11.828,-0,-1.0001,136.69,132.36,135.31,25.01,Cornering,"Hoosier 43075 16x7.5-10 R20, 7 inch rim",5936
78.3,389.58,14.09,128.24,-49,0.006,-2.96,25.93,0.03,-0.2875,-2.6171,11.92,157175.95,7.95,90.54,-11.79,-0,-0.9999,136.66,132.23,135.49,25.03,Cornering,"Hoosier 43075 16x7.5-10 R20, 7 inch rim",5937
78.32,389.59,9.9,129.79,-51.26,0.006,-2.55,19.46,0.03,-0.1931,-2.532,11.91,157209.19,7.95,90.55,-11.732,-0,-0.9999,136.58,131.99,135.65,25.03,Cornering,"Hoosier 43075 16x7.5-10 R20, 7 inch rim",5938
78.34,389.6,4.58,129.94,-51.87,0.007,-3.12,10.8,-0.04,-0.0883,-2.505,11.96,-97745.18,7.96,90.58,-11.673,-0,-1.0001,136.62,131.81,135.69,25.03,Cornering,"Hoosier 43075 16x7.5-10 R20, 7 inch rim",5939
78.3,389.61,1.3,128.7,-51.61,0.01,-3.01,3.95,-0.04,-0.0252,-2.4935,12.04,-97719.85,7.95,90.62,-11.616,-0,-1.0001,136.62,131.75,135.71,25.02,Cornering,"Hoosier 43075 16x7.5-10 R20, 7 inch rim",5940
78.3,389.62,-0.04,125.99,-50.64,-0.002,-1.96,-0.84,-0.04,0.0007,-2.488,12.12,-97670.28,7.96,90.65,-11.563,-0,-1.0001,136.62,131.75,135.69,25,Cornering,"Hoosier 43075 16x7.5-10 R20, 7 inch rim",5941
78.33,389.63,-0.73,122.4,-48.53,0.006,-2.28,-4.15,0.03,0.015,-2.5222,12.14,157081.44,7.95,90.65,-11.504,-0,-0.9999,136.58,131.86,135.57,24.99,Cornering,"Hoosier 43075 16x7.5-10 R20, 7 inch rim",5942
78.31,389.64,-2.63,119.76,-46.57,0.013,-1.53,-7.5,-0.04,0.0565,-2.5717,12.11,-97614.16,7.95,90.63,-11.462,-0,-1.0001,136.54,131.94,135.47,24.98,Cornering,"Hoosier 43075 16x7.5-10 R20, 7 inch rim",5943
78.29,389.65,-5.75,117.77,-45.04,0.009,-1.86,-10.96,0.03,0.1277,-2.615,12.03,157060.58,7.95,90.63,-11.409,-0,-0.9999,136.56,132.1,135.41,24.98,Cornering,"Hoosier 43075 16x7.5-10 R20, 7 inch rim",5944
78.31,389.66,-9.08,118.24,-44.44,0.009,-2.21,-13.64,0.03,0.2043,-2.6606,12,157086.41,7.95,90.64,-11.362,-0,-0.9999,136.66,132.34,135.33,24.98,Cornering,"Hoosier 43075 16x7.5-10 R20, 7 inch rim",5945
78.33,389.67,-10.09,119.83,-44.94,-0.003,-2.73,-13.19,-0.04,0.2246,-2.6665,12,-97609.3,7.96,90.65,-11.344,-0,-1.0001,136.9,132.41,135.35,24.97,Cornering,"Hoosier 43075 16x7.5-10 R20, 7 inch rim",5946
78.3,389.68,-9.76,122.4,-45.97,0.01,-3.16,-11.33,0.09,0.2124,-2.6628,12.03,43538.82,7.95,90.66,-11.304,-0,-0.9998,136.99,132.32,135.37,24.98,Cornering,"Hoosier 43075 16x7.5-10 R20, 7 inch rim",5947
78.29,389.69,-9.4,125.23,-48.07,-0.002,-2.59,-9.98,0.03,0.1955,-2.6052,12.07,156960.09,7.96,90.63,-11.259,-0,-0.9999,137.01,132.21,135.49,24.95,Cornering,"Hoosier 43075 16x7.5-10 R20, 7 inch rim",5948
78.32,389.7,-10.17,127.33,-49.62,0.01,-3.11,-10.77,-0.04,0.205,-2.566,12.11,-97533.58,7.96,90.62,-11.232,-0,-1.0001,136.9,132.03,135.65,24.94,Cornering,"Hoosier 43075 16x7.5-10 R20, 7 inch rim",5949
78.32,389.71,-10.86,129.08,-51.34,-0.002,-2.69,-12.46,0.16,0.2115,-2.5141,12.1,25244.43,7.96,90.61,-11.202,-0,-0.9997,136.92,131.79,135.71,24.94,Cornering,"Hoosier 43075 16x7.5-10 R20, 7 inch rim",5950
78.29,389.72,-10.87,129.33,-51.66,0.013,-3.04,-13.89,0.09,0.2104,-2.5036,12.04,43481.06,7.95,90.61,-11.149,-0,-0.9998,136.88,131.57,135.77,24.93,Cornering,"Hoosier 43075 16x7.5-10 R20, 7 inch rim",5951
78.3,389.73,-9.35,127.63,-51.4,0.013,-2.68,-14.08,0.09,0.1819,-2.483,11.99,43485.51,7.95,90.63,-11.119,-0,-0.9998,136.82,131.44,135.77,24.93,Cornering,"Hoosier 43075 16x7.5-10 R20, 7 inch rim",5952
78.33,389.74,-6.41,124.55,-50.03,0.009,-3.07,-12.18,0.03,0.1281,-2.4896,11.99,157049.14,7.96,90.66,-11.093,-0,-0.9999,136.79,131.46,135.75,24.95,Cornering,"Hoosier 43075 16x7.5-10 R20, 7 inch rim",5953
78.3,389.75,-3.54,121.5,-48.3,0.001,-2.77,-9.47,0.16,0.0733,-2.5154,12.01,25268.09,7.96,90.69,-11.063,-0,-0.9997,136.82,131.55,135.67,24.96,Cornering,"Hoosier 43075 16x7.5-10 R20, 7 inch rim",5954
78.29,389.76,-1.85,119.29,-46.69,0.013,-2.46,-7.13,0.03,0.0395,-2.5551,12.08,157157.84,7.95,90.71,-11.026,-0,-0.9999,136.84,131.64,135.61,24.96,Cornering,"Hoosier 43075 16x7.5-10 R20, 7 inch rim",5955
78.32,389.77,-1.68,118.59,-45.31,-0.003,-2.2,-5.25,0.03,0.0371,-2.6171,12.16,157169.95,7.96,90.69,-11.003,-0,-0.9999,136.88,131.86,135.53,24.96,Cornering,"Hoosier 43075 16x7.5-10 R20, 7 inch rim",5956
78.32,389.78,-2.27,119.65,-44.93,0.001,-2.21,-3.57,0.03,0.0505,-2.6632,12.19,157072.53,7.96,90.69,-10.98,-0,-0.9999,137.07,132.14,135.47,24.94,Cornering,"Hoosier 43075 16x7.5-10 R20, 7 inch rim",5957
78.3,389.79,-2.14,122.16,-45.67,-0.006,-1.34,-0.87,0.09,0.0468,-2.675,12.15,43511.53,7.96,90.72,-10.941,-0,-0.9998,137.24,132.25,135.49,24.93,Cornering,"Hoosier 43075 16x7.5-10 R20, 7 inch rim",5958
78.3,389.8,-0.99,124.86,-46.46,0.01,-2.41,2.74,-0.04,0.0214,-2.6874,12.1,-97596.84,7.96,90.73,-10.903,-0,-1.0001,137.29,132.25,135.55,24.93,Cornering,"Hoosier 43075 16x7.5-10 R20, 7 inch rim",5959
78.33,389.81,-0.05,127.78,-48.82,0.013,-1.42,5.11,0.03,0.001,-2.6173,12.01,157096.05,7.95,90.74,-10.865,-0,-0.9999,137.31,132.16,135.75,24.94,Cornering,"Hoosier 43075 16x7.5-10 R20, 7 inch rim",5960
78.32,389.82,0.47,129.58,-49.89,-0.012,-3.05,6.01,0.09,-0.0093,-2.5972,11.98,43608.63,7.96,90.74,-10.83,-0,-0.9998,137.2,131.99,135.87,24.98,Cornering,"Hoosier 43075 16x7.5-10 R20, 7 inch rim",5961
78.28,389.83,1.67,130.44,-51.47,0.001,-3.25,6.6,0.03,-0.0324,-2.5341,12.03,157535.69,7.96,90.75,-10.792,-0,-0.9999,137.18,131.86,135.99,25,Cornering,"Hoosier 43075 16x7.5-10 R20, 7 inch rim",5962
78.32,389.84,2.98,129.35,-52.67,0.001,-2.69,6.35,-0.04,-0.0565,-2.4557,12.1,-97984.53,7.96,90.7,-10.757,-0,-1.0001,137.09,131.7,135.99,25.01,Cornering,"Hoosier 43075 16x7.5-10 R20, 7 inch rim",5963
78.32,389.85,4.14,126.66,-51.6,0.016,-3.34,5.53,-0.11,-0.0803,-2.4544,12.17,-37365.93,7.95,90.68,-10.694,-0,-1.0002,137.05,131.72,135.93,25,Cornering,"Hoosier 43075 16x7.5-10 R20, 7 inch rim",5964
78.29,389.86,4.94,123.35,-50.06,-0.003,-2.96,4.52,0.03,-0.0987,-2.4642,12.19,157496.95,7.96,90.68,-10.655,-0,-0.9999,137.01,131.88,135.89,24.98,Cornering,"Hoosier 43075 16x7.5-10 R20, 7 inch rim",5965
78.3,389.87,4.61,120.22,-48.28,0.006,-2.68,3.08,-0.04,-0.0956,-2.4903,12.13,-97850.37,7.95,90.67,-10.608,-0,-1.0001,136.99,131.94,135.79,24.97,Cornering,"Hoosier 43075 16x7.5-10 R20, 7 inch rim",5966
78.33,389.88,3.9,118.53,-45.92,0.007,-2.6,2.34,0.09,-0.085,-2.5814,12.05,43626.5,7.96,90.67,-10.562,-0,-0.9998,137.01,132.12,135.69,24.97,Cornering,"Hoosier 43075 16x7.5-10 R20, 7 inch rim",5967
78.31,389.89,2.59,119.03,-44.86,0.001,-1.76,1.74,0.09,-0.0577,-2.6534,11.95,43622.99,7.95,90.71,-10.515,-0,-0.9998,137.05,132.32,135.61,24.96,Cornering,"Hoosier 43075 16x7.5-10 R20, 7 inch rim",5968
78.28,389.9,0.47,120.89,-45.84,0.004,-0.08,0.78,0.09,-0.0103,-2.6373,11.93,43629.79,7.95,90.73,-10.466,-0,-0.9998,137.22,132.49,135.57,24.96,Cornering,"Hoosier 43075 16x7.5-10 R20, 7 inch rim",5969
78.31,389.91,-1.91,123.22,-45.88,-0,-1.26,-0.4,-0.04,0.0416,-2.686,11.98,-97863.77,7.96,90.76,-10.42,-0,-1.0001,137.35,132.54,135.59,24.96,Cornering,"Hoosier 43075 16x7.5-10 R20, 7 inch rim",5970
78.32,389.92,-3.98,125.65,-47.3,0.009,-1.75,-1.57,0.09,0.0841,-2.6566,12.04,43621.82,7.96,90.8,-10.377,-0,-0.9998,137.44,132.49,135.73,24.95,Cornering,"Hoosier 43075 16x7.5-10 R20, 7 inch rim",5971
78.29,389.93,-5.69,127.85,-49.44,-0.002,-1.91,-3.27,0.09,0.1151,-2.5861,12.11,43636.5,7.96,90.81,-10.344,-0,-0.9998,137.39,132.36,135.87,24.96,Cornering,"Hoosier 43075 16x7.5-10 R20, 7 inch rim",5972
78.29,389.94,-6.1,128.89,-50.96,0.004,-3.24,-4.52,-0.04,0.1197,-2.5291,12.11,-97884.8,7.96,90.79,-10.278,-0,-1.0001,137.33,132.16,136.01,24.95,Cornering,"Hoosier 43075 16x7.5-10 R20, 7 inch rim",5973
78.32,389.95,-5.67,128.99,-51.92,0.014,-3.88,-5.77,0.03,0.1092,-2.4847,12.08,157563.97,7.95,90.81,-10.23,-0,-0.9999,137.31,131.99,136.05,24.96,Cornering,"Hoosier 43075 16x7.5-10 R20, 7 inch rim",5974
78.31,389.96,-4.86,127.3,-52.05,0.012,-4.28,-7.18,-0.04,0.0934,-2.4456,12.03,-97978.39,7.95,90.83,-10.195,-0,-1.0001,137.27,131.86,136.07,24.97,Cornering,"Hoosier 43075 16x7.5-10 R20, 7 inch rim",5975
78.28,389.97,-4.59,125.02,-51.05,0.006,-3.71,-9,0.16,0.09,-2.4488,11.96,25354.77,7.95,90.81,-10.148,-0,-0.9997,137.24,131.88,136.01,24.97,Cornering,"Hoosier 43075 16x7.5-10 R20, 7 inch rim",5976
78.3,389.98,-4.61,122.07,-49.26,0.01,-3.1,-10.5,-0.04,0.0935,-2.478,11.97,-97977.35,7.95,90.78,-10.124,-0,-1.0001,137.18,131.92,135.89,24.96,Cornering,"Hoosier 43075 16x7.5-10 R20, 7 inch rim",5977
78.32,389.99,-4.68,120.28,-47.14,-0,-2.31,-11.04,0.03,0.0994,-2.5516,12.04,157604.11,7.96,90.69,-10.072,-0,-0.9999,137.12,132.01,135.77,24.96,Cornering,"Hoosier 43075 16x7.5-10 R20, 7 inch rim",5978
78.29,390,-4.81,119.67,-45.6,-0,-1.44,-10.3,0.03,0.1055,-2.6242,12.11,157722.23,7.96,90.61,-10.055,-0,-0.9999,137.16,132.16,135.69,24.97,Cornering,"Hoosier 43075 16x7.5-10 R20, 7 inch rim",5979
78.29,390.01,-4.57,120.11,-44.97,0.007,-1.03,-8.33,0.09,0.1015,-2.671,12.18,43702.32,7.95,90.56,-10.008,-0,-0.9998,137.27,132.36,135.63,24.97,Cornering,"Hoosier 43075 16x7.5-10 R20, 7 inch rim",5980
78.32,390.02,-5.25,121.66,-45.44,0.006,-0.77,-7.02,0.03,0.1155,-2.6776,12.17,157645.47,7.96,90.57,-9.986,-0,-0.9999,137.48,132.47,135.61,24.96,Cornering,"Hoosier 43075 16x7.5-10 R20, 7 inch rim",5981
78.33,390.03,-6.35,123.49,-46.15,0.009,-2.2,-6.01,0.16,0.1375,-2.6757,12.11,25347.75,7.95,90.55,-9.935,-0,-0.9997,137.63,132.43,135.67,24.94,Cornering,"Hoosier 43075 16x7.5-10 R20, 7 inch rim",5982
78.29,390.04,-7.01,125.63,-48.09,0.012,-2.66,-5.13,0.03,0.1457,-2.6126,12.02,157645.75,7.95,90.54,-9.909,-0,-0.9999,137.61,132.34,135.87,24.95,Cornering,"Hoosier 43075 16x7.5-10 R20, 7 inch rim",5983
78.3,390.05,-6.04,127.48,-49.88,0.009,-3.46,-3.41,0.09,0.121,-2.5556,11.94,43699.64,7.96,90.53,-9.875,-0,-0.9998,137.54,132.16,136.03,24.96,Cornering,"Hoosier 43075 16x7.5-10 R20, 7 inch rim",5984
78.34,390.06,-4.41,128.72,-51.79,0.004,-3.68,-2.08,-0.11,0.0852,-2.4856,11.94,-37430.27,7.96,90.52,-9.847,-0,-1.0002,137.52,131.92,136.16,24.98,Cornering,"Hoosier 43075 16x7.5-10 R20, 7 inch rim",5985
78.32,390.07,-2.51,129.18,-52.32,0.006,-3.74,-1.17,0.09,0.0481,-2.4692,11.97,43778.2,7.96,90.48,-9.817,-0,-0.9998,137.39,131.72,136.24,25,Cornering,"Hoosier 43075 16x7.5-10 R20, 7 inch rim",5986
78.3,390.08,0.2,127.63,-52.21,0.007,-3.1,0.15,-0.04,-0.0038,-2.4445,12.05,-98217.72,7.95,90.43,-9.774,-0,-1.0001,137.33,131.59,136.3,25,Cornering,"Hoosier 43075 16x7.5-10 R20, 7 inch rim",5987
78.33,390.09,2.52,125.5,-50.12,0.003,-2.77,1.18,-0.04,-0.0503,-2.5041,12.11,-98252.18,7.96,90.42,-9.734,-0,-1.0001,137.24,131.61,136.24,25,Cornering,"Hoosier 43075 16x7.5-10 R20, 7 inch rim",5988
78.33,390.1,4.53,123.16,-48.25,0.012,-1.37,2.63,-0.04,-0.0939,-2.5527,12.08,-98218.26,7.95,90.41,-9.694,-0,-1.0001,137.14,131.75,136.14,24.99,Cornering,"Hoosier 43075 16x7.5-10 R20, 7 inch rim",5989
78.3,390.11,5.55,120.86,-46.45,0.007,-0.96,3.92,0.09,-0.1195,-2.6019,12.06,43778.13,7.95,90.41,-9.661,-0,-0.9998,137.14,131.86,136.03,24.98,Cornering,"Hoosier 43075 16x7.5-10 R20, 7 inch rim",5990
78.32,390.12,5.62,119.52,-44.73,-0.003,-1.53,4.97,0.03,-0.1255,-2.6723,11.99,157893.2,7.96,90.43,-9.615,-0,-0.9999,137.2,132.05,135.95,24.97,Cornering,"Hoosier 43075 16x7.5-10 R20, 7 inch rim",5991
78.35,390.13,4.25,119.85,-44.64,-0.007,-1.7,5.09,0.09,-0.0951,-2.6848,12,43759.02,7.96,90.5,-9.572,-0,-0.9998,137.35,132.25,135.85,24.97,Cornering,"Hoosier 43075 16x7.5-10 R20, 7 inch rim",5992
78.33,390.14,1.87,121.3,-45.53,0.012,-1.95,4.34,0.03,-0.0411,-2.6639,12.02,157860.67,7.95,90.54,-9.527,-0,-0.9999,137.46,132.36,135.83,24.96,Cornering,"Hoosier 43075 16x7.5-10 R20, 7 inch rim",5993
78.31,390.15,-0.57,123.13,-46.96,0.014,-3.01,3.07,-0.04,0.0122,-2.6218,12.1,-98142.2,7.95,90.58,-9.482,-0,-1.0001,137.54,132.32,135.95,24.96,Cornering,"Hoosier 43075 16x7.5-10 R20, 7 inch rim",5994
78.34,390.16,-2.35,125.53,-48.96,-0.005,-3.08,1.53,0.09,0.048,-2.5638,12.17,43755.54,7.96,90.6,-9.439,-0,-0.9998,137.54,132.25,136.07,24.96,Cornering,"Hoosier 43075 16x7.5-10 R20, 7 inch rim",5995
78.35,390.17,-3.06,127.67,-50.57,-0.002,-3.66,0.51,0.03,0.0606,-2.5246,12.21,157956.52,7.96,90.6,-9.396,-0,-0.9999,137.44,132.08,136.26,24.96,Cornering,"Hoosier 43075 16x7.5-10 R20, 7 inch rim",5996
78.32,390.18,-3.27,128.86,-52.04,0.007,-3.74,-1.31,-0.04,0.0628,-2.4764,12.16,-98178.4,7.96,90.66,-9.353,-0,-1.0001,137.44,131.88,136.3,24.96,Cornering,"Hoosier 43075 16x7.5-10 R20, 7 inch rim",5997
78.33,390.19,-2.78,128.84,-52.61,0.014,-2.85,-2.97,-0.04,0.0529,-2.4491,12.08,-98236.76,7.95,90.71,-9.308,-0,-1.0001,137.39,131.72,136.34,24.97,Cornering,"Hoosier 43075 16x7.5-10 R20, 7 inch rim",5998
78.35,390.2,-2.59,127.03,-50.84,0.006,-3.44,-4.93,-0.04,0.0509,-2.4985,12.02,-98253.02,7.96,90.72,-9.249,-0,-1.0001,137.33,131.81,136.34,24.97,Cornering,"Hoosier 43075 16x7.5-10 R20, 7 inch rim",5999
78.35,390.21,-2.35,124.59,-49.42,0.001,-2.13,-6.63,0.09,0.0475,-2.5211,12.02,43804.98,7.96,90.75,-9.204,-0,-0.9998,137.27,131.86,136.22,24.97,Cornering,"Hoosier 43075 16x7.5-10 R20, 7 inch rim",6000
78.32,390.22,-2.31,121.36,-47.73,0.001,-1.43,-7.4,0.03,0.0484,-2.5424,12.06,158198.44,7.96,90.78,-9.183,-0,-0.9999,137.18,131.94,136.1,24.98,Cornering,"Hoosier 43075 16x7.5-10 R20, 7 inch rim",6001
78.34,390.23,-2.68,119.65,-45.8,0.004,-1.59,-7.64,0.03,0.0586,-2.6124,12.11,158331.86,7.96,90.81,-9.13,-0,-0.9999,137.2,132.05,135.99,25,Cornering,"Hoosier 43075 16x7.5-10 R20, 7 inch rim",6002
78.36,390.24,-3.28,118.83,-45.26,0.014,-1.91,-7.29,0.09,0.0725,-2.6257,12.13,43910.13,7.95,90.82,-9.093,-0,-0.9998,137.2,132.3,135.81,25.02,Cornering,"Hoosier 43075 16x7.5-10 R20, 7 inch rim",6003
78.33,390.25,-4.91,120.12,-45.02,0.003,-2.11,-7.37,0.03,0.109,-2.6681,12.11,158550.47,7.96,90.84,-9.05,-0,-0.9999,137.29,132.45,135.77,25.03,Cornering,"Hoosier 43075 16x7.5-10 R20, 7 inch rim",6004
78.34,390.26,-6.21,121.92,-46.61,0.012,-2.37,-6.9,0.03,0.1333,-2.6157,12.04,158529.94,7.95,90.8,-9.013,-0,-0.9999,137.42,132.49,135.83,25.03,Cornering,"Hoosier 43075 16x7.5-10 R20, 7 inch rim",6005
78.37,390.27,-6.91,124.72,-48.08,0.007,-2.54,-6.27,0.03,0.1436,-2.594,11.95,158399.16,7.95,90.82,-8.975,-0,-0.9999,137.37,132.43,135.91,25,Cornering,"Hoosier 43075 16x7.5-10 R20, 7 inch rim",6006
78.36,390.28,-7.45,127.18,-49.66,0.007,-3.54,-6.33,-0.04,0.1501,-2.5612,11.92,-98450.33,7.96,90.83,-8.942,-0,-1.0001,137.31,132.23,136.07,25,Cornering,"Hoosier 43075 16x7.5-10 R20, 7 inch rim",6007
78.33,390.29,-6.8,129,-50.93,0.014,-3.89,-6,0.03,0.1334,-2.533,11.92,158318.52,7.95,90.81,-8.907,-0,-0.9999,137.2,132.03,136.22,24.98,Cornering,"Hoosier 43075 16x7.5-10 R20, 7 inch rim",6008
78.35,390.3,-5.3,129.8,-52.34,0.007,-3.11,-5.74,0.09,0.1012,-2.4801,12,43895.65,7.95,90.79,-8.874,-0,-0.9998,137.16,131.81,136.24,25,Cornering,"Hoosier 43075 16x7.5-10 R20, 7 inch rim",6009
78.37,390.31,-3.55,128.42,-51.76,0.004,-3.54,-5.48,0.03,0.0685,-2.4809,12.08,158494.12,7.96,90.75,-8.839,-0,-0.9999,137.09,131.72,136.28,25.01,Cornering,"Hoosier 43075 16x7.5-10 R20, 7 inch rim",6010
78.35,390.32,-1.22,125.81,-51.09,0.003,-2.3,-4.43,-0.04,0.0238,-2.4627,12.15,-98578.49,7.96,90.71,-8.804,-0,-1.0001,137.05,131.75,136.22,25.02,Cornering,"Hoosier 43075 16x7.5-10 R20, 7 inch rim",6011
78.34,390.33,0.83,122.59,-48.98,-0.002,-2.24,-3.13,0.09,-0.0169,-2.5027,12.14,43938.14,7.96,90.71,-8.772,-0,-0.9998,137.05,131.77,136.1,25.01,Cornering,"Hoosier 43075 16x7.5-10 R20, 7 inch rim",6012
78.37,390.34,1.85,120.41,-46.52,0.003,-2.33,-1.8,-0.04,-0.0398,-2.5883,12.09,-98527.61,7.95,90.73,-8.736,-0,-1.0001,137.05,131.86,135.99,25,Cornering,"Hoosier 43075 16x7.5-10 R20, 7 inch rim",6013
78.37,390.35,2.53,119.02,-45.71,0.004,-2.03,0.16,0.03,-0.0553,-2.6037,12.03,158367.75,7.95,90.74,-8.703,-0,-0.9999,137.14,132.08,135.93,24.98,Cornering,"Hoosier 43075 16x7.5-10 R20, 7 inch rim",6014
78.34,390.36,2.15,119.46,-45.19,0.009,-2.05,1.57,-0.04,-0.0475,-2.6434,12,-98363.46,7.96,90.77,-8.665,-0,-1.0001,137.22,132.25,135.87,24.96,Cornering,"Hoosier 43075 16x7.5-10 R20, 7 inch rim",6015
78.36,390.37,1.27,121.21,-45.37,-0.003,-2.71,2.79,-0.04,-0.028,-2.6718,12.02,-98330.3,7.96,90.76,-8.616,-0,-1.0001,137.44,132.38,135.91,24.94,Cornering,"Hoosier 43075 16x7.5-10 R20, 7 inch rim",6016
78.39,390.38,0.7,123.93,-46.84,0.009,-2.43,4.04,0.09,-0.0149,-2.6459,12.11,43837.91,7.96,90.74,-8.582,-0,-0.9998,137.57,132.38,136.01,24.94,Cornering,"Hoosier 43075 16x7.5-10 R20, 7 inch rim",6017
78.36,390.39,0.32,126.42,-48.66,0.004,-2.76,4.63,0.03,-0.0067,-2.5978,12.2,158217.67,7.96,90.72,-8.533,-0,-0.9999,137.52,132.27,136.18,24.94,Cornering,"Hoosier 43075 16x7.5-10 R20, 7 inch rim",6018
78.35,390.4,-0.24,128.9,-50.74,0.001,-2.44,4.03,0.03,0.0048,-2.5406,12.23,158269.05,7.96,90.7,-8.497,-0,-0.9999,137.48,132.1,136.32,24.95,Cornering,"Hoosier 43075 16x7.5-10 R20, 7 inch rim",6019
78.37,390.41,-0.55,130.09,-51.92,0.01,-3.07,2.82,0.03,0.0106,-2.5054,12.21,158325.61,7.95,90.67,-8.448,-0,-0.9999,137.33,131.88,136.38,24.96,Cornering,"Hoosier 43075 16x7.5-10 R20, 7 inch rim",6020
78.38,390.42,-0.45,129.63,-52.17,0.009,-3.57,1.05,0.09,0.0086,-2.4846,12.13,43878.33,7.96,90.67,-8.404,-0,-0.9998,137.31,131.72,136.42,24.96,Cornering,"Hoosier 43075 16x7.5-10 R20, 7 inch rim",6021
78.36,390.43,0,127.36,-52.15,-0.002,-2.97,-0.76,-0.04,-0.0001,-2.442,12.03,-98488.02,7.96,90.66,-8.354,-0,-1.0001,137.24,131.68,136.38,24.97,Cornering,"Hoosier 43075 16x7.5-10 R20, 7 inch rim",6022
78.36,390.44,-0.03,124.24,-50.61,0.006,-2.74,-2.78,-0.11,0.0006,-2.4551,11.96,-37607.23,7.95,90.67,-8.304,-0,-1.0002,137.2,131.75,136.3,24.99,Cornering,"Hoosier 43075 16x7.5-10 R20, 7 inch rim",6023
78.39,390.45,0.14,121.13,-48.16,0.013,-2.89,-3.92,0.03,-0.003,-2.5152,11.95,158806.61,7.95,90.74,-8.258,-0,-0.9999,137.14,131.79,136.14,25.02,Cornering,"Hoosier 43075 16x7.5-10 R20, 7 inch rim",6024
78.37,390.46,-0.28,119.05,-46.86,-0.003,-1.65,-4.66,-0.04,0.006,-2.5406,11.98,-98774.64,7.96,90.79,-8.212,-0,-1.0001,137.12,131.92,136.05,25.03,Cornering,"Hoosier 43075 16x7.5-10 R20, 7 inch rim",6025
78.35,390.47,-1.92,118.27,-45.14,0.001,-1.84,-5.69,0.03,0.0424,-2.6202,12.06,158905.12,7.96,90.82,-8.195,-0,-0.9999,137.22,132.12,135.93,25.03,Cornering,"Hoosier 43075 16x7.5-10 R20, 7 inch rim",6026
78.38,390.48,-4,119.2,-44.75,0.001,-1.85,-6.44,0.09,0.0893,-2.6639,12.09,44040.8,7.95,90.84,-8.132,-0,-0.9998,137.35,132.23,135.87,25.03,Cornering,"Hoosier 43075 16x7.5-10 R20, 7 inch rim",6027
78.4,390.49,-5.39,121.5,-46.05,0.004,-1.11,-6.32,0.03,0.1171,-2.6384,12.08,158869.09,7.96,90.89,-8.099,-0,-0.9999,137.57,132.38,135.85,25.02,Cornering,"Hoosier 43075 16x7.5-10 R20, 7 inch rim",6028
78.37,390.5,-6.66,123.68,-46.87,-0,-2.49,-6.33,0.03,0.1421,-2.6385,12.02,158847.31,7.96,90.92,-8.06,-0,-0.9999,137.54,132.34,135.95,25.01,Cornering,"Hoosier 43075 16x7.5-10 R20, 7 inch rim",6029
78.37,390.51,-7,126.4,-48.91,0.012,-2.86,-6.09,0.03,0.1431,-2.5843,11.94,158904.03,7.95,90.91,-8.009,-0,-0.9999,137.5,132.19,136.12,25.02,Cornering,"Hoosier 43075 16x7.5-10 R20, 7 inch rim",6030
78.39,390.52,-7.02,128.1,-50.8,0.007,-3.31,-6.47,0.03,0.1382,-2.5218,11.92,158916.69,7.96,90.92,-7.976,-0,-0.9999,137.46,131.97,136.26,25.02,Cornering,"Hoosier 43075 16x7.5-10 R20, 7 inch rim",6031
78.38,390.53,-6.48,128.74,-52.37,0.001,-3.39,-7.25,0.09,0.1238,-2.4582,11.95,44030.89,7.96,90.91,-7.939,-0,-0.9998,137.35,131.75,136.26,25.01,Cornering,"Hoosier 43075 16x7.5-10 R20, 7 inch rim",6032
78.36,390.54,-4.95,127.5,-52.4,0.001,-3.73,-7.55,0.09,0.0944,-2.4334,12.03,44034.22,7.96,90.93,-7.907,-0,-0.9998,137.27,131.61,136.2,25.01,Cornering,"Hoosier 43075 16x7.5-10 R20, 7 inch rim",6033
78.38,390.55,-3.36,125.33,-51.56,0.004,-3.08,-7.6,-0.04,0.0652,-2.431,12.12,-98791.27,7.96,90.9,-7.857,-0,-1.0001,137.22,131.66,136.16,25.01,Cornering,"Hoosier 43075 16x7.5-10 R20, 7 inch rim",6034
78.4,390.56,-2.18,122.71,-49.55,0.006,-2.91,-7.61,-0.04,0.0439,-2.4762,12.19,-98772.41,7.95,90.86,-7.84,-0,-1.0001,137.16,131.7,135.95,25.01,Cornering,"Hoosier 43075 16x7.5-10 R20, 7 inch rim",6035
78.38,390.57,-1.05,120.39,-47.38,0.009,-2.59,-6.58,0.03,0.0222,-2.5411,12.19,158876.72,7.96,90.81,-7.79,-0,-0.9999,137.14,131.77,135.79,25,Cornering,"Hoosier 43075 16x7.5-10 R20, 7 inch rim",6036
78.37,390.58,-0.28,119.45,-45.48,0.012,-2.23,-4.6,-0.04,0.0062,-2.6266,12.12,-98744.95,7.95,90.74,-7.761,-0,-1.0001,137.18,131.94,135.65,25,Cornering,"Hoosier 43075 16x7.5-10 R20, 7 inch rim",6037
78.4,390.59,-0.13,119.8,-45.14,0.004,-1.32,-2.7,0.03,0.0029,-2.654,12.04,158826.52,7.96,90.67,-7.727,-0,-0.9999,137.27,132.16,135.43,24.99,Cornering,"Hoosier 43075 16x7.5-10 R20, 7 inch rim",6038
78.39,390.6,-0.63,121.17,-45.69,0.007,-1.62,-1.03,0.03,0.0139,-2.6523,11.95,158689.77,7.96,90.64,-7.698,-0,-0.9999,137.46,132.27,135.37,24.97,Cornering,"Hoosier 43075 16x7.5-10 R20, 7 inch rim",6039
78.37,390.61,-1.14,123.17,-46.77,0.009,-1.96,0.63,-0.04,0.0245,-2.6333,11.96,-98632.57,7.96,90.65,-7.652,-0,-1.0001,137.54,132.32,135.35,24.96,Cornering,"Hoosier 43075 16x7.5-10 R20, 7 inch rim",6040
78.38,390.62,-1.34,125.52,-48.73,-0,-2.17,1.87,-0.04,0.0275,-2.5757,12,-98594.58,7.96,90.6,-7.618,-0,-1.0001,137.57,132.19,135.45,24.95,Cornering,"Hoosier 43075 16x7.5-10 R20, 7 inch rim",6041
78.4,390.63,-1.05,127.52,-50.1,-0.003,-3.49,2.61,0.03,0.0209,-2.5452,12.06,158625.86,7.96,90.6,-7.571,-0,-0.9999,137.48,131.94,135.57,24.95,Cornering,"Hoosier 43075 16x7.5-10 R20, 7 inch rim",6042
78.38,390.64,-0.47,128.69,-51.82,0.01,-3.98,2.64,0.16,0.0091,-2.4835,12.11,25509.08,7.95,90.6,-7.541,-0,-0.9997,137.44,131.83,135.65,24.94,Cornering,"Hoosier 43075 16x7.5-10 R20, 7 inch rim",6043
78.37,390.65,0.73,128.88,-52.61,0.001,-3.63,2.32,0.03,-0.0139,-2.4496,12.1,158689.08,7.96,90.6,-7.498,-0,-0.9999,137.35,131.61,135.79,24.96,Cornering,"Hoosier 43075 16x7.5-10 R20, 7 inch rim",6044
78.41,390.66,1.82,127.18,-52.54,0.003,-3.23,1.31,-0.04,-0.0347,-2.4204,12.04,-98607.99,7.96,90.56,-7.456,-0,-1.0001,137.24,131.61,135.89,24.94,Cornering,"Hoosier 43075 16x7.5-10 R20, 7 inch rim",6045
78.4,390.67,2.49,124.54,-50.9,0.007,-2.9,0.15,-0.04,-0.049,-2.447,11.97,-98549.7,7.96,90.56,-7.409,-0,-1.0001,137.18,131.61,135.89,24.93,Cornering,"Hoosier 43075 16x7.5-10 R20, 7 inch rim",6046
78.37,390.68,3,121.91,-49.1,0.012,-2,-0.51,0.03,-0.0611,-2.4829,11.96,158513.8,7.95,90.56,-7.369,-0,-0.9999,137.09,131.75,135.81,24.92,Cornering,"Hoosier 43075 16x7.5-10 R20, 7 inch rim",6047
78.38,390.69,2.58,119.77,-46.8,0.009,-1.73,-1.19,0.03,-0.0551,-2.5592,11.99,158602.64,7.95,90.52,-7.326,-0,-0.9999,137.09,131.83,135.81,24.93,Cornering,"Hoosier 43075 16x7.5-10 R20, 7 inch rim",6048
78.41,390.7,0.79,118.69,-45.51,0.01,-1.54,-2.37,0.09,-0.0173,-2.6077,12.06,43985.77,7.95,90.47,-7.274,-0,-0.9998,137.12,132.08,135.77,24.95,Cornering,"Hoosier 43075 16x7.5-10 R20, 7 inch rim",6049
78.39,390.71,-1.44,118.87,-44.89,0.003,-2.03,-3.27,-0.04,0.032,-2.6482,12.11,-98768.99,7.96,90.42,-7.244,-0,-1.0001,137.22,132.25,135.71,24.97,Cornering,"Hoosier 43075 16x7.5-10 R20, 7 inch rim",6050
78.37,390.72,-3.25,120.57,-45.93,0.004,-1.59,-3.66,-0.04,0.0708,-2.6252,12.12,-98781.61,7.96,90.43,-7.186,-0,-1.0001,137.42,132.41,135.73,24.97,Cornering,"Hoosier 43075 16x7.5-10 R20, 7 inch rim",6051
78.41,390.73,-4.99,122.72,-47.01,0.004,-2.48,-4.07,-0.04,0.1061,-2.6105,12.08,-98812.49,7.96,90.45,-7.148,-0,-1.0001,137.46,132.34,135.79,24.98,Cornering,"Hoosier 43075 16x7.5-10 R20, 7 inch rim",6052
78.41,390.74,-6.53,124.82,-48.8,0.016,-3.25,-5.01,-0.04,0.1337,-2.5575,12,-98798.69,7.95,90.48,-7.105,-0,-1.0001,137.39,132.19,135.97,24.97,Cornering,"Hoosier 43075 16x7.5-10 R20, 7 inch rim",6053
78.37,390.75,-6.92,126.64,-50.92,0.02,-3.83,-5.75,0.03,0.136,-2.487,11.92,158877.81,7.95,90.49,-7.062,-0,-0.9999,137.35,131.99,136.07,24.96,Cornering,"Hoosier 43075 16x7.5-10 R20, 7 inch rim",6054
78.38,390.76,-6.67,128.08,-52.21,0.012,-3.53,-6.92,-0.04,0.1278,-2.4533,11.87,-98815.27,7.95,90.49,-7.027,-0,-1.0001,137.29,131.79,136.14,24.97,Cornering,"Hoosier 43075 16x7.5-10 R20, 7 inch rim",6055
78.41,390.77,-5.2,127.43,-52.52,0.016,-3.74,-7.33,0.09,0.099,-2.4266,11.91,44084.71,7.95,90.52,-6.985,-0,-0.9998,137.22,131.59,136.16,24.99,Cornering,"Hoosier 43075 16x7.5-10 R20, 7 inch rim",6056
78.39,390.78,-3.89,125.33,-51.93,0.004,-3.04,-8.13,0.03,0.0748,-2.4133,11.99,159209.55,7.96,90.54,-6.954,-0,-1,137.16,131.64,136.1,25.01,Cornering,"Hoosier 43075 16x7.5-10 R20, 7 inch rim",6057
78.37,390.79,-2.58,122.71,-50.26,0.006,-2.58,-8.22,0.16,0.0512,-2.4415,12.08,25621.76,7.95,90.56,-6.902,-0,-0.9997,137.03,131.61,135.91,25.02,Cornering,"Hoosier 43075 16x7.5-10 R20, 7 inch rim",6058
78.4,390.8,-2.02,119.93,-48.16,0.007,-2.22,-8.15,0.09,0.042,-2.4901,12.15,44156.5,7.95,90.6,-6.872,-0,-0.9998,136.94,131.7,135.83,25.03,Cornering,"Hoosier 43075 16x7.5-10 R20, 7 inch rim",6059
78.41,390.81,-1.54,118.25,-46.02,0.003,-2.2,-7.08,-0.04,0.0335,-2.5697,12.14,-99015.2,7.96,90.6,-6.836,-0,-1.0001,136.9,131.79,135.69,25.01,Cornering,"Hoosier 43075 16x7.5-10 R20, 7 inch rim",6060
78.39,390.82,-1.66,117.91,-45.12,0.01,-2.23,-5.49,0.09,0.0368,-2.6135,12.08,44102.54,7.95,90.63,-6.79,-0,-0.9998,136.9,132.03,135.61,24.99,Cornering,"Hoosier 43075 16x7.5-10 R20, 7 inch rim",6061
78.38,390.83,-2.43,118.87,-45.91,0.004,-1.44,-4.21,-0.04,0.0529,-2.589,12,-98891.75,7.96,90.6,-6.766,-0,-1.0001,137.05,132.23,135.59,24.98,Cornering,"Hoosier 43075 16x7.5-10 R20, 7 inch rim",6062
78.41,390.84,-3.21,120.66,-46.5,0.016,-2.44,-2.89,-0.04,0.0691,-2.5949,11.97,-98853.34,7.95,90.6,-6.729,-0,-1.0001,137.16,132.21,135.65,24.97,Cornering,"Hoosier 43075 16x7.5-10 R20, 7 inch rim",6063
78.41,390.85,-3.35,123.02,-48.08,0.004,-2.66,-1.53,0.09,0.0696,-2.5586,12.02,44050.76,7.96,90.6,-6.683,-0,-0.9998,137.16,132.14,135.75,24.96,Cornering,"Hoosier 43075 16x7.5-10 R20, 7 inch rim",6064
78.37,390.86,-3.03,125.65,-49.9,0.001,-2.84,-0.59,0.03,0.0608,-2.5179,12.08,158866,7.96,90.64,-6.649,-0,-0.9999,137.05,131.99,135.89,24.94,Cornering,"Hoosier 43075 16x7.5-10 R20, 7 inch rim",6065
78.4,390.87,-2,127.01,-51.66,0.006,-3.22,0.14,-0.04,0.0387,-2.4585,12.15,-98784.27,7.95,90.6,-6.614,-0,-1.0001,137.01,131.79,136.03,24.94,Cornering,"Hoosier 43075 16x7.5-10 R20, 7 inch rim",6066
78.41,390.88,-0.65,127.66,-52.59,-0,-3.02,0.27,-0.04,0.0124,-2.4276,12.15,-98791.57,7.96,90.53,-6.577,-0,-1.0001,136.97,131.55,136.07,24.94,Cornering,"Hoosier 43075 16x7.5-10 R20, 7 inch rim",6067
78.39,390.89,0.98,126.23,-52.61,0.007,-2.84,0.02,0.09,-0.0187,-2.3993,12.1,44063.32,7.96,90.53,-6.54,-0,-0.9998,136.82,131.53,136.12,24.96,Cornering,"Hoosier 43075 16x7.5-10 R20, 7 inch rim",6068
78.38,390.9,2.51,123.79,-51.09,0.003,-2.77,-0.17,0.09,-0.0492,-2.4228,12.03,44077.76,7.95,90.56,-6.491,-0,-0.9998,136.77,131.46,136.1,24.96,Cornering,"Hoosier 43075 16x7.5-10 R20, 7 inch rim",6069
78.41,390.91,2.86,120.98,-48.99,0.012,-2.42,-0.95,-0.11,-0.0584,-2.4694,11.94,-37710.73,7.96,90.56,-6.444,-0,-1.0002,136.69,131.5,135.99,24.96,Cornering,"Hoosier 43075 16x7.5-10 R20, 7 inch rim",6070
78.41,390.92,2.93,118.72,-46.77,-0.002,-2.49,-1.05,-0.04,-0.0627,-2.5386,11.9,-98825.27,7.96,90.57,-6.402,-0,-1.0001,136.66,131.55,135.95,24.94,Cornering,"Hoosier 43075 16x7.5-10 R20, 7 inch rim",6071
78.37,390.93,2.17,117.12,-45.66,0.013,-2.11,-1,-0.04,-0.0475,-2.5648,11.92,-98877.46,7.95,90.58,-6.369,-0,-1.0001,136.64,131.77,135.85,24.96,Cornering,"Hoosier 43075 16x7.5-10 R20, 7 inch rim",6072
78.4,390.94,0.29,117.32,-45.42,0.003,-1.68,-1.74,0.09,-0.0064,-2.5829,11.99,44113.55,7.96,90.56,-6.311,-0,-0.9998,136.77,131.99,135.75,24.97,Cornering,"Hoosier 43075 16x7.5-10 R20, 7 inch rim",6073
78.41,390.95,-1.96,118.84,-45.64,0.009,-2.14,-2.31,-0.04,0.043,-2.6036,12.1,-99102.22,7.96,90.56,-6.273,-0,-1.0001,136.88,132.1,135.73,25.01,Cornering,"Hoosier 43075 16x7.5-10 R20, 7 inch rim",6074
78.39,390.96,-3.97,120.66,-47.13,0.016,-1.9,-3.04,0.03,0.0842,-2.56,12.12,159546.47,7.95,90.55,-6.239,-0,-1,136.92,132.08,135.75,25.03,Cornering,"Hoosier 43075 16x7.5-10 R20, 7 inch rim",6075
78.38,390.97,-5.04,122.85,-48.3,0.006,-2.92,-3.35,0.03,0.1045,-2.5438,12.11,159484.94,7.96,90.55,-6.198,-0,-1,136.88,131.97,135.89,25.01,Cornering,"Hoosier 43075 16x7.5-10 R20, 7 inch rim",6076
78.4,390.98,-5.56,124.71,-50.5,0.003,-2.96,-4.35,0.03,0.1101,-2.4694,12.06,159349.81,7.96,90.57,-6.155,-0,-1,136.84,131.83,135.95,24.99,Cornering,"Hoosier 43075 16x7.5-10 R20, 7 inch rim",6077
78.41,390.99,-5.25,125.77,-51.69,0.007,-3.57,-5.35,0.09,0.1015,-2.4334,11.99,44120.05,7.96,90.56,-6.107,-0,-0.9998,136.84,131.64,135.99,24.97,Cornering,"Hoosier 43075 16x7.5-10 R20, 7 inch rim",6078
78.38,391,-5.11,125.03,-52.24,-0,-3.92,-7.24,0.09,0.0977,-2.3932,11.95,44122.25,7.96,90.53,-6.08,-0,-0.9998,136.71,131.44,136.03,24.97,Cornering,"Hoosier 43075 16x7.5-10 R20, 7 inch rim",6079
78.39,391.01,-3.58,123.17,-51.9,0.001,-3.36,-7.73,-0.11,0.069,-2.3731,11.97,-37775.26,7.96,90.51,-6.027,-0,-1.0002,136.66,131.44,135.91,24.98,Cornering,"Hoosier 43075 16x7.5-10 R20, 7 inch rim",6080
78.42,391.02,-2.51,120.51,-50.69,0.012,-2.54,-8.26,0.09,0.0496,-2.3772,12.05,44190.94,7.95,90.51,-5.99,-0,-0.9998,136.58,131.5,135.79,25,Cornering,"Hoosier 43075 16x7.5-10 R20, 7 inch rim",6081
78.39,391.03,-1.66,118.22,-48.18,0.007,-2.3,-7.95,0.09,0.0344,-2.4535,12.14,44224.73,7.96,90.51,-5.951,-0,-0.9998,136.51,131.55,135.63,25.02,Cornering,"Hoosier 43075 16x7.5-10 R20, 7 inch rim",6082
78.38,391.04,-1.19,115.93,-46.47,0.001,-2.25,-7.09,0.09,0.0257,-2.4946,12.17,44227.67,7.96,90.54,-5.914,-0,-0.9998,136.45,131.68,135.51,25.02,Cornering,"Hoosier 43075 16x7.5-10 R20, 7 inch rim",6083
78.4,391.05,-1.71,115.43,-45.37,0.01,-1.61,-6.09,0.09,0.0376,-2.5441,12.15,44210.76,7.95,90.58,-5.868,-0,-0.9998,136.45,131.88,135.41,25.01,Cornering,"Hoosier 43075 16x7.5-10 R20, 7 inch rim",6084
78.41,391.06,-2.5,116.39,-45.47,0.004,-1.15,-5.02,0.16,0.055,-2.5596,12.08,25644.69,7.96,90.58,-5.83,-0,-0.9997,136.56,131.99,135.37,24.99,Cornering,"Hoosier 43075 16x7.5-10 R20, 7 inch rim",6085
78.38,391.07,-3.56,118.25,-46.14,0.001,-1.42,-4.12,0.03,0.0771,-2.5631,11.97,159452.22,7.96,90.63,-5.797,-0,-1,136.66,132.03,135.37,24.99,Cornering,"Hoosier 43075 16x7.5-10 R20, 7 inch rim",6086
78.38,391.08,-4.31,120.22,-47.45,0.007,-2.73,-3.25,0.03,0.0909,-2.5337,11.93,159351.16,7.96,90.62,-5.761,-0,-1,136.73,132.03,135.47,24.97,Cornering,"Hoosier 43075 16x7.5-10 R20, 7 inch rim",6087
78.42,391.09,-4.12,122.23,-49.27,0.004,-3.53,-2.22,0.03,0.0836,-2.4808,11.95,159436.14,7.96,90.65,-5.721,-0,-1,136.62,131.86,135.65,24.98,Cornering,"Hoosier 43075 16x7.5-10 R20, 7 inch rim",6088
78.41,391.1,-3.27,123.79,-51.43,-0.002,-3.62,-1.89,0.03,0.0636,-2.4069,12.02,159297.17,7.96,90.69,-5.688,-0,-1,136.51,131.61,135.73,24.96,Cornering,"Hoosier 43075 16x7.5-10 R20, 7 inch rim",6089
78.38,391.11,-2.02,124.19,-52.53,0.012,-3.85,-1.71,0.03,0.0384,-2.3643,12.08,159346.17,7.95,90.72,-5.643,-0,-1,136.51,131.5,135.75,24.97,Cornering,"Hoosier 43075 16x7.5-10 R20, 7 inch rim",6090
78.4,391.12,0.1,123.25,-52.78,0.014,-3.25,-1.35,0.03,-0.002,-2.3351,12.1,159358.86,7.95,90.75,-5.596,-0,-1,136.39,131.42,135.73,24.97,Cornering,"Hoosier 43075 16x7.5-10 R20, 7 inch rim",6091
78.42,391.13,1.36,120.82,-51.26,0.007,-3.14,-1.92,0.03,-0.0265,-2.3568,12.08,159368.78,7.96,90.76,-5.559,-0,-1,136.32,131.48,135.69,24.97,Cornering,"Hoosier 43075 16x7.5-10 R20, 7 inch rim",6092
78.38,391.14,2.91,118.04,-49.16,0.009,-2.65,-1.54,0.03,-0.0592,-2.4014,12.02,159341.25,7.95,90.79,-5.523,-0,-1,136.26,131.5,135.53,24.96,Cornering,"Hoosier 43075 16x7.5-10 R20, 7 inch rim",6093
78.38,391.15,2.65,115.89,-46.92,0.009,-1.92,-2.07,0.03,-0.0565,-2.4699,11.98,159316.28,7.95,90.75,-5.477,-0,-1,136.19,131.61,135.41,24.96,Cornering,"Hoosier 43075 16x7.5-10 R20, 7 inch rim",6094
78.42,391.16,1.83,114.36,-45.8,0.007,-1.16,-2.21,0.03,-0.0399,-2.4971,11.97,159212.75,7.96,90.71,-5.449,-0,-1,136.11,131.7,135.29,24.94,Cornering,"Hoosier 43075 16x7.5-10 R20, 7 inch rim",6095
78.41,391.17,0.13,114.34,-44.85,0.012,-1.47,-2.53,0.03,-0.0029,-2.5492,12.03,159260.12,7.95,90.7,-5.409,-0,-1,136.17,131.9,135.25,24.94,Cornering,"Hoosier 43075 16x7.5-10 R20, 7 inch rim",6096
78.38,391.18,-1.77,115.32,-45.52,-0.002,-1.59,-2.99,0.03,0.0389,-2.5336,12.08,159310.73,7.96,90.72,-5.356,-0,-1,136.3,132.03,135.25,24.95,Cornering,"Hoosier 43075 16x7.5-10 R20, 7 inch rim",6097
78.4,391.19,-3.69,117.06,-46.92,0.023,-2.12,-3.32,0.03,0.0786,-2.495,12.13,159357.59,7.95,90.67,-5.317,-0,-1,136.36,132.03,135.35,24.96,Cornering,"Hoosier 43075 16x7.5-10 R20, 7 inch rim",6098
78.42,391.2,-4.98,119.12,-48.63,0.007,-3.07,-3.9,0.03,0.1024,-2.4497,12.11,159405.11,7.96,90.62,-5.275,-0,-1,136.32,131.97,135.45,24.96,Cornering,"Hoosier 43075 16x7.5-10 R20, 7 inch rim",6099
78.39,391.21,-5.01,120.83,-50.81,0.004,-3.14,-3.96,-0.11,0.0986,-2.378,12.03,-37799.55,7.96,90.63,-5.234,-0,-1.0002,136.21,131.81,135.59,24.96,Cornering,"Hoosier 43075 16x7.5-10 R20, 7 inch rim",6100
78.38,391.22,-4.45,121.78,-52.07,-0.003,-4.05,-4.54,0.03,0.0856,-2.3388,11.96,159314.08,7.96,90.68,-5.195,-0,-1,136.17,131.59,135.61,24.94,Cornering,"Hoosier 43075 16x7.5-10 R20, 7 inch rim",6101
78.41,391.23,-3.55,121.75,-52.75,0.003,-3.61,-5.39,0.09,0.0673,-2.3081,11.92,44108.98,7.96,90.68,-5.155,-0,-0.9998,136.15,131.5,135.65,24.92,Cornering,"Hoosier 43075 16x7.5-10 R20, 7 inch rim",6102
78.41,391.24,-2.28,120.34,-51.94,0.01,-3.18,-6.02,0.03,0.0439,-2.3168,11.92,159151.09,7.95,90.71,-5.105,-0,-1,136.06,131.46,135.57,24.92,Cornering,"Hoosier 43075 16x7.5-10 R20, 7 inch rim",6103
78.38,391.25,-1.21,117.73,-50.57,0.009,-2.29,-6.59,0.03,0.024,-2.3281,12,159230.02,7.95,90.75,-5.085,-0,-1,136,131.48,135.45,24.93,Cornering,"Hoosier 43075 16x7.5-10 R20, 7 inch rim",6104
78.4,391.26,-0.88,115.08,-48.14,0.014,-2.08,-6.76,0.09,0.0182,-2.3906,12.09,44178.63,7.95,90.78,-5.035,-0,-0.9998,135.98,131.53,135.31,24.96,Cornering,"Hoosier 43075 16x7.5-10 R20, 7 inch rim",6105
78.42,391.27,-0.94,113.08,-45.75,0.016,-2.22,-6.41,0.03,0.0206,-2.4718,12.17,159582.89,7.95,90.76,-5.003,-0,-1,135.98,131.66,135.25,24.98,Cornering,"Hoosier 43075 16x7.5-10 R20, 7 inch rim",6106
78.39,391.28,-1.66,111.94,-45.4,-0.005,-0.91,-5.76,0.09,0.0365,-2.4657,12.19,44264.7,7.96,90.74,-4.975,-0,-0.9998,136.02,131.81,135.17,25,Cornering,"Hoosier 43075 16x7.5-10 R20, 7 inch rim",6107
78.38,391.29,-2.72,111.76,-44.81,-0.002,-2.06,-5.02,0.09,0.0607,-2.4942,12.14,44258,7.96,90.76,-4.92,-0,-0.9998,136.15,131.94,135.1,25,Cornering,"Hoosier 43075 16x7.5-10 R20, 7 inch rim",6108
78.41,391.3,-4.14,112.5,-45.33,0.003,-2.87,-4.47,-0.04,0.0913,-2.482,12.06,-99287.28,7.96,90.78,-4.88,-0,-1.0001,136.24,132.01,135.15,25,Cornering,"Hoosier 43075 16x7.5-10 R20, 7 inch rim",6109
78.41,391.31,-4.82,114.02,-46.83,0.006,-3.75,-3.8,0.03,0.1028,-2.4347,12.01,159692.62,7.95,90.75,-4.852,-0,-1,136.24,132.01,135.27,24.99,Cornering,"Hoosier 43075 16x7.5-10 R20, 7 inch rim",6110
78.39,391.32,-5.29,115.54,-48.83,0.009,-4.19,-3.71,0.09,0.1083,-2.3662,12.02,44224.12,7.95,90.72,-4.809,-0,-0.9998,136.24,131.83,135.39,24.97,Cornering,"Hoosier 43075 16x7.5-10 R20, 7 inch rim",6111
78.39,391.33,-4.48,117.58,-51.02,-0,-3.88,-3.3,0.09,0.0878,-2.3047,12.06,44247.37,7.96,90.65,-4.766,-0,-0.9998,136.13,131.68,135.47,24.98,Cornering,"Hoosier 43075 16x7.5-10 R20, 7 inch rim",6112
78.41,391.34,-2.74,118.63,-52.19,0.007,-3.68,-2.84,0.09,0.0525,-2.2731,12.12,44258.89,7.95,90.62,-4.746,-0,-0.9998,136.15,131.48,135.51,24.99,Cornering,"Hoosier 43075 16x7.5-10 R20, 7 inch rim",6113
78.4,391.35,-0.93,118.22,-51.91,-0.003,-3.45,-2.82,0.03,0.0179,-2.2776,12.16,159692.72,7.96,90.63,-4.688,-0,-1,136,131.42,135.47,24.98,Cornering,"Hoosier 43075 16x7.5-10 R20, 7 inch rim",6114
78.38,391.36,1,116.3,-51.04,0.013,-2.58,-2.63,0.09,-0.0195,-2.2786,12.12,44264.76,7.95,90.62,-4.651,-0,-0.9998,135.89,131.37,135.39,24.99,Cornering,"Hoosier 43075 16x7.5-10 R20, 7 inch rim",6115
78.41,391.37,2.24,113.61,-48.7,-0.005,-2.44,-2.61,-0.04,-0.046,-2.3328,12.06,-99278.51,7.96,90.58,-4.615,-0,-1.0001,135.87,131.5,135.27,24.98,Cornering,"Hoosier 43075 16x7.5-10 R20, 7 inch rim",6116
78.42,391.38,2.41,110.99,-47.01,-0.005,-1.98,-2.63,-0.04,-0.0513,-2.3609,11.97,-99377.45,7.96,90.6,-4.565,-0,-1.0001,135.79,131.57,135.15,25.01,Cornering,"Hoosier 43075 16x7.5-10 R20, 7 inch rim",6117
78.38,391.39,1.38,109.37,-45.39,0.012,-1.93,-2.95,0.03,-0.0303,-2.4094,11.93,159837.53,7.95,90.61,-4.535,-0,-1,135.76,131.7,135.02,25,Cornering,"Hoosier 43075 16x7.5-10 R20, 7 inch rim",6118
78.39,391.4,-0.38,108.77,-45.25,0.009,-1.96,-3.41,0.09,0.0083,-2.4039,11.95,44315.51,7.95,90.62,-4.491,-0,-0.9998,135.83,131.88,134.94,25.01,Cornering,"Hoosier 43075 16x7.5-10 R20, 7 inch rim",6119
78.42,391.41,-1.97,109.7,-45.63,0.007,-1.97,-3.23,0.03,0.0433,-2.4038,12.02,159854.7,7.96,90.62,-4.455,-0,-1,135.96,131.97,134.92,25,Cornering,"Hoosier 43075 16x7.5-10 R20, 7 inch rim",6120
78.4,391.42,-3.89,110.93,-47.01,0.006,-2.54,-3.66,0.03,0.0827,-2.3597,12.11,159866.17,7.95,90.6,-4.401,-0,-1,136.02,131.9,134.92,25,Cornering,"Hoosier 43075 16x7.5-10 R20, 7 inch rim",6121
78.38,391.43,-5.17,112.94,-48.52,0.004,-2.9,-4.18,-0.11,0.1066,-2.3275,12.18,-37916.48,7.96,90.61,-4.375,-0,-1.0002,135.96,131.75,135.04,25.01,Cornering,"Hoosier 43075 16x7.5-10 R20, 7 inch rim",6122
78.4,391.44,-5.73,114.47,-50.7,0.004,-3.16,-4.75,-0.04,0.113,-2.2579,12.19,-99431.97,7.96,90.62,-4.326,-0,-1.0001,135.96,131.59,135.1,25.01,Cornering,"Hoosier 43075 16x7.5-10 R20, 7 inch rim",6123
78.42,391.45,-4.96,115.73,-51.73,-0.002,-3.67,-5.07,0.09,0.0958,-2.237,12.14,44347.84,7.96,90.63,-4.287,-0,-0.9998,135.87,131.42,135.19,25.03,Cornering,"Hoosier 43075 16x7.5-10 R20, 7 inch rim",6124
78.39,391.46,-3.53,115.56,-52.61,0.001,-3.33,-5.4,0.03,0.067,-2.1965,12.05,159936.23,7.96,90.66,-4.24,-0,-1,135.83,131.28,135.19,25.01,Cornering,"Hoosier 43075 16x7.5-10 R20, 7 inch rim",6125
78.38,391.47,-2.01,114.18,-51.85,0.001,-2.96,-5.9,-0.04,0.0387,-2.2022,12,-99309.43,7.96,90.65,-4.202,-0,-1.0001,135.74,131.24,135.15,24.98,Cornering,"Hoosier 43075 16x7.5-10 R20, 7 inch rim",6126
78.41,391.48,-0.67,111.65,-50.23,0.014,-2.79,-6.05,0.09,0.0133,-2.2227,12,44251.89,7.95,90.64,-4.166,-0,-0.9998,135.68,131.26,135.02,24.97,Cornering,"Hoosier 43075 16x7.5-10 R20, 7 inch rim",6127
78.41,391.49,-0.26,108.73,-48.41,0.013,-2.03,-6.44,0.09,0.0053,-2.2459,12.04,44264.28,7.95,90.63,-4.127,-0,-0.9998,135.55,131.37,134.88,24.97,Cornering,"Hoosier 43075 16x7.5-10 R20, 7 inch rim",6128
78.38,391.5,-0.44,106.32,-46.48,0.001,-1.84,-6.37,-0.04,0.0095,-2.2876,12.12,-99324.48,7.96,90.6,-4.078,-0,-1.0001,135.53,131.48,134.8,24.98,Cornering,"Hoosier 43075 16x7.5-10 R20, 7 inch rim",6129
78.4,391.51,-1.37,104.69,-44.88,0.019,-2.79,-6.14,0.03,0.0305,-2.3324,12.17,159938.89,7.95,90.6,-4.038,-0,-1,135.48,131.66,134.68,25,Cornering,"Hoosier 43075 16x7.5-10 R20, 7 inch rim",6130
78.42,391.52,-2.46,104.88,-45.3,0.01,-1.93,-5.35,0.09,0.0543,-2.3151,12.13,44343.02,7.95,90.56,-4,-0,-0.9998,135.55,131.79,134.66,25.01,Cornering,"Hoosier 43075 16x7.5-10 R20, 7 inch rim",6131
78.4,391.53,-3.63,105.87,-45.77,-0.005,-2.07,-4.72,0.03,0.0793,-2.3131,12.07,159917.31,7.96,90.51,-3.957,-0,-1,135.64,131.9,134.68,25,Cornering,"Hoosier 43075 16x7.5-10 R20, 7 inch rim",6132
78.38,391.54,-4.39,107.22,-47.42,0.003,-2.15,-4.03,0.03,0.0927,-2.261,11.98,159811.7,7.96,90.5,-3.927,-0,-1,135.59,131.83,134.74,24.98,Cornering,"Hoosier 43075 16x7.5-10 R20, 7 inch rim",6133
78.41,391.55,-5.33,108.24,-49.38,0.012,-2.98,-4.33,0.03,0.108,-2.1919,11.95,159707.34,7.95,90.49,-3.889,-0,-1,135.48,131.64,134.84,24.96,Cornering,"Hoosier 43075 16x7.5-10 R20, 7 inch rim",6134
78.41,391.56,-4.89,109.82,-50.74,0.003,-3.74,-4.31,0.03,0.0963,-2.1643,11.97,159605.52,7.96,90.51,-3.838,-0,-1,135.38,131.44,134.9,24.94,Cornering,"Hoosier 43075 16x7.5-10 R20, 7 inch rim",6135
78.37,391.57,-3.76,110.23,-52.31,0.013,-3.38,-4.37,0.03,0.0719,-2.1075,12.06,159612,7.95,90.51,-3.802,-0,-1,135.25,131.31,134.94,24.94,Cornering,"Hoosier 43075 16x7.5-10 R20, 7 inch rim",6136
78.4,391.58,-1.73,109.18,-52.37,0.006,-3.63,-4.08,-0.11,0.033,-2.085,12.12,-37829.77,7.96,90.56,-3.773,-0,-1.0002,135.25,131.22,134.9,24.93,Cornering,"Hoosier 43075 16x7.5-10 R20, 7 inch rim",6137
78.42,391.59,-0.14,107.15,-51.84,0.013,-2.59,-4.1,0.09,0.0028,-2.0669,12.17,44212.95,7.95,90.56,-3.728,-0,-0.9998,135.14,131.24,134.84,24.93,Cornering,"Hoosier 43075 16x7.5-10 R20, 7 inch rim",6138
78.4,391.6,1.32,104.45,-49.63,-0.005,-2.18,-3.82,-0.04,-0.0266,-2.1048,12.16,-99206.44,7.96,90.6,-3.7,-0,-1.0001,135.08,131.33,134.7,24.94,Cornering,"Hoosier 43075 16x7.5-10 R20, 7 inch rim",6139
78.38,391.61,1.92,101.93,-47.3,0.009,-2.36,-3.28,0.03,-0.0405,-2.155,12.09,159565.31,7.96,90.58,-3.646,-0,-1,134.95,131.35,134.58,24.93,Cornering,"Hoosier 43075 16x7.5-10 R20, 7 inch rim",6140
78.41,391.62,1.22,100.47,-45.3,-0.007,-1.86,-3.24,-0.04,-0.0269,-2.2176,11.99,-99192.77,7.96,90.57,-3.613,-0,-1.0001,134.97,131.53,134.5,24.93,Cornering,"Hoosier 43075 16x7.5-10 R20, 7 inch rim",6141
78.41,391.63,-0.35,100.1,-44.42,0.006,-2.03,-3.28,-0.04,0.0079,-2.2534,11.96,-99129.16,7.96,90.62,-3.56,-0,-1.0001,134.97,131.75,134.38,24.92,Cornering,"Hoosier 43075 16x7.5-10 R20, 7 inch rim",6142
78.38,391.64,-1.94,100.26,-45,0.003,-1.94,-3.1,0.09,0.0431,-2.2282,11.98,44202.18,7.96,90.62,-3.521,-0,-0.9998,135.08,131.83,134.34,24.92,Cornering,"Hoosier 43075 16x7.5-10 R20, 7 inch rim",6143
78.4,391.65,-3.45,101.27,-46.42,0.016,-2.28,-2.85,0.03,0.0743,-2.1815,12.03,159518.12,7.95,90.56,-3.486,-0,-1,135.12,131.83,134.42,24.92,Cornering,"Hoosier 43075 16x7.5-10 R20, 7 inch rim",6144
78.41,391.66,-4.45,102.38,-47.87,0.006,-3.16,-3.02,0.03,0.093,-2.1387,12.11,159636.92,7.95,90.51,-3.44,-0,-1,135.03,131.7,134.46,24.94,Cornering,"Hoosier 43075 16x7.5-10 R20, 7 inch rim",6145
78.4,391.67,-5.31,103.13,-49.9,0.007,-3.6,-3.85,0.03,0.1063,-2.0667,12.1,159754.69,7.96,90.42,-3.4,-0,-1,134.99,131.48,134.58,24.96,Cornering,"Hoosier 43075 16x7.5-10 R20, 7 inch rim",6146
78.39,391.68,-4.99,103.44,-52.27,0.006,-3.33,-4.55,0.03,0.0954,-1.9789,12.06,159762.45,7.96,90.37,-3.351,-0,-1,134.93,131.33,134.56,24.96,Cornering,"Hoosier 43075 16x7.5-10 R20, 7 inch rim",6147
78.4,391.69,-3.87,103.27,-52.24,0.007,-4.09,-5.16,0.03,0.0741,-1.9769,11.98,159840.95,7.95,90.32,-3.324,-0,-1,134.84,131.17,134.58,24.97,Cornering,"Hoosier 43075 16x7.5-10 R20, 7 inch rim",6148
78.42,391.7,-2.63,101.89,-51.64,0.007,-3.55,-6.04,0.09,0.0509,-1.9732,11.95,44305.17,7.96,90.26,-3.287,-0,-0.9998,134.78,131.11,134.54,24.97,Cornering,"Hoosier 43075 16x7.5-10 R20, 7 inch rim",6149
78.39,391.71,-0.98,99.89,-49.72,0.009,-3.11,-5.97,0.03,0.0197,-2.0089,11.95,159854.03,7.95,90.24,-3.239,-0,-1,134.69,131.15,134.46,24.97,Cornering,"Hoosier 43075 16x7.5-10 R20, 7 inch rim",6150
78.39,391.72,-0.48,97.11,-48.09,0.012,-2.19,-6.32,0.09,0.01,-2.0194,12.03,44308.93,7.96,90.18,-3.198,-0,-0.9998,134.65,131.2,134.3,24.97,Cornering,"Hoosier 43075 16x7.5-10 R20, 7 inch rim",6151
78.41,391.73,-0.73,95.56,-45.5,0.014,-1.9,-6.32,0.03,0.0161,-2.1001,12.09,159866.33,7.95,90.16,-3.158,-0,-1,134.63,131.28,134.18,24.97,Cornering,"Hoosier 43075 16x7.5-10 R20, 7 inch rim",6152
78.4,391.74,-1.39,94.69,-44.55,0.004,-1.18,-5.84,0.03,0.0312,-2.1255,12.17,159872.27,7.96,90.16,-3.118,-0,-1,134.65,131.48,134.07,24.97,Cornering,"Hoosier 43075 16x7.5-10 R20, 7 inch rim",6153
78.38,391.75,-2.32,94.07,-43.96,0.003,-1.9,-4.87,0.16,0.0527,-2.1399,12.15,25732.64,7.96,90.17,-3.075,-0,-0.9997,134.73,131.68,134.03,24.98,Cornering,"Hoosier 43075 16x7.5-10 R20, 7 inch rim",6154
78.41,391.76,-3.73,94.31,-45.13,0.014,-1.95,-4.27,0.03,0.0826,-2.0898,12.09,160030.28,7.95,90.21,-3.052,-0,-1,134.84,131.75,134.05,24.99,Cornering,"Hoosier 43075 16x7.5-10 R20, 7 inch rim",6155
78.42,391.77,-4.4,94.62,-46.88,0.01,-2.5,-3.29,0.03,0.0938,-2.0183,12.01,160037.83,7.95,90.29,-2.999,-0,-1,134.82,131.7,134.09,24.99,Cornering,"Hoosier 43075 16x7.5-10 R20, 7 inch rim",6156
78.39,391.78,-4.52,95.05,-48.35,0.012,-4.2,-2.71,0.09,0.0936,-1.9661,11.92,44318.2,7.95,90.33,-2.967,-0,-0.9998,134.71,131.61,134.18,24.97,Cornering,"Hoosier 43075 16x7.5-10 R20, 7 inch rim",6157
78.38,391.79,-4.32,95.87,-50.7,-0,-4.14,-2.85,-0.04,0.0852,-1.891,11.92,-99373.7,7.96,90.36,-2.929,-0,-1.0001,134.65,131.5,134.2,24.96,Cornering,"Hoosier 43075 16x7.5-10 R20, 7 inch rim",6158
78.41,391.8,-3.62,95.99,-52.18,0.007,-3.71,-3.42,0.03,0.0693,-1.8394,11.95,159791.89,7.95,90.4,-2.899,-0,-1,134.56,131.37,134.18,24.95,Cornering,"Hoosier 43075 16x7.5-10 R20, 7 inch rim",6159
78.41,391.81,-1.92,94.93,-52.16,0.001,-3.61,-3.61,-0.04,0.0369,-1.82,12.02,-99311.22,7.96,90.46,-2.848,-0,-1.0001,134.52,131.31,134.22,24.94,Cornering,"Hoosier 43075 16x7.5-10 R20, 7 inch rim",6160
78.38,391.82,-0.25,93.23,-50.57,0.004,-3.42,-3.64,0.09,0.0049,-1.8434,12.11,44293.27,7.96,90.52,-2.81,-0,-0.9998,134.41,131.33,134.11,24.96,Cornering,"Hoosier 43075 16x7.5-10 R20, 7 inch rim",6161
78.4,391.83,-0.03,91.25,-48.82,0.001,-1.94,-4.71,0.03,0.0005,-1.8693,12.11,159882.34,7.96,90.6,-2.777,-0,-1,134.37,131.37,134.01,24.96,Cornering,"Hoosier 43075 16x7.5-10 R20, 7 inch rim",6162
78.42,391.84,0.14,89.07,-46.42,0.009,-1.42,-4.7,0.03,-0.003,-1.9189,12.06,159927.77,7.95,90.65,-2.712,-0,-1,134.28,131.48,133.87,24.97,Cornering,"Hoosier 43075 16x7.5-10 R20, 7 inch rim",6163
78.39,391.85,-0.37,87.2,-44.5,0.013,-1.86,-4.54,0.09,0.0083,-1.9594,11.98,44328.73,7.95,90.69,-2.681,-0,-0.9998,134.26,131.59,133.77,24.97,Cornering,"Hoosier 43075 16x7.5-10 R20, 7 inch rim",6164
78.38,391.86,-1.68,86.34,-43.66,-0.002,-1.58,-4.53,0.03,0.0385,-1.9773,11.94,160009.05,7.96,90.73,-2.657,-0,-1,134.26,131.77,133.69,24.98,Cornering,"Hoosier 43075 16x7.5-10 R20, 7 inch rim",6165
78.41,391.87,-2.89,85.64,-44.06,0.013,-2.53,-3.88,0.03,0.0657,-1.9438,11.97,160163.91,7.95,90.76,-2.605,-0,-1,134.39,131.88,133.71,25,Cornering,"Hoosier 43075 16x7.5-10 R20, 7 inch rim",6166
78.42,391.88,-4.39,85.52,-45.65,0.001,-2.8,-3.71,0.03,0.0961,-1.8735,12.04,160278.61,7.96,90.78,-2.578,-0,-1,134.41,131.9,133.73,25.02,Cornering,"Hoosier 43075 16x7.5-10 R20, 7 inch rim",6167
78.38,391.89,-5.26,85.77,-47.87,0.01,-3.03,-3.56,0.03,0.1098,-1.7919,12.13,160358.88,7.95,90.77,-2.528,-0,-1,134.3,131.77,133.73,25.03,Cornering,"Hoosier 43075 16x7.5-10 R20, 7 inch rim",6168
78.4,391.9,-5.46,86.2,-49.71,0.014,-3.84,-3.61,0.03,0.1099,-1.7341,12.14,160362.75,7.95,90.78,-2.495,-0,-1,134.2,131.59,133.79,25.03,Cornering,"Hoosier 43075 16x7.5-10 R20, 7 inch rim",6169
78.42,391.91,-5.11,86.84,-50.93,0.007,-4.08,-4.43,0.03,0.1004,-1.7052,12.11,160293.11,7.96,90.77,-2.455,-0,-1,134.15,131.42,133.85,25.02,Cornering,"Hoosier 43075 16x7.5-10 R20, 7 inch rim",6170
78.39,391.92,-3.93,86.44,-51.94,-0.006,-3.55,-4.98,-0.04,0.0756,-1.6642,12.07,-99621.62,7.96,90.78,-2.412,-0,-1.0001,134.05,131.26,133.79,25.01,Cornering,"Hoosier 43075 16x7.5-10 R20, 7 inch rim",6171
78.38,391.93,-1.92,85.51,-51.06,-0.005,-3.11,-4.85,0.16,0.0377,-1.6747,11.97,25776.84,7.96,90.77,-2.377,-0,-0.9997,133.96,131.26,133.79,25.01,Cornering,"Hoosier 43075 16x7.5-10 R20, 7 inch rim",6172
78.41,391.94,-1.02,83.76,-49.02,0.01,-2.84,-5.51,0.03,0.0208,-1.7088,11.95,160307.66,7.95,90.7,-2.324,-0,-1,133.9,131.26,133.71,25.02,Cornering,"Hoosier 43075 16x7.5-10 R20, 7 inch rim",6173
78.42,391.95,-0.01,81.46,-46.5,0.009,-2.65,-5.05,0.09,0.0001,-1.7519,11.96,44433.96,7.95,90.67,-2.289,-0,-0.9998,133.85,131.28,133.57,25.03,Cornering,"Hoosier 43075 16x7.5-10 R20, 7 inch rim",6174
78.39,391.96,-0.19,79.15,-45.1,0.01,-1.49,-4.93,0.03,0.0042,-1.755,12.02,160277.86,7.95,90.66,-2.256,-0,-1,133.83,131.39,133.51,25.01,Cornering,"Hoosier 43075 16x7.5-10 R20, 7 inch rim",6175
78.4,391.97,-0.96,77.44,-44.04,0.012,-1.29,-4.31,0.03,0.0219,-1.7584,12.08,160282.33,7.95,90.69,-2.213,-0,-1,133.81,131.57,133.37,25.01,Cornering,"Hoosier 43075 16x7.5-10 R20, 7 inch rim",6176
78.42,391.98,-2.32,76.54,-43.86,0.004,-1.49,-3.86,0.09,0.0529,-1.745,12.09,44426.89,7.96,90.67,-2.177,-0,-0.9998,133.96,131.66,133.31,25.02,Cornering,"Hoosier 43075 16x7.5-10 R20, 7 inch rim",6177
78.4,391.99,-3.19,75.74,-44.62,0.006,-2.34,-2.77,0.16,0.0716,-1.6974,12.08,25781.12,7.95,90.64,-2.124,-0,-0.9997,134,131.75,133.35,25.01,Cornering,"Hoosier 43075 16x7.5-10 R20, 7 inch rim",6178
78.38,392,-4.28,75.59,-46.87,0.001,-2.21,-2.29,0.09,0.0914,-1.6125,12.03,44429.17,7.96,90.6,-2.094,-0,-0.9998,133.96,131.61,133.39,25.02,Cornering,"Hoosier 43075 16x7.5-10 R20, 7 inch rim",6179
78.4,392.01,-4.93,75.85,-48.68,0.007,-3.07,-2.52,-0.04,0.1012,-1.5581,11.99,-99668.34,7.95,90.58,-2.045,-0,-1.0001,133.92,131.44,133.45,25.02,Cornering,"Hoosier 43075 16x7.5-10 R20, 7 inch rim",6180
78.42,392.02,-4.9,76.46,-50.45,0.006,-3.3,-2.97,-0.04,0.0972,-1.5156,12,-99624.5,7.96,90.54,-2.005,-0,-1.0001,133.81,131.26,133.49,25.01,Cornering,"Hoosier 43075 16x7.5-10 R20, 7 inch rim",6181
78.39,392.03,-4.07,76.61,-51.53,0.007,-3.49,-3.64,0.03,0.0791,-1.4867,12.05,160232.81,7.95,90.56,-1.956,-0,-1,133.79,131.06,133.47,25,Cornering,"Hoosier 43075 16x7.5-10 R20, 7 inch rim",6182
78.39,392.04,-2.66,75.9,-50.87,-0.007,-3.57,-4.25,-0.04,0.0523,-1.4922,12.15,-99559.91,7.96,90.55,-1.922,-0,-1.0001,133.7,131,133.45,24.99,Cornering,"Hoosier 43075 16x7.5-10 R20, 7 inch rim",6183
78.42,392.05,-1.26,73.88,-49.92,-0.002,-3.15,-4.63,-0.11,0.0252,-1.4798,12.19,-37942.09,7.96,90.53,-1.881,-0,-1.0002,133.66,131.02,133.39,24.97,Cornering,"Hoosier 43075 16x7.5-10 R20, 7 inch rim",6184
78.4,392.06,-0.51,71.77,-47.45,-0.01,-2.85,-5.21,0.09,0.0108,-1.5124,12.2,44332.45,7.96,90.51,-1.848,-0,-0.9998,133.62,131.04,133.27,24.96,Cornering,"Hoosier 43075 16x7.5-10 R20, 7 inch rim",6185
78.37,392.07,-0.19,69.23,-45.82,0.007,-1.88,-5.01,0.03,0.004,-1.5108,12.14,159949.83,7.96,90.48,-1.792,-0,-1,133.58,131.13,133.14,24.96,Cornering,"Hoosier 43075 16x7.5-10 R20, 7 inch rim",6186
78.4,392.08,-0.94,67.08,-43.96,0.004,-1.96,-5.03,-0.04,0.0213,-1.5258,12.06,-99430.09,7.96,90.46,-1.756,-0,-1.0001,133.49,131.22,133.04,24.96,Cornering,"Hoosier 43075 16x7.5-10 R20, 7 inch rim",6187
78.43,392.09,-1.94,65.86,-43.37,0.001,-1.56,-4.38,-0.11,0.0448,-1.5184,11.96,-37936.53,7.96,90.42,-1.714,-0,-1.0002,133.58,131.37,132.96,24.96,Cornering,"Hoosier 43075 16x7.5-10 R20, 7 inch rim",6188
78.39,392.1,-3.49,64.7,-43.33,0.013,-2.79,-3.9,-0.04,0.0806,-1.4931,11.95,-99410.43,7.95,90.38,-1.686,-0,-1.0001,133.62,131.5,132.94,24.95,Cornering,"Hoosier 43075 16x7.5-10 R20, 7 inch rim",6189
78.39,392.11,-4.65,64.6,-45.43,-0,-1.88,-3.25,0.03,0.1023,-1.422,11.96,159738.09,7.96,90.37,-1.65,-0,-1,133.62,131.5,132.96,24.92,Cornering,"Hoosier 43075 16x7.5-10 R20, 7 inch rim",6190
78.41,392.12,-5.79,64.38,-46.28,0.009,-3.36,-3.14,0.03,0.1252,-1.3912,12.05,159742.11,7.95,90.4,-1.596,-0,-1,133.55,131.42,133,24.92,Cornering,"Hoosier 43075 16x7.5-10 R20, 7 inch rim",6191
78.4,392.13,-5.78,64.54,-48.18,0.003,-3.78,-2.97,-0.11,0.12,-1.3397,12.11,-37886.39,7.96,90.41,-1.561,-0,-1.0002,133.45,131.26,133.08,24.93,Cornering,"Hoosier 43075 16x7.5-10 R20, 7 inch rim",6192
78.38,392.14,-5.29,64.22,-49.73,0.004,-4.01,-3.51,0.03,0.1065,-1.2914,12.14,159934.31,7.96,90.43,-1.504,-0,-1,133.4,131.11,133.04,24.95,Cornering,"Hoosier 43075 16x7.5-10 R20, 7 inch rim",6193
78.4,392.15,-4.29,63.32,-50.75,-0.003,-3.26,-4.06,-0.04,0.0846,-1.2477,12.11,-99535.2,7.96,90.42,-1.478,-0,-1.0001,133.25,130.98,133.06,24.98,Cornering,"Hoosier 43075 16x7.5-10 R20, 7 inch rim",6194
78.43,392.16,-2.78,61.74,-49.78,0.007,-3.15,-4.2,0.09,0.0558,-1.2402,12.04,44382.14,7.95,90.47,-1.438,-0,-0.9998,133.15,130.89,133.08,24.98,Cornering,"Hoosier 43075 16x7.5-10 R20, 7 inch rim",6195
78.4,392.17,-1.78,59.27,-48.21,0.007,-2.99,-4.58,0.03,0.0369,-1.2293,11.97,160238.7,7.95,90.5,-1.395,-0,-1,133.04,130.93,133,25,Cornering,"Hoosier 43075 16x7.5-10 R20, 7 inch rim",6196
78.38,392.18,-1.26,57.26,-45.82,0.012,-2.27,-4.72,0.03,0.0275,-1.2495,11.95,160241.27,7.95,90.52,-1.354,-0,-1,132.97,130.93,132.92,25,Cornering,"Hoosier 43075 16x7.5-10 R20, 7 inch rim",6197
78.41,392.19,-1.2,55.14,-43.55,0.004,-2.11,-4.48,0.03,0.0275,-1.2661,11.99,160280.41,7.95,90.54,-1.321,-0,-1,132.95,131.02,132.84,25,Cornering,"Hoosier 43075 16x7.5-10 R20, 7 inch rim",6198
78.41,392.2,-2,53.75,-42.82,0.004,-1.29,-4.09,0.03,0.0468,-1.2554,12.06,160357.48,7.96,90.58,-1.273,-0,-1,132.95,131.17,132.76,25.01,Cornering,"Hoosier 43075 16x7.5-10 R20, 7 inch rim",6199
78.38,392.21,-3.2,52.33,-42.73,0.007,-1.65,-3.46,0.03,0.0749,-1.2247,12.14,160359.41,7.96,90.61,-1.239,-0,-1,132.97,131.31,132.72,25.01,Cornering,"Hoosier 43075 16x7.5-10 R20, 7 inch rim",6200
78.4,392.22,-4.17,51.88,-43.74,0.003,-1.51,-2.41,0.03,0.0953,-1.1862,12.14,160473.22,7.96,90.62,-1.196,-0,-1,133,131.35,132.72,25.03,Cornering,"Hoosier 43075 16x7.5-10 R20, 7 inch rim",6201
78.42,392.23,-5.47,51.39,-45.47,0.004,-2.04,-2.15,-0.04,0.1203,-1.13,12.08,-99777.61,7.96,90.66,-1.169,-0,-1.0001,132.97,131.2,132.74,25.04,Cornering,"Hoosier 43075 16x7.5-10 R20, 7 inch rim",6202
78.4,392.24,-5.8,50.62,-47.45,-0.002,-2.9,-1.83,-0.04,0.1222,-1.0668,12,-99778.98,7.96,90.71,-1.126,-0,-1.0001,132.85,131.11,132.76,25.04,Cornering,"Hoosier 43075 16x7.5-10 R20, 7 inch rim",6203
78.39,392.25,-5.35,49.89,-49.52,0.017,-3.39,-1.88,-0.04,0.1081,-1.0075,11.92,-99780.02,7.95,90.74,-1.092,-0,-1.0001,132.7,130.93,132.76,25.04,Cornering,"Hoosier 43075 16x7.5-10 R20, 7 inch rim",6204
78.42,392.26,-4.45,49.07,-50.93,-0.007,-3.32,-2.53,-0.04,0.0874,-0.9633,11.92,-99688.77,7.96,90.79,-1.053,-0,-1.0001,132.59,130.78,132.76,25.01,Cornering,"Hoosier 43075 16x7.5-10 R20, 7 inch rim",6205
78.42,392.27,-2.69,47.34,-50.46,-0.003,-3.73,-2.55,0.16,0.0533,-0.9382,11.95,25781.83,7.96,90.79,-1.027,-0,-0.9997,132.52,130.76,132.7,25,Cornering,"Hoosier 43075 16x7.5-10 R20, 7 inch rim",6206
78.38,392.28,-1.42,45.79,-49.2,0.003,-3.13,-2.87,0.09,0.0289,-0.9306,12.02,44388.84,7.96,90.81,-0.991,-0,-0.9998,132.46,130.67,132.72,24.98,Cornering,"Hoosier 43075 16x7.5-10 R20, 7 inch rim",6207
78.39,392.29,-0.33,43.43,-46.51,0.014,-3.17,-2.86,0.09,0.0072,-0.9336,12.11,44368.64,7.95,90.83,-0.958,-0,-0.9998,132.46,130.71,132.64,24.97,Cornering,"Hoosier 43075 16x7.5-10 R20, 7 inch rim",6208
78.43,392.3,-0.29,41.49,-44.72,0.003,-1.54,-2.85,0.16,0.0066,-0.9278,12.12,25740.74,7.96,90.81,-0.917,-0,-0.9997,132.42,130.8,132.52,24.96,Cornering,"Hoosier 43075 16x7.5-10 R20, 7 inch rim",6209
78.41,392.31,-0.38,39.48,-43.02,0.004,-1.35,-1.87,0.03,0.0087,-0.9177,12.08,160041.48,7.96,90.81,-0.885,-0,-1,132.44,130.93,132.44,24.96,Cornering,"Hoosier 43075 16x7.5-10 R20, 7 inch rim",6210
78.37,392.32,-1.53,37.79,-42.37,-0,-1.19,-1.35,0.03,0.0361,-0.8921,12.02,160043.08,7.96,90.8,-0.842,-0,-1,132.57,131.13,132.38,24.96,Cornering,"Hoosier 43075 16x7.5-10 R20, 7 inch rim",6211
78.41,392.33,-2.46,36.35,-43.04,0.009,-1.49,-0.02,0.09,0.0572,-0.8446,11.92,44380.69,7.96,90.8,-0.79,-0,-0.9998,132.7,131.22,132.38,24.98,Cornering,"Hoosier 43075 16x7.5-10 R20, 7 inch rim",6212
78.42,392.34,-3.82,34.8,-44.29,0.003,-2.63,0.42,0.03,0.0862,-0.7858,11.87,160194.45,7.96,90.83,-0.762,-0,-1,132.74,131.2,132.4,24.98,Cornering,"Hoosier 43075 16x7.5-10 R20, 7 inch rim",6213
78.39,392.35,-4.58,33.33,-46.43,0.014,-3.38,0.94,0.09,0.0987,-0.7179,11.88,44402.03,7.95,90.85,-0.704,-0,-0.9998,132.67,131.09,132.44,24.99,Cornering,"Hoosier 43075 16x7.5-10 R20, 7 inch rim",6214
78.39,392.36,-4.82,31.78,-48.88,0.009,-3.72,0.77,0.09,0.0986,-0.6502,11.96,44371.42,7.95,90.87,-0.668,-0,-0.9998,132.61,130.93,132.46,24.97,Cornering,"Hoosier 43075 16x7.5-10 R20, 7 inch rim",6215
78.42,392.37,-4.13,30.22,-51.13,0.01,-3.14,0.3,0.03,0.0808,-0.591,12.03,160086.94,7.95,90.9,-0.623,-0,-1,132.57,130.78,132.48,24.97,Cornering,"Hoosier 43075 16x7.5-10 R20, 7 inch rim",6216
78.4,392.38,-2.71,28.39,-51.73,0.003,-3.12,-0.27,0.16,0.0524,-0.5488,12.08,25766.42,7.96,90.9,-0.562,-0,-0.9997,132.48,130.71,132.46,24.98,Cornering,"Hoosier 43075 16x7.5-10 R20, 7 inch rim",6217
78.38,392.39,-1.83,26.4,-50.82,-0,-2.75,-1.53,0.03,0.0359,-0.5195,12.07,160349.53,7.96,90.88,-0.516,-0,-1,132.37,130.71,132.44,25.01,Cornering,"Hoosier 43075 16x7.5-10 R20, 7 inch rim",6218
78.4,392.4,-0.89,23.92,-48.93,0.004,-2.05,-2.01,0.16,0.0181,-0.4889,12.02,25802.57,7.95,90.85,-0.473,-0,-0.9997,132.33,130.71,132.38,25.02,Cornering,"Hoosier 43075 16x7.5-10 R20, 7 inch rim",6219
78.42,392.41,-1.17,21.76,-46.12,0.006,-2.12,-3.06,0.03,0.0254,-0.472,11.96,160351.14,7.95,90.8,-0.426,-0,-1,132.29,130.76,132.24,25.01,Cornering,"Hoosier 43075 16x7.5-10 R20, 7 inch rim",6220
