AmbientRoomTemperature,ElapsedTime,LongitudinalForce,LateralForce,NormalForce,InclinationAngle,OverturningMoment,AligningTorque,WheelRotationalSpeed,NormalizedLongitudinalForce(FX/FZ),NormalizedLateralForce(FY/FZ),TirePressure,EffectiveRadius,LoadedRadius,RoadSurfaceTemperature,SlipAngle,SlipRatioTextbook,SlipRatioBasedOnRL,TireSurfaceTemperature-Center,TireSurfaceTemperature-Inboard,TireSurfaceTemperature-Outboard,RoadSpeed,testid,tireid,Index
78.72,313,-1.36,-239.69,-194.65,0.006,6.13,21.53,0.03,0.007,1.2314,12.23,160060.42,7.67,91.71,2.195,-0,-1,120.51,122.61,123.77,24.98,Cornering,"Hoosier 43075 16x7.5-10 R20, 7 inch rim",2546
78.69,313.01,-2.95,-242.02,-194.52,0.01,6.84,21.89,0.09,0.0152,1.2442,12.19,44352.43,7.67,91.68,2.245,-0,-0.9998,120.53,122.63,123.97,24.98,Cornering,"Hoosier 43075 16x7.5-10 R20, 7 inch rim",2547
78.67,313.02,-4.87,-245.58,-195.25,0.001,6.6,22.04,0.03,0.0249,1.2578,12.1,160162.12,7.67,91.65,2.275,-0,-1,120.64,122.68,124.11,25,Cornering,"Hoosier 43075 16x7.5-10 R20, 7 inch rim",2548
78.7,313.03,-6.47,-249.96,-197.36,0.01,6.72,22.53,0.03,0.0328,1.2665,12,160194.84,7.67,91.63,2.311,-0,-1,120.66,122.66,124.21,25.01,Cornering,"Hoosier 43075 16x7.5-10 R20, 7 inch rim",2549
78.71,313.04,-7.25,-254.45,-199.25,-0.002,6.51,22.58,0.16,0.0364,1.277,11.96,25770.62,7.67,91.61,2.358,-0,-0.9997,120.7,122.63,124.35,25.01,Cornering,"Hoosier 43075 16x7.5-10 R20, 7 inch rim",2550
78.67,313.05,-6.85,-259.29,-200.9,0.006,5.81,22.85,0.03,0.0341,1.2906,11.97,160073.86,7.67,91.62,2.386,-0,-1,120.7,122.7,124.46,24.99,Cornering,"Hoosier 43075 16x7.5-10 R20, 7 inch rim",2551
78.69,313.06,-5.63,-263.3,-201.98,-0.006,6.37,22.68,0.09,0.0279,1.3036,12.05,44305.2,7.67,91.64,2.419,-0,-0.9998,120.72,122.77,124.56,24.96,Cornering,"Hoosier 43075 16x7.5-10 R20, 7 inch rim",2552
78.71,313.07,-3.93,-266.9,-201.02,0.012,5.77,22.42,0.09,0.0195,1.3277,12.1,44283.28,7.67,91.64,2.457,-0,-0.9998,120.68,122.72,124.64,24.95,Cornering,"Hoosier 43075 16x7.5-10 R20, 7 inch rim",2553
78.69,313.08,-2.15,-268.59,-198.54,0.014,5.8,22.09,0.09,0.0108,1.3528,12.11,44302.12,7.67,91.62,2.504,-0,-0.9998,120.62,122.74,124.72,24.96,Cornering,"Hoosier 43075 16x7.5-10 R20, 7 inch rim",2554
78.67,313.09,-1.65,-269.49,-195.4,0.01,5.88,20.74,0.03,0.0084,1.3792,12.06,160017.12,7.67,91.64,2.535,-0,-1,120.57,122.77,124.82,24.98,Cornering,"Hoosier 43075 16x7.5-10 R20, 7 inch rim",2555
78.7,313.1,-1.3,-269.91,-193.05,0.003,6.97,20.4,0.09,0.0068,1.3981,12,44361.48,7.67,91.61,2.567,-0,-0.9998,120.51,122.74,124.8,25,Cornering,"Hoosier 43075 16x7.5-10 R20, 7 inch rim",2556
78.71,313.11,-1.76,-270.52,-190.9,0.007,7.29,20.66,-0.04,0.0092,1.4171,11.92,-99648.6,7.67,91.59,2.607,-0,-1.0001,120.51,122.68,124.86,25.03,Cornering,"Hoosier 43075 16x7.5-10 R20, 7 inch rim",2557
78.68,313.12,-2.19,-271.94,-190.65,0.02,7.89,22.34,0.03,0.0115,1.4264,11.89,160187.89,7.67,91.57,2.643,-0,-1,120.49,122.68,124.96,25.01,Cornering,"Hoosier 43075 16x7.5-10 R20, 7 inch rim",2558
78.68,313.13,-2.83,-274.54,-191.33,-0.003,8.48,24.26,0.09,0.0148,1.4349,11.93,44357.44,7.67,91.6,2.671,-0,-0.9998,120.51,122.79,125.02,25,Cornering,"Hoosier 43075 16x7.5-10 R20, 7 inch rim",2559
78.71,313.14,-3.18,-278.15,-193.4,0.01,8.74,26.38,0.09,0.0164,1.4382,12,44314.2,7.67,91.59,2.724,-0,-0.9998,120.62,122.81,125.08,24.97,Cornering,"Hoosier 43075 16x7.5-10 R20, 7 inch rim",2560
78.7,313.15,-3.6,-283.15,-195.44,0.013,7.68,27.52,0.09,0.0184,1.4488,12.09,44302.46,7.67,91.57,2.76,-0,-0.9998,120.62,122.81,125.14,24.97,Cornering,"Hoosier 43075 16x7.5-10 R20, 7 inch rim",2561
78.67,313.16,-3.25,-287.67,-196.68,0.014,6.36,28.16,0.09,0.0165,1.4626,12.12,44290.72,7.67,91.56,2.796,-0,-0.9998,120.57,122.83,125.18,24.96,Cornering,"Hoosier 43075 16x7.5-10 R20, 7 inch rim",2562
78.7,313.17,-2.22,-291.7,-198.03,0.009,6.69,28.29,0.09,0.0112,1.473,12.09,44299.41,7.67,91.52,2.835,-0,-0.9998,120.62,122.9,125.2,24.97,Cornering,"Hoosier 43075 16x7.5-10 R20, 7 inch rim",2563
78.72,313.18,-0.47,-294.64,-197.62,0.012,6.6,28.07,0.09,0.0024,1.4909,12.04,44297.68,7.67,91.5,2.876,-0,-0.9998,120.53,122.92,125.22,24.97,Cornering,"Hoosier 43075 16x7.5-10 R20, 7 inch rim",2564
78.68,313.19,0.82,-296.62,-195.41,0.003,6.6,27.08,0.09,-0.0042,1.518,11.97,44275.04,7.67,91.49,2.925,-0,-0.9998,120.53,122.9,125.2,24.96,Cornering,"Hoosier 43075 16x7.5-10 R20, 7 inch rim",2565
78.68,313.2,2.06,-297.06,-192.73,0.004,6.93,26.21,0.09,-0.0107,1.5413,11.97,44263.47,7.67,91.47,2.955,-0,-0.9998,120.53,122.85,125.24,24.95,Cornering,"Hoosier 43075 16x7.5-10 R20, 7 inch rim",2566
78.71,313.21,1.86,-297.04,-189.91,0.006,7.48,24.52,0.03,-0.0098,1.5641,12.04,159759.23,7.67,91.46,3.026,-0,-1,120.44,122.9,125.26,24.96,Cornering,"Hoosier 43075 16x7.5-10 R20, 7 inch rim",2567
78.7,313.22,0.3,-297.03,-187.68,0.01,7.88,22.66,0.03,-0.0016,1.5826,12.15,159678.38,7.67,91.49,3.068,-0,-1,120.38,122.79,125.26,24.94,Cornering,"Hoosier 43075 16x7.5-10 R20, 7 inch rim",2568
78.67,313.23,-1.72,-297.79,-187.07,0.007,8.81,21.84,0.03,0.0092,1.5918,12.22,159745.84,7.67,91.5,3.109,-0,-1,120.38,122.74,125.32,24.96,Cornering,"Hoosier 43075 16x7.5-10 R20, 7 inch rim",2569
78.69,313.24,-3.86,-300.12,-187.93,0.009,9.34,21.76,0.09,0.0206,1.597,12.24,44264.97,7.67,91.49,3.152,-0,-0.9998,120.47,122.72,125.38,24.96,Cornering,"Hoosier 43075 16x7.5-10 R20, 7 inch rim",2570
78.72,313.25,-5.66,-303.85,-189.12,0.004,8.79,22.15,0.09,0.03,1.6067,12.21,44294.03,7.67,91.5,3.191,-0,-0.9998,120.53,122.77,125.4,24.97,Cornering,"Hoosier 43075 16x7.5-10 R20, 7 inch rim",2571
78.69,313.26,-6.76,-308.38,-191.41,0.006,8.73,22.61,0.16,0.0353,1.6111,12.11,25702.23,7.67,91.5,3.225,-0,-0.9997,120.57,122.79,125.43,24.97,Cornering,"Hoosier 43075 16x7.5-10 R20, 7 inch rim",2572
78.68,313.27,-6.66,-313.2,-192.84,0.003,7.88,23.09,0.03,0.0345,1.6241,12.06,160015.09,7.67,91.45,3.274,-0,-1,120.64,122.85,125.49,25,Cornering,"Hoosier 43075 16x7.5-10 R20, 7 inch rim",2573
78.71,313.28,-5.85,-317.4,-194.31,0.004,7.73,22.99,0.09,0.0301,1.6335,12.02,44391.36,7.67,91.43,3.307,-0,-0.9998,120.68,122.85,125.57,25.03,Cornering,"Hoosier 43075 16x7.5-10 R20, 7 inch rim",2574
78.71,313.29,-4.87,-320.48,-194.88,-0.002,8.04,22.06,0.03,0.025,1.6445,12.07,160112.72,7.67,91.42,3.353,-0,-1,120.68,122.94,125.61,25.02,Cornering,"Hoosier 43075 16x7.5-10 R20, 7 inch rim",2575
78.67,313.3,-3.29,-321.58,-193.46,0.012,8.61,21.41,0.09,0.017,1.6622,12.12,44356.13,7.67,91.42,3.397,-0,-0.9998,120.68,122.96,125.63,25.01,Cornering,"Hoosier 43075 16x7.5-10 R20, 7 inch rim",2576
78.69,313.31,-1.92,-321.85,-191.02,0.006,8.76,20.42,0.03,0.0101,1.6849,12.17,159950.89,7.67,91.43,3.429,-0,-1,120.7,122.92,125.65,25,Cornering,"Hoosier 43075 16x7.5-10 R20, 7 inch rim",2577
78.71,313.32,-1.3,-320.75,-188.55,0.012,9.8,19.53,0.03,0.0069,1.7012,12.17,159869.78,7.67,91.45,3.467,-0,-1,120.62,122.9,125.67,24.98,Cornering,"Hoosier 43075 16x7.5-10 R20, 7 inch rim",2578
78.69,313.33,-0.85,-320.25,-185.63,0.003,9.15,19.7,0.03,0.0046,1.7252,12.14,159900.88,7.67,91.5,3.5,-0,-1,120.62,122.88,125.67,24.99,Cornering,"Hoosier 43075 16x7.5-10 R20, 7 inch rim",2579
78.68,313.34,-1.64,-320.57,-184.94,0.007,9.36,19.99,0.03,0.0089,1.7334,12.05,160043.7,7.67,91.52,3.53,-0,-1,120.68,122.83,125.71,25.01,Cornering,"Hoosier 43075 16x7.5-10 R20, 7 inch rim",2580
78.7,313.35,-2.81,-322.42,-185.68,0.003,9.97,21.13,0.23,0.0151,1.7364,11.96,18140.56,7.67,91.52,3.572,-0,-0.9996,120.68,122.81,125.77,25.03,Cornering,"Hoosier 43075 16x7.5-10 R20, 7 inch rim",2581
78.71,313.36,-3.58,-325.4,-187.12,0.007,10.03,23.24,0.03,0.0191,1.739,11.94,160102.69,7.66,91.54,3.612,-0,-1,120.72,122.9,125.87,25.03,Cornering,"Hoosier 43075 16x7.5-10 R20, 7 inch rim",2582
78.67,313.37,-3.58,-329.61,-189.71,0.01,10.62,25.5,0.09,0.0189,1.7374,11.95,44322.68,7.66,91.54,3.651,-0,-0.9998,120.81,122.96,125.91,25,Cornering,"Hoosier 43075 16x7.5-10 R20, 7 inch rim",2583
78.68,313.38,-3.1,-334.11,-191.82,0.001,10.39,27.19,0.09,0.0162,1.7418,12.03,44279.99,7.66,91.54,3.681,-0,-0.9998,120.85,122.94,125.99,24.98,Cornering,"Hoosier 43075 16x7.5-10 R20, 7 inch rim",2584
78.71,313.39,-2.15,-338.16,-194,0.001,10.55,27.85,0.09,0.0111,1.7431,12.07,44246.65,7.66,91.57,3.728,-0,-0.9998,120.81,122.99,126.05,24.96,Cornering,"Hoosier 43075 16x7.5-10 R20, 7 inch rim",2585
78.7,313.4,-0.82,-341.28,-194.9,0.012,10.72,27.99,-0.04,0.0042,1.751,12.08,-99182.37,7.66,91.6,3.765,-0,-1.0001,120.79,123.07,126.09,24.94,Cornering,"Hoosier 43075 16x7.5-10 R20, 7 inch rim",2586
78.67,313.41,0.49,-343.43,-194.48,0.004,10.49,27.2,0.23,-0.0025,1.7659,12.05,18080.98,7.66,91.62,3.801,-0,-0.9996,120.81,123.1,126.09,24.95,Cornering,"Hoosier 43075 16x7.5-10 R20, 7 inch rim",2587
78.7,313.42,1.39,-344.5,-192.23,-0,9.12,25.81,0.09,-0.0072,1.7921,12,44240.11,7.66,91.62,3.848,-0,-0.9998,120.81,123.03,126.09,24.96,Cornering,"Hoosier 43075 16x7.5-10 R20, 7 inch rim",2588
78.71,313.43,2.39,-344.35,-189.27,0.01,8.15,25.02,0.16,-0.0127,1.8194,11.92,25664.98,7.66,91.6,3.877,-0,-0.9997,120.79,123.05,126.13,24.95,Cornering,"Hoosier 43075 16x7.5-10 R20, 7 inch rim",2589
78.68,313.44,2.6,-343.54,-187.03,0.001,8.31,24.4,0.16,-0.0139,1.8368,11.9,25651.53,7.66,91.58,3.924,-0,-0.9997,120.75,123.05,126.11,24.94,Cornering,"Hoosier 43075 16x7.5-10 R20, 7 inch rim",2590
78.69,313.45,1.73,-343.25,-185.59,0.014,8.38,24.07,0.16,-0.0093,1.8495,11.95,25655.61,7.66,91.6,3.981,-0,-0.9997,120.75,122.99,126.13,24.94,Cornering,"Hoosier 43075 16x7.5-10 R20, 7 inch rim",2591
78.71,313.46,-0.15,-344.16,-185.18,0.006,8.9,23.99,0.16,0.0008,1.8585,12.06,25654.66,7.66,91.63,4.01,-0,-0.9997,120.81,123.05,126.13,24.94,Cornering,"Hoosier 43075 16x7.5-10 R20, 7 inch rim",2592
78.7,313.47,-2.27,-346.34,-186.69,0.009,10.26,24.13,0.09,0.0122,1.8552,12.14,44218.67,7.65,91.65,4.046,-0,-0.9998,120.85,123.14,126.17,24.96,Cornering,"Hoosier 43075 16x7.5-10 R20, 7 inch rim",2593
78.67,313.48,-3.58,-349.91,-188.47,0.001,10.56,25.13,0.09,0.019,1.8566,12.19,44257.68,7.65,91.7,4.082,-0,-0.9998,120.96,123.16,126.19,24.98,Cornering,"Hoosier 43075 16x7.5-10 R20, 7 inch rim",2594
78.7,313.49,-4.64,-354.59,-191.55,0.007,11.33,25.2,-0.04,0.0242,1.8511,12.19,-99251.48,7.65,91.72,4.129,-0,-1.0001,121,123.21,126.25,24.97,Cornering,"Hoosier 43075 16x7.5-10 R20, 7 inch rim",2595
78.71,313.5,-4.92,-359.87,-194.7,-0,11.76,24.75,0.16,0.0253,1.8483,12.11,25673.16,7.65,91.68,4.168,-0,-0.9997,121.09,123.27,126.27,24.97,Cornering,"Hoosier 43075 16x7.5-10 R20, 7 inch rim",2596
78.69,313.51,-4.23,-364.72,-196.71,0.013,11.54,24.47,0.09,0.0215,1.8541,12.04,44240.29,7.65,91.65,4.202,-0,-0.9998,121.17,123.36,126.33,24.97,Cornering,"Hoosier 43075 16x7.5-10 R20, 7 inch rim",2597
78.68,313.52,-2.91,-368.28,-197.09,0.007,10.63,23.71,0.03,0.0147,1.8686,12.01,159675.88,7.65,91.64,4.252,-0,-1,121.15,123.47,126.37,24.98,Cornering,"Hoosier 43075 16x7.5-10 R20, 7 inch rim",2598
78.71,313.53,-1.29,-369.19,-195.62,0.006,10.36,22.89,0.09,0.0066,1.8873,12.06,44256.14,7.65,91.64,4.279,-0,-0.9998,121.22,123.45,126.33,24.98,Cornering,"Hoosier 43075 16x7.5-10 R20, 7 inch rim",2599
78.7,313.54,-0.07,-369.01,-192.66,-0.002,8.97,21.96,0.09,0.0003,1.9154,12.11,44283.86,7.65,91.66,4.329,-0,-0.9998,121.26,123.47,126.31,25,Cornering,"Hoosier 43075 16x7.5-10 R20, 7 inch rim",2600
78.67,313.55,0.42,-367.31,-189.65,0.012,8.92,21.17,0.03,-0.0022,1.9368,12.22,159834.73,7.65,91.62,4.371,-0,-1,121.22,123.51,126.29,25.01,Cornering,"Hoosier 43075 16x7.5-10 R20, 7 inch rim",2601
78.69,313.56,0.17,-366.18,-187.13,-0.003,8.68,20.95,0.16,-0.0009,1.9568,12.24,25700.01,7.65,91.62,4.418,-0,-0.9997,121.17,123.43,126.21,25,Cornering,"Hoosier 43075 16x7.5-10 R20, 7 inch rim",2602
78.71,313.57,-0.76,-365.27,-185.96,0.013,9.88,21.67,0.16,0.0041,1.9642,12.21,25692.42,7.65,91.64,4.463,-0,-0.9997,121.22,123.47,126.21,25,Cornering,"Hoosier 43075 16x7.5-10 R20, 7 inch rim",2603
78.69,313.58,-1.88,-366.64,-186.79,0.001,11.18,22.9,0.09,0.0101,1.9628,12.13,44273.97,7.65,91.7,4.487,-0,-0.9998,121.32,123.51,126.27,25,Cornering,"Hoosier 43075 16x7.5-10 R20, 7 inch rim",2604
78.68,313.59,-2.91,-369.91,-188.81,0.004,12.66,24.32,0.09,0.0154,1.9592,12.06,44271.03,7.65,91.72,4.533,-0,-0.9998,121.45,123.51,126.29,25,Cornering,"Hoosier 43075 16x7.5-10 R20, 7 inch rim",2605
78.71,313.6,-3.82,-374.91,-191.58,0.013,12.78,25.17,0.03,0.0199,1.9569,12.02,159786.31,7.64,91.72,4.581,-0,-1,121.56,123.6,126.27,25.01,Cornering,"Hoosier 43075 16x7.5-10 R20, 7 inch rim",2606
78.71,313.61,-3.87,-380.36,-194.5,0.012,12.56,25.53,0.09,0.0199,1.9556,12.05,44244.35,7.64,91.72,4.627,-0,-0.9998,121.6,123.6,126.25,24.99,Cornering,"Hoosier 43075 16x7.5-10 R20, 7 inch rim",2607
78.67,313.62,-3.52,-385.64,-196.3,0.001,11.31,24.98,0.09,0.0179,1.9646,12.09,44221.46,7.64,91.7,4.663,-0,-0.9998,121.65,123.65,126.27,24.98,Cornering,"Hoosier 43075 16x7.5-10 R20, 7 inch rim",2608
78.69,313.63,-1.73,-389.39,-197.92,0.013,11.21,25.01,0.16,0.0088,1.9674,12.13,25647.87,7.64,91.66,4.696,-0,-0.9997,121.6,123.76,126.29,24.96,Cornering,"Hoosier 43075 16x7.5-10 R20, 7 inch rim",2609
78.71,313.64,-0.64,-390.77,-197.14,0.006,10.72,23.64,0.03,0.0033,1.9821,12.13,159416.12,7.64,91.63,4.736,-0,-1,121.6,123.78,126.31,24.96,Cornering,"Hoosier 43075 16x7.5-10 R20, 7 inch rim",2610
78.69,313.65,0.34,-390.13,-194.92,0.004,10.1,22.26,0.03,-0.0017,2.0015,12.08,159329.52,7.64,91.66,4.788,-0,-1,121.67,123.78,126.29,24.94,Cornering,"Hoosier 43075 16x7.5-10 R20, 7 inch rim",2611
78.68,313.66,0.66,-387.62,-191.34,0.006,9.69,20.95,0.16,-0.0035,2.0259,12.02,25637.04,7.64,91.69,4.821,-0,-0.9997,121.62,123.78,126.29,24.96,Cornering,"Hoosier 43075 16x7.5-10 R20, 7 inch rim",2612
78.71,313.67,0.5,-385.1,-188.73,-0,10.51,20.46,0.03,-0.0026,2.0405,11.93,159310.47,7.64,91.71,4.865,-0,-1,121.62,123.84,126.27,24.94,Cornering,"Hoosier 43075 16x7.5-10 R20, 7 inch rim",2613
78.71,313.68,-0.83,-383.57,-187.33,0.016,11.69,20.26,0.09,0.0044,2.0475,11.92,44153.66,7.64,91.72,4.906,-0,-0.9998,121.67,123.89,126.25,24.95,Cornering,"Hoosier 43075 16x7.5-10 R20, 7 inch rim",2614
78.68,313.69,-1.95,-384.31,-187,-0,12.62,21.46,0.23,0.0104,2.0551,11.99,18039.17,7.64,91.7,4.949,-0,-0.9996,121.86,123.89,126.29,24.93,Cornering,"Hoosier 43075 16x7.5-10 R20, 7 inch rim",2615
78.69,313.7,-3.7,-387.27,-189.21,0.003,14.4,22.31,0.09,0.0196,2.0468,12.06,44128.05,7.64,91.69,4.979,-0,-0.9998,121.97,123.95,126.27,24.94,Cornering,"Hoosier 43075 16x7.5-10 R20, 7 inch rim",2616
78.71,313.71,-4.56,-392.25,-191.27,0.001,14.04,23.55,0.03,0.0238,2.0508,12.15,159234.47,7.64,91.69,5.02,-0,-1,122.03,124.04,126.27,24.94,Cornering,"Hoosier 43075 16x7.5-10 R20, 7 inch rim",2617
78.7,313.72,-4.98,-398.19,-193.93,0.012,13.02,23.88,0.09,0.0257,2.0532,12.17,44152.61,7.63,91.7,5.067,-0,-0.9998,122.12,124.11,126.27,24.96,Cornering,"Hoosier 43075 16x7.5-10 R20, 7 inch rim",2618
78.67,313.73,-4.35,-403.94,-196.84,0.003,12.38,24.03,0.09,0.0221,2.0521,12.13,44180.5,7.64,91.69,5.107,-0,-0.9998,122.12,124.2,126.27,24.97,Cornering,"Hoosier 43075 16x7.5-10 R20, 7 inch rim",2619
78.7,313.74,-3.19,-407.98,-198.56,0.001,12.03,23.46,0.09,0.016,2.0547,12.06,44198.62,7.63,91.72,5.14,-0,-0.9998,122.14,124.26,126.35,24.98,Cornering,"Hoosier 43075 16x7.5-10 R20, 7 inch rim",2620
78.71,313.75,-1.07,-410.32,-198.14,0.001,10.16,23.28,0.09,0.0054,2.0709,12.01,44185.45,7.63,91.74,5.18,-0,-0.9998,122.08,124.31,126.31,24.98,Cornering,"Hoosier 43075 16x7.5-10 R20, 7 inch rim",2621
78.67,313.76,0.52,-408.76,-196.34,0.007,10.54,22.47,0.09,-0.0026,2.0819,12.04,44162.31,7.63,91.75,5.216,-0,-0.9998,122.08,124.35,126.27,24.97,Cornering,"Hoosier 43075 16x7.5-10 R20, 7 inch rim",2622
78.68,313.77,1.34,-405.93,-193.12,0.001,10.32,21.43,0.09,-0.0069,2.102,12.09,44179.64,7.63,91.74,5.259,-0,-0.9998,122.12,124.37,126.25,24.98,Cornering,"Hoosier 43075 16x7.5-10 R20, 7 inch rim",2623
78.71,313.78,1.36,-402.33,-190.05,-0.002,10.99,20.67,0.09,-0.0071,2.1169,12.17,44156.9,7.63,91.76,5.289,-0,-0.9998,122.1,124.35,126.25,24.97,Cornering,"Hoosier 43075 16x7.5-10 R20, 7 inch rim",2624
78.7,313.79,0.61,-399.67,-188.4,-0,13.05,20.72,0.03,-0.0032,2.1214,12.21,159411.19,7.63,91.74,5.332,-0,-1,122.08,124.42,126.25,24.98,Cornering,"Hoosier 43075 16x7.5-10 R20, 7 inch rim",2625
78.67,313.8,-0.23,-399.83,-187.98,0.007,13.95,22.06,0.09,0.0012,2.1269,12.22,44130.59,7.63,91.75,5.366,-0,-0.9998,122.25,124.44,126.21,24.96,Cornering,"Hoosier 43075 16x7.5-10 R20, 7 inch rim",2626
78.7,313.81,-1.56,-402.16,-188.82,0.006,14.53,23.4,0.09,0.0083,2.1299,12.16,44157.32,7.63,91.77,5.419,-0,-0.9998,122.35,124.46,126.23,24.97,Cornering,"Hoosier 43075 16x7.5-10 R20, 7 inch rim",2627
78.71,313.82,-2.98,-406.99,-190.43,0.006,13.77,24.21,0.09,0.0156,2.1373,12.08,44185.09,7.63,91.76,5.458,-0,-0.9998,122.48,124.59,126.21,24.99,Cornering,"Hoosier 43075 16x7.5-10 R20, 7 inch rim",2628
78.68,313.83,-3.44,-412.58,-193.38,-0.003,13.7,24.88,0.09,0.0178,2.1335,12.03,44171.64,7.63,91.78,5.499,-0,-0.9998,122.59,124.66,126.17,24.98,Cornering,"Hoosier 43075 16x7.5-10 R20, 7 inch rim",2629
78.68,313.84,-3.74,-418.85,-196.62,0.013,12.79,24.31,0.09,0.019,2.1302,12.03,44168.75,7.63,91.77,5.536,-0,-0.9998,122.68,124.79,126.19,24.98,Cornering,"Hoosier 43075 16x7.5-10 R20, 7 inch rim",2630
78.71,313.85,-2.61,-423.36,-198.41,0.007,11.62,23.82,0.09,0.0132,2.1338,12.06,44155.93,7.63,91.72,5.569,-0,-0.9998,122.78,124.83,126.19,24.98,Cornering,"Hoosier 43075 16x7.5-10 R20, 7 inch rim",2631
78.71,313.86,-1.48,-425.66,-199.07,-0.005,11.38,22.67,0.09,0.0074,2.1383,12.15,44121.36,7.63,91.66,5.618,-0,-0.9998,122.76,124.92,126.23,24.96,Cornering,"Hoosier 43075 16x7.5-10 R20, 7 inch rim",2632
78.67,313.87,-0.07,-424.44,-198.02,0.014,11.99,21.55,0.09,0.0004,2.1434,12.16,44097.69,7.62,91.62,5.658,-0,-0.9998,122.8,124.94,126.19,24.95,Cornering,"Hoosier 43075 16x7.5-10 R20, 7 inch rim",2633
78.69,313.88,1,-421.14,-194.71,0.007,11.75,20.35,0.23,-0.0051,2.163,12.15,18024.64,7.62,91.58,5.697,-0,-0.9996,122.83,124.99,126.15,24.94,Cornering,"Hoosier 43075 16x7.5-10 R20, 7 inch rim",2634
78.72,313.89,0.99,-416.77,-191.47,0.009,12.4,19.06,0.09,-0.0052,2.1767,12.08,44060.89,7.62,91.56,5.734,-0,-0.9998,122.78,124.97,126.09,24.93,Cornering,"Hoosier 43075 16x7.5-10 R20, 7 inch rim",2635
78.69,313.9,0.33,-413.62,-188.48,-0.002,12.89,18.75,0.16,-0.0018,2.1945,11.98,25577.67,7.62,91.57,5.778,-0,-0.9997,122.78,124.97,126.09,24.94,Cornering,"Hoosier 43075 16x7.5-10 R20, 7 inch rim",2636
78.67,313.91,-0.75,-413.18,-187.65,0.014,13.91,19.35,0.09,0.004,2.2019,11.92,44074.41,7.62,91.61,5.82,-0,-0.9998,122.8,124.99,126.05,24.94,Cornering,"Hoosier 43075 16x7.5-10 R20, 7 inch rim",2637
78.71,313.92,-1.89,-415.18,-188.58,0.007,15.09,20.69,0.16,0.01,2.2017,11.91,25585.62,7.62,91.66,5.861,-0,-0.9997,123.04,125.1,126.05,24.95,Cornering,"Hoosier 43075 16x7.5-10 R20, 7 inch rim",2638
78.71,313.93,-3.63,-419.72,-190.24,0.016,14.6,21.58,0.16,0.0191,2.2062,11.97,25583.84,7.62,91.69,5.899,-0,-0.9997,123.17,125.16,126.05,24.95,Cornering,"Hoosier 43075 16x7.5-10 R20, 7 inch rim",2639
78.67,313.94,-4.46,-425.64,-193.22,0.017,14.51,22.22,0.16,0.0231,2.203,12.05,25581.84,7.62,91.68,5.94,-0,-0.9997,123.28,125.3,126.09,24.95,Cornering,"Hoosier 43075 16x7.5-10 R20, 7 inch rim",2640
78.69,313.95,-4.31,-431.84,-195.78,-0.002,13.62,22.55,0.03,0.022,2.2057,12.1,159151.05,7.62,91.67,5.98,-0,-1,123.38,125.36,126.07,24.97,Cornering,"Hoosier 43075 16x7.5-10 R20, 7 inch rim",2641
78.71,313.96,-3.61,-437.15,-198.26,0.007,12.53,22.25,0.09,0.0182,2.205,12.09,44098.96,7.62,91.65,6.018,-0,-0.9998,123.53,125.36,126.13,24.97,Cornering,"Hoosier 43075 16x7.5-10 R20, 7 inch rim",2642
78.69,313.97,-2.4,-439.63,-199.25,0.001,12.54,21.45,0.09,0.012,2.2064,12.07,44105.32,7.62,91.61,6.063,-0,-0.9998,123.53,125.39,126.13,24.97,Cornering,"Hoosier 43075 16x7.5-10 R20, 7 inch rim",2643
78.67,313.98,-1.01,-439.16,-198.57,0.004,12.82,20.38,0.16,0.0051,2.2116,12,25615.79,7.62,91.62,6.096,-0,-0.9997,123.58,125.36,126.15,24.99,Cornering,"Hoosier 43075 16x7.5-10 R20, 7 inch rim",2644
78.71,313.99,0.49,-435.74,-196.05,0.013,13.15,19.74,-0.04,-0.0025,2.2226,11.95,-99040.3,7.62,91.6,6.134,-0,-1.0001,123.53,125.36,126.07,25,Cornering,"Hoosier 43075 16x7.5-10 R20, 7 inch rim",2645
78.71,314,1.07,-431.52,-191.9,0.01,12.47,18.76,0.09,-0.0056,2.2486,11.98,44147.04,7.62,91.57,6.174,-0,-0.9998,123.6,125.32,126.07,25,Cornering,"Hoosier 43075 16x7.5-10 R20, 7 inch rim",2646
78.67,314.01,0.64,-428.07,-189.27,0.009,13.64,18.12,0.09,-0.0034,2.2617,12.04,44132.7,7.62,91.49,6.221,-0,-0.9998,123.53,125.27,126.11,25,Cornering,"Hoosier 43075 16x7.5-10 R20, 7 inch rim",2647
78.69,314.02,-0.08,-426.49,-187.78,0.003,14.57,18.69,0.09,0.0004,2.2712,12.13,44119.2,7.62,91.42,6.258,-0,-0.9998,123.58,125.32,126.03,24.99,Cornering,"Hoosier 43075 16x7.5-10 R20, 7 inch rim",2648
78.71,314.03,-1.34,-427.88,-187.78,-0.003,15.41,19.8,0.03,0.0072,2.2786,12.22,159240.17,7.62,91.39,6.288,-0,-1,123.71,125.41,125.99,25,Cornering,"Hoosier 43075 16x7.5-10 R20, 7 inch rim",2649
78.69,314.04,-2.58,-432.09,-189.51,-0,15.6,20.98,0.23,0.0136,2.2801,12.22,18036.25,7.61,91.4,6.331,-0,-0.9996,123.88,125.5,125.97,24.99,Cornering,"Hoosier 43075 16x7.5-10 R20, 7 inch rim",2650
78.67,314.05,-3.58,-437.72,-192.1,0.012,15.21,21.82,0.03,0.0186,2.2786,12.17,159248.2,7.61,91.39,6.378,-0,-1,124.01,125.61,125.95,25,Cornering,"Hoosier 43075 16x7.5-10 R20, 7 inch rim",2651
78.7,314.06,-3.72,-443.95,-194.39,0.01,13.6,22.16,0.16,0.0191,2.2838,12.11,25617.42,7.61,91.37,6.414,-0,-0.9997,124.07,125.72,125.91,25.01,Cornering,"Hoosier 43075 16x7.5-10 R20, 7 inch rim",2652
78.72,314.07,-3.09,-449.24,-197.44,0.007,13.8,22.02,-0.04,0.0156,2.2753,12.04,-99000.06,7.61,91.34,6.453,-0,-1.0001,124.09,125.8,125.95,25.01,Cornering,"Hoosier 43075 16x7.5-10 R20, 7 inch rim",2653
78.68,314.08,-2.05,-452.65,-198.82,-0.002,12.84,21.18,0.09,0.0103,2.2767,12.04,44128.27,7.61,91.35,6.5,-0,-0.9998,124.2,125.94,125.93,25.01,Cornering,"Hoosier 43075 16x7.5-10 R20, 7 inch rim",2654
78.68,314.09,-1.01,-452.83,-199.06,0.016,13.23,19.99,0.09,0.0051,2.2748,12.08,44115.04,7.61,91.35,6.533,-0,-0.9998,124.16,126.05,125.93,25,Cornering,"Hoosier 43075 16x7.5-10 R20, 7 inch rim",2655
78.71,314.1,0.5,-449.85,-196.76,0.01,13.46,18.99,0.09,-0.0026,2.2863,12.17,44070.07,7.61,91.35,6.577,-0,-0.9998,124.22,126.16,125.87,24.98,Cornering,"Hoosier 43075 16x7.5-10 R20, 7 inch rim",2656
78.7,314.11,0.87,-445.31,-193.53,0.001,13.87,17.42,0.09,-0.0045,2.301,12.22,44035.29,7.61,91.37,6.622,-0,-0.9998,124.2,126.18,125.83,24.96,Cornering,"Hoosier 43075 16x7.5-10 R20, 7 inch rim",2657
78.67,314.12,0.81,-441.13,-190.62,0.017,14.32,16.91,0.16,-0.0043,2.3142,12.19,25556.71,7.61,91.39,6.663,-0,-0.9997,124.22,126.22,125.75,24.96,Cornering,"Hoosier 43075 16x7.5-10 R20, 7 inch rim",2658
78.7,314.13,0.23,-439.05,-188.13,-0,14.64,17.02,0.03,-0.0012,2.3338,12.14,158810.23,7.61,91.41,6.699,-0,-1,124.24,126.29,125.73,24.95,Cornering,"Hoosier 43075 16x7.5-10 R20, 7 inch rim",2659
78.71,314.14,-1.41,-439.85,-188.14,0.01,15.64,17.49,0.03,0.0075,2.3379,12.06,158720.95,7.61,91.41,6.745,-0,-1,124.35,126.46,125.67,24.94,Cornering,"Hoosier 43075 16x7.5-10 R20, 7 inch rim",2660
78.68,314.15,-3.16,-443.1,-189.93,0.004,16.95,18.31,0.09,0.0166,2.3329,11.98,43990.98,7.61,91.41,6.768,-0,-0.9998,124.56,126.62,125.59,24.94,Cornering,"Hoosier 43075 16x7.5-10 R20, 7 inch rim",2661
78.68,314.16,-3.83,-448.56,-191.34,0.006,15.64,19.92,0.09,0.02,2.3443,11.96,43965.79,7.61,91.45,6.818,-0,-0.9998,124.71,126.79,125.63,24.93,Cornering,"Hoosier 43075 16x7.5-10 R20, 7 inch rim",2662
78.71,314.17,-4.74,-454.46,-194.46,-0.002,15.47,19.87,0.16,0.0244,2.337,12,25522.8,7.61,91.49,6.849,-0,-0.9997,124.89,126.88,125.73,24.94,Cornering,"Hoosier 43075 16x7.5-10 R20, 7 inch rim",2663
78.71,314.18,-4.52,-460.24,-197.19,0.006,14.44,19.79,0.09,0.0229,2.334,12.07,43969.04,7.6,91.5,6.891,-0,-0.9998,124.95,127.06,125.75,24.94,Cornering,"Hoosier 43075 16x7.5-10 R20, 7 inch rim",2664
78.67,314.19,-3.22,-463.82,-198.75,-0,13.45,19.64,0.3,0.0162,2.3337,12.12,13871.5,7.61,91.52,6.938,-0,-0.9995,125.06,127.17,125.83,24.93,Cornering,"Hoosier 43075 16x7.5-10 R20, 7 inch rim",2665
78.69,314.2,-2.02,-464.29,-198.98,0.006,13.21,18.54,0.03,0.0102,2.3333,12.11,158639.94,7.6,91.54,6.98,-0,-1,125.1,127.32,125.85,24.94,Cornering,"Hoosier 43075 16x7.5-10 R20, 7 inch rim",2666
78.71,314.21,-0.7,-461.17,-198.03,0.003,13.72,17.19,0.03,0.0035,2.3288,12.08,158738.45,7.6,91.53,7.014,-0,-1,125.14,127.41,125.81,24.96,Cornering,"Hoosier 43075 16x7.5-10 R20, 7 inch rim",2667
78.69,314.22,0.57,-456.35,-195.48,0.007,13.72,16.26,0.16,-0.0029,2.3345,12,25552.72,7.6,91.56,7.056,-0,-0.9997,125.21,127.48,125.75,24.98,Cornering,"Hoosier 43075 16x7.5-10 R20, 7 inch rim",2668
78.67,314.23,0.94,-451.35,-192.21,0.007,14.29,15.56,0.09,-0.0049,2.3482,11.94,44030.11,7.6,91.55,7.103,-0,-0.9998,125.27,127.45,125.73,24.98,Cornering,"Hoosier 43075 16x7.5-10 R20, 7 inch rim",2669
78.71,314.24,0.63,-448.7,-190.35,0.009,15.62,15.8,0.03,-0.0033,2.3572,11.93,158911.17,7.6,91.57,7.15,-0,-1,125.34,127.52,125.65,24.99,Cornering,"Hoosier 43075 16x7.5-10 R20, 7 inch rim",2670
78.71,314.25,-0.22,-448.98,-189.25,-0,16.25,16.55,0.09,0.0012,2.3724,11.96,44023.41,7.6,91.59,7.17,-0,-0.9998,125.49,127.61,125.61,24.98,Cornering,"Hoosier 43075 16x7.5-10 R20, 7 inch rim",2671
78.67,314.26,-2.12,-452.09,-190.02,0.001,17.32,17.28,0.16,0.0112,2.3791,12.05,25525.51,7.6,91.61,7.219,-0,-0.9997,125.59,127.83,125.51,24.96,Cornering,"Hoosier 43075 16x7.5-10 R20, 7 inch rim",2672
78.69,314.27,-2.8,-456.92,-191.22,0.004,16.68,18.89,0.09,0.0146,2.3895,12.1,43973.79,7.6,91.59,7.258,-0,-0.9998,125.87,127.96,125.49,24.96,Cornering,"Hoosier 43075 16x7.5-10 R20, 7 inch rim",2673
78.71,314.28,-3.54,-463,-193.43,0.004,15.54,19.53,0.03,0.0183,2.3936,12.11,158670.22,7.6,91.62,7.306,-0,-1,125.94,128.16,125.53,24.96,Cornering,"Hoosier 43075 16x7.5-10 R20, 7 inch rim",2674
78.69,314.29,-3.63,-468.77,-196.12,0.007,14.5,19.48,0.09,0.0185,2.3903,12.08,43974.98,7.6,91.57,7.346,-0,-0.9998,126.02,128.31,125.55,24.97,Cornering,"Hoosier 43075 16x7.5-10 R20, 7 inch rim",2675
78.67,314.3,-3.07,-473.28,-198.46,-0.002,13.34,18.86,0.09,0.0155,2.3848,12.02,43961.4,7.6,91.56,7.379,-0,-0.9998,126.11,128.44,125.61,24.96,Cornering,"Hoosier 43075 16x7.5-10 R20, 7 inch rim",2676
78.71,314.31,-1.94,-474.08,-199.88,0.012,13.87,17.99,0.09,0.0097,2.3718,11.97,43946.62,7.59,91.59,7.424,-0,-0.9998,126.22,128.53,125.65,24.96,Cornering,"Hoosier 43075 16x7.5-10 R20, 7 inch rim",2677
78.71,314.32,-0.53,-471.4,-199.66,-0.003,14.46,16.92,0.09,0.0026,2.361,11.99,43923.1,7.6,91.62,7.454,-0,-0.9998,126.28,128.62,125.63,24.94,Cornering,"Hoosier 43075 16x7.5-10 R20, 7 inch rim",2678
78.68,314.33,0.4,-466.13,-197.56,0.009,14.96,15.53,0.16,-0.002,2.3595,12.03,25449,7.59,91.63,7.51,-0,-0.9997,126.28,128.71,125.53,24.9,Cornering,"Hoosier 43075 16x7.5-10 R20, 7 inch rim",2679
78.68,314.34,0.77,-460.67,-194.13,0.009,14.98,14.5,0.09,-0.004,2.373,12.14,43812.11,7.59,91.59,7.54,-0,-0.9998,126.34,128.75,125.45,24.89,Cornering,"Hoosier 43075 16x7.5-10 R20, 7 inch rim",2680
78.71,314.35,0.9,-457.24,-191.44,0.009,15.59,14.6,0.09,-0.0047,2.3884,12.2,43777.91,7.59,91.53,7.574,-0,-0.9998,126.45,128.75,125.34,24.87,Cornering,"Hoosier 43075 16x7.5-10 R20, 7 inch rim",2681
78.7,314.36,-0.15,-456.6,-189.93,0.009,16.73,15.03,0.09,0.0008,2.4041,12.22,43793.95,7.59,91.51,7.616,-0,-0.9998,126.54,128.91,125.3,24.88,Cornering,"Hoosier 43075 16x7.5-10 R20, 7 inch rim",2682
78.67,314.37,-1.71,-459.38,-189.74,0.004,17.02,15.9,0.09,0.009,2.4212,12.17,43809.35,7.59,91.47,7.663,-0,-0.9998,126.73,129.1,125.24,24.89,Cornering,"Hoosier 43075 16x7.5-10 R20, 7 inch rim",2683
78.7,314.38,-3.25,-464.66,-190.87,-0.003,16.59,17.09,0.03,0.017,2.4345,12.09,158155.59,7.6,91.46,7.696,-0,-1,126.99,129.35,125.26,24.9,Cornering,"Hoosier 43075 16x7.5-10 R20, 7 inch rim",2684
78.71,314.39,-4.22,-470.76,-193.71,0.01,16.51,18.17,0.16,0.0218,2.4303,12.04,25434.5,7.59,91.45,7.746,-0,-0.9997,127.22,129.63,125.28,24.9,Cornering,"Hoosier 43075 16x7.5-10 R20, 7 inch rim",2685
78.68,314.4,-4.67,-476.38,-196.1,0.01,15.07,18.24,0.16,0.0238,2.4293,12.03,25450.56,7.59,91.43,7.773,-0,-0.9997,127.35,129.68,125.3,24.92,Cornering,"Hoosier 43075 16x7.5-10 R20, 7 inch rim",2686
78.68,314.41,-3.86,-480.88,-199.05,0.001,14.56,18.09,0.16,0.0194,2.4158,12.07,25465.99,7.59,91.43,7.81,-0,-0.9997,127.52,129.9,125.38,24.94,Cornering,"Hoosier 43075 16x7.5-10 R20, 7 inch rim",2687
78.71,314.42,-2.73,-482,-200.13,0.01,13.59,17.2,0.09,0.0136,2.4085,12.17,43911.25,7.59,91.44,7.853,-0,-0.9998,127.57,130.03,125.4,24.96,Cornering,"Hoosier 43075 16x7.5-10 R20, 7 inch rim",2688
78.71,314.43,-1.25,-479.35,-200.57,0.01,14.47,16,0.09,0.0062,2.39,12.23,43936.52,7.59,91.47,7.902,-0,-0.9998,127.61,130.18,125.4,24.98,Cornering,"Hoosier 43075 16x7.5-10 R20, 7 inch rim",2689
78.67,314.44,0.38,-473.74,-198.67,0.01,14.82,15.1,0.09,-0.0019,2.3845,12.23,43912.35,7.59,91.5,7.936,-0,-0.9998,127.7,130.29,125.34,24.97,Cornering,"Hoosier 43075 16x7.5-10 R20, 7 inch rim",2690
78.71,314.45,1,-467.49,-196.06,-0,15.92,13.87,0.16,-0.0051,2.3844,12.19,25479.47,7.59,91.52,7.971,-0,-0.9997,127.72,130.34,125.24,24.96,Cornering,"Hoosier 43075 16x7.5-10 R20, 7 inch rim",2691
78.71,314.46,1.57,-463.78,-193.15,0.019,15.95,13.92,0.09,-0.0081,2.4011,12.12,43913.35,7.59,91.59,8.019,-0,-0.9998,127.78,130.38,125.2,24.97,Cornering,"Hoosier 43075 16x7.5-10 R20, 7 inch rim",2692
78.69,314.47,0.86,-462.66,-191.09,0.009,16.27,14.15,0.23,-0.0045,2.4212,12.04,17961.49,7.59,91.6,8.054,-0,-0.9996,127.85,130.49,125.1,24.98,Cornering,"Hoosier 43075 16x7.5-10 R20, 7 inch rim",2693
78.67,314.48,-1.09,-465.13,-190.33,0.004,16.81,14.42,0.09,0.0057,2.4438,12,43904.87,7.59,91.6,8.095,-0,-0.9998,127.95,130.71,125.08,24.97,Cornering,"Hoosier 43075 16x7.5-10 R20, 7 inch rim",2694
78.71,314.49,-2.36,-469.94,-191.92,0.004,17.66,15.7,0.23,0.0123,2.4486,12.03,17953.77,7.59,91.59,8.131,-0,-0.9996,128.17,130.98,125.02,24.98,Cornering,"Hoosier 43075 16x7.5-10 R20, 7 inch rim",2695
78.7,314.5,-3.57,-475.88,-193.6,0.013,16.65,16.6,0.09,0.0185,2.4581,12.11,43844.23,7.59,91.57,8.181,-0,-0.9998,128.34,131.24,125.08,24.94,Cornering,"Hoosier 43075 16x7.5-10 R20, 7 inch rim",2696
78.67,314.51,-4.22,-481.47,-195.47,0.001,15.32,16.9,0.16,0.0216,2.4631,12.14,25427.77,7.59,91.58,8.22,-0,-0.9997,128.49,131.37,125.12,24.93,Cornering,"Hoosier 43075 16x7.5-10 R20, 7 inch rim",2697
78.69,314.52,-4.26,-486.01,-198.37,0.009,14.78,16.65,0.16,0.0215,2.4501,12.14,25430.94,7.58,91.64,8.261,-0,-0.9997,128.51,131.55,125.18,24.93,Cornering,"Hoosier 43075 16x7.5-10 R20, 7 inch rim",2698
78.72,314.53,-3.28,-488.18,-199.91,0.004,14.37,16.21,0.16,0.0164,2.442,12.09,25451.82,7.58,91.68,8.303,-0,-0.9997,128.49,131.77,125.24,24.96,Cornering,"Hoosier 43075 16x7.5-10 R20, 7 inch rim",2699
78.69,314.54,-1.85,-486.94,-201.18,0.004,15.28,15.23,0.03,0.0092,2.4204,12.03,158492.23,7.58,91.7,8.324,-0,-1,128.6,131.9,125.24,25,Cornering,"Hoosier 43075 16x7.5-10 R20, 7 inch rim",2700
78.67,314.55,-0.28,-482.26,-199.71,-0.003,15.22,14.2,0.09,0.0014,2.4148,11.95,43924.25,7.58,91.69,8.372,-0,-0.9998,128.53,131.99,125.18,25,Cornering,"Hoosier 43075 16x7.5-10 R20, 7 inch rim",2701
78.71,314.56,0.35,-476.2,-197.7,0.007,15.93,12.72,0.09,-0.0018,2.4087,11.96,43909.23,7.58,91.69,8.413,-0,-0.9998,128.6,132.12,125.1,25,Cornering,"Hoosier 43075 16x7.5-10 R20, 7 inch rim",2702
78.71,314.57,0.78,-470.91,-194.8,0.012,16.19,12.14,0.16,-0.004,2.4174,12,25470.37,7.58,91.7,8.466,-0,-0.9997,128.64,132.21,125.04,24.98,Cornering,"Hoosier 43075 16x7.5-10 R20, 7 inch rim",2703
78.67,314.58,0.24,-468.87,-193.05,0.007,17.06,11.9,0.16,-0.0012,2.4287,12.06,25450.49,7.58,91.71,8.498,-0,-0.9997,128.75,132.23,125,24.97,Cornering,"Hoosier 43075 16x7.5-10 R20, 7 inch rim",2704
78.68,314.59,-0.65,-470.09,-191.72,-0,17.07,12.77,0.09,0.0034,2.4519,12.11,43822.85,7.58,91.72,8.542,-0,-0.9998,128.86,132.38,124.94,24.96,Cornering,"Hoosier 43075 16x7.5-10 R20, 7 inch rim",2705
78.71,314.6,-2.41,-473.82,-192.11,0.001,17.5,13.42,0.09,0.0125,2.4663,12.11,43798.43,7.58,91.68,8.576,-0,-0.9998,129.07,132.71,124.9,24.94,Cornering,"Hoosier 43075 16x7.5-10 R20, 7 inch rim",2706
78.69,314.61,-4.06,-479.74,-193.49,0.007,16.78,14.12,0.09,0.021,2.4794,12.06,43824.7,7.58,91.68,8.612,-0,-0.9998,129.37,132.93,124.9,24.96,Cornering,"Hoosier 43075 16x7.5-10 R20, 7 inch rim",2707
78.67,314.62,-4.53,-485.36,-195.58,0.009,15.84,15.14,0.09,0.0232,2.4816,12,43817.52,7.58,91.66,8.672,-0,-0.9998,129.65,133.11,124.92,24.96,Cornering,"Hoosier 43075 16x7.5-10 R20, 7 inch rim",2708
78.7,314.63,-4.33,-489.72,-198.29,0.007,15.86,15.32,0.09,0.0218,2.4698,11.95,43824.08,7.58,91.62,8.702,-0,-0.9998,129.82,133.27,124.98,24.97,Cornering,"Hoosier 43075 16x7.5-10 R20, 7 inch rim",2709
78.71,314.64,-3.79,-492.21,-199.69,0.006,15.07,14.71,0.23,0.019,2.4649,11.95,17912.58,7.58,91.63,8.732,-0,-0.9996,129.97,133.51,125.06,24.96,Cornering,"Hoosier 43075 16x7.5-10 R20, 7 inch rim",2710
78.67,314.65,-2.42,-491.75,-200.78,0.007,15.24,13.93,0.09,0.0121,2.4492,12.01,43784.39,7.58,91.63,8.778,-0,-0.9998,130.1,133.68,125.06,24.95,Cornering,"Hoosier 43075 16x7.5-10 R20, 7 inch rim",2711
78.68,314.66,-0.81,-488.01,-200.53,0.001,15.64,13.14,0.09,0.004,2.4336,12.12,43749.18,7.58,91.67,8.817,-0,-0.9998,130.25,133.84,125.06,24.93,Cornering,"Hoosier 43075 16x7.5-10 R20, 7 inch rim",2712
78.71,314.67,0.35,-481.94,-199.06,0.004,16.42,12.16,0.03,-0.0017,2.4211,12.18,157899.69,7.58,91.67,8.85,-0,-1,130.38,133.93,125.02,24.94,Cornering,"Hoosier 43075 16x7.5-10 R20, 7 inch rim",2713
78.7,314.68,1.18,-475.72,-196.71,0.01,16.82,11.55,0.09,-0.006,2.4184,12.19,43759.36,7.58,91.69,8.9,-0,-0.9998,130.51,134.1,124.96,24.94,Cornering,"Hoosier 43075 16x7.5-10 R20, 7 inch rim",2714
78.67,314.69,0.87,-472.46,-194.73,0.014,16.98,11.15,0.16,-0.0045,2.4262,12.15,25402.03,7.58,91.69,8.937,-0,-0.9997,130.74,134.21,124.88,24.95,Cornering,"Hoosier 43075 16x7.5-10 R20, 7 inch rim",2715
78.7,314.7,-0.27,-472.27,-193.2,0.001,17.29,11.19,0.16,0.0014,2.4444,12.09,25406.09,7.58,91.71,8.963,-0,-0.9997,130.96,134.34,124.8,24.96,Cornering,"Hoosier 43075 16x7.5-10 R20, 7 inch rim",2716
78.71,314.71,-1.41,-475.84,-192.92,0.003,17.49,12.39,0.16,0.0073,2.4665,12.05,25432.18,7.58,91.7,9.01,-0,-0.9997,131.19,134.63,124.76,24.98,Cornering,"Hoosier 43075 16x7.5-10 R20, 7 inch rim",2717
78.69,314.72,-3.07,-480.98,-193.62,0.009,17.07,13.09,0.16,0.0159,2.4841,12.01,25446.87,7.58,91.71,9.052,-0,-0.9997,131.49,134.87,124.8,25,Cornering,"Hoosier 43075 16x7.5-10 R20, 7 inch rim",2718
78.68,314.73,-3.82,-486.26,-195.67,-0,16.96,14.02,0.09,0.0195,2.4851,12.07,43846.07,7.58,91.7,9.102,-0,-0.9998,131.71,135.07,124.9,25.01,Cornering,"Hoosier 43075 16x7.5-10 R20, 7 inch rim",2719
78.71,314.74,-4.28,-490.64,-198,0.009,16.5,14.1,0.09,0.0216,2.478,12.14,43800.01,7.57,91.72,9.145,-0,-0.9998,131.92,135.22,124.96,24.98,Cornering,"Hoosier 43075 16x7.5-10 R20, 7 inch rim",2720
78.7,314.75,-3.74,-494.07,-200.29,0.007,15.92,13.81,0.09,0.0187,2.4668,12.2,43786.22,7.58,91.72,9.173,-0,-0.9998,132.12,135.36,125.06,24.98,Cornering,"Hoosier 43075 16x7.5-10 R20, 7 inch rim",2721
78.68,314.76,-2.83,-494.55,-201.32,0.009,15.45,12.95,0.09,0.0141,2.4565,12.21,43740.68,7.57,91.74,9.212,-0,-0.9998,132.16,135.53,125.16,24.96,Cornering,"Hoosier 43075 16x7.5-10 R20, 7 inch rim",2722
78.7,314.77,-1.3,-491.75,-201.96,0.01,16.44,12.18,0.16,0.0064,2.4348,12.17,25396.35,7.57,91.73,9.258,-0,-0.9997,132.27,135.66,125.2,24.97,Cornering,"Hoosier 43075 16x7.5-10 R20, 7 inch rim",2723
78.71,314.78,-0.11,-486.79,-200.51,0.017,16.2,11.13,0.16,0.0005,2.4278,12.08,25399.27,7.57,91.72,9.298,-0,-0.9997,132.37,135.77,125.18,24.97,Cornering,"Hoosier 43075 16x7.5-10 R20, 7 inch rim",2724
78.69,314.79,0.64,-481.16,-198.48,0.004,16.52,10.11,0.09,-0.0032,2.4242,12.02,43755.03,7.57,91.72,9.338,-0,-0.9998,132.57,135.97,125.08,24.97,Cornering,"Hoosier 43075 16x7.5-10 R20, 7 inch rim",2725
78.68,314.8,1.07,-476.49,-196.32,0.007,17.12,9.85,0.03,-0.0055,2.4271,12.01,157881.89,7.57,91.71,9.374,-0,-1,132.67,136.04,125.02,24.97,Cornering,"Hoosier 43075 16x7.5-10 R20, 7 inch rim",2726
78.71,314.81,0.62,-475.53,-194.52,-0,17.06,9.93,0.16,-0.0032,2.4446,12.08,25367,7.57,91.69,9.414,-0,-0.9997,132.87,136.19,124.96,24.95,Cornering,"Hoosier 43075 16x7.5-10 R20, 7 inch rim",2727
78.7,314.82,-0.66,-477.41,-194.3,0.01,18.15,10.59,0.16,0.0034,2.4571,12.14,25334.41,7.57,91.69,9.455,-0,-0.9997,133.15,136.46,124.86,24.92,Cornering,"Hoosier 43075 16x7.5-10 R20, 7 inch rim",2728
78.67,314.83,-2.24,-481.58,-194.06,-0.003,17.75,11.54,0.16,0.0115,2.4816,12.22,25313.92,7.58,91.69,9.493,-0,-0.9997,133.45,136.7,124.88,24.9,Cornering,"Hoosier 43075 16x7.5-10 R20, 7 inch rim",2729
78.7,314.84,-3.55,-486.55,-195.09,-0.006,17.5,12.38,0.09,0.0182,2.494,12.22,43617.1,7.57,91.66,9.54,-0,-0.9998,133.77,137.01,124.9,24.91,Cornering,"Hoosier 43075 16x7.5-10 R20, 7 inch rim",2730
78.71,314.85,-4.39,-491.11,-196.65,0.012,16.23,12.74,0.09,0.0223,2.4974,12.15,43622.16,7.57,91.68,9.579,-0,-0.9998,134,137.14,124.92,24.92,Cornering,"Hoosier 43075 16x7.5-10 R20, 7 inch rim",2731
78.69,314.86,-4.73,-494.69,-199.22,0.01,15.98,12.38,0.09,0.0237,2.4831,12.08,43647.5,7.57,91.72,9.617,-0,-0.9998,134.15,137.23,125,24.93,Cornering,"Hoosier 43075 16x7.5-10 R20, 7 inch rim",2732
78.68,314.87,-3.92,-496.22,-200.96,-0.006,15.64,11.76,0.03,0.0195,2.4693,12,157489.3,7.58,91.74,9.662,-0,-1,134.22,137.4,125.06,24.93,Cornering,"Hoosier 43075 16x7.5-10 R20, 7 inch rim",2733
78.71,314.88,-2.66,-494.85,-201.66,0.006,15.5,10.98,0.09,0.0132,2.4538,11.98,43657.89,7.57,91.75,9.692,-0,-0.9998,134.35,137.56,125.08,24.94,Cornering,"Hoosier 43075 16x7.5-10 R20, 7 inch rim",2734
78.71,314.89,-0.89,-490.35,-202.06,0.013,16.91,10.37,0.09,0.0044,2.4267,12,43651.19,7.57,91.77,9.742,-0,-0.9998,134.43,137.73,125.06,24.94,Cornering,"Hoosier 43075 16x7.5-10 R20, 7 inch rim",2735
78.68,314.9,0.17,-485.04,-200.1,-0,16.7,9.31,0.09,-0.0009,2.4239,12.06,43647.73,7.57,91.75,9.768,-0,-0.9998,134.58,137.84,125.04,24.94,Cornering,"Hoosier 43075 16x7.5-10 R20, 7 inch rim",2736
78.69,314.91,1.01,-479.91,-197.76,0.006,16.94,9.03,0.03,-0.0051,2.4268,12.12,157632.69,7.57,91.74,9.819,-0,-1,134.71,137.91,124.94,24.97,Cornering,"Hoosier 43075 16x7.5-10 R20, 7 inch rim",2737
78.71,314.92,0.7,-477.09,-195.83,0.004,17.78,8.62,0.09,-0.0036,2.4362,12.13,43686.45,7.57,91.73,9.856,-0,-0.9998,134.82,137.98,124.82,24.97,Cornering,"Hoosier 43075 16x7.5-10 R20, 7 inch rim",2738
78.7,314.93,-0.08,-477.71,-193.8,0.006,17.51,9.22,0.23,0.0004,2.465,12.08,17859.96,7.57,91.73,9.892,-0,-0.9996,135.06,138.15,124.74,24.97,Cornering,"Hoosier 43075 16x7.5-10 R20, 7 inch rim",2739
78.68,314.94,-1.69,-481.28,-194.38,0.007,18.13,9.69,0.03,0.0087,2.4759,12.02,157537.78,7.57,91.73,9.938,-0,-1,135.36,138.42,124.68,24.96,Cornering,"Hoosier 43075 16x7.5-10 R20, 7 inch rim",2740
78.71,314.95,-2.95,-485.47,-194.96,0.004,18.08,10.64,0.16,0.0151,2.4901,11.95,25335.74,7.57,91.72,9.969,-0,-0.9997,135.64,138.7,124.74,24.96,Cornering,"Hoosier 43075 16x7.5-10 R20, 7 inch rim",2741
78.72,314.96,-3.67,-490.46,-196.59,0.003,16.98,11.48,0.16,0.0187,2.4948,11.94,25320.09,7.57,91.69,10.018,-0,-0.9997,135.91,138.83,124.8,24.95,Cornering,"Hoosier 43075 16x7.5-10 R20, 7 inch rim",2742
78.69,314.97,-3.77,-494.22,-199.36,0.013,16.93,11.96,0.09,0.0189,2.479,11.98,43627.97,7.57,91.69,10.061,-0,-0.9998,136.04,138.88,124.96,24.96,Cornering,"Hoosier 43075 16x7.5-10 R20, 7 inch rim",2743
78.69,314.98,-3.49,-496.55,-201.04,0.003,16.37,11.47,0.09,0.0173,2.4699,12.08,43623.2,7.57,91.71,10.095,-0,-0.9998,136.09,138.97,125.06,24.96,Cornering,"Hoosier 43075 16x7.5-10 R20, 7 inch rim",2744
78.72,314.99,-2.75,-496.39,-202.17,-0,15.9,10.44,0.23,0.0136,2.4553,12.15,17834.22,7.57,91.74,10.128,-0,-0.9996,136.19,139.12,125.18,24.96,Cornering,"Hoosier 43075 16x7.5-10 R20, 7 inch rim",2745
78.7,315,-1.45,-492.99,-202.77,0.009,17.08,9.75,0.16,0.0071,2.4313,12.17,25313.16,7.57,91.79,10.177,-0,-0.9997,136.28,139.3,125.18,24.96,Cornering,"Hoosier 43075 16x7.5-10 R20, 7 inch rim",2746
78.68,315.01,-0.07,-487.52,-201.33,-0,17.44,8.98,0.09,0.0003,2.4215,12.14,43617.14,7.57,91.8,10.211,-0,-0.9998,136.47,139.49,125.16,24.96,Cornering,"Hoosier 43075 16x7.5-10 R20, 7 inch rim",2747
78.7,315.02,0.92,-482.25,-199.16,0.01,17.28,8.53,0.09,-0.0046,2.4214,12.07,43632.36,7.57,91.8,10.247,-0,-0.9998,136.71,139.6,125.12,24.97,Cornering,"Hoosier 43075 16x7.5-10 R20, 7 inch rim",2748
78.71,315.03,1.33,-478.66,-196.68,0.004,17.01,8.34,0.09,-0.0067,2.4337,12.02,43626.7,7.57,91.8,10.287,-0,-0.9998,136.92,139.8,125.08,24.97,Cornering,"Hoosier 43075 16x7.5-10 R20, 7 inch rim",2749
78.68,315.04,0.41,-477.56,-195.36,0.004,17.82,8.05,0.03,-0.0021,2.4444,12.03,157448.56,7.57,91.8,10.333,-0,-1,137.22,139.93,124.98,24.98,Cornering,"Hoosier 43075 16x7.5-10 R20, 7 inch rim",2750
78.68,315.05,-1.02,-480.19,-194.48,0.003,17.21,8.53,0.16,0.0052,2.4691,12.08,25320.23,7.57,91.78,10.378,-0,-0.9997,137.5,140.2,124.88,24.98,Cornering,"Hoosier 43075 16x7.5-10 R20, 7 inch rim",2751
78.71,315.06,-2.37,-484.1,-195.44,0.013,17.89,9.51,0.03,0.0121,2.477,12.17,157300.66,7.57,91.79,10.408,-0,-1,137.82,140.51,124.88,24.96,Cornering,"Hoosier 43075 16x7.5-10 R20, 7 inch rim",2752
78.69,315.07,-3.66,-488.58,-196.98,-0.003,17.89,10.18,0.23,0.0186,2.4803,12.22,17816.01,7.57,91.84,10.443,-0,-0.9996,138.06,140.64,124.92,24.96,Cornering,"Hoosier 43075 16x7.5-10 R20, 7 inch rim",2753
78.67,315.08,-4.33,-492.5,-198.94,0.007,16.91,10.54,0.09,0.0217,2.4756,12.23,43558.21,7.57,91.87,10.483,-0,-0.9998,138.23,140.73,125.02,24.95,Cornering,"Hoosier 43075 16x7.5-10 R20, 7 inch rim",2754
78.69,315.09,-4.26,-495.47,-201.45,0.007,16.74,10.16,0.09,0.0211,2.4595,12.19,43541.89,7.57,91.89,10.526,-0,-0.9998,138.27,140.82,125.14,24.94,Cornering,"Hoosier 43075 16x7.5-10 R20, 7 inch rim",2755
78.71,315.1,-3.61,-496.25,-203.09,0.007,16.59,9.45,0.09,0.0178,2.4435,12.1,43543.5,7.57,91.89,10.585,-0,-0.9998,138.3,140.97,125.22,24.95,Cornering,"Hoosier 43075 16x7.5-10 R20, 7 inch rim",2756
78.68,315.11,-2.1,-494.25,-203.52,0.014,16.37,8.8,0.09,0.0103,2.4286,12.03,43558.11,7.56,91.94,10.624,-0,-0.9998,138.38,141.12,125.3,24.96,Cornering,"Hoosier 43075 16x7.5-10 R20, 7 inch rim",2757
78.68,315.12,-0.72,-489.42,-202.93,0.007,16.65,7.73,0.03,0.0035,2.4117,12.04,157133.33,7.57,91.97,10.658,-0,-1,138.57,141.3,125.22,24.96,Cornering,"Hoosier 43075 16x7.5-10 R20, 7 inch rim",2758
78.71,315.13,0.39,-483.51,-202.11,0.01,17.75,7.16,0.16,-0.0019,2.3923,12.11,25257.68,7.57,91.99,10.703,-0,-0.9997,138.83,141.41,125.14,24.94,Cornering,"Hoosier 43075 16x7.5-10 R20, 7 inch rim",2759
78.7,315.14,0.73,-478.83,-199.11,0.007,17.55,6.54,0.09,-0.0037,2.4048,12.16,43490.76,7.56,92.01,10.738,-0,-0.9998,139.09,141.48,125.1,24.93,Cornering,"Hoosier 43075 16x7.5-10 R20, 7 inch rim",2760
78.67,315.15,0.59,-477.1,-197.47,0.004,17.8,6.59,0.03,-0.003,2.4161,12.18,156849.06,7.56,92.01,10.781,-0,-1,139.3,141.63,125.12,24.92,Cornering,"Hoosier 43075 16x7.5-10 R20, 7 inch rim",2761
78.7,315.16,-0.88,-477.86,-196.37,-0.002,18.04,6.5,0.16,0.0045,2.4335,12.15,25230.27,7.57,91.99,10.817,-0,-0.9997,139.63,141.83,125.08,24.93,Cornering,"Hoosier 43075 16x7.5-10 R20, 7 inch rim",2762
78.71,315.17,-2.4,-481.45,-196.71,0.006,18.32,7.33,0.16,0.0122,2.4475,12.08,25232.31,7.56,91.96,10.861,-0,-0.9997,139.9,142.14,125.02,24.93,Cornering,"Hoosier 43075 16x7.5-10 R20, 7 inch rim",2763
78.68,315.18,-3.9,-485.65,-197.45,0.006,17.63,7.81,0.09,0.0198,2.4596,12.02,43487.82,7.56,91.96,10.894,-0,-0.9998,140.16,142.33,125.08,24.94,Cornering,"Hoosier 43075 16x7.5-10 R20, 7 inch rim",2764
78.67,315.19,-4.82,-489.86,-199.31,0.006,17.21,8.3,0.09,0.0242,2.4578,11.95,43500.1,7.56,91.96,10.947,-0,-0.9998,140.29,142.44,125.16,24.96,Cornering,"Hoosier 43075 16x7.5-10 R20, 7 inch rim",2765
78.71,315.2,-5.01,-493.13,-201.25,0.003,16.51,8.38,-0.04,0.0249,2.4504,11.97,-97640.59,7.56,91.95,10.973,-0,-1.0001,140.33,142.44,125.32,24.97,Cornering,"Hoosier 43075 16x7.5-10 R20, 7 inch rim",2766
78.71,315.21,-3.98,-494.86,-203.24,0.012,16.74,8.43,0.09,0.0196,2.4349,12.03,43529.29,7.56,91.95,11.022,-0,-0.9998,140.33,142.53,125.47,24.98,Cornering,"Hoosier 43075 16x7.5-10 R20, 7 inch rim",2767
78.68,315.22,-2.84,-493.92,-203.72,0.004,16.21,7.66,0.03,0.0139,2.4245,12.14,157069.06,7.56,91.99,11.049,-0,-1,140.42,142.66,125.57,24.98,Cornering,"Hoosier 43075 16x7.5-10 R20, 7 inch rim",2768
78.69,315.23,-0.98,-490.21,-204.19,0.016,17.61,7.41,0.09,0.0048,2.4008,12.17,43497.57,7.56,92.01,11.098,-0,-0.9998,140.55,142.88,125.57,24.97,Cornering,"Hoosier 43075 16x7.5-10 R20, 7 inch rim",2769
78.72,315.24,0.57,-485.21,-202.6,0.006,17.27,6.99,0.09,-0.0028,2.3949,12.16,43480.92,7.56,92.05,11.141,-0,-0.9998,140.83,143.1,125.53,24.96,Cornering,"Hoosier 43075 16x7.5-10 R20, 7 inch rim",2770
78.7,315.25,0.91,-479.78,-200.46,0.013,17.83,6.08,0.09,-0.0046,2.3934,12.12,43464.91,7.56,92.08,11.179,-0,-0.9998,141.04,143.24,125.51,24.96,Cornering,"Hoosier 43075 16x7.5-10 R20, 7 inch rim",2771
78.68,315.26,1.07,-476.65,-197.92,0.009,17.34,6.07,0.23,-0.0054,2.4083,12.05,17764.18,7.56,92.11,11.228,-0,-0.9996,141.39,143.41,125.49,24.95,Cornering,"Hoosier 43075 16x7.5-10 R20, 7 inch rim",2772
78.7,315.27,0.34,-476.18,-196.4,0.013,17.69,6.15,0.23,-0.0017,2.4245,12.04,17770.18,7.56,92.12,11.264,-0,-0.9996,141.64,143.61,125.4,24.96,Cornering,"Hoosier 43075 16x7.5-10 R20, 7 inch rim",2773
78.71,315.28,-0.93,-478.52,-196.4,0.017,17.97,6.79,0.09,0.0048,2.4364,12.07,43455.59,7.56,92.15,11.305,-0,-0.9998,141.94,143.87,125.34,24.96,Cornering,"Hoosier 43075 16x7.5-10 R20, 7 inch rim",2774
78.68,315.29,-2.61,-482.24,-197.54,0.01,18.3,7.42,0.23,0.0132,2.4412,12.16,17765.65,7.56,92.13,11.335,-0,-0.9996,142.26,144.16,125.32,24.96,Cornering,"Hoosier 43075 16x7.5-10 R20, 7 inch rim",2775
78.69,315.3,-4.12,-485.65,-198.72,-0,17.81,7.53,-0.04,0.0207,2.4439,12.22,-97414.24,7.56,92.13,11.368,-0,-1.0001,142.37,144.34,125.36,24.95,Cornering,"Hoosier 43075 16x7.5-10 R20, 7 inch rim",2776
78.71,315.31,-4.45,-488.62,-200.54,0.004,17.25,8.03,0.16,0.0222,2.4365,12.25,25201.07,7.56,92.16,11.413,-0,-0.9997,142.39,144.29,125.47,24.95,Cornering,"Hoosier 43075 16x7.5-10 R20, 7 inch rim",2777
78.7,315.32,-4.2,-490.96,-202.12,0.001,16.53,7.67,0.23,0.0208,2.4291,12.22,17745.88,7.56,92.17,11.451,-0,-0.9996,142.35,144.34,125.57,24.94,Cornering,"Hoosier 43075 16x7.5-10 R20, 7 inch rim",2778
78.67,315.33,-2.87,-491.14,-204.05,0.013,17.04,7.66,0.03,0.0141,2.407,12.14,156567.55,7.56,92.2,11.491,-0,-1,142.33,144.4,125.71,24.94,Cornering,"Hoosier 43075 16x7.5-10 R20, 7 inch rim",2779
78.69,315.34,-1.92,-489.27,-204.33,0.01,16.84,6.23,0.16,0.0094,2.3946,12.06,25178.14,7.56,92.22,11.536,-0,-0.9997,142.41,144.56,125.79,24.94,Cornering,"Hoosier 43075 16x7.5-10 R20, 7 inch rim",2780
78.71,315.35,-0.47,-485.21,-204,-0.002,17.69,5.59,0.03,0.0023,2.3785,12.03,156480.61,7.56,92.24,11.58,-0,-1,142.65,144.69,125.77,24.93,Cornering,"Hoosier 43075 16x7.5-10 R20, 7 inch rim",2781
78.69,315.36,-0.15,-480.54,-202.19,0.003,17.77,4.14,0.16,0.0007,2.3767,12.07,25171.43,7.56,92.3,11.609,-0,-0.9997,142.89,144.91,125.75,24.94,Cornering,"Hoosier 43075 16x7.5-10 R20, 7 inch rim",2782
78.67,315.37,-0.53,-477.14,-200.54,0.017,18.73,2.83,0.16,0.0026,2.3792,12.14,25179.03,7.56,92.32,11.653,-0,-0.9997,143.21,145.04,125.71,24.95,Cornering,"Hoosier 43075 16x7.5-10 R20, 7 inch rim",2783
78.71,315.38,-2.61,-476.01,-198.68,0.007,19.03,0.58,0.09,0.0131,2.3959,12.19,43387.84,7.56,92.34,11.672,-0,-0.9998,143.42,145.2,125.65,24.96,Cornering,"Hoosier 43075 16x7.5-10 R20, 7 inch rim",2784
78.7,315.39,-5.69,-477.26,-198.13,0.012,19.51,-1.8,0.09,0.0287,2.4088,12.22,43404.32,7.56,92.35,11.695,-0,-0.9998,143.66,145.48,125.59,24.97,Cornering,"Hoosier 43075 16x7.5-10 R20, 7 inch rim",2785
78.67,315.4,-8.6,-480.2,-199,0.007,20.21,-3.21,0.09,0.0432,2.413,12.17,43439.34,7.56,92.34,11.728,-0,-0.9998,143.92,145.79,125.53,24.99,Cornering,"Hoosier 43075 16x7.5-10 R20, 7 inch rim",2786
78.69,315.41,-11.15,-484.1,-199.39,0.007,18.04,-4.42,0.03,0.0559,2.4279,12.08,156867.61,7.56,92.32,11.729,-0,-1,144.15,145.99,125.57,25.01,Cornering,"Hoosier 43075 16x7.5-10 R20, 7 inch rim",2787
78.72,315.42,-10.89,-487.54,-200.73,0.012,16.64,-3.27,0.23,0.0542,2.4288,12,17780.95,7.56,92.3,11.736,-0,-0.9996,144.22,146.01,125.67,25.02,Cornering,"Hoosier 43075 16x7.5-10 R20, 7 inch rim",2788
78.68,315.43,-9.57,-490.04,-202.37,0.01,15.53,-2.05,0.03,0.0473,2.4215,11.96,156886.5,7.56,92.29,11.759,-0,-1,144.15,146.03,125.81,25.01,Cornering,"Hoosier 43075 16x7.5-10 R20, 7 inch rim",2789
78.68,315.44,-9.19,-490.83,-203.9,0.01,15,-3.13,0.09,0.0451,2.4072,11.98,43452.34,7.56,92.31,11.772,-0,-0.9998,144.15,146.05,125.91,25,Cornering,"Hoosier 43075 16x7.5-10 R20, 7 inch rim",2790
78.7,315.45,-10.12,-489.41,-205.07,0.001,16.23,-6.43,0.16,0.0494,2.3865,12.05,25222.07,7.56,92.31,11.756,-0,-0.9997,144.15,146.23,125.99,25,Cornering,"Hoosier 43075 16x7.5-10 R20, 7 inch rim",2791
78.71,315.46,-11.5,-485.99,-204.97,0.003,16.77,-10.22,0.09,0.0561,2.3711,12.11,43424.43,7.56,92.31,11.758,-0,-0.9998,144.41,146.45,125.99,24.98,Cornering,"Hoosier 43075 16x7.5-10 R20, 7 inch rim",2792
78.68,315.47,-12.19,-481.94,-204.05,0.001,17.2,-12.83,0.16,0.0598,2.3619,12.12,25197.47,7.56,92.31,11.769,-0,-0.9997,144.73,146.76,125.95,24.98,Cornering,"Hoosier 43075 16x7.5-10 R20, 7 inch rim",2793
78.68,315.48,-12.12,-478.52,-201.73,0.007,16.56,-13.78,0.03,0.0601,2.3721,12.1,156627.03,7.56,92.27,11.768,-0,-1,145.08,146.87,125.93,24.97,Cornering,"Hoosier 43075 16x7.5-10 R20, 7 inch rim",2794
78.69,315.5,-9.01,-477.1,-199.13,0.001,16.89,-8.43,0.16,0.0453,2.3959,11.94,25197.21,7.56,92.29,12.304,-0,-0.9997,145.72,147.18,125.85,24.98,Cornering,"Hoosier 43075 16x7.5-10 R20, 7 inch rim",2795
78.68,315.51,-7.01,-478.96,-198.8,-0,17.08,-3.58,-0.04,0.0352,2.4093,11.9,-97435.72,7.56,92.27,12.285,-0,-1.0001,146.04,147.44,125.77,24.99,Cornering,"Hoosier 43075 16x7.5-10 R20, 7 inch rim",2796
78.71,315.52,-6.23,-481.32,-199.43,0.01,17.27,0.22,0.09,0.0313,2.4135,11.93,43446.66,7.56,92.24,12.277,-0,-0.9998,146.23,147.73,125.83,25,Cornering,"Hoosier 43075 16x7.5-10 R20, 7 inch rim",2797
78.71,315.53,-6.39,-483.04,-200.87,0.01,17.65,2.53,0.03,0.0318,2.4047,12.02,156821.28,7.56,92.23,12.278,-0,-1,146.36,147.88,125.91,25,Cornering,"Hoosier 43075 16x7.5-10 R20, 7 inch rim",2798
78.68,315.54,-5.17,-485.05,-202.72,-0,18.07,5.49,0.09,0.0255,2.3927,12.08,43438.42,7.56,92.26,12.265,-0,-0.9998,146.28,147.88,126.05,24.99,Cornering,"Hoosier 43075 16x7.5-10 R20, 7 inch rim",2799
78.68,315.55,-2.93,-486.94,-204.53,0.004,17.9,8.19,0.23,0.0143,2.3807,12.11,17756.79,7.56,92.27,12.26,-0,-0.9996,146.13,147.84,126.17,24.98,Cornering,"Hoosier 43075 16x7.5-10 R20, 7 inch rim",2800
78.72,315.56,0.04,-487.25,-205.63,-0.002,17.76,10.66,0.16,-0.0002,2.3695,12.08,25184.21,7.56,92.25,12.255,-0,-0.9997,146.11,147.95,126.27,24.96,Cornering,"Hoosier 43075 16x7.5-10 R20, 7 inch rim",2801
78.69,315.57,2.46,-485.86,-205.75,-0,17.03,11.76,0.09,-0.012,2.3614,12.04,43381.19,7.56,92.21,12.245,-0,-0.9998,146.13,148.08,126.25,24.96,Cornering,"Hoosier 43075 16x7.5-10 R20, 7 inch rim",2802
78.67,315.58,4.37,-483.23,-205.64,0.006,17.03,12.24,0.09,-0.0213,2.3498,11.99,43361.5,7.56,92.18,12.242,-0,-0.9998,146.41,148.28,126.21,24.94,Cornering,"Hoosier 43075 16x7.5-10 R20, 7 inch rim",2803
78.71,315.59,5.26,-479.81,-203.76,0.01,16.96,11.88,0.09,-0.0258,2.3547,11.97,43371.34,7.56,92.17,12.244,-0,-0.9998,146.73,148.39,126.13,24.95,Cornering,"Hoosier 43075 16x7.5-10 R20, 7 inch rim",2804
78.71,315.6,4.73,-477.45,-201.02,-0,16.41,10.66,0.16,-0.0235,2.3751,12.03,25162.68,7.56,92.17,12.235,-0,-0.9997,147.05,148.54,126.05,24.94,Cornering,"Hoosier 43075 16x7.5-10 R20, 7 inch rim",2805
78.68,315.61,4.26,-476.37,-199.35,0.013,16.71,10.3,0.09,-0.0214,2.3897,12.11,43331.73,7.56,92.15,12.24,-0,-0.9998,147.35,148.65,126.03,24.93,Cornering,"Hoosier 43075 16x7.5-10 R20, 7 inch rim",2806
78.68,315.62,2.77,-476.82,-198.29,0.012,17.3,9.69,-0.04,-0.014,2.4047,12.18,-97207.21,7.56,92.15,12.23,-0,-1.0001,147.63,148.85,125.97,24.93,Cornering,"Hoosier 43075 16x7.5-10 R20, 7 inch rim",2807
78.71,315.63,0.38,-478.2,-197.9,-0,17.14,8.44,0.03,-0.0019,2.4163,12.22,156413.17,7.56,92.14,12.23,-0,-1,147.89,149.11,125.97,24.93,Cornering,"Hoosier 43075 16x7.5-10 R20, 7 inch rim",2808
78.69,315.64,-3.21,-480.07,-199.61,0.007,18.29,5.77,0.16,0.0161,2.405,12.21,25169.59,7.56,92.13,12.224,-0,-0.9997,148.12,149.27,126.03,24.94,Cornering,"Hoosier 43075 16x7.5-10 R20, 7 inch rim",2809
78.67,315.65,-7.84,-481.63,-201.36,0.007,18.44,1.36,0.16,0.0389,2.3919,12.14,25166.13,7.56,92.12,12.198,-0,-0.9997,148.12,149.27,126.21,24.94,Cornering,"Hoosier 43075 16x7.5-10 R20, 7 inch rim",2810
78.7,315.66,-10.65,-483.68,-203.43,0.012,17.89,-2.13,0.16,0.0524,2.3776,12.11,25185.14,7.56,92.1,12.182,-0,-0.9997,148.04,149.2,126.4,24.96,Cornering,"Hoosier 43075 16x7.5-10 R20, 7 inch rim",2811
78.71,315.67,-11.72,-484.91,-204.82,-0,17.06,-4.92,0.03,0.0572,2.3675,12.08,156671.78,7.56,92.1,12.159,-0,-1,147.97,149.16,126.52,24.97,Cornering,"Hoosier 43075 16x7.5-10 R20, 7 inch rim",2812
78.68,315.68,-10.6,-484.13,-205.74,-0.003,17.27,-6.19,0.16,0.0515,2.3531,12.11,25202,7.56,92.09,12.126,-0,-0.9997,147.93,149.2,126.58,24.97,Cornering,"Hoosier 43075 16x7.5-10 R20, 7 inch rim",2813
78.68,315.69,-9.86,-482.11,-205.83,0.003,17.56,-8.15,0.16,0.0479,2.3422,12.18,25210.62,7.56,92.11,12.096,-0,-0.9997,148.19,149.44,126.62,24.97,Cornering,"Hoosier 43075 16x7.5-10 R20, 7 inch rim",2814
78.71,315.7,-11.88,-479.13,-204.07,-0.007,16.94,-12.74,0.09,0.0582,2.3479,12.22,43439.46,7.56,92.13,12.069,-0,-0.9998,148.51,149.58,126.52,24.97,Cornering,"Hoosier 43075 16x7.5-10 R20, 7 inch rim",2815
78.71,315.71,-14.01,-476.05,-202.24,0.014,17.04,-16.59,0.16,0.0693,2.3539,12.22,25203.38,7.56,92.15,12.048,-0,-0.9997,148.81,149.71,126.46,24.96,Cornering,"Hoosier 43075 16x7.5-10 R20, 7 inch rim",2816
78.67,315.72,-15.66,-474.78,-199.53,0.009,16.35,-18.64,0.09,0.0785,2.3795,12.17,43400.77,7.56,92.14,11.995,-0,-0.9998,149.11,149.84,126.4,24.94,Cornering,"Hoosier 43075 16x7.5-10 R20, 7 inch rim",2817
78.69,315.73,-15.98,-475.07,-197.99,0.001,16.42,-17.67,0.03,0.0807,2.3995,12.11,156680.84,7.56,92.17,11.952,-0,-1,149.37,150.1,126.31,24.95,Cornering,"Hoosier 43075 16x7.5-10 R20, 7 inch rim",2818
78.72,315.74,-14.1,-476.94,-197.84,0.006,16.87,-13.03,0.23,0.0712,2.4107,12.04,17775.84,7.56,92.18,11.902,-0,-0.9996,149.62,150.39,126.29,24.98,Cornering,"Hoosier 43075 16x7.5-10 R20, 7 inch rim",2819
78.69,315.75,-11.42,-479.44,-198.59,0.009,16.95,-6.86,0.09,0.0575,2.4142,12.03,43502.48,7.56,92.18,11.86,-0,-0.9998,149.77,150.61,126.25,24.99,Cornering,"Hoosier 43075 16x7.5-10 R20, 7 inch rim",2820
78.67,315.76,-8.74,-480.86,-200.5,0.012,18.09,-1.02,0.09,0.0436,2.3983,12.09,43550.85,7.56,92.19,11.809,-0,-0.9998,149.88,150.72,126.4,25.01,Cornering,"Hoosier 43075 16x7.5-10 R20, 7 inch rim",2821
78.71,315.77,-7.13,-482.58,-201.83,0.006,17.04,2.55,0.09,0.0353,2.391,12.13,43526.98,7.56,92.2,11.767,-0,-0.9998,149.69,150.63,126.52,25,Cornering,"Hoosier 43075 16x7.5-10 R20, 7 inch rim",2822
78.71,315.78,-6.06,-483.68,-203.83,0.004,17.36,4.45,0.16,0.0297,2.3729,12.19,25250.94,7.56,92.19,11.715,-0,-0.9997,149.54,150.61,126.68,24.98,Cornering,"Hoosier 43075 16x7.5-10 R20, 7 inch rim",2823
78.67,315.79,-3.79,-484.15,-205.4,0.004,17.73,6.39,0.09,0.0185,2.3571,12.17,43482.67,7.56,92.19,11.661,-0,-0.9998,149.43,150.65,126.74,24.96,Cornering,"Hoosier 43075 16x7.5-10 R20, 7 inch rim",2824
78.68,315.8,-0.57,-483.22,-205.68,0.006,17.55,8.71,0.09,0.0028,2.3494,12.08,43458.48,7.56,92.21,11.621,-0,-0.9998,149.5,150.87,126.76,24.94,Cornering,"Hoosier 43075 16x7.5-10 R20, 7 inch rim",2825
78.71,315.81,3.17,-481.06,-204.92,0.013,17.4,11.58,0.09,-0.0154,2.3476,12,43474.23,7.56,92.21,11.584,-0,-0.9998,149.75,151.03,126.7,24.95,Cornering,"Hoosier 43075 16x7.5-10 R20, 7 inch rim",2826
78.69,315.82,5.75,-478.56,-202.06,0.01,16.16,13.33,-0.04,-0.0285,2.3684,11.94,-97539.3,7.56,92.24,11.537,-0,-1.0001,150.07,151.25,126.58,24.95,Cornering,"Hoosier 43075 16x7.5-10 R20, 7 inch rim",2827
78.68,315.83,6.24,-477.3,-200.36,0.003,16.06,13.6,0.16,-0.0311,2.3822,11.93,25241.57,7.56,92.3,11.489,-0,-0.9997,150.42,151.31,126.52,24.95,Cornering,"Hoosier 43075 16x7.5-10 R20, 7 inch rim",2828
78.7,315.84,5.11,-476.5,-198.33,-0,16.14,13.05,0.16,-0.0258,2.4026,11.96,25262.28,7.56,92.35,11.453,-0,-0.9997,150.68,151.45,126.44,24.97,Cornering,"Hoosier 43075 16x7.5-10 R20, 7 inch rim",2829
78.71,315.85,3.39,-476.81,-198.49,0.004,17.66,12.84,0.16,-0.0171,2.4021,12.03,25282.99,7.56,92.37,11.418,-0,-0.9997,150.98,151.62,126.33,24.98,Cornering,"Hoosier 43075 16x7.5-10 R20, 7 inch rim",2830
78.68,315.86,1.37,-477.76,-197.65,0.01,17.07,13.2,0.03,-0.007,2.4172,12.08,157286.44,7.56,92.41,11.382,-0,-1,151.13,151.86,126.35,25,Cornering,"Hoosier 43075 16x7.5-10 R20, 7 inch rim",2831
78.68,315.87,0.17,-479.01,-198.94,0.01,17.73,14.13,0.16,-0.0008,2.4079,12.08,25324.26,7.56,92.42,11.348,-0,-0.9997,151.25,151.97,126.37,25.02,Cornering,"Hoosier 43075 16x7.5-10 R20, 7 inch rim",2832
78.71,315.88,-0.71,-479.93,-200.89,0.001,18.92,14.35,0.09,0.0035,2.389,12.04,43635.84,7.56,92.48,11.315,-0,-0.9998,151.13,151.93,126.54,25.02,Cornering,"Hoosier 43075 16x7.5-10 R20, 7 inch rim",2833
78.7,315.89,-0.97,-482.13,-202.77,0.01,18.32,14.03,0.03,0.0048,2.3777,11.95,157492.95,7.56,92.51,11.269,-0,-1,150.89,151.82,126.72,25.02,Cornering,"Hoosier 43075 16x7.5-10 R20, 7 inch rim",2834
78.67,315.9,-0.9,-483.87,-204.76,0.019,17.8,12.71,0.09,0.0044,2.3631,11.89,43697.2,7.56,92.56,11.242,-0,-0.9998,150.63,151.75,126.9,25.05,Cornering,"Hoosier 43075 16x7.5-10 R20, 7 inch rim",2835
78.71,315.91,-0.3,-484.16,-205.54,0.001,16.98,11.18,0.16,0.0015,2.3556,11.87,25383.5,7.56,92.57,11.204,-0,-0.9997,150.53,151.82,126.92,25.07,Cornering,"Hoosier 43075 16x7.5-10 R20, 7 inch rim",2836
78.71,315.92,-0.21,-482.77,-205.48,0.009,16.56,8.78,0.16,0.001,2.3495,11.91,25392.42,7.56,92.58,11.169,-0,-0.9997,150.61,151.89,126.94,25.07,Cornering,"Hoosier 43075 16x7.5-10 R20, 7 inch rim",2837
78.68,315.93,0.52,-480.44,-204.18,0.013,16.33,7.45,0.03,-0.0025,2.3531,12,157814.5,7.56,92.59,11.144,-0,-1,150.87,152.04,126.8,25.06,Cornering,"Hoosier 43075 16x7.5-10 R20, 7 inch rim",2838
78.68,315.94,0.65,-477.93,-201.36,0.009,15.72,6.06,0.16,-0.0032,2.3735,12.08,25350.8,7.56,92.63,11.106,-0,-0.9997,151.19,152.06,126.68,25.03,Cornering,"Hoosier 43075 16x7.5-10 R20, 7 inch rim",2839
78.71,315.95,-0.44,-475.74,-199.11,0.013,16.83,4.48,0.16,0.0022,2.3894,12.1,25329.85,7.56,92.64,11.075,-0,-0.9997,151.51,152.06,126.66,25,Cornering,"Hoosier 43075 16x7.5-10 R20, 7 inch rim",2840
78.7,315.96,-2.81,-474.32,-197.69,0.01,18.2,2.83,0.03,0.0142,2.3993,12.06,157433.48,7.56,92.66,11.035,-0,-1,151.77,152.17,126.62,24.99,Cornering,"Hoosier 43075 16x7.5-10 R20, 7 inch rim",2841
78.67,315.97,-5.18,-474.74,-197.39,-0.006,19.12,2.09,0.03,0.0263,2.4051,12,157566.14,7.56,92.65,10.991,-0,-1,152.01,152.39,126.58,25.01,Cornering,"Hoosier 43075 16x7.5-10 R20, 7 inch rim",2842
78.7,315.98,-7.19,-476.01,-198.14,0.003,19.13,2.15,0.09,0.0363,2.4025,11.94,43718.25,7.56,92.66,10.958,-0,-0.9998,152.16,152.53,126.62,25.04,Cornering,"Hoosier 43075 16x7.5-10 R20, 7 inch rim",2843
78.72,315.99,-8.14,-478.05,-200.33,0.007,19.54,2.94,0.03,0.0406,2.3863,11.95,157864.84,7.56,92.68,10.908,-0,-1,152.13,152.46,126.74,25.05,Cornering,"Hoosier 43075 16x7.5-10 R20, 7 inch rim",2844
78.69,316,-8.5,-481.18,-202.45,0.003,18.08,3.19,0.03,0.042,2.3768,12,157992.89,7.56,92.68,10.872,-0,-1,151.94,152.28,126.92,25.07,Cornering,"Hoosier 43075 16x7.5-10 R20, 7 inch rim",2845
78.68,316.01,-8.04,-483.22,-204.41,0.007,17.16,3.09,0.09,0.0393,2.364,12.09,43775.94,7.56,92.69,10.838,-0,-0.9998,151.66,152.2,127.04,25.06,Cornering,"Hoosier 43075 16x7.5-10 R20, 7 inch rim",2846
78.71,316.02,-7.05,-484.47,-205.58,0.006,16.02,2.87,0.09,0.0343,2.3566,12.18,43741.93,7.56,92.68,10.792,-0,-0.9998,151.47,152.13,127.18,25.04,Cornering,"Hoosier 43075 16x7.5-10 R20, 7 inch rim",2847
78.71,316.03,-5.94,-484.17,-205.74,0.007,15.03,2.24,0.09,0.0289,2.3534,12.21,43707.49,7.56,92.71,10.749,-0,-0.9998,151.47,152.17,127.14,25.01,Cornering,"Hoosier 43075 16x7.5-10 R20, 7 inch rim",2848
78.67,316.04,-4.54,-481.66,-204.74,-0.002,15.61,2.16,0.09,0.0222,2.3526,12.18,43682.93,7.56,92.72,10.707,-0,-0.9998,151.62,152.24,127.06,25,Cornering,"Hoosier 43075 16x7.5-10 R20, 7 inch rim",2849
78.7,316.05,-1.71,-478.87,-201.83,0.007,15.24,4.42,-0.04,0.0085,2.3726,12.11,-97938.09,7.56,92.77,10.66,-0,-1.0001,151.9,152.33,126.88,24.98,Cornering,"Hoosier 43075 16x7.5-10 R20, 7 inch rim",2850
78.71,316.06,0.01,-476.53,-199.26,0.016,16.33,6.17,0.16,-0,2.3915,12.04,25350.21,7.56,92.77,10.614,-0,-0.9997,152.16,152.35,126.8,24.98,Cornering,"Hoosier 43075 16x7.5-10 R20, 7 inch rim",2851
78.69,316.07,0.54,-475.24,-197.01,0.001,17.42,7.8,0.16,-0.0027,2.4123,12,25348.58,7.56,92.78,10.561,-0,-0.9997,152.48,152.39,126.74,24.98,Cornering,"Hoosier 43075 16x7.5-10 R20, 7 inch rim",2852
78.67,316.08,0.19,-475.54,-196.48,0.003,18.42,9.44,0.09,-0.001,2.4204,12.03,43657.72,7.56,92.79,10.524,-0,-0.9998,152.69,152.57,126.66,24.97,Cornering,"Hoosier 43075 16x7.5-10 R20, 7 inch rim",2853
78.71,316.09,-1.14,-476.96,-197.36,0.01,19.2,10.8,0.09,0.0058,2.4168,12.12,43631.24,7.56,92.82,10.496,-0,-0.9998,152.99,152.79,126.6,24.95,Cornering,"Hoosier 43075 16x7.5-10 R20, 7 inch rim",2854
78.71,316.1,-1.74,-478.36,-199.21,0.004,19.54,12.56,0.09,0.0087,2.4013,12.22,43647.26,7.56,92.84,10.453,-0,-0.9998,153.08,152.9,126.66,24.96,Cornering,"Hoosier 43075 16x7.5-10 R20, 7 inch rim",2855
78.67,316.11,-1.41,-480.72,-200.63,0.004,17.75,14.32,0.09,0.007,2.396,12.25,43633.61,7.56,92.84,10.404,-0,-0.9998,152.99,152.79,126.8,24.94,Cornering,"Hoosier 43075 16x7.5-10 R20, 7 inch rim",2856
78.69,316.12,-1.09,-483.22,-202.72,0.003,16.39,14.91,0.09,0.0054,2.3836,12.25,43626.77,7.56,92.85,10.38,-0,-0.9998,152.76,152.64,126.98,24.94,Cornering,"Hoosier 43075 16x7.5-10 R20, 7 inch rim",2857
78.71,316.13,0.08,-484.63,-204.37,-0.003,15.39,15.02,0.23,-0.0004,2.3714,12.16,17836.25,7.56,92.83,10.328,-0,-0.9996,152.63,152.68,127.1,24.93,Cornering,"Hoosier 43075 16x7.5-10 R20, 7 inch rim",2858
78.7,316.14,0.67,-484.33,-205.51,0.004,15.35,13.89,0.16,-0.0032,2.3567,12.08,25334.56,7.56,92.84,10.292,-0,-0.9997,152.56,152.72,127.1,24.94,Cornering,"Hoosier 43075 16x7.5-10 R20, 7 inch rim",2859
78.67,316.15,1.12,-482.31,-205.03,0.007,15.48,12.18,0.03,-0.0055,2.3524,12.01,157528.02,7.56,92.87,10.265,-0,-1,152.54,152.83,127.06,24.94,Cornering,"Hoosier 43075 16x7.5-10 R20, 7 inch rim",2860
78.71,316.16,1.41,-479.19,-203.26,0.009,16.17,10.64,0.03,-0.0069,2.3575,12.01,157553.56,7.56,92.92,10.212,-0,-1,152.78,152.99,127.02,24.94,Cornering,"Hoosier 43075 16x7.5-10 R20, 7 inch rim",2861
78.71,316.17,1.35,-476.19,-200.48,-0,17.37,9.53,0.16,-0.0067,2.3753,12.07,25336.89,7.56,92.95,10.186,-0,-0.9997,152.91,153.03,126.92,24.94,Cornering,"Hoosier 43075 16x7.5-10 R20, 7 inch rim",2862
78.68,316.18,0.69,-474.8,-198.09,0.012,17.68,8.81,0.03,-0.0035,2.3969,12.13,157440.05,7.56,92.97,10.143,-0,-1,153.1,153.03,126.88,24.92,Cornering,"Hoosier 43075 16x7.5-10 R20, 7 inch rim",2863
78.69,316.19,-1.06,-474.15,-196.93,0.004,18.73,8.01,0.09,0.0054,2.4077,12.14,43622.16,7.56,92.99,10.11,-0,-0.9998,153.31,153.23,126.8,24.92,Cornering,"Hoosier 43075 16x7.5-10 R20, 7 inch rim",2864
78.71,316.2,-3.44,-474.77,-196.85,0.007,19.31,7.34,0.03,0.0175,2.4119,12.1,157361.48,7.56,93.01,10.077,-0,-1,153.57,153.43,126.7,24.9,Cornering,"Hoosier 43075 16x7.5-10 R20, 7 inch rim",2865
78.69,316.21,-5.81,-476.97,-198.7,0.013,19.33,7,0.09,0.0292,2.4005,12.04,43631.75,7.56,93.01,10.037,-0,-0.9998,153.68,153.58,126.74,24.92,Cornering,"Hoosier 43075 16x7.5-10 R20, 7 inch rim",2866
78.67,316.22,-7.55,-479.47,-200.05,0.009,17.6,6.54,0.16,0.0377,2.3967,11.95,25363.44,7.56,93.02,9.993,-0,-0.9997,153.7,153.56,126.88,24.95,Cornering,"Hoosier 43075 16x7.5-10 R20, 7 inch rim",2867
78.7,316.23,-7.88,-482.27,-202.78,-0,17.11,6.67,0.16,0.0388,2.3783,11.89,25390.36,7.56,93.01,9.949,-0,-0.9997,153.51,153.47,127.06,24.97,Cornering,"Hoosier 43075 16x7.5-10 R20, 7 inch rim",2868
78.71,316.24,-7.48,-484.48,-205.09,0.01,16.42,6.48,0.09,0.0365,2.3623,11.89,43760.19,7.56,93,9.909,-0,-0.9998,153.27,153.47,127.18,24.98,Cornering,"Hoosier 43075 16x7.5-10 R20, 7 inch rim",2869
78.68,316.25,-6.83,-485.39,-206.07,-0.007,15.8,5.71,0.03,0.0331,2.3555,11.93,157863.25,7.56,92.97,9.867,-0,-1,153.1,153.47,127.26,24.97,Cornering,"Hoosier 43075 16x7.5-10 R20, 7 inch rim",2870
78.68,316.26,-5.24,-483.71,-205.72,0.009,15.47,5.75,0.09,0.0255,2.3513,12.02,43709.21,7.56,93,9.831,-0,-0.9998,153.1,153.49,127.22,24.94,Cornering,"Hoosier 43075 16x7.5-10 R20, 7 inch rim",2871
78.71,316.27,-3.21,-479.96,-204.33,0.004,16.57,6.43,0.09,0.0157,2.3489,12.07,43695.86,7.56,93.01,9.777,-0,-0.9998,153.25,153.54,127.14,24.93,Cornering,"Hoosier 43075 16x7.5-10 R20, 7 inch rim",2872
78.7,316.28,-1.68,-476.21,-201.71,0.001,17.16,7.12,0.03,0.0083,2.3609,12.05,157700.81,7.56,93,9.742,-0,-1,153.4,153.63,127.02,24.93,Cornering,"Hoosier 43075 16x7.5-10 R20, 7 inch rim",2873
78.68,316.29,-0.4,-473.71,-198.95,0.007,17.37,8.33,0.09,0.002,2.381,12,43726.16,7.56,92.99,9.698,-0,-0.9998,153.61,153.58,126.96,24.94,Cornering,"Hoosier 43075 16x7.5-10 R20, 7 inch rim",2874
78.7,316.3,-0.42,-472.77,-197.53,0.007,18.44,9.28,0.09,0.0021,2.3934,11.93,43760.99,7.56,92.98,9.664,-0,-0.9998,153.81,153.63,126.9,24.96,Cornering,"Hoosier 43075 16x7.5-10 R20, 7 inch rim",2875
78.72,316.31,-1.29,-473.4,-197.14,0.012,18.74,10.39,0.09,0.0065,2.4014,11.89,43767.29,7.56,92.96,9.614,-0,-0.9998,154.02,153.76,126.84,24.96,Cornering,"Hoosier 43075 16x7.5-10 R20, 7 inch rim",2876
78.68,316.32,-2.43,-475.56,-198.41,-0.002,18.8,11.71,0.16,0.0122,2.3968,11.93,25417.9,7.56,92.96,9.576,-0,-0.9997,154.17,153.96,126.82,24.97,Cornering,"Hoosier 43075 16x7.5-10 R20, 7 inch rim",2877
78.67,316.33,-3.19,-478.4,-200.22,0.012,17.88,13.21,0.09,0.0159,2.3893,12,43788,7.56,92.93,9.529,-0,-0.9998,154.22,153.93,126.96,24.97,Cornering,"Hoosier 43075 16x7.5-10 R20, 7 inch rim",2878
78.71,316.34,-3.1,-481.06,-202.37,0.009,16.87,14.49,0.09,0.0153,2.3771,12.1,43802.79,7.56,92.91,9.492,-0,-0.9998,154.07,153.85,127.08,24.97,Cornering,"Hoosier 43075 16x7.5-10 R20, 7 inch rim",2879
78.71,316.35,-2.38,-483.24,-204.43,0.003,15.71,15.36,0.03,0.0117,2.3639,12.18,158128.03,7.56,92.9,9.446,-0,-1,153.83,153.71,127.26,24.98,Cornering,"Hoosier 43075 16x7.5-10 R20, 7 inch rim",2880
78.67,316.36,-1.38,-483.57,-205.97,0.007,15.78,15.36,0.09,0.0067,2.3478,12.19,43823.89,7.56,92.9,9.403,-0,-0.9998,153.59,153.67,127.41,24.98,Cornering,"Hoosier 43075 16x7.5-10 R20, 7 inch rim",2881
78.7,316.37,-0.46,-482,-206.67,0.001,16.67,14.35,0.09,0.0022,2.3322,12.15,43806.71,7.56,92.92,9.377,-0,-0.9998,153.49,153.69,127.41,24.97,Cornering,"Hoosier 43075 16x7.5-10 R20, 7 inch rim",2882
78.72,316.38,0.76,-478.9,-205.15,0.009,16.54,13.64,0.16,-0.0037,2.3344,12.06,25422.9,7.56,92.88,9.342,-0,-0.9997,153.53,153.76,127.32,24.96,Cornering,"Hoosier 43075 16x7.5-10 R20, 7 inch rim",2883
78.69,316.39,1.03,-474.99,-202.71,0.01,17.59,12.41,0.03,-0.0051,2.3433,12.01,158047.52,7.56,92.87,9.296,-0,-1,153.68,153.78,127.22,24.96,Cornering,"Hoosier 43075 16x7.5-10 R20, 7 inch rim",2884
78.68,316.4,1.09,-472.31,-199.78,-0.003,17.17,11.51,0.3,-0.0054,2.3641,12.01,13829.27,7.56,92.86,9.264,-0,-0.9995,153.79,153.8,127.1,24.97,Cornering,"Hoosier 43075 16x7.5-10 R20, 7 inch rim",2885
78.71,316.41,0.37,-471.08,-198.37,0.013,18.32,11,0.09,-0.0019,2.3748,12.06,43824.08,7.56,92.87,9.234,-0,-0.9998,153.94,153.76,126.94,24.97,Cornering,"Hoosier 43075 16x7.5-10 R20, 7 inch rim",2886
78.71,316.42,-1.05,-471.67,-198.16,-0,18.9,11,0.09,0.0053,2.3803,12.14,43820.26,7.56,92.87,9.181,-0,-0.9998,154.09,153.85,126.88,24.96,Cornering,"Hoosier 43075 16x7.5-10 R20, 7 inch rim",2887
78.68,316.43,-2.98,-473.85,-198.69,-0,18.54,11.15,0.09,0.015,2.3849,12.22,43813.33,7.56,92.86,9.154,-0,-0.9998,154.15,153.98,126.76,24.96,Cornering,"Hoosier 43075 16x7.5-10 R20, 7 inch rim",2888
78.69,316.44,-4.86,-476.52,-200.17,0.007,18.13,11.45,0.09,0.0243,2.3806,12.22,43796.9,7.56,92.87,9.121,-0,-0.9998,154.24,154.04,126.82,24.94,Cornering,"Hoosier 43075 16x7.5-10 R20, 7 inch rim",2889
78.71,316.45,-6.29,-479.19,-202.16,0.01,17.16,11.29,0.03,0.0311,2.3704,12.19,158143.33,7.56,92.89,9.074,-0,-1,154.11,153.93,126.94,24.96,Cornering,"Hoosier 43075 16x7.5-10 R20, 7 inch rim",2890
78.69,316.46,-7.3,-481.05,-204.38,-0.002,17.11,10.42,0.16,0.0357,2.3537,12.11,25461.92,7.56,92.93,9.035,-0,-0.9997,153.83,153.78,127.12,24.98,Cornering,"Hoosier 43075 16x7.5-10 R20, 7 inch rim",2891
78.67,316.47,-6.84,-482.3,-206.16,-0,16.77,10,0.03,0.0332,2.3395,12.01,158544.73,7.56,93,8.994,-0,-1,153.57,153.65,127.26,25.01,Cornering,"Hoosier 43075 16x7.5-10 R20, 7 inch rim",2892
78.71,316.48,-5.79,-481.69,-206.56,0.003,16.78,9.26,0.03,0.028,2.332,11.97,158564.09,7.56,92.98,8.948,-0,-1,153.44,153.63,127.3,25.01,Cornering,"Hoosier 43075 16x7.5-10 R20, 7 inch rim",2893
78.71,316.49,-4.42,-479.04,-206.91,0.006,17.96,8.68,0.09,0.0214,2.3152,12,43933.43,7.56,92.98,8.912,-0,-0.9998,153.44,153.65,127.24,25.01,Cornering,"Hoosier 43075 16x7.5-10 R20, 7 inch rim",2894
78.68,316.5,-3.31,-474.81,-204.02,-0.006,17.5,7.87,0.16,0.0162,2.3273,12.06,25490.99,7.56,92.97,8.868,-0,-0.9997,153.51,153.71,127.14,25,Cornering,"Hoosier 43075 16x7.5-10 R20, 7 inch rim",2895
78.69,316.51,-1.41,-471.72,-201.73,0.009,17.46,9.02,0.09,0.007,2.3384,12.11,43891.79,7.56,92.95,8.832,-0,-0.9998,153.57,153.76,127.06,24.98,Cornering,"Hoosier 43075 16x7.5-10 R20, 7 inch rim",2896
78.71,316.52,-0.99,-469.53,-199.91,0.007,18.11,9.51,0.03,0.005,2.3488,12.11,158375.5,7.56,92.95,8.783,-0,-1,153.61,153.63,126.98,24.97,Cornering,"Hoosier 43075 16x7.5-10 R20, 7 inch rim",2897
78.7,316.53,-0.9,-469.54,-198.65,0.014,17.77,11.03,0.16,0.0045,2.3636,12.08,25445.88,7.56,92.94,8.746,-0,-0.9997,153.7,153.65,126.9,24.94,Cornering,"Hoosier 43075 16x7.5-10 R20, 7 inch rim",2898
78.67,316.54,-2.08,-470.61,-199.15,0.004,18.24,12.14,0.09,0.0104,2.3631,11.98,43855.56,7.56,92.92,8.703,-0,-0.9998,153.85,153.82,126.9,24.95,Cornering,"Hoosier 43075 16x7.5-10 R20, 7 inch rim",2899
78.71,316.55,-3.56,-472.96,-200.26,0.006,17.8,13.34,0.09,0.0178,2.3617,11.9,43829.2,7.56,92.9,8.666,-0,-0.9998,153.89,153.89,126.94,24.93,Cornering,"Hoosier 43075 16x7.5-10 R20, 7 inch rim",2900
78.71,316.56,-4.95,-475.47,-202.05,0.01,16.93,14.24,0.16,0.0245,2.3532,11.9,25447.58,7.56,92.88,8.63,-0,-0.9997,153.79,153.87,127.02,24.94,Cornering,"Hoosier 43075 16x7.5-10 R20, 7 inch rim",2901
78.68,316.57,-4.9,-477.51,-204.11,0.01,16.96,15.64,0.16,0.024,2.3395,11.92,25456.83,7.56,92.92,8.578,-0,-0.9997,153.59,153.6,127.24,24.94,Cornering,"Hoosier 43075 16x7.5-10 R20, 7 inch rim",2902
78.68,316.58,-4.21,-479.22,-205.87,0.007,16.86,16.31,0.09,0.0204,2.3278,12,43834.04,7.56,92.95,8.531,-0,-0.9998,153.29,153.49,127.37,24.93,Cornering,"Hoosier 43075 16x7.5-10 R20, 7 inch rim",2903
78.71,316.59,-2.58,-479.22,-207.35,0.006,17.98,16.84,0.09,0.0124,2.3111,12.07,43868.73,7.56,93.01,8.494,-0,-0.9998,153.01,153.41,127.51,24.94,Cornering,"Hoosier 43075 16x7.5-10 R20, 7 inch rim",2904
78.71,316.6,-0.98,-477.36,-207.01,0.01,18.21,16.53,0.09,0.0047,2.3059,12.08,43883.03,7.56,93.02,8.457,-0,-0.9998,152.93,153.43,127.47,24.95,Cornering,"Hoosier 43075 16x7.5-10 R20, 7 inch rim",2905
78.67,316.61,0.39,-474.39,-205.43,0.004,17.72,15.91,0.16,-0.0019,2.3092,12.07,25484.87,7.56,93.04,8.418,-0,-0.9997,153.01,153.43,127.43,24.96,Cornering,"Hoosier 43075 16x7.5-10 R20, 7 inch rim",2906
78.69,316.62,1.1,-470.96,-202.77,0.007,16.84,14.86,0.03,-0.0054,2.3226,12.01,158498.02,7.56,93.04,8.388,-0,-1,153.1,153.41,127.3,24.97,Cornering,"Hoosier 43075 16x7.5-10 R20, 7 inch rim",2907
78.72,316.63,1.46,-468.44,-200.97,-0.003,17.41,14.56,0.16,-0.0073,2.3309,11.95,25489.84,7.56,93.04,8.339,-0,-0.9997,153.16,153.27,127.3,24.96,Cornering,"Hoosier 43075 16x7.5-10 R20, 7 inch rim",2908
78.69,316.64,0.73,-467.68,-199.05,0.006,16.71,14.34,0.16,-0.0037,2.3496,11.97,25480.43,7.56,93.03,8.301,-0,-0.9997,153.31,153.23,127.22,24.95,Cornering,"Hoosier 43075 16x7.5-10 R20, 7 inch rim",2909
78.68,316.65,-1.06,-468.3,-199.61,0.006,17.74,14.3,0.03,0.0053,2.3461,12.04,158435.12,7.56,93,8.266,-0,-1,153.49,153.25,127.18,24.95,Cornering,"Hoosier 43075 16x7.5-10 R20, 7 inch rim",2910
78.71,316.66,-2.64,-469.38,-200.86,0.004,18.61,14.83,0.23,0.0131,2.3368,12.13,17956.33,7.56,92.98,8.235,-0,-0.9996,153.53,153.41,127.18,24.96,Cornering,"Hoosier 43075 16x7.5-10 R20, 7 inch rim",2911
78.7,316.67,-4.64,-471.41,-202.01,-0.003,18.03,14.83,0.09,0.023,2.3335,12.22,43890.35,7.56,93,8.2,-0,-0.9998,153.53,153.43,127.24,24.94,Cornering,"Hoosier 43075 16x7.5-10 R20, 7 inch rim",2912
78.67,316.68,-5.34,-472.99,-204.08,0.007,17.95,15.48,0.16,0.0262,2.3177,12.25,25477.55,7.56,93.02,8.156,-0,-0.9997,153.4,153.27,127.34,24.94,Cornering,"Hoosier 43075 16x7.5-10 R20, 7 inch rim",2913
78.69,316.69,-5.42,-474.71,-206.2,0.006,18.04,15.46,0.09,0.0263,2.3022,12.2,43888.48,7.56,93.04,8.122,-0,-0.9998,153.12,153.08,127.53,24.93,Cornering,"Hoosier 43075 16x7.5-10 R20, 7 inch rim",2914
78.71,316.7,-5.61,-475.51,-207.56,0.012,17.58,14.29,0.23,0.027,2.2909,12.12,17946.34,7.56,93.06,8.08,-0,-0.9996,152.91,153.01,127.67,24.93,Cornering,"Hoosier 43075 16x7.5-10 R20, 7 inch rim",2915
78.69,316.71,-5.03,-475.05,-208.42,0.014,17.98,13.14,0.16,0.0241,2.2793,12.03,25496.21,7.56,93.1,8.044,-0,-0.9997,152.76,153.03,127.67,24.95,Cornering,"Hoosier 43075 16x7.5-10 R20, 7 inch rim",2916
78.68,316.72,-4.12,-472.84,-207.36,0.003,17.66,12.1,0.09,0.0199,2.2804,12.03,43931.38,7.56,93.14,8.004,-0,-0.9998,152.8,153.03,127.67,24.95,Cornering,"Hoosier 43075 16x7.5-10 R20, 7 inch rim",2917
78.7,316.73,-3.18,-469.89,-205.25,0.006,17.22,11.32,0.16,0.0155,2.2894,12.06,25507.14,7.56,93.17,7.961,-0,-0.9997,152.84,153.01,127.61,24.96,Cornering,"Hoosier 43075 16x7.5-10 R20, 7 inch rim",2918
78.71,316.74,-2.17,-467.23,-202.82,0.003,16.73,11.49,0.16,0.0107,2.3037,12.13,25498.54,7.56,93.16,7.907,-0,-0.9997,152.95,152.97,127.53,24.94,Cornering,"Hoosier 43075 16x7.5-10 R20, 7 inch rim",2919
78.67,316.75,-1.98,-465.36,-200.91,0.007,16.84,12.06,0.09,0.0099,2.3163,12.18,43923.06,7.56,93.17,7.887,-0,-0.9998,152.99,152.92,127.51,24.94,Cornering,"Hoosier 43075 16x7.5-10 R20, 7 inch rim",2920
78.69,316.76,-2.73,-464.73,-200.31,0.004,17.38,12.73,-0.04,0.0136,2.3201,12.17,-98565.11,7.56,93.2,7.834,-0,-1.0001,153.1,152.94,127.37,24.94,Cornering,"Hoosier 43075 16x7.5-10 R20, 7 inch rim",2921
78.71,316.77,-3.64,-465.37,-200.99,0.01,18.03,14.27,0.09,0.0181,2.3154,12.11,43923.03,7.56,93.24,7.787,-0,-0.9998,153.16,153.1,127.39,24.93,Cornering,"Hoosier 43075 16x7.5-10 R20, 7 inch rim",2922
78.7,316.78,-4.48,-466.61,-202.61,0.001,18.59,15.86,0.16,0.0221,2.303,12.01,25507.81,7.56,93.27,7.749,-0,-0.9997,153.21,153.14,127.39,24.94,Cornering,"Hoosier 43075 16x7.5-10 R20, 7 inch rim",2923
78.67,316.79,-5.04,-468.19,-204.07,0.01,17.73,17.26,-0.04,0.0247,2.2943,11.95,-98594.21,7.56,93.32,7.705,-0,-1.0001,153.1,153.03,127.49,24.94,Cornering,"Hoosier 43075 16x7.5-10 R20, 7 inch rim",2924
78.71,316.8,-4.98,-469.92,-206.28,0.007,17.27,18,0.09,0.0242,2.2781,11.92,43935.06,7.56,93.37,7.666,-0,-0.9998,152.8,152.81,127.69,24.93,Cornering,"Hoosier 43075 16x7.5-10 R20, 7 inch rim",2925
78.71,316.81,-4.29,-470.7,-208.36,0.007,17.68,18.35,0.09,0.0206,2.2591,11.97,43939.31,7.56,93.38,7.623,-0,-0.9998,152.56,152.68,127.77,24.93,Cornering,"Hoosier 43075 16x7.5-10 R20, 7 inch rim",2926
78.67,316.82,-3.22,-470.7,-209.81,0.004,18.13,18.13,0.09,0.0153,2.2435,12.06,43944.8,7.56,93.39,7.567,-0,-0.9998,152.28,152.61,127.83,24.93,Cornering,"Hoosier 43075 16x7.5-10 R20, 7 inch rim",2927
78.68,316.83,-1.72,-468.99,-209.34,0.003,17.65,17.78,0.09,0.0082,2.2403,12.14,43947.18,7.56,93.39,7.543,-0,-0.9998,152.24,152.55,127.63,24.93,Cornering,"Hoosier 43075 16x7.5-10 R20, 7 inch rim",2928
78.71,316.84,-0.2,-465.71,-207.28,-0.003,17.06,17.6,0.09,0.001,2.2468,12.17,43961.71,7.56,93.37,7.499,-0,-0.9998,152.16,152.48,127.45,24.94,Cornering,"Hoosier 43075 16x7.5-10 R20, 7 inch rim",2929
78.7,316.85,1.21,-462.15,-205.12,0.01,16.97,17.8,0.09,-0.0059,2.2531,12.15,44006.61,7.56,93.35,7.457,-0,-0.9998,152.13,152.42,127.24,24.96,Cornering,"Hoosier 43075 16x7.5-10 R20, 7 inch rim",2930
78.67,316.86,1.03,-459.5,-202.36,0.012,16.27,17.64,0.16,-0.0051,2.2707,12.07,25538.21,7.56,93.35,7.424,-0,-0.9997,152.13,152.33,127,24.96,Cornering,"Hoosier 43075 16x7.5-10 R20, 7 inch rim",2931
78.71,316.87,0.28,-458.08,-201.18,0.004,16.48,17.97,0.16,-0.0014,2.277,12.01,25558.23,7.56,93.32,7.384,-0,-0.9997,152.24,152.31,126.8,24.97,Cornering,"Hoosier 43075 16x7.5-10 R20, 7 inch rim",2932
78.71,316.88,-1.31,-457.94,-201.44,0.013,17.32,18.53,0.09,0.0065,2.2734,12.01,44027.93,7.56,93.29,7.341,-0,-0.9998,152.24,152.35,126.54,24.97,Cornering,"Hoosier 43075 16x7.5-10 R20, 7 inch rim",2933
78.67,316.89,-3.05,-458.87,-202.73,0.007,18.01,19.21,0.03,0.0151,2.2634,12.06,158932.55,7.56,93.3,7.305,-0,-1,152.24,152.35,126.4,24.97,Cornering,"Hoosier 43075 16x7.5-10 R20, 7 inch rim",2934
78.68,316.9,-4.38,-460.1,-204.73,-0.003,18.6,19.54,0.03,0.0214,2.2473,12.15,159094.72,7.57,93.29,7.262,-0,-1,152.11,152.31,126.37,25,Cornering,"Hoosier 43075 16x7.5-10 R20, 7 inch rim",2935
78.71,316.91,-5.29,-461.85,-206.56,0.007,17.81,19.61,0.03,0.0256,2.2359,12.22,159105.39,7.56,93.29,7.231,-0,-1,151.83,152.06,126.42,25,Cornering,"Hoosier 43075 16x7.5-10 R20, 7 inch rim",2936
78.7,316.92,-5.18,-463.26,-208.3,0.007,17.39,19.32,0.16,0.0249,2.224,12.21,25586.31,7.56,93.33,7.197,-0,-0.9997,151.55,151.82,126.48,24.99,Cornering,"Hoosier 43075 16x7.5-10 R20, 7 inch rim",2937
78.67,316.93,-4.31,-463.89,-209.93,0.006,17.36,18.86,0.16,0.0206,2.2098,12.17,25576.75,7.56,93.33,7.154,-0,-0.9997,151.28,151.75,126.62,24.98,Cornering,"Hoosier 43075 16x7.5-10 R20, 7 inch rim",2938
78.7,316.94,-3.42,-462.64,-209.74,0.006,16.99,17.65,0.09,0.0163,2.2058,12.08,44049.48,7.56,93.35,7.111,-0,-0.9998,151.19,151.69,126.66,24.97,Cornering,"Hoosier 43075 16x7.5-10 R20, 7 inch rim",2939
78.71,316.95,-2.6,-459.85,-208.7,0.013,17.02,16.34,0.09,0.0125,2.2034,12,44092.62,7.56,93.37,7.086,-0,-0.9998,151.1,151.6,126.74,24.99,Cornering,"Hoosier 43075 16x7.5-10 R20, 7 inch rim",2940
78.7,316.96,-1.83,-456.24,-205.39,-0.002,15.91,15.35,0.03,0.0089,2.2214,12.02,159208.59,7.57,93.34,7.032,-0,-1,151.1,151.51,126.76,25,Cornering,"Hoosier 43075 16x7.5-10 R20, 7 inch rim",2941
78.67,316.97,-1.45,-452.98,-203.93,0.007,16.44,15.01,0.09,0.0071,2.2212,12.08,44152.76,7.56,93.34,6.988,-0,-0.9998,151.13,151.42,126.82,25.02,Cornering,"Hoosier 43075 16x7.5-10 R20, 7 inch rim",2942
78.71,316.98,-2.29,-450.63,-202.17,0.003,16.9,14.7,0.09,0.0113,2.229,12.14,44145.5,7.56,93.32,6.955,-0,-0.9998,151.15,151.34,126.88,25.01,Cornering,"Hoosier 43075 16x7.5-10 R20, 7 inch rim",2943
78.71,316.99,-3.51,-449.87,-201.6,0.012,16.87,15.32,0.09,0.0174,2.2315,12.22,44128.12,7.56,93.3,6.92,-0,-0.9998,151.19,151.34,126.96,25,Cornering,"Hoosier 43075 16x7.5-10 R20, 7 inch rim",2944
78.67,317,-4.61,-449.85,-202.43,-0.002,17.61,16.72,0.09,0.0228,2.2222,12.21,44091.92,7.57,93.29,6.867,-0,-0.9998,151.25,151.42,127.1,24.98,Cornering,"Hoosier 43075 16x7.5-10 R20, 7 inch rim",2945
78.69,317.01,-5.68,-450.97,-204.32,0.009,17.88,18.13,0.09,0.0278,2.2072,12.15,44074.5,7.57,93.31,6.833,-0,-0.9998,151.25,151.42,127.3,24.97,Cornering,"Hoosier 43075 16x7.5-10 R20, 7 inch rim",2946
78.71,317.02,-5.92,-452.23,-206.25,0.01,17.45,19.45,0.16,0.0287,2.1926,12.06,25577.74,7.57,93.3,6.794,-0,-0.9997,151.06,151.25,127.55,24.96,Cornering,"Hoosier 43075 16x7.5-10 R20, 7 inch rim",2947
78.69,317.03,-5.43,-453.95,-208.34,0.004,16.65,20.38,0.16,0.0261,2.1789,11.99,25585.78,7.57,93.32,6.753,-0,-0.9997,150.78,151.01,127.83,24.97,Cornering,"Hoosier 43075 16x7.5-10 R20, 7 inch rim",2948
78.68,317.04,-4.48,-454.75,-210.16,0.007,16.63,20.58,0.16,0.0213,2.1638,11.95,25581.94,7.57,93.34,6.711,-0,-0.9997,150.55,150.9,128.01,24.96,Cornering,"Hoosier 43075 16x7.5-10 R20, 7 inch rim",2949
78.7,317.05,-3.5,-454.11,-211.29,0.001,17.34,20.01,0.09,0.0166,2.1492,11.99,44098.71,7.57,93.38,6.673,-0,-0.9998,150.31,150.79,128.13,24.97,Cornering,"Hoosier 43075 16x7.5-10 R20, 7 inch rim",2950
78.71,317.06,-2.28,-451.95,-210.44,0.006,16.64,19.3,0.23,0.0108,2.1476,12.05,18023.49,7.57,93.42,6.634,-0,-0.9996,150.25,150.74,128.09,24.96,Cornering,"Hoosier 43075 16x7.5-10 R20, 7 inch rim",2951
78.68,317.07,-1.17,-448.2,-207.93,0.004,16.02,18.53,0.16,0.0056,2.1555,12.11,25588.48,7.57,93.44,6.579,-0,-0.9997,150.2,150.63,128.07,24.96,Cornering,"Hoosier 43075 16x7.5-10 R20, 7 inch rim",2952
78.69,317.08,-0.14,-444.47,-205.69,0.012,16.12,18.63,0.16,0.0007,2.1609,12.12,25590.17,7.57,93.44,6.545,-0,-0.9997,150.2,150.52,128.07,24.96,Cornering,"Hoosier 43075 16x7.5-10 R20, 7 inch rim",2953
78.71,317.09,0.38,-441.02,-203.38,0.001,16.44,19.29,0.16,-0.0019,2.1685,12.06,25615.9,7.57,93.44,6.505,-0,-0.9997,150.12,150.37,128.05,24.98,Cornering,"Hoosier 43075 16x7.5-10 R20, 7 inch rim",2954
78.69,317.1,-0.63,-438.69,-201.8,0.001,16.14,19.8,0.09,0.0031,2.1739,11.97,44157.84,7.57,93.44,6.458,-0,-0.9998,150.2,150.32,128.01,25,Cornering,"Hoosier 43075 16x7.5-10 R20, 7 inch rim",2955
78.67,317.11,-2.08,-438.22,-202.72,-0.005,17.28,20.74,0.03,0.0103,2.1617,11.92,159361.2,7.57,93.46,6.428,-0,-1,150.2,150.37,128.07,25,Cornering,"Hoosier 43075 16x7.5-10 R20, 7 inch rim",2956
78.7,317.12,-3.43,-439.04,-204.09,0.009,16.72,21.77,0.09,0.0168,2.1512,11.93,44184.25,7.57,93.5,6.386,-0,-0.9998,150.22,150.39,128.19,25.01,Cornering,"Hoosier 43075 16x7.5-10 R20, 7 inch rim",2957
78.71,317.13,-4.39,-439.96,-206.24,-0.005,16.9,22.47,0.16,0.0213,2.1333,12,25629.34,7.57,93.52,6.349,-0,-0.9997,150.03,150.3,128.44,24.99,Cornering,"Hoosier 43075 16x7.5-10 R20, 7 inch rim",2958
78.68,317.14,-4.5,-441.1,-208.54,0.017,16.67,23.16,0.09,0.0216,2.1152,12.1,44139.82,7.57,93.53,6.303,-0,-0.9998,149.82,150.06,128.64,24.98,Cornering,"Hoosier 43075 16x7.5-10 R20, 7 inch rim",2959
78.68,317.15,-4.23,-441.85,-210.83,-0.005,17.16,22.61,0.09,0.0201,2.0957,12.16,44132.82,7.57,93.5,6.263,-0,-0.9998,149.56,149.93,128.82,24.97,Cornering,"Hoosier 43075 16x7.5-10 R20, 7 inch rim",2960
78.71,317.16,-3.46,-442.03,-211.35,0.006,16.09,21.84,0.16,0.0164,2.0915,12.15,25604.87,7.57,93.48,6.237,-0,-0.9997,149.3,149.86,128.9,24.96,Cornering,"Hoosier 43075 16x7.5-10 R20, 7 inch rim",2961
78.7,317.17,-2.54,-440.01,-211.67,0.004,16.77,20.53,0.09,0.012,2.0788,12.11,44138.33,7.57,93.5,6.194,-0,-0.9998,149.13,149.73,128.92,24.97,Cornering,"Hoosier 43075 16x7.5-10 R20, 7 inch rim",2962
78.67,317.18,-0.99,-436.74,-209.68,0.004,15.99,19.96,0.09,0.0047,2.0828,12.03,44141.51,7.58,93.47,6.154,-0,-0.9998,149.09,149.66,128.86,24.97,Cornering,"Hoosier 43075 16x7.5-10 R20, 7 inch rim",2963
78.7,317.19,-0.48,-432.83,-206.74,-0.003,15.52,19.16,0.09,0.0023,2.0936,11.97,44155.82,7.58,93.42,6.103,-0,-0.9998,148.98,149.51,128.9,24.98,Cornering,"Hoosier 43075 16x7.5-10 R20, 7 inch rim",2964
78.71,317.2,-0.17,-429.42,-204.01,0.009,15.01,19.34,0.09,0.0008,2.1049,11.96,44158.73,7.57,93.41,6.065,-0,-0.9998,148.92,149.33,128.84,24.98,Cornering,"Hoosier 43075 16x7.5-10 R20, 7 inch rim",2965
78.68,317.21,-1.3,-426.6,-202.63,0.003,15.76,19.27,0.09,0.0064,2.1053,12.02,44141.01,7.58,93.35,6.03,-0,-0.9998,148.85,149.33,128.78,24.97,Cornering,"Hoosier 43075 16x7.5-10 R20, 7 inch rim",2966
78.68,317.22,-3.06,-425.37,-202.74,0.01,16.5,19.67,-0.04,0.0151,2.0981,12.1,-98978.01,7.58,93.31,6.001,-0,-1.0001,148.85,149.38,128.76,24.96,Cornering,"Hoosier 43075 16x7.5-10 R20, 7 inch rim",2967
78.71,317.23,-4.7,-424.92,-203.25,0.013,16.39,20.59,0.16,0.0231,2.0906,12.16,25593.76,7.58,93.26,5.958,-0,-0.9997,148.87,149.44,128.9,24.94,Cornering,"Hoosier 43075 16x7.5-10 R20, 7 inch rim",2968
78.7,317.24,-6.26,-425.69,-205.2,0.003,16.81,20.97,0.16,0.0305,2.0745,12.15,25589.9,7.58,93.27,5.911,-0,-0.9997,148.72,149.36,129.1,24.93,Cornering,"Hoosier 43075 16x7.5-10 R20, 7 inch rim",2969
78.67,317.25,-6.06,-426.64,-207.66,0.001,16.92,22.16,-0.04,0.0292,2.0545,12.09,-98886.02,7.58,93.31,5.866,-0,-1.0001,148.53,149.14,129.28,24.93,Cornering,"Hoosier 43075 16x7.5-10 R20, 7 inch rim",2970
78.7,317.26,-5.6,-427.76,-210.31,0.012,16.51,22.6,0.16,0.0266,2.0339,12,25581.25,7.58,93.35,5.836,-0,-0.9997,148.29,149,129.45,24.92,Cornering,"Hoosier 43075 16x7.5-10 R20, 7 inch rim",2971
78.71,317.27,-4.58,-428.24,-212.18,0.013,16.56,22.28,0.09,0.0216,2.0183,11.9,44087.27,7.58,93.34,5.792,-0,-0.9998,148.04,148.89,129.59,24.93,Cornering,"Hoosier 43075 16x7.5-10 R20, 7 inch rim",2972
78.68,317.28,-3.28,-427.31,-212.33,0.012,16.05,21.68,0.09,0.0155,2.0124,11.89,44120.67,7.58,93.32,5.756,-0,-0.9998,147.86,148.78,129.57,24.94,Cornering,"Hoosier 43075 16x7.5-10 R20, 7 inch rim",2973
78.68,317.29,-1.91,-424.97,-210.42,0.01,14.93,21.08,0.09,0.0091,2.0196,11.92,44123.71,7.58,93.28,5.715,-0,-0.9998,147.74,148.7,129.49,24.94,Cornering,"Hoosier 43075 16x7.5-10 R20, 7 inch rim",2974
78.71,317.3,-0.77,-421.22,-208.28,0.006,15.11,20.53,0.03,0.0037,2.0223,12,159312.86,7.58,93.27,5.677,-0,-1,147.65,148.54,129.43,24.96,Cornering,"Hoosier 43075 16x7.5-10 R20, 7 inch rim",2975
78.71,317.31,-0.28,-417.47,-205,0.001,14.25,20.68,0.09,0.0013,2.0364,12.06,44150.46,7.58,93.25,5.629,-0,-0.9998,147.63,148.39,129.45,24.96,Cornering,"Hoosier 43075 16x7.5-10 R20, 7 inch rim",2976
78.68,317.32,-0.55,-413.57,-202.87,-0.002,15.25,21.31,0.03,0.0027,2.0386,12.06,159297.08,7.58,93.29,5.596,-0,-1,147.59,148.23,129.39,24.95,Cornering,"Hoosier 43075 16x7.5-10 R20, 7 inch rim",2977
78.69,317.33,-1.79,-411.24,-202.37,-0,16.15,22.2,0.09,0.0089,2.0321,12.01,44166.64,7.58,93.32,5.546,-0,-0.9998,147.61,148.19,129.37,24.96,Cornering,"Hoosier 43075 16x7.5-10 R20, 7 inch rim",2978
78.71,317.34,-3.44,-410.48,-203.03,0.009,16.65,23.15,0.09,0.0169,2.0218,11.94,44220.45,7.58,93.33,5.51,-0,-0.9998,147.67,148.19,129.41,24.99,Cornering,"Hoosier 43075 16x7.5-10 R20, 7 inch rim",2979
78.69,317.35,-5.16,-410.79,-203.95,-0.003,16.03,23.69,0.16,0.0253,2.0142,11.89,25691.57,7.59,93.37,5.477,-0,-0.9997,147.61,148.12,129.59,25.01,Cornering,"Hoosier 43075 16x7.5-10 R20, 7 inch rim",2980
78.67,317.36,-5.53,-411.91,-206.5,0.004,15.88,24.8,0.16,0.0268,1.9948,11.91,25711.29,7.59,93.36,5.431,-0,-0.9997,147.48,147.95,129.81,25.03,Cornering,"Hoosier 43075 16x7.5-10 R20, 7 inch rim",2981
78.71,317.37,-5.34,-413.18,-209.63,0.009,16.41,25.17,0.03,0.0255,1.971,11.97,159832.3,7.58,93.33,5.382,-0,-1,147.22,147.79,130.03,25.03,Cornering,"Hoosier 43075 16x7.5-10 R20, 7 inch rim",2982
78.71,317.38,-4.21,-414.26,-211.58,-0.005,15.86,25.35,0.09,0.0199,1.9579,12.06,44273.3,7.59,93.32,5.339,-0,-0.9998,147.01,147.59,130.17,25.01,Cornering,"Hoosier 43075 16x7.5-10 R20, 7 inch rim",2983
78.68,317.39,-3.24,-414.28,-212.55,0.007,15.49,24.32,0.16,0.0152,1.9491,12.15,25674.46,7.59,93.29,5.309,-0,-0.9997,146.77,147.42,130.25,24.99,Cornering,"Hoosier 43075 16x7.5-10 R20, 7 inch rim",2984
78.69,317.4,-1.77,-412.25,-211.58,0.006,15.04,23.74,0.03,0.0084,1.9484,12.18,159712.67,7.59,93.28,5.266,-0,-1,146.64,147.31,130.19,25,Cornering,"Hoosier 43075 16x7.5-10 R20, 7 inch rim",2985
78.72,317.41,-0.78,-408.37,-208.8,0.014,14.44,22.78,0.16,0.0037,1.9558,12.15,25689.72,7.59,93.3,5.224,-0,-0.9997,146.6,147.18,130.11,25,Cornering,"Hoosier 43075 16x7.5-10 R20, 7 inch rim",2986
78.7,317.42,-0.02,-404.3,-205.94,0.001,14.32,22.42,0.09,0.0001,1.9631,12.07,44283.41,7.59,93.31,5.189,-0,-0.9998,146.51,147.02,130.15,25.01,Cornering,"Hoosier 43075 16x7.5-10 R20, 7 inch rim",2987
78.68,317.43,-0.35,-400.42,-203.3,0.013,14.66,22.68,0.09,0.0017,1.9696,12,44316.94,7.59,93.31,5.148,-0,-0.9998,146.45,146.85,130.13,25.03,Cornering,"Hoosier 43075 16x7.5-10 R20, 7 inch rim",2988
78.7,317.44,-1.5,-397.29,-202.29,0.006,15.75,23.23,0.16,0.0074,1.964,11.98,25717.88,7.59,93.3,5.11,-0,-0.9997,146.45,146.8,130.11,25.03,Cornering,"Hoosier 43075 16x7.5-10 R20, 7 inch rim",2989
78.71,317.45,-3.22,-395.57,-202.42,0.001,16.48,24,0.16,0.0159,1.9542,12.04,25725.29,7.59,93.28,5.072,-0,-0.9997,146.51,146.8,130.11,25.03,Cornering,"Hoosier 43075 16x7.5-10 R20, 7 inch rim",2990
78.69,317.46,-5.01,-395.44,-203.67,0.006,16.24,24.8,0.16,0.0246,1.9416,12.11,25720.94,7.59,93.24,5.029,-0,-0.9997,146.53,146.76,130.23,25.03,Cornering,"Hoosier 43075 16x7.5-10 R20, 7 inch rim",2991
78.68,317.47,-6.2,-396.09,-205.92,0.01,15.99,25.3,0.16,0.0301,1.9235,12.2,25710.82,7.59,93.21,4.98,-0,-0.9997,146.41,146.63,130.44,25.01,Cornering,"Hoosier 43075 16x7.5-10 R20, 7 inch rim",2992
78.72,317.48,-5.49,-397.51,-208.96,0.009,15.76,26.49,0.09,0.0263,1.9023,12.22,44309.39,7.59,93.17,4.946,-0,-0.9998,146.26,146.45,130.58,25.02,Cornering,"Hoosier 43075 16x7.5-10 R20, 7 inch rim",2993
78.7,317.49,-4.96,-398.14,-211.02,0.007,15.53,26.37,0.09,0.0235,1.8868,12.17,44312.09,7.59,93.13,4.903,-0,-0.9998,146.02,146.3,130.76,25.02,Cornering,"Hoosier 43075 16x7.5-10 R20, 7 inch rim",2994
78.67,317.5,-4.09,-398.62,-212.3,0.006,14.69,25.59,0.09,0.0193,1.8776,12.09,44303.78,7.59,93.14,4.871,-0,-0.9998,145.74,146.14,130.88,25.01,Cornering,"Hoosier 43075 16x7.5-10 R20, 7 inch rim",2995
78.69,317.51,-2.67,-397.37,-211.59,0.007,14.1,24.92,0.09,0.0126,1.878,11.99,44286.16,7.59,93.18,4.824,-0,-0.9998,145.57,146.01,130.92,25,Cornering,"Hoosier 43075 16x7.5-10 R20, 7 inch rim",2996
78.71,317.52,-1.33,-394.24,-209.59,0.001,13.9,24.08,0.09,0.0063,1.881,11.95,44288.25,7.6,93.22,4.79,-0,-0.9998,145.46,145.92,130.9,25,Cornering,"Hoosier 43075 16x7.5-10 R20, 7 inch rim",2997
78.68,317.53,-0.5,-390.2,-206.03,0.006,13.24,23.6,-0.04,0.0024,1.8939,11.96,-99284.52,7.59,93.25,4.758,-0,-1.0001,145.33,145.79,130.96,24.98,Cornering,"Hoosier 43075 16x7.5-10 R20, 7 inch rim",2998
78.68,317.54,-0.82,-385.68,-204.18,0.01,14.71,23.2,-0.04,0.004,1.8889,12.01,-99289.72,7.6,93.29,4.72,-0,-1.0001,145.25,145.72,130.98,24.98,Cornering,"Hoosier 43075 16x7.5-10 R20, 7 inch rim",2999
78.71,317.55,-1.51,-381.93,-202.77,0.003,15.7,23.84,0.09,0.0074,1.8836,12.07,44243.96,7.6,93.29,4.672,-0,-0.9998,145.16,145.66,130.96,24.97,Cornering,"Hoosier 43075 16x7.5-10 R20, 7 inch rim",3000
78.71,317.56,-3.04,-379.44,-201.77,0.001,15.42,24.65,0.09,0.0151,1.8806,12.1,44257,7.6,93.3,4.625,-0,-0.9998,145.18,145.7,130.98,24.98,Cornering,"Hoosier 43075 16x7.5-10 R20, 7 inch rim",3001
78.68,317.57,-4.35,-378.54,-202.82,0.009,15.16,25.75,0.16,0.0214,1.8663,12.06,25694.76,7.6,93.28,4.591,-0,-0.9997,145.23,145.77,131,24.98,Cornering,"Hoosier 43075 16x7.5-10 R20, 7 inch rim",3002
78.7,317.58,-5.89,-378.4,-205.12,0.009,15.37,26.37,0.03,0.0287,1.8448,11.99,159762.42,7.6,93.29,4.552,-0,-1,145.12,145.7,131.18,24.98,Cornering,"Hoosier 43075 16x7.5-10 R20, 7 inch rim",3003
78.71,317.59,-6.44,-379.5,-207.72,-0.003,14.46,26.73,0.09,0.031,1.827,11.92,44304.13,7.6,93.31,4.52,-0,-0.9998,144.9,145.55,131.41,25,Cornering,"Hoosier 43075 16x7.5-10 R20, 7 inch rim",3004
78.69,317.6,-5.39,-380.31,-210.42,0.007,14.19,27.49,0.09,0.0256,1.8074,11.95,44306.25,7.6,93.37,4.483,-0,-0.9998,144.73,145.44,131.59,25,Cornering,"Hoosier 43075 16x7.5-10 R20, 7 inch rim",3005
78.67,317.61,-4.59,-380.79,-211.83,0.009,13.7,26.92,0.03,0.0217,1.7976,11.97,159969.78,7.6,93.43,4.445,-0,-1,144.62,145.31,131.65,25.01,Cornering,"Hoosier 43075 16x7.5-10 R20, 7 inch rim",3006
78.71,317.62,-3.47,-379.69,-211.73,0.001,13.42,25.94,0.03,0.0164,1.7933,12.06,159793.67,7.6,93.44,4.399,-0,-1,144.45,145.22,131.65,24.98,Cornering,"Hoosier 43075 16x7.5-10 R20, 7 inch rim",3007
78.71,317.63,-2.34,-376.87,-210.33,-0.003,13.8,24.86,0.09,0.0111,1.7918,12.16,44231.18,7.6,93.48,4.356,-0,-0.9998,144.37,145.11,131.61,24.96,Cornering,"Hoosier 43075 16x7.5-10 R20, 7 inch rim",3008
78.68,317.64,-0.96,-372.52,-207.03,0.007,13.29,24.83,0.09,0.0047,1.7994,12.21,44243.87,7.6,93.45,4.311,-0,-0.9998,144.35,144.95,131.59,24.96,Cornering,"Hoosier 43075 16x7.5-10 R20, 7 inch rim",3009
78.69,317.65,-0.84,-367.68,-203.93,0.006,13.62,24.27,0.09,0.0041,1.803,12.19,44235.61,7.6,93.45,4.274,-0,-0.9998,144.24,144.84,131.57,24.96,Cornering,"Hoosier 43075 16x7.5-10 R20, 7 inch rim",3010
78.72,317.66,-1.77,-363.47,-202.19,-0,14.03,24.12,0.09,0.0088,1.7976,12.11,44268.73,7.6,93.47,4.231,-0,-0.9998,144.15,144.73,131.59,24.97,Cornering,"Hoosier 43075 16x7.5-10 R20, 7 inch rim",3011
78.7,317.67,-3.43,-360.25,-201.43,0.022,14.2,24.47,0.16,0.017,1.7885,12.03,25719.3,7.6,93.53,4.198,-0,-0.9997,144.15,144.73,131.57,25,Cornering,"Hoosier 43075 16x7.5-10 R20, 7 inch rim",3012
78.67,317.68,-4.99,-358.54,-202.3,0.014,14.2,25.35,0.16,0.0247,1.7723,12.04,25714.61,7.6,93.57,4.157,-0,-0.9997,144.2,144.73,131.61,24.99,Cornering,"Hoosier 43075 16x7.5-10 R20, 7 inch rim",3013
78.71,317.69,-6.2,-358.24,-204.49,0.004,13.88,26.41,0.09,0.0303,1.7519,12.08,44274.36,7.6,93.56,4.124,-0,-0.9998,144.24,144.76,131.79,24.97,Cornering,"Hoosier 43075 16x7.5-10 R20, 7 inch rim",3014
78.71,317.7,-6.58,-358.42,-206.95,0.006,13.09,27.47,0.16,0.0318,1.7319,12.14,25681.05,7.61,93.55,4.082,-0,-0.9997,144.09,144.62,132.01,24.96,Cornering,"Hoosier 43075 16x7.5-10 R20, 7 inch rim",3015
78.68,317.71,-6.35,-358.6,-210.34,0.009,13.46,27.93,0.03,0.0302,1.7048,12.22,159603.14,7.61,93.53,4.038,-0,-1,143.96,144.47,132.17,24.94,Cornering,"Hoosier 43075 16x7.5-10 R20, 7 inch rim",3016
78.69,317.72,-5.85,-358.76,-212.13,0.001,13.13,27.57,0.09,0.0276,1.6912,12.25,44209.27,7.61,93.5,3.989,-0,-0.9998,143.77,144.42,132.34,24.93,Cornering,"Hoosier 43075 16x7.5-10 R20, 7 inch rim",3017
78.71,317.73,-4.5,-357.52,-212.67,0.006,13.08,27.11,0.09,0.0212,1.6811,12.2,44241.8,7.6,93.46,3.955,-0,-0.9998,143.59,144.29,132.4,24.95,Cornering,"Hoosier 43075 16x7.5-10 R20, 7 inch rim",3018
78.69,317.74,-2.87,-355.19,-210.68,0.006,12.34,26.67,0.16,0.0136,1.6859,12.11,25697.81,7.6,93.46,3.916,-0,-0.9997,143.42,144.18,132.44,24.97,Cornering,"Hoosier 43075 16x7.5-10 R20, 7 inch rim",3019
78.67,317.75,-1.66,-351.6,-207.74,0.009,11.82,25.95,0.16,0.008,1.6925,12.02,25710.68,7.61,93.47,3.883,-0,-0.9997,143.38,144.01,132.42,24.98,Cornering,"Hoosier 43075 16x7.5-10 R20, 7 inch rim",3020
78.7,317.76,-0.97,-347.06,-204.43,-0.003,11.75,25.48,-0.04,0.0047,1.6977,11.97,-99350.33,7.61,93.48,3.836,-0,-1.0001,143.4,143.85,132.44,24.97,Cornering,"Hoosier 43075 16x7.5-10 R20, 7 inch rim",3021
78.71,317.77,-1.18,-342.41,-202.6,0.012,12.69,25.66,0.03,0.0058,1.69,11.97,159828.64,7.61,93.46,3.812,-0,-1,143.29,143.68,132.42,24.97,Cornering,"Hoosier 43075 16x7.5-10 R20, 7 inch rim",3022
78.68,317.78,-2.55,-338.65,-201.35,-0.003,12.83,25.59,0.03,0.0127,1.6819,12.04,159875.48,7.61,93.47,3.754,-0,-1,143.27,143.7,132.46,24.98,Cornering,"Hoosier 43075 16x7.5-10 R20, 7 inch rim",3023
78.68,317.79,-4.52,-335.88,-201.62,0.004,12.68,25.92,0.03,0.0224,1.6659,12.11,159881.25,7.61,93.49,3.72,-0,-1,143.34,143.61,132.54,24.98,Cornering,"Hoosier 43075 16x7.5-10 R20, 7 inch rim",3024
78.71,317.8,-5.87,-334.19,-203.47,0.006,12.89,26.77,0.09,0.0288,1.6424,12.12,44327.11,7.61,93.51,3.674,-0,-0.9998,143.34,143.59,132.74,24.99,Cornering,"Hoosier 43075 16x7.5-10 R20, 7 inch rim",3025
78.7,317.81,-6.66,-333.42,-206.13,-0.005,12.78,27.49,0.03,0.0323,1.6175,12.08,159969.86,7.61,93.5,3.633,-0,-1,143.21,143.41,133,24.99,Cornering,"Hoosier 43075 16x7.5-10 R20, 7 inch rim",3026
78.67,317.82,-6.69,-333.14,-208.68,0.001,12.26,27.79,0.09,0.032,1.5964,11.99,44331.37,7.61,93.51,3.58,-0,-0.9998,143.02,143.17,133.25,24.99,Cornering,"Hoosier 43075 16x7.5-10 R20, 7 inch rim",3027
78.7,317.83,-5.8,-332.68,-211.9,-0.006,13.03,28.03,0.09,0.0274,1.57,11.9,44322.86,7.61,93.49,3.54,-0,-0.9998,142.84,142.97,133.39,24.98,Cornering,"Hoosier 43075 16x7.5-10 R20, 7 inch rim",3028
78.71,317.84,-5.16,-332.24,-212.23,-0,11.49,27,0.16,0.0243,1.5654,11.86,25744.56,7.61,93.47,3.508,-0,-0.9997,142.65,142.88,133.51,25,Cornering,"Hoosier 43075 16x7.5-10 R20, 7 inch rim",3029
78.69,317.85,-3.47,-330.23,-211.56,0.009,11.61,26.72,0.09,0.0164,1.5609,11.89,44356.88,7.61,93.46,3.467,-0,-0.9998,142.52,142.73,133.49,25,Cornering,"Hoosier 43075 16x7.5-10 R20, 7 inch rim",3030
78.68,317.86,-2.31,-326.94,-208.88,0.001,11.2,25.85,0.09,0.0111,1.5652,11.97,44307.42,7.61,93.46,3.421,-0,-0.9998,142.5,142.66,133.45,24.97,Cornering,"Hoosier 43075 16x7.5-10 R20, 7 inch rim",3031
78.71,317.87,-1.59,-322.6,-205.91,0.016,10.9,25.38,0.16,0.0077,1.5667,12.06,25693.75,7.61,93.51,3.391,-0,-0.9997,142.37,142.53,133.41,24.95,Cornering,"Hoosier 43075 16x7.5-10 R20, 7 inch rim",3032
78.7,317.88,-1.75,-318.23,-203.35,0.01,10.89,25.07,0.03,0.0086,1.5649,12.09,159680.53,7.61,93.51,3.346,-0,-1,142.31,142.38,133.41,24.94,Cornering,"Hoosier 43075 16x7.5-10 R20, 7 inch rim",3033
78.67,317.89,-2.91,-313.37,-201.81,-0.006,11.72,24.93,0.09,0.0144,1.5528,12.08,44281.2,7.62,93.5,3.309,-0,-0.9998,142.26,142.38,133.45,24.96,Cornering,"Hoosier 43075 16x7.5-10 R20, 7 inch rim",3034
78.7,317.9,-4.39,-310.15,-201.83,0.012,11.56,25.6,0.16,0.0217,1.5367,12.02,25714.62,7.62,93.54,3.266,-0,-0.9997,142.31,142.47,133.53,24.97,Cornering,"Hoosier 43075 16x7.5-10 R20, 7 inch rim",3035
78.71,317.91,-6.15,-307.66,-203.41,0.001,11.83,26.1,0.03,0.0302,1.5125,11.94,159995.41,7.62,93.5,3.223,-0,-1,142.24,142.51,133.67,24.98,Cornering,"Hoosier 43075 16x7.5-10 R20, 7 inch rim",3036
78.69,317.92,-7.39,-306.29,-206.02,0.003,11.87,26.66,0.09,0.0359,1.4867,11.92,44357.72,7.62,93.49,3.196,-0,-0.9998,142.14,142.38,133.91,25,Cornering,"Hoosier 43075 16x7.5-10 R20, 7 inch rim",3037
78.68,317.93,-7.62,-305.39,-208.38,0.003,10.98,27.21,0.16,0.0366,1.4656,11.95,25746.93,7.62,93.46,3.159,-0,-0.9997,141.96,142.27,134.18,25,Cornering,"Hoosier 43075 16x7.5-10 R20, 7 inch rim",3038
78.7,317.94,-6.8,-304.65,-211.05,0.01,10.46,27.68,0.16,0.0322,1.4435,12.03,25735.73,7.62,93.45,3.126,-0,-0.9997,141.79,142.11,134.3,24.98,Cornering,"Hoosier 43075 16x7.5-10 R20, 7 inch rim",3039
78.71,317.95,-6.08,-303.55,-213.07,-0.002,11.1,26.92,0.03,0.0285,1.4246,12.12,159941.72,7.62,93.44,3.076,-0,-1,141.64,141.98,134.42,24.97,Cornering,"Hoosier 43075 16x7.5-10 R20, 7 inch rim",3040
78.67,317.96,-4.67,-301.7,-212.4,0.007,10.29,26.26,0.16,0.022,1.4204,12.2,25719.54,7.62,93.45,3.047,-0,-0.9997,141.54,141.83,134.44,24.97,Cornering,"Hoosier 43075 16x7.5-10 R20, 7 inch rim",3041
78.69,317.97,-3.56,-298.88,-210.11,-0,9.41,24.96,0.09,0.017,1.4225,12.2,44344.12,7.62,93.46,3.013,-0,-0.9998,141.45,141.72,134.38,24.98,Cornering,"Hoosier 43075 16x7.5-10 R20, 7 inch rim",3042
78.72,317.98,-2.61,-294.53,-207.11,0.009,9.23,24.09,0.09,0.0126,1.4221,12.14,44314.66,7.62,93.48,2.974,-0,-0.9998,141.43,141.59,134.36,24.97,Cornering,"Hoosier 43075 16x7.5-10 R20, 7 inch rim",3043
78.69,317.99,-2.55,-289.84,-204.4,0.001,9.38,23.39,0.03,0.0125,1.418,12.06,159960.28,7.62,93.48,2.935,-0,-1,141.41,141.41,134.38,24.97,Cornering,"Hoosier 43075 16x7.5-10 R20, 7 inch rim",3044
78.67,318,-3.78,-285.16,-202.73,-0.003,10.02,22.66,0.09,0.0187,1.4066,12.01,44337.95,7.62,93.48,2.898,-0,-0.9998,141.36,141.3,134.42,24.98,Cornering,"Hoosier 43075 16x7.5-10 R20, 7 inch rim",3045
78.7,318.01,-5.2,-280.98,-202.07,0.001,10.11,22.75,0.09,0.0257,1.3905,12.02,44329.26,7.62,93.44,2.852,-0,-0.9998,141.39,141.26,134.46,24.97,Cornering,"Hoosier 43075 16x7.5-10 R20, 7 inch rim",3046
78.71,318.02,-7.39,-277.89,-203.55,0.004,10.8,22.8,0.16,0.0363,1.3652,12.08,25718.26,7.62,93.43,2.821,-0,-0.9997,141.45,141.26,134.56,24.96,Cornering,"Hoosier 43075 16x7.5-10 R20, 7 inch rim",3047
78.67,318.03,-8.27,-275.44,-205.36,0.01,10.44,23.75,0.16,0.0403,1.3413,12.17,25719.24,7.62,93.37,2.771,-0,-0.9997,141.47,141.12,134.74,24.96,Cornering,"Hoosier 43075 16x7.5-10 R20, 7 inch rim",3048
78.68,318.04,-9.32,-273.59,-208.42,0.007,10.7,23.69,0.16,0.0447,1.3127,12.19,25713.9,7.62,93.31,2.738,-0,-0.9997,141.34,140.99,134.96,24.96,Cornering,"Hoosier 43075 16x7.5-10 R20, 7 inch rim",3049
78.71,318.05,-8.64,-272.36,-210.68,0.001,9.62,24.18,0.03,0.041,1.2928,12.18,159990.38,7.63,93.28,2.691,-0,-1,141.15,140.93,135.08,24.97,Cornering,"Hoosier 43075 16x7.5-10 R20, 7 inch rim",3050
78.7,318.06,-7.43,-271.15,-212.97,0.012,9.62,24.12,0.09,0.0349,1.2732,12.11,44325.68,7.62,93.25,2.65,-0,-0.9998,140.98,140.82,135.23,24.97,Cornering,"Hoosier 43075 16x7.5-10 R20, 7 inch rim",3051
78.68,318.07,-6.46,-269.31,-213.07,0.019,8.75,23.26,0.03,0.0303,1.2639,12.03,160000.25,7.62,93.23,2.605,-0,-1,140.91,140.71,135.23,24.97,Cornering,"Hoosier 43075 16x7.5-10 R20, 7 inch rim",3052
78.7,318.08,-4.81,-266.47,-211.13,-0.002,7.92,22.64,0.09,0.0228,1.2621,11.95,44370.1,7.63,93.21,2.546,-0,-0.9998,140.76,140.66,135.27,24.99,Cornering,"Hoosier 43075 16x7.5-10 R20, 7 inch rim",3053
78.71,318.09,-3.51,-262.43,-208.75,0.009,8.08,22.27,0.03,0.0168,1.2572,11.95,160122.41,7.63,93.23,2.507,-0,-1,140.68,140.57,135.27,24.99,Cornering,"Hoosier 43075 16x7.5-10 R20, 7 inch rim",3054
78.68,318.1,-2.92,-257.58,-205.2,-0.005,7.67,21.77,0.03,0.0142,1.2552,11.98,160202.19,7.63,93.19,2.456,-0,-1,140.66,140.46,135.27,25,Cornering,"Hoosier 43075 16x7.5-10 R20, 7 inch rim",3055
78.68,318.11,-2.8,-252.14,-203.13,0.001,8.47,22.39,0.03,0.0138,1.2413,12.05,160169.25,7.63,93.18,2.416,-0,-1,140.51,140.4,135.27,25,Cornering,"Hoosier 43075 16x7.5-10 R20, 7 inch rim",3056
78.71,318.12,-4.53,-246.88,-201.91,0.014,8.82,22.24,0.09,0.0224,1.2227,12.1,44364.77,7.63,93.15,2.377,-0,-0.9998,140.55,140.35,135.31,24.98,Cornering,"Hoosier 43075 16x7.5-10 R20, 7 inch rim",3057
78.7,318.13,-6.08,-242.68,-202.29,0.004,9.25,22.67,-0.04,0.0301,1.1997,12.06,-99454.56,7.63,93.11,2.331,-0,-1.0001,140.57,140.37,135.39,24.97,Cornering,"Hoosier 43075 16x7.5-10 R20, 7 inch rim",3058
78.67,318.14,-7.32,-239.75,-203.81,0.003,8.72,23.41,0.09,0.0359,1.1763,12.01,44335.95,7.63,93.09,2.303,-0,-0.9998,140.48,140.33,135.51,24.97,Cornering,"Hoosier 43075 16x7.5-10 R20, 7 inch rim",3059
78.69,318.15,-7.91,-237.62,-206.89,0.014,8.59,24.12,0.03,0.0382,1.1486,11.92,160073.27,7.63,93.05,2.261,-0,-1,140.38,140.18,135.67,24.98,Cornering,"Hoosier 43075 16x7.5-10 R20, 7 inch rim",3060
78.71,318.16,-7.52,-235.92,-209.72,0.004,7.96,24.53,0.09,0.0358,1.1249,11.89,44379.55,7.63,93.05,2.211,-0,-0.9998,140.25,140.02,135.81,24.99,Cornering,"Hoosier 43075 16x7.5-10 R20, 7 inch rim",3061
78.68,318.17,-6.36,-234.22,-212.56,-0,8.28,24.81,0.09,0.0299,1.1019,11.92,44369.86,7.63,93.05,2.188,-0,-0.9998,140.14,139.96,135.89,24.98,Cornering,"Hoosier 43075 16x7.5-10 R20, 7 inch rim",3062
78.68,318.18,-5.33,-232.54,-213.09,0.006,7.06,24.06,0.16,0.025,1.0913,12,25747.62,7.64,93.05,2.157,-0,-0.9997,139.99,139.85,135.93,24.98,Cornering,"Hoosier 43075 16x7.5-10 R20, 7 inch rim",3063
78.71,318.19,-3.64,-229.74,-211.31,0.009,5.93,23.43,0.09,0.0172,1.0872,12.09,44310.1,7.63,93.04,2.108,-0,-0.9998,139.86,139.74,135.89,24.95,Cornering,"Hoosier 43075 16x7.5-10 R20, 7 inch rim",3064
78.7,318.2,-2.87,-225.51,-209.15,0.001,6.69,22.16,0.16,0.0137,1.0782,12.18,25706.97,7.64,93.01,2.075,-0,-0.9997,139.8,139.69,135.87,24.94,Cornering,"Hoosier 43075 16x7.5-10 R20, 7 inch rim",3065
78.68,318.21,-2.15,-220.69,-205.5,0.006,6.26,21.64,0.09,0.0104,1.0739,12.22,44270.41,7.64,92.99,2.046,-0,-0.9998,139.71,139.6,135.91,24.93,Cornering,"Hoosier 43075 16x7.5-10 R20, 7 inch rim",3066
78.69,318.22,-2.66,-215.41,-202.76,0.013,6.47,20.88,0.09,0.0131,1.0624,12.15,44292.2,7.64,93.01,1.995,-0,-0.9998,139.6,139.52,135.93,24.94,Cornering,"Hoosier 43075 16x7.5-10 R20, 7 inch rim",3067
78.72,318.23,-3.94,-209.96,-201.05,0.013,7.21,20.56,0.03,0.0196,1.0443,12.08,159913.48,7.64,93.04,1.969,-0,-1,139.56,139.58,135.97,24.95,Cornering,"Hoosier 43075 16x7.5-10 R20, 7 inch rim",3068
78.69,318.24,-6.48,-205.91,-200.92,0.001,7.19,19.73,0.03,0.0322,1.0248,12.02,159917.62,7.64,93.1,1.917,-0,-1,139.6,139.65,136.07,24.95,Cornering,"Hoosier 43075 16x7.5-10 R20, 7 inch rim",3069
78.67,318.25,-8.88,-202.51,-202.51,0.003,7.73,19.2,0.03,0.0439,1,12.01,159919.98,7.64,93.12,1.887,-0,-1,139.56,139.6,136.28,24.95,Cornering,"Hoosier 43075 16x7.5-10 R20, 7 inch rim",3070
78.7,318.26,-10.59,-200.19,-203.71,-0.005,6.34,18.66,0.09,0.052,0.9827,12.06,44336.77,7.64,93.13,1.84,-0,-0.9998,139.54,139.52,136.4,24.96,Cornering,"Hoosier 43075 16x7.5-10 R20, 7 inch rim",3071
78.71,318.27,-11.28,-198.38,-207.06,0.01,6.44,18.22,0.16,0.0545,0.9581,12.16,25740.39,7.64,93.13,1.8,-0,-0.9997,139.43,139.36,136.54,24.97,Cornering,"Hoosier 43075 16x7.5-10 R20, 7 inch rim",3072
78.68,318.28,-10.58,-196.85,-209.61,0.014,6.34,17.81,0.09,0.0505,0.9391,12.2,44379.3,7.64,93.13,1.774,-0,-0.9998,139.3,139.21,136.68,24.98,Cornering,"Hoosier 43075 16x7.5-10 R20, 7 inch rim",3073
78.68,318.29,-9.3,-194.36,-210.45,0.009,6.08,16.85,0.09,0.0442,0.9236,12.22,44421.47,7.64,93.15,1.724,-0,-0.9998,139.13,139.12,136.74,25.01,Cornering,"Hoosier 43075 16x7.5-10 R20, 7 inch rim",3074
78.72,318.3,-7.95,-191.25,-209.5,0.01,5.82,15.72,0.16,0.038,0.9129,12.16,25807.3,7.64,93.15,1.697,-0,-0.9997,139.02,138.99,136.7,25.03,Cornering,"Hoosier 43075 16x7.5-10 R20, 7 inch rim",3075
78.7,318.31,-6.21,-187.65,-206.62,-0,5,15.15,0.09,0.0301,0.9082,12.06,44474.62,7.64,93.15,1.635,-0,-0.9998,138.92,138.97,136.72,25.04,Cornering,"Hoosier 43075 16x7.5-10 R20, 7 inch rim",3076
78.68,318.32,-5.67,-182.82,-203.07,0.003,4.92,14.28,-0.04,0.0279,0.9003,11.97,-99722.81,7.65,93.13,1.595,-0,-1.0001,138.85,138.88,136.74,25.03,Cornering,"Hoosier 43075 16x7.5-10 R20, 7 inch rim",3077
78.7,318.33,-5.72,-177.19,-199.89,-0.006,5.49,13.87,0.09,0.0286,0.8864,11.98,44434.73,7.65,93.12,1.562,-0,-0.9998,138.72,138.77,136.7,25.01,Cornering,"Hoosier 43075 16x7.5-10 R20, 7 inch rim",3078
78.71,318.34,-6.6,-171.62,-197.83,0.007,5.56,13.89,0.03,0.0334,0.8675,12.03,160390.58,7.64,93.14,1.529,-0,-1,138.75,138.75,136.72,25.02,Cornering,"Hoosier 43075 16x7.5-10 R20, 7 inch rim",3079
78.67,318.35,-7.35,-166.81,-197.45,0.007,5.85,14.94,0.16,0.0372,0.8448,12.09,25797.63,7.65,93.17,1.472,-0,-0.9997,138.77,138.77,136.8,25.02,Cornering,"Hoosier 43075 16x7.5-10 R20, 7 inch rim",3080
78.68,318.36,-8.69,-162.8,-198.54,0.013,5.83,15.68,0.09,0.0438,0.82,12.16,44436.79,7.64,93.22,1.436,-0,-0.9998,138.77,138.75,136.88,25.01,Cornering,"Hoosier 43075 16x7.5-10 R20, 7 inch rim",3081
78.71,318.37,-9.39,-159.25,-200.37,0.013,5.44,16.63,0.09,0.0469,0.7948,12.17,44416.74,7.65,93.23,1.4,-0,-0.9998,138.79,138.68,136.96,25,Cornering,"Hoosier 43075 16x7.5-10 R20, 7 inch rim",3082
78.7,318.38,-9.58,-156.63,-203.45,0.009,4.75,16.93,-0.04,0.0471,0.7699,12.12,-99615.87,7.65,93.23,1.358,-0,-1.0001,138.75,138.48,137.04,25,Cornering,"Hoosier 43075 16x7.5-10 R20, 7 inch rim",3083
78.67,318.39,-8.97,-154.03,-205.52,0.014,3.51,17.01,0.03,0.0436,0.7495,12.04,160365.42,7.65,93.25,1.312,-0,-1,138.55,138.39,137.17,25.01,Cornering,"Hoosier 43075 16x7.5-10 R20, 7 inch rim",3084
78.7,318.4,-7.96,-151.23,-207.69,0.004,3.65,16.49,0.09,0.0383,0.7282,11.93,44449.47,7.65,93.27,1.27,-0,-0.9998,138.47,138.28,137.23,25.02,Cornering,"Hoosier 43075 16x7.5-10 R20, 7 inch rim",3085
78.71,318.41,-6.72,-147.81,-207.62,0.001,3.22,15.63,0.09,0.0324,0.7119,11.9,44470.7,7.65,93.24,1.222,-0,-0.9998,138.38,138.24,137.21,25.03,Cornering,"Hoosier 43075 16x7.5-10 R20, 7 inch rim",3086
78.68,318.42,-5.39,-144.09,-205.55,0.01,2.54,14.84,0.09,0.0262,0.701,11.93,44450.54,7.65,93.27,1.186,-0,-0.9998,138.27,138.15,137.19,25.02,Cornering,"Hoosier 43075 16x7.5-10 R20, 7 inch rim",3087
78.68,318.43,-4.61,-138.96,-202.44,0.019,2.58,14.14,0.09,0.0228,0.6864,12,44430.47,7.65,93.26,1.141,-0,-0.9998,138.21,138.11,137.21,25.01,Cornering,"Hoosier 43075 16x7.5-10 R20, 7 inch rim",3088
78.7,318.44,-3.75,-133.17,-199.06,0.009,3.41,14.01,0.09,0.0188,0.669,12.08,44441.03,7.65,93.26,1.118,-0,-0.9998,138.1,138.04,137.19,25.01,Cornering,"Hoosier 43075 16x7.5-10 R20, 7 inch rim",3089
78.71,318.45,-4.8,-127.56,-197.52,0.006,4.49,13.31,0.03,0.0243,0.6458,12.09,160264.88,7.65,93.27,1.061,-0,-1,138.06,138.04,137.21,25,Cornering,"Hoosier 43075 16x7.5-10 R20, 7 inch rim",3090
78.67,318.46,-6.16,-122.13,-196.04,0.009,4.26,13.5,0.03,0.0314,0.623,12.03,160117.19,7.65,93.29,1.035,-0,-1,138.12,138.11,137.29,24.97,Cornering,"Hoosier 43075 16x7.5-10 R20, 7 inch rim",3091
78.7,318.47,-8.03,-117.64,-196.68,0.006,4.06,13.36,0.03,0.0408,0.5981,11.93,160081.88,7.65,93.31,0.982,-0,-1,138.17,138.13,137.37,24.97,Cornering,"Hoosier 43075 16x7.5-10 R20, 7 inch rim",3092
78.72,318.48,-9.78,-114.41,-198.71,0.007,3.41,12.94,0.03,0.0492,0.5758,11.85,160119.98,7.65,93.33,0.954,-0,-1,138.12,138.15,137.41,24.97,Cornering,"Hoosier 43075 16x7.5-10 R20, 7 inch rim",3093
78.68,318.49,-10.16,-111.17,-200.9,0.001,2.12,13.19,0.16,0.0506,0.5533,11.82,25747.84,7.65,93.34,0.904,-0,-0.9997,138,138.04,137.49,24.97,Cornering,"Hoosier 43075 16x7.5-10 R20, 7 inch rim",3094
78.68,318.5,-10.48,-108.1,-204.24,0.01,1.72,12.46,0.09,0.0513,0.5293,11.84,44340.44,7.65,93.4,0.865,-0,-0.9998,137.82,137.89,137.55,24.96,Cornering,"Hoosier 43075 16x7.5-10 R20, 7 inch rim",3095
78.71,318.51,-9.49,-104.39,-205.66,0.009,1.04,11.96,0.16,0.0461,0.5076,11.9,25736.24,7.65,93.44,0.825,-0,-0.9997,137.65,137.78,137.53,24.96,Cornering,"Hoosier 43075 16x7.5-10 R20, 7 inch rim",3096
78.71,318.52,-8.53,-100.82,-205.73,0.007,0.17,10.72,0.09,0.0415,0.4901,11.99,44320.4,7.65,93.5,0.788,-0,-0.9998,137.48,137.69,137.55,24.94,Cornering,"Hoosier 43075 16x7.5-10 R20, 7 inch rim",3097
78.67,318.53,-6.99,-96.32,-204.09,0.013,0.08,9.84,0.03,0.0342,0.472,12.03,159939.58,7.65,93.51,0.756,-0,-1,137.39,137.65,137.57,24.94,Cornering,"Hoosier 43075 16x7.5-10 R20, 7 inch rim",3098
78.69,318.54,-6.56,-90.85,-200.9,0.009,0.74,8.08,0.09,0.0327,0.4522,12.02,44341.51,7.65,93.51,0.705,-0,-0.9998,137.31,137.58,137.55,24.96,Cornering,"Hoosier 43075 16x7.5-10 R20, 7 inch rim",3099
78.72,318.55,-6.09,-85.68,-197.86,-0.003,1.27,7.34,0.03,0.0308,0.433,11.95,160053,7.65,93.48,0.662,-0,-1,137.16,137.54,137.57,24.96,Cornering,"Hoosier 43075 16x7.5-10 R20, 7 inch rim",3100
78.69,318.56,-7.17,-80.08,-195.1,0.003,1.79,6.14,0.09,0.0367,0.4105,11.87,44372.79,7.65,93.46,0.63,-0,-0.9998,137.07,137.58,137.59,24.97,Cornering,"Hoosier 43075 16x7.5-10 R20, 7 inch rim",3101
78.68,318.57,-8.51,-74.8,-194.48,0.004,2.78,5.71,0.03,0.0438,0.3846,11.85,160091.11,7.65,93.47,0.604,-0,-1,137.09,137.6,137.63,24.97,Cornering,"Hoosier 43075 16x7.5-10 R20, 7 inch rim",3102
78.71,318.58,-10.34,-70,-194.1,0.007,2.23,5.49,0.03,0.0533,0.3607,11.87,160017.36,7.65,93.45,0.564,-0,-1,137.12,137.67,137.69,24.96,Cornering,"Hoosier 43075 16x7.5-10 R20, 7 inch rim",3103
78.71,318.59,-11.82,-66.3,-195.45,0.009,1.58,5.45,0.03,0.0605,0.3392,11.96,159980.62,7.65,93.45,0.529,-0,-1,137.12,137.69,137.73,24.95,Cornering,"Hoosier 43075 16x7.5-10 R20, 7 inch rim",3104
78.68,318.6,-12.45,-62.6,-197.3,0.007,0.54,5.56,-0.04,0.0631,0.3173,12.05,-99447.74,7.65,93.44,0.478,-0,-1.0001,137.01,137.54,137.71,24.95,Cornering,"Hoosier 43075 16x7.5-10 R20, 7 inch rim",3105
78.69,318.61,-12.76,-58.58,-199.51,0.004,0,4.99,0.09,0.0639,0.2936,12.13,44332.19,7.65,93.43,0.451,-0,-0.9998,136.9,137.34,137.69,24.95,Cornering,"Hoosier 43075 16x7.5-10 R20, 7 inch rim",3106
78.71,318.62,-11.83,-54.74,-201.05,0.013,-1.07,4.71,0.09,0.0589,0.2723,12.12,44352.86,7.65,93.4,0.411,-0,-0.9998,136.92,137.16,137.65,24.96,Cornering,"Hoosier 43075 16x7.5-10 R20, 7 inch rim",3107
78.69,318.63,-11.01,-50.51,-201.05,-0.007,-1.84,3.47,0.03,0.0548,0.2512,12.08,160093.34,7.66,93.38,0.371,-0,-1,136.88,137.07,137.61,24.97,Cornering,"Hoosier 43075 16x7.5-10 R20, 7 inch rim",3108
78.67,318.64,-9.04,-45.71,-200.46,0.003,-1.16,3.12,0.03,0.0451,0.228,12,160130.61,7.65,93.35,0.337,-0,-1,136.84,137.07,137.51,24.97,Cornering,"Hoosier 43075 16x7.5-10 R20, 7 inch rim",3109
78.7,318.65,-7.68,-40.57,-197.45,0.004,-1.55,2.19,-0.04,0.0389,0.2055,11.96,-99517.58,7.66,93.35,0.298,-0,-1.0001,136.88,136.99,137.53,24.97,Cornering,"Hoosier 43075 16x7.5-10 R20, 7 inch rim",3110
78.71,318.66,-7.1,-34.32,-194.53,-0,-0.47,1.39,0.03,0.0365,0.1764,11.98,160019.11,7.66,93.32,0.249,-0,-1,136.75,136.96,137.49,24.96,Cornering,"Hoosier 43075 16x7.5-10 R20, 7 inch rim",3111
78.69,318.67,-7.18,-28.72,-192.17,0.001,0.02,0.79,0.03,0.0373,0.1495,12.05,159944.62,7.65,93.31,0.201,-0,-1,136.69,137.05,137.53,24.94,Cornering,"Hoosier 43075 16x7.5-10 R20, 7 inch rim",3112
78.68,318.68,-8.34,-22.98,-191.02,0.004,0.41,0.39,0.03,0.0437,0.1203,12.11,159870.16,7.66,93.27,0.173,-0,-1,136.71,137.12,137.53,24.93,Cornering,"Hoosier 43075 16x7.5-10 R20, 7 inch rim",3113
78.71,318.69,-9.89,-17.56,-190.72,0.01,0.08,0.24,0.03,0.0519,0.0921,12.19,159795.56,7.65,93.27,0.135,-0,-1,136.75,137.16,137.59,24.92,Cornering,"Hoosier 43075 16x7.5-10 R20, 7 inch rim",3114
78.7,318.7,-11.38,-12.78,-191.97,0.012,-0.74,0.17,0.03,0.0593,0.0666,12.19,159795.16,7.65,93.29,0.087,-0,-1,136.73,137.25,137.65,24.92,Cornering,"Hoosier 43075 16x7.5-10 R20, 7 inch rim",3115
78.67,318.71,-12.24,-8.46,-194.02,0.013,-2.02,0.03,-0.04,0.0631,0.0436,12.1,-99331.84,7.65,93.29,0.046,-0,-1.0001,136.69,137.16,137.59,24.92,Cornering,"Hoosier 43075 16x7.5-10 R20, 7 inch rim",3116
78.7,318.72,-12.65,-3.5,-196.18,0.001,-3.07,-0.62,0.03,0.0645,0.0178,12.01,159905.59,7.65,93.28,0,-0,-1,136.64,137.03,137.61,24.94,Cornering,"Hoosier 43075 16x7.5-10 R20, 7 inch rim",3117
78.71,318.73,-12,1.43,-198.71,0.007,-4.05,-1.08,-0.11,0.0604,-0.0072,11.97,-37933.19,7.66,93.27,-0.051,-0,-1.0002,136.58,136.9,137.53,24.95,Cornering,"Hoosier 43075 16x7.5-10 R20, 7 inch rim",3118
78.68,318.74,-11.29,6.39,-199.97,0.003,-4.49,-2.3,-0.04,0.0564,-0.032,11.99,-99515.31,7.66,93.28,-0.094,-0,-1.0001,136.51,136.79,137.45,24.97,Cornering,"Hoosier 43075 16x7.5-10 R20, 7 inch rim",3119
78.68,318.75,-9.23,11.97,-199.32,0.013,-4.54,-2.65,0.03,0.0463,-0.06,12.03,160126.22,7.65,93.32,-0.134,-0,-1,136.39,136.7,137.39,24.97,Cornering,"Hoosier 43075 16x7.5-10 R20, 7 inch rim",3120
78.71,318.76,-7.73,18.21,-196.78,0.006,-4.1,-3.5,-0.04,0.0393,-0.0925,12.11,-99514.16,7.65,93.3,-0.183,-0,-1.0001,136.39,136.65,137.35,24.97,Cornering,"Hoosier 43075 16x7.5-10 R20, 7 inch rim",3121
78.7,318.77,-6.74,24.6,-193.89,0.01,-3.05,-4.28,-0.04,0.0348,-0.1269,12.15,-99513.58,7.65,93.29,-0.222,-0,-1.0001,136.3,136.61,137.31,24.97,Cornering,"Hoosier 43075 16x7.5-10 R20, 7 inch rim",3122
78.67,318.78,-6.54,30.83,-191.4,0.01,-2.21,-4.83,0.09,0.0342,-0.1611,12.11,44392.03,7.65,93.25,-0.269,-0,-0.9998,136.15,136.61,137.27,24.98,Cornering,"Hoosier 43075 16x7.5-10 R20, 7 inch rim",3123
78.7,318.79,-7.02,36.9,-189.58,0.007,-1.91,-4.91,0.03,0.037,-0.1946,12.01,160233.11,7.65,93.25,-0.316,-0,-1,136.13,136.63,137.27,24.99,Cornering,"Hoosier 43075 16x7.5-10 R20, 7 inch rim",3124
78.71,318.8,-8.87,42.16,-189.02,0.007,-2.87,-5.68,0.03,0.0469,-0.2231,11.92,160343.33,7.65,93.25,-0.358,-0,-1,136.21,136.72,137.33,25.01,Cornering,"Hoosier 43075 16x7.5-10 R20, 7 inch rim",3125
78.69,318.81,-9.74,46.96,-190.37,0.007,-3.3,-5.19,-0.04,0.0512,-0.2467,11.85,-99671.83,7.65,93.26,-0.409,-0,-1.0001,136.17,136.81,137.35,25.01,Cornering,"Hoosier 43075 16x7.5-10 R20, 7 inch rim",3126
78.68,318.82,-10.39,51.6,-192.26,-0.002,-4.35,-4.82,0.03,0.0541,-0.2684,11.85,160117.86,7.66,93.25,-0.432,-0,-1,136.15,136.83,137.31,24.97,Cornering,"Hoosier 43075 16x7.5-10 R20, 7 inch rim",3127
78.71,318.83,-10.22,56.51,-194.26,0.013,-5.87,-4.39,0.03,0.0526,-0.2909,11.89,160005.23,7.65,93.21,-0.464,-0,-1,136.09,136.76,137.15,24.96,Cornering,"Hoosier 43075 16x7.5-10 R20, 7 inch rim",3128
78.71,318.84,-10.25,61.46,-196.82,0.01,-6.05,-5.24,0.03,0.0521,-0.3123,11.98,160003.77,7.65,93.2,-0.502,-0,-1,136,136.63,136.96,24.96,Cornering,"Hoosier 43075 16x7.5-10 R20, 7 inch rim",3129
78.67,318.85,-9.3,66.59,-197.23,-0,-7.62,-6.02,0.03,0.0472,-0.3376,12.02,160039.69,7.66,93.21,-0.534,-0,-1,136,136.52,136.78,24.96,Cornering,"Hoosier 43075 16x7.5-10 R20, 7 inch rim",3130
78.69,318.86,-8.52,72.65,-196.9,0.003,-6.89,-7.71,0.09,0.0433,-0.3689,11.98,44368.52,7.66,93.18,-0.571,-0,-0.9998,135.94,136.43,136.62,24.97,Cornering,"Hoosier 43075 16x7.5-10 R20, 7 inch rim",3131
78.71,318.87,-6.92,78.56,-194.68,0.006,-6.54,-8.81,0.03,0.0355,-0.4035,11.93,160371.33,7.65,93.14,-0.601,-0,-1,135.94,136.43,136.48,25.01,Cornering,"Hoosier 43075 16x7.5-10 R20, 7 inch rim",3132
78.69,318.88,-6.4,84.31,-191.9,0.013,-5.71,-10.52,0.03,0.0334,-0.4394,11.84,160481.47,7.65,93.12,-0.631,-0,-1,135.89,136.39,136.32,25.03,Cornering,"Hoosier 43075 16x7.5-10 R20, 7 inch rim",3133
78.67,318.89,-6.09,89.79,-189.03,0.003,-5.46,-11.71,0.03,0.0322,-0.475,11.77,160480.09,7.65,93.08,-0.661,-0,-1,135.81,136.32,136.28,25.03,Cornering,"Hoosier 43075 16x7.5-10 R20, 7 inch rim",3134
78.71,318.9,-6.72,94.74,-187.65,0.017,-4.95,-12.68,-0.04,0.0358,-0.5049,11.79,-99756.93,7.65,93.05,-0.694,-0,-1.0001,135.74,136.41,136.14,25.03,Cornering,"Hoosier 43075 16x7.5-10 R20, 7 inch rim",3135
78.71,318.91,-9.27,99.26,-186.87,0.007,-5.49,-14.67,0.09,0.0496,-0.5312,11.84,44438.71,7.65,93.03,-0.72,-0,-0.9998,135.7,136.48,136.1,25.01,Cornering,"Hoosier 43075 16x7.5-10 R20, 7 inch rim",3136
78.68,318.92,-11.39,103.43,-186.63,0.01,-7.23,-15.79,0.03,0.061,-0.5542,11.92,160215.05,7.65,93.04,-0.762,-0,-1,135.72,136.52,136.12,24.99,Cornering,"Hoosier 43075 16x7.5-10 R20, 7 inch rim",3137
78.68,318.93,-13.17,107.6,-188.59,0.009,-7.44,-16.75,0.16,0.0698,-0.5706,12,25762.51,7.65,93.05,-0.806,-0,-0.9997,135.66,136.52,136.03,24.98,Cornering,"Hoosier 43075 16x7.5-10 R20, 7 inch rim",3138
78.71,318.94,-13.85,111.62,-190.69,0.004,-8.34,-17.41,-0.04,0.0726,-0.5853,12.03,-99521.34,7.66,93.07,-0.837,-0,-1.0001,135.53,136.46,135.93,24.97,Cornering,"Hoosier 43075 16x7.5-10 R20, 7 inch rim",3139
78.7,318.95,-14.15,116.11,-192.52,-0,-9.18,-18.62,-0.04,0.0735,-0.6031,11.97,-99542.89,7.66,93.04,-0.882,-0,-1.0001,135.44,136.35,135.79,24.98,Cornering,"Hoosier 43075 16x7.5-10 R20, 7 inch rim",3140
78.67,318.96,-13.97,121.04,-193.9,0.01,-9.5,-20,0.09,0.072,-0.6243,11.89,44342.86,7.65,93.01,-0.931,-0,-0.9998,135.38,136.32,135.63,24.96,Cornering,"Hoosier 43075 16x7.5-10 R20, 7 inch rim",3141
78.7,318.97,-12.57,126.35,-194.24,-0.003,-8.82,-20.89,-0.04,0.0647,-0.6505,11.86,-99424.39,7.65,93.01,-0.963,-0,-1.0001,135.33,136.26,135.55,24.95,Cornering,"Hoosier 43075 16x7.5-10 R20, 7 inch rim",3142
78.71,318.98,-10.97,131.45,-192.79,0.017,-8.67,-21.59,0.09,0.0569,-0.6818,11.87,44320.77,7.65,92.98,-1.018,-0,-0.9998,135.33,136.28,135.47,24.95,Cornering,"Hoosier 43075 16x7.5-10 R20, 7 inch rim",3143
78.68,318.99,-9.62,136.45,-190.81,0.01,-7.65,-22.24,0.03,0.0504,-0.7151,11.94,159862.52,7.65,92.99,-1.069,-0,-1,135.29,136.28,135.41,24.94,Cornering,"Hoosier 43075 16x7.5-10 R20, 7 inch rim",3144
78.68,319,-8.35,141.93,-187.92,-0.002,-7.25,-22.08,0.03,0.0444,-0.7553,12.05,159822.56,7.66,93,-1.111,-0,-1,135.29,136.3,135.29,24.93,Cornering,"Hoosier 43075 16x7.5-10 R20, 7 inch rim",3145
78.71,319.01,-8.06,146.58,-185.71,0.004,-7.59,-21.63,0.03,0.0434,-0.7893,12.11,159819.59,7.65,93,-1.154,-0,-1,135.14,136.32,135.23,24.93,Cornering,"Hoosier 43075 16x7.5-10 R20, 7 inch rim",3146
78.69,319.02,-8.25,151.53,-184.75,0.01,-8.11,-20.45,0.03,0.0446,-0.8202,12.12,159890.09,7.65,92.98,-1.207,-0,-1,135.1,136.46,135.21,24.94,Cornering,"Hoosier 43075 16x7.5-10 R20, 7 inch rim",3147
78.66,319.03,-9.21,155.88,-184.25,0.006,-9.31,-19.68,0.03,0.05,-0.846,12.08,159960.89,7.65,93,-1.254,-0,-1,135.14,136.54,135.25,24.96,Cornering,"Hoosier 43075 16x7.5-10 R20, 7 inch rim",3148
78.69,319.04,-9.03,160.48,-185.4,0.019,-10.17,-17.77,0.03,0.0487,-0.8656,11.99,160068.73,7.65,93,-1.301,-0,-1,135.14,136.61,135.21,24.97,Cornering,"Hoosier 43075 16x7.5-10 R20, 7 inch rim",3149
78.7,319.05,-9,165.15,-187.8,0.003,-9.87,-16.75,0.03,0.0479,-0.8794,11.95,160138.97,7.65,93.01,-1.353,-0,-1,135.03,136.57,135.17,24.98,Cornering,"Hoosier 43075 16x7.5-10 R20, 7 inch rim",3150
78.67,319.06,-7.94,170.07,-189.72,0.013,-11.01,-15.43,0.03,0.0418,-0.8964,11.97,160135.36,7.65,92.99,-1.397,-0,-1,134.97,136.5,135.02,24.98,Cornering,"Hoosier 43075 16x7.5-10 R20, 7 inch rim",3151
78.67,319.07,-6.2,175.52,-191.78,0.001,-10.11,-14.68,0.09,0.0323,-0.9152,12.03,44332.52,7.65,92.98,-1.447,-0,-0.9998,134.91,136.41,134.86,24.96,Cornering,"Hoosier 43075 16x7.5-10 R20, 7 inch rim",3152
78.69,319.08,-4.99,180.32,-193.04,0.001,-9.91,-15.24,0.03,0.0258,-0.9341,12.11,159942.72,7.65,92.98,-1.479,-0,-1,134.8,136.32,134.72,24.96,Cornering,"Hoosier 43075 16x7.5-10 R20, 7 inch rim",3153
78.68,319.09,-3.17,185.29,-192.95,0.007,-8.89,-15.75,0.03,0.0164,-0.9603,12.18,160013.89,7.65,93.01,-1.515,-0,-1,134.82,136.19,134.6,24.97,Cornering,"Hoosier 43075 16x7.5-10 R20, 7 inch rim",3154
78.65,319.1,-1.75,189.66,-190.91,0.001,-9,-16.59,-0.04,0.0092,-0.9935,12.16,-99489.05,7.65,93.01,-1.553,-0,-1.0001,134.76,136.15,134.5,24.97,Cornering,"Hoosier 43075 16x7.5-10 R20, 7 inch rim",3155
78.67,319.11,-1.15,193.71,-188.59,0.003,-9.28,-17.35,0.03,0.0061,-1.0272,12.09,160155.25,7.65,92.97,-1.595,-0,-1,134.69,136.17,134.48,24.99,Cornering,"Hoosier 43075 16x7.5-10 R20, 7 inch rim",3156
78.69,319.12,-1.76,197.27,-185.68,0.01,-10.98,-18.65,-0.04,0.0095,-1.0624,12.02,-99555.23,7.65,92.91,-1.608,-0,-1.0001,134.58,136.15,134.4,24.99,Cornering,"Hoosier 43075 16x7.5-10 R20, 7 inch rim",3157
78.67,319.13,-3.4,201.16,-183.8,0.003,-12.41,-19.69,-0.04,0.0185,-1.0945,11.96,-99575.56,7.65,92.87,-1.655,-0,-1.0001,134.52,136.26,134.42,25,Cornering,"Hoosier 43075 16x7.5-10 R20, 7 inch rim",3158
78.65,319.14,-5.34,205.02,-183.44,0.009,-13.18,-20.44,-0.04,0.0291,-1.1177,11.96,-99527.16,7.65,92.82,-1.692,-0,-1.0001,134.48,136.28,134.46,24.98,Cornering,"Hoosier 43075 16x7.5-10 R20, 7 inch rim",3159
78.68,319.15,-7.7,209.06,-184.6,0.007,-12.65,-21.72,0.03,0.0417,-1.1325,12.04,159920.69,7.65,92.81,-1.718,-0,-1,134.45,136.37,134.48,24.96,Cornering,"Hoosier 43075 16x7.5-10 R20, 7 inch rim",3160
78.68,319.16,-9.17,212.93,-186.7,0.004,-12.07,-22.41,0.03,0.0491,-1.1405,12.13,159878.56,7.65,92.84,-1.768,-0,-1,134.41,136.35,134.38,24.95,Cornering,"Hoosier 43075 16x7.5-10 R20, 7 inch rim",3161
78.64,319.17,-10.09,217.12,-189.25,-0.003,-11.29,-23.54,0.03,0.0533,-1.1473,12.16,159763.97,7.64,92.9,-1.8,-0,-1,134.35,136.3,134.28,24.93,Cornering,"Hoosier 43075 16x7.5-10 R20, 7 inch rim",3162
78.66,319.18,-10.61,220.51,-191.43,0.001,-11.51,-25.17,0.03,0.0554,-1.1519,12.17,159797.73,7.64,92.96,-1.833,-0,-1,134.22,136.17,134.07,24.94,Cornering,"Hoosier 43075 16x7.5-10 R20, 7 inch rim",3163
78.68,319.19,-9.82,223.74,-193.25,0.014,-11.42,-26.17,0.03,0.0508,-1.1577,12.11,159868.42,7.64,93.02,-1.867,-0,-1,134.18,136.15,133.95,24.95,Cornering,"Hoosier 43075 16x7.5-10 R20, 7 inch rim",3164
78.65,319.2,-8.76,226.71,-193.46,0.001,-11.42,-27.42,0.03,0.0453,-1.1719,12.03,159826.25,7.64,93.05,-1.914,-0,-1,134.15,136.15,133.83,24.94,Cornering,"Hoosier 43075 16x7.5-10 R20, 7 inch rim",3165
78.64,319.21,-7.57,229.19,-192.36,0.007,-11.88,-28.34,-0.04,0.0393,-1.1914,11.97,-99395.7,7.64,93.06,-1.943,-0,-1.0001,134.11,136.15,133.69,24.96,Cornering,"Hoosier 43075 16x7.5-10 R20, 7 inch rim",3166
78.67,319.22,-6.39,231.85,-190.22,0.003,-12.46,-28.67,0.16,0.0336,-1.2188,11.99,25716.57,7.64,93.12,-2.01,-0,-0.9997,134.11,136.13,133.65,24.96,Cornering,"Hoosier 43075 16x7.5-10 R20, 7 inch rim",3167
78.67,319.23,-6.1,234.49,-187.33,0.003,-14.17,-28.75,-0.04,0.0326,-1.2518,12.04,-99413.06,7.64,93.14,-2.026,-0,-1.0001,134.05,136.17,133.61,24.96,Cornering,"Hoosier 43075 16x7.5-10 R20, 7 inch rim",3168
78.63,319.24,-6.44,237.89,-184.98,0.012,-15.28,-28.2,0.09,0.0348,-1.2861,12.11,44335.61,7.64,93.13,-2.077,-0,-0.9998,134,136.21,133.65,24.97,Cornering,"Hoosier 43075 16x7.5-10 R20, 7 inch rim",3169
78.64,319.25,-7.94,242.09,-184.44,0.009,-14.84,-28.14,0.09,0.0431,-1.3126,12.16,44344.61,7.64,93.1,-2.118,-0,-0.9998,133.94,136.32,133.69,24.98,Cornering,"Hoosier 43075 16x7.5-10 R20, 7 inch rim",3170
78.67,319.26,-9.09,246.29,-184.63,0.006,-14.16,-27.39,0.03,0.0492,-1.3339,12.14,160022.81,7.64,93.11,-2.146,-0,-1,134.03,136.39,133.75,24.98,Cornering,"Hoosier 43075 16x7.5-10 R20, 7 inch rim",3171
78.64,319.27,-10.01,250.49,-186.25,-0.003,-12.79,-26.73,-0.04,0.0538,-1.3449,12.06,-99539.25,7.64,93.11,-2.195,-0,-1.0001,134.05,136.35,133.73,25,Cornering,"Hoosier 43075 16x7.5-10 R20, 7 inch rim",3172
78.62,319.28,-10.27,254.18,-188.19,0.006,-12.85,-26.18,-0.04,0.0546,-1.3507,11.95,-99697.54,7.64,93.13,-2.238,-0,-1.0001,133.98,136.32,133.71,25.04,Cornering,"Hoosier 43075 16x7.5-10 R20, 7 inch rim",3173
78.65,319.29,-9.41,257.11,-191.12,0.007,-12.56,-25.64,0.03,0.0493,-1.3453,11.89,160377.09,7.64,93.1,-2.285,-0,-1,133.9,136.28,133.57,25.04,Cornering,"Hoosier 43075 16x7.5-10 R20, 7 inch rim",3174
78.66,319.3,-8.07,259.72,-193.02,0.012,-13.22,-25.61,-0.04,0.0418,-1.3455,11.9,-99667.41,7.63,93.11,-2.328,-0,-1.0001,133.88,136.21,133.47,25.03,Cornering,"Hoosier 43075 16x7.5-10 R20, 7 inch rim",3175
78.63,319.31,-6.52,262.06,-194.09,-0,-13.39,-25.91,0.03,0.0336,-1.3502,11.96,160181.77,7.63,93.1,-2.361,-0,-1,133.88,136.21,133.35,25.01,Cornering,"Hoosier 43075 16x7.5-10 R20, 7 inch rim",3176
78.63,319.32,-4.74,263.77,-193.81,0.003,-13.87,-26.19,-0.04,0.0244,-1.3609,12.05,-99523.39,7.63,93.1,-2.397,-0,-1.0001,133.9,136.21,133.27,25,Cornering,"Hoosier 43075 16x7.5-10 R20, 7 inch rim",3177
78.66,319.33,-3.09,266.1,-191.3,0.004,-14.94,-26.09,0.09,0.0161,-1.391,12.08,44364.22,7.63,93.1,-2.441,-0,-0.9998,133.85,136.24,133.29,25,Cornering,"Hoosier 43075 16x7.5-10 R20, 7 inch rim",3178
78.64,319.34,-2.89,268.74,-188.62,0.01,-15.24,-26.47,-0.04,0.0153,-1.4248,12.09,-99631.78,7.63,93.1,-2.481,-0,-1.0001,133.77,136.21,133.27,25.03,Cornering,"Hoosier 43075 16x7.5-10 R20, 7 inch rim",3179
78.61,319.35,-3.12,272.02,-185.83,0.007,-15.95,-26.24,0.09,0.0168,-1.4638,12.03,44432.95,7.63,93.05,-2.528,-0,-0.9998,133.7,136.28,133.31,25.04,Cornering,"Hoosier 43075 16x7.5-10 R20, 7 inch rim",3180
78.64,319.36,-3.99,276.07,-184.71,0.007,-14.91,-25.62,0.09,0.0216,-1.4946,11.94,44462.65,7.63,93.02,-2.559,-0,-0.9998,133.66,136.32,133.43,25.05,Cornering,"Hoosier 43075 16x7.5-10 R20, 7 inch rim",3181
78.66,319.37,-5.44,280.41,-184.31,0.01,-14.23,-25.43,-0.04,0.0295,-1.5214,11.89,-99691.65,7.63,93,-2.59,-0,-1.0001,133.66,136.39,133.45,25.04,Cornering,"Hoosier 43075 16x7.5-10 R20, 7 inch rim",3182
78.62,319.38,-6.85,284.29,-185.06,0.006,-13.6,-25.37,0.09,0.037,-1.5363,11.91,44418.25,7.63,93,-2.642,-0,-0.9998,133.66,136.5,133.47,25.03,Cornering,"Hoosier 43075 16x7.5-10 R20, 7 inch rim",3183
78.62,319.39,-7.88,287.69,-186.3,0.006,-14.13,-25.53,0.03,0.0423,-1.5442,11.97,160100.59,7.63,93,-2.682,-0,-1,133.66,136.54,133.45,25,Cornering,"Hoosier 43075 16x7.5-10 R20, 7 inch rim",3184
78.65,319.4,-8.1,289.99,-189.36,0.009,-14.22,-25.94,0.03,0.0428,-1.5315,12.08,160022.39,7.63,92.99,-2.709,-0,-1,133.6,136.46,133.29,24.99,Cornering,"Hoosier 43075 16x7.5-10 R20, 7 inch rim",3185
78.64,319.41,-7.74,291.86,-191.48,-0.003,-15.19,-26.91,0.03,0.0404,-1.5242,12.13,159978.95,7.63,93.01,-2.752,-0,-1,133.64,136.41,133.16,24.98,Cornering,"Hoosier 43075 16x7.5-10 R20, 7 inch rim",3186
78.61,319.42,-6.56,293.21,-192.9,0.012,-16.13,-27.48,0.03,0.034,-1.52,12.14,159897.66,7.62,93.04,-2.799,-0,-1,133.62,136.37,133.06,24.97,Cornering,"Hoosier 43075 16x7.5-10 R20, 7 inch rim",3187
78.64,319.43,-5.52,295.11,-192.53,-0.005,-16.23,-28.63,-0.04,0.0287,-1.5328,12.08,-99369.27,7.63,93.06,-2.836,-0,-1.0001,133.55,136.37,132.98,24.97,Cornering,"Hoosier 43075 16x7.5-10 R20, 7 inch rim",3188
78.65,319.44,-4.41,296.65,-190.79,0.009,-16.8,-29.21,0.09,0.0231,-1.5548,12,44295.25,7.62,93.08,-2.881,-0,-0.9998,133.58,136.39,132.94,24.97,Cornering,"Hoosier 43075 16x7.5-10 R20, 7 inch rim",3189
78.63,319.45,-3.67,299.01,-188.5,0.001,-16.12,-29.41,0.09,0.0195,-1.5863,11.97,44283.8,7.62,93.1,-2.908,-0,-0.9998,133.58,136.43,132.92,24.96,Cornering,"Hoosier 43075 16x7.5-10 R20, 7 inch rim",3190
78.62,319.46,-3.61,302.29,-185.85,0.003,-15.9,-29.11,0.03,0.0194,-1.6265,12,159724.2,7.62,93.13,-2.961,-0,-1,133.47,136.48,132.9,24.95,Cornering,"Hoosier 43075 16x7.5-10 R20, 7 inch rim",3191
78.65,319.47,-4.45,306,-184.08,0.013,-15.17,-28.54,0.09,0.0242,-1.6623,12.08,44228.63,7.62,93.16,-2.994,-0,-0.9998,133.43,136.59,132.98,24.93,Cornering,"Hoosier 43075 16x7.5-10 R20, 7 inch rim",3192
78.65,319.48,-5.87,309.88,-182.93,0.014,-15.06,-28.13,0.09,0.0321,-1.694,12.16,44216.37,7.62,93.18,-3.038,-0,-0.9998,133.43,136.7,133.1,24.93,Cornering,"Hoosier 43075 16x7.5-10 R20, 7 inch rim",3193
78.62,319.49,-6.69,313.01,-183.47,0.003,-14.96,-27.13,-0.04,0.0365,-1.706,12.23,-99139.04,7.62,93.2,-3.067,-0,-1.0001,133.47,136.74,133.12,24.92,Cornering,"Hoosier 43075 16x7.5-10 R20, 7 inch rim",3194
78.64,319.5,-8.15,316.4,-185.38,0.007,-14.32,-27.46,-0.04,0.044,-1.7067,12.23,-99133.02,7.62,93.25,-3.126,-0,-1.0001,133.53,136.72,133.14,24.92,Cornering,"Hoosier 43075 16x7.5-10 R20, 7 inch rim",3195
78.67,319.51,-8.45,318.23,-187.8,0.007,-15.39,-27.36,0.09,0.045,-1.6945,12.15,44200.59,7.62,93.25,-3.158,-0,-0.9998,133.55,136.7,133.1,24.92,Cornering,"Hoosier 43075 16x7.5-10 R20, 7 inch rim",3196
78.64,319.52,-8.1,319.45,-190.23,0.003,-16.93,-27.67,-0.04,0.0426,-1.6793,12.08,-99239.94,7.62,93.28,-3.206,-0,-1.0001,133.49,136.7,133.02,24.94,Cornering,"Hoosier 43075 16x7.5-10 R20, 7 inch rim",3197
78.62,319.53,-7.23,320.83,-192.33,0.006,-17.92,-28.26,-0.04,0.0376,-1.6681,12.02,-99282.87,7.62,93.3,-3.236,-0,-1.0001,133.49,136.72,132.92,24.96,Cornering,"Hoosier 43075 16x7.5-10 R20, 7 inch rim",3198
78.65,319.54,-6.1,322.21,-192.94,0.009,-18.34,-28.99,-0.04,0.0316,-1.67,12.01,-99324.21,7.62,93.34,-3.28,-0,-1.0001,133.43,136.74,132.86,24.97,Cornering,"Hoosier 43075 16x7.5-10 R20, 7 inch rim",3199
78.66,319.55,-4.38,324.07,-191.78,0.014,-18.34,-29.06,-0.04,0.0228,-1.6899,12.07,-99320.16,7.61,93.38,-3.317,-0,-1.0001,133.43,136.76,132.84,24.97,Cornering,"Hoosier 43075 16x7.5-10 R20, 7 inch rim",3200
78.64,319.56,-3.35,326.13,-189.04,0.006,-18.44,-29.21,-0.04,0.0177,-1.7252,12.14,-99246.9,7.61,93.39,-3.355,-0,-1.0001,133.36,136.76,132.84,24.95,Cornering,"Hoosier 43075 16x7.5-10 R20, 7 inch rim",3201
78.64,319.57,-2.79,329.58,-186.91,-0,-16.7,-28.93,-0.04,0.0149,-1.7633,12.19,-99219.23,7.61,93.38,-3.396,-0,-1.0001,133.27,136.72,132.82,24.94,Cornering,"Hoosier 43075 16x7.5-10 R20, 7 inch rim",3202
78.67,319.58,-3.16,333.32,-184.68,0.003,-16.25,-28.29,0.03,0.0171,-1.8049,12.18,159606.3,7.61,93.38,-3.436,-0,-1,133.23,136.81,132.9,24.94,Cornering,"Hoosier 43075 16x7.5-10 R20, 7 inch rim",3203
78.65,319.59,-4.59,337.06,-183.12,-0,-15.99,-28.11,-0.11,0.0251,-1.8407,12.12,-37886.59,7.61,93.36,-3.486,-0,-1.0002,133.25,136.85,132.98,24.97,Cornering,"Hoosier 43075 16x7.5-10 R20, 7 inch rim",3204
78.63,319.6,-5.72,339.98,-183.48,0.01,-16.09,-27.29,-0.04,0.0312,-1.8529,12.03,-99389.01,7.61,93.35,-3.525,-0,-1.0001,133.32,136.99,133.02,24.99,Cornering,"Hoosier 43075 16x7.5-10 R20, 7 inch rim",3205
78.65,319.61,-7.4,342.48,-185.1,-0.005,-16.05,-27.63,-0.04,0.04,-1.8502,11.97,-99408.56,7.61,93.26,-3.555,-0,-1.0001,133.34,136.94,133.08,25,Cornering,"Hoosier 43075 16x7.5-10 R20, 7 inch rim",3206
78.67,319.62,-8.03,343.98,-187.5,0.006,-16.96,-27.66,-0.04,0.0428,-1.8345,11.97,-99310.15,7.61,93.2,-3.608,-0,-1.0001,133.38,136.94,133.06,24.97,Cornering,"Hoosier 43075 16x7.5-10 R20, 7 inch rim",3207
78.64,319.63,-8.02,345.04,-191.01,0.006,-17.59,-28.12,0.03,0.042,-1.8064,12,159643.38,7.61,93.17,-3.635,-0,-1,133.36,136.92,132.98,24.96,Cornering,"Hoosier 43075 16x7.5-10 R20, 7 inch rim",3208
78.64,319.64,-7.19,345.93,-192.76,0.012,-19.32,-28.6,0.09,0.0373,-1.7946,12.08,44195.06,7.61,93.16,-3.68,-0,-0.9998,133.32,136.92,132.92,24.93,Cornering,"Hoosier 43075 16x7.5-10 R20, 7 inch rim",3209
78.67,319.65,-5.99,346.85,-193.82,0.016,-19.67,-29.2,0.03,0.0309,-1.7895,12.13,159366.95,7.61,93.2,-3.723,-0,-1,133.38,137.05,132.86,24.92,Cornering,"Hoosier 43075 16x7.5-10 R20, 7 inch rim",3210
78.66,319.66,-4.73,348.27,-192.78,0.01,-19.35,-29.72,-0.04,0.0245,-1.8066,12.09,-99062.63,7.61,93.21,-3.75,-0,-1.0001,133.34,137.1,132.84,24.92,Cornering,"Hoosier 43075 16x7.5-10 R20, 7 inch rim",3211
78.64,319.67,-3.7,350.64,-190.26,0.004,-18.58,-29.86,0.03,0.0195,-1.8429,12.03,159388.22,7.61,93.2,-3.803,-0,-1,133.3,137.16,132.82,24.92,Cornering,"Hoosier 43075 16x7.5-10 R20, 7 inch rim",3212
78.66,319.68,-3.35,353.12,-187.46,0.013,-17.9,-29.45,-0.04,0.0179,-1.8838,11.97,-99097.94,7.6,93.19,-3.837,-0,-1.0001,133.17,137.21,132.84,24.93,Cornering,"Hoosier 43075 16x7.5-10 R20, 7 inch rim",3213
78.68,319.69,-3.37,356.42,-185.44,0.006,-16.74,-28.66,0.03,0.0182,-1.922,11.93,159484.47,7.6,93.17,-3.877,-0,-1,133.08,137.29,132.86,24.94,Cornering,"Hoosier 43075 16x7.5-10 R20, 7 inch rim",3214
78.65,319.7,-4.36,359.37,-184.09,0.009,-16.71,-27.94,0.09,0.0237,-1.9521,11.92,44223.04,7.6,93.17,-3.917,-0,-0.9998,133.08,137.38,132.94,24.96,Cornering,"Hoosier 43075 16x7.5-10 R20, 7 inch rim",3215
78.64,319.71,-6.29,362.18,-183.97,-0,-16.66,-28.09,-0.11,0.0342,-1.9687,11.98,-37864.39,7.6,93.18,-3.965,-0,-1.0002,133.15,137.49,133.1,24.97,Cornering,"Hoosier 43075 16x7.5-10 R20, 7 inch rim",3216
78.68,319.72,-7.26,364.31,-184.75,0.009,-17.47,-27.45,0.03,0.0393,-1.972,12.06,159792.66,7.6,93.15,-4,-0,-1,133.25,137.58,133.19,24.99,Cornering,"Hoosier 43075 16x7.5-10 R20, 7 inch rim",3217
78.67,319.73,-7.71,365.54,-186.98,0.003,-18.2,-27.18,0.03,0.0412,-1.955,12.14,159896.91,7.6,93.11,-4.033,-0,-1,133.27,137.56,133.27,25.01,Cornering,"Hoosier 43075 16x7.5-10 R20, 7 inch rim",3218
78.64,319.74,-7.7,366.29,-189.81,0.001,-19.56,-27.33,-0.04,0.0406,-1.9298,12.13,-99435.79,7.6,93.08,-4.076,-0,-1.0001,133.25,137.49,133.27,25.02,Cornering,"Hoosier 43075 16x7.5-10 R20, 7 inch rim",3219
78.66,319.75,-7.3,367.52,-193.01,-0.002,-19.39,-28.04,0.03,0.0378,-1.9041,12.06,159914.73,7.6,93.08,-4.124,-0,-1,133.27,137.49,133.25,25.01,Cornering,"Hoosier 43075 16x7.5-10 R20, 7 inch rim",3220
78.69,319.76,-6.17,368.59,-193.58,0.001,-20.73,-28.78,0.16,0.0319,-1.9041,12.02,25713.5,7.6,93.09,-4.155,-0,-0.9997,133.27,137.45,133.19,25.01,Cornering,"Hoosier 43075 16x7.5-10 R20, 7 inch rim",3221
78.65,319.77,-4.51,369.82,-193.6,0.01,-19.88,-28.94,0.09,0.0233,-1.9103,11.99,44298.27,7.6,93.07,-4.209,-0,-0.9998,133.23,137.54,133.16,25.01,Cornering,"Hoosier 43075 16x7.5-10 R20, 7 inch rim",3222
78.66,319.78,-3.41,371.72,-191.39,0.004,-19.12,-29.27,-0.04,0.0178,-1.9423,12.02,-99322.41,7.6,93.05,-4.234,-0,-1.0001,133.23,137.6,133.14,25,Cornering,"Hoosier 43075 16x7.5-10 R20, 7 inch rim",3223
78.69,319.79,-2.7,373.58,-189.13,0.016,-18.12,-28.98,0.03,0.0143,-1.9753,12.08,159808.95,7.59,93.02,-4.268,-0,-1,133.15,137.62,133.14,25,Cornering,"Hoosier 43075 16x7.5-10 R20, 7 inch rim",3224
78.68,319.8,-2.76,376.25,-185.9,0.01,-18.24,-28.61,-0.11,0.0148,-2.024,12.17,-37881.79,7.6,92.99,-4.311,-0,-1.0002,133.15,137.69,133.19,25,Cornering,"Hoosier 43075 16x7.5-10 R20, 7 inch rim",3225
78.65,319.81,-3.68,378.75,-184.45,0.007,-17.98,-28.1,0.03,0.02,-2.0534,12.19,159677.89,7.6,92.96,-4.357,-0,-1,133.08,137.82,133.23,24.98,Cornering,"Hoosier 43075 16x7.5-10 R20, 7 inch rim",3226
78.67,319.82,-5.11,381.22,-183.93,0.013,-17.98,-27.56,0.03,0.0278,-2.0726,12.19,159631.72,7.59,92.94,-4.397,-0,-1,133.17,138,133.37,24.98,Cornering,"Hoosier 43075 16x7.5-10 R20, 7 inch rim",3227
78.7,319.83,-6.51,382.92,-184.66,0.012,-18.67,-27.14,0.09,0.0353,-2.0736,12.12,44242.83,7.59,92.96,-4.44,-0,-0.9998,133.23,138.06,133.45,24.98,Cornering,"Hoosier 43075 16x7.5-10 R20, 7 inch rim",3228
78.67,319.84,-7.19,384.46,-186.84,0.004,-18.88,-26.51,-0.04,0.0385,-2.0577,12.03,-99241.66,7.59,92.96,-4.48,-0,-1.0001,133.21,138.06,133.47,24.98,Cornering,"Hoosier 43075 16x7.5-10 R20, 7 inch rim",3229
78.65,319.85,-7.81,385.35,-188.82,0.009,-20.87,-26.87,0.03,0.0414,-2.0408,12.02,159676.94,7.59,92.96,-4.522,-0,-1,133.23,138.04,133.49,24.99,Cornering,"Hoosier 43075 16x7.5-10 R20, 7 inch rim",3230
78.69,319.86,-7.54,386.57,-192.24,0.01,-20.95,-27.48,-0.04,0.0392,-2.0109,12.05,-99231.23,7.59,92.97,-4.552,-0,-1.0001,133.23,138,133.39,24.98,Cornering,"Hoosier 43075 16x7.5-10 R20, 7 inch rim",3231
78.7,319.87,-6.58,387.82,-193.51,0.003,-21.47,-28.08,0.09,0.034,-2.0041,12.13,44212.16,7.59,92.97,-4.596,-0,-0.9998,133.19,138.02,133.33,24.97,Cornering,"Hoosier 43075 16x7.5-10 R20, 7 inch rim",3232
78.66,319.88,-5.47,388.91,-193.95,0.004,-20.62,-28.7,0.03,0.0282,-2.0052,12.19,159426.88,7.59,92.91,-4.639,-0,-1,133.19,138,133.29,24.96,Cornering,"Hoosier 43075 16x7.5-10 R20, 7 inch rim",3233
78.67,319.89,-4.05,390.15,-192.01,0.012,-20.5,-28.71,0.03,0.0211,-2.0319,12.18,159454.25,7.59,92.87,-4.679,-0,-1,133.15,138.04,133.33,24.96,Cornering,"Hoosier 43075 16x7.5-10 R20, 7 inch rim",3234
78.7,319.9,-3.09,391.42,-189.22,0.013,-19.88,-28.29,0.03,0.0163,-2.0685,12.12,159445.55,7.59,92.8,-4.715,-0,-1,133.15,138.13,133.31,24.96,Cornering,"Hoosier 43075 16x7.5-10 R20, 7 inch rim",3235
78.68,319.91,-3.07,393.31,-187.25,0.009,-18.72,-28.1,-0.04,0.0164,-2.1005,12.05,-99085.91,7.59,92.79,-4.754,-0,-1.0001,133.06,138.24,133.37,24.96,Cornering,"Hoosier 43075 16x7.5-10 R20, 7 inch rim",3236
78.66,319.92,-3.52,395.32,-185.08,0.013,-19.38,-27.45,0.03,0.019,-2.1359,11.97,159462.16,7.59,92.78,-4.798,-0,-1,133.06,138.37,133.45,24.97,Cornering,"Hoosier 43075 16x7.5-10 R20, 7 inch rim",3237
78.68,319.93,-4.64,397.81,-184.34,0.013,-18.94,-26.66,-0.11,0.0252,-2.1581,11.94,-37799.73,7.59,92.79,-4.834,-0,-1.0002,133.12,138.48,133.55,24.96,Cornering,"Hoosier 43075 16x7.5-10 R20, 7 inch rim",3238
78.69,319.94,-5.79,400.13,-184.97,0.013,-18.8,-26.09,-0.04,0.0313,-2.1632,11.95,-99068.89,7.58,92.81,-4.864,-0,-1.0001,133.23,138.53,133.71,24.96,Cornering,"Hoosier 43075 16x7.5-10 R20, 7 inch rim",3239
78.67,319.95,-7.06,401.21,-186.46,0.007,-19.79,-25.77,0.03,0.0378,-2.1517,12.05,159323.12,7.59,92.84,-4.91,-0,-1,133.32,138.57,133.79,24.95,Cornering,"Hoosier 43075 16x7.5-10 R20, 7 inch rim",3240
78.67,319.96,-7.31,402.12,-188.8,0.006,-20.59,-25.44,-0.04,0.0387,-2.1298,12.09,-99031.69,7.59,92.85,-4.954,-0,-1.0001,133.38,138.55,133.79,24.95,Cornering,"Hoosier 43075 16x7.5-10 R20, 7 inch rim",3241
78.7,319.97,-7.55,403.17,-191.66,0.009,-21.12,-26.04,0.03,0.0394,-2.1036,12.1,159264.55,7.58,92.83,-4.994,-0,-1,133.43,138.55,133.75,24.94,Cornering,"Hoosier 43075 16x7.5-10 R20, 7 inch rim",3242
78.68,319.98,-6.96,404.25,-193.75,0.007,-21.34,-26.7,-0.04,0.0359,-2.0864,12.05,-98996.09,7.58,92.82,-5.033,-0,-1.0001,133.45,138.57,133.71,24.94,Cornering,"Hoosier 43075 16x7.5-10 R20, 7 inch rim",3243
78.66,319.99,-6,404.72,-193.93,0.001,-22.17,-27.49,-0.04,0.0309,-2.087,11.99,-99036.31,7.58,92.82,-5.069,-0,-1.0001,133.47,138.57,133.71,24.96,Cornering,"Hoosier 43075 16x7.5-10 R20, 7 inch rim",3244
78.68,320,-4.27,405.36,-193.12,-0,-21.3,-27.25,0.03,0.0221,-2.099,11.9,159306.14,7.58,92.84,-5.119,-0,-1,133.47,138.59,133.69,24.96,Cornering,"Hoosier 43075 16x7.5-10 R20, 7 inch rim",3245
78.71,320.01,-3.35,406.16,-191.07,0.004,-20.21,-27.24,-0.11,0.0176,-2.1257,11.89,-37762.43,7.58,92.88,-5.157,-0,-1.0002,133.47,138.59,133.75,24.95,Cornering,"Hoosier 43075 16x7.5-10 R20, 7 inch rim",3246
78.67,320.02,-2.36,407.09,-188.68,0.013,-19.52,-26.26,0.03,0.0125,-2.1575,11.94,159173.89,7.58,92.9,-5.199,-0,-1,133.43,138.68,133.77,24.94,Cornering,"Hoosier 43075 16x7.5-10 R20, 7 inch rim",3247
78.67,320.03,-3.08,409.15,-186.71,-0,-18.66,-26.05,0.09,0.0165,-2.1913,12.02,44146.45,7.58,92.93,-5.239,-0,-0.9998,133.45,138.77,133.81,24.96,Cornering,"Hoosier 43075 16x7.5-10 R20, 7 inch rim",3248
78.7,320.04,-4.19,411.02,-185.6,-0.002,-18.84,-25.56,-0.04,0.0226,-2.2145,12.14,-99000.54,7.58,92.92,-5.285,-0,-1.0001,133.55,138.88,133.93,24.96,Cornering,"Hoosier 43075 16x7.5-10 R20, 7 inch rim",3249
78.7,320.05,-5.56,413.02,-185.21,0.003,-19.72,-24.91,-0.04,0.03,-2.23,12.21,-98995.45,7.58,92.98,-5.315,-0,-1.0001,133.68,139.01,134.09,24.96,Cornering,"Hoosier 43075 16x7.5-10 R20, 7 inch rim",3250
78.66,320.06,-6.92,414.39,-186.48,0.009,-20.07,-24.56,0.09,0.0371,-2.2222,12.22,44127.79,7.58,92.97,-5.351,-0,-0.9998,133.85,139.08,134.22,24.96,Cornering,"Hoosier 43075 16x7.5-10 R20, 7 inch rim",3251
78.69,320.07,-7.46,415.46,-188.55,0.003,-21.03,-24,-0.04,0.0396,-2.2035,12.14,-98910.82,7.58,92.98,-5.406,-0,-1.0001,133.92,139.05,134.3,24.94,Cornering,"Hoosier 43075 16x7.5-10 R20, 7 inch rim",3252
78.71,320.08,-8.01,416.38,-190.83,-0.002,-22.29,-24.58,0.03,0.042,-2.1819,12.07,159181,7.58,92.99,-5.444,-0,-1,133.96,139.08,134.3,24.95,Cornering,"Hoosier 43075 16x7.5-10 R20, 7 inch rim",3253
78.68,320.09,-7.06,417.42,-193.42,0.01,-22.77,-24.49,0.09,0.0365,-2.1581,12.03,44128.12,7.57,92.97,-5.48,-0,-0.9998,133.94,139.03,134.22,24.96,Cornering,"Hoosier 43075 16x7.5-10 R20, 7 inch rim",3254
78.67,320.1,-6.3,418.2,-194.76,0.004,-22.42,-25.32,0.03,0.0324,-2.1473,12.02,159199.09,7.57,92.99,-5.511,-0,-1,133.92,139.05,134.24,24.96,Cornering,"Hoosier 43075 16x7.5-10 R20, 7 inch rim",3255
78.7,320.11,-4.75,418.68,-194.15,0.006,-21.78,-25.42,0.03,0.0245,-2.1565,12.08,159184.47,7.57,92.96,-5.563,-0,-1,133.94,139.16,134.22,24.96,Cornering,"Hoosier 43075 16x7.5-10 R20, 7 inch rim",3256
78.71,320.12,-3.7,418.99,-192.01,0.014,-20.98,-25.47,0.09,0.0193,-2.1821,12.16,44088.15,7.57,92.93,-5.597,-0,-0.9998,133.98,139.23,134.24,24.94,Cornering,"Hoosier 43075 16x7.5-10 R20, 7 inch rim",3257
78.67,320.13,-2.6,419.66,-189.8,0.007,-19.76,-24.84,0.03,0.0137,-2.2111,12.23,159050.16,7.57,92.89,-5.644,-0,-1,134,139.34,134.26,24.94,Cornering,"Hoosier 43075 16x7.5-10 R20, 7 inch rim",3258
78.68,320.14,-2.94,421.06,-186.94,0.013,-19.8,-24.47,-0.04,0.0157,-2.2524,12.25,-98794.16,7.57,92.86,-5.677,-0,-1.0001,134.05,139.43,134.36,24.92,Cornering,"Hoosier 43075 16x7.5-10 R20, 7 inch rim",3259
78.71,320.15,-3.63,422.62,-185.88,0.012,-19.73,-23.68,-0.11,0.0195,-2.2736,12.22,-37699.33,7.57,92.84,-5.714,-0,-1.0002,134.09,139.6,134.46,24.93,Cornering,"Hoosier 43075 16x7.5-10 R20, 7 inch rim",3260
78.68,320.16,-5.53,424.47,-185.94,0.013,-20.02,-23.56,0.09,0.0297,-2.2829,12.15,44085.14,7.57,92.84,-5.762,-0,-0.9998,134.2,139.71,134.62,24.95,Cornering,"Hoosier 43075 16x7.5-10 R20, 7 inch rim",3261
78.67,320.17,-6.7,425.55,-186.95,0.009,-20.78,-22.9,0.09,0.0358,-2.2762,12.06,44101.75,7.57,92.81,-5.809,-0,-0.9998,134.3,139.76,134.7,24.96,Cornering,"Hoosier 43075 16x7.5-10 R20, 7 inch rim",3262
78.7,320.18,-7.75,427.09,-188.94,0.006,-21.12,-22.64,-0.04,0.041,-2.2604,11.99,-98994.84,7.57,92.82,-5.836,-0,-1.0001,134.35,139.82,134.82,24.98,Cornering,"Hoosier 43075 16x7.5-10 R20, 7 inch rim",3263
78.71,320.19,-8,427.83,-191.56,0.009,-22.58,-22.61,-0.11,0.0418,-2.2334,12,-37749.21,7.57,92.85,-5.878,-0,-1.0002,134.39,139.85,134.8,24.97,Cornering,"Hoosier 43075 16x7.5-10 R20, 7 inch rim",3264
78.67,320.2,-7.67,428.88,-193.92,0.013,-23.47,-23.09,0.03,0.0395,-2.2116,12.09,159263.69,7.57,92.84,-5.922,-0,-1,134.39,139.87,134.86,24.98,Cornering,"Hoosier 43075 16x7.5-10 R20, 7 inch rim",3265
78.67,320.21,-6.57,430.15,-195.47,0.001,-22.47,-23.46,0.09,0.0336,-2.2006,12.15,44149.81,7.57,92.85,-5.969,-0,-0.9998,134.48,139.91,134.8,25,Cornering,"Hoosier 43075 16x7.5-10 R20, 7 inch rim",3266
78.7,320.22,-5.09,430.61,-195.15,0.01,-21.79,-23.65,-0.04,0.0261,-2.2065,12.13,-99055.19,7.57,92.85,-6.004,-0,-1.0001,134.43,139.93,134.8,25,Cornering,"Hoosier 43075 16x7.5-10 R20, 7 inch rim",3267
78.69,320.23,-3.84,430.33,-193.22,0.003,-21.7,-23.73,0.09,0.0199,-2.2271,12.1,44153.96,7.57,92.86,-6.041,-0,-0.9998,134.56,140.04,134.86,25,Cornering,"Hoosier 43075 16x7.5-10 R20, 7 inch rim",3268
78.67,320.24,-2.95,430.34,-191.05,0.012,-20.3,-23.59,-0.04,0.0154,-2.2525,12.05,-99064.97,7.56,92.86,-6.072,-0,-1.0001,134.52,140.09,134.9,25.01,Cornering,"Hoosier 43075 16x7.5-10 R20, 7 inch rim",3269
78.7,320.25,-2.7,430.98,-188.61,0.012,-20.13,-23.11,0.09,0.0143,-2.285,11.95,44136.07,7.56,92.86,-6.13,-0,-0.9998,134.58,140.18,134.98,25,Cornering,"Hoosier 43075 16x7.5-10 R20, 7 inch rim",3270
78.71,320.26,-3.79,432.25,-187.17,-0,-19.88,-22.96,0.09,0.0202,-2.3094,11.9,44113,7.57,92.9,-6.16,-0,-0.9998,134.54,140.26,135.08,24.98,Cornering,"Hoosier 43075 16x7.5-10 R20, 7 inch rim",3271
78.68,320.27,-4.93,433.63,-186.08,0.007,-20.9,-22.35,0.03,0.0265,-2.3303,11.92,159106.61,7.57,92.92,-6.191,-0,-1,134.67,140.37,135.23,24.97,Cornering,"Hoosier 43075 16x7.5-10 R20, 7 inch rim",3272
78.68,320.28,-6.33,434.86,-187,0.006,-21.3,-21.61,0.03,0.0338,-2.3255,11.99,159126.28,7.56,92.92,-6.246,-0,-1,134.86,140.51,135.37,24.98,Cornering,"Hoosier 43075 16x7.5-10 R20, 7 inch rim",3273
78.71,320.29,-7.71,436.24,-188.49,0.007,-21.55,-21.5,-0.04,0.0409,-2.3144,12.08,-98955.14,7.56,92.94,-6.281,-0,-1.0001,134.97,140.53,135.47,24.99,Cornering,"Hoosier 43075 16x7.5-10 R20, 7 inch rim",3274
78.7,320.3,-8.22,437.14,-190.3,0.007,-22.64,-21.32,0.03,0.0432,-2.2971,12.12,159103.38,7.56,92.96,-6.317,-0,-1,134.97,140.51,135.53,24.98,Cornering,"Hoosier 43075 16x7.5-10 R20, 7 inch rim",3275
78.67,320.31,-8.02,438.52,-192.35,0.007,-23.34,-21.42,0.03,0.0417,-2.2799,12.1,159165.19,7.56,92.97,-6.354,-0,-1,135.01,140.46,135.59,24.99,Cornering,"Hoosier 43075 16x7.5-10 R20, 7 inch rim",3276
78.69,320.32,-7.46,439.28,-193.94,0.01,-23.72,-21.95,-0.04,0.0385,-2.2651,12.05,-98978.62,7.56,92.99,-6.393,-0,-1.0001,135.06,140.51,135.59,25,Cornering,"Hoosier 43075 16x7.5-10 R20, 7 inch rim",3277
78.71,320.33,-6.01,440.07,-194.21,0.006,-22.96,-22.11,0.23,0.031,-2.266,11.97,18043.13,7.56,92.99,-6.433,-0,-0.9996,135.08,140.53,135.53,25.01,Cornering,"Hoosier 43075 16x7.5-10 R20, 7 inch rim",3278
78.68,320.34,-4.92,439.92,-193.44,0.013,-21.74,-22.58,-0.04,0.0254,-2.2742,11.89,-98984.05,7.56,93.01,-6.479,-0,-1.0001,135.14,140.64,135.59,25.01,Cornering,"Hoosier 43075 16x7.5-10 R20, 7 inch rim",3279
78.68,320.35,-3.55,439.33,-192.07,0.012,-20.55,-22.06,-0.11,0.0185,-2.2873,11.93,-37744.57,7.56,93.01,-6.523,-0,-1.0002,135.16,140.68,135.67,25,Cornering,"Hoosier 43075 16x7.5-10 R20, 7 inch rim",3280
78.71,320.36,-2.98,439.37,-189.29,0.001,-20.68,-21.66,-0.04,0.0158,-2.3212,11.98,-98899.28,7.56,93.01,-6.556,-0,-1.0001,135.16,140.75,135.75,24.99,Cornering,"Hoosier 43075 16x7.5-10 R20, 7 inch rim",3281
78.7,320.37,-3.19,440.6,-187.51,0.01,-20.65,-21.04,-0.04,0.017,-2.3497,12.08,-98775.38,7.56,93.01,-6.601,-0,-1.0001,135.25,140.86,135.83,24.96,Cornering,"Hoosier 43075 16x7.5-10 R20, 7 inch rim",3282
78.67,320.38,-4.33,441.85,-186.61,0.006,-21.4,-20.47,0.03,0.0232,-2.3677,12.16,158815.14,7.56,93.01,-6.632,-0,-1,135.38,140.95,135.99,24.95,Cornering,"Hoosier 43075 16x7.5-10 R20, 7 inch rim",3283
78.68,320.39,-5.72,443.39,-187.23,0.004,-21.77,-20.05,-0.11,0.0306,-2.3681,12.18,-37653.18,7.56,93.02,-6.682,-0,-1.0002,135.55,141.08,136.14,24.95,Cornering,"Hoosier 43075 16x7.5-10 R20, 7 inch rim",3284
78.71,320.4,-7.03,444.92,-188.43,0.006,-22.28,-19.61,-0.11,0.0373,-2.3612,12.14,-37650.99,7.56,93.01,-6.709,-0,-1.0002,135.7,141.15,136.28,24.95,Cornering,"Hoosier 43075 16x7.5-10 R20, 7 inch rim",3285
78.69,320.41,-7.39,446.62,-190,0.001,-23.11,-19,0.03,0.0389,-2.3506,12.07,158733.98,7.56,93,-6.762,-0,-1,135.7,141.1,136.3,24.94,Cornering,"Hoosier 43075 16x7.5-10 R20, 7 inch rim",3286
78.67,320.42,-7.57,448.45,-191.98,0.006,-23.35,-19.17,-0.04,0.0395,-2.336,12.03,-98618.98,7.56,92.99,-6.798,-0,-1.0001,135.7,141.08,136.34,24.93,Cornering,"Hoosier 43075 16x7.5-10 R20, 7 inch rim",3287
78.71,320.43,-7.3,449.84,-194.17,0.007,-23.07,-19.77,-0.04,0.0376,-2.3167,12.03,-98494.82,7.56,92.92,-6.843,-0,-1.0001,135.72,141.1,136.32,24.9,Cornering,"Hoosier 43075 16x7.5-10 R20, 7 inch rim",3288
78.71,320.44,-6.42,450.43,-195.09,0.02,-22.79,-20.29,0.03,0.0329,-2.3088,12.08,158471.16,7.55,92.9,-6.883,-0,-1,135.74,141.1,136.28,24.91,Cornering,"Hoosier 43075 16x7.5-10 R20, 7 inch rim",3289
78.67,320.45,-5.14,449.7,-194.38,0.003,-22.92,-20.5,-0.04,0.0264,-2.3135,12.18,-98501.33,7.55,92.87,-6.919,-0,-1.0001,135.81,141.15,136.3,24.91,Cornering,"Hoosier 43075 16x7.5-10 R20, 7 inch rim",3290
78.68,320.46,-4.11,448.79,-192.62,-0,-21.96,-20.49,-0.04,0.0213,-2.3299,12.22,-98606.55,7.55,92.85,-6.961,-0,-1.0001,135.91,141.23,136.32,24.94,Cornering,"Hoosier 43075 16x7.5-10 R20, 7 inch rim",3291
78.71,320.47,-3.65,447.85,-190.96,0.014,-21.39,-20.2,0.03,0.0191,-2.3452,12.2,158838.5,7.55,92.86,-6.992,-0,-1,135.91,141.28,136.44,24.97,Cornering,"Hoosier 43075 16x7.5-10 R20, 7 inch rim",3292
78.69,320.48,-3.88,448.34,-188.8,0.01,-21.59,-19.84,-0.04,0.0205,-2.3746,12.16,-98821.2,7.55,92.84,-7.027,-0,-1.0001,136.02,141.41,136.52,25,Cornering,"Hoosier 43075 16x7.5-10 R20, 7 inch rim",3293
78.67,320.49,-4.54,449.27,-187.68,0.009,-22.52,-19.15,0.03,0.0242,-2.3939,12.07,158956.34,7.55,92.85,-7.075,-0,-1,136.15,141.56,136.72,25,Cornering,"Hoosier 43075 16x7.5-10 R20, 7 inch rim",3294
78.7,320.5,-5.9,451.3,-187.74,0.001,-22.37,-18.85,0.03,0.0314,-2.4038,12.01,158976.19,7.55,92.81,-7.122,-0,-1,136.28,141.7,136.94,25,Cornering,"Hoosier 43075 16x7.5-10 R20, 7 inch rim",3295
78.71,320.51,-7.23,453.16,-188.25,-0.002,-22.67,-18.64,-0.04,0.0384,-2.4072,12.05,-98814.99,7.55,92.75,-7.158,-0,-1.0001,136.41,141.78,137.11,25,Cornering,"Hoosier 43075 16x7.5-10 R20, 7 inch rim",3296
78.68,320.52,-7.62,454.67,-190.1,0.006,-22.91,-17.89,0.03,0.0401,-2.3917,12.1,158871.83,7.55,92.74,-7.206,-0,-1,136.45,141.74,137.19,24.99,Cornering,"Hoosier 43075 16x7.5-10 R20, 7 inch rim",3297
78.68,320.53,-7.81,456.68,-191.78,0.006,-23.23,-17.76,-0.04,0.0407,-2.3812,12.19,-98818.73,7.55,92.74,-7.242,-0,-1.0001,136.45,141.81,137.25,25.01,Cornering,"Hoosier 43075 16x7.5-10 R20, 7 inch rim",3298
78.71,320.54,-7.24,458.05,-194.11,0.012,-22.9,-17.76,0.03,0.0373,-2.3598,12.22,159025.56,7.55,92.76,-7.289,-0,-1,136.41,141.87,137.23,25.02,Cornering,"Hoosier 43075 16x7.5-10 R20, 7 inch rim",3299
78.71,320.55,-6.48,458.08,-195.34,-0.009,-22.98,-18.33,0.03,0.0332,-2.345,12.19,159010.7,7.55,92.76,-7.329,-0,-1,136.45,141.89,137.21,25.02,Cornering,"Hoosier 43075 16x7.5-10 R20, 7 inch rim",3300
78.67,320.56,-5.23,457.12,-195.14,0.009,-22.87,-18.62,-0.04,0.0268,-2.3425,12.14,-98746.95,7.55,92.76,-7.355,-0,-1.0001,136.47,141.96,137.23,25,Cornering,"Hoosier 43075 16x7.5-10 R20, 7 inch rim",3301
78.7,320.57,-3.81,455.29,-193.7,0.001,-23.04,-18.54,0.03,0.0197,-2.3505,12.04,158688.81,7.55,92.74,-7.402,-0,-1,136.51,142.05,137.33,24.97,Cornering,"Hoosier 43075 16x7.5-10 R20, 7 inch rim",3302
78.71,320.58,-3.12,453.89,-191.99,0.012,-22.55,-18.63,0.16,0.0162,-2.3641,11.95,25515.29,7.55,92.71,-7.438,-0,-0.9997,136.54,142.14,137.45,24.97,Cornering,"Hoosier 43075 16x7.5-10 R20, 7 inch rim",3303
78.69,320.59,-2.71,453.59,-190.35,0.01,-22.49,-18.01,-0.04,0.0142,-2.3829,11.92,-98510.86,7.55,92.7,-7.484,-0,-1.0001,136.62,142.22,137.59,24.94,Cornering,"Hoosier 43075 16x7.5-10 R20, 7 inch rim",3304
78.68,320.6,-3.39,455,-188.59,0.01,-22.82,-17.53,-0.04,0.018,-2.4127,11.98,-98412.23,7.55,92.65,-7.514,-0,-1.0001,136.79,142.33,137.75,24.92,Cornering,"Hoosier 43075 16x7.5-10 R20, 7 inch rim",3305
78.71,320.61,-5.16,456.87,-188.39,0.006,-22.63,-17.51,-0.04,0.0274,-2.4252,12.03,-98423.62,7.55,92.61,-7.563,-0,-1.0001,136.97,142.47,137.97,24.93,Cornering,"Hoosier 43075 16x7.5-10 R20, 7 inch rim",3306
78.7,320.62,-6.72,459.36,-188.84,0.001,-22.17,-16.94,-0.04,0.0356,-2.4325,12.11,-98392.57,7.55,92.56,-7.597,-0,-1.0001,137.18,142.55,138.2,24.92,Cornering,"Hoosier 43075 16x7.5-10 R20, 7 inch rim",3307
78.67,320.63,-8.05,461.32,-189.45,0.017,-22.89,-16.65,-0.04,0.0425,-2.435,12.1,-98382.66,7.55,92.52,-7.639,-0,-1.0001,137.33,142.55,138.36,24.92,Cornering,"Hoosier 43075 16x7.5-10 R20, 7 inch rim",3308
78.7,320.64,-8.07,462.87,-191.11,0.013,-23.44,-15.87,0.03,0.0422,-2.422,12.06,158323.14,7.54,92.49,-7.686,-0,-1,137.42,142.53,138.38,24.93,Cornering,"Hoosier 43075 16x7.5-10 R20, 7 inch rim",3309
78.71,320.65,-8.21,463.93,-193.33,0.017,-23.78,-16.12,-0.04,0.0425,-2.3997,11.96,-98478.47,7.54,92.49,-7.716,-0,-1.0001,137.48,142.49,138.38,24.95,Cornering,"Hoosier 43075 16x7.5-10 R20, 7 inch rim",3310
78.68,320.66,-7.52,464.41,-195.08,0.007,-23.59,-16.78,0.03,0.0385,-2.3806,11.89,158584.08,7.54,92.51,-7.772,-0,-1,137.5,142.53,138.38,24.98,Cornering,"Hoosier 43075 16x7.5-10 R20, 7 inch rim",3311
78.68,320.67,-6.32,462.85,-195.88,0.007,-23.33,-17.25,-0.04,0.0323,-2.3629,11.85,-98640.56,7.54,92.51,-7.802,-0,-1.0001,137.65,142.6,138.38,25,Cornering,"Hoosier 43075 16x7.5-10 R20, 7 inch rim",3312
78.7,320.68,-4.74,460.67,-194.22,0.014,-24.38,-17.29,0.03,0.0244,-2.3719,11.87,158630.02,7.54,92.52,-7.842,-0,-1,137.72,142.73,138.42,24.99,Cornering,"Hoosier 43075 16x7.5-10 R20, 7 inch rim",3313
78.71,320.69,-3.51,459.15,-192.44,0.012,-23.9,-17.23,-0.04,0.0182,-2.3859,11.94,-98551.17,7.54,92.54,-7.886,-0,-1.0001,137.89,142.84,138.5,24.98,Cornering,"Hoosier 43075 16x7.5-10 R20, 7 inch rim",3314
78.68,320.7,-2.78,458.25,-191.1,0.006,-22.9,-16.65,0.03,0.0145,-2.3979,12.03,158563.64,7.54,92.57,-7.917,-0,-1,138.02,142.97,138.6,24.98,Cornering,"Hoosier 43075 16x7.5-10 R20, 7 inch rim",3315
78.69,320.71,-3.14,459.35,-189.96,0.006,-22.01,-16.2,-0.04,0.0165,-2.4182,12.06,-98601.27,7.54,92.58,-7.961,-0,-1.0001,138.23,143.1,138.78,25,Cornering,"Hoosier 43075 16x7.5-10 R20, 7 inch rim",3316
78.72,320.72,-4.37,461.38,-188.87,0.001,-22.01,-15.96,-0.04,0.0231,-2.4428,12.01,-98635.88,7.54,92.58,-8.005,-0,-1.0001,138.55,143.3,138.98,25.01,Cornering,"Hoosier 43075 16x7.5-10 R20, 7 inch rim",3317
78.69,320.73,-5.92,463.68,-187.78,0.012,-23.28,-15.64,0.03,0.0315,-2.4693,11.96,158626.75,7.54,92.57,-8.034,-0,-1,138.79,143.41,139.17,25,Cornering,"Hoosier 43075 16x7.5-10 R20, 7 inch rim",3318
78.68,320.74,-7.14,466,-189.17,0.009,-22.81,-15.2,0.03,0.0377,-2.4634,11.88,158499,7.54,92.53,-8.077,-0,-1,138.94,143.5,139.31,24.98,Cornering,"Hoosier 43075 16x7.5-10 R20, 7 inch rim",3319
78.71,320.75,-7.65,467.69,-190.47,0.009,-23.49,-14.71,0.09,0.0402,-2.4555,11.86,43854.12,7.54,92.51,-8.131,-0,-0.9998,138.98,143.52,139.43,24.95,Cornering,"Hoosier 43075 16x7.5-10 R20, 7 inch rim",3320
78.71,320.76,-8.05,468.75,-192.43,0.012,-24.37,-15.13,0.09,0.0418,-2.436,11.89,43810.78,7.54,92.47,-8.154,-0,-0.9998,139,143.41,139.47,24.93,Cornering,"Hoosier 43075 16x7.5-10 R20, 7 inch rim",3321
78.68,320.77,-7.74,468.9,-194.95,0.009,-23.98,-15.52,-0.04,0.0397,-2.4053,12.01,-98244.78,7.54,92.45,-8.196,-0,-1.0001,139.07,143.46,139.45,24.92,Cornering,"Hoosier 43075 16x7.5-10 R20, 7 inch rim",3322
78.69,320.78,-6.92,467.97,-195.39,0.009,-24.18,-16.08,0.03,0.0354,-2.395,12.09,158138.48,7.54,92.39,-8.239,-0,-1,139.11,143.46,139.39,24.94,Cornering,"Hoosier 43075 16x7.5-10 R20, 7 inch rim",3323
78.72,320.79,-5.53,465.17,-195.53,0.01,-24.11,-16.18,0.09,0.0283,-2.379,12.14,43857.63,7.54,92.39,-8.279,-0,-0.9998,139.22,143.59,139.45,24.96,Cornering,"Hoosier 43075 16x7.5-10 R20, 7 inch rim",3324
78.7,320.8,-4.42,462.72,-194.13,0.006,-23.55,-16.03,0.03,0.0228,-2.3835,12.12,158363.56,7.54,92.36,-8.316,-0,-1,139.37,143.7,139.57,24.98,Cornering,"Hoosier 43075 16x7.5-10 R20, 7 inch rim",3325
78.67,320.81,-3.79,461.81,-192.66,0.007,-22.33,-15.96,-0.04,0.0197,-2.3971,12.09,-98477.06,7.54,92.33,-8.358,-0,-1.0001,139.45,143.79,139.67,24.99,Cornering,"Hoosier 43075 16x7.5-10 R20, 7 inch rim",3326
78.7,320.82,-3.56,462.29,-190.34,0.003,-22.64,-15.19,0.03,0.0187,-2.4288,12.02,158362.36,7.54,92.31,-8.406,-0,-1,139.6,143.9,139.81,24.98,Cornering,"Hoosier 43075 16x7.5-10 R20, 7 inch rim",3327
78.71,320.83,-4.38,464.31,-189.5,0.004,-22.28,-14.64,0.03,0.0231,-2.4502,11.99,158234.56,7.54,92.27,-8.448,-0,-1,139.82,144.07,139.97,24.97,Cornering,"Hoosier 43075 16x7.5-10 R20, 7 inch rim",3328
78.68,320.84,-5.66,466.92,-188.56,0.016,-23.16,-14.25,0.03,0.03,-2.4762,12.01,158218.11,7.53,92.26,-8.486,-0,-1,140.1,144.23,140.2,24.97,Cornering,"Hoosier 43075 16x7.5-10 R20, 7 inch rim",3329
78.68,320.85,-6.96,469.09,-189.26,0.012,-23.18,-13.84,-0.04,0.0368,-2.4785,12.11,-98321.74,7.53,92.27,-8.514,-0,-1.0001,140.33,144.27,140.4,24.96,Cornering,"Hoosier 43075 16x7.5-10 R20, 7 inch rim",3330
78.71,320.86,-7.26,470.48,-190.56,0.007,-23.93,-12.79,-0.04,0.0381,-2.4689,12.19,-98241.43,7.54,92.32,-8.558,-0,-1.0001,140.33,144.29,140.42,24.94,Cornering,"Hoosier 43075 16x7.5-10 R20, 7 inch rim",3331
78.7,320.87,-7.92,472.14,-191.99,0.019,-24.86,-13.03,-0.04,0.0413,-2.4592,12.26,-98254.68,7.53,92.34,-8.594,-0,-1.0001,140.38,144.29,140.4,24.95,Cornering,"Hoosier 43075 16x7.5-10 R20, 7 inch rim",3332
78.67,320.88,-7.77,472.15,-194.29,0.009,-25.07,-13.26,0.09,0.04,-2.4301,12.25,43815.82,7.53,92.33,-8.634,-0,-0.9998,140.38,144.25,140.36,24.96,Cornering,"Hoosier 43075 16x7.5-10 R20, 7 inch rim",3333
78.69,320.89,-7.25,471.53,-196.28,0.006,-24.78,-13.91,-0.04,0.0369,-2.4023,12.17,-98254.36,7.53,92.39,-8.68,-0,-1.0001,140.4,144.38,140.32,24.96,Cornering,"Hoosier 43075 16x7.5-10 R20, 7 inch rim",3334
78.71,320.9,-5.9,469.66,-196.68,0.006,-24.74,-14.24,0.03,0.03,-2.388,12.11,158038.2,7.53,92.45,-8.733,-0,-1,140.48,144.4,140.34,24.96,Cornering,"Hoosier 43075 16x7.5-10 R20, 7 inch rim",3335
78.67,320.91,-4.56,467.47,-195.16,0.02,-25.17,-14.4,0.03,0.0234,-2.3953,12.08,157987.69,7.53,92.5,-8.764,-0,-1,140.57,144.54,140.44,24.95,Cornering,"Hoosier 43075 16x7.5-10 R20, 7 inch rim",3336
78.67,320.92,-3.62,466.28,-194.08,0.01,-23.63,-14.43,-0.04,0.0187,-2.4024,12.12,-98223.15,7.53,92.53,-8.794,-0,-1.0001,140.68,144.65,140.66,24.96,Cornering,"Hoosier 43075 16x7.5-10 R20, 7 inch rim",3337
78.7,320.93,-3.06,466.92,-192.25,0.009,-22.66,-13.99,-0.04,0.0159,-2.4287,12.2,-98254.99,7.53,92.55,-8.844,-0,-1.0001,140.83,144.8,140.84,24.97,Cornering,"Hoosier 43075 16x7.5-10 R20, 7 inch rim",3338
78.68,320.94,-3.8,468.33,-190.92,0.009,-22.3,-13.62,-0.04,0.0199,-2.453,12.28,-98245.89,7.53,92.57,-8.877,-0,-1.0001,141.06,145,141.07,24.97,Cornering,"Hoosier 43075 16x7.5-10 R20, 7 inch rim",3339
78.66,320.95,-5.41,470.2,-189.85,0.003,-23.38,-13.48,0.03,0.0285,-2.4767,12.33,158063.33,7.53,92.55,-8.925,-0,-1,141.39,145.09,141.33,24.97,Cornering,"Hoosier 43075 16x7.5-10 R20, 7 inch rim",3340
78.67,320.96,-6.91,472.52,-189.88,0.004,-23.11,-13.07,0.03,0.0364,-2.4885,12.31,158124.5,7.53,92.54,-8.952,-0,-1,141.66,145.17,141.57,24.98,Cornering,"Hoosier 43075 16x7.5-10 R20, 7 inch rim",3341
78.69,320.97,-8.23,473.87,-190.64,0.019,-24.27,-12.79,0.03,0.0432,-2.4857,12.25,158287.27,7.53,92.51,-8.998,-0,-1,141.81,145.26,141.73,25.01,Cornering,"Hoosier 43075 16x7.5-10 R20, 7 inch rim",3342
78.66,320.98,-8.67,475.09,-192.4,0.017,-24.81,-12.49,0.03,0.0451,-2.4692,12.16,158267.16,7.53,92.51,-9.042,-0,-1,141.84,145.28,141.79,25.01,Cornering,"Hoosier 43075 16x7.5-10 R20, 7 inch rim",3343
78.66,320.99,-8.04,475.88,-194.95,0.003,-25,-12.14,-0.04,0.0413,-2.4411,12.12,-98393.74,7.53,92.5,-9.082,-0,-1.0001,141.86,145.35,141.85,25.02,Cornering,"Hoosier 43075 16x7.5-10 R20, 7 inch rim",3344
78.68,321,-7.38,475.7,-196.51,0.009,-25.38,-12.63,-0.04,0.0375,-2.4207,12.14,-98289.55,7.53,92.48,-9.128,-0,-1.0001,141.92,145.37,141.83,25,Cornering,"Hoosier 43075 16x7.5-10 R20, 7 inch rim",3345
78.67,321.01,-6.24,474.3,-197.53,0.012,-25.31,-13.21,-0.04,0.0316,-2.4011,12.21,-98282.21,7.53,92.48,-9.154,-0,-1.0001,141.99,145.46,141.87,25,Cornering,"Hoosier 43075 16x7.5-10 R20, 7 inch rim",3346
78.64,321.02,-4.94,472.16,-197.38,0.001,-24.45,-13.69,0.03,0.025,-2.3921,12.28,158081.77,7.53,92.47,-9.207,-0,-1,142.11,145.59,141.96,25,Cornering,"Hoosier 43075 16x7.5-10 R20, 7 inch rim",3347
78.65,321.03,-3.55,470.14,-195.91,0.01,-23.76,-13.43,0.03,0.0181,-2.3998,12.26,158143.83,7.53,92.48,-9.231,-0,-1,142.24,145.79,142.16,25.01,Cornering,"Hoosier 43075 16x7.5-10 R20, 7 inch rim",3348
78.69,321.04,-2.99,469.39,-193.46,0.006,-23.78,-13.2,0.03,0.0155,-2.4263,12.22,158195.19,7.53,92.51,-9.278,-0,-1,142.35,145.97,142.34,25.02,Cornering,"Hoosier 43075 16x7.5-10 R20, 7 inch rim",3349
78.66,321.05,-3.41,469.72,-191.9,0.003,-23.44,-12.87,0.03,0.0178,-2.4477,12.17,158212.47,7.53,92.5,-9.32,-0,-1,142.52,146.12,142.54,25.03,Cornering,"Hoosier 43075 16x7.5-10 R20, 7 inch rim",3350
78.64,321.06,-4.21,471.59,-191.37,0.003,-22.84,-12.1,0.09,0.022,-2.4642,12.09,43775.32,7.53,92.47,-9.364,-0,-0.9998,142.8,146.32,142.74,24.99,Cornering,"Hoosier 43075 16x7.5-10 R20, 7 inch rim",3351
78.66,321.07,-5.6,473.59,-191.28,0.006,-23.3,-11.67,0.03,0.0293,-2.4759,12.06,157736.53,7.53,92.48,-9.397,-0,-1,143.1,146.43,143.07,24.96,Cornering,"Hoosier 43075 16x7.5-10 R20, 7 inch rim",3352
78.67,321.08,-7.13,475.74,-191.19,0.01,-24.46,-11.48,0.03,0.0373,-2.4884,12.11,157602.36,7.53,92.42,-9.449,-0,-1,143.32,146.52,143.21,24.94,Cornering,"Hoosier 43075 16x7.5-10 R20, 7 inch rim",3353
78.64,321.09,-7.92,477.45,-192.82,0.001,-24.53,-11.08,-0.04,0.0411,-2.4761,12.17,-97820.63,7.53,92.37,-9.489,-0,-1.0001,143.4,146.58,143.31,24.9,Cornering,"Hoosier 43075 16x7.5-10 R20, 7 inch rim",3354
78.64,321.1,-7.83,478.84,-194.13,-0.002,-25.28,-10.89,-0.04,0.0403,-2.4666,12.22,-97832.84,7.53,92.36,-9.524,-0,-1.0001,143.42,146.65,143.33,24.91,Cornering,"Hoosier 43075 16x7.5-10 R20, 7 inch rim",3355
78.67,321.11,-7.45,478.96,-195.89,0.006,-25.5,-11.12,-0.04,0.0381,-2.4451,12.22,-97845.44,7.53,92.36,-9.559,-0,-1.0001,143.47,146.65,143.31,24.92,Cornering,"Hoosier 43075 16x7.5-10 R20, 7 inch rim",3356
78.64,321.12,-6.42,477.72,-196.97,0.004,-25.33,-11.43,-0.04,0.0326,-2.4254,12.17,-97808.63,7.53,92.35,-9.606,-0,-1.0001,143.55,146.74,143.31,24.91,Cornering,"Hoosier 43075 16x7.5-10 R20, 7 inch rim",3357
78.62,321.13,-5.52,475.08,-197.05,0.012,-25.08,-12.13,0.09,0.028,-2.4109,12.07,43576.2,7.53,92.35,-9.643,-0,-0.9998,143.55,146.78,143.33,24.9,Cornering,"Hoosier 43075 16x7.5-10 R20, 7 inch rim",3358
78.65,321.14,-4.4,472.45,-196.07,0.016,-24.39,-12.25,0.09,0.0224,-2.4096,11.99,43580.41,7.52,92.36,-9.688,-0,-0.9998,143.75,146.98,143.49,24.9,Cornering,"Hoosier 43075 16x7.5-10 R20, 7 inch rim",3359
78.66,321.15,-3.83,470.78,-194.26,0.003,-24.27,-12.36,0.09,0.0197,-2.4235,11.93,43596.09,7.53,92.34,-9.722,-0,-0.9998,143.92,147.13,143.71,24.92,Cornering,"Hoosier 43075 16x7.5-10 R20, 7 inch rim",3360
78.62,321.16,-3.65,471.11,-193.42,0.001,-22.88,-11.69,-0.04,0.0189,-2.4357,11.96,-97872.92,7.53,92.31,-9.771,-0,-1.0001,144.07,147.24,143.9,24.94,Cornering,"Hoosier 43075 16x7.5-10 R20, 7 inch rim",3361
78.63,321.17,-4.53,472.51,-192.3,0.004,-22.84,-11.24,-0.04,0.0235,-2.4571,12,-97953.91,7.52,92.31,-9.804,-0,-1.0001,144.3,147.4,144.08,24.96,Cornering,"Hoosier 43075 16x7.5-10 R20, 7 inch rim",3362
78.66,321.18,-5.7,474.34,-191.45,0.014,-23.85,-10.83,-0.04,0.0298,-2.4776,12.08,-97986.73,7.52,92.3,-9.845,-0,-1.0001,144.67,147.51,144.34,24.97,Cornering,"Hoosier 43075 16x7.5-10 R20, 7 inch rim",3363
78.64,321.19,-7.19,476.68,-191.61,0.007,-23.78,-10.78,0.03,0.0375,-2.4877,12.11,157692.7,7.52,92.28,-9.868,-0,-1,144.88,147.59,144.56,24.98,Cornering,"Hoosier 43075 16x7.5-10 R20, 7 inch rim",3364
78.62,321.2,-7.65,478.52,-192.41,0.012,-23.99,-9.83,0.03,0.0397,-2.487,12.11,157664.38,7.52,92.29,-9.925,-0,-1,144.99,147.68,144.64,24.98,Cornering,"Hoosier 43075 16x7.5-10 R20, 7 inch rim",3365
78.64,321.21,-8.51,479.76,-194.13,0.003,-24.85,-10.4,0.03,0.0439,-2.4713,12.06,157644.45,7.52,92.31,-9.965,-0,-1,144.95,147.66,144.64,24.98,Cornering,"Hoosier 43075 16x7.5-10 R20, 7 inch rim",3366
78.65,321.22,-7.94,480.35,-195.9,0.01,-25.43,-10.07,-0.04,0.0405,-2.4521,11.97,-97984.55,7.52,92.29,-10,-0,-1.0001,144.95,147.73,144.62,24.98,Cornering,"Hoosier 43075 16x7.5-10 R20, 7 inch rim",3367
78.62,321.23,-7.42,479.87,-197.41,0.012,-25.72,-10.7,-0.04,0.0376,-2.4308,11.94,-97996.13,7.52,92.28,-10.036,-0,-1.0001,145.01,147.75,144.6,24.99,Cornering,"Hoosier 43075 16x7.5-10 R20, 7 inch rim",3368
78.61,321.24,-6.47,477.86,-198.06,0.007,-25.86,-11.34,0.03,0.0327,-2.4127,11.97,157511.09,7.52,92.27,-10.086,-0,-1,145.12,147.86,144.58,24.97,Cornering,"Hoosier 43075 16x7.5-10 R20, 7 inch rim",3369
78.64,321.25,-5.03,474.91,-197.67,0.013,-25.52,-11.51,-0.04,0.0255,-2.4025,12.05,-97900.63,7.52,92.27,-10.123,-0,-1.0001,145.25,147.95,144.66,24.97,Cornering,"Hoosier 43075 16x7.5-10 R20, 7 inch rim",3370
78.64,321.26,-4.14,472.77,-196.16,0.006,-24.95,-11.62,0.03,0.0211,-2.4101,12.14,157512.2,7.52,92.31,-10.156,-0,-1,145.42,148.1,144.87,24.98,Cornering,"Hoosier 43075 16x7.5-10 R20, 7 inch rim",3371
78.61,321.27,-3.72,472.02,-194.58,0.003,-23.74,-11.31,-0.04,0.0191,-2.4258,12.21,-97990.3,7.52,92.34,-10.199,-0,-1.0001,145.59,148.17,145.11,25,Cornering,"Hoosier 43075 16x7.5-10 R20, 7 inch rim",3372
78.63,321.28,-3.71,472.81,-192.97,0.001,-23.59,-10.47,0.03,0.0192,-2.4502,12.2,157724.25,7.52,92.33,-10.242,-0,-1,145.85,148.32,145.37,25.02,Cornering,"Hoosier 43075 16x7.5-10 R20, 7 inch rim",3373
78.64,321.29,-5.02,474.36,-192.36,0.007,-23.32,-10.2,-0.11,0.0261,-2.466,12.15,-37410.46,7.52,92.34,-10.286,-0,-1.0002,146.23,148.54,145.57,25.03,Cornering,"Hoosier 43075 16x7.5-10 R20, 7 inch rim",3374
78.62,321.3,-6.23,476.52,-191.97,0.01,-23.95,-9.73,0.03,0.0325,-2.4822,12.09,157686.73,7.52,92.33,-10.315,-0,-1,146.51,148.67,145.79,25.02,Cornering,"Hoosier 43075 16x7.5-10 R20, 7 inch rim",3375
78.6,321.31,-7.13,478.53,-192.83,0.007,-23.96,-9.02,0.03,0.037,-2.4816,12.06,157595.2,7.52,92.31,-10.351,-0,-1,146.71,148.72,145.9,25.01,Cornering,"Hoosier 43075 16x7.5-10 R20, 7 inch rim",3376
78.63,321.32,-7.98,480.04,-193.83,0.02,-24.98,-8.96,0.09,0.0412,-2.4766,12.08,43643.73,7.52,92.31,-10.399,-0,-0.9998,146.68,148.78,145.92,25,Cornering,"Hoosier 43075 16x7.5-10 R20, 7 inch rim",3377
78.63,321.33,-7.79,480.99,-195.93,-0.002,-25.39,-8.83,0.09,0.0398,-2.4549,12.16,43585.71,7.52,92.3,-10.451,-0,-0.9998,146.71,148.87,145.86,24.97,Cornering,"Hoosier 43075 16x7.5-10 R20, 7 inch rim",3378
78.6,321.34,-7.01,480.8,-197.72,0.013,-25.55,-8.73,0.09,0.0354,-2.4318,12.24,43552.88,7.52,92.27,-10.468,-0,-0.9998,146.66,148.92,145.82,24.95,Cornering,"Hoosier 43075 16x7.5-10 R20, 7 inch rim",3379
78.62,321.35,-6.18,479.1,-198.84,0.007,-25.69,-9.63,0.09,0.0311,-2.4094,12.26,43535.5,7.52,92.21,-10.518,-0,-0.9998,146.64,149.03,145.79,24.94,Cornering,"Hoosier 43075 16x7.5-10 R20, 7 inch rim",3380
78.64,321.36,-4.93,476.31,-198.52,0.006,-25.95,-10.18,-0.04,0.0249,-2.3994,12.25,-97647.65,7.52,92.19,-10.558,-0,-1.0001,146.81,149.14,145.77,24.94,Cornering,"Hoosier 43075 16x7.5-10 R20, 7 inch rim",3381
78.61,321.37,-3.81,473.69,-197.76,0.009,-24.44,-10.31,0.09,0.0193,-2.3953,12.17,43502.76,7.52,92.16,-10.604,-0,-0.9998,147.01,149.33,145.92,24.93,Cornering,"Hoosier 43075 16x7.5-10 R20, 7 inch rim",3382
78.6,321.38,-3.3,472.15,-195.61,0.01,-24.23,-10.47,-0.04,0.0169,-2.4138,12.09,-97532.98,7.52,92.16,-10.631,-0,-1.0001,147.18,149.49,146.14,24.92,Cornering,"Hoosier 43075 16x7.5-10 R20, 7 inch rim",3383
78.62,321.39,-3.46,472,-194.03,0.016,-23.84,-9.94,0.03,0.0178,-2.4326,12.06,156839.36,7.52,92.16,-10.679,-0,-1,147.37,149.62,146.48,24.92,Cornering,"Hoosier 43075 16x7.5-10 R20, 7 inch rim",3384
78.63,321.4,-4.37,473.26,-193.14,0.007,-23.53,-9.43,0.03,0.0226,-2.4503,12.07,156742.8,7.52,92.16,-10.723,-0,-1,147.65,149.84,146.79,24.9,Cornering,"Hoosier 43075 16x7.5-10 R20, 7 inch rim",3385
78.6,321.41,-5.8,475.6,-192.54,0.003,-23.66,-8.93,-0.04,0.0301,-2.4701,12.15,-97471.05,7.52,92.13,-10.75,-0,-1.0001,147.93,149.95,147.07,24.92,Cornering,"Hoosier 43075 16x7.5-10 R20, 7 inch rim",3386
78.6,321.42,-7.53,477.6,-193.15,0.006,-23.73,-8.99,0.03,0.039,-2.4726,12.21,156808.59,7.52,92.09,-10.805,-0,-1,148.08,150.06,147.29,24.92,Cornering,"Hoosier 43075 16x7.5-10 R20, 7 inch rim",3387
78.63,321.43,-8.15,479.15,-194.05,-0.002,-24.19,-8.23,0.09,0.042,-2.4693,12.25,43468.5,7.52,92.04,-10.836,-0,-0.9998,148.1,150.17,147.41,24.93,Cornering,"Hoosier 43075 16x7.5-10 R20, 7 inch rim",3388
78.61,321.44,-8.61,479.75,-195.58,-0,-25.2,-8.13,0.03,0.044,-2.453,12.21,156910.47,7.52,92.01,-10.886,-0,-1,148.1,150.21,147.39,24.94,Cornering,"Hoosier 43075 16x7.5-10 R20, 7 inch rim",3389
78.59,321.45,-8.37,480.05,-197.1,-0.002,-26.33,-8.33,0.03,0.0425,-2.4356,12.14,156967.08,7.52,91.99,-10.916,-0,-1,148.08,150.3,147.41,24.96,Cornering,"Hoosier 43075 16x7.5-10 R20, 7 inch rim",3390
78.62,321.46,-7.78,479.4,-198.8,0.007,-26.25,-9.12,0.09,0.0391,-2.4115,12.06,43510.41,7.52,91.98,-10.961,-0,-0.9998,148.1,150.39,147.35,24.97,Cornering,"Hoosier 43075 16x7.5-10 R20, 7 inch rim",3391
78.63,321.47,-6.52,477.58,-199.76,-0.01,-25.31,-9.54,0.03,0.0326,-2.3907,11.97,157104.86,7.52,91.94,-10.998,-0,-1,148.19,150.5,147.39,24.98,Cornering,"Hoosier 43075 16x7.5-10 R20, 7 inch rim",3392
78.6,321.48,-4.9,474.91,-198.71,0.013,-25.2,-9.59,-0.04,0.0246,-2.3899,12,-97669.73,7.52,91.92,-11.035,-0,-1.0001,148.38,150.65,147.39,24.99,Cornering,"Hoosier 43075 16x7.5-10 R20, 7 inch rim",3393
78.6,321.49,-3.75,473.08,-197.3,0.007,-23.9,-9.55,-0.04,0.019,-2.3978,12.06,-97658.48,7.52,91.88,-11.068,-0,-1.0001,148.57,150.79,147.63,24.99,Cornering,"Hoosier 43075 16x7.5-10 R20, 7 inch rim",3394
78.62,321.5,-3.54,472.34,-195,-0,-23.64,-9.51,-0.04,0.0182,-2.4222,12.11,-97642.27,7.52,91.89,-11.115,-0,-1.0001,148.74,150.96,147.86,24.99,Cornering,"Hoosier 43075 16x7.5-10 R20, 7 inch rim",3395
78.61,321.51,-3.87,472.33,-193.47,0.01,-23.5,-8.78,-0.04,0.02,-2.4414,12.17,-97608.78,7.52,91.87,-11.147,-0,-1.0001,148.98,151.14,148.08,24.98,Cornering,"Hoosier 43075 16x7.5-10 R20, 7 inch rim",3396
78.58,321.52,-4.88,473.57,-193.15,0.009,-23.45,-8.28,-0.04,0.0252,-2.4519,12.14,-97657.4,7.52,91.85,-11.203,-0,-1.0001,149.3,151.29,148.36,25,Cornering,"Hoosier 43075 16x7.5-10 R20, 7 inch rim",3397
78.61,321.53,-6.42,474.65,-192.57,0.006,-24.94,-8,-0.04,0.0333,-2.4648,12.08,-97646.46,7.52,91.83,-11.234,-0,-1.0001,149.56,151.38,148.56,25,Cornering,"Hoosier 43075 16x7.5-10 R20, 7 inch rim",3398
78.62,321.54,-7.19,476.18,-193.58,0.012,-24.81,-7,0.09,0.0371,-2.4598,11.98,43501.85,7.52,91.82,-11.28,-0,-0.9998,149.67,151.49,148.73,24.99,Cornering,"Hoosier 43075 16x7.5-10 R20, 7 inch rim",3399
78.6,321.55,-7.94,477.27,-195.13,-0.002,-25.7,-7.03,0.09,0.0407,-2.4459,11.93,43495.39,7.52,91.84,-11.321,-0,-0.9998,149.65,151.6,148.73,24.99,Cornering,"Hoosier 43075 16x7.5-10 R20, 7 inch rim",3400
78.6,321.56,-8.03,478.48,-197.41,0.007,-25.49,-7.14,-0.04,0.0407,-2.4238,11.93,-97493.82,7.52,91.82,-11.347,-0,-1.0001,149.6,151.69,148.68,24.97,Cornering,"Hoosier 43075 16x7.5-10 R20, 7 inch rim",3401
78.62,321.57,-7.43,478.77,-198.49,0.01,-26.61,-7.45,-0.11,0.0375,-2.4121,11.98,-37147.71,7.52,91.79,-11.393,-0,-1.0002,149.62,151.8,148.62,24.95,Cornering,"Hoosier 43075 16x7.5-10 R20, 7 inch rim",3402
78.61,321.58,-6.49,477.68,-199.15,0.014,-26.4,-8.07,0.03,0.0326,-2.3986,12.07,156532.92,7.52,91.77,-11.436,-0,-1,149.67,151.91,148.66,24.93,Cornering,"Hoosier 43075 16x7.5-10 R20, 7 inch rim",3403
78.59,321.59,-5.25,475.68,-198.63,0.009,-25.67,-8.65,0.09,0.0264,-2.3948,12.13,43329.72,7.52,91.76,-11.477,-0,-0.9998,149.86,152.06,148.7,24.91,Cornering,"Hoosier 43075 16x7.5-10 R20, 7 inch rim",3404
78.6,321.6,-3.48,473.54,-197.43,0.007,-24.15,-8.03,-0.04,0.0176,-2.3986,12.14,-97251.23,7.52,91.77,-11.522,-0,-1.0001,150.1,152.31,148.83,24.93,Cornering,"Hoosier 43075 16x7.5-10 R20, 7 inch rim",3405
78.63,321.61,-2.3,471.56,-196.36,-0,-22.83,-6.93,-0.04,0.0117,-2.4015,12.08,-97214.88,7.52,91.79,-11.561,-0,-1.0001,150.27,152.44,149.01,24.92,Cornering,"Hoosier 43075 16x7.5-10 R20, 7 inch rim",3406
78.6,321.62,-2.18,471.09,-194.67,0.006,-22.24,-5.71,0.03,0.0112,-2.4199,12.01,156336.34,7.52,91.83,-11.589,-0,-1,150.48,152.64,149.29,24.92,Cornering,"Hoosier 43075 16x7.5-10 R20, 7 inch rim",3407
78.59,321.63,-2.08,471.39,-194.32,0.012,-21.8,-3.34,0.09,0.0107,-2.4258,11.97,43326.5,7.51,91.9,-11.625,-0,-0.9998,150.8,152.88,149.59,24.92,Cornering,"Hoosier 43075 16x7.5-10 R20, 7 inch rim",3408
78.62,321.64,-1.29,472.62,-194.45,0.013,-22.3,0.17,0.09,0.0066,-2.4306,11.98,43324.21,7.51,91.91,-11.639,-0,-0.9998,151.1,153.01,149.88,24.92,Cornering,"Hoosier 43075 16x7.5-10 R20, 7 inch rim",3409
78.62,321.65,-0.25,474.01,-195.65,0.004,-22.58,3.79,0.09,0.0013,-2.4228,12.03,43361.54,7.51,91.89,-11.658,-0,-0.9998,151.32,153.16,150.1,24.94,Cornering,"Hoosier 43075 16x7.5-10 R20, 7 inch rim",3410
78.58,321.66,-0.08,475.68,-196.04,0.013,-24.85,5.81,-0.04,0.0004,-2.4265,12.14,-97352.63,7.51,91.83,-11.681,-0,-1.0001,151.34,153.27,150.2,24.97,Cornering,"Hoosier 43075 16x7.5-10 R20, 7 inch rim",3411
78.6,321.67,-0.49,477.07,-197.11,0.003,-26.76,5.96,0.03,0.0025,-2.4203,12.2,156822.25,7.51,91.85,-11.692,-0,-1,151.25,153.38,150.22,25,Cornering,"Hoosier 43075 16x7.5-10 R20, 7 inch rim",3412
78.62,321.68,-1.72,478.78,-198.2,-0.006,-27.7,4.37,-0.04,0.0087,-2.4156,12.22,-97502.56,7.52,91.85,-11.704,-0,-1.0001,151.19,153.47,150.18,25.01,Cornering,"Hoosier 43075 16x7.5-10 R20, 7 inch rim",3413
78.6,321.69,-0.47,479.21,-199.08,0.01,-27.61,4.58,-0.04,0.0024,-2.4071,12.17,-97547.76,7.51,91.88,-11.704,-0,-1.0001,151.23,153.6,150.14,25.02,Cornering,"Hoosier 43075 16x7.5-10 R20, 7 inch rim",3414
78.58,321.7,2.85,478.46,-199.37,0.003,-26.57,6.4,0.09,-0.0143,-2.3998,12.09,43452.38,7.51,91.9,-11.719,-0,-0.9998,151.34,153.65,150.16,25,Cornering,"Hoosier 43075 16x7.5-10 R20, 7 inch rim",3415
78.6,321.71,6.78,476.75,-198.67,0.014,-24.89,8.97,-0.04,-0.0341,-2.3997,12.04,-97433.21,7.51,91.93,-11.708,-0,-1.0001,151.51,153.78,150.3,24.99,Cornering,"Hoosier 43075 16x7.5-10 R20, 7 inch rim",3416
78.61,321.72,9.03,474.78,-197.03,-0,-24.05,10.47,0.03,-0.0458,-2.4096,12.04,156664.36,7.51,91.94,-11.714,-0,-1,151.77,153.98,150.54,24.98,Cornering,"Hoosier 43075 16x7.5-10 R20, 7 inch rim",3417
78.59,321.74,6.5,472.3,-195.12,0.007,-23.53,8.03,0.03,-0.0333,-2.4205,12.16,156811.42,7.51,92.03,-12.25,-0,-1,152.13,154.33,151.09,25,Cornering,"Hoosier 43075 16x7.5-10 R20, 7 inch rim",3418
78.62,321.75,2.52,472.45,-195.36,0.01,-23.81,4.91,0.09,-0.0129,-2.4183,12.22,43435.7,7.51,92.02,-12.237,-0,-0.9998,152.48,154.51,151.37,24.99,Cornering,"Hoosier 43075 16x7.5-10 R20, 7 inch rim",3419
78.6,321.76,-1.75,473.39,-196.22,-0,-23.66,1.35,0.09,0.0089,-2.4125,12.2,43446,7.51,92.02,-12.236,-0,-0.9998,152.71,154.68,151.66,25,Cornering,"Hoosier 43075 16x7.5-10 R20, 7 inch rim",3420
78.58,321.77,-4.7,474.93,-196.39,0.004,-24.78,-1.05,0.03,0.0239,-2.4183,12.15,156789.22,7.51,92.01,-12.226,-0,-1,152.86,154.75,151.84,25,Cornering,"Hoosier 43075 16x7.5-10 R20, 7 inch rim",3421
78.61,321.78,-6.98,476.92,-197.33,0.01,-25.52,-3.63,-0.04,0.0354,-2.4169,12.08,-97492.37,7.51,92,-12.208,-0,-1.0001,152.84,154.88,151.84,25,Cornering,"Hoosier 43075 16x7.5-10 R20, 7 inch rim",3422
78.62,321.79,-9,478.95,-198.17,0.003,-25.89,-6.74,0.03,0.0454,-2.4168,12.02,156842.19,7.51,91.97,-12.197,-0,-1,152.67,154.97,151.78,25,Cornering,"Hoosier 43075 16x7.5-10 R20, 7 inch rim",3423
78.59,321.8,-9.93,480.04,-199.8,0.001,-24.99,-9.69,-0.04,0.0497,-2.4026,12.01,-97473.89,7.51,91.92,-12.197,-0,-1.0001,152.65,155.06,151.74,25,Cornering,"Hoosier 43075 16x7.5-10 R20, 7 inch rim",3424
78.59,321.81,-10.24,479.1,-200.21,0.006,-25.1,-12.57,0.03,0.0511,-2.393,12.03,156701.72,7.51,91.96,-12.188,-0,-1,152.71,155.19,151.7,24.98,Cornering,"Hoosier 43075 16x7.5-10 R20, 7 inch rim",3425
78.62,321.82,-10.37,476.77,-200.35,0.013,-23.92,-15.26,0.03,0.0517,-2.3797,12.09,156558.75,7.51,91.97,-12.184,-0,-1,152.93,155.23,151.68,24.96,Cornering,"Hoosier 43075 16x7.5-10 R20, 7 inch rim",3426
78.61,321.83,-10.43,473.24,-199.47,0.003,-23.75,-17.26,-0.04,0.0523,-2.3725,12.12,-97295.13,7.51,91.94,-12.191,-0,-1.0001,153.14,155.45,151.88,24.95,Cornering,"Hoosier 43075 16x7.5-10 R20, 7 inch rim",3427
78.58,321.84,-10.59,470.43,-197.06,0.013,-24.87,-18.05,-0.04,0.0538,-2.3872,12.11,-97275.1,7.51,91.97,-12.184,-0,-1.0001,153.36,155.63,152.08,24.94,Cornering,"Hoosier 43075 16x7.5-10 R20, 7 inch rim",3428
78.6,321.85,-9.96,469.08,-196.72,-0.003,-24.01,-16.91,-0.11,0.0507,-2.3845,12.03,-37103.36,7.52,91.97,-12.196,-0,-1.0002,153.57,155.78,152.32,24.94,Cornering,"Hoosier 43075 16x7.5-10 R20, 7 inch rim",3429
78.62,321.86,-10,469.05,-196.49,0.012,-23.9,-14.96,-0.11,0.0509,-2.3871,11.96,-37104.15,7.51,91.96,-12.19,-0,-1.0002,153.87,155.94,152.58,24.94,Cornering,"Hoosier 43075 16x7.5-10 R20, 7 inch rim",3430
78.59,321.87,-9.76,470.28,-195.66,0.009,-25.05,-12.2,0.09,0.0499,-2.4036,11.9,43341.39,7.51,91.96,-12.197,-0,-0.9998,154.17,156.05,152.81,24.93,Cornering,"Hoosier 43075 16x7.5-10 R20, 7 inch rim",3431
78.58,321.88,-9.63,472.29,-196.05,0.01,-25.12,-9.46,0.03,0.0491,-2.409,11.92,156305.05,7.51,91.95,-12.183,-0,-1,154.28,156.11,153.01,24.92,Cornering,"Hoosier 43075 16x7.5-10 R20, 7 inch rim",3432
78.61,321.89,-8.98,475.24,-196.64,0.006,-24.66,-6.55,0.03,0.0456,-2.4168,12,156228.19,7.51,91.91,-12.19,-0,-1,154.3,156.2,153.05,24.9,Cornering,"Hoosier 43075 16x7.5-10 R20, 7 inch rim",3433
78.61,321.9,-6.63,477.11,-197.88,-0.009,-25.18,-2.7,-0.11,0.0335,-2.4111,12.08,-37071.62,7.52,91.92,-12.176,-0,-1.0002,154.13,156.29,153.01,24.92,Cornering,"Hoosier 43075 16x7.5-10 R20, 7 inch rim",3434
78.59,321.91,-2.68,478.94,-199.13,-0,-25.04,2.21,-0.04,0.0135,-2.4052,12.12,-97241.7,7.51,91.95,-12.151,-0,-1.0001,154.02,156.36,152.99,24.93,Cornering,"Hoosier 43075 16x7.5-10 R20, 7 inch rim",3435
78.6,321.92,1.98,478.43,-199.97,0.014,-25.67,7.22,0.09,-0.0099,-2.3925,12.11,43380.99,7.51,92.01,-12.138,-0,-0.9998,154.09,156.42,152.89,24.95,Cornering,"Hoosier 43075 16x7.5-10 R20, 7 inch rim",3436
78.62,321.93,6.34,476.75,-200.56,0.001,-25.08,11.34,0.09,-0.0316,-2.3771,12.07,43413.05,7.51,92.08,-12.127,-0,-0.9998,154.17,156.53,152.85,24.97,Cornering,"Hoosier 43075 16x7.5-10 R20, 7 inch rim",3437
78.59,321.94,10.56,474.11,-199.56,0.009,-24.47,15.44,0.03,-0.0529,-2.3757,11.99,156647.05,7.51,92.15,-12.094,-0,-1,154.41,156.6,152.95,24.96,Cornering,"Hoosier 43075 16x7.5-10 R20, 7 inch rim",3438
78.58,321.95,14.2,471.34,-198.18,0.006,-23.61,19.17,0.09,-0.0716,-2.3783,11.96,43415.26,7.51,92.16,-12.05,-0,-0.9998,154.64,156.71,153.15,24.96,Cornering,"Hoosier 43075 16x7.5-10 R20, 7 inch rim",3439
78.62,321.96,16.66,469.62,-196.41,0.013,-23.92,22.15,-0.04,-0.0848,-2.391,12,-97357.94,7.51,92.14,-12.015,-0,-1.0001,154.84,156.8,153.35,24.95,Cornering,"Hoosier 43075 16x7.5-10 R20, 7 inch rim",3440
78.61,321.97,15.88,469.5,-195.63,0.001,-23.51,21.75,-0.04,-0.0812,-2.3999,12.08,-97372.61,7.51,92.12,-11.974,-0,-1.0001,155.14,156.91,153.6,24.95,Cornering,"Hoosier 43075 16x7.5-10 R20, 7 inch rim",3441
78.57,321.98,11.74,470.57,-195.12,0.014,-23.44,18.21,-0.04,-0.0602,-2.4117,12.16,-97437.52,7.51,92.09,-11.918,-0,-1.0001,155.42,156.99,153.84,24.96,Cornering,"Hoosier 43075 16x7.5-10 R20, 7 inch rim",3442
78.6,321.99,5.99,472.44,-195.57,0.007,-23.24,12.46,0.03,-0.0307,-2.4158,12.19,156964.83,7.51,92.07,-11.855,-0,-1,155.63,157.1,154.08,24.99,Cornering,"Hoosier 43075 16x7.5-10 R20, 7 inch rim",3443
78.61,322,-0.15,474.31,-195.9,0.004,-23.53,5.8,0.03,0.0007,-2.4211,12.19,157064.2,7.51,92.03,-11.808,-0,-1,155.63,157.15,154.18,25,Cornering,"Hoosier 43075 16x7.5-10 R20, 7 inch rim",3444
78.6,322.01,-4.89,476.47,-197.3,0.009,-23.39,0.07,-0.04,0.0248,-2.415,12.12,-97675.57,7.51,92,-11.755,-0,-1.0001,155.55,157.24,154.22,25.01,Cornering,"Hoosier 43075 16x7.5-10 R20, 7 inch rim",3445
78.58,322.02,-7.58,478.02,-198.92,0.006,-23.58,-4.31,-0.04,0.0381,-2.4031,12.03,-97601.86,7.51,91.96,-11.706,-0,-1.0001,155.4,157.28,154.14,24.98,Cornering,"Hoosier 43075 16x7.5-10 R20, 7 inch rim",3446
78.6,322.03,-8.52,478.32,-200.03,0.004,-24.45,-7.79,-0.04,0.0426,-2.3913,12,-97576.3,7.51,91.92,-11.649,-0,-1.0001,155.29,157.32,154.08,24.97,Cornering,"Hoosier 43075 16x7.5-10 R20, 7 inch rim",3447
78.62,322.04,-9.25,477.08,-200.83,0.006,-24.78,-11.5,0.03,0.0461,-2.3755,12.04,156960.17,7.51,91.93,-11.601,-0,-1,155.35,157.46,154.02,24.97,Cornering,"Hoosier 43075 16x7.5-10 R20, 7 inch rim",3448
78.58,322.05,-11.27,474.91,-199.9,0.009,-25.19,-16.39,-0.04,0.0564,-2.3758,12.11,-97518.97,7.51,91.94,-11.551,-0,-1.0001,155.48,157.52,154.06,24.95,Cornering,"Hoosier 43075 16x7.5-10 R20, 7 inch rim",3449
78.59,322.06,-12.56,471.83,-199.02,0.006,-24.97,-20.09,0.03,0.0631,-2.3708,12.2,156970.8,7.51,91.95,-11.515,-0,-1,155.7,157.7,154.26,24.96,Cornering,"Hoosier 43075 16x7.5-10 R20, 7 inch rim",3450
78.62,322.07,-12.23,469.97,-197.45,0.013,-24.4,-20.9,0.09,0.0619,-2.3802,12.25,43504.42,7.51,91.94,-11.473,-0,-0.9998,155.91,157.85,154.42,24.96,Cornering,"Hoosier 43075 16x7.5-10 R20, 7 inch rim",3451
78.6,322.08,-10.98,469.24,-196.18,-0.002,-24.02,-19.52,-0.11,0.056,-2.3918,12.22,-37229.3,7.52,91.9,-11.442,-0,-1.0002,156.06,157.94,154.63,24.96,Cornering,"Hoosier 43075 16x7.5-10 R20, 7 inch rim",3452
78.58,322.09,-10.7,469.85,-195.89,0.004,-23.48,-17.97,-0.04,0.0546,-2.3985,12.15,-97613.68,7.51,91.88,-11.405,-0,-1.0001,156.28,158.14,154.87,24.96,Cornering,"Hoosier 43075 16x7.5-10 R20, 7 inch rim",3453
78.6,322.1,-11.47,471.57,-195.72,-0.003,-23.45,-17.02,0.09,0.0586,-2.4094,12.07,43549.35,7.51,91.86,-11.375,-0,-0.9998,156.62,158.16,155.03,24.98,Cornering,"Hoosier 43075 16x7.5-10 R20, 7 inch rim",3454
78.61,322.11,-13.14,473.72,-195.5,0.003,-24.12,-16.95,0.09,0.0672,-2.4231,12.02,43555.97,7.51,91.85,-11.331,-0,-0.9998,156.73,158.18,155.23,24.98,Cornering,"Hoosier 43075 16x7.5-10 R20, 7 inch rim",3455
78.59,322.12,-14.13,475.86,-196.75,0.014,-23.89,-16.51,-0.04,0.0718,-2.4186,12.02,-97693.99,7.51,91.82,-11.301,-0,-1.0001,156.62,158.23,155.23,24.97,Cornering,"Hoosier 43075 16x7.5-10 R20, 7 inch rim",3456
78.58,322.13,-13.71,477.74,-198.31,-0.002,-23.87,-15.58,0.03,0.0691,-2.409,12.08,157145.62,7.52,91.79,-11.259,-0,-1,156.47,158.27,155.19,24.97,Cornering,"Hoosier 43075 16x7.5-10 R20, 7 inch rim",3457
78.61,322.14,-12.37,479.11,-199.36,0.004,-24.86,-14.26,0.03,0.0621,-2.4033,12.13,157121.34,7.51,91.74,-11.236,-0,-1,156.32,158.2,155.11,24.96,Cornering,"Hoosier 43075 16x7.5-10 R20, 7 inch rim",3458
78.61,322.15,-10.15,478.79,-200.42,0.001,-25.33,-13.09,0.03,0.0507,-2.3889,12.16,157207.28,7.51,91.72,-11.212,-0,-1,156.28,158.25,155.05,24.97,Cornering,"Hoosier 43075 16x7.5-10 R20, 7 inch rim",3459
78.57,322.16,-8.15,476.61,-200.56,0.006,-25.57,-12.32,0.03,0.0407,-2.3764,12.13,157409.48,7.51,91.71,-11.175,-0,-1,156.36,158.34,155.03,25,Cornering,"Hoosier 43075 16x7.5-10 R20, 7 inch rim",3460
78.6,322.17,-6.45,473.81,-199.41,0.017,-25.47,-11.78,-0.04,0.0323,-2.3761,12.05,-97927.58,7.51,91.71,-11.143,-0,-1.0001,156.6,158.42,155.17,25.02,Cornering,"Hoosier 43075 16x7.5-10 R20, 7 inch rim",3461
78.62,322.18,-4.44,471.53,-198.22,0.003,-24.39,-10.43,-0.11,0.0224,-2.3788,11.97,-37366.42,7.51,91.72,-11.112,-0,-1.0002,156.81,158.58,155.35,25.03,Cornering,"Hoosier 43075 16x7.5-10 R20, 7 inch rim",3462
78.59,322.19,-2.82,470.43,-196.22,0.017,-24.3,-8.22,0.03,0.0144,-2.3974,11.9,157421.39,7.51,91.69,-11.083,-0,-1,157.03,158.69,155.51,25,Cornering,"Hoosier 43075 16x7.5-10 R20, 7 inch rim",3463
78.58,322.2,-1.74,470.79,-195.15,-0.003,-23.5,-5.55,-0.04,0.0089,-2.4125,11.9,-97824.71,7.52,91.65,-11.042,-0,-1.0001,157.26,158.8,155.74,24.98,Cornering,"Hoosier 43075 16x7.5-10 R20, 7 inch rim",3464
78.61,322.21,-1.03,472.02,-195.08,-0.002,-23.14,-2.67,0.03,0.0053,-2.4196,11.98,157314.38,7.51,91.64,-11.009,-0,-1,157.58,158.89,155.92,24.97,Cornering,"Hoosier 43075 16x7.5-10 R20, 7 inch rim",3465
78.61,322.22,-1.31,473.39,-195.4,0.009,-23.04,-0.71,-0.04,0.0067,-2.4226,12.06,-97801.61,7.51,91.61,-10.973,-0,-1.0001,157.71,158.91,156.06,24.97,Cornering,"Hoosier 43075 16x7.5-10 R20, 7 inch rim",3466
78.58,322.23,-1.34,475.25,-195.84,0.006,-23.14,1.03,0.03,0.0068,-2.4267,12.08,157434.3,7.51,91.61,-10.918,-0,-1,157.76,158.91,156.16,24.98,Cornering,"Hoosier 43075 16x7.5-10 R20, 7 inch rim",3467
78.59,322.24,-1.48,476.79,-197.12,0.006,-23.83,1.6,-0.04,0.0075,-2.4188,12.07,-97898.31,7.51,91.59,-10.884,-0,-1.0001,157.56,158.91,156.06,24.99,Cornering,"Hoosier 43075 16x7.5-10 R20, 7 inch rim",3468
78.62,322.25,-2.11,477.85,-198.37,0.006,-24.85,0.7,0.03,0.0106,-2.4089,12.02,157618.84,7.51,91.59,-10.844,-0,-1,157.39,158.97,155.94,25.01,Cornering,"Hoosier 43075 16x7.5-10 R20, 7 inch rim",3469
78.59,322.26,-2.46,477.68,-199.85,0.01,-25.48,-1.26,0.09,0.0123,-2.3902,11.94,43682.81,7.51,91.59,-10.807,-0,-0.9998,157.24,158.95,155.78,25.01,Cornering,"Hoosier 43075 16x7.5-10 R20, 7 inch rim",3470
78.58,322.27,-2.4,476.28,-200.26,0.013,-26.03,-3.43,-0.04,0.012,-2.3783,11.92,-97990.3,7.51,91.59,-10.738,-0,-1.0001,157.28,158.97,155.68,25,Cornering,"Hoosier 43075 16x7.5-10 R20, 7 inch rim",3471
78.61,322.28,-2.19,473.81,-200.18,0.012,-25.37,-5.67,0.03,0.0109,-2.3669,11.93,157547.3,7.51,91.63,-10.698,-0,-1,157.41,159,155.64,24.98,Cornering,"Hoosier 43075 16x7.5-10 R20, 7 inch rim",3472
78.61,322.29,-2.07,471.5,-198.67,0.016,-24.52,-7.58,-0.04,0.0104,-2.3733,12.02,-97856.09,7.51,91.61,-10.659,-0,-1.0001,157.58,159.02,155.78,24.96,Cornering,"Hoosier 43075 16x7.5-10 R20, 7 inch rim",3473
78.58,322.3,-2.21,470.32,-196.74,-0.005,-23.81,-8.92,0.03,0.0112,-2.3906,12.12,157375.66,7.52,91.58,-10.603,-0,-1,157.71,159.08,155.92,24.95,Cornering,"Hoosier 43075 16x7.5-10 R20, 7 inch rim",3474
78.59,322.31,-3.5,470.16,-195.87,0.007,-22.54,-10.06,0.03,0.0178,-2.4004,12.18,157398.59,7.51,91.52,-10.558,-0,-1,157.86,159.15,156.06,24.95,Cornering,"Hoosier 43075 16x7.5-10 R20, 7 inch rim",3475
78.62,322.32,-5.69,470.94,-194.78,0.007,-22.17,-11.35,-0.11,0.0292,-2.4178,12.17,-37317.39,7.51,91.48,-10.517,-0,-1.0002,158.08,159.22,156.28,24.94,Cornering,"Hoosier 43075 16x7.5-10 R20, 7 inch rim",3476
78.6,322.33,-8.02,471.85,-194.32,0.016,-23.18,-12.23,-0.04,0.0413,-2.4282,12.13,-97802.07,7.51,91.48,-10.467,-0,-1.0001,158.29,159.22,156.44,24.93,Cornering,"Hoosier 43075 16x7.5-10 R20, 7 inch rim",3477
78.58,322.34,-9.77,473.41,-195.27,0.007,-22.98,-12.85,-0.04,0.05,-2.4244,12.06,-97794.72,7.51,91.47,-10.417,-0,-1.0001,158.36,159.28,156.53,24.93,Cornering,"Hoosier 43075 16x7.5-10 R20, 7 inch rim",3478
78.6,322.35,-11.29,474.63,-196.39,0.01,-24.26,-13.82,0.09,0.0575,-2.4168,12.03,43581.2,7.51,91.47,-10.371,-0,-0.9998,158.23,159.28,156.48,24.92,Cornering,"Hoosier 43075 16x7.5-10 R20, 7 inch rim",3479
78.62,322.36,-12.29,475.87,-198.19,0.003,-24.51,-15.13,-0.11,0.062,-2.4011,12.05,-37303.96,7.51,91.45,-10.336,-0,-1.0002,157.95,159.22,156.4,24.92,Cornering,"Hoosier 43075 16x7.5-10 R20, 7 inch rim",3480
78.57,322.37,-13.03,476.47,-199.48,0.004,-26.13,-17.2,-0.04,0.0653,-2.3886,12.12,-97876.4,7.51,91.46,-10.298,-0,-1.0001,157.76,159.22,156.26,24.94,Cornering,"Hoosier 43075 16x7.5-10 R20, 7 inch rim",3481
78.59,322.38,-12.81,476.47,-200.79,0.001,-25.65,-18.75,0.09,0.0638,-2.373,12.22,43647.57,7.51,91.47,-10.255,-0,-0.9998,157.73,159.19,156.1,24.94,Cornering,"Hoosier 43075 16x7.5-10 R20, 7 inch rim",3482
78.62,322.39,-11.14,474.9,-200.08,0.012,-26.04,-19.09,0.03,0.0557,-2.3736,12.24,157531.59,7.51,91.45,-10.213,-0,-1,157.76,159.15,156.08,24.94,Cornering,"Hoosier 43075 16x7.5-10 R20, 7 inch rim",3483
78.6,322.4,-8.78,472.28,-198.97,0.012,-25.43,-18.13,0.09,0.0441,-2.3736,12.23,43695.63,7.51,91.45,-10.2,-0,-0.9998,157.88,159.19,156.12,24.97,Cornering,"Hoosier 43075 16x7.5-10 R20, 7 inch rim",3484
78.58,322.41,-7.16,470.91,-197.25,0.01,-24.26,-17.14,0.03,0.0363,-2.3873,12.17,157741.56,7.51,91.41,-10.157,-0,-1,158.01,159.24,156.22,24.97,Cornering,"Hoosier 43075 16x7.5-10 R20, 7 inch rim",3485
78.6,322.42,-6.44,470.31,-195.57,0.009,-23.51,-15.92,-0.04,0.0329,-2.4048,12.07,-98044.34,7.51,91.38,-10.118,-0,-1.0001,158.12,159.24,156.36,24.97,Cornering,"Hoosier 43075 16x7.5-10 R20, 7 inch rim",3486
78.61,322.43,-6.78,470.47,-194.93,0.009,-23.2,-14.62,-0.04,0.0348,-2.4136,12.02,-98027.96,7.51,91.37,-10.097,-0,-1.0001,158.29,159.3,156.55,24.96,Cornering,"Hoosier 43075 16x7.5-10 R20, 7 inch rim",3487
78.59,322.44,-7.73,471.7,-194.69,0.01,-22.96,-13.34,-0.04,0.0397,-2.4228,12.02,-98014.54,7.51,91.37,-10.065,-0,-1.0001,158.57,159.37,156.71,24.96,Cornering,"Hoosier 43075 16x7.5-10 R20, 7 inch rim",3488
78.58,322.45,-7.58,472.93,-195.51,0.01,-22.95,-10.91,0.03,0.0388,-2.419,12.07,157622.72,7.51,91.33,-10.022,-0,-1,158.76,159.35,156.83,24.94,Cornering,"Hoosier 43075 16x7.5-10 R20, 7 inch rim",3489
78.62,322.46,-7.05,474.16,-195.93,0.007,-24.36,-8.74,-0.04,0.036,-2.4201,12.17,-98059.27,7.51,91.33,-9.991,-0,-1.0001,158.68,159.33,156.81,24.96,Cornering,"Hoosier 43075 16x7.5-10 R20, 7 inch rim",3490
78.61,322.47,-6.11,475.71,-197.38,0.001,-24.7,-6.93,0.03,0.031,-2.4101,12.2,157942.84,7.51,91.32,-9.965,-0,-1,158.46,159.24,156.69,24.99,Cornering,"Hoosier 43075 16x7.5-10 R20, 7 inch rim",3491
78.57,322.48,-4.95,476.62,-199.35,0.006,-24.92,-5.96,-0.04,0.0248,-2.3908,12.19,-98235.89,7.51,91.3,-9.932,-0,-1.0001,158.23,159.3,156.53,25,Cornering,"Hoosier 43075 16x7.5-10 R20, 7 inch rim",3492
78.6,322.49,-3.09,476.76,-200.46,0.004,-25.24,-4.97,-0.04,0.0154,-2.3783,12.14,-98250.09,7.51,91.29,-9.883,-0,-1.0001,158.08,159.22,156.36,25,Cornering,"Hoosier 43075 16x7.5-10 R20, 7 inch rim",3493
78.61,322.5,-0.65,475.83,-200.14,0.006,-25.52,-4.35,-0.04,0.0033,-2.3775,12.04,-98262.16,7.51,91.32,-9.842,-0,-1.0001,158.03,159.19,156.22,25,Cornering,"Hoosier 43075 16x7.5-10 R20, 7 inch rim",3494
78.59,322.51,1.18,473.66,-200.09,0.013,-24.26,-4.22,-0.11,-0.0059,-2.3673,11.95,-37433.1,7.51,91.37,-9.807,-0,-1.0002,158.08,159.13,156.28,24.97,Cornering,"Hoosier 43075 16x7.5-10 R20, 7 inch rim",3495
78.58,322.52,2.24,471.36,-197.81,0.009,-24.77,-4.51,0.09,-0.0113,-2.3829,11.96,43723.07,7.51,91.44,-9.757,-0,-0.9998,158.16,159.19,156.34,24.95,Cornering,"Hoosier 43075 16x7.5-10 R20, 7 inch rim",3496
78.61,322.53,1.08,469.67,-196.44,0.01,-23.91,-6.27,-0.04,-0.0055,-2.3909,12,-98006.29,7.51,91.53,-9.701,-0,-1.0001,158.21,159.19,156.46,24.93,Cornering,"Hoosier 43075 16x7.5-10 R20, 7 inch rim",3497
78.61,322.54,-0.32,469.38,-195.25,0.006,-23.12,-7.19,0.03,0.0016,-2.404,12.06,157642,7.51,91.59,-9.666,-0,-1,158.4,159.24,156.59,24.92,Cornering,"Hoosier 43075 16x7.5-10 R20, 7 inch rim",3498
78.58,322.55,-3,469.69,-195.66,0.009,-22.34,-8.78,0.09,0.0153,-2.4005,12.1,43670.29,7.51,91.65,-9.613,-0,-0.9998,158.61,159.35,156.79,24.91,Cornering,"Hoosier 43075 16x7.5-10 R20, 7 inch rim",3499
78.59,322.56,-5.3,470.63,-195.31,0.001,-22.98,-9.81,-0.04,0.0271,-2.4097,12.08,-98042.34,7.51,91.65,-9.574,-0,-1.0001,158.79,159.35,156.95,24.93,Cornering,"Hoosier 43075 16x7.5-10 R20, 7 inch rim",3500
78.61,322.57,-7.16,471.84,-195.99,0.01,-23.52,-10.61,0.03,0.0366,-2.4075,12,157852.28,7.51,91.62,-9.525,-0,-1,158.81,159.37,157.09,24.94,Cornering,"Hoosier 43075 16x7.5-10 R20, 7 inch rim",3501
78.59,322.58,-8.89,473.08,-197.34,0.001,-24.4,-12.18,-0.04,0.0451,-2.3973,11.94,-98135.98,7.51,91.6,-9.484,-0,-1.0001,158.61,159.39,156.99,24.94,Cornering,"Hoosier 43075 16x7.5-10 R20, 7 inch rim",3502
78.58,322.59,-9.84,474.76,-198.64,0.01,-25.39,-13.64,0.09,0.0495,-2.3901,11.88,43754.63,7.51,91.55,-9.425,-0,-0.9998,158.4,159.28,156.81,24.94,Cornering,"Hoosier 43075 16x7.5-10 R20, 7 inch rim",3503
78.61,322.6,-10.45,475.52,-200.03,0.009,-26.25,-15.8,0.09,0.0522,-2.3773,11.9,43809.35,7.51,91.52,-9.393,-0,-0.9998,158.25,159.3,156.63,24.97,Cornering,"Hoosier 43075 16x7.5-10 R20, 7 inch rim",3504
78.62,322.61,-9.66,475.21,-200.89,0.009,-25.88,-17.22,0.09,0.0481,-2.3655,11.96,43844.96,7.51,91.51,-9.352,-0,-0.9998,158.21,159.24,156.44,24.99,Cornering,"Hoosier 43075 16x7.5-10 R20, 7 inch rim",3505
78.58,322.62,-8.16,473.39,-200.7,-0.005,-25.19,-17.98,-0.04,0.0407,-2.3587,12.05,-98366.3,7.52,91.5,-9.31,-0,-1.0001,158.27,159.22,156.4,24.99,Cornering,"Hoosier 43075 16x7.5-10 R20, 7 inch rim",3506
78.59,322.63,-7,471.21,-199.1,0.009,-24.39,-18.49,-0.04,0.0352,-2.3667,12.11,-98334.36,7.51,91.55,-9.26,-0,-1.0001,158.38,159.28,156.46,24.98,Cornering,"Hoosier 43075 16x7.5-10 R20, 7 inch rim",3507
78.62,322.64,-6.83,469.69,-197.15,0.009,-23.21,-19.14,-0.04,0.0346,-2.3824,12.11,-98390.11,7.51,91.56,-9.223,-0,-1.0001,158.46,159.28,156.59,24.99,Cornering,"Hoosier 43075 16x7.5-10 R20, 7 inch rim",3508
78.59,322.65,-7.43,468.61,-195.81,0.009,-22.75,-19.35,-0.04,0.038,-2.3931,12.06,-98399.03,7.51,91.56,-9.19,-0,-1.0001,158.61,159.3,156.71,24.99,Cornering,"Hoosier 43075 16x7.5-10 R20, 7 inch rim",3509
78.58,322.66,-8.23,468.46,-195.32,0.007,-22.45,-18.77,-0.04,0.0421,-2.3984,11.96,-98454.34,7.51,91.52,-9.154,-0,-1.0001,158.83,159.37,156.81,25,Cornering,"Hoosier 43075 16x7.5-10 R20, 7 inch rim",3510
78.61,322.67,-9.24,468.92,-195.28,0.01,-22.94,-17.92,-0.04,0.0473,-2.4013,11.92,-98420.98,7.51,91.53,-9.109,-0,-1.0001,159.04,159.35,156.97,24.99,Cornering,"Hoosier 43075 16x7.5-10 R20, 7 inch rim",3511
78.61,322.68,-9.96,469.36,-196.5,0.01,-23.74,-17.03,0.09,0.0507,-2.3886,11.95,43845.77,7.51,91.47,-9.093,-0,-0.9998,159.06,159.41,157.05,24.97,Cornering,"Hoosier 43075 16x7.5-10 R20, 7 inch rim",3512
78.59,322.69,-10.5,470.29,-197.93,0.003,-24.52,-16.46,-0.04,0.0531,-2.376,12.01,-98319.84,7.51,91.43,-9.06,-0,-1.0001,158.94,159.39,156.97,24.96,Cornering,"Hoosier 43075 16x7.5-10 R20, 7 inch rim",3513
78.59,322.7,-9.71,471.82,-199.11,0.003,-25.6,-15.08,-0.04,0.0488,-2.3697,12.1,-98285.57,7.51,91.38,-9.017,-0,-1.0001,158.61,159.33,156.83,24.95,Cornering,"Hoosier 43075 16x7.5-10 R20, 7 inch rim",3514
78.62,322.71,-8.88,472.57,-200.44,0.006,-26.56,-14.61,-0.04,0.0443,-2.3577,12.17,-98383.73,7.51,91.41,-8.991,-0,-1.0001,158.33,159.26,156.69,24.97,Cornering,"Hoosier 43075 16x7.5-10 R20, 7 inch rim",3515
78.6,322.72,-6.55,473.03,-201.69,0.01,-25.74,-13.18,-0.04,0.0325,-2.3453,12.17,-98462.42,7.51,91.38,-8.952,-0,-1.0001,158.21,159.17,156.44,24.99,Cornering,"Hoosier 43075 16x7.5-10 R20, 7 inch rim",3516
78.58,322.73,-4.28,471.98,-201.47,-0.005,-25.01,-12.44,-0.04,0.0212,-2.3427,12.11,-98517.12,7.52,91.39,-8.918,-0,-1.0001,158.18,159.08,156.32,25,Cornering,"Hoosier 43075 16x7.5-10 R20, 7 inch rim",3517
78.6,322.74,-1.93,469.94,-199.74,0.012,-25.31,-11.12,0.03,0.0097,-2.3528,12.03,158572.02,7.51,91.38,-8.884,-0,-1,158.27,159.13,156.36,25.01,Cornering,"Hoosier 43075 16x7.5-10 R20, 7 inch rim",3518
78.63,322.75,-0.3,468.43,-198.09,0.007,-23.62,-10.13,-0.04,0.0015,-2.3647,12,-98514.46,7.51,91.42,-8.841,-0,-1.0001,158.29,159.13,156.44,25,Cornering,"Hoosier 43075 16x7.5-10 R20, 7 inch rim",3519
78.6,322.76,0.33,467.52,-196.74,0.003,-22.58,-9.25,0.09,-0.0017,-2.3764,12.02,43899.36,7.52,91.47,-8.809,-0,-0.9998,158.29,159.11,156.53,24.98,Cornering,"Hoosier 43075 16x7.5-10 R20, 7 inch rim",3520
78.6,322.77,-0.17,466.73,-196.67,0.012,-22.01,-8.88,0.03,0.0009,-2.3732,12.08,158328.19,7.51,91.5,-8.763,-0,-1,158.44,159.13,156.69,24.97,Cornering,"Hoosier 43075 16x7.5-10 R20, 7 inch rim",3521
78.63,322.78,-0.89,466.59,-195.56,0.001,-23.59,-8.02,0.16,0.0045,-2.386,12.14,25456.78,7.52,91.55,-8.715,-0,-0.9997,158.59,159.04,156.87,24.96,Cornering,"Hoosier 43075 16x7.5-10 R20, 7 inch rim",3522
78.62,322.79,-2.53,466.57,-196.22,0.004,-24.22,-8.24,-0.04,0.0129,-2.3778,12.18,-98419.36,7.51,91.58,-8.678,-0,-1.0001,158.68,158.95,156.89,24.96,Cornering,"Hoosier 43075 16x7.5-10 R20, 7 inch rim",3523
78.59,322.8,-4.51,467.17,-197.54,0.01,-24.68,-9.27,-0.04,0.0228,-2.3649,12.14,-98409.23,7.51,91.61,-8.627,-0,-1.0001,158.57,158.97,156.85,24.96,Cornering,"Hoosier 43075 16x7.5-10 R20, 7 inch rim",3524
78.61,322.81,-5.52,468.26,-198.66,-0,-25.41,-10.28,-0.11,0.0278,-2.3571,12.06,-37541.95,7.51,91.65,-8.582,-0,-1.0002,158.27,158.84,156.69,24.96,Cornering,"Hoosier 43075 16x7.5-10 R20, 7 inch rim",3525
78.64,322.82,-6.21,469.79,-200.4,0.004,-25.66,-11.92,-0.04,0.031,-2.3442,11.97,-98430.85,7.51,91.67,-8.542,-0,-1.0001,158.01,158.73,156.46,24.96,Cornering,"Hoosier 43075 16x7.5-10 R20, 7 inch rim",3526
78.61,322.83,-6.63,471.03,-201.8,0.004,-25.43,-14.02,-0.04,0.0328,-2.3341,11.95,-98330.12,7.51,91.69,-8.487,-0,-1.0001,157.78,158.67,156.24,24.93,Cornering,"Hoosier 43075 16x7.5-10 R20, 7 inch rim",3527
78.6,322.84,-6.05,471.04,-201.53,0.001,-25.57,-15.71,-0.04,0.03,-2.3372,11.99,-98339.7,7.52,91.67,-8.448,-0,-1.0001,157.73,158.58,156,24.93,Cornering,"Hoosier 43075 16x7.5-10 R20, 7 inch rim",3528
78.63,322.85,-5.79,469.65,-201.12,0.007,-24.4,-17.81,-0.04,0.0288,-2.3351,12.06,-98373.88,7.51,91.64,-8.403,-0,-1.0001,157.71,158.56,155.9,24.93,Cornering,"Hoosier 43075 16x7.5-10 R20, 7 inch rim",3529
78.64,322.86,-5.57,467.82,-200,0.003,-22.76,-19.21,0.03,0.0278,-2.3391,12.11,158234.34,7.51,91.62,-8.358,-0,-1,157.71,158.6,155.94,24.93,Cornering,"Hoosier 43075 16x7.5-10 R20, 7 inch rim",3530
78.61,322.87,-5.97,465.82,-198.1,0.003,-22.4,-20.51,0.03,0.0302,-2.3514,12.11,158327.05,7.51,91.63,-8.31,-0,-1,157.73,158.67,155.96,24.94,Cornering,"Hoosier 43075 16x7.5-10 R20, 7 inch rim",3531
78.63,322.88,-6.4,464.27,-196.58,0.007,-23.31,-20.66,0.03,0.0325,-2.3617,12.08,158454.78,7.51,91.64,-8.265,-0,-1,157.93,158.67,156.02,24.96,Cornering,"Hoosier 43075 16x7.5-10 R20, 7 inch rim",3532
78.65,322.89,-7.71,463.32,-197.14,0.009,-23.51,-20.59,-0.04,0.0391,-2.3502,12.01,-98459.73,7.51,91.65,-8.238,-0,-1.0001,158.03,158.69,156.1,24.94,Cornering,"Hoosier 43075 16x7.5-10 R20, 7 inch rim",3533
78.63,322.9,-9.26,463.45,-196.92,0.017,-24.6,-20.78,-0.18,0.047,-2.3534,11.92,-23217.19,7.51,91.63,-8.194,-0,-1.0003,158.16,158.64,156.24,24.96,Cornering,"Hoosier 43075 16x7.5-10 R20, 7 inch rim",3534
78.61,322.91,-10.45,463.93,-198.56,0.004,-24.81,-20.67,-0.04,0.0526,-2.3365,11.9,-98501.52,7.51,91.61,-8.159,-0,-1.0001,158.12,158.6,156.26,24.95,Cornering,"Hoosier 43075 16x7.5-10 R20, 7 inch rim",3535
78.64,322.92,-11.2,465.15,-199.38,0.006,-25.65,-20.63,0.09,0.0562,-2.3329,11.96,43914.88,7.51,91.63,-8.116,-0,-0.9998,157.88,158.53,156.16,24.95,Cornering,"Hoosier 43075 16x7.5-10 R20, 7 inch rim",3536
78.65,322.93,-11.38,467,-201.42,0.009,-25.18,-20.8,0.03,0.0565,-2.3186,12.04,158490.19,7.51,91.62,-8.078,-0,-1,157.63,158.45,156.06,24.95,Cornering,"Hoosier 43075 16x7.5-10 R20, 7 inch rim",3537
78.62,322.94,-10.43,468.53,-202.59,0.013,-25.6,-20.72,-0.04,0.0515,-2.3127,12.14,-98505.8,7.51,91.65,-8.045,-0,-1.0001,157.46,158.4,155.9,24.94,Cornering,"Hoosier 43075 16x7.5-10 R20, 7 inch rim",3538
78.63,322.95,-9.6,468.85,-203.1,0.006,-25.29,-21.43,-0.11,0.0472,-2.3085,12.16,-37593.77,7.51,91.61,-8.023,-0,-1.0002,157.3,158.36,155.76,24.96,Cornering,"Hoosier 43075 16x7.5-10 R20, 7 inch rim",3539
78.65,322.96,-7.63,467.77,-202.48,0.01,-24.65,-20.88,-0.04,0.0377,-2.3103,12.12,-98613.16,7.51,91.6,-7.977,-0,-1.0001,157.26,158.31,155.7,24.97,Cornering,"Hoosier 43075 16x7.5-10 R20, 7 inch rim",3540
78.64,322.97,-5.15,465.49,-201.33,-0.005,-23.61,-19.76,-0.04,0.0256,-2.3121,12.06,-98664.96,7.52,91.62,-7.952,-0,-1.0001,157.3,158.34,155.68,24.98,Cornering,"Hoosier 43075 16x7.5-10 R20, 7 inch rim",3541
78.62,322.98,-3.58,462.85,-199.66,0.003,-23.54,-18.52,0.09,0.0179,-2.3182,11.99,43977.86,7.51,91.61,-7.904,-0,-0.9998,157.26,158.38,155.74,24.97,Cornering,"Hoosier 43075 16x7.5-10 R20, 7 inch rim",3542
78.65,322.99,-2.36,460.97,-198.35,0.016,-23.72,-16.6,-0.04,0.0119,-2.324,11.97,-98659.33,7.51,91.63,-7.877,-0,-1.0001,157.22,158.38,155.78,24.97,Cornering,"Hoosier 43075 16x7.5-10 R20, 7 inch rim",3543
78.67,323,-2.35,460.36,-197.71,0.009,-23.79,-15.15,0.09,0.0119,-2.3285,12.02,43943.79,7.51,91.68,-7.839,-0,-0.9998,157.35,158.4,155.94,24.95,Cornering,"Hoosier 43075 16x7.5-10 R20, 7 inch rim",3544
78.63,323.01,-2.89,459.87,-198.01,0.016,-24.39,-13.54,0.09,0.0146,-2.3225,12.11,43917.98,7.51,91.68,-7.791,-0,-0.9998,157.41,158.4,156.04,24.93,Cornering,"Hoosier 43075 16x7.5-10 R20, 7 inch rim",3545
78.64,323.02,-3.77,460.35,-199.17,0.003,-24.24,-12.52,0.03,0.0189,-2.3114,12.19,158421.3,7.51,91.65,-7.768,-0,-1,157.41,158.38,156.14,24.92,Cornering,"Hoosier 43075 16x7.5-10 R20, 7 inch rim",3546
78.67,323.03,-4.53,461.25,-199.76,0.014,-24.92,-11.81,-0.04,0.0227,-2.309,12.22,-98512.67,7.51,91.65,-7.717,-0,-1.0001,157.22,158.34,156.08,24.93,Cornering,"Hoosier 43075 16x7.5-10 R20, 7 inch rim",3547
78.66,323.04,-4.87,462.65,-201.65,0.004,-24.56,-11.84,-0.04,0.0242,-2.2943,12.17,-98568.48,7.51,91.63,-7.672,-0,-1.0001,156.92,158.25,155.88,24.94,Cornering,"Hoosier 43075 16x7.5-10 R20, 7 inch rim",3548
78.64,323.05,-4.59,463.73,-202.93,0.006,-24.77,-12.44,0.03,0.0226,-2.2852,12.11,158726.97,7.52,91.6,-7.637,-0,-1,156.68,158.14,155.68,24.96,Cornering,"Hoosier 43075 16x7.5-10 R20, 7 inch rim",3549
78.66,323.06,-4.38,464.03,-203.66,0.009,-25.11,-13.97,-0.04,0.0215,-2.2784,12.02,-98702.51,7.52,91.58,-7.585,-0,-1.0001,156.55,158.12,155.47,24.97,Cornering,"Hoosier 43075 16x7.5-10 R20, 7 inch rim",3550
78.68,323.07,-3.11,462.79,-204.37,0.01,-24.3,-14.95,-0.04,0.0152,-2.2644,12,-98778.55,7.51,91.54,-7.552,-0,-1.0001,156.45,158.03,155.33,24.98,Cornering,"Hoosier 43075 16x7.5-10 R20, 7 inch rim",3551
78.64,323.08,-2.16,460.8,-203.17,0.004,-23.92,-16.43,0.03,0.0106,-2.268,12.01,158995.59,7.52,91.47,-7.503,-0,-1,156.49,157.98,155.31,25,Cornering,"Hoosier 43075 16x7.5-10 R20, 7 inch rim",3552
78.64,323.09,-2.02,458.17,-201.66,0.012,-23.5,-17.79,0.03,0.01,-2.272,12.1,159050.11,7.51,91.42,-7.453,-0,-1,156.49,157.96,155.31,25,Cornering,"Hoosier 43075 16x7.5-10 R20, 7 inch rim",3553
78.67,323.1,-2.53,455.72,-200.45,-0,-23.41,-18.85,0.09,0.0126,-2.2735,12.19,44098.73,7.52,91.39,-7.41,-0,-0.9998,156.43,157.98,155.35,25.01,Cornering,"Hoosier 43075 16x7.5-10 R20, 7 inch rim",3554
78.67,323.11,-4.22,454.63,-199.32,0.007,-23.39,-19.98,0.03,0.0212,-2.2808,12.2,159223.62,7.52,91.36,-7.379,-0,-1,156.4,158.01,155.41,25.03,Cornering,"Hoosier 43075 16x7.5-10 R20, 7 inch rim",3555
78.64,323.12,-6.44,454.31,-199.24,0.009,-23.51,-20.84,0.03,0.0323,-2.2802,12.17,159240,7.52,91.33,-7.332,-0,-1,156.55,157.96,155.56,25.03,Cornering,"Hoosier 43075 16x7.5-10 R20, 7 inch rim",3556
78.67,323.13,-8.68,454.76,-199.54,0.013,-23.81,-21.71,-0.04,0.0435,-2.2791,12.11,-98999.59,7.52,91.31,-7.273,-0,-1.0001,156.58,157.92,155.64,25.03,Cornering,"Hoosier 43075 16x7.5-10 R20, 7 inch rim",3557
78.69,323.14,-9.92,455.39,-200.18,-0,-24.51,-22.03,-0.04,0.0495,-2.2749,12.02,-99050.31,7.52,91.3,-7.25,-0,-1.0001,156.49,157.85,155.6,25.04,Cornering,"Hoosier 43075 16x7.5-10 R20, 7 inch rim",3558
78.66,323.15,-10.59,456.12,-201.81,0.016,-24.93,-22.44,-0.04,0.0525,-2.2602,11.99,-99037.69,7.51,91.32,-7.201,-0,-1.0001,156.21,157.7,155.43,25.03,Cornering,"Hoosier 43075 16x7.5-10 R20, 7 inch rim",3559
78.65,323.16,-10.5,457.05,-203.68,0.013,-25.22,-23.09,-0.04,0.0515,-2.2439,12,-99091.68,7.52,91.32,-7.163,-0,-1.0001,155.91,157.65,155.23,25.04,Cornering,"Hoosier 43075 16x7.5-10 R20, 7 inch rim",3560
78.68,323.17,-9.24,457.52,-204.86,0.007,-25.22,-23.3,0.03,0.0451,-2.2333,12.07,159384.47,7.52,91.33,-7.124,-0,-1,155.65,157.52,154.99,25.04,Cornering,"Hoosier 43075 16x7.5-10 R20, 7 inch rim",3561
78.68,323.18,-8.19,456.12,-205.32,0.01,-25.1,-24.21,-0.04,0.0399,-2.2215,12.14,-99061.34,7.52,91.35,-7.088,-0,-1.0001,155.57,157.5,154.81,25.03,Cornering,"Hoosier 43075 16x7.5-10 R20, 7 inch rim",3562
78.65,323.19,-6.73,453.98,-204.61,0.001,-24.48,-24.54,0.03,0.0329,-2.2187,12.16,159262.64,7.52,91.34,-7.047,-0,-1,155.46,157.41,154.69,25.01,Cornering,"Hoosier 43075 16x7.5-10 R20, 7 inch rim",3563
78.67,323.2,-4.9,451.19,-202.89,0.007,-24.11,-23.78,0.03,0.0241,-2.2238,12.12,159239.94,7.52,91.31,-7.004,-0,-1,155.46,157.48,154.65,25.01,Cornering,"Hoosier 43075 16x7.5-10 R20, 7 inch rim",3564
78.69,323.21,-3.83,448.56,-201.02,0.01,-23.77,-22.86,0.09,0.0191,-2.2315,12.05,44149.01,7.52,91.3,-6.984,-0,-0.9998,155.35,157.46,154.63,25.02,Cornering,"Hoosier 43075 16x7.5-10 R20, 7 inch rim",3565
78.67,323.22,-4.01,447.03,-199.73,0.003,-23.58,-22.27,0.03,0.0201,-2.2382,11.96,159332.06,7.52,91.28,-6.948,-0,-1,155.42,157.43,154.69,25.02,Cornering,"Hoosier 43075 16x7.5-10 R20, 7 inch rim",3566
78.65,323.23,-4.59,446.41,-199.43,0.006,-23.21,-21.09,-0.04,0.023,-2.2384,11.91,-99030.59,7.52,91.27,-6.902,-0,-1.0001,155.57,157.41,154.75,25.01,Cornering,"Hoosier 43075 16x7.5-10 R20, 7 inch rim",3567
78.68,323.24,-5.78,446.39,-199.68,0.009,-23.75,-20.28,0.03,0.0289,-2.2355,11.93,159281.5,7.52,91.27,-6.876,-0,-1,155.65,157.37,154.87,25.01,Cornering,"Hoosier 43075 16x7.5-10 R20, 7 inch rim",3568
78.69,323.25,-6.16,446.54,-200.44,0.003,-24.11,-18.92,-0.04,0.0307,-2.2278,11.98,-98954,7.52,91.26,-6.826,-0,-1.0001,155.5,157.3,154.89,24.99,Cornering,"Hoosier 43075 16x7.5-10 R20, 7 inch rim",3569
78.67,323.26,-6.13,447,-202.62,-0.002,-23.72,-17.89,-0.04,0.0303,-2.2061,12.07,-98890.55,7.52,91.25,-6.799,-0,-1.0001,155.27,157.17,154.71,24.97,Cornering,"Hoosier 43075 16x7.5-10 R20, 7 inch rim",3570
78.67,323.27,-5.77,447.45,-203.54,-0.002,-24.72,-17.52,-0.04,0.0284,-2.1983,12.09,-98874.67,7.52,91.26,-6.763,-0,-1.0001,154.99,157.1,154.5,24.97,Cornering,"Hoosier 43075 16x7.5-10 R20, 7 inch rim",3571
78.7,323.28,-4.9,447.74,-204.98,0.007,-25.07,-17.43,-0.04,0.0239,-2.1843,12.06,-98907.2,7.52,91.23,-6.715,-0,-1.0001,154.73,157.04,154.32,24.97,Cornering,"Hoosier 43075 16x7.5-10 R20, 7 inch rim",3572
78.68,323.29,-3.96,446.95,-205.82,0.012,-24.51,-18.05,0.16,0.0193,-2.1716,12,25605.49,7.52,91.25,-6.67,-0,-0.9997,154.56,156.99,154.1,24.98,Cornering,"Hoosier 43075 16x7.5-10 R20, 7 inch rim",3573
78.66,323.3,-3.27,444.64,-205.65,0.007,-24.03,-19.36,0.09,0.0159,-2.1621,11.93,44148.91,7.52,91.26,-6.639,-0,-0.9998,154.43,156.93,154,25,Cornering,"Hoosier 43075 16x7.5-10 R20, 7 inch rim",3574
78.68,323.31,-2.05,441.88,-203.78,0.003,-24.09,-19.82,0.03,0.01,-2.1684,11.91,159370.7,7.52,91.29,-6.594,-0,-1,154.37,156.86,153.9,25.01,Cornering,"Hoosier 43075 16x7.5-10 R20, 7 inch rim",3575
78.7,323.32,-1.67,439.24,-202.02,0.013,-23.71,-20.39,0.09,0.0083,-2.1742,11.93,44146.29,7.52,91.29,-6.55,-0,-0.9998,154.26,156.8,153.82,25,Cornering,"Hoosier 43075 16x7.5-10 R20, 7 inch rim",3576
78.67,323.33,-2.32,437.4,-201.05,0.007,-22.69,-21.03,0.09,0.0115,-2.1756,12.04,44130.18,7.52,91.29,-6.498,-0,-0.9998,154.09,156.8,153.84,24.98,Cornering,"Hoosier 43075 16x7.5-10 R20, 7 inch rim",3577
78.67,323.34,-3.72,436.97,-200.27,-0.003,-21.82,-21.65,-0.04,0.0186,-2.1819,12.14,-99070.92,7.53,91.34,-6.46,-0,-1.0001,154.15,156.86,153.92,25,Cornering,"Hoosier 43075 16x7.5-10 R20, 7 inch rim",3578
78.7,323.35,-5.82,436.31,-200.44,0.012,-22.21,-22.22,-0.04,0.029,-2.1768,12.19,-99102.22,7.53,91.38,-6.415,-0,-1.0001,154.22,156.8,153.96,25.01,Cornering,"Hoosier 43075 16x7.5-10 R20, 7 inch rim",3579
78.69,323.36,-7.02,436.15,-200.44,0.01,-23.28,-22.27,0.09,0.035,-2.176,12.17,44221.68,7.52,91.45,-6.384,-0,-0.9998,154.11,156.8,154,25.03,Cornering,"Hoosier 43075 16x7.5-10 R20, 7 inch rim",3580
78.66,323.37,-7.72,435.98,-201.38,0.01,-24.16,-22,0.03,0.0384,-2.165,12.09,159597.52,7.53,91.49,-6.334,-0,-1,153.96,156.73,153.92,25.03,Cornering,"Hoosier 43075 16x7.5-10 R20, 7 inch rim",3581
78.68,323.38,-7.73,435.8,-203.25,0.013,-24.93,-22.01,-0.11,0.038,-2.1441,12,-37854.19,7.53,91.52,-6.295,-0,-1.0002,153.68,156.64,153.78,25.04,Cornering,"Hoosier 43075 16x7.5-10 R20, 7 inch rim",3582
78.71,323.39,-7.9,435.48,-205.71,0.012,-24.76,-23.32,0.09,0.0384,-2.117,11.97,44201.64,7.53,91.54,-6.253,-0,-0.9998,153.4,156.55,153.6,25.01,Cornering,"Hoosier 43075 16x7.5-10 R20, 7 inch rim",3583
78.67,323.4,-7.21,434.86,-207.19,0.004,-24.53,-24.47,0.03,0.0348,-2.0989,11.98,159485.44,7.53,91.58,-6.212,-0,-1,153.19,156.44,153.43,25.01,Cornering,"Hoosier 43075 16x7.5-10 R20, 7 inch rim",3584
78.67,323.41,-6.15,433,-206.49,0.01,-25.11,-25.36,0.03,0.0298,-2.097,12.04,159460.09,7.53,91.62,-6.172,-0,-1,153.04,156.33,153.21,25,Cornering,"Hoosier 43075 16x7.5-10 R20, 7 inch rim",3585
78.71,323.42,-4.62,431.16,-205.71,0.01,-23.45,-25.53,-0.04,0.0225,-2.096,12.15,-99131.27,7.53,91.62,-6.13,-0,-1.0001,152.93,156.31,153.13,25,Cornering,"Hoosier 43075 16x7.5-10 R20, 7 inch rim",3586
78.71,323.43,-4.19,428.39,-203.32,0.007,-23.19,-26.03,0.09,0.0206,-2.107,12.19,44204.02,7.53,91.56,-6.096,-0,-0.9998,152.89,156.27,153.05,25.01,Cornering,"Hoosier 43075 16x7.5-10 R20, 7 inch rim",3587
78.67,323.44,-3.87,426.38,-201.85,0.013,-22.34,-25.58,0.03,0.0192,-2.1123,12.17,159609.06,7.53,91.56,-6.039,-0,-1,152.76,156.25,153.07,25.02,Cornering,"Hoosier 43075 16x7.5-10 R20, 7 inch rim",3588
78.68,323.45,-4.68,424.86,-200.65,-0.003,-22.28,-25.25,-0.11,0.0233,-2.1174,12.09,-37846.5,7.53,91.52,-6.023,-0,-1.0002,152.8,156.22,153.13,25.02,Cornering,"Hoosier 43075 16x7.5-10 R20, 7 inch rim",3589
78.71,323.46,-5.69,424.23,-200,0.001,-22.9,-24.59,0.03,0.0285,-2.1211,12.02,159550,7.53,91.5,-5.986,-0,-1,152.95,156.2,153.13,25.01,Cornering,"Hoosier 43075 16x7.5-10 R20, 7 inch rim",3590
78.69,323.47,-6.81,423.91,-200.75,0.006,-22.58,-23.95,-0.04,0.0339,-2.1116,11.98,-99210.41,7.53,91.47,-5.941,-0,-1.0001,152.93,156.18,153.21,25.01,Cornering,"Hoosier 43075 16x7.5-10 R20, 7 inch rim",3591
78.67,323.48,-7.33,423.56,-201.31,0.013,-23.99,-23.31,-0.04,0.0364,-2.104,12.01,-99104.32,7.53,91.48,-5.89,-0,-1.0001,152.8,156.09,153.15,24.98,Cornering,"Hoosier 43075 16x7.5-10 R20, 7 inch rim",3592
78.7,323.49,-7.81,422.93,-203.93,0.009,-23.92,-23.43,-0.04,0.0383,-2.0739,12.06,-99132.67,7.53,91.53,-5.858,-0,-1.0001,152.54,156.07,152.97,24.99,Cornering,"Hoosier 43075 16x7.5-10 R20, 7 inch rim",3593
78.7,323.5,-7.4,422.92,-205.84,0.004,-24.32,-23.8,-0.04,0.0359,-2.0546,12.14,-99093.97,7.53,91.57,-5.815,-0,-1.0001,152.35,155.94,152.75,24.98,Cornering,"Hoosier 43075 16x7.5-10 R20, 7 inch rim",3594
78.67,323.51,-6.59,422.31,-207.33,-0.002,-24.29,-24.39,0.03,0.0318,-2.0369,12.17,159386.25,7.53,91.6,-5.774,-0,-1,152.13,155.87,152.52,24.97,Cornering,"Hoosier 43075 16x7.5-10 R20, 7 inch rim",3595
78.68,323.52,-4.74,420.91,-207.18,-0.003,-24.66,-24.43,0.03,0.0229,-2.0317,12.13,159356.17,7.54,91.61,-5.748,-0,-1,152.01,155.78,152.34,24.97,Cornering,"Hoosier 43075 16x7.5-10 R20, 7 inch rim",3596
78.71,323.53,-3.03,418.45,-206.44,-0.002,-23.86,-24.24,-0.04,0.0147,-2.027,12.05,-99087.72,7.54,91.6,-5.715,-0,-1.0001,152.01,155.78,152.2,24.97,Cornering,"Hoosier 43075 16x7.5-10 R20, 7 inch rim",3597
78.69,323.54,-1.57,415.99,-204.58,-0.006,-22.99,-23.91,0.09,0.0077,-2.0334,11.93,44185.25,7.54,91.61,-5.669,-0,-0.9998,151.92,155.74,152.16,24.98,Cornering,"Hoosier 43075 16x7.5-10 R20, 7 inch rim",3598
78.67,323.55,-0.97,413.68,-202.72,-0.002,-22.36,-23.4,0.03,0.0048,-2.0406,11.89,159536.05,7.54,91.61,-5.628,-0,-1,151.81,155.65,152.1,24.99,Cornering,"Hoosier 43075 16x7.5-10 R20, 7 inch rim",3599
78.7,323.56,-1.64,412.26,-201.54,0.013,-21.85,-23.34,-0.04,0.0081,-2.0456,11.88,-99156.66,7.54,91.61,-5.575,-0,-1.0001,151.79,155.61,152.1,24.98,Cornering,"Hoosier 43075 16x7.5-10 R20, 7 inch rim",3600
78.71,323.57,-3.23,411.49,-200.85,0.012,-22.2,-23.65,-0.04,0.0161,-2.0487,11.93,-99092.02,7.54,91.62,-5.548,-0,-1.0001,151.77,155.65,152.14,24.97,Cornering,"Hoosier 43075 16x7.5-10 R20, 7 inch rim",3601
78.68,323.58,-4.8,411.02,-201.12,0.013,-22.31,-23.75,-0.04,0.0239,-2.0437,12.02,-99075.88,7.54,91.62,-5.505,-0,-1.0001,151.81,155.56,152.2,24.96,Cornering,"Hoosier 43075 16x7.5-10 R20, 7 inch rim",3602
78.68,323.59,-5.97,410.56,-201.34,0.003,-23.3,-23.93,-0.11,0.0296,-2.0391,12.05,-37803.38,7.54,91.59,-5.459,-0,-1.0002,151.71,155.52,152.2,24.97,Cornering,"Hoosier 43075 16x7.5-10 R20, 7 inch rim",3603
78.71,323.6,-7.01,410.54,-203.21,0.006,-23.09,-24.45,-0.04,0.0345,-2.0203,12.03,-99181.7,7.54,91.57,-5.417,-0,-1.0001,151.53,155.41,152.1,24.98,Cornering,"Hoosier 43075 16x7.5-10 R20, 7 inch rim",3604
78.7,323.61,-7.19,410.54,-205.2,-0,-22.97,-25.16,-0.04,0.035,-2.0007,11.97,-99255.87,7.54,91.56,-5.384,-0,-1.0001,151.34,155.3,151.96,25,Cornering,"Hoosier 43075 16x7.5-10 R20, 7 inch rim",3605
78.67,323.62,-6.96,409.6,-206.66,-0.002,-23.25,-26.37,0.03,0.0337,-1.982,11.89,159572.5,7.54,91.53,-5.34,-0,-1,151.15,155.21,151.78,24.98,Cornering,"Hoosier 43075 16x7.5-10 R20, 7 inch rim",3606
78.7,323.63,-5.61,407.72,-207.13,0.007,-23.99,-26.68,-0.04,0.0271,-1.9684,11.85,-99153.41,7.54,91.53,-5.303,-0,-1.0001,151.04,155.12,151.59,24.97,Cornering,"Hoosier 43075 16x7.5-10 R20, 7 inch rim",3607
78.71,323.64,-4.21,405.41,-206.71,0.003,-23.19,-27.1,0.09,0.0203,-1.9613,11.88,44162.41,7.54,91.56,-5.265,-0,-0.9998,150.89,155.08,151.41,24.95,Cornering,"Hoosier 43075 16x7.5-10 R20, 7 inch rim",3608
78.68,323.65,-3.33,402.63,-204.65,0.007,-23.02,-27.38,0.09,0.0163,-1.9674,11.95,44175.57,7.54,91.57,-5.223,-0,-0.9998,150.8,155.08,151.31,24.96,Cornering,"Hoosier 43075 16x7.5-10 R20, 7 inch rim",3609
78.68,323.66,-3.03,400,-203.04,0.012,-22.12,-27.46,-0.04,0.0149,-1.9701,12.06,-99172.04,7.54,91.61,-5.18,-0,-1.0001,150.72,154.95,151.27,24.97,Cornering,"Hoosier 43075 16x7.5-10 R20, 7 inch rim",3610
78.71,323.67,-3.38,398.16,-201.34,0.009,-21.51,-27.18,-0.04,0.0168,-1.9776,12.13,-99247.48,7.54,91.65,-5.137,-0,-1.0001,150.63,154.95,151.25,24.99,Cornering,"Hoosier 43075 16x7.5-10 R20, 7 inch rim",3611
78.7,323.68,-4.44,397.09,-200.44,0.006,-21.17,-26.96,0.03,0.0222,-1.9811,12.12,159777.58,7.54,91.69,-5.105,-0,-1,150.63,154.99,151.31,25.01,Cornering,"Hoosier 43075 16x7.5-10 R20, 7 inch rim",3612
78.67,323.69,-5.73,396.3,-200.42,0.009,-21.21,-26.68,-0.04,0.0286,-1.9774,12.08,-99374.38,7.55,91.68,-5.056,-0,-1.0001,150.7,154.9,151.35,25.02,Cornering,"Hoosier 43075 16x7.5-10 R20, 7 inch rim",3613
78.69,323.7,-6.72,396.15,-201.1,0.001,-21.58,-26.49,-0.04,0.0334,-1.9699,12,-99401.57,7.55,91.68,-5.028,-0,-1.0001,150.61,154.88,151.35,25.03,Cornering,"Hoosier 43075 16x7.5-10 R20, 7 inch rim",3614
78.71,323.71,-7.16,395.97,-202.76,0.006,-21.54,-26.36,0.03,0.0353,-1.9529,11.99,159841.44,7.55,91.61,-4.991,-0,-1,150.48,154.79,151.33,25.01,Cornering,"Hoosier 43075 16x7.5-10 R20, 7 inch rim",3615
78.68,323.72,-7.2,395.5,-204.83,0.001,-22.33,-26.61,0.03,0.0351,-1.9309,12.03,159741.86,7.55,91.57,-4.94,-0,-1,150.29,154.68,151.17,25,Cornering,"Hoosier 43075 16x7.5-10 R20, 7 inch rim",3616
78.68,323.73,-6.87,394.69,-207.07,0.007,-22.82,-27.26,0.03,0.0332,-1.9061,12.11,159676.27,7.55,91.55,-4.903,-0,-1,150.12,154.59,150.97,24.98,Cornering,"Hoosier 43075 16x7.5-10 R20, 7 inch rim",3617
78.71,323.74,-5.49,393.45,-208.24,0.004,-22.92,-27.72,0.16,0.0263,-1.8894,12.19,25677.54,7.55,91.54,-4.867,-0,-0.9997,150.03,154.53,150.77,24.98,Cornering,"Hoosier 43075 16x7.5-10 R20, 7 inch rim",3618
78.71,323.75,-3.56,391.29,-207.97,0.004,-22.81,-27.61,0.16,0.0171,-1.8815,12.24,25678.88,7.55,91.54,-4.83,-0,-0.9997,149.86,154.37,150.56,24.98,Cornering,"Hoosier 43075 16x7.5-10 R20, 7 inch rim",3619
78.67,323.76,-2.74,388.66,-206.59,0.007,-21.97,-28.32,0.03,0.0133,-1.8813,12.22,159587.94,7.55,91.57,-4.802,-0,-1,149.75,154.35,150.4,24.97,Cornering,"Hoosier 43075 16x7.5-10 R20, 7 inch rim",3620
78.68,323.77,-1.64,386.36,-203.79,0.006,-22.07,-27.85,0.09,0.008,-1.8958,12.14,44237.11,7.55,91.57,-4.741,-0,-0.9998,149.6,154.22,150.3,24.97,Cornering,"Hoosier 43075 16x7.5-10 R20, 7 inch rim",3621
78.71,323.78,-1.89,384.35,-202.03,0.007,-21.55,-27.84,-0.04,0.0093,-1.9024,12.04,-99216.02,7.55,91.55,-4.709,-0,-1.0001,149.45,154.11,150.24,24.97,Cornering,"Hoosier 43075 16x7.5-10 R20, 7 inch rim",3622
78.68,323.79,-2.9,382.82,-200.81,0.004,-21.11,-27.71,0.03,0.0145,-1.9064,12.02,159504.66,7.55,91.55,-4.674,-0,-1,149.5,154.11,150.24,24.95,Cornering,"Hoosier 43075 16x7.5-10 R20, 7 inch rim",3623
78.68,323.8,-4.1,382.19,-200.24,0.01,-21.27,-27.39,-0.11,0.0205,-1.9087,12.04,-37814.74,7.55,91.57,-4.618,-0,-1.0002,149.5,154.11,150.26,24.94,Cornering,"Hoosier 43075 16x7.5-10 R20, 7 inch rim",3624
78.71,323.81,-5.7,381.41,-200.96,0.006,-20.84,-27.41,0.03,0.0284,-1.8979,12.09,159448.28,7.55,91.6,-4.591,-0,-1,149.54,154.11,150.24,24.94,Cornering,"Hoosier 43075 16x7.5-10 R20, 7 inch rim",3625
78.71,323.82,-7.02,380.49,-202.33,-0.006,-21.32,-27.73,0.03,0.0347,-1.8806,12.17,159421.45,7.55,91.59,-4.542,-0,-1,149.41,153.98,150.22,24.93,Cornering,"Hoosier 43075 16x7.5-10 R20, 7 inch rim",3626
78.67,323.83,-7.45,379.36,-204.58,0.007,-21.76,-27.86,0.03,0.0364,-1.8543,12.19,159540.97,7.55,91.59,-4.502,-0,-1,149.24,153.85,150.12,24.95,Cornering,"Hoosier 43075 16x7.5-10 R20, 7 inch rim",3627
78.68,323.84,-7.43,378.42,-206.7,0.003,-22.28,-28.52,-0.04,0.036,-1.8308,12.17,-99248.75,7.55,91.59,-4.459,-0,-1.0001,149.17,153.74,149.94,24.97,Cornering,"Hoosier 43075 16x7.5-10 R20, 7 inch rim",3628
78.71,323.85,-6.8,376.68,-208.14,0.012,-22.84,-29.39,-0.04,0.0327,-1.8097,12.09,-99368.32,7.55,91.57,-4.425,-0,-1.0001,149.02,153.67,149.76,25,Cornering,"Hoosier 43075 16x7.5-10 R20, 7 inch rim",3629
78.69,323.86,-5.64,374.53,-208.43,0.003,-22.27,-30.32,0.16,0.0271,-1.7969,11.99,25700.26,7.56,91.56,-4.379,-0,-0.9997,148.94,153.58,149.57,24.98,Cornering,"Hoosier 43075 16x7.5-10 R20, 7 inch rim",3630
78.67,323.87,-3.9,372.22,-207.06,0.004,-21.86,-30.23,-0.04,0.0188,-1.7977,11.93,-99401.07,7.56,91.54,-4.348,-0,-1.0001,148.81,153.54,149.41,25,Cornering,"Hoosier 43075 16x7.5-10 R20, 7 inch rim",3631
78.7,323.88,-2.96,369.14,-205.52,0.007,-20.81,-30.38,0.03,0.0144,-1.7961,11.93,159840.19,7.55,91.52,-4.306,-0,-1,148.64,153.49,149.27,24.99,Cornering,"Hoosier 43075 16x7.5-10 R20, 7 inch rim",3632
78.71,323.89,-2.83,367.14,-202.86,0.006,-20.46,-30.31,0.03,0.0139,-1.8098,11.97,159773.66,7.56,91.51,-4.267,-0,-1,148.44,153.43,149.25,24.98,Cornering,"Hoosier 43075 16x7.5-10 R20, 7 inch rim",3633
78.68,323.9,-3.13,365.44,-201.02,0.012,-20.3,-29.58,0.09,0.0156,-1.8179,12.04,44307.77,7.56,91.46,-4.225,-0,-0.9998,148.38,153.38,149.19,25,Cornering,"Hoosier 43075 16x7.5-10 R20, 7 inch rim",3634
78.69,323.91,-4.38,364.04,-200.38,0.013,-19.95,-29.06,-0.04,0.0219,-1.8167,12.06,-99421.65,7.56,91.41,-4.179,-0,-1.0001,148.38,153.45,149.19,25,Cornering,"Hoosier 43075 16x7.5-10 R20, 7 inch rim",3635
78.72,323.92,-6.01,362.96,-200.87,0.009,-19.68,-28.98,0.16,0.0299,-1.8069,12.03,25743.52,7.56,91.37,-4.141,-0,-0.9997,148.42,153.43,149.21,25.02,Cornering,"Hoosier 43075 16x7.5-10 R20, 7 inch rim",3636
78.7,323.93,-7.11,361.24,-201.72,0.004,-20.68,-28.68,-0.04,0.0352,-1.7909,11.97,-99499.77,7.56,91.36,-4.103,-0,-1.0001,148.36,153.23,149.17,25.02,Cornering,"Hoosier 43075 16x7.5-10 R20, 7 inch rim",3637
78.67,323.94,-7.04,359.67,-203.93,0.007,-20.97,-28.23,0.09,0.0345,-1.7637,11.89,44336.7,7.56,91.35,-4.066,-0,-0.9998,148.25,153.05,149.11,25.01,Cornering,"Hoosier 43075 16x7.5-10 R20, 7 inch rim",3638
78.7,323.95,-7.05,357.95,-206.24,0.001,-21.37,-28.77,-0.04,0.0342,-1.7356,11.84,-99393.62,7.56,91.33,-4.024,-0,-1.0001,148.06,152.94,148.97,24.99,Cornering,"Hoosier 43075 16x7.5-10 R20, 7 inch rim",3639
78.71,323.96,-6.39,355.76,-208.57,0.001,-21.64,-29.46,-0.04,0.0306,-1.7057,11.86,-99306.3,7.56,91.34,-3.981,-0,-1.0001,147.95,152.79,148.77,24.97,Cornering,"Hoosier 43075 16x7.5-10 R20, 7 inch rim",3640
78.68,323.97,-5.21,353.9,-209.05,0.006,-21.36,-30.13,0.09,0.0249,-1.6929,11.93,44250.32,7.56,91.31,-3.945,-0,-0.9998,147.89,152.66,148.6,24.96,Cornering,"Hoosier 43075 16x7.5-10 R20, 7 inch rim",3641
78.69,323.98,-4.05,351.42,-207.85,0.013,-21.22,-30.66,-0.18,0.0195,-1.6907,12.02,-23389.17,7.56,91.29,-3.902,-0,-1.0003,147.74,152.57,148.48,24.95,Cornering,"Hoosier 43075 16x7.5-10 R20, 7 inch rim",3642
78.71,323.99,-2.59,348.98,-205.71,0.001,-20.54,-30.36,0.09,0.0126,-1.6965,12.08,44233.44,7.56,91.27,-3.871,-0,-0.9998,147.61,152.46,148.36,24.94,Cornering,"Hoosier 43075 16x7.5-10 R20, 7 inch rim",3643
78.7,324,-2.3,346.52,-203.55,0.003,-19.53,-30.13,-0.04,0.0113,-1.7024,12.07,-99276.23,7.56,91.24,-3.837,-0,-1.0001,147.44,152.31,148.28,24.96,Cornering,"Hoosier 43075 16x7.5-10 R20, 7 inch rim",3644
78.67,324.01,-2.72,344.98,-201.27,0.004,-18.89,-29.64,0.03,0.0135,-1.714,12,159641.22,7.56,91.21,-3.778,-0,-1,147.35,152.24,148.24,24.94,Cornering,"Hoosier 43075 16x7.5-10 R20, 7 inch rim",3645
78.7,324.02,-4.08,342.82,-200.57,-0.002,-18.7,-29.38,0.09,0.0204,-1.7093,11.94,44218.73,7.57,91.21,-3.749,-0,-0.9998,147.31,152.22,148.24,24.93,Cornering,"Hoosier 43075 16x7.5-10 R20, 7 inch rim",3646
78.71,324.03,-5.83,340.93,-200.2,0.01,-19.45,-29.14,0.03,0.0291,-1.703,11.92,159653.16,7.57,91.22,-3.708,-0,-1,147.26,152.24,148.22,24.94,Cornering,"Hoosier 43075 16x7.5-10 R20, 7 inch rim",3647
78.69,324.04,-7.37,339.21,-201.41,0.01,-19.76,-29.01,-0.04,0.0366,-1.6842,11.96,-99271.55,7.57,91.22,-3.663,-0,-1.0001,147.31,152.24,148.2,24.95,Cornering,"Hoosier 43075 16x7.5-10 R20, 7 inch rim",3648
78.68,324.05,-7.95,336.87,-203.38,0.007,-20.38,-28.7,0.03,0.0391,-1.6563,12.04,159779.7,7.57,91.24,-3.616,-0,-1,147.22,152.17,148.08,24.96,Cornering,"Hoosier 43075 16x7.5-10 R20, 7 inch rim",3649
78.71,324.06,-8.21,334.99,-205.6,0.006,-20.76,-29.07,-0.04,0.04,-1.6293,12.14,-99394.62,7.57,91.26,-3.587,-0,-1.0001,147.18,152.11,148,24.98,Cornering,"Hoosier 43075 16x7.5-10 R20, 7 inch rim",3650
78.71,324.07,-7.74,332.79,-207.72,0.01,-21.16,-29.47,-0.04,0.0373,-1.6021,12.18,-99491.92,7.57,91.28,-3.537,-0,-1.0001,147.05,152.02,147.84,25,Cornering,"Hoosier 43075 16x7.5-10 R20, 7 inch rim",3651
78.67,324.08,-6.91,330.62,-208.92,0.01,-20.72,-30.33,-0.04,0.0331,-1.5825,12.16,-99564.96,7.57,91.28,-3.499,-0,-1.0001,146.98,151.91,147.63,25.02,Cornering,"Hoosier 43075 16x7.5-10 R20, 7 inch rim",3652
78.69,324.09,-5.53,328,-208.37,0.006,-20.55,-30.97,-0.04,0.0265,-1.5741,12.08,-99637.39,7.57,91.27,-3.466,-0,-1.0001,146.88,151.84,147.51,25.04,Cornering,"Hoosier 43075 16x7.5-10 R20, 7 inch rim",3653
78.71,324.1,-3.61,325.37,-206.93,0.012,-19.55,-30.19,-0.04,0.0174,-1.5724,12,-99687.7,7.57,91.28,-3.423,-0,-1.0001,146.75,151.8,147.35,25.05,Cornering,"Hoosier 43075 16x7.5-10 R20, 7 inch rim",3654
78.69,324.11,-2.71,322.59,-204.4,0.017,-19.05,-29.92,0.03,0.0133,-1.5782,11.97,160299.78,7.57,91.29,-3.378,-0,-1,146.6,151.71,147.25,25.04,Cornering,"Hoosier 43075 16x7.5-10 R20, 7 inch rim",3655
78.67,324.12,-2.93,320.15,-202.88,0.009,-17.98,-29.42,0.03,0.0144,-1.578,11.98,160155.92,7.57,91.32,-3.348,-0,-1,146.41,151.58,147.21,25.01,Cornering,"Hoosier 43075 16x7.5-10 R20, 7 inch rim",3656
78.71,324.13,-4.05,318.15,-201.49,0.001,-17.93,-29.01,0.03,0.0201,-1.579,12.04,160124.84,7.57,91.33,-3.308,-0,-1,146.34,151.56,147.21,25.01,Cornering,"Hoosier 43075 16x7.5-10 R20, 7 inch rim",3657
78.71,324.14,-5.94,315.66,-201.06,-0,-18.57,-28.94,0.09,0.0296,-1.57,12.13,44363.48,7.57,91.35,-3.264,-0,-0.9998,146.36,151.51,147.19,25,Cornering,"Hoosier 43075 16x7.5-10 R20, 7 inch rim",3658
78.67,324.15,-6.97,313.16,-201.71,0.003,-18.98,-28.17,-0.11,0.0346,-1.5525,12.14,-37996.8,7.57,91.35,-3.232,-0,-1.0002,146.32,151.51,147.23,25.03,Cornering,"Hoosier 43075 16x7.5-10 R20, 7 inch rim",3659
78.69,324.16,-8.25,310.64,-203.53,0.013,-19.56,-28.15,0.03,0.0405,-1.5263,12.08,160365.78,7.57,91.33,-3.184,-0,-1,146.28,151.4,147.15,25.04,Cornering,"Hoosier 43075 16x7.5-10 R20, 7 inch rim",3660
78.71,324.17,-8.25,307.98,-205.91,0.014,-19.85,-28.02,0.03,0.0401,-1.4957,12,160445.73,7.57,91.3,-3.144,-0,-1,146.17,151.29,147.09,25.05,Cornering,"Hoosier 43075 16x7.5-10 R20, 7 inch rim",3661
78.69,324.18,-7.66,305.5,-209.02,0.004,-19.27,-28.24,0.03,0.0366,-1.4616,11.92,160377.53,7.58,91.31,-3.101,-0,-1,146.11,151.2,146.93,25.04,Cornering,"Hoosier 43075 16x7.5-10 R20, 7 inch rim",3662
78.67,324.19,-6.52,303.18,-210.33,-0,-19.3,-28.53,-0.04,0.031,-1.4415,11.9,-99604.81,7.58,91.33,-3.066,-0,-1.0001,146.02,151.16,146.76,25.02,Cornering,"Hoosier 43075 16x7.5-10 R20, 7 inch rim",3663
78.7,324.2,-5.42,299.92,-210.5,0.004,-19.02,-29.19,0.03,0.0258,-1.4248,11.92,160164.86,7.58,91.37,-3.028,-0,-1,145.89,151.03,146.58,25.01,Cornering,"Hoosier 43075 16x7.5-10 R20, 7 inch rim",3664
78.71,324.21,-3.86,296.67,-208.67,0.004,-19.18,-29.13,-0.11,0.0185,-1.4217,12,-37943.31,7.58,91.41,-2.987,-0,-1.0002,145.76,150.85,146.42,24.98,Cornering,"Hoosier 43075 16x7.5-10 R20, 7 inch rim",3665
78.67,324.22,-3.21,293.74,-206.54,0.012,-18.07,-29.01,-0.11,0.0155,-1.4222,12.06,-37927.19,7.58,91.46,-2.94,-0,-1.0002,145.55,150.81,146.32,24.97,Cornering,"Hoosier 43075 16x7.5-10 R20, 7 inch rim",3666
78.68,324.23,-3.05,291.27,-204.06,0.016,-17.54,-28.38,0.09,0.0149,-1.4274,12.08,44305.31,7.58,91.54,-2.903,-0,-0.9998,145.38,150.74,146.2,24.96,Cornering,"Hoosier 43075 16x7.5-10 R20, 7 inch rim",3667
