AmbientRoomTemperature,ElapsedTime,LongitudinalForce,LateralForce,NormalForce,InclinationAngle,OverturningMoment,AligningTorque,WheelRotationalSpeed,NormalizedLongitudinalForce(FX/FZ),NormalizedLateralForce(FY/FZ),TirePressure,EffectiveRadius,LoadedRadius,RoadSurfaceTemperature,SlipAngle,SlipRatioTextbook,SlipRatioBasedOnRL,TireSurfaceTemperature-Center,TireSurfaceTemperature-Inboard,TireSurfaceTemperature-Outboard,RoadSpeed,testid,tireid,Index
78.97,244.89,-7.76,-16.43,-247.55,0.01,-2.38,4.87,0.09,0.0313,0.0664,12,44352.09,7.56,91.48,0.08,-0,-0.9998,119.37,124.13,122.78,24.96,Cornering,"Hoosier 43075 16x7.5-10 R20, 7 inch rim",1
79,244.9,-8.78,-20.61,-247.08,0.007,-1.26,6.62,0.09,0.0355,0.0834,11.99,44341.66,7.56,91.48,0.106,-0,-0.9998,119.46,124.02,122.74,24.96,Cornering,"Hoosier 43075 16x7.5-10 R20, 7 inch rim",2
79,244.91,-9.88,-26.22,-248.41,0.016,-0.84,8.08,0.09,0.0398,0.1055,11.92,44351.7,7.56,91.48,0.152,-0,-0.9998,119.52,123.98,122.74,24.96,Cornering,"Hoosier 43075 16x7.5-10 R20, 7 inch rim",3
78.97,244.92,-10.94,-33.07,-250.27,0.014,-2.09,9.09,0.03,0.0437,0.1321,11.83,159939.08,7.56,91.43,0.206,-0,-1,119.61,123.82,122.8,24.94,Cornering,"Hoosier 43075 16x7.5-10 R20, 7 inch rim",4
78.99,244.93,-11.62,-40.4,-253.97,0.022,-2.49,9.36,0.03,0.0458,0.1591,11.81,159975.41,7.56,91.37,0.241,-0,-1,119.72,123.8,122.78,24.95,Cornering,"Hoosier 43075 16x7.5-10 R20, 7 inch rim",5
79.01,244.94,-11.82,-47.7,-256.26,0.009,-3.42,9.36,0.09,0.0461,0.1861,11.81,44340.55,7.56,91.34,0.279,-0,-0.9998,119.69,123.73,122.76,24.96,Cornering,"Hoosier 43075 16x7.5-10 R20, 7 inch rim",6
78.99,244.95,-10.84,-55.02,-258.1,0.019,-4.03,9.78,0.09,0.042,0.2132,11.87,44360.7,7.56,91.31,0.337,-0,-0.9998,119.67,123.65,122.76,24.97,Cornering,"Hoosier 43075 16x7.5-10 R20, 7 inch rim",7
78.97,244.96,-9.93,-61.06,-257.54,0.017,-3.91,9.52,0.03,0.0386,0.2371,11.95,160157.28,7.56,91.29,0.378,-0,-1,119.69,123.65,122.74,24.98,Cornering,"Hoosier 43075 16x7.5-10 R20, 7 inch rim",8
79,244.97,-9.21,-65.66,-255.37,0.001,-2.33,8.86,0.09,0.0361,0.2571,12.01,44401.28,7.57,91.27,0.405,-0,-0.9998,119.65,123.6,122.72,24.99,Cornering,"Hoosier 43075 16x7.5-10 R20, 7 inch rim",9
79.01,244.98,-8.47,-69.84,-251.92,0.022,-1.54,8.85,0.09,0.0336,0.2772,11.96,44421.34,7.56,91.28,0.461,-0,-0.9998,119.59,123.47,122.7,25,Cornering,"Hoosier 43075 16x7.5-10 R20, 7 inch rim",10
78.98,244.99,-8.91,-73.2,-248.66,0.003,-0.01,8.57,0.09,0.0358,0.2944,11.89,44420.81,7.57,91.23,0.513,-0,-0.9998,119.48,123.38,122.74,25,Cornering,"Hoosier 43075 16x7.5-10 R20, 7 inch rim",11
78.98,245,-9.81,-76.75,-246.71,0.013,1.46,9.13,0.09,0.0397,0.3111,11.8,44420.4,7.56,91.28,0.55,-0,-0.9998,119.39,123.32,122.72,25,Cornering,"Hoosier 43075 16x7.5-10 R20, 7 inch rim",12
79.01,245.01,-11.21,-81.87,-246.76,0.007,2,9.95,0.09,0.0454,0.3318,11.78,44419.94,7.57,91.3,0.59,-0,-0.9998,119.41,123.27,122.78,25,Cornering,"Hoosier 43075 16x7.5-10 R20, 7 inch rim",13
78.99,245.02,-12.31,-87.31,-247.34,0.01,1.66,11.38,0.16,0.0498,0.353,11.78,25775.94,7.57,91.28,0.632,-0,-0.9997,119.46,123.16,122.82,25,Cornering,"Hoosier 43075 16x7.5-10 R20, 7 inch rim",14
78.97,245.03,-14.01,-94.31,-249.11,-0.002,0.54,11.6,0.03,0.0562,0.3786,11.85,160257.17,7.57,91.29,0.673,-0,-1,119.52,123.07,122.86,25,Cornering,"Hoosier 43075 16x7.5-10 R20, 7 inch rim",15
79,245.04,-14.8,-101.64,-252.13,0.01,-0.21,12.18,0.09,0.0587,0.4031,11.93,44428.74,7.57,91.34,0.709,-0,-0.9998,119.54,123.1,122.88,25.01,Cornering,"Hoosier 43075 16x7.5-10 R20, 7 inch rim",16
79.01,245.05,-14.24,-108.65,-254.76,0.016,-0.68,13.24,0.16,0.0559,0.4265,11.99,25780.9,7.57,91.36,0.763,-0,-0.9997,119.63,123.03,122.84,25,Cornering,"Hoosier 43075 16x7.5-10 R20, 7 inch rim",17
78.98,245.06,-13.22,-115.16,-256.7,0.004,-0.16,13.8,0.09,0.0515,0.4486,11.98,44427.62,7.57,91.42,0.789,-0,-0.9998,119.63,122.94,122.76,25.01,Cornering,"Hoosier 43075 16x7.5-10 R20, 7 inch rim",18
78.98,245.07,-11.74,-120.59,-256.22,0.013,0.13,14.21,0.09,0.0458,0.4706,11.91,44416.7,7.57,91.46,0.832,-0,-0.9998,119.63,122.92,122.72,25,Cornering,"Hoosier 43075 16x7.5-10 R20, 7 inch rim",19
79.01,245.08,-9.78,-125.52,-254.21,0.006,0.76,14.67,0.09,0.0385,0.4938,11.84,44364.66,7.57,91.51,0.868,-0,-0.9998,119.56,122.9,122.66,24.97,Cornering,"Hoosier 43075 16x7.5-10 R20, 7 inch rim",20
78.99,245.09,-8.52,-129.53,-250.95,0.007,1.72,15.12,0.16,0.0339,0.5161,11.81,25731.93,7.57,91.52,0.896,-0,-0.9997,119.54,122.88,122.64,24.96,Cornering,"Hoosier 43075 16x7.5-10 R20, 7 inch rim",21
78.96,245.1,-7.77,-132.91,-247.75,0.013,2.98,15.9,0.09,0.0314,0.5365,11.84,44332.61,7.57,91.53,0.941,-0,-0.9998,119.48,122.77,122.58,24.96,Cornering,"Hoosier 43075 16x7.5-10 R20, 7 inch rim",22
79,245.11,-8.29,-136.94,-245.68,0.02,3.76,16.53,0.09,0.0337,0.5574,11.92,44331.86,7.57,91.51,0.985,-0,-0.9998,119.46,122.72,122.58,24.96,Cornering,"Hoosier 43075 16x7.5-10 R20, 7 inch rim",23
79.01,245.12,-9.51,-141.42,-245.37,0.014,4.76,17.39,0.09,0.0387,0.5764,12.01,44331.24,7.57,91.49,1.021,-0,-0.9998,119.39,122.72,122.52,24.96,Cornering,"Hoosier 43075 16x7.5-10 R20, 7 inch rim",24
78.98,245.13,-10.89,-146.86,-245.78,0.006,4.18,18.72,0.03,0.0443,0.5975,12.05,160050.34,7.57,91.48,1.051,-0,-1,119.46,122.74,122.54,24.97,Cornering,"Hoosier 43075 16x7.5-10 R20, 7 inch rim",25
78.98,245.14,-11.4,-153.08,-247.69,0.001,4.01,20.78,0.09,0.046,0.618,12.02,44360.95,7.57,91.48,1.087,-0,-0.9998,119.44,122.68,122.56,24.97,Cornering,"Hoosier 43075 16x7.5-10 R20, 7 inch rim",26
79.01,245.15,-11.46,-159.64,-250.26,0.019,3.43,22.48,0.09,0.0458,0.6379,11.95,44349.71,7.57,91.48,1.137,-0,-0.9998,119.37,122.61,122.43,24.97,Cornering,"Hoosier 43075 16x7.5-10 R20, 7 inch rim",27
79,245.16,-10.52,-166.16,-252.45,0.007,2.72,24.38,0.03,0.0417,0.6582,11.89,160004.94,7.57,91.53,1.173,-0,-1,119.35,122.63,122.41,24.96,Cornering,"Hoosier 43075 16x7.5-10 R20, 7 inch rim",28
78.98,245.17,-9.18,-171.76,-254.58,0.012,3.31,25.47,0.09,0.0361,0.6747,11.87,44348.19,7.57,91.58,1.214,-0,-0.9998,119.33,122.59,122.33,24.97,Cornering,"Hoosier 43075 16x7.5-10 R20, 7 inch rim",29
78.99,245.18,-7.24,-176.25,-254.79,0.01,4.04,26.24,0.03,0.0284,0.6917,11.91,160036.25,7.57,91.57,1.253,-0,-1,119.26,122.5,122.25,24.97,Cornering,"Hoosier 43075 16x7.5-10 R20, 7 inch rim",30
79.01,245.19,-5.13,-181.05,-252.99,0.012,3.97,26.86,0.16,0.0203,0.7156,11.97,25757.61,7.57,91.57,1.287,-0,-0.9997,119.24,122.52,122.19,24.98,Cornering,"Hoosier 43075 16x7.5-10 R20, 7 inch rim",31
78.99,245.2,-4.14,-184.43,-250.53,0.014,5.49,26.31,0.03,0.0165,0.7362,12.06,160105.31,7.57,91.6,1.322,-0,-1,119.11,122.48,122.15,24.98,Cornering,"Hoosier 43075 16x7.5-10 R20, 7 inch rim",32
78.98,245.21,-3.35,-187.97,-247.11,0.013,5.92,26.33,0.16,0.0136,0.7607,12.1,25750.62,7.57,91.6,1.368,-0,-0.9997,119.09,122.44,122.05,24.98,Cornering,"Hoosier 43075 16x7.5-10 R20, 7 inch rim",33
79,245.22,-3.77,-191.05,-244.71,0.014,6.49,26.32,-0.04,0.0154,0.7807,12.06,-99474.45,7.57,91.62,1.408,-0,-1.0001,118.99,122.39,122.05,24.97,Cornering,"Hoosier 43075 16x7.5-10 R20, 7 inch rim",34
79.01,245.23,-5.35,-195.39,-244.15,0.013,7.1,26.17,-0.04,0.0219,0.8003,11.97,-99495.02,7.57,91.6,1.456,-0,-1.0001,118.96,122.35,122.01,24.97,Cornering,"Hoosier 43075 16x7.5-10 R20, 7 inch rim",35
78.97,245.24,-7.34,-200.35,-243.74,0.007,6.39,26.33,0.09,0.0301,0.822,11.92,44321.68,7.57,91.54,1.484,-0,-0.9998,118.92,122.37,122.11,24.96,Cornering,"Hoosier 43075 16x7.5-10 R20, 7 inch rim",36
78.99,245.25,-9.12,-205.96,-245.1,0.007,5.88,26.77,0.09,0.0372,0.8403,11.87,44320.57,7.57,91.48,1.529,-0,-0.9998,118.99,122.37,122.17,24.96,Cornering,"Hoosier 43075 16x7.5-10 R20, 7 inch rim",37
79.01,245.26,-10.39,-211.88,-247.81,0.014,6.06,27.24,0.03,0.0419,0.855,11.9,159861.58,7.57,91.44,1.569,-0,-1,118.99,122.35,122.25,24.94,Cornering,"Hoosier 43075 16x7.5-10 R20, 7 inch rim",38
78.99,245.27,-10.75,-217.79,-249.74,0.007,5.42,27.62,0.09,0.043,0.8721,11.96,44349.56,7.57,91.45,1.605,-0,-0.9998,118.96,122.39,122.29,24.97,Cornering,"Hoosier 43075 16x7.5-10 R20, 7 inch rim",39
78.97,245.28,-10.16,-222.76,-251.3,0.009,5.71,27.91,0.03,0.0404,0.8864,12.05,160188.23,7.57,91.41,1.653,-0,-1,118.9,122.39,122.37,25,Cornering,"Hoosier 43075 16x7.5-10 R20, 7 inch rim",40
79,245.29,-8.77,-227.56,-252.44,0.004,7.09,27.93,0.03,0.0347,0.9014,12.07,160221.97,7.58,91.36,1.688,-0,-1,118.88,122.35,122.35,25,Cornering,"Hoosier 43075 16x7.5-10 R20, 7 inch rim",41
79.01,245.3,-6.78,-231.57,-251.03,0.001,7.72,27.98,0.03,0.027,0.9225,12.04,160292.38,7.58,91.34,1.728,-0,-1,118.88,122.35,122.41,25.01,Cornering,"Hoosier 43075 16x7.5-10 R20, 7 inch rim",42
78.98,245.31,-5.69,-235.27,-247.58,0.003,7.38,27.12,0.09,0.023,0.9503,11.96,44417.59,7.58,91.31,1.757,-0,-0.9998,118.79,122.33,122.41,25.01,Cornering,"Hoosier 43075 16x7.5-10 R20, 7 inch rim",43
78.99,245.32,-4.49,-238.35,-244.96,0.006,8.2,27.13,0.09,0.0183,0.973,11.89,44385.03,7.58,91.27,1.817,-0,-0.9998,118.73,122.37,122.43,25,Cornering,"Hoosier 43075 16x7.5-10 R20, 7 inch rim",44
79.01,245.33,-4.5,-241.43,-242.52,0.009,9.05,27.1,0.03,0.0185,0.9955,11.89,160168.36,7.57,91.25,1.853,-0,-1,118.71,122.28,122.41,25,Cornering,"Hoosier 43075 16x7.5-10 R20, 7 inch rim",45
78.99,245.34,-4.94,-245.15,-241.59,0.013,9.45,28.04,0.09,0.0204,1.0148,11.93,44382.92,7.57,91.22,1.89,-0,-0.9998,118.62,122.24,122.47,25,Cornering,"Hoosier 43075 16x7.5-10 R20, 7 inch rim",46
78.98,245.35,-5.95,-249.03,-241.85,0.01,9.36,29.14,0.09,0.0246,1.0297,12.02,44360.94,7.57,91.19,1.937,-0,-0.9998,118.62,122.19,122.52,24.98,Cornering,"Hoosier 43075 16x7.5-10 R20, 7 inch rim",47
79,245.36,-7.06,-254.01,-242.93,0.007,8.92,30.54,0.03,0.0291,1.0456,12.1,160043.61,7.58,91.19,1.978,-0,-1,118.71,122.22,122.58,24.98,Cornering,"Hoosier 43075 16x7.5-10 R20, 7 inch rim",48
79.01,245.37,-8.02,-258.84,-244.46,0.009,8.48,31.77,0.09,0.0328,1.0588,12.11,44327.75,7.57,91.19,2.013,-0,-0.9998,118.73,122.15,122.64,24.97,Cornering,"Hoosier 43075 16x7.5-10 R20, 7 inch rim",49
78.98,245.38,-8.13,-264.13,-247.27,0.003,8.75,32.62,0.03,0.0329,1.0682,12.09,159960.19,7.58,91.17,2.059,-0,-1,118.71,122.06,122.66,24.97,Cornering,"Hoosier 43075 16x7.5-10 R20, 7 inch rim",50
78.98,245.39,-7.59,-268.64,-248.52,0.006,8.35,33,0.03,0.0305,1.0809,12.02,159954.75,7.58,91.14,2.106,-0,-1,118.66,121.97,122.72,24.97,Cornering,"Hoosier 43075 16x7.5-10 R20, 7 inch rim",51
79.01,245.4,-6.18,-272.98,-249.55,0.007,9.09,33.25,0.09,0.0248,1.0939,11.94,44323.18,7.57,91.13,2.157,-0,-0.9998,118.73,121.95,122.78,24.97,Cornering,"Hoosier 43075 16x7.5-10 R20, 7 inch rim",52
79,245.41,-5.35,-276.38,-248.68,0.003,9.62,32.2,0.09,0.0215,1.1114,11.93,44301.36,7.58,91.11,2.194,-0,-0.9998,118.69,121.93,122.8,24.96,Cornering,"Hoosier 43075 16x7.5-10 R20, 7 inch rim",53
78.98,245.42,-4.23,-279.78,-245.95,0.017,9.29,31.28,0.09,0.0172,1.1376,11.99,44320.69,7.57,91.09,2.231,-0,-0.9998,118.6,121.89,122.82,24.97,Cornering,"Hoosier 43075 16x7.5-10 R20, 7 inch rim",54
78.99,245.43,-3.37,-282.39,-243.25,0.013,9.96,30.45,0.09,0.0139,1.1609,12.09,44340.09,7.57,91.09,2.265,-0,-0.9998,118.64,121.84,122.88,24.98,Cornering,"Hoosier 43075 16x7.5-10 R20, 7 inch rim",55
79.01,245.44,-3.56,-285,-240.95,0.014,10.68,29.74,0.16,0.0148,1.1828,12.16,25746.91,7.57,91.04,2.31,-0,-0.9997,118.56,121.82,122.88,24.99,Cornering,"Hoosier 43075 16x7.5-10 R20, 7 inch rim",56
78.98,245.45,-4.32,-288.24,-239.49,0.004,11.01,29.5,0.03,0.018,1.2036,12.18,160073.5,7.58,91.01,2.35,-0,-1,118.54,121.78,122.88,24.99,Cornering,"Hoosier 43075 16x7.5-10 R20, 7 inch rim",57
78.98,245.46,-5.67,-291.97,-239.85,0.01,11.67,30.15,0.16,0.0237,1.2173,12.14,25739.16,7.57,90.96,2.396,-0,-0.9997,118.64,121.82,122.88,24.98,Cornering,"Hoosier 43075 16x7.5-10 R20, 7 inch rim",58
79.01,245.47,-7.01,-296.18,-240.03,0.016,11.01,31.32,0.09,0.0292,1.2339,12.07,44334.77,7.57,90.95,2.416,-0,-0.9998,118.69,121.82,122.9,24.98,Cornering,"Hoosier 43075 16x7.5-10 R20, 7 inch rim",59
79,245.48,-8.17,-301.14,-241.81,0.003,10.71,32.24,0.03,0.0338,1.2454,12,159986.53,7.58,90.97,2.447,-0,-1,118.77,121.8,122.92,24.98,Cornering,"Hoosier 43075 16x7.5-10 R20, 7 inch rim",60
78.98,245.49,-8.87,-305.66,-243.9,0.006,10.73,33,0.03,0.0364,1.2532,11.97,160056.56,7.58,90.98,2.479,-0,-1,118.77,121.78,122.9,24.99,Cornering,"Hoosier 43075 16x7.5-10 R20, 7 inch rim",61
78.99,245.5,-7.99,-309.86,-244.76,0.001,10.47,34.16,0.16,0.0326,1.266,12,25760.37,7.58,90.97,2.52,-0,-0.9997,118.77,121.78,122.96,25.01,Cornering,"Hoosier 43075 16x7.5-10 R20, 7 inch rim",62
79.01,245.51,-6.88,-313.6,-245.51,0.016,10.79,34.7,-0.04,0.028,1.2774,12.09,-99556.8,7.57,90.99,2.562,-0,-1.0001,118.77,121.82,122.94,25.01,Cornering,"Hoosier 43075 16x7.5-10 R20, 7 inch rim",63
78.99,245.52,-4.54,-316.84,-244.66,0.014,11.34,35.44,0.16,0.0186,1.295,12.16,25764.75,7.57,91.02,2.592,-0,-0.9997,118.86,121.8,122.96,25.01,Cornering,"Hoosier 43075 16x7.5-10 R20, 7 inch rim",64
78.97,245.53,-2.04,-319.93,-242.8,0.023,11.66,36.04,0.09,0.0084,1.3177,12.19,44367.38,7.57,91.06,2.64,-0,-0.9998,118.84,121.75,123.02,25,Cornering,"Hoosier 43075 16x7.5-10 R20, 7 inch rim",65
79.01,245.54,-0.35,-321.61,-239.92,0.02,12.36,36,0.16,0.0015,1.3405,12.15,25732.63,7.57,91.05,2.691,-0,-0.9997,118.84,121.67,122.96,24.98,Cornering,"Hoosier 43075 16x7.5-10 R20, 7 inch rim",66
79.01,245.55,0.29,-323.9,-236.58,0.007,11.7,35.71,0.09,-0.0012,1.3691,12.08,44323.5,7.57,91.06,2.709,-0,-0.9998,118.79,121.62,122.96,24.98,Cornering,"Hoosier 43075 16x7.5-10 R20, 7 inch rim",67
78.97,245.56,-0.26,-325.6,-234.71,0.01,12.25,35.45,0.16,0.0011,1.3872,12.02,25713.41,7.57,91.04,2.746,-0,-0.9997,118.77,121.58,122.94,24.97,Cornering,"Hoosier 43075 16x7.5-10 R20, 7 inch rim",68
78.99,245.57,-1.46,-328.69,-234.36,0.003,12.13,35.85,0.09,0.0062,1.4025,12,44330.14,7.57,91.04,2.798,-0,-0.9998,118.77,121.49,122.98,24.98,Cornering,"Hoosier 43075 16x7.5-10 R20, 7 inch rim",69
79.01,245.58,-2.95,-331.95,-235.61,0.007,13.61,36.56,0.09,0.0125,1.4089,12.03,44317.94,7.57,91.03,2.844,-0,-0.9998,118.79,121.49,123.02,24.98,Cornering,"Hoosier 43075 16x7.5-10 R20, 7 inch rim",70
78.99,245.59,-3.85,-335.85,-236.86,0.012,13.61,37.92,0.03,0.0163,1.4179,12.11,159848.5,7.57,91.03,2.891,-0,-1,118.86,121.49,123,24.97,Cornering,"Hoosier 43075 16x7.5-10 R20, 7 inch rim",71
78.98,245.6,-4.73,-340.21,-238.5,0.01,13.17,38.31,0.09,0.0198,1.4265,12.2,44293.82,7.57,91,2.927,-0,-0.9998,118.96,121.49,123.02,24.97,Cornering,"Hoosier 43075 16x7.5-10 R20, 7 inch rim",72
79,245.61,-5.28,-344.1,-240.4,0.013,13.98,38.04,0.09,0.022,1.4314,12.22,44281.67,7.57,90.97,2.97,-0,-0.9998,118.96,121.47,123.06,24.96,Cornering,"Hoosier 43075 16x7.5-10 R20, 7 inch rim",73
79.01,245.62,-5.43,-347.97,-241.38,0.006,14.3,36.87,0.03,0.0225,1.4416,12.17,159827.95,7.57,90.94,3.021,-0,-1,118.96,121.56,123.1,24.97,Cornering,"Hoosier 43075 16x7.5-10 R20, 7 inch rim",74
78.98,245.63,-4.93,-351.84,-241.83,0.007,14.75,35.35,-0.04,0.0204,1.4549,12.09,-99417.23,7.57,90.94,3.066,-0,-1.0001,118.99,121.49,123.12,24.98,Cornering,"Hoosier 43075 16x7.5-10 R20, 7 inch rim",75
78.98,245.64,-3.75,-354.93,-240.68,0.012,15.35,34.19,0.09,0.0156,1.4747,12.01,44296.34,7.57,90.92,3.102,-0,-0.9998,119.01,121.49,123.14,24.97,Cornering,"Hoosier 43075 16x7.5-10 R20, 7 inch rim",76
79.01,245.65,-2.86,-357.39,-238.4,0.009,15.3,32.94,0.03,0.012,1.4991,12.01,159769.47,7.57,90.94,3.152,-0,-1,118.94,121.47,123.14,24.96,Cornering,"Hoosier 43075 16x7.5-10 R20, 7 inch rim",77
79,245.66,-2.45,-359.39,-235.34,0.01,14.98,31.92,0.03,0.0104,1.5271,12.04,159801.77,7.57,91,3.18,-0,-1,118.9,121.44,123.18,24.97,Cornering,"Hoosier 43075 16x7.5-10 R20, 7 inch rim",78
78.97,245.67,-2.54,-361.87,-233.11,0.009,13.75,31.72,0.16,0.0109,1.5523,12.12,25694.81,7.57,91.06,3.239,-0,-0.9997,118.81,121.38,123.2,24.96,Cornering,"Hoosier 43075 16x7.5-10 R20, 7 inch rim",79
79,245.68,-3.58,-363.87,-231.67,0.004,13.62,31.96,0.09,0.0155,1.5706,12.2,44309.12,7.56,91.1,3.268,-0,-0.9998,118.81,121.36,123.28,24.98,Cornering,"Hoosier 43075 16x7.5-10 R20, 7 inch rim",80
79.01,245.69,-5.01,-366.84,-232.16,0.012,13.74,32.78,0.09,0.0216,1.5801,12.19,44317.05,7.56,91.15,3.316,-0,-0.9998,118.81,121.38,123.36,24.99,Cornering,"Hoosier 43075 16x7.5-10 R20, 7 inch rim",81
78.98,245.7,-6.67,-370.25,-233.07,0.004,13.7,33.62,0.09,0.0286,1.5886,12.17,44294.89,7.56,91.18,3.349,-0,-0.9998,118.92,121.4,123.46,24.98,Cornering,"Hoosier 43075 16x7.5-10 R20, 7 inch rim",82
78.98,245.71,-7.57,-373.68,-235.68,0.009,15.17,34.65,0.16,0.0321,1.5855,12.1,25684.86,7.56,91.22,3.381,-0,-0.9997,118.96,121.4,123.51,24.96,Cornering,"Hoosier 43075 16x7.5-10 R20, 7 inch rim",83
79.01,245.72,-7.7,-378.2,-238.3,0.016,15.73,35.54,0.09,0.0323,1.5871,12.03,44208.7,7.56,91.28,3.429,-0,-0.9998,119.11,121.42,123.57,24.93,Cornering,"Hoosier 43075 16x7.5-10 R20, 7 inch rim",84
79,245.73,-7.27,-382.55,-240.97,0.01,16.7,35.66,0.09,0.0302,1.5875,12.02,44227.66,7.56,91.3,3.461,-0,-0.9998,119.09,121.42,123.61,24.94,Cornering,"Hoosier 43075 16x7.5-10 R20, 7 inch rim",85
78.98,245.74,-6.1,-386.91,-242.03,0.019,16.71,35.45,0.16,0.0252,1.5986,12.07,25693.11,7.55,91.34,3.507,-0,-0.9997,119.07,121.44,123.69,24.97,Cornering,"Hoosier 43075 16x7.5-10 R20, 7 inch rim",86
79,245.75,-4.32,-390.16,-241.93,0.022,16.86,35.45,0.09,0.0179,1.6127,12.15,44295.8,7.55,91.32,3.535,-0,-0.9998,119.07,121.49,123.69,24.98,Cornering,"Hoosier 43075 16x7.5-10 R20, 7 inch rim",87
79.01,245.76,-2.78,-393.25,-239.47,0.012,15.08,34.93,0.03,0.0116,1.6421,12.21,159990.36,7.55,91.29,3.578,-0,-1,119.03,121.51,123.73,25.01,Cornering,"Hoosier 43075 16x7.5-10 R20, 7 inch rim",88
78.98,245.77,-1.27,-394.64,-236.02,0.014,13.71,35.08,0.16,0.0054,1.672,12.21,25749.48,7.55,91.25,3.616,-0,-0.9997,118.94,121.47,123.75,25.03,Cornering,"Hoosier 43075 16x7.5-10 R20, 7 inch rim",89
78.98,245.78,-0.31,-395.69,-233.19,0.003,12.81,35.57,0.09,0.0013,1.6969,12.17,44310.66,7.55,91.2,3.644,-0,-0.9998,118.86,121.44,123.71,25,Cornering,"Hoosier 43075 16x7.5-10 R20, 7 inch rim",90
79,245.79,-0.5,-396.64,-231.85,0.02,13.06,36.57,0.09,0.0022,1.7108,12.11,44277.32,7.55,91.18,3.691,-0,-0.9998,118.92,121.42,123.71,24.98,Cornering,"Hoosier 43075 16x7.5-10 R20, 7 inch rim",91
79,245.8,-1.64,-397.71,-232.32,0.013,14.69,37.6,0.16,0.0071,1.7119,12.06,25704.27,7.55,91.16,3.727,-0,-0.9997,118.92,121.49,123.67,24.98,Cornering,"Hoosier 43075 16x7.5-10 R20, 7 inch rim",92
78.97,245.81,-2.72,-399.87,-233.57,0.001,15.87,39.05,0.09,0.0116,1.712,12.08,44252.66,7.55,91.14,3.767,-0,-0.9998,119.07,121.53,123.73,24.97,Cornering,"Hoosier 43075 16x7.5-10 R20, 7 inch rim",93
78.99,245.82,-3.85,-403,-236,0.01,16.85,40.15,-0.04,0.0163,1.7076,12.13,-99219.35,7.55,91.14,3.8,-0,-1.0001,119.14,121.58,123.75,24.96,Cornering,"Hoosier 43075 16x7.5-10 R20, 7 inch rim",94
79,245.83,-4.26,-407.21,-238.98,0.012,17.62,40.96,0.09,0.0178,1.7039,12.22,44207.31,7.55,91.13,3.845,-0,-0.9998,119.2,121.56,123.75,24.94,Cornering,"Hoosier 43075 16x7.5-10 R20, 7 inch rim",95
78.98,245.84,-3.71,-412.03,-242.35,0.009,18.61,41.32,0.09,0.0153,1.7001,12.24,44174.5,7.55,91.11,3.88,-0,-0.9998,119.24,121.67,123.77,24.93,Cornering,"Hoosier 43075 16x7.5-10 R20, 7 inch rim",96
78.97,245.85,-2.74,-416.7,-243.8,0.012,18.17,41.06,0.09,0.0112,1.7091,12.19,44171.83,7.54,91.14,3.928,-0,-0.9998,119.24,121.73,123.75,24.93,Cornering,"Hoosier 43075 16x7.5-10 R20, 7 inch rim",97
78.99,245.86,-1.5,-420.55,-243.92,-0.005,17.83,40.24,0.09,0.0062,1.7242,12.14,44138.98,7.55,91.18,3.964,-0,-0.9998,119.2,121.78,123.81,24.91,Cornering,"Hoosier 43075 16x7.5-10 R20, 7 inch rim",98
78.99,245.87,-0.67,-423.36,-241.4,0.01,15.76,38.62,0.09,0.0028,1.7537,12.08,44115.8,7.54,91.26,4.009,-0,-0.9998,119.2,121.78,123.73,24.9,Cornering,"Hoosier 43075 16x7.5-10 R20, 7 inch rim",99
78.96,245.88,0.24,-425.05,-238.59,0.01,14.7,37.57,0.09,-0.001,1.7815,12.05,44134.11,7.54,91.29,4.048,-0,-0.9998,119.14,121.71,123.71,24.91,Cornering,"Hoosier 43075 16x7.5-10 R20, 7 inch rim",100
78.98,245.89,-0.03,-425.18,-234.67,0.006,13.71,36.05,0.03,0.0001,1.8118,12.09,159220.11,7.54,91.31,4.092,-0,-1,119.09,121.73,123.71,24.9,Cornering,"Hoosier 43075 16x7.5-10 R20, 7 inch rim",101
78.99,245.9,-1.01,-425.48,-233.57,0.013,14.96,35.49,0.03,0.0043,1.8216,12.17,159247.98,7.54,91.31,4.135,-0,-1,119.09,121.75,123.67,24.91,Cornering,"Hoosier 43075 16x7.5-10 R20, 7 inch rim",102
78.97,245.91,-2.7,-425.61,-232.37,0.004,16.25,35.44,0.16,0.0116,1.8316,12.22,25624.34,7.54,91.26,4.161,-0,-0.9997,119.14,121.75,123.63,24.92,Cornering,"Hoosier 43075 16x7.5-10 R20, 7 inch rim",103
78.95,245.92,-4.74,-427.01,-233.18,0.012,18.12,35.93,0.03,0.0203,1.8312,12.25,159454.81,7.54,91.21,4.207,-0,-1,119.24,121.75,123.67,24.94,Cornering,"Hoosier 43075 16x7.5-10 R20, 7 inch rim",104
78.98,245.93,-5.99,-430.12,-235.42,0.01,19.64,37.08,0.23,0.0255,1.827,12.2,18081.89,7.54,91.18,4.256,-0,-0.9996,119.37,121.8,123.71,24.97,Cornering,"Hoosier 43075 16x7.5-10 R20, 7 inch rim",105
78.99,245.94,-6.97,-434.49,-238.76,0.02,20.66,37.49,0.03,0.0292,1.8198,12.11,159621.75,7.53,91.17,4.29,-0,-1,119.52,121.8,123.75,24.97,Cornering,"Hoosier 43075 16x7.5-10 R20, 7 inch rim",106
78.95,245.95,-6.55,-439.93,-241.76,0.009,20.65,38.21,0.16,0.0271,1.8197,12.06,25654.42,7.53,91.13,4.321,-0,-0.9997,119.63,121.86,123.85,24.96,Cornering,"Hoosier 43075 16x7.5-10 R20, 7 inch rim",107
78.96,245.96,-5.75,-445.54,-244.06,0.009,19.77,37.91,0.16,0.0236,1.8255,12.08,25646.6,7.53,91.09,4.373,-0,-0.9997,119.67,121.91,123.93,24.95,Cornering,"Hoosier 43075 16x7.5-10 R20, 7 inch rim",108
78.98,245.97,-3.93,-449.89,-245.19,0.007,19.25,37.79,0.16,0.016,1.8348,12.12,25644.87,7.53,91.07,4.42,-0,-0.9997,119.76,121.93,123.93,24.95,Cornering,"Hoosier 43075 16x7.5-10 R20, 7 inch rim",109
78.96,245.98,-2.3,-452.68,-243.6,0.004,17.68,37,0.03,0.0094,1.8583,12.21,159511.02,7.53,91.09,4.452,-0,-1,119.76,122.04,123.89,24.96,Cornering,"Hoosier 43075 16x7.5-10 R20, 7 inch rim",110
78.94,245.99,-0.34,-453.76,-240.32,0.013,16.19,36.72,0.09,0.0014,1.8881,12.26,44239.96,7.53,91.09,4.498,-0,-0.9998,119.78,122,123.83,24.98,Cornering,"Hoosier 43075 16x7.5-10 R20, 7 inch rim",111
78.96,246,0.26,-453.57,-236.61,0.007,15.35,35.89,0.03,-0.0011,1.9169,12.25,159749.27,7.53,91.09,4.542,-0,-1,119.72,121.97,123.81,25,Cornering,"Hoosier 43075 16x7.5-10 R20, 7 inch rim",112
78.97,246.01,0.01,-452.16,-233.87,0.016,16.3,35.77,0.09,-0,1.9334,12.18,44255.27,7.52,91.12,4.578,-0,-0.9998,119.69,122,123.79,25,Cornering,"Hoosier 43075 16x7.5-10 R20, 7 inch rim",113
78.94,246.02,-1.23,-451.68,-232.46,0.013,17.51,36.16,0.09,0.0053,1.943,12.11,44232.01,7.53,91.14,4.619,-0,-0.9998,119.72,122.02,123.75,24.98,Cornering,"Hoosier 43075 16x7.5-10 R20, 7 inch rim",114
78.94,246.03,-2.99,-452.29,-233.46,0.019,20.2,36.69,0.16,0.0128,1.9374,12.05,25641.8,7.52,91.11,4.659,-0,-0.9997,119.78,122.04,123.77,24.96,Cornering,"Hoosier 43075 16x7.5-10 R20, 7 inch rim",115
78.96,246.04,-4.38,-454.92,-235.97,0.004,22.12,37.86,0.03,0.0185,1.9279,12.06,159378.41,7.53,91.11,4.699,-0,-1,119.84,122.06,123.75,24.95,Cornering,"Hoosier 43075 16x7.5-10 R20, 7 inch rim",116
78.95,246.05,-5.35,-459.61,-239.16,0.013,22.62,38.58,0.09,0.0224,1.9218,12.11,44151.65,7.52,91.1,4.747,-0,-0.9998,119.95,122.08,123.79,24.94,Cornering,"Hoosier 43075 16x7.5-10 R20, 7 inch rim",117
78.92,246.06,-5.59,-465.06,-241.82,0.007,21.64,38.88,0.09,0.0231,1.9231,12.2,44159.67,7.52,91.12,4.78,-0,-0.9998,119.97,122.08,123.83,24.95,Cornering,"Hoosier 43075 16x7.5-10 R20, 7 inch rim",118
78.94,246.07,-4.77,-470.67,-244.87,0.006,20.9,38.77,0.09,0.0195,1.9221,12.25,44167.68,7.52,91.17,4.813,-0,-0.9998,120.06,122.15,123.85,24.96,Cornering,"Hoosier 43075 16x7.5-10 R20, 7 inch rim",119
78.96,246.08,-3.88,-475.02,-245.87,0.001,20.06,37.82,0.09,0.0158,1.932,12.26,44164.12,7.52,91.23,4.864,-0,-0.9998,120.04,122.15,123.81,24.96,Cornering,"Hoosier 43075 16x7.5-10 R20, 7 inch rim",120
78.93,246.09,-2.21,-477.98,-244.95,0.014,18.46,36.99,0.09,0.009,1.9513,12.25,44161.23,7.52,91.23,4.906,-0,-0.9998,120.1,122.19,123.77,24.96,Cornering,"Hoosier 43075 16x7.5-10 R20, 7 inch rim",121
78.92,246.1,-0.78,-478.58,-242.63,0.014,18.07,35.83,0.09,0.0032,1.9725,12.19,44148.56,7.52,91.28,4.94,-0,-0.9998,120.19,122.17,123.69,24.95,Cornering,"Hoosier 43075 16x7.5-10 R20, 7 inch rim",122
78.95,246.11,-0.09,-477.47,-238.74,0.006,17.22,34.68,0.09,0.0004,1.9999,12.12,44186.65,7.52,91.33,4.982,-0,-0.9998,120.19,122.15,123.59,24.97,Cornering,"Hoosier 43075 16x7.5-10 R20, 7 inch rim",123
78.95,246.12,0,-475.57,-235.46,0.004,17.95,34.38,0.09,-0,2.0197,12.14,44173.74,7.52,91.35,5.019,-0,-0.9998,120.21,122.11,123.51,24.97,Cornering,"Hoosier 43075 16x7.5-10 R20, 7 inch rim",124
78.91,246.13,-1.29,-474,-233.51,0.01,19.53,34.36,0.16,0.0055,2.0299,12.2,25643.88,7.52,91.38,5.052,-0,-0.9997,120.21,122.15,123.51,24.97,Cornering,"Hoosier 43075 16x7.5-10 R20, 7 inch rim",125
78.93,246.14,-2.75,-473.66,-234.33,-0.002,23.28,35.09,0.09,0.0117,2.0213,12.28,44189.09,7.52,91.39,5.09,-0,-0.9998,120.23,122.22,123.42,24.98,Cornering,"Hoosier 43075 16x7.5-10 R20, 7 inch rim",126
78.94,246.15,-4.45,-475.85,-235.78,0.006,24.28,36.06,0.16,0.0189,2.0182,12.32,25634.56,7.51,91.4,5.132,-0,-0.9997,120.34,122.26,123.49,24.97,Cornering,"Hoosier 43075 16x7.5-10 R20, 7 inch rim",127
78.93,246.16,-5.16,-480.38,-238.72,0.013,24.24,37.15,0.09,0.0216,2.0123,12.3,44172.35,7.51,91.44,5.179,-0,-0.9998,120.44,122.33,123.51,24.97,Cornering,"Hoosier 43075 16x7.5-10 R20, 7 inch rim",128
78.91,246.17,-5.27,-486.46,-241.41,0.007,22.7,37.99,0.03,0.0219,2.015,12.27,159503.33,7.51,91.48,5.225,-0,-1,120.47,122.41,123.55,24.99,Cornering,"Hoosier 43075 16x7.5-10 R20, 7 inch rim",129
78.94,246.18,-4.71,-492.7,-244.07,0.014,20.72,38.08,0.16,0.0193,2.0187,12.18,25647.38,7.51,91.47,5.249,-0,-0.9997,120.44,122.46,123.59,24.98,Cornering,"Hoosier 43075 16x7.5-10 R20, 7 inch rim",130
78.94,246.19,-3.2,-497.84,-246.38,0.012,20.22,38.01,0.09,0.013,2.0206,12.13,44163.07,7.51,91.47,5.304,-0,-0.9998,120.49,122.55,123.63,24.97,Cornering,"Hoosier 43075 16x7.5-10 R20, 7 inch rim",131
78.91,246.2,-1.76,-500.79,-246.22,0.013,19.16,37.19,0.09,0.0071,2.0339,12.12,44140.08,7.51,91.48,5.337,-0,-0.9998,120.53,122.61,123.55,24.96,Cornering,"Hoosier 43075 16x7.5-10 R20, 7 inch rim",132
78.91,246.21,-0.17,-501.08,-243.45,0.004,18.09,36.13,0.16,0.0007,2.0583,12.19,25611.73,7.51,91.47,5.384,-0,-0.9997,120.62,122.72,123.44,24.96,Cornering,"Hoosier 43075 16x7.5-10 R20, 7 inch rim",133
78.94,246.22,0.73,-498.88,-239.86,0.012,18.48,34.97,0.09,-0.003,2.0799,12.28,44113.69,7.5,91.49,5.414,-0,-0.9998,120.7,122.74,123.34,24.95,Cornering,"Hoosier 43075 16x7.5-10 R20, 7 inch rim",134
78.92,246.23,0.55,-496.05,-236.3,0.006,19.49,33.96,0.09,-0.0023,2.0992,12.31,44110.71,7.51,91.45,5.453,-0,-0.9998,120.7,122.81,123.26,24.95,Cornering,"Hoosier 43075 16x7.5-10 R20, 7 inch rim",135
78.9,246.24,-0.19,-493.54,-234.01,0.009,21.72,34.03,0.09,0.0008,2.109,12.28,44148.14,7.5,91.35,5.498,-0,-0.9998,120.79,122.83,123.22,24.97,Cornering,"Hoosier 43075 16x7.5-10 R20, 7 inch rim",136
78.92,246.25,-1.93,-493.07,-233.69,0.017,23.66,34.46,0.09,0.0083,2.1099,12.24,44155.59,7.5,91.28,5.534,-0,-0.9998,120.85,122.83,123.14,24.98,Cornering,"Hoosier 43075 16x7.5-10 R20, 7 inch rim",137
78.94,246.26,-3.41,-495.55,-234.63,0.009,24.32,35.63,0.09,0.0146,2.1121,12.15,44132.29,7.5,91.22,5.57,-0,-0.9998,120.9,122.92,123.08,24.97,Cornering,"Hoosier 43075 16x7.5-10 R20, 7 inch rim",138
78.91,246.27,-5.05,-499.92,-238,0.02,25.24,36.22,0.09,0.0212,2.1005,12.09,44108.28,7.5,91.15,5.614,-0,-0.9998,121.05,122.94,123.1,24.96,Cornering,"Hoosier 43075 16x7.5-10 R20, 7 inch rim",139
78.91,246.28,-5.51,-506.48,-241.03,0.019,23.61,36.92,0.23,0.0229,2.1013,12.06,18033.02,7.5,91.09,5.657,-0,-0.9996,121.15,123.01,123.12,24.96,Cornering,"Hoosier 43075 16x7.5-10 R20, 7 inch rim",140
78.94,246.29,-5.23,-513.17,-244.44,0.009,22.32,36.89,0.03,0.0214,2.0994,12.09,159111.56,7.5,91.03,5.7,-0,-1,121.22,123.01,123.18,24.95,Cornering,"Hoosier 43075 16x7.5-10 R20, 7 inch rim",141
78.91,246.3,-4,-518.46,-246.29,0.006,21.13,36.76,0.03,0.0162,2.1051,12.17,159100.28,7.5,91.04,5.739,-0,-1,121.3,123.07,123.2,24.95,Cornering,"Hoosier 43075 16x7.5-10 R20, 7 inch rim",142
78.9,246.31,-2.89,-521.26,-246.8,0.01,20.85,35.46,0.16,0.0117,2.112,12.2,25575.64,7.49,91.05,5.782,-0,-0.9997,121.3,123.14,123.18,24.94,Cornering,"Hoosier 43075 16x7.5-10 R20, 7 inch rim",143
78.92,246.32,-1.12,-520.93,-244.61,0.006,20.55,34.45,0.09,0.0046,2.1297,12.19,44060.65,7.49,91.05,5.823,-0,-0.9998,121.41,123.21,123.08,24.94,Cornering,"Hoosier 43075 16x7.5-10 R20, 7 inch rim",144
78.93,246.33,0.11,-518.56,-240.37,-0.003,19.88,33.39,0.03,-0.0005,2.1573,12.14,159027.34,7.5,91.1,5.861,-0,-1,121.39,123.29,122.96,24.94,Cornering,"Hoosier 43075 16x7.5-10 R20, 7 inch rim",145
78.91,246.34,0.15,-515.3,-236.21,0.019,20.08,32.41,0.16,-0.0006,2.1815,12.08,25569.75,7.49,91.13,5.905,-0,-0.9997,121.41,123.25,122.94,24.94,Cornering,"Hoosier 43075 16x7.5-10 R20, 7 inch rim",146
78.9,246.35,-0.37,-512.78,-233.92,0.013,21.91,32.39,0.16,0.0016,2.1921,12.03,25573.81,7.49,91.15,5.944,-0,-0.9997,121.41,123.34,122.84,24.94,Cornering,"Hoosier 43075 16x7.5-10 R20, 7 inch rim",147
78.93,246.36,-1.98,-511.98,-233.16,0.013,24.1,32.71,0.09,0.0085,2.1959,12.06,44068.01,7.49,91.13,5.981,-0,-0.9998,121.45,123.36,122.82,24.95,Cornering,"Hoosier 43075 16x7.5-10 R20, 7 inch rim",148
78.91,246.37,-3.65,-513.68,-233.96,0.006,25.27,33.53,0.23,0.0156,2.1956,12.14,18016.67,7.49,91.13,6.018,-0,-0.9996,121.56,123.49,122.78,24.95,Cornering,"Hoosier 43075 16x7.5-10 R20, 7 inch rim",149
78.89,246.38,-4.65,-518.05,-236.76,0.006,25.73,34.84,0.03,0.0196,2.1881,12.22,159040.84,7.49,91.17,6.06,-0,-1,121.67,123.6,122.76,24.96,Cornering,"Hoosier 43075 16x7.5-10 R20, 7 inch rim",150
78.91,246.39,-5.32,-523.97,-239.95,0.003,24.71,35.27,0.09,0.0222,2.1837,12.28,44069.23,7.49,91.19,6.087,-0,-0.9998,121.8,123.65,122.82,24.96,Cornering,"Hoosier 43075 16x7.5-10 R20, 7 inch rim",151
78.92,246.4,-4.99,-530.53,-243.44,0.01,23.13,35.74,0.09,0.0205,2.1794,12.27,44085.13,7.49,91.22,6.14,-0,-0.9998,121.84,123.78,122.82,24.97,Cornering,"Hoosier 43075 16x7.5-10 R20, 7 inch rim",152
78.9,246.41,-4.23,-535.67,-246.01,0.007,22.31,35.19,0.09,0.0172,2.1774,12.24,44092.63,7.49,91.24,6.171,-0,-0.9998,121.95,123.95,122.9,24.97,Cornering,"Hoosier 43075 16x7.5-10 R20, 7 inch rim",153
78.9,246.42,-2.98,-538.31,-246.68,0.004,22.05,34.31,0.09,0.0121,2.1822,12.16,44098.49,7.48,91.23,6.222,-0,-0.9998,122.05,124.06,122.86,24.98,Cornering,"Hoosier 43075 16x7.5-10 R20, 7 inch rim",154
78.92,246.43,-1.36,-538.3,-245.27,0.01,21.79,33.2,0.03,0.0056,2.1947,12.13,159128.48,7.48,91.21,6.252,-0,-1,122.08,124.13,122.78,24.98,Cornering,"Hoosier 43075 16x7.5-10 R20, 7 inch rim",155
78.92,246.44,0,-535.64,-241.33,0.007,21.24,32.08,0.23,-0,2.2195,12.16,18024.02,7.48,91.16,6.283,-0,-0.9996,122.16,124.17,122.7,24.97,Cornering,"Hoosier 43075 16x7.5-10 R20, 7 inch rim",156
78.89,246.45,0.69,-532.36,-237.76,0.016,21.74,31.19,0.03,-0.0029,2.239,12.22,158952.86,7.48,91.12,6.339,-0,-1,122.2,124.2,122.64,24.96,Cornering,"Hoosier 43075 16x7.5-10 R20, 7 inch rim",157
78.9,246.46,0.33,-529.06,-234.14,0.01,22.63,30.97,0.09,-0.0014,2.2596,12.29,43993.21,7.48,91.1,6.37,-0,-0.9998,122.2,124.26,122.58,24.93,Cornering,"Hoosier 43075 16x7.5-10 R20, 7 inch rim",158
78.93,246.47,-1.13,-527.79,-233.5,0.003,25.29,31.08,0.16,0.0048,2.2603,12.3,25538,7.48,91.09,6.418,-0,-0.9997,122.27,124.42,122.54,24.93,Cornering,"Hoosier 43075 16x7.5-10 R20, 7 inch rim",159
78.91,246.48,-2.96,-529.35,-233.71,0.013,25.62,31.82,0.09,0.0127,2.265,12.29,44046.32,7.48,91.16,6.462,-0,-0.9998,122.4,124.53,122.52,24.96,Cornering,"Hoosier 43075 16x7.5-10 R20, 7 inch rim",160
78.89,246.49,-4.2,-533.24,-235.79,0.009,26.06,32.96,0.16,0.0178,2.2615,12.22,25557.44,7.48,91.25,6.499,-0,-0.9997,122.57,124.61,122.49,24.96,Cornering,"Hoosier 43075 16x7.5-10 R20, 7 inch rim",161
78.91,246.5,-5.13,-539.48,-239.58,0.007,25.52,33.56,0.09,0.0214,2.2518,12.17,44040.04,7.48,91.28,6.531,-0,-0.9998,122.7,124.75,122.49,24.96,Cornering,"Hoosier 43075 16x7.5-10 R20, 7 inch rim",162
78.92,246.51,-5.54,-545.88,-243.42,0.007,24.74,33.54,0.09,0.0228,2.2425,12.14,44035.56,7.48,91.3,6.579,-0,-0.9998,122.8,124.83,122.56,24.96,Cornering,"Hoosier 43075 16x7.5-10 R20, 7 inch rim",163
78.89,246.52,-4.76,-551.98,-246.18,0.023,23.1,33.59,0.09,0.0193,2.2422,12.15,44000.23,7.47,91.33,6.63,-0,-0.9998,122.98,124.94,122.62,24.94,Cornering,"Hoosier 43075 16x7.5-10 R20, 7 inch rim",164
78.9,246.53,-4.03,-554.91,-247.48,0.004,23.18,32.44,0.16,0.0163,2.2422,12.22,25531.27,7.47,91.37,6.655,-0,-0.9997,123,125.1,122.58,24.94,Cornering,"Hoosier 43075 16x7.5-10 R20, 7 inch rim",165
78.93,246.54,-2.92,-555.06,-246.45,0.009,22.85,31.01,0.23,0.0118,2.2523,12.28,17983.71,7.47,91.38,6.691,-0,-0.9996,123.11,125.19,122.45,24.94,Cornering,"Hoosier 43075 16x7.5-10 R20, 7 inch rim",166
78.91,246.55,-1.21,-552.39,-242.82,0.004,22.56,30.07,0.09,0.005,2.2749,12.27,44010.2,7.47,91.38,6.741,-0,-0.9998,123.11,125.21,122.33,24.96,Cornering,"Hoosier 43075 16x7.5-10 R20, 7 inch rim",167
78.89,246.56,-0.09,-548.63,-239.24,-0,23.08,29.31,0.09,0.0004,2.2932,12.23,44017.57,7.47,91.37,6.771,-0,-0.9998,123.15,125.3,122.25,24.96,Cornering,"Hoosier 43075 16x7.5-10 R20, 7 inch rim",168
78.92,246.57,-0.35,-544.57,-235.45,0.007,24.24,28.53,0.09,0.0015,2.3128,12.15,44033.65,7.47,91.38,6.817,-0,-0.9998,123.08,125.36,122.13,24.97,Cornering,"Hoosier 43075 16x7.5-10 R20, 7 inch rim",169
78.93,246.58,-1.52,-543.16,-233.61,0.014,25.43,28.42,0.16,0.0065,2.325,12.08,25566.82,7.47,91.37,6.872,-0,-0.9997,123.11,125.47,122.11,24.98,Cornering,"Hoosier 43075 16x7.5-10 R20, 7 inch rim",170
78.9,246.59,-3.41,-543.76,-234.25,0.004,27.27,28.66,0.09,0.0146,2.3212,12.07,44035.6,7.47,91.38,6.903,-0,-0.9998,123.21,125.56,122.01,24.98,Cornering,"Hoosier 43075 16x7.5-10 R20, 7 inch rim",171
78.91,246.6,-4.75,-547.5,-236.42,0.004,27.67,29.79,0.16,0.0201,2.3158,12.09,25563.12,7.47,91.4,6.937,-0,-0.9997,123.41,125.78,121.99,24.98,Cornering,"Hoosier 43075 16x7.5-10 R20, 7 inch rim",172
78.94,246.61,-5.48,-553.29,-239.01,0.013,26.42,30.99,0.09,0.0229,2.3149,12.17,44048.5,7.47,91.36,6.98,-0,-0.9998,123.53,125.94,121.99,24.99,Cornering,"Hoosier 43075 16x7.5-10 R20, 7 inch rim",173
78.92,246.62,-5.86,-559.67,-243.14,0.009,25.92,31.16,0.16,0.0241,2.3019,12.24,25588.13,7.47,91.33,7.019,-0,-0.9997,123.71,126.05,122.07,25.01,Cornering,"Hoosier 43075 16x7.5-10 R20, 7 inch rim",174
78.9,246.63,-5.42,-565.29,-246.02,0.01,24.4,30.99,0.03,0.022,2.2978,12.25,159113.45,7.46,91.36,7.061,-0,-1,123.75,126.22,122.15,25.02,Cornering,"Hoosier 43075 16x7.5-10 R20, 7 inch rim",175
78.93,246.64,-4.49,-568.41,-247.96,0.012,24.19,30.16,0.16,0.0181,2.2923,12.19,25595.37,7.46,91.42,7.099,-0,-0.9997,123.88,126.35,122.19,25.03,Cornering,"Hoosier 43075 16x7.5-10 R20, 7 inch rim",176
78.94,246.65,-2.98,-567.93,-247.53,0.006,23.89,28.97,0.16,0.012,2.2944,12.14,25580.94,7.46,91.45,7.144,-0,-0.9997,123.98,126.51,122.17,25.01,Cornering,"Hoosier 43075 16x7.5-10 R20, 7 inch rim",177
78.91,246.66,-1.37,-564.96,-244.5,0.006,23.31,27.69,0.23,0.0056,2.3107,12.06,18026.66,7.46,91.47,7.187,-0,-0.9996,123.98,126.64,122.11,25.03,Cornering,"Hoosier 43075 16x7.5-10 R20, 7 inch rim",178
78.91,246.67,-0.01,-560.6,-240.66,0.013,23.48,27.12,0.16,0,2.3294,12.06,25576.84,7.46,91.47,7.214,-0,-0.9997,124.03,126.79,122.01,25.01,Cornering,"Hoosier 43075 16x7.5-10 R20, 7 inch rim",179
78.94,246.68,0.32,-556.83,-236.69,0.006,23.8,26.62,0.09,-0.0014,2.3526,12.11,44062.35,7.46,91.44,7.251,-0,-0.9998,124.01,126.86,121.93,25.01,Cornering,"Hoosier 43075 16x7.5-10 R20, 7 inch rim",180
78.94,246.69,-0.76,-554.63,-235.01,-0,26.01,26.48,0.16,0.0032,2.36,12.18,25553.91,7.46,91.41,7.301,-0,-0.9997,124.11,126.9,121.87,25,Cornering,"Hoosier 43075 16x7.5-10 R20, 7 inch rim",181
78.91,246.7,-2.64,-554.93,-234.28,0.007,27.28,26.77,0.16,0.0113,2.3686,12.24,25552.03,7.46,91.36,7.333,-0,-0.9997,124.22,127.01,121.81,25,Cornering,"Hoosier 43075 16x7.5-10 R20, 7 inch rim",182
78.93,246.71,-4.33,-558.52,-236.05,0.01,27.99,27.75,0.16,0.0183,2.3661,12.28,25543.11,7.46,91.32,7.383,-0,-0.9997,124.39,127.21,121.75,24.99,Cornering,"Hoosier 43075 16x7.5-10 R20, 7 inch rim",183
78.95,246.72,-5.42,-564.13,-239.06,0.007,27.88,28.52,0.09,0.0227,2.3598,12.23,43993.95,7.46,91.3,7.42,-0,-0.9998,124.65,127.43,121.81,24.98,Cornering,"Hoosier 43075 16x7.5-10 R20, 7 inch rim",184
78.93,246.73,-5.35,-570.84,-242.21,0.009,26.59,29.76,0.09,0.0221,2.3568,12.17,44000.28,7.45,91.27,7.457,-0,-0.9998,124.84,127.59,121.89,24.99,Cornering,"Hoosier 43075 16x7.5-10 R20, 7 inch rim",185
78.92,246.74,-5.25,-577.23,-245.36,0.009,25.4,29.42,0.09,0.0214,2.3525,12.09,43986.19,7.45,91.25,7.494,-0,-0.9998,124.99,127.74,121.95,24.98,Cornering,"Hoosier 43075 16x7.5-10 R20, 7 inch rim",186
78.95,246.75,-4.25,-580.81,-247.5,0.007,24.76,28.7,0.09,0.0172,2.3468,12.06,43961.27,7.45,91.23,7.537,-0,-0.9998,125.08,127.89,122.01,24.97,Cornering,"Hoosier 43075 16x7.5-10 R20, 7 inch rim",187
78.95,246.76,-3.06,-580.67,-247.61,0.023,24.52,27.63,0.09,0.0123,2.3451,12.1,43936.62,7.45,91.21,7.577,-0,-0.9998,125.14,128.09,121.95,24.96,Cornering,"Hoosier 43075 16x7.5-10 R20, 7 inch rim",188
78.93,246.77,-1.76,-577.53,-245.41,0.004,23.74,26,0.09,0.0072,2.3534,12.17,43890.96,7.45,91.2,7.623,-0,-0.9998,125.25,128.22,121.85,24.94,Cornering,"Hoosier 43075 16x7.5-10 R20, 7 inch rim",189
78.94,246.78,-0.07,-572.08,-241.89,0.009,24.28,25.58,0.23,0.0003,2.365,12.25,17935.91,7.45,91.22,7.653,-0,-0.9996,125.25,128.29,121.73,24.93,Cornering,"Hoosier 43075 16x7.5-10 R20, 7 inch rim",190
78.97,246.79,0.32,-567.23,-237.82,0.007,24.59,24.88,0.16,-0.0013,2.3851,12.23,25434.95,7.45,91.24,7.699,-0,-0.9997,125.23,128.33,121.63,24.9,Cornering,"Hoosier 43075 16x7.5-10 R20, 7 inch rim",191
78.94,246.8,-0.86,-564.42,-235.61,0.012,26.02,24.43,0.09,0.0037,2.3956,12.22,43828.01,7.45,91.22,7.735,-0,-0.9998,125.29,128.4,121.5,24.91,Cornering,"Hoosier 43075 16x7.5-10 R20, 7 inch rim",192
78.93,246.81,-2.47,-564.42,-234.93,0.02,27.42,24.79,0.09,0.0105,2.4025,12.17,43823.21,7.45,91.18,7.779,-0,-0.9998,125.44,128.53,121.4,24.91,Cornering,"Hoosier 43075 16x7.5-10 R20, 7 inch rim",193
78.96,246.82,-4.13,-567.51,-236.3,0.012,28.99,25.93,0.03,0.0175,2.4017,12.08,158094.39,7.45,91.12,7.814,-0,-1,125.57,128.8,121.34,24.9,Cornering,"Hoosier 43075 16x7.5-10 R20, 7 inch rim",194
78.97,246.83,-5.7,-573.28,-238.76,0.009,28.53,26.93,0.03,0.0239,2.401,12.06,158115.97,7.45,91.12,7.852,-0,-1,125.72,129.06,121.34,24.91,Cornering,"Hoosier 43075 16x7.5-10 R20, 7 inch rim",195
78.94,246.84,-5.9,-580.61,-241.55,0.014,26.58,28.13,0.09,0.0244,2.4037,12.08,43831.58,7.44,91.13,7.89,-0,-0.9998,125.85,129.26,121.36,24.92,Cornering,"Hoosier 43075 16x7.5-10 R20, 7 inch rim",196
78.94,246.85,-5.68,-587.77,-245.32,0.001,25.68,28.3,0.09,0.0231,2.3959,12.16,43836.73,7.44,91.15,7.935,-0,-0.9998,125.98,129.39,121.46,24.93,Cornering,"Hoosier 43075 16x7.5-10 R20, 7 inch rim",197
78.98,246.86,-4.67,-592.46,-248.21,0.012,25.42,27.95,0.16,0.0188,2.3869,12.23,25464.51,7.44,91.15,7.98,-0,-0.9997,126,129.59,121.55,24.95,Cornering,"Hoosier 43075 16x7.5-10 R20, 7 inch rim",198
78.96,246.87,-3.5,-593.09,-249.09,0.017,24.94,26.63,0.23,0.0141,2.381,12.22,17948.6,7.44,91.15,8.023,-0,-0.9996,126.04,129.81,121.55,24.97,Cornering,"Hoosier 43075 16x7.5-10 R20, 7 inch rim",199
78.94,246.88,-1.96,-589.49,-247.49,0.007,24.89,25.19,0.16,0.0079,2.3819,12.19,25489.35,7.44,91.15,8.053,-0,-0.9997,126.07,129.96,121.48,24.98,Cornering,"Hoosier 43075 16x7.5-10 R20, 7 inch rim",200
78.96,246.89,-0.39,-584.04,-244.36,0.013,24.83,24.21,0.16,0.0016,2.3901,12.14,25492.83,7.44,91.2,8.09,-0,-0.9997,126.15,130.03,121.4,24.98,Cornering,"Hoosier 43075 16x7.5-10 R20, 7 inch rim",201
78.98,246.9,0.18,-578.57,-240.83,0.007,25.63,23.52,0.09,-0.0007,2.4024,12.08,43916.69,7.44,91.24,8.132,-0,-0.9998,126.22,130.16,121.32,24.98,Cornering,"Hoosier 43075 16x7.5-10 R20, 7 inch rim",202
78.95,246.91,-0.44,-574.98,-237.63,0.012,27.08,23.19,0.09,0.0019,2.4196,12.06,43871.22,7.44,91.26,8.173,-0,-0.9998,126.28,130.27,121.26,24.96,Cornering,"Hoosier 43075 16x7.5-10 R20, 7 inch rim",203
78.95,246.92,-2.23,-574.63,-236.04,-0.006,28.22,23.09,0.16,0.0095,2.4344,12.13,25454.87,7.44,91.29,8.218,-0,-0.9997,126.5,130.47,121.18,24.96,Cornering,"Hoosier 43075 16x7.5-10 R20, 7 inch rim",204
78.98,246.93,-3.98,-577.74,-236.62,0.003,28.87,23.97,0.09,0.0168,2.4416,12.22,43862.22,7.44,91.34,8.252,-0,-0.9998,126.77,130.69,121.08,24.96,Cornering,"Hoosier 43075 16x7.5-10 R20, 7 inch rim",205
78.97,246.94,-5.17,-583.21,-239.17,0.019,29.27,25.11,0.09,0.0216,2.4385,12.29,43866.8,7.43,91.37,8.301,-0,-0.9998,127.07,131,121.08,24.97,Cornering,"Hoosier 43075 16x7.5-10 R20, 7 inch rim",206
78.94,246.95,-5.91,-589.91,-241.7,0.013,27.63,25.74,0.03,0.0244,2.4407,12.28,158355.06,7.43,91.39,8.349,-0,-1,127.33,131.17,121.18,24.98,Cornering,"Hoosier 43075 16x7.5-10 R20, 7 inch rim",207
78.96,246.96,-5.97,-596.92,-244.76,0.001,25.78,25.85,0.16,0.0244,2.4388,12.25,25491.5,7.44,91.4,8.376,-0,-0.9997,127.55,131.35,121.28,25,Cornering,"Hoosier 43075 16x7.5-10 R20, 7 inch rim",208
78.99,246.97,-4.88,-601.61,-247.73,0.012,25.12,25.84,0.16,0.0197,2.4284,12.19,25488.48,7.43,91.37,8.421,-0,-0.9997,127.72,131.53,121.34,25,Cornering,"Hoosier 43075 16x7.5-10 R20, 7 inch rim",209
78.96,246.98,-3.77,-602.54,-249.56,0.009,25.64,24.69,0.23,0.0151,2.4144,12.14,17940.67,7.43,91.29,8.458,-0,-0.9996,127.89,131.79,121.38,24.98,Cornering,"Hoosier 43075 16x7.5-10 R20, 7 inch rim",210
78.96,246.99,-2.42,-598.97,-249.05,0.014,25.94,23.26,0.09,0.0097,2.405,12.11,43824.37,7.43,91.22,8.49,-0,-0.9998,128.04,132.01,121.32,24.96,Cornering,"Hoosier 43075 16x7.5-10 R20, 7 inch rim",211
79,247,-0.82,-592.89,-246.65,0.013,26.19,22.15,0.23,0.0033,2.4038,12.17,17898.92,7.43,91.23,8.547,-0,-0.9996,128.06,132.14,121.26,24.93,Cornering,"Hoosier 43075 16x7.5-10 R20, 7 inch rim",212
78.98,247.01,0.23,-586.49,-243.57,0.007,26.97,21.43,0.09,-0.001,2.4079,12.25,43763.48,7.43,91.2,8.574,-0,-0.9998,128.21,132.27,121.2,24.93,Cornering,"Hoosier 43075 16x7.5-10 R20, 7 inch rim",213
78.96,247.02,-0.23,-582.43,-239.78,0.006,26.95,20.88,0.09,0.001,2.429,12.31,43747.49,7.43,91.18,8.623,-0,-0.9998,128.34,132.38,121.16,24.92,Cornering,"Hoosier 43075 16x7.5-10 R20, 7 inch rim",214
78.98,247.03,-1.32,-581.17,-237.86,0.01,28.11,21.1,0.09,0.0055,2.4433,12.3,43702.34,7.43,91.15,8.66,-0,-0.9998,128.45,132.54,121.12,24.9,Cornering,"Hoosier 43075 16x7.5-10 R20, 7 inch rim",215
78.99,247.04,-3,-583.34,-237.78,0.007,29.32,21.74,0.09,0.0126,2.4533,12.28,43697,7.43,91.14,8.704,-0,-0.9998,128.75,132.85,121.06,24.9,Cornering,"Hoosier 43075 16x7.5-10 R20, 7 inch rim",216
78.97,247.05,-4.82,-588.31,-239.14,0.003,29.34,22.57,0.23,0.0202,2.4601,12.22,17864.92,7.43,91.11,8.732,-0,-0.9996,129.05,133.13,121.08,24.9,Cornering,"Hoosier 43075 16x7.5-10 R20, 7 inch rim",217
78.96,247.06,-5.69,-595.17,-241.78,0.003,28.14,23.62,0.16,0.0235,2.4616,12.17,25369.78,7.43,91.13,8.77,-0,-0.9997,129.35,133.35,121.14,24.91,Cornering,"Hoosier 43075 16x7.5-10 R20, 7 inch rim",218
78.98,247.07,-6.2,-602.05,-245.5,0.014,27.1,23.94,0.09,0.0252,2.4523,12.13,43713.78,7.43,91.13,8.817,-0,-0.9998,129.54,133.57,121.2,24.92,Cornering,"Hoosier 43075 16x7.5-10 R20, 7 inch rim",219
78.99,247.08,-5.63,-607.65,-248.21,0.006,25.77,23.97,0.09,0.0227,2.4482,12.19,43760.07,7.43,91.12,8.855,-0,-0.9998,129.71,133.84,121.32,24.94,Cornering,"Hoosier 43075 16x7.5-10 R20, 7 inch rim",220
78.96,247.09,-5.02,-609.37,-250.07,0.012,25.84,22.86,0.03,0.0201,2.4368,12.24,157823.67,7.42,91.12,8.899,-0,-1,129.82,134.08,121.42,24.93,Cornering,"Hoosier 43075 16x7.5-10 R20, 7 inch rim",221
78.97,247.1,-3.48,-606.88,-250.32,0.012,26.49,21.78,0.16,0.0139,2.4244,12.28,25393.25,7.42,91.14,8.938,-0,-0.9997,130.01,134.3,121.38,24.94,Cornering,"Hoosier 43075 16x7.5-10 R20, 7 inch rim",222
79,247.11,-2.1,-600.5,-248.47,0.019,27.61,20.44,0.16,0.0084,2.4168,12.29,25414.07,7.42,91.18,8.976,-0,-0.9997,130.08,134.5,121.32,24.97,Cornering,"Hoosier 43075 16x7.5-10 R20, 7 inch rim",223
78.98,247.12,-1.07,-594.26,-244.94,0.007,27.36,19.49,0.09,0.0044,2.4261,12.24,43842.02,7.42,91.19,9.014,-0,-0.9998,130.25,134.65,121.2,25,Cornering,"Hoosier 43075 16x7.5-10 R20, 7 inch rim",224
78.96,247.13,-0.48,-589.74,-241.33,0.014,27.54,19.39,0.16,0.002,2.4437,12.17,25467.34,7.42,91.23,9.055,-0,-0.9997,130.38,134.78,121.06,25.03,Cornering,"Hoosier 43075 16x7.5-10 R20, 7 inch rim",225
78.99,247.14,-0.97,-587.85,-240.05,0.007,29.3,19.57,0.09,0.004,2.4488,12.11,43861.16,7.42,91.25,9.104,-0,-0.9998,130.61,134.92,120.92,25.02,Cornering,"Hoosier 43075 16x7.5-10 R20, 7 inch rim",226
79,247.15,-2.94,-588.95,-238.93,0.022,29.48,19.57,0.16,0.0123,2.465,12.12,25431.76,7.42,91.28,9.138,-0,-0.9997,130.87,135.16,120.72,25,Cornering,"Hoosier 43075 16x7.5-10 R20, 7 inch rim",227
78.97,247.16,-4.55,-593.45,-240.17,0.013,29.36,20.32,0.16,0.0189,2.471,12.17,25399.53,7.42,91.29,9.175,-0,-0.9997,131.19,135.44,120.56,24.97,Cornering,"Hoosier 43075 16x7.5-10 R20, 7 inch rim",228
78.98,247.17,-5.48,-599.52,-242.48,0.007,28.41,21.22,0.16,0.0226,2.4725,12.26,25384.45,7.42,91.29,9.22,-0,-0.9997,131.56,135.69,120.49,24.96,Cornering,"Hoosier 43075 16x7.5-10 R20, 7 inch rim",229
79,247.18,-5.66,-605.45,-245.5,0.014,27.72,22,0.09,0.023,2.4662,12.31,43740.42,7.42,91.29,9.254,-0,-0.9998,131.77,135.91,120.47,24.96,Cornering,"Hoosier 43075 16x7.5-10 R20, 7 inch rim",230
78.99,247.19,-5.04,-610.6,-248.31,0.007,26.41,22.14,0.09,0.0203,2.459,12.3,43755.39,7.42,91.28,9.296,-0,-0.9998,131.9,136.08,120.49,24.97,Cornering,"Hoosier 43075 16x7.5-10 R20, 7 inch rim",231
78.96,247.2,-4.68,-612.31,-250.53,0.004,26.96,20.85,0.09,0.0187,2.444,12.27,43771.64,7.42,91.27,9.327,-0,-0.9998,132.16,136.32,120.56,24.98,Cornering,"Hoosier 43075 16x7.5-10 R20, 7 inch rim",232
78.98,247.21,-3.45,-610.3,-250.83,0.019,26.86,19.86,0.03,0.0138,2.4331,12.17,157968.36,7.41,91.28,9.384,-0,-1,132.33,136.54,120.53,24.99,Cornering,"Hoosier 43075 16x7.5-10 R20, 7 inch rim",233
79,247.22,-1.92,-604.84,-249.79,0.006,27.69,18.91,0.09,0.0077,2.4214,12.11,43760.3,7.42,91.26,9.415,-0,-0.9998,132.48,136.79,120.47,24.98,Cornering,"Hoosier 43075 16x7.5-10 R20, 7 inch rim",234
78.97,247.23,-1.04,-598.78,-247.48,0.013,27.95,17.89,0.23,0.0042,2.4195,12.14,17877.39,7.41,91.24,9.457,-0,-0.9996,132.61,136.99,120.43,24.97,Cornering,"Hoosier 43075 16x7.5-10 R20, 7 inch rim",235
78.97,247.24,-0.49,-593.77,-244.61,0.006,28.79,17.51,0.09,0.002,2.4274,12.19,43707.5,7.42,91.25,9.508,-0,-0.9998,132.85,137.14,120.43,24.96,Cornering,"Hoosier 43075 16x7.5-10 R20, 7 inch rim",236
79,247.25,-0.94,-591.74,-241.29,0.006,28.24,17.62,0.23,0.0039,2.4524,12.28,17864.63,7.41,91.29,9.541,-0,-0.9996,133.02,137.32,120.47,24.96,Cornering,"Hoosier 43075 16x7.5-10 R20, 7 inch rim",237
78.99,247.26,-2.7,-592.04,-240.12,0.006,29.47,17.49,0.16,0.0112,2.4656,12.32,25363.53,7.41,91.26,9.575,-0,-0.9997,133.32,137.54,120.45,24.96,Cornering,"Hoosier 43075 16x7.5-10 R20, 7 inch rim",238
78.96,247.27,-4.27,-595.76,-240.68,-0.003,29.68,18.14,0.09,0.0178,2.4753,12.3,43694.05,7.41,91.21,9.609,-0,-0.9998,133.75,137.87,120.51,24.96,Cornering,"Hoosier 43075 16x7.5-10 R20, 7 inch rim",239
78.98,247.28,-5.66,-600.76,-242.42,0.014,29.1,18.92,0.23,0.0233,2.4782,12.24,17874.93,7.41,91.17,9.657,-0,-0.9996,134.11,138.09,120.62,24.98,Cornering,"Hoosier 43075 16x7.5-10 R20, 7 inch rim",240
79,247.29,-6.39,-606.68,-245.36,0.009,28.06,19.23,0.09,0.026,2.4727,12.17,43711.48,7.41,91.18,9.707,-0,-0.9998,134.35,138.26,120.8,24.98,Cornering,"Hoosier 43075 16x7.5-10 R20, 7 inch rim",241
78.97,247.3,-5.91,-611.52,-248.52,0.013,27.71,19.81,0.09,0.0238,2.4606,12.13,43706.08,7.41,91.19,9.747,-0,-0.9998,134.61,138.48,120.94,24.98,Cornering,"Hoosier 43075 16x7.5-10 R20, 7 inch rim",242
78.96,247.31,-5.12,-614.18,-250.54,0.01,26.58,19.34,0.09,0.0205,2.4515,12.12,43722.88,7.41,91.22,9.772,-0,-0.9998,134.78,138.61,121.12,24.99,Cornering,"Hoosier 43075 16x7.5-10 R20, 7 inch rim",243
78.99,247.32,-4.04,-612.93,-251.99,0.004,27.32,18.15,0.09,0.016,2.4324,12.16,43707.5,7.41,91.29,9.811,-0,-0.9998,134.95,138.86,121.18,24.98,Cornering,"Hoosier 43075 16x7.5-10 R20, 7 inch rim",244
78.98,247.33,-2.74,-607.96,-251.55,0.012,27.77,16.8,0.09,0.0109,2.4169,12.22,43722.52,7.41,91.34,9.85,-0,-0.9998,135.12,139.08,121.16,25,Cornering,"Hoosier 43075 16x7.5-10 R20, 7 inch rim",245
78.95,247.34,-1.46,-601.89,-249.35,0.009,27.92,15.72,0.16,0.0059,2.4138,12.27,25380,7.41,91.39,9.891,-0,-0.9997,135.31,139.27,121.04,25,Cornering,"Hoosier 43075 16x7.5-10 R20, 7 inch rim",246
78.98,247.35,-0.44,-596.74,-246.99,0.01,28.98,15.46,0.09,0.0018,2.4161,12.25,43720.11,7.41,91.46,9.941,-0,-0.9998,135.59,139.45,120.98,25,Cornering,"Hoosier 43075 16x7.5-10 R20, 7 inch rim",247
78.99,247.36,-0.24,-594.08,-243.34,0.004,28.49,15.67,0.03,0.001,2.4413,12.19,157864.47,7.41,91.47,9.977,-0,-1,135.87,139.56,120.96,25.02,Cornering,"Hoosier 43075 16x7.5-10 R20, 7 inch rim",248
78.96,247.37,-0.94,-594.22,-241.97,0.007,29.13,16.3,0.16,0.0039,2.4558,12.11,25388.26,7.41,91.52,10.009,-0,-0.9997,136.24,139.82,120.9,25.02,Cornering,"Hoosier 43075 16x7.5-10 R20, 7 inch rim",249
78.95,247.38,-2.65,-597.03,-241.6,0.014,29.15,16.76,0.16,0.011,2.4711,12.06,25378.34,7.41,91.54,10.059,-0,-0.9997,136.6,140.15,120.9,25.01,Cornering,"Hoosier 43075 16x7.5-10 R20, 7 inch rim",250
78.98,247.39,-4.13,-601.22,-243.07,0.004,29.08,17.41,0.09,0.017,2.4734,12.08,43679.01,7.41,91.56,10.092,-0,-0.9998,136.94,140.42,120.9,24.99,Cornering,"Hoosier 43075 16x7.5-10 R20, 7 inch rim",251
78.98,247.4,-5.1,-605.92,-245.87,0.022,28.42,17.85,0.16,0.0207,2.4644,12.14,25313.51,7.41,91.59,10.133,-0,-0.9997,137.14,140.59,120.96,24.96,Cornering,"Hoosier 43075 16x7.5-10 R20, 7 inch rim",252
78.94,247.41,-5.07,-610.28,-248.32,0.009,27.5,18.16,0.09,0.0204,2.4577,12.19,43586.55,7.41,91.61,10.173,-0,-0.9998,137.35,140.71,121.14,24.94,Cornering,"Hoosier 43075 16x7.5-10 R20, 7 inch rim",253
78.95,247.42,-4.69,-612.78,-251.3,0.007,27.28,17.72,0.09,0.0187,2.4384,12.25,43592.66,7.41,91.63,10.202,-0,-0.9998,137.52,140.84,121.22,24.95,Cornering,"Hoosier 43075 16x7.5-10 R20, 7 inch rim",254
78.98,247.43,-4.02,-611.86,-252.91,0.016,27.79,16.61,0.23,0.0159,2.4193,12.24,17833.54,7.4,91.66,10.245,-0,-0.9996,137.72,141.01,121.34,24.97,Cornering,"Hoosier 43075 16x7.5-10 R20, 7 inch rim",255
78.96,247.44,-2.99,-607.49,-252.84,0.001,28.28,15.13,0.09,0.0118,2.4026,12.19,43661.92,7.41,91.66,10.285,-0,-0.9998,137.8,141.23,121.36,25,Cornering,"Hoosier 43075 16x7.5-10 R20, 7 inch rim",256
78.94,247.45,-1.44,-601.58,-251.44,0.007,28.63,14.45,0.16,0.0057,2.3925,12.11,25339.04,7.4,91.64,10.324,-0,-0.9997,138.06,141.41,121.24,25,Cornering,"Hoosier 43075 16x7.5-10 R20, 7 inch rim",257
78.96,247.46,-0.66,-596.14,-249.27,0.013,29.33,13.73,0.09,0.0027,2.3915,12.07,43629.42,7.4,91.65,10.371,-0,-0.9998,138.34,141.61,121.2,24.98,Cornering,"Hoosier 43075 16x7.5-10 R20, 7 inch rim",258
78.97,247.47,-0.22,-593.33,-246.32,0.013,28.77,13.79,0.23,0.0009,2.4088,12.08,17823.78,7.4,91.68,10.413,-0,-0.9996,138.66,141.72,121.18,24.97,Cornering,"Hoosier 43075 16x7.5-10 R20, 7 inch rim",259
78.93,247.48,-0.95,-592.39,-244.5,0.019,29.3,13.88,0.09,0.0039,2.4229,12.11,43546.44,7.4,91.67,10.455,-0,-0.9998,139.02,141.98,121.16,24.94,Cornering,"Hoosier 43075 16x7.5-10 R20, 7 inch rim",260
78.94,247.49,-2.39,-593.77,-243.95,0.006,29.59,14.3,0.16,0.0098,2.434,12.19,25259.74,7.4,91.66,10.5,-0,-0.9997,139.37,142.31,121.1,24.93,Cornering,"Hoosier 43075 16x7.5-10 R20, 7 inch rim",261
78.97,247.5,-4.21,-597.52,-244.41,0.014,28.52,14.53,0.03,0.0172,2.4447,12.26,157063.75,7.4,91.68,10.543,-0,-1,139.75,142.64,121.16,24.94,Cornering,"Hoosier 43075 16x7.5-10 R20, 7 inch rim",262
78.95,247.51,-5.38,-601.72,-246.72,0.012,28.61,15.17,0.09,0.0218,2.4389,12.25,43519.74,7.4,91.69,10.57,-0,-0.9998,140.01,142.91,121.28,24.94,Cornering,"Hoosier 43075 16x7.5-10 R20, 7 inch rim",263
78.92,247.52,-6.03,-605.62,-249.2,0.006,28.18,15.16,0.09,0.0242,2.4302,12.19,43513.47,7.4,91.65,10.613,-0,-0.9998,140.18,143.06,121.48,24.94,Cornering,"Hoosier 43075 16x7.5-10 R20, 7 inch rim",264
78.95,247.53,-5.72,-608.44,-251.92,0.017,27.76,14.97,0.09,0.0227,2.4152,12.11,43525.72,7.4,91.67,10.667,-0,-0.9998,140.25,143.19,121.69,24.95,Cornering,"Hoosier 43075 16x7.5-10 R20, 7 inch rim",265
78.96,247.54,-5.01,-609.07,-253.76,0.01,27.47,14.03,0.23,0.0197,2.4002,12.06,17794.16,7.4,91.7,10.702,-0,-0.9996,140.33,143.43,121.79,24.95,Cornering,"Hoosier 43075 16x7.5-10 R20, 7 inch rim",266
78.93,247.55,-3.64,-606.11,-253.84,0.009,27.55,13.1,0.09,0.0143,2.3878,12.06,43555.82,7.4,91.72,10.738,-0,-0.9998,140.51,143.61,121.81,24.97,Cornering,"Hoosier 43075 16x7.5-10 R20, 7 inch rim",267
78.93,247.56,-2.09,-601.13,-253.31,0.006,28.75,12.19,0.23,0.0083,2.3731,12.11,17814.11,7.4,91.74,10.782,-0,-0.9996,140.7,143.83,121.75,24.98,Cornering,"Hoosier 43075 16x7.5-10 R20, 7 inch rim",268
78.95,247.57,-1.18,-596.31,-251.3,0.014,29.12,11.41,0.23,0.0047,2.3729,12.18,17807.71,7.4,91.78,10.819,-0,-0.9996,141,144.07,121.63,24.98,Cornering,"Hoosier 43075 16x7.5-10 R20, 7 inch rim",269
78.94,247.58,-0.27,-593.01,-248.39,0.003,29.13,11.52,0.09,0.0011,2.3874,12.25,43538.35,7.4,91.82,10.855,-0,-0.9998,141.32,144.23,121.63,24.97,Cornering,"Hoosier 43075 16x7.5-10 R20, 7 inch rim",270
78.91,247.59,-0.72,-591.46,-245.87,0.016,29.43,11.69,0.09,0.0029,2.4056,12.22,43501.82,7.4,91.85,10.896,-0,-0.9998,141.62,144.38,121.63,24.96,Cornering,"Hoosier 43075 16x7.5-10 R20, 7 inch rim",271
78.93,247.6,-2.19,-592.05,-244.49,0.003,29.92,11.89,0.09,0.009,2.4216,12.17,43495.36,7.4,91.82,10.939,-0,-0.9998,142.01,144.71,121.59,24.96,Cornering,"Hoosier 43075 16x7.5-10 R20, 7 inch rim",272
78.95,247.61,-4.21,-595.17,-244.54,0.004,29.13,12.05,0.16,0.0172,2.4338,12.11,25259.89,7.4,91.85,10.977,-0,-0.9997,142.37,145.09,121.61,24.97,Cornering,"Hoosier 43075 16x7.5-10 R20, 7 inch rim",273
78.92,247.62,-5.42,-598.6,-246.61,0.004,29.48,12.79,0.03,0.022,2.4273,12.06,157207,7.4,91.88,11.024,-0,-1,142.65,145.37,121.71,25,Cornering,"Hoosier 43075 16x7.5-10 R20, 7 inch rim",274
78.92,247.63,-6.02,-602.67,-249.73,0.013,29.24,13.26,0.16,0.0241,2.4133,12.05,25275.51,7.4,91.91,11.065,-0,-0.9997,142.8,145.42,121.89,25,Cornering,"Hoosier 43075 16x7.5-10 R20, 7 inch rim",275
78.94,247.64,-5.77,-605.8,-251.88,0.014,28.03,13.23,0.09,0.0229,2.4051,12.11,43510.55,7.4,91.96,11.106,-0,-0.9998,142.82,145.5,122.11,24.98,Cornering,"Hoosier 43075 16x7.5-10 R20, 7 inch rim",276
78.94,247.65,-4.82,-606.42,-254.14,0.001,28.11,12.74,0.16,0.019,2.3862,12.18,25227.89,7.4,92.02,11.14,-0,-0.9997,142.87,145.64,122.27,24.96,Cornering,"Hoosier 43075 16x7.5-10 R20, 7 inch rim",277
78.91,247.66,-3.56,-604.56,-255.94,0.003,29.08,11.92,0.09,0.0139,2.3621,12.22,43458.76,7.4,92.03,11.18,-0,-0.9998,143.04,145.81,122.37,24.96,Cornering,"Hoosier 43075 16x7.5-10 R20, 7 inch rim",278
78.92,247.67,-2.43,-599.43,-254.98,0.01,29.41,10.74,0.09,0.0095,2.3509,12.19,43471.66,7.4,92.03,11.227,-0,-0.9998,143.21,145.99,122.35,24.97,Cornering,"Hoosier 43075 16x7.5-10 R20, 7 inch rim",279
78.95,247.68,-1.36,-594.61,-252.38,0.02,29.13,10.1,0.16,0.0054,2.356,12.17,25252.28,7.39,92.08,11.26,-0,-0.9997,143.53,146.3,122.27,24.99,Cornering,"Hoosier 43075 16x7.5-10 R20, 7 inch rim",280
78.93,247.69,-0.26,-591.16,-250,0.006,29.4,10.24,0.09,0.0011,2.3646,12.09,43510.79,7.4,92.09,11.3,-0,-0.9998,143.87,146.47,122.25,25,Cornering,"Hoosier 43075 16x7.5-10 R20, 7 inch rim",281
78.92,247.7,-0.34,-589.91,-247.16,0.013,28.84,10.46,0.23,0.0014,2.3867,12.05,17786.93,7.4,92.12,11.35,-0,-0.9996,144.2,146.58,122.21,25,Cornering,"Hoosier 43075 16x7.5-10 R20, 7 inch rim",282
78.95,247.71,-1.56,-590.36,-245.73,0.007,29.16,10.53,0.03,0.0063,2.4025,12.08,156865.27,7.4,92.07,11.376,-0,-1,144.65,146.87,122.19,24.98,Cornering,"Hoosier 43075 16x7.5-10 R20, 7 inch rim",283
78.94,247.72,-3.08,-593.16,-245.66,0.004,28.97,10.98,0.09,0.0125,2.4146,12.14,43442.68,7.4,92.07,11.413,-0,-0.9998,145.1,147.24,122.17,24.97,Cornering,"Hoosier 43075 16x7.5-10 R20, 7 inch rim",284
78.92,247.73,-4.16,-596.12,-247.26,0.009,29.47,11.66,0.09,0.0168,2.4109,12.22,43424.95,7.4,92.07,11.462,-0,-0.9998,145.42,147.55,122.19,24.96,Cornering,"Hoosier 43075 16x7.5-10 R20, 7 inch rim",285
78.93,247.74,-5.08,-599.25,-249.7,0.007,29.21,11.81,0.16,0.0204,2.3998,12.26,25189.31,7.4,92.05,11.502,-0,-0.9997,145.55,147.7,122.35,24.95,Cornering,"Hoosier 43075 16x7.5-10 R20, 7 inch rim",286
78.96,247.75,-5.56,-601.91,-252.05,0.007,28.38,11.2,0.09,0.022,2.388,12.23,43382.71,7.4,92.02,11.538,-0,-0.9998,145.55,147.77,122.54,24.94,Cornering,"Hoosier 43075 16x7.5-10 R20, 7 inch rim",287
78.93,247.76,-5.25,-602.53,-254.71,0.001,28.75,10.29,0.09,0.0206,2.3656,12.17,43378.85,7.4,91.99,11.562,-0,-0.9998,145.5,147.84,122.72,24.94,Cornering,"Hoosier 43075 16x7.5-10 R20, 7 inch rim",288
78.92,247.77,-4.98,-601.3,-256.55,0.009,29.27,8.24,0.09,0.0194,2.3438,12.1,43362.63,7.4,91.96,11.601,-0,-0.9998,145.57,147.99,122.84,24.94,Cornering,"Hoosier 43075 16x7.5-10 R20, 7 inch rim",289
78.95,247.78,-5.65,-597.56,-256.63,0.004,30.02,4.98,0.16,0.022,2.3285,12.05,25154.04,7.4,91.94,11.631,-0,-0.9997,145.7,148.17,122.84,24.93,Cornering,"Hoosier 43075 16x7.5-10 R20, 7 inch rim",290
78.96,247.79,-6.51,-592.89,-256.19,0.01,31.79,1.73,0.16,0.0254,2.3143,12.05,25151.12,7.39,91.93,11.663,-0,-0.9997,146,148.41,122.76,24.93,Cornering,"Hoosier 43075 16x7.5-10 R20, 7 inch rim",291
78.93,247.8,-7.54,-589.92,-253.31,0.003,30.91,-0.75,0.09,0.0298,2.3288,12.11,43332.19,7.39,91.93,11.665,-0,-0.9998,146.36,148.67,122.72,24.93,Cornering,"Hoosier 43075 16x7.5-10 R20, 7 inch rim",292
78.93,247.81,-7.6,-589.13,-250.06,-0,28.8,-1.2,0.23,0.0304,2.356,12.2,17715.41,7.39,91.92,11.691,-0,-0.9996,146.75,148.78,122.64,24.93,Cornering,"Hoosier 43075 16x7.5-10 R20, 7 inch rim",293
78.97,247.82,-6.83,-589.61,-247.98,0.014,27.85,0.19,0.03,0.0275,2.3776,12.25,156463.53,7.39,91.92,11.697,-0,-1,147.14,149.03,122.56,24.94,Cornering,"Hoosier 43075 16x7.5-10 R20, 7 inch rim",294
78.95,247.83,-7.36,-591.01,-246.68,0.01,26.78,0.92,0.16,0.0298,2.3958,12.24,25186.58,7.39,91.89,11.721,-0,-0.9997,147.54,149.31,122.49,24.97,Cornering,"Hoosier 43075 16x7.5-10 R20, 7 inch rim",295
78.93,247.84,-9.8,-592.56,-247.32,0.007,27.34,-0.4,0.16,0.0396,2.3959,12.18,25192.83,7.39,91.88,11.717,-0,-0.9997,147.91,149.66,122.45,24.97,Cornering,"Hoosier 43075 16x7.5-10 R20, 7 inch rim",296
78.96,247.85,-13.24,-594.12,-249.19,0.009,27.92,-2.98,0.16,0.0531,2.3842,12.11,25185.65,7.39,91.9,11.731,-0,-0.9997,148.14,149.8,122.56,24.97,Cornering,"Hoosier 43075 16x7.5-10 R20, 7 inch rim",297
78.97,247.86,-16.44,-595.53,-252,0.017,29.12,-6.22,0.03,0.0653,2.3632,12.06,156549.33,7.39,91.89,11.737,-0,-1,148.16,149.86,122.74,24.96,Cornering,"Hoosier 43075 16x7.5-10 R20, 7 inch rim",298
78.94,247.87,-18.33,-597.55,-254.97,0.012,29.29,-8.93,0.16,0.0719,2.3437,12.08,25185.24,7.39,91.89,11.736,-0,-0.9997,148.06,149.82,122.98,24.97,Cornering,"Hoosier 43075 16x7.5-10 R20, 7 inch rim",299
78.98,247.89,-15.84,-597.58,-258.37,0.013,29.13,-9.18,0.09,0.0613,2.3128,12.23,43352.07,7.39,91.87,12.279,-0,-0.9998,148.08,150.13,123.14,24.94,Cornering,"Hoosier 43075 16x7.5-10 R20, 7 inch rim",300
78.96,247.9,-11.81,-594.63,-257.08,0.013,27.59,-6.09,0.16,0.0459,2.313,12.28,25144.85,7.39,91.88,12.279,-0,-0.9997,148.36,150.32,123.1,24.93,Cornering,"Hoosier 43075 16x7.5-10 R20, 7 inch rim",301
78.94,247.91,-7.51,-591.05,-255.28,0.01,27.63,-2,0.09,0.0294,2.3153,12.25,43333.54,7.39,91.9,12.269,-0,-0.9998,148.68,150.52,122.96,24.93,Cornering,"Hoosier 43075 16x7.5-10 R20, 7 inch rim",302
78.96,247.92,-4.77,-588.4,-252.11,0.012,27.04,1.39,0.16,0.0189,2.3339,12.21,25164.53,7.39,91.9,12.256,-0,-0.9997,149.09,150.76,122.82,24.94,Cornering,"Hoosier 43075 16x7.5-10 R20, 7 inch rim",303
78.98,247.93,-3.45,-586.5,-249.57,-0.002,28.12,4.24,0.09,0.0138,2.35,12.14,43387.36,7.39,91.94,12.248,-0,-0.9998,149.5,150.92,122.8,24.96,Cornering,"Hoosier 43075 16x7.5-10 R20, 7 inch rim",304
78.94,247.94,-3.31,-586.17,-248.4,-0.006,29.68,6.79,0.16,0.0133,2.3598,12.11,25195.37,7.4,91.95,12.239,-0,-0.9997,149.95,151.2,122.76,24.97,Cornering,"Hoosier 43075 16x7.5-10 R20, 7 inch rim",305
78.94,247.95,-2.73,-587.28,-248.58,0.016,30.35,10.28,0.23,0.011,2.3626,12.12,17748.56,7.39,91.95,12.238,-0,-0.9996,150.27,151.53,122.78,24.97,Cornering,"Hoosier 43075 16x7.5-10 R20, 7 inch rim",306
78.98,247.96,-1.87,-589.31,-249.47,0.009,29.91,13.71,0.09,0.0075,2.3623,12.19,43410.73,7.39,91.97,12.228,-0,-0.9998,150.53,151.8,122.9,24.97,Cornering,"Hoosier 43075 16x7.5-10 R20, 7 inch rim",307
78.97,247.97,-1.64,-591.81,-251.71,0.006,29.35,15.76,0.09,0.0065,2.3512,12.25,43381.42,7.39,91.95,12.222,-0,-0.9998,150.53,151.82,123.14,24.96,Cornering,"Hoosier 43075 16x7.5-10 R20, 7 inch rim",308
78.95,247.98,-1.44,-594.64,-254.75,0.014,29.11,16.48,0.16,0.0056,2.3342,12.27,25167.6,7.39,91.96,12.223,-0,-0.9997,150.37,151.78,123.4,24.94,Cornering,"Hoosier 43075 16x7.5-10 R20, 7 inch rim",309
78.97,247.99,-1.36,-595.9,-257.55,0.01,29.07,15.95,0.09,0.0053,2.3137,12.26,43391.73,7.39,91.98,12.22,-0,-0.9998,150.2,151.86,123.61,24.96,Cornering,"Hoosier 43075 16x7.5-10 R20, 7 inch rim",310
78.99,248,-1.03,-594.97,-259.43,0.009,29.56,14.62,0.03,0.004,2.2934,12.19,156704.91,7.39,92.01,12.206,-0,-1,150.14,152.04,123.73,24.98,Cornering,"Hoosier 43075 16x7.5-10 R20, 7 inch rim",311
78.96,248.01,0.34,-592.33,-258.41,0.01,28.28,13.71,0.09,-0.0013,2.2923,12.11,43433.18,7.39,92.05,12.213,-0,-0.9998,150.33,152.22,123.81,24.98,Cornering,"Hoosier 43075 16x7.5-10 R20, 7 inch rim",312
78.95,248.02,1.74,-588.9,-256.02,0.01,27.73,13.01,0.16,-0.0068,2.3002,12.09,25216.25,7.39,92.06,12.203,-0,-0.9997,150.65,152.44,123.67,24.99,Cornering,"Hoosier 43075 16x7.5-10 R20, 7 inch rim",313
78.98,248.03,2.09,-585.77,-253.25,0.006,28.25,11.57,0.09,-0.0082,2.313,12.13,43445.55,7.39,92.07,12.199,-0,-0.9998,151,152.64,123.67,24.99,Cornering,"Hoosier 43075 16x7.5-10 R20, 7 inch rim",314
78.98,248.04,0.55,-584.03,-249.66,0.006,27.9,8.93,0.09,-0.0022,2.3394,12.19,43457.92,7.39,92.08,12.185,-0,-0.9998,151.36,152.75,123.65,25,Cornering,"Hoosier 43075 16x7.5-10 R20, 7 inch rim",315
78.96,248.05,-2.94,-582.77,-247.78,0.01,28.89,5.29,0.16,0.0119,2.352,12.25,25235.79,7.39,92.11,12.182,-0,-0.9997,151.77,152.99,123.65,25.01,Cornering,"Hoosier 43075 16x7.5-10 R20, 7 inch rim",316
78.97,248.06,-7.53,-583.55,-247.38,0.017,29.31,1.67,0.09,0.0304,2.3589,12.27,43482.42,7.39,92.16,12.157,-0,-0.9998,152.18,153.32,123.63,25.01,Cornering,"Hoosier 43075 16x7.5-10 R20, 7 inch rim",317
79,248.07,-11.09,-584.47,-249.22,0.013,31.11,-0.84,0.09,0.0445,2.3452,12.25,43466.61,7.39,92.17,12.13,-0,-0.9998,152.46,153.67,123.69,25,Cornering,"Hoosier 43075 16x7.5-10 R20, 7 inch rim",318
78.98,248.08,-12.09,-586.34,-250.45,0.003,30.12,-0.86,0.16,0.0483,2.3411,12.17,25219.29,7.4,92.18,12.107,-0,-0.9997,152.58,153.71,123.83,24.98,Cornering,"Hoosier 43075 16x7.5-10 R20, 7 inch rim",319
78.95,248.09,-11.83,-588.55,-253.56,0.012,30.23,-0.34,0.03,0.0466,2.3212,12.12,156709.52,7.39,92.17,12.072,-0,-1,152.43,153.6,124.09,24.97,Cornering,"Hoosier 43075 16x7.5-10 R20, 7 inch rim",320
78.98,248.1,-12.17,-590.59,-255.64,0.01,28.59,-1.68,0.09,0.0476,2.3102,12.11,43410.12,7.39,92.21,12.042,-0,-0.9998,152.18,153.56,124.27,24.96,Cornering,"Hoosier 43075 16x7.5-10 R20, 7 inch rim",321
78.99,248.11,-14.7,-590.91,-257.17,0.013,27.93,-6.41,0.03,0.0572,2.2977,12.17,156670.2,7.39,92.22,12.013,-0,-1,152.01,153.63,124.43,24.96,Cornering,"Hoosier 43075 16x7.5-10 R20, 7 inch rim",322
78.97,248.12,-16.61,-590.14,-258.02,0.013,27.72,-10.61,0.16,0.0644,2.2872,12.25,25202.37,7.39,92.28,11.973,-0,-0.9997,152.09,153.85,124.39,24.96,Cornering,"Hoosier 43075 16x7.5-10 R20, 7 inch rim",323
78.97,248.13,-17.68,-588.11,-256.23,0.012,26.51,-13.49,0.09,0.069,2.2952,12.31,43426.77,7.39,92.28,11.936,-0,-0.9998,152.35,154.04,124.29,24.96,Cornering,"Hoosier 43075 16x7.5-10 R20, 7 inch rim",324
78.99,248.14,-16.48,-585.77,-253.69,0.014,26.47,-13.25,0.16,0.0649,2.309,12.31,25198.06,7.39,92.3,11.891,-0,-0.9997,152.71,154.31,124.15,24.94,Cornering,"Hoosier 43075 16x7.5-10 R20, 7 inch rim",325
78.98,248.15,-13.44,-583.72,-250.72,0.006,27.26,-9.51,0.09,0.0536,2.3281,12.29,43452.26,7.39,92.3,11.837,-0,-0.9998,153.08,154.48,124.11,24.96,Cornering,"Hoosier 43075 16x7.5-10 R20, 7 inch rim",326
78.95,248.16,-9.65,-582.31,-248.32,0.014,28.22,-3.75,0.09,0.0388,2.345,12.22,43487.2,7.39,92.32,11.807,-0,-0.9998,153.53,154.64,124.01,24.98,Cornering,"Hoosier 43075 16x7.5-10 R20, 7 inch rim",327
78.98,248.17,-7.04,-581.83,-247.09,0.001,28.97,1.58,0.03,0.0285,2.3547,12.13,157112.06,7.4,92.34,11.745,-0,-1,153.94,154.9,124.01,25,Cornering,"Hoosier 43075 16x7.5-10 R20, 7 inch rim",328
79,248.18,-6.76,-582,-247.85,0.017,30.18,4.97,0.09,0.0273,2.3482,12.12,43575.74,7.39,92.38,11.691,-0,-0.9998,154.37,155.19,124.01,25.02,Cornering,"Hoosier 43075 16x7.5-10 R20, 7 inch rim",329
78.97,248.19,-7.06,-583.41,-249.4,0.009,29.97,7.62,0.09,0.0283,2.3392,12.18,43592.42,7.4,92.39,11.648,-0,-0.9998,154.52,155.34,124.15,25.03,Cornering,"Hoosier 43075 16x7.5-10 R20, 7 inch rim",330
78.97,248.2,-6.41,-585.91,-251.82,0.006,29.49,10.49,0.16,0.0254,2.3267,12.27,25293.98,7.39,92.46,11.605,-0,-0.9997,154.45,155.21,124.39,25.01,Cornering,"Hoosier 43075 16x7.5-10 R20, 7 inch rim",331
79,248.21,-4.28,-588.89,-254.52,0.007,28.4,13.79,0.16,0.0168,2.3137,12.31,25287.44,7.4,92.51,11.546,-0,-0.9997,154.22,155.08,124.68,25,Cornering,"Hoosier 43075 16x7.5-10 R20, 7 inch rim",332
79,248.22,-1.45,-590.78,-256.85,0.007,27.54,16.47,0.09,0.0056,2.3001,12.33,43551.87,7.4,92.52,11.516,-0,-0.9998,153.91,155.06,124.9,24.99,Cornering,"Hoosier 43075 16x7.5-10 R20, 7 inch rim",333
78.96,248.23,1.04,-590.64,-257.93,0.013,26.8,17.72,0.03,-0.004,2.2899,12.28,157226.05,7.39,92.55,11.472,-0,-1,153.83,155.1,124.94,25,Cornering,"Hoosier 43075 16x7.5-10 R20, 7 inch rim",334
78.98,248.24,2.5,-588.15,-257.55,0.012,26.74,17.45,0.09,-0.0097,2.2837,12.19,43564.37,7.39,92.56,11.433,-0,-0.9998,153.96,155.28,124.88,24.99,Cornering,"Hoosier 43075 16x7.5-10 R20, 7 inch rim",335
79,248.25,2.84,-584.88,-255.56,0.014,26.87,16.02,0.09,-0.0111,2.2886,12.12,43560.27,7.39,92.58,11.393,-0,-0.9998,154.22,155.36,124.82,24.98,Cornering,"Hoosier 43075 16x7.5-10 R20, 7 inch rim",336
78.98,248.26,3.18,-581.9,-252.53,0.01,27.47,15.53,0.09,-0.0126,2.3042,12.12,43576.57,7.4,92.59,11.351,-0,-0.9998,154.47,155.5,124.76,24.99,Cornering,"Hoosier 43075 16x7.5-10 R20, 7 inch rim",337
78.97,248.27,3.19,-579.55,-249.59,0.016,28.3,15.76,0.09,-0.0128,2.322,12.17,43550.09,7.4,92.58,11.326,-0,-0.9998,154.82,155.58,124.68,24.97,Cornering,"Hoosier 43075 16x7.5-10 R20, 7 inch rim",338
79,248.28,2.59,-577.98,-247.65,0.016,29.7,16.59,0.23,-0.0105,2.3338,12.24,17796.57,7.39,92.6,11.28,-0,-0.9996,155.2,155.78,124.6,24.96,Cornering,"Hoosier 43075 16x7.5-10 R20, 7 inch rim",339
79,248.29,1.1,-577.8,-247.81,0.003,30.87,17.08,0.23,-0.0045,2.3317,12.29,17790.72,7.4,92.65,11.24,-0,-0.9996,155.52,156.03,124.6,24.94,Cornering,"Hoosier 43075 16x7.5-10 R20, 7 inch rim",340
78.97,248.3,-0.6,-579.38,-249.47,0.013,30.96,17.42,0.09,0.0024,2.3224,12.3,43506.76,7.39,92.64,11.208,-0,-0.9998,155.63,156.27,124.66,24.94,Cornering,"Hoosier 43075 16x7.5-10 R20, 7 inch rim",341
78.98,248.31,-1.88,-581.73,-251.39,0.012,29.53,17.69,0.16,0.0075,2.3141,12.26,25273.44,7.4,92.67,11.165,-0,-0.9997,155.59,156.22,124.86,24.96,Cornering,"Hoosier 43075 16x7.5-10 R20, 7 inch rim",342
79,248.32,-3.16,-585.17,-254.68,0.007,28.61,16.8,0.16,0.0124,2.2976,12.17,25275.5,7.4,92.68,11.141,-0,-0.9997,155.4,156.07,125.08,24.96,Cornering,"Hoosier 43075 16x7.5-10 R20, 7 inch rim",343
78.98,248.33,-3.37,-587.99,-257.63,0.009,27.72,15.72,0.09,0.0131,2.2823,12.11,43550.5,7.4,92.68,11.117,-0,-0.9998,155.1,155.94,125.28,24.96,Cornering,"Hoosier 43075 16x7.5-10 R20, 7 inch rim",344
78.97,248.34,-2.94,-588.31,-259.22,0.009,27.46,14.43,0.03,0.0113,2.2695,12.09,157186.02,7.4,92.67,11.068,-0,-1,154.9,156.05,125.43,24.96,Cornering,"Hoosier 43075 16x7.5-10 R20, 7 inch rim",345
79,248.35,-2.91,-586.61,-258.28,0.013,26.81,12.22,0.16,0.0113,2.2712,12.14,25278.32,7.39,92.69,11.038,-0,-0.9997,154.92,156.14,125.4,24.95,Cornering,"Hoosier 43075 16x7.5-10 R20, 7 inch rim",346
79.01,248.36,-2.84,-583,-256.02,0.001,26.99,10.05,0.09,0.0111,2.2772,12.22,43566.88,7.4,92.68,11.003,-0,-0.9998,155.16,156.29,125.26,24.96,Cornering,"Hoosier 43075 16x7.5-10 R20, 7 inch rim",347
78.98,248.37,-3.43,-579.56,-252.65,0.007,27.53,7.82,0.03,0.0136,2.2939,12.25,157199.47,7.4,92.68,10.972,-0,-1,155.37,156.42,125.26,24.95,Cornering,"Hoosier 43075 16x7.5-10 R20, 7 inch rim",348
78.98,248.38,-4.53,-577.52,-249.99,0.016,28.8,6.05,0.03,0.0181,2.3102,12.27,157292.53,7.39,92.64,10.933,-0,-1,155.67,156.6,125.1,24.96,Cornering,"Hoosier 43075 16x7.5-10 R20, 7 inch rim",349
79.01,248.39,-5.6,-575.94,-247.59,0.01,30.23,5.61,-0.04,0.0226,2.3262,12.22,-97834.25,7.39,92.65,10.895,-0,-1.0001,156.02,156.75,125,24.97,Cornering,"Hoosier 43075 16x7.5-10 R20, 7 inch rim",350
78.99,248.4,-6.92,-576.71,-246.63,0.012,30.12,5.99,0.16,0.0281,2.3384,12.14,25322.6,7.4,92.68,10.859,-0,-0.9997,156.4,156.93,124.94,24.98,Cornering,"Hoosier 43075 16x7.5-10 R20, 7 inch rim",351
78.96,248.41,-8.55,-579.36,-247.97,0.009,29.89,6.73,0.09,0.0345,2.3364,12.08,43644.52,7.4,92.71,10.814,-0,-0.9998,156.58,157.17,124.98,24.98,Cornering,"Hoosier 43075 16x7.5-10 R20, 7 inch rim",352
78.99,248.42,-9.8,-582.65,-250.62,0.007,29.45,7.23,0.09,0.0391,2.3248,12.12,43660.11,7.4,92.74,10.776,-0,-0.9998,156.58,157.24,125.08,24.99,Cornering,"Hoosier 43075 16x7.5-10 R20, 7 inch rim",353
79.01,248.43,-10.3,-585.63,-253.44,0.017,28.34,7.92,0.03,0.0406,2.3107,12.19,157502.64,7.39,92.8,10.737,-0,-1,156.4,157.1,125.32,24.98,Cornering,"Hoosier 43075 16x7.5-10 R20, 7 inch rim",354
78.97,248.44,-9.88,-588.14,-255.57,0.01,26.62,8.19,0.09,0.0387,2.3013,12.26,43611.63,7.4,92.83,10.688,-0,-0.9998,156.06,156.95,125.53,24.96,Cornering,"Hoosier 43075 16x7.5-10 R20, 7 inch rim",355
78.98,248.45,-8.66,-588.46,-257.11,0.006,26.29,8.41,0.16,0.0337,2.2888,12.3,25310.76,7.4,92.86,10.644,-0,-0.9997,155.8,156.88,125.73,24.95,Cornering,"Hoosier 43075 16x7.5-10 R20, 7 inch rim",356
79.01,248.46,-6.34,-586.29,-257.71,0.01,26.95,9.5,-0.11,0.0246,2.2749,12.29,-37326.56,7.39,92.9,10.61,-0,-1.0002,155.65,156.99,125.79,24.96,Cornering,"Hoosier 43075 16x7.5-10 R20, 7 inch rim",357
79,248.47,-3.75,-582.39,-255.88,0.01,27.68,10.63,0.03,0.0147,2.276,12.24,157340.36,7.4,92.92,10.551,-0,-1,155.74,157.15,125.67,24.94,Cornering,"Hoosier 43075 16x7.5-10 R20, 7 inch rim",358
78.97,248.48,-1.44,-578.96,-252.99,0.022,27.99,12.06,0.09,0.0057,2.2885,12.14,43605.27,7.39,92.92,10.515,-0,-0.9998,155.93,157.24,125.59,24.94,Cornering,"Hoosier 43075 16x7.5-10 R20, 7 inch rim",359
79,248.49,-1.02,-577.06,-250.16,0.012,28.94,12.53,0.16,0.0041,2.3068,12.08,25313.01,7.4,92.9,10.469,-0,-0.9997,156.1,157.32,125.55,24.94,Cornering,"Hoosier 43075 16x7.5-10 R20, 7 inch rim",360
79.01,248.5,-0.86,-576.26,-247.27,-0,28.92,13.79,0.16,0.0035,2.3305,12.11,25339.95,7.4,92.93,10.426,-0,-0.9997,156.43,157.39,125.49,24.96,Cornering,"Hoosier 43075 16x7.5-10 R20, 7 inch rim",361
78.98,248.51,-1.6,-577.18,-247.04,-0,29.67,15.13,0.09,0.0065,2.3364,12.16,43693.47,7.4,92.95,10.389,-0,-0.9998,156.75,157.52,125.36,24.98,Cornering,"Hoosier 43075 16x7.5-10 R20, 7 inch rim",362
78.97,248.52,-2.03,-578.91,-248.51,0.006,30.18,17.4,0.09,0.0082,2.3295,12.25,43709.83,7.4,92.95,10.343,-0,-0.9998,156.94,157.74,125.34,24.98,Cornering,"Hoosier 43075 16x7.5-10 R20, 7 inch rim",363
79.01,248.53,-2.43,-581.57,-250.49,0.006,29.06,19.23,0.16,0.0097,2.3218,12.28,25366.52,7.4,92.94,10.313,-0,-0.9997,157,157.87,125.4,24.98,Cornering,"Hoosier 43075 16x7.5-10 R20, 7 inch rim",364
79,248.54,-2.78,-584.4,-252.91,0.012,27.88,20.35,0.09,0.011,2.3108,12.26,43699.98,7.4,92.92,10.266,-0,-0.9998,156.88,157.79,125.63,24.97,Cornering,"Hoosier 43075 16x7.5-10 R20, 7 inch rim",365
78.98,248.55,-3.3,-586.74,-255.51,0.003,27.48,20.12,0.09,0.0129,2.2964,12.19,43735.03,7.4,92.91,10.232,-0,-0.9998,156.6,157.57,125.79,24.99,Cornering,"Hoosier 43075 16x7.5-10 R20, 7 inch rim",366
78.98,248.56,-3,-587.53,-257.67,0.007,27.81,19.56,0.09,0.0116,2.2802,12.11,43771.21,7.4,92.92,10.189,-0,-0.9998,156.34,157.5,125.97,25.01,Cornering,"Hoosier 43075 16x7.5-10 R20, 7 inch rim",367
79.01,248.57,-2.58,-586.3,-257.72,0.012,27.49,18.27,0.16,0.01,2.2749,12.05,25426.11,7.39,92.92,10.153,-0,-0.9997,156.17,157.59,126.05,25.03,Cornering,"Hoosier 43075 16x7.5-10 R20, 7 inch rim",368
78.98,248.58,-2.13,-583.32,-256.75,-0,28.17,16.5,0.16,0.0083,2.272,12.06,25440.65,7.4,92.96,10.117,-0,-0.9997,156.21,157.63,125.99,25.04,Cornering,"Hoosier 43075 16x7.5-10 R20, 7 inch rim",369
78.97,248.59,-1.54,-580.05,-254.78,0.013,28.71,15.27,0.09,0.006,2.2767,12.11,43835.84,7.4,92.96,10.084,-0,-0.9998,156.43,157.74,125.83,25.04,Cornering,"Hoosier 43075 16x7.5-10 R20, 7 inch rim",370
79.01,248.6,-1.19,-577.54,-250.98,0.003,27.88,14.13,0.09,0.0047,2.3011,12.19,43799.79,7.4,92.99,10.05,-0,-0.9998,156.58,157.74,125.73,25.01,Cornering,"Hoosier 43075 16x7.5-10 R20, 7 inch rim",371
79.01,248.61,-1.69,-576.27,-248.76,0.004,28.55,13.51,0.03,0.0068,2.3166,12.25,158045.19,7.4,93.01,10.004,-0,-1,156.88,157.85,125.65,25.01,Cornering,"Hoosier 43075 16x7.5-10 R20, 7 inch rim",372
78.97,248.62,-2.94,-576.12,-247.88,0.016,29.63,13.1,0.09,0.0118,2.3242,12.23,43829.3,7.39,93.05,9.98,-0,-0.9998,157.15,158.01,125.51,25.03,Cornering,"Hoosier 43075 16x7.5-10 R20, 7 inch rim",373
78.98,248.63,-5.12,-577.51,-247.78,0.006,28.98,12.74,0.09,0.0207,2.3307,12.16,43836.96,7.4,93.07,9.921,-0,-0.9998,157.43,158.18,125.4,25.03,Cornering,"Hoosier 43075 16x7.5-10 R20, 7 inch rim",374
79.01,248.64,-7.35,-579.22,-249.82,-0.003,29.8,12.48,0.09,0.0294,2.3186,12.08,43850.84,7.4,93.1,9.892,-0,-0.9998,157.54,158.31,125.51,25.03,Cornering,"Hoosier 43075 16x7.5-10 R20, 7 inch rim",375
78.98,248.65,-8.41,-581.89,-252.29,0.003,28.53,13.03,0.16,0.0334,2.3064,12.03,25466.47,7.4,93.11,9.855,-0,-0.9997,157.48,158.29,125.71,25.04,Cornering,"Hoosier 43075 16x7.5-10 R20, 7 inch rim",376
78.98,248.66,-9.04,-584.1,-254.58,0.01,27.85,13.15,0.03,0.0355,2.2944,12.02,158173.08,7.4,93.09,9.809,-0,-1,157.3,158.03,125.91,25.01,Cornering,"Hoosier 43075 16x7.5-10 R20, 7 inch rim",377
79,248.67,-8.59,-585.66,-257.27,0.001,27.77,13.32,0.09,0.0334,2.2764,12.08,43816.84,7.4,93.07,9.762,-0,-0.9998,156.94,157.94,126.11,25,Cornering,"Hoosier 43075 16x7.5-10 R20, 7 inch rim",378
79.01,248.68,-7.13,-584.75,-257.94,0.02,27.49,13.77,0.09,0.0276,2.267,12.17,43791.29,7.4,93.03,9.723,-0,-0.9998,156.75,157.94,126.25,24.98,Cornering,"Hoosier 43075 16x7.5-10 R20, 7 inch rim",379
78.97,248.69,-5.36,-581.94,-258.01,0.012,28.85,14.07,0.09,0.0208,2.2555,12.2,43786.59,7.39,93.01,9.68,-0,-0.9998,156.66,158.05,126.19,24.98,Cornering,"Hoosier 43075 16x7.5-10 R20, 7 inch rim",380
78.98,248.7,-3.54,-578.03,-255.53,0.009,28.92,14.18,0.09,0.0139,2.2621,12.18,43781.49,7.4,93,9.64,-0,-0.9998,156.79,158.14,126.03,24.97,Cornering,"Hoosier 43075 16x7.5-10 R20, 7 inch rim",381
79.01,248.71,-2.28,-575.69,-252.63,0.009,28.59,14.52,0.16,0.009,2.2788,12.14,25432.78,7.4,93.01,9.593,-0,-0.9997,156.94,158.14,125.93,24.99,Cornering,"Hoosier 43075 16x7.5-10 R20, 7 inch rim",382
78.99,248.72,-1.66,-574.26,-249.73,0.004,28.75,15.06,0.09,0.0067,2.2996,12.06,43822.23,7.4,93.04,9.559,-0,-0.9998,157.03,158.09,125.81,24.99,Cornering,"Hoosier 43075 16x7.5-10 R20, 7 inch rim",383
78.98,248.73,-1.84,-574.11,-247.88,0.01,28.65,16.21,0.03,0.0074,2.3161,12.01,158159.14,7.4,93.06,9.519,-0,-1,157.28,158.23,125.77,24.99,Cornering,"Hoosier 43075 16x7.5-10 R20, 7 inch rim",384
78.99,248.74,-3.05,-575.04,-248.13,0.009,29.01,17.13,0.23,0.0123,2.3175,12.02,17913.23,7.4,93.11,9.479,-0,-0.9996,157.52,158.42,125.71,24.98,Cornering,"Hoosier 43075 16x7.5-10 R20, 7 inch rim",385
79.01,248.75,-4.26,-576.61,-249.2,0.009,28.6,18.37,0.03,0.0171,2.3138,12.08,157977.44,7.4,93.15,9.433,-0,-1,157.63,158.47,125.71,24.96,Cornering,"Hoosier 43075 16x7.5-10 R20, 7 inch rim",386
78.97,248.76,-4.94,-579.12,-252.32,0.013,28.8,19.84,-0.04,0.0196,2.2952,12.17,-98302.52,7.4,93.2,9.4,-0,-1.0001,157.61,158.47,125.85,24.98,Cornering,"Hoosier 43075 16x7.5-10 R20, 7 inch rim",387
78.98,248.77,-4.92,-581.3,-254.25,0.003,27.92,21.28,0.03,0.0194,2.2863,12.21,158011.67,7.4,93.25,9.355,-0,-1,157.33,158.25,126.07,24.96,Cornering,"Hoosier 43075 16x7.5-10 R20, 7 inch rim",388
79,248.78,-4.73,-582.72,-256.81,-0,28.05,21.63,0.03,0.0184,2.269,12.19,158031.2,7.4,93.27,9.311,-0,-1,157.03,158.03,126.29,24.96,Cornering,"Hoosier 43075 16x7.5-10 R20, 7 inch rim",389
78.99,248.79,-3.76,-582.73,-258.71,0.01,28.77,21.76,0.09,0.0145,2.2524,12.17,43796.12,7.4,93.29,9.275,-0,-0.9998,156.77,157.98,126.42,24.96,Cornering,"Hoosier 43075 16x7.5-10 R20, 7 inch rim",390
78.96,248.8,-3.03,-580.7,-257.99,0.003,28.51,20.69,0.09,0.0118,2.2509,12.08,43841.32,7.4,93.28,9.238,-0,-0.9998,156.53,158.05,126.37,24.98,Cornering,"Hoosier 43075 16x7.5-10 R20, 7 inch rim",391
78.98,248.81,-1.94,-577.44,-256.19,0.016,28.42,19.77,0.3,0.0076,2.2539,12.05,13843.8,7.4,93.29,9.198,-0,-0.9995,156.6,158.07,126.23,24.99,Cornering,"Hoosier 43075 16x7.5-10 R20, 7 inch rim",392
78.99,248.82,-1.23,-574.15,-253.7,0.014,28.91,18.73,0.03,0.0048,2.2632,12.06,158460.11,7.4,93.31,9.169,-0,-1,156.64,158.12,126.11,25.01,Cornering,"Hoosier 43075 16x7.5-10 R20, 7 inch rim",393
78.96,248.83,-1.1,-572.11,-250.66,0.006,28.47,17.97,0.09,0.0044,2.2824,12.11,43916.12,7.4,93.34,9.123,-0,-0.9998,156.64,158.03,126.07,25.01,Cornering,"Hoosier 43075 16x7.5-10 R20, 7 inch rim",394
78.97,248.84,-1.58,-571.49,-248.78,0.016,28.37,17.92,0.03,0.0063,2.2971,12.17,158461.03,7.4,93.36,9.082,-0,-1,156.7,158.09,125.99,25.01,Cornering,"Hoosier 43075 16x7.5-10 R20, 7 inch rim",395
78.99,248.85,-3.18,-571.47,-248.16,0.007,28.83,17.88,0.16,0.0128,2.3029,12.19,25471.38,7.4,93.39,9.048,-0,-0.9997,156.88,158.2,125.97,24.99,Cornering,"Hoosier 43075 16x7.5-10 R20, 7 inch rim",396
78.98,248.86,-4.76,-573.51,-249.59,0.01,28.28,18.42,0.03,0.0191,2.2978,12.18,158342.84,7.4,93.42,9.015,-0,-1,157,158.34,125.93,24.98,Cornering,"Hoosier 43075 16x7.5-10 R20, 7 inch rim",397
78.94,248.87,-6.34,-575.07,-251,0.006,27.92,18.94,0.09,0.0252,2.2911,12.13,43904.05,7.4,93.42,8.967,-0,-0.9998,157.07,158.36,126.07,25,Cornering,"Hoosier 43075 16x7.5-10 R20, 7 inch rim",398
78.96,248.88,-7.77,-576.96,-254.33,0.006,28.5,18.76,0.09,0.0306,2.2685,12.05,43918.92,7.4,93.41,8.927,-0,-0.9998,156.85,158.23,126.27,25,Cornering,"Hoosier 43075 16x7.5-10 R20, 7 inch rim",399
78.99,248.89,-8.51,-578.68,-256.68,0.003,28.42,18.29,0.09,0.0332,2.2545,12.04,43953.3,7.4,93.44,8.894,-0,-0.9998,156.64,158.09,126.46,25.02,Cornering,"Hoosier 43075 16x7.5-10 R20, 7 inch rim",400
78.95,248.9,-7.82,-578.84,-257.97,0.004,28.7,18.32,0.09,0.0303,2.2438,12.08,43917.22,7.4,93.43,8.854,-0,-0.9998,156.45,157.98,126.6,25,Cornering,"Hoosier 43075 16x7.5-10 R20, 7 inch rim",401
78.94,248.91,-6.71,-577.75,-258.53,0.004,29.1,17.69,0.23,0.026,2.2347,12.15,17962.36,7.4,93.42,8.814,-0,-0.9996,156.3,157.98,126.66,25,Cornering,"Hoosier 43075 16x7.5-10 R20, 7 inch rim",402
78.97,248.92,-5.03,-575.1,-257.23,0.003,28.92,17.36,-0.04,0.0196,2.2357,12.2,-98446.7,7.4,93.4,8.773,-0,-1.0001,156.25,158.07,126.56,24.97,Cornering,"Hoosier 43075 16x7.5-10 R20, 7 inch rim",403
78.97,248.93,-3.95,-571.99,-254.57,0.019,28.25,16.77,0.16,0.0155,2.2469,12.19,25451.42,7.4,93.4,8.73,-0,-0.9997,156.4,158.14,126.4,24.95,Cornering,"Hoosier 43075 16x7.5-10 R20, 7 inch rim",404
78.94,248.94,-2.75,-569.47,-251.48,-0,27.99,17.24,0.09,0.0109,2.2645,12.17,43865.91,7.4,93.36,8.68,-0,-0.9998,156.47,158.09,126.33,24.96,Cornering,"Hoosier 43075 16x7.5-10 R20, 7 inch rim",405
78.95,248.95,-2.38,-569,-249.08,0.006,27.31,17.97,0.23,0.0096,2.2844,12.11,17936.78,7.4,93.31,8.648,-0,-0.9996,156.55,158.07,126.25,24.96,Cornering,"Hoosier 43075 16x7.5-10 R20, 7 inch rim",406
78.97,248.96,-3.38,-569.15,-248.52,0.001,27.54,18.81,0.16,0.0136,2.2901,12.06,25465.78,7.4,93.24,8.601,-0,-0.9997,156.68,158.16,126.15,24.96,Cornering,"Hoosier 43075 16x7.5-10 R20, 7 inch rim",407
78.95,248.97,-4.97,-569.79,-249.51,0.01,28.7,20.01,0.09,0.0199,2.2836,12.04,43879.91,7.4,93.18,8.555,-0,-0.9998,156.85,158.27,126.05,24.96,Cornering,"Hoosier 43075 16x7.5-10 R20, 7 inch rim",408
78.93,248.98,-6.16,-571.52,-251.19,0.014,28.23,21.48,0.16,0.0245,2.2752,12.08,25465.62,7.4,93.18,8.512,-0,-0.9997,156.9,158.27,126.09,24.95,Cornering,"Hoosier 43075 16x7.5-10 R20, 7 inch rim",409
78.96,248.99,-7.12,-572.94,-253.9,0.017,28.68,22.56,0.09,0.0281,2.2566,12.16,43878.45,7.4,93.2,8.476,-0,-0.9998,156.73,158.14,126.31,24.95,Cornering,"Hoosier 43075 16x7.5-10 R20, 7 inch rim",410
78.96,249,-7.16,-574.34,-256.27,0.01,28.48,23.26,0.09,0.028,2.2411,12.21,43914.55,7.4,93.24,8.426,-0,-0.9998,156.4,157.92,126.52,24.97,Cornering,"Hoosier 43075 16x7.5-10 R20, 7 inch rim",411
78.93,249.01,-6.15,-574.5,-258.41,0.004,28.9,24.07,0.09,0.0238,2.2233,12.18,43949.22,7.4,93.3,8.389,-0,-0.9998,156.19,157.79,126.68,24.98,Cornering,"Hoosier 43075 16x7.5-10 R20, 7 inch rim",412
78.94,249.02,-4.43,-573.43,-259.46,0.01,29.2,24.31,0.09,0.0171,2.2101,12.13,43973.05,7.4,93.33,8.357,-0,-0.9998,155.93,157.72,126.76,25,Cornering,"Hoosier 43075 16x7.5-10 R20, 7 inch rim",413
78.96,249.03,-2.5,-570.78,-258.72,0.01,29.14,24.14,0.03,0.0097,2.2062,12.03,158700.55,7.4,93.37,8.319,-0,-1,155.82,157.7,126.7,25,Cornering,"Hoosier 43075 16x7.5-10 R20, 7 inch rim",414
78.94,249.04,-1.44,-568.13,-256.46,0.013,28.3,23.29,0.09,0.0056,2.2153,12.02,44012.35,7.4,93.44,8.277,-0,-0.9998,155.82,157.72,126.56,25.01,Cornering,"Hoosier 43075 16x7.5-10 R20, 7 inch rim",415
78.92,249.05,-0.38,-565.78,-253.76,0.01,27.84,23.05,0.16,0.0015,2.2296,12.04,25560.16,7.4,93.47,8.234,-0,-0.9997,155.85,157.74,126.42,25.03,Cornering,"Hoosier 43075 16x7.5-10 R20, 7 inch rim",416
78.94,249.06,-0.61,-564.38,-251.62,0.014,27.69,22.81,0.23,0.0024,2.243,12.11,18011.17,7.4,93.49,8.198,-0,-0.9996,155.89,157.63,126.4,25.03,Cornering,"Hoosier 43075 16x7.5-10 R20, 7 inch rim",417
78.95,249.07,-1.63,-563.75,-249.7,0.01,27.03,23.11,0.16,0.0065,2.2577,12.21,25558.24,7.4,93.44,8.17,-0,-0.9997,156.02,157.68,126.23,25.02,Cornering,"Hoosier 43075 16x7.5-10 R20, 7 inch rim",418
78.92,249.08,-3.28,-563.74,-250.66,0.007,28.42,23.5,0.09,0.0131,2.249,12.26,44007.43,7.4,93.45,8.133,-0,-0.9998,156.12,157.81,126.19,25,Cornering,"Hoosier 43075 16x7.5-10 R20, 7 inch rim",419
78.92,249.09,-5.34,-564.53,-251.64,0.006,28.28,23.92,0.09,0.0212,2.2434,12.24,43971.92,7.4,93.44,8.082,-0,-0.9998,156.25,157.83,126.19,24.98,Cornering,"Hoosier 43075 16x7.5-10 R20, 7 inch rim",420
78.95,249.1,-6.82,-565.79,-254.47,0.004,28.94,24.14,0.16,0.0268,2.2234,12.19,25542.46,7.4,93.41,8.041,-0,-0.9997,156.17,157.7,126.33,25,Cornering,"Hoosier 43075 16x7.5-10 R20, 7 inch rim",421
78.94,249.11,-7.79,-567.06,-256.98,0.013,29.05,24.08,0.09,0.0303,2.2066,12.12,44030,7.4,93.4,8.015,-0,-0.9998,155.82,157.52,126.44,25.01,Cornering,"Hoosier 43075 16x7.5-10 R20, 7 inch rim",422
78.91,249.12,-7.08,-567.85,-259.37,0.014,28.91,24.65,0.16,0.0273,2.1893,12.08,25575.99,7.4,93.41,7.977,-0,-0.9997,155.52,157.35,126.48,25.03,Cornering,"Hoosier 43075 16x7.5-10 R20, 7 inch rim",423
78.93,249.13,-6.1,-567.07,-260.27,0.01,29.21,24.08,0.09,0.0235,2.1787,12.12,44099.73,7.4,93.44,7.934,-0,-0.9998,155.27,157.3,126.46,25.04,Cornering,"Hoosier 43075 16x7.5-10 R20, 7 inch rim",424
78.94,249.14,-4.84,-565.52,-260.57,0.014,28.82,23.27,0.09,0.0186,2.1704,12.17,44093.21,7.4,93.44,7.898,-0,-0.9998,155.05,157.24,126.27,25.04,Cornering,"Hoosier 43075 16x7.5-10 R20, 7 inch rim",425
78.91,249.15,-4.03,-562.23,-258.82,-0,28.97,21.87,0.03,0.0156,2.1723,12.27,158912.83,7.4,93.46,7.858,-0,-1,154.94,157.19,125.95,25,Cornering,"Hoosier 43075 16x7.5-10 R20, 7 inch rim",426
78.91,249.16,-3.22,-559.59,-256.26,0.012,27.98,21.21,0.16,0.0126,2.1837,12.3,25532.15,7.4,93.45,7.818,-0,-0.9997,154.92,157.15,125.67,24.97,Cornering,"Hoosier 43075 16x7.5-10 R20, 7 inch rim",427
78.94,249.17,-3.48,-557.25,-253.56,0.007,27.34,20.39,0.09,0.0137,2.1977,12.32,43993.63,7.4,93.43,7.773,-0,-0.9998,154.88,157.04,125.45,24.97,Cornering,"Hoosier 43075 16x7.5-10 R20, 7 inch rim",428
78.94,249.18,-4.2,-556.01,-251.85,0.022,27.26,21.03,0.09,0.0167,2.2077,12.24,43987.61,7.4,93.38,7.732,-0,-0.9998,154.9,156.97,125.3,24.97,Cornering,"Hoosier 43075 16x7.5-10 R20, 7 inch rim",429
78.9,249.19,-5.33,-555.69,-251.62,0.007,27.72,22.21,0.09,0.0212,2.2084,12.16,44001.84,7.4,93.33,7.692,-0,-0.9998,154.97,157.08,125.18,24.97,Cornering,"Hoosier 43075 16x7.5-10 R20, 7 inch rim",430
78.91,249.2,-6.78,-556.32,-252.78,0.01,27.82,23.51,0.23,0.0268,2.2008,12.11,17992.94,7.4,93.29,7.641,-0,-0.9996,154.97,157.1,125.1,24.97,Cornering,"Hoosier 43075 16x7.5-10 R20, 7 inch rim",431
78.94,249.21,-7.5,-557.26,-255.05,0.006,28.59,25.03,0.09,0.0294,2.1849,12.13,44030.96,7.4,93.22,7.604,-0,-0.9998,154.88,157.06,125.28,24.98,Cornering,"Hoosier 43075 16x7.5-10 R20, 7 inch rim",432
78.91,249.22,-7.93,-558.38,-258.07,0.02,29.36,26.05,0.03,0.0307,2.1637,12.19,158871.73,7.4,93.2,7.564,-0,-1,154.64,156.91,125.63,24.98,Cornering,"Hoosier 43075 16x7.5-10 R20, 7 inch rim",433
78.9,249.23,-7.04,-559.47,-260.37,0.004,29.43,27.22,0.23,0.027,2.1488,12.26,18006.03,7.41,93.23,7.524,-0,-0.9996,154.3,156.8,125.99,24.98,Cornering,"Hoosier 43075 16x7.5-10 R20, 7 inch rim",434
78.93,249.24,-5.94,-559.48,-261.92,0.004,29.55,27.54,0.16,0.0227,2.1361,12.31,25545.41,7.4,93.3,7.485,-0,-0.9997,154,156.64,126.29,24.97,Cornering,"Hoosier 43075 16x7.5-10 R20, 7 inch rim",435
78.93,249.25,-4.29,-558.24,-261.17,0.009,28.41,27.35,0.16,0.0164,2.1375,12.29,25548.07,7.41,93.3,7.438,-0,-0.9997,153.79,156.62,126.44,24.97,Cornering,"Hoosier 43075 16x7.5-10 R20, 7 inch rim",436
78.9,249.26,-2.98,-555.59,-259.62,0.007,27.63,26.63,-0.04,0.0115,2.14,12.22,-98701.71,7.4,93.34,7.402,-0,-1.0001,153.64,156.55,126.54,24.96,Cornering,"Hoosier 43075 16x7.5-10 R20, 7 inch rim",437
78.91,249.27,-1.21,-552.95,-256.92,0.012,26.17,26.66,0.03,0.0047,2.1522,12.13,158798.81,7.4,93.37,7.351,-0,-1,153.55,156.49,126.56,24.96,Cornering,"Hoosier 43075 16x7.5-10 R20, 7 inch rim",438
78.94,249.28,-0.6,-549.67,-255.14,0.016,27.04,26.56,0.16,0.0024,2.1544,12.05,25548.66,7.4,93.41,7.321,-0,-0.9997,153.59,156.31,126.58,24.96,Cornering,"Hoosier 43075 16x7.5-10 R20, 7 inch rim",439
78.91,249.29,-0.58,-547.8,-252.9,0.007,26.35,27.25,0.03,0.0023,2.166,12.07,158896.62,7.41,93.41,7.281,-0,-1,153.55,156.18,126.66,24.97,Cornering,"Hoosier 43075 16x7.5-10 R20, 7 inch rim",440
78.89,249.3,-2.02,-546.55,-252.84,0.007,27.54,27.9,0.09,0.008,2.1616,12.09,44055.55,7.41,93.4,7.243,-0,-0.9998,153.57,156.16,126.7,24.98,Cornering,"Hoosier 43075 16x7.5-10 R20, 7 inch rim",441
78.92,249.31,-3.41,-546.09,-253.11,0.01,27.57,28.98,0.09,0.0135,2.1575,12.18,44069.67,7.41,93.4,7.202,-0,-0.9998,153.68,156.2,126.76,24.98,Cornering,"Hoosier 43075 16x7.5-10 R20, 7 inch rim",442
78.93,249.32,-5.44,-546.4,-254.39,-0,27.84,29.27,0.16,0.0214,2.1479,12.27,25563.42,7.41,93.41,7.159,-0,-0.9997,153.68,156.18,126.94,24.97,Cornering,"Hoosier 43075 16x7.5-10 R20, 7 inch rim",443
78.89,249.33,-6.47,-547.06,-257.48,0.017,28.81,29.96,0.03,0.0251,2.1247,12.27,158837.61,7.41,93.4,7.127,-0,-1,153.44,155.91,127.26,24.95,Cornering,"Hoosier 43075 16x7.5-10 R20, 7 inch rim",444
78.89,249.34,-7.19,-547.84,-259.87,0.012,29.15,29.68,0.09,0.0277,2.1081,12.22,43977.38,7.41,93.44,7.094,-0,-0.9998,153.14,155.78,127.53,24.93,Cornering,"Hoosier 43075 16x7.5-10 R20, 7 inch rim",445
78.93,249.35,-6.59,-548.47,-261.86,0.003,29.01,29.66,0.09,0.0252,2.0945,12.13,43981.96,7.41,93.49,7.044,-0,-0.9998,152.8,155.67,127.71,24.93,Cornering,"Hoosier 43075 16x7.5-10 R20, 7 inch rim",446
78.91,249.36,-5.55,-548.01,-262.87,0.004,28.6,29.23,0.09,0.0211,2.0847,12.06,44026.25,7.41,93.55,7.007,-0,-0.9998,152.54,155.65,127.79,24.95,Cornering,"Hoosier 43075 16x7.5-10 R20, 7 inch rim",447
78.89,249.37,-4.35,-546.47,-262.09,0.014,27.37,28.32,0.09,0.0166,2.085,12.03,44060.44,7.41,93.61,6.968,-0,-0.9998,152.24,155.52,127.75,24.97,Cornering,"Hoosier 43075 16x7.5-10 R20, 7 inch rim",448
78.91,249.38,-2.92,-543.81,-259.91,0.006,26.4,27.82,0.09,0.0112,2.0923,12.08,44114.81,7.41,93.67,6.933,-0,-0.9998,152.07,155.47,127.63,25,Cornering,"Hoosier 43075 16x7.5-10 R20, 7 inch rim",449
78.92,249.39,-2.92,-540.85,-256.77,0.01,25.34,26.54,0.09,0.0114,2.1064,12.17,44128.51,7.41,93.7,6.894,-0,-0.9998,152.01,155.28,127.57,25,Cornering,"Hoosier 43075 16x7.5-10 R20, 7 inch rim",450
78.9,249.4,-3.14,-537.74,-254.55,0.017,25.55,26.18,0.09,0.0123,2.1125,12.22,44121.85,7.41,93.68,6.854,-0,-0.9998,151.92,155.12,127.55,25,Cornering,"Hoosier 43075 16x7.5-10 R20, 7 inch rim",451
78.89,249.41,-4.39,-535.54,-252.89,-0,25.51,26.16,0.16,0.0174,2.1177,12.24,25599.15,7.42,93.68,6.818,-0,-0.9997,152.01,155.03,127.49,24.98,Cornering,"Hoosier 43075 16x7.5-10 R20, 7 inch rim",452
78.92,249.42,-6.28,-533.83,-254.11,0.007,27.86,26.63,0.16,0.0247,2.1008,12.19,25601.2,7.41,93.66,6.778,-0,-0.9997,152.11,155.12,127.51,24.98,Cornering,"Hoosier 43075 16x7.5-10 R20, 7 inch rim",453
78.91,249.43,-7.21,-533.69,-255.19,0.004,28.07,28.1,0.09,0.0282,2.0913,12.1,44122.34,7.42,93.69,6.732,-0,-0.9998,152.11,155.1,127.69,24.99,Cornering,"Hoosier 43075 16x7.5-10 R20, 7 inch rim",454
78.89,249.44,-7.84,-534.02,-257.19,0.012,27.72,29.35,0.09,0.0305,2.0764,12.03,44115.71,7.41,93.73,6.691,-0,-0.9998,151.96,154.95,127.89,24.98,Cornering,"Hoosier 43075 16x7.5-10 R20, 7 inch rim",455
78.91,249.45,-7.86,-535.28,-260.62,0.01,28.39,30.29,0.09,0.0302,2.0539,12,44108.82,7.42,93.73,6.652,-0,-0.9998,151.68,154.81,128.19,24.98,Cornering,"Hoosier 43075 16x7.5-10 R20, 7 inch rim",456
78.92,249.46,-7.36,-536.07,-263.01,0.007,28.17,30.58,0.16,0.028,2.0382,12.03,25597.54,7.42,93.75,6.615,-0,-0.9997,151.36,154.7,128.44,24.97,Cornering,"Hoosier 43075 16x7.5-10 R20, 7 inch rim",457
78.89,249.47,-5.88,-536.09,-264.67,0.013,28.04,30.68,0.09,0.0222,2.0255,12.11,44084.85,7.42,93.73,6.573,-0,-0.9998,151.17,154.64,128.46,24.96,Cornering,"Hoosier 43075 16x7.5-10 R20, 7 inch rim",458
78.89,249.48,-4.35,-534.37,-264.07,0.001,26.98,30.18,0.03,0.0165,2.0236,12.19,159138.44,7.42,93.73,6.532,-0,-1,150.91,154.48,128.42,24.97,Cornering,"Hoosier 43075 16x7.5-10 R20, 7 inch rim",459
78.92,249.49,-2.73,-531.73,-261.54,-0.002,25.23,29.73,0.16,0.0105,2.033,12.18,25603.87,7.42,93.73,6.486,-0,-0.9997,150.83,154.35,128.36,24.97,Cornering,"Hoosier 43075 16x7.5-10 R20, 7 inch rim",460
78.91,249.5,-1.6,-527.68,-258.33,0.004,24.79,29.52,0.03,0.0062,2.0426,12.13,159277.88,7.42,93.74,6.437,-0,-1,150.7,154.13,128.31,24.98,Cornering,"Hoosier 43075 16x7.5-10 R20, 7 inch rim",461
78.89,249.51,-1.97,-524.25,-256.57,0.009,25.64,29.02,0.09,0.0077,2.0433,12.05,44150.69,7.42,93.71,6.399,-0,-0.9998,150.61,153.91,128.23,24.99,Cornering,"Hoosier 43075 16x7.5-10 R20, 7 inch rim",462
78.9,249.52,-2.93,-520.66,-254.34,0.007,25.86,29.31,0.16,0.0115,2.0471,11.97,25633.24,7.42,93.66,6.37,-0,-0.9997,150.59,153.71,128.21,25,Cornering,"Hoosier 43075 16x7.5-10 R20, 7 inch rim",463
78.92,249.53,-4.73,-518.49,-254.87,0.016,27.4,29.8,0.09,0.0186,2.0343,11.95,44166.93,7.42,93.6,6.326,-0,-0.9998,150.53,153.76,128.25,25,Cornering,"Hoosier 43075 16x7.5-10 R20, 7 inch rim",464
78.9,249.54,-5.64,-517.41,-256.04,0.017,28.29,31.5,0.09,0.022,2.0208,11.97,44169.27,7.42,93.55,6.297,-0,-0.9998,150.53,153.76,128.36,25,Cornering,"Hoosier 43075 16x7.5-10 R20, 7 inch rim",465
78.88,249.55,-6.84,-517.58,-257.78,0.012,27.84,32.58,0.09,0.0265,2.0078,12.04,44213.73,7.42,93.53,6.254,-0,-0.9998,150.4,153.6,128.56,25.02,Cornering,"Hoosier 43075 16x7.5-10 R20, 7 inch rim",466
78.91,249.56,-7.24,-518.69,-260.74,0.009,27.29,33.42,0.09,0.0278,1.9893,12.13,44206.95,7.42,93.49,6.211,-0,-0.9998,150.07,153.38,128.86,25.01,Cornering,"Hoosier 43075 16x7.5-10 R20, 7 inch rim",467
78.92,249.57,-6.99,-519.64,-263.49,0.01,27.18,33.58,0.09,0.0265,1.9722,12.14,44220.74,7.42,93.48,6.167,-0,-0.9998,149.82,153.21,129.12,25.02,Cornering,"Hoosier 43075 16x7.5-10 R20, 7 inch rim",468
78.88,249.58,-6.14,-520.12,-265.56,0.01,27.14,33.43,0.09,0.0231,1.9586,12.08,44193.75,7.42,93.47,6.119,-0,-0.9998,149.5,153.1,129.22,25,Cornering,"Hoosier 43075 16x7.5-10 R20, 7 inch rim",469
78.9,249.59,-4.69,-519.2,-265.62,0.01,26.21,32.96,0.16,0.0177,1.9546,12,25664.84,7.43,93.46,6.075,-0,-0.9997,149.24,152.94,129.26,25.01,Cornering,"Hoosier 43075 16x7.5-10 R20, 7 inch rim",470
78.92,249.6,-2.97,-516.39,-263.54,0.009,25.32,32.22,0.16,0.0113,1.9594,11.92,25672.16,7.43,93.48,6.045,-0,-0.9997,149.13,152.77,129.24,25.02,Cornering,"Hoosier 43075 16x7.5-10 R20, 7 inch rim",471
78.9,249.61,-1.95,-512.8,-261.03,0.001,25.07,31.42,0.16,0.0075,1.9645,11.9,25697.56,7.43,93.49,6.009,-0,-0.9997,148.96,152.68,129.14,25.04,Cornering,"Hoosier 43075 16x7.5-10 R20, 7 inch rim",472
78.88,249.62,-1.73,-508.43,-257.81,0.007,24.92,30.92,0.09,0.0067,1.9721,11.96,44287.69,7.43,93.48,5.966,-0,-0.9998,148.87,152.44,129.08,25.05,Cornering,"Hoosier 43075 16x7.5-10 R20, 7 inch rim",473
78.9,249.63,-2.56,-504.54,-256.27,0.01,25.95,30.83,0.03,0.01,1.9688,12.05,159866.91,7.43,93.44,5.933,-0,-1,148.79,152.26,129.08,25.05,Cornering,"Hoosier 43075 16x7.5-10 R20, 7 inch rim",474
78.91,249.64,-3.84,-501.88,-254.91,-0,26.18,31.77,0.16,0.0151,1.9688,12.1,25708.81,7.43,93.4,5.89,-0,-0.9997,148.77,152.22,129.1,25.05,Cornering,"Hoosier 43075 16x7.5-10 R20, 7 inch rim",475
78.88,249.65,-5.4,-500.19,-255.55,0.004,26.72,32.71,0.16,0.0211,1.9573,12.11,25692.73,7.43,93.39,5.85,-0,-0.9997,148.81,152.17,129.2,25.03,Cornering,"Hoosier 43075 16x7.5-10 R20, 7 inch rim",476
78.89,249.66,-6.45,-499.89,-257.75,0.003,27.38,33.95,0.16,0.025,1.9394,12.08,25676.63,7.43,93.39,5.81,-0,-0.9997,148.7,152.08,129.45,25.01,Cornering,"Hoosier 43075 16x7.5-10 R20, 7 inch rim",477
78.91,249.67,-7.14,-500.39,-260.8,0.013,27.48,34.78,-0.04,0.0274,1.9187,12,-99175.38,7.43,93.39,5.764,-0,-1.0001,148.51,151.82,129.71,25,Cornering,"Hoosier 43075 16x7.5-10 R20, 7 inch rim",478
78.9,249.68,-7.12,-501.5,-263.99,0.019,27.24,35,0.03,0.027,1.8997,11.93,159441.58,7.43,93.39,5.729,-0,-1,148.25,151.64,129.97,24.98,Cornering,"Hoosier 43075 16x7.5-10 R20, 7 inch rim",479
78.88,249.69,-6.11,-502.13,-265.93,0.007,26.25,34.94,0.09,0.023,1.8882,11.92,44165.25,7.43,93.43,5.686,-0,-0.9998,147.99,151.53,130.13,24.97,Cornering,"Hoosier 43075 16x7.5-10 R20, 7 inch rim",480
78.9,249.7,-4.76,-501.51,-266.6,0.006,25.74,34.45,0.09,0.0178,1.8811,11.98,44167.75,7.43,93.47,5.651,-0,-0.9998,147.82,151.38,130.23,24.97,Cornering,"Hoosier 43075 16x7.5-10 R20, 7 inch rim",481
78.91,249.71,-3.34,-499.18,-265.17,0.004,24.95,33.44,0.09,0.0126,1.8824,12.06,44170.14,7.44,93.5,5.618,-0,-0.9998,147.63,151.25,130.13,24.97,Cornering,"Hoosier 43075 16x7.5-10 R20, 7 inch rim",482
78.89,249.72,-2.22,-495.91,-262.31,0.009,23.89,32.71,0.09,0.0085,1.8906,12.14,44162.05,7.44,93.51,5.588,-0,-0.9998,147.52,151.05,130.11,24.96,Cornering,"Hoosier 43075 16x7.5-10 R20, 7 inch rim",483
78.89,249.73,-1.81,-491.54,-258.85,0.009,23.74,32.22,0.09,0.007,1.899,12.17,44155.88,7.44,93.55,5.531,-0,-0.9998,147.39,150.81,130.07,24.96,Cornering,"Hoosier 43075 16x7.5-10 R20, 7 inch rim",484
78.91,249.74,-2.61,-487.02,-256.16,0.01,24.31,32.03,0.03,0.0102,1.9012,12.14,159280.59,7.44,93.57,5.494,-0,-1,147.35,150.61,130.09,24.94,Cornering,"Hoosier 43075 16x7.5-10 R20, 7 inch rim",485
78.91,249.75,-4.05,-483.6,-255.18,0.014,25.06,32.56,0.09,0.0159,1.8951,12.08,44161.82,7.44,93.54,5.446,-0,-0.9998,147.39,150.54,130.05,24.96,Cornering,"Hoosier 43075 16x7.5-10 R20, 7 inch rim",486
78.88,249.76,-5.74,-481.58,-255.4,0.013,25.74,33.55,0.03,0.0225,1.8856,12,159375.94,7.44,93.51,5.409,-0,-1,147.39,150.5,130.17,24.96,Cornering,"Hoosier 43075 16x7.5-10 R20, 7 inch rim",487
78.9,249.77,-6.8,-480.81,-257.27,-0,26.16,35.05,0.16,0.0264,1.8689,11.99,25647.12,7.44,93.48,5.376,-0,-0.9997,147.35,150.46,130.36,24.97,Cornering,"Hoosier 43075 16x7.5-10 R20, 7 inch rim",488
78.91,249.78,-7.75,-481.15,-260.27,0.009,26.6,36.04,0.16,0.0298,1.8487,12.03,25648.61,7.44,93.46,5.339,-0,-0.9997,147.18,150.28,130.66,24.97,Cornering,"Hoosier 43075 16x7.5-10 R20, 7 inch rim",489
78.89,249.79,-7.46,-481.79,-263.64,0.006,26.34,36.91,0.23,0.0283,1.8274,12.08,18065.09,7.44,93.41,5.283,-0,-0.9996,146.94,150.06,130.86,24.96,Cornering,"Hoosier 43075 16x7.5-10 R20, 7 inch rim",490
78.88,249.8,-7.06,-482.43,-266.14,0.001,25.87,36.85,0.03,0.0265,1.8127,12.14,159490.52,7.44,93.38,5.245,-0,-1,146.68,149.93,131.04,24.97,Cornering,"Hoosier 43075 16x7.5-10 R20, 7 inch rim",491
78.91,249.81,-5.45,-482.45,-267.35,0.007,25.2,36.87,0.03,0.0204,1.8046,12.14,159501.58,7.44,93.33,5.199,-0,-1,146.45,149.82,131.14,24.97,Cornering,"Hoosier 43075 16x7.5-10 R20, 7 inch rim",492
78.91,249.82,-3.61,-480.89,-265.79,0.003,23.32,36.68,0.16,0.0136,1.8093,12.1,25655.42,7.45,93.32,5.164,-0,-0.9997,146.3,149.66,131.06,24.97,Cornering,"Hoosier 43075 16x7.5-10 R20, 7 inch rim",493
78.88,249.83,-2.36,-477.78,-263.51,0.013,23.1,35.89,0.03,0.009,1.8132,12.02,159594.06,7.45,93.32,5.121,-0,-1,146.19,149.51,131.02,24.98,Cornering,"Hoosier 43075 16x7.5-10 R20, 7 inch rim",494
78.9,249.84,-1.85,-473.88,-259.51,0.013,22.28,35.43,0.09,0.0071,1.8261,11.95,44257.98,7.45,93.33,5.086,-0,-0.9998,146.08,149.29,131.04,25,Cornering,"Hoosier 43075 16x7.5-10 R20, 7 inch rim",495
78.92,249.85,-2.21,-469.66,-257.07,0.009,23.1,35.41,-0.04,0.0086,1.827,11.92,-99356.94,7.45,93.33,5.041,-0,-1.0001,146.04,149.16,131.06,25.01,Cornering,"Hoosier 43075 16x7.5-10 R20, 7 inch rim",496
78.89,249.86,-3.53,-465.45,-255.87,0.009,24.57,35.84,0.16,0.0138,1.8191,11.95,25709.18,7.45,93.33,5.003,-0,-0.9997,146.02,149,131.08,25.01,Cornering,"Hoosier 43075 16x7.5-10 R20, 7 inch rim",497
78.88,249.87,-4.66,-462.98,-255.61,0.013,24.58,37.28,0.16,0.0182,1.8113,12.01,25704.76,7.45,93.35,4.961,-0,-0.9997,146.06,149,131.18,25.01,Cornering,"Hoosier 43075 16x7.5-10 R20, 7 inch rim",498
78.91,249.88,-5.95,-461.43,-257.2,0.01,25.58,38.56,0.16,0.0231,1.794,12.06,25700.43,7.45,93.35,4.917,-0,-0.9997,146,148.96,131.33,25,Cornering,"Hoosier 43075 16x7.5-10 R20, 7 inch rim",499
78.91,249.89,-7.37,-460.99,-259.52,0.01,25.19,39.08,0.16,0.0284,1.7763,12.07,25689.55,7.45,93.44,4.888,-0,-0.9997,145.8,148.83,131.53,24.99,Cornering,"Hoosier 43075 16x7.5-10 R20, 7 inch rim",500
78.87,249.9,-7.46,-461.16,-262.63,0.004,24.76,39.54,0.16,0.0284,1.7559,12.02,25691.15,7.46,93.51,4.844,-0,-0.9997,145.57,148.59,131.73,24.99,Cornering,"Hoosier 43075 16x7.5-10 R20, 7 inch rim",501
78.89,249.91,-6.57,-461.66,-265.69,0.013,24.07,40.16,0.09,0.0247,1.7376,11.94,44255.09,7.45,93.56,4.806,-0,-0.9998,145.29,148.41,131.93,24.98,Cornering,"Hoosier 43075 16x7.5-10 R20, 7 inch rim",502
78.92,249.92,-5.37,-461.51,-267.12,0.003,23.73,39.82,0.03,0.0201,1.7277,11.87,159675.88,7.46,93.59,4.762,-0,-1,145.08,148.39,132.07,24.98,Cornering,"Hoosier 43075 16x7.5-10 R20, 7 inch rim",503
78.89,249.93,-3.8,-460.42,-267.3,0.004,23.31,39.28,0.09,0.0142,1.7225,11.84,44250.04,7.46,93.61,4.72,-0,-0.9998,144.9,148.25,132.05,24.98,Cornering,"Hoosier 43075 16x7.5-10 R20, 7 inch rim",504
78.87,249.94,-2.32,-458.08,-263.79,0.003,21.44,38.71,0.09,0.0088,1.7365,11.9,44252.44,7.46,93.62,4.68,-0,-0.9998,144.77,148.1,132.01,24.98,Cornering,"Hoosier 43075 16x7.5-10 R20, 7 inch rim",505
78.91,249.95,-1.78,-453.88,-260.85,0.013,21.79,37.88,0.23,0.0068,1.74,11.97,18098.36,7.46,93.61,4.647,-0,-0.9996,144.62,147.9,131.99,24.98,Cornering,"Hoosier 43075 16x7.5-10 R20, 7 inch rim",506
78.91,249.96,-1.88,-449.34,-257.59,0.003,22.03,37.68,0.16,0.0073,1.7444,12.02,25693.4,7.46,93.58,4.609,-0,-0.9997,144.54,147.66,131.99,24.98,Cornering,"Hoosier 43075 16x7.5-10 R20, 7 inch rim",507
78.88,249.97,-3.16,-444.36,-255.35,0.007,23.02,37.7,0.09,0.0124,1.7402,12.03,44268.61,7.46,93.56,4.58,-0,-0.9998,144.52,147.57,132.03,24.98,Cornering,"Hoosier 43075 16x7.5-10 R20, 7 inch rim",508
78.89,249.98,-4.61,-440.96,-254.79,0.02,23.02,38.57,0.09,0.0181,1.7307,11.99,44251.14,7.46,93.53,4.527,-0,-0.9998,144.5,147.53,132.09,24.97,Cornering,"Hoosier 43075 16x7.5-10 R20, 7 inch rim",509
78.91,249.99,-6.06,-438.32,-255.69,0.014,23.75,39.69,0.16,0.0237,1.7143,11.89,25691.33,7.46,93.52,4.493,-0,-0.9997,144.5,147.46,132.24,24.98,Cornering,"Hoosier 43075 16x7.5-10 R20, 7 inch rim",510
78.9,250,-7.52,-437.25,-258.42,0.007,24.35,40.28,0.16,0.0291,1.692,11.84,25710.39,7.46,93.54,4.457,-0,-0.9997,144.39,147.31,132.46,25,Cornering,"Hoosier 43075 16x7.5-10 R20, 7 inch rim",511
78.88,250.01,-8.52,-437.29,-261.34,0.023,23.17,40.21,0.03,0.0326,1.6733,11.84,159821.5,7.46,93.57,4.423,-0,-1,144.24,147.07,132.72,24.99,Cornering,"Hoosier 43075 16x7.5-10 R20, 7 inch rim",512
78.9,250.02,-8.25,-437.29,-264.98,-0.003,23.43,40.14,0.09,0.0312,1.6503,11.88,44310.67,7.47,93.61,4.383,-0,-0.9998,144.07,146.93,132.98,25,Cornering,"Hoosier 43075 16x7.5-10 R20, 7 inch rim",513
78.91,250.03,-7.28,-437.48,-266.79,0.01,21.93,39.94,0.03,0.0273,1.6398,11.97,159874.38,7.47,93.62,4.344,-0,-1,143.83,146.82,133.16,25,Cornering,"Hoosier 43075 16x7.5-10 R20, 7 inch rim",514
78.88,250.04,-5.75,-436.39,-266.97,0.009,21.42,39.49,0.09,0.0215,1.6346,12.01,44284.42,7.47,93.65,4.3,-0,-0.9998,143.68,146.76,133.16,24.98,Cornering,"Hoosier 43075 16x7.5-10 R20, 7 inch rim",515
78.88,250.05,-4.12,-433.9,-264.46,0.003,20.35,39.04,0.09,0.0156,1.6407,12.01,44255.7,7.47,93.67,4.261,-0,-0.9998,143.59,146.67,133.14,24.97,Cornering,"Hoosier 43075 16x7.5-10 R20, 7 inch rim",516
78.91,250.06,-3.69,-430.46,-261.1,0.009,19.86,37.96,0.16,0.0141,1.6487,11.96,25693.95,7.47,93.68,4.225,-0,-0.9997,143.53,146.43,133.14,24.97,Cornering,"Hoosier 43075 16x7.5-10 R20, 7 inch rim",517
78.9,250.07,-3.91,-425.47,-257.28,0.013,20.22,37.26,0.09,0.0152,1.6537,11.88,44280.68,7.47,93.66,4.178,-0,-0.9998,143.4,146.3,133.21,24.98,Cornering,"Hoosier 43075 16x7.5-10 R20, 7 inch rim",518
78.87,250.08,-4.72,-420.64,-255.17,0.016,21.27,37.38,0.09,0.0185,1.6485,11.84,44333.93,7.47,93.64,4.142,-0,-0.9998,143.34,146.19,133.27,25.01,Cornering,"Hoosier 43075 16x7.5-10 R20, 7 inch rim",519
78.89,250.09,-5.91,-416.28,-254.2,0.004,22.28,37.99,0.03,0.0233,1.6376,11.86,160143.53,7.47,93.61,4.102,-0,-1,143.34,146.14,133.29,25.03,Cornering,"Hoosier 43075 16x7.5-10 R20, 7 inch rim",520
78.91,250.1,-7.28,-413.03,-254.84,0.006,22.52,39.15,0.16,0.0286,1.6207,11.91,25776.83,7.47,93.62,4.049,-0,-0.9997,143.36,146.14,133.45,25.05,Cornering,"Hoosier 43075 16x7.5-10 R20, 7 inch rim",521
78.89,250.11,-8.11,-411.04,-256.57,0.012,22.01,40.53,0.16,0.0316,1.602,11.99,25765.66,7.47,93.64,4.023,-0,-0.9997,143.34,146.01,133.65,25.04,Cornering,"Hoosier 43075 16x7.5-10 R20, 7 inch rim",522
78.88,250.12,-8.59,-410.14,-259.84,0.019,21.5,41.26,0.09,0.0331,1.5784,12.03,44393.76,7.47,93.63,3.977,-0,-0.9998,143.12,145.79,133.93,25.04,Cornering,"Hoosier 43075 16x7.5-10 R20, 7 inch rim",523
78.91,250.13,-8.19,-409.38,-263.59,0.006,21.67,41.68,0.03,0.0311,1.5531,12.02,160064.47,7.48,93.63,3.926,-0,-1,142.95,145.64,134.18,25.01,Cornering,"Hoosier 43075 16x7.5-10 R20, 7 inch rim",524
78.91,250.14,-7.35,-409.25,-265.57,0.003,20.02,41.49,0.09,0.0277,1.541,11.95,44325.65,7.48,93.63,3.9,-0,-0.9998,142.78,145.57,134.28,25,Cornering,"Hoosier 43075 16x7.5-10 R20, 7 inch rim",525
78.88,250.15,-5.42,-408.18,-266.97,0.016,19.77,41.7,0.09,0.0203,1.5289,11.84,44317.61,7.48,93.66,3.854,-0,-0.9998,142.61,145.48,134.36,24.99,Cornering,"Hoosier 43075 16x7.5-10 R20, 7 inch rim",526
78.89,250.16,-4.29,-405.83,-265.27,0.003,19.01,40.59,0.09,0.0162,1.5299,11.81,44319.4,7.48,93.71,3.817,-0,-0.9998,142.54,145.42,134.26,24.99,Cornering,"Hoosier 43075 16x7.5-10 R20, 7 inch rim",527
78.91,250.17,-3.05,-402.09,-261.99,0.009,18.46,40.09,0.03,0.0116,1.5347,11.84,159870.14,7.48,93.76,3.764,-0,-1,142.46,145.26,134.3,24.98,Cornering,"Hoosier 43075 16x7.5-10 R20, 7 inch rim",528
78.9,250.18,-2.92,-396.79,-258.1,0.009,18.46,39.23,0.16,0.0113,1.5374,11.88,25714.12,7.48,93.8,3.737,-0,-0.9997,142.33,145.06,134.32,24.98,Cornering,"Hoosier 43075 16x7.5-10 R20, 7 inch rim",529
78.87,250.19,-3.32,-391.49,-256.38,0.006,19.87,39.3,0.09,0.013,1.527,11.97,44283.75,7.48,93.81,3.701,-0,-0.9998,142.31,144.95,134.38,24.97,Cornering,"Hoosier 43075 16x7.5-10 R20, 7 inch rim",530
78.91,250.2,-5.03,-386.37,-254.33,0.019,19.5,39.36,0.09,0.0198,1.5192,12,44286.38,7.48,93.79,3.644,-0,-0.9998,142.29,144.89,134.5,24.97,Cornering,"Hoosier 43075 16x7.5-10 R20, 7 inch rim",531
78.91,250.21,-6.49,-382.18,-254.95,0.013,20.44,40.14,0.09,0.0255,1.499,11.97,44267.7,7.48,93.8,3.602,-0,-0.9998,142.31,144.82,134.6,24.96,Cornering,"Hoosier 43075 16x7.5-10 R20, 7 inch rim",532
78.88,250.22,-7.79,-379.87,-256.37,0.013,19.81,41.09,0.16,0.0304,1.4817,11.89,25682.94,7.48,93.78,3.562,-0,-0.9997,142.29,144.73,134.82,24.94,Cornering,"Hoosier 43075 16x7.5-10 R20, 7 inch rim",533
78.89,250.23,-8.8,-378.19,-259.87,0.016,19.71,41.27,0.09,0.0339,1.4553,11.81,44271.07,7.48,93.77,3.526,-0,-0.9998,142.16,144.6,135.02,24.96,Cornering,"Hoosier 43075 16x7.5-10 R20, 7 inch rim",534
78.91,250.24,-8.91,-377.12,-263.91,-0.005,19.57,41.34,0.03,0.0337,1.429,11.8,159767.81,7.49,93.75,3.482,-0,-1,141.99,144.38,135.25,24.96,Cornering,"Hoosier 43075 16x7.5-10 R20, 7 inch rim",535
78.9,250.25,-8.11,-376.68,-267.13,-0.003,18.88,41.26,-0.04,0.0303,1.4101,11.83,-99410.18,7.49,93.71,3.453,-0,-1.0001,141.81,144.23,135.37,24.98,Cornering,"Hoosier 43075 16x7.5-10 R20, 7 inch rim",536
78.87,250.26,-6.86,-375.3,-267.68,0.004,17.33,40.77,0.16,0.0256,1.402,11.89,25728.44,7.49,93.71,3.415,-0,-0.9997,141.64,144.12,135.47,24.98,Cornering,"Hoosier 43075 16x7.5-10 R20, 7 inch rim",537
78.9,250.27,-5.51,-373.13,-266.84,0.01,16.62,39.98,-0.04,0.0207,1.3983,11.96,-99395.82,7.49,93.72,3.362,-0,-1.0001,141.47,144.01,135.45,24.97,Cornering,"Hoosier 43075 16x7.5-10 R20, 7 inch rim",538
78.92,250.28,-4.52,-369.07,-263.56,0.007,16.18,38.98,0.09,0.0171,1.4003,11.97,44290.19,7.49,93.72,3.319,-0,-0.9998,141.39,143.85,135.47,24.96,Cornering,"Hoosier 43075 16x7.5-10 R20, 7 inch rim",539
78.88,250.29,-4.54,-364.08,-259.82,0.009,16.18,37.67,0.03,0.0175,1.4013,11.96,159796.73,7.49,93.73,3.292,-0,-1,141.23,143.65,135.53,24.96,Cornering,"Hoosier 43075 16x7.5-10 R20, 7 inch rim",540
78.88,250.3,-4.84,-358.33,-257.06,0.02,16.97,37.5,0.09,0.0188,1.3939,11.89,44272.42,7.49,93.72,3.25,-0,-0.9998,141.23,143.5,135.63,24.95,Cornering,"Hoosier 43075 16x7.5-10 R20, 7 inch rim",541
78.91,250.31,-5.77,-352.88,-255.66,0.017,17.92,37.87,-0.04,0.0226,1.3803,11.81,-99386.49,7.49,93.73,3.211,-0,-1.0001,141.21,143.43,135.67,24.97,Cornering,"Hoosier 43075 16x7.5-10 R20, 7 inch rim",542
78.9,250.32,-7.32,-348.21,-255.32,0.009,18.37,38.3,-0.04,0.0287,1.3638,11.81,-99435.69,7.49,93.71,3.177,-0,-1.0001,141.23,143.43,135.77,24.98,Cornering,"Hoosier 43075 16x7.5-10 R20, 7 inch rim",543
78.88,250.33,-8.86,-345.13,-257.02,0.014,18.19,38.8,0.09,0.0345,1.3428,11.87,44359.34,7.49,93.69,3.133,-0,-0.9998,141.26,143.35,135.97,25,Cornering,"Hoosier 43075 16x7.5-10 R20, 7 inch rim",544
78.9,250.34,-9.65,-343.14,-260.15,0.009,18.15,39.41,0.16,0.0371,1.319,11.94,25747.57,7.5,93.66,3.108,-0,-0.9997,141.15,143.26,136.16,25,Cornering,"Hoosier 43075 16x7.5-10 R20, 7 inch rim",545
78.91,250.35,-9.48,-341.3,-263.67,0.004,18.06,39.9,0.09,0.0359,1.2944,12,44351.68,7.5,93.62,3.064,-0,-0.9998,141,143.06,136.36,24.99,Cornering,"Hoosier 43075 16x7.5-10 R20, 7 inch rim",546
78.88,250.36,-9.09,-340.24,-266.71,0.001,16.93,39.5,0.23,0.0341,1.2757,12.02,18117.62,7.5,93.56,3.031,-0,-0.9996,140.87,142.93,136.5,24.97,Cornering,"Hoosier 43075 16x7.5-10 R20, 7 inch rim",547
78.88,250.37,-7.94,-338.55,-268.31,0.01,16.18,38.99,0.16,0.0296,1.2618,11.97,25702.52,7.5,93.52,2.984,-0,-0.9997,140.72,142.8,136.62,24.95,Cornering,"Hoosier 43075 16x7.5-10 R20, 7 inch rim",548
78.91,250.38,-6.66,-336.22,-267.26,0.007,14.68,38.04,0.16,0.0249,1.258,11.86,25697.19,7.5,93.51,2.954,-0,-0.9997,140.61,142.69,136.58,24.94,Cornering,"Hoosier 43075 16x7.5-10 R20, 7 inch rim",549
78.9,250.39,-5.5,-332.48,-264.39,0.013,14.09,36.9,0.03,0.0208,1.2576,11.81,159775.2,7.5,93.45,2.909,-0,-1,140.59,142.64,136.6,24.94,Cornering,"Hoosier 43075 16x7.5-10 R20, 7 inch rim",550
78.87,250.4,-5.34,-327.49,-261.28,0.007,14.55,35.6,0.09,0.0204,1.2534,11.79,44276.62,7.5,93.43,2.865,-0,-0.9998,140.51,142.53,136.72,24.94,Cornering,"Hoosier 43075 16x7.5-10 R20, 7 inch rim",551
78.9,250.41,-5.66,-322.03,-257.55,0.009,13.98,34.85,0.09,0.022,1.2504,11.83,44288.4,7.5,93.37,2.822,-0,-0.9998,140.42,142.36,136.74,24.95,Cornering,"Hoosier 43075 16x7.5-10 R20, 7 inch rim",552
78.91,250.42,-7.63,-315.96,-255.81,0.007,15.32,33.86,0.16,0.0298,1.2351,11.92,25712.34,7.51,93.35,2.796,-0,-0.9997,140.42,142.33,136.84,24.96,Cornering,"Hoosier 43075 16x7.5-10 R20, 7 inch rim",553
78.88,250.43,-9.09,-310.84,-254.65,0.013,15.14,34.36,0.09,0.0357,1.2207,12,44321.95,7.51,93.32,2.743,-0,-0.9998,140.44,142.38,136.9,24.97,Cornering,"Hoosier 43075 16x7.5-10 R20, 7 inch rim",554
78.88,250.44,-10.37,-306.81,-256.19,0.001,16.11,35.16,0.03,0.0405,1.1976,12.02,160059.58,7.51,93.31,2.712,-0,-1,140.42,142.31,137.02,24.98,Cornering,"Hoosier 43075 16x7.5-10 R20, 7 inch rim",555
78.91,250.45,-11.19,-304.21,-258.27,0.022,15.03,35.96,0.09,0.0433,1.1779,11.97,44365.64,7.51,93.3,2.666,-0,-0.9998,140.36,142.2,137.17,24.99,Cornering,"Hoosier 43075 16x7.5-10 R20, 7 inch rim",556
78.91,250.46,-11.59,-302.06,-262,0.016,15.12,36.01,-0.04,0.0442,1.1529,11.89,-99572.5,7.51,93.25,2.619,-0,-1.0001,140.18,142,137.37,25,Cornering,"Hoosier 43075 16x7.5-10 R20, 7 inch rim",557
78.88,250.47,-10.71,-300.53,-265.23,0.009,14.33,36.21,-0.04,0.0404,1.1331,11.81,-99622.2,7.51,93.22,2.568,-0,-1.0001,139.99,141.94,137.47,25.01,Cornering,"Hoosier 43075 16x7.5-10 R20, 7 inch rim",558
78.89,250.48,-9.51,-299,-267.88,0.017,13.96,35.81,0.09,0.0355,1.1162,11.8,44452.34,7.51,93.21,2.527,-0,-0.9998,139.86,141.83,137.49,25.04,Cornering,"Hoosier 43075 16x7.5-10 R20, 7 inch rim",559
78.92,250.49,-8.25,-296.36,-267.67,0.014,13.35,34.65,0.16,0.0308,1.1072,11.84,25801.79,7.51,93.21,2.483,-0,-0.9997,139.73,141.74,137.47,25.04,Cornering,"Hoosier 43075 16x7.5-10 R20, 7 inch rim",560
78.89,250.5,-6.3,-292.47,-264.77,0.014,12.07,34.37,-0.04,0.0238,1.1046,11.91,-99769.37,7.51,93.2,2.441,-0,-1.0001,139.6,141.67,137.45,25.05,Cornering,"Hoosier 43075 16x7.5-10 R20, 7 inch rim",561
78.87,250.51,-5.17,-287.33,-261.31,0.013,11.84,33.81,0.16,0.0198,1.0995,11.99,25803.33,7.51,93.22,2.392,-0,-0.9997,139.52,141.63,137.45,25.04,Cornering,"Hoosier 43075 16x7.5-10 R20, 7 inch rim",562
78.91,250.52,-5.38,-281.09,-257.08,0.004,11.5,32.94,0.03,0.0209,1.0934,11.98,160247.06,7.52,93.23,2.359,-0,-1,139.45,141.48,137.47,25.01,Cornering,"Hoosier 43075 16x7.5-10 R20, 7 inch rim",563
78.91,250.53,-6.08,-274.55,-254.47,0.012,12.21,32.97,0.09,0.0239,1.0789,11.94,44355.71,7.52,93.26,2.311,-0,-0.9998,139.43,141.41,137.55,24.98,Cornering,"Hoosier 43075 16x7.5-10 R20, 7 inch rim",564
78.88,250.54,-7.69,-268.97,-253.81,0.016,12.75,33.01,0.03,0.0303,1.0597,11.86,160069.52,7.52,93.29,2.278,-0,-1,139.5,141.34,137.61,24.98,Cornering,"Hoosier 43075 16x7.5-10 R20, 7 inch rim",565
78.88,250.55,-9.4,-264.16,-254.29,0.012,13.35,33.31,0.03,0.037,1.0388,11.81,160073.95,7.52,93.28,2.232,-0,-1,139.54,141.34,137.77,24.98,Cornering,"Hoosier 43075 16x7.5-10 R20, 7 inch rim",566
78.91,250.56,-10.11,-261.08,-256.24,0.013,12.87,34.28,0.16,0.0394,1.0189,11.8,25782.55,7.52,93.26,2.196,-0,-0.9997,139.45,141.19,137.93,25.01,Cornering,"Hoosier 43075 16x7.5-10 R20, 7 inch rim",567
78.9,250.57,-10.76,-258.14,-259.65,0.007,13.45,34.16,0.09,0.0414,0.9942,11.84,44442.12,7.52,93.26,2.157,-0,-0.9998,139.3,140.99,138.01,25.03,Cornering,"Hoosier 43075 16x7.5-10 R20, 7 inch rim",568
78.87,250.58,-10.05,-255.85,-263.23,0.012,12.94,34.26,0.16,0.0382,0.9719,11.92,25789.53,7.52,93.23,2.129,-0,-0.9997,139.13,140.9,138.14,25.02,Cornering,"Hoosier 43075 16x7.5-10 R20, 7 inch rim",569
78.9,250.59,-9.06,-254.15,-265.6,-0,11.96,33.53,0.09,0.0341,0.9569,12,44423.26,7.52,93.19,2.089,-0,-0.9998,138.98,140.77,138.16,25.01,Cornering,"Hoosier 43075 16x7.5-10 R20, 7 inch rim",570
78.91,250.6,-7.75,-251.37,-265.56,0.012,10.93,32.53,0.09,0.0292,0.9466,12.01,44393.15,7.52,93.14,2.057,-0,-0.9998,138.85,140.71,138.14,25,Cornering,"Hoosier 43075 16x7.5-10 R20, 7 inch rim",571
78.88,250.61,-6.25,-247.95,-263.64,0.013,10.1,31.54,0.09,0.0237,0.9405,11.98,44363.36,7.52,93.07,2.011,-0,-0.9998,138.77,140.59,138.18,24.98,Cornering,"Hoosier 43075 16x7.5-10 R20, 7 inch rim",572
78.88,250.62,-5.64,-242.97,-259.27,0.016,8.68,30.15,0.09,0.0218,0.9371,11.89,44343.47,7.52,93.06,1.981,-0,-0.9998,138.7,140.51,138.14,24.97,Cornering,"Hoosier 43075 16x7.5-10 R20, 7 inch rim",573
78.91,250.63,-5.74,-236.72,-255.47,0.004,9.08,28.97,0.16,0.0225,0.9266,11.84,25726.44,7.53,93.04,1.938,-0,-0.9997,138.57,140.4,138.16,24.96,Cornering,"Hoosier 43075 16x7.5-10 R20, 7 inch rim",574
78.9,250.64,-6.37,-230.34,-252.97,0.013,10.01,28.5,0.09,0.0252,0.9106,11.85,44345.22,7.53,93.05,1.904,-0,-0.9998,138.64,140.35,138.2,24.97,Cornering,"Hoosier 43075 16x7.5-10 R20, 7 inch rim",575
78.87,250.65,-8.35,-223.96,-251.93,0.01,11.21,27.8,0.09,0.0332,0.889,11.89,44325.44,7.53,93.05,1.867,-0,-0.9998,138.66,140.33,138.26,24.96,Cornering,"Hoosier 43075 16x7.5-10 R20, 7 inch rim",576
78.9,250.66,-10.34,-219.16,-251.54,0.016,10.71,27.46,0.03,0.0411,0.8713,11.98,159960.22,7.53,93.09,1.825,-0,-1,138.7,140.33,138.34,24.96,Cornering,"Hoosier 43075 16x7.5-10 R20, 7 inch rim",577
78.91,250.67,-12.28,-215.13,-253.29,-0,10.93,26.94,0.09,0.0485,0.8493,12.08,44327.33,7.53,93.12,1.777,-0,-0.9998,138.64,140.29,138.42,24.96,Cornering,"Hoosier 43075 16x7.5-10 R20, 7 inch rim",578
78.89,250.68,-13.03,-212.69,-256.13,0.017,9.67,26.89,0.03,0.0509,0.8304,12.1,159966.14,7.53,93.19,1.745,-0,-1,138.49,140.13,138.5,24.96,Cornering,"Hoosier 43075 16x7.5-10 R20, 7 inch rim",579
78.89,250.69,-13.31,-210.22,-260.06,0.003,10.04,26.3,0.09,0.0512,0.8084,12.06,44328.89,7.53,93.25,1.698,-0,-0.9998,138.36,139.98,138.54,24.96,Cornering,"Hoosier 43075 16x7.5-10 R20, 7 inch rim",580
78.91,250.7,-12.52,-208.08,-263.07,0.012,9.45,25.6,0.03,0.0476,0.791,11.96,159934.41,7.53,93.31,1.668,-0,-1,138.21,139.93,138.58,24.95,Cornering,"Hoosier 43075 16x7.5-10 R20, 7 inch rim",581
78.9,250.71,-11.16,-205.77,-263.51,0.014,7.52,24.99,0.09,0.0424,0.7809,11.88,44309.7,7.53,93.39,1.623,-0,-0.9998,138.1,139.85,138.6,24.94,Cornering,"Hoosier 43075 16x7.5-10 R20, 7 inch rim",582
78.87,250.72,-9.82,-202.19,-262.53,0.007,6.87,23.82,-0.04,0.0374,0.7701,11.86,-99445.48,7.53,93.43,1.578,-0,-1.0001,138,139.8,138.54,24.96,Cornering,"Hoosier 43075 16x7.5-10 R20, 7 inch rim",583
78.89,250.73,-8.53,-197.21,-259.26,0.017,6.67,23.13,0.09,0.0329,0.7607,11.91,44342.11,7.53,93.47,1.538,-0,-0.9998,137.95,139.71,138.58,24.96,Cornering,"Hoosier 43075 16x7.5-10 R20, 7 inch rim",584
78.91,250.74,-8.44,-191.58,-255.59,0.004,6.75,21.99,0.03,0.033,0.7496,12,160168.25,7.54,93.55,1.497,-0,-1,137.84,139.65,138.56,24.98,Cornering,"Hoosier 43075 16x7.5-10 R20, 7 inch rim",585
78.89,250.75,-9,-184.58,-252.75,0.009,8.05,21.62,0.09,0.0356,0.7303,12.08,44425.84,7.54,93.57,1.456,-0,-0.9998,137.84,139.6,138.6,25.01,Cornering,"Hoosier 43075 16x7.5-10 R20, 7 inch rim",586
78.87,250.76,-10.27,-178.2,-251.15,0.007,8.31,21.49,0.09,0.0409,0.7095,12.12,44416.11,7.54,93.58,1.42,-0,-0.9998,137.82,139.6,138.6,25,Cornering,"Hoosier 43075 16x7.5-10 R20, 7 inch rim",587
78.91,250.77,-11.46,-172.61,-251.01,0.007,9.1,22.02,-0.11,0.0457,0.6877,12.11,-37970.89,7.54,93.57,1.374,-0,-1.0002,137.8,139.67,138.68,24.98,Cornering,"Hoosier 43075 16x7.5-10 R20, 7 inch rim",588
78.91,250.78,-12.43,-168.13,-251.5,0.007,7.82,22.8,0.09,0.0494,0.6685,12.03,44376.1,7.54,93.53,1.341,-0,-0.9998,137.8,139.6,138.72,24.98,Cornering,"Hoosier 43075 16x7.5-10 R20, 7 inch rim",589
78.87,250.79,-13.06,-164.75,-254.49,0.012,7.41,22.93,-0.04,0.0513,0.6474,11.95,-99571.03,7.54,93.51,1.293,-0,-1.0001,137.69,139.47,138.74,24.98,Cornering,"Hoosier 43075 16x7.5-10 R20, 7 inch rim",590
78.88,250.8,-12.96,-162.14,-257.7,0.01,6.22,22.98,0.09,0.0503,0.6292,11.93,44418.56,7.54,93.43,1.25,-0,-0.9998,137.54,139.32,138.76,25,Cornering,"Hoosier 43075 16x7.5-10 R20, 7 inch rim",591
78.92,250.81,-12.34,-159.07,-260.76,0.017,5.42,22.43,0.09,0.0473,0.61,11.96,44449.86,7.54,93.41,1.218,-0,-0.9998,137.42,139.19,138.78,25.02,Cornering,"Hoosier 43075 16x7.5-10 R20, 7 inch rim",592
78.89,250.82,-10.99,-155.66,-261.97,-0.002,4.33,21.73,0.09,0.0419,0.5942,12.03,44481.36,7.54,93.41,1.17,-0,-0.9998,137.27,139.12,138.78,25.04,Cornering,"Hoosier 43075 16x7.5-10 R20, 7 inch rim",593
78.87,250.83,-9.25,-151.79,-261.5,0.016,3.71,20.94,-0.04,0.0354,0.5805,12.12,-99737.58,7.54,93.43,1.122,-0,-1.0001,137.18,139.08,138.74,25.03,Cornering,"Hoosier 43075 16x7.5-10 R20, 7 inch rim",594
78.91,250.84,-8.11,-146.49,-258.91,0.012,4.12,19.73,0.03,0.0313,0.5658,12.17,160300.72,7.54,93.44,1.074,-0,-1,137.09,139.03,138.76,25,Cornering,"Hoosier 43075 16x7.5-10 R20, 7 inch rim",595
78.9,250.85,-8.05,-140.1,-255.06,0.016,4.26,18.12,0.09,0.0315,0.5493,12.16,44400.41,7.54,93.46,1.044,-0,-0.9998,136.99,139.03,138.78,24.99,Cornering,"Hoosier 43075 16x7.5-10 R20, 7 inch rim",596
78.88,250.86,-8.11,-133.09,-251.62,0.014,4.79,17.72,0.03,0.0322,0.5289,12.08,160080.12,7.54,93.44,1.011,-0,-1,136.9,139.01,138.8,24.97,Cornering,"Hoosier 43075 16x7.5-10 R20, 7 inch rim",597
78.89,250.87,-9.43,-126.24,-249.7,0.013,6.09,17.16,0.09,0.0378,0.5056,11.99,44370.23,7.55,93.43,0.972,-0,-0.9998,136.84,139.08,138.88,24.97,Cornering,"Hoosier 43075 16x7.5-10 R20, 7 inch rim",598
78.91,250.88,-10.68,-120.65,-249.18,0.009,6.02,17.24,0.09,0.0428,0.4842,11.97,44360.31,7.55,93.39,0.93,-0,-0.9998,136.88,139.1,138.94,24.97,Cornering,"Hoosier 43075 16x7.5-10 R20, 7 inch rim",599
78.89,250.89,-12.26,-115.86,-249.97,0.013,5.43,17.18,0.03,0.049,0.4635,11.97,160084.2,7.55,93.37,0.887,-0,-1,136.9,139.1,138.96,24.97,Cornering,"Hoosier 43075 16x7.5-10 R20, 7 inch rim",600
78.88,250.9,-13.39,-112.31,-251.46,0.01,4.05,16.97,0.09,0.0532,0.4466,12.03,44361.13,7.55,93.38,0.832,-0,-0.9998,136.9,138.99,138.96,24.97,Cornering,"Hoosier 43075 16x7.5-10 R20, 7 inch rim",601
78.89,250.91,-13.72,-108.92,-254.83,0.009,3.74,16.51,0.03,0.0538,0.4274,12.13,160086.53,7.55,93.38,0.804,-0,-1,136.75,138.83,138.9,24.97,Cornering,"Hoosier 43075 16x7.5-10 R20, 7 inch rim",602
78.91,250.92,-13.78,-105.53,-257.05,0.009,2.56,15.26,-0.04,0.0536,0.4105,12.19,-99513.92,7.55,93.4,0.761,-0,-1.0001,136.71,138.66,138.88,24.97,Cornering,"Hoosier 43075 16x7.5-10 R20, 7 inch rim",603
78.88,250.93,-12.47,-102.14,-258.11,0.014,1.48,14.75,0.09,0.0483,0.3957,12.17,44372.21,7.55,93.4,0.716,-0,-0.9998,136.62,138.59,138.78,24.97,Cornering,"Hoosier 43075 16x7.5-10 R20, 7 inch rim",604
78.88,250.94,-11.02,-97.93,-257.25,0.004,0.98,13.79,0.09,0.0428,0.3807,12.09,44403.28,7.55,93.39,0.687,-0,-0.9998,136.6,138.53,138.68,24.99,Cornering,"Hoosier 43075 16x7.5-10 R20, 7 inch rim",605
78.91,250.95,-9.29,-92.48,-255.04,0.012,1.66,12.96,-0.11,0.0364,0.3626,12,-37985.93,7.55,93.42,0.648,-0,-1.0002,136.56,138.5,138.64,24.98,Cornering,"Hoosier 43075 16x7.5-10 R20, 7 inch rim",606
78.91,250.96,-8.84,-86.4,-250.76,0.016,1.71,11.44,-0.04,0.0352,0.3446,11.95,-99562.02,7.55,93.43,0.611,-0,-1.0001,136.54,138.44,138.66,24.98,Cornering,"Hoosier 43075 16x7.5-10 R20, 7 inch rim",607
78.87,250.97,-9.6,-79.68,-247.84,0.003,3.08,9.8,0.09,0.0387,0.3215,11.95,44383.24,7.55,93.44,0.572,-0,-0.9998,136.45,138.42,138.62,24.98,Cornering,"Hoosier 43075 16x7.5-10 R20, 7 inch rim",608
78.89,250.98,-10.78,-73.47,-245.65,0.012,3.34,8.9,0.09,0.0439,0.2991,11.99,44352.46,7.55,93.44,0.541,-0,-0.9998,136.47,138.35,138.66,24.96,Cornering,"Hoosier 43075 16x7.5-10 R20, 7 inch rim",609
78.92,250.99,-12.54,-67.58,-244.87,0.019,3.84,8.18,0.03,0.0512,0.276,12.09,160055.05,7.55,93.47,0.499,-0,-1,136.49,138.42,138.7,24.96,Cornering,"Hoosier 43075 16x7.5-10 R20, 7 inch rim",610
78.89,251,-14.18,-63.09,-245.47,0.016,2.99,7.66,-0.04,0.0577,0.257,12.14,-99517,7.55,93.51,0.465,-0,-1.0001,136.51,138.46,138.74,24.97,Cornering,"Hoosier 43075 16x7.5-10 R20, 7 inch rim",611
78.89,251.01,-15.46,-59.22,-247.03,0.004,1.6,7.28,0.03,0.0626,0.2397,12.13,160055.78,7.55,93.55,0.421,-0,-1,136.43,138.39,138.7,24.96,Cornering,"Hoosier 43075 16x7.5-10 R20, 7 inch rim",612
78.91,251.02,-16.26,-56.15,-249.98,0.006,0.31,6.42,0.09,0.065,0.2246,12.06,44352.88,7.55,93.61,0.378,-0,-0.9998,136.36,138.31,138.62,24.96,Cornering,"Hoosier 43075 16x7.5-10 R20, 7 inch rim",613
78.91,251.03,-15.93,-52.63,-252.54,0.02,-1.37,5.83,0.03,0.0631,0.2084,11.96,160019.02,7.55,93.66,0.346,-0,-1,136.32,138.22,138.54,24.96,Cornering,"Hoosier 43075 16x7.5-10 R20, 7 inch rim",614
78.88,251.04,-15.09,-48.28,-254.57,-0,-1.53,4.79,0.09,0.0593,0.1896,11.89,44342.65,7.56,93.7,0.308,-0,-0.9998,136.26,138.13,138.44,24.96,Cornering,"Hoosier 43075 16x7.5-10 R20, 7 inch rim",615
78.89,251.05,-13.5,-43.47,-254.22,0.01,-1.96,4.03,-0.04,0.0531,0.171,11.89,-99517.58,7.55,93.7,0.282,-0,-1.0001,136.24,138.09,138.34,24.97,Cornering,"Hoosier 43075 16x7.5-10 R20, 7 inch rim",616
78.91,251.06,-11.93,-37.55,-252.32,0.006,-1.33,3.01,0.03,0.0473,0.1488,11.94,160167.8,7.55,93.69,0.236,-0,-1,136.17,138.04,138.24,24.98,Cornering,"Hoosier 43075 16x7.5-10 R20, 7 inch rim",617
78.89,251.07,-10.99,-31.01,-248.77,0.016,-0.66,2.13,-0.04,0.0442,0.1247,12.03,-99586.81,7.55,93.66,0.197,-0,-1.0001,136.17,138.02,138.22,24.98,Cornering,"Hoosier 43075 16x7.5-10 R20, 7 inch rim",618
78.88,251.08,-10.79,-24.16,-245.29,0.02,-0.04,1.28,0.03,0.044,0.0985,12.08,160055.97,7.55,93.64,0.149,-0,-1,136.15,137.95,138.18,24.96,Cornering,"Hoosier 43075 16x7.5-10 R20, 7 inch rim",619
78.91,251.09,-12.16,-17.46,-243.16,0.01,0.44,-0.06,0.09,0.05,0.0718,12.07,44363.09,7.55,93.61,0.113,-0,-0.9998,136.11,138.02,138.12,24.97,Cornering,"Hoosier 43075 16x7.5-10 R20, 7 inch rim",620
78.91,251.1,-13.55,-11.71,-242.62,0.004,0.67,-0.75,0.09,0.0558,0.0483,12.01,44362.98,7.56,93.59,0.068,-0,-0.9998,136.15,138.13,138.14,24.97,Cornering,"Hoosier 43075 16x7.5-10 R20, 7 inch rim",621
78.88,251.11,-14.91,-6.61,-243.15,0.007,-0.11,-0.89,0.09,0.0613,0.0272,11.92,44373.12,7.56,93.57,0.015,-0,-0.9998,136.15,138.2,138.08,24.97,Cornering,"Hoosier 43075 16x7.5-10 R20, 7 inch rim",622
78.89,251.12,-15.24,-2.45,-244.86,0.013,-1.9,-0.49,0.03,0.0622,0.01,11.84,160091.36,7.55,93.59,-0.026,-0,-1,136.19,138.24,137.99,24.97,Cornering,"Hoosier 43075 16x7.5-10 R20, 7 inch rim",623
78.91,251.13,-15.59,1.87,-247.83,0.009,-2.92,-0.98,0.09,0.0629,-0.0075,11.84,44362.45,7.56,93.59,-0.075,-0,-0.9998,136.09,138.17,137.83,24.97,Cornering,"Hoosier 43075 16x7.5-10 R20, 7 inch rim",624
78.89,251.14,-15.52,6.63,-250.25,0.02,-4.52,-1.76,0.09,0.062,-0.0265,11.88,44351.94,7.55,93.57,-0.118,-0,-0.9998,135.98,138.06,137.65,24.96,Cornering,"Hoosier 43075 16x7.5-10 R20, 7 inch rim",625
78.88,251.15,-14.32,11.75,-251.82,0.014,-5.29,-2.36,0.03,0.0569,-0.0466,11.96,160014.64,7.56,93.55,-0.161,-0,-1,135.89,138.06,137.53,24.96,Cornering,"Hoosier 43075 16x7.5-10 R20, 7 inch rim",626
78.91,251.16,-12.68,17.96,-251.68,0.007,-5.22,-3.09,0.09,0.0504,-0.0714,12.03,44330.84,7.56,93.54,-0.205,-0,-0.9998,135.89,138.02,137.37,24.95,Cornering,"Hoosier 43075 16x7.5-10 R20, 7 inch rim",627
78.91,251.17,-10.91,24.66,-249.44,0.001,-4.84,-3.88,0.09,0.0437,-0.0989,12.03,44320.3,7.56,93.53,-0.241,-0,-0.9998,135.81,138,137.23,24.94,Cornering,"Hoosier 43075 16x7.5-10 R20, 7 inch rim",628
78.88,251.18,-9.66,31.36,-246.16,0.007,-4.32,-4.82,0.03,0.0392,-0.1274,11.99,160048.3,7.56,93.52,-0.304,-0,-1,135.76,138.02,137.21,24.96,Cornering,"Hoosier 43075 16x7.5-10 R20, 7 inch rim",629
78.89,251.19,-9.2,38.21,-242.87,0.01,-3.65,-5.84,0.03,0.0379,-0.1573,11.89,160047.39,7.56,93.5,-0.335,-0,-1,135.64,137.98,137.15,24.96,Cornering,"Hoosier 43075 16x7.5-10 R20, 7 inch rim",630
78.91,251.2,-9.74,45.07,-241.37,0.007,-2.37,-6.66,0.03,0.0403,-0.1867,11.81,160120.36,7.56,93.48,-0.38,-0,-1,135.59,137.98,137.11,24.97,Cornering,"Hoosier 43075 16x7.5-10 R20, 7 inch rim",631
78.9,251.21,-10.75,51.28,-240.11,0.004,-2.77,-6.96,0.09,0.0448,-0.2136,11.81,44360.07,7.56,93.45,-0.417,-0,-0.9998,135.59,138.06,137.15,24.97,Cornering,"Hoosier 43075 16x7.5-10 R20, 7 inch rim",632
78.87,251.22,-11.81,56.53,-240.97,0.013,-3.29,-6.8,-0.04,0.049,-0.2346,11.84,-99555.92,7.56,93.41,-0.45,-0,-1.0001,135.55,138.15,137.15,24.98,Cornering,"Hoosier 43075 16x7.5-10 R20, 7 inch rim",633
78.9,251.23,-12.73,61.01,-242.5,0.01,-4.75,-6.77,0.09,0.0525,-0.2516,11.92,44379.93,7.56,93.38,-0.491,-0,-0.9998,135.53,138.17,137.19,24.98,Cornering,"Hoosier 43075 16x7.5-10 R20, 7 inch rim",634
78.91,251.24,-13.33,65.79,-244.31,0.009,-6.23,-7.4,-0.04,0.0546,-0.2693,11.98,-99554.21,7.56,93.38,-0.524,-0,-1.0001,135.46,138.09,137.07,24.98,Cornering,"Hoosier 43075 16x7.5-10 R20, 7 inch rim",635
78.88,251.25,-13.3,70.73,-246.67,0.009,-7.35,-8.12,0.03,0.0539,-0.2867,11.98,160188.52,7.56,93.37,-0.552,-0,-1,135.4,137.98,136.96,24.98,Cornering,"Hoosier 43075 16x7.5-10 R20, 7 inch rim",636
78.88,251.26,-13.09,75.99,-248.07,0.009,-8.16,-9.64,0.03,0.0528,-0.3063,11.95,160075.33,7.56,93.37,-0.593,-0,-1,135.29,137.93,136.78,24.97,Cornering,"Hoosier 43075 16x7.5-10 R20, 7 inch rim",637
78.91,251.27,-12.1,81.73,-248.1,0.012,-8.45,-11.1,-0.04,0.0488,-0.3294,11.85,-99505.6,7.56,93.36,-0.619,-0,-1.0001,135.23,137.82,136.68,24.97,Cornering,"Hoosier 43075 16x7.5-10 R20, 7 inch rim",638
78.9,251.28,-10.71,87.97,-246.46,0.006,-7.72,-12.48,-0.04,0.0435,-0.3569,11.78,-99458.41,7.56,93.37,-0.655,-0,-1.0001,135.23,137.78,136.6,24.96,Cornering,"Hoosier 43075 16x7.5-10 R20, 7 inch rim",639
78.87,251.29,-9.48,94.04,-243.48,0.007,-7.36,-13.97,-0.04,0.0389,-0.3863,11.78,-99503.67,7.56,93.37,-0.688,-0,-1.0001,135.16,137.82,136.56,24.97,Cornering,"Hoosier 43075 16x7.5-10 R20, 7 inch rim",640
78.89,251.3,-9.57,100.59,-240.16,0.012,-6.87,-16.04,-0.04,0.0398,-0.4188,11.81,-99526.02,7.56,93.31,-0.713,-0,-1.0001,135.08,137.78,136.6,24.97,Cornering,"Hoosier 43075 16x7.5-10 R20, 7 inch rim",641
78.91,251.31,-10.94,106.51,-237.86,0.012,-6.34,-18.48,0.03,0.046,-0.4478,11.9,160105.31,7.56,93.26,-0.749,-0,-1,134.95,137.78,136.56,24.97,Cornering,"Hoosier 43075 16x7.5-10 R20, 7 inch rim",642
78.88,251.32,-12.89,111.79,-237.07,0.01,-6.24,-20.11,-0.18,0.0544,-0.4715,11.98,-23438.24,7.56,93.19,-0.796,-0,-1.0003,134.93,137.89,136.58,24.96,Cornering,"Hoosier 43075 16x7.5-10 R20, 7 inch rim",643
78.88,251.33,-14.48,116.12,-236.52,0.009,-8.12,-21.04,0.03,0.0612,-0.491,11.99,159989.31,7.56,93.17,-0.836,-0,-1,134.97,137.93,136.66,24.96,Cornering,"Hoosier 43075 16x7.5-10 R20, 7 inch rim",644
78.91,251.34,-15.74,120.76,-237.82,0.009,-8.49,-21.47,-0.04,0.0662,-0.5078,11.95,-99359.3,7.56,93.15,-0.869,-0,-1.0001,134.93,138,136.58,24.93,Cornering,"Hoosier 43075 16x7.5-10 R20, 7 inch rim",645
78.91,251.35,-16.77,124.93,-239.51,0.001,-9.92,-22.32,-0.11,0.07,-0.5216,11.85,-37899.44,7.56,93.14,-0.907,-0,-1.0002,134.88,137.93,136.46,24.93,Cornering,"Hoosier 43075 16x7.5-10 R20, 7 inch rim",646
78.87,251.36,-17.75,129.4,-241.73,0.01,-11.11,-23.83,0.03,0.0734,-0.5353,11.77,159796.77,7.56,93.11,-0.955,-0,-1,134.76,137.84,136.3,24.93,Cornering,"Hoosier 43075 16x7.5-10 R20, 7 inch rim",647
78.9,251.37,-17.49,134.51,-243.56,0.009,-11.41,-24.92,0.09,0.0718,-0.5522,11.76,44331.77,7.56,93.05,-1,-0,-0.9998,134.71,137.71,136.07,24.96,Cornering,"Hoosier 43075 16x7.5-10 R20, 7 inch rim",648
78.91,251.38,-16.04,139.78,-244.43,0.007,-11.54,-25.35,0.03,0.0656,-0.5719,11.8,160089.08,7.56,93.02,-1.036,-0,-1,134.61,137.67,135.87,24.97,Cornering,"Hoosier 43075 16x7.5-10 R20, 7 inch rim",649
78.89,251.39,-14.2,145.68,-242.83,0.017,-11.58,-25.95,0.03,0.0585,-0.5999,11.88,160122.89,7.56,93.02,-1.087,-0,-1,134.58,137.69,135.75,24.98,Cornering,"Hoosier 43075 16x7.5-10 R20, 7 inch rim",650
78.88,251.4,-12.08,151.61,-240.04,0.007,-11.13,-26.25,-0.04,0.0503,-0.6316,11.95,-99626.13,7.56,93,-1.137,-0,-1.0001,134.5,137.69,135.73,25,Cornering,"Hoosier 43075 16x7.5-10 R20, 7 inch rim",651
78.91,251.41,-10.56,157.85,-237.81,0.004,-9.67,-26.54,0.03,0.0444,-0.6638,11.97,160227.77,7.56,93,-1.183,-0,-1,134.45,137.69,135.63,25,Cornering,"Hoosier 43075 16x7.5-10 R20, 7 inch rim",652
78.91,251.42,-10.18,163.92,-234.91,0.007,-9.83,-26.73,-0.04,0.0433,-0.6978,11.94,-99598.73,7.56,92.98,-1.235,-0,-1.0001,134.33,137.69,135.61,25,Cornering,"Hoosier 43075 16x7.5-10 R20, 7 inch rim",653
78.87,251.43,-10.04,169.66,-233.29,0.009,-10,-25.92,-0.04,0.043,-0.7273,11.86,-99643.27,7.56,92.96,-1.27,-0,-1.0001,134.37,137.73,135.63,25.01,Cornering,"Hoosier 43075 16x7.5-10 R20, 7 inch rim",654
78.9,251.44,-10.17,175.08,-232.24,0.012,-11.32,-24.65,0.09,0.0438,-0.7539,11.79,44428.52,7.56,92.95,-1.32,-0,-0.9998,134.37,137.91,135.67,25.01,Cornering,"Hoosier 43075 16x7.5-10 R20, 7 inch rim",655
78.92,251.45,-10.7,179.72,-233.89,0.009,-11.5,-23.68,0.03,0.0458,-0.7684,11.79,160399.47,7.56,92.94,-1.369,-0,-1,134.39,137.98,135.67,25.03,Cornering,"Hoosier 43075 16x7.5-10 R20, 7 inch rim",656
78.9,251.46,-10.24,184.66,-235.19,0.013,-12.47,-22.08,0.03,0.0435,-0.7852,11.84,160321.22,7.56,92.91,-1.418,-0,-1,134.35,137.95,135.59,25.01,Cornering,"Hoosier 43075 16x7.5-10 R20, 7 inch rim",657
78.87,251.47,-9.89,189.77,-236.99,0.007,-13.5,-21.7,0.09,0.0417,-0.8007,11.93,44414.94,7.56,92.89,-1.467,-0,-0.9998,134.26,137.95,135.49,25.01,Cornering,"Hoosier 43075 16x7.5-10 R20, 7 inch rim",658
78.91,251.48,-8.75,195.34,-238.71,0.003,-13.71,-21.26,-0.04,0.0366,-0.8183,12,-99585.19,7.56,92.89,-1.507,-0,-1.0001,134.18,137.89,135.31,25,Cornering,"Hoosier 43075 16x7.5-10 R20, 7 inch rim",659
78.91,251.49,-7.21,200.91,-239.85,0.014,-13.42,-21.3,0.03,0.03,-0.8377,12.01,160237.03,7.55,92.91,-1.534,-0,-1,134.15,137.91,135.15,25,Cornering,"Hoosier 43075 16x7.5-10 R20, 7 inch rim",660
78.88,251.5,-5.31,206.2,-238.99,0.012,-13.6,-21.84,-0.04,0.0222,-0.8628,11.97,-99581.81,7.55,93,-1.568,-0,-1.0001,134.11,137.91,135.04,25,Cornering,"Hoosier 43075 16x7.5-10 R20, 7 inch rim",661
78.89,251.51,-3.82,211.35,-237.11,0.007,-12.87,-22.87,0.03,0.0161,-0.8914,11.89,160155.64,7.55,93.1,-1.613,-0,-1,134.05,137.98,134.92,24.99,Cornering,"Hoosier 43075 16x7.5-10 R20, 7 inch rim",662
78.91,251.52,-3.22,216.64,-234.47,0.014,-12.45,-24.25,-0.04,0.0137,-0.9239,11.84,-99554.65,7.55,93.19,-1.64,-0,-1.0001,133.96,138,134.9,24.99,Cornering,"Hoosier 43075 16x7.5-10 R20, 7 inch rim",663
78.9,251.53,-3.95,221.31,-232.26,0.014,-12.62,-26.13,0.03,0.017,-0.9529,11.84,160185.95,7.55,93.28,-1.686,-0,-1,133.85,138.02,134.88,25,Cornering,"Hoosier 43075 16x7.5-10 R20, 7 inch rim",664
78.87,251.54,-6.05,225.98,-230.58,0.007,-13.27,-28.23,0.03,0.0262,-0.9801,11.9,160256.92,7.55,93.39,-1.72,-0,-1,133.75,138.11,134.94,25.01,Cornering,"Hoosier 43075 16x7.5-10 R20, 7 inch rim",665
78.9,251.55,-7.89,230.17,-229.66,0.003,-14.46,-29.31,0.03,0.0343,-1.0022,11.98,160217.41,7.55,93.38,-1.744,-0,-1,133.75,138.2,134.96,25,Cornering,"Hoosier 43075 16x7.5-10 R20, 7 inch rim",666
78.91,251.56,-10.2,234.66,-229.79,0.007,-15.14,-30.46,0.03,0.0444,-1.0212,12.05,160139.56,7.55,93.35,-1.78,-0,-1,133.7,138.28,135.06,24.99,Cornering,"Hoosier 43075 16x7.5-10 R20, 7 inch rim",667
78.88,251.57,-11.78,238.21,-231.9,0.007,-14.99,-31.37,-0.04,0.0508,-1.0272,12.06,-99497.26,7.55,93.37,-1.824,-0,-1.0001,133.7,138.31,134.96,24.98,Cornering,"Hoosier 43075 16x7.5-10 R20, 7 inch rim",668
78.88,251.58,-13.48,242.22,-233.82,0.01,-15.34,-33.15,0.03,0.0576,-1.0359,12,159946.14,7.55,93.35,-1.856,-0,-1,133.62,138.28,134.86,24.96,Cornering,"Hoosier 43075 16x7.5-10 R20, 7 inch rim",669
78.91,251.59,-13.64,245.94,-237.63,0.009,-13.83,-34.1,0.03,0.0574,-1.0349,11.92,159868.72,7.54,93.32,-1.886,-0,-1,133.53,138.26,134.68,24.95,Cornering,"Hoosier 43075 16x7.5-10 R20, 7 inch rim",670
78.91,251.6,-12.67,249.49,-239.54,0.009,-14.31,-34.81,-0.04,0.0529,-1.0416,11.84,-99374.83,7.54,93.3,-1.932,-0,-1.0001,133.43,138.24,134.5,24.95,Cornering,"Hoosier 43075 16x7.5-10 R20, 7 inch rim",671
78.87,251.61,-11.1,253.53,-240.03,0.01,-14.15,-35.49,0.03,0.0462,-1.0562,11.86,159822.53,7.54,93.27,-1.971,-0,-1,133.4,138.22,134.38,24.94,Cornering,"Hoosier 43075 16x7.5-10 R20, 7 inch rim",672
78.9,251.62,-9.79,256.48,-238.14,0.004,-16.23,-36.55,0.09,0.0411,-1.077,11.9,44286.77,7.54,93.28,-2.016,-0,-0.9998,133.4,138.28,134.32,24.94,Cornering,"Hoosier 43075 16x7.5-10 R20, 7 inch rim",673
78.91,251.63,-8.41,260.22,-235.98,0.007,-16.71,-36.93,-0.04,0.0356,-1.1027,11.99,-99296.84,7.54,93.27,-2.059,-0,-1.0001,133.4,138.28,134.3,24.93,Cornering,"Hoosier 43075 16x7.5-10 R20, 7 inch rim",674
78.89,251.64,-7.72,263.79,-232.73,0.01,-18.58,-37.04,-0.04,0.0332,-1.1334,12.06,-99248.84,7.54,93.26,-2.085,-0,-1.0001,133.32,138.31,134.3,24.92,Cornering,"Hoosier 43075 16x7.5-10 R20, 7 inch rim",675
78.88,251.65,-8.3,268.29,-230.36,0.016,-19.37,-37.29,-0.11,0.036,-1.1646,12.07,-37838.94,7.54,93.23,-2.131,-0,-1.0002,133.23,138.35,134.3,24.91,Cornering,"Hoosier 43075 16x7.5-10 R20, 7 inch rim",676
78.91,251.66,-9.16,273.11,-229.3,0.013,-19.4,-36.8,-0.11,0.04,-1.191,12.01,-37837.54,7.54,93.21,-2.181,-0,-1.0002,133.25,138.35,134.4,24.91,Cornering,"Hoosier 43075 16x7.5-10 R20, 7 inch rim",677
78.9,251.67,-10.34,278.08,-229.98,0.004,-18.29,-36.29,-0.04,0.045,-1.2092,11.92,-99215.9,7.54,93.18,-2.22,-0,-1.0001,133.23,138.46,134.42,24.92,Cornering,"Hoosier 43075 16x7.5-10 R20, 7 inch rim",678
78.87,251.68,-11.14,282.41,-230.85,0.007,-18.15,-35.67,0.03,0.0483,-1.2234,11.87,159716.61,7.54,93.16,-2.244,-0,-1,133.17,138.5,134.44,24.93,Cornering,"Hoosier 43075 16x7.5-10 R20, 7 inch rim",679
78.9,251.69,-11.34,286.43,-233.67,0.012,-17.41,-35.03,-0.04,0.0485,-1.2258,11.89,-99348.57,7.53,93.13,-2.296,-0,-1.0001,133.15,138.46,134.38,24.95,Cornering,"Hoosier 43075 16x7.5-10 R20, 7 inch rim",680
78.91,251.7,-11.32,289.52,-237.07,0.004,-17.11,-35.32,-0.04,0.0478,-1.2212,11.95,-99345.55,7.53,93.13,-2.334,-0,-1.0001,133.12,138.37,134.3,24.95,Cornering,"Hoosier 43075 16x7.5-10 R20, 7 inch rim",681
78.89,251.71,-10.05,292.43,-239.4,0.014,-17.89,-35.09,-0.04,0.042,-1.2215,12.03,-99318.82,7.53,93.08,-2.38,-0,-1.0001,133.06,138.37,134.2,24.94,Cornering,"Hoosier 43075 16x7.5-10 R20, 7 inch rim",682
78.87,251.72,-8.35,295.22,-240.41,0.01,-18.47,-35.23,0.03,0.0348,-1.228,12.11,159620.8,7.53,93.07,-2.414,-0,-1,132.97,138.42,134.07,24.92,Cornering,"Hoosier 43075 16x7.5-10 R20, 7 inch rim",683
78.91,251.73,-7.05,298.33,-239.53,0.012,-19.1,-35.95,0.03,0.0294,-1.2455,12.12,159576.48,7.53,93.08,-2.469,-0,-1,132.95,138.48,134.07,24.92,Cornering,"Hoosier 43075 16x7.5-10 R20, 7 inch rim",684
78.91,251.74,-5.57,301.93,-237.46,0.001,-18.87,-36.36,0.03,0.0234,-1.2715,12.08,159608.81,7.53,93.1,-2.505,-0,-1,132.95,138.55,134.09,24.92,Cornering,"Hoosier 43075 16x7.5-10 R20, 7 inch rim",685
78.88,251.75,-4.85,306.45,-233.17,0.001,-20.33,-36.58,-0.04,0.0208,-1.3143,12.01,-99236.22,7.53,93.13,-2.542,-0,-1.0001,132.89,138.5,134.16,24.93,Cornering,"Hoosier 43075 16x7.5-10 R20, 7 inch rim",686
78.88,251.76,-5,311.11,-230.35,0.01,-20.87,-36.62,0.03,0.0217,-1.3506,11.95,159784.02,7.53,93.15,-2.58,-0,-1,132.85,138.59,134.22,24.95,Cornering,"Hoosier 43075 16x7.5-10 R20, 7 inch rim",687
78.92,251.77,-6.41,316.54,-228.62,0.016,-20.21,-36.84,-0.04,0.028,-1.3846,11.95,-99321.84,7.53,93.15,-2.619,-0,-1.0001,132.85,138.7,134.3,24.95,Cornering,"Hoosier 43075 16x7.5-10 R20, 7 inch rim",688
78.9,251.78,-7.53,321.21,-227.89,0.01,-20.11,-36.2,0.03,0.033,-1.4095,11.99,159624.06,7.53,93.11,-2.662,-0,-1,132.87,138.77,134.32,24.93,Cornering,"Hoosier 43075 16x7.5-10 R20, 7 inch rim",689
78.88,251.79,-9.01,325.86,-229.02,0.007,-18.93,-35.95,0.09,0.0394,-1.4228,12.06,44231.75,7.53,93.1,-2.698,-0,-0.9998,132.87,138.81,134.4,24.93,Cornering,"Hoosier 43075 16x7.5-10 R20, 7 inch rim",690
78.9,251.8,-10.17,329.11,-231.36,0.009,-18.49,-36.02,-0.04,0.0439,-1.4225,12.12,-99149.73,7.52,93.1,-2.738,-0,-1.0001,132.78,138.81,134.34,24.91,Cornering,"Hoosier 43075 16x7.5-10 R20, 7 inch rim",691
78.91,251.81,-10.71,331.72,-234.01,0.007,-18.99,-36.41,0.03,0.0458,-1.4176,12.08,159533.17,7.52,93.1,-2.777,-0,-1,132.76,138.72,134.24,24.92,Cornering,"Hoosier 43075 16x7.5-10 R20, 7 inch rim",692
78.88,251.82,-10.39,333.88,-237.07,0.003,-19.77,-37.26,0.03,0.0438,-1.4084,12.04,159637.67,7.52,93.09,-2.822,-0,-1,132.74,138.75,134.11,24.93,Cornering,"Hoosier 43075 16x7.5-10 R20, 7 inch rim",693
78.88,251.83,-9.43,336.01,-238.9,0.016,-20.92,-38.12,0.03,0.0395,-1.4065,11.96,159780.03,7.52,93.1,-2.863,-0,-1,132.72,138.77,133.99,24.96,Cornering,"Hoosier 43075 16x7.5-10 R20, 7 inch rim",694
78.92,251.84,-8.12,338.36,-239.33,0.004,-20.79,-39.19,-0.11,0.0339,-1.4138,11.91,-37875.67,7.52,93.12,-2.904,-0,-1.0002,132.72,138.81,133.87,24.95,Cornering,"Hoosier 43075 16x7.5-10 R20, 7 inch rim",695
78.9,251.85,-6.28,341.16,-237.27,0.003,-21.65,-39.39,0.03,0.0265,-1.4378,11.91,159730.75,7.52,93.1,-2.941,-0,-1,132.7,138.9,133.87,24.95,Cornering,"Hoosier 43075 16x7.5-10 R20, 7 inch rim",696
78.87,251.86,-5.61,344.91,-233.75,-0.003,-22.75,-40.05,-0.04,0.024,-1.4756,11.95,-99334.16,7.52,93.08,-2.983,-0,-1.0001,132.65,138.88,133.89,24.96,Cornering,"Hoosier 43075 16x7.5-10 R20, 7 inch rim",697
78.9,251.87,-5.31,349.1,-230.87,0.016,-22.98,-39.85,0.09,0.023,-1.5121,12.04,44279.85,7.51,93.08,-3.02,-0,-0.9998,132.59,138.9,133.93,24.96,Cornering,"Hoosier 43075 16x7.5-10 R20, 7 inch rim",698
78.91,251.88,-6.28,354.08,-228.59,0.013,-22.64,-39.9,-0.11,0.0275,-1.549,12.06,-37896.32,7.51,93.1,-3.057,-0,-1.0002,132.57,138.97,133.99,24.97,Cornering,"Hoosier 43075 16x7.5-10 R20, 7 inch rim",699
78.88,251.89,-7.21,359.37,-227.84,0.014,-21.33,-39.19,0.03,0.0316,-1.5773,12.04,159891.02,7.51,93.09,-3.099,-0,-1,132.57,138.97,134.11,24.98,Cornering,"Hoosier 43075 16x7.5-10 R20, 7 inch rim",700
78.88,251.9,-9.03,363.55,-227.94,0.014,-21.19,-39.41,0.03,0.0396,-1.5949,11.99,159809.72,7.51,93.13,-3.142,-0,-1,132.63,139.01,134.18,24.97,Cornering,"Hoosier 43075 16x7.5-10 R20, 7 inch rim",701
78.91,251.91,-9.94,366.96,-229.92,0.009,-20.49,-39.04,-0.04,0.0432,-1.596,11.92,-99314.39,7.51,93.17,-3.178,-0,-1.0001,132.63,138.99,134.16,24.96,Cornering,"Hoosier 43075 16x7.5-10 R20, 7 inch rim",702
78.9,251.92,-10.24,368.95,-232.95,0.013,-20.94,-38.93,0.03,0.0439,-1.5838,11.89,159795.98,7.51,93.18,-3.223,-0,-1,132.59,138.92,134.07,24.97,Cornering,"Hoosier 43075 16x7.5-10 R20, 7 inch rim",703
78.87,251.93,-10.2,370.17,-236.42,0.007,-21.91,-39.52,0.03,0.0431,-1.5657,11.92,159863.8,7.51,93.15,-3.261,-0,-1,132.55,138.88,133.93,24.98,Cornering,"Hoosier 43075 16x7.5-10 R20, 7 inch rim",704
78.89,251.94,-9.39,371.54,-238.92,0.006,-22.8,-40.24,0.03,0.0393,-1.5551,12.01,160004.73,7.51,93.14,-3.304,-0,-1,132.55,138.92,133.85,25,Cornering,"Hoosier 43075 16x7.5-10 R20, 7 inch rim",705
78.91,251.95,-7.65,373.08,-239.67,0.013,-23.87,-40.42,0.03,0.0319,-1.5566,12.1,159887.69,7.5,93.15,-3.336,-0,-1,132.55,138.92,133.81,24.98,Cornering,"Hoosier 43075 16x7.5-10 R20, 7 inch rim",706
78.89,251.96,-6.05,374.96,-238.29,0.003,-24.81,-40.79,0.03,0.0254,-1.5735,12.11,159805.39,7.5,93.16,-3.382,-0,-1,132.5,139.05,133.75,24.97,Cornering,"Hoosier 43075 16x7.5-10 R20, 7 inch rim",707
78.87,251.97,-5.01,378.22,-234.99,0.013,-25.42,-40.99,-0.04,0.0213,-1.6096,12.08,-99218.27,7.5,93.17,-3.427,-0,-1.0001,132.5,139.03,133.75,24.94,Cornering,"Hoosier 43075 16x7.5-10 R20, 7 inch rim",708
78.91,251.98,-4.98,382.3,-231.77,0.003,-24.88,-41.27,-0.04,0.0215,-1.6495,12.02,-99214.73,7.5,93.16,-3.458,-0,-1.0001,132.44,139.08,133.81,24.94,Cornering,"Hoosier 43075 16x7.5-10 R20, 7 inch rim",709
78.91,251.99,-5.54,387.27,-229.14,0.013,-24.39,-40.97,0.03,0.0242,-1.6901,11.93,159635.02,7.5,93.14,-3.504,-0,-1,132.42,139.12,133.83,24.95,Cornering,"Hoosier 43075 16x7.5-10 R20, 7 inch rim",710
78.87,252,-6.56,392.26,-227.66,0.006,-23.18,-40.31,-0.04,0.0288,-1.723,11.91,-99296.14,7.5,93.1,-3.553,-0,-1.0001,132.42,139.23,133.91,24.97,Cornering,"Hoosier 43075 16x7.5-10 R20, 7 inch rim",711
78.88,252.01,-8.13,396.91,-227.76,0.013,-22.2,-40.03,0.03,0.0357,-1.7427,11.94,159878.34,7.5,93.06,-3.591,-0,-1,132.5,139.27,133.97,24.99,Cornering,"Hoosier 43075 16x7.5-10 R20, 7 inch rim",712
78.92,252.02,-8.98,399.69,-229.32,0.013,-22.19,-39.19,-0.11,0.0392,-1.743,12.02,-37917.13,7.5,93.02,-3.613,-0,-1.0002,132.44,139.3,133.95,25,Cornering,"Hoosier 43075 16x7.5-10 R20, 7 inch rim",713
78.89,252.03,-9.66,401.68,-231.85,0.012,-22.82,-39.18,0.03,0.0417,-1.7325,12.08,159864.19,7.49,92.97,-3.666,-0,-1,132.37,139.23,133.93,24.99,Cornering,"Hoosier 43075 16x7.5-10 R20, 7 inch rim",714
78.88,252.04,-9.58,402.28,-235.57,0.007,-23.83,-39.53,0.03,0.0407,-1.7077,12.09,159781.75,7.49,92.96,-3.709,-0,-1,132.37,139.23,133.81,24.98,Cornering,"Hoosier 43075 16x7.5-10 R20, 7 inch rim",715
78.9,252.05,-9.24,402.71,-238.48,0.012,-25.14,-40.33,0.09,0.0388,-1.6886,12.05,44254.31,7.49,92.91,-3.746,-0,-0.9998,132.27,139.16,133.69,24.97,Cornering,"Hoosier 43075 16x7.5-10 R20, 7 inch rim",716
78.91,252.06,-7.8,403.46,-239.29,0.014,-27.05,-40.79,0.09,0.0326,-1.6861,11.98,44231.58,7.49,92.89,-3.786,-0,-0.9998,132.22,139.12,133.65,24.96,Cornering,"Hoosier 43075 16x7.5-10 R20, 7 inch rim",717
78.88,252.07,-6.29,405.5,-238.81,0.007,-26.76,-41.49,0.03,0.0264,-1.698,11.89,159538.5,7.49,92.87,-3.815,-0,-1,132.16,139.21,133.63,24.94,Cornering,"Hoosier 43075 16x7.5-10 R20, 7 inch rim",718
78.89,252.08,-4.8,408.31,-236.12,0.01,-26.83,-41.51,0.03,0.0203,-1.7293,11.88,159566.41,7.49,92.88,-3.861,-0,-1,132.14,139.25,133.65,24.95,Cornering,"Hoosier 43075 16x7.5-10 R20, 7 inch rim",719
78.91,252.09,-4.61,412.36,-232.78,0.017,-26.51,-41.89,-0.04,0.0198,-1.7714,11.89,-99208.3,7.49,92.83,-3.898,-0,-1.0001,132.03,139.25,133.71,24.96,Cornering,"Hoosier 43075 16x7.5-10 R20, 7 inch rim",720
78.9,252.1,-4.67,417.37,-229.5,0.006,-25.6,-41.36,0.03,0.0204,-1.8186,12,159551,7.49,92.84,-3.936,-0,-1,131.94,139.36,133.77,24.95,Cornering,"Hoosier 43075 16x7.5-10 R20, 7 inch rim",721
78.87,252.11,-6.15,422.5,-228.24,0.01,-24.04,-41.38,0.03,0.0269,-1.8511,12.08,159432.16,7.49,92.81,-3.974,-0,-1,131.99,139.49,133.89,24.93,Cornering,"Hoosier 43075 16x7.5-10 R20, 7 inch rim",722
78.9,252.12,-7.63,426.69,-227.44,0.013,-23.63,-40.77,-0.04,0.0336,-1.8761,12.13,-99078.08,7.48,92.77,-4.015,-0,-1.0001,132.07,139.56,133.99,24.93,Cornering,"Hoosier 43075 16x7.5-10 R20, 7 inch rim",723
78.91,252.13,-8.89,429.63,-228.38,0.016,-23.47,-40.22,-0.11,0.0389,-1.8812,12.09,-37790.54,7.48,92.7,-4.058,-0,-1.0002,132.16,139.56,134.01,24.93,Cornering,"Hoosier 43075 16x7.5-10 R20, 7 inch rim",724
78.88,252.14,-9.43,430.69,-230.98,0.012,-24.35,-39.65,0.03,0.0408,-1.8646,12.05,159442.81,7.48,92.66,-4.1,-0,-1,132.14,139.52,134.03,24.94,Cornering,"Hoosier 43075 16x7.5-10 R20, 7 inch rim",725
78.87,252.15,-9.86,431.12,-234.32,0.014,-25.89,-39.98,-0.04,0.0421,-1.8398,11.98,-99154.6,7.48,92.62,-4.134,-0,-1.0001,132.09,139.45,133.95,24.95,Cornering,"Hoosier 43075 16x7.5-10 R20, 7 inch rim",726
78.91,252.16,-9.61,431.08,-237.91,0.019,-27.24,-40.79,-0.04,0.0404,-1.8119,11.98,-99218.15,7.48,92.61,-4.176,-0,-1.0001,132.09,139.45,133.87,24.97,Cornering,"Hoosier 43075 16x7.5-10 R20, 7 inch rim",727
78.9,252.17,-8.06,432.02,-240.07,-0,-27.93,-41.11,0.09,0.0336,-1.7996,12.03,44258.42,7.48,92.58,-4.211,-0,-0.9998,132.07,139.41,133.85,24.98,Cornering,"Hoosier 43075 16x7.5-10 R20, 7 inch rim",728
78.88,252.18,-6.48,433.42,-239.61,-0.003,-28.58,-41.66,-0.04,0.0271,-1.8088,12.08,-99322.02,7.48,92.56,-4.259,-0,-1.0001,132.05,139.52,133.85,25,Cornering,"Hoosier 43075 16x7.5-10 R20, 7 inch rim",729
78.89,252.19,-5.02,436.37,-236.95,0.013,-28.39,-41.85,0.03,0.0212,-1.8416,12.15,159843.45,7.47,92.55,-4.302,-0,-1,132.05,139.6,133.87,25.01,Cornering,"Hoosier 43075 16x7.5-10 R20, 7 inch rim",730
78.91,252.2,-4.48,440.3,-233.44,0.001,-27.4,-42.13,-0.04,0.0192,-1.8861,12.19,-99311.3,7.48,92.53,-4.336,-0,-1.0001,132.09,139.63,133.85,25,Cornering,"Hoosier 43075 16x7.5-10 R20, 7 inch rim",731
78.88,252.21,-4.49,444.82,-230.39,0.009,-26.26,-41.92,-0.04,0.0195,-1.9308,12.15,-99258.83,7.47,92.54,-4.382,-0,-1.0001,131.99,139.69,133.91,24.98,Cornering,"Hoosier 43075 16x7.5-10 R20, 7 inch rim",732
78.88,252.22,-5.5,449.49,-228.09,0.01,-25.62,-41.53,0.03,0.0241,-1.9706,12.08,159521.58,7.47,92.53,-4.415,-0,-1,131.99,139.8,134.03,24.96,Cornering,"Hoosier 43075 16x7.5-10 R20, 7 inch rim",733
78.91,252.23,-6.89,453.69,-227.31,0.009,-25.05,-40.93,-0.11,0.0303,-1.9959,12.02,-37813.2,7.47,92.52,-4.465,-0,-1.0002,132.07,139.82,134.13,24.96,Cornering,"Hoosier 43075 16x7.5-10 R20, 7 inch rim",734
78.91,252.24,-8.45,456.47,-228.72,0.01,-24.48,-40.65,-0.04,0.037,-1.9958,11.98,-99150.59,7.47,92.55,-4.495,-0,-1.0001,132.12,139.8,134.24,24.96,Cornering,"Hoosier 43075 16x7.5-10 R20, 7 inch rim",735
78.87,252.25,-9.06,457.07,-230.6,0.001,-26.67,-39.9,0.09,0.0393,-1.9821,12.02,44237.66,7.47,92.58,-4.542,-0,-0.9998,132.09,139.78,134.32,24.98,Cornering,"Hoosier 43075 16x7.5-10 R20, 7 inch rim",736
78.89,252.26,-9.59,456.86,-233.88,0.014,-28.26,-39.88,0.03,0.041,-1.9534,12.08,159707.56,7.47,92.58,-4.571,-0,-1,132.05,139.71,134.3,25,Cornering,"Hoosier 43075 16x7.5-10 R20, 7 inch rim",737
78.92,252.27,-9.01,456.82,-237.57,0.019,-29.26,-39.89,-0.11,0.0379,-1.9229,12.15,-37848.99,7.46,92.6,-4.611,-0,-1.0002,132.14,139.71,134.24,24.98,Cornering,"Hoosier 43075 16x7.5-10 R20, 7 inch rim",738
78.89,252.28,-8.22,456.66,-240.21,0.006,-30.04,-40.54,-0.04,0.0342,-1.9011,12.17,-99104.27,7.46,92.64,-4.654,-0,-1.0001,132.16,139.71,134.18,24.96,Cornering,"Hoosier 43075 16x7.5-10 R20, 7 inch rim",739
78.88,252.29,-6.71,457.74,-239.85,0.012,-30.97,-40.86,-0.04,0.028,-1.9084,12.14,-99004.05,7.46,92.67,-4.708,-0,-1.0001,132.12,139.78,134.18,24.93,Cornering,"Hoosier 43075 16x7.5-10 R20, 7 inch rim",740
78.91,252.3,-5.71,460.09,-237.74,0.012,-30.42,-41.51,0.03,0.024,-1.9353,12.08,159185.34,7.46,92.68,-4.741,-0,-1,132.14,139.87,134.11,24.92,Cornering,"Hoosier 43075 16x7.5-10 R20, 7 inch rim",741
78.91,252.31,-4.33,463.85,-235.07,0.009,-28.69,-40.95,-0.04,0.0184,-1.9732,12.03,-99016.43,7.46,92.69,-4.778,-0,-1.0001,132.12,139.98,134.11,24.94,Cornering,"Hoosier 43075 16x7.5-10 R20, 7 inch rim",742
78.87,252.32,-4.52,467.75,-231.49,0.014,-28.33,-40.78,0.09,0.0195,-2.0206,11.99,44157.34,7.46,92.67,-4.823,-0,-0.9998,132.22,140.07,134.2,24.95,Cornering,"Hoosier 43075 16x7.5-10 R20, 7 inch rim",743
78.89,252.33,-5.65,472.28,-228.75,0.009,-28.05,-40.66,0.09,0.0247,-2.0646,12.05,44164.73,7.46,92.66,-4.864,-0,-0.9998,132.22,140.18,134.3,24.96,Cornering,"Hoosier 43075 16x7.5-10 R20, 7 inch rim",744
78.91,252.34,-6.59,476.17,-228.14,0.006,-26.69,-39.85,0.03,0.0289,-2.0872,12.13,159443.92,7.46,92.69,-4.893,-0,-1,132.33,140.33,134.42,24.97,Cornering,"Hoosier 43075 16x7.5-10 R20, 7 inch rim",745
78.89,252.35,-7.87,478.33,-228.79,0.01,-26.98,-39.18,0.03,0.0344,-2.0906,12.2,159398.97,7.46,92.67,-4.924,-0,-1,132.4,140.37,134.54,24.96,Cornering,"Hoosier 43075 16x7.5-10 R20, 7 inch rim",746
78.87,252.36,-8.67,479.09,-231.09,0.003,-27.53,-38.46,-0.04,0.0375,-2.0732,12.22,-99078.16,7.46,92.7,-4.973,-0,-1.0001,132.5,140.31,134.52,24.96,Cornering,"Hoosier 43075 16x7.5-10 R20, 7 inch rim",747
78.91,252.37,-9.45,479.2,-233.9,0.01,-29.02,-38.62,0.03,0.0404,-2.0488,12.19,159488.08,7.46,92.74,-5.01,-0,-1,132.52,140.22,134.56,24.98,Cornering,"Hoosier 43075 16x7.5-10 R20, 7 inch rim",748
78.91,252.38,-9.39,478.38,-237.31,0.012,-31.15,-38.84,-0.04,0.0396,-2.0159,12.11,-99179.88,7.45,92.78,-5.056,-0,-1.0001,132.48,140.2,134.54,24.99,Cornering,"Hoosier 43075 16x7.5-10 R20, 7 inch rim",749
78.88,252.39,-8.21,478.36,-240.36,0.014,-31.81,-38.83,0.03,0.0342,-1.9901,12.04,159576.42,7.45,92.83,-5.098,-0,-1,132.5,140.24,134.52,25,Cornering,"Hoosier 43075 16x7.5-10 R20, 7 inch rim",750
78.88,252.4,-7.04,479.45,-241.43,0.007,-31.54,-39.69,-0.04,0.0292,-1.9859,12.02,-99166.84,7.45,92.86,-5.136,-0,-1.0001,132.5,140.33,134.46,24.99,Cornering,"Hoosier 43075 16x7.5-10 R20, 7 inch rim",751
78.91,252.41,-5.32,481.49,-240.15,0.004,-30.62,-39.79,0.03,0.0221,-2.0049,12.07,159443.55,7.45,92.91,-5.181,-0,-1,132.48,140.42,134.46,24.98,Cornering,"Hoosier 43075 16x7.5-10 R20, 7 inch rim",752
78.89,252.42,-4.2,484.61,-237.05,0.016,-29.83,-39.85,0.03,0.0177,-2.0444,12.15,159321.86,7.45,92.95,-5.221,-0,-1,132.46,140.51,134.46,24.96,Cornering,"Hoosier 43075 16x7.5-10 R20, 7 inch rim",753
78.87,252.43,-4.19,488.23,-233.55,0.006,-28.52,-40.01,0.03,0.018,-2.0905,12.23,159348.11,7.45,92.98,-5.261,-0,-1,132.44,140.59,134.48,24.97,Cornering,"Hoosier 43075 16x7.5-10 R20, 7 inch rim",754
78.9,252.44,-4.87,492.27,-230.16,0.019,-28.47,-39.6,0.03,0.0212,-2.1388,12.22,159412.03,7.45,93.03,-5.298,-0,-1,132.44,140.68,134.56,24.98,Cornering,"Hoosier 43075 16x7.5-10 R20, 7 inch rim",755
78.91,252.45,-5.9,495.23,-228.85,0.013,-28.24,-38.81,-0.04,0.0258,-2.164,12.21,-99038.27,7.45,93.04,-5.355,-0,-1.0001,132.46,140.9,134.74,24.97,Cornering,"Hoosier 43075 16x7.5-10 R20, 7 inch rim",756
78.88,252.46,-7.52,497.24,-228.94,0.01,-28.35,-38.34,0.03,0.0329,-2.172,12.14,159280.34,7.45,93.04,-5.374,-0,-1,132.55,140.97,134.88,24.96,Cornering,"Hoosier 43075 16x7.5-10 R20, 7 inch rim",757
78.88,252.47,-8.2,497.68,-231.35,0.016,-28.79,-37.01,-0.04,0.0354,-2.1512,12.08,-98937.49,7.44,93.04,-5.407,-0,-1.0001,132.7,140.93,134.98,24.94,Cornering,"Hoosier 43075 16x7.5-10 R20, 7 inch rim",758
78.91,252.48,-9.01,497.19,-234.51,0.01,-30.03,-36.8,0.09,0.0384,-2.1201,12.11,44110.73,7.44,93.04,-5.461,-0,-0.9998,132.76,140.82,135.02,24.95,Cornering,"Hoosier 43075 16x7.5-10 R20, 7 inch rim",759
78.9,252.49,-9.18,496.22,-237.79,0.004,-32.26,-36.68,0.03,0.0386,-2.0868,12.17,159203.94,7.44,93.03,-5.516,-0,-1,132.74,140.77,134.98,24.96,Cornering,"Hoosier 43075 16x7.5-10 R20, 7 inch rim",760
78.87,252.5,-8.93,496.35,-241.13,0.007,-32.39,-37.16,-0.04,0.0371,-2.0585,12.23,-99029.55,7.44,93.02,-5.539,-0,-1.0001,132.8,140.86,134.96,24.97,Cornering,"Hoosier 43075 16x7.5-10 R20, 7 inch rim",761
78.89,252.51,-7.62,497.12,-242.61,0.007,-32.11,-37.23,-0.04,0.0314,-2.0491,12.26,-99066.66,7.44,93.01,-5.589,-0,-1.0001,132.89,140.86,134.92,24.98,Cornering,"Hoosier 43075 16x7.5-10 R20, 7 inch rim",762
78.92,252.52,-6.37,498.85,-241.03,0.006,-31.78,-37.73,0.03,0.0264,-2.0696,12.24,159394.81,7.44,93.01,-5.625,-0,-1,132.97,140.97,134.9,24.99,Cornering,"Hoosier 43075 16x7.5-10 R20, 7 inch rim",763
78.88,252.53,-4.62,501.35,-238.42,0.019,-30.59,-37.23,0.03,0.0194,-2.1028,12.17,159384.09,7.44,93.01,-5.662,-0,-1,133.04,141.19,134.94,24.99,Cornering,"Hoosier 43075 16x7.5-10 R20, 7 inch rim",764
78.88,252.54,-4.14,504.19,-234.83,0.004,-30.13,-37.31,0.03,0.0176,-2.147,12.11,159295.2,7.44,92.96,-5.713,-0,-1,133.04,141.26,135,24.98,Cornering,"Hoosier 43075 16x7.5-10 R20, 7 inch rim",765
78.91,252.55,-4.15,507.46,-232.05,0.007,-29.56,-36.8,0.03,0.0179,-2.1868,12.1,159213.34,7.44,92.93,-5.741,-0,-1,133.1,141.34,135.15,24.97,Cornering,"Hoosier 43075 16x7.5-10 R20, 7 inch rim",766
78.9,252.56,-5.35,509.95,-230.42,0.01,-29.69,-36.32,-0.04,0.0232,-2.2131,12.14,-98939.9,7.44,92.89,-5.782,-0,-1.0001,133.15,141.45,135.29,24.96,Cornering,"Hoosier 43075 16x7.5-10 R20, 7 inch rim",767
78.87,252.57,-6.63,512.42,-230.24,0.016,-29.61,-35.64,0.09,0.0288,-2.2256,12.23,44102.1,7.43,92.89,-5.826,-0,-0.9998,133.23,141.59,135.47,24.96,Cornering,"Hoosier 43075 16x7.5-10 R20, 7 inch rim",768
78.89,252.58,-7.77,513.04,-231.66,0.001,-30.22,-35.11,-0.04,0.0335,-2.2147,12.29,-98901.89,7.44,92.91,-5.864,-0,-1.0001,133.36,141.59,135.57,24.96,Cornering,"Hoosier 43075 16x7.5-10 R20, 7 inch rim",769
78.91,252.59,-8.92,512.69,-234.22,0.013,-31.38,-35.01,0.03,0.0381,-2.1889,12.29,159018.84,7.43,92.92,-5.898,-0,-1,133.4,141.43,135.65,24.94,Cornering,"Hoosier 43075 16x7.5-10 R20, 7 inch rim",770
78.89,252.6,-8.88,512.36,-237.52,0.004,-32.07,-34.63,0.03,0.0374,-2.1571,12.25,158931.17,7.43,92.95,-5.944,-0,-1,133.4,141.39,135.71,24.93,Cornering,"Hoosier 43075 16x7.5-10 R20, 7 inch rim",771
78.88,252.61,-9,511.86,-239.57,0.01,-34.1,-35.19,-0.04,0.0376,-2.1366,12.18,-98716.98,7.43,92.98,-5.993,-0,-1.0001,133.36,141.41,135.71,24.92,Cornering,"Hoosier 43075 16x7.5-10 R20, 7 inch rim",772
78.9,252.62,-8.1,512.94,-241.16,0.013,-33.31,-35.54,0.03,0.0336,-2.127,12.11,158722.95,7.43,93,-6.021,-0,-1,133.43,141.45,135.63,24.9,Cornering,"Hoosier 43075 16x7.5-10 R20, 7 inch rim",773
78.91,252.63,-6.65,514.19,-241.07,0.013,-32.5,-35.68,-0.04,0.0276,-2.1329,12.1,-98727.15,7.43,93.01,-6.06,-0,-1.0001,133.45,141.52,135.63,24.92,Cornering,"Hoosier 43075 16x7.5-10 R20, 7 inch rim",774
78.87,252.64,-5.62,516.09,-239.18,0.003,-31.2,-35.83,0.03,0.0235,-2.1578,12.14,158883,7.43,93.02,-6.101,-0,-1,133.49,141.63,135.67,24.93,Cornering,"Hoosier 43075 16x7.5-10 R20, 7 inch rim",775
78.89,252.65,-4.98,518.61,-236.01,0.001,-30.25,-35.71,0.03,0.0211,-2.1974,12.22,158947.08,7.43,93.02,-6.133,-0,-1,133.49,141.78,135.75,24.94,Cornering,"Hoosier 43075 16x7.5-10 R20, 7 inch rim",776
78.91,252.66,-5.19,521.1,-232.93,0.01,-30.19,-35.42,-0.11,0.0223,-2.2371,12.28,-37702.92,7.43,93.02,-6.174,-0,-1.0002,133.58,141.92,135.83,24.96,Cornering,"Hoosier 43075 16x7.5-10 R20, 7 inch rim",777
78.89,252.67,-5.65,523.76,-231.43,0.004,-29.43,-34.5,0.09,0.0244,-2.2631,12.28,44088.78,7.43,93.04,-6.225,-0,-0.9998,133.7,142.07,135.97,24.97,Cornering,"Hoosier 43075 16x7.5-10 R20, 7 inch rim",778
78.87,252.68,-7.16,525.45,-230.75,0.013,-30.56,-34.28,0.09,0.031,-2.2772,12.24,44085.13,7.42,93.06,-6.266,-0,-0.9998,133.81,142.22,136.16,24.97,Cornering,"Hoosier 43075 16x7.5-10 R20, 7 inch rim",779
78.91,252.69,-8.36,526.52,-231.74,0.01,-31.22,-33.82,0.09,0.0361,-2.2721,12.17,44113.04,7.42,93.05,-6.298,-0,-0.9998,134,142.29,136.34,24.99,Cornering,"Hoosier 43075 16x7.5-10 R20, 7 inch rim",780
78.9,252.7,-9.19,527.12,-233.58,0.012,-32.12,-33.28,-0.04,0.0393,-2.2567,12.12,-98902.96,7.42,93.03,-6.335,-0,-1.0001,134.07,142.25,136.38,24.98,Cornering,"Hoosier 43075 16x7.5-10 R20, 7 inch rim",781
78.88,252.71,-9.56,527.4,-236.75,0.012,-32.83,-33.17,-0.11,0.0404,-2.2277,12.14,-37713.83,7.42,93.02,-6.378,-0,-1.0002,134.11,142.18,136.42,24.97,Cornering,"Hoosier 43075 16x7.5-10 R20, 7 inch rim",782
78.89,252.72,-9.42,527.7,-239.32,0.001,-33.91,-33.43,-0.11,0.0393,-2.205,12.19,-37719.39,7.42,93.01,-6.419,-0,-1.0002,134.11,142.2,136.46,24.98,Cornering,"Hoosier 43075 16x7.5-10 R20, 7 inch rim",783
78.91,252.73,-8.64,527.98,-241.18,0.01,-34.59,-33.68,-0.11,0.0358,-2.1891,12.29,-37725.04,7.42,93.02,-6.459,-0,-1.0002,134.13,142.27,136.44,24.98,Cornering,"Hoosier 43075 16x7.5-10 R20, 7 inch rim",784
78.9,252.74,-7.46,528.92,-241.38,0.012,-33.59,-34.18,-0.04,0.0309,-2.1913,12.34,-98872.27,7.42,93.02,-6.487,-0,-1.0001,134.15,142.31,136.4,24.98,Cornering,"Hoosier 43075 16x7.5-10 R20, 7 inch rim",785
78.88,252.75,-5.74,530.51,-240.15,0.003,-32.19,-33.97,-0.04,0.0239,-2.209,12.32,-98953.45,7.42,93.01,-6.538,-0,-1.0001,134.26,142.47,136.46,25,Cornering,"Hoosier 43075 16x7.5-10 R20, 7 inch rim",786
78.9,252.76,-4.59,531.76,-236.76,0.014,-32.1,-33.47,0.03,0.0194,-2.246,12.28,159061,7.42,92.98,-6.581,-0,-1,134.3,142.64,136.56,24.98,Cornering,"Hoosier 43075 16x7.5-10 R20, 7 inch rim",787
78.91,252.77,-4.29,533.65,-234.14,0.012,-31.51,-32.91,-0.04,0.0183,-2.2792,12.21,-98821.84,7.42,92.96,-6.62,-0,-1.0001,134.28,142.75,136.6,24.97,Cornering,"Hoosier 43075 16x7.5-10 R20, 7 inch rim",788
78.88,252.78,-4.93,536.14,-232.76,0.019,-30.41,-32.29,0.03,0.0212,-2.3034,12.14,158851.55,7.41,92.94,-6.656,-0,-1,134.39,142.95,136.76,24.96,Cornering,"Hoosier 43075 16x7.5-10 R20, 7 inch rim",789
78.88,252.79,-6.45,538.32,-231.39,0.007,-31.17,-31.83,-0.04,0.0279,-2.3264,12.15,-98714.52,7.42,92.89,-6.694,-0,-1.0001,134.5,143.08,136.96,24.95,Cornering,"Hoosier 43075 16x7.5-10 R20, 7 inch rim",790
78.91,252.8,-7.63,539.86,-232.46,0.007,-31.2,-31.15,0.03,0.0328,-2.3224,12.2,158637.03,7.41,92.86,-6.744,-0,-1,134.56,143.15,137.15,24.93,Cornering,"Hoosier 43075 16x7.5-10 R20, 7 inch rim",791
78.9,252.81,-8.86,540.15,-233.42,0.01,-32.84,-30.57,0.03,0.038,-2.3141,12.28,158665.12,7.41,92.84,-6.77,-0,-1,134.56,143.15,137.27,24.93,Cornering,"Hoosier 43075 16x7.5-10 R20, 7 inch rim",792
78.87,252.82,-9.42,539.81,-236.07,0.007,-33.54,-30.19,-0.04,0.0399,-2.2867,12.3,-98689.29,7.41,92.82,-6.813,-0,-1.0001,134.54,143.08,137.27,24.95,Cornering,"Hoosier 43075 16x7.5-10 R20, 7 inch rim",793
78.9,252.83,-9.52,539.63,-239.24,0.012,-33.45,-30.21,0.03,0.0398,-2.2556,12.28,158748.17,7.41,92.83,-6.85,-0,-1,134.52,143.04,137.29,24.95,Cornering,"Hoosier 43075 16x7.5-10 R20, 7 inch rim",794
78.91,252.84,-9.08,539.62,-240.71,0.01,-34.61,-30.67,-0.04,0.0377,-2.2418,12.21,-98672.34,7.41,92.83,-6.892,-0,-1.0001,134.52,143.1,137.29,24.95,Cornering,"Hoosier 43075 16x7.5-10 R20, 7 inch rim",795
78.88,252.85,-7.57,540.4,-241.49,0.007,-33.68,-30.7,0.03,0.0314,-2.2378,12.12,158791,7.41,92.85,-6.939,-0,-1,134.56,143.21,137.23,24.96,Cornering,"Hoosier 43075 16x7.5-10 R20, 7 inch rim",796
78.88,252.86,-6.22,541.03,-240.79,0.014,-32.88,-30.82,0.09,0.0258,-2.2469,12.08,43989.46,7.41,92.84,-6.966,-0,-0.9998,134.69,143.32,137.29,24.96,Cornering,"Hoosier 43075 16x7.5-10 R20, 7 inch rim",797
78.91,252.87,-4.77,541.99,-238.22,0.007,-32.2,-30.34,0.09,0.02,-2.2752,12.09,43984.56,7.41,92.83,-7.016,-0,-0.9998,134.73,143.54,137.39,24.96,Cornering,"Hoosier 43075 16x7.5-10 R20, 7 inch rim",798
78.9,252.88,-4.47,543.73,-235.16,-0,-32.14,-30.1,0.03,0.019,-2.3122,12.15,158746.45,7.41,92.76,-7.065,-0,-1,134.82,143.74,137.53,24.96,Cornering,"Hoosier 43075 16x7.5-10 R20, 7 inch rim",799
78.87,252.89,-5.62,545.75,-233.03,0.013,-31.88,-30.29,0.03,0.0241,-2.342,12.22,158807.89,7.41,92.71,-7.099,-0,-1,134.95,143.85,137.65,24.97,Cornering,"Hoosier 43075 16x7.5-10 R20, 7 inch rim",800
78.89,252.9,-6.61,547.93,-232.41,0.012,-31.51,-29.57,-0.04,0.0284,-2.3576,12.23,-98662.67,7.4,92.68,-7.144,-0,-1.0001,135.16,144.03,137.85,24.96,Cornering,"Hoosier 43075 16x7.5-10 R20, 7 inch rim",801
78.91,252.91,-7.7,549.48,-232.3,0.007,-31.9,-28.58,-0.04,0.0331,-2.3654,12.22,-98608.17,7.4,92.66,-7.182,-0,-1.0001,135.33,144.12,138.03,24.95,Cornering,"Hoosier 43075 16x7.5-10 R20, 7 inch rim",802
78.89,252.92,-9.17,550.08,-233.62,0.012,-32.37,-28.46,0.09,0.0393,-2.3546,12.17,43964.04,7.4,92.63,-7.223,-0,-0.9998,135.46,144.14,138.2,24.96,Cornering,"Hoosier 43075 16x7.5-10 R20, 7 inch rim",803
78.87,252.93,-9.49,549.9,-235.36,0.004,-33.87,-27.63,0.03,0.0403,-2.3364,12.09,158641.86,7.4,92.59,-7.253,-0,-1,135.55,144.05,138.24,24.96,Cornering,"Hoosier 43075 16x7.5-10 R20, 7 inch rim",804
78.91,252.94,-9.53,549.4,-237.34,0.01,-35.72,-27.53,-0.04,0.0402,-2.3148,12.05,-98602.8,7.4,92.58,-7.307,-0,-1.0001,135.61,144.01,138.24,24.96,Cornering,"Hoosier 43075 16x7.5-10 R20, 7 inch rim",805
78.91,252.95,-9.32,549.55,-240.34,0.009,-34.94,-27.93,0.03,0.0388,-2.2865,12.06,158571.83,7.4,92.54,-7.343,-0,-1,135.64,144.01,138.26,24.95,Cornering,"Hoosier 43075 16x7.5-10 R20, 7 inch rim",806
78.88,252.96,-8.21,549.7,-241.48,0.007,-34.56,-28.24,-0.04,0.034,-2.2764,12.13,-98564.76,7.4,92.49,-7.373,-0,-1.0001,135.68,144.14,138.26,24.95,Cornering,"Hoosier 43075 16x7.5-10 R20, 7 inch rim",807
78.89,252.97,-6.35,550.02,-241.31,0.01,-33.56,-28.06,-0.04,0.0263,-2.2793,12.21,-98531.25,7.4,92.43,-7.419,-0,-1.0001,135.79,144.27,138.26,24.94,Cornering,"Hoosier 43075 16x7.5-10 R20, 7 inch rim",808
78.91,252.98,-5.17,550.67,-239.76,0.009,-32.17,-27.92,0.03,0.0216,-2.2967,12.24,158492.31,7.39,92.38,-7.457,-0,-1,135.96,144.4,138.4,24.94,Cornering,"Hoosier 43075 16x7.5-10 R20, 7 inch rim",809
78.89,252.99,-4.84,551.93,-236.68,0.012,-32.11,-27.73,-0.18,0.0204,-2.3319,12.23,-23226.56,7.39,92.33,-7.509,-0,-1.0003,136,144.58,138.52,24.96,Cornering,"Hoosier 43075 16x7.5-10 R20, 7 inch rim",810
78.87,253,-5.24,553.49,-234.3,0.014,-32.37,-27.18,0.09,0.0224,-2.3623,12.19,43910.27,7.39,92.32,-7.546,-0,-0.9998,136.15,144.82,138.68,24.94,Cornering,"Hoosier 43075 16x7.5-10 R20, 7 inch rim",811
78.9,253.01,-6.6,555.66,-233.21,0.022,-32.07,-26.81,-0.04,0.0283,-2.3826,12.11,-98537.71,7.39,92.33,-7.586,-0,-1.0001,136.36,144.95,138.9,24.96,Cornering,"Hoosier 43075 16x7.5-10 R20, 7 inch rim",812
78.91,253.02,-8.33,557.37,-232.72,0.01,-32.87,-26.61,0.03,0.0358,-2.3951,12.03,158501.83,7.39,92.36,-7.626,-0,-1,136.58,145.06,139.13,24.96,Cornering,"Hoosier 43075 16x7.5-10 R20, 7 inch rim",813
78.88,253.03,-8.97,558.44,-233.63,0.013,-33.46,-25.7,0.03,0.0384,-2.3903,12.05,158416.66,7.39,92.36,-7.656,-0,-1,136.69,145.11,139.33,24.94,Cornering,"Hoosier 43075 16x7.5-10 R20, 7 inch rim",814
78.88,253.04,-9.48,559.05,-235.24,0.01,-33.97,-25.21,0.03,0.0403,-2.3765,12.1,158399.52,7.39,92.38,-7.701,-0,-1,136.84,145.09,139.45,24.94,Cornering,"Hoosier 43075 16x7.5-10 R20, 7 inch rim",815
78.91,253.05,-9.81,558.87,-237.69,0.012,-34.72,-25.18,0.03,0.0413,-2.3512,12.19,158380.06,7.39,92.35,-7.751,-0,-1,136.9,145.11,139.47,24.94,Cornering,"Hoosier 43075 16x7.5-10 R20, 7 inch rim",816
78.9,253.06,-9.77,558.72,-239.76,-0.005,-35.34,-25.68,-0.04,0.0408,-2.3304,12.23,-98420.91,7.39,92.32,-7.787,-0,-1.0001,136.94,145.09,139.49,24.94,Cornering,"Hoosier 43075 16x7.5-10 R20, 7 inch rim",817
78.88,253.07,-9.17,558.84,-240.73,0.019,-35.69,-26.21,-0.04,0.0381,-2.3214,12.2,-98411.84,7.38,92.31,-7.824,-0,-1.0001,136.94,145.24,139.45,24.94,Cornering,"Hoosier 43075 16x7.5-10 R20, 7 inch rim",818
78.9,253.08,-7.55,558.7,-241.44,0.014,-34.24,-26.21,0.03,0.0313,-2.314,12.17,158303.98,7.39,92.28,-7.851,-0,-1,137.07,145.33,139.45,24.94,Cornering,"Hoosier 43075 16x7.5-10 R20, 7 inch rim",819
78.91,253.09,-5.97,558.57,-240.08,0.006,-33.9,-25.8,0.09,0.0249,-2.3266,12.07,43860.46,7.39,92.23,-7.914,-0,-0.9998,137.27,145.46,139.51,24.94,Cornering,"Hoosier 43075 16x7.5-10 R20, 7 inch rim",820
78.88,253.1,-5.1,559.52,-237.75,0.01,-33.28,-25.39,-0.04,0.0214,-2.3534,12.01,-98429.04,7.38,92.17,-7.94,-0,-1.0001,137.37,145.64,139.63,24.95,Cornering,"Hoosier 43075 16x7.5-10 R20, 7 inch rim",821
78.88,253.11,-5.36,560.94,-235.58,0.001,-33.13,-25.27,-0.04,0.0228,-2.3811,12.03,-98464.45,7.39,92.12,-7.981,-0,-1.0001,137.46,145.83,139.73,24.96,Cornering,"Hoosier 43075 16x7.5-10 R20, 7 inch rim",822
78.91,253.12,-6.4,562.94,-234.26,0.017,-33.21,-24.92,-0.04,0.0273,-2.4031,12.07,-98525.53,7.38,92.04,-8.011,-0,-1.0001,137.65,146.03,139.89,24.98,Cornering,"Hoosier 43075 16x7.5-10 R20, 7 inch rim",823
78.9,253.13,-7.86,565.11,-233.27,0.017,-33.71,-24.61,0.03,0.0337,-2.4225,12.15,158700.31,7.38,91.97,-8.056,-0,-1,137.93,146.16,140.1,25.01,Cornering,"Hoosier 43075 16x7.5-10 R20, 7 inch rim",824
78.88,253.14,-8.78,566.51,-234.02,0.012,-33.84,-24.11,-0.04,0.0375,-2.4208,12.19,-98639.6,7.38,91.96,-8.103,-0,-1.0001,138.06,146.23,140.3,25.01,Cornering,"Hoosier 43075 16x7.5-10 R20, 7 inch rim",825
78.9,253.15,-9.31,566.81,-235.64,0.003,-34.18,-23.53,0.03,0.0395,-2.4054,12.17,158701.48,7.38,91.97,-8.143,-0,-1,138.12,146.23,140.42,25.02,Cornering,"Hoosier 43075 16x7.5-10 R20, 7 inch rim",826
78.91,253.16,-9.73,567.1,-237.31,0.009,-34.81,-23.51,-0.04,0.041,-2.3897,12.11,-98597.44,7.38,92.01,-8.179,-0,-1.0001,138.15,146.16,140.42,25.01,Cornering,"Hoosier 43075 16x7.5-10 R20, 7 inch rim",827
78.88,253.17,-9.86,566.76,-239.3,0.013,-35.6,-23.75,-0.04,0.0412,-2.3684,12.04,-98448.96,7.38,92.06,-8.223,-0,-1.0001,138.15,146.1,140.42,24.97,Cornering,"Hoosier 43075 16x7.5-10 R20, 7 inch rim",828
78.87,253.18,-9.1,566.13,-240.7,0.016,-36.48,-23.9,0.03,0.0378,-2.352,11.98,158284.31,7.38,92.15,-8.263,-0,-1,138.21,146.21,140.42,24.96,Cornering,"Hoosier 43075 16x7.5-10 R20, 7 inch rim",829
78.91,253.19,-8.01,565.36,-241.86,0.014,-35.41,-24.41,0.03,0.0331,-2.3375,11.99,158230.31,7.37,92.22,-8.305,-0,-1,138.25,146.23,140.44,24.96,Cornering,"Hoosier 43075 16x7.5-10 R20, 7 inch rim",830
78.9,253.2,-5.95,564.91,-241.87,0.012,-33.95,-23.88,0.03,0.0246,-2.3356,12.03,158179.22,7.38,92.24,-8.339,-0,-1,138.38,146.43,140.58,24.95,Cornering,"Hoosier 43075 16x7.5-10 R20, 7 inch rim",831
78.87,253.21,-4.85,564.93,-239.62,0.006,-33.85,-23.56,-0.04,0.0202,-2.3576,12.1,-98383.84,7.38,92.25,-8.387,-0,-1.0001,138.6,146.58,140.82,24.97,Cornering,"Hoosier 43075 16x7.5-10 R20, 7 inch rim",832
78.89,253.22,-4.98,565.72,-237.16,0.009,-34.52,-23.47,0.03,0.021,-2.3854,12.16,158292.52,7.37,92.26,-8.42,-0,-1,138.75,146.8,141.07,24.97,Cornering,"Hoosier 43075 16x7.5-10 R20, 7 inch rim",833
78.91,253.23,-5.95,567.75,-236.16,0.007,-33.35,-23.06,0.09,0.0252,-2.4041,12.15,43858.31,7.38,92.31,-8.47,-0,-0.9998,138.98,147.07,141.33,24.97,Cornering,"Hoosier 43075 16x7.5-10 R20, 7 inch rim",834
78.89,253.24,-7.32,569.76,-234.79,0.013,-34.45,-22.39,-0.04,0.0312,-2.4267,12.09,-98355.21,7.37,92.34,-8.495,-0,-1.0001,139.35,147.2,141.61,24.97,Cornering,"Hoosier 43075 16x7.5-10 R20, 7 inch rim",835
78.88,253.25,-8.6,572.08,-234.96,0.016,-34.13,-21.72,0.03,0.0366,-2.4348,12.03,158129.36,7.37,92.39,-8.544,-0,-1,139.6,147.2,141.91,24.96,Cornering,"Hoosier 43075 16x7.5-10 R20, 7 inch rim",836
78.91,253.26,-9.36,573.31,-235.55,0.016,-34.77,-21.07,0.03,0.0397,-2.434,11.97,158038.09,7.37,92.4,-8.586,-0,-1,139.78,147.29,142.18,24.94,Cornering,"Hoosier 43075 16x7.5-10 R20, 7 inch rim",837
78.91,253.27,-9.82,573.78,-237.61,-0.002,-34.72,-21.04,0.09,0.0413,-2.4148,11.96,43799.77,7.37,92.41,-8.62,-0,-0.9998,139.88,147.26,142.24,24.95,Cornering,"Hoosier 43075 16x7.5-10 R20, 7 inch rim",838
78.87,253.28,-9.74,573.75,-239.04,0.01,-35.79,-20.99,0.03,0.0407,-2.4002,11.99,158045.16,7.37,92.4,-8.654,-0,-1,139.95,147.24,142.22,24.95,Cornering,"Hoosier 43075 16x7.5-10 R20, 7 inch rim",839
78.89,253.29,-9.29,573.12,-240.99,0.003,-35.92,-21.46,0.03,0.0385,-2.3782,12.08,158059.48,7.37,92.37,-8.706,-0,-1,140.01,147.29,142.24,24.96,Cornering,"Hoosier 43075 16x7.5-10 R20, 7 inch rim",840
78.91,253.3,-8.09,571.72,-241.64,0.01,-36.1,-21.91,-0.11,0.0335,-2.366,12.11,-37465.76,7.37,92.35,-8.74,-0,-1.0002,140.16,147.44,142.28,24.95,Cornering,"Hoosier 43075 16x7.5-10 R20, 7 inch rim",841
78.89,253.31,-6.68,570.8,-242.37,0.009,-34.99,-22.14,-0.04,0.0276,-2.355,12.14,-98233.34,7.37,92.35,-8.779,-0,-1.0001,140.27,147.59,142.34,24.96,Cornering,"Hoosier 43075 16x7.5-10 R20, 7 inch rim",842
78.87,253.32,-5.68,570.19,-240.84,0.012,-34.12,-22.32,-0.04,0.0236,-2.3675,12.09,-98269.17,7.37,92.33,-8.815,-0,-1.0001,140.48,147.81,142.52,24.97,Cornering,"Hoosier 43075 16x7.5-10 R20, 7 inch rim",843
78.9,253.33,-5.03,570.37,-239.21,0.004,-34.07,-21.9,0.16,0.021,-2.3844,12.03,25423.03,7.37,92.33,-8.861,-0,-0.9997,140.68,147.99,142.7,24.97,Cornering,"Hoosier 43075 16x7.5-10 R20, 7 inch rim",844
78.91,253.34,-5.56,571.62,-237.61,0.001,-34.33,-21.29,0.03,0.0234,-2.4057,12,157969.89,7.37,92.32,-8.909,-0,-1,140.89,148.21,142.93,24.96,Cornering,"Hoosier 43075 16x7.5-10 R20, 7 inch rim",845
78.88,253.35,-6.92,573.79,-236.41,0.004,-34.89,-20.95,0.09,0.0293,-2.4271,12.02,43781.59,7.37,92.3,-8.936,-0,-0.9998,141.19,148.34,143.13,24.96,Cornering,"Hoosier 43075 16x7.5-10 R20, 7 inch rim",846
78.89,253.36,-8.41,576.1,-236.24,0.012,-35.08,-20.52,-0.04,0.0356,-2.4386,12.06,-98224.4,7.37,92.27,-8.977,-0,-1.0001,141.56,148.41,143.43,24.97,Cornering,"Hoosier 43075 16x7.5-10 R20, 7 inch rim",847
78.91,253.37,-9.18,578.11,-236.53,0.019,-35.01,-19.83,0.09,0.0388,-2.4441,12.14,43802.65,7.36,92.21,-9.012,-0,-0.9998,141.73,148.43,143.69,24.98,Cornering,"Hoosier 43075 16x7.5-10 R20, 7 inch rim",848
78.89,253.38,-9.96,579.21,-237.8,-0.003,-34.95,-19.79,0.03,0.0419,-2.4357,12.19,158123.7,7.37,92.2,-9.057,-0,-1,141.86,148.43,143.81,24.99,Cornering,"Hoosier 43075 16x7.5-10 R20, 7 inch rim",849
78.88,253.39,-10.1,579.33,-239.2,0.012,-35.85,-19.67,0.03,0.0422,-2.422,12.19,158173.61,7.36,92.22,-9.108,-0,-1,141.94,148.43,143.81,25,Cornering,"Hoosier 43075 16x7.5-10 R20, 7 inch rim",850
78.9,253.4,-9.69,578.85,-240.63,0.01,-36.45,-19.71,-0.04,0.0403,-2.4056,12.15,-98294.03,7.36,92.24,-9.134,-0,-1.0001,142.07,148.52,143.79,25,Cornering,"Hoosier 43075 16x7.5-10 R20, 7 inch rim",851
78.91,253.41,-8.97,577.92,-242.17,0.009,-36.34,-20.3,-0.04,0.0371,-2.3864,12.08,-98235,7.36,92.24,-9.181,-0,-1.0001,142.18,148.61,143.83,24.98,Cornering,"Hoosier 43075 16x7.5-10 R20, 7 inch rim",852
78.89,253.42,-7.38,576.53,-242.23,0.003,-36.56,-20.51,-0.04,0.0304,-2.3801,12.04,-98130.33,7.36,92.27,-9.229,-0,-1.0001,142.39,148.76,143.9,24.96,Cornering,"Hoosier 43075 16x7.5-10 R20, 7 inch rim",853
78.89,253.43,-6,575.45,-241.76,0.007,-35.76,-20.61,-0.04,0.0248,-2.3802,12.04,-98120.05,7.36,92.24,-9.264,-0,-1.0001,142.61,148.92,144.02,24.96,Cornering,"Hoosier 43075 16x7.5-10 R20, 7 inch rim",854
78.91,253.44,-4.92,575.15,-240.23,0.012,-35.65,-20.14,0.03,0.0205,-2.3941,12.11,157899.34,7.36,92.19,-9.306,-0,-1,142.89,149.16,144.2,24.97,Cornering,"Hoosier 43075 16x7.5-10 R20, 7 inch rim",855
78.9,253.45,-5.12,576.1,-238.91,0.009,-34.74,-19.88,-0.11,0.0214,-2.4114,12.15,-37479.86,7.36,92.16,-9.339,-0,-1.0002,143.06,149.36,144.44,25,Cornering,"Hoosier 43075 16x7.5-10 R20, 7 inch rim",856
78.88,253.46,-6.01,578.28,-237.87,0.009,-34.22,-19.13,-0.04,0.0253,-2.4311,12.18,-98291.06,7.36,92.19,-9.382,-0,-1.0001,143.36,149.55,144.74,25.01,Cornering,"Hoosier 43075 16x7.5-10 R20, 7 inch rim",857
78.9,253.47,-7.53,580.93,-236.58,-0.002,-35.01,-18.99,-0.11,0.0318,-2.4555,12.16,-37487.04,7.36,92.18,-9.43,-0,-1.0002,143.7,149.69,145.07,25.01,Cornering,"Hoosier 43075 16x7.5-10 R20, 7 inch rim",858
78.92,253.48,-8.84,583.25,-236.56,0.001,-34.68,-18.54,-0.04,0.0373,-2.4655,12.12,-98222.45,7.36,92.2,-9.46,-0,-1.0001,143.98,149.66,145.33,25,Cornering,"Hoosier 43075 16x7.5-10 R20, 7 inch rim",859
78.89,253.49,-9.31,584.16,-237.12,0.007,-35.83,-17.8,0.09,0.0393,-2.4635,12.06,43739.86,7.36,92.19,-9.502,-0,-0.9998,144.09,149.71,145.51,24.98,Cornering,"Hoosier 43075 16x7.5-10 R20, 7 inch rim",860
78.88,253.5,-10.11,584.45,-238.99,0.014,-35.69,-18.15,0.03,0.0423,-2.4455,12.05,157718.31,7.36,92.17,-9.535,-0,-1,144.15,149.77,145.51,24.96,Cornering,"Hoosier 43075 16x7.5-10 R20, 7 inch rim",861
78.91,253.51,-9.52,584.13,-240.4,0.007,-36.62,-17.87,0.03,0.0396,-2.4298,12.08,157697.16,7.35,92.18,-9.579,-0,-1,144.26,149.77,145.49,24.96,Cornering,"Hoosier 43075 16x7.5-10 R20, 7 inch rim",862
78.91,253.52,-8.99,582.41,-242.69,0.004,-36.91,-18.5,-0.04,0.037,-2.3999,12.14,-97969.23,7.36,92.21,-9.624,-0,-1.0001,144.39,149.82,145.47,24.95,Cornering,"Hoosier 43075 16x7.5-10 R20, 7 inch rim",863
78.88,253.53,-7.51,580.71,-243.37,0.003,-37.08,-18.92,0.03,0.0309,-2.3861,12.2,157581.33,7.35,92.23,-9.668,-0,-1,144.5,149.97,145.57,24.95,Cornering,"Hoosier 43075 16x7.5-10 R20, 7 inch rim",864
78.89,253.54,-5.94,579.47,-243.13,0.007,-36.51,-18.99,0.09,0.0244,-2.3834,12.19,43662.13,7.35,92.23,-9.705,-0,-0.9998,144.73,150.15,145.69,24.95,Cornering,"Hoosier 43075 16x7.5-10 R20, 7 inch rim",865
78.92,253.55,-4.94,578.72,-242.72,-0.002,-35.08,-18.9,-0.04,0.0204,-2.3843,12.17,-97908.23,7.35,92.23,-9.751,-0,-1.0001,144.9,150.41,145.96,24.94,Cornering,"Hoosier 43075 16x7.5-10 R20, 7 inch rim",866
78.89,253.56,-4.71,579.65,-240.27,0.014,-35.43,-18.37,-0.04,0.0196,-2.4125,12.1,-97808.15,7.35,92.2,-9.781,-0,-1.0001,145.08,150.61,146.14,24.92,Cornering,"Hoosier 43075 16x7.5-10 R20, 7 inch rim",867
78.88,253.57,-5.78,581.52,-238.94,0.012,-35.4,-17.98,-0.11,0.0242,-2.4338,12.04,-37286.11,7.35,92.2,-9.823,-0,-1.0002,145.35,150.81,146.4,24.91,Cornering,"Hoosier 43075 16x7.5-10 R20, 7 inch rim",868
78.91,253.58,-7.21,584.01,-238.02,0.004,-35.62,-17.49,0.09,0.0303,-2.4536,12.03,43589.2,7.35,92.21,-9.87,-0,-0.9998,145.65,151.03,146.66,24.92,Cornering,"Hoosier 43075 16x7.5-10 R20, 7 inch rim",869
78.92,253.59,-8.7,586.34,-237.69,0.006,-35.51,-17.08,0.09,0.0366,-2.4668,12.08,43583.93,7.35,92.24,-9.909,-0,-0.9998,145.93,151.03,146.99,24.92,Cornering,"Hoosier 43075 16x7.5-10 R20, 7 inch rim",870
78.89,253.6,-9.49,587.4,-238.46,0.012,-35.8,-16.29,-0.04,0.0398,-2.4634,12.17,-97805.16,7.35,92.24,-9.94,-0,-1.0001,146.17,151.05,147.17,24.93,Cornering,"Hoosier 43075 16x7.5-10 R20, 7 inch rim",871
78.9,253.61,-10.1,587.39,-239.45,0.01,-36.6,-16.33,-0.11,0.0422,-2.4531,12.24,-37337.6,7.35,92.17,-9.976,-0,-1.0002,146.19,151.03,147.23,24.96,Cornering,"Hoosier 43075 16x7.5-10 R20, 7 inch rim",872
78.93,253.62,-10.01,587.07,-241.59,0.004,-36.65,-16.35,0.03,0.0414,-2.43,12.24,157587.16,7.35,92.16,-10.029,-0,-1,146.21,151.14,147.25,24.98,Cornering,"Hoosier 43075 16x7.5-10 R20, 7 inch rim",873
78.91,253.63,-9.67,585.52,-243.32,-0,-36.84,-17.02,-0.04,0.0397,-2.4064,12.19,-97951.12,7.35,92.15,-10.056,-0,-1.0001,146.38,151.25,147.27,24.98,Cornering,"Hoosier 43075 16x7.5-10 R20, 7 inch rim",874
78.89,253.64,-8.59,583.63,-243.95,0.012,-37.72,-17.69,-0.11,0.0352,-2.3924,12.13,-37348.16,7.35,92.11,-10.106,-0,-1.0002,146.51,151.36,147.27,24.97,Cornering,"Hoosier 43075 16x7.5-10 R20, 7 inch rim",875
78.92,253.65,-7.08,581.93,-244.35,0.013,-36.87,-17.88,-0.04,0.029,-2.3815,12.06,-97856.53,7.35,92.07,-10.141,-0,-1.0001,146.66,151.56,147.41,24.96,Cornering,"Hoosier 43075 16x7.5-10 R20, 7 inch rim",876
78.94,253.66,-5.86,581.03,-243.65,0.006,-35.91,-17.84,-0.04,0.0241,-2.3847,12.03,-97773.97,7.35,92.04,-10.186,-0,-1.0001,146.92,151.8,147.61,24.94,Cornering,"Hoosier 43075 16x7.5-10 R20, 7 inch rim",877
78.91,253.67,-5.27,580.88,-242.56,0.009,-34.89,-17.17,0.03,0.0217,-2.3948,12.11,157229.48,7.35,92.02,-10.231,-0,-1,147.14,152.02,147.84,24.94,Cornering,"Hoosier 43075 16x7.5-10 R20, 7 inch rim",878
78.91,253.68,-6.17,581.97,-241.45,0.013,-34.53,-16.92,-0.04,0.0255,-2.4103,12.19,-97789.95,7.34,91.97,-10.279,-0,-1.0001,147.39,152.26,148.1,24.96,Cornering,"Hoosier 43075 16x7.5-10 R20, 7 inch rim",879
78.94,253.69,-7.19,583.68,-240.63,0.014,-34.63,-15.77,-0.04,0.0299,-2.4256,12.25,-97895.77,7.34,91.93,-10.304,-0,-1.0001,147.69,152.53,148.32,24.98,Cornering,"Hoosier 43075 16x7.5-10 R20, 7 inch rim",880
78.92,253.7,-8.61,585.39,-239.88,0.004,-35.15,-15.28,-0.04,0.0359,-2.4403,12.28,-97949.7,7.35,91.88,-10.348,-0,-1.0001,148.01,152.7,148.62,25,Cornering,"Hoosier 43075 16x7.5-10 R20, 7 inch rim",881
78.9,253.71,-9.47,586.62,-239.74,0.012,-35.71,-14.61,-0.04,0.0395,-2.4469,12.25,-98004.94,7.34,91.84,-10.388,-0,-1.0001,148.25,152.7,148.87,25.02,Cornering,"Hoosier 43075 16x7.5-10 R20, 7 inch rim",882
78.93,253.72,-9.43,586.92,-240.95,0.01,-36.35,-13.89,-0.04,0.0392,-2.4359,12.19,-97947.06,7.34,91.81,-10.427,-0,-1.0001,148.29,152.81,149.01,25.01,Cornering,"Hoosier 43075 16x7.5-10 R20, 7 inch rim",883
78.95,253.73,-9.44,586.9,-241.73,0.013,-37.39,-13.89,-0.04,0.0391,-2.4279,12.09,-97842.84,7.34,91.76,-10.468,-0,-1.0001,148.23,152.88,149.03,24.98,Cornering,"Hoosier 43075 16x7.5-10 R20, 7 inch rim",884
78.92,253.74,-9.33,586.11,-243.73,0.007,-37.94,-14.53,0.09,0.0383,-2.4048,12.06,43591.27,7.34,91.76,-10.504,-0,-0.9998,148.34,152.97,149.03,24.97,Cornering,"Hoosier 43075 16x7.5-10 R20, 7 inch rim",885
78.92,253.75,-8.43,584.86,-245.44,0.013,-37.45,-15.05,0.03,0.0343,-2.3829,12.1,157217.39,7.34,91.8,-10.537,-0,-1,148.51,153.1,149.09,24.96,Cornering,"Hoosier 43075 16x7.5-10 R20, 7 inch rim",886
78.95,253.76,-6.88,583.16,-245.63,0.014,-37.39,-15.34,0.03,0.028,-2.3742,12.19,157197.11,7.34,91.77,-10.576,-0,-1,148.7,153.25,149.19,24.96,Cornering,"Hoosier 43075 16x7.5-10 R20, 7 inch rim",887
78.94,253.77,-5.5,581.78,-244.87,0.01,-36.76,-15.47,-0.04,0.0225,-2.3758,12.23,-97726.22,7.34,91.78,-10.617,-0,-1.0001,148.94,153.52,149.39,24.97,Cornering,"Hoosier 43075 16x7.5-10 R20, 7 inch rim",888
78.92,253.78,-5.22,581.01,-243.49,0.016,-36.04,-15.57,-0.04,0.0214,-2.3862,12.26,-97715.87,7.34,91.76,-10.649,-0,-1.0001,149.13,153.76,149.59,24.97,Cornering,"Hoosier 43075 16x7.5-10 R20, 7 inch rim",889
78.94,253.79,-5.43,581.65,-242.33,0.012,-35.34,-15,-0.04,0.0224,-2.4003,12.22,-97653.03,7.34,91.72,-10.702,-0,-1.0001,149.41,153.98,149.82,24.96,Cornering,"Hoosier 43075 16x7.5-10 R20, 7 inch rim",890
78.96,253.8,-6.58,582.9,-242.03,0.007,-34.48,-14.63,0.03,0.0272,-2.4084,12.14,157147.91,7.34,91.7,-10.738,-0,-1,149.65,154.18,150.12,24.97,Cornering,"Hoosier 43075 16x7.5-10 R20, 7 inch rim",891
78.93,253.81,-7.82,584.6,-241.24,0.014,-34.94,-14.03,0.09,0.0324,-2.4233,12.06,43591.4,7.34,91.61,-10.779,-0,-0.9998,149.97,154.33,150.36,25,Cornering,"Hoosier 43075 16x7.5-10 R20, 7 inch rim",892
78.92,253.82,-9.3,585.84,-241.38,0.006,-35.68,-13.97,0.09,0.0385,-2.4271,12.02,43594.69,7.34,91.58,-10.825,-0,-0.9998,150.22,154.37,150.6,25,Cornering,"Hoosier 43075 16x7.5-10 R20, 7 inch rim",893
78.96,253.83,-9.64,586.45,-242.01,0.007,-36.31,-13.32,-0.04,0.0398,-2.4233,12.06,-97782.93,7.34,91.57,-10.857,-0,-1.0001,150.29,154.4,150.77,25,Cornering,"Hoosier 43075 16x7.5-10 R20, 7 inch rim",894
78.96,253.84,-10.18,586.59,-242.61,0.012,-37.35,-13.53,0.03,0.042,-2.4178,12.11,157176.55,7.34,91.56,-10.888,-0,-1,150.29,154.42,150.83,24.98,Cornering,"Hoosier 43075 16x7.5-10 R20, 7 inch rim",895
78.93,253.85,-9.68,585.79,-243.89,0.019,-38.14,-13.19,-0.04,0.0397,-2.4018,12.19,-97619.46,7.34,91.56,-10.938,-0,-1.0001,150.29,154.51,150.85,24.97,Cornering,"Hoosier 43075 16x7.5-10 R20, 7 inch rim",896
78.95,253.86,-9.41,585.34,-245.76,-0.002,-37,-14.06,-0.04,0.0383,-2.3818,12.2,-97560.1,7.34,91.55,-10.98,-0,-1.0001,150.37,154.64,150.85,24.96,Cornering,"Hoosier 43075 16x7.5-10 R20, 7 inch rim",897
78.97,253.87,-7.96,583.79,-246.21,0.001,-37.04,-14.36,-0.04,0.0323,-2.3711,12.17,-97635.66,7.34,91.53,-11.024,-0,-1.0001,150.61,154.77,150.95,24.98,Cornering,"Hoosier 43075 16x7.5-10 R20, 7 inch rim",898
78.95,253.88,-6.42,582.55,-245.99,0.013,-36.23,-14.29,0.03,0.0261,-2.3682,12.1,157012.34,7.34,91.51,-11.056,-0,-1,150.83,155.01,151.11,24.97,Cornering,"Hoosier 43075 16x7.5-10 R20, 7 inch rim",899
78.94,253.89,-5.43,581.32,-244.73,0.01,-35.95,-14.18,0.03,0.0222,-2.3754,12.02,156917.42,7.34,91.48,-11.096,-0,-1,151.06,155.23,151.33,24.96,Cornering,"Hoosier 43075 16x7.5-10 R20, 7 inch rim",900
78.97,253.9,-5.61,580.85,-243.46,0.022,-35.87,-13.84,-0.04,0.023,-2.3858,12.01,-97508.84,7.34,91.42,-11.13,-0,-1.0001,151.34,155.43,151.53,24.96,Cornering,"Hoosier 43075 16x7.5-10 R20, 7 inch rim",901
78.98,253.91,-6.14,581.64,-242.57,0.013,-35.91,-13.25,-0.04,0.0253,-2.3978,12.03,-97497.03,7.34,91.33,-11.164,-0,-1.0001,151.6,155.72,151.76,24.96,Cornering,"Hoosier 43075 16x7.5-10 R20, 7 inch rim",902
78.94,253.92,-7.55,583.19,-242.05,0.014,-35.75,-13.02,0.03,0.0312,-2.4094,12.09,156814.44,7.34,91.31,-11.216,-0,-1,151.92,155.89,152.04,24.96,Cornering,"Hoosier 43075 16x7.5-10 R20, 7 inch rim",903
78.95,253.93,-8.35,584.74,-241.69,0.012,-36.06,-11.96,-0.04,0.0346,-2.4194,12.16,-97556.91,7.34,91.33,-11.253,-0,-1.0001,152.2,155.98,152.38,24.98,Cornering,"Hoosier 43075 16x7.5-10 R20, 7 inch rim",904
78.98,253.94,-8.94,585.51,-242.22,0.012,-35.98,-11.46,-0.04,0.0369,-2.4173,12.17,-97611.87,7.34,91.33,-11.29,-0,-1.0001,152.37,155.96,152.56,25,Cornering,"Hoosier 43075 16x7.5-10 R20, 7 inch rim",905
78.97,253.95,-9.49,585.5,-243.14,0.009,-36.51,-11.38,0.03,0.039,-2.4081,12.13,156964.83,7.34,91.37,-11.338,-0,-1,152.37,156.07,152.69,24.99,Cornering,"Hoosier 43075 16x7.5-10 R20, 7 inch rim",906
78.94,253.96,-9.74,585.02,-244.43,0.014,-36.96,-11.52,0.09,0.0399,-2.3934,12.05,43470.07,7.34,91.39,-11.376,-0,-0.9998,152.37,156.18,152.71,24.98,Cornering,"Hoosier 43075 16x7.5-10 R20, 7 inch rim",907
78.98,253.97,-9.5,584.39,-245.3,0.01,-37.64,-12.23,-0.04,0.0387,-2.3824,11.98,-97427.45,7.34,91.38,-11.429,-0,-1.0001,152.46,156.29,152.69,24.96,Cornering,"Hoosier 43075 16x7.5-10 R20, 7 inch rim",908
78.99,253.98,-8.47,582.98,-246.68,0.016,-37.58,-12.51,-0.11,0.0343,-2.3633,11.99,-37116.25,7.34,91.37,-11.456,-0,-1.0002,152.63,156.42,152.65,24.93,Cornering,"Hoosier 43075 16x7.5-10 R20, 7 inch rim",909
78.95,253.99,-7.37,581.59,-246.68,0.017,-37.26,-13,0.03,0.0299,-2.3577,12.03,156435.73,7.33,91.41,-11.501,-0,-1,152.86,156.58,152.77,24.92,Cornering,"Hoosier 43075 16x7.5-10 R20, 7 inch rim",910
78.96,254,-5.68,579.91,-246.66,0.012,-35.88,-12.22,0.09,0.023,-2.3511,12.11,43333.93,7.33,91.44,-11.537,-0,-0.9998,153.19,156.91,152.97,24.92,Cornering,"Hoosier 43075 16x7.5-10 R20, 7 inch rim",911
78.99,254.01,-5.17,579.29,-245.31,0.019,-35.28,-11.54,0.03,0.0211,-2.3615,12.17,156429.62,7.33,91.51,-11.575,-0,-1,153.46,157.13,153.21,24.93,Cornering,"Hoosier 43075 16x7.5-10 R20, 7 inch rim",912
78.98,254.02,-4.95,579.16,-244.91,0.01,-34.27,-9.84,-0.04,0.0202,-2.3648,12.18,-97295.61,7.33,91.58,-11.61,-0,-1.0001,153.74,157.35,153.41,24.94,Cornering,"Hoosier 43075 16x7.5-10 R20, 7 inch rim",913
78.96,254.03,-4.95,580.56,-244.85,0.01,-32.88,-7.53,-0.04,0.0202,-2.3711,12.14,-97330.06,7.33,91.63,-11.64,-0,-1.0001,154.09,157.59,153.66,24.96,Cornering,"Hoosier 43075 16x7.5-10 R20, 7 inch rim",914
78.98,254.04,-3.78,581.63,-245.25,0.01,-32.94,-3.94,-0.04,0.0154,-2.3716,12.08,-97321.85,7.33,91.64,-11.663,-0,-1.0001,154.32,157.7,153.94,24.96,Cornering,"Hoosier 43075 16x7.5-10 R20, 7 inch rim",915
78.99,254.05,-2.14,582.85,-245.1,0.016,-34.18,-0.24,0.03,0.0087,-2.378,12.03,156512.45,7.33,91.64,-11.684,-0,-1,154.54,157.79,154.2,24.95,Cornering,"Hoosier 43075 16x7.5-10 R20, 7 inch rim",916
78.96,254.06,-2.25,583.45,-244.96,0.016,-36.44,0.87,0.09,0.0092,-2.3818,12.01,43348.71,7.33,91.65,-11.697,-0,-0.9998,154.58,157.83,154.34,24.94,Cornering,"Hoosier 43075 16x7.5-10 R20, 7 inch rim",917
78.96,254.07,-2.56,584.21,-245.24,0.014,-38.43,1.09,0.03,0.0104,-2.3822,12.06,156394.28,7.33,91.7,-11.7,-0,-1,154.49,157.92,154.34,24.93,Cornering,"Hoosier 43075 16x7.5-10 R20, 7 inch rim",918
78.99,254.08,-2.94,584.51,-245.83,0.013,-39.82,0.67,0.03,0.012,-2.3777,12.14,156524.75,7.33,91.7,-11.726,-0,-1,154.54,158.07,154.28,24.96,Cornering,"Hoosier 43075 16x7.5-10 R20, 7 inch rim",919
78.98,254.09,-1.6,584.82,-246.64,0.009,-39.34,1.13,-0.04,0.0065,-2.3711,12.18,-97320.23,7.33,91.67,-11.73,-0,-1.0001,154.62,158.23,154.3,24.96,Cornering,"Hoosier 43075 16x7.5-10 R20, 7 inch rim",920
78.96,254.1,2,584.52,-246.87,0.013,-38.27,3.36,-0.04,-0.0081,-2.3677,12.19,-97362.84,7.33,91.62,-11.737,-0,-1.0001,154.82,158.38,154.38,24.97,Cornering,"Hoosier 43075 16x7.5-10 R20, 7 inch rim",921
79,254.12,8.18,582.53,-245.73,0.016,-35.39,7.64,-0.04,-0.0333,-2.3706,12.07,-97336.61,7.33,91.59,-12.291,-0,-1.0001,155.37,158.91,154.79,24.97,Cornering,"Hoosier 43075 16x7.5-10 R20, 7 inch rim",922
78.97,254.13,7.85,581.3,-245.15,0.013,-34.73,7.48,-0.11,-0.032,-2.3712,12,-37112.54,7.33,91.61,-12.281,-0,-1.0002,155.63,159.17,155.03,24.96,Cornering,"Hoosier 43075 16x7.5-10 R20, 7 inch rim",923
78.97,254.14,5.24,580.99,-244.82,0.019,-34.8,5.71,0.03,-0.0214,-2.3731,12.02,156519.77,7.33,91.61,-12.278,-0,-1,155.97,159.44,155.23,24.96,Cornering,"Hoosier 43075 16x7.5-10 R20, 7 inch rim",924
78.99,254.15,1.25,581.46,-245.21,0.012,-34.86,2.55,0.03,-0.0051,-2.3712,12.06,156449.55,7.33,91.59,-12.274,-0,-1,156.32,159.61,155.54,24.94,Cornering,"Hoosier 43075 16x7.5-10 R20, 7 inch rim",925
79,254.16,-2.9,581.6,-245.68,0.016,-35.31,-1.24,0.09,0.0118,-2.3673,12.14,43335.88,7.33,91.62,-12.258,-0,-0.9998,156.49,159.72,155.84,24.93,Cornering,"Hoosier 43075 16x7.5-10 R20, 7 inch rim",926
78.97,254.17,-6.17,582.22,-245.95,0.009,-36.25,-4.48,-0.04,0.0251,-2.3672,12.17,-97212.91,7.33,91.63,-12.258,-0,-1.0001,156.58,159.79,156,24.93,Cornering,"Hoosier 43075 16x7.5-10 R20, 7 inch rim",927
78.98,254.18,-8.64,582.53,-246.84,0.007,-36.38,-7.31,0.09,0.035,-2.3599,12.17,43329.02,7.33,91.62,-12.238,-0,-0.9998,156.49,159.83,156.02,24.93,Cornering,"Hoosier 43075 16x7.5-10 R20, 7 inch rim",928
79,254.19,-10.65,583.3,-247.55,0.006,-36.83,-10.37,0.09,0.043,-2.3563,12.12,43341.39,7.33,91.61,-12.223,-0,-0.9998,156.43,159.97,156.02,24.93,Cornering,"Hoosier 43075 16x7.5-10 R20, 7 inch rim",929
78.98,254.2,-11.72,583.3,-248.02,0.004,-36.96,-13.44,-0.04,0.0472,-2.3518,12.03,-97250.96,7.33,91.62,-12.215,-0,-1.0001,156.4,160.01,155.96,24.94,Cornering,"Hoosier 43075 16x7.5-10 R20, 7 inch rim",930
78.96,254.21,-12.12,582.84,-248.79,0.006,-36.39,-16.36,0.03,0.0487,-2.3427,11.98,156447.19,7.33,91.57,-12.215,-0,-1,156.62,160.1,155.96,24.94,Cornering,"Hoosier 43075 16x7.5-10 R20, 7 inch rim",931
78.99,254.22,-12.3,581.76,-248.3,0.012,-36.36,-19.3,0.03,0.0495,-2.3429,11.99,156340.58,7.33,91.56,-12.211,-0,-1,156.88,160.23,156.1,24.92,Cornering,"Hoosier 43075 16x7.5-10 R20, 7 inch rim",932
79,254.23,-12.51,580.69,-247.52,0.01,-35.41,-21.53,-0.04,0.0505,-2.346,12.04,-97251.48,7.33,91.59,-12.213,-0,-1.0001,157.11,160.45,156.3,24.94,Cornering,"Hoosier 43075 16x7.5-10 R20, 7 inch rim",933
78.97,254.24,-12.05,579.77,-246.19,0.012,-35.68,-21.62,0.03,0.049,-2.355,12.11,156487.67,7.33,91.61,-12.208,-0,-1,157.39,160.63,156.48,24.94,Cornering,"Hoosier 43075 16x7.5-10 R20, 7 inch rim",934
78.97,254.25,-11.95,579.92,-245.02,0.019,-36.05,-20.41,-0.04,0.0488,-2.3668,12.15,-97274.59,7.33,91.62,-12.212,-0,-1.0001,157.73,160.85,156.71,24.94,Cornering,"Hoosier 43075 16x7.5-10 R20, 7 inch rim",935
79.01,254.26,-12.16,580.4,-244.33,0.004,-36.17,-18.41,0.03,0.0498,-2.3754,12.13,156484.38,7.33,91.61,-12.213,-0,-1,158.14,160.91,156.93,24.94,Cornering,"Hoosier 43075 16x7.5-10 R20, 7 inch rim",936
78.98,254.27,-12.4,581.32,-244.58,0.009,-35.94,-16.24,-0.04,0.0507,-2.3768,12.06,-97321.34,7.33,91.59,-12.208,-0,-1.0001,158.38,161.02,157.19,24.96,Cornering,"Hoosier 43075 16x7.5-10 R20, 7 inch rim",937
78.97,254.28,-12.37,582.08,-244.58,0.014,-36.56,-14.02,0.03,0.0506,-2.3799,12,156558.75,7.33,91.53,-12.211,-0,-1,158.46,161,157.33,24.96,Cornering,"Hoosier 43075 16x7.5-10 R20, 7 inch rim",938
78.98,254.29,-11.8,583,-245.1,0.017,-36.47,-11.59,-0.04,0.0482,-2.3786,11.95,-97342.91,7.33,91.48,-12.211,-0,-1.0001,158.42,160.98,157.33,24.96,Cornering,"Hoosier 43075 16x7.5-10 R20, 7 inch rim",939
79.01,254.3,-9.37,583.47,-246.62,0.004,-36.15,-7.9,0.09,0.038,-2.3658,11.95,43425.2,7.33,91.43,-12.203,-0,-0.9998,158.29,161.04,157.29,24.98,Cornering,"Hoosier 43075 16x7.5-10 R20, 7 inch rim",940
78.98,254.31,-5.58,583.44,-247.59,0.014,-36.79,-3.62,0.09,0.0225,-2.3564,12.02,43448.79,7.33,91.46,-12.182,-0,-0.9998,158.21,161.2,157.21,24.99,Cornering,"Hoosier 43075 16x7.5-10 R20, 7 inch rim",941
78.98,254.32,-0.74,582.98,-248.51,0.004,-36.31,0.8,-0.04,0.003,-2.3459,12.09,-97513.99,7.33,91.43,-12.175,-0,-1.0001,158.29,161.29,157.21,25,Cornering,"Hoosier 43075 16x7.5-10 R20, 7 inch rim",942
79.01,254.33,3.47,581.58,-248.71,0.012,-36.35,4.23,0.09,-0.014,-2.3383,12.13,43455.65,7.33,91.43,-12.139,-0,-0.9998,158.51,161.4,157.31,24.99,Cornering,"Hoosier 43075 16x7.5-10 R20, 7 inch rim",943
78.99,254.34,6.66,580.36,-247.51,0.001,-35.93,7.07,-0.04,-0.0269,-2.3448,12.08,-97399.84,7.33,91.44,-12.115,-0,-1.0001,158.79,161.64,157.48,24.97,Cornering,"Hoosier 43075 16x7.5-10 R20, 7 inch rim",944
78.97,254.35,10.09,579.74,-246.42,0.009,-34.82,11.3,-0.11,-0.041,-2.3527,12.03,-37165.03,7.33,91.45,-12.086,-0,-1.0002,159.02,161.92,157.62,24.97,Cornering,"Hoosier 43075 16x7.5-10 R20, 7 inch rim",945
78.99,254.36,12.85,579.59,-244.79,0.012,-35.04,15.68,0.09,-0.0525,-2.3676,11.96,43440.18,7.33,91.47,-12.046,-0,-0.9998,159.28,162.14,157.86,24.97,Cornering,"Hoosier 43075 16x7.5-10 R20, 7 inch rim",946
79.01,254.37,13.43,579.9,-244.33,0.007,-35.11,18.09,0.03,-0.055,-2.3734,11.92,156894.36,7.33,91.49,-12.006,-0,-1,159.6,162.3,158.06,24.99,Cornering,"Hoosier 43075 16x7.5-10 R20, 7 inch rim",947
78.98,254.38,10.7,580.21,-244.65,-0.002,-35.84,16.54,-0.04,-0.0437,-2.3716,11.95,-97546.1,7.33,91.55,-11.957,-0,-1.0001,159.9,162.47,158.28,24.99,Cornering,"Hoosier 43075 16x7.5-10 R20, 7 inch rim",948
78.98,254.39,6.01,580.81,-245,0.014,-36.06,12.27,0.03,-0.0245,-2.3706,12,156985.91,7.33,91.57,-11.908,-0,-1,160.01,162.56,158.47,25,Cornering,"Hoosier 43075 16x7.5-10 R20, 7 inch rim",949
79.01,254.4,0.52,581.28,-246.23,0.012,-35.62,5.87,0.09,-0.0021,-2.3607,12.08,43491.1,7.33,91.63,-11.85,-0,-0.9998,160.05,162.56,158.55,24.98,Cornering,"Hoosier 43075 16x7.5-10 R20, 7 inch rim",950
79,254.41,-4.31,581.91,-247,-0,-35.8,-0.76,-0.04,0.0175,-2.3559,12.09,-97557.91,7.33,91.64,-11.794,-0,-1.0001,159.86,162.61,158.53,24.98,Cornering,"Hoosier 43075 16x7.5-10 R20, 7 inch rim",951
78.98,254.42,-7.92,582.37,-247.96,0.01,-35.71,-6.73,0.03,0.0319,-2.3487,12.06,157081.34,7.33,91.61,-11.738,-0,-1,159.82,162.72,158.49,25,Cornering,"Hoosier 43075 16x7.5-10 R20, 7 inch rim",952
78.98,254.43,-8.82,581.91,-248.31,0.006,-36.36,-10.61,0.03,0.0355,-2.3434,12.01,157149.55,7.33,91.55,-11.681,-0,-1,159.77,162.78,158.45,25,Cornering,"Hoosier 43075 16x7.5-10 R20, 7 inch rim",953
79.01,254.44,-8.83,581.45,-248.28,0.013,-36.03,-14.05,0.03,0.0356,-2.3419,11.93,157144.72,7.33,91.5,-11.624,-0,-1,159.97,162.89,158.47,25,Cornering,"Hoosier 43075 16x7.5-10 R20, 7 inch rim",954
78.98,254.45,-9.98,580.23,-247.98,0.006,-35.25,-18.28,-0.04,0.0402,-2.3398,11.89,-97605.69,7.33,91.47,-11.589,-0,-1.0001,160.18,163.05,158.63,24.97,Cornering,"Hoosier 43075 16x7.5-10 R20, 7 inch rim",955
78.96,254.46,-12.36,579.16,-246.5,0.004,-35.66,-22.75,-0.04,0.0501,-2.3495,11.92,-97577.91,7.33,91.44,-11.538,-0,-1.0001,160.37,163.27,158.83,24.96,Cornering,"Hoosier 43075 16x7.5-10 R20, 7 inch rim",956
79,254.47,-14.04,578.24,-245.56,0.001,-35.52,-24.87,-0.04,0.0572,-2.3548,12,-97633.41,7.33,91.43,-11.508,-0,-1.0001,160.61,163.35,158.99,24.97,Cornering,"Hoosier 43075 16x7.5-10 R20, 7 inch rim",957
79.01,254.48,-14.36,577.77,-245.25,0.001,-35.57,-24.19,-0.04,0.0586,-2.3559,12.1,-97579.45,7.33,91.45,-11.466,-0,-1.0001,160.97,163.57,159.21,24.96,Cornering,"Hoosier 43075 16x7.5-10 R20, 7 inch rim",958
78.98,254.49,-14.3,577.77,-244.96,0.001,-36.09,-22.6,0.03,0.0584,-2.3586,12.11,157102.08,7.33,91.45,-11.435,-0,-1,161.21,163.66,159.37,24.97,Cornering,"Hoosier 43075 16x7.5-10 R20, 7 inch rim",959
78.99,254.5,-14.31,577.9,-244.68,0.012,-37.13,-21.1,-0.04,0.0585,-2.3618,12.08,-97721.16,7.33,91.44,-11.382,-0,-1.0001,161.32,163.71,159.54,24.98,Cornering,"Hoosier 43075 16x7.5-10 R20, 7 inch rim",960
79.01,254.51,-15.33,578.99,-245.49,0.007,-36.16,-21.12,0.03,0.0624,-2.3585,12.03,157216.7,7.33,91.42,-11.357,-0,-1,161.32,163.73,159.64,24.98,Cornering,"Hoosier 43075 16x7.5-10 R20, 7 inch rim",961
78.99,254.52,-16.34,580.24,-246.16,0.003,-35.87,-21.79,-0.04,0.0664,-2.3572,11.95,-97693.99,7.33,91.36,-11.327,-0,-1.0001,161.12,163.75,159.62,24.97,Cornering,"Hoosier 43075 16x7.5-10 R20, 7 inch rim",962
78.97,254.53,-16.2,580.84,-247.05,0.009,-36.07,-21.65,0.03,0.0656,-2.3511,11.9,157065.78,7.33,91.37,-11.299,-0,-1,160.89,163.73,159.48,24.96,Cornering,"Hoosier 43075 16x7.5-10 R20, 7 inch rim",963
79,254.54,-14.89,581.3,-247.76,0.009,-36.25,-21.08,0.03,0.0601,-2.3462,11.92,156941.98,7.33,91.36,-11.257,-0,-1,160.74,163.8,159.39,24.93,Cornering,"Hoosier 43075 16x7.5-10 R20, 7 inch rim",964
79.01,254.55,-12.16,580.37,-248.32,0.003,-36.55,-19.9,0.09,0.049,-2.3372,11.99,43495.21,7.33,91.33,-11.221,-0,-0.9998,160.78,163.84,159.31,24.93,Cornering,"Hoosier 43075 16x7.5-10 R20, 7 inch rim",965
78.98,254.56,-9.36,579.13,-248.05,0.007,-36.69,-18.56,0.03,0.0377,-2.3348,12.06,157123.61,7.33,91.3,-11.19,-0,-1,160.91,163.93,159.35,24.96,Cornering,"Hoosier 43075 16x7.5-10 R20, 7 inch rim",966
78.98,254.57,-7.68,577.58,-247.07,0.01,-36.52,-17.76,-0.04,0.0311,-2.3377,12.08,-97702.12,7.33,91.27,-11.165,-0,-1.0001,161.1,164.02,159.54,24.96,Cornering,"Hoosier 43075 16x7.5-10 R20, 7 inch rim",967
79.01,254.58,-6.76,576.2,-246.4,0.006,-35.62,-16.5,-0.11,0.0274,-2.3385,12.07,-37289.07,7.33,91.28,-11.134,-0,-1.0002,161.27,164.19,159.66,24.97,Cornering,"Hoosier 43075 16x7.5-10 R20, 7 inch rim",968
78.99,254.59,-6.51,576.05,-244.92,0.006,-36.23,-14.87,0.03,0.0266,-2.3519,12.01,157280.64,7.33,91.24,-11.099,-0,-1,161.55,164.39,159.84,24.97,Cornering,"Hoosier 43075 16x7.5-10 R20, 7 inch rim",969
78.98,254.6,-5.54,576.36,-245.65,0.003,-34.83,-11.52,0.03,0.0225,-2.3463,11.92,157263.64,7.33,91.19,-11.062,-0,-1,161.85,164.43,160.02,24.97,Cornering,"Hoosier 43075 16x7.5-10 R20, 7 inch rim",970
79,254.61,-4.95,577.91,-244.6,0.007,-35.23,-8.56,-0.04,0.0203,-2.3626,11.88,-97747.41,7.33,91.15,-11.026,-0,-1.0001,162,164.46,160.12,24.96,Cornering,"Hoosier 43075 16x7.5-10 R20, 7 inch rim",971
79.01,254.62,-4.6,578.99,-245.43,0.006,-34.52,-6.4,0.09,0.0188,-2.3591,11.91,43568.77,7.33,91.13,-10.994,-0,-0.9998,161.96,164.5,160.26,24.96,Cornering,"Hoosier 43075 16x7.5-10 R20, 7 inch rim",972
78.97,254.63,-4.15,579.92,-245.6,0.001,-35,-4.87,-0.04,0.0169,-2.3612,11.96,-97747.82,7.33,91.13,-10.955,-0,-1.0001,161.77,164.52,160.16,24.96,Cornering,"Hoosier 43075 16x7.5-10 R20, 7 inch rim",973
78.98,254.64,-3.27,580.21,-246.62,0.01,-35.44,-3.62,0.09,0.0132,-2.3526,12.02,43610.44,7.33,91.1,-10.915,-0,-0.9998,161.55,164.46,160.06,24.97,Cornering,"Hoosier 43075 16x7.5-10 R20, 7 inch rim",974
79.01,254.65,-3.56,580.04,-247.29,0.014,-36.21,-4.51,0.03,0.0144,-2.3456,12.03,157404.06,7.33,91.07,-10.862,-0,-1,161.4,164.52,159.92,24.97,Cornering,"Hoosier 43075 16x7.5-10 R20, 7 inch rim",975
79,254.66,-3.39,578.48,-247.82,0.014,-37.22,-6.15,0.03,0.0137,-2.3342,12,157458.22,7.33,91.03,-10.827,-0,-1,161.38,164.54,159.82,24.98,Cornering,"Hoosier 43075 16x7.5-10 R20, 7 inch rim",976
78.97,254.67,-2.91,576.78,-248.74,0.009,-36.47,-8.05,0.03,0.0117,-2.3188,11.95,157521.09,7.33,90.99,-10.776,-0,-1,161.49,164.59,159.86,24.98,Cornering,"Hoosier 43075 16x7.5-10 R20, 7 inch rim",977
78.99,254.68,-2.44,574.93,-247.83,0.01,-36.73,-9.92,0.03,0.0098,-2.3198,11.89,157502.03,7.33,90.93,-10.742,-0,-1,161.66,164.74,159.98,24.98,Cornering,"Hoosier 43075 16x7.5-10 R20, 7 inch rim",978
79.01,254.69,-2.67,574.48,-246.57,0.01,-35.92,-11.52,0.09,0.0108,-2.3299,11.86,43631.12,7.33,90.9,-10.697,-0,-0.9998,161.85,164.9,160.12,24.97,Cornering,"Hoosier 43075 16x7.5-10 R20, 7 inch rim",979
78.98,254.7,-3.73,574.5,-245.97,0.006,-34.59,-13.11,-0.04,0.0152,-2.3357,11.89,-97894.95,7.33,90.86,-10.634,-0,-1.0001,162.09,165.07,160.26,24.97,Cornering,"Hoosier 43075 16x7.5-10 R20, 7 inch rim",980
78.98,254.71,-5.62,575.43,-244.5,0.019,-35.03,-14.08,0.03,0.023,-2.3535,11.96,157362.75,7.33,90.87,-10.583,-0,-1,162.35,165.16,160.39,24.94,Cornering,"Hoosier 43075 16x7.5-10 R20, 7 inch rim",981
79.01,254.72,-7.85,576.53,-244.53,0.01,-34.47,-15.32,-0.04,0.0321,-2.3577,12.03,-97857.91,7.33,90.89,-10.534,-0,-1.0001,162.58,165.14,160.57,24.95,Cornering,"Hoosier 43075 16x7.5-10 R20, 7 inch rim",982
79,254.73,-9.98,577.3,-244.72,0.006,-34.44,-16.52,-0.11,0.0408,-2.359,12.03,-37314.45,7.33,90.88,-10.495,-0,-1.0002,162.6,165.12,160.73,24.94,Cornering,"Hoosier 43075 16x7.5-10 R20, 7 inch rim",983
78.98,254.74,-11.21,578.07,-244.86,0.006,-35.16,-17.41,0.03,0.0458,-2.3608,11.99,157353.58,7.33,90.92,-10.454,-0,-1,162.39,165.01,160.65,24.93,Cornering,"Hoosier 43075 16x7.5-10 R20, 7 inch rim",984
78.99,254.75,-12.63,578.21,-245.72,0.014,-35.89,-19.15,-0.04,0.0514,-2.3531,11.93,-97849.4,7.33,90.97,-10.414,-0,-1.0001,162.15,164.96,160.55,24.94,Cornering,"Hoosier 43075 16x7.5-10 R20, 7 inch rim",985
79.01,254.76,-12.86,578.06,-247.77,-0,-35.55,-20.32,0.09,0.0519,-2.333,11.86,43627.19,7.33,90.97,-10.358,-0,-0.9998,161.9,164.94,160.41,24.94,Cornering,"Hoosier 43075 16x7.5-10 R20, 7 inch rim",986
78.99,254.77,-13.32,577.12,-248.02,-0,-37.31,-22.52,-0.04,0.0537,-2.3269,11.84,-97898.7,7.33,90.98,-10.326,-0,-1.0001,161.7,165.01,160.28,24.94,Cornering,"Hoosier 43075 16x7.5-10 R20, 7 inch rim",987
78.98,254.78,-13.69,576.19,-248.39,-0,-37.13,-24.9,-0.04,0.0551,-2.3197,11.88,-97979.51,7.33,90.95,-10.285,-0,-1.0001,161.66,165.01,160.18,24.96,Cornering,"Hoosier 43075 16x7.5-10 R20, 7 inch rim",988
79.01,254.79,-12.55,575.25,-247.42,0.014,-37.12,-25.74,-0.04,0.0507,-2.325,11.97,-97944.79,7.33,90.94,-10.249,-0,-1.0001,161.81,165.14,160.24,24.95,Cornering,"Hoosier 43075 16x7.5-10 R20, 7 inch rim",989
79.01,254.8,-10.9,574.66,-246.35,0.009,-35.96,-25.2,-0.04,0.0443,-2.3327,12.05,-98047.42,7.33,90.96,-10.21,-0,-1.0001,161.9,165.23,160.39,24.97,Cornering,"Hoosier 43075 16x7.5-10 R20, 7 inch rim",990
78.97,254.81,-9.63,574.68,-244.9,0.004,-35.38,-23.89,-0.04,0.0393,-2.3466,12.08,-98103.65,7.33,91,-10.175,-0,-1.0001,162.03,165.38,160.49,24.98,Cornering,"Hoosier 43075 16x7.5-10 R20, 7 inch rim",991
78.98,254.82,-9.28,575.3,-244.13,0.012,-34.65,-22.21,-0.11,0.038,-2.3565,12.08,-37441.6,7.33,91.03,-10.146,-0,-1.0002,162.2,165.45,160.59,25,Cornering,"Hoosier 43075 16x7.5-10 R20, 7 inch rim",992
79.01,254.83,-10.11,576.23,-243.8,0.007,-34.68,-21.04,-0.04,0.0415,-2.3635,12.01,-98143.05,7.33,91.08,-10.119,-0,-1.0001,162.43,165.49,160.73,24.99,Cornering,"Hoosier 43075 16x7.5-10 R20, 7 inch rim",993
78.98,254.84,-10.78,576.7,-244.37,0.004,-34.17,-19.71,0.03,0.0441,-2.3599,11.93,157828.88,7.33,91.09,-10.077,-0,-1,162.52,165.45,160.87,24.98,Cornering,"Hoosier 43075 16x7.5-10 R20, 7 inch rim",994
78.97,254.85,-10.91,576.68,-244.92,0.007,-35.11,-18.16,0.03,0.0446,-2.3545,11.9,157732.61,7.33,91.08,-10.049,-0,-1,162.33,165.36,160.85,24.96,Cornering,"Hoosier 43075 16x7.5-10 R20, 7 inch rim",995
79.01,254.86,-10.23,576.66,-245.73,0.003,-36.03,-16.37,0.09,0.0416,-2.3467,11.94,43711.86,7.33,91.05,-10.027,-0,-0.9998,162.11,165.29,160.71,24.96,Cornering,"Hoosier 43075 16x7.5-10 R20, 7 inch rim",996
79.01,254.87,-8.97,576.18,-247.31,0.004,-36.66,-14.74,-0.04,0.0363,-2.3298,11.99,-98135.99,7.33,91.05,-9.988,-0,-1.0001,161.83,165.27,160.59,24.98,Cornering,"Hoosier 43075 16x7.5-10 R20, 7 inch rim",997
78.98,254.88,-7.38,575.7,-247.86,0.004,-37.68,-13.79,-0.04,0.0298,-2.3227,12.06,-98263.27,7.33,91.07,-9.943,-0,-1.0001,161.7,165.23,160.45,25.01,Cornering,"Hoosier 43075 16x7.5-10 R20, 7 inch rim",998
78.98,254.89,-4.8,575.08,-247.96,0.007,-37.9,-12.73,-0.11,0.0194,-2.3192,12.1,-37519.64,7.33,91.09,-9.915,-0,-1.0002,161.6,165.27,160.34,25.03,Cornering,"Hoosier 43075 16x7.5-10 R20, 7 inch rim",999
79.01,254.9,-2.12,574.78,-247.54,0.007,-37.12,-11.95,-0.04,0.0086,-2.3219,12.07,-98445.23,7.33,91.12,-9.865,-0,-1.0001,161.75,165.34,160.34,25.05,Cornering,"Hoosier 43075 16x7.5-10 R20, 7 inch rim",1000
78.99,254.91,-0.13,574.32,-246.68,0.016,-35.96,-11.49,-0.04,0.0005,-2.3282,12,-98364.06,7.33,91.15,-9.831,-0,-1.0001,161.85,165.38,160.47,25.03,Cornering,"Hoosier 43075 16x7.5-10 R20, 7 inch rim",1001
78.97,254.92,0.88,574.51,-245.3,0.01,-34.6,-10.87,0.03,-0.0036,-2.342,11.92,158151.11,7.33,91.2,-9.781,-0,-1,161.92,165.45,160.57,25.01,Cornering,"Hoosier 43075 16x7.5-10 R20, 7 inch rim",1002
79,254.93,-0.3,574.82,-244.16,0.013,-34.58,-11.52,-0.04,0.0012,-2.3543,11.9,-98251.64,7.33,91.2,-9.746,-0,-1.0001,162.09,165.6,160.69,24.99,Cornering,"Hoosier 43075 16x7.5-10 R20, 7 inch rim",1003
79.01,254.94,-2.93,575.31,-244.09,-0,-33.91,-13.06,-0.11,0.012,-2.357,11.95,-37439.73,7.33,91.17,-9.693,-0,-1.0002,162.39,165.64,160.81,24.96,Cornering,"Hoosier 43075 16x7.5-10 R20, 7 inch rim",1004
78.98,254.95,-5.44,575.45,-244.19,0.001,-34.48,-14.3,-0.11,0.0223,-2.3565,11.98,-37435.37,7.33,91.17,-9.653,-0,-1.0002,162.5,165.58,160.89,24.96,Cornering,"Hoosier 43075 16x7.5-10 R20, 7 inch rim",1005
78.98,254.96,-7.21,574.82,-245,0.001,-35.23,-15.3,-0.11,0.0294,-2.3462,12.06,-37423.53,7.33,91.21,-9.602,-0,-1.0002,162.54,165.51,160.97,24.94,Cornering,"Hoosier 43075 16x7.5-10 R20, 7 inch rim",1006
79.01,254.97,-8.36,574.5,-245.55,-0,-36.17,-16.38,0.03,0.034,-2.3396,12.09,157811.09,7.33,91.25,-9.562,-0,-1,162.33,165.42,160.89,24.94,Cornering,"Hoosier 43075 16x7.5-10 R20, 7 inch rim",1007
79,254.98,-9.62,574,-247.15,0.013,-36.76,-17.96,0.03,0.0389,-2.3225,12.06,157755.75,7.33,91.28,-9.522,-0,-1,162.11,165.38,160.69,24.93,Cornering,"Hoosier 43075 16x7.5-10 R20, 7 inch rim",1008
78.97,254.99,-10.46,573.37,-247.69,0.016,-37.98,-20.23,0.03,0.0422,-2.3149,11.97,157745.3,7.33,91.27,-9.463,-0,-1,161.85,165.34,160.51,24.92,Cornering,"Hoosier 43075 16x7.5-10 R20, 7 inch rim",1009
78.99,255,-10.66,572.92,-248.91,0.001,-37.7,-22.64,-0.04,0.0428,-2.3017,11.91,-98023.73,7.33,91.27,-9.421,-0,-1.0001,161.75,165.38,160.34,24.91,Cornering,"Hoosier 43075 16x7.5-10 R20, 7 inch rim",1010
79.01,255.01,-10.01,572.78,-248.54,0.003,-37.01,-24.49,-0.04,0.0403,-2.3045,11.88,-98032.01,7.33,91.27,-9.391,-0,-1.0001,161.7,165.38,160.28,24.91,Cornering,"Hoosier 43075 16x7.5-10 R20, 7 inch rim",1011
78.98,255.02,-8.93,572.63,-247.61,0.012,-36.06,-25.48,-0.04,0.0361,-2.3126,11.92,-98094.49,7.33,91.29,-9.33,-0,-1.0001,161.83,165.51,160.41,24.92,Cornering,"Hoosier 43075 16x7.5-10 R20, 7 inch rim",1012
78.97,255.03,-8.13,572.81,-246.68,0.013,-34.37,-25.72,-0.04,0.0329,-2.3221,11.99,-98103.46,7.33,91.29,-9.297,-0,-1.0001,161.83,165.6,160.49,24.92,Cornering,"Hoosier 43075 16x7.5-10 R20, 7 inch rim",1013
79.01,255.04,-8.62,572.83,-245.02,0.003,-34.27,-26.06,0.03,0.0352,-2.3379,12.07,157911.39,7.33,91.27,-9.252,-0,-1,161.98,165.64,160.57,24.93,Cornering,"Hoosier 43075 16x7.5-10 R20, 7 inch rim",1014
79.01,255.05,-10.07,572.84,-245.15,-0.002,-33.74,-26.26,0.03,0.0411,-2.3366,12.09,157961.19,7.33,91.23,-9.222,-0,-1,162.15,165.73,160.67,24.94,Cornering,"Hoosier 43075 16x7.5-10 R20, 7 inch rim",1015
78.98,255.06,-11.56,572.81,-244.89,0.012,-34.39,-25.99,-0.04,0.0472,-2.339,12.06,-98226.86,7.33,91.19,-9.178,-0,-1.0001,162.28,165.67,160.77,24.94,Cornering,"Hoosier 43075 16x7.5-10 R20, 7 inch rim",1016
78.99,255.07,-12.7,572.35,-245.68,-0.005,-34.87,-25.66,-0.04,0.0517,-2.3296,11.97,-98303.41,7.33,91.15,-9.148,-0,-1.0001,162.26,165.53,160.87,24.96,Cornering,"Hoosier 43075 16x7.5-10 R20, 7 inch rim",1017
79.01,255.08,-12.78,571.86,-246.12,0.009,-36.38,-24.79,0.03,0.0519,-2.3235,11.89,158267.06,7.33,91.14,-9.109,-0,-1,162.07,165.4,160.75,24.98,Cornering,"Hoosier 43075 16x7.5-10 R20, 7 inch rim",1018
78.99,255.09,-12.92,571.69,-246.66,0.006,-37.86,-24.73,0.09,0.0524,-2.3177,11.9,43851.04,7.33,91.13,-9.075,-0,-0.9998,161.77,165.31,160.55,24.97,Cornering,"Hoosier 43075 16x7.5-10 R20, 7 inch rim",1019
78.97,255.1,-12.23,571.37,-248.66,0.006,-37.53,-24.39,0.03,0.0492,-2.2978,11.94,158226.03,7.33,91.12,-9.033,-0,-1,161.53,165.23,160.32,24.97,Cornering,"Hoosier 43075 16x7.5-10 R20, 7 inch rim",1020
79.01,255.11,-10.57,571.52,-248.95,0.006,-37.69,-23.95,0.03,0.0424,-2.2958,12,158239.42,7.33,91.08,-9.002,-0,-1,161.38,165.16,160.16,24.97,Cornering,"Hoosier 43075 16x7.5-10 R20, 7 inch rim",1021
79.01,255.12,-8.14,571.53,-248.93,0.006,-36.69,-23.34,0.03,0.0327,-2.2959,12.1,158250.94,7.33,91.05,-8.975,-0,-1,161.34,165.23,160.04,24.97,Cornering,"Hoosier 43075 16x7.5-10 R20, 7 inch rim",1022
78.98,255.13,-5.87,571.07,-247.83,0.012,-36.01,-22.52,0.03,0.0237,-2.3043,12.14,158340.72,7.33,91.05,-8.936,-0,-1,161.45,165.25,160.02,24.98,Cornering,"Hoosier 43075 16x7.5-10 R20, 7 inch rim",1023
78.99,255.14,-3.52,570.95,-246.71,0.007,-34.36,-20.77,0.03,0.0143,-2.3143,12.1,158462.98,7.33,91.02,-8.907,-0,-1,161.49,165.34,160.06,25,Cornering,"Hoosier 43075 16x7.5-10 R20, 7 inch rim",1024
79.01,255.15,-3.06,570.49,-245.5,0.01,-34.03,-19.7,-0.04,0.0125,-2.3237,12.03,-98559.41,7.33,91.04,-8.87,-0,-1.0001,161.57,165.38,160.1,25.01,Cornering,"Hoosier 43075 16x7.5-10 R20, 7 inch rim",1025
78.99,255.16,-3.14,570.03,-245.58,0.003,-33.62,-18.26,0.09,0.0128,-2.3212,11.95,43930.74,7.33,91.03,-8.829,-0,-0.9998,161.72,165.47,160.14,25,Cornering,"Hoosier 43075 16x7.5-10 R20, 7 inch rim",1026
78.98,255.17,-4.02,569.7,-245.93,0.006,-34.1,-17.17,-0.04,0.0163,-2.3165,11.92,-98490.98,7.33,91.04,-8.781,-0,-1.0001,161.9,165.45,160.22,24.98,Cornering,"Hoosier 43075 16x7.5-10 R20, 7 inch rim",1027
79,255.18,-4.49,569.21,-246.14,0.016,-35.26,-16.07,-0.04,0.0182,-2.3126,11.95,-98407.66,7.33,91,-8.75,-0,-1.0001,161.94,165.38,160.32,24.96,Cornering,"Hoosier 43075 16x7.5-10 R20, 7 inch rim",1028
79.01,255.19,-5.37,568.74,-247.4,0.007,-35.72,-16.18,0.03,0.0217,-2.2988,12.01,158331.48,7.33,91.02,-8.693,-0,-1,161.79,165.31,160.28,24.96,Cornering,"Hoosier 43075 16x7.5-10 R20, 7 inch rim",1029
78.98,255.2,-6.91,568.26,-248.19,0.007,-36.97,-17.87,-0.04,0.0279,-2.2896,12.08,-98452.77,7.33,91.01,-8.662,-0,-1.0001,161.45,165.23,160.1,24.97,Cornering,"Hoosier 43075 16x7.5-10 R20, 7 inch rim",1030
78.98,255.21,-6.81,568.25,-249.64,0.014,-36.99,-18.46,-0.04,0.0273,-2.2762,12.1,-98488.65,7.33,91.01,-8.611,-0,-1.0001,161.21,165.16,159.9,24.97,Cornering,"Hoosier 43075 16x7.5-10 R20, 7 inch rim",1031
79.01,255.22,-7.11,568.1,-250.39,0.001,-36.9,-20.58,-0.04,0.0284,-2.2688,12.07,-98521.59,7.33,91.04,-8.571,-0,-1.0001,161.04,165.09,159.74,24.98,Cornering,"Hoosier 43075 16x7.5-10 R20, 7 inch rim",1032
78.99,255.23,-6.62,568.1,-250.62,0.009,-36.45,-22.55,-0.11,0.0264,-2.2668,12,-37576.45,7.33,91.05,-8.521,-0,-1.0002,160.95,165.14,159.62,24.97,Cornering,"Hoosier 43075 16x7.5-10 R20, 7 inch rim",1033
78.98,255.24,-6.13,567.97,-249.84,0.007,-35.57,-24.55,-0.11,0.0245,-2.2733,11.92,-37579.58,7.33,91.1,-8.488,-0,-1.0002,161,165.16,159.64,24.97,Cornering,"Hoosier 43075 16x7.5-10 R20, 7 inch rim",1034
79,255.25,-5.92,567.22,-248.51,0.001,-35.06,-25.98,-0.11,0.0238,-2.2825,11.92,-37576.39,7.33,91.15,-8.429,-0,-1.0002,161.04,165.25,159.7,24.97,Cornering,"Hoosier 43075 16x7.5-10 R20, 7 inch rim",1035
79.02,255.26,-6.42,566.13,-247.39,0.009,-35.05,-27.08,0.03,0.0259,-2.2884,11.93,158564.36,7.33,91.17,-8.388,-0,-1,161.06,165.34,159.78,24.98,Cornering,"Hoosier 43075 16x7.5-10 R20, 7 inch rim",1036
78.98,255.27,-8.15,565.52,-247.36,0.004,-34.46,-28.17,-0.04,0.033,-2.2862,12,-98691.56,7.33,91.1,-8.346,-0,-1.0001,161.15,165.34,159.9,25.01,Cornering,"Hoosier 43075 16x7.5-10 R20, 7 inch rim",1037
78.98,255.28,-9.93,564.59,-247.24,-0.005,-35.26,-28.88,-0.11,0.0402,-2.2836,12.04,-37666.02,7.33,91.07,-8.31,-0,-1.0002,161.23,165.38,159.98,25.02,Cornering,"Hoosier 43075 16x7.5-10 R20, 7 inch rim",1038
79.01,255.29,-11.53,564.09,-248.18,0.019,-35.36,-29.11,-0.04,0.0465,-2.2729,12.04,-98805,7.32,91.02,-8.256,-0,-1.0001,161.3,165.29,160.12,25.03,Cornering,"Hoosier 43075 16x7.5-10 R20, 7 inch rim",1039
79.01,255.3,-12.32,563.79,-248.8,0.004,-35.87,-29.22,0.03,0.0495,-2.266,11.99,158959.95,7.33,90.99,-8.223,-0,-1,161.15,165.12,160.18,25.03,Cornering,"Hoosier 43075 16x7.5-10 R20, 7 inch rim",1040
78.98,255.31,-12.94,563.62,-249.81,0.003,-36.13,-29.78,-0.11,0.0518,-2.2562,11.92,-37694.55,7.33,90.94,-8.19,-0,-1.0002,160.85,165.05,160.04,25.03,Cornering,"Hoosier 43075 16x7.5-10 R20, 7 inch rim",1041
78.99,255.32,-12.91,563.92,-251.05,0.007,-36.31,-30.19,-0.04,0.0514,-2.2463,11.85,-98833.87,7.33,90.9,-8.136,-0,-1.0001,160.48,164.92,159.84,25.03,Cornering,"Hoosier 43075 16x7.5-10 R20, 7 inch rim",1042
79.01,255.33,-12.39,563.76,-251.47,0.001,-37.03,-30.85,0.09,0.0493,-2.2418,11.84,44041.25,7.33,90.86,-8.106,-0,-0.9998,160.27,164.87,159.62,25.02,Cornering,"Hoosier 43075 16x7.5-10 R20, 7 inch rim",1043
78.99,255.34,-11.17,563.61,-251.94,0.003,-36.65,-31.44,0.09,0.0444,-2.2371,11.87,44024.62,7.33,90.88,-8.07,-0,-0.9998,160.14,164.9,159.44,25.01,Cornering,"Hoosier 43075 16x7.5-10 R20, 7 inch rim",1044
78.98,255.35,-9.45,562.68,-251.47,0.012,-36.74,-31.66,0.03,0.0376,-2.2376,11.94,158735.55,7.33,90.94,-8.04,-0,-1,159.99,164.92,159.31,24.98,Cornering,"Hoosier 43075 16x7.5-10 R20, 7 inch rim",1045
79.01,255.36,-8.26,561.14,-250.64,0.012,-36.14,-31.5,0.03,0.0329,-2.2389,11.99,158900.12,7.33,90.99,-7.994,-0,-1,160.03,164.96,159.35,25.01,Cornering,"Hoosier 43075 16x7.5-10 R20, 7 inch rim",1046
79.01,255.37,-7.11,559.76,-249.61,0.01,-35.53,-30.61,-0.04,0.0285,-2.2425,12,-98828.23,7.33,91.02,-7.965,-0,-1.0001,159.99,165.03,159.37,25.02,Cornering,"Hoosier 43075 16x7.5-10 R20, 7 inch rim",1047
78.97,255.38,-6.47,558.67,-249.31,0.009,-35.28,-28.88,-0.04,0.0259,-2.2409,11.95,-98905.56,7.33,91.04,-7.928,-0,-1.0001,160.05,165.07,159.48,25.04,Cornering,"Hoosier 43075 16x7.5-10 R20, 7 inch rim",1048
78.99,255.39,-6.47,558.67,-249.54,0.007,-34.55,-27.1,-0.11,0.0259,-2.2388,11.86,-37720.28,7.33,91.02,-7.904,-0,-1.0002,160.12,165.12,159.52,25.03,Cornering,"Hoosier 43075 16x7.5-10 R20, 7 inch rim",1049
79.01,255.4,-6.98,558.65,-249.36,0.017,-35.41,-25.58,-0.04,0.028,-2.2403,11.83,-98875.31,7.33,90.99,-7.861,-0,-1.0001,160.18,165.05,159.64,25.03,Cornering,"Hoosier 43075 16x7.5-10 R20, 7 inch rim",1050
78.99,255.41,-7.29,558.66,-250.57,0.001,-34.85,-24.45,-0.04,0.0291,-2.2295,11.85,-98835.42,7.33,90.94,-7.835,-0,-1.0001,160.12,164.92,159.7,25.01,Cornering,"Hoosier 43075 16x7.5-10 R20, 7 inch rim",1051
78.97,255.42,-7.12,558.33,-250.67,0.003,-36.44,-23.47,-0.04,0.0284,-2.2274,11.89,-98777.49,7.33,90.93,-7.788,-0,-1.0001,159.79,164.76,159.56,25,Cornering,"Hoosier 43075 16x7.5-10 R20, 7 inch rim",1052
79.01,255.43,-6.81,558.02,-252.39,-0.003,-36.32,-23.22,-0.04,0.027,-2.2109,11.96,-98718.2,7.33,90.97,-7.746,-0,-1.0001,159.49,164.68,159.39,24.98,Cornering,"Hoosier 43075 16x7.5-10 R20, 7 inch rim",1053
79.01,255.44,-6,557.68,-253.44,0.013,-36.97,-22.9,0.03,0.0237,-2.2005,12.03,158748.86,7.33,90.98,-7.705,-0,-1,159.24,164.61,159.17,24.97,Cornering,"Hoosier 43075 16x7.5-10 R20, 7 inch rim",1054
78.98,255.45,-4.62,556.6,-254.78,0.001,-36.26,-23.39,0.03,0.0181,-2.1847,12.02,158652.73,7.33,90.94,-7.665,-0,-1,159.06,164.57,158.99,24.95,Cornering,"Hoosier 43075 16x7.5-10 R20, 7 inch rim",1055
78.98,255.46,-3.54,555.83,-254.08,0.009,-36.85,-24.39,0.03,0.0139,-2.1876,11.97,158667.11,7.33,90.93,-7.624,-0,-1,158.96,164.52,158.83,24.95,Cornering,"Hoosier 43075 16x7.5-10 R20, 7 inch rim",1056
79.02,255.47,-2.77,554.45,-253.22,-0.002,-36.24,-25.4,-0.04,0.0109,-2.1896,11.91,-98595.85,7.33,90.95,-7.576,-0,-1.0001,158.89,164.57,158.85,24.94,Cornering,"Hoosier 43075 16x7.5-10 R20, 7 inch rim",1057
78.99,255.48,-3.16,553.37,-252.6,0.01,-35.13,-26.77,0.03,0.0125,-2.1907,11.84,158702.16,7.33,90.95,-7.526,-0,-1,158.83,164.59,158.87,24.95,Cornering,"Hoosier 43075 16x7.5-10 R20, 7 inch rim",1058
78.97,255.49,-3.95,552.77,-251.38,0.001,-35.02,-27.69,0.03,0.0157,-2.1989,11.85,158603.14,7.33,90.94,-7.493,-0,-1,158.85,164.68,158.93,24.93,Cornering,"Hoosier 43075 16x7.5-10 R20, 7 inch rim",1059
79,255.5,-5.91,552.46,-250.92,0.003,-35.13,-28.71,0.03,0.0236,-2.2017,11.93,158695.89,7.33,90.91,-7.438,-0,-1,158.87,164.72,158.93,24.94,Cornering,"Hoosier 43075 16x7.5-10 R20, 7 inch rim",1060
79.01,255.51,-7.85,552.15,-251.58,0.003,-35.03,-29.52,-0.04,0.0312,-2.1947,11.99,-98655.6,7.33,90.88,-7.407,-0,-1.0001,158.94,164.7,158.99,24.94,Cornering,"Hoosier 43075 16x7.5-10 R20, 7 inch rim",1061
78.98,255.52,-9.63,551.66,-251.48,0.007,-36.17,-30.5,-0.11,0.0383,-2.1937,12.04,-37644.13,7.33,90.88,-7.36,-0,-1.0002,158.91,164.52,158.95,24.95,Cornering,"Hoosier 43075 16x7.5-10 R20, 7 inch rim",1062
78.98,255.53,-11.05,550.88,-252.87,0.004,-36.16,-31.63,-0.04,0.0437,-2.1785,12.02,-98722.3,7.33,90.84,-7.309,-0,-1.0001,158.66,164.39,158.87,24.96,Cornering,"Hoosier 43075 16x7.5-10 R20, 7 inch rim",1063
79.01,255.54,-12.03,549.77,-254.11,0.014,-37.13,-32.85,-0.04,0.0473,-2.1635,11.97,-98751.91,7.33,90.79,-7.278,-0,-1.0001,158.36,164.3,158.65,24.96,Cornering,"Hoosier 43075 16x7.5-10 R20, 7 inch rim",1064
79,255.55,-12.31,548.99,-255.47,0.012,-37.54,-34.07,0.03,0.0482,-2.149,11.89,158991.89,7.33,90.78,-7.221,-0,-1,157.95,164.24,158.4,24.98,Cornering,"Hoosier 43075 16x7.5-10 R20, 7 inch rim",1065
78.98,255.56,-11.87,548.06,-256.85,0.007,-37.3,-35.36,-0.04,0.0462,-2.1338,11.83,-98885.87,7.33,90.76,-7.186,-0,-1.0001,157.73,164.21,158.16,24.99,Cornering,"Hoosier 43075 16x7.5-10 R20, 7 inch rim",1066
78.99,255.57,-10.54,547.13,-256.82,0.01,-37.21,-36.22,0.03,0.041,-2.1304,11.83,159161.16,7.33,90.76,-7.156,-0,-1,157.61,164.15,158.02,25,Cornering,"Hoosier 43075 16x7.5-10 R20, 7 inch rim",1067
79.01,255.58,-8.96,546.22,-256.51,-0.002,-36.01,-36.66,-0.04,0.0349,-2.1294,11.88,-98923.12,7.33,90.79,-7.118,-0,-1.0001,157.48,164.19,157.98,25,Cornering,"Hoosier 43075 16x7.5-10 R20, 7 inch rim",1068
78.98,255.59,-7.96,545.31,-254.53,-0,-35.84,-36.85,0.03,0.0313,-2.1424,11.96,159079.08,7.33,90.8,-7.07,-0,-1,157.39,164.17,158.04,24.98,Cornering,"Hoosier 43075 16x7.5-10 R20, 7 inch rim",1069
78.98,255.6,-7.94,544.54,-253.44,0.012,-35.09,-36.77,0.03,0.0313,-2.1486,12,159088.06,7.33,90.82,-7.043,-0,-1,157.39,164.28,158.04,24.98,Cornering,"Hoosier 43075 16x7.5-10 R20, 7 inch rim",1070
79.01,255.61,-8.26,543.3,-252.57,0.007,-35.62,-35.78,0.03,0.0327,-2.1511,11.97,159099.83,7.33,90.82,-7.007,-0,-1,157.41,164.26,158.04,24.98,Cornering,"Hoosier 43075 16x7.5-10 R20, 7 inch rim",1071
79,255.62,-8.69,542.52,-252.67,0.003,-35.82,-34.51,0.03,0.0344,-2.1472,11.91,159152.17,7.33,90.82,-6.96,-0,-1,157.48,164.21,158.12,24.99,Cornering,"Hoosier 43075 16x7.5-10 R20, 7 inch rim",1072
78.98,255.63,-9.27,541.58,-253.29,0.003,-36.07,-33.36,0.09,0.0366,-2.1382,11.84,44125.06,7.34,90.79,-6.936,-0,-0.9998,157.43,164.1,158.14,25,Cornering,"Hoosier 43075 16x7.5-10 R20, 7 inch rim",1073
78.99,255.64,-9.2,540.64,-254.46,-0,-36.01,-32.08,-0.04,0.0361,-2.1247,11.78,-98944.84,7.34,90.75,-6.898,-0,-1.0001,157.2,163.95,158.1,24.99,Cornering,"Hoosier 43075 16x7.5-10 R20, 7 inch rim",1074
79.01,255.65,-9.17,539.53,-255.67,0.003,-36.61,-31.54,0.03,0.0359,-2.1103,11.8,159040.09,7.34,90.7,-6.85,-0,-1,156.9,163.82,157.98,24.97,Cornering,"Hoosier 43075 16x7.5-10 R20, 7 inch rim",1075
78.99,255.66,-8.73,538.42,-257.41,0.01,-37.12,-31.31,-0.04,0.0339,-2.0917,11.85,-98777.77,7.33,90.7,-6.815,-0,-1.0001,156.55,163.69,157.74,24.94,Cornering,"Hoosier 43075 16x7.5-10 R20, 7 inch rim",1076
78.98,255.67,-7.61,537.18,-258.69,0.007,-36.81,-31.29,0.03,0.0294,-2.0766,11.93,158842.23,7.34,90.7,-6.775,-0,-1,156.28,163.62,157.48,24.93,Cornering,"Hoosier 43075 16x7.5-10 R20, 7 inch rim",1077
79.01,255.68,-5.45,536.26,-258.99,0.003,-35.99,-31.06,-0.11,0.021,-2.0706,11.97,-37657.22,7.34,90.77,-6.744,-0,-1.0002,156.06,163.53,157.29,24.93,Cornering,"Hoosier 43075 16x7.5-10 R20, 7 inch rim",1078
79.01,255.69,-3.93,534.87,-258.2,0.013,-35.2,-31.21,0.03,0.0152,-2.0716,11.96,158863.84,7.34,90.86,-6.707,-0,-1,156,163.51,157.19,24.93,Cornering,"Hoosier 43075 16x7.5-10 R20, 7 inch rim",1079
78.98,255.7,-3.14,533.19,-256.77,-0.002,-34.79,-31.7,-0.04,0.0122,-2.0765,11.89,-98739.39,7.34,90.91,-6.659,-0,-1.0001,155.91,163.53,157.17,24.93,Cornering,"Hoosier 43075 16x7.5-10 R20, 7 inch rim",1080
78.99,255.71,-3.44,531.34,-255.3,0.004,-34.67,-32.12,0.09,0.0135,-2.0812,11.83,44030.64,7.34,90.98,-6.612,-0,-0.9998,155.87,163.57,157.13,24.93,Cornering,"Hoosier 43075 16x7.5-10 R20, 7 inch rim",1081
79.01,255.72,-4.07,530.25,-254.85,0.01,-34.14,-31.68,0.03,0.016,-2.0806,11.81,158901.53,7.34,91.04,-6.585,-0,-1,155.89,163.6,157.09,24.93,Cornering,"Hoosier 43075 16x7.5-10 R20, 7 inch rim",1082
78.99,255.73,-6.31,529.32,-254.6,0.003,-34.46,-32.47,0.03,0.0248,-2.0791,11.84,158911.61,7.34,91.05,-6.552,-0,-1,155.91,163.55,157.17,24.93,Cornering,"Hoosier 43075 16x7.5-10 R20, 7 inch rim",1083
78.98,255.74,-8.19,528.53,-254.63,0.014,-35.19,-32.8,0.03,0.0322,-2.0757,11.91,159042.86,7.34,91.02,-6.485,-0,-1,155.89,163.49,157.19,24.95,Cornering,"Hoosier 43075 16x7.5-10 R20, 7 inch rim",1084
79.01,255.75,-10.08,527.12,-255.79,0.013,-35.67,-34.02,0.09,0.0394,-2.0607,11.99,44105.59,7.34,90.98,-6.452,-0,-0.9998,155.74,163.35,157.17,24.97,Cornering,"Hoosier 43075 16x7.5-10 R20, 7 inch rim",1085
79.01,255.76,-10.51,526.03,-257.38,0.001,-35.34,-34.25,0.09,0.0408,-2.0438,12.01,44170.12,7.34,90.94,-6.415,-0,-0.9998,155.46,163.16,157.05,25,Cornering,"Hoosier 43075 16x7.5-10 R20, 7 inch rim",1086
78.98,255.77,-10.6,524.31,-258.99,-0.003,-36,-35.12,0.03,0.0409,-2.0245,11.97,159522.75,7.35,90.88,-6.363,-0,-1,155.16,163.11,156.83,25.02,Cornering,"Hoosier 43075 16x7.5-10 R20, 7 inch rim",1087
78.99,255.78,-9.54,523.22,-260.21,0.004,-35.85,-35.5,0.03,0.0367,-2.0108,11.9,159456.47,7.35,90.85,-6.337,-0,-1,154.9,163.05,156.53,25.01,Cornering,"Hoosier 43075 16x7.5-10 R20, 7 inch rim",1088
79.01,255.79,-8.52,521.66,-260.34,0.007,-36.2,-36.63,-0.04,0.0327,-2.0038,11.85,-99130.5,7.34,90.84,-6.288,-0,-1.0001,154.69,162.96,156.26,25.01,Cornering,"Hoosier 43075 16x7.5-10 R20, 7 inch rim",1089
78.99,255.8,-7.12,520.13,-260.26,-0,-35,-37.39,0.03,0.0273,-1.9985,11.82,159446.81,7.35,90.84,-6.244,-0,-1,154.56,162.89,156.08,25,Cornering,"Hoosier 43075 16x7.5-10 R20, 7 inch rim",1090
78.97,255.81,-5.97,518.44,-258.9,0.007,-34.39,-37.62,-0.04,0.0231,-2.0025,11.87,-99191.24,7.35,90.84,-6.207,-0,-1.0001,154.49,162.94,156,25.02,Cornering,"Hoosier 43075 16x7.5-10 R20, 7 inch rim",1091
79,255.82,-5.81,516.43,-257.17,0.007,-34.6,-37.97,0.03,0.0226,-2.0081,11.95,159654.84,7.35,90.83,-6.164,-0,-1,154.37,162.96,155.96,25.03,Cornering,"Hoosier 43075 16x7.5-10 R20, 7 inch rim",1092
79.01,255.83,-6.41,514.42,-256.23,0.004,-34.9,-37.86,-0.04,0.025,-2.0076,12,-99274.52,7.35,90.83,-6.127,-0,-1.0001,154.34,162.96,155.92,25.04,Cornering,"Hoosier 43075 16x7.5-10 R20, 7 inch rim",1093
78.98,255.84,-7.81,512.86,-256.21,0.007,-34.79,-37.79,0.03,0.0305,-2.0018,12,159717.14,7.35,90.8,-6.075,-0,-1,154.34,162.91,155.92,25.04,Cornering,"Hoosier 43075 16x7.5-10 R20, 7 inch rim",1094
78.98,255.85,-9.25,511.62,-256.43,0.003,-35.11,-37.67,0.03,0.0361,-1.9951,11.96,159726.84,7.35,90.83,-6.041,-0,-1,154.34,162.76,156.02,25.04,Cornering,"Hoosier 43075 16x7.5-10 R20, 7 inch rim",1095
79.01,255.86,-10.19,510.52,-257.54,0.01,-34.63,-37.5,0.03,0.0396,-1.9823,11.87,159776.67,7.35,90.82,-5.995,-0,-1,154.15,162.63,156,25.04,Cornering,"Hoosier 43075 16x7.5-10 R20, 7 inch rim",1096
78.99,255.87,-10.13,509.26,-258.34,0.013,-35.19,-37.05,0.09,0.0392,-1.9713,11.83,44278.01,7.35,90.81,-5.962,-0,-0.9998,153.94,162.45,155.86,25.04,Cornering,"Hoosier 43075 16x7.5-10 R20, 7 inch rim",1097
78.97,255.88,-9.68,508.17,-261.01,0.013,-34.29,-36.84,0.03,0.0371,-1.9469,11.83,159907.52,7.35,90.8,-5.923,-0,-1,153.59,162.39,155.64,25.06,Cornering,"Hoosier 43075 16x7.5-10 R20, 7 inch rim",1098
78.99,255.89,-8.99,506.45,-262.15,0.006,-35.18,-37.36,0.09,0.0343,-1.9319,11.88,44283.48,7.36,90.84,-5.89,-0,-0.9998,153.29,162.25,155.41,25.04,Cornering,"Hoosier 43075 16x7.5-10 R20, 7 inch rim",1099
79.01,255.9,-7.91,504.74,-263.47,0.007,-34.88,-38.06,-0.04,0.03,-1.9158,11.97,-99299.22,7.36,90.88,-5.852,-0,-1.0001,153.14,162.14,155.17,25.03,Cornering,"Hoosier 43075 16x7.5-10 R20, 7 inch rim",1100
78.98,255.91,-6.48,502.58,-262.64,0.009,-34.95,-38.57,0.03,0.0247,-1.9136,12.01,159644.81,7.36,90.94,-5.802,-0,-1,153.04,162.08,154.99,25.01,Cornering,"Hoosier 43075 16x7.5-10 R20, 7 inch rim",1101
78.98,255.92,-5.3,500.57,-260.85,0.01,-34.87,-38.92,0.09,0.0203,-1.919,11.98,44210.94,7.36,91.01,-5.764,-0,-0.9998,152.99,161.99,154.87,25,Cornering,"Hoosier 43075 16x7.5-10 R20, 7 inch rim",1102
79.01,255.93,-4.48,498.42,-258.78,0.012,-34.72,-38.8,-0.04,0.0173,-1.926,11.92,-99112.38,7.36,91.06,-5.732,-0,-1.0001,152.86,161.99,154.77,24.98,Cornering,"Hoosier 43075 16x7.5-10 R20, 7 inch rim",1103
79,255.94,-4.71,496.88,-256.95,0.006,-34.78,-38.31,0.03,0.0183,-1.9338,11.84,159417.14,7.36,91.1,-5.684,-0,-1,152.8,162.01,154.75,24.97,Cornering,"Hoosier 43075 16x7.5-10 R20, 7 inch rim",1104
78.97,255.95,-5.28,495.8,-255.98,0.003,-34.85,-37.47,0.16,0.0206,-1.9369,11.78,25647.8,7.37,91.1,-5.653,-0,-0.9997,152.8,161.97,154.71,24.98,Cornering,"Hoosier 43075 16x7.5-10 R20, 7 inch rim",1105
78.99,255.96,-6.82,495.02,-256.47,0.004,-33.71,-37.34,0.09,0.0266,-1.9301,11.81,44170.16,7.37,91.07,-5.621,-0,-0.9998,152.78,161.88,154.73,24.97,Cornering,"Hoosier 43075 16x7.5-10 R20, 7 inch rim",1106
79.01,255.97,-8.07,493.93,-257.18,0.004,-33.64,-37.16,-0.04,0.0314,-1.9206,11.87,-99115.71,7.37,91.03,-5.57,-0,-1.0001,152.61,161.73,154.75,24.97,Cornering,"Hoosier 43075 16x7.5-10 R20, 7 inch rim",1107
78.98,255.98,-8.47,492.84,-258.6,0.003,-33.24,-37.13,0.03,0.0328,-1.9058,11.94,159307.81,7.37,91.02,-5.535,-0,-1,152.39,161.53,154.59,24.95,Cornering,"Hoosier 43075 16x7.5-10 R20, 7 inch rim",1108
78.98,255.99,-8.79,491.27,-261.02,0.004,-32.59,-37.6,0.03,0.0337,-1.8822,11.98,159281.03,7.37,91.02,-5.495,-0,-1,152.09,161.37,154.4,24.94,Cornering,"Hoosier 43075 16x7.5-10 R20, 7 inch rim",1109
79.01,256,-8.22,489.08,-262.49,0.01,-33.58,-38.29,0.09,0.0313,-1.8632,11.98,44151.18,7.37,91.01,-5.455,-0,-0.9998,151.86,161.22,154.16,24.95,Cornering,"Hoosier 43075 16x7.5-10 R20, 7 inch rim",1110
79.01,256.01,-7.55,487.22,-263.63,0.001,-33.83,-39.33,-0.04,0.0286,-1.8481,11.91,-99095.24,7.37,90.98,-5.408,-0,-1.0001,151.64,161.13,153.92,24.96,Cornering,"Hoosier 43075 16x7.5-10 R20, 7 inch rim",1111
78.98,256.02,-6.14,484.59,-263.68,0.001,-33.81,-40.06,0.03,0.0233,-1.8378,11.82,159533,7.37,90.97,-5.376,-0,-1,151.53,161.02,153.7,24.98,Cornering,"Hoosier 43075 16x7.5-10 R20, 7 inch rim",1112
78.99,256.03,-4.99,482.42,-262.27,0.003,-33.9,-40.62,0.03,0.019,-1.8394,11.81,159581.72,7.37,90.96,-5.329,-0,-1,151.53,161,153.57,24.98,Cornering,"Hoosier 43075 16x7.5-10 R20, 7 inch rim",1113
79.01,256.04,-4.59,480.26,-259.44,0.016,-34.37,-40.96,0.03,0.0177,-1.8512,11.82,159554.17,7.37,90.97,-5.291,-0,-1,151.49,160.96,153.49,24.98,Cornering,"Hoosier 43075 16x7.5-10 R20, 7 inch rim",1114
78.98,256.05,-4.42,478.73,-257.95,0.004,-33.86,-40.52,0.09,0.0171,-1.8559,11.89,44216.61,7.37,90.95,-5.249,-0,-0.9998,151.4,160.91,153.43,24.98,Cornering,"Hoosier 43075 16x7.5-10 R20, 7 inch rim",1115
78.98,256.06,-5.57,477.65,-256.79,0.007,-33.46,-40.3,0.03,0.0217,-1.8601,11.97,159573.97,7.38,90.94,-5.209,-0,-1,151.38,160.93,153.45,24.98,Cornering,"Hoosier 43075 16x7.5-10 R20, 7 inch rim",1116
79,256.07,-6.95,477.04,-256.13,0.006,-32.9,-40.04,0.09,0.0271,-1.8625,12.02,44201.43,7.38,90.89,-5.169,-0,-0.9998,151.38,160.85,153.49,24.97,Cornering,"Hoosier 43075 16x7.5-10 R20, 7 inch rim",1117
79.01,256.08,-8.38,476.1,-256.85,0.013,-32.26,-40.18,0.03,0.0326,-1.8536,12,159629.8,7.38,90.83,-5.13,-0,-1,151.28,160.74,153.49,24.98,Cornering,"Hoosier 43075 16x7.5-10 R20, 7 inch rim",1118
78.98,256.09,-9.22,474.69,-257.72,0.004,-32.73,-40.38,-0.11,0.0358,-1.8419,11.92,-37870.4,7.38,90.77,-5.086,-0,-1.0002,151.08,160.58,153.41,25,Cornering,"Hoosier 43075 16x7.5-10 R20, 7 inch rim",1119
78.98,256.1,-9.48,472.65,-260.41,0.014,-32.46,-40.69,0.03,0.0364,-1.815,11.86,159832.45,7.38,90.73,-5.056,-0,-1,150.85,160.38,153.27,25.01,Cornering,"Hoosier 43075 16x7.5-10 R20, 7 inch rim",1120
79.01,256.11,-8.85,470.32,-262.84,0.001,-32.66,-41.02,0.03,0.0337,-1.7893,11.86,159842.44,7.38,90.72,-5.013,-0,-1,150.59,160.32,153.09,25.01,Cornering,"Hoosier 43075 16x7.5-10 R20, 7 inch rim",1121
79,256.12,-8.01,467.36,-264.57,-0,-33.48,-41.88,0.03,0.0303,-1.7664,11.92,159737.92,7.38,90.73,-4.984,-0,-1,150.4,160.23,152.89,25,Cornering,"Hoosier 43075 16x7.5-10 R20, 7 inch rim",1122
78.97,256.13,-6.58,464.87,-264.84,0.006,-33.67,-42.38,-0.11,0.0249,-1.7553,11.99,-37870.32,7.38,90.78,-4.927,-0,-1.0002,150.35,160.19,152.69,24.99,Cornering,"Hoosier 43075 16x7.5-10 R20, 7 inch rim",1123
79,256.14,-5.58,462.25,-263.36,0.003,-33.73,-43.09,0.03,0.0212,-1.7552,12.08,159610.59,7.39,90.79,-4.892,-0,-1,150.31,160.14,152.52,24.97,Cornering,"Hoosier 43075 16x7.5-10 R20, 7 inch rim",1124
79.01,256.15,-4.32,460.09,-260.83,0.009,-33.45,-42.76,-0.11,0.0165,-1.7639,12.13,-37830.45,7.39,90.79,-4.851,-0,-1.0002,150.25,160.05,152.46,24.96,Cornering,"Hoosier 43075 16x7.5-10 R20, 7 inch rim",1125
78.97,256.16,-4.32,458.72,-258.76,0.006,-32.29,-42.62,0.03,0.0167,-1.7728,12.11,159516.69,7.39,90.8,-4.815,-0,-1,150.2,160.03,152.44,24.96,Cornering,"Hoosier 43075 16x7.5-10 R20, 7 inch rim",1126
78.98,256.17,-4.72,457.18,-257.18,0.004,-32.07,-41.94,0.03,0.0183,-1.7777,12.05,159452.98,7.39,90.82,-4.768,-0,-1,150.14,160.08,152.38,24.94,Cornering,"Hoosier 43075 16x7.5-10 R20, 7 inch rim",1127
79,256.18,-6.03,455.95,-256.25,0.001,-31.7,-41.56,-0.04,0.0235,-1.7793,11.97,-99124.47,7.39,90.81,-4.731,-0,-1.0001,150.12,159.99,152.4,24.94,Cornering,"Hoosier 43075 16x7.5-10 R20, 7 inch rim",1128
78.98,256.19,-7.44,455.01,-256.03,0.006,-31.88,-41.5,0.03,0.029,-1.7772,11.96,159468.52,7.39,90.78,-4.696,-0,-1,150.1,159.83,152.4,24.94,Cornering,"Hoosier 43075 16x7.5-10 R20, 7 inch rim",1129
78.96,256.2,-8.58,453.14,-257.8,0.004,-31.23,-41.61,0.03,0.0333,-1.7577,11.99,159477.11,7.39,90.77,-4.656,-0,-1,149.9,159.66,152.38,24.94,Cornering,"Hoosier 43075 16x7.5-10 R20, 7 inch rim",1130
78.98,256.21,-8.94,450.78,-259.88,0.013,-31.9,-41.63,-0.04,0.0344,-1.7346,12.06,-99186.16,7.39,90.79,-4.613,-0,-1.0001,149.69,159.5,152.28,24.96,Cornering,"Hoosier 43075 16x7.5-10 R20, 7 inch rim",1131
78.99,256.22,-8.96,447.67,-262.86,0.004,-32.13,-42.38,0.09,0.0341,-1.703,12.15,44207.42,7.4,90.77,-4.576,-0,-0.9998,149.47,159.33,152.08,24.95,Cornering,"Hoosier 43075 16x7.5-10 R20, 7 inch rim",1132
78.97,256.23,-8.63,444.85,-264.84,0.012,-32.59,-43.21,0.09,0.0326,-1.6797,12.18,44210.15,7.4,90.74,-4.529,-0,-0.9998,149.24,159.15,151.88,24.95,Cornering,"Hoosier 43075 16x7.5-10 R20, 7 inch rim",1133
78.95,256.24,-7.32,441.75,-264.92,0.004,-33.7,-43.68,0.03,0.0276,-1.6675,12.15,159584.53,7.4,90.74,-4.497,-0,-1,149.11,159,151.72,24.96,Cornering,"Hoosier 43075 16x7.5-10 R20, 7 inch rim",1134
78.98,256.25,-6.16,439.12,-264.1,0.016,-33.04,-44.19,0.03,0.0233,-1.6627,12.06,159740.72,7.4,90.73,-4.459,-0,-1,149.04,158.91,151.53,24.98,Cornering,"Hoosier 43075 16x7.5-10 R20, 7 inch rim",1135
78.98,256.26,-5.42,436.98,-261.83,0.006,-32.35,-44.45,-0.04,0.0207,-1.669,11.97,-99373.55,7.4,90.71,-4.41,-0,-1.0001,148.96,158.78,151.47,25,Cornering,"Hoosier 43075 16x7.5-10 R20, 7 inch rim",1136
78.95,256.27,-5.26,435.76,-259.47,0.009,-30.97,-44.46,-0.04,0.0203,-1.6794,11.97,-99494.85,7.4,90.69,-4.361,-0,-1.0001,148.83,158.67,151.41,25.03,Cornering,"Hoosier 43075 16x7.5-10 R20, 7 inch rim",1137
78.96,256.28,-5.31,434.54,-257.72,0.007,-29.6,-43.6,0.03,0.0206,-1.6861,11.99,160062.62,7.4,90.69,-4.333,-0,-1,148.81,158.58,151.39,25.03,Cornering,"Hoosier 43075 16x7.5-10 R20, 7 inch rim",1138
78.99,256.29,-6.18,433.15,-255.96,0.009,-30.14,-43.01,0.03,0.0242,-1.6923,12.06,159960.7,7.4,90.63,-4.285,-0,-1,148.77,158.47,151.37,25.01,Cornering,"Hoosier 43075 16x7.5-10 R20, 7 inch rim",1139
78.96,256.3,-7.5,431.76,-255.95,-0.002,-29.39,-42.66,0.03,0.0293,-1.6869,12.13,159820.22,7.41,90.56,-4.245,-0,-1,148.7,158.38,151.41,24.98,Cornering,"Hoosier 43075 16x7.5-10 R20, 7 inch rim",1140
78.94,256.31,-8.67,429.25,-256.94,0.014,-30.12,-42.6,0.03,0.0337,-1.6706,12.17,159827.39,7.41,90.49,-4.208,-0,-1,148.64,158.23,151.39,24.98,Cornering,"Hoosier 43075 16x7.5-10 R20, 7 inch rim",1141
78.97,256.32,-9.46,425.98,-258.85,0.007,-30.98,-42.87,0.03,0.0365,-1.6457,12.13,159872.94,7.41,90.44,-4.164,-0,-1,148.44,158.12,151.31,24.99,Cornering,"Hoosier 43075 16x7.5-10 R20, 7 inch rim",1142
78.97,256.33,-9.54,422.54,-261.87,0.007,-31.34,-43.38,0.09,0.0364,-1.6136,12.04,44324.34,7.41,90.43,-4.132,-0,-0.9998,148.25,157.98,151.17,25,Cornering,"Hoosier 43075 16x7.5-10 R20, 7 inch rim",1143
78.93,256.34,-8.77,418.96,-265.01,0.003,-31.16,-43.74,0.03,0.0331,-1.5809,11.97,160144.66,7.41,90.43,-4.099,-0,-1,148.12,157.9,150.97,25.03,Cornering,"Hoosier 43075 16x7.5-10 R20, 7 inch rim",1144
78.95,256.35,-7.77,415.86,-266.31,-0.005,-30.81,-44.48,0.09,0.0292,-1.5615,11.95,44389.77,7.41,90.4,-4.059,-0,-0.9998,147.97,157.81,150.79,25.04,Cornering,"Hoosier 43075 16x7.5-10 R20, 7 inch rim",1145
78.98,256.36,-6.26,412.91,-265.44,0.001,-30.84,-44.83,-0.11,0.0236,-1.5556,11.96,-37966.98,7.41,90.4,-4.023,-0,-1.0002,147.86,157.74,150.64,25.03,Cornering,"Hoosier 43075 16x7.5-10 R20, 7 inch rim",1146
78.94,256.37,-5.39,410.76,-262.68,0.01,-30.48,-45.1,0.03,0.0205,-1.5637,12.03,160058.09,7.41,90.38,-3.965,-0,-1,147.78,157.68,150.56,25.01,Cornering,"Hoosier 43075 16x7.5-10 R20, 7 inch rim",1147
78.93,256.38,-4.83,409.24,-259.94,0.006,-29.13,-44.85,-0.04,0.0186,-1.5743,12.09,-99430.08,7.41,90.41,-3.932,-0,-1.0001,147.69,157.63,150.46,25,Cornering,"Hoosier 43075 16x7.5-10 R20, 7 inch rim",1148
78.96,256.39,-4.9,407.71,-256.71,0.006,-29.25,-44.19,0.16,0.0191,-1.5882,12.09,25709.71,7.42,90.42,-3.899,-0,-0.9997,147.61,157.52,150.4,24.98,Cornering,"Hoosier 43075 16x7.5-10 R20, 7 inch rim",1149
78.97,256.4,-6.08,405.85,-255.81,0.013,-28.4,-43.51,0.03,0.0238,-1.5865,12.03,159819.02,7.42,90.46,-3.849,-0,-1,147.54,157.48,150.38,24.97,Cornering,"Hoosier 43075 16x7.5-10 R20, 7 inch rim",1150
78.93,256.41,-7.4,403.99,-255.36,0.01,-28.23,-42.82,-0.11,0.029,-1.582,11.96,-37879.11,7.42,90.48,-3.813,-0,-1.0002,147.56,157.37,150.42,24.96,Cornering,"Hoosier 43075 16x7.5-10 R20, 7 inch rim",1151
78.93,256.42,-8.82,401.03,-256.49,0.01,-28.41,-42.65,0.03,0.0344,-1.5635,11.89,159758.16,7.42,90.49,-3.771,-0,-1,147.44,157.21,150.42,24.96,Cornering,"Hoosier 43075 16x7.5-10 R20, 7 inch rim",1152
78.96,256.43,-10.14,397.75,-258.69,0.013,-28.58,-43.08,0.03,0.0392,-1.5376,11.89,159690.75,7.42,90.5,-3.731,-0,-1,147.29,156.95,150.36,24.95,Cornering,"Hoosier 43075 16x7.5-10 R20, 7 inch rim",1153
78.94,256.44,-10.39,394.16,-261.66,0.016,-28.96,-43.1,0.09,0.0397,-1.5064,11.92,44263.66,7.42,90.52,-3.694,-0,-0.9998,147.07,156.84,150.2,24.96,Cornering,"Hoosier 43075 16x7.5-10 R20, 7 inch rim",1154
78.92,256.45,-9.93,389.96,-264.94,0.001,-28.78,-43.45,0.09,0.0375,-1.4719,12.01,44265.96,7.42,90.54,-3.644,-0,-0.9998,146.92,156.73,150,24.96,Cornering,"Hoosier 43075 16x7.5-10 R20, 7 inch rim",1155
78.94,256.46,-8.77,386.07,-266.32,0.006,-29.25,-43.68,-0.04,0.0329,-1.4496,12.07,-99348.79,7.42,90.61,-3.611,-0,-1.0001,146.81,156.55,149.84,24.97,Cornering,"Hoosier 43075 16x7.5-10 R20, 7 inch rim",1156
78.95,256.47,-7.58,382.66,-265.2,0.007,-30.01,-44.33,-0.04,0.0286,-1.4429,12.06,-99306.4,7.43,90.68,-3.574,-0,-1.0001,146.71,156.44,149.63,24.96,Cornering,"Hoosier 43075 16x7.5-10 R20, 7 inch rim",1157
78.92,256.48,-6.2,379.89,-263.13,0.001,-29.28,-44.33,-0.04,0.0236,-1.4438,12.01,-99333.31,7.43,90.73,-3.535,-0,-1.0001,146.6,156.42,149.55,24.96,Cornering,"Hoosier 43075 16x7.5-10 R20, 7 inch rim",1158
78.92,256.49,-5.37,377.9,-260.57,0.01,-27.97,-44.17,-0.04,0.0206,-1.4503,11.94,-99383.24,7.43,90.74,-3.496,-0,-1.0001,146.47,156.36,149.39,24.97,Cornering,"Hoosier 43075 16x7.5-10 R20, 7 inch rim",1159
78.95,256.5,-5.41,376.05,-257.76,0.012,-27.76,-43.6,0.09,0.021,-1.4589,11.86,44356.46,7.43,90.73,-3.458,-0,-0.9998,146.3,156.25,149.29,25,Cornering,"Hoosier 43075 16x7.5-10 R20, 7 inch rim",1160
78.93,256.51,-6.31,374.68,-256.1,0.004,-26.78,-42.94,0.09,0.0246,-1.463,11.85,44389.63,7.43,90.77,-3.403,-0,-0.9998,146.21,156.16,149.25,25.02,Cornering,"Hoosier 43075 16x7.5-10 R20, 7 inch rim",1161
78.91,256.52,-7.25,372.5,-254.65,0.007,-27.84,-41.82,-0.04,0.0285,-1.4628,11.92,-99601.72,7.43,90.78,-3.383,-0,-1.0001,146.21,156.09,149.25,25.03,Cornering,"Hoosier 43075 16x7.5-10 R20, 7 inch rim",1162
78.93,256.53,-9.27,369.87,-256.02,-0.003,-26.76,-42.03,0.03,0.0362,-1.4447,11.99,160124.41,7.44,90.83,-3.337,-0,-1,146.17,155.98,149.25,25.01,Cornering,"Hoosier 43075 16x7.5-10 R20, 7 inch rim",1163
78.95,256.54,-9.84,365.96,-258.68,0.007,-26.43,-41.33,0.03,0.0381,-1.4147,12.09,159944.17,7.44,90.85,-3.302,-0,-1,146.06,155.83,149.19,24.98,Cornering,"Hoosier 43075 16x7.5-10 R20, 7 inch rim",1164
78.92,256.55,-10.49,361.75,-261.5,0.007,-26.66,-41.63,-0.11,0.0401,-1.3834,12.09,-37909,7.44,90.84,-3.253,-0,-1.0002,145.89,155.67,149.07,24.97,Cornering,"Hoosier 43075 16x7.5-10 R20, 7 inch rim",1165
78.92,256.56,-10.09,357.23,-264.19,0.009,-27.45,-41.71,0.03,0.0382,-1.3522,12.06,159883.67,7.44,90.87,-3.207,-0,-1,145.72,155.5,148.87,24.97,Cornering,"Hoosier 43075 16x7.5-10 R20, 7 inch rim",1166
78.94,256.57,-9.18,352.4,-267.61,0.014,-26.7,-42.08,0.03,0.0343,-1.3168,11.98,159927.7,7.44,90.88,-3.158,-0,-1,145.63,155.34,148.77,24.97,Cornering,"Hoosier 43075 16x7.5-10 R20, 7 inch rim",1167
78.94,256.58,-8.17,348.68,-266.81,0.01,-27.34,-42.79,-0.11,0.0306,-1.3069,11.88,-37957.34,7.44,90.9,-3.124,-0,-1.0002,145.46,155.25,148.54,25,Cornering,"Hoosier 43075 16x7.5-10 R20, 7 inch rim",1168
78.92,256.59,-6.7,345.28,-264.49,0.012,-27.98,-42.74,0.03,0.0253,-1.3055,11.84,160121.67,7.44,90.93,-3.098,-0,-1,145.42,155.17,148.38,25,Cornering,"Hoosier 43075 16x7.5-10 R20, 7 inch rim",1169
78.94,256.6,-5.64,342.68,-262.42,0.003,-26.25,-42.4,0.03,0.0215,-1.3058,11.9,160053.88,7.44,90.93,-3.051,-0,-1,145.25,155.14,148.28,24.99,Cornering,"Hoosier 43075 16x7.5-10 R20, 7 inch rim",1170
78.95,256.61,-5.64,340.53,-259.26,0.007,-25.72,-41.9,0.03,0.0218,-1.3134,11.95,159986,7.45,90.92,-3.004,-0,-1,145.14,154.99,148.14,24.98,Cornering,"Hoosier 43075 16x7.5-10 R20, 7 inch rim",1171
78.93,256.62,-6.69,338.84,-256.78,0.01,-25.27,-41.32,0.09,0.0261,-1.3196,12.01,44313.89,7.45,90.91,-2.977,-0,-0.9998,145.05,154.9,148.06,24.97,Cornering,"Hoosier 43075 16x7.5-10 R20, 7 inch rim",1172
78.92,256.63,-7.79,336.67,-255.72,0.013,-24.69,-40.02,0.09,0.0305,-1.3165,12.02,44274.55,7.45,90.91,-2.927,-0,-0.9998,145.01,154.81,148.04,24.94,Cornering,"Hoosier 43075 16x7.5-10 R20, 7 inch rim",1173
78.95,256.64,-9.6,334.04,-256.19,-0.002,-23.8,-39.67,0.03,0.0375,-1.3039,11.99,159888.62,7.45,90.91,-2.896,-0,-1,145.08,154.68,148.06,24.96,Cornering,"Hoosier 43075 16x7.5-10 R20, 7 inch rim",1174
78.95,256.65,-11.13,329.84,-258.96,-0.002,-23.06,-39.72,-0.04,0.043,-1.2737,11.89,-99439.66,7.45,90.9,-2.855,-0,-1.0001,145.01,154.51,148,24.97,Cornering,"Hoosier 43075 16x7.5-10 R20, 7 inch rim",1175
78.92,256.66,-11.31,325.14,-261.41,0.012,-24.24,-39.25,0.09,0.0433,-1.2438,11.79,44350.44,7.45,90.93,-2.816,-0,-0.9998,144.95,154.26,147.94,24.98,Cornering,"Hoosier 43075 16x7.5-10 R20, 7 inch rim",1176
78.94,256.67,-11.22,319.7,-265.55,-0,-24.13,-39.65,0.03,0.0422,-1.2039,11.77,160051.3,7.46,90.96,-2.783,-0,-1,144.88,154.09,147.84,24.98,Cornering,"Hoosier 43075 16x7.5-10 R20, 7 inch rim",1177
78.96,256.68,-10.37,314.55,-268.15,0.007,-24.46,-39.81,-0.04,0.0387,-1.173,11.81,-99541.29,7.46,90.97,-2.733,-0,-1.0001,144.82,153.96,147.65,25,Cornering,"Hoosier 43075 16x7.5-10 R20, 7 inch rim",1178
78.94,256.69,-8.91,309.27,-268.74,0.004,-25.11,-39.99,0.09,0.0332,-1.1508,11.88,44375.2,7.46,90.99,-2.692,-0,-0.9998,144.73,153.85,147.47,25,Cornering,"Hoosier 43075 16x7.5-10 R20, 7 inch rim",1179
78.93,256.7,-7.43,305.09,-266.9,0.012,-25.42,-39.91,-0.04,0.0278,-1.1431,11.95,-99616.22,7.46,90.98,-2.656,-0,-1.0001,144.62,153.8,147.39,25.01,Cornering,"Hoosier 43075 16x7.5-10 R20, 7 inch rim",1180
78.95,256.71,-6.49,301.86,-264.53,0.013,-24.14,-39.75,0.03,0.0245,-1.1411,11.97,160293.28,7.46,91.02,-2.622,-0,-1,144.47,153.63,147.25,25.02,Cornering,"Hoosier 43075 16x7.5-10 R20, 7 inch rim",1181
78.96,256.72,-6.2,299.56,-260.63,0.01,-23.76,-39.22,-0.04,0.0238,-1.1494,11.93,-99668.2,7.46,91.06,-2.574,-0,-1.0001,144.3,153.52,147.15,25.03,Cornering,"Hoosier 43075 16x7.5-10 R20, 7 inch rim",1182
78.93,256.73,-6.81,297.58,-257.98,-0,-23.16,-38.49,-0.04,0.0264,-1.1535,11.84,-99647.2,7.47,91.1,-2.544,-0,-1.0001,144.13,153.43,147.05,25.02,Cornering,"Hoosier 43075 16x7.5-10 R20, 7 inch rim",1183
78.94,256.74,-8.09,295.56,-256.32,0.01,-22.58,-37.51,0.03,0.0316,-1.1531,11.77,160232.3,7.47,91.14,-2.503,-0,-1,144.07,153.32,146.99,25.01,Cornering,"Hoosier 43075 16x7.5-10 R20, 7 inch rim",1184
78.97,256.75,-9.31,293.25,-256.3,0.004,-21.35,-36.47,-0.04,0.0363,-1.1441,11.77,-99652.82,7.47,91.17,-2.461,-0,-1.0001,144,153.14,146.95,25.02,Cornering,"Hoosier 43075 16x7.5-10 R20, 7 inch rim",1185
78.96,256.76,-10.69,289.2,-257.85,0.006,-21.1,-36.07,0.09,0.0415,-1.1216,11.81,44414.18,7.47,91.21,-2.43,-0,-0.9998,143.92,152.97,146.89,25.01,Cornering,"Hoosier 43075 16x7.5-10 R20, 7 inch rim",1186
78.93,256.77,-11.62,284.36,-260.64,0.009,-21.13,-36.09,0.03,0.0446,-1.091,11.89,160170.31,7.47,91.24,-2.387,-0,-1,143.85,152.75,146.81,25,Cornering,"Hoosier 43075 16x7.5-10 R20, 7 inch rim",1187
78.96,256.78,-11.34,278.29,-264.16,-0,-21.6,-35.8,0.09,0.0429,-1.0535,11.96,44344.67,7.47,91.22,-2.341,-0,-0.9998,143.77,152.53,146.66,24.97,Cornering,"Hoosier 43075 16x7.5-10 R20, 7 inch rim",1188
78.98,256.79,-10.74,272.06,-267.13,0.01,-22.08,-35.79,-0.04,0.0402,-1.0185,11.97,-99409.28,7.47,91.24,-2.298,-0,-1.0001,143.68,152.31,146.58,24.96,Cornering,"Hoosier 43075 16x7.5-10 R20, 7 inch rim",1189
78.94,256.8,-9.22,265.68,-267.82,0.007,-23.36,-35.52,0.09,0.0344,-0.992,11.95,44326.51,7.47,91.24,-2.252,-0,-0.9998,143.55,152.17,146.42,24.96,Cornering,"Hoosier 43075 16x7.5-10 R20, 7 inch rim",1190
78.94,256.81,-7.98,260.58,-266.93,0.001,-23.26,-35.64,-0.04,0.0299,-0.9762,11.86,-99528.88,7.48,91.26,-2.229,-0,-1.0001,143.36,152.02,146.3,24.98,Cornering,"Hoosier 43075 16x7.5-10 R20, 7 inch rim",1191
78.98,256.82,-6.98,257.04,-264.25,-0.002,-22.56,-35.38,0.03,0.0264,-0.9727,11.81,160227.42,7.48,91.27,-2.183,-0,-1,143.19,151.89,146.2,25,Cornering,"Hoosier 43075 16x7.5-10 R20, 7 inch rim",1192
78.97,256.83,-6.59,254.59,-261.49,0.001,-20.61,-34.79,0.16,0.0252,-0.9736,11.81,25771.61,7.48,91.29,-2.132,-0,-0.9997,142.93,151.8,146.06,25,Cornering,"Hoosier 43075 16x7.5-10 R20, 7 inch rim",1193
78.94,256.84,-7.23,253.06,-258.51,0.006,-19.58,-34.22,-0.04,0.0279,-0.9789,11.86,-99652.44,7.48,91.32,-2.087,-0,-1.0001,142.8,151.69,145.92,25.01,Cornering,"Hoosier 43075 16x7.5-10 R20, 7 inch rim",1194
78.96,256.85,-8.84,251.05,-256.02,0.012,-19.41,-33.75,0.03,0.0345,-0.9806,11.95,160275.94,7.48,91.3,-2.057,-0,-1,142.74,151.56,145.86,25.01,Cornering,"Hoosier 43075 16x7.5-10 R20, 7 inch rim",1195
78.99,256.86,-10.52,248.43,-255.78,0.006,-18.4,-33.12,0.03,0.0411,-0.9712,12.03,160204.84,7.48,91.31,-2.02,-0,-1,142.76,151.4,145.84,25,Cornering,"Hoosier 43075 16x7.5-10 R20, 7 inch rim",1196
78.95,256.87,-11.72,243.92,-256.83,-0.003,-18.72,-32.4,-0.04,0.0456,-0.9497,12.06,-99543.01,7.49,91.31,-1.974,-0,-1.0001,142.8,151.18,145.82,24.98,Cornering,"Hoosier 43075 16x7.5-10 R20, 7 inch rim",1197
78.95,256.88,-12.18,238.62,-259.83,0.003,-18.46,-31.67,-0.04,0.0469,-0.9184,11.99,-99521.82,7.49,91.33,-1.937,-0,-1.0001,142.84,150.98,145.75,24.98,Cornering,"Hoosier 43075 16x7.5-10 R20, 7 inch rim",1198
78.98,256.89,-12.24,232.08,-263.42,-0.002,-19.02,-31.54,0.03,0.0465,-0.881,11.9,160104.55,7.49,91.32,-1.884,-0,-1,142.84,150.76,145.63,24.98,Cornering,"Hoosier 43075 16x7.5-10 R20, 7 inch rim",1199
78.98,256.9,-11.76,225.22,-266.9,0.004,-19.69,-31.45,0.03,0.0441,-0.8438,11.82,160106.88,7.49,91.31,-1.854,-0,-1,142.84,150.57,145.55,24.98,Cornering,"Hoosier 43075 16x7.5-10 R20, 7 inch rim",1200
78.95,256.91,-10.4,219.15,-268.85,0.01,-19.62,-31.29,0.03,0.0387,-0.8151,11.82,160073,7.49,91.3,-1.811,-0,-1,142.82,150.37,145.41,24.97,Cornering,"Hoosier 43075 16x7.5-10 R20, 7 inch rim",1201
78.97,256.92,-9.28,213.42,-268.16,0.004,-20.24,-31.33,-0.11,0.0346,-0.7958,11.85,-37947.5,7.49,91.32,-1.762,-0,-1.0002,142.82,150.21,145.29,24.97,Cornering,"Hoosier 43075 16x7.5-10 R20, 7 inch rim",1202
78.99,256.93,-8,209.71,-265.08,0.012,-19.82,-30.96,0.03,0.0302,-0.7911,11.94,159968,7.49,91.34,-1.722,-0,-1,142.65,150.06,145.11,24.96,Cornering,"Hoosier 43075 16x7.5-10 R20, 7 inch rim",1203
78.97,256.94,-7.97,206.65,-261.6,0.012,-18.67,-31.09,-0.04,0.0304,-0.7899,12.04,-99418.27,7.49,91.38,-1.681,-0,-1.0001,142.48,149.88,144.97,24.95,Cornering,"Hoosier 43075 16x7.5-10 R20, 7 inch rim",1204
78.95,256.95,-8.13,204.35,-257.84,0.003,-17.99,-30.15,-0.04,0.0315,-0.7926,12.09,-99373.88,7.5,91.41,-1.638,-0,-1.0001,142.33,149.75,144.89,24.94,Cornering,"Hoosier 43075 16x7.5-10 R20, 7 inch rim",1205
78.98,256.96,-9.22,202.51,-255.67,0.009,-16.56,-29.14,-0.04,0.036,-0.7921,12.08,-99421.53,7.5,91.4,-1.602,-0,-1.0001,142.35,149.58,144.8,24.95,Cornering,"Hoosier 43075 16x7.5-10 R20, 7 inch rim",1206
78.98,256.97,-10.77,200.05,-254.9,-0.003,-15.54,-28.3,0.03,0.0423,-0.7848,12.03,159904.28,7.5,91.41,-1.563,-0,-1,142.31,149.44,144.78,24.94,Cornering,"Hoosier 43075 16x7.5-10 R20, 7 inch rim",1207
78.96,256.98,-12.13,195.67,-255.45,0.016,-15.91,-27.28,0.09,0.0475,-0.766,11.95,44311.75,7.5,91.42,-1.509,-0,-0.9998,142.35,149.22,144.8,24.94,Cornering,"Hoosier 43075 16x7.5-10 R20, 7 inch rim",1208
78.97,256.99,-12.91,190.54,-258.09,0.013,-15.46,-26.55,0.03,0.05,-0.7383,11.92,159946.42,7.5,91.48,-1.482,-0,-1,142.35,149.03,144.76,24.95,Cornering,"Hoosier 43075 16x7.5-10 R20, 7 inch rim",1209
78.99,257,-13.48,184.17,-261.95,-0.002,-15.22,-26.45,-0.04,0.0515,-0.7031,11.97,-99473.89,7.5,91.5,-1.439,-0,-1.0001,142.37,148.78,144.68,24.96,Cornering,"Hoosier 43075 16x7.5-10 R20, 7 inch rim",1210
78.98,257.01,-12.73,177.15,-265.64,0.012,-15.47,-25.65,0.03,0.0479,-0.6669,12.03,160100.17,7.5,91.51,-1.392,-0,-1,142.35,148.56,144.6,24.97,Cornering,"Hoosier 43075 16x7.5-10 R20, 7 inch rim",1211
78.96,257.02,-12.11,170.47,-267.9,0.003,-15.35,-25.69,0.03,0.0452,-0.6363,12.12,159989.84,7.51,91.55,-1.37,-0,-1,142.33,148.39,144.5,24.96,Cornering,"Hoosier 43075 16x7.5-10 R20, 7 inch rim",1212
78.98,257.03,-10.74,164.27,-266.86,-0.002,-16.59,-25.56,0.09,0.0402,-0.6156,12.19,44314.48,7.51,91.52,-1.333,-0,-0.9998,142.2,148.23,144.4,24.94,Cornering,"Hoosier 43075 16x7.5-10 R20, 7 inch rim",1213
78.99,257.04,-9.58,159.77,-264.4,0.014,-16.45,-25.07,0.03,0.0362,-0.6043,12.19,159771.02,7.51,91.47,-1.29,-0,-1,142.14,148.08,144.3,24.92,Cornering,"Hoosier 43075 16x7.5-10 R20, 7 inch rim",1214
78.97,257.05,-8.62,156.88,-260.77,-0,-15.05,-24.44,-0.11,0.033,-0.6016,12.11,-37901.87,7.51,91.43,-1.256,-0,-1.0002,141.99,147.9,144.22,24.93,Cornering,"Hoosier 43075 16x7.5-10 R20, 7 inch rim",1215
78.97,257.06,-8.53,154.43,-256.91,-0.002,-14.24,-23.31,0.09,0.0332,-0.6011,12.04,44367.45,7.51,91.41,-1.224,-0,-0.9998,141.71,147.79,144.14,24.97,Cornering,"Hoosier 43075 16x7.5-10 R20, 7 inch rim",1216
79,257.07,-9.15,152.27,-254.22,0.009,-13.48,-21.87,0.09,0.036,-0.599,12.02,44388.57,7.51,91.42,-1.183,-0,-0.9998,141.62,147.64,143.98,24.98,Cornering,"Hoosier 43075 16x7.5-10 R20, 7 inch rim",1217
78.98,257.08,-10.24,149.48,-253.01,0.009,-12.79,-20.56,0.03,0.0405,-0.5908,12.05,160297.8,7.51,91.43,-1.148,-0,-1,141.6,147.55,143.96,25,Cornering,"Hoosier 43075 16x7.5-10 R20, 7 inch rim",1218
78.96,257.09,-11.97,145.62,-253.86,-0.007,-11.65,-19.77,0.03,0.0472,-0.5736,12.11,160187.3,7.52,91.39,-1.125,-0,-1,141.62,147.35,143.9,24.98,Cornering,"Hoosier 43075 16x7.5-10 R20, 7 inch rim",1219
78.98,257.1,-12.91,140.32,-256.49,0.003,-10.78,-18.8,0.03,0.0503,-0.5471,12.19,160040.31,7.52,91.39,-1.084,-0,-1,141.6,147.13,143.88,24.96,Cornering,"Hoosier 43075 16x7.5-10 R20, 7 inch rim",1220
79.01,257.11,-13.33,133.93,-259.26,0.006,-11.33,-18.17,0.03,0.0514,-0.5166,12.27,159930.42,7.52,91.4,-1.042,-0,-1,141.64,146.85,143.69,24.94,Cornering,"Hoosier 43075 16x7.5-10 R20, 7 inch rim",1221
78.96,257.12,-13.04,126.61,-262.51,0.004,-12.17,-17.52,0.09,0.0497,-0.4823,12.25,44297.95,7.52,91.42,-0.995,-0,-0.9998,141.64,146.58,143.51,24.93,Cornering,"Hoosier 43075 16x7.5-10 R20, 7 inch rim",1222
78.97,257.13,-11.72,119.45,-265.41,0.009,-12.2,-16.63,0.03,0.0442,-0.4501,12.15,159933.38,7.52,91.47,-0.959,-0,-1,141.62,146.36,143.33,24.94,Cornering,"Hoosier 43075 16x7.5-10 R20, 7 inch rim",1223
79,257.14,-10.14,112.78,-265.23,0.001,-13.41,-15.94,0.03,0.0382,-0.4252,12.08,160009.22,7.52,91.47,-0.912,-0,-1,141.6,146.23,143.13,24.96,Cornering,"Hoosier 43075 16x7.5-10 R20, 7 inch rim",1224
78.99,257.15,-8.93,107.52,-263.57,0.006,-12.96,-15.59,-0.04,0.0339,-0.4079,12.01,-99512.12,7.52,91.47,-0.873,-0,-1.0001,141.54,146.12,142.97,24.97,Cornering,"Hoosier 43075 16x7.5-10 R20, 7 inch rim",1225
78.96,257.16,-8.06,103.67,-260.2,0.006,-12.22,-14.91,-0.04,0.031,-0.3984,12.01,-99512.93,7.52,91.49,-0.827,-0,-1.0001,141.43,146.01,142.86,24.97,Cornering,"Hoosier 43075 16x7.5-10 R20, 7 inch rim",1226
78.98,257.17,-7.73,100.76,-256.14,0.007,-11.04,-14.13,0.16,0.0302,-0.3934,12.06,25754.26,7.52,91.5,-0.784,-0,-0.9997,141.21,145.9,142.78,24.97,Cornering,"Hoosier 43075 16x7.5-10 R20, 7 inch rim",1227
79,257.18,-8.86,98.15,-253.62,0.003,-9.48,-13.58,-0.11,0.0349,-0.387,12.14,-37985.55,7.53,91.51,-0.73,-0,-1.0002,141.15,145.83,142.78,24.98,Cornering,"Hoosier 43075 16x7.5-10 R20, 7 inch rim",1228
78.98,257.19,-10.37,94.76,-251.62,-0.006,-9.19,-12.81,-0.04,0.0412,-0.3766,12.19,-99630.44,7.53,91.53,-0.691,-0,-1.0001,141.11,145.77,142.78,25,Cornering,"Hoosier 43075 16x7.5-10 R20, 7 inch rim",1229
78.97,257.2,-12.65,90.25,-251.74,0.001,-8.47,-12.64,0.09,0.0503,-0.3585,12.19,44455,7.53,91.56,-0.648,-0,-0.9998,141.04,145.61,142.91,25.02,Cornering,"Hoosier 43075 16x7.5-10 R20, 7 inch rim",1230
79,257.21,-13.93,84.18,-253.15,0.006,-8.79,-11.86,0.03,0.055,-0.3325,12.1,160462.48,7.53,91.6,-0.604,-0,-1,141.02,145.42,142.99,25.03,Cornering,"Hoosier 43075 16x7.5-10 R20, 7 inch rim",1231
79,257.22,-15.2,77.34,-256.22,0.001,-8.48,-11.96,0.03,0.0593,-0.3018,12.02,160463.2,7.53,91.59,-0.555,-0,-1,140.98,145.26,142.99,25.03,Cornering,"Hoosier 43075 16x7.5-10 R20, 7 inch rim",1232
78.97,257.23,-15.38,69.71,-260.4,0.003,-7.83,-11.7,0.09,0.0591,-0.2677,11.95,44424.7,7.53,91.6,-0.502,-0,-0.9998,141.02,145.02,142.99,25,Cornering,"Hoosier 43075 16x7.5-10 R20, 7 inch rim",1233
78.98,257.24,-14.23,61.61,-262.76,0.007,-8.97,-10.83,0.09,0.0542,-0.2345,11.95,44414.49,7.53,91.59,-0.471,-0,-0.9998,140.96,144.87,142.99,25,Cornering,"Hoosier 43075 16x7.5-10 R20, 7 inch rim",1234
79.01,257.25,-13.14,54.32,-263.73,0.009,-9.12,-10.72,0.03,0.0498,-0.206,11.97,160241.62,7.53,91.64,-0.421,-0,-1,140.91,144.76,142.99,24.99,Cornering,"Hoosier 43075 16x7.5-10 R20, 7 inch rim",1235
78.98,257.26,-12.07,48.13,-261.25,0.001,-10.06,-10.87,0.03,0.0462,-0.1842,12.07,160316.19,7.53,91.69,-0.384,-0,-1,140.89,144.62,142.95,25,Cornering,"Hoosier 43075 16x7.5-10 R20, 7 inch rim",1236
78.98,257.27,-12.01,43.2,-258.18,0.003,-9.11,-11.59,0.03,0.0465,-0.1673,12.15,160279.2,7.53,91.72,-0.343,-0,-1,140.85,144.51,142.91,25,Cornering,"Hoosier 43075 16x7.5-10 R20, 7 inch rim",1237
79,257.28,-11.98,39.51,-254.24,0.003,-8.29,-11.4,0.03,0.0471,-0.1554,12.17,160279.3,7.54,91.74,-0.306,-0,-1,140.74,144.4,142.86,25,Cornering,"Hoosier 43075 16x7.5-10 R20, 7 inch rim",1238
79,257.29,-12.81,36.12,-251.68,0.004,-6.57,-10.75,0.09,0.0509,-0.1435,12.12,44404.45,7.54,91.74,-0.28,-0,-0.9998,140.63,144.31,142.86,24.99,Cornering,"Hoosier 43075 16x7.5-10 R20, 7 inch rim",1239
78.98,257.3,-13.42,32.4,-250.29,0.014,-5.31,-8.97,0.09,0.0536,-0.1295,12.03,44404.44,7.54,91.74,-0.233,-0,-0.9998,140.53,144.25,142.91,24.99,Cornering,"Hoosier 43075 16x7.5-10 R20, 7 inch rim",1240
78.98,257.31,-14.53,27.76,-250.54,0.007,-4.26,-7.26,0.09,0.058,-0.1108,11.94,44414.72,7.54,91.73,-0.21,-0,-0.9998,140.55,144.12,142.91,25,Cornering,"Hoosier 43075 16x7.5-10 R20, 7 inch rim",1241
79.01,257.32,-15.42,22.33,-251.17,-0.003,-4.74,-5.62,0.03,0.0614,-0.0889,11.92,160316.22,7.54,91.74,-0.17,-0,-1,140.55,143.96,142.95,25,Cornering,"Hoosier 43075 16x7.5-10 R20, 7 inch rim",1242
78.99,257.33,-15.76,15.46,-254.19,0.01,-4.47,-3.98,0.09,0.062,-0.0608,11.94,44404.32,7.54,91.77,-0.136,-0,-0.9998,140.53,143.79,142.99,24.99,Cornering,"Hoosier 43075 16x7.5-10 R20, 7 inch rim",1243
78.98,257.34,-15.48,8.15,-257.19,0.004,-5.1,-2.72,0.03,0.0602,-0.0317,12.03,160129.95,7.54,91.83,-0.103,-0,-1,140.51,143.59,142.88,24.97,Cornering,"Hoosier 43075 16x7.5-10 R20, 7 inch rim",1244
79,257.35,-14.52,0.83,-259.68,0.007,-6.08,-1.38,0.03,0.0559,-0.0032,12.12,160129.7,7.54,91.88,-0.076,-0,-1,140.44,143.46,142.82,24.97,Cornering,"Hoosier 43075 16x7.5-10 R20, 7 inch rim",1245
79.01,257.36,-12.36,-6,-260.72,0.006,-6.15,0.61,0.09,0.0474,0.023,12.17,44352.57,7.54,91.93,-0.033,-0,-0.9998,140.46,143.32,142.74,24.96,Cornering,"Hoosier 43075 16x7.5-10 R20, 7 inch rim",1246
78.81,278.67,-6.59,-12.16,-256.18,0.004,-5.66,2.74,0.09,0.0257,0.0475,12.23,44383.36,7.56,91.67,0.02,-0,-0.9998,119.69,123.58,122.74,24.98,Cornering,"Hoosier 43075 16x7.5-10 R20, 7 inch rim",1247
78.78,278.68,-5.85,-15.54,-252.74,0.006,-4.28,3.82,0.09,0.0232,0.0615,12.15,44372.93,7.56,91.67,0.055,-0,-0.9998,119.63,123.47,122.72,24.97,Cornering,"Hoosier 43075 16x7.5-10 R20, 7 inch rim",1248
78.79,278.69,-6.01,-18.46,-250.45,0.006,-2.43,5.12,-0.04,0.024,0.0737,12.08,-99538.86,7.56,91.7,0.096,-0,-1.0001,119.46,123.38,122.74,24.97,Cornering,"Hoosier 43075 16x7.5-10 R20, 7 inch rim",1249
78.81,278.7,-6.94,-22.49,-248.84,0.01,-2.08,6.6,-0.11,0.0279,0.0904,12.08,-37985.9,7.56,91.72,0.133,-0,-1.0002,119.39,123.36,122.7,24.98,Cornering,"Hoosier 43075 16x7.5-10 R20, 7 inch rim",1250
78.8,278.71,-8.44,-27.15,-249.76,0.01,-0.64,7.73,0.03,0.0338,0.1087,12.11,160311.92,7.56,91.73,0.182,-0,-1,119.31,123.34,122.76,25,Cornering,"Hoosier 43075 16x7.5-10 R20, 7 inch rim",1251
78.78,278.72,-9.39,-33.21,-251.03,0.007,-1.22,9.28,0.03,0.0374,0.1323,12.18,160348.12,7.56,91.74,0.225,-0,-1,119.26,123.18,122.78,25.01,Cornering,"Hoosier 43075 16x7.5-10 R20, 7 inch rim",1252
78.8,278.73,-10.52,-40.05,-253.49,-0.006,-1.7,9.6,0.03,0.0415,0.158,12.27,160309.89,7.57,91.78,0.269,-0,-1,119.2,123.12,122.76,25,Cornering,"Hoosier 43075 16x7.5-10 R20, 7 inch rim",1253
78.81,278.74,-10.93,-47.07,-256.15,0.007,-2.33,9.96,0.09,0.0427,0.1837,12.3,44381.7,7.56,91.79,0.314,-0,-0.9998,119.16,123.07,122.76,24.98,Cornering,"Hoosier 43075 16x7.5-10 R20, 7 inch rim",1254
78.79,278.75,-10.78,-54.07,-258.74,0.013,-2.53,9.88,0.03,0.0417,0.209,12.25,160010.47,7.56,91.82,0.347,-0,-1,119.18,122.99,122.7,24.96,Cornering,"Hoosier 43075 16x7.5-10 R20, 7 inch rim",1255
78.78,278.76,-10.28,-60.74,-259.65,0.007,-2.68,9.3,0.09,0.0396,0.2339,12.17,44339.84,7.56,91.81,0.395,-0,-0.9998,119.14,122.92,122.68,24.96,Cornering,"Hoosier 43075 16x7.5-10 R20, 7 inch rim",1256
78.81,278.77,-8.88,-66.47,-258.35,0.006,-2.49,9.36,-0.04,0.0344,0.2573,12.09,-99440.75,7.57,91.81,0.454,-0,-1.0001,119.03,122.85,122.62,24.95,Cornering,"Hoosier 43075 16x7.5-10 R20, 7 inch rim",1257
78.81,278.78,-8.04,-71.09,-255.4,0.007,-1.7,8.99,0.09,0.0315,0.2783,12.09,44338.96,7.56,91.8,0.49,-0,-0.9998,119.03,122.81,122.54,24.96,Cornering,"Hoosier 43075 16x7.5-10 R20, 7 inch rim",1258
78.78,278.79,-7.68,-75.08,-251.97,-0.002,-0.85,8.79,0.09,0.0305,0.298,12.11,44358.99,7.57,91.8,0.544,-0,-0.9998,119.01,122.7,122.52,24.97,Cornering,"Hoosier 43075 16x7.5-10 R20, 7 inch rim",1259
78.8,278.8,-8.31,-78.95,-249.3,0.009,0.12,8.9,0.16,0.0333,0.3167,12.2,25734.7,7.57,91.76,0.571,-0,-0.9997,118.9,122.61,122.52,24.96,Cornering,"Hoosier 43075 16x7.5-10 R20, 7 inch rim",1260
78.82,278.81,-9.15,-83.13,-248.15,0.014,0.87,9.88,0.16,0.0369,0.335,12.28,25734.4,7.57,91.72,0.617,-0,-0.9997,118.9,122.5,122.49,24.96,Cornering,"Hoosier 43075 16x7.5-10 R20, 7 inch rim",1261
78.79,278.82,-11.27,-87.93,-248.23,0.01,1.58,10.13,0.09,0.0454,0.3542,12.3,44347.37,7.57,91.7,0.659,-0,-0.9998,118.92,122.5,122.54,24.96,Cornering,"Hoosier 43075 16x7.5-10 R20, 7 inch rim",1262
78.77,278.83,-12.95,-94,-249.93,0.01,1.65,10.92,0.09,0.0518,0.3761,12.27,44377.73,7.57,91.68,0.702,-0,-0.9998,119.01,122.41,122.6,24.98,Cornering,"Hoosier 43075 16x7.5-10 R20, 7 inch rim",1263
78.81,278.84,-14.04,-100.69,-251.77,0.001,0.58,11.67,0.09,0.0557,0.3999,12.17,44397.75,7.57,91.65,0.745,-0,-0.9998,119.03,122.33,122.64,24.99,Cornering,"Hoosier 43075 16x7.5-10 R20, 7 inch rim",1264
78.81,278.85,-14.29,-107.7,-254.76,0.013,0.25,12.49,0.03,0.0561,0.4228,12.09,160215.77,7.57,91.62,0.789,-0,-1,119.05,122.33,122.64,24.99,Cornering,"Hoosier 43075 16x7.5-10 R20, 7 inch rim",1265
78.77,278.86,-13.42,-114.39,-257.25,0.01,-0.12,13.46,-0.04,0.0522,0.4447,12.05,-99569.49,7.57,91.59,0.821,-0,-1.0001,119.09,122.37,122.6,24.98,Cornering,"Hoosier 43075 16x7.5-10 R20, 7 inch rim",1266
78.78,278.87,-12.31,-120.76,-259.2,0.016,0.57,14.11,0.03,0.0475,0.4659,12.08,160212.41,7.57,91.58,0.854,-0,-1,119.09,122.37,122.62,24.99,Cornering,"Hoosier 43075 16x7.5-10 R20, 7 inch rim",1267
78.81,278.88,-10.11,-126.18,-257.84,0.012,0.46,15.04,0.09,0.0392,0.4894,12.14,44384.99,7.57,91.57,0.914,-0,-0.9998,119.09,122.35,122.62,24.98,Cornering,"Hoosier 43075 16x7.5-10 R20, 7 inch rim",1268
78.8,278.89,-8.55,-130.95,-255.44,-0.005,1.11,15.16,-0.04,0.0335,0.5126,12.22,-99588.66,7.57,91.54,0.935,-0,-1.0001,119.07,122.33,122.6,24.99,Cornering,"Hoosier 43075 16x7.5-10 R20, 7 inch rim",1269
78.77,278.9,-7.02,-134.81,-252.09,0.012,1.88,16.05,0.09,0.0278,0.5348,12.25,44383.97,7.57,91.51,0.977,-0,-0.9998,119.03,122.28,122.58,24.98,Cornering,"Hoosier 43075 16x7.5-10 R20, 7 inch rim",1270
78.81,278.91,-7.02,-138.34,-249.86,-0.002,3.7,16.28,0.09,0.0281,0.5537,12.21,44373.22,7.57,91.49,1.004,-0,-0.9998,118.92,122.24,122.54,24.98,Cornering,"Hoosier 43075 16x7.5-10 R20, 7 inch rim",1271
78.81,278.92,-7.74,-142.21,-247.89,0.004,4.16,17.18,0.03,0.0312,0.5737,12.14,160052.19,7.57,91.48,1.051,-0,-1,118.92,122.17,122.6,24.97,Cornering,"Hoosier 43075 16x7.5-10 R20, 7 inch rim",1272
78.78,278.93,-8.53,-146.71,-247.47,0.012,4.8,18.91,0.09,0.0345,0.5928,12.04,44351.25,7.57,91.49,1.083,-0,-0.9998,118.94,122.15,122.62,24.97,Cornering,"Hoosier 43075 16x7.5-10 R20, 7 inch rim",1273
78.78,278.94,-9.3,-152.14,-248.31,-0,4.92,20.77,0.16,0.0374,0.6127,12.03,25747.82,7.57,91.45,1.128,-0,-0.9997,118.96,122.08,122.66,24.97,Cornering,"Hoosier 43075 16x7.5-10 R20, 7 inch rim",1274
78.82,278.95,-10.17,-158.37,-249.86,0.003,3.85,22.15,0.09,0.0407,0.6338,12.06,44411.81,7.57,91.4,1.149,-0,-0.9998,118.99,122.11,122.74,25,Cornering,"Hoosier 43075 16x7.5-10 R20, 7 inch rim",1275
78.81,278.96,-9.83,-164.44,-252.42,0.003,3.65,24.07,0.03,0.039,0.6515,12.15,160264.7,7.58,91.35,1.206,-0,-1,119.05,122.13,122.74,25,Cornering,"Hoosier 43075 16x7.5-10 R20, 7 inch rim",1276
78.78,278.97,-8.94,-170.36,-254.51,0.003,3.22,25.27,0.16,0.0351,0.6694,12.22,25758.62,7.58,91.29,1.232,-0,-0.9997,119.07,122.15,122.72,24.98,Cornering,"Hoosier 43075 16x7.5-10 R20, 7 inch rim",1277
78.8,278.98,-7.78,-176.11,-256.15,0.003,3.28,25.67,0.09,0.0304,0.6875,12.25,44388.61,7.58,91.23,1.28,-0,-0.9998,119.07,122.08,122.68,24.99,Cornering,"Hoosier 43075 16x7.5-10 R20, 7 inch rim",1278
78.82,278.99,-5.83,-180.91,-255.34,0.009,3.18,26.17,0.09,0.0228,0.7085,12.21,44377.59,7.57,91.17,1.315,-0,-0.9998,119.05,122.08,122.6,24.98,Cornering,"Hoosier 43075 16x7.5-10 R20, 7 inch rim",1279
78.79,279,-4.31,-184.93,-253.62,0.013,4.33,26.15,-0.04,0.017,0.7292,12.13,-99478.8,7.57,91.11,1.349,-0,-1.0001,119.05,122.13,122.52,24.97,Cornering,"Hoosier 43075 16x7.5-10 R20, 7 inch rim",1280
78.78,279.01,-3.35,-188.47,-250.54,0.014,5.03,25.7,0.03,0.0134,0.7522,12.06,159990.8,7.57,91.1,1.389,-0,-1,118.96,122.04,122.41,24.96,Cornering,"Hoosier 43075 16x7.5-10 R20, 7 inch rim",1281
78.82,279.02,-3.56,-191.83,-247.6,-0.002,5.82,25.02,0.03,0.0144,0.7748,12.05,160097.95,7.58,91.09,1.442,-0,-1,118.88,122,122.27,24.98,Cornering,"Hoosier 43075 16x7.5-10 R20, 7 inch rim",1282
78.81,279.03,-4.36,-194.75,-245.68,-0.007,6.89,24.9,0.16,0.0177,0.7927,12.06,25755.5,7.58,91.06,1.479,-0,-0.9997,118.84,121.93,122.19,24.98,Cornering,"Hoosier 43075 16x7.5-10 R20, 7 inch rim",1283
78.77,279.04,-5.7,-198.65,-245.28,0.013,7.49,25.31,0.16,0.0232,0.8099,12.14,25772.93,7.57,91.06,1.515,-0,-0.9997,118.77,121.86,122.13,25,Cornering,"Hoosier 43075 16x7.5-10 R20, 7 inch rim",1284
78.8,279.05,-7.54,-203.31,-245.5,0.01,6.91,25.61,0.03,0.0307,0.8281,12.22,160274.03,7.57,91.06,1.555,-0,-1,118.77,121.78,122.09,25.01,Cornering,"Hoosier 43075 16x7.5-10 R20, 7 inch rim",1285
78.82,279.06,-8.92,-208.6,-247.3,0.013,7.35,26.36,0.03,0.0361,0.8435,12.22,160196.03,7.57,91.08,1.597,-0,-1,118.81,121.67,122.15,25,Cornering,"Hoosier 43075 16x7.5-10 R20, 7 inch rim",1286
78.79,279.07,-9.75,-214.5,-249.22,-0,6.55,26.61,-0.04,0.0391,0.8607,12.17,-99578.72,7.58,91.12,1.643,-0,-1.0001,118.79,121.62,122.15,25,Cornering,"Hoosier 43075 16x7.5-10 R20, 7 inch rim",1287
78.78,279.08,-9.53,-220.42,-251.32,0.003,6.13,27.15,0.16,0.0379,0.877,12.08,25740.62,7.58,91.16,1.683,-0,-0.9997,118.77,121.58,122.15,24.97,Cornering,"Hoosier 43075 16x7.5-10 R20, 7 inch rim",1288
78.8,279.09,-8.34,-225.86,-252.55,-0.002,5.71,27.44,-0.04,0.033,0.8943,12.01,-99505.09,7.58,91.22,1.717,-0,-1.0001,118.86,121.53,122.17,24.98,Cornering,"Hoosier 43075 16x7.5-10 R20, 7 inch rim",1289
78.8,279.1,-6.98,-230.52,-252.62,0.016,6.37,27.34,0.03,0.0276,0.9125,11.98,160181.08,7.57,91.29,1.756,-0,-1,118.77,121.56,122.19,25,Cornering,"Hoosier 43075 16x7.5-10 R20, 7 inch rim",1290
78.77,279.11,-5.05,-234.52,-250.64,0.001,6.67,27.21,0.09,0.0201,0.9357,12.01,44396.48,7.58,91.36,1.804,-0,-0.9998,118.73,121.49,122.19,25,Cornering,"Hoosier 43075 16x7.5-10 R20, 7 inch rim",1291
78.79,279.12,-3.85,-237.45,-248.2,0.013,7.87,26.95,0.03,0.0155,0.9567,12.09,160174.09,7.58,91.41,1.826,-0,-1,118.71,121.44,122.21,25,Cornering,"Hoosier 43075 16x7.5-10 R20, 7 inch rim",1292
78.81,279.13,-3.29,-240.04,-244.74,0.001,8.4,26.65,0.03,0.0134,0.9808,12.16,160131.66,7.58,91.45,1.877,-0,-1,118.6,121.36,122.21,24.99,Cornering,"Hoosier 43075 16x7.5-10 R20, 7 inch rim",1293
78.78,279.14,-3.37,-242.66,-243.07,0.003,9.64,27.12,0.23,0.0139,0.9983,12.16,18138.28,7.58,91.48,1.92,-0,-0.9996,118.56,121.25,122.23,24.98,Cornering,"Hoosier 43075 16x7.5-10 R20, 7 inch rim",1294
78.76,279.15,-4.45,-245.76,-242.17,0.006,10.36,27.81,0.03,0.0184,1.0148,12.1,160048.3,7.58,91.47,1.963,-0,-1,118.54,121.29,122.29,24.98,Cornering,"Hoosier 43075 16x7.5-10 R20, 7 inch rim",1295
78.79,279.16,-5.28,-249.96,-242.65,0.013,10.1,29.31,0.09,0.0218,1.0302,12.03,44359.33,7.58,91.47,2.019,-0,-0.9998,118.6,121.31,122.31,24.98,Cornering,"Hoosier 43075 16x7.5-10 R20, 7 inch rim",1296
78.79,279.17,-6.39,-254.63,-243.79,0.006,9.67,30.68,0.09,0.0262,1.0445,11.97,44358.27,7.58,91.49,2.053,-0,-0.9998,118.71,121.27,122.37,24.98,Cornering,"Hoosier 43075 16x7.5-10 R20, 7 inch rim",1297
78.76,279.18,-7.67,-260.09,-246.15,0.013,9.25,31.15,0.03,0.0311,1.0566,11.97,160144.55,7.58,91.45,2.099,-0,-1,118.71,121.29,122.43,25,Cornering,"Hoosier 43075 16x7.5-10 R20, 7 inch rim",1298
78.77,279.19,-7.75,-265.53,-247.64,0.007,7.67,31.57,0.09,0.0313,1.0723,12.03,44376.03,7.58,91.41,2.142,-0,-0.9998,118.75,121.29,122.52,25,Cornering,"Hoosier 43075 16x7.5-10 R20, 7 inch rim",1299
78.79,279.2,-7,-270.19,-249.71,0.003,8.47,31.66,0.09,0.028,1.082,12.13,44385.15,7.58,91.39,2.178,-0,-0.9998,118.79,121.29,122.52,25,Cornering,"Hoosier 43075 16x7.5-10 R20, 7 inch rim",1300
78.77,279.21,-5.74,-274.54,-250.06,0.013,8.97,31.5,0.09,0.023,1.0979,12.17,44363.1,7.57,91.35,2.222,-0,-0.9998,118.77,121.33,122.56,24.99,Cornering,"Hoosier 43075 16x7.5-10 R20, 7 inch rim",1301
78.75,279.22,-4.41,-277.77,-248.31,-0,9.09,30.71,0.09,0.0178,1.1186,12.18,44341.17,7.58,91.32,2.262,-0,-0.9998,118.73,121.33,122.52,24.98,Cornering,"Hoosier 43075 16x7.5-10 R20, 7 inch rim",1302
78.77,279.23,-3.7,-280.38,-245.53,0.006,9.48,29.47,0.09,0.0151,1.142,12.14,44319.27,7.58,91.32,2.301,-0,-0.9998,118.66,121.31,122.56,24.97,Cornering,"Hoosier 43075 16x7.5-10 R20, 7 inch rim",1303
78.78,279.24,-3.47,-282.53,-242.78,0.013,10.22,28.45,0.16,0.0143,1.1638,12.05,25705.14,7.58,91.32,2.337,-0,-0.9997,118.62,121.22,122.56,24.95,Cornering,"Hoosier 43075 16x7.5-10 R20, 7 inch rim",1304
78.75,279.25,-3.52,-284.68,-240.37,0.01,10.86,28.17,0.16,0.0146,1.1844,12,25704.52,7.58,91.32,2.367,-0,-0.9997,118.54,121.2,122.58,24.95,Cornering,"Hoosier 43075 16x7.5-10 R20, 7 inch rim",1305
78.75,279.26,-4.61,-287.62,-239.74,0.01,11.48,28.32,0.09,0.0192,1.1997,12.04,44294.76,7.58,91.35,2.413,-0,-0.9998,118.49,121.2,122.64,24.96,Cornering,"Hoosier 43075 16x7.5-10 R20, 7 inch rim",1306
78.77,279.27,-5.91,-291.35,-240.35,0.013,11.82,29.38,0.03,0.0246,1.2122,12.09,159916.08,7.57,91.36,2.447,-0,-1,118.56,121.25,122.68,24.97,Cornering,"Hoosier 43075 16x7.5-10 R20, 7 inch rim",1307
78.76,279.28,-7.21,-296,-240.96,-0.003,10.95,30.36,0.09,0.0299,1.2284,12.18,44312.67,7.58,91.39,2.486,-0,-0.9998,118.56,121.18,122.7,24.97,Cornering,"Hoosier 43075 16x7.5-10 R20, 7 inch rim",1308
78.74,279.29,-8.16,-300.85,-242.91,0.01,10.61,31.33,0.03,0.0336,1.2385,12.19,159980.78,7.58,91.43,2.519,-0,-1,118.54,121.18,122.7,24.98,Cornering,"Hoosier 43075 16x7.5-10 R20, 7 inch rim",1309
78.75,279.3,-8.28,-305.51,-244.62,0.006,10.36,32.17,0.16,0.0339,1.2489,12.17,25730.71,7.58,91.45,2.54,-0,-0.9997,118.54,121.18,122.7,24.98,Cornering,"Hoosier 43075 16x7.5-10 R20, 7 inch rim",1310
78.77,279.31,-6.88,-309.88,-245.73,0.013,9.98,33.59,0.09,0.028,1.261,12.08,44339.54,7.57,91.47,2.592,-0,-0.9998,118.54,121.16,122.78,24.98,Cornering,"Hoosier 43075 16x7.5-10 R20, 7 inch rim",1311
78.74,279.32,-4.89,-313.11,-246.22,-0.006,11.12,34.38,0.03,0.0199,1.2717,12,160078.55,7.58,91.51,2.618,-0,-1,118.58,121.2,122.78,25,Cornering,"Hoosier 43075 16x7.5-10 R20, 7 inch rim",1312
78.74,279.33,-2.27,-316.21,-244.64,0.01,11.17,35.26,0.16,0.0093,1.2926,11.95,25757.7,7.58,91.55,2.668,-0,-0.9997,118.56,121.18,122.74,25.01,Cornering,"Hoosier 43075 16x7.5-10 R20, 7 inch rim",1313
78.76,279.34,-0.45,-318.68,-241.82,0.022,11.26,35.21,0.16,0.0019,1.3179,11.97,25774.72,7.57,91.55,2.706,-0,-0.9997,118.51,121.22,122.7,25.03,Cornering,"Hoosier 43075 16x7.5-10 R20, 7 inch rim",1314
78.75,279.35,0.43,-320.49,-238.51,-0.005,11.44,34.48,0.09,-0.0018,1.3437,12.02,44385.21,7.58,91.58,2.738,-0,-0.9998,118.47,121.25,122.64,25.01,Cornering,"Hoosier 43075 16x7.5-10 R20, 7 inch rim",1315
78.72,279.36,0.45,-322.01,-236.48,-0.003,12.87,34.01,0.03,-0.0019,1.3617,12.11,160202.88,7.58,91.61,2.785,-0,-1,118.45,121.2,122.68,25.02,Cornering,"Hoosier 43075 16x7.5-10 R20, 7 inch rim",1316
78.74,279.37,-0.53,-324.04,-234.91,0.012,12.84,34.13,0.09,0.0023,1.3794,12.12,44381.33,7.58,91.65,2.832,-0,-0.9998,118.45,121.2,122.68,25.01,Cornering,"Hoosier 43075 16x7.5-10 R20, 7 inch rim",1317
78.76,279.38,-1.74,-326.67,-234.95,0.006,13.25,34.85,0.09,0.0074,1.3904,12.08,44389.56,7.58,91.68,2.881,-0,-0.9998,118.49,121.25,122.7,25.02,Cornering,"Hoosier 43075 16x7.5-10 R20, 7 inch rim",1318
78.74,279.39,-3.05,-330.24,-236.01,-0.005,13.19,35.84,0.03,0.0129,1.3993,12,160185.34,7.58,91.69,2.901,-0,-1,118.56,121.31,122.8,25.02,Cornering,"Hoosier 43075 16x7.5-10 R20, 7 inch rim",1319
78.72,279.4,-4.53,-334.91,-237.75,-0.002,12.93,36.24,0.03,0.019,1.4087,11.93,160213.78,7.58,91.69,2.957,-0,-1,118.66,121.29,122.8,25.03,Cornering,"Hoosier 43075 16x7.5-10 R20, 7 inch rim",1320
78.75,279.41,-5.36,-339.44,-239.6,0.009,12.59,36.26,0.16,0.0224,1.4167,11.89,25767.6,7.57,91.7,2.998,-0,-0.9997,118.73,121.36,122.8,25.03,Cornering,"Hoosier 43075 16x7.5-10 R20, 7 inch rim",1321
78.75,279.42,-5.52,-343.48,-241.4,0.006,13.48,35.74,0.09,0.0229,1.4228,11.89,44392.62,7.57,91.71,3.047,-0,-0.9998,118.69,121.36,122.88,25.03,Cornering,"Hoosier 43075 16x7.5-10 R20, 7 inch rim",1322
78.71,279.43,-5.16,-347.5,-242.95,-0.002,14.7,34.57,0.09,0.0212,1.4303,11.97,44400.84,7.57,91.74,3.093,-0,-0.9998,118.71,121.33,122.94,25.03,Cornering,"Hoosier 43075 16x7.5-10 R20, 7 inch rim",1323
78.73,279.44,-4.23,-350.74,-242.18,-0.002,15.04,33.24,0.16,0.0175,1.4483,12.06,25788,7.57,91.8,3.132,-0,-0.9997,118.69,121.36,122.9,25.05,Cornering,"Hoosier 43075 16x7.5-10 R20, 7 inch rim",1324
78.75,279.45,-2.91,-352.44,-240.37,0.009,15.75,32.23,0.03,0.0121,1.4662,12.08,160289.09,7.57,91.83,3.179,-0,-1,118.66,121.29,122.98,25.04,Cornering,"Hoosier 43075 16x7.5-10 R20, 7 inch rim",1325
78.73,279.46,-2.33,-354.9,-237.96,0.006,15.47,30.7,-0.04,0.0098,1.4914,12.07,-99590.2,7.57,91.84,3.206,-0,-1.0001,118.64,121.33,122.94,25.03,Cornering,"Hoosier 43075 16x7.5-10 R20, 7 inch rim",1326
78.71,279.47,-2.02,-357.06,-234.62,0.007,13.56,29.97,0.16,0.0086,1.5218,12,25743.09,7.57,91.84,3.248,-0,-0.9997,118.6,121.31,122.94,25.01,Cornering,"Hoosier 43075 16x7.5-10 R20, 7 inch rim",1327
78.74,279.48,-2.4,-359.09,-232.65,0.017,12.84,30.08,0.16,0.0103,1.5435,11.95,25717.92,7.56,91.84,3.295,-0,-0.9997,118.62,121.31,122.9,24.98,Cornering,"Hoosier 43075 16x7.5-10 R20, 7 inch rim",1328
78.74,279.49,-3.65,-361.55,-232.21,0.004,12.73,30.54,0.09,0.0157,1.557,11.89,44275.94,7.57,91.84,3.345,-0,-0.9998,118.64,121.25,122.92,24.97,Cornering,"Hoosier 43075 16x7.5-10 R20, 7 inch rim",1329
78.71,279.5,-5.27,-364.51,-233.01,0.006,12.99,31.31,0.16,0.0226,1.5643,11.93,25697.81,7.57,91.82,3.374,-0,-0.9997,118.71,121.27,122.96,24.97,Cornering,"Hoosier 43075 16x7.5-10 R20, 7 inch rim",1330
78.71,279.51,-6.58,-367.93,-235.22,0.007,14.39,32.36,0.03,0.028,1.5642,12.03,159728.88,7.56,91.82,3.415,-0,-1,118.81,121.27,122.98,24.96,Cornering,"Hoosier 43075 16x7.5-10 R20, 7 inch rim",1331
78.74,279.52,-7.16,-371.82,-237.03,0.004,14.45,33.32,-0.04,0.0302,1.5687,12.1,-99287.25,7.56,91.81,3.448,-0,-1.0001,118.81,121.25,123.02,24.96,Cornering,"Hoosier 43075 16x7.5-10 R20, 7 inch rim",1332
78.72,279.53,-7.06,-375.72,-239.78,0.01,15.85,33.83,0.09,0.0294,1.567,12.13,44227.16,7.56,91.82,3.5,-0,-0.9998,118.84,121.25,123.12,24.94,Cornering,"Hoosier 43075 16x7.5-10 R20, 7 inch rim",1333
78.7,279.54,-6.32,-379.74,-242.24,-0,17.17,33.88,0.03,0.0261,1.5677,12.1,159561.88,7.56,91.83,3.518,-0,-1,118.88,121.27,123.18,24.94,Cornering,"Hoosier 43075 16x7.5-10 R20, 7 inch rim",1334
78.73,279.55,-4.93,-383.8,-242.7,0.012,16.76,33.63,0.09,0.0203,1.5814,12.05,44213.6,7.56,91.81,3.564,-0,-0.9998,118.88,121.31,123.24,24.94,Cornering,"Hoosier 43075 16x7.5-10 R20, 7 inch rim",1335
78.74,279.56,-3.22,-386.74,-241.17,0.01,15.65,33.49,0.09,0.0133,1.6036,11.97,44191.34,7.55,91.76,3.597,-0,-0.9998,118.88,121.33,123.26,24.93,Cornering,"Hoosier 43075 16x7.5-10 R20, 7 inch rim",1336
78.7,279.57,-1.59,-389.2,-238.91,-0.002,14.46,33.29,0.16,0.0067,1.629,11.97,25666.24,7.55,91.72,3.636,-0,-0.9997,118.81,121.4,123.22,24.94,Cornering,"Hoosier 43075 16x7.5-10 R20, 7 inch rim",1337
78.71,279.58,-0.53,-390.27,-235.39,-0.005,12.56,33.52,0.03,0.0023,1.658,12.02,159716.39,7.56,91.67,3.683,-0,-1,118.75,121.38,123.26,24.97,Cornering,"Hoosier 43075 16x7.5-10 R20, 7 inch rim",1338
78.73,279.59,-0.67,-390.89,-234.15,0.01,13.51,33.79,0.03,0.0029,1.6694,12.12,159894.88,7.55,91.6,3.719,-0,-1,118.77,121.36,123.26,25,Cornering,"Hoosier 43075 16x7.5-10 R20, 7 inch rim",1339
78.72,279.6,-0.85,-391.65,-232.43,-0,13.07,35.2,-0.04,0.0037,1.685,12.17,-99481.1,7.55,91.57,3.762,-0,-1.0001,118.79,121.38,123.24,25.02,Cornering,"Hoosier 43075 16x7.5-10 R20, 7 inch rim",1340
78.7,279.61,-2.45,-393.21,-233.09,0.009,14.68,35.89,0.09,0.0105,1.6869,12.18,44345.12,7.55,91.56,3.796,-0,-0.9998,118.84,121.4,123.24,25.02,Cornering,"Hoosier 43075 16x7.5-10 R20, 7 inch rim",1341
78.71,279.62,-3.15,-395.54,-235.19,0.007,16.61,37.78,0.03,0.0134,1.6818,12.13,159983.31,7.55,91.55,3.835,-0,-1,118.94,121.42,123.28,25.01,Cornering,"Hoosier 43075 16x7.5-10 R20, 7 inch rim",1342
78.73,279.63,-3.92,-399.28,-237.49,0.009,17.31,38.72,0.09,0.0165,1.6812,12.06,44309.47,7.55,91.52,3.883,-0,-0.9998,119.03,121.44,123.28,25,Cornering,"Hoosier 43075 16x7.5-10 R20, 7 inch rim",1343
78.7,279.64,-3.73,-404.1,-241,0.004,18.45,39.53,0.09,0.0155,1.6767,11.98,44328.89,7.55,91.48,3.903,-0,-0.9998,119.09,121.47,123.38,25.01,Cornering,"Hoosier 43075 16x7.5-10 R20, 7 inch rim",1344
78.7,279.65,-3.2,-408.92,-242.64,-0.002,17.64,39.34,0.16,0.0132,1.6853,11.97,25733.58,7.55,91.47,3.956,-0,-0.9997,119.16,121.49,123.4,25.02,Cornering,"Hoosier 43075 16x7.5-10 R20, 7 inch rim",1345
78.73,279.66,-2.25,-413.59,-244.11,0.007,17.31,38.57,0.09,0.0092,1.6943,12.04,44354.34,7.54,91.48,3.998,-0,-0.9998,119.18,121.49,123.42,25.03,Cornering,"Hoosier 43075 16x7.5-10 R20, 7 inch rim",1346
78.72,279.67,-0.92,-416.99,-243.95,0.001,17.3,37.5,0.09,0.0038,1.7093,12.11,44352.52,7.54,91.52,4.029,-0,-0.9998,119.22,121.47,123.42,25.03,Cornering,"Hoosier 43075 16x7.5-10 R20, 7 inch rim",1347
78.69,279.68,-0.08,-419.47,-241.22,0.004,15.16,35.83,0.16,0.0004,1.739,12.14,25729.36,7.54,91.55,4.082,-0,-0.9997,119.2,121.47,123.4,25.02,Cornering,"Hoosier 43075 16x7.5-10 R20, 7 inch rim",1348
78.71,279.69,0.44,-420.07,-237.49,0.001,13.97,34.37,0.09,-0.0019,1.7688,12.15,44327.04,7.54,91.55,4.114,-0,-0.9998,119.16,121.49,123.36,25.02,Cornering,"Hoosier 43075 16x7.5-10 R20, 7 inch rim",1349
78.73,279.7,-0.31,-419.75,-235.02,0.014,14.43,33.14,0.03,0.0013,1.786,12.11,159769.22,7.54,91.57,4.153,-0,-1,119.09,121.42,123.32,24.99,Cornering,"Hoosier 43075 16x7.5-10 R20, 7 inch rim",1350
78.7,279.71,-1.46,-419.88,-233.81,0.004,15.75,32.98,0.16,0.0063,1.7958,12.06,25683.24,7.54,91.59,4.21,-0,-0.9997,119.22,121.4,123.34,24.98,Cornering,"Hoosier 43075 16x7.5-10 R20, 7 inch rim",1351
78.68,279.72,-3.25,-420.64,-233.13,0.006,16.93,33.28,0.03,0.0139,1.8043,11.99,159527.98,7.54,91.57,4.24,-0,-1,119.31,121.36,123.34,24.96,Cornering,"Hoosier 43075 16x7.5-10 R20, 7 inch rim",1352
78.72,279.73,-4.54,-422.81,-234.94,-0.002,19.21,34.49,0.03,0.0193,1.7996,12.01,159482.75,7.54,91.53,4.277,-0,-1,119.39,121.38,123.4,24.95,Cornering,"Hoosier 43075 16x7.5-10 R20, 7 inch rim",1353
78.72,279.74,-5.5,-427.02,-237.51,0.004,20.15,35.74,0.09,0.0232,1.7979,12.07,44160.85,7.54,91.52,4.316,-0,-0.9998,119.5,121.4,123.4,24.93,Cornering,"Hoosier 43075 16x7.5-10 R20, 7 inch rim",1354
78.68,279.75,-6.15,-432.15,-240.52,0.003,20.73,36.08,0.16,0.0256,1.7967,12.15,25636.14,7.54,91.51,4.362,-0,-0.9997,119.59,121.42,123.42,24.94,Cornering,"Hoosier 43075 16x7.5-10 R20, 7 inch rim",1355
78.7,279.76,-5.38,-437.61,-242.82,0.004,19.99,36.71,0.03,0.0222,1.8022,12.19,159381.17,7.53,91.48,4.4,-0,-1,119.59,121.53,123.44,24.94,Cornering,"Hoosier 43075 16x7.5-10 R20, 7 inch rim",1356
78.72,279.77,-4.33,-442.9,-244.16,0.009,18.71,36.27,0.09,0.0177,1.814,12.17,44162.89,7.53,91.44,4.447,-0,-0.9998,119.63,121.64,123.46,24.94,Cornering,"Hoosier 43075 16x7.5-10 R20, 7 inch rim",1357
78.7,279.78,-2.89,-446.62,-244.06,-0.003,17.87,35.71,0.09,0.0118,1.83,12.13,44161.25,7.53,91.39,4.473,-0,-0.9998,119.61,121.73,123.36,24.94,Cornering,"Hoosier 43075 16x7.5-10 R20, 7 inch rim",1358
78.68,279.79,-0.64,-448.48,-241.8,0.009,16.31,35.52,0.09,0.0026,1.8548,12.03,44147.69,7.53,91.38,4.525,-0,-0.9998,119.63,121.8,123.36,24.93,Cornering,"Hoosier 43075 16x7.5-10 R20, 7 inch rim",1359
78.71,279.8,-0.05,-449.24,-238.81,0.004,15.03,34.17,0.09,0.0002,1.8811,12.02,44124.75,7.53,91.34,4.562,-0,-0.9998,119.61,121.8,123.3,24.92,Cornering,"Hoosier 43075 16x7.5-10 R20, 7 inch rim",1360
78.71,279.81,0.4,-447.65,-235.76,-0.003,16.03,33.71,0.09,-0.0017,1.8988,12.05,44121.86,7.53,91.31,4.606,-0,-0.9998,119.56,121.82,123.26,24.92,Cornering,"Hoosier 43075 16x7.5-10 R20, 7 inch rim",1361
78.7,279.82,-0.7,-446.56,-233.87,0.01,17.26,33.45,0.16,0.003,1.9094,12.11,25637.39,7.53,91.31,4.648,-0,-0.9997,119.61,121.78,123.26,24.95,Cornering,"Hoosier 43075 16x7.5-10 R20, 7 inch rim",1362
78.7,279.83,-2.16,-446.07,-233.34,0.003,19.55,34.19,0.09,0.0093,1.9117,12.19,44178.23,7.53,91.28,4.685,-0,-0.9998,119.67,121.8,123.26,24.96,Cornering,"Hoosier 43075 16x7.5-10 R20, 7 inch rim",1363
78.72,279.84,-3.58,-448.08,-233.78,-0,20.43,35.5,0.09,0.0153,1.9167,12.23,44215.92,7.53,91.25,4.735,-0,-0.9998,119.74,121.82,123.32,24.98,Cornering,"Hoosier 43075 16x7.5-10 R20, 7 inch rim",1364
78.7,279.85,-5.08,-451.51,-236.53,0.006,22.2,36.52,0.09,0.0215,1.9089,12.2,44224.05,7.52,91.24,4.767,-0,-0.9998,119.82,121.91,123.4,24.98,Cornering,"Hoosier 43075 16x7.5-10 R20, 7 inch rim",1365
78.68,279.86,-5.49,-456.8,-239.27,-0.003,21.77,37.29,0.23,0.0229,1.9092,12.14,18076.29,7.53,91.26,4.813,-0,-0.9996,119.93,121.93,123.46,24.98,Cornering,"Hoosier 43075 16x7.5-10 R20, 7 inch rim",1366
78.71,279.87,-5.76,-462.89,-242.79,0.003,21.22,36.9,0.09,0.0237,1.9066,12.08,44208.22,7.52,91.27,4.848,-0,-0.9998,120.04,121.95,123.57,24.98,Cornering,"Hoosier 43075 16x7.5-10 R20, 7 inch rim",1367
78.72,279.88,-4.63,-468.19,-245.01,0.006,20.33,36.77,0.09,0.0189,1.9109,12.03,44215.11,7.52,91.27,4.897,-0,-0.9998,120.04,122,123.57,24.98,Cornering,"Hoosier 43075 16x7.5-10 R20, 7 inch rim",1368
78.68,279.89,-2.99,-472.69,-244.93,-0,18.03,35.97,0.09,0.0122,1.9299,12.08,44254.14,7.52,91.27,4.926,-0,-0.9998,119.99,122.11,123.55,25.01,Cornering,"Hoosier 43075 16x7.5-10 R20, 7 inch rim",1369
78.69,279.9,-1.39,-474.4,-244.07,0.007,18.06,34.99,0.09,0.0057,1.9437,12.13,44291.64,7.52,91.24,4.976,-0,-0.9998,120.02,122.06,123.44,25.03,Cornering,"Hoosier 43075 16x7.5-10 R20, 7 inch rim",1370
78.71,279.91,-0.22,-473.91,-240.71,0.006,17.18,33.65,0.09,0.0009,1.9688,12.21,44289.71,7.52,91.24,5.003,-0,-0.9998,120.02,122.11,123.36,25.03,Cornering,"Hoosier 43075 16x7.5-10 R20, 7 inch rim",1371
78.71,279.92,0.18,-471.7,-236.55,-0,16.93,32.44,0.16,-0.0008,1.9941,12.2,25704.84,7.52,91.2,5.046,-0,-0.9997,119.97,122.11,123.28,25.03,Cornering,"Hoosier 43075 16x7.5-10 R20, 7 inch rim",1372
78.68,279.93,-0.55,-469.05,-233.96,0.012,18.42,31.92,0.09,0.0023,2.0048,12.19,44242.23,7.52,91.21,5.093,-0,-0.9998,119.99,122.11,123.3,25.01,Cornering,"Hoosier 43075 16x7.5-10 R20, 7 inch rim",1373
78.7,279.94,-1.88,-468.08,-233.43,0.004,21.22,32.26,0.09,0.0081,2.0053,12.14,44208.77,7.52,91.26,5.13,-0,-0.9998,120.06,122.11,123.22,24.99,Cornering,"Hoosier 43075 16x7.5-10 R20, 7 inch rim",1374
78.72,279.95,-3.16,-469.17,-234.02,0.003,22.41,33.7,0.09,0.0135,2.0048,12.05,44154.68,7.52,91.32,5.169,-0,-0.9998,120.1,122.15,123.3,24.96,Cornering,"Hoosier 43075 16x7.5-10 R20, 7 inch rim",1375
78.69,279.96,-4.01,-472.77,-236.12,0.013,22.86,35.5,0.03,0.017,2.0023,12.03,159256.2,7.51,91.39,5.209,-0,-1,120.23,122.22,123.26,24.95,Cornering,"Hoosier 43075 16x7.5-10 R20, 7 inch rim",1376
78.68,279.97,-5.16,-478.37,-239.17,0.009,22.52,35.83,0.16,0.0216,2.0001,12.08,25607.09,7.51,91.44,5.246,-0,-0.9997,120.34,122.26,123.32,24.94,Cornering,"Hoosier 43075 16x7.5-10 R20, 7 inch rim",1377
78.71,279.98,-4.92,-484.75,-242.87,-0,22.08,36.53,0.16,0.0203,1.996,12.14,25611.74,7.51,91.47,5.277,-0,-0.9997,120.49,122.33,123.36,24.95,Cornering,"Hoosier 43075 16x7.5-10 R20, 7 inch rim",1378
78.71,279.99,-3.99,-490.54,-245.41,0.016,20.63,36.74,0.16,0.0162,1.9989,12.19,25609.69,7.51,91.49,5.324,-0,-0.9997,120.53,122.44,123.42,24.95,Cornering,"Hoosier 43075 16x7.5-10 R20, 7 inch rim",1379
78.67,280,-2.63,-494.25,-246.61,-0.006,20.45,36.12,0.09,0.0107,2.0042,12.19,44099.2,7.51,91.51,5.364,-0,-0.9998,120.53,122.5,123.38,24.94,Cornering,"Hoosier 43075 16x7.5-10 R20, 7 inch rim",1380
78.7,280.01,-1.02,-495.65,-245.33,0.009,19.6,35.38,0.09,0.0041,2.0203,12.15,44095.5,7.5,91.52,5.413,-0,-0.9998,120.53,122.55,123.32,24.94,Cornering,"Hoosier 43075 16x7.5-10 R20, 7 inch rim",1381
78.72,280.02,-0.22,-494.85,-242.17,0.006,18.85,33.64,0.16,0.0009,2.0434,12.08,25592.43,7.51,91.54,5.445,-0,-0.9997,120.57,122.59,123.2,24.94,Cornering,"Hoosier 43075 16x7.5-10 R20, 7 inch rim",1382
78.69,280.03,0.42,-492.18,-238.13,0.004,18.7,32.6,0.09,-0.0018,2.0669,12.01,44100.68,7.51,91.53,5.478,-0,-0.9998,120.55,122.59,123.2,24.94,Cornering,"Hoosier 43075 16x7.5-10 R20, 7 inch rim",1383
78.68,280.04,0.2,-489.38,-234.79,0.014,19.43,32.07,0.09,-0.0008,2.0843,11.99,44117.29,7.5,91.51,5.529,-0,-0.9998,120.57,122.61,123.14,24.96,Cornering,"Hoosier 43075 16x7.5-10 R20, 7 inch rim",1384
78.72,280.05,-0.89,-487.16,-233.89,-0.002,22.11,32.19,0.09,0.0038,2.0828,12.03,44124.52,7.5,91.47,5.567,-0,-0.9998,120.53,122.63,123.1,24.96,Cornering,"Hoosier 43075 16x7.5-10 R20, 7 inch rim",1385
78.71,280.06,-2.91,-487.78,-234.81,0.01,24.51,32.59,0.09,0.0124,2.0774,12.1,44121.36,7.5,91.42,5.607,-0,-0.9998,120.66,122.66,123.12,24.96,Cornering,"Hoosier 43075 16x7.5-10 R20, 7 inch rim",1386
78.68,280.07,-3.88,-491.05,-236.53,0.007,24.64,34.1,0.09,0.0164,2.0761,12.16,44148.34,7.5,91.36,5.655,-0,-0.9998,120.75,122.77,123.14,24.98,Cornering,"Hoosier 43075 16x7.5-10 R20, 7 inch rim",1387
78.7,280.08,-4.89,-496.83,-239.57,0.013,23.86,34.92,0.16,0.0204,2.0738,12.17,25622.77,7.5,91.32,5.693,-0,-0.9997,120.83,122.85,123.18,24.98,Cornering,"Hoosier 43075 16x7.5-10 R20, 7 inch rim",1388
78.71,280.09,-4.86,-503.39,-242.76,0.017,22.59,35.42,0.16,0.02,2.0736,12.11,25627.11,7.5,91.31,5.728,-0,-0.9997,120.96,122.99,123.18,24.98,Cornering,"Hoosier 43075 16x7.5-10 R20, 7 inch rim",1389
78.7,280.1,-4.63,-509.61,-245.18,0.007,21.05,34.95,0.09,0.0189,2.0785,12.05,44118.06,7.5,91.31,5.776,-0,-0.9998,121,123.07,123.2,24.97,Cornering,"Hoosier 43075 16x7.5-10 R20, 7 inch rim",1390
78.68,280.11,-3.25,-513.97,-247.05,0.013,21.01,34.68,0.09,0.0132,2.0804,11.97,44084.77,7.49,91.3,5.808,-0,-0.9998,121.02,123.16,123.16,24.95,Cornering,"Hoosier 43075 16x7.5-10 R20, 7 inch rim",1391
78.71,280.12,-1.96,-515.66,-246.18,0.007,20.55,33.36,0.03,0.008,2.0947,11.97,159040.12,7.49,91.31,5.846,-0,-1,121.05,123.18,123.08,24.94,Cornering,"Hoosier 43075 16x7.5-10 R20, 7 inch rim",1392
78.71,280.13,-0.64,-514.56,-243.27,0.007,20.11,32.16,0.16,0.0026,2.1152,12.03,25577.62,7.49,91.33,5.894,-0,-0.9997,121.13,123.27,122.92,24.94,Cornering,"Hoosier 43075 16x7.5-10 R20, 7 inch rim",1393
78.68,280.14,0.37,-511.58,-239.09,0.006,20,31.19,0.09,-0.0015,2.1397,12.1,44074.97,7.49,91.36,5.927,-0,-0.9998,121.11,123.27,122.9,24.95,Cornering,"Hoosier 43075 16x7.5-10 R20, 7 inch rim",1394
78.69,280.15,0.2,-508.13,-235.43,0.009,20.74,30.42,0.3,-0.0009,2.1584,12.17,13914.88,7.49,91.36,5.971,-0,-0.9995,121.13,123.29,122.84,24.96,Cornering,"Hoosier 43075 16x7.5-10 R20, 7 inch rim",1395
78.71,280.16,-1.22,-505.78,-233.36,0.007,22.47,29.81,0.16,0.0052,2.1673,12.18,25595.97,7.49,91.36,6.005,-0,-0.9997,121.15,123.34,122.82,24.97,Cornering,"Hoosier 43075 16x7.5-10 R20, 7 inch rim",1396
78.7,280.17,-2.46,-505.62,-233.8,0.013,25.05,30.86,0.03,0.0105,2.1626,12.14,159128.38,7.49,91.37,6.044,-0,-1,121.28,123.38,122.78,24.97,Cornering,"Hoosier 43075 16x7.5-10 R20, 7 inch rim",1397
78.67,280.18,-4.41,-508.26,-235.99,0.013,26.29,31.65,0.23,0.0187,2.1537,12.06,18011.23,7.49,91.36,6.083,-0,-0.9996,121.41,123.49,122.82,24.94,Cornering,"Hoosier 43075 16x7.5-10 R20, 7 inch rim",1398
78.71,280.19,-5.58,-513.4,-238.07,0.001,25.3,32.57,0.03,0.0234,2.1565,12.01,158880.7,7.49,91.36,6.128,-0,-1,121.5,123.54,122.82,24.93,Cornering,"Hoosier 43075 16x7.5-10 R20, 7 inch rim",1399
78.71,280.2,-6.15,-520.11,-241.77,0.01,24.38,33.07,0.16,0.0254,2.1513,11.97,25558.39,7.49,91.37,6.164,-0,-0.9997,121.62,123.71,122.84,24.94,Cornering,"Hoosier 43075 16x7.5-10 R20, 7 inch rim",1400
78.68,280.21,-5.31,-526.35,-245.09,0.004,23.29,33.49,0.16,0.0217,2.1476,12.03,25550.22,7.49,91.38,6.209,-0,-0.9997,121.65,123.84,122.86,24.93,Cornering,"Hoosier 43075 16x7.5-10 R20, 7 inch rim",1401
78.68,280.22,-4.05,-530.86,-246.62,0.003,22.6,33.26,0.16,0.0164,2.1525,12.11,25578.54,7.48,91.4,6.236,-0,-0.9997,121.73,124.04,122.9,24.96,Cornering,"Hoosier 43075 16x7.5-10 R20, 7 inch rim",1402
78.71,280.23,-2.37,-533.19,-246.73,0.003,21.8,32.57,0.16,0.0096,2.1611,12.14,25588.08,7.48,91.49,6.282,-0,-0.9997,121.73,124.15,122.82,24.97,Cornering,"Hoosier 43075 16x7.5-10 R20, 7 inch rim",1403
78.71,280.24,-1.08,-531.77,-243.89,0.004,21.4,31.16,0.23,0.0044,2.1804,12.14,18019.42,7.48,91.53,6.323,-0,-0.9996,121.77,124.17,122.74,24.97,Cornering,"Hoosier 43075 16x7.5-10 R20, 7 inch rim",1404
78.67,280.25,0.41,-529.11,-240.16,0.01,21.05,30.31,0.16,-0.0017,2.2031,12.11,25565.99,7.48,91.58,6.365,-0,-0.9997,121.84,124.35,122.74,24.96,Cornering,"Hoosier 43075 16x7.5-10 R20, 7 inch rim",1405
78.7,280.26,0.46,-525.34,-236.49,-0.003,22.33,29.41,-0.04,-0.002,2.2214,12.05,-98755.46,7.48,91.61,6.403,-0,-1.0001,121.84,124.33,122.72,24.94,Cornering,"Hoosier 43075 16x7.5-10 R20, 7 inch rim",1406
78.71,280.27,-0.46,-522.84,-233.83,0.006,23.08,29.15,0.09,0.002,2.236,11.97,44040.63,7.48,91.61,6.441,-0,-0.9998,121.88,124.39,122.64,24.96,Cornering,"Hoosier 43075 16x7.5-10 R20, 7 inch rim",1407
78.69,280.28,-1.98,-522.85,-233.9,0.02,24.85,29.55,0.09,0.0085,2.2354,11.93,44077.14,7.48,91.62,6.489,-0,-0.9998,121.97,124.46,122.6,24.98,Cornering,"Hoosier 43075 16x7.5-10 R20, 7 inch rim",1408
78.68,280.29,-3.67,-525.17,-235.06,0.012,26.36,30.46,0.23,0.0156,2.2342,11.96,18020.41,7.48,91.63,6.524,-0,-0.9996,122.01,124.59,122.58,24.98,Cornering,"Hoosier 43075 16x7.5-10 R20, 7 inch rim",1409
78.71,280.3,-4.63,-530.62,-237.97,0.006,25.92,31.66,0.16,0.0194,2.2298,12.02,25584.84,7.48,91.62,6.571,-0,-0.9997,122.14,124.68,122.6,24.98,Cornering,"Hoosier 43075 16x7.5-10 R20, 7 inch rim",1410
78.7,280.31,-5.24,-536.84,-241.55,-0.009,25.76,32.16,0.03,0.0217,2.2224,12.06,159025.45,7.48,91.61,6.597,-0,-1,122.2,124.83,122.64,24.98,Cornering,"Hoosier 43075 16x7.5-10 R20, 7 inch rim",1411
78.67,280.32,-5.2,-543.57,-244.46,0.013,23.82,32.12,0.09,0.0213,2.2236,12.05,44072.48,7.47,91.61,6.651,-0,-0.9998,122.35,124.94,122.66,24.98,Cornering,"Hoosier 43075 16x7.5-10 R20, 7 inch rim",1412
78.69,280.33,-4.2,-548.07,-246.92,-0.002,23.62,31.67,0.09,0.017,2.2196,12.01,44059.45,7.47,91.61,6.681,-0,-0.9998,122.4,125.08,122.66,24.98,Cornering,"Hoosier 43075 16x7.5-10 R20, 7 inch rim",1413
78.71,280.34,-3.23,-550.1,-247.34,0.009,23,30.46,0.09,0.0131,2.2241,11.95,44035.11,7.47,91.62,6.723,-0,-0.9998,122.5,125.16,122.64,24.97,Cornering,"Hoosier 43075 16x7.5-10 R20, 7 inch rim",1414
78.7,280.35,-1.44,-549.15,-245.5,0.009,22.83,29.67,0.09,0.0059,2.2369,11.91,44000.52,7.47,91.64,6.764,-0,-0.9998,122.5,125.36,122.6,24.95,Cornering,"Hoosier 43075 16x7.5-10 R20, 7 inch rim",1415
78.68,280.36,-0.65,-545.55,-241.2,0.001,21.95,28.09,0.09,0.0027,2.2618,11.91,43995.5,7.47,91.68,6.817,-0,-0.9998,122.59,125.39,122.52,24.95,Cornering,"Hoosier 43075 16x7.5-10 R20, 7 inch rim",1416
78.71,280.37,-0.22,-541.65,-237.22,0.01,22.27,27.35,0.16,0.0009,2.2833,11.95,25533.87,7.47,91.65,6.853,-0,-0.9997,122.61,125.41,122.45,24.95,Cornering,"Hoosier 43075 16x7.5-10 R20, 7 inch rim",1417
78.71,280.38,-1.09,-538.04,-234.57,0.004,24.24,26.81,0.09,0.0046,2.2938,12.03,44039.2,7.47,91.66,6.895,-0,-0.9998,122.65,125.36,122.39,24.98,Cornering,"Hoosier 43075 16x7.5-10 R20, 7 inch rim",1418
78.67,280.39,-2.2,-537.4,-234.16,0.003,26.37,27.44,0.16,0.0094,2.295,12.1,25583.17,7.47,91.68,6.926,-0,-0.9997,122.74,125.52,122.29,25,Cornering,"Hoosier 43075 16x7.5-10 R20, 7 inch rim",1419
78.69,280.4,-3.78,-539.27,-235.05,0.007,27.54,28.32,0.09,0.0161,2.2943,12.11,44103.23,7.47,91.71,6.972,-0,-0.9998,122.95,125.67,122.23,25.02,Cornering,"Hoosier 43075 16x7.5-10 R20, 7 inch rim",1420
78.71,280.41,-5.14,-543.79,-237.32,0.006,27.55,29.24,0.03,0.0217,2.2914,12.08,159033.39,7.47,91.69,7.003,-0,-1,123.13,125.85,122.23,25,Cornering,"Hoosier 43075 16x7.5-10 R20, 7 inch rim",1421
78.7,280.42,-5.56,-550.49,-240.89,0.004,26.7,30.16,0.16,0.0231,2.2852,12.04,25576.51,7.46,91.66,7.043,-0,-0.9997,123.3,126.02,122.27,25,Cornering,"Hoosier 43075 16x7.5-10 R20, 7 inch rim",1422
78.67,280.43,-5.31,-557.82,-244.2,0.006,24.95,30.59,0.16,0.0218,2.2843,11.97,25550.17,7.46,91.61,7.089,-0,-0.9997,123.45,126.22,122.25,24.98,Cornering,"Hoosier 43075 16x7.5-10 R20, 7 inch rim",1423
78.71,280.44,-4.84,-563.45,-246.42,0.014,23.17,30.04,0.09,0.0196,2.2865,11.96,43985.27,7.46,91.6,7.132,-0,-0.9998,123.6,126.35,122.29,24.96,Cornering,"Hoosier 43075 16x7.5-10 R20, 7 inch rim",1424
78.71,280.45,-3.43,-565.61,-248.09,0.007,23.8,29.27,0.09,0.0138,2.2799,12,43960.85,7.46,91.58,7.172,-0,-0.9998,123.62,126.51,122.25,24.95,Cornering,"Hoosier 43075 16x7.5-10 R20, 7 inch rim",1425
78.68,280.46,-1.84,-563.89,-246.35,0.004,23.01,28.09,0.03,0.0075,2.289,12.11,158587.89,7.46,91.53,7.218,-0,-1,123.73,126.68,122.13,24.94,Cornering,"Hoosier 43075 16x7.5-10 R20, 7 inch rim",1426
78.69,280.47,-0.28,-559.21,-242.83,0.004,22.74,26.89,0.16,0.0012,2.3029,12.19,25499.12,7.46,91.51,7.254,-0,-0.9997,123.75,126.77,122.07,24.94,Cornering,"Hoosier 43075 16x7.5-10 R20, 7 inch rim",1427
78.71,280.48,-0.36,-553.75,-239.04,0.004,23.32,25.15,0.09,0.0015,2.3165,12.22,43938.81,7.46,91.48,7.29,-0,-0.9998,123.83,126.77,122.03,24.94,Cornering,"Hoosier 43075 16x7.5-10 R20, 7 inch rim",1428
78.7,280.49,-0.24,-549.38,-235.98,0.009,24.89,25.27,0.03,0.001,2.328,12.2,158512.34,7.46,91.47,7.324,-0,-1,123.86,126.77,122.01,24.94,Cornering,"Hoosier 43075 16x7.5-10 R20, 7 inch rim",1429
78.67,280.5,-1.66,-548.43,-234.55,0.014,26.21,25.34,0.09,0.0071,2.3382,12.13,43921.16,7.45,91.4,7.363,-0,-0.9998,123.98,126.84,121.97,24.94,Cornering,"Hoosier 43075 16x7.5-10 R20, 7 inch rim",1430
78.7,280.51,-3.08,-550.43,-235.1,0.004,27.97,26.61,0.09,0.0131,2.3412,12.07,43895.74,7.46,91.39,7.411,-0,-0.9998,124.13,127.04,121.93,24.93,Cornering,"Hoosier 43075 16x7.5-10 R20, 7 inch rim",1431
78.72,280.52,-4.34,-555.89,-237.52,0.009,28.36,27.92,0.16,0.0183,2.3403,12.03,25464.47,7.45,91.35,7.439,-0,-0.9997,124.33,127.23,121.93,24.92,Cornering,"Hoosier 43075 16x7.5-10 R20, 7 inch rim",1432
78.68,280.53,-5.42,-563.21,-240.58,0.007,27.36,28.71,0.09,0.0225,2.3411,12.06,43857.41,7.45,91.33,7.486,-0,-0.9998,124.5,127.45,121.95,24.91,Cornering,"Hoosier 43075 16x7.5-10 R20, 7 inch rim",1433
78.69,280.54,-5.51,-571.01,-244.01,0.009,25.53,29.29,0.03,0.0226,2.3401,12.13,158360.73,7.45,91.32,7.533,-0,-1,124.63,127.67,122.01,24.93,Cornering,"Hoosier 43075 16x7.5-10 R20, 7 inch rim",1434
78.71,280.55,-5.35,-576.62,-246.76,0.009,24.45,28.75,0.03,0.0217,2.3368,12.21,158457.62,7.45,91.28,7.569,-0,-1,124.74,127.87,122.03,24.94,Cornering,"Hoosier 43075 16x7.5-10 R20, 7 inch rim",1435
78.71,280.56,-4.26,-579.1,-248.64,-0.005,24.45,27.98,-0.04,0.0171,2.3291,12.22,-98492.55,7.45,91.23,7.603,-0,-1.0001,124.78,128.05,122.03,24.94,Cornering,"Hoosier 43075 16x7.5-10 R20, 7 inch rim",1436
78.67,280.57,-2.8,-577.4,-247.24,0.003,23.43,26.61,0.03,0.0113,2.3353,12.19,158607.78,7.45,91.22,7.658,-0,-1,124.84,128.11,122.01,24.97,Cornering,"Hoosier 43075 16x7.5-10 R20, 7 inch rim",1437
78.69,280.58,-1.34,-572.42,-244.89,0.012,23.77,25.43,0.09,0.0055,2.3375,12.12,43948.65,7.45,91.24,7.685,-0,-0.9998,124.82,128.27,121.91,24.97,Cornering,"Hoosier 43075 16x7.5-10 R20, 7 inch rim",1438
78.71,280.59,-0.23,-566.8,-240.66,0.009,23.92,24.33,0.16,0.001,2.3552,12.06,25505.72,7.45,91.22,7.732,-0,-0.9997,124.86,128.33,121.85,24.97,Cornering,"Hoosier 43075 16x7.5-10 R20, 7 inch rim",1439
78.69,280.6,-0.07,-562.09,-238,0.001,26.11,23.98,0.03,0.0003,2.3618,12.01,158569.56,7.45,91.22,7.756,-0,-1,124.95,128.4,121.79,24.97,Cornering,"Hoosier 43075 16x7.5-10 R20, 7 inch rim",1440
78.67,280.61,-1.18,-560.53,-235.75,0.009,27.37,24,0.03,0.005,2.3776,12.01,158552.8,7.45,91.23,7.799,-0,-1,125.04,128.51,121.75,24.97,Cornering,"Hoosier 43075 16x7.5-10 R20, 7 inch rim",1441
78.71,280.62,-2.66,-562.54,-235.64,0.01,28.43,24.9,0.16,0.0113,2.3873,12.06,25504.53,7.44,91.22,7.845,-0,-0.9997,125.19,128.71,121.67,24.98,Cornering,"Hoosier 43075 16x7.5-10 R20, 7 inch rim",1442
78.71,280.63,-4.39,-567.35,-237.44,0.001,28.89,25.73,0.09,0.0185,2.3894,12.16,43958,7.44,91.21,7.881,-0,-0.9998,125.38,128.99,121.65,24.99,Cornering,"Hoosier 43075 16x7.5-10 R20, 7 inch rim",1443
78.67,280.64,-5.07,-574.52,-240.03,0.001,27.66,27.13,0.09,0.0211,2.3936,12.17,43953.76,7.44,91.21,7.92,-0,-0.9998,125.59,129.3,121.65,24.99,Cornering,"Hoosier 43075 16x7.5-10 R20, 7 inch rim",1444
78.69,280.65,-5.23,-581.7,-243.46,0.004,26.31,27.92,0.16,0.0215,2.3893,12.15,25508.87,7.44,91.19,7.963,-0,-0.9997,125.68,129.5,121.69,24.99,Cornering,"Hoosier 43075 16x7.5-10 R20, 7 inch rim",1445
78.71,280.66,-4.73,-587.78,-246.67,0.004,25.3,27.86,0.09,0.0192,2.3829,12.09,43903.64,7.44,91.2,8.004,-0,-0.9998,125.81,129.81,121.75,24.97,Cornering,"Hoosier 43075 16x7.5-10 R20, 7 inch rim",1446
78.69,280.67,-4.05,-590.28,-248.15,0.001,24.24,26.53,0.16,0.0163,2.3787,12.02,25461.82,7.44,91.2,8.05,-0,-0.9997,125.87,130.03,121.77,24.95,Cornering,"Hoosier 43075 16x7.5-10 R20, 7 inch rim",1447
78.68,280.68,-2.59,-588.41,-248.91,0.004,25.63,25.45,0.09,0.0104,2.3639,11.98,43822.39,7.44,91.22,8.093,-0,-0.9998,125.96,130.23,121.71,24.93,Cornering,"Hoosier 43075 16x7.5-10 R20, 7 inch rim",1448
78.71,280.69,-1.37,-583.27,-246.46,0.006,25.37,23.76,0.09,0.0056,2.3666,11.99,43817.88,7.44,91.26,8.133,-0,-0.9998,125.87,130.29,121.67,24.93,Cornering,"Hoosier 43075 16x7.5-10 R20, 7 inch rim",1449
78.71,280.7,0,-577.19,-243.12,0.004,25.54,23.02,0.16,-0,2.3741,12.08,25418.3,7.44,91.29,8.173,-0,-0.9997,125.85,130.4,121.59,24.92,Cornering,"Hoosier 43075 16x7.5-10 R20, 7 inch rim",1450
78.68,280.71,0.03,-571.74,-239.91,0.012,26.46,22.18,0.23,-0.0001,2.3831,12.18,17908.14,7.43,91.29,8.206,-0,-0.9996,125.96,130.47,121.55,24.92,Cornering,"Hoosier 43075 16x7.5-10 R20, 7 inch rim",1451
78.69,280.72,-0.81,-569.23,-236.98,0.012,27.14,22.21,0.09,0.0034,2.402,12.22,43794.2,7.43,91.28,8.252,-0,-0.9998,125.94,130.51,121.48,24.92,Cornering,"Hoosier 43075 16x7.5-10 R20, 7 inch rim",1452
78.71,280.73,-2.6,-570.45,-236.94,0.004,28.94,22.79,0.09,0.011,2.4076,12.25,43820.99,7.44,91.32,8.285,-0,-0.9998,126.02,130.62,121.44,24.94,Cornering,"Hoosier 43075 16x7.5-10 R20, 7 inch rim",1453
78.69,280.74,-4.55,-575.27,-237.91,0.004,29.19,23.72,0.09,0.0191,2.418,12.21,43796.84,7.44,91.34,8.318,-0,-0.9998,126.24,130.84,121.44,24.93,Cornering,"Hoosier 43075 16x7.5-10 R20, 7 inch rim",1454
78.67,280.75,-5.67,-582.12,-240.21,0.004,28.62,24.93,0.16,0.0236,2.4233,12.13,25428.91,7.43,91.38,8.369,-0,-0.9997,126.5,131.04,121.44,24.94,Cornering,"Hoosier 43075 16x7.5-10 R20, 7 inch rim",1455
78.71,280.76,-6.23,-590.07,-242.76,-0.003,26.54,25.39,0.16,0.0257,2.4306,12.06,25444.32,7.43,91.43,8.404,-0,-0.9997,126.73,131.22,121.59,24.96,Cornering,"Hoosier 43075 16x7.5-10 R20, 7 inch rim",1456
78.71,280.77,-5.48,-596,-246.38,0.006,25.94,25.85,0.09,0.0222,2.419,12.04,43873.51,7.43,91.44,8.447,-0,-0.9998,126.9,131.48,121.65,24.98,Cornering,"Hoosier 43075 16x7.5-10 R20, 7 inch rim",1457
78.67,280.78,-5.04,-599.43,-248.49,-0,25.25,24.67,0.09,0.0203,2.4123,12.08,43889.66,7.43,91.45,8.482,-0,-0.9998,127.05,131.7,121.73,24.99,Cornering,"Hoosier 43075 16x7.5-10 R20, 7 inch rim",1458
78.68,280.79,-3.82,-598.34,-249.14,-0.002,25.39,23.11,0.09,0.0153,2.4016,12.13,43914.62,7.43,91.43,8.53,-0,-0.9998,127.16,131.88,121.77,25.01,Cornering,"Hoosier 43075 16x7.5-10 R20, 7 inch rim",1459
78.71,280.8,-2.27,-593.36,-248.35,0.001,26.32,21.91,0.09,0.0091,2.3892,12.18,43900.2,7.43,91.43,8.565,-0,-0.9998,127.33,132.05,121.75,25,Cornering,"Hoosier 43075 16x7.5-10 R20, 7 inch rim",1460
78.7,280.81,-0.87,-586.35,-245.42,0.009,26.8,20.79,0.03,0.0035,2.3892,12.17,158369.73,7.43,91.45,8.603,-0,-1,127.4,132.23,121.69,25,Cornering,"Hoosier 43075 16x7.5-10 R20, 7 inch rim",1461
78.67,280.82,-0.01,-580.28,-241.87,0.01,27.09,20.38,0.09,0,2.3991,12.14,43880.28,7.43,91.48,8.647,-0,-0.9998,127.57,132.34,121.63,25,Cornering,"Hoosier 43075 16x7.5-10 R20, 7 inch rim",1462
78.7,280.83,-0.72,-576.84,-239.79,0.016,28.65,20.03,0.16,0.003,2.4056,12.06,25472.29,7.42,91.49,8.684,-0,-0.9997,127.65,132.38,121.61,25,Cornering,"Hoosier 43075 16x7.5-10 R20, 7 inch rim",1463
78.71,280.84,-2.17,-577.61,-238.36,0.012,28.62,20.48,0.09,0.0091,2.4232,12,43871.32,7.43,91.5,8.722,-0,-0.9998,127.91,132.63,121.55,25,Cornering,"Hoosier 43075 16x7.5-10 R20, 7 inch rim",1464
78.68,280.85,-3.56,-581.95,-238.4,0.001,28.74,21.79,0.09,0.0149,2.4411,11.97,43865.94,7.43,91.49,8.766,-0,-0.9998,128.13,133.02,121.52,25,Cornering,"Hoosier 43075 16x7.5-10 R20, 7 inch rim",1465
78.68,280.86,-4.93,-588.33,-240.97,0.01,29.48,22.89,0.23,0.0205,2.4415,12.01,17928.96,7.42,91.49,8.81,-0,-0.9996,128.51,133.31,121.52,24.99,Cornering,"Hoosier 43075 16x7.5-10 R20, 7 inch rim",1466
78.71,280.87,-5.35,-595.19,-243.12,0.004,27.64,23.79,0.16,0.022,2.4481,12.06,25449.07,7.42,91.53,8.846,-0,-0.9997,128.79,133.53,121.63,24.99,Cornering,"Hoosier 43075 16x7.5-10 R20, 7 inch rim",1467
78.7,280.88,-5.45,-600.96,-245.93,0.004,26.15,23.71,0.16,0.0222,2.4437,12.12,25446.62,7.42,91.55,8.88,-0,-0.9997,129.03,133.73,121.71,24.99,Cornering,"Hoosier 43075 16x7.5-10 R20, 7 inch rim",1468
78.67,280.89,-4.56,-604.09,-248.7,0.007,25.85,23.3,0.23,0.0184,2.429,12.14,17931.24,7.42,91.57,8.931,-0,-0.9996,129.13,133.99,121.77,25,Cornering,"Hoosier 43075 16x7.5-10 R20, 7 inch rim",1469
78.69,280.9,-3.51,-602.85,-250.59,0.007,26.61,21.91,0.09,0.014,2.4057,12.09,43830.79,7.42,91.59,8.969,-0,-0.9998,129.33,134.26,121.85,24.99,Cornering,"Hoosier 43075 16x7.5-10 R20, 7 inch rim",1470
78.71,280.91,-2.18,-598.34,-249.41,0.006,26.12,20.43,0.16,0.0087,2.399,12,25419.45,7.42,91.57,9.012,-0,-0.9997,129.52,134.41,121.79,24.97,Cornering,"Hoosier 43075 16x7.5-10 R20, 7 inch rim",1471
78.68,280.92,-1.08,-591.8,-248.28,0.01,27.46,19.03,0.16,0.0043,2.3836,11.93,25404.85,7.42,91.55,9.051,-0,-0.9997,129.67,134.63,121.75,24.96,Cornering,"Hoosier 43075 16x7.5-10 R20, 7 inch rim",1472
78.68,280.93,-0.1,-585.26,-244.38,0.01,27.1,18.53,0.16,0.0004,2.3949,11.89,25379.17,7.42,91.54,9.08,-0,-0.9997,129.88,134.76,121.71,24.94,Cornering,"Hoosier 43075 16x7.5-10 R20, 7 inch rim",1473
78.71,280.94,-0.31,-581.66,-241.95,0.007,28.27,18.45,0.16,0.0013,2.4041,11.92,25364.14,7.42,91.57,9.124,-0,-0.9997,129.99,134.87,121.71,24.93,Cornering,"Hoosier 43075 16x7.5-10 R20, 7 inch rim",1474
78.71,280.95,-1.61,-581.49,-240.05,0.007,28.88,18.73,0.16,0.0067,2.4223,11.98,25378.37,7.42,91.6,9.171,-0,-0.9997,130.23,135.03,121.67,24.94,Cornering,"Hoosier 43075 16x7.5-10 R20, 7 inch rim",1475
78.67,280.96,-3.56,-584.9,-239.76,0.007,29.2,19.33,0.16,0.0149,2.4395,12.06,25375.73,7.42,91.63,9.207,-0,-0.9997,130.53,135.4,121.61,24.94,Cornering,"Hoosier 43075 16x7.5-10 R20, 7 inch rim",1476
78.69,280.97,-5.34,-590.97,-240.85,0.01,28.82,20.11,0.16,0.0222,2.4537,12.09,25384.35,7.42,91.63,9.25,-0,-0.9997,130.89,135.69,121.55,24.96,Cornering,"Hoosier 43075 16x7.5-10 R20, 7 inch rim",1477
78.72,280.98,-5.73,-597.36,-243.08,0.013,28.3,21.27,0.09,0.0236,2.4575,12.06,43739.5,7.41,91.63,9.29,-0,-0.9998,131.17,135.88,121.46,24.96,Cornering,"Hoosier 43075 16x7.5-10 R20, 7 inch rim",1478
78.7,280.99,-5.71,-603.75,-245.83,0.004,26.76,21.71,0.09,0.0232,2.4559,12.01,43714.77,7.42,91.61,9.324,-0,-0.9998,131.39,136.04,121.4,24.95,Cornering,"Hoosier 43075 16x7.5-10 R20, 7 inch rim",1479
78.67,281,-5,-607.65,-248.33,0.007,26.02,21.27,0.09,0.0201,2.4469,11.95,43709.42,7.41,91.64,9.366,-0,-0.9998,131.6,136.3,121.26,24.95,Cornering,"Hoosier 43075 16x7.5-10 R20, 7 inch rim",1480
78.71,281.01,-3.94,-607.51,-250.19,0.014,26.24,20.25,0.03,0.0158,2.4282,11.88,157603.31,7.41,91.68,9.41,-0,-1,131.75,136.54,121.1,24.93,Cornering,"Hoosier 43075 16x7.5-10 R20, 7 inch rim",1481
78.71,281.02,-2.64,-603,-250.82,0.013,27.22,18.87,0.03,0.0105,2.4042,11.86,157661.81,7.41,91.69,9.442,-0,-1,131.94,136.76,120.9,24.94,Cornering,"Hoosier 43075 16x7.5-10 R20, 7 inch rim",1482
78.67,281.03,-1.2,-596.45,-248.89,0.001,27.07,17.55,0.09,0.0048,2.3965,11.92,43703.93,7.41,91.66,9.486,-0,-0.9998,132.05,136.99,120.64,24.96,Cornering,"Hoosier 43075 16x7.5-10 R20, 7 inch rim",1483
78.69,281.04,-0.19,-589.45,-246.59,0.003,27.92,16.95,0.16,0.0008,2.3904,12.02,25369.56,7.41,91.67,9.525,-0,-0.9997,132.25,137.18,120.39,24.96,Cornering,"Hoosier 43075 16x7.5-10 R20, 7 inch rim",1484
78.71,281.05,-0.23,-584.92,-243.91,0.001,28.57,16.58,0.16,0.0009,2.3981,12.06,25366.94,7.41,91.67,9.559,-0,-0.9997,132.44,137.34,120.15,24.96,Cornering,"Hoosier 43075 16x7.5-10 R20, 7 inch rim",1485
78.7,281.06,-1.12,-583.98,-242.25,0.007,29.3,16.85,0.03,0.0046,2.4107,12.06,157695.67,7.41,91.68,9.602,-0,-1,132.72,137.51,119.93,24.96,Cornering,"Hoosier 43075 16x7.5-10 R20, 7 inch rim",1486
78.67,281.07,-3.27,-586.76,-241.02,-0,29.74,17.06,0.16,0.0135,2.4344,12.03,25354.78,7.41,91.69,9.641,-0,-0.9997,133.02,137.78,119.77,24.96,Cornering,"Hoosier 43075 16x7.5-10 R20, 7 inch rim",1487
78.7,281.08,-4.39,-592.37,-241.66,0.012,29.63,18.33,0.09,0.0182,2.4513,11.97,43698.29,7.41,91.72,9.682,-0,-0.9998,133.34,138.09,119.81,24.97,Cornering,"Hoosier 43075 16x7.5-10 R20, 7 inch rim",1488
78.71,281.09,-5.74,-599.22,-242.97,0.006,27.95,18.74,0.09,0.0236,2.4663,11.9,43691.96,7.41,91.77,9.73,-0,-0.9998,133.62,138.31,119.97,24.97,Cornering,"Hoosier 43075 16x7.5-10 R20, 7 inch rim",1489
78.68,281.1,-5.57,-605.45,-246.15,0.01,27.89,19.7,0.09,0.0226,2.4597,11.89,43696.9,7.41,91.79,9.768,-0,-0.9998,133.83,138.42,120.19,24.97,Cornering,"Hoosier 43075 16x7.5-10 R20, 7 inch rim",1490
78.68,281.11,-5.42,-610.14,-248.61,0.013,26.55,19.15,0.16,0.0218,2.4542,11.92,25359.29,7.41,91.79,9.81,-0,-0.9997,134,138.53,120.51,24.97,Cornering,"Hoosier 43075 16x7.5-10 R20, 7 inch rim",1491
78.71,281.12,-4.35,-611.22,-251.08,0.004,27.27,18.38,0.03,0.0173,2.4344,12,157725.67,7.41,91.81,9.843,-0,-1,134.13,138.68,120.78,24.98,Cornering,"Hoosier 43075 16x7.5-10 R20, 7 inch rim",1492
78.7,281.13,-3.26,-608.43,-251.38,0.004,27.11,17.09,0.09,0.0129,2.4203,12.08,43671.83,7.4,91.79,9.878,-0,-0.9998,134.28,138.88,120.88,24.97,Cornering,"Hoosier 43075 16x7.5-10 R20, 7 inch rim",1493
78.68,281.14,-1.64,-602.22,-250.98,0.017,28.06,16.25,0.16,0.0065,2.3995,12.08,25332.93,7.4,91.79,9.92,-0,-0.9997,134.52,139.01,120.98,24.96,Cornering,"Hoosier 43075 16x7.5-10 R20, 7 inch rim",1494
78.7,281.15,-0.34,-595.35,-248.75,0.001,28.39,15.62,0.23,0.0014,2.3934,12.06,17822.32,7.41,91.79,9.962,-0,-0.9996,134.71,139.21,121.04,24.93,Cornering,"Hoosier 43075 16x7.5-10 R20, 7 inch rim",1495
78.71,281.16,-0.1,-590.21,-246.24,0.003,29.13,15,0.16,0.0004,2.3969,12.01,25297.48,7.4,91.79,9.996,-0,-0.9997,134.95,139.36,121.08,24.93,Cornering,"Hoosier 43075 16x7.5-10 R20, 7 inch rim",1496
78.68,281.17,-0.78,-588.17,-243.82,0.001,29.59,15.16,0.09,0.0032,2.4124,11.95,43559.21,7.4,91.77,10.035,-0,-0.9998,135.23,139.49,121.12,24.92,Cornering,"Hoosier 43075 16x7.5-10 R20, 7 inch rim",1497
78.68,281.18,-2.27,-589.88,-243.02,0.007,30.6,15.55,-0.04,0.0094,2.4272,11.91,-97698.81,7.4,91.76,10.083,-0,-1.0001,135.59,139.76,121.14,24.92,Cornering,"Hoosier 43075 16x7.5-10 R20, 7 inch rim",1498
78.71,281.19,-3.75,-594.84,-242.78,0.001,29.94,16.56,0.16,0.0154,2.4501,11.92,25281.59,7.4,91.73,10.12,-0,-0.9997,135.91,140.04,121.24,24.92,Cornering,"Hoosier 43075 16x7.5-10 R20, 7 inch rim",1499
78.7,281.2,-5.18,-600.61,-244.47,0.003,29.61,17.18,0.03,0.0212,2.4567,12.01,157199.78,7.4,91.72,10.165,-0,-1,136.17,140.29,121.4,24.93,Cornering,"Hoosier 43075 16x7.5-10 R20, 7 inch rim",1500
78.67,281.21,-5.39,-606.06,-246.68,-0,29.02,18.02,0.09,0.0218,2.4568,12.06,43546.64,7.4,91.74,10.198,-0,-0.9998,136.34,140.48,121.57,24.92,Cornering,"Hoosier 43075 16x7.5-10 R20, 7 inch rim",1501
78.69,281.22,-5.34,-610.74,-249.42,0.001,28.04,17.76,0.09,0.0214,2.4486,12.08,43571.2,7.4,91.76,10.239,-0,-0.9998,136.45,140.59,121.73,24.94,Cornering,"Hoosier 43075 16x7.5-10 R20, 7 inch rim",1502
78.71,281.23,-4.66,-612.31,-251.27,0.003,27.22,17.28,0.09,0.0185,2.4369,12.06,43575.05,7.4,91.76,10.284,-0,-0.9998,136.58,140.71,121.93,24.94,Cornering,"Hoosier 43075 16x7.5-10 R20, 7 inch rim",1503
78.68,281.24,-3.9,-609.82,-252.6,-0.002,27.99,15.8,0.09,0.0154,2.4142,11.99,43590.64,7.4,91.77,10.317,-0,-0.9998,136.71,140.95,122.03,24.96,Cornering,"Hoosier 43075 16x7.5-10 R20, 7 inch rim",1504
78.68,281.25,-2.77,-604.39,-252.27,0.009,28.49,14.64,0.09,0.011,2.3958,11.92,43576.24,7.4,91.78,10.347,-0,-0.9998,136.86,141.15,121.99,24.95,Cornering,"Hoosier 43075 16x7.5-10 R20, 7 inch rim",1505
78.71,281.26,-1.25,-597.85,-250.3,0.007,29.06,14.03,0.16,0.005,2.3885,11.86,25305.74,7.4,91.76,10.4,-0,-0.9997,137.2,141.39,121.95,24.97,Cornering,"Hoosier 43075 16x7.5-10 R20, 7 inch rim",1506
78.7,281.27,-0.41,-593.02,-248.2,0.01,29.41,13.74,0.09,0.0017,2.3893,11.86,43663.94,7.4,91.77,10.441,-0,-0.9998,137.52,141.54,121.95,25.01,Cornering,"Hoosier 43075 16x7.5-10 R20, 7 inch rim",1507
78.68,281.28,-0.56,-590.21,-245.13,0.007,29.35,13.46,0.09,0.0023,2.4077,11.92,43688.73,7.4,91.79,10.48,-0,-0.9998,137.82,141.7,121.89,25.03,Cornering,"Hoosier 43075 16x7.5-10 R20, 7 inch rim",1508
78.68,281.29,-1.75,-590.66,-243.89,0.007,29.91,13.45,0.23,0.0072,2.4218,12.02,17864.73,7.4,91.84,10.519,-0,-0.9996,138.19,141.92,121.83,25.03,Cornering,"Hoosier 43075 16x7.5-10 R20, 7 inch rim",1509
78.71,281.3,-3.35,-594.55,-243.53,0.01,29.43,13.93,0.23,0.0137,2.4414,12.06,17841.41,7.4,91.87,10.563,-0,-0.9996,138.57,142.18,121.81,25,Cornering,"Hoosier 43075 16x7.5-10 R20, 7 inch rim",1510
78.69,281.31,-4.83,-599.06,-244.7,0.013,29.33,14.65,0.09,0.0197,2.4481,12.07,43570.31,7.4,91.87,10.599,-0,-0.9998,138.81,142.47,121.91,24.97,Cornering,"Hoosier 43075 16x7.5-10 R20, 7 inch rim",1511
78.67,281.32,-5.45,-604.05,-246.19,0.003,27.73,15.15,0.09,0.0221,2.4535,12.03,43542.76,7.4,91.85,10.649,-0,-0.9998,139.02,142.6,122.03,24.96,Cornering,"Hoosier 43075 16x7.5-10 R20, 7 inch rim",1512
78.7,281.33,-5.54,-607.96,-249.3,0.014,27.94,15.33,0.09,0.0222,2.4387,11.95,43518.13,7.4,91.86,10.679,-0,-0.9998,139.2,142.62,122.23,24.94,Cornering,"Hoosier 43075 16x7.5-10 R20, 7 inch rim",1513
78.71,281.34,-5.23,-610.13,-251.9,0.001,27.67,14.71,0.09,0.0207,2.4222,11.9,43531.83,7.4,91.83,10.723,-0,-0.9998,139.24,142.69,122.33,24.96,Cornering,"Hoosier 43075 16x7.5-10 R20, 7 inch rim",1514
78.68,281.35,-4.67,-609.22,-253.34,0.01,27.93,13.37,0.09,0.0184,2.4048,11.91,43545.92,7.39,91.81,10.765,-0,-0.9998,139.39,142.86,122.49,24.97,Cornering,"Hoosier 43075 16x7.5-10 R20, 7 inch rim",1515
78.69,281.36,-3.41,-604.55,-253.75,0.007,28.94,12.4,0.09,0.0135,2.3824,11.97,43590.52,7.39,91.79,10.805,-0,-0.9998,139.52,143.08,122.45,25,Cornering,"Hoosier 43075 16x7.5-10 R20, 7 inch rim",1516
78.71,281.37,-2.27,-598.17,-253.04,0.007,29.84,11.39,0.09,0.009,2.3639,12.05,43604.55,7.39,91.74,10.846,-0,-0.9998,139.84,143.28,122.37,25.01,Cornering,"Hoosier 43075 16x7.5-10 R20, 7 inch rim",1517
78.7,281.38,-0.92,-592.1,-250.16,0.004,29.49,11.27,0.03,0.0037,2.3668,12.08,157259.42,7.4,91.72,10.889,-0,-1,140.18,143.52,122.35,25,Cornering,"Hoosier 43075 16x7.5-10 R20, 7 inch rim",1518
78.67,281.39,-0.42,-588.51,-248.16,-0,29.65,11.42,0.03,0.0017,2.3715,12.06,157126.78,7.39,91.72,10.932,-0,-1,140.48,143.72,122.33,24.98,Cornering,"Hoosier 43075 16x7.5-10 R20, 7 inch rim",1519
78.7,281.4,-1.08,-588.5,-246.36,0.001,29.08,11.61,0.03,0.0044,2.3888,12.02,157065.44,7.39,91.72,10.978,-0,-1,140.85,144.01,122.25,24.97,Cornering,"Hoosier 43075 16x7.5-10 R20, 7 inch rim",1520
78.71,281.41,-2.33,-590.68,-245.49,0.004,29.03,12.46,0.23,0.0095,2.4062,11.95,17773.26,7.39,91.71,11.005,-0,-0.9996,141.28,144.31,122.25,24.94,Cornering,"Hoosier 43075 16x7.5-10 R20, 7 inch rim",1521
78.69,281.42,-3.83,-595.03,-246.22,0.004,29.14,12.95,0.03,0.0156,2.4166,11.87,156876.64,7.39,91.7,11.057,-0,-1,141.6,144.71,122.27,24.95,Cornering,"Hoosier 43075 16x7.5-10 R20, 7 inch rim",1522
78.67,281.43,-5.46,-599.71,-247.5,0.009,28.51,13.22,0.03,0.0221,2.4231,11.88,156818.22,7.39,91.64,11.097,-0,-1,141.75,144.91,122.43,24.94,Cornering,"Hoosier 43075 16x7.5-10 R20, 7 inch rim",1523
78.71,281.44,-5.56,-603.45,-250.82,0.012,29.97,14,0.09,0.0222,2.4059,11.92,43471.48,7.39,91.62,11.126,-0,-0.9998,141.86,144.93,122.54,24.96,Cornering,"Hoosier 43075 16x7.5-10 R20, 7 inch rim",1524
78.69,281.45,-5.46,-606.57,-251.84,0.007,27.6,13.49,0.09,0.0217,2.4086,11.99,43454.38,7.39,91.64,11.171,-0,-0.9998,141.9,144.98,122.74,24.95,Cornering,"Hoosier 43075 16x7.5-10 R20, 7 inch rim",1525
78.67,281.46,-4.63,-606.11,-254.45,0.01,28.65,12.81,0.03,0.0182,2.3821,12.05,156831.02,7.39,91.63,11.206,-0,-1,141.9,145.13,122.94,24.96,Cornering,"Hoosier 43075 16x7.5-10 R20, 7 inch rim",1526
78.7,281.47,-3.64,-602.85,-254.3,0.007,28.34,11.48,0.09,0.0143,2.3706,12.04,43442.49,7.39,91.6,11.249,-0,-0.9998,141.99,145.35,122.98,24.95,Cornering,"Hoosier 43075 16x7.5-10 R20, 7 inch rim",1527
78.71,281.48,-1.67,-597.56,-253.46,0.007,28.78,11.08,0.09,0.0066,2.3576,11.99,43404.25,7.39,91.57,11.3,-0,-0.9998,142.29,145.57,122.9,24.93,Cornering,"Hoosier 43075 16x7.5-10 R20, 7 inch rim",1528
78.69,281.49,-0.88,-592.41,-251.53,-0,29.19,9.99,0.09,0.0035,2.3552,11.92,43389.5,7.39,91.57,11.33,-0,-0.9998,142.61,145.77,122.84,24.93,Cornering,"Hoosier 43075 16x7.5-10 R20, 7 inch rim",1529
78.68,281.5,-0.08,-588.68,-248.73,0.009,28.5,10.15,0.03,0.0003,2.3667,11.86,156592.61,7.39,91.56,11.372,-0,-1,142.93,145.97,122.82,24.93,Cornering,"Hoosier 43075 16x7.5-10 R20, 7 inch rim",1530
78.71,281.51,-0.18,-587.59,-247.14,0.014,29.08,10.48,0.16,0.0007,2.3776,11.86,25182.72,7.39,91.58,11.411,-0,-0.9997,143.29,146.19,122.78,24.93,Cornering,"Hoosier 43075 16x7.5-10 R20, 7 inch rim",1531
78.71,281.52,-1.49,-588.66,-245.78,0.012,29.5,10.86,0.16,0.0061,2.3951,11.92,25197.42,7.39,91.59,11.442,-0,-0.9997,143.75,146.58,122.74,24.95,Cornering,"Hoosier 43075 16x7.5-10 R20, 7 inch rim",1532
78.68,281.53,-3.35,-591.93,-245.87,0.012,29.1,11.15,0.09,0.0136,2.4075,12.02,43424.49,7.39,91.6,11.494,-0,-0.9998,144.11,146.93,122.76,24.96,Cornering,"Hoosier 43075 16x7.5-10 R20, 7 inch rim",1533
78.7,281.54,-4.89,-595.66,-247.43,0.004,29.21,11.38,0.09,0.0198,2.4074,12.06,43400.71,7.39,91.61,11.517,-0,-0.9998,144.3,147.24,122.82,24.95,Cornering,"Hoosier 43075 16x7.5-10 R20, 7 inch rim",1534
78.71,281.55,-5.32,-598.62,-249.81,0.001,29.42,11.83,0.09,0.0213,2.3963,12.06,43382.26,7.39,91.67,11.569,-0,-0.9998,144.35,147.33,122.94,24.94,Cornering,"Hoosier 43075 16x7.5-10 R20, 7 inch rim",1535
78.69,281.56,-5.93,-601.28,-252.24,0.001,29.13,10.78,0.16,0.0235,2.3838,12.01,25165.44,7.39,91.72,11.6,-0,-0.9997,144.32,147.31,123.12,24.93,Cornering,"Hoosier 43075 16x7.5-10 R20, 7 inch rim",1536
78.67,281.57,-5.96,-602.07,-254.76,0.009,29.81,9.12,0.09,0.0234,2.3633,11.95,43342.93,7.39,91.76,11.627,-0,-0.9998,144.28,147.4,123.32,24.93,Cornering,"Hoosier 43075 16x7.5-10 R20, 7 inch rim",1537
78.71,281.58,-6.3,-600.05,-256.52,0.01,31.22,6.19,0.09,0.0246,2.3392,11.89,43377.98,7.39,91.81,11.66,-0,-0.9998,144.32,147.59,123.4,24.95,Cornering,"Hoosier 43075 16x7.5-10 R20, 7 inch rim",1538
78.71,281.59,-7.28,-595.84,-256.79,-0.002,32.01,2.3,0.09,0.0284,2.3203,11.85,43383.71,7.39,91.88,11.687,-0,-0.9998,144.6,147.86,123.32,24.96,Cornering,"Hoosier 43075 16x7.5-10 R20, 7 inch rim",1539
78.67,281.6,-7.35,-591.64,-255.58,-0.002,31.37,-0.09,0.03,0.0288,2.3149,11.9,156585.88,7.39,91.96,11.703,-0,-1,145.01,148.12,123.2,24.96,Cornering,"Hoosier 43075 16x7.5-10 R20, 7 inch rim",1540
78.68,281.61,-6.8,-588.53,-252.56,0.006,29.29,-0.93,0.03,0.0269,2.3303,11.97,156537.08,7.39,92.04,11.724,-0,-1,145.42,148.34,123.14,24.96,Cornering,"Hoosier 43075 16x7.5-10 R20, 7 inch rim",1541
78.71,281.62,-5.61,-587.61,-249.33,0.01,26.81,0.27,0.03,0.0225,2.3567,12.03,156457.72,7.38,92.08,11.736,-0,-1,145.8,148.63,123.06,24.94,Cornering,"Hoosier 43075 16x7.5-10 R20, 7 inch rim",1542
78.7,281.63,-6.2,-587.91,-247.21,0.006,26.05,0.57,0.16,0.0251,2.3781,12.05,25146.72,7.39,92.12,11.738,-0,-0.9997,146.17,148.89,123,24.93,Cornering,"Hoosier 43075 16x7.5-10 R20, 7 inch rim",1543
78.67,281.64,-9.31,-588.98,-246.64,0.006,27.36,-0.88,0.16,0.0377,2.388,12.02,25134.23,7.39,92.15,11.747,-0,-0.9997,146.58,149.25,122.96,24.92,Cornering,"Hoosier 43075 16x7.5-10 R20, 7 inch rim",1544
78.71,281.65,-13.3,-590.83,-247.23,-0.002,28.51,-3.59,0.09,0.0538,2.3898,11.96,43313.16,7.39,92.2,11.75,-0,-0.9998,146.83,149.58,123.02,24.92,Cornering,"Hoosier 43075 16x7.5-10 R20, 7 inch rim",1545
78.71,281.66,-17.05,-593.49,-249.65,0.013,29.53,-6.57,0.16,0.0683,2.3773,11.9,25150.03,7.38,92.22,11.766,-0,-0.9997,146.86,149.73,123.2,24.93,Cornering,"Hoosier 43075 16x7.5-10 R20, 7 inch rim",1546
78.68,281.67,-19.25,-596.6,-252.69,0.001,29.76,-8.94,0.03,0.0762,2.361,11.9,156442.77,7.39,92.28,11.761,-0,-1,146.75,149.69,123.38,24.94,Cornering,"Hoosier 43075 16x7.5-10 R20, 7 inch rim",1547
78.68,281.68,-19.09,-599.42,-255.77,0.009,29.35,-9.59,0.16,0.0746,2.3436,11.95,25156.15,7.39,92.3,11.763,-0,-0.9997,146.62,149.66,123.63,24.94,Cornering,"Hoosier 43075 16x7.5-10 R20, 7 inch rim",1548
78.7,281.7,-12.45,-598.51,-257.89,0.006,27.9,-5.24,0.09,0.0483,2.3208,12.06,43333.77,7.38,92.35,12.287,-0,-0.9998,146.79,150.02,123.81,24.93,Cornering,"Hoosier 43075 16x7.5-10 R20, 7 inch rim",1549
78.67,281.71,-7.84,-594.01,-257.16,0.009,27.95,-1.51,0.23,0.0305,2.3099,12.07,17722.24,7.38,92.34,12.281,-0,-0.9996,147.09,150.24,123.77,24.94,Cornering,"Hoosier 43075 16x7.5-10 R20, 7 inch rim",1550
78.7,281.72,-4.12,-588.86,-254.48,-0.005,27.87,2.08,0.03,0.0162,2.314,12.03,156494.08,7.39,92.35,12.275,-0,-1,147.44,150.46,123.77,24.95,Cornering,"Hoosier 43075 16x7.5-10 R20, 7 inch rim",1551
78.71,281.73,-2.67,-584.67,-251.78,0.009,28.05,4.5,0.09,0.0106,2.3221,11.96,43366.52,7.38,92.33,12.271,-0,-0.9998,147.84,150.72,123.75,24.95,Cornering,"Hoosier 43075 16x7.5-10 R20, 7 inch rim",1552
78.68,281.74,-2.23,-582.47,-249.46,0.001,28.64,6.97,0.09,0.009,2.3349,11.89,43398.59,7.39,92.32,12.26,-0,-0.9998,148.23,150.92,123.65,24.97,Cornering,"Hoosier 43075 16x7.5-10 R20, 7 inch rim",1553
78.68,281.75,-1.94,-582.48,-248.95,0.012,30.31,10.04,0.09,0.0078,2.3397,11.91,43429.96,7.38,92.28,12.252,-0,-0.9998,148.68,151.31,123.63,24.98,Cornering,"Hoosier 43075 16x7.5-10 R20, 7 inch rim",1554
78.71,281.76,-1.56,-584.8,-249.35,0.006,30.9,13.18,0.16,0.0063,2.3453,11.95,25238.18,7.38,92.24,12.238,-0,-0.9997,148.96,151.62,123.63,25.01,Cornering,"Hoosier 43075 16x7.5-10 R20, 7 inch rim",1555
78.7,281.77,-1.36,-588.38,-251.13,-0.002,31.06,15.65,0.23,0.0054,2.343,12.03,17790.88,7.39,92.22,12.24,-0,-0.9996,149,151.84,123.77,25.03,Cornering,"Hoosier 43075 16x7.5-10 R20, 7 inch rim",1556
78.67,281.78,-1.47,-592.13,-252.9,-0.006,29.68,16.69,0.23,0.0058,2.3414,12.09,17774.21,7.39,92.24,12.242,-0,-0.9996,148.83,151.89,123.93,25.01,Cornering,"Hoosier 43075 16x7.5-10 R20, 7 inch rim",1557
78.7,281.79,-1.22,-595.73,-255.92,0.007,29.01,16.72,0.03,0.0048,2.3278,12.06,156731.31,7.38,92.25,12.242,-0,-1,148.57,151.82,124.09,24.98,Cornering,"Hoosier 43075 16x7.5-10 R20, 7 inch rim",1558
78.71,281.8,-0.87,-597.61,-257.69,-0.002,27.73,15.7,0.09,0.0034,2.3191,12.01,43382.8,7.39,92.24,12.232,-0,-0.9998,148.42,151.82,124.31,24.96,Cornering,"Hoosier 43075 16x7.5-10 R20, 7 inch rim",1559
78.69,281.81,-0.01,-596.69,-258.44,0.007,27.7,14.63,0.09,0,2.3088,11.95,43372.95,7.38,92.23,12.231,-0,-0.9998,148.42,152,124.43,24.95,Cornering,"Hoosier 43075 16x7.5-10 R20, 7 inch rim",1560
78.68,281.82,1.14,-592.94,-257.12,0.001,27.53,13.42,0.16,-0.0044,2.3061,11.86,25191.52,7.39,92.28,12.237,-0,-0.9997,148.7,152.24,124.33,24.97,Cornering,"Hoosier 43075 16x7.5-10 R20, 7 inch rim",1561
78.71,281.83,1.42,-588.27,-254.5,0.007,27.83,11.56,0.09,-0.0056,2.3115,11.84,43454.25,7.38,92.34,12.227,-0,-0.9998,149.04,152.48,124.25,25,Cornering,"Hoosier 43075 16x7.5-10 R20, 7 inch rim",1562
78.71,281.84,0.2,-584.2,-251.33,-0,28.28,8.72,0.03,-0.0008,2.3245,11.88,156969.38,7.39,92.36,12.208,-0,-1,149.45,152.61,124.27,25.02,Cornering,"Hoosier 43075 16x7.5-10 R20, 7 inch rim",1563
78.67,281.85,-3.14,-581.38,-249.03,0.007,29.45,4.59,0.16,0.0126,2.3345,11.98,25253.47,7.38,92.37,12.199,-0,-0.9997,149.86,152.77,124.23,25.03,Cornering,"Hoosier 43075 16x7.5-10 R20, 7 inch rim",1564
78.69,281.86,-7.45,-580.58,-247.91,-0.002,30.35,0.62,0.09,0.0301,2.3419,12.03,43461.58,7.39,92.38,12.181,-0,-0.9998,150.35,153.12,124.19,25,Cornering,"Hoosier 43075 16x7.5-10 R20, 7 inch rim",1565
78.71,281.87,-10.74,-581.67,-247.69,0.003,30.41,-1.48,0.16,0.0434,2.3484,12.05,25211.59,7.39,92.38,12.146,-0,-0.9997,150.7,153.38,124.17,24.98,Cornering,"Hoosier 43075 16x7.5-10 R20, 7 inch rim",1566
78.69,281.88,-11.67,-584,-249.01,-0,30.73,-1.02,0.09,0.0469,2.3453,12,43401.28,7.38,92.36,12.116,-0,-0.9998,150.95,153.6,124.29,24.96,Cornering,"Hoosier 43075 16x7.5-10 R20, 7 inch rim",1567
78.67,281.89,-12.23,-587.61,-252.06,0.01,30.41,-0.96,0.09,0.0485,2.3312,11.93,43384.3,7.38,92.36,12.096,-0,-0.9998,150.87,153.65,124.48,24.94,Cornering,"Hoosier 43075 16x7.5-10 R20, 7 inch rim",1568
78.71,281.9,-13.8,-591.36,-254.64,0.013,29.45,-3.02,0.03,0.0542,2.3224,11.86,156504.3,7.38,92.38,12.068,-0,-1,150.68,153.54,124.64,24.93,Cornering,"Hoosier 43075 16x7.5-10 R20, 7 inch rim",1569
78.71,281.91,-16.72,-593.7,-256.71,0.013,28.55,-7.4,0.03,0.0651,2.3127,11.85,156524.66,7.38,92.43,12.032,-0,-1,150.44,153.47,124.84,24.93,Cornering,"Hoosier 43075 16x7.5-10 R20, 7 inch rim",1570
78.67,281.92,-18.6,-594,-257.98,-0,28.19,-11.43,0.16,0.0721,2.3025,11.9,25178.3,7.39,92.49,11.999,-0,-0.9997,150.37,153.54,124.98,24.93,Cornering,"Hoosier 43075 16x7.5-10 R20, 7 inch rim",1571
78.69,281.93,-18.96,-591.84,-257.25,0.006,27.12,-13.72,0.16,0.0737,2.3006,11.97,25182.98,7.38,92.57,11.947,-0,-0.9997,150.48,153.71,124.94,24.93,Cornering,"Hoosier 43075 16x7.5-10 R20, 7 inch rim",1572
78.71,281.94,-17.16,-588.1,-255.38,-0,26.77,-13,0.16,0.0672,2.3028,12.04,25198.06,7.39,92.6,11.91,-0,-0.9997,150.83,153.96,124.82,24.94,Cornering,"Hoosier 43075 16x7.5-10 R20, 7 inch rim",1573
78.69,281.95,-13.14,-584.2,-252.85,0.003,27.17,-8.94,0.16,0.052,2.3104,12.06,25190.49,7.39,92.58,11.864,-0,-0.9997,151.23,154.13,124.8,24.93,Cornering,"Hoosier 43075 16x7.5-10 R20, 7 inch rim",1574
78.67,281.96,-8.3,-581.38,-249.89,-0.003,28,-2.84,0.09,0.0332,2.3265,12.02,43418.77,7.39,92.57,11.811,-0,-0.9998,151.58,154.18,124.76,24.94,Cornering,"Hoosier 43075 16x7.5-10 R20, 7 inch rim",1575
78.7,281.97,-5.48,-579.82,-248.17,0.007,29.55,2.21,-0.04,0.0221,2.3363,11.95,-97415.7,7.39,92.58,11.763,-0,-1.0001,152.01,154.44,124.68,24.94,Cornering,"Hoosier 43075 16x7.5-10 R20, 7 inch rim",1576
78.71,281.98,-5.19,-580.44,-247.13,0.007,29.87,5.55,0.16,0.021,2.3487,11.89,25221.01,7.39,92.58,11.72,-0,-0.9997,152.37,154.79,124.54,24.95,Cornering,"Hoosier 43075 16x7.5-10 R20, 7 inch rim",1577
78.67,281.99,-5.81,-582.77,-248.09,-0.002,30.44,8.04,0.16,0.0234,2.349,11.88,25232.08,7.39,92.58,11.661,-0,-0.9997,152.65,155.06,124.58,24.96,Cornering,"Hoosier 43075 16x7.5-10 R20, 7 inch rim",1578
78.69,282,-5.59,-586.21,-250.39,0.006,29.97,11.09,0.16,0.0223,2.3412,11.9,25230.02,7.39,92.62,11.618,-0,-0.9997,152.65,155.17,124.7,24.95,Cornering,"Hoosier 43075 16x7.5-10 R20, 7 inch rim",1579
78.71,282.01,-3.71,-589.98,-253.27,0.013,29.37,14.91,0.16,0.0146,2.3294,11.97,25239.41,7.38,92.63,11.578,-0,-0.9997,152.46,155.1,124.88,24.96,Cornering,"Hoosier 43075 16x7.5-10 R20, 7 inch rim",1580
78.7,282.02,-1.26,-593.42,-256.02,0.009,28.29,18.14,0.09,0.0049,2.3178,12.03,43481.59,7.38,92.64,11.532,-0,-0.9998,152.13,155.01,125.08,24.95,Cornering,"Hoosier 43075 16x7.5-10 R20, 7 inch rim",1581
78.68,282.03,0.09,-594.82,-257.79,-0.005,27.19,18.88,0.09,-0.0004,2.3074,12.04,43478.6,7.39,92.67,11.485,-0,-0.9998,151.98,155.03,125.28,24.94,Cornering,"Hoosier 43075 16x7.5-10 R20, 7 inch rim",1582
78.7,282.04,0.81,-593.28,-257.72,0.007,27.03,18.22,0.09,-0.0032,2.302,12,43483.11,7.39,92.66,11.455,-0,-0.9998,152.01,155.17,125.28,24.94,Cornering,"Hoosier 43075 16x7.5-10 R20, 7 inch rim",1583
78.72,282.05,1.46,-589.7,-256.55,0.01,27.42,17.06,0.16,-0.0057,2.2986,11.94,25242.3,7.38,92.66,11.41,-0,-0.9997,152.2,155.36,125.2,24.94,Cornering,"Hoosier 43075 16x7.5-10 R20, 7 inch rim",1584
78.7,282.06,1.97,-585.17,-253.88,0.01,28.26,15.97,0.16,-0.0078,2.3049,11.89,25262.75,7.38,92.66,11.378,-0,-0.9997,152.56,155.47,125.1,24.96,Cornering,"Hoosier 43075 16x7.5-10 R20, 7 inch rim",1585
78.69,282.07,2.88,-581.88,-250.35,0.006,27.99,16.1,0.09,-0.0115,2.3243,11.87,43602.32,7.38,92.66,11.333,-0,-0.9998,152.89,155.52,125.08,25,Cornering,"Hoosier 43075 16x7.5-10 R20, 7 inch rim",1586
78.72,282.08,3.13,-579.06,-247.95,0.007,29.24,16.78,0.09,-0.0126,2.3354,11.94,43637.96,7.38,92.67,11.297,-0,-0.9998,153.25,155.69,125.06,25.02,Cornering,"Hoosier 43075 16x7.5-10 R20, 7 inch rim",1587
78.71,282.09,1.99,-578.59,-247.31,0.006,30.54,17.18,0.09,-0.0081,2.3395,12.03,43643.47,7.38,92.68,11.26,-0,-0.9998,153.68,155.89,124.98,25.02,Cornering,"Hoosier 43075 16x7.5-10 R20, 7 inch rim",1588
78.69,282.1,0.51,-580,-247.66,0.013,30.37,17.77,0.09,-0.0021,2.342,12.12,43636.32,7.38,92.68,11.24,-0,-0.9998,153.91,156.11,124.98,25.01,Cornering,"Hoosier 43075 16x7.5-10 R20, 7 inch rim",1589
78.71,282.11,-1.63,-582.79,-249.77,-0.002,30.5,17.29,0.09,0.0065,2.3333,12.13,43561.31,7.39,92.65,11.2,-0,-0.9998,153.98,156.22,125.08,24.97,Cornering,"Hoosier 43075 16x7.5-10 R20, 7 inch rim",1590
78.74,282.12,-3.13,-587.02,-252.52,0.007,29.26,16.85,0.03,0.0124,2.3247,12.11,157073.92,7.38,92.65,11.161,-0,-1,153.74,156.09,125.34,24.94,Cornering,"Hoosier 43075 16x7.5-10 R20, 7 inch rim",1591
78.7,282.13,-4.09,-591.09,-255.25,0.01,28.09,15.96,0.23,0.016,2.3158,12.03,17794.12,7.38,92.63,11.133,-0,-0.9996,153.42,155.94,125.57,24.94,Cornering,"Hoosier 43075 16x7.5-10 R20, 7 inch rim",1592
78.7,282.14,-3.77,-593.27,-257.26,0.013,27.62,15.1,0.09,0.0147,2.3061,11.96,43506.16,7.38,92.64,11.093,-0,-0.9998,153.1,155.83,125.77,24.93,Cornering,"Hoosier 43075 16x7.5-10 R20, 7 inch rim",1593
78.74,282.15,-3.96,-592.65,-257.53,0.01,27.02,12.93,0.09,0.0154,2.3013,11.95,43530.54,7.39,92.69,11.064,-0,-0.9998,152.97,155.87,125.83,24.94,Cornering,"Hoosier 43075 16x7.5-10 R20, 7 inch rim",1594
78.73,282.16,-3.97,-589.36,-256.45,-0.005,27.68,10.4,0.09,0.0155,2.2981,11.99,43536.32,7.39,92.74,11.024,-0,-0.9998,153.06,156.07,125.75,24.94,Cornering,"Hoosier 43075 16x7.5-10 R20, 7 inch rim",1595
78.7,282.17,-4.31,-584.69,-253.61,0.004,28.05,8.02,0.16,0.017,2.3054,12.09,25277.96,7.39,92.78,10.991,-0,-0.9997,153.4,156.18,125.65,24.94,Cornering,"Hoosier 43075 16x7.5-10 R20, 7 inch rim",1596
78.72,282.18,-4.91,-580.62,-250.57,-0,28.99,6.05,0.16,0.0196,2.3172,12.17,25281.77,7.39,92.78,10.945,-0,-0.9997,153.66,156.25,125.61,24.94,Cornering,"Hoosier 43075 16x7.5-10 R20, 7 inch rim",1597
78.75,282.19,-5.14,-578.59,-248.22,0.01,29.77,5.84,0.03,0.0207,2.331,12.18,157238.67,7.38,92.73,10.915,-0,-1,153.96,156.33,125.57,24.95,Cornering,"Hoosier 43075 16x7.5-10 R20, 7 inch rim",1598
78.73,282.2,-6.13,-577.95,-247.11,0.007,30.68,6.05,0.23,0.0248,2.3388,12.17,17825.75,7.38,92.67,10.876,-0,-0.9996,154.37,156.62,125.47,24.96,Cornering,"Hoosier 43075 16x7.5-10 R20, 7 inch rim",1599
78.71,282.21,-7.39,-579.35,-247.49,0.006,30.86,6.86,0.16,0.0298,2.3409,12.1,25325.79,7.38,92.59,10.839,-0,-0.9997,154.64,156.91,125.36,24.98,Cornering,"Hoosier 43075 16x7.5-10 R20, 7 inch rim",1600
78.75,282.22,-9.1,-582.48,-249.68,0.012,30.39,7.3,0.03,0.0365,2.3329,12.03,157668.61,7.38,92.56,10.789,-0,-1,154.75,157.08,125.43,25.01,Cornering,"Hoosier 43075 16x7.5-10 R20, 7 inch rim",1601
78.75,282.23,-10.04,-586.39,-252.34,0.01,29.25,8.39,0.03,0.0398,2.3238,12.02,157724.83,7.38,92.53,10.75,-0,-1,154.58,157.04,125.59,25.01,Cornering,"Hoosier 43075 16x7.5-10 R20, 7 inch rim",1602
78.72,282.24,-10.68,-589.83,-254.59,0.007,27.94,8.59,0.03,0.0419,2.3168,12.07,157748.08,7.38,92.53,10.705,-0,-1,154.22,156.86,125.79,25.01,Cornering,"Hoosier 43075 16x7.5-10 R20, 7 inch rim",1603
78.73,282.25,-9.71,-591.71,-256.53,0.006,27,9.31,0.16,0.0378,2.3066,12.14,25380.62,7.38,92.56,10.672,-0,-0.9997,153.79,156.66,125.97,25.02,Cornering,"Hoosier 43075 16x7.5-10 R20, 7 inch rim",1604
78.76,282.26,-7.4,-591.41,-258.18,0.01,27.98,10.53,0.09,0.0287,2.2907,12.22,43734.46,7.38,92.6,10.626,-0,-0.9998,153.55,156.71,126.07,25.02,Cornering,"Hoosier 43075 16x7.5-10 R20, 7 inch rim",1605
78.74,282.27,-4.44,-587.98,-256.66,0.006,27.64,12.01,0.09,0.0173,2.2909,12.27,43772.41,7.38,92.65,10.571,-0,-0.9998,153.57,156.8,125.99,25.04,Cornering,"Hoosier 43075 16x7.5-10 R20, 7 inch rim",1606
78.72,282.28,-2.29,-583.77,-254.85,0.003,28.52,12.61,0.16,0.009,2.2907,12.22,25403.82,7.38,92.68,10.53,-0,-0.9997,153.91,156.97,125.85,25.03,Cornering,"Hoosier 43075 16x7.5-10 R20, 7 inch rim",1607
78.75,282.29,-0.61,-579.87,-251.65,0.007,28.62,13.46,0.09,0.0024,2.3043,12.16,43764.59,7.38,92.68,10.481,-0,-0.9998,154.22,157.1,125.77,25.03,Cornering,"Hoosier 43075 16x7.5-10 R20, 7 inch rim",1608
78.77,282.3,0.3,-577.67,-249.02,-0.002,29,14.54,0.16,-0.0012,2.3198,12.07,25398.68,7.39,92.7,10.447,-0,-0.9997,154.49,157.13,125.69,25.02,Cornering,"Hoosier 43075 16x7.5-10 R20, 7 inch rim",1609
78.72,282.31,0.68,-577.35,-247.8,0.003,29.64,16.44,0.09,-0.0027,2.3299,12.05,43754.11,7.38,92.69,10.41,-0,-0.9998,154.84,157.37,125.65,25.01,Cornering,"Hoosier 43075 16x7.5-10 R20, 7 inch rim",1610
78.74,282.32,0.3,-578.28,-248.13,-0.003,30.18,18.45,0.03,-0.0012,2.3305,12.08,157880.45,7.39,92.71,10.365,-0,-1,155.2,157.59,125.63,25.01,Cornering,"Hoosier 43075 16x7.5-10 R20, 7 inch rim",1611
78.77,282.33,-1.24,-580.94,-249.54,0.001,30,19.56,0.09,0.005,2.3281,12.17,43754.85,7.39,92.74,10.329,-0,-0.9998,155.4,157.74,125.63,25.01,Cornering,"Hoosier 43075 16x7.5-10 R20, 7 inch rim",1612
78.75,282.34,-2.5,-584.23,-251.33,0.01,28.65,20.42,0.09,0.0099,2.3246,12.25,43750.12,7.38,92.76,10.289,-0,-0.9998,155.33,157.72,125.81,25,Cornering,"Hoosier 43075 16x7.5-10 R20, 7 inch rim",1613
78.73,282.35,-3.05,-587.2,-254.17,0.01,28.67,20.96,0.16,0.012,2.3103,12.27,25390.55,7.38,92.78,10.251,-0,-0.9997,155.05,157.57,126.01,25,Cornering,"Hoosier 43075 16x7.5-10 R20, 7 inch rim",1614
78.75,282.36,-3.34,-589.54,-255.77,-0.003,27.35,20.32,0.09,0.013,2.305,12.24,43730.25,7.39,92.79,10.211,-0,-0.9998,154.69,157.39,126.23,24.98,Cornering,"Hoosier 43075 16x7.5-10 R20, 7 inch rim",1615
78.77,282.37,-2.81,-590.01,-257.06,-0.003,27.46,19.37,0.09,0.0109,2.2952,12.15,43704.2,7.38,92.87,10.178,-0,-0.9998,154.49,157.39,126.4,24.97,Cornering,"Hoosier 43075 16x7.5-10 R20, 7 inch rim",1616
78.74,282.38,-2.61,-587.83,-257.07,0.003,28.11,17.52,0.09,0.0101,2.2867,12.07,43730,7.39,92.92,10.136,-0,-0.9998,154.39,157.43,126.42,24.98,Cornering,"Hoosier 43075 16x7.5-10 R20, 7 inch rim",1617
78.75,282.39,-1.82,-584.4,-255.39,0.001,28.62,15.96,0.09,0.0071,2.2882,12.05,43724.78,7.39,92.93,10.099,-0,-0.9998,154.54,157.63,126.25,24.97,Cornering,"Hoosier 43075 16x7.5-10 R20, 7 inch rim",1618
78.77,282.4,-1.66,-580.95,-252.56,0.001,29.1,14.49,0.16,0.0066,2.3002,12.07,25381.24,7.39,92.95,10.066,-0,-0.9997,154.79,157.68,126.11,24.97,Cornering,"Hoosier 43075 16x7.5-10 R20, 7 inch rim",1619
78.77,282.41,-2,-578.92,-249.95,0.009,29.24,13.39,0.03,0.008,2.3162,12.15,157930.55,7.39,92.99,10.033,-0,-1,154.97,157.65,125.97,24.99,Cornering,"Hoosier 43075 16x7.5-10 R20, 7 inch rim",1620
78.74,282.42,-3.41,-577.98,-248.26,0.01,29.94,12.48,0.16,0.0137,2.3281,12.22,25398.79,7.38,93.04,9.99,-0,-0.9997,155.2,157.72,125.93,24.98,Cornering,"Hoosier 43075 16x7.5-10 R20, 7 inch rim",1621
78.77,282.43,-5.29,-578.12,-247.39,0.001,29.57,12.07,0.16,0.0214,2.3369,12.23,25395.93,7.39,93.08,9.95,-0,-0.9997,155.46,157.96,125.81,24.98,Cornering,"Hoosier 43075 16x7.5-10 R20, 7 inch rim",1622
78.79,282.44,-7.36,-579.53,-247.93,0.001,29.21,11.97,0.03,0.0297,2.3374,12.21,157915.86,7.39,93.15,9.908,-0,-1,155.63,158.2,125.79,24.98,Cornering,"Hoosier 43075 16x7.5-10 R20, 7 inch rim",1623
78.76,282.45,-9.11,-582.03,-250.17,0.001,28.8,12.16,0.09,0.0364,2.3266,12.13,43796.02,7.39,93.2,9.864,-0,-0.9998,155.63,158.25,125.85,25,Cornering,"Hoosier 43075 16x7.5-10 R20, 7 inch rim",1624
78.75,282.46,-10.2,-584.86,-253.47,0.007,28.91,12.51,0.03,0.0403,2.3074,12.04,158176.39,7.38,93.24,9.821,-0,-1,155.35,158.16,126.01,25.01,Cornering,"Hoosier 43075 16x7.5-10 R20, 7 inch rim",1625
78.78,282.47,-9.35,-587.67,-256.1,0.006,28.3,13.64,0.09,0.0365,2.2947,12.03,43847.13,7.38,93.3,9.782,-0,-0.9998,154.94,158.03,126.19,25.02,Cornering,"Hoosier 43075 16x7.5-10 R20, 7 inch rim",1626
78.78,282.48,-7.97,-588.61,-257.85,0.004,28.22,14.33,0.09,0.0309,2.2827,12.06,43852.43,7.39,93.34,9.741,-0,-0.9998,154.67,157.92,126.37,25.02,Cornering,"Hoosier 43075 16x7.5-10 R20, 7 inch rim",1627
78.75,282.49,-6.1,-587.38,-258.04,0.007,28.03,14.71,0.03,0.0237,2.2763,12.12,158196.44,7.38,93.43,9.698,-0,-1,154.56,157.94,126.42,25.01,Cornering,"Hoosier 43075 16x7.5-10 R20, 7 inch rim",1628
78.77,282.5,-4.28,-583.79,-256.81,0.007,28.45,14.83,0.09,0.0167,2.2733,12.22,43832.66,7.38,93.48,9.656,-0,-0.9998,154.56,158.07,126.31,25,Cornering,"Hoosier 43075 16x7.5-10 R20, 7 inch rim",1629
78.79,282.51,-2.47,-579.42,-254.08,0.001,29.08,15.24,0.03,0.0097,2.2805,12.25,158196.3,7.39,93.51,9.618,-0,-1,154.75,158.12,126.15,25,Cornering,"Hoosier 43075 16x7.5-10 R20, 7 inch rim",1630
78.77,282.52,-1.5,-576.77,-251.45,0.013,29.24,15.89,0.03,0.006,2.2938,12.22,158177.77,7.38,93.52,9.578,-0,-1,154.97,158.12,126.03,25,Cornering,"Hoosier 43075 16x7.5-10 R20, 7 inch rim",1631
78.75,282.53,-1.58,-575.35,-248.63,0.007,28.97,16.37,0.16,0.0064,2.3141,12.17,25457.13,7.38,93.49,9.52,-0,-0.9997,155.18,158.05,125.95,25.01,Cornering,"Hoosier 43075 16x7.5-10 R20, 7 inch rim",1632
78.78,282.54,-1.74,-575.2,-248.15,0.01,29.55,18.04,0.03,0.007,2.3179,12.09,158401.75,7.38,93.49,9.488,-0,-1,155.4,158.29,125.91,25.03,Cornering,"Hoosier 43075 16x7.5-10 R20, 7 inch rim",1633
78.79,282.55,-3.17,-576.61,-249.04,0.013,29.32,19.04,0.16,0.0127,2.3154,12.07,25474.39,7.38,93.42,9.445,-0,-0.9997,155.55,158.51,125.85,25.02,Cornering,"Hoosier 43075 16x7.5-10 R20, 7 inch rim",1634
78.76,282.56,-3.91,-579.12,-251.12,0.014,28.77,20.7,0.09,0.0156,2.3061,12.07,43903.84,7.38,93.38,9.412,-0,-0.9998,155.55,158.53,125.89,25.03,Cornering,"Hoosier 43075 16x7.5-10 R20, 7 inch rim",1635
78.77,282.57,-4.06,-581.47,-253.81,0.017,28.5,22.38,0.16,0.016,2.291,12.15,25484.89,7.38,93.36,9.38,-0,-0.9997,155.4,158.38,126.07,25.03,Cornering,"Hoosier 43075 16x7.5-10 R20, 7 inch rim",1636
78.79,282.58,-4.21,-583.5,-256.25,0.009,28.25,22.84,0.09,0.0164,2.2771,12.25,43872.97,7.38,93.36,9.331,-0,-0.9998,154.97,158.12,126.29,25,Cornering,"Hoosier 43075 16x7.5-10 R20, 7 inch rim",1637
78.78,282.59,-3.76,-584.44,-258.26,0.004,28.46,22.7,0.16,0.0146,2.263,12.3,25443.95,7.39,93.4,9.291,-0,-0.9997,154.62,157.96,126.46,24.98,Cornering,"Hoosier 43075 16x7.5-10 R20, 7 inch rim",1638
78.76,282.6,-2.88,-583.36,-258.95,0.012,28.75,22.16,0.09,0.0111,2.2527,12.28,43811.66,7.38,93.43,9.25,-0,-0.9998,154.43,157.94,126.52,24.96,Cornering,"Hoosier 43075 16x7.5-10 R20, 7 inch rim",1639
78.78,282.61,-2.25,-580.39,-257.78,0.012,29.25,20.47,0.03,0.0087,2.2515,12.22,157970.41,7.38,93.43,9.217,-0,-1,154.47,157.92,126.44,24.94,Cornering,"Hoosier 43075 16x7.5-10 R20, 7 inch rim",1640
78.79,282.62,-1.37,-576.79,-255.83,-0,29.66,19.19,0.03,0.0054,2.2546,12.16,157913.05,7.39,93.45,9.18,-0,-1,154.58,157.98,126.29,24.93,Cornering,"Hoosier 43075 16x7.5-10 R20, 7 inch rim",1641
78.76,282.63,-0.9,-574.29,-252.91,0.004,29.07,18.34,0.16,0.0036,2.2708,12.11,25394.78,7.38,93.47,9.15,-0,-0.9997,154.75,158.01,126.17,24.92,Cornering,"Hoosier 43075 16x7.5-10 R20, 7 inch rim",1642
78.77,282.64,-1.34,-573.5,-250.73,0.003,28.94,17.82,0.09,0.0053,2.2873,12.15,43767.05,7.39,93.47,9.112,-0,-0.9998,154.9,158.01,126.09,24.93,Cornering,"Hoosier 43075 16x7.5-10 R20, 7 inch rim",1643
78.81,282.65,-2.47,-573.33,-249.77,-0,29.74,17.9,0.16,0.0099,2.2955,12.23,25411.81,7.39,93.48,9.074,-0,-0.9997,155.18,158.14,126.01,24.93,Cornering,"Hoosier 43075 16x7.5-10 R20, 7 inch rim",1644
78.79,282.66,-4.64,-574.59,-249.23,0.012,28.75,17.85,0.09,0.0186,2.3054,12.3,43787.53,7.38,93.51,9.025,-0,-0.9998,155.35,158.34,125.95,24.93,Cornering,"Hoosier 43075 16x7.5-10 R20, 7 inch rim",1645
78.76,282.67,-6.87,-576.3,-251.08,-0,29.38,17.88,0.09,0.0273,2.2953,12.35,43790.89,7.39,93.52,8.996,-0,-0.9998,155.42,158.51,126.01,24.93,Cornering,"Hoosier 43075 16x7.5-10 R20, 7 inch rim",1646
78.79,282.68,-8.9,-578.19,-253.64,0.007,29.38,17.72,0.09,0.0351,2.2796,12.32,43806.92,7.38,93.52,8.946,-0,-0.9998,155.25,158.49,126.17,24.94,Cornering,"Hoosier 43075 16x7.5-10 R20, 7 inch rim",1647
78.81,282.69,-9.75,-580.24,-256.07,0.013,28.94,17.9,0.16,0.0381,2.266,12.24,25428.52,7.38,93.51,8.915,-0,-0.9997,154.88,158.29,126.44,24.94,Cornering,"Hoosier 43075 16x7.5-10 R20, 7 inch rim",1648
78.77,282.7,-9.24,-581.17,-258.06,0.001,29,18.16,0.16,0.0358,2.2521,12.15,25460.96,7.39,93.52,8.872,-0,-0.9997,154.47,158.14,126.62,24.97,Cornering,"Hoosier 43075 16x7.5-10 R20, 7 inch rim",1649
78.77,282.71,-8.11,-581.03,-258.54,0.007,28.3,18.09,0.16,0.0314,2.2473,12.09,25487,7.38,93.53,8.836,-0,-0.9997,154.17,158.05,126.74,24.99,Cornering,"Hoosier 43075 16x7.5-10 R20, 7 inch rim",1650
78.8,282.72,-5.93,-579.15,-259.21,-0.002,29.38,18.36,0.03,0.0229,2.2343,12.08,158517.8,7.39,93.55,8.792,-0,-1,154.07,158.03,126.72,25,Cornering,"Hoosier 43075 16x7.5-10 R20, 7 inch rim",1651
78.8,282.73,-4.75,-575.88,-257.55,0.007,29.32,17.76,0.03,0.0184,2.236,12.15,158499.34,7.38,93.6,8.747,-0,-1,154.11,157.96,126.62,24.99,Cornering,"Hoosier 43075 16x7.5-10 R20, 7 inch rim",1652
78.76,282.74,-2.34,-573.39,-254.85,0.012,28.53,18.88,0.09,0.0092,2.25,12.22,43896.31,7.38,93.62,8.7,-0,-0.9998,154.26,157.96,126.5,24.97,Cornering,"Hoosier 43075 16x7.5-10 R20, 7 inch rim",1653
78.79,282.75,-1.95,-571.66,-252.62,0.01,28.78,19.16,0.03,0.0077,2.2629,12.27,158388.59,7.38,93.64,8.658,-0,-1,154.43,157.9,126.37,24.97,Cornering,"Hoosier 43075 16x7.5-10 R20, 7 inch rim",1654
78.81,282.76,-2.09,-571.34,-250.56,0.006,28.46,20.16,0.03,0.0084,2.2802,12.24,158329,7.38,93.64,8.624,-0,-1,154.6,157.83,126.31,24.96,Cornering,"Hoosier 43075 16x7.5-10 R20, 7 inch rim",1655
78.79,282.77,-3.4,-571.65,-250.68,0.004,29.08,21.06,0.09,0.0136,2.2804,12.16,43880.07,7.39,93.65,8.573,-0,-0.9998,154.79,157.94,126.19,24.96,Cornering,"Hoosier 43075 16x7.5-10 R20, 7 inch rim",1656
78.77,282.78,-4.59,-572.9,-251.81,-0,29.33,22.49,0.23,0.0182,2.2751,12.06,17951.14,7.39,93.67,8.535,-0,-0.9996,154.88,158.05,126.13,24.97,Cornering,"Hoosier 43075 16x7.5-10 R20, 7 inch rim",1657
78.8,282.79,-5.53,-574.33,-253.99,0.013,29.13,24.15,0.09,0.0218,2.2612,12.02,43888.96,7.38,93.64,8.492,-0,-0.9998,154.86,157.98,126.27,24.96,Cornering,"Hoosier 43075 16x7.5-10 R20, 7 inch rim",1658
78.8,282.8,-5.86,-576.05,-256.92,0.006,29.52,25.43,0.09,0.0228,2.2422,12.04,43913.77,7.39,93.61,8.452,-0,-0.9998,154.62,157.83,126.54,24.97,Cornering,"Hoosier 43075 16x7.5-10 R20, 7 inch rim",1659
78.77,282.81,-5.78,-577.47,-259.18,0.006,29.36,26.08,0.16,0.0223,2.2281,12.09,25496.79,7.38,93.57,8.414,-0,-0.9997,154.22,157.65,126.74,24.97,Cornering,"Hoosier 43075 16x7.5-10 R20, 7 inch rim",1660
78.79,282.82,-5.09,-577.79,-261.44,0.014,29.87,26.15,0.16,0.0195,2.21,12.18,25505.25,7.38,93.55,8.374,-0,-0.9997,153.96,157.52,126.86,24.98,Cornering,"Hoosier 43075 16x7.5-10 R20, 7 inch rim",1661
78.81,282.83,-3.59,-576.24,-261.07,0.013,29.62,26.1,0.09,0.0138,2.2072,12.22,43947.14,7.38,93.54,8.333,-0,-0.9998,153.83,157.48,126.9,24.98,Cornering,"Hoosier 43075 16x7.5-10 R20, 7 inch rim",1662
78.78,282.84,-2.86,-573.74,-259.25,0.007,28.89,24.41,0.09,0.011,2.2131,12.22,43941.12,7.38,93.57,8.295,-0,-0.9998,153.81,157.43,126.78,24.97,Cornering,"Hoosier 43075 16x7.5-10 R20, 7 inch rim",1663
78.77,282.85,-1.43,-570.93,-257.1,0.001,28.06,23.9,0.09,0.0055,2.2207,12.15,43955.94,7.39,93.58,8.252,-0,-0.9998,153.85,157.41,126.74,24.98,Cornering,"Hoosier 43075 16x7.5-10 R20, 7 inch rim",1664
78.81,282.86,-0.87,-568.59,-254.46,0.006,27.68,23.39,0.03,0.0034,2.2345,12.06,158669.28,7.38,93.64,8.229,-0,-1,153.94,157.32,126.68,24.98,Cornering,"Hoosier 43075 16x7.5-10 R20, 7 inch rim",1665
78.81,282.87,-1.5,-567.49,-252.61,0.012,27.75,23.17,0.16,0.006,2.2466,12.03,25511.14,7.38,93.65,8.185,-0,-0.9997,154.07,157.26,126.62,24.97,Cornering,"Hoosier 43075 16x7.5-10 R20, 7 inch rim",1666
78.77,282.88,-3.12,-567.02,-252.12,0.009,28.19,23.15,0.09,0.0124,2.249,12.04,43966.78,7.39,93.62,8.15,-0,-0.9998,154.3,157.35,126.6,24.98,Cornering,"Hoosier 43075 16x7.5-10 R20, 7 inch rim",1667
78.78,282.89,-5.2,-567.33,-252.93,0.007,29.25,23.36,0.16,0.0206,2.243,12.1,25520.94,7.39,93.63,8.122,-0,-0.9997,154.41,157.48,126.56,24.98,Cornering,"Hoosier 43075 16x7.5-10 R20, 7 inch rim",1668
78.81,282.9,-6.57,-568.44,-254.85,0.013,29.21,24.16,0.16,0.0258,2.2305,12.17,25517.81,7.39,93.65,8.076,-0,-0.9997,154.41,157.48,126.64,24.97,Cornering,"Hoosier 43075 16x7.5-10 R20, 7 inch rim",1669
78.8,282.91,-7.68,-569.69,-256.68,0.003,28.83,24.73,0.03,0.0299,2.2195,12.25,158629.31,7.39,93.67,8.044,-0,-1,154.15,157.32,126.9,24.97,Cornering,"Hoosier 43075 16x7.5-10 R20, 7 inch rim",1670
78.77,282.92,-8.12,-570.95,-259.73,0.004,29.69,24.86,0.23,0.0313,2.1982,12.22,17966.45,7.39,93.7,7.997,-0,-0.9996,153.79,157.04,127.06,24.96,Cornering,"Hoosier 43075 16x7.5-10 R20, 7 inch rim",1671
78.8,282.93,-8.14,-571.57,-261.53,-0.002,29.51,23.98,0.16,0.0311,2.1855,12.14,25501.64,7.39,93.68,7.951,-0,-0.9997,153.49,156.95,127.24,24.95,Cornering,"Hoosier 43075 16x7.5-10 R20, 7 inch rim",1672
78.81,282.94,-6.76,-570.64,-262.3,-0.003,29.71,23.71,0.23,0.0258,2.1756,12.08,17974.24,7.39,93.67,7.911,-0,-0.9996,153.27,156.82,127.26,24.96,Cornering,"Hoosier 43075 16x7.5-10 R20, 7 inch rim",1673
78.78,282.95,-5.28,-568.48,-261.52,0.007,29.01,22.87,0.16,0.0202,2.1737,12.02,25535.45,7.39,93.68,7.881,-0,-0.9997,153.16,156.77,127.14,24.98,Cornering,"Hoosier 43075 16x7.5-10 R20, 7 inch rim",1674
78.78,282.96,-3.98,-565.36,-259.47,0.006,28.28,22.15,0.16,0.0153,2.1789,12.01,25550.27,7.39,93.66,7.831,-0,-0.9997,153.19,156.8,127,24.99,Cornering,"Hoosier 43075 16x7.5-10 R20, 7 inch rim",1675
78.81,282.97,-3.42,-562.7,-256.47,0.003,27.82,21.59,0.16,0.0133,2.194,12.07,25564.32,7.39,93.65,7.794,-0,-0.9997,153.27,156.6,126.94,25,Cornering,"Hoosier 43075 16x7.5-10 R20, 7 inch rim",1676
78.8,282.98,-2.86,-560.83,-254.07,0.006,27.38,22.55,0.03,0.0113,2.2074,12.14,158847.94,7.39,93.65,7.752,-0,-1,153.31,156.53,126.82,24.98,Cornering,"Hoosier 43075 16x7.5-10 R20, 7 inch rim",1677
78.77,282.99,-3.4,-559.42,-253.29,0.003,28.41,23.78,0.16,0.0134,2.2086,12.19,25521.58,7.39,93.64,7.713,-0,-0.9997,153.44,156.58,126.7,24.96,Cornering,"Hoosier 43075 16x7.5-10 R20, 7 inch rim",1678
78.79,283,-4.76,-558.96,-253.65,0.013,29.29,25.13,0.16,0.0188,2.2037,12.17,25512.46,7.39,93.62,7.666,-0,-0.9997,153.49,156.64,126.58,24.94,Cornering,"Hoosier 43075 16x7.5-10 R20, 7 inch rim",1679
78.81,283.01,-6.37,-559.12,-255.03,0.001,29.85,26.22,0.09,0.025,2.1923,12.11,43989.96,7.39,93.62,7.625,-0,-0.9998,153.44,156.73,126.62,24.96,Cornering,"Hoosier 43075 16x7.5-10 R20, 7 inch rim",1680
78.79,283.02,-7.4,-559.92,-257.57,0.01,30.17,27.52,0.09,0.0287,2.1738,12.05,43994.05,7.39,93.59,7.583,-0,-0.9998,153.19,156.6,126.82,24.96,Cornering,"Hoosier 43075 16x7.5-10 R20, 7 inch rim",1681
78.78,283.03,-7.76,-561.65,-260.14,0.006,29.76,28.27,0.09,0.0298,2.159,11.96,44060.12,7.39,93.57,7.534,-0,-0.9998,152.73,156.33,127.02,25,Cornering,"Hoosier 43075 16x7.5-10 R20, 7 inch rim",1682
78.81,283.04,-6.93,-562.43,-262.1,-0.007,29.23,29,0.16,0.0264,2.1459,11.96,25581.07,7.4,93.54,7.503,-0,-0.9997,152.33,156.18,127.18,25,Cornering,"Hoosier 43075 16x7.5-10 R20, 7 inch rim",1683
78.8,283.05,-5.92,-562.29,-263.81,0.009,29.54,28.75,0.16,0.0224,2.1314,12,25583.41,7.39,93.51,7.461,-0,-0.9997,152.05,156.07,127.28,25,Cornering,"Hoosier 43075 16x7.5-10 R20, 7 inch rim",1684
78.77,283.06,-3.45,-560.58,-262.81,-0.002,28.52,29.07,0.09,0.0131,2.133,12.08,44050.79,7.39,93.49,7.42,-0,-0.9998,151.86,156.05,127.2,24.98,Cornering,"Hoosier 43075 16x7.5-10 R20, 7 inch rim",1685
78.8,283.07,-1.8,-557.62,-260.98,0.009,28.05,28.58,0.09,0.0069,2.1366,12.14,44033.79,7.39,93.54,7.384,-0,-0.9998,151.81,155.98,127.12,24.97,Cornering,"Hoosier 43075 16x7.5-10 R20, 7 inch rim",1686
78.81,283.08,-0.9,-554.35,-258.18,0.012,27.49,27.9,0.09,0.0035,2.1471,12.12,44026.84,7.39,93.56,7.35,-0,-0.9998,151.86,155.89,127.1,24.97,Cornering,"Hoosier 43075 16x7.5-10 R20, 7 inch rim",1687
78.79,283.09,-0.71,-551.37,-255.33,-0,27.01,27.75,0.23,0.0028,2.1595,12.08,18007.41,7.39,93.55,7.295,-0,-0.9996,151.88,155.78,127.08,24.97,Cornering,"Hoosier 43075 16x7.5-10 R20, 7 inch rim",1688
78.78,283.1,-1.35,-549.06,-254.15,0.022,27.55,28.44,0.09,0.0053,2.1604,11.99,44025.55,7.39,93.55,7.255,-0,-0.9998,152.07,155.74,127.06,24.96,Cornering,"Hoosier 43075 16x7.5-10 R20, 7 inch rim",1689
78.81,283.11,-2.99,-547.65,-253.97,0.012,28.13,28.99,0.16,0.0118,2.1564,11.95,25543.37,7.39,93.56,7.219,-0,-0.9997,152.22,155.8,127.06,24.95,Cornering,"Hoosier 43075 16x7.5-10 R20, 7 inch rim",1690
78.8,283.12,-4.78,-547.34,-255.1,0.004,28.88,29.75,0.16,0.0187,2.1455,11.93,25539.53,7.4,93.55,7.181,-0,-0.9997,152.18,155.85,127.14,24.94,Cornering,"Hoosier 43075 16x7.5-10 R20, 7 inch rim",1691
78.78,283.13,-6.71,-547.82,-257.21,-0.002,29.03,29.74,0.03,0.0261,2.1298,12,158838.56,7.4,93.53,7.144,-0,-1,151.96,155.8,127.32,24.95,Cornering,"Hoosier 43075 16x7.5-10 R20, 7 inch rim",1692
78.79,283.14,-7.91,-549.08,-259.91,0.001,28.84,29.72,0.16,0.0304,2.1126,12.08,25561.4,7.4,93.52,7.105,-0,-0.9997,151.62,155.54,127.59,24.96,Cornering,"Hoosier 43075 16x7.5-10 R20, 7 inch rim",1693
78.81,283.15,-7.66,-549.41,-262.23,0.009,28.97,29.89,0.09,0.0292,2.0952,12.09,44084.89,7.4,93.53,7.056,-0,-0.9998,151.21,155.32,127.83,24.98,Cornering,"Hoosier 43075 16x7.5-10 R20, 7 inch rim",1694
78.79,283.16,-6.62,-549.73,-264.34,0.003,29.42,29.76,0.09,0.0251,2.0796,12.08,44087.49,7.4,93.53,7.028,-0,-0.9998,150.83,155.21,127.99,24.98,Cornering,"Hoosier 43075 16x7.5-10 R20, 7 inch rim",1695
78.77,283.17,-5.14,-548.96,-264.6,0.012,28.81,29.24,0.16,0.0194,2.0747,12.02,25591.05,7.4,93.59,6.993,-0,-0.9997,150.61,155.14,127.97,24.98,Cornering,"Hoosier 43075 16x7.5-10 R20, 7 inch rim",1696
78.81,283.18,-3.42,-546.15,-262.2,0.007,27.47,28.48,0.09,0.013,2.083,11.93,44084,7.4,93.62,6.953,-0,-0.9998,150.53,155.08,127.93,24.98,Cornering,"Hoosier 43075 16x7.5-10 R20, 7 inch rim",1697
78.81,283.19,-2.73,-542.89,-259.17,0.016,26.53,27.26,0.23,0.0105,2.0947,11.89,18034.38,7.4,93.68,6.912,-0,-0.9996,150.59,154.99,127.93,24.99,Cornering,"Hoosier 43075 16x7.5-10 R20, 7 inch rim",1698
78.78,283.2,-2.87,-540.07,-256.85,0.009,26.34,26.33,0.03,0.0112,2.1027,11.91,159259.72,7.4,93.69,6.872,-0,-1,150.59,154.79,127.91,25,Cornering,"Hoosier 43075 16x7.5-10 R20, 7 inch rim",1699
78.79,283.21,-3.5,-537.1,-254.94,0.004,27.05,26.58,0.09,0.0137,2.1068,11.97,44146,7.4,93.66,6.831,-0,-0.9998,150.68,154.7,127.85,25.01,Cornering,"Hoosier 43075 16x7.5-10 R20, 7 inch rim",1700
78.81,283.22,-4.92,-535.24,-254.91,0.01,28.14,27.14,0.09,0.0193,2.0997,12.03,44138.29,7.4,93.59,6.803,-0,-0.9998,150.76,154.7,127.85,25,Cornering,"Hoosier 43075 16x7.5-10 R20, 7 inch rim",1701
78.8,283.23,-6.7,-534,-255.35,0.003,28.55,28.1,0.09,0.0262,2.0912,12.06,44111.61,7.4,93.61,6.757,-0,-0.9998,150.76,154.77,127.85,24.98,Cornering,"Hoosier 43075 16x7.5-10 R20, 7 inch rim",1702
78.77,283.24,-7.78,-533.55,-257.56,0.006,29.37,29.45,0.03,0.0302,2.0715,12.04,158978.58,7.4,93.61,6.71,-0,-1,150.61,154.68,128.07,24.95,Cornering,"Hoosier 43075 16x7.5-10 R20, 7 inch rim",1703
78.81,283.25,-8.31,-534.5,-260.27,0.003,29.14,30.38,0.03,0.0319,2.0536,11.96,158991.06,7.4,93.66,6.67,-0,-1,150.37,154.46,128.31,24.95,Cornering,"Hoosier 43075 16x7.5-10 R20, 7 inch rim",1704
78.81,283.26,-7.93,-535.14,-262.41,0.003,28.57,31.28,0.09,0.0302,2.0393,11.88,44091.91,7.4,93.72,6.63,-0,-0.9998,149.99,154.24,128.52,24.97,Cornering,"Hoosier 43075 16x7.5-10 R20, 7 inch rim",1705
78.79,283.27,-7.04,-535.78,-265.47,0.006,29.21,31.37,0.16,0.0265,2.0182,11.85,25617.77,7.41,93.74,6.585,-0,-0.9997,149.69,154.11,128.68,24.99,Cornering,"Hoosier 43075 16x7.5-10 R20, 7 inch rim",1706
78.79,283.28,-5.23,-535.16,-265.37,0.006,27.87,31.61,0.09,0.0197,2.0166,11.87,44170.14,7.41,93.79,6.552,-0,-0.9998,149.41,153.96,128.74,25.01,Cornering,"Hoosier 43075 16x7.5-10 R20, 7 inch rim",1707
78.81,283.29,-3.82,-532.99,-263.98,0.006,26.83,30.92,0.09,0.0145,2.019,11.95,44215.2,7.41,93.82,6.504,-0,-0.9998,149.32,153.87,128.62,25.03,Cornering,"Hoosier 43075 16x7.5-10 R20, 7 inch rim",1708
78.81,283.3,-2.77,-529.55,-261.71,0.004,26.53,30.04,0.16,0.0106,2.0235,12,25659.31,7.41,93.82,6.465,-0,-0.9997,149.32,153.74,128.56,25.03,Cornering,"Hoosier 43075 16x7.5-10 R20, 7 inch rim",1709
78.77,283.31,-2.26,-525.81,-258.57,0.004,26,29.58,0.09,0.0087,2.0335,12.01,44191.29,7.41,93.82,6.422,-0,-0.9998,149.3,153.54,128.5,25.01,Cornering,"Hoosier 43075 16x7.5-10 R20, 7 inch rim",1710
78.8,283.32,-2.55,-522.37,-256.11,-0.006,25.96,29.65,0.09,0.0099,2.0396,12,44194.48,7.41,93.82,6.383,-0,-0.9998,149.37,153.38,128.48,25.01,Cornering,"Hoosier 43075 16x7.5-10 R20, 7 inch rim",1711
78.81,283.33,-3.64,-519.43,-255.67,0.013,27.06,30.44,0.16,0.0142,2.0317,11.93,25641.1,7.41,93.79,6.349,-0,-0.9997,149.34,153.34,128.44,25,Cornering,"Hoosier 43075 16x7.5-10 R20, 7 inch rim",1712
78.8,283.34,-4.95,-517.72,-256.33,0.009,27.9,31.5,0.09,0.0193,2.0197,11.87,44179.86,7.41,93.75,6.312,-0,-0.9998,149.41,153.36,128.48,25,Cornering,"Hoosier 43075 16x7.5-10 R20, 7 inch rim",1713
78.78,283.35,-6.09,-517.42,-257.35,-0.002,27.39,32.67,0.09,0.0237,2.0105,11.82,44173.45,7.41,93.73,6.264,-0,-0.9998,149.28,153.36,128.62,25,Cornering,"Hoosier 43075 16x7.5-10 R20, 7 inch rim",1714
78.81,283.36,-6.7,-517.29,-260.18,0.006,28.12,33.83,0.03,0.0257,1.9882,11.87,159457.12,7.41,93.72,6.224,-0,-1,148.98,153.16,128.88,25,Cornering,"Hoosier 43075 16x7.5-10 R20, 7 inch rim",1715
78.81,283.37,-6.93,-517.93,-263.92,0.004,28.93,34.18,0.03,0.0263,1.9625,11.93,159431.72,7.41,93.69,6.184,-0,-1,148.72,152.88,129.14,25,Cornering,"Hoosier 43075 16x7.5-10 R20, 7 inch rim",1716
78.77,283.38,-6.31,-518.1,-266.53,0.01,28.74,34.11,0.09,0.0237,1.9439,12.04,44141.74,7.41,93.63,6.148,-0,-0.9998,148.36,152.75,129.33,24.97,Cornering,"Hoosier 43075 16x7.5-10 R20, 7 inch rim",1717
78.79,283.39,-5.18,-517.8,-267.25,0.006,27.53,33.67,0.09,0.0194,1.9375,12.07,44134.99,7.41,93.58,6.104,-0,-0.9998,148.16,152.61,129.43,24.97,Cornering,"Hoosier 43075 16x7.5-10 R20, 7 inch rim",1718
78.82,283.4,-3.83,-515.94,-266.55,0.004,26.57,32.85,0.16,0.0144,1.9357,12.05,25606.93,7.41,93.59,6.06,-0,-0.9997,147.97,152.5,129.37,24.96,Cornering,"Hoosier 43075 16x7.5-10 R20, 7 inch rim",1719
78.79,283.41,-2.58,-512.67,-263.41,0.004,24.92,32.02,0.16,0.0098,1.9463,11.99,25620.18,7.41,93.64,6.03,-0,-0.9997,147.93,152.33,129.31,24.97,Cornering,"Hoosier 43075 16x7.5-10 R20, 7 inch rim",1720
78.78,283.42,-2.38,-509.08,-260.49,0.007,24.18,30.98,0.16,0.0091,1.9543,11.92,25622.04,7.42,93.63,5.988,-0,-0.9997,147.82,152.11,129.31,24.97,Cornering,"Hoosier 43075 16x7.5-10 R20, 7 inch rim",1721
78.81,283.43,-2.14,-505.18,-257.84,-0,24.69,31.28,0.03,0.0083,1.9593,11.94,159497.84,7.42,93.67,5.949,-0,-1,147.74,152,129.33,25,Cornering,"Hoosier 43075 16x7.5-10 R20, 7 inch rim",1722
78.81,283.44,-3.72,-502.07,-257.64,0.013,26.34,31.41,0.23,0.0144,1.9488,11.98,18080.82,7.42,93.72,5.909,-0,-0.9996,147.8,151.93,129.28,25.01,Cornering,"Hoosier 43075 16x7.5-10 R20, 7 inch rim",1723
78.78,283.45,-4.88,-499.58,-257.02,0.007,26.68,32.6,-0.04,0.019,1.9437,12.08,-99276.42,7.42,93.72,5.866,-0,-1.0001,147.78,151.95,129.35,25.03,Cornering,"Hoosier 43075 16x7.5-10 R20, 7 inch rim",1724
78.8,283.46,-6.13,-498.19,-258.24,0.001,27.3,33.76,0.09,0.0237,1.9292,12.15,44268.59,7.42,93.74,5.832,-0,-0.9998,147.67,151.89,129.55,25.03,Cornering,"Hoosier 43075 16x7.5-10 R20, 7 inch rim",1725
78.81,283.47,-7.02,-498.06,-261.24,0.01,28.16,34.87,0.09,0.0269,1.9065,12.21,44231.21,7.42,93.78,5.783,-0,-0.9998,147.48,151.75,129.81,25.01,Cornering,"Hoosier 43075 16x7.5-10 R20, 7 inch rim",1726
78.79,283.48,-7.54,-498.38,-263.7,0.001,27.81,35.13,0.09,0.0286,1.8899,12.19,44224.14,7.42,93.86,5.74,-0,-0.9998,147.16,151.49,130.09,25,Cornering,"Hoosier 43075 16x7.5-10 R20, 7 inch rim",1727
78.78,283.49,-6.98,-499.18,-266.54,0.003,27.47,35.23,0.03,0.0262,1.8728,12.1,159452.2,7.43,93.88,5.707,-0,-1,146.88,151.31,130.32,24.98,Cornering,"Hoosier 43075 16x7.5-10 R20, 7 inch rim",1728
78.81,283.5,-5.62,-499.5,-268.07,-0.002,26.45,35.05,0.23,0.021,1.8633,12.05,18071.44,7.43,93.9,5.666,-0,-0.9996,146.6,151.16,130.44,24.98,Cornering,"Hoosier 43075 16x7.5-10 R20, 7 inch rim",1729
78.81,283.51,-4.33,-498.1,-267.92,-0.002,26.1,34.13,0.09,0.0162,1.8591,12.04,44221.82,7.43,93.92,5.632,-0,-0.9998,146.43,151.05,130.42,25,Cornering,"Hoosier 43075 16x7.5-10 R20, 7 inch rim",1730
78.77,283.52,-2.95,-495.78,-264.83,0.004,23.54,33.25,0.16,0.0111,1.872,12.09,25686.5,7.42,93.95,5.597,-0,-0.9997,146.36,150.96,130.4,25.01,Cornering,"Hoosier 43075 16x7.5-10 R20, 7 inch rim",1731
78.79,283.53,-2.06,-491.71,-261.96,-0,23.72,32.54,0.09,0.0079,1.877,12.17,44268.18,7.43,93.96,5.557,-0,-0.9998,146.21,150.72,130.38,25.02,Cornering,"Hoosier 43075 16x7.5-10 R20, 7 inch rim",1732
78.81,283.54,-2.34,-487.82,-259.13,0.009,23.92,32.07,0.16,0.009,1.8825,12.2,25677.68,7.43,93.99,5.523,-0,-0.9997,146.17,150.57,130.38,25,Cornering,"Hoosier 43075 16x7.5-10 R20, 7 inch rim",1733
78.8,283.55,-3.21,-483.45,-257.11,0.004,24.66,32.36,0.03,0.0125,1.8803,12.19,159439.53,7.43,93.96,5.47,-0,-1,146.17,150.48,130.38,24.97,Cornering,"Hoosier 43075 16x7.5-10 R20, 7 inch rim",1734
78.77,283.56,-4.72,-480.5,-257.18,0.01,26.24,33.42,0.09,0.0183,1.8683,12.12,44174.28,7.43,93.97,5.434,-0,-0.9998,146.19,150.43,130.42,24.96,Cornering,"Hoosier 43075 16x7.5-10 R20, 7 inch rim",1735
78.81,283.57,-6.51,-478.65,-257.92,0.01,26.36,34.39,-0.04,0.0252,1.8558,12.04,-99008.48,7.43,93.99,5.39,-0,-1.0001,146.17,150.46,130.56,24.94,Cornering,"Hoosier 43075 16x7.5-10 R20, 7 inch rim",1736
78.81,283.58,-7.25,-478.2,-260.8,0.009,27.62,35.89,0.16,0.0278,1.8336,11.95,25613.39,7.43,94.03,5.345,-0,-0.9997,146.04,150.35,130.74,24.93,Cornering,"Hoosier 43075 16x7.5-10 R20, 7 inch rim",1737
78.78,283.59,-7.75,-479,-264.04,0.013,27.18,36.74,0.16,0.0293,1.8141,11.92,25638.62,7.43,94.05,5.309,-0,-0.9997,145.83,150.15,131.04,24.96,Cornering,"Hoosier 43075 16x7.5-10 R20, 7 inch rim",1738
78.78,283.6,-7.14,-479.8,-266.72,0.006,26.44,37.55,0.03,0.0268,1.7989,11.97,159304.7,7.43,94.05,5.266,-0,-1,145.55,150.04,131.25,24.94,Cornering,"Hoosier 43075 16x7.5-10 R20, 7 inch rim",1739
78.81,283.61,-6.07,-480.6,-268.62,0.007,25.14,37.66,0.16,0.0226,1.7892,12.05,25623.88,7.44,94.08,5.229,-0,-0.9997,145.33,149.88,131.41,24.94,Cornering,"Hoosier 43075 16x7.5-10 R20, 7 inch rim",1740
78.81,283.62,-4.66,-479.99,-268.69,0.009,23.98,37.3,0.09,0.0173,1.7864,12.1,44140.13,7.43,94.08,5.181,-0,-0.9998,145.18,149.75,131.39,24.93,Cornering,"Hoosier 43075 16x7.5-10 R20, 7 inch rim",1741
78.78,283.63,-2.91,-477.33,-267.04,0.007,23.61,36.78,0.09,0.0109,1.7875,12.08,44142.39,7.44,94.1,5.146,-0,-0.9998,145.1,149.6,131.35,24.93,Cornering,"Hoosier 43075 16x7.5-10 R20, 7 inch rim",1742
78.79,283.64,-2.35,-473.75,-264.1,0.006,22.95,35.59,-0.04,0.0089,1.7938,12.03,-99097.66,7.44,94.08,5.102,-0,-1.0001,145.01,149.4,131.33,24.95,Cornering,"Hoosier 43075 16x7.5-10 R20, 7 inch rim",1743
78.81,283.65,-1.92,-469.23,-260.33,0.012,22.65,35.66,0.09,0.0074,1.8025,11.94,44240.61,7.44,94.08,5.056,-0,-0.9998,144.99,149.18,131.41,24.98,Cornering,"Hoosier 43075 16x7.5-10 R20, 7 inch rim",1744
78.78,283.66,-2.79,-464.85,-258.35,0.006,24.06,35.64,0.16,0.0108,1.7993,11.87,25691.42,7.44,94.01,5.019,-0,-0.9997,144.99,149.05,131.47,25,Cornering,"Hoosier 43075 16x7.5-10 R20, 7 inch rim",1745
78.78,283.67,-3.83,-461.28,-256.94,0.013,24.38,36.79,0.09,0.0149,1.7953,11.86,44276.52,7.44,93.98,4.976,-0,-0.9998,145.03,149,131.47,25,Cornering,"Hoosier 43075 16x7.5-10 R20, 7 inch rim",1746
78.81,283.68,-5.52,-459.1,-257.62,0.001,25.34,37.73,0.09,0.0214,1.7821,11.9,44268.33,7.44,93.93,4.943,-0,-0.9998,144.99,149,131.65,25,Cornering,"Hoosier 43075 16x7.5-10 R20, 7 inch rim",1747
78.8,283.69,-7.08,-458.03,-259.69,0.003,25.68,38.65,-0.04,0.0273,1.7638,11.99,-99311.27,7.45,93.88,4.896,-0,-1.0001,144.93,148.87,131.87,25,Cornering,"Hoosier 43075 16x7.5-10 R20, 7 inch rim",1748
78.78,283.7,-7.41,-458.06,-263.29,0.012,26.36,39.87,0.03,0.0281,1.7398,12.05,159805.72,7.44,93.87,4.864,-0,-1,144.69,148.72,132.15,25,Cornering,"Hoosier 43075 16x7.5-10 R20, 7 inch rim",1749
78.79,283.71,-7.27,-458.54,-265.71,-0.005,24.98,40.22,0.03,0.0274,1.7257,12.07,159779.47,7.45,93.86,4.815,-0,-1,144.43,148.59,132.38,25,Cornering,"Hoosier 43075 16x7.5-10 R20, 7 inch rim",1750
78.81,283.72,-6.4,-459.04,-268.58,0.012,24.54,40.35,0.09,0.0238,1.7091,12.02,44288.69,7.44,93.83,4.78,-0,-0.9998,144.17,148.41,132.5,25,Cornering,"Hoosier 43075 16x7.5-10 R20, 7 inch rim",1751
78.79,283.73,-4.86,-458.59,-269.02,0.007,23.1,39.88,0.16,0.018,1.7046,11.92,25701.47,7.45,93.79,4.74,-0,-0.9997,144.02,148.34,132.54,25,Cornering,"Hoosier 43075 16x7.5-10 R20, 7 inch rim",1752
78.77,283.74,-3.22,-456.72,-267.31,0.014,21.71,39.17,0.16,0.012,1.7086,11.86,25696.61,7.45,93.8,4.708,-0,-0.9997,143.87,148.19,132.5,24.99,Cornering,"Hoosier 43075 16x7.5-10 R20, 7 inch rim",1753
78.81,283.75,-2.13,-453.12,-264.23,0.003,21.3,38.15,0.16,0.0081,1.7149,11.86,25703.8,7.45,93.84,4.672,-0,-0.9997,143.83,148.01,132.46,25,Cornering,"Hoosier 43075 16x7.5-10 R20, 7 inch rim",1754
78.81,283.76,-1.57,-448.29,-260.77,0.01,21.75,37.84,0.09,0.006,1.7191,11.89,44318.03,7.45,93.87,4.632,-0,-0.9998,143.66,147.79,132.48,25.01,Cornering,"Hoosier 43075 16x7.5-10 R20, 7 inch rim",1755
78.78,283.77,-2.12,-443.45,-257.88,-0.002,22.41,37.73,0.03,0.0082,1.7196,11.98,159864.62,7.45,93.88,4.592,-0,-1,143.7,147.64,132.5,25,Cornering,"Hoosier 43075 16x7.5-10 R20, 7 inch rim",1756
78.79,283.78,-3.6,-438.95,-256.45,0.022,23.36,38.13,0.09,0.014,1.7116,12.06,44302.07,7.45,93.85,4.553,-0,-0.9998,143.68,147.55,132.5,25,Cornering,"Hoosier 43075 16x7.5-10 R20, 7 inch rim",1757
78.82,283.79,-5.48,-435.51,-256.55,-0.005,24.24,38.63,0.16,0.0214,1.6976,12.06,25715.27,7.46,93.84,4.509,-0,-0.9997,143.66,147.53,132.64,25,Cornering,"Hoosier 43075 16x7.5-10 R20, 7 inch rim",1758
78.79,283.8,-7.2,-434.3,-258.41,0.006,24.21,39.46,0.03,0.0279,1.6806,12.01,159738.62,7.46,93.88,4.485,-0,-1,143.59,147.44,132.86,24.98,Cornering,"Hoosier 43075 16x7.5-10 R20, 7 inch rim",1759
78.78,283.81,-8.4,-433.86,-260.68,0.01,23.32,39.94,0.09,0.0322,1.6643,11.92,44267.75,7.46,93.88,4.435,-0,-0.9998,143.36,147.31,133.12,24.98,Cornering,"Hoosier 43075 16x7.5-10 R20, 7 inch rim",1760
78.81,283.82,-8.49,-434.19,-264.28,-0,23.04,40.38,0.09,0.0321,1.6429,11.86,44249.36,7.46,93.86,4.396,-0,-0.9998,143.1,147.09,133.37,24.97,Cornering,"Hoosier 43075 16x7.5-10 R20, 7 inch rim",1761
78.81,283.83,-8.31,-434.54,-267.23,0.009,22.17,40.11,0.23,0.0311,1.6261,11.86,18092.97,7.46,93.87,4.357,-0,-0.9996,142.89,146.96,133.55,24.97,Cornering,"Hoosier 43075 16x7.5-10 R20, 7 inch rim",1762
78.78,283.84,-6.83,-434.39,-268.76,0.007,21.69,39.86,0.09,0.0254,1.6163,11.91,44264.03,7.46,93.86,4.316,-0,-0.9998,142.69,146.82,133.59,24.97,Cornering,"Hoosier 43075 16x7.5-10 R20, 7 inch rim",1763
78.79,283.85,-5.23,-432.52,-267.65,0.004,20.79,39.2,0.09,0.0195,1.616,12,44296.87,7.46,93.88,4.278,-0,-0.9998,142.57,146.67,133.59,24.99,Cornering,"Hoosier 43075 16x7.5-10 R20, 7 inch rim",1764
78.82,283.86,-3.67,-429.1,-264.72,0.012,20.24,38.68,0.23,0.0139,1.6209,12.05,18108.24,7.46,93.94,4.237,-0,-0.9996,142.44,146.54,133.59,24.98,Cornering,"Hoosier 43075 16x7.5-10 R20, 7 inch rim",1765
78.8,283.87,-3.28,-424.41,-260.99,0.004,20.4,37.63,-0.04,0.0126,1.6261,12.06,-99355.55,7.46,93.97,4.195,-0,-1.0001,142.39,146.38,133.61,24.98,Cornering,"Hoosier 43075 16x7.5-10 R20, 7 inch rim",1766
78.78,283.88,-3.86,-419.41,-257.99,0.003,21.18,37.05,0.16,0.0149,1.6257,12,25702.25,7.46,93.97,4.168,-0,-0.9997,142.39,146.23,133.65,24.98,Cornering,"Hoosier 43075 16x7.5-10 R20, 7 inch rim",1767
78.8,283.89,-4.9,-414.28,-256.2,0.007,22.03,37.54,0.03,0.0191,1.617,11.91,159737.22,7.46,93.93,4.112,-0,-1,142.37,146.19,133.75,24.97,Cornering,"Hoosier 43075 16x7.5-10 R20, 7 inch rim",1768
78.82,283.9,-6.17,-410.72,-255.46,0.012,21.8,38.73,0.09,0.0242,1.6077,11.87,44287,7.46,93.96,4.075,-0,-0.9998,142.35,146.1,133.85,24.98,Cornering,"Hoosier 43075 16x7.5-10 R20, 7 inch rim",1769
78.78,283.91,-7.38,-408.24,-257.23,0.009,22.11,40,0.09,0.0287,1.5871,11.9,44299.39,7.47,93.98,4.034,-0,-0.9998,142.35,146.05,134.01,24.98,Cornering,"Hoosier 43075 16x7.5-10 R20, 7 inch rim",1770
78.78,283.92,-8.62,-407.03,-259.61,0.01,21.37,40.56,0.16,0.0332,1.5679,11.97,25725.08,7.47,93.96,4.002,-0,-0.9997,142.22,145.92,134.28,25,Cornering,"Hoosier 43075 16x7.5-10 R20, 7 inch rim",1771
78.82,283.93,-8.17,-406.44,-263.43,0.007,21.34,41.76,0.09,0.031,1.5429,12.05,44324.03,7.47,93.91,3.952,-0,-0.9998,142.01,145.72,134.5,25,Cornering,"Hoosier 43075 16x7.5-10 R20, 7 inch rim",1772
78.8,283.94,-7.72,-406.3,-266.47,-0.005,20.63,41.76,0.16,0.029,1.5247,12.14,25727.68,7.47,93.86,3.912,-0,-0.9997,141.81,145.59,134.68,25,Cornering,"Hoosier 43075 16x7.5-10 R20, 7 inch rim",1773
78.77,283.95,-6.32,-405.39,-268.64,0.014,20.49,41.79,0.09,0.0235,1.5091,12.14,44328.09,7.47,93.79,3.869,-0,-0.9998,141.64,145.42,134.8,25,Cornering,"Hoosier 43075 16x7.5-10 R20, 7 inch rim",1774
78.8,283.96,-4.6,-403.69,-267.95,0.012,19.24,41.36,0.03,0.0171,1.5066,12.08,159860.55,7.47,93.75,3.839,-0,-1,141.49,145.31,134.8,24.98,Cornering,"Hoosier 43075 16x7.5-10 R20, 7 inch rim",1775
78.81,283.97,-3.5,-400.41,-265.17,0.001,18.17,40.34,0.09,0.0132,1.51,12,44280.73,7.47,93.69,3.784,-0,-0.9998,141.41,145.13,134.82,24.97,Cornering,"Hoosier 43075 16x7.5-10 R20, 7 inch rim",1776
78.78,283.98,-2.46,-395.57,-262.36,0.006,19.2,39.8,0.09,0.0094,1.5077,11.95,44272.07,7.47,93.63,3.75,-0,-0.9998,141.34,144.93,134.88,24.96,Cornering,"Hoosier 43075 16x7.5-10 R20, 7 inch rim",1777
78.77,283.99,-2.91,-390.12,-259.54,0.014,19.89,39.17,0.09,0.0112,1.5031,11.97,44283.88,7.47,93.58,3.717,-0,-0.9998,141.28,144.71,134.94,24.97,Cornering,"Hoosier 43075 16x7.5-10 R20, 7 inch rim",1778
78.81,284,-3.92,-384.81,-256.54,-0.003,19.66,39.14,0.16,0.0153,1.5,12.03,25704.53,7.48,93.55,3.669,-0,-0.9997,141.28,144.65,135,24.97,Cornering,"Hoosier 43075 16x7.5-10 R20, 7 inch rim",1779
78.81,284.01,-5.62,-380.32,-256.23,0.001,20.11,39.5,0.09,0.022,1.4843,12.11,44318.72,7.48,93.51,3.63,-0,-0.9998,141.28,144.62,135.1,24.98,Cornering,"Hoosier 43075 16x7.5-10 R20, 7 inch rim",1780
78.78,284.02,-6.93,-376.92,-256.97,0.006,20.11,40.46,0.09,0.027,1.4667,12.17,44310.55,7.48,93.5,3.583,-0,-0.9998,141.36,144.62,135.27,24.98,Cornering,"Hoosier 43075 16x7.5-10 R20, 7 inch rim",1781
78.8,284.03,-8.27,-375.08,-259.76,0.007,19.89,40.99,-0.04,0.0318,1.444,12.18,-99357.34,7.48,93.5,3.541,-0,-1.0001,141.32,144.42,135.45,24.97,Cornering,"Hoosier 43075 16x7.5-10 R20, 7 inch rim",1782
78.81,284.04,-9.06,-374.03,-262.76,0.016,19.03,41.14,0.09,0.0345,1.4235,12.13,44252.26,7.48,93.48,3.505,-0,-0.9998,141.19,144.27,135.69,24.94,Cornering,"Hoosier 43075 16x7.5-10 R20, 7 inch rim",1783
78.79,284.05,-8.47,-372.96,-266.45,0.003,18.97,41.26,0.09,0.0318,1.3997,12.03,44223.26,7.48,93.46,3.462,-0,-0.9998,141,144.12,135.85,24.93,Cornering,"Hoosier 43075 16x7.5-10 R20, 7 inch rim",1784
78.78,284.06,-7.57,-372.05,-268.39,0.009,17.66,40.91,0.09,0.0282,1.3862,11.97,44214.62,7.48,93.47,3.424,-0,-0.9998,140.87,143.92,136.01,24.92,Cornering,"Hoosier 43075 16x7.5-10 R20, 7 inch rim",1785
78.81,284.07,-5.89,-370.04,-268.88,0.004,17.52,40.57,0.09,0.0219,1.3762,11.97,44196.09,7.48,93.49,3.375,-0,-0.9998,140.78,143.76,135.97,24.91,Cornering,"Hoosier 43075 16x7.5-10 R20, 7 inch rim",1786
78.81,284.08,-5.04,-367.23,-266.93,-0.003,16.79,39.1,0.03,0.0189,1.3757,12.01,159494.53,7.48,93.53,3.346,-0,-1,140.74,143.68,135.93,24.91,Cornering,"Hoosier 43075 16x7.5-10 R20, 7 inch rim",1787
78.78,284.09,-4.36,-362.87,-263.77,0.013,16.61,38.22,0.09,0.0165,1.3757,12.1,44240.12,7.48,93.6,3.305,-0,-0.9998,140.72,143.46,135.91,24.93,Cornering,"Hoosier 43075 16x7.5-10 R20, 7 inch rim",1788
78.8,284.1,-4.62,-357.41,-260.2,0.006,16.84,37.24,0.03,0.0177,1.3736,12.17,159766.72,7.48,93.67,3.262,-0,-1,140.59,143.24,135.93,24.95,Cornering,"Hoosier 43075 16x7.5-10 R20, 7 inch rim",1789
78.82,284.11,-5.58,-351.64,-257.75,0.006,17.65,36.88,0.09,0.0217,1.3643,12.18,44274.02,7.49,93.75,3.229,-0,-0.9998,140.59,143.06,136.03,24.95,Cornering,"Hoosier 43075 16x7.5-10 R20, 7 inch rim",1790
78.79,284.12,-6.61,-346.51,-256.91,0.003,18.33,37.55,0.03,0.0257,1.3487,12.11,159889.14,7.49,93.76,3.185,-0,-1,140.63,143.02,136.16,24.97,Cornering,"Hoosier 43075 16x7.5-10 R20, 7 inch rim",1791
78.77,284.13,-7.94,-342.64,-257.24,0.004,18.04,38.28,0.09,0.0309,1.332,12.03,44307.96,7.49,93.78,3.15,-0,-0.9998,140.66,143.04,136.3,24.97,Cornering,"Hoosier 43075 16x7.5-10 R20, 7 inch rim",1792
78.81,284.14,-8.83,-340.03,-259.27,0.006,17.55,39.21,0.09,0.0341,1.3115,11.96,44360.44,7.49,93.77,3.123,-0,-0.9998,140.59,142.95,136.52,25,Cornering,"Hoosier 43075 16x7.5-10 R20, 7 inch rim",1793
78.81,284.15,-9.48,-338.04,-262.38,0.006,16.91,39.44,0.16,0.0361,1.2884,11.95,25760.53,7.49,93.72,3.081,-0,-0.9997,140.46,142.8,136.66,25.01,Cornering,"Hoosier 43075 16x7.5-10 R20, 7 inch rim",1794
78.78,284.16,-9.54,-337.14,-266.36,0.009,16.7,39.19,0.09,0.0358,1.2657,12,44384.05,7.49,93.69,3.043,-0,-0.9998,140.29,142.64,136.8,25.01,Cornering,"Hoosier 43075 16x7.5-10 R20, 7 inch rim",1795
78.79,284.17,-8.58,-335.77,-268.97,0.012,16.15,38.93,0.09,0.0319,1.2483,12.07,44385.27,7.49,93.65,3.01,-0,-0.9998,140.12,142.58,136.92,25.01,Cornering,"Hoosier 43075 16x7.5-10 R20, 7 inch rim",1796
78.81,284.18,-7.12,-334.06,-270.03,0.006,15.82,38.33,0.03,0.0263,1.2371,12.14,160066.81,7.49,93.62,2.97,-0,-1,139.99,142.47,136.92,24.99,Cornering,"Hoosier 43075 16x7.5-10 R20, 7 inch rim",1797
78.8,284.19,-5.77,-331.1,-267.88,-0.002,14.46,37.16,0.09,0.0215,1.236,12.14,44336.73,7.5,93.63,2.93,-0,-0.9998,139.88,142.36,136.88,24.98,Cornering,"Hoosier 43075 16x7.5-10 R20, 7 inch rim",1798
78.78,284.2,-5.21,-326.73,-265.11,-0,14.75,35.67,-0.04,0.0196,1.2324,12.08,-99460.48,7.5,93.63,2.9,-0,-1.0001,139.84,142.25,136.96,24.98,Cornering,"Hoosier 43075 16x7.5-10 R20, 7 inch rim",1799
78.8,284.21,-5.49,-320.97,-260.9,0.004,14.15,34.21,0.03,0.021,1.2302,12,160007.05,7.5,93.63,2.857,-0,-1,139.75,142.09,137,24.98,Cornering,"Hoosier 43075 16x7.5-10 R20, 7 inch rim",1800
78.82,284.22,-6.51,-315.2,-257.84,0.001,14.2,33.4,0.03,0.0252,1.2225,11.93,160087.52,7.5,93.63,2.807,-0,-1,139.73,142.05,137.04,24.99,Cornering,"Hoosier 43075 16x7.5-10 R20, 7 inch rim",1801
78.78,284.23,-7.84,-309.3,-256.79,0.007,15.16,33.51,0.09,0.0305,1.2045,11.93,44352.19,7.5,93.65,2.781,-0,-0.9998,139.75,141.98,137.13,24.98,Cornering,"Hoosier 43075 16x7.5-10 R20, 7 inch rim",1802
78.77,284.24,-9.42,-304.64,-257.08,0.004,15.54,33.74,0.09,0.0367,1.185,11.98,44374.72,7.5,93.68,2.722,-0,-0.9998,139.78,142,137.25,25,Cornering,"Hoosier 43075 16x7.5-10 R20, 7 inch rim",1803
78.81,284.25,-10.14,-300.93,-258.76,-0,15.89,34.99,0.03,0.0392,1.163,12.06,160140.08,7.5,93.76,2.678,-0,-1,139.75,141.96,137.35,25,Cornering,"Hoosier 43075 16x7.5-10 R20, 7 inch rim",1804
78.81,284.26,-10.76,-298.32,-262.34,0.009,16.47,35.48,0.09,0.041,1.1372,12.13,44377.13,7.5,93.81,2.648,-0,-0.9998,139.6,141.81,137.49,25,Cornering,"Hoosier 43075 16x7.5-10 R20, 7 inch rim",1805
78.77,284.27,-11.27,-296.49,-265.69,0.006,15.48,34.99,0.09,0.0424,1.1159,12.13,44368.47,7.51,93.83,2.596,-0,-0.9998,139.41,141.74,137.65,24.99,Cornering,"Hoosier 43075 16x7.5-10 R20, 7 inch rim",1806
78.79,284.28,-10.14,-294.96,-268.58,0.01,14.8,35.08,0.09,0.0378,1.0982,12.07,44359.77,7.5,93.83,2.545,-0,-0.9998,139.15,141.61,137.71,24.98,Cornering,"Hoosier 43075 16x7.5-10 R20, 7 inch rim",1807
78.82,284.29,-8.62,-293.27,-269.4,0.009,12.99,34.61,0.09,0.032,1.0886,11.99,44350.6,7.51,93.85,2.507,-0,-0.9998,139.05,141.45,137.77,24.98,Cornering,"Hoosier 43075 16x7.5-10 R20, 7 inch rim",1808
78.79,284.3,-6.97,-290.01,-268.22,0.01,12.22,34.06,0.03,0.026,1.0813,11.92,160053.48,7.51,93.88,2.454,-0,-1,138.87,141.39,137.77,24.98,Cornering,"Hoosier 43075 16x7.5-10 R20, 7 inch rim",1809
78.78,284.31,-5.45,-286.11,-264.86,0.007,11.16,33.58,0.09,0.0206,1.0802,11.9,44353.42,7.51,93.9,2.411,-0,-0.9998,138.79,141.28,137.79,24.98,Cornering,"Hoosier 43075 16x7.5-10 R20, 7 inch rim",1810
78.81,284.32,-5.17,-280.19,-260.93,0.014,11.26,32.57,0.09,0.0198,1.0738,11.96,44323.64,7.51,93.93,2.373,-0,-0.9998,138.66,141.12,137.87,24.96,Cornering,"Hoosier 43075 16x7.5-10 R20, 7 inch rim",1811
78.81,284.33,-5.52,-273.34,-257.89,0.014,12.37,32.12,0.09,0.0214,1.0599,12.04,44345.26,7.51,93.95,2.335,-0,-0.9998,138.64,141.06,137.93,24.97,Cornering,"Hoosier 43075 16x7.5-10 R20, 7 inch rim",1812
78.78,284.34,-6.63,-266.95,-255.27,0.01,12.71,32.12,0.03,0.026,1.0458,12.11,159995.66,7.51,94,2.293,-0,-1,138.68,141.06,138.03,24.97,Cornering,"Hoosier 43075 16x7.5-10 R20, 7 inch rim",1813
78.8,284.35,-8.38,-261.2,-254.75,0.003,13.49,32.19,0.09,0.0329,1.0253,12.08,44347.44,7.52,94.05,2.255,-0,-0.9998,138.77,141.04,138.14,24.97,Cornering,"Hoosier 43075 16x7.5-10 R20, 7 inch rim",1814
78.81,284.36,-9.37,-257.18,-255.83,0.006,13.38,33.09,0.09,0.0366,1.0053,12.04,44327.83,7.52,94.09,2.218,-0,-0.9998,138.72,140.97,138.2,24.96,Cornering,"Hoosier 43075 16x7.5-10 R20, 7 inch rim",1815
78.79,284.37,-10.19,-254.25,-257.99,-0.002,12.59,33.46,-0.04,0.0395,0.9855,11.94,-99463.92,7.52,94.06,2.171,-0,-1.0001,138.7,140.82,138.38,24.97,Cornering,"Hoosier 43075 16x7.5-10 R20, 7 inch rim",1816
78.78,284.38,-10.52,-251.95,-261.18,0.001,12.03,33.35,0.03,0.0403,0.9647,11.85,160046.55,7.52,94,2.146,-0,-1,138.55,140.71,138.44,24.97,Cornering,"Hoosier 43075 16x7.5-10 R20, 7 inch rim",1817
78.81,284.39,-9.61,-250.43,-265.16,0.007,11.69,33.19,0.09,0.0362,0.9445,11.84,44371.94,7.52,93.96,2.102,-0,-0.9998,138.38,140.55,138.52,24.98,Cornering,"Hoosier 43075 16x7.5-10 R20, 7 inch rim",1818
78.81,284.4,-8.46,-248.43,-267.3,-0,11.16,32.29,0.23,0.0316,0.9294,11.89,18163.55,7.52,93.94,2.073,-0,-0.9996,138.25,140.42,138.5,25.01,Cornering,"Hoosier 43075 16x7.5-10 R20, 7 inch rim",1819
78.78,284.41,-7.27,-245.64,-265.88,0.009,9.41,31.05,0.09,0.0273,0.9239,11.95,44445.71,7.52,93.91,2.03,-0,-0.9998,138.19,140.37,138.52,25.03,Cornering,"Hoosier 43075 16x7.5-10 R20, 7 inch rim",1820
78.79,284.42,-5.87,-241.59,-263.23,0.01,8.94,30.04,0.16,0.0223,0.9178,12.01,25803.64,7.52,93.9,1.993,-0,-0.9997,138.08,140.35,138.5,25.03,Cornering,"Hoosier 43075 16x7.5-10 R20, 7 inch rim",1821
78.81,284.43,-5.2,-235.98,-259.41,0.013,9.03,29.09,0.03,0.0201,0.9097,12.03,160360.34,7.52,93.92,1.953,-0,-1,138.06,140.22,138.54,25.02,Cornering,"Hoosier 43075 16x7.5-10 R20, 7 inch rim",1822
78.8,284.44,-5.87,-229.42,-255.62,0.007,9.7,27.81,0.09,0.023,0.8975,11.96,44396.82,7.52,93.96,1.917,-0,-0.9998,137.95,140.15,138.62,25,Cornering,"Hoosier 43075 16x7.5-10 R20, 7 inch rim",1823
78.78,284.45,-7.05,-222.43,-253.56,0.019,11.04,27.45,0.09,0.0278,0.8772,11.86,44387.4,7.52,94.01,1.877,-0,-0.9998,137.97,140.13,138.66,24.99,Cornering,"Hoosier 43075 16x7.5-10 R20, 7 inch rim",1824
78.81,284.46,-9.06,-216.67,-252.3,0.007,10.77,26.81,0.16,0.0359,0.8588,11.79,25769.66,7.53,94.07,1.847,-0,-0.9997,138,140.15,138.74,25,Cornering,"Hoosier 43075 16x7.5-10 R20, 7 inch rim",1825
78.82,284.47,-11.23,-212.33,-253.56,-0,10.89,26.37,0.09,0.0443,0.8374,11.8,44430.08,7.53,94.08,1.806,-0,-0.9998,138.02,140.07,138.82,25.01,Cornering,"Hoosier 43075 16x7.5-10 R20, 7 inch rim",1826
78.78,284.48,-12.24,-209.11,-255.7,0.012,9.97,26.47,0.03,0.0479,0.8178,11.84,160374.53,7.53,94.08,1.768,-0,-1,137.95,139.98,138.94,25.02,Cornering,"Hoosier 43075 16x7.5-10 R20, 7 inch rim",1827
78.79,284.49,-13.19,-207.12,-259.08,0.009,9.02,25.78,0.09,0.0509,0.7995,11.92,44452.3,7.53,94.04,1.724,-0,-0.9998,137.82,139.76,138.92,25.03,Cornering,"Hoosier 43075 16x7.5-10 R20, 7 inch rim",1828
78.82,284.5,-12.66,-204.81,-263.31,-0,9.78,25.48,0.03,0.0481,0.7778,11.98,160418,7.53,93.98,1.678,-0,-1,137.67,139.67,138.96,25.03,Cornering,"Hoosier 43075 16x7.5-10 R20, 7 inch rim",1829
78.8,284.51,-11.2,-203.28,-264.9,0.001,7.96,25.21,0.09,0.0423,0.7674,11.99,44422.98,7.53,93.89,1.641,-0,-0.9998,137.61,139.63,138.94,25.01,Cornering,"Hoosier 43075 16x7.5-10 R20, 7 inch rim",1830
78.77,284.52,-9.62,-200.19,-264.68,0.012,7.12,24.58,0.03,0.0363,0.7563,11.93,160162.73,7.53,93.82,1.605,-0,-1,137.44,139.52,138.94,24.98,Cornering,"Hoosier 43075 16x7.5-10 R20, 7 inch rim",1831
78.8,284.53,-8.37,-196.13,-262.39,-0,6.67,23.37,0.09,0.0319,0.7475,11.83,44372.95,7.53,93.72,1.559,-0,-0.9998,137.42,139.45,138.9,24.98,Cornering,"Hoosier 43075 16x7.5-10 R20, 7 inch rim",1832
78.81,284.54,-7.84,-190.35,-258.88,-0.002,7.23,22.16,0.03,0.0303,0.7353,11.75,160094.44,7.53,93.65,1.508,-0,-1,137.39,139.38,138.92,24.97,Cornering,"Hoosier 43075 16x7.5-10 R20, 7 inch rim",1833
78.79,284.55,-7.67,-183.66,-254.87,0.003,7.48,21.73,0.09,0.0301,0.7206,11.77,44353.92,7.53,93.59,1.465,-0,-0.9998,137.35,139.34,138.96,24.97,Cornering,"Hoosier 43075 16x7.5-10 R20, 7 inch rim",1834
78.78,284.56,-8.56,-177.28,-252.49,0.009,7.86,21.4,0.09,0.0339,0.7021,11.81,44343.94,7.53,93.57,1.445,-0,-0.9998,137.35,139.34,139.07,24.96,Cornering,"Hoosier 43075 16x7.5-10 R20, 7 inch rim",1835
78.81,284.57,-9.93,-171.07,-251.84,0.012,8.94,21.59,0.09,0.0394,0.6793,11.89,44355.02,7.53,93.59,1.393,-0,-0.9998,137.37,139.32,139.15,24.97,Cornering,"Hoosier 43075 16x7.5-10 R20, 7 inch rim",1836
78.81,284.58,-10.99,-165.96,-251.73,0.01,8.29,22.34,0.16,0.0437,0.6593,11.97,25750.85,7.54,93.58,1.352,-0,-0.9997,137.37,139.38,139.23,24.97,Cornering,"Hoosier 43075 16x7.5-10 R20, 7 inch rim",1837
78.77,284.59,-12.47,-162.26,-253.85,0.017,7.67,22.32,0.09,0.0491,0.6392,11.99,44397.32,7.54,93.58,1.316,-0,-0.9998,137.35,139.38,139.25,24.99,Cornering,"Hoosier 43075 16x7.5-10 R20, 7 inch rim",1838
78.79,284.6,-12.97,-159.33,-256.53,0.001,6.41,22.29,-0.04,0.0506,0.6211,11.95,-99595.22,7.54,93.54,1.276,-0,-1.0001,137.27,139.27,139.23,24.99,Cornering,"Hoosier 43075 16x7.5-10 R20, 7 inch rim",1839
78.82,284.61,-12.77,-156.73,-260.07,0.012,5.55,22.09,-0.04,0.0491,0.6027,11.86,-99596.55,7.54,93.54,1.23,-0,-1.0001,137.18,139.19,139.21,24.99,Cornering,"Hoosier 43075 16x7.5-10 R20, 7 inch rim",1840
78.79,284.62,-12.04,-153.8,-262.29,0.001,4.71,21.19,0.09,0.0459,0.5864,11.81,44409.3,7.54,93.52,1.187,-0,-0.9998,137.07,139.1,139.21,25,Cornering,"Hoosier 43075 16x7.5-10 R20, 7 inch rim",1841
78.77,284.63,-9.94,-150.55,-262.55,0.004,3.65,21.04,0.03,0.0379,0.5734,11.77,160373.14,7.54,93.48,1.14,-0,-1,137.05,139.08,139.15,25.01,Cornering,"Hoosier 43075 16x7.5-10 R20, 7 inch rim",1842
78.81,284.64,-8.67,-146.03,-260.5,-0,3.5,19.76,0.09,0.0333,0.5606,11.82,44502.88,7.54,93.45,1.11,-0,-0.9998,136.99,139.01,139.19,25.05,Cornering,"Hoosier 43075 16x7.5-10 R20, 7 inch rim",1843
78.81,284.65,-7.91,-140.26,-257.1,0.007,3.7,18.52,0.03,0.0308,0.5456,11.88,160710.89,7.54,93.47,1.057,-0,-1,136.9,138.94,139.23,25.07,Cornering,"Hoosier 43075 16x7.5-10 R20, 7 inch rim",1844
78.78,284.66,-7.86,-133.71,-253.49,-0,4.55,17.49,0.03,0.031,0.5275,11.99,160674.94,7.54,93.51,1.024,-0,-1,136.84,138.92,139.23,25.06,Cornering,"Hoosier 43075 16x7.5-10 R20, 7 inch rim",1845
78.8,284.67,-8.39,-126.86,-250.4,0.003,5.09,17.02,0.09,0.0335,0.5066,12,44473.32,7.54,93.5,0.98,-0,-0.9998,136.71,138.86,139.29,25.03,Cornering,"Hoosier 43075 16x7.5-10 R20, 7 inch rim",1846
78.81,284.68,-9.88,-120.34,-249.42,0.012,6.28,16.68,0.09,0.0396,0.4825,11.97,44432.5,7.54,93.51,0.938,-0,-0.9998,136.79,138.88,139.41,25.01,Cornering,"Hoosier 43075 16x7.5-10 R20, 7 inch rim",1847
78.79,284.69,-11.68,-115.39,-249.18,0.014,5.21,16.36,-0.04,0.0469,0.4631,11.89,-99581.35,7.54,93.51,0.894,-0,-1.0001,136.77,138.83,139.45,24.98,Cornering,"Hoosier 43075 16x7.5-10 R20, 7 inch rim",1848
78.78,284.7,-12.72,-111.21,-250.93,0.007,4.98,16.46,0.03,0.0507,0.4432,11.81,160308.39,7.55,93.49,0.865,-0,-1,136.66,138.81,139.45,25,Cornering,"Hoosier 43075 16x7.5-10 R20, 7 inch rim",1849
78.81,284.71,-13.5,-108.14,-253.38,0.007,3.25,16.12,0.09,0.0533,0.4268,11.78,44443.76,7.55,93.47,0.818,-0,-0.9998,136.51,138.66,139.43,25.01,Cornering,"Hoosier 43075 16x7.5-10 R20, 7 inch rim",1850
78.81,284.72,-13.39,-104.6,-256.47,0.01,2.66,15.56,-0.04,0.0522,0.4078,11.79,-99791.14,7.55,93.46,0.78,-0,-1.0001,136.39,138.5,139.35,25.04,Cornering,"Hoosier 43075 16x7.5-10 R20, 7 inch rim",1851
78.78,284.73,-12.51,-101.19,-259.02,-0.005,2.6,14.76,0.03,0.0483,0.3906,11.87,160534.41,7.55,93.45,0.745,-0,-1,136.26,138.42,139.33,25.04,Cornering,"Hoosier 43075 16x7.5-10 R20, 7 inch rim",1852
78.79,284.74,-11.03,-97.63,-259.09,0.009,1.75,14.12,0.03,0.0426,0.3768,11.96,160386.45,7.55,93.42,0.712,-0,-1,136.21,138.31,139.29,25.01,Cornering,"Hoosier 43075 16x7.5-10 R20, 7 inch rim",1853
78.81,284.75,-9.83,-92.65,-256.76,-0,0.83,12.68,0.03,0.0383,0.3608,12.01,160350.31,7.55,93.44,0.659,-0,-1,136.19,138.33,139.25,25.01,Cornering,"Hoosier 43075 16x7.5-10 R20, 7 inch rim",1854
78.8,284.76,-8.69,-86.88,-253.45,0.004,1.43,11.51,-0.04,0.0343,0.3428,12.02,-99631.36,7.55,93.44,0.627,-0,-1.0001,136.13,138.26,139.23,25,Cornering,"Hoosier 43075 16x7.5-10 R20, 7 inch rim",1855
78.78,284.77,-8.54,-80.81,-249.42,0.013,1.24,10.26,0.09,0.0342,0.324,11.95,44352.34,7.55,93.46,0.591,-0,-0.9998,136.06,138.17,139.23,24.96,Cornering,"Hoosier 43075 16x7.5-10 R20, 7 inch rim",1856
78.8,284.78,-9.52,-73.94,-247.01,0.001,3.04,9,-0.04,0.0386,0.2993,11.88,-99470.28,7.55,93.44,0.557,-0,-1.0001,136.02,138.22,139.23,24.96,Cornering,"Hoosier 43075 16x7.5-10 R20, 7 inch rim",1857
78.81,284.79,-10.96,-68.35,-246.45,0.007,4.02,8.25,0.03,0.0445,0.2773,11.86,160017.8,7.55,93.4,0.526,-0,-1,136.06,138.33,139.31,24.96,Cornering,"Hoosier 43075 16x7.5-10 R20, 7 inch rim",1858
78.79,284.8,-12.85,-63.08,-245.86,0.01,3.12,7.6,0.09,0.0523,0.2566,11.89,44352.72,7.55,93.43,0.477,-0,-0.9998,136.13,138.37,139.35,24.96,Cornering,"Hoosier 43075 16x7.5-10 R20, 7 inch rim",1859
78.78,284.81,-14.17,-58.91,-247.68,0.01,2.61,7.35,0.03,0.0572,0.2379,11.96,159981.44,7.55,93.43,0.44,-0,-1,136.09,138.37,139.27,24.95,Cornering,"Hoosier 43075 16x7.5-10 R20, 7 inch rim",1860
78.82,284.82,-15.17,-54.9,-249.96,0.007,1.65,6.75,0.09,0.0607,0.2196,12.06,44342.55,7.55,93.39,0.413,-0,-0.9998,136.04,138.31,139.15,24.96,Cornering,"Hoosier 43075 16x7.5-10 R20, 7 inch rim",1861
78.8,284.83,-15.53,-51.52,-252.51,0.007,-0.1,5.75,-0.04,0.0615,0.204,12.12,-99425.06,7.55,93.35,0.371,-0,-1.0001,135.96,138.24,139.03,24.94,Cornering,"Hoosier 43075 16x7.5-10 R20, 7 inch rim",1862
78.78,284.84,-14.73,-47.5,-254.92,0.001,-0.61,5.18,-0.04,0.0578,0.1863,12.11,-99378.94,7.55,93.33,0.328,-0,-1.0001,135.89,138.11,138.9,24.93,Cornering,"Hoosier 43075 16x7.5-10 R20, 7 inch rim",1863
78.8,284.85,-13.51,-43.32,-254.98,0.003,-2.52,4.31,0.09,0.053,0.1699,12.05,44280.87,7.55,93.31,0.289,-0,-0.9998,135.79,138.06,138.8,24.92,Cornering,"Hoosier 43075 16x7.5-10 R20, 7 inch rim",1864
78.81,284.86,-11.78,-38.19,-254.38,0.004,-1.53,3.45,0.09,0.0463,0.1501,11.99,44311.76,7.55,93.31,0.256,-0,-0.9998,135.83,138.04,138.72,24.94,Cornering,"Hoosier 43075 16x7.5-10 R20, 7 inch rim",1865
78.79,284.87,-10.4,-31.97,-251.27,0.02,-1.38,2.48,0.16,0.0414,0.1272,11.95,25725.37,7.55,93.32,0.211,-0,-0.9997,135.74,138.02,138.64,24.94,Cornering,"Hoosier 43075 16x7.5-10 R20, 7 inch rim",1866
78.78,284.88,-10.09,-25.56,-247.46,0.004,-1.34,0.93,0.09,0.0408,0.1033,11.97,44363.17,7.55,93.29,0.175,-0,-0.9998,135.68,137.98,138.68,24.97,Cornering,"Hoosier 43075 16x7.5-10 R20, 7 inch rim",1867
78.81,284.89,-10.61,-18.86,-245.48,0.003,0.21,-0.19,-0.04,0.0432,0.0768,12.05,-99563.36,7.55,93.27,0.122,-0,-1.0001,135.59,138.02,138.7,24.98,Cornering,"Hoosier 43075 16x7.5-10 R20, 7 inch rim",1868
78.81,284.9,-11.78,-12.5,-244.08,0.006,0.51,-0.6,0.03,0.0483,0.0512,12.14,160129.73,7.55,93.25,0.095,-0,-1,135.61,138.04,138.7,24.97,Cornering,"Hoosier 43075 16x7.5-10 R20, 7 inch rim",1869
78.77,284.91,-13.48,-6.92,-243.87,0.006,-0.03,-1.23,0.16,0.0553,0.0284,12.19,25737.09,7.55,93.26,0.033,-0,-0.9997,135.59,138.09,138.74,24.96,Cornering,"Hoosier 43075 16x7.5-10 R20, 7 inch rim",1870
78.79,284.92,-14.6,-1.65,-245.25,0.003,-0.15,-1.24,0.03,0.0595,0.0067,12.2,159905.48,7.55,93.27,-0.01,-0,-1,135.57,138.2,138.72,24.94,Cornering,"Hoosier 43075 16x7.5-10 R20, 7 inch rim",1871
78.82,284.93,-15.14,2.81,-246.55,0.014,-2.33,-1.39,0.09,0.0614,-0.0114,12.12,44290.38,7.55,93.34,-0.053,-0,-0.9998,135.55,138.09,138.58,24.93,Cornering,"Hoosier 43075 16x7.5-10 R20, 7 inch rim",1872
78.8,284.94,-14.8,7.28,-249.23,0.007,-3.58,-1.55,0.09,0.0594,-0.0292,12.02,44341.63,7.55,93.38,-0.102,-0,-0.9998,135.42,138,138.4,24.96,Cornering,"Hoosier 43075 16x7.5-10 R20, 7 inch rim",1873
78.78,284.95,-14.26,11.75,-251.22,0.016,-5.26,-2.22,0.09,0.0568,-0.0468,11.99,44362.02,7.55,93.41,-0.139,-0,-0.9998,135.4,137.93,138.22,24.97,Cornering,"Hoosier 43075 16x7.5-10 R20, 7 inch rim",1874
78.81,284.96,-12.93,16.87,-252.48,0.007,-5.56,-2.91,-0.04,0.0512,-0.0668,11.98,-99606.5,7.55,93.44,-0.19,-0,-1.0001,135.29,137.82,138.08,24.99,Cornering,"Hoosier 43075 16x7.5-10 R20, 7 inch rim",1875
78.81,284.97,-11.34,22.94,-251.67,0.004,-5.26,-3.74,-0.04,0.0451,-0.0911,12,-99698.26,7.55,93.48,-0.233,-0,-1.0001,135.31,137.8,137.89,25.01,Cornering,"Hoosier 43075 16x7.5-10 R20, 7 inch rim",1876
78.78,284.98,-9.57,29.48,-249.37,0.003,-4.83,-4.5,0.03,0.0384,-0.1182,12.08,160382.69,7.55,93.53,-0.288,-0,-1,135.29,137.8,137.79,25.01,Cornering,"Hoosier 43075 16x7.5-10 R20, 7 inch rim",1877
78.79,284.99,-8.76,36.34,-245.68,0.006,-4.09,-5.65,0.03,0.0356,-0.1479,12.15,160233.08,7.55,93.53,-0.321,-0,-1,135.23,137.84,137.69,24.99,Cornering,"Hoosier 43075 16x7.5-10 R20, 7 inch rim",1878
78.81,285,-8.87,43.04,-242.9,0.003,-3.23,-6.49,0.09,0.0365,-0.1772,12.13,44381.07,7.55,93.54,-0.352,-0,-0.9998,135.14,137.78,137.61,24.98,Cornering,"Hoosier 43075 16x7.5-10 R20, 7 inch rim",1879
78.79,285.01,-9.32,49.57,-241.37,-0,-2.99,-6.67,-0.04,0.0386,-0.2054,12.06,-99533.34,7.56,93.5,-0.407,-0,-1.0001,135.1,137.8,137.59,24.97,Cornering,"Hoosier 43075 16x7.5-10 R20, 7 inch rim",1880
78.78,285.02,-10.19,55.45,-240.84,0.006,-3.55,-6.49,0.09,0.0423,-0.2303,11.95,44369.93,7.55,93.43,-0.444,-0,-0.9998,135.12,137.82,137.51,24.97,Cornering,"Hoosier 43075 16x7.5-10 R20, 7 inch rim",1881
78.81,285.03,-11.12,60.88,-242.41,-0,-3.47,-6.47,-0.11,0.0459,-0.2511,11.89,-37956.95,7.56,93.36,-0.474,-0,-1.0002,135.12,137.84,137.45,24.97,Cornering,"Hoosier 43075 16x7.5-10 R20, 7 inch rim",1882
78.81,285.04,-11.97,65.33,-243.72,0.013,-5.8,-6.88,0.03,0.0491,-0.2681,11.88,160078.09,7.55,93.29,-0.505,-0,-1,134.99,137.87,137.27,24.97,Cornering,"Hoosier 43075 16x7.5-10 R20, 7 inch rim",1883
78.78,285.05,-12.62,69.66,-246.06,0.003,-7.34,-7.99,0.03,0.0513,-0.2831,11.95,160076.8,7.55,93.25,-0.538,-0,-1,134.95,137.73,137.04,24.97,Cornering,"Hoosier 43075 16x7.5-10 R20, 7 inch rim",1884
78.79,285.06,-12.88,74.44,-248.83,0.004,-7.83,-9.6,0.09,0.0518,-0.2992,12.01,44368.57,7.55,93.24,-0.57,-0,-0.9998,134.82,137.56,136.82,24.97,Cornering,"Hoosier 43075 16x7.5-10 R20, 7 inch rim",1885
78.82,285.07,-12.2,79.71,-249.63,0.009,-8.62,-11,0.03,0.0489,-0.3193,12.06,160148.48,7.55,93.24,-0.601,-0,-1,134.71,137.54,136.66,24.98,Cornering,"Hoosier 43075 16x7.5-10 R20, 7 inch rim",1886
78.8,285.08,-11.01,85.29,-248.92,0.016,-8.47,-12.38,0.09,0.0442,-0.3427,12.04,44388.45,7.55,93.25,-0.63,-0,-0.9998,134.67,137.49,136.52,24.98,Cornering,"Hoosier 43075 16x7.5-10 R20, 7 inch rim",1887
78.78,285.09,-9.53,91.24,-246.81,-0,-7.5,-13.79,0.09,0.0386,-0.3697,11.98,44418.94,7.56,93.27,-0.661,-0,-0.9998,134.71,137.47,136.44,25,Cornering,"Hoosier 43075 16x7.5-10 R20, 7 inch rim",1888
78.8,285.1,-9.48,97.46,-243.17,0.009,-7.62,-16.22,0.03,0.039,-0.4008,11.88,160217.92,7.56,93.3,-0.707,-0,-1,134.61,137.47,136.44,24.99,Cornering,"Hoosier 43075 16x7.5-10 R20, 7 inch rim",1889
78.82,285.11,-10.01,104.01,-240.44,0.009,-6.33,-18.18,-0.11,0.0416,-0.4326,11.82,-37989.52,7.55,93.31,-0.733,-0,-1.0002,134.52,137.47,136.38,24.99,Cornering,"Hoosier 43075 16x7.5-10 R20, 7 inch rim",1890
78.79,285.12,-11.58,109.6,-238.1,0.013,-6.89,-20.02,0.09,0.0486,-0.4603,11.83,44396.96,7.55,93.29,-0.763,-0,-0.9998,134.45,137.51,136.4,24.99,Cornering,"Hoosier 43075 16x7.5-10 R20, 7 inch rim",1891
78.79,285.13,-13.38,114.57,-238.01,0.007,-6.72,-21.21,0.09,0.0562,-0.4814,11.88,44396.32,7.55,93.25,-0.807,-0,-0.9998,134.43,137.62,136.36,24.99,Cornering,"Hoosier 43075 16x7.5-10 R20, 7 inch rim",1892
78.82,285.14,-14.58,119.07,-238.79,0.003,-7.39,-21.55,0.03,0.0611,-0.4986,11.99,160248.09,7.56,93.26,-0.842,-0,-1,134.41,137.62,136.32,25,Cornering,"Hoosier 43075 16x7.5-10 R20, 7 inch rim",1893
78.8,285.15,-16.2,123.07,-240.14,0.009,-8.65,-22.66,0.03,0.0674,-0.5125,12.05,160208.84,7.55,93.27,-0.879,-0,-1,134.33,137.56,136.22,24.99,Cornering,"Hoosier 43075 16x7.5-10 R20, 7 inch rim",1894
78.77,285.16,-16.82,127.24,-241.83,0.003,-10.1,-23.53,-0.04,0.0695,-0.5262,12.06,-99518.07,7.55,93.3,-0.932,-0,-1.0001,134.22,137.43,136.01,24.97,Cornering,"Hoosier 43075 16x7.5-10 R20, 7 inch rim",1895
78.8,285.17,-16.92,131.56,-243.44,0.004,-11.93,-24.68,0.03,0.0695,-0.5404,12,160054.88,7.55,93.36,-0.969,-0,-1,134.09,137.29,135.81,24.97,Cornering,"Hoosier 43075 16x7.5-10 R20, 7 inch rim",1896
78.81,285.18,-16.03,136.67,-244.48,0.006,-12.21,-25.52,-0.04,0.0656,-0.559,11.92,-99468.47,7.55,93.4,-1.021,-0,-1.0001,134.09,137.16,135.59,24.96,Cornering,"Hoosier 43075 16x7.5-10 R20, 7 inch rim",1897
78.79,285.19,-13.96,142.28,-243.84,-0.003,-12.17,-25.42,-0.04,0.0572,-0.5835,11.84,-99512.81,7.56,93.41,-1.067,-0,-1.0001,134.03,137.16,135.37,24.97,Cornering,"Hoosier 43075 16x7.5-10 R20, 7 inch rim",1898
78.78,285.2,-11.93,148.19,-241.6,-0.003,-11.73,-25.71,0.03,0.0494,-0.6134,11.84,160194,7.56,93.38,-1.115,-0,-1,133.98,137.12,135.27,24.99,Cornering,"Hoosier 43075 16x7.5-10 R20, 7 inch rim",1899
78.81,285.21,-10.5,154.58,-239.34,0.004,-10.19,-26.29,0.09,0.0439,-0.6458,11.89,44421,7.55,93.37,-1.167,-0,-0.9998,133.9,137.12,135.17,25.01,Cornering,"Hoosier 43075 16x7.5-10 R20, 7 inch rim",1900
78.8,285.22,-9.46,160.81,-236.48,0.004,-9.42,-26.03,0.03,0.04,-0.68,11.96,160373.39,7.56,93.35,-1.205,-0,-1,133.75,137.16,135.17,25.02,Cornering,"Hoosier 43075 16x7.5-10 R20, 7 inch rim",1901
78.78,285.23,-9.28,166.57,-234.47,0.003,-9.53,-25.65,0.09,0.0396,-0.7104,12.04,44419.29,7.55,93.39,-1.251,-0,-0.9998,133.7,137.18,135.13,25.01,Cornering,"Hoosier 43075 16x7.5-10 R20, 7 inch rim",1902
78.79,285.24,-9.38,171.99,-233.18,0.004,-10.61,-24.47,0.03,0.0402,-0.7376,12.05,160179.73,7.55,93.4,-1.31,-0,-1,133.68,137.27,135.15,24.99,Cornering,"Hoosier 43075 16x7.5-10 R20, 7 inch rim",1903
78.82,285.25,-9.48,177.26,-234.14,-0.002,-10.51,-23.02,-0.04,0.0405,-0.7571,12,-99568.93,7.56,93.41,-1.356,-0,-1.0001,133.7,137.38,135.15,24.99,Cornering,"Hoosier 43075 16x7.5-10 R20, 7 inch rim",1904
78.79,285.26,-9.61,181.74,-235.41,-0.002,-11.77,-21.75,-0.04,0.0408,-0.772,11.91,-99543.82,7.56,93.39,-1.396,-0,-1.0001,133.66,137.4,135.1,24.98,Cornering,"Hoosier 43075 16x7.5-10 R20, 7 inch rim",1905
78.78,285.27,-9.17,186.19,-236.67,0.012,-14.01,-20.64,0.03,0.0387,-0.7867,11.86,160169.52,7.55,93.38,-1.436,-0,-1,133.53,137.36,134.92,24.99,Cornering,"Hoosier 43075 16x7.5-10 R20, 7 inch rim",1906
78.81,285.28,-8.77,191.62,-238.92,-0.002,-13.96,-20.71,-0.04,0.0367,-0.802,11.91,-99539.09,7.56,93.4,-1.486,-0,-1.0001,133.45,137.32,134.7,24.98,Cornering,"Hoosier 43075 16x7.5-10 R20, 7 inch rim",1907
78.81,285.29,-7.19,197.02,-240.22,0.013,-14.56,-20.31,0.03,0.0299,-0.8202,11.95,160162.34,7.55,93.37,-1.519,-0,-1,133.32,137.27,134.54,24.99,Cornering,"Hoosier 43075 16x7.5-10 R20, 7 inch rim",1908
78.77,285.3,-5.73,202.62,-240.09,0.01,-14.27,-21.05,0.03,0.0239,-0.8439,12.03,160233.97,7.55,93.38,-1.549,-0,-1,133.25,137.25,134.38,25,Cornering,"Hoosier 43075 16x7.5-10 R20, 7 inch rim",1909
78.79,285.31,-3.57,208.22,-238.86,0.01,-13.48,-21.41,0.16,0.015,-0.8717,12.13,25771.33,7.55,93.36,-1.588,-0,-0.9997,133.17,137.29,134.34,25,Cornering,"Hoosier 43075 16x7.5-10 R20, 7 inch rim",1910
78.82,285.32,-2.77,213.7,-236.89,-0,-11.92,-23.14,0.03,0.0117,-0.9021,12.14,160078.84,7.55,93.35,-1.621,-0,-1,133.12,137.34,134.3,24.98,Cornering,"Hoosier 43075 16x7.5-10 R20, 7 inch rim",1911
78.8,285.33,-3.06,218.67,-233.58,0.013,-12.44,-25.08,0.03,0.0131,-0.9361,12.1,159964.72,7.55,93.32,-1.649,-0,-1,133.08,137.43,134.3,24.96,Cornering,"Hoosier 43075 16x7.5-10 R20, 7 inch rim",1912
78.78,285.34,-4.68,223.51,-231.83,0.003,-11.69,-27.4,0.03,0.0202,-0.9641,12.02,159922.78,7.55,93.32,-1.699,-0,-1,132.97,137.4,134.36,24.96,Cornering,"Hoosier 43075 16x7.5-10 R20, 7 inch rim",1913
78.81,285.35,-6.72,227.38,-230.77,0.009,-12.83,-29,0.09,0.0291,-0.9853,11.96,44346.05,7.55,93.34,-1.728,-0,-0.9998,132.97,137.54,134.44,24.97,Cornering,"Hoosier 43075 16x7.5-10 R20, 7 inch rim",1914
78.81,285.36,-8.68,231.11,-230.85,-0.003,-13.54,-30.04,-0.04,0.0376,-1.0011,11.95,-99523.41,7.55,93.36,-1.757,-0,-1.0001,133.04,137.58,134.46,24.98,Cornering,"Hoosier 43075 16x7.5-10 R20, 7 inch rim",1915
78.78,285.37,-11.16,234.35,-231.83,-0.002,-14.75,-31.54,0.09,0.0481,-1.0109,12,44343.91,7.55,93.38,-1.805,-0,-0.9998,133.04,137.67,134.4,24.97,Cornering,"Hoosier 43075 16x7.5-10 R20, 7 inch rim",1916
78.79,285.38,-12.62,237.88,-234,0.012,-15.24,-32.48,-0.11,0.0539,-1.0166,12.08,-37934.11,7.54,93.38,-1.84,-0,-1.0002,133.06,137.65,134.3,24.97,Cornering,"Hoosier 43075 16x7.5-10 R20, 7 inch rim",1917
78.82,285.39,-13.38,241.75,-236.58,0.007,-14.94,-33.78,0.03,0.0565,-1.0218,12.15,159868.72,7.54,93.33,-1.867,-0,-1,133,137.56,134.16,24.95,Cornering,"Hoosier 43075 16x7.5-10 R20, 7 inch rim",1918
78.8,285.4,-13.23,245.78,-238.96,-0,-14.35,-34.79,0.09,0.0553,-1.0285,12.16,44289.5,7.54,93.27,-1.907,-0,-0.9998,133.02,137.56,133.95,24.94,Cornering,"Hoosier 43075 16x7.5-10 R20, 7 inch rim",1919
78.77,285.41,-11.97,249.65,-240.2,0.006,-14.29,-35.42,0.03,0.0498,-1.0394,12.11,159748.89,7.54,93.23,-1.946,-0,-1,133.02,137.47,133.77,24.93,Cornering,"Hoosier 43075 16x7.5-10 R20, 7 inch rim",1920
78.8,285.42,-9.97,253.54,-239.32,-0,-14.87,-35.62,-0.04,0.0416,-1.0594,12.02,-99300.33,7.54,93.19,-1.99,-0,-1.0001,133.04,137.54,133.69,24.93,Cornering,"Hoosier 43075 16x7.5-10 R20, 7 inch rim",1921
78.82,285.43,-8.57,257.11,-237.25,0.007,-15.99,-36.29,0.03,0.0361,-1.0837,11.97,159776.81,7.54,93.19,-2.029,-0,-1,133.06,137.56,133.65,24.94,Cornering,"Hoosier 43075 16x7.5-10 R20, 7 inch rim",1922
78.78,285.44,-7.9,260.85,-233.98,0.004,-17.44,-36.95,-0.04,0.0338,-1.1148,11.97,-99363.34,7.54,93.16,-2.079,-0,-1.0001,132.97,137.56,133.65,24.95,Cornering,"Hoosier 43075 16x7.5-10 R20, 7 inch rim",1923
78.78,285.45,-7.51,264.88,-231.41,0.01,-18.59,-36.79,0.09,0.0325,-1.1446,12.03,44293.48,7.54,93.12,-2.11,-0,-0.9998,132.89,137.54,133.67,24.95,Cornering,"Hoosier 43075 16x7.5-10 R20, 7 inch rim",1924
78.81,285.46,-8.48,269.39,-230.25,0.01,-18.58,-36.83,-0.04,0.0368,-1.17,12.12,-99358.44,7.54,93.06,-2.146,-0,-1.0001,132.82,137.6,133.71,24.95,Cornering,"Hoosier 43075 16x7.5-10 R20, 7 inch rim",1925
78.81,285.47,-9.62,273.74,-230.12,0.007,-18.15,-36.39,-0.04,0.0418,-1.1895,12.21,-99308.98,7.54,93.03,-2.191,-0,-1.0001,132.8,137.69,133.79,24.94,Cornering,"Hoosier 43075 16x7.5-10 R20, 7 inch rim",1926
78.77,285.48,-10.3,278.06,-230.74,0.019,-17.97,-35.17,0.03,0.0447,-1.2051,12.2,159640.77,7.53,93.05,-2.238,-0,-1,132.87,137.78,133.81,24.92,Cornering,"Hoosier 43075 16x7.5-10 R20, 7 inch rim",1927
78.8,285.49,-11.25,282.1,-232.6,0.007,-17.67,-35.06,-0.11,0.0484,-1.2128,12.16,-37834.14,7.53,93.05,-2.279,-0,-1.0002,132.87,137.8,133.79,24.91,Cornering,"Hoosier 43075 16x7.5-10 R20, 7 inch rim",1928
78.82,285.5,-11.4,285.66,-235.45,0.001,-17.14,-34.87,0.03,0.0484,-1.2133,12.08,159556.31,7.53,93.06,-2.319,-0,-1,132.8,137.76,133.73,24.91,Cornering,"Hoosier 43075 16x7.5-10 R20, 7 inch rim",1929
78.79,285.51,-10.52,288.89,-238.2,0.001,-17.48,-34.44,-0.04,0.0442,-1.2128,12.01,-99180.58,7.53,93.07,-2.358,-0,-1.0001,132.76,137.73,133.59,24.91,Cornering,"Hoosier 43075 16x7.5-10 R20, 7 inch rim",1930
78.78,285.52,-9.12,292.12,-240.09,0.013,-17.79,-34.27,0.03,0.038,-1.2167,12,159619.3,7.53,93.04,-2.407,-0,-1,132.74,137.71,133.45,24.92,Cornering,"Hoosier 43075 16x7.5-10 R20, 7 inch rim",1931
78.81,285.53,-7.4,295.85,-239.95,0.007,-18.29,-34.53,0.03,0.0308,-1.233,12.05,159652.27,7.53,93.01,-2.438,-0,-1,132.7,137.76,133.39,24.93,Cornering,"Hoosier 43075 16x7.5-10 R20, 7 inch rim",1932
78.81,285.54,-6.09,298.95,-237.67,0.017,-19.95,-35.2,0.09,0.0256,-1.2578,12.14,44280.33,7.53,92.98,-2.487,-0,-0.9998,132.67,137.8,133.39,24.95,Cornering,"Hoosier 43075 16x7.5-10 R20, 7 inch rim",1933
78.78,285.55,-4.81,303.32,-234.92,0.017,-19.8,-35.3,0.03,0.0205,-1.2911,12.18,159826.08,7.52,92.92,-2.526,-0,-1,132.63,137.84,133.43,24.96,Cornering,"Hoosier 43075 16x7.5-10 R20, 7 inch rim",1934
78.8,285.56,-4.72,307.68,-232.25,0.016,-19.99,-35.76,0.03,0.0203,-1.3248,12.18,159932.31,7.52,92.91,-2.563,-0,-1,132.52,137.84,133.51,24.97,Cornering,"Hoosier 43075 16x7.5-10 R20, 7 inch rim",1935
78.81,285.57,-5.28,312.06,-230.34,0.001,-19.67,-35.88,0.03,0.0229,-1.3548,12.14,160075.36,7.53,92.89,-2.602,-0,-1,132.52,137.84,133.61,25,Cornering,"Hoosier 43075 16x7.5-10 R20, 7 inch rim",1936
78.79,285.58,-6.29,317.01,-228.7,0.013,-20.16,-35.46,0.09,0.0275,-1.3861,12.05,44377.11,7.52,92.84,-2.644,-0,-0.9998,132.48,137.95,133.69,25.01,Cornering,"Hoosier 43075 16x7.5-10 R20, 7 inch rim",1937
78.77,285.59,-7.62,321.52,-229.64,0.003,-18.88,-35.1,0.03,0.0332,-1.4001,11.99,160249.27,7.52,92.81,-2.683,-0,-1,132.5,138.06,133.73,25.03,Cornering,"Hoosier 43075 16x7.5-10 R20, 7 inch rim",1938
78.81,285.6,-8.91,325.38,-230.34,0.009,-19.3,-35.08,0.03,0.0387,-1.4126,11.99,160206.08,7.52,92.81,-2.725,-0,-1,132.55,138.13,133.69,25.02,Cornering,"Hoosier 43075 16x7.5-10 R20, 7 inch rim",1939
78.81,285.61,-9.49,328.33,-233.35,-0.002,-19.09,-35.41,0.09,0.0407,-1.407,12.04,44392.45,7.52,92.81,-2.773,-0,-0.9998,132.55,138.15,133.59,25.02,Cornering,"Hoosier 43075 16x7.5-10 R20, 7 inch rim",1940
78.78,285.62,-9.61,330.78,-236.29,0.003,-19.47,-36.1,-0.11,0.0407,-1.3999,12.14,-37983.81,7.52,92.77,-2.815,-0,-1.0002,132.46,138.09,133.49,25.02,Cornering,"Hoosier 43075 16x7.5-10 R20, 7 inch rim",1941
78.79,285.63,-9.07,333.39,-238.22,0.007,-20.37,-36.98,0.16,0.0381,-1.3995,12.19,25752.82,7.52,92.75,-2.835,-0,-0.9997,132.44,138.04,133.33,25.01,Cornering,"Hoosier 43075 16x7.5-10 R20, 7 inch rim",1942
78.82,285.64,-7.89,335.56,-239.08,0.007,-20.93,-37.94,0.03,0.033,-1.4036,12.19,160145.41,7.52,92.72,-2.881,-0,-1,132.44,138.04,133.23,25.01,Cornering,"Hoosier 43075 16x7.5-10 R20, 7 inch rim",1943
78.8,285.65,-6.7,338.37,-237.93,0.003,-21.36,-38.91,0.03,0.0282,-1.4221,12.13,160065.61,7.52,92.71,-2.917,-0,-1,132.42,138.13,133.23,25,Cornering,"Hoosier 43075 16x7.5-10 R20, 7 inch rim",1944
78.78,285.66,-5.4,341.48,-235.29,0.007,-22.23,-39.29,-0.04,0.0229,-1.4513,12.02,-99519.11,7.51,92.73,-2.959,-0,-1.0001,132.33,138.15,133.19,25.01,Cornering,"Hoosier 43075 16x7.5-10 R20, 7 inch rim",1945
78.81,285.67,-5.17,344.9,-232.08,0.014,-22.99,-39.77,-0.04,0.0223,-1.4861,11.96,-99491.63,7.51,92.74,-3.004,-0,-1.0001,132.2,138.2,133.19,25,Cornering,"Hoosier 43075 16x7.5-10 R20, 7 inch rim",1946
78.81,285.68,-6.03,349.44,-230.07,-0,-22.05,-40.15,0.03,0.0262,-1.5189,11.96,160045.05,7.51,92.74,-3.045,-0,-1,132.16,138.26,133.25,25,Cornering,"Hoosier 43075 16x7.5-10 R20, 7 inch rim",1947
78.77,285.69,-7.08,354.24,-228.24,0.016,-22.02,-39.62,-0.04,0.031,-1.5521,11.99,-99554.33,7.51,92.78,-3.068,-0,-1.0001,132.07,138.33,133.33,25.02,Cornering,"Hoosier 43075 16x7.5-10 R20, 7 inch rim",1948
78.79,285.7,-8.35,358.91,-227.91,0.01,-21.14,-39.11,-0.04,0.0366,-1.5748,12.07,-99572.39,7.51,92.77,-3.117,-0,-1.0001,132.16,138.42,133.39,25.03,Cornering,"Hoosier 43075 16x7.5-10 R20, 7 inch rim",1949
78.82,285.71,-9.39,362.63,-229.05,0.004,-20.73,-38.67,0.03,0.041,-1.5832,12.13,160137.14,7.51,92.77,-3.161,-0,-1,132.18,138.46,133.39,25.02,Cornering,"Hoosier 43075 16x7.5-10 R20, 7 inch rim",1950
78.79,285.72,-10.03,365.1,-231.73,-0.002,-20.52,-38.46,0.03,0.0433,-1.5755,12.1,160019.53,7.51,92.78,-3.199,-0,-1,132.12,138.44,133.33,25,Cornering,"Hoosier 43075 16x7.5-10 R20, 7 inch rim",1951
78.77,285.73,-10.01,366.92,-234.44,0.013,-21.82,-38.65,0.09,0.0427,-1.565,12.05,44320.03,7.51,92.79,-3.244,-0,-0.9998,132.09,138.37,133.23,24.99,Cornering,"Hoosier 43075 16x7.5-10 R20, 7 inch rim",1952
78.8,285.74,-9.55,368.31,-237.6,-0.003,-22.51,-39.31,-0.04,0.0402,-1.5501,11.97,-99324.37,7.51,92.79,-3.282,-0,-1.0001,132.05,138.37,133.14,24.97,Cornering,"Hoosier 43075 16x7.5-10 R20, 7 inch rim",1953
78.82,285.75,-8.22,369.82,-239.14,0.02,-23.46,-39.71,-0.04,0.0344,-1.5465,11.89,-99365.8,7.5,92.86,-3.325,-0,-1.0001,132.05,138.39,133.06,24.98,Cornering,"Hoosier 43075 16x7.5-10 R20, 7 inch rim",1954
78.78,285.76,-6.59,371.38,-238.83,0.01,-24.29,-40.19,-0.04,0.0276,-1.555,11.9,-99339.12,7.5,92.93,-3.358,-0,-1.0001,132.01,138.44,132.98,24.97,Cornering,"Hoosier 43075 16x7.5-10 R20, 7 inch rim",1955
78.78,285.77,-5.01,374.35,-236.35,0.007,-24.81,-40.23,0.03,0.0212,-1.5839,11.96,159799.25,7.5,93.01,-3.398,-0,-1,131.99,138.48,133.04,24.97,Cornering,"Hoosier 43075 16x7.5-10 R20, 7 inch rim",1956
78.81,285.78,-4.68,378.1,-233.69,0.007,-24,-40.71,-0.04,0.02,-1.6179,12.06,-99329.2,7.5,93.08,-3.446,-0,-1.0001,131.92,138.5,133.12,24.97,Cornering,"Hoosier 43075 16x7.5-10 R20, 7 inch rim",1957
78.8,285.79,-4.58,382.48,-230.3,-0.005,-24.05,-40.36,0.03,0.0199,-1.6608,12.1,159709.45,7.5,93.14,-3.484,-0,-1,131.82,138.55,133.16,24.96,Cornering,"Hoosier 43075 16x7.5-10 R20, 7 inch rim",1958
78.78,285.8,-5.84,387.44,-228.59,0.01,-22.79,-40.07,0.03,0.0255,-1.6949,12.08,159665.5,7.5,93.18,-3.521,-0,-1,131.79,138.68,133.31,24.96,Cornering,"Hoosier 43075 16x7.5-10 R20, 7 inch rim",1959
78.8,285.81,-7.29,392.42,-228.23,0.006,-21.53,-39.61,-0.04,0.032,-1.7194,12.01,-99176.23,7.5,93.26,-3.574,-0,-1.0001,131.75,138.7,133.43,24.94,Cornering,"Hoosier 43075 16x7.5-10 R20, 7 inch rim",1960
78.82,285.82,-8.03,395.51,-228.31,0.006,-22.38,-38.54,0.03,0.0352,-1.7324,11.95,159610.39,7.5,93.31,-3.617,-0,-1,131.82,138.77,133.51,24.95,Cornering,"Hoosier 43075 16x7.5-10 R20, 7 inch rim",1961
78.78,285.83,-9.05,397.66,-230.62,0.007,-22.9,-38.38,-0.04,0.0393,-1.7243,11.9,-99236.92,7.49,93.33,-3.645,-0,-1.0001,131.82,138.7,133.47,24.96,Cornering,"Hoosier 43075 16x7.5-10 R20, 7 inch rim",1962
78.79,285.84,-9.55,399.19,-234.28,0.007,-22.99,-38.84,-0.04,0.0408,-1.7039,11.88,-99300.92,7.49,93.35,-3.688,-0,-1.0001,131.73,138.59,133.41,24.97,Cornering,"Hoosier 43075 16x7.5-10 R20, 7 inch rim",1963
78.81,285.85,-9.01,399.93,-237.37,0.006,-24.53,-39.09,0.03,0.0379,-1.6849,11.93,159776.19,7.49,93.36,-3.718,-0,-1,131.69,138.59,133.29,24.98,Cornering,"Hoosier 43075 16x7.5-10 R20, 7 inch rim",1964
78.81,285.86,-8.04,400.67,-239.55,0.016,-25.98,-39.63,-0.04,0.0336,-1.6726,12.01,-99267.41,7.49,93.41,-3.774,-0,-1.0001,131.69,138.61,133.25,24.97,Cornering,"Hoosier 43075 16x7.5-10 R20, 7 inch rim",1965
78.78,285.87,-6.66,402.24,-239.51,0.007,-26.35,-40.25,0.03,0.0278,-1.6794,12.06,159684.5,7.49,93.43,-3.807,-0,-1,131.69,138.64,133.16,24.97,Cornering,"Hoosier 43075 16x7.5-10 R20, 7 inch rim",1966
78.79,285.88,-5.46,404.12,-237.66,0.001,-26.34,-40.89,0.03,0.023,-1.7004,12.05,159639.39,7.49,93.4,-3.847,-0,-1,131.67,138.72,133.19,24.96,Cornering,"Hoosier 43075 16x7.5-10 R20, 7 inch rim",1967
78.82,285.89,-4.45,407.7,-234.03,0.017,-26.38,-40.96,0.09,0.019,-1.7421,12.01,44224.9,7.48,93.37,-3.887,-0,-0.9998,131.62,138.77,133.23,24.96,Cornering,"Hoosier 43075 16x7.5-10 R20, 7 inch rim",1968
78.8,285.9,-4.52,412.23,-231.21,0.016,-25.01,-40.9,-0.04,0.0196,-1.7829,11.93,-99202.84,7.48,93.37,-3.922,-0,-1.0001,131.6,138.79,133.23,24.96,Cornering,"Hoosier 43075 16x7.5-10 R20, 7 inch rim",1969
78.78,285.91,-5.27,416.76,-229.03,0.007,-24.47,-40.72,0.09,0.023,-1.8197,11.91,44241.12,7.48,93.34,-3.963,-0,-0.9998,131.58,138.83,133.29,24.97,Cornering,"Hoosier 43075 16x7.5-10 R20, 7 inch rim",1970
78.81,285.92,-6.51,421.43,-228.12,0.004,-23.67,-39.99,0.09,0.0285,-1.8474,11.95,44249.33,7.48,93.33,-3.999,-0,-0.9998,131.64,138.94,133.37,24.97,Cornering,"Hoosier 43075 16x7.5-10 R20, 7 inch rim",1971
78.8,285.93,-7.92,424.66,-228.65,0.014,-23.48,-39.54,-0.04,0.0347,-1.8572,12.03,-99279.63,7.48,93.31,-4.041,-0,-1.0001,131.71,139.03,133.41,24.98,Cornering,"Hoosier 43075 16x7.5-10 R20, 7 inch rim",1972
78.78,285.94,-9.04,426.52,-231.08,0.007,-23.57,-39.42,0.03,0.0391,-1.8457,12.12,159627.17,7.48,93.25,-4.085,-0,-1,131.73,139.01,133.43,24.97,Cornering,"Hoosier 43075 16x7.5-10 R20, 7 inch rim",1973
78.79,285.95,-9.35,426.79,-233.85,0.007,-25.24,-39.2,-0.04,0.04,-1.8251,12.15,-99131.38,7.48,93.2,-4.116,-0,-1.0001,131.77,138.94,133.37,24.94,Cornering,"Hoosier 43075 16x7.5-10 R20, 7 inch rim",1974
78.81,285.96,-9.61,427.06,-237.16,0.012,-26.83,-40.01,0.16,0.0405,-1.8008,12.15,25659.61,7.48,93.15,-4.165,-0,-0.9997,131.73,138.99,133.31,24.96,Cornering,"Hoosier 43075 16x7.5-10 R20, 7 inch rim",1975
78.8,285.97,-8.65,427.82,-239.24,0.009,-28.19,-40.29,-0.04,0.0362,-1.7883,12.08,-99074.15,7.47,93.14,-4.199,-0,-1.0001,131.69,139.01,133.31,24.93,Cornering,"Hoosier 43075 16x7.5-10 R20, 7 inch rim",1976
78.77,285.98,-7.34,429.21,-240.48,0.009,-27.88,-40.68,0.03,0.0305,-1.7848,11.99,159371.34,7.47,93.14,-4.24,-0,-1,131.67,139.08,133.21,24.93,Cornering,"Hoosier 43075 16x7.5-10 R20, 7 inch rim",1977
78.81,285.99,-5.84,431.56,-239.02,0.009,-27.7,-40.71,0.03,0.0244,-1.8055,11.97,159434.66,7.47,93.14,-4.288,-0,-1,131.69,139.12,133.23,24.94,Cornering,"Hoosier 43075 16x7.5-10 R20, 7 inch rim",1978
78.81,286,-5.04,434.52,-235.29,0.013,-28.19,-41.07,0.03,0.0214,-1.8468,12,159500.09,7.47,93.17,-4.327,-0,-1,131.64,139.27,133.29,24.96,Cornering,"Hoosier 43075 16x7.5-10 R20, 7 inch rim",1979
78.77,286.01,-4.73,438.9,-231.95,0.009,-27.05,-40.96,0.09,0.0204,-1.8922,12.11,44227.38,7.47,93.21,-4.363,-0,-0.9998,131.54,139.3,133.39,24.97,Cornering,"Hoosier 43075 16x7.5-10 R20, 7 inch rim",1980
78.79,286.02,-5.17,443.29,-229.7,-0.002,-25.47,-40.49,0.03,0.0225,-1.9299,12.18,159817.91,7.47,93.22,-4.396,-0,-1,131.47,139.36,133.49,25.01,Cornering,"Hoosier 43075 16x7.5-10 R20, 7 inch rim",1981
78.81,286.03,-6.33,447.32,-227.92,0.007,-25.36,-39.89,0.03,0.0278,-1.9626,12.21,159845.41,7.47,93.22,-4.437,-0,-1,131.52,139.45,133.65,25.01,Cornering,"Hoosier 43075 16x7.5-10 R20, 7 inch rim",1982
78.8,286.04,-7.67,450.12,-228.59,0.003,-24.69,-39.38,-0.04,0.0336,-1.9691,12.18,-99381.24,7.47,93.2,-4.473,-0,-1.0001,131.56,139.49,133.73,25.02,Cornering,"Hoosier 43075 16x7.5-10 R20, 7 inch rim",1983
78.78,286.05,-8.53,451.5,-230.32,0.001,-25.09,-38.76,0.09,0.0371,-1.9603,12.14,44289.25,7.47,93.22,-4.519,-0,-0.9998,131.62,139.47,133.75,25.01,Cornering,"Hoosier 43075 16x7.5-10 R20, 7 inch rim",1984
78.81,286.06,-8.92,452.07,-233.31,0.013,-26.26,-38.3,-0.04,0.0382,-1.9376,12.06,-99321.62,7.47,93.25,-4.566,-0,-1.0001,131.62,139.38,133.77,25.01,Cornering,"Hoosier 43075 16x7.5-10 R20, 7 inch rim",1985
78.82,286.07,-9.55,451.89,-236.6,0.003,-28.33,-39.24,-0.04,0.0404,-1.9099,12.03,-99339.56,7.47,93.26,-4.6,-0,-1.0001,131.64,139.3,133.71,25.01,Cornering,"Hoosier 43075 16x7.5-10 R20, 7 inch rim",1986
78.79,286.08,-8.65,452.32,-239.65,0.007,-29.48,-39.6,0.03,0.0361,-1.8874,12.07,159944.58,7.46,93.26,-4.645,-0,-1,131.67,139.25,133.65,25.04,Cornering,"Hoosier 43075 16x7.5-10 R20, 7 inch rim",1987
78.78,286.09,-7.24,453.4,-240.64,0.006,-30,-39.98,0.03,0.0301,-1.8841,12.14,160010.67,7.46,93.25,-4.678,-0,-1,131.71,139.27,133.57,25.05,Cornering,"Hoosier 43075 16x7.5-10 R20, 7 inch rim",1988
78.81,286.1,-5.49,455.28,-239.82,0.004,-29.57,-40.18,0.03,0.0229,-1.8984,12.22,159961.42,7.46,93.26,-4.728,-0,-1,131.75,139.27,133.61,25.04,Cornering,"Hoosier 43075 16x7.5-10 R20, 7 inch rim",1989
78.81,286.11,-4.18,458.24,-237,0.019,-28.56,-40.18,-0.04,0.0177,-1.9335,12.28,-99339.05,7.46,93.24,-4.756,-0,-1.0001,131.71,139.32,133.67,25.02,Cornering,"Hoosier 43075 16x7.5-10 R20, 7 inch rim",1990
78.77,286.12,-3.74,462.01,-233.65,0.006,-27.65,-40.17,-0.04,0.016,-1.9774,12.24,-99219.38,7.46,93.26,-4.787,-0,-1.0001,131.67,139.38,133.75,24.99,Cornering,"Hoosier 43075 16x7.5-10 R20, 7 inch rim",1991
78.79,286.13,-4.51,465.9,-230.36,0.012,-27.75,-40.12,-0.04,0.0196,-2.0225,12.17,-99164.95,7.46,93.3,-4.841,-0,-1.0001,131.64,139.41,133.83,24.98,Cornering,"Hoosier 43075 16x7.5-10 R20, 7 inch rim",1992
78.81,286.14,-5.58,469.81,-229.03,-0.002,-27.02,-39.59,-0.04,0.0243,-2.0513,12.09,-99182.82,7.46,93.35,-4.874,-0,-1.0001,131.69,139.49,133.93,24.98,Cornering,"Hoosier 43075 16x7.5-10 R20, 7 inch rim",1993
78.79,286.15,-6.8,472.74,-229.21,0.01,-26.57,-38.78,-0.11,0.0297,-2.0625,12.11,-37847.51,7.46,93.35,-4.918,-0,-1.0002,131.75,139.58,134.09,25,Cornering,"Hoosier 43075 16x7.5-10 R20, 7 inch rim",1994
78.79,286.16,-7.98,474.27,-231.14,0.014,-27.13,-38.09,0.03,0.0345,-2.0519,12.12,159644.19,7.45,93.36,-4.96,-0,-1,131.82,139.58,134.16,25,Cornering,"Hoosier 43075 16x7.5-10 R20, 7 inch rim",1995
78.81,286.17,-8.64,474.72,-233.71,0.004,-28.11,-37.77,-0.04,0.037,-2.0313,12.22,-99185.18,7.45,93.29,-5.004,-0,-1.0001,131.84,139.52,134.11,24.99,Cornering,"Hoosier 43075 16x7.5-10 R20, 7 inch rim",1996
78.81,286.18,-8.97,474.54,-237.28,-0.002,-29.16,-38.11,0.09,0.0378,-1.9999,12.25,44181.65,7.45,93.23,-5.041,-0,-0.9998,131.82,139.49,134.07,24.97,Cornering,"Hoosier 43075 16x7.5-10 R20, 7 inch rim",1997
78.77,286.19,-8.51,474.82,-239.82,-0.002,-30.48,-38.36,0.03,0.0355,-1.9799,12.25,159387.3,7.45,93.21,-5.094,-0,-1,131.84,139.49,134.03,24.97,Cornering,"Hoosier 43075 16x7.5-10 R20, 7 inch rim",1998
78.8,286.2,-7.6,475.11,-241.53,0.004,-31.05,-39.01,-0.04,0.0315,-1.9671,12.22,-98959.15,7.45,93.21,-5.122,-0,-1.0001,131.84,139.58,133.99,24.94,Cornering,"Hoosier 43075 16x7.5-10 R20, 7 inch rim",1999
78.81,286.21,-6.28,476.84,-241.14,-0.007,-30.48,-39.45,0.09,0.026,-1.9775,12.13,44121.53,7.45,93.19,-5.163,-0,-0.9998,131.9,139.69,133.97,24.94,Cornering,"Hoosier 43075 16x7.5-10 R20, 7 inch rim",2000
78.79,286.22,-4.81,478.71,-238.17,0.009,-30.87,-39.3,0.03,0.0202,-2.01,12.07,159134.22,7.45,93.17,-5.212,-0,-1,131.94,139.8,134.03,24.93,Cornering,"Hoosier 43075 16x7.5-10 R20, 7 inch rim",2001
78.78,286.23,-4.27,482,-235.21,0.007,-29.21,-39.21,0.03,0.0181,-2.0493,12.08,159091.47,7.45,93.22,-5.233,-0,-1,131.97,139.91,134.11,24.93,Cornering,"Hoosier 43075 16x7.5-10 R20, 7 inch rim",2002
78.81,286.24,-4.56,485.29,-231.98,0.006,-28.96,-38.77,-0.04,0.0197,-2.0919,12.13,-98864.51,7.45,93.21,-5.276,-0,-1.0001,132.01,140.04,134.2,24.92,Cornering,"Hoosier 43075 16x7.5-10 R20, 7 inch rim",2003
78.82,286.25,-5.81,488.87,-231,0.004,-27.29,-38.22,0.03,0.0251,-2.1163,12.21,159029.28,7.45,93.21,-5.326,-0,-1,132.07,140.24,134.28,24.92,Cornering,"Hoosier 43075 16x7.5-10 R20, 7 inch rim",2004
78.78,286.26,-6.84,491.36,-230.06,0.001,-27.66,-37.11,-0.04,0.0298,-2.1357,12.25,-98870.25,7.45,93.2,-5.378,-0,-1.0001,132.25,140.33,134.42,24.93,Cornering,"Hoosier 43075 16x7.5-10 R20, 7 inch rim",2005
78.78,286.27,-7.99,492.75,-231.41,-0.006,-27.68,-36.56,-0.04,0.0345,-2.1294,12.24,-98956.55,7.45,93.23,-5.411,-0,-1.0001,132.31,140.44,134.5,24.95,Cornering,"Hoosier 43075 16x7.5-10 R20, 7 inch rim",2006
78.82,286.28,-8.56,492.86,-233.55,0.009,-29.25,-35.8,0.09,0.0366,-2.1103,12.19,44099.82,7.44,93.21,-5.451,-0,-0.9998,132.4,140.44,134.52,24.94,Cornering,"Hoosier 43075 16x7.5-10 R20, 7 inch rim",2007
78.8,286.29,-9.2,492.65,-236.04,0.019,-31.48,-36.02,-0.04,0.039,-2.0871,12.12,-98896.91,7.44,93.2,-5.49,-0,-1.0001,132.37,140.37,134.48,24.94,Cornering,"Hoosier 43075 16x7.5-10 R20, 7 inch rim",2008
78.78,286.3,-8.68,492.64,-239.53,0.003,-32.25,-36.23,-0.04,0.0363,-2.0567,12.06,-98820.42,7.44,93.17,-5.533,-0,-1.0001,132.35,140.33,134.5,24.92,Cornering,"Hoosier 43075 16x7.5-10 R20, 7 inch rim",2009
78.81,286.31,-7.34,493.41,-241.86,0.001,-32.17,-36.41,0.03,0.0304,-2.04,12.09,158996.34,7.44,93.14,-5.577,-0,-1,132.37,140.37,134.44,24.93,Cornering,"Hoosier 43075 16x7.5-10 R20, 7 inch rim",2010
78.81,286.32,-6.05,494.49,-241.19,0.012,-32.81,-36.96,0.03,0.0251,-2.0502,12.15,159097.02,7.44,93.12,-5.613,-0,-1,132.37,140.46,134.42,24.94,Cornering,"Hoosier 43075 16x7.5-10 R20, 7 inch rim",2011
78.78,286.33,-4.42,496.22,-239.37,0.012,-31.76,-36.74,0.09,0.0185,-2.0731,12.21,44094.86,7.43,93.14,-5.644,-0,-0.9998,132.44,140.57,134.42,24.95,Cornering,"Hoosier 43075 16x7.5-10 R20, 7 inch rim",2012
78.78,286.34,-3.8,498.74,-236.38,0.004,-30.36,-36.86,-0.04,0.0161,-2.1099,12.25,-98908.79,7.44,93.15,-5.681,-0,-1.0001,132.44,140.68,134.46,24.95,Cornering,"Hoosier 43075 16x7.5-10 R20, 7 inch rim",2013
78.82,286.35,-3.89,501.72,-233.83,0.003,-29.08,-36.69,0.03,0.0166,-2.1457,12.24,158991.16,7.44,93.14,-5.723,-0,-1,132.46,140.86,134.52,24.93,Cornering,"Hoosier 43075 16x7.5-10 R20, 7 inch rim",2014
78.8,286.36,-4.66,504.68,-231.4,0.007,-28.72,-36.01,0.03,0.0201,-2.181,12.17,158793.75,7.44,93.11,-5.766,-0,-1,132.46,140.99,134.6,24.9,Cornering,"Hoosier 43075 16x7.5-10 R20, 7 inch rim",2015
78.78,286.37,-6.07,507.15,-230.63,0.016,-28.68,-35.23,-0.04,0.0263,-2.199,12.09,-98590.05,7.43,93.11,-5.792,-0,-1.0001,132.55,141.08,134.72,24.87,Cornering,"Hoosier 43075 16x7.5-10 R20, 7 inch rim",2016
78.81,286.38,-7.4,508.56,-231.91,-0.002,-28.86,-34.77,-0.11,0.0319,-2.193,12.01,-37619.91,7.43,93.09,-5.85,-0,-1.0002,132.65,141.15,134.88,24.89,Cornering,"Hoosier 43075 16x7.5-10 R20, 7 inch rim",2017
78.81,286.39,-8.6,509.46,-233.14,0.001,-30.18,-34.29,-0.04,0.0369,-2.1852,12.02,-98711.48,7.43,93.08,-5.88,-0,-1.0001,132.7,141.17,134.94,24.91,Cornering,"Hoosier 43075 16x7.5-10 R20, 7 inch rim",2018
78.78,286.4,-9.44,509.27,-235.78,0.003,-31.77,-34.28,0.03,0.04,-2.16,12.07,158968.98,7.43,93.03,-5.922,-0,-1,132.67,141.1,134.96,24.94,Cornering,"Hoosier 43075 16x7.5-10 R20, 7 inch rim",2019
78.78,286.41,-9.79,508.76,-238.72,0.012,-33.67,-34.76,-0.04,0.041,-2.1312,12.14,-98880.71,7.43,93,-5.958,-0,-1.0001,132.7,141.1,134.94,24.96,Cornering,"Hoosier 43075 16x7.5-10 R20, 7 inch rim",2020
78.81,286.42,-9.23,509.38,-240.69,-0.002,-34.13,-35.36,0.09,0.0383,-2.1163,12.16,44085.72,7.43,92.96,-6.004,-0,-0.9998,132.76,141.15,134.98,24.96,Cornering,"Hoosier 43075 16x7.5-10 R20, 7 inch rim",2021
78.8,286.43,-7.54,510.47,-241.27,0.006,-33.4,-35.31,0.03,0.0312,-2.1157,12.13,159046.64,7.43,92.91,-6.031,-0,-1,132.74,141.19,134.98,24.96,Cornering,"Hoosier 43075 16x7.5-10 R20, 7 inch rim",2022
78.77,286.44,-5.59,512.19,-240,0.009,-32.24,-35.12,-0.04,0.0233,-2.1341,12.09,-98788.62,7.42,92.86,-6.079,-0,-1.0001,132.82,141.34,134.98,24.94,Cornering,"Hoosier 43075 16x7.5-10 R20, 7 inch rim",2023
78.8,286.45,-4.66,514.56,-237.43,0.004,-30.35,-35.27,0.03,0.0196,-2.1672,11.99,158907.03,7.43,92.81,-6.124,-0,-1,132.85,141.41,135.04,24.94,Cornering,"Hoosier 43075 16x7.5-10 R20, 7 inch rim",2024
78.82,286.46,-4.11,517.08,-234.18,-0,-29.75,-34.87,0.09,0.0176,-2.208,11.91,44041.61,7.42,92.75,-6.16,-0,-0.9998,132.87,141.56,135.17,24.94,Cornering,"Hoosier 43075 16x7.5-10 R20, 7 inch rim",2025
78.79,286.47,-4.84,519.72,-231.66,0.012,-29.65,-34.57,0.09,0.0209,-2.2434,11.93,44037.86,7.42,92.74,-6.203,-0,-0.9998,132.87,141.72,135.27,24.94,Cornering,"Hoosier 43075 16x7.5-10 R20, 7 inch rim",2026
78.78,286.48,-5.8,522.06,-230.86,-0,-29.36,-33.68,0.03,0.0251,-2.2614,11.99,158871,7.43,92.7,-6.238,-0,-1,133.04,141.87,135.45,24.94,Cornering,"Hoosier 43075 16x7.5-10 R20, 7 inch rim",2027
78.81,286.49,-7.57,523.45,-230.96,-0.003,-30.15,-33.35,-0.04,0.0328,-2.2665,12.06,-98726.77,7.42,92.69,-6.279,-0,-1.0001,133.17,141.94,135.55,24.93,Cornering,"Hoosier 43075 16x7.5-10 R20, 7 inch rim",2028
78.81,286.5,-8.55,523.88,-232.58,0.01,-30.81,-32.56,0.09,0.0368,-2.2525,12.13,43975.08,7.42,92.69,-6.334,-0,-0.9998,133.34,141.89,135.65,24.92,Cornering,"Hoosier 43075 16x7.5-10 R20, 7 inch rim",2029
78.77,286.51,-9.42,523.23,-234.82,0.007,-32.66,-32.46,-0.11,0.0401,-2.2282,12.17,-37626.19,7.42,92.67,-6.36,-0,-1.0002,133.27,141.89,135.61,24.92,Cornering,"Hoosier 43075 16x7.5-10 R20, 7 inch rim",2030
78.79,286.52,-9.72,523.06,-237.95,-0.003,-33.2,-32.59,0.03,0.0408,-2.1982,12.11,158818.56,7.42,92.66,-6.402,-0,-1,133.23,141.89,135.63,24.94,Cornering,"Hoosier 43075 16x7.5-10 R20, 7 inch rim",2031
78.81,286.53,-9.41,523.34,-239.94,0.003,-34.22,-32.95,0.03,0.0392,-2.1811,12.06,158915.75,7.42,92.64,-6.443,-0,-1,133.3,141.87,135.61,24.96,Cornering,"Hoosier 43075 16x7.5-10 R20, 7 inch rim",2032
78.8,286.54,-8.25,524.43,-240.93,0.009,-33.55,-33.12,0.03,0.0342,-2.1767,12,158979.7,7.42,92.66,-6.473,-0,-1,133.38,141.94,135.59,24.97,Cornering,"Hoosier 43075 16x7.5-10 R20, 7 inch rim",2033
78.78,286.55,-6.71,525.83,-239.99,0.019,-32.88,-33.19,0.03,0.028,-2.191,12,158964.09,7.41,92.68,-6.52,-0,-1,133.45,142.03,135.63,24.97,Cornering,"Hoosier 43075 16x7.5-10 R20, 7 inch rim",2034
78.81,286.56,-5.24,527.73,-237.87,0.007,-31.38,-32.84,0.03,0.022,-2.2186,12.06,159133.36,7.41,92.71,-6.566,-0,-1,133.53,142.16,135.69,25,Cornering,"Hoosier 43075 16x7.5-10 R20, 7 inch rim",2035
78.81,286.57,-4.63,529.79,-234.74,-0.003,-31.29,-32.66,0.03,0.0197,-2.2569,12.14,159234.95,7.42,92.71,-6.594,-0,-1,133.58,142.29,135.83,25.01,Cornering,"Hoosier 43075 16x7.5-10 R20, 7 inch rim",2036
78.78,286.58,-4.6,531.95,-232.5,0.019,-30.91,-31.84,0.03,0.0198,-2.2879,12.22,159291.88,7.41,92.75,-6.644,-0,-1,133.62,142.44,136.01,25.03,Cornering,"Hoosier 43075 16x7.5-10 R20, 7 inch rim",2037
78.79,286.59,-5.77,534.13,-231.06,0.016,-31,-31.48,0.09,0.025,-2.3117,12.22,44147.45,7.41,92.79,-6.685,-0,-0.9998,133.75,142.58,136.18,25.03,Cornering,"Hoosier 43075 16x7.5-10 R20, 7 inch rim",2038
78.82,286.6,-6.98,535.53,-231.14,0.009,-31.47,-30.73,-0.04,0.0302,-2.3169,12.19,-98933.84,7.41,92.85,-6.722,-0,-1.0001,133.9,142.62,136.38,25.01,Cornering,"Hoosier 43075 16x7.5-10 R20, 7 inch rim",2039
78.8,286.61,-7.94,536.43,-232.34,0.014,-32.07,-29.77,0.03,0.0342,-2.3088,12.13,159031.52,7.41,92.91,-6.758,-0,-1,134.03,142.64,136.48,24.99,Cornering,"Hoosier 43075 16x7.5-10 R20, 7 inch rim",2040
78.78,286.62,-8.99,536.25,-234.88,0.019,-32.59,-29.67,0.03,0.0383,-2.2831,12.06,158942.48,7.41,92.95,-6.803,-0,-1,134.05,142.62,136.56,24.98,Cornering,"Hoosier 43075 16x7.5-10 R20, 7 inch rim",2041
78.8,286.63,-9.29,536.4,-237.27,-0.005,-34,-29.86,0.09,0.0392,-2.2607,12.05,44060.89,7.41,93,-6.843,-0,-0.9998,134,142.6,136.56,24.99,Cornering,"Hoosier 43075 16x7.5-10 R20, 7 inch rim",2042
78.82,286.64,-8.99,536.68,-239.6,0.003,-34.91,-30.21,-0.04,0.0375,-2.2399,12.08,-98876.78,7.41,93.01,-6.881,-0,-1.0001,134,142.64,136.56,25,Cornering,"Hoosier 43075 16x7.5-10 R20, 7 inch rim",2043
78.78,286.65,-8.04,537.46,-241.22,-0,-34.18,-30.68,0.03,0.0333,-2.2281,12.17,159086.98,7.41,92.97,-6.917,-0,-1,133.96,142.71,136.54,25.01,Cornering,"Hoosier 43075 16x7.5-10 R20, 7 inch rim",2044
78.79,286.66,-6.59,538.39,-240.41,0.013,-33.82,-31.07,-0.04,0.0274,-2.2394,12.24,-98906.05,7.4,92.98,-6.957,-0,-1.0001,134,142.88,136.56,25.01,Cornering,"Hoosier 43075 16x7.5-10 R20, 7 inch rim",2045
78.81,286.67,-5.24,539.97,-239.54,0.017,-31.34,-30.88,0.03,0.0219,-2.2541,12.23,158911.22,7.4,92.96,-6.997,-0,-1,134.05,143.06,136.66,24.98,Cornering,"Hoosier 43075 16x7.5-10 R20, 7 inch rim",2046
78.81,286.68,-4.22,541.39,-236.25,0.016,-31.64,-30.37,0.09,0.0178,-2.2916,12.19,44000.76,7.4,92.96,-7.04,-0,-0.9998,134.11,143.19,136.8,24.97,Cornering,"Hoosier 43075 16x7.5-10 R20, 7 inch rim",2047
78.78,286.69,-4.61,543.43,-233.26,0.009,-31.71,-30.17,-0.04,0.0198,-2.3297,12.12,-98671.63,7.4,92.95,-7.085,-0,-1.0001,134.18,143.41,136.98,24.96,Cornering,"Hoosier 43075 16x7.5-10 R20, 7 inch rim",2048
78.79,286.7,-6.03,545.29,-232,0.014,-31.71,-29.92,0.03,0.026,-2.3504,12.04,158682.91,7.4,92.93,-7.12,-0,-1,134.28,143.57,137.15,24.96,Cornering,"Hoosier 43075 16x7.5-10 R20, 7 inch rim",2049
78.81,286.71,-7.33,546.69,-231.67,0.007,-32.1,-29.19,-0.04,0.0316,-2.3597,11.99,-98564.3,7.4,92.91,-7.155,-0,-1.0001,134.41,143.7,137.37,24.94,Cornering,"Hoosier 43075 16x7.5-10 R20, 7 inch rim",2050
78.79,286.72,-8.69,547.44,-232.68,0.013,-32.75,-28.52,0.03,0.0373,-2.3528,12.02,158616.5,7.4,92.92,-7.202,-0,-1,134.48,143.74,137.55,24.95,Cornering,"Hoosier 43075 16x7.5-10 R20, 7 inch rim",2051
78.77,286.73,-9.38,547.59,-234.71,0.003,-33.4,-27.78,0.09,0.04,-2.333,12.08,43970.48,7.4,92.9,-7.241,-0,-0.9998,134.56,143.74,137.67,24.96,Cornering,"Hoosier 43075 16x7.5-10 R20, 7 inch rim",2052
78.81,286.74,-9.78,547.56,-237.57,0.009,-33.56,-27.54,-0.04,0.0412,-2.3048,12.12,-98646.96,7.4,92.86,-7.295,-0,-1.0001,134.63,143.72,137.69,24.97,Cornering,"Hoosier 43075 16x7.5-10 R20, 7 inch rim",2053
78.8,286.75,-9.98,548.16,-239.5,0.01,-34.64,-28.23,-0.04,0.0417,-2.2888,12.14,-98661.63,7.39,92.82,-7.331,-0,-1.0001,134.65,143.68,137.69,24.97,Cornering,"Hoosier 43075 16x7.5-10 R20, 7 inch rim",2054
78.78,286.76,-8.87,548.17,-241.82,-0.003,-33.85,-28.28,-0.04,0.0367,-2.2668,12.09,-98654.7,7.4,92.76,-7.361,-0,-1.0001,134.69,143.81,137.69,24.97,Cornering,"Hoosier 43075 16x7.5-10 R20, 7 inch rim",2055
78.8,286.77,-7.48,548.77,-241.23,0.017,-34.26,-28.76,0.03,0.031,-2.2749,12.01,158726.19,7.39,92.71,-7.404,-0,-1,134.8,143.87,137.75,24.98,Cornering,"Hoosier 43075 16x7.5-10 R20, 7 inch rim",2056
78.81,286.78,-5.81,549.58,-240.1,0.007,-32.93,-28.67,-0.04,0.0242,-2.289,11.94,-98661.29,7.39,92.67,-7.431,-0,-1.0001,134.91,144.03,137.85,24.98,Cornering,"Hoosier 43075 16x7.5-10 R20, 7 inch rim",2057
78.79,286.79,-4.68,550.84,-237.99,0.009,-32,-28.43,-0.04,0.0197,-2.3146,11.89,-98648.88,7.39,92.61,-7.484,-0,-1.0001,135.06,144.23,137.97,24.98,Cornering,"Hoosier 43075 16x7.5-10 R20, 7 inch rim",2058
78.78,286.8,-4.42,552.41,-235.24,0.012,-32.29,-28.06,0.03,0.0188,-2.3483,11.93,158680.83,7.39,92.58,-7.524,-0,-1,135.18,144.38,138.12,24.98,Cornering,"Hoosier 43075 16x7.5-10 R20, 7 inch rim",2059
78.81,286.81,-5.42,554.14,-233.84,-0.005,-32.27,-27.92,0.03,0.0232,-2.3697,12.03,158702.36,7.39,92.56,-7.564,-0,-1,135.38,144.56,138.26,24.98,Cornering,"Hoosier 43075 16x7.5-10 R20, 7 inch rim",2060
78.81,286.82,-6.81,555.99,-233.31,0.007,-32.39,-27.44,0.09,0.0292,-2.3831,12.09,43973.96,7.39,92.56,-7.6,-0,-0.9998,135.66,144.73,138.42,24.98,Cornering,"Hoosier 43075 16x7.5-10 R20, 7 inch rim",2061
78.78,286.83,-7.86,556.9,-233.43,0.013,-33.35,-26.5,-0.04,0.0337,-2.3858,12.11,-98679.09,7.39,92.55,-7.646,-0,-1.0001,135.87,144.76,138.66,25,Cornering,"Hoosier 43075 16x7.5-10 R20, 7 inch rim",2062
78.8,286.84,-8.93,557.68,-234.39,0.001,-33.74,-26.15,0.03,0.0381,-2.3793,12.08,158617.59,7.39,92.58,-7.689,-0,-1,135.98,144.78,138.76,24.98,Cornering,"Hoosier 43075 16x7.5-10 R20, 7 inch rim",2063
78.82,286.85,-9.3,557.65,-236.39,0.007,-34.38,-25.7,0.09,0.0393,-2.3591,12,43941.76,7.39,92.58,-7.71,-0,-0.9998,136.02,144.73,138.82,24.97,Cornering,"Hoosier 43075 16x7.5-10 R20, 7 inch rim",2064
78.79,286.86,-9.62,557.78,-238.39,0.013,-34.83,-25.96,0.03,0.0403,-2.3398,11.93,158370,7.38,92.6,-7.758,-0,-1,136.09,144.73,138.84,24.94,Cornering,"Hoosier 43075 16x7.5-10 R20, 7 inch rim",2065
78.78,286.87,-9.02,557.62,-240.54,0.007,-34.71,-26.3,-0.11,0.0375,-2.3182,11.9,-37564.84,7.38,92.61,-7.803,-0,-1.0002,136.17,144.78,138.86,24.96,Cornering,"Hoosier 43075 16x7.5-10 R20, 7 inch rim",2066
78.81,286.88,-7.97,557.94,-241.02,0.001,-34.37,-26.75,0.03,0.0331,-2.3149,11.92,158447.77,7.38,92.62,-7.841,-0,-1,136.24,144.82,138.88,24.96,Cornering,"Hoosier 43075 16x7.5-10 R20, 7 inch rim",2067
78.81,286.89,-6.26,557.63,-240.32,0.006,-34.36,-26.69,-0.04,0.026,-2.3203,11.98,-98575.1,7.38,92.64,-7.885,-0,-1.0001,136.34,145,138.98,24.98,Cornering,"Hoosier 43075 16x7.5-10 R20, 7 inch rim",2068
78.79,286.9,-4.97,558.11,-238.87,0.017,-33.27,-26.26,-0.04,0.0208,-2.3365,12.08,-98543.38,7.38,92.64,-7.921,-0,-1.0001,136.49,145.17,139.11,24.98,Cornering,"Hoosier 43075 16x7.5-10 R20, 7 inch rim",2069
78.79,286.91,-4.53,559.08,-236.63,0.003,-32.86,-26.13,-0.04,0.0191,-2.3626,12.1,-98532.33,7.38,92.67,-7.965,-0,-1.0001,136.71,145.37,139.29,24.98,Cornering,"Hoosier 43075 16x7.5-10 R20, 7 inch rim",2070
78.81,286.92,-5.22,560.79,-234.64,0.007,-33.07,-25.63,0.09,0.0223,-2.39,12.06,43888.2,7.38,92.68,-8.012,-0,-0.9998,136.84,145.66,139.47,24.96,Cornering,"Hoosier 43075 16x7.5-10 R20, 7 inch rim",2071
78.8,286.93,-6.52,562.81,-234.06,0.004,-32.84,-25.19,0.03,0.0279,-2.4046,12.03,158289.42,7.38,92.72,-8.053,-0,-1,137.03,145.81,139.69,24.95,Cornering,"Hoosier 43075 16x7.5-10 R20, 7 inch rim",2072
78.77,286.94,-7.85,564.66,-233.76,0.009,-33.53,-24.63,0.03,0.0336,-2.4156,11.97,158239.28,7.38,92.72,-8.085,-0,-1,137.29,145.88,139.91,24.94,Cornering,"Hoosier 43075 16x7.5-10 R20, 7 inch rim",2073
78.8,286.95,-8.77,565.88,-234.78,0.013,-33.85,-24.09,-0.04,0.0374,-2.4102,11.96,-98377.66,7.38,92.68,-8.126,-0,-1.0001,137.48,145.88,140.12,24.95,Cornering,"Hoosier 43075 16x7.5-10 R20, 7 inch rim",2074
78.81,286.96,-9.24,566.33,-236.23,0.012,-34.6,-23.69,0.03,0.0391,-2.3974,12.01,158242.11,7.38,92.65,-8.169,-0,-1,137.57,145.86,140.14,24.95,Cornering,"Hoosier 43075 16x7.5-10 R20, 7 inch rim",2075
78.78,286.97,-9.5,566.62,-238.42,0.01,-35.3,-23.88,-0.04,0.0399,-2.3766,12.09,-98381.15,7.37,92.63,-8.201,-0,-1.0001,137.61,145.86,140.14,24.96,Cornering,"Hoosier 43075 16x7.5-10 R20, 7 inch rim",2076
78.79,286.98,-9.19,566.46,-240.59,0.004,-35.28,-24.27,-0.11,0.0382,-2.3545,12.17,-37505.19,7.37,92.64,-8.244,-0,-1.0002,137.72,145.9,140.08,24.94,Cornering,"Hoosier 43075 16x7.5-10 R20, 7 inch rim",2077
78.81,286.99,-7.92,565.68,-241.18,0.007,-36.14,-24.42,0.03,0.0328,-2.3455,12.21,158083.91,7.37,92.65,-8.285,-0,-1,137.82,145.97,140.08,24.93,Cornering,"Hoosier 43075 16x7.5-10 R20, 7 inch rim",2078
78.8,287,-6.76,565.06,-241.35,0.013,-35.21,-24.78,0.09,0.028,-2.3412,12.19,43801.75,7.37,92.64,-8.325,-0,-0.9998,137.95,146.1,140.16,24.93,Cornering,"Hoosier 43075 16x7.5-10 R20, 7 inch rim",2079
78.77,287.01,-5.23,564.31,-240.34,0.004,-34.34,-24.48,-0.04,0.0218,-2.348,12.13,-98247.92,7.37,92.66,-8.363,-0,-1.0001,138.1,146.23,140.26,24.93,Cornering,"Hoosier 43075 16x7.5-10 R20, 7 inch rim",2080
78.8,287.02,-4.79,564.95,-238.57,0.006,-33.78,-24.28,0.09,0.0201,-2.3681,12.06,43822.63,7.37,92.66,-8.408,-0,-0.9998,138.25,146.38,140.42,24.95,Cornering,"Hoosier 43075 16x7.5-10 R20, 7 inch rim",2081
78.81,287.03,-5.1,566.51,-237.48,0.006,-32.74,-23.71,0.03,0.0215,-2.3855,12.07,158165.94,7.37,92.67,-8.439,-0,-1,138.42,146.58,140.52,24.96,Cornering,"Hoosier 43075 16x7.5-10 R20, 7 inch rim",2082
78.79,287.04,-6.43,568.36,-235.51,0.014,-34.03,-23.13,-0.11,0.0273,-2.4133,12.12,-37506.49,7.37,92.64,-8.494,-0,-1.0002,138.64,146.8,140.72,24.96,Cornering,"Hoosier 43075 16x7.5-10 R20, 7 inch rim",2083
78.79,287.05,-7.84,570.54,-235.32,0.006,-34.21,-22.43,0.03,0.0333,-2.4246,12.19,158238.92,7.37,92.61,-8.526,-0,-1,138.92,146.89,140.94,24.97,Cornering,"Hoosier 43075 16x7.5-10 R20, 7 inch rim",2084
78.82,287.06,-9.1,572.23,-235.77,0.013,-34.26,-22.05,-0.04,0.0386,-2.4271,12.25,-98379.55,7.37,92.58,-8.557,-0,-1.0001,139.11,146.91,141.15,24.98,Cornering,"Hoosier 43075 16x7.5-10 R20, 7 inch rim",2085
78.8,287.07,-9.82,573,-236.58,0.007,-35.07,-21.82,0.09,0.0415,-2.422,12.24,43861.33,7.37,92.56,-8.597,-0,-0.9998,139.24,146.91,141.29,24.98,Cornering,"Hoosier 43075 16x7.5-10 R20, 7 inch rim",2086
78.77,287.08,-10.08,573.16,-238.61,-0.006,-35.41,-22.06,0.09,0.0422,-2.4021,12.19,43886.53,7.37,92.54,-8.641,-0,-0.9998,139.24,146.87,141.35,25,Cornering,"Hoosier 43075 16x7.5-10 R20, 7 inch rim",2087
78.79,287.09,-10.08,572.66,-240.19,0.01,-36.1,-22.31,-0.04,0.042,-2.3842,12.11,-98411.77,7.36,92.55,-8.691,-0,-1.0001,139.26,146.89,141.35,25,Cornering,"Hoosier 43075 16x7.5-10 R20, 7 inch rim",2088
78.82,287.1,-8.58,571.26,-242.5,0.001,-35.88,-22.25,0.09,0.0354,-2.3557,12.06,43866.84,7.37,92.5,-8.72,-0,-0.9998,139.33,146.98,141.37,25,Cornering,"Hoosier 43075 16x7.5-10 R20, 7 inch rim",2089
78.8,287.11,-7.33,570.32,-242.79,0.007,-35.68,-22.59,-0.04,0.0302,-2.3491,12.06,-98368.27,7.36,92.46,-8.767,-0,-1.0001,139.45,147.04,141.45,24.99,Cornering,"Hoosier 43075 16x7.5-10 R20, 7 inch rim",2090
78.78,287.12,-5.99,569.56,-241.82,0.009,-35.66,-22.61,0.09,0.0248,-2.3553,12.11,43857.06,7.36,92.43,-8.8,-0,-0.9998,139.54,147.29,141.59,25,Cornering,"Hoosier 43075 16x7.5-10 R20, 7 inch rim",2091
78.81,287.13,-5.07,569.73,-240.73,0.012,-34.34,-22.29,0.03,0.0211,-2.3667,12.19,158321.14,7.36,92.37,-8.843,-0,-1,139.75,147.44,141.79,25.01,Cornering,"Hoosier 43075 16x7.5-10 R20, 7 inch rim",2092
78.81,287.14,-5.36,570.84,-238.83,0.004,-34.01,-22.38,-0.11,0.0225,-2.3902,12.22,-37552.93,7.36,92.36,-8.886,-0,-1.0002,139.93,147.64,142.04,25.02,Cornering,"Hoosier 43075 16x7.5-10 R20, 7 inch rim",2093
78.78,287.15,-6.35,573.33,-237.01,0.007,-34.04,-21.96,-0.04,0.0268,-2.419,12.23,-98416.41,7.36,92.33,-8.923,-0,-1.0001,140.18,147.84,142.26,25.01,Cornering,"Hoosier 43075 16x7.5-10 R20, 7 inch rim",2094
78.79,287.16,-7.37,575.82,-236.76,0.006,-33.3,-21.15,0.09,0.0311,-2.432,12.19,43867.21,7.36,92.3,-8.965,-0,-0.9998,140.48,147.99,142.58,25.01,Cornering,"Hoosier 43075 16x7.5-10 R20, 7 inch rim",2095
78.82,287.17,-8.73,577.36,-236.69,0.007,-34.18,-20.82,0.03,0.0369,-2.4393,12.1,158141.83,7.36,92.28,-8.998,-0,-1,140.7,148.1,142.8,24.99,Cornering,"Hoosier 43075 16x7.5-10 R20, 7 inch rim",2096
78.8,287.18,-9.21,578.28,-237.51,-0,-34.89,-20.13,0.03,0.0388,-2.4347,12.05,158045.81,7.36,92.27,-9.048,-0,-1,140.93,148.06,142.99,24.98,Cornering,"Hoosier 43075 16x7.5-10 R20, 7 inch rim",2097
78.78,287.19,-9.41,578.09,-238.45,0.012,-36.51,-19.82,-0.04,0.0395,-2.4244,12.06,-98143,7.36,92.26,-9.085,-0,-1.0001,141,148.1,143.07,24.96,Cornering,"Hoosier 43075 16x7.5-10 R20, 7 inch rim",2098
78.81,287.2,-9.76,577.78,-240.65,0.003,-36.56,-20.36,0.03,0.0405,-2.4009,12.11,157719.25,7.36,92.25,-9.121,-0,-1,141.08,148.08,143.03,24.93,Cornering,"Hoosier 43075 16x7.5-10 R20, 7 inch rim",2099
78.81,287.21,-8.74,576.67,-242.29,0.006,-37.15,-20.36,-0.04,0.0361,-2.3801,12.19,-97985.13,7.36,92.2,-9.159,-0,-1.0001,141.21,148.17,143.09,24.92,Cornering,"Hoosier 43075 16x7.5-10 R20, 7 inch rim",2100
78.78,287.22,-7.58,575.29,-243.76,-0,-36.09,-20.76,-0.04,0.0311,-2.36,12.22,-97949.27,7.36,92.15,-9.205,-0,-1.0001,141.32,148.25,143.11,24.92,Cornering,"Hoosier 43075 16x7.5-10 R20, 7 inch rim",2101
78.78,287.23,-5.8,574.52,-243.07,0.003,-35.55,-20.57,-0.11,0.0238,-2.3636,12.2,-37358.02,7.36,92.13,-9.242,-0,-1.0002,141.54,148.45,143.29,24.92,Cornering,"Hoosier 43075 16x7.5-10 R20, 7 inch rim",2102
78.81,287.24,-5.09,574.07,-242.1,0.003,-34.34,-20.51,-0.04,0.021,-2.3712,12.12,-97880.27,7.35,92.12,-9.287,-0,-1.0001,141.79,148.72,143.49,24.9,Cornering,"Hoosier 43075 16x7.5-10 R20, 7 inch rim",2103
78.8,287.25,-4.78,574.7,-239.94,0.01,-34.13,-19.89,-0.04,0.0199,-2.3952,12.04,-97846.33,7.35,92.12,-9.325,-0,-1.0001,141.99,148.94,143.67,24.9,Cornering,"Hoosier 43075 16x7.5-10 R20, 7 inch rim",2104
78.78,287.26,-6.1,576.26,-238.26,0.007,-34.57,-19.66,0.03,0.0256,-2.4187,11.99,157349.64,7.35,92.13,-9.366,-0,-1,142.24,149.11,143.92,24.89,Cornering,"Hoosier 43075 16x7.5-10 R20, 7 inch rim",2105
78.8,287.27,-7.43,578.58,-237.55,0.016,-34.2,-19.07,-0.04,0.0313,-2.4356,12,-97914.55,7.35,92.12,-9.404,-0,-1.0001,142.54,149.31,144.16,24.92,Cornering,"Hoosier 43075 16x7.5-10 R20, 7 inch rim",2106
78.81,287.28,-8.58,580.3,-237.31,0.001,-35.07,-18.56,-0.04,0.0362,-2.4453,12.06,-98038.6,7.35,92.09,-9.447,-0,-1.0001,142.84,149.44,144.48,24.96,Cornering,"Hoosier 43075 16x7.5-10 R20, 7 inch rim",2107
78.78,287.29,-9.27,581.68,-237.94,0.006,-35.14,-18.07,-0.11,0.039,-2.4447,12.14,-37417.88,7.35,92.09,-9.486,-0,-1.0002,143.04,149.51,144.66,24.97,Cornering,"Hoosier 43075 16x7.5-10 R20, 7 inch rim",2108
78.79,287.3,-9.52,581.82,-239.17,0.004,-36.08,-17.72,-0.04,0.0398,-2.4327,12.17,-98086.23,7.35,92.08,-9.517,-0,-1.0001,143.12,149.47,144.7,24.97,Cornering,"Hoosier 43075 16x7.5-10 R20, 7 inch rim",2109
78.81,287.31,-9.7,581.5,-240.83,-0.002,-36.48,-18.11,-0.11,0.0403,-2.4146,12.17,-37382.13,7.35,92.02,-9.572,-0,-1.0002,143.19,149.49,144.72,24.96,Cornering,"Hoosier 43075 16x7.5-10 R20, 7 inch rim",2110
78.81,287.32,-9.03,580.87,-242.12,0.003,-36.99,-18.28,0.03,0.0373,-2.3991,12.1,157568.11,7.35,92,-9.6,-0,-1,143.27,149.55,144.68,24.94,Cornering,"Hoosier 43075 16x7.5-10 R20, 7 inch rim",2111
78.78,287.33,-7.81,579.46,-243.18,0.007,-37.11,-18.53,0.03,0.0321,-2.3829,12.01,157435.59,7.35,91.94,-9.648,-0,-1,143.36,149.66,144.7,24.93,Cornering,"Hoosier 43075 16x7.5-10 R20, 7 inch rim",2112
78.8,287.34,-6.56,579.02,-243.92,0.001,-35.27,-19.23,-0.04,0.0269,-2.3738,11.97,-97878.25,7.35,91.9,-9.681,-0,-1.0001,143.49,149.75,144.8,24.93,Cornering,"Hoosier 43075 16x7.5-10 R20, 7 inch rim",2113
78.82,287.35,-5.12,578.24,-242.95,0.01,-34.83,-18.88,-0.04,0.0211,-2.3801,11.98,-97909.09,7.35,91.88,-9.729,-0,-1.0001,143.68,149.95,144.99,24.94,Cornering,"Hoosier 43075 16x7.5-10 R20, 7 inch rim",2114
78.79,287.36,-4.84,578.42,-241.33,0.007,-34.31,-18.82,0.09,0.02,-2.3968,12.08,43661.87,7.35,91.86,-9.764,-0,-0.9998,143.9,150.17,145.21,24.96,Cornering,"Hoosier 43075 16x7.5-10 R20, 7 inch rim",2115
78.78,287.37,-5.55,579.52,-239.51,0.006,-34.52,-18.56,0.03,0.0232,-2.4196,12.16,157547.03,7.35,91.84,-9.795,-0,-1,144.15,150.41,145.41,24.96,Cornering,"Hoosier 43075 16x7.5-10 R20, 7 inch rim",2116
78.81,287.38,-6.87,581.07,-238.81,0.006,-34.44,-18,0.09,0.0288,-2.4332,12.2,43661.53,7.35,91.82,-9.841,-0,-0.9998,144.43,150.59,145.67,24.96,Cornering,"Hoosier 43075 16x7.5-10 R20, 7 inch rim",2117
78.81,287.39,-7.93,582.93,-238.47,0.006,-34.71,-17.08,-0.11,0.0332,-2.4445,12.21,-37336.5,7.35,91.82,-9.892,-0,-1.0002,144.69,150.7,145.98,24.95,Cornering,"Hoosier 43075 16x7.5-10 R20, 7 inch rim",2118
78.77,287.4,-9.06,584.29,-238.46,0.025,-35.47,-16.73,-0.04,0.038,-2.4503,12.17,-97893.45,7.34,91.82,-9.93,-0,-1.0001,144.9,150.79,146.2,24.96,Cornering,"Hoosier 43075 16x7.5-10 R20, 7 inch rim",2119
78.79,287.41,-9.74,584.93,-239.59,0.001,-35.88,-16.68,0.03,0.0407,-2.4414,12.08,157391.28,7.35,91.81,-9.963,-0,-1,144.99,150.79,146.38,24.94,Cornering,"Hoosier 43075 16x7.5-10 R20, 7 inch rim",2120
78.81,287.42,-9.85,585.22,-240.7,0.003,-36.37,-16.39,0.03,0.0409,-2.4313,12.03,157264.48,7.35,91.84,-9.997,-0,-1,145.01,150.87,146.36,24.93,Cornering,"Hoosier 43075 16x7.5-10 R20, 7 inch rim",2121
78.79,287.43,-9.97,584.44,-242.81,-0.002,-36.69,-16.96,-0.04,0.0411,-2.407,12.06,-97745.68,7.35,91.91,-10.04,-0,-1.0001,145.1,150.96,146.4,24.93,Cornering,"Hoosier 43075 16x7.5-10 R20, 7 inch rim",2122
78.78,287.44,-8.94,583.48,-244.75,0.016,-36,-17.2,0.03,0.0365,-2.384,12.11,157217.19,7.34,91.98,-10.091,-0,-1,145.23,151.09,146.46,24.93,Cornering,"Hoosier 43075 16x7.5-10 R20, 7 inch rim",2123
78.81,287.45,-7.34,581.78,-244.28,0.012,-36.88,-17.4,0.03,0.0301,-2.3816,12.19,157276.61,7.34,91.98,-10.119,-0,-1,145.4,151.25,146.46,24.94,Cornering,"Hoosier 43075 16x7.5-10 R20, 7 inch rim",2124
78.81,287.46,-6.23,580.71,-244.18,0.012,-35.73,-17.89,-0.11,0.0255,-2.3782,12.26,-37277.72,7.34,91.99,-10.169,-0,-1.0002,145.7,151.4,146.7,24.93,Cornering,"Hoosier 43075 16x7.5-10 R20, 7 inch rim",2125
78.78,287.47,-5.04,580.26,-242.33,0.01,-35.63,-17.21,0.09,0.0208,-2.3945,12.25,43611.33,7.34,92.01,-10.203,-0,-0.9998,145.85,151.67,146.91,24.96,Cornering,"Hoosier 43075 16x7.5-10 R20, 7 inch rim",2126
78.8,287.48,-5.14,580.9,-241.53,0.006,-34.76,-16.93,-0.04,0.0213,-2.405,12.2,-97864.01,7.34,92.04,-10.242,-0,-1.0001,146.13,151.91,147.09,24.97,Cornering,"Hoosier 43075 16x7.5-10 R20, 7 inch rim",2127
78.82,287.49,-6.14,581.99,-240.2,0.003,-35.51,-16.43,-0.04,0.0256,-2.4229,12.12,-97825.8,7.34,92.1,-10.291,-0,-1.0001,146.41,152.13,147.37,24.97,Cornering,"Hoosier 43075 16x7.5-10 R20, 7 inch rim",2128
78.8,287.5,-7.51,584.32,-239.55,0.001,-35.64,-15.79,0.03,0.0314,-2.4392,12.06,157314.06,7.34,92.12,-10.332,-0,-1,146.68,152.33,147.65,24.96,Cornering,"Hoosier 43075 16x7.5-10 R20, 7 inch rim",2129
78.78,287.51,-8.85,586.17,-239.59,0.001,-35.86,-15.25,0.09,0.0369,-2.4466,12.06,43609.21,7.34,92.09,-10.361,-0,-0.9998,146.88,152.39,147.92,24.97,Cornering,"Hoosier 43075 16x7.5-10 R20, 7 inch rim",2130
78.81,287.52,-9.57,587.25,-240.4,0.003,-36,-14.68,-0.04,0.0398,-2.4427,12.11,-97945.21,7.34,92.09,-10.414,-0,-1.0001,146.98,152.42,148.06,25.01,Cornering,"Hoosier 43075 16x7.5-10 R20, 7 inch rim",2131
78.82,287.53,-9.87,587.53,-241.42,0.014,-36.65,-14.39,-0.11,0.0409,-2.4337,12.17,-37391.47,7.34,92.06,-10.444,-0,-1.0002,146.98,152.48,148.1,25.03,Cornering,"Hoosier 43075 16x7.5-10 R20, 7 inch rim",2132
78.79,287.54,-9.65,587.38,-243.24,-0,-36.26,-14.52,-0.04,0.0397,-2.4148,12.25,-98056.31,7.34,92.09,-10.491,-0,-1.0001,147.05,152.57,148.06,25.04,Cornering,"Hoosier 43075 16x7.5-10 R20, 7 inch rim",2133
78.79,287.55,-9.13,586.12,-244.55,0.006,-36.6,-15.12,0.03,0.0373,-2.3968,12.25,157650.97,7.34,92.06,-10.527,-0,-1,147.05,152.61,148.06,25.03,Cornering,"Hoosier 43075 16x7.5-10 R20, 7 inch rim",2134
78.82,287.56,-7.55,584.26,-245.46,0.009,-36.38,-15.5,-0.04,0.0308,-2.3803,12.2,-97896.77,7.34,92.05,-10.563,-0,-1.0001,147.26,152.79,148.1,25.01,Cornering,"Hoosier 43075 16x7.5-10 R20, 7 inch rim",2135
78.8,287.57,-5.97,582.41,-245.2,0.004,-36.71,-15.91,0.03,0.0244,-2.3752,12.12,157353.94,7.34,92.03,-10.606,-0,-1,147.54,152.94,148.24,24.99,Cornering,"Hoosier 43075 16x7.5-10 R20, 7 inch rim",2136
78.78,287.58,-4.87,581.33,-244.35,0.012,-36.14,-16.05,-0.04,0.0199,-2.379,12.06,-97757.47,7.33,92,-10.641,-0,-1.0001,147.76,153.23,148.44,24.98,Cornering,"Hoosier 43075 16x7.5-10 R20, 7 inch rim",2137
78.8,287.59,-4.81,581.5,-243.15,0.007,-35.55,-15.94,-0.04,0.0198,-2.3915,12.05,-97746.12,7.34,91.98,-10.676,-0,-1.0001,147.95,153.47,148.75,24.98,Cornering,"Hoosier 43075 16x7.5-10 R20, 7 inch rim",2138
78.81,287.6,-5.83,582.44,-242.38,0.004,-35.49,-15.64,0.03,0.0241,-2.403,12.09,157331.08,7.34,91.97,-10.717,-0,-1,148.23,153.69,148.95,25,Cornering,"Hoosier 43075 16x7.5-10 R20, 7 inch rim",2139
78.78,287.61,-6.89,584.45,-241.76,0.006,-35.34,-14.72,0.03,0.0285,-2.4175,12.2,157411.39,7.34,91.97,-10.772,-0,-1,148.47,153.87,149.25,25.01,Cornering,"Hoosier 43075 16x7.5-10 R20, 7 inch rim",2140
78.79,287.62,-8.13,586.16,-241.13,-0,-35.82,-14.18,-0.04,0.0337,-2.4309,12.25,-97793.97,7.34,91.97,-10.805,-0,-1.0001,148.74,153.98,149.53,25,Cornering,"Hoosier 43075 16x7.5-10 R20, 7 inch rim",2141
78.81,287.63,-9.16,587.24,-241.58,0.007,-35.68,-13.85,0.03,0.0379,-2.4308,12.22,157268.05,7.33,91.99,-10.835,-0,-1,148.94,154.04,149.74,25,Cornering,"Hoosier 43075 16x7.5-10 R20, 7 inch rim",2142
78.81,287.64,-9.96,588.31,-241.75,0.009,-36.3,-13.92,0.09,0.0412,-2.4335,12.17,43524.21,7.34,91.98,-10.872,-0,-0.9998,148.94,154.09,149.82,24.97,Cornering,"Hoosier 43075 16x7.5-10 R20, 7 inch rim",2143
78.77,287.65,-9.79,587.98,-243.6,0.016,-36.63,-13.55,-0.04,0.0402,-2.4137,12.1,-97555.34,7.33,92.02,-10.908,-0,-1.0001,148.98,154.15,149.82,24.95,Cornering,"Hoosier 43075 16x7.5-10 R20, 7 inch rim",2144
78.8,287.66,-9.77,587.36,-244.62,0.001,-37.43,-14.24,-0.04,0.0399,-2.4011,12,-97560.59,7.33,92.07,-10.959,-0,-1.0001,149.02,154.24,149.86,24.96,Cornering,"Hoosier 43075 16x7.5-10 R20, 7 inch rim",2145
78.82,287.67,-8.61,585.49,-246.16,0.006,-37.56,-14.6,-0.04,0.035,-2.3785,11.99,-97548.45,7.33,92.09,-10.995,-0,-1.0001,149.22,154.35,149.86,24.96,Cornering,"Hoosier 43075 16x7.5-10 R20, 7 inch rim",2146
78.79,287.68,-7.19,583.78,-246.28,0.012,-37.37,-15.11,-0.04,0.0292,-2.3704,12.03,-97535.29,7.33,92.11,-11.034,-0,-1.0001,149.41,154.51,149.96,24.96,Cornering,"Hoosier 43075 16x7.5-10 R20, 7 inch rim",2147
78.79,287.69,-5.71,581.79,-246,-0,-36.48,-14.93,0.09,0.0232,-2.365,12.09,43461.42,7.33,92.13,-11.087,-0,-0.9998,149.71,154.7,150.16,24.95,Cornering,"Hoosier 43075 16x7.5-10 R20, 7 inch rim",2148
78.81,287.7,-5.19,581.33,-244.61,0.009,-35.63,-14.55,0.03,0.0212,-2.3766,12.14,156782.86,7.33,92.14,-11.122,-0,-1,149.88,154.92,150.42,24.94,Cornering,"Hoosier 43075 16x7.5-10 R20, 7 inch rim",2149
78.81,287.71,-5.55,581.81,-243.16,0.004,-35.4,-14.11,-0.04,0.0228,-2.3927,12.12,-97495.06,7.33,92.16,-11.151,-0,-1.0001,150.14,155.21,150.64,24.96,Cornering,"Hoosier 43075 16x7.5-10 R20, 7 inch rim",2150
78.78,287.72,-6.72,583.21,-242.36,0.006,-35.17,-13.41,0.16,0.0277,-2.4063,12.08,25221.78,7.33,92.16,-11.198,-0,-0.9997,150.44,155.45,150.89,24.96,Cornering,"Hoosier 43075 16x7.5-10 R20, 7 inch rim",2151
78.79,287.73,-7.84,585.23,-242.15,0.004,-34.85,-12.62,0.03,0.0324,-2.4168,12,156860.95,7.33,92.14,-11.244,-0,-1,150.72,155.56,151.19,24.97,Cornering,"Hoosier 43075 16x7.5-10 R20, 7 inch rim",2152
78.81,287.74,-9.27,586.46,-242.04,0.009,-35.25,-12.59,0.03,0.0383,-2.423,11.94,156770.5,7.33,92.1,-11.276,-0,-1,150.87,155.65,151.41,24.96,Cornering,"Hoosier 43075 16x7.5-10 R20, 7 inch rim",2153
78.79,287.75,-9.4,587.08,-243.3,-0.002,-35.34,-11.74,0.09,0.0387,-2.413,11.92,43415.57,7.33,92.07,-11.319,-0,-0.9998,150.95,155.63,151.53,24.94,Cornering,"Hoosier 43075 16x7.5-10 R20, 7 inch rim",2154
78.77,287.76,-9.76,587.22,-243.67,-0.003,-36.76,-11.94,-0.04,0.04,-2.4099,11.96,-97422.42,7.33,92.03,-11.36,-0,-1.0001,150.89,155.72,151.51,24.96,Cornering,"Hoosier 43075 16x7.5-10 R20, 7 inch rim",2155
78.81,287.77,-9.4,586.1,-245.36,0.014,-37.77,-12,-0.04,0.0383,-2.3887,12.04,-97428.95,7.33,92.02,-11.406,-0,-1.0001,150.89,155.83,151.49,24.96,Cornering,"Hoosier 43075 16x7.5-10 R20, 7 inch rim",2156
78.81,287.78,-8.53,585.01,-246.62,0.007,-37.73,-12.48,0.03,0.0346,-2.3722,12.08,156787.64,7.33,92.02,-11.439,-0,-1,151,155.96,151.53,24.97,Cornering,"Hoosier 43075 16x7.5-10 R20, 7 inch rim",2157
78.78,287.79,-7.42,583.3,-247.07,0.017,-37.61,-13.24,-0.04,0.03,-2.3609,12.08,-97426.3,7.33,92.01,-11.478,-0,-1.0001,151.19,156.14,151.53,24.97,Cornering,"Hoosier 43075 16x7.5-10 R20, 7 inch rim",2158
78.78,287.8,-5.63,581.61,-246.85,0.01,-36.96,-12.77,-0.04,0.0228,-2.3561,12.02,-97365.83,7.33,92.01,-11.52,-0,-1.0001,151.51,156.38,151.76,24.96,Cornering,"Hoosier 43075 16x7.5-10 R20, 7 inch rim",2159
78.81,287.81,-4.49,580.7,-246.45,0.009,-35.21,-11.89,0.09,0.0182,-2.3562,11.97,43347.51,7.33,92,-11.559,-0,-0.9998,151.75,156.64,152,24.93,Cornering,"Hoosier 43075 16x7.5-10 R20, 7 inch rim",2160
78.8,287.82,-3.99,581.34,-245.22,0.006,-34.38,-10.42,0.03,0.0163,-2.3706,11.9,156371.91,7.33,92.03,-11.594,-0,-1,151.98,156.95,152.22,24.92,Cornering,"Hoosier 43075 16x7.5-10 R20, 7 inch rim",2161
78.78,287.83,-3.89,582.9,-244.87,0.003,-33.01,-8.11,0.03,0.0159,-2.3805,11.92,156500.89,7.33,92.02,-11.622,-0,-1,152.28,157.17,152.46,24.94,Cornering,"Hoosier 43075 16x7.5-10 R20, 7 inch rim",2162
78.81,287.84,-3.07,584.44,-245.26,0.012,-32.39,-4.66,-0.11,0.0125,-2.383,11.96,-37132.76,7.32,92.02,-11.634,-0,-1.0002,152.58,157.28,152.75,24.96,Cornering,"Hoosier 43075 16x7.5-10 R20, 7 inch rim",2163
78.82,287.85,-2.18,585.21,-244.82,-0.002,-34.04,-1.51,0.03,0.0089,-2.3904,12.06,156660.39,7.33,92.04,-11.661,-0,-1,152.8,157.37,153.03,24.97,Cornering,"Hoosier 43075 16x7.5-10 R20, 7 inch rim",2164
78.78,287.86,-2.03,585.35,-245.07,-0.006,-35.74,0.07,-0.04,0.0083,-2.3885,12.09,-97443.55,7.33,92.05,-11.682,-0,-1.0001,152.91,157.39,153.15,24.99,Cornering,"Hoosier 43075 16x7.5-10 R20, 7 inch rim",2165
78.79,287.87,-2.4,585.15,-244.75,0.013,-39.05,0.58,0.03,0.0098,-2.3908,12.08,156604.95,7.32,92.04,-11.694,-0,-1,152.91,157.41,153.19,24.97,Cornering,"Hoosier 43075 16x7.5-10 R20, 7 inch rim",2166
78.81,287.88,-2.78,585.31,-245.73,-0.003,-39.69,0.1,0.03,0.0113,-2.3819,12.01,156484.25,7.33,92.02,-11.714,-0,-1,152.93,157.5,153.17,24.95,Cornering,"Hoosier 43075 16x7.5-10 R20, 7 inch rim",2167
78.8,287.89,-1.48,585.91,-246.32,0.006,-39.64,1.02,0.03,0.006,-2.3786,11.96,156339.67,7.32,91.96,-11.712,-0,-1,153.01,157.63,153.15,24.93,Cornering,"Hoosier 43075 16x7.5-10 R20, 7 inch rim",2168
78.77,287.9,1.61,585.6,-247.03,0.009,-38.89,2.94,0.03,-0.0065,-2.3706,11.95,156228.94,7.32,91.94,-11.715,-0,-1,153.21,157.72,153.23,24.91,Cornering,"Hoosier 43075 16x7.5-10 R20, 7 inch rim",2169
78.82,287.92,7.94,583.93,-246.88,0.007,-35.42,7.32,0.09,-0.0322,-2.3653,12.05,43291.67,7.32,91.86,-12.264,-0,-0.9998,153.76,158.2,153.66,24.91,Cornering,"Hoosier 43075 16x7.5-10 R20, 7 inch rim",2170
78.79,287.93,7.53,582.86,-246.35,0.007,-34.22,6.85,-0.04,-0.0306,-2.3659,12.17,-97157.39,7.32,91.84,-12.269,-0,-1.0001,154,158.45,153.88,24.92,Cornering,"Hoosier 43075 16x7.5-10 R20, 7 inch rim",2171
78.78,287.94,4.87,582.24,-245.47,0.012,-34.47,4.65,0.03,-0.0198,-2.372,12.22,156336.34,7.33,91.81,-12.263,-0,-1,154.37,158.73,154.08,24.93,Cornering,"Hoosier 43075 16x7.5-10 R20, 7 inch rim",2172
78.81,287.95,0.8,582.09,-245.67,0.007,-34.54,1.17,0.03,-0.0033,-2.3694,12.22,156449.55,7.32,91.77,-12.256,-0,-1,154.67,158.95,154.38,24.94,Cornering,"Hoosier 43075 16x7.5-10 R20, 7 inch rim",2173
78.8,287.96,-3.21,582.4,-245.62,0.001,-35.44,-2.21,0.03,0.0131,-2.3711,12.17,156571.91,7.32,91.75,-12.233,-0,-1,154.97,159.04,154.61,24.96,Cornering,"Hoosier 43075 16x7.5-10 R20, 7 inch rim",2174
78.78,287.97,-6.44,583,-245.62,0.013,-36.36,-5.46,-0.11,0.0262,-2.3736,12.1,-37134.71,7.32,91.76,-12.227,-0,-1.0002,155.05,159.15,154.81,24.97,Cornering,"Hoosier 43075 16x7.5-10 R20, 7 inch rim",2175
78.8,287.98,-8.71,584.25,-246.19,0.006,-36.35,-8.08,0.03,0.0354,-2.3731,12.03,156690.94,7.32,91.75,-12.216,-0,-1,154.99,159.17,154.87,24.98,Cornering,"Hoosier 43075 16x7.5-10 R20, 7 inch rim",2176
78.81,287.99,-10.49,585.17,-247.34,0.006,-36.2,-10.88,-0.04,0.0424,-2.3659,12.04,-97379.88,7.32,91.73,-12.216,-0,-1.0001,154.92,159.22,154.89,24.97,Cornering,"Hoosier 43075 16x7.5-10 R20, 7 inch rim",2177
78.79,288,-11.99,585.63,-248.02,0.016,-36.65,-13.89,0.09,0.0483,-2.3612,12.11,43424.06,7.32,91.7,-12.193,-0,-0.9998,154.92,159.28,154.87,24.98,Cornering,"Hoosier 43075 16x7.5-10 R20, 7 inch rim",2178
78.78,288.01,-12.86,585.49,-249.49,0.001,-35.35,-17.29,-0.11,0.0515,-2.3468,12.18,-37189.78,7.32,91.71,-12.203,-0,-1.0002,155.03,159.41,154.89,25,Cornering,"Hoosier 43075 16x7.5-10 R20, 7 inch rim",2179
78.81,288.02,-13.12,583.78,-248.63,0.004,-36.61,-20.26,-0.04,0.0528,-2.348,12.21,-97572.04,7.32,91.69,-12.184,-0,-1.0001,155.25,159.55,155.03,25.02,Cornering,"Hoosier 43075 16x7.5-10 R20, 7 inch rim",2180
78.81,288.03,-12.71,581.93,-247.9,0.012,-36.33,-21.9,0.09,0.0513,-2.3475,12.2,43494.82,7.32,91.7,-12.191,-0,-0.9998,155.5,159.77,155.27,25.02,Cornering,"Hoosier 43075 16x7.5-10 R20, 7 inch rim",2181
78.78,288.04,-12.11,580.39,-247.12,0.006,-35.68,-22.09,0.03,0.049,-2.3486,12.16,156819.08,7.32,91.71,-12.183,-0,-1,155.65,159.97,155.47,25,Cornering,"Hoosier 43075 16x7.5-10 R20, 7 inch rim",2182
78.8,288.05,-11.68,579.93,-246.02,0.007,-35.67,-21.24,0.09,0.0475,-2.3573,12.07,43413.52,7.32,91.65,-12.196,-0,-0.9998,155.97,160.16,155.72,24.97,Cornering,"Hoosier 43075 16x7.5-10 R20, 7 inch rim",2183
78.81,288.06,-11.57,580.39,-245.19,0.012,-36.29,-19.21,0.09,0.0472,-2.3671,11.98,43394.52,7.32,91.6,-12.189,-0,-0.9998,156.28,160.34,155.96,24.96,Cornering,"Hoosier 43075 16x7.5-10 R20, 7 inch rim",2184
78.8,288.07,-11.73,581.8,-244.98,0.001,-36.15,-17.09,0.03,0.0479,-2.3749,11.98,156630.66,7.32,91.55,-12.194,-0,-1,156.55,160.45,156.2,24.97,Cornering,"Hoosier 43075 16x7.5-10 R20, 7 inch rim",2185
78.77,288.08,-11.7,582.86,-245.41,0.014,-36.28,-14.52,0.03,0.0477,-2.3751,12.01,156743.88,7.32,91.54,-12.187,-0,-1,156.77,160.47,156.42,24.98,Cornering,"Hoosier 43075 16x7.5-10 R20, 7 inch rim",2186
78.81,288.09,-11.05,583.8,-245.94,-0,-36.14,-11.84,-0.11,0.0449,-2.3737,12.07,-37199.58,7.32,91.49,-12.194,-0,-1.0002,156.73,160.49,156.46,25.01,Cornering,"Hoosier 43075 16x7.5-10 R20, 7 inch rim",2187
78.81,288.1,-8.93,584.24,-247,0.007,-35.83,-8.01,0.03,0.0361,-2.3654,12.14,156853.78,7.32,91.46,-12.186,-0,-1,156.62,160.52,156.46,25,Cornering,"Hoosier 43075 16x7.5-10 R20, 7 inch rim",2188
78.78,288.11,-5.25,584.55,-248.09,0.003,-35.88,-3.19,-0.04,0.0212,-2.3562,12.11,-97441.55,7.32,91.46,-12.17,-0,-1.0001,156.53,160.56,156.4,24.98,Cornering,"Hoosier 43075 16x7.5-10 R20, 7 inch rim",2189
78.79,288.12,-0.82,584.07,-249.13,0.006,-35.99,1.3,0.03,0.0033,-2.3444,12.07,156582.7,7.32,91.46,-12.151,-0,-1,156.55,160.63,156.36,24.96,Cornering,"Hoosier 43075 16x7.5-10 R20, 7 inch rim",2190
78.82,288.13,2.91,582.98,-248.66,0.004,-36.48,4.6,-0.04,-0.0117,-2.3444,11.99,-97364.45,7.32,91.43,-12.133,-0,-1.0001,156.68,160.71,156.42,24.96,Cornering,"Hoosier 43075 16x7.5-10 R20, 7 inch rim",2191
78.79,288.14,6.91,581.12,-248.73,0.006,-36.12,8.08,-0.04,-0.0278,-2.3364,11.91,-97287.81,7.32,91.43,-12.094,-0,-1.0001,156.88,160.87,156.57,24.94,Cornering,"Hoosier 43075 16x7.5-10 R20, 7 inch rim",2192
78.77,288.15,11.19,580.51,-247.47,0.006,-35.48,12.44,0.09,-0.0452,-2.3458,11.92,43373.35,7.32,91.44,-12.068,-0,-0.9998,157.05,161.07,156.81,24.94,Cornering,"Hoosier 43075 16x7.5-10 R20, 7 inch rim",2193
78.81,288.16,14.35,579.57,-246.05,0.017,-35.95,16.31,-0.11,-0.0583,-2.3555,11.97,-37119.86,7.32,91.45,-12.02,-0,-1.0002,157.22,161.24,157.05,24.94,Cornering,"Hoosier 43075 16x7.5-10 R20, 7 inch rim",2194
78.82,288.17,14.91,580.37,-245.61,0.007,-34.61,18.17,-0.04,-0.0607,-2.3629,12.04,-97348.48,7.32,91.43,-11.987,-0,-1.0001,157.5,161.48,157.23,24.94,Cornering,"Hoosier 43075 16x7.5-10 R20, 7 inch rim",2195
78.79,288.18,11.32,581.3,-245.37,0.009,-34.54,15.65,-0.04,-0.0461,-2.369,12.07,-97414.38,7.32,91.5,-11.928,-0,-1.0001,157.76,161.64,157.45,24.96,Cornering,"Hoosier 43075 16x7.5-10 R20, 7 inch rim",2196
78.78,288.19,6.32,582.23,-245.33,0.01,-34.47,11.05,0.09,-0.0257,-2.3733,12.08,43411.56,7.32,91.52,-11.889,-0,-0.9998,157.97,161.73,157.7,24.94,Cornering,"Hoosier 43075 16x7.5-10 R20, 7 inch rim",2197
78.81,288.2,-0.03,582.85,-245.36,0.01,-34.81,4.48,-0.04,0.0001,-2.3754,12.02,-97402.68,7.32,91.53,-11.832,-0,-1.0001,158.01,161.77,157.78,24.94,Cornering,"Hoosier 43075 16x7.5-10 R20, 7 inch rim",2198
78.8,288.21,-5.74,583.16,-246.02,0.009,-35.5,-2.49,-0.11,0.0233,-2.3703,11.93,-37170.01,7.32,91.54,-11.773,-0,-1.0002,157.95,161.81,157.74,24.95,Cornering,"Hoosier 43075 16x7.5-10 R20, 7 inch rim",2199
78.77,288.22,-9.11,583.79,-247.32,0.003,-35.04,-7.74,0.03,0.0368,-2.3604,11.87,156864.39,7.32,91.51,-11.717,-0,-1,157.86,161.88,157.66,24.96,Cornering,"Hoosier 43075 16x7.5-10 R20, 7 inch rim",2200
78.8,288.23,-10.17,583.77,-248.29,0.014,-35.53,-11.39,0.03,0.041,-2.3511,11.89,156934.92,7.32,91.49,-11.656,-0,-1,157.86,161.97,157.62,24.97,Cornering,"Hoosier 43075 16x7.5-10 R20, 7 inch rim",2201
78.82,288.24,-10.74,583.16,-248.76,0.007,-35.73,-15.63,0.03,0.0432,-2.3442,11.94,156996.61,7.32,91.47,-11.61,-0,-1,157.95,162.01,157.56,24.97,Cornering,"Hoosier 43075 16x7.5-10 R20, 7 inch rim",2202
78.79,288.25,-11.43,581.76,-248.02,0.016,-36.62,-19.72,-0.04,0.0461,-2.3456,12.03,-97632.73,7.32,91.46,-11.559,-0,-1.0001,158.14,162.17,157.68,24.98,Cornering,"Hoosier 43075 16x7.5-10 R20, 7 inch rim",2203
78.77,288.26,-13.04,580.23,-247.43,0.01,-35.76,-24.04,0.03,0.0527,-2.3451,12.06,157152.27,7.32,91.47,-11.526,-0,-1,158.33,162.32,157.88,24.99,Cornering,"Hoosier 43075 16x7.5-10 R20, 7 inch rim",2204
78.81,288.27,-13.7,578.4,-246.42,-0.005,-35.59,-25.89,0.03,0.0556,-2.3472,12.06,157174.14,7.32,91.51,-11.486,-0,-1,158.53,162.52,158.1,24.99,Cornering,"Hoosier 43075 16x7.5-10 R20, 7 inch rim",2205
78.8,288.28,-13.46,577.92,-245.82,0.01,-35.3,-25.02,0.03,0.0547,-2.351,12,157124.58,7.32,91.54,-11.443,-0,-1,158.72,162.69,158.28,24.98,Cornering,"Hoosier 43075 16x7.5-10 R20, 7 inch rim",2206
78.79,288.29,-13.06,578.07,-245.17,0.014,-36.06,-22.93,-0.04,0.0533,-2.3578,11.94,-97660.94,7.32,91.56,-11.408,-0,-1.0001,159.02,162.87,158.51,24.97,Cornering,"Hoosier 43075 16x7.5-10 R20, 7 inch rim",2207
78.8,288.3,-13.9,579.78,-244.57,0.013,-36.13,-21.76,-0.04,0.0568,-2.3706,11.86,-97584.18,7.32,91.56,-11.367,-0,-1.0001,159.19,162.89,158.69,24.95,Cornering,"Hoosier 43075 16x7.5-10 R20, 7 inch rim",2208
78.82,288.31,-15.46,581.81,-245.25,0.003,-35.03,-22.04,0.03,0.0631,-2.3723,11.88,157071.58,7.32,91.6,-11.338,-0,-1,159.21,162.94,158.79,24.96,Cornering,"Hoosier 43075 16x7.5-10 R20, 7 inch rim",2209
78.78,288.32,-16.53,583.49,-245.14,0.016,-35.43,-22.22,-0.04,0.0674,-2.3802,11.92,-97741.25,7.32,91.63,-11.304,-0,-1.0001,159.06,162.91,158.85,24.98,Cornering,"Hoosier 43075 16x7.5-10 R20, 7 inch rim",2210
78.78,288.33,-16.45,584.26,-245.52,0.013,-36.25,-21.92,0.03,0.067,-2.3797,12.02,157402.52,7.32,91.63,-11.265,-0,-1,158.83,163,158.73,25.01,Cornering,"Hoosier 43075 16x7.5-10 R20, 7 inch rim",2211
78.81,288.34,-15.05,584.57,-246.95,0.009,-35.91,-21.03,-0.04,0.061,-2.3672,12.05,-97921.88,7.32,91.65,-11.238,-0,-1.0001,158.72,163,158.63,25.03,Cornering,"Hoosier 43075 16x7.5-10 R20, 7 inch rim",2212
78.81,288.35,-12.66,582.86,-247.89,0.003,-36.97,-20.04,0.09,0.0511,-2.3513,12.03,43645.83,7.32,91.65,-11.211,-0,-0.9998,158.74,163.05,158.55,25.02,Cornering,"Hoosier 43075 16x7.5-10 R20, 7 inch rim",2213
78.77,288.36,-9.72,580.85,-248.65,-0.005,-36.56,-18.81,0.03,0.0391,-2.336,11.98,157376.8,7.32,91.61,-11.176,-0,-1,158.94,163.16,158.57,25,Cornering,"Hoosier 43075 16x7.5-10 R20, 7 inch rim",2214
78.79,288.37,-7.62,578.83,-247.83,-0,-36.78,-18.02,0.03,0.0308,-2.3356,11.9,157281.7,7.32,91.61,-11.149,-0,-1,159.17,163.27,158.69,24.98,Cornering,"Hoosier 43075 16x7.5-10 R20, 7 inch rim",2215
78.81,288.38,-6.05,576.96,-246.71,0.012,-36.88,-16.56,-0.04,0.0245,-2.3386,11.85,-97711.04,7.32,91.62,-11.12,-0,-1.0001,159.45,163.42,158.83,24.96,Cornering,"Hoosier 43075 16x7.5-10 R20, 7 inch rim",2216
78.79,288.39,-5.04,576.98,-246.04,0.009,-35.68,-14.46,-0.04,0.0205,-2.3451,11.88,-97652.32,7.32,91.64,-11.092,-0,-1.0001,159.64,163.53,158.95,24.94,Cornering,"Hoosier 43075 16x7.5-10 R20, 7 inch rim",2217
78.77,288.4,-5,577.92,-245.28,0.006,-34.83,-12.25,-0.11,0.0204,-2.3562,11.95,-37254.34,7.32,91.65,-11.047,-0,-1.0002,159.9,163.69,159.09,24.94,Cornering,"Hoosier 43075 16x7.5-10 R20, 7 inch rim",2218
78.81,288.41,-4.85,579.48,-245.05,0.001,-33.99,-9.52,-0.04,0.0198,-2.3648,12.04,-97675.6,7.32,91.63,-11.02,-0,-1.0001,160.14,163.75,159.25,24.94,Cornering,"Hoosier 43075 16x7.5-10 R20, 7 inch rim",2219
78.82,288.42,-4.18,581.33,-245.41,0.006,-33.35,-6.55,0.03,0.017,-2.3688,12.11,157224.22,7.32,91.6,-10.98,-0,-1,160.2,163.77,159.37,24.96,Cornering,"Hoosier 43075 16x7.5-10 R20, 7 inch rim",2220
78.78,288.43,-3.42,582.1,-245.37,0.003,-34.15,-4.42,0.03,0.0139,-2.3723,12.11,157287.47,7.32,91.58,-10.929,-0,-1,160.14,163.71,159.39,24.96,Cornering,"Hoosier 43075 16x7.5-10 R20, 7 inch rim",2221
78.8,288.44,-3.34,582.08,-246.4,0.003,-35.32,-4.1,0.09,0.0135,-2.3623,12.06,43600.11,7.32,91.55,-10.898,-0,-0.9998,159.9,163.66,159.23,24.97,Cornering,"Hoosier 43075 16x7.5-10 R20, 7 inch rim",2222
78.81,288.45,-3.57,581.6,-247.33,0.003,-36.29,-4.89,-0.04,0.0144,-2.3515,12,-97912.52,7.32,91.53,-10.848,-0,-1.0001,159.67,163.69,159.09,24.99,Cornering,"Hoosier 43075 16x7.5-10 R20, 7 inch rim",2223
78.8,288.46,-3.59,580.35,-248.64,0.001,-36.93,-6.58,0.03,0.0144,-2.3341,11.95,157526.89,7.32,91.54,-10.818,-0,-1,159.56,163.73,158.99,24.99,Cornering,"Hoosier 43075 16x7.5-10 R20, 7 inch rim",2224
78.78,288.47,-3.12,579.11,-248.93,-0,-37.42,-8.8,-0.04,0.0125,-2.3264,11.97,-97983.48,7.32,91.5,-10.768,-0,-1.0001,159.67,163.8,158.97,25,Cornering,"Hoosier 43075 16x7.5-10 R20, 7 inch rim",2225
78.81,288.48,-3.11,577.88,-248.65,0.009,-36.87,-11.37,0.03,0.0125,-2.3241,12.06,157581.66,7.32,91.48,-10.711,-0,-1,159.82,163.84,159.03,24.99,Cornering,"Hoosier 43075 16x7.5-10 R20, 7 inch rim",2226
78.82,288.49,-2.96,577.44,-247.29,0.003,-36.07,-12.92,-0.04,0.012,-2.3351,12.17,-97946.98,7.32,91.48,-10.668,-0,-1.0001,159.99,164.02,159.17,24.98,Cornering,"Hoosier 43075 16x7.5-10 R20, 7 inch rim",2227
78.78,288.5,-3.62,577.61,-245.9,0.004,-34.94,-14.19,0.03,0.0147,-2.349,12.22,157554.14,7.32,91.46,-10.621,-0,-1,160.12,164.13,159.33,24.98,Cornering,"Hoosier 43075 16x7.5-10 R20, 7 inch rim",2228
78.78,288.51,-5.8,578.24,-244.97,0.012,-34.22,-15.75,-0.04,0.0237,-2.3604,12.22,-97953.36,7.32,91.49,-10.575,-0,-1.0001,160.37,164.24,159.5,24.98,Cornering,"Hoosier 43075 16x7.5-10 R20, 7 inch rim",2229
78.81,288.52,-8.25,579.34,-244.53,0.006,-33.56,-16.91,-0.04,0.0337,-2.3692,12.19,-98038,7.32,91.52,-10.522,-0,-1.0001,160.59,164.35,159.64,25,Cornering,"Hoosier 43075 16x7.5-10 R20, 7 inch rim",2230
78.81,288.53,-10.39,580.43,-245.16,0.003,-32.68,-17.8,0.03,0.0424,-2.3675,12.11,157770.53,7.32,91.55,-10.48,-0,-1,160.76,164.37,159.8,25,Cornering,"Hoosier 43075 16x7.5-10 R20, 7 inch rim",2231
78.77,288.54,-11.71,580.4,-244.59,0.012,-34.96,-18.67,0.03,0.0479,-2.3729,12.07,157789.7,7.32,91.57,-10.442,-0,-1,160.69,164.32,159.8,25,Cornering,"Hoosier 43075 16x7.5-10 R20, 7 inch rim",2232
78.8,288.55,-13.04,580.25,-245.7,-0.002,-35.83,-20.17,0.03,0.0531,-2.3616,12.1,157743.38,7.32,91.56,-10.387,-0,-1,160.48,164.28,159.72,24.99,Cornering,"Hoosier 43075 16x7.5-10 R20, 7 inch rim",2233
78.81,288.56,-13.43,580.23,-247.04,-0.002,-36.47,-21.42,-0.04,0.0544,-2.3487,12.16,-98137.17,7.32,91.57,-10.347,-0,-1.0001,160.22,164.28,159.54,25.01,Cornering,"Hoosier 43075 16x7.5-10 R20, 7 inch rim",2234
78.79,288.57,-14.02,579.75,-248.1,0.003,-37.42,-23.52,-0.04,0.0565,-2.3367,12.25,-98127.49,7.32,91.57,-10.304,-0,-1.0001,160.05,164.28,159.39,25,Cornering,"Hoosier 43075 16x7.5-10 R20, 7 inch rim",2235
78.78,288.58,-13.66,579.12,-248.38,0.01,-37.79,-25.41,0.03,0.055,-2.3316,12.33,157838.11,7.32,91.58,-10.268,-0,-1,159.97,164.28,159.33,25,Cornering,"Hoosier 43075 16x7.5-10 R20, 7 inch rim",2236
78.81,288.59,-12.08,578.36,-248.42,0.009,-36.71,-26.13,0.09,0.0486,-2.3282,12.32,43722.23,7.32,91.62,-10.237,-0,-0.9998,160.09,164.37,159.31,24.98,Cornering,"Hoosier 43075 16x7.5-10 R20, 7 inch rim",2237
78.81,288.6,-10.33,577.93,-247.23,-0.002,-35.62,-25.9,-0.11,0.0418,-2.3376,12.28,-37389.54,7.32,91.64,-10.204,-0,-1.0002,160.27,164.48,159.44,24.97,Cornering,"Hoosier 43075 16x7.5-10 R20, 7 inch rim",2238
78.78,288.61,-8.83,577.94,-245.92,0.004,-34.44,-24.61,-0.04,0.0359,-2.3501,12.19,-97987.72,7.32,91.65,-10.164,-0,-1.0001,160.39,164.54,159.48,24.96,Cornering,"Hoosier 43075 16x7.5-10 R20, 7 inch rim",2239
78.8,288.62,-8.35,577.79,-245.05,0.003,-34.29,-23.03,-0.04,0.0341,-2.3578,12.11,-97884.16,7.32,91.66,-10.13,-0,-1.0001,160.52,164.68,159.66,24.93,Cornering,"Hoosier 43075 16x7.5-10 R20, 7 inch rim",2240
78.82,288.63,-9.14,578.24,-244.64,0.014,-34.56,-21.57,0.03,0.0374,-2.3636,12.1,157518.17,7.32,91.71,-10.097,-0,-1,160.65,164.7,159.8,24.93,Cornering,"Hoosier 43075 16x7.5-10 R20, 7 inch rim",2241
78.79,288.64,-10.28,578.55,-245.17,0.007,-34.67,-20.37,-0.04,0.0419,-2.3598,12.14,-97858.15,7.32,91.74,-10.064,-0,-1.0001,160.8,164.68,159.94,24.92,Cornering,"Hoosier 43075 16x7.5-10 R20, 7 inch rim",2242
78.78,288.65,-10.51,578.39,-246.36,0.001,-34.63,-18.55,0.09,0.0427,-2.3477,12.22,43657.16,7.32,91.75,-10.039,-0,-0.9998,160.82,164.61,160.02,24.93,Cornering,"Hoosier 43075 16x7.5-10 R20, 7 inch rim",2243
78.81,288.66,-9.5,578.67,-246.52,0.014,-35.95,-16.2,0.09,0.0385,-2.3474,12.28,43672.95,7.32,91.78,-9.996,-0,-0.9998,160.69,164.48,159.88,24.94,Cornering,"Hoosier 43075 16x7.5-10 R20, 7 inch rim",2244
78.81,288.67,-8.84,578.83,-248.06,-0,-35.78,-14.97,-0.04,0.0356,-2.3334,12.28,-98068.09,7.32,91.8,-9.969,-0,-1.0001,160.33,164.35,159.7,24.96,Cornering,"Hoosier 43075 16x7.5-10 R20, 7 inch rim",2245
78.78,288.68,-7.2,578.8,-248.4,0.01,-36.98,-13.56,0.03,0.029,-2.3302,12.24,157742.59,7.32,91.78,-9.932,-0,-1,160.09,164.32,159.56,24.96,Cornering,"Hoosier 43075 16x7.5-10 R20, 7 inch rim",2246
78.79,288.69,-5.28,578.66,-249.25,-0,-36.72,-13,0.03,0.0212,-2.3216,12.16,157873.31,7.32,91.79,-9.888,-0,-1,160.01,164.35,159.39,24.97,Cornering,"Hoosier 43075 16x7.5-10 R20, 7 inch rim",2247
78.82,288.7,-2.73,578.18,-248.8,0.014,-36.74,-12.41,-0.04,0.011,-2.3239,12.08,-98125.07,7.32,91.8,-9.852,-0,-1.0001,160.05,164.37,159.39,24.97,Cornering,"Hoosier 43075 16x7.5-10 R20, 7 inch rim",2248
78.8,288.71,-0.39,577.74,-247.98,0.009,-35.78,-11.83,-0.04,0.0016,-2.3298,12.07,-98178.91,7.32,91.74,-9.823,-0,-1.0001,160.14,164.41,159.48,24.98,Cornering,"Hoosier 43075 16x7.5-10 R20, 7 inch rim",2249
78.78,288.72,0.24,576.98,-247.01,0.012,-34.95,-12.09,-0.11,-0.001,-2.3359,12.11,-37455.82,7.32,91.69,-9.767,-0,-1.0002,160.24,164.54,159.52,24.98,Cornering,"Hoosier 43075 16x7.5-10 R20, 7 inch rim",2250
78.81,288.73,-0.65,576.99,-246.07,0.013,-34.28,-12.99,0.03,0.0027,-2.3448,12.19,158021.66,7.32,91.64,-9.726,-0,-1,160.44,164.65,159.66,24.98,Cornering,"Hoosier 43075 16x7.5-10 R20, 7 inch rim",2251
78.81,288.74,-2.77,576.68,-245.71,0.007,-34.47,-14.18,-0.04,0.0113,-2.347,12.22,-98312.34,7.32,91.64,-9.676,-0,-1.0001,160.61,164.81,159.8,25,Cornering,"Hoosier 43075 16x7.5-10 R20, 7 inch rim",2252
78.78,288.75,-5.08,576.52,-245.84,0.012,-34.73,-15.37,0.03,0.0207,-2.3451,12.21,158138.25,7.32,91.62,-9.631,-0,-1,160.76,164.74,159.96,25,Cornering,"Hoosier 43075 16x7.5-10 R20, 7 inch rim",2253
78.79,288.76,-7.3,576.37,-246.48,0.003,-34.65,-16.59,0.03,0.0296,-2.3384,12.15,158085.09,7.32,91.62,-9.587,-0,-1,160.8,164.76,160.02,24.98,Cornering,"Hoosier 43075 16x7.5-10 R20, 7 inch rim",2254
78.82,288.77,-8.89,576.04,-246.63,0.01,-36.01,-17.84,-0.04,0.036,-2.3357,12.07,-98234.78,7.32,91.56,-9.547,-0,-1.0001,160.67,164.68,159.98,24.97,Cornering,"Hoosier 43075 16x7.5-10 R20, 7 inch rim",2255
78.81,288.78,-9.96,576.19,-247.67,0.004,-36.63,-19.46,0.09,0.0402,-2.3265,12,43797.84,7.32,91.49,-9.495,-0,-0.9998,160.37,164.63,159.82,24.97,Cornering,"Hoosier 43075 16x7.5-10 R20, 7 inch rim",2256
78.77,288.79,-10.57,576.64,-249.17,0.012,-36.33,-20.94,0.09,0.0424,-2.3142,11.98,43773.2,7.32,91.47,-9.448,-0,-0.9998,160.12,164.59,159.66,24.96,Cornering,"Hoosier 43075 16x7.5-10 R20, 7 inch rim",2257
78.81,288.8,-10.78,576.01,-250.1,0.013,-36.75,-22.97,0.09,0.0431,-2.3032,12.03,43789.54,7.32,91.45,-9.398,-0,-0.9998,159.99,164.61,159.48,24.96,Cornering,"Hoosier 43075 16x7.5-10 R20, 7 inch rim",2258
78.82,288.81,-10.44,575.71,-249.6,0.009,-36.96,-25.13,-0.04,0.0418,-2.3065,12.11,-98240.46,7.32,91.44,-9.362,-0,-1.0001,160.01,164.59,159.44,24.96,Cornering,"Hoosier 43075 16x7.5-10 R20, 7 inch rim",2259
78.78,288.82,-9.58,575.12,-248.73,-0.002,-36.33,-26.45,-0.04,0.0385,-2.3122,12.14,-98317.55,7.32,91.43,-9.331,-0,-1.0001,160.12,164.7,159.44,24.98,Cornering,"Hoosier 43075 16x7.5-10 R20, 7 inch rim",2260
78.78,288.83,-8.38,574.03,-248.34,0.019,-35.07,-26.51,0.09,0.0338,-2.3115,12.11,43813.37,7.32,91.43,-9.286,-0,-0.9998,160.18,164.72,159.58,24.97,Cornering,"Hoosier 43075 16x7.5-10 R20, 7 inch rim",2261
78.82,288.84,-8.67,573.44,-246.64,0.001,-34.96,-27.15,-0.04,0.0352,-2.325,12.07,-98272.91,7.32,91.41,-9.243,-0,-1.0001,160.31,164.87,159.72,24.96,Cornering,"Hoosier 43075 16x7.5-10 R20, 7 inch rim",2262
78.81,288.85,-9.83,573.12,-245.9,0.01,-35.05,-27.23,0.03,0.04,-2.3308,11.98,158071.31,7.32,91.4,-9.205,-0,-1,160.52,164.96,159.82,24.96,Cornering,"Hoosier 43075 16x7.5-10 R20, 7 inch rim",2263
78.77,288.86,-11.11,573.12,-246.38,0.007,-34.69,-26.77,0.09,0.0451,-2.3261,11.92,43798.39,7.32,91.39,-9.157,-0,-0.9998,160.69,164.98,159.92,24.95,Cornering,"Hoosier 43075 16x7.5-10 R20, 7 inch rim",2264
78.8,288.87,-12.04,573.11,-246.65,0.012,-35.37,-26.1,-0.04,0.0488,-2.3236,11.92,-98282.11,7.32,91.39,-9.124,-0,-1.0001,160.78,164.94,160.08,24.96,Cornering,"Hoosier 43075 16x7.5-10 R20, 7 inch rim",2265
78.82,288.88,-12.6,573.1,-247.39,0.009,-35.95,-25.4,0.09,0.0509,-2.3165,11.96,43806.08,7.32,91.37,-9.093,-0,-0.9998,160.69,164.85,160.06,24.95,Cornering,"Hoosier 43075 16x7.5-10 R20, 7 inch rim",2266
78.79,288.89,-12.53,573.38,-248.23,0.019,-36.6,-24.72,0.09,0.0505,-2.3099,12.02,43821.18,7.32,91.29,-9.051,-0,-0.9998,160.46,164.76,159.92,24.96,Cornering,"Hoosier 43075 16x7.5-10 R20, 7 inch rim",2267
78.78,288.9,-12.22,573.23,-248.95,0.007,-37.43,-24.51,0.03,0.0491,-2.3026,12.08,158221.16,7.32,91.23,-9.027,-0,-1,160.16,164.72,159.72,24.97,Cornering,"Hoosier 43075 16x7.5-10 R20, 7 inch rim",2268
78.81,288.91,-10.72,573.23,-250.14,-0,-37.04,-23.92,0.03,0.0428,-2.2917,12.07,158344.16,7.32,91.16,-8.997,-0,-1,159.97,164.63,159.5,24.98,Cornering,"Hoosier 43075 16x7.5-10 R20, 7 inch rim",2269
78.81,288.92,-8.05,572.91,-250.29,0.01,-36.86,-22.8,0.03,0.0321,-2.289,12.01,158399.7,7.32,91.13,-8.953,-0,-1,159.88,164.65,159.33,24.99,Cornering,"Hoosier 43075 16x7.5-10 R20, 7 inch rim",2270
78.78,288.93,-5.8,572.16,-249.89,0.003,-36.16,-22.25,-0.11,0.0232,-2.2896,11.93,-37570.56,7.32,91.13,-8.921,-0,-1.0002,159.99,164.68,159.23,25,Cornering,"Hoosier 43075 16x7.5-10 R20, 7 inch rim",2271
78.8,288.94,-3.56,571.4,-248.66,-0.003,-35.33,-21.06,0.09,0.0143,-2.298,11.86,43901.58,7.32,91.12,-8.887,-0,-0.9998,160.01,164.7,159.27,24.99,Cornering,"Hoosier 43075 16x7.5-10 R20, 7 inch rim",2272
78.81,288.95,-2.19,570.79,-247.91,0.006,-34.09,-19.66,0.03,0.0088,-2.3024,11.86,158514.73,7.32,91.1,-8.854,-0,-1,160.12,164.79,159.25,25,Cornering,"Hoosier 43075 16x7.5-10 R20, 7 inch rim",2273
78.79,288.96,-2.35,570.31,-246.79,0.016,-34.56,-18.8,0.16,0.0095,-2.3109,11.92,25503.89,7.32,91.11,-8.815,-0,-0.9997,160.22,164.85,159.31,25.01,Cornering,"Hoosier 43075 16x7.5-10 R20, 7 inch rim",2274
78.78,288.97,-2.63,570.17,-247.04,0.006,-34.48,-17.43,0.03,0.0107,-2.308,12,158625.2,7.32,91.12,-8.765,-0,-1,160.37,164.83,159.35,25.01,Cornering,"Hoosier 43075 16x7.5-10 R20, 7 inch rim",2275
78.81,288.98,-3.91,569.83,-247.11,0.017,-35.05,-16.9,-0.04,0.0158,-2.306,12.06,-98569.45,7.32,91.14,-8.725,-0,-1.0001,160.48,164.72,159.46,25,Cornering,"Hoosier 43075 16x7.5-10 R20, 7 inch rim",2276
78.81,288.99,-5.01,569.52,-247.68,0.01,-35.8,-16.95,0.03,0.0202,-2.2994,12.08,158582.38,7.32,91.15,-8.691,-0,-1,160.37,164.68,159.48,25,Cornering,"Hoosier 43075 16x7.5-10 R20, 7 inch rim",2277
78.77,289,-6.48,569.67,-248.69,0.009,-35.76,-18,-0.04,0.0261,-2.2906,12.01,-98524.23,7.32,91.13,-8.633,-0,-1.0001,160.09,164.54,159.33,24.98,Cornering,"Hoosier 43075 16x7.5-10 R20, 7 inch rim",2278
78.79,289.01,-7.34,569.35,-250.21,0.001,-36.27,-19.37,-0.11,0.0293,-2.2755,11.94,-37593.71,7.32,91.15,-8.596,-0,-1.0002,159.84,164.48,159.09,24.99,Cornering,"Hoosier 43075 16x7.5-10 R20, 7 inch rim",2279
78.81,289.02,-8.03,569.8,-250.75,0.009,-36.86,-21.49,-0.11,0.032,-2.2724,11.87,-37589.12,7.32,91.17,-8.553,-0,-1.0002,159.62,164.37,158.89,24.98,Cornering,"Hoosier 43075 16x7.5-10 R20, 7 inch rim",2280
78.8,289.03,-7.73,569.81,-251.17,0.007,-36.6,-23.54,0.03,0.0308,-2.2686,11.86,158587.81,7.32,91.19,-8.496,-0,-1,159.54,164.41,158.67,24.99,Cornering,"Hoosier 43075 16x7.5-10 R20, 7 inch rim",2281
78.78,289.04,-6.95,568.89,-250.37,0.001,-36.91,-25.5,0.03,0.0278,-2.2722,11.92,158641.78,7.32,91.2,-8.453,-0,-1,159.6,164.43,158.53,25,Cornering,"Hoosier 43075 16x7.5-10 R20, 7 inch rim",2282
78.81,289.05,-6.2,568.15,-249.64,-0.005,-35.73,-27.03,0.03,0.0248,-2.2759,12,158768.11,7.32,91.2,-8.413,-0,-1,159.73,164.43,158.61,25.01,Cornering,"Hoosier 43075 16x7.5-10 R20, 7 inch rim",2283
78.81,289.06,-6.68,567.06,-248.82,0.007,-34.62,-28.73,-0.04,0.0268,-2.279,12.03,-98727.49,7.32,91.17,-8.368,-0,-1.0001,159.77,164.54,158.73,25.02,Cornering,"Hoosier 43075 16x7.5-10 R20, 7 inch rim",2284
78.78,289.07,-7.35,566.62,-248.09,0.001,-34.13,-29.4,-0.04,0.0296,-2.2839,12.03,-98693.66,7.32,91.14,-8.32,-0,-1.0001,159.79,164.61,158.75,25.01,Cornering,"Hoosier 43075 16x7.5-10 R20, 7 inch rim",2285
78.78,289.08,-9.19,566.14,-248.11,0.006,-34.16,-30.17,-0.04,0.037,-2.2819,11.99,-98635.83,7.32,91.1,-8.275,-0,-1.0001,159.9,164.61,158.87,24.99,Cornering,"Hoosier 43075 16x7.5-10 R20, 7 inch rim",2286
78.82,289.09,-10.98,565.5,-248.19,0.014,-34.82,-30.49,0.03,0.0442,-2.2785,11.91,158542.31,7.32,91.14,-8.238,-0,-1,159.94,164.59,159.07,24.97,Cornering,"Hoosier 43075 16x7.5-10 R20, 7 inch rim",2287
78.8,289.1,-11.74,564.89,-248.97,-0.003,-35.4,-30.09,0.03,0.0472,-2.2689,11.84,158445.19,7.32,91.2,-8.204,-0,-1,159.88,164.48,159.17,24.95,Cornering,"Hoosier 43075 16x7.5-10 R20, 7 inch rim",2288
78.77,289.11,-12.77,564.25,-250.66,0.006,-35.35,-30.58,-0.04,0.0509,-2.2511,11.85,-98526.8,7.32,91.21,-8.158,-0,-1.0001,159.69,164.37,159.07,24.96,Cornering,"Hoosier 43075 16x7.5-10 R20, 7 inch rim",2289
78.81,289.12,-13.14,563.75,-251.2,0.017,-37.22,-30.93,-0.04,0.0523,-2.2442,11.92,-98443.79,7.32,91.24,-8.122,-0,-1.0001,159.34,164.28,158.95,24.93,Cornering,"Hoosier 43075 16x7.5-10 R20, 7 inch rim",2290
78.81,289.13,-12.48,563.44,-252.52,0.006,-37.34,-31.17,-0.04,0.0494,-2.2313,11.97,-98449.9,7.32,91.28,-8.096,-0,-1.0001,159,164.19,158.81,24.93,Cornering,"Hoosier 43075 16x7.5-10 R20, 7 inch rim",2291
78.78,289.14,-11.39,563.29,-253.85,0.003,-36.31,-31.69,-0.04,0.0449,-2.219,12.02,-98416.27,7.32,91.29,-8.045,-0,-1.0001,158.79,164.13,158.65,24.92,Cornering,"Hoosier 43075 16x7.5-10 R20, 7 inch rim",2292
78.79,289.15,-9.88,562.68,-253.08,0.004,-36.85,-32.21,0.03,0.0391,-2.2233,12.03,158405.2,7.32,91.29,-8.019,-0,-1,158.72,164.15,158.55,24.93,Cornering,"Hoosier 43075 16x7.5-10 R20, 7 inch rim",2293
78.81,289.16,-8.13,561.92,-252.2,0.001,-36.07,-31.95,-0.04,0.0322,-2.2281,11.97,-98430.68,7.32,91.27,-7.983,-0,-1.0001,158.72,164.17,158.55,24.92,Cornering,"Hoosier 43075 16x7.5-10 R20, 7 inch rim",2294
78.81,289.17,-6.93,561.46,-250.85,0.009,-35.25,-31.23,0.03,0.0276,-2.2382,11.88,158246.3,7.32,91.26,-7.952,-0,-1,158.64,164.24,158.55,24.9,Cornering,"Hoosier 43075 16x7.5-10 R20, 7 inch rim",2295
78.77,289.18,-5.85,560.86,-250.23,0.001,-34.52,-29.34,0.09,0.0234,-2.2414,11.83,43844.87,7.32,91.24,-7.916,-0,-0.9998,158.68,164.35,158.55,24.9,Cornering,"Hoosier 43075 16x7.5-10 R20, 7 inch rim",2296
78.8,289.19,-6.19,560.38,-249.63,0.01,-34.67,-27.68,-0.11,0.0248,-2.2449,11.83,-37545.84,7.32,91.25,-7.883,-0,-1.0002,158.74,164.37,158.61,24.92,Cornering,"Hoosier 43075 16x7.5-10 R20, 7 inch rim",2297
78.82,289.2,-6.86,559.92,-250.1,-0.006,-34.78,-26.09,0.03,0.0274,-2.2388,11.88,158506.09,7.32,91.22,-7.847,-0,-1,158.83,164.35,158.73,24.94,Cornering,"Hoosier 43075 16x7.5-10 R20, 7 inch rim",2298
78.79,289.21,-7.21,559.59,-250.9,0.001,-34.87,-24.44,0.09,0.0287,-2.2304,11.96,43978.95,7.32,91.22,-7.803,-0,-0.9998,158.74,164.19,158.81,24.97,Cornering,"Hoosier 43075 16x7.5-10 R20, 7 inch rim",2299
78.78,289.22,-7.28,558.96,-251.29,0.004,-35.64,-23.6,0.09,0.029,-2.2244,12.02,44032.9,7.32,91.18,-7.774,-0,-0.9998,158.59,164.04,158.75,25,Cornering,"Hoosier 43075 16x7.5-10 R20, 7 inch rim",2300
78.81,289.23,-6.63,557.84,-252.66,0.016,-36.58,-22.79,0.16,0.0262,-2.2079,12,25566.18,7.32,91.19,-7.728,-0,-0.9997,158.29,163.95,158.59,25,Cornering,"Hoosier 43075 16x7.5-10 R20, 7 inch rim",2301
78.81,289.24,-6.25,557.69,-253.73,0.004,-37.27,-23.09,-0.11,0.0246,-2.1979,11.93,-37685.18,7.32,91.21,-7.687,-0,-1.0002,157.97,163.91,158.36,25,Cornering,"Hoosier 43075 16x7.5-10 R20, 7 inch rim",2302
78.78,289.25,-5.25,556.9,-255.28,0.006,-37.1,-23.93,0.03,0.0205,-2.1816,11.87,158910.22,7.32,91.24,-7.648,-0,-1,157.76,163.86,158.2,24.99,Cornering,"Hoosier 43075 16x7.5-10 R20, 7 inch rim",2303
78.8,289.26,-4.26,556.61,-255.47,-0.003,-36.68,-25.34,0.03,0.0167,-2.1788,11.85,158890.33,7.32,91.26,-7.601,-0,-1,157.71,163.84,158.06,24.98,Cornering,"Hoosier 43075 16x7.5-10 R20, 7 inch rim",2304
78.81,289.27,-3.21,556.15,-254.76,0.006,-36.07,-26.54,0.09,0.0126,-2.183,11.84,44054.94,7.32,91.27,-7.554,-0,-0.9998,157.67,163.88,158.06,25,Cornering,"Hoosier 43075 16x7.5-10 R20, 7 inch rim",2305
78.79,289.28,-2.73,555.08,-253.71,0.012,-35.33,-27.55,0.03,0.0107,-2.1878,11.92,159065.78,7.32,91.28,-7.522,-0,-1,157.69,163.95,158.02,25.01,Cornering,"Hoosier 43075 16x7.5-10 R20, 7 inch rim",2306
78.77,289.29,-3.6,554.32,-252.47,0.009,-34.63,-28.77,0.03,0.0143,-2.1956,11.99,159157.2,7.32,91.26,-7.472,-0,-1,157.71,164.02,158.06,25.02,Cornering,"Hoosier 43075 16x7.5-10 R20, 7 inch rim",2307
78.81,289.3,-5.61,553.55,-251.63,0.004,-35.01,-30.23,0.03,0.0223,-2.1998,12.06,159172.28,7.32,91.25,-7.429,-0,-1,157.71,164.06,158.08,25.02,Cornering,"Hoosier 43075 16x7.5-10 R20, 7 inch rim",2308
78.81,289.31,-7.48,552.61,-251.82,0.009,-35.27,-30.9,-0.04,0.0297,-2.1945,12.05,-98864.39,7.32,91.24,-7.378,-0,-1.0001,157.84,164.04,158.18,25,Cornering,"Hoosier 43075 16x7.5-10 R20, 7 inch rim",2309
78.77,289.32,-9.62,551.21,-252.53,-0,-35.91,-31.99,0.03,0.0381,-2.1827,11.99,158984.8,7.32,91.21,-7.332,-0,-1,157.8,164.02,158.24,24.98,Cornering,"Hoosier 43075 16x7.5-10 R20, 7 inch rim",2310
78.79,289.33,-10.92,550.41,-253.32,0.01,-36.42,-32.84,-0.11,0.0431,-2.1728,11.9,-37665.12,7.32,91.2,-7.299,-0,-1.0002,157.61,163.82,158.24,24.96,Cornering,"Hoosier 43075 16x7.5-10 R20, 7 inch rim",2311
78.82,289.34,-11.91,549.31,-255.39,0.01,-36.37,-33.78,-0.04,0.0466,-2.1508,11.86,-98752.22,7.32,91.14,-7.259,-0,-1.0001,157.3,163.73,158.1,24.96,Cornering,"Hoosier 43075 16x7.5-10 R20, 7 inch rim",2312
78.79,289.35,-12.5,548.53,-256.43,0.007,-37.09,-35.28,0.03,0.0488,-2.1391,11.88,158880.23,7.32,91.1,-7.206,-0,-1,156.96,163.64,157.86,24.96,Cornering,"Hoosier 43075 16x7.5-10 R20, 7 inch rim",2313
78.77,289.36,-11.7,548.06,-257.37,0.007,-37.34,-35.85,0.09,0.0454,-2.1295,11.94,44020.31,7.32,91.06,-7.169,-0,-0.9998,156.66,163.55,157.68,24.96,Cornering,"Hoosier 43075 16x7.5-10 R20, 7 inch rim",2314
78.81,289.37,-10.34,547.29,-257.78,0.003,-36.84,-36.53,-0.04,0.0401,-2.1231,12.03,-98730.99,7.33,91.06,-7.141,-0,-1.0001,156.49,163.55,157.45,24.95,Cornering,"Hoosier 43075 16x7.5-10 R20, 7 inch rim",2315
78.81,289.38,-9.27,546.68,-257.5,0.004,-35.38,-37.23,-0.04,0.036,-2.123,12.06,-98741.98,7.32,91.05,-7.088,-0,-1.0001,156.38,163.55,157.33,24.95,Cornering,"Hoosier 43075 16x7.5-10 R20, 7 inch rim",2316
78.78,289.39,-8.32,544.98,-255.59,0.013,-35.83,-37.49,-0.04,0.0325,-2.1322,12.05,-98793.76,7.32,91.05,-7.06,-0,-1.0001,156.38,163.57,157.35,24.96,Cornering,"Hoosier 43075 16x7.5-10 R20, 7 inch rim",2317
78.78,289.4,-8.26,543.6,-254.39,0.013,-35.35,-37.55,0.03,0.0325,-2.1368,12,159088.53,7.32,91.04,-7.024,-0,-1,156.25,163.64,157.33,24.98,Cornering,"Hoosier 43075 16x7.5-10 R20, 7 inch rim",2318
78.81,289.41,-7.71,542.37,-253.93,0.006,-35,-35.87,0.03,0.0304,-2.1359,11.9,159285.78,7.33,91.03,-6.985,-0,-1,156.19,163.57,157.37,25.01,Cornering,"Hoosier 43075 16x7.5-10 R20, 7 inch rim",2319
78.8,289.42,-8.26,541.42,-253.15,0.012,-36.3,-34.79,-0.04,0.0326,-2.1387,11.85,-99045.42,7.33,91.04,-6.951,-0,-1.0001,156.23,163.66,157.39,25.02,Cornering,"Hoosier 43075 16x7.5-10 R20, 7 inch rim",2320
78.77,289.43,-8.74,540.33,-254.22,0.01,-36.07,-33.62,0.03,0.0344,-2.1254,11.87,159382.97,7.33,91.04,-6.914,-0,-1,156.21,163.57,157.43,25.03,Cornering,"Hoosier 43075 16x7.5-10 R20, 7 inch rim",2321
78.8,289.44,-9.07,539.23,-255.06,0.004,-36.22,-32.65,-0.04,0.0356,-2.1141,11.95,-99128.43,7.33,91.05,-6.881,-0,-1.0001,156.06,163.49,157.5,25.04,Cornering,"Hoosier 43075 16x7.5-10 R20, 7 inch rim",2322
78.81,289.45,-9.26,538.3,-256.72,-0.006,-36.11,-32.41,0.03,0.0361,-2.0969,12,159555.16,7.33,91.07,-6.838,-0,-1,155.82,163.31,157.37,25.05,Cornering,"Hoosier 43075 16x7.5-10 R20, 7 inch rim",2323
78.78,289.46,-8.26,537.34,-257.93,0.014,-36.64,-31.38,-0.04,0.032,-2.0833,12.04,-99215.01,7.33,91.11,-6.792,-0,-1.0001,155.46,163.16,157.11,25.05,Cornering,"Hoosier 43075 16x7.5-10 R20, 7 inch rim",2324
78.79,289.47,-7.37,536.56,-259.23,0.003,-36.42,-31.35,-0.04,0.0284,-2.0698,12.03,-99221.52,7.33,91.14,-6.759,-0,-1.0001,155.2,163.16,156.83,25.05,Cornering,"Hoosier 43075 16x7.5-10 R20, 7 inch rim",2325
78.81,289.48,-6.18,535.17,-259.75,0.004,-36.53,-31.82,-0.04,0.0238,-2.0603,11.99,-99115.76,7.33,91.16,-6.713,-0,-1.0001,155.01,163.09,156.61,25.03,Cornering,"Hoosier 43075 16x7.5-10 R20, 7 inch rim",2326
78.81,289.49,-4.04,533.93,-259.91,0.014,-35.47,-31.74,-0.04,0.0155,-2.0543,11.89,-99075.72,7.33,91.16,-6.683,-0,-1.0001,154.94,163.11,156.48,25.01,Cornering,"Hoosier 43075 16x7.5-10 R20, 7 inch rim",2327
78.77,289.5,-3.39,532.4,-258.35,0.003,-35.29,-32.68,0.03,0.0131,-2.0607,11.84,159249.23,7.33,91.18,-6.637,-0,-1,154.86,163.18,156.42,24.99,Cornering,"Hoosier 43075 16x7.5-10 R20, 7 inch rim",2328
78.8,289.51,-3.19,530.55,-257.12,0.001,-34.9,-33.14,-0.04,0.0124,-2.0634,11.82,-99022.35,7.34,91.2,-6.603,-0,-1.0001,154.79,163.27,156.42,25,Cornering,"Hoosier 43075 16x7.5-10 R20, 7 inch rim",2329
78.81,289.52,-3.8,528.85,-256.52,0.001,-34.73,-33.34,-0.04,0.0148,-2.0617,11.88,-99100.57,7.34,91.18,-6.554,-0,-1.0001,154.77,163.27,156.38,25.01,Cornering,"Hoosier 43075 16x7.5-10 R20, 7 inch rim",2330
78.79,289.53,-5.41,527.92,-255.43,0.003,-35.24,-33.85,-0.04,0.0212,-2.0668,11.96,-99221.12,7.34,91.18,-6.524,-0,-1.0001,154.79,163.22,156.4,25.04,Cornering,"Hoosier 43075 16x7.5-10 R20, 7 inch rim",2331
78.78,289.54,-6.86,526.98,-255.68,0.012,-35.23,-33.67,-0.04,0.0268,-2.0611,12.02,-99183.34,7.34,91.18,-6.481,-0,-1.0001,154.79,163.13,156.44,25.03,Cornering,"Hoosier 43075 16x7.5-10 R20, 7 inch rim",2332
78.81,289.55,-8.75,525.57,-256.35,0.016,-35.5,-34.55,-0.04,0.0341,-2.0502,12,-99171.13,7.34,91.18,-6.424,-0,-1.0001,154.69,162.98,156.38,25.03,Cornering,"Hoosier 43075 16x7.5-10 R20, 7 inch rim",2333
78.81,289.56,-9.34,524.48,-257.82,0.007,-34.89,-34.59,0.03,0.0362,-2.0343,11.92,159473.42,7.34,91.2,-6.387,-0,-1,154.45,162.85,156.28,25.01,Cornering,"Hoosier 43075 16x7.5-10 R20, 7 inch rim",2334
78.78,289.57,-10.13,523.23,-259.17,0.01,-35.3,-35.47,0.03,0.0391,-2.0189,11.86,159338.39,7.34,91.23,-6.344,-0,-1,154.15,162.74,156.06,24.99,Cornering,"Hoosier 43075 16x7.5-10 R20, 7 inch rim",2335
78.8,289.58,-9.98,521.67,-260.51,-0.003,-35.85,-36.22,0.03,0.0383,-2.0025,11.83,159311.61,7.34,91.25,-6.309,-0,-1,153.87,162.69,155.82,24.98,Cornering,"Hoosier 43075 16x7.5-10 R20, 7 inch rim",2336
78.82,289.59,-8.81,520.11,-261.77,0.009,-35.74,-36.55,0.03,0.0337,-1.9869,11.85,159362.44,7.34,91.27,-6.262,-0,-1,153.68,162.63,155.56,24.99,Cornering,"Hoosier 43075 16x7.5-10 R20, 7 inch rim",2337
78.79,289.6,-7.66,517.78,-261.36,0.003,-36.43,-37.47,0.09,0.0293,-1.9811,11.92,44153.68,7.34,91.29,-6.222,-0,-0.9998,153.57,162.54,155.41,24.98,Cornering,"Hoosier 43075 16x7.5-10 R20, 7 inch rim",2338
78.78,289.61,-6.63,516.1,-260.74,-0,-35.09,-38.29,0.09,0.0254,-1.9793,12,44187.39,7.35,91.26,-6.185,-0,-0.9998,153.49,162.54,155.35,25,Cornering,"Hoosier 43075 16x7.5-10 R20, 7 inch rim",2339
78.81,289.62,-5.95,513.62,-258.98,0.007,-35.14,-38.6,0.09,0.023,-1.9833,12.03,44190.82,7.34,91.23,-6.142,-0,-0.9998,153.42,162.54,155.31,25,Cornering,"Hoosier 43075 16x7.5-10 R20, 7 inch rim",2340
78.81,289.63,-5.93,512.08,-257.39,0.012,-35.01,-38.54,-0.04,0.023,-1.9895,12.03,-99161.38,7.34,91.19,-6.099,-0,-1.0001,153.36,162.54,155.29,25.01,Cornering,"Hoosier 43075 16x7.5-10 R20, 7 inch rim",2341
78.78,289.64,-6.83,511,-256.58,0.006,-34.79,-38.2,0.03,0.0266,-1.9916,11.95,159492.86,7.35,91.18,-6.066,-0,-1,153.34,162.56,155.27,25,Cornering,"Hoosier 43075 16x7.5-10 R20, 7 inch rim",2342
78.79,289.65,-7.94,510.07,-256.59,0.001,-34.73,-37.59,-0.04,0.0309,-1.9879,11.85,-99104.77,7.35,91.15,-6.029,-0,-1.0001,153.36,162.5,155.31,24.99,Cornering,"Hoosier 43075 16x7.5-10 R20, 7 inch rim",2343
78.82,289.66,-9.1,509.12,-257.18,0.014,-34.7,-37.34,-0.04,0.0354,-1.9796,11.85,-99089.77,7.35,91.11,-5.983,-0,-1.0001,153.25,162.36,155.33,24.98,Cornering,"Hoosier 43075 16x7.5-10 R20, 7 inch rim",2344
78.8,289.67,-9.97,508.04,-258.85,0.004,-34.05,-37.45,0.03,0.0385,-1.9627,11.89,159416.03,7.35,91.06,-5.944,-0,-1,153.06,162.17,155.27,24.98,Cornering,"Hoosier 43075 16x7.5-10 R20, 7 inch rim",2345
78.78,289.68,-9.71,506.31,-260.11,0.013,-34.74,-37.24,-0.04,0.0373,-1.9465,11.98,-99127.79,7.35,91.01,-5.896,-0,-1.0001,152.73,162.01,155.05,24.99,Cornering,"Hoosier 43075 16x7.5-10 R20, 7 inch rim",2346
78.81,289.69,-8.94,504.28,-262.83,0.006,-34.51,-37.1,-0.04,0.034,-1.9187,12.08,-99110.41,7.35,90.99,-5.863,-0,-1.0001,152.43,161.92,154.81,24.98,Cornering,"Hoosier 43075 16x7.5-10 R20, 7 inch rim",2347
78.81,289.7,-8.29,502.26,-264.31,0.007,-34.4,-38,0.09,0.0314,-1.9002,12.12,44214.98,7.35,90.97,-5.83,-0,-0.9998,152.28,161.84,154.63,25,Cornering,"Hoosier 43075 16x7.5-10 R20, 7 inch rim",2348
78.78,289.71,-6.96,499.92,-263.96,0.013,-35.23,-38.51,-0.04,0.0264,-1.894,12.08,-99215.91,7.35,90.91,-5.782,-0,-1.0001,152.11,161.66,154.42,25.01,Cornering,"Hoosier 43075 16x7.5-10 R20, 7 inch rim",2349
78.78,289.72,-5.55,497.77,-263.04,0.012,-34.76,-38.93,0.09,0.0211,-1.8924,12.03,44200.37,7.35,90.89,-5.751,-0,-0.9998,152.11,161.7,154.38,24.99,Cornering,"Hoosier 43075 16x7.5-10 R20, 7 inch rim",2350
78.81,289.73,-4.98,496.25,-260.79,-0,-34.13,-39.35,-0.04,0.0191,-1.9029,11.94,-99089.38,7.36,90.87,-5.714,-0,-1.0001,151.9,161.7,154.34,24.97,Cornering,"Hoosier 43075 16x7.5-10 R20, 7 inch rim",2351
78.8,289.74,-4.67,494.71,-259.32,0.003,-33.53,-38.92,-0.04,0.018,-1.9077,11.92,-99026.73,7.36,90.85,-5.675,-0,-1.0001,151.86,161.73,154.34,24.96,Cornering,"Hoosier 43075 16x7.5-10 R20, 7 inch rim",2352
78.77,289.75,-5.08,493.78,-257.53,0.007,-33.75,-38.22,0.03,0.0197,-1.9174,11.96,159314.78,7.36,90.87,-5.634,-0,-1,151.83,161.64,154.34,24.96,Cornering,"Hoosier 43075 16x7.5-10 R20, 7 inch rim",2353
78.8,289.76,-6.38,493,-257.03,0.009,-34.14,-37.63,0.09,0.0248,-1.9181,12.02,44171.19,7.36,90.86,-5.589,-0,-0.9998,151.79,161.57,154.4,24.97,Cornering,"Hoosier 43075 16x7.5-10 R20, 7 inch rim",2354
78.81,289.77,-7.42,492.22,-256.97,0.013,-34.12,-37.18,0.03,0.0289,-1.9155,12.13,159558.03,7.36,90.85,-5.552,-0,-1,151.73,161.4,154.46,24.99,Cornering,"Hoosier 43075 16x7.5-10 R20, 7 inch rim",2355
78.79,289.78,-8.66,490.98,-258.1,0.001,-33.7,-37.36,-0.04,0.0336,-1.9023,12.2,-99237.83,7.37,90.85,-5.508,-0,-1.0001,151.53,161.29,154.38,25,Cornering,"Hoosier 43075 16x7.5-10 R20, 7 inch rim",2356
78.78,289.79,-8.96,489.1,-260.24,-0,-33.66,-37.62,-0.04,0.0344,-1.8795,12.18,-99289.3,7.37,90.85,-5.473,-0,-1.0001,151.21,161.11,154.24,25.01,Cornering,"Hoosier 43075 16x7.5-10 R20, 7 inch rim",2357
78.81,289.8,-8.61,486.75,-262.51,0.003,-34.05,-37.95,0.03,0.0328,-1.8542,12.11,159664.56,7.37,90.84,-5.425,-0,-1,150.98,161.02,154.04,25,Cornering,"Hoosier 43075 16x7.5-10 R20, 7 inch rim",2358
78.8,289.81,-7.94,484.41,-264.12,0.003,-34.68,-38.95,0.03,0.03,-1.8341,12.06,159525.14,7.37,90.87,-5.39,-0,-1,150.74,160.93,153.8,24.98,Cornering,"Hoosier 43075 16x7.5-10 R20, 7 inch rim",2359
78.77,289.82,-6.66,482.23,-264.77,0.012,-34.63,-39.57,0.03,0.0252,-1.8214,12.04,159536.91,7.37,90.89,-5.343,-0,-1,150.61,160.91,153.57,24.98,Cornering,"Hoosier 43075 16x7.5-10 R20, 7 inch rim",2360
78.8,289.83,-5.66,480.08,-263.98,0.01,-33.96,-40.6,-0.11,0.0214,-1.8186,12.06,-37812.12,7.37,90.91,-5.32,-0,-1.0002,150.5,160.82,153.47,24.97,Cornering,"Hoosier 43075 16x7.5-10 R20, 7 inch rim",2361
78.81,289.84,-4.33,478.07,-262.2,0.02,-33.54,-40.45,-0.04,0.0165,-1.8233,12.13,-99137.6,7.37,90.93,-5.264,-0,-1.0001,150.4,160.82,153.33,24.97,Cornering,"Hoosier 43075 16x7.5-10 R20, 7 inch rim",2362
78.79,289.85,-4.08,476.55,-259.7,0.001,-33.31,-40.55,-0.04,0.0157,-1.835,12.21,-99164.73,7.37,90.94,-5.237,-0,-1.0001,150.31,160.78,153.27,24.97,Cornering,"Hoosier 43075 16x7.5-10 R20, 7 inch rim",2363
78.78,289.86,-5.03,475.65,-258.28,-0.003,-32.08,-40.62,-0.04,0.0195,-1.8416,12.23,-99102.34,7.38,90.96,-5.193,-0,-1.0001,150.29,160.78,153.21,24.96,Cornering,"Hoosier 43075 16x7.5-10 R20, 7 inch rim",2364
78.81,289.87,-6.25,474.38,-256.64,0.019,-33.27,-40.12,-0.04,0.0244,-1.8484,12.19,-99084.02,7.37,90.96,-5.161,-0,-1.0001,150.27,160.69,153.21,24.95,Cornering,"Hoosier 43075 16x7.5-10 R20, 7 inch rim",2365
78.81,289.88,-7.63,473.3,-256.77,0.013,-32.99,-39.89,0.09,0.0297,-1.8433,12.1,44203.79,7.37,90.94,-5.115,-0,-0.9998,150.31,160.58,153.21,24.97,Cornering,"Hoosier 43075 16x7.5-10 R20, 7 inch rim",2366
78.78,289.89,-8.79,471.89,-257.84,0.012,-33.02,-39.7,0.09,0.0341,-1.8302,12.03,44227.02,7.38,90.92,-5.074,-0,-0.9998,150.14,160.43,153.17,24.98,Cornering,"Hoosier 43075 16x7.5-10 R20, 7 inch rim",2367
78.79,289.9,-9.49,470.17,-260.21,0.013,-32.36,-40.23,-0.04,0.0365,-1.8069,12.03,-99288.11,7.38,90.9,-5.025,-0,-1.0001,149.92,160.23,153.03,25,Cornering,"Hoosier 43075 16x7.5-10 R20, 7 inch rim",2368
78.82,289.91,-9.18,467.68,-262.51,0.004,-33.15,-40.51,0.09,0.035,-1.7816,12.06,44283.24,7.38,90.91,-4.998,-0,-0.9998,149.73,160.1,152.85,25.01,Cornering,"Hoosier 43075 16x7.5-10 R20, 7 inch rim",2369
78.79,289.92,-8.41,465.33,-265.08,0.007,-33.06,-41.17,-0.04,0.0317,-1.7554,12.15,-99343.82,7.38,90.9,-4.958,-0,-1.0001,149.54,160.01,152.65,25.01,Cornering,"Hoosier 43075 16x7.5-10 R20, 7 inch rim",2370
78.77,289.93,-7.29,462.54,-266.47,0.001,-32.86,-41.98,-0.04,0.0274,-1.7358,12.22,-99372.55,7.38,90.96,-4.918,-0,-1.0001,149.45,159.97,152.4,25.01,Cornering,"Hoosier 43075 16x7.5-10 R20, 7 inch rim",2371
78.81,289.94,-5.82,460.07,-264.93,0.001,-33.39,-42.59,0.09,0.022,-1.7366,12.24,44301.93,7.38,91,-4.865,-0,-0.9998,149.28,159.9,152.28,25.01,Cornering,"Hoosier 43075 16x7.5-10 R20, 7 inch rim",2372
78.81,289.95,-4.67,457.76,-262.81,0.009,-32.55,-42.8,0.03,0.0178,-1.7418,12.2,159914.67,7.38,91.07,-4.84,-0,-1,149.28,159.92,152.16,25.02,Cornering,"Hoosier 43075 16x7.5-10 R20, 7 inch rim",2373
78.78,289.96,-3.88,455.61,-260.72,0.006,-32.09,-42.29,0.03,0.0149,-1.7475,12.13,159961.28,7.39,91.09,-4.797,-0,-1,149.13,159.81,152.02,25.03,Cornering,"Hoosier 43075 16x7.5-10 R20, 7 inch rim",2374
78.79,289.97,-4.67,454.38,-258.23,0.01,-32.04,-42.5,0.03,0.0181,-1.7596,12.06,159896.67,7.39,91.14,-4.754,-0,-1,149.13,159.77,151.92,25.01,Cornering,"Hoosier 43075 16x7.5-10 R20, 7 inch rim",2375
78.82,289.98,-5.89,453.62,-257.31,0.003,-31.04,-42.12,0.03,0.0229,-1.7629,12.05,159830.7,7.39,91.21,-4.717,-0,-1,149.07,159.66,151.88,25,Cornering,"Hoosier 43075 16x7.5-10 R20, 7 inch rim",2376
78.8,289.99,-7.42,452.38,-256.8,-0,-31.55,-42.01,-0.11,0.0289,-1.7616,12.06,-37900.43,7.39,91.22,-4.67,-0,-1.0002,149.09,159.55,151.86,25,Cornering,"Hoosier 43075 16x7.5-10 R20, 7 inch rim",2377
78.78,290,-8.64,450.97,-257.91,0.003,-31.21,-41.91,0.03,0.0335,-1.7486,12.16,159811.84,7.39,91.24,-4.633,-0,-1,148.96,159.41,151.88,25,Cornering,"Hoosier 43075 16x7.5-10 R20, 7 inch rim",2378
78.81,290.01,-9.28,448.46,-259.74,0.009,-31.66,-42,-0.04,0.0357,-1.7266,12.22,-99416.73,7.39,91.25,-4.594,-0,-1.0001,148.77,159.28,151.8,25.01,Cornering,"Hoosier 43075 16x7.5-10 R20, 7 inch rim",2379
78.82,290.02,-9.25,445.96,-262.47,0.014,-31.77,-42.26,0.03,0.0352,-1.6991,12.22,159938.8,7.39,91.26,-4.558,-0,-1,148.49,159.13,151.64,25.01,Cornering,"Hoosier 43075 16x7.5-10 R20, 7 inch rim",2380
78.78,290.03,-8.64,442.69,-265.04,0.004,-31.92,-42.79,-0.04,0.0326,-1.6703,12.17,-99427.73,7.4,91.24,-4.51,-0,-1.0001,148.32,158.97,151.43,25.01,Cornering,"Hoosier 43075 16x7.5-10 R20, 7 inch rim",2381
78.79,290.04,-7.76,439.9,-266.42,-0.002,-31.73,-43.76,-0.04,0.0291,-1.6511,12.08,-99409.12,7.4,91.22,-4.475,-0,-1.0001,148.16,158.84,151.29,25.01,Cornering,"Hoosier 43075 16x7.5-10 R20, 7 inch rim",2382
78.81,290.05,-6.63,436.94,-265.67,0.02,-32.16,-44.44,0.03,0.025,-1.6446,12.02,159890.73,7.39,91.22,-4.432,-0,-1,148.16,158.75,151.13,25,Cornering,"Hoosier 43075 16x7.5-10 R20, 7 inch rim",2383
78.8,290.06,-5.73,434.65,-263.52,0.003,-31.62,-44.92,-0.04,0.0217,-1.6494,12,-99373.02,7.4,91.22,-4.396,-0,-1.0001,148.12,158.6,151.03,25,Cornering,"Hoosier 43075 16x7.5-10 R20, 7 inch rim",2384
78.77,290.07,-4.97,432.5,-261.15,0.003,-31,-44.61,-0.04,0.019,-1.6561,12.06,-99379.62,7.4,91.21,-4.343,-0,-1.0001,148.01,158.51,150.99,25,Cornering,"Hoosier 43075 16x7.5-10 R20, 7 inch rim",2385
78.8,290.08,-4.83,430.81,-258.59,-0,-30.64,-43.71,-0.04,0.0187,-1.666,12.15,-99383.87,7.4,91.2,-4.309,-0,-1.0001,147.97,158.4,150.91,25,Cornering,"Hoosier 43075 16x7.5-10 R20, 7 inch rim",2386
78.81,290.09,-5.97,428.96,-257.51,-0.002,-30.33,-43.49,-0.04,0.0232,-1.6658,12.21,-99410.59,7.4,91.19,-4.279,-0,-1.0001,147.97,158.31,150.93,25,Cornering,"Hoosier 43075 16x7.5-10 R20, 7 inch rim",2387
78.79,290.1,-7.26,427.4,-256.42,0.004,-30.77,-42.86,0.09,0.0283,-1.6668,12.21,44297.8,7.4,91.15,-4.227,-0,-0.9998,147.93,158.23,150.93,24.99,Cornering,"Hoosier 43075 16x7.5-10 R20, 7 inch rim",2388
78.78,290.11,-8.38,425.22,-257.66,0.007,-30.01,-42.41,0.09,0.0325,-1.6503,12.17,44299.71,7.41,91.12,-4.192,-0,-0.9998,147.89,158.09,150.93,24.99,Cornering,"Hoosier 43075 16x7.5-10 R20, 7 inch rim",2389
78.81,290.12,-8.92,423.04,-259.79,0.004,-29.47,-42.2,0.03,0.0344,-1.6284,12.07,159869.12,7.41,91.1,-4.166,-0,-1,147.69,157.83,150.85,24.99,Cornering,"Hoosier 43075 16x7.5-10 R20, 7 inch rim",2390
78.8,290.13,-9.33,419.91,-262.33,0.003,-29.81,-42.68,-0.04,0.0355,-1.6007,12,-99337.58,7.41,91.1,-4.119,-0,-1.0001,147.48,157.72,150.71,24.98,Cornering,"Hoosier 43075 16x7.5-10 R20, 7 inch rim",2391
78.77,290.14,-8.84,416.63,-265.51,0.004,-29.8,-43.08,0.03,0.0333,-1.5692,12,159776.22,7.41,91.11,-4.069,-0,-1,147.29,157.5,150.54,24.97,Cornering,"Hoosier 43075 16x7.5-10 R20, 7 inch rim",2392
78.8,290.15,-8.09,413.05,-266.76,0.006,-30.95,-43.94,-0.11,0.0303,-1.5484,12.05,-37877.98,7.41,91.11,-4.03,-0,-1.0002,147.14,157.46,150.34,24.97,Cornering,"Hoosier 43075 16x7.5-10 R20, 7 inch rim",2393
78.81,290.16,-6.68,410.11,-266.79,0.003,-30.21,-44.36,0.16,0.0251,-1.5372,12.13,25700.56,7.41,91.13,-3.991,-0,-0.9997,147.07,157.37,150.16,24.97,Cornering,"Hoosier 43075 16x7.5-10 R20, 7 inch rim",2394
78.78,290.17,-5.34,407.18,-263.87,0.001,-31.06,-44.56,0.09,0.0202,-1.5431,12.19,44281.29,7.41,91.12,-3.951,-0,-0.9998,146.96,157.26,150.04,24.97,Cornering,"Hoosier 43075 16x7.5-10 R20, 7 inch rim",2395
78.77,290.18,-4.6,404.87,-261.6,0.014,-29.87,-44.4,-0.25,0.0176,-1.5477,12.17,-16933.94,7.41,91.13,-3.91,-0,-1.0004,146.86,157.24,149.92,24.97,Cornering,"Hoosier 43075 16x7.5-10 R20, 7 inch rim",2396
78.8,290.19,-4.63,402.89,-258.77,0.003,-29.19,-43.88,0.09,0.0179,-1.557,12.13,44295.6,7.42,91.13,-3.87,-0,-0.9998,146.68,157.15,149.82,24.98,Cornering,"Hoosier 43075 16x7.5-10 R20, 7 inch rim",2397
78.8,290.2,-5.22,401.19,-256.5,0.01,-28.99,-42.88,-0.11,0.0204,-1.5641,12.03,-37903.85,7.42,91.16,-3.835,-0,-1.0002,146.6,157.08,149.76,24.98,Cornering,"Hoosier 43075 16x7.5-10 R20, 7 inch rim",2398
78.77,290.21,-6.87,399.65,-256.25,0.009,-27.71,-42.66,0.03,0.0268,-1.5596,11.99,159750.05,7.42,91.14,-3.801,-0,-1,146.6,157.02,149.76,24.96,Cornering,"Hoosier 43075 16x7.5-10 R20, 7 inch rim",2399
78.78,290.22,-8.1,397.32,-256.1,0.003,-28.35,-41.96,-0.04,0.0316,-1.5514,11.98,-99332.48,7.42,91.2,-3.751,-0,-1.0001,146.51,156.88,149.78,24.97,Cornering,"Hoosier 43075 16x7.5-10 R20, 7 inch rim",2400
78.81,290.23,-9.58,394.66,-257.93,0.007,-28.09,-42.21,0.03,0.0371,-1.5301,12.06,159652.92,7.42,91.26,-3.718,-0,-1,146.38,156.8,149.78,24.94,Cornering,"Hoosier 43075 16x7.5-10 R20, 7 inch rim",2401
78.77,290.24,-10.11,391.23,-261.45,0.012,-27.32,-42.27,0.03,0.0387,-1.4964,12.14,159698.89,7.42,91.3,-3.665,-0,-1,146.26,156.58,149.61,24.95,Cornering,"Hoosier 43075 16x7.5-10 R20, 7 inch rim",2402
78.76,290.25,-9.75,387.02,-264.31,0.004,-28.2,-42.61,0.09,0.0369,-1.4643,12.18,44286.33,7.42,91.33,-3.63,-0,-0.9998,146,156.49,149.43,24.97,Cornering,"Hoosier 43075 16x7.5-10 R20, 7 inch rim",2403
78.78,290.26,-8.78,382.97,-266.61,0.004,-28.38,-42.9,0.03,0.0329,-1.4364,12.18,159896.64,7.42,91.36,-3.59,-0,-1,145.87,156.42,149.27,24.98,Cornering,"Hoosier 43075 16x7.5-10 R20, 7 inch rim",2404
78.78,290.27,-7.48,378.61,-266.4,0.006,-29.84,-43.53,-0.04,0.0281,-1.4212,12.12,-99444.93,7.42,91.44,-3.555,-0,-1.0001,145.76,156.27,149.11,24.99,Cornering,"Hoosier 43075 16x7.5-10 R20, 7 inch rim",2405
78.75,290.28,-6.29,375.69,-265.18,0.007,-28.98,-43.86,0.03,0.0237,-1.4167,12.03,159872.64,7.43,91.46,-3.509,-0,-1,145.68,156.22,148.97,24.97,Cornering,"Hoosier 43075 16x7.5-10 R20, 7 inch rim",2406
78.76,290.29,-5.36,373.07,-262.59,0.006,-28.57,-43.72,-0.04,0.0204,-1.4207,11.97,-99337.66,7.43,91.46,-3.473,-0,-1.0001,145.55,156.11,148.87,24.96,Cornering,"Hoosier 43075 16x7.5-10 R20, 7 inch rim",2407
78.79,290.3,-4.65,371.38,-259.7,0.023,-27.62,-42.61,0.03,0.0179,-1.43,11.98,159735.42,7.43,91.46,-3.437,-0,-1,145.46,156.05,148.79,24.95,Cornering,"Hoosier 43075 16x7.5-10 R20, 7 inch rim",2408
78.77,290.31,-5.85,370.01,-257.63,0.012,-26.4,-42.54,0.03,0.0227,-1.4362,12.04,159706.23,7.43,91.42,-3.386,-0,-1,145.35,155.96,148.75,24.94,Cornering,"Hoosier 43075 16x7.5-10 R20, 7 inch rim",2409
78.75,290.32,-6.83,368.32,-256.41,0.007,-25.99,-41.36,0.03,0.0266,-1.4364,12.11,159637.45,7.43,91.4,-3.35,-0,-1,145.35,155.89,148.77,24.93,Cornering,"Hoosier 43075 16x7.5-10 R20, 7 inch rim",2410
78.77,290.33,-8.3,366.3,-256.65,0.006,-25.68,-40.8,0.03,0.0323,-1.4272,12.18,159717.23,7.43,91.4,-3.313,-0,-1,145.35,155.74,148.81,24.94,Cornering,"Hoosier 43075 16x7.5-10 R20, 7 inch rim",2411
78.77,290.34,-9.9,362.86,-257.89,0.009,-26.12,-40.96,0.09,0.0384,-1.407,12.17,44280.97,7.44,91.4,-3.278,-0,-0.9998,145.33,155.63,148.79,24.96,Cornering,"Hoosier 43075 16x7.5-10 R20, 7 inch rim",2412
78.74,290.35,-10.49,358.81,-261.17,0.009,-25.6,-40.83,-0.04,0.0402,-1.3739,12.12,-99360.1,7.44,91.36,-3.234,-0,-1.0001,145.25,155.41,148.73,24.96,Cornering,"Hoosier 43075 16x7.5-10 R20, 7 inch rim",2413
78.74,290.36,-10.38,353.98,-264.33,-0.002,-26.59,-41.03,0.03,0.0393,-1.3391,12.02,159883.88,7.44,91.3,-3.188,-0,-1,145.08,155.25,148.6,24.97,Cornering,"Hoosier 43075 16x7.5-10 R20, 7 inch rim",2414
78.77,290.37,-9.9,348.99,-267.03,0.007,-27.24,-41.58,0.03,0.0371,-1.3069,11.97,159887.95,7.44,91.29,-3.159,-0,-1,144.99,155.08,148.46,24.97,Cornering,"Hoosier 43075 16x7.5-10 R20, 7 inch rim",2415
78.76,290.38,-8.4,344.32,-268.4,0.01,-27.48,-41.63,0.03,0.0313,-1.2829,11.97,159969.03,7.44,91.28,-3.111,-0,-1,144.93,154.97,148.3,24.98,Cornering,"Hoosier 43075 16x7.5-10 R20, 7 inch rim",2416
78.74,290.39,-6.98,340.61,-266.91,0.004,-27.53,-41.73,0.09,0.0262,-1.2762,12.02,44340.1,7.44,91.25,-3.083,-0,-0.9998,144.8,154.9,148.14,24.98,Cornering,"Hoosier 43075 16x7.5-10 R20, 7 inch rim",2417
78.75,290.4,-5.89,338,-264.38,0.006,-26.7,-41.76,-0.04,0.0223,-1.2785,12.09,-99562.19,7.44,91.22,-3.033,-0,-1.0001,144.71,154.79,148.06,25.01,Cornering,"Hoosier 43075 16x7.5-10 R20, 7 inch rim",2418
78.77,290.41,-5.53,335.54,-261.4,0.017,-25.86,-41.36,-0.04,0.0212,-1.2836,12.17,-99611.81,7.44,91.17,-2.992,-0,-1.0001,144.52,154.68,147.96,25.02,Cornering,"Hoosier 43075 16x7.5-10 R20, 7 inch rim",2419
78.74,290.42,-5.92,334.02,-258.67,0.013,-24.62,-40.67,-0.18,0.0229,-1.2913,12.18,-23465.08,7.45,91.17,-2.963,-0,-1.0003,144.37,154.64,147.86,25.01,Cornering,"Hoosier 43075 16x7.5-10 R20, 7 inch rim",2420
78.73,290.43,-6.71,331.86,-256.86,0.003,-24.47,-39.47,0.09,0.0261,-1.292,12.1,44397.6,7.45,91.15,-2.92,-0,-0.9998,144.35,154.57,147.8,25.01,Cornering,"Hoosier 43075 16x7.5-10 R20, 7 inch rim",2421
78.76,290.44,-8.42,329.38,-256.88,0.004,-23.78,-39.03,0.16,0.0328,-1.2822,12,25758.04,7.45,91.08,-2.884,-0,-0.9997,144.3,154.42,147.8,25,Cornering,"Hoosier 43075 16x7.5-10 R20, 7 inch rim",2422
78.75,290.45,-9.71,325.95,-258.09,0.006,-24.01,-38.62,0.09,0.0376,-1.263,11.95,44380.16,7.45,91.05,-2.831,-0,-0.9998,144.26,154.24,147.78,25,Cornering,"Hoosier 43075 16x7.5-10 R20, 7 inch rim",2423
78.72,290.46,-10.83,321.58,-261.23,0.013,-23.53,-38.67,0.03,0.0415,-1.231,11.95,160159.16,7.45,91.02,-2.794,-0,-1,144.13,154,147.78,25,Cornering,"Hoosier 43075 16x7.5-10 R20, 7 inch rim",2424
78.74,290.47,-11.06,316.28,-264.77,0.014,-23.71,-38.97,-0.04,0.0418,-1.1945,12,-99538.81,7.45,91,-2.748,-0,-1.0001,144.02,153.82,147.67,25,Cornering,"Hoosier 43075 16x7.5-10 R20, 7 inch rim",2425
78.75,290.48,-10.37,310.83,-268.18,0.007,-24.02,-39.02,-0.04,0.0387,-1.159,12.08,-99517.56,7.45,91.01,-2.724,-0,-1.0001,143.96,153.69,147.53,24.99,Cornering,"Hoosier 43075 16x7.5-10 R20, 7 inch rim",2426
78.73,290.49,-9.19,305.08,-268.9,0.001,-25.44,-39.27,-0.04,0.0342,-1.1346,12.11,-99590.73,7.46,91.04,-2.671,-0,-1.0001,143.92,153.58,147.43,25.01,Cornering,"Hoosier 43075 16x7.5-10 R20, 7 inch rim",2427
78.71,290.5,-7.77,300.89,-267.87,0.013,-25.25,-39.29,-0.04,0.029,-1.1233,12.09,-99570.36,7.46,91.08,-2.634,-0,-1.0001,143.83,153.47,147.25,25,Cornering,"Hoosier 43075 16x7.5-10 R20, 7 inch rim",2428
78.74,290.51,-6.46,297.52,-266.2,0.004,-23.46,-39.09,0.03,0.0243,-1.1176,12.02,160219.17,7.46,91.13,-2.602,-0,-1,143.62,153.36,147.13,25.01,Cornering,"Hoosier 43075 16x7.5-10 R20, 7 inch rim",2429
78.74,290.52,-6.16,295.22,-262.42,0.006,-22.8,-38.86,0.03,0.0235,-1.125,11.91,160185.78,7.46,91.15,-2.569,-0,-1,143.53,153.21,147.01,25,Cornering,"Hoosier 43075 16x7.5-10 R20, 7 inch rim",2430
78.72,290.53,-6.17,293.07,-259.44,0.003,-22.05,-37.77,-0.11,0.0238,-1.1297,11.85,-37948.19,7.46,91.14,-2.524,-0,-1.0002,143.36,153.1,146.93,24.98,Cornering,"Hoosier 43075 16x7.5-10 R20, 7 inch rim",2431
78.74,290.54,-6.92,291.54,-257.51,0.001,-21.18,-36.62,0.03,0.0269,-1.1321,11.84,160009.78,7.47,91.12,-2.482,-0,-1,143.19,152.99,146.85,24.97,Cornering,"Hoosier 43075 16x7.5-10 R20, 7 inch rim",2432
78.75,290.55,-8.61,289.22,-256.59,-0.002,-21.16,-35.99,-0.04,0.0336,-1.1271,11.92,-99468.41,7.47,91.08,-2.439,-0,-1.0001,143.21,152.81,146.87,24.97,Cornering,"Hoosier 43075 16x7.5-10 R20, 7 inch rim",2433
78.73,290.56,-9.81,285.78,-257.57,0.012,-20.78,-35.18,0.09,0.0381,-1.1096,11.97,44311.8,7.47,91.06,-2.393,-0,-0.9998,143.25,152.57,146.85,24.96,Cornering,"Hoosier 43075 16x7.5-10 R20, 7 inch rim",2434
78.72,290.57,-10.96,280.8,-260.02,0.006,-20.87,-35.18,-0.04,0.0422,-1.0799,12.04,-99381.54,7.47,91.05,-2.355,-0,-1.0001,143.14,152.39,146.89,24.95,Cornering,"Hoosier 43075 16x7.5-10 R20, 7 inch rim",2435
78.74,290.58,-11.19,275.04,-263.8,0.001,-20.73,-34.87,-0.04,0.0424,-1.0426,12.04,-99406.62,7.47,91.06,-2.323,-0,-1.0001,143.08,152.17,146.76,24.96,Cornering,"Hoosier 43075 16x7.5-10 R20, 7 inch rim",2436
78.75,290.59,-10.87,268.8,-266.84,0.007,-21.41,-34.93,0.09,0.0407,-1.0074,11.96,44315.18,7.47,91.07,-2.273,-0,-0.9998,143.04,151.93,146.62,24.96,Cornering,"Hoosier 43075 16x7.5-10 R20, 7 inch rim",2437
78.72,290.6,-9.76,262.9,-269.11,0.001,-21.4,-34.98,0.03,0.0363,-0.9769,11.86,159886.73,7.48,91.12,-2.233,-0,-1,142.91,151.75,146.48,24.95,Cornering,"Hoosier 43075 16x7.5-10 R20, 7 inch rim",2438
78.73,290.61,-8.4,257.94,-268.68,-0,-21.65,-34.85,0.03,0.0313,-0.96,11.8,159815.88,7.48,91.14,-2.197,-0,-1,142.78,151.67,146.32,24.94,Cornering,"Hoosier 43075 16x7.5-10 R20, 7 inch rim",2439
78.76,290.62,-7.15,254.23,-266.15,0.009,-21.19,-34.7,-0.04,0.0268,-0.9552,11.81,-99393.1,7.48,91.14,-2.164,-0,-1.0001,142.65,151.56,146.16,24.95,Cornering,"Hoosier 43075 16x7.5-10 R20, 7 inch rim",2440
78.74,290.63,-6.62,251.63,-262.4,0.006,-20.8,-34.54,-0.04,0.0252,-0.959,11.86,-99372.55,7.48,91.15,-2.12,-0,-1.0001,142.46,151.38,146.02,24.94,Cornering,"Hoosier 43075 16x7.5-10 R20, 7 inch rim",2441
78.72,290.64,-6.9,249.33,-258.96,0.007,-20.01,-34.11,-0.04,0.0267,-0.9628,11.93,-99444.22,7.48,91.16,-2.077,-0,-1.0001,142.26,151.27,145.88,24.96,Cornering,"Hoosier 43075 16x7.5-10 R20, 7 inch rim",2442
78.75,290.65,-7.61,247.33,-256.7,0.009,-19.05,-33.04,-0.04,0.0297,-0.9635,11.99,-99539.24,7.48,91.17,-2.028,-0,-1.0001,142.11,151.12,145.82,24.98,Cornering,"Hoosier 43075 16x7.5-10 R20, 7 inch rim",2443
78.76,290.66,-8.89,244.71,-256.12,0.001,-18.16,-32.12,-0.04,0.0347,-0.9554,11.99,-99563.4,7.49,91.2,-2.008,-0,-1.0001,142.05,151.03,145.79,24.99,Cornering,"Hoosier 43075 16x7.5-10 R20, 7 inch rim",2444
78.73,290.67,-10.62,240.82,-256.47,-0.002,-18.38,-31.6,0.03,0.0414,-0.939,11.93,160245.84,7.49,91.24,-1.957,-0,-1,142.07,150.81,145.77,25,Cornering,"Hoosier 43075 16x7.5-10 R20, 7 inch rim",2445
78.73,290.68,-11.62,235.84,-258.9,0.003,-17.9,-31.09,0.09,0.0449,-0.9109,11.84,44365.08,7.49,91.27,-1.922,-0,-0.9998,142.01,150.57,145.77,24.98,Cornering,"Hoosier 43075 16x7.5-10 R20, 7 inch rim",2446
78.77,290.69,-12.22,230.07,-262.29,0.007,-18.01,-31.14,0.03,0.0466,-0.8772,11.79,160067.72,7.49,91.3,-1.862,-0,-1,141.99,150.35,145.69,24.97,Cornering,"Hoosier 43075 16x7.5-10 R20, 7 inch rim",2447
78.75,290.7,-11.69,223.52,-265.84,0.007,-18.54,-30.65,-0.04,0.044,-0.8408,11.81,-99433.73,7.49,91.33,-1.832,-0,-1.0001,141.92,150.15,145.57,24.96,Cornering,"Hoosier 43075 16x7.5-10 R20, 7 inch rim",2448
78.73,290.71,-10.76,217.3,-268.15,0.007,-18.41,-30.71,-0.11,0.0401,-0.8104,11.86,-37929.1,7.49,91.34,-1.789,-0,-1.0002,141.92,149.99,145.45,24.96,Cornering,"Hoosier 43075 16x7.5-10 R20, 7 inch rim",2449
78.76,290.72,-9.55,211.26,-268.34,0.001,-18.83,-30.72,-0.04,0.0356,-0.7873,11.95,-99483.84,7.49,91.35,-1.748,-0,-1.0001,141.94,149.86,145.33,24.97,Cornering,"Hoosier 43075 16x7.5-10 R20, 7 inch rim",2450
78.77,290.73,-8.34,206.62,-265.97,0.006,-18.96,-30.7,-0.04,0.0314,-0.7768,12,-99555.43,7.49,91.34,-1.696,-0,-1.0001,141.81,149.75,145.15,24.98,Cornering,"Hoosier 43075 16x7.5-10 R20, 7 inch rim",2451
78.74,290.74,-7.72,203.23,-262.16,0.003,-19.07,-30.51,0.03,0.0295,-0.7752,12,160268.22,7.5,91.35,-1.662,-0,-1,141.73,149.6,145.01,25,Cornering,"Hoosier 43075 16x7.5-10 R20, 7 inch rim",2452
78.74,290.75,-7.53,201.24,-258.9,0.016,-17.38,-29.62,0.03,0.0291,-0.7773,11.92,160233.58,7.5,91.37,-1.624,-0,-1,141.58,149.44,144.91,25,Cornering,"Hoosier 43075 16x7.5-10 R20, 7 inch rim",2453
78.77,290.76,-8.67,199.09,-255.8,0.012,-17.01,-29.08,0.03,0.0339,-0.7783,11.84,160162.11,7.5,91.39,-1.581,-0,-1,141.51,149.31,144.8,24.98,Cornering,"Hoosier 43075 16x7.5-10 R20, 7 inch rim",2454
78.76,290.77,-9.82,196.31,-254.92,0.009,-16.01,-27.9,0.03,0.0385,-0.7701,11.8,160053.02,7.5,91.44,-1.544,-0,-1,141.45,149.18,144.78,24.97,Cornering,"Hoosier 43075 16x7.5-10 R20, 7 inch rim",2455
78.74,290.78,-11.43,192.59,-255.3,0.003,-15.33,-27.15,0.09,0.0448,-0.7544,11.81,44332.2,7.5,91.48,-1.5,-0,-0.9998,141.54,149.03,144.8,24.96,Cornering,"Hoosier 43075 16x7.5-10 R20, 7 inch rim",2456
78.76,290.79,-12.63,188.09,-257.4,-0.003,-14.45,-26.41,-0.04,0.0491,-0.7307,11.88,-99403.05,7.51,91.5,-1.464,-0,-1.0001,141.56,148.74,144.76,24.94,Cornering,"Hoosier 43075 16x7.5-10 R20, 7 inch rim",2457
78.78,290.8,-13.11,182.32,-260.69,-0.002,-14.1,-25.91,-0.04,0.0503,-0.6994,11.95,-99381.1,7.51,91.53,-1.433,-0,-1.0001,141.56,148.45,144.74,24.94,Cornering,"Hoosier 43075 16x7.5-10 R20, 7 inch rim",2458
78.76,290.81,-12.86,175.46,-264.18,-0,-14.71,-25.48,0.03,0.0487,-0.6642,12,159950.58,7.51,91.56,-1.391,-0,-1,141.58,148.21,144.64,24.95,Cornering,"Hoosier 43075 16x7.5-10 R20, 7 inch rim",2459
78.75,290.82,-11.82,168.77,-266.65,0.009,-15.11,-24.94,0.03,0.0443,-0.6329,11.99,159916.14,7.51,91.59,-1.341,-0,-1,141.62,148.06,144.56,24.94,Cornering,"Hoosier 43075 16x7.5-10 R20, 7 inch rim",2460
78.77,290.83,-10.57,162.25,-266.89,-0,-16.22,-24.75,0.03,0.0396,-0.6079,11.92,159954.72,7.51,91.64,-1.314,-0,-1,141.56,147.84,144.52,24.95,Cornering,"Hoosier 43075 16x7.5-10 R20, 7 inch rim",2461
78.77,290.84,-9.34,157.14,-265.03,0.006,-16.48,-24.5,0.03,0.0352,-0.5929,11.86,160068.52,7.51,91.66,-1.268,-0,-1,141.51,147.77,144.42,24.97,Cornering,"Hoosier 43075 16x7.5-10 R20, 7 inch rim",2462
78.74,290.85,-8.15,153.59,-261.77,0.01,-15.95,-23.85,0.03,0.0311,-0.5868,11.85,160032.61,7.51,91.67,-1.242,-0,-1,141.43,147.64,144.36,24.96,Cornering,"Hoosier 43075 16x7.5-10 R20, 7 inch rim",2463
78.76,290.86,-8.02,150.84,-258.61,0.006,-14.2,-23.14,0.03,0.031,-0.5833,11.89,160034.77,7.51,91.66,-1.196,-0,-1,141.32,147.46,144.24,24.96,Cornering,"Hoosier 43075 16x7.5-10 R20, 7 inch rim",2464
78.79,290.87,-8.17,148.85,-255.71,0.009,-13.01,-21.63,-0.11,0.0319,-0.5821,11.97,-37937.85,7.51,91.65,-1.171,-0,-1.0002,141.17,147.37,144.22,24.96,Cornering,"Hoosier 43075 16x7.5-10 R20, 7 inch rim",2465
78.76,290.88,-9.5,145.91,-253.48,0.004,-13.05,-20.49,0.09,0.0375,-0.5756,12.08,44368.35,7.52,91.64,-1.133,-0,-0.9998,141.11,147.31,144.24,24.97,Cornering,"Hoosier 43075 16x7.5-10 R20, 7 inch rim",2466
78.75,290.89,-10.72,142.82,-253.72,0.006,-11.41,-19.1,-0.04,0.0422,-0.5629,12.11,-99599.02,7.52,91.63,-1.106,-0,-1.0001,141.13,147.2,144.28,24.99,Cornering,"Hoosier 43075 16x7.5-10 R20, 7 inch rim",2467
78.77,290.9,-11.78,137.68,-254.94,0.007,-11.69,-18.09,0.09,0.0462,-0.54,12.11,44451.66,7.52,91.63,-1.052,-0,-0.9998,141.15,146.93,144.3,25.02,Cornering,"Hoosier 43075 16x7.5-10 R20, 7 inch rim",2468
78.78,290.91,-12.62,131.76,-258.33,0.009,-11.1,-17.45,0.03,0.0488,-0.5101,12.03,160413.48,7.52,91.62,-1.026,-0,-1,141.13,146.74,144.3,25.02,Cornering,"Hoosier 43075 16x7.5-10 R20, 7 inch rim",2469
78.76,290.92,-12.68,124.91,-261.73,0.012,-11.37,-16.96,0.09,0.0484,-0.4772,11.94,44431.8,7.52,91.64,-0.98,-0,-0.9998,141.13,146.49,144.26,25.01,Cornering,"Hoosier 43075 16x7.5-10 R20, 7 inch rim",2470
78.76,290.93,-11.64,117.91,-264.37,-0.005,-12.36,-16.22,-0.04,0.044,-0.446,11.92,-99579.3,7.52,91.72,-0.963,-0,-1.0001,141.06,146.34,144.16,24.98,Cornering,"Hoosier 43075 16x7.5-10 R20, 7 inch rim",2471
78.79,290.94,-10.37,110.91,-265.8,0.01,-12.75,-15.72,0.03,0.039,-0.4173,11.95,160045.75,7.52,91.8,-0.914,-0,-1,141.06,146.19,144.08,24.96,Cornering,"Hoosier 43075 16x7.5-10 R20, 7 inch rim",2472
78.77,290.95,-8.67,105.17,-264.08,0.02,-13.4,-15.03,-0.04,0.0328,-0.3983,12.01,-99512.02,7.52,91.87,-0.861,-0,-1.0001,141.04,146.1,143.94,24.97,Cornering,"Hoosier 43075 16x7.5-10 R20, 7 inch rim",2473
78.75,290.96,-7.43,100.56,-261.33,0.006,-12.46,-14.54,0.03,0.0284,-0.3848,12.11,160197.5,7.52,91.9,-0.81,-0,-1,140.98,146.05,143.85,24.98,Cornering,"Hoosier 43075 16x7.5-10 R20, 7 inch rim",2474
78.78,290.97,-7.04,97.02,-257.34,0.006,-12.11,-13.96,0.03,0.0273,-0.377,12.16,160347.23,7.52,91.87,-0.768,-0,-1,140.83,145.94,143.75,25.01,Cornering,"Hoosier 43075 16x7.5-10 R20, 7 inch rim",2475
78.79,290.98,-7.69,94.58,-253.88,-0.003,-10.48,-13.33,0.09,0.0303,-0.3725,12.11,44454.44,7.53,91.85,-0.728,-0,-0.9998,140.72,145.77,143.69,25.02,Cornering,"Hoosier 43075 16x7.5-10 R20, 7 inch rim",2476
78.76,290.99,-9.32,91.49,-252.36,0.003,-8.85,-12.72,0.03,0.0369,-0.3625,12.05,160423.75,7.53,91.84,-0.672,-0,-1,140.59,145.75,143.63,25.02,Cornering,"Hoosier 43075 16x7.5-10 R20, 7 inch rim",2477
78.76,291,-11.08,87.77,-251.68,0.009,-8.07,-12.05,0.03,0.044,-0.3487,11.95,160276.02,7.53,91.87,-0.624,-0,-1,140.59,145.66,143.61,25,Cornering,"Hoosier 43075 16x7.5-10 R20, 7 inch rim",2478
78.79,291.01,-13.33,82.64,-252.73,0.014,-7.7,-11.99,0.03,0.0527,-0.327,11.89,160165.23,7.53,91.9,-0.582,-0,-1,140.53,145.5,143.61,24.98,Cornering,"Hoosier 43075 16x7.5-10 R20, 7 inch rim",2479
78.78,291.02,-14.46,75.79,-254.83,0.012,-8.26,-11.63,0.09,0.0567,-0.2974,11.89,44342.1,7.53,91.91,-0.543,-0,-0.9998,140.48,145.28,143.57,24.96,Cornering,"Hoosier 43075 16x7.5-10 R20, 7 inch rim",2480
78.75,291.03,-14.58,68.32,-258.13,0.012,-8.65,-10.95,-0.04,0.0565,-0.2647,11.95,-99493.6,7.53,91.92,-0.496,-0,-1.0001,140.42,145.11,143.51,24.96,Cornering,"Hoosier 43075 16x7.5-10 R20, 7 inch rim",2481
78.78,291.04,-14.07,60.23,-261.35,0.004,-9.24,-10.37,0.03,0.0538,-0.2304,12.03,160018.25,7.53,91.95,-0.449,-0,-1,140.42,145,143.45,24.96,Cornering,"Hoosier 43075 16x7.5-10 R20, 7 inch rim",2482
78.8,291.05,-13.22,52.78,-263.02,-0.007,-9.12,-10.15,0.03,0.0503,-0.2007,12.08,160055.77,7.54,91.95,-0.407,-0,-1,140.38,144.84,143.43,24.96,Cornering,"Hoosier 43075 16x7.5-10 R20, 7 inch rim",2483
78.77,291.06,-12.5,45.96,-261.72,-0.006,-9.97,-10.43,-0.04,0.0478,-0.1756,12.05,-99517.39,7.54,92,-0.367,-0,-1.0001,140.33,144.73,143.45,24.97,Cornering,"Hoosier 43075 16x7.5-10 R20, 7 inch rim",2484
78.27,414.12,-11.97,-148.8,-254.86,0.004,1.69,19.08,0.09,0.047,0.5839,11.92,44413.46,7.58,91.91,1.066,-0,-0.9998,116.93,118.69,118.78,25,Cornering,"Hoosier 43075 16x7.5-10 R20, 7 inch rim",6255
78.26,414.13,-10.51,-154.71,-257.46,0.006,2.42,20.4,0.03,0.0408,0.6009,11.96,160347.12,7.58,91.89,1.095,-0,-1,116.9,118.72,118.8,25.01,Cornering,"Hoosier 43075 16x7.5-10 R20, 7 inch rim",6256
78.29,414.14,-8.26,-159.83,-257.18,0.003,2.11,21.76,0.03,0.0321,0.6215,12.05,160307.89,7.58,91.84,1.126,-0,-1,116.84,118.76,118.82,25.01,Cornering,"Hoosier 43075 16x7.5-10 R20, 7 inch rim",6257
78.3,414.15,-5.97,-164.48,-255.68,0.017,2.63,22.79,0.16,0.0233,0.6433,12.13,25777.34,7.58,91.79,1.169,-0,-0.9997,116.75,118.8,118.78,25,Cornering,"Hoosier 43075 16x7.5-10 R20, 7 inch rim",6258
78.26,414.16,-4.33,-168.31,-252.68,0.001,3.36,23.23,0.03,0.0171,0.6661,12.12,160228.45,7.58,91.79,1.201,-0,-1,116.73,118.78,118.76,25,Cornering,"Hoosier 43075 16x7.5-10 R20, 7 inch rim",6259
78.27,414.17,-3.33,-171.7,-249.7,0.014,4.64,23.9,0.09,0.0133,0.6877,12.08,44399.8,7.58,91.81,1.244,-0,-0.9998,116.63,118.8,118.72,25,Cornering,"Hoosier 43075 16x7.5-10 R20, 7 inch rim",6260
78.3,414.18,-3.23,-175.09,-247.21,0.006,5.18,24.68,0.03,0.0131,0.7083,12,160185.28,7.58,91.85,1.284,-0,-1,116.58,118.78,118.68,24.99,Cornering,"Hoosier 43075 16x7.5-10 R20, 7 inch rim",6261
78.29,414.19,-4.26,-178.8,-246.15,0.009,6.07,25.29,0.03,0.0173,0.7264,11.97,160182.59,7.58,91.9,1.32,-0,-1,116.6,118.87,118.64,24.99,Cornering,"Hoosier 43075 16x7.5-10 R20, 7 inch rim",6262
78.27,414.2,-5.42,-183.3,-246.1,-0.002,5.84,26.22,0.03,0.022,0.7448,11.99,160141.91,7.59,91.92,1.365,-0,-1,116.65,118.87,118.64,24.98,Cornering,"Hoosier 43075 16x7.5-10 R20, 7 inch rim",6263
78.29,414.21,-6.89,-188.75,-247.65,0.009,5.58,26.98,0.03,0.0278,0.7622,12.06,160101.67,7.58,91.91,1.404,-0,-1,116.67,118.87,118.59,24.98,Cornering,"Hoosier 43075 16x7.5-10 R20, 7 inch rim",6264
78.3,414.22,-8.44,-194.51,-249.41,0.004,4.9,27.03,0.03,0.0338,0.7799,12.16,160136.28,7.58,91.9,1.436,-0,-1,116.65,118.8,118.62,24.98,Cornering,"Hoosier 43075 16x7.5-10 R20, 7 inch rim",6265
78.28,414.23,-8.73,-200.42,-251.84,0.001,4.65,27.23,0.09,0.0347,0.7958,12.19,44343.04,7.59,91.87,1.487,-0,-0.9998,116.63,118.72,118.64,24.97,Cornering,"Hoosier 43075 16x7.5-10 R20, 7 inch rim",6266
78.27,414.24,-8.63,-205.86,-253.7,0.001,4.88,26.89,0.09,0.034,0.8114,12.16,44342.09,7.59,91.81,1.527,-0,-0.9998,116.65,118.65,118.62,24.97,Cornering,"Hoosier 43075 16x7.5-10 R20, 7 inch rim",6267
78.3,414.25,-7.64,-210.67,-254.26,0.009,5.56,26.35,0.09,0.03,0.8286,12.08,44320.5,7.58,91.79,1.569,-0,-0.9998,116.69,118.65,118.59,24.96,Cornering,"Hoosier 43075 16x7.5-10 R20, 7 inch rim",6268
78.29,414.26,-6.17,-215.31,-252.52,0.009,5.41,25.88,0.03,0.0244,0.8526,11.99,159973.92,7.58,91.76,1.596,-0,-1,116.71,118.67,118.59,24.96,Cornering,"Hoosier 43075 16x7.5-10 R20, 7 inch rim",6269
78.27,414.27,-4.8,-219.15,-250.05,0.001,6.37,25.37,0.09,0.0192,0.8764,11.95,44359.89,7.59,91.72,1.64,-0,-0.9998,116.69,118.65,118.57,24.98,Cornering,"Hoosier 43075 16x7.5-10 R20, 7 inch rim",6270
78.29,414.28,-4.22,-222.22,-247.18,-0,7.44,24.81,0.09,0.0171,0.899,11.95,44389.36,7.59,91.7,1.695,-0,-0.9998,116.78,118.65,118.51,25,Cornering,"Hoosier 43075 16x7.5-10 R20, 7 inch rim",6271
78.31,414.29,-4.38,-225.46,-244.37,0.006,8.09,24.67,0.09,0.0179,0.9226,12,44378.39,7.59,91.68,1.721,-0,-0.9998,116.73,118.58,118.51,24.99,Cornering,"Hoosier 43075 16x7.5-10 R20, 7 inch rim",6272
78.28,414.3,-5.37,-229.01,-242.72,-0.005,8.12,24.8,0.03,0.0221,0.9435,12.07,160069.66,7.59,91.68,1.764,-0,-1,116.73,118.63,118.45,24.98,Cornering,"Hoosier 43075 16x7.5-10 R20, 7 inch rim",6273
78.27,414.31,-6.42,-233.04,-242.35,-0.005,8.13,26.01,0.09,0.0265,0.9616,12.09,44345.26,7.59,91.69,1.804,-0,-0.9998,116.84,118.63,118.49,24.97,Cornering,"Hoosier 43075 16x7.5-10 R20, 7 inch rim",6274
78.3,414.32,-7.9,-237.88,-243.61,0.004,8.08,27.07,-0.04,0.0324,0.9765,12.07,-99451.25,7.59,91.7,1.849,-0,-1.0001,116.84,118.61,118.47,24.97,Cornering,"Hoosier 43075 16x7.5-10 R20, 7 inch rim",6275
78.3,414.33,-8.94,-243.32,-245.83,0.004,8.18,28.29,0.09,0.0364,0.9898,12.02,44322.13,7.59,91.74,1.894,-0,-0.9998,116.82,118.67,118.51,24.96,Cornering,"Hoosier 43075 16x7.5-10 R20, 7 inch rim",6276
78.27,414.34,-8.81,-248.94,-247.64,0.01,6.8,29.66,0.16,0.0356,1.0052,11.98,25724.83,7.58,91.76,1.93,-0,-0.9997,116.82,118.61,118.51,24.96,Cornering,"Hoosier 43075 16x7.5-10 R20, 7 inch rim",6277
78.28,414.35,-7.98,-254.07,-249.4,0.007,6.81,30.4,0.09,0.032,1.0187,11.98,44350.43,7.59,91.79,1.981,-0,-0.9998,116.82,118.56,118.53,24.98,Cornering,"Hoosier 43075 16x7.5-10 R20, 7 inch rim",6278
78.31,414.36,-5.71,-258.57,-250.75,0.009,7.66,31.67,0.09,0.0228,1.0312,12.04,44349.48,7.59,91.79,2.013,-0,-0.9998,116.84,118.58,118.53,24.98,Cornering,"Hoosier 43075 16x7.5-10 R20, 7 inch rim",6279
78.28,414.37,-4.22,-262.42,-249.58,-0,8.13,31.36,0.03,0.0169,1.0515,12.14,159891.25,7.59,91.78,2.048,-0,-1,116.8,118.67,118.51,24.96,Cornering,"Hoosier 43075 16x7.5-10 R20, 7 inch rim",6280
78.27,414.38,-2.9,-265.5,-247.38,0.003,8.87,30.97,0.03,0.0117,1.0733,12.21,159737.06,7.59,91.79,2.099,-0,-1,116.82,118.61,118.51,24.93,Cornering,"Hoosier 43075 16x7.5-10 R20, 7 inch rim",6281
78.31,414.39,-2.01,-268.13,-244.29,0.012,9.01,30.42,0.03,0.0082,1.0976,12.21,159694.31,7.58,91.76,2.147,-0,-1,116.75,118.58,118.51,24.93,Cornering,"Hoosier 43075 16x7.5-10 R20, 7 inch rim",6282
78.31,414.4,-2.3,-270.58,-242.09,0.007,10.12,29.66,0.16,0.0095,1.1177,12.16,25678.37,7.59,91.72,2.187,-0,-0.9997,116.71,118.58,118.49,24.92,Cornering,"Hoosier 43075 16x7.5-10 R20, 7 inch rim",6283
78.27,414.41,-3.25,-273.66,-240.08,-0,9.7,29.38,0.09,0.0135,1.1399,12.07,44249.73,7.59,91.72,2.236,-0,-0.9998,116.69,118.61,118.53,24.93,Cornering,"Hoosier 43075 16x7.5-10 R20, 7 inch rim",6284
78.29,414.42,-4.79,-277.23,-240.78,-0.003,10.59,29.63,0.03,0.0199,1.1514,11.99,159791.53,7.59,91.74,2.266,-0,-1,116.75,118.67,118.47,24.94,Cornering,"Hoosier 43075 16x7.5-10 R20, 7 inch rim",6285
78.31,414.43,-6.74,-281.75,-241.41,0.003,10.16,30.27,0.09,0.0279,1.1671,11.98,44257.74,7.59,91.73,2.303,-0,-0.9998,116.8,118.65,118.35,24.93,Cornering,"Hoosier 43075 16x7.5-10 R20, 7 inch rim",6286
78.29,414.44,-8.65,-286.74,-243.43,0.009,10.06,30.49,0.03,0.0355,1.1779,12.03,159744.64,7.59,91.73,2.345,-0,-1,116.82,118.72,118.19,24.94,Cornering,"Hoosier 43075 16x7.5-10 R20, 7 inch rim",6287
78.28,414.45,-8.89,-292.19,-245.4,0.01,9.68,31.45,0.09,0.0362,1.1906,12.08,44275.82,7.59,91.72,2.375,-0,-0.9998,116.84,118.65,117.99,24.94,Cornering,"Hoosier 43075 16x7.5-10 R20, 7 inch rim",6288
78.3,414.46,-8.35,-297.18,-247,0.017,9.09,32.18,0.03,0.0338,1.2032,12.13,159956.94,7.58,91.72,2.426,-0,-1,116.8,118.63,117.81,24.97,Cornering,"Hoosier 43075 16x7.5-10 R20, 7 inch rim",6289
78.31,414.47,-7.28,-301.36,-247.26,0.01,8.94,32.2,0.09,0.0295,1.2188,12.11,44345.06,7.58,91.71,2.452,-0,-0.9998,116.82,118.58,117.58,24.98,Cornering,"Hoosier 43075 16x7.5-10 R20, 7 inch rim",6290
78.28,414.48,-5.77,-304.75,-246.83,0.006,9.99,31.81,0.09,0.0234,1.2346,12.05,44353.98,7.59,91.77,2.489,-0,-0.9998,116.84,118.61,117.34,24.99,Cornering,"Hoosier 43075 16x7.5-10 R20, 7 inch rim",6291
78.29,414.49,-4.29,-307.36,-244.25,0.007,10.35,31.23,0.09,0.0176,1.2584,11.98,44332.18,7.59,91.8,2.522,-0,-0.9998,116.86,118.63,117.12,24.98,Cornering,"Hoosier 43075 16x7.5-10 R20, 7 inch rim",6292
78.31,414.5,-2.78,-309.82,-241.64,0.013,11.03,30.89,0.09,0.0115,1.2822,11.95,44341.02,7.58,91.85,2.561,-0,-0.9998,116.84,118.61,116.92,24.98,Cornering,"Hoosier 43075 16x7.5-10 R20, 7 inch rim",6293
78.3,414.51,-2.16,-311.65,-239.04,0.003,11.89,30.7,0.03,0.0091,1.3038,11.97,159972.77,7.59,91.88,2.585,-0,-1,116.84,118.61,116.8,24.98,Cornering,"Hoosier 43075 16x7.5-10 R20, 7 inch rim",6294
78.28,414.52,-1.7,-313.82,-236.71,0.012,11.53,31.62,0.09,0.0072,1.3257,12.05,44359.17,7.58,91.9,2.624,-0,-0.9998,116.84,118.58,116.7,25,Cornering,"Hoosier 43075 16x7.5-10 R20, 7 inch rim",6295
78.3,414.53,-1.88,-316.59,-236.22,0.003,12.3,33.17,0.09,0.008,1.3403,12.15,44378.18,7.59,91.91,2.664,-0,-0.9998,116.86,118.61,116.72,25.01,Cornering,"Hoosier 43075 16x7.5-10 R20, 7 inch rim",6296
78.31,414.54,-2.79,-320.01,-236.24,-0.005,11.9,34.79,0.09,0.0118,1.3546,12.21,44376.7,7.59,91.9,2.701,-0,-0.9998,116.97,118.58,116.88,25.01,Cornering,"Hoosier 43075 16x7.5-10 R20, 7 inch rim",6297
78.29,414.55,-3.97,-323.9,-237.99,-0.002,12.25,36.08,0.03,0.0167,1.361,12.19,159911.66,7.59,91.93,2.754,-0,-1,117.01,118.63,117,24.97,Cornering,"Hoosier 43075 16x7.5-10 R20, 7 inch rim",6298
78.28,414.56,-4.49,-328.12,-239.99,0.009,12.31,37.23,0.09,0.0187,1.3672,12.16,44259.69,7.58,91.98,2.797,-0,-0.9998,117.03,118.63,117.14,24.94,Cornering,"Hoosier 43075 16x7.5-10 R20, 7 inch rim",6299
78.31,414.57,-4.7,-332.32,-241.76,0.009,12.41,37.44,0.03,0.0194,1.3746,12.07,159714.86,7.58,92.02,2.83,-0,-1,117.01,118.61,117.32,24.94,Cornering,"Hoosier 43075 16x7.5-10 R20, 7 inch rim",6300
78.31,414.58,-3.44,-336.05,-242.96,0.007,12.91,38.05,0.09,0.0141,1.3831,11.99,44266.82,7.58,92.05,2.873,-0,-0.9998,117.03,118.65,117.48,24.95,Cornering,"Hoosier 43075 16x7.5-10 R20, 7 inch rim",6301
78.27,414.59,-2.12,-339.45,-243.24,0.009,13.61,37.64,0.09,0.0087,1.3955,11.97,44306.08,7.58,92.03,2.918,-0,-0.9998,117.03,118.69,117.6,24.97,Cornering,"Hoosier 43075 16x7.5-10 R20, 7 inch rim",6302
78.3,414.6,-0.88,-342.22,-242.24,0.001,14.42,36.55,0.09,0.0036,1.4128,12,44335.02,7.58,92.03,2.962,-0,-0.9998,117.03,118.76,117.69,24.99,Cornering,"Hoosier 43075 16x7.5-10 R20, 7 inch rim",6303
78.32,414.61,-0.33,-344.37,-239.97,0.004,14.76,34.83,0.16,0.0014,1.435,12.08,25737.72,7.58,92.01,3.008,-0,-0.9997,116.97,118.83,117.75,25,Cornering,"Hoosier 43075 16x7.5-10 R20, 7 inch rim",6304
78.29,414.62,-0.94,-346.52,-236.65,0.003,13.66,32.64,0.09,0.004,1.4643,12.11,44321.03,7.58,91.98,3.046,-0,-0.9998,116.9,118.8,117.89,24.98,Cornering,"Hoosier 43075 16x7.5-10 R20, 7 inch rim",6305
78.29,414.63,-1.97,-348.68,-234.79,0.006,13.79,31.44,0.09,0.0084,1.4851,12.09,44288,7.58,91.94,3.095,-0,-0.9998,116.86,118.87,117.95,24.97,Cornering,"Hoosier 43075 16x7.5-10 R20, 7 inch rim",6306
78.31,414.64,-3.79,-351.48,-233.4,0.004,12.75,31,0.16,0.0162,1.5059,12.06,25704.42,7.58,91.93,3.141,-0,-0.9997,116.9,118.89,118.07,24.97,Cornering,"Hoosier 43075 16x7.5-10 R20, 7 inch rim",6307
78.31,414.65,-5.62,-354.43,-233.59,0.007,13.18,31.21,0.03,0.0241,1.5173,11.98,159807.3,7.58,91.92,3.184,-0,-1,116.97,118.98,118.17,24.97,Cornering,"Hoosier 43075 16x7.5-10 R20, 7 inch rim",6308
78.28,414.66,-7.02,-358.49,-234.75,0.013,12.74,32.26,0.23,0.0299,1.5271,11.94,18113.78,7.57,91.92,3.23,-0,-0.9996,117.05,119,118.27,24.98,Cornering,"Hoosier 43075 16x7.5-10 R20, 7 inch rim",6309
78.29,414.67,-7.6,-362.2,-236.68,-0.005,13.74,33.47,0.09,0.0321,1.5303,11.95,44342.21,7.57,91.95,3.257,-0,-0.9998,117.05,118.98,118.31,25,Cornering,"Hoosier 43075 16x7.5-10 R20, 7 inch rim",6310
78.32,414.68,-7.85,-366.41,-238.96,0.004,14.36,33.82,0.16,0.0328,1.5333,12.01,25741.83,7.57,91.95,3.301,-0,-0.9997,117.05,118.98,118.43,25.01,Cornering,"Hoosier 43075 16x7.5-10 R20, 7 inch rim",6311
78.29,414.69,-6.67,-370.46,-241.31,0.014,15.83,34.48,0.16,0.0277,1.5352,12.12,25728.81,7.57,92,3.34,-0,-0.9997,117.1,118.96,118.49,25,Cornering,"Hoosier 43075 16x7.5-10 R20, 7 inch rim",6312
78.28,414.7,-5.27,-374.33,-241.8,0.006,15.79,34.35,0.16,0.0218,1.5481,12.16,25721.76,7.57,91.97,3.379,-0,-0.9997,117.14,119,118.59,24.99,Cornering,"Hoosier 43075 16x7.5-10 R20, 7 inch rim",6313
78.31,414.71,-3.81,-378.19,-241.75,-0,15.65,33.52,0.09,0.0157,1.5644,12.15,44303.69,7.57,91.94,3.416,-0,-0.9998,117.14,118.98,118.7,24.98,Cornering,"Hoosier 43075 16x7.5-10 R20, 7 inch rim",6314
78.31,414.72,-2.36,-380.82,-239.52,-0.002,14.53,32.69,0.23,0.0099,1.5899,12.11,18113.47,7.57,91.94,3.457,-0,-0.9996,117.14,119.05,118.68,24.98,Cornering,"Hoosier 43075 16x7.5-10 R20, 7 inch rim",6315
78.28,414.73,-1.76,-383,-236.93,0.013,13.18,31.76,0.16,0.0074,1.6165,12.05,25700.22,7.56,91.94,3.505,-0,-0.9997,117.14,119,118.66,24.97,Cornering,"Hoosier 43075 16x7.5-10 R20, 7 inch rim",6316
78.3,414.74,-1.76,-384.69,-233.95,0.004,11.62,31.23,0.03,0.0075,1.6443,11.99,159820.14,7.56,91.97,3.533,-0,-1,117.2,119,118.66,24.98,Cornering,"Hoosier 43075 16x7.5-10 R20, 7 inch rim",6317
78.32,414.75,-2.47,-385.91,-233.02,-0.002,12.46,31.62,0.03,0.0106,1.6561,11.99,159887.16,7.57,92.01,3.572,-0,-1,117.27,118.98,118.68,24.99,Cornering,"Hoosier 43075 16x7.5-10 R20, 7 inch rim",6318
78.29,414.76,-3.64,-387.47,-233.18,0.009,13.81,32.83,0.09,0.0156,1.6617,12.03,44293.5,7.56,92.05,3.616,-0,-0.9998,117.36,119.02,118.72,24.98,Cornering,"Hoosier 43075 16x7.5-10 R20, 7 inch rim",6319
78.29,414.77,-4.1,-389.64,-234.09,0.007,15.1,35.18,0.09,0.0175,1.6645,12.1,44312.33,7.56,92.03,3.649,-0,-0.9998,117.44,119.07,118.72,25,Cornering,"Hoosier 43075 16x7.5-10 R20, 7 inch rim",6320
78.3,414.78,-4.64,-392.91,-236.64,0.009,16.85,37.23,0.09,0.0196,1.6604,12.15,44320.25,7.56,92.01,3.694,-0,-0.9998,117.51,119,118.8,25,Cornering,"Hoosier 43075 16x7.5-10 R20, 7 inch rim",6321
78.32,414.79,-4.81,-397.26,-239.61,-0.002,17.91,38.45,0.03,0.0201,1.6579,12.14,159746.84,7.56,92.01,3.725,-0,-1,117.53,118.98,118.78,24.97,Cornering,"Hoosier 43075 16x7.5-10 R20, 7 inch rim",6322
78.29,414.8,-4.17,-402.25,-242.41,0.007,18.16,39.2,0.09,0.0172,1.6593,12.1,44244.73,7.56,92.01,3.761,-0,-0.9998,117.53,118.98,118.78,24.96,Cornering,"Hoosier 43075 16x7.5-10 R20, 7 inch rim",6323
78.3,414.81,-2.93,-407.07,-244.35,0.006,17.87,39.6,0.09,0.012,1.6659,12.02,44212.12,7.55,91.98,3.794,-0,-0.9998,117.53,119,118.82,24.94,Cornering,"Hoosier 43075 16x7.5-10 R20, 7 inch rim",6324
78.32,414.82,-1.32,-411.27,-244.21,0.01,16.47,39.26,0.16,0.0054,1.6841,12,25659.8,7.55,91.96,3.85,-0,-0.9997,117.51,119.02,118.82,24.94,Cornering,"Hoosier 43075 16x7.5-10 R20, 7 inch rim",6325
78.3,414.83,-0.24,-414.53,-242.45,0.013,14.51,38.07,0.03,0.001,1.7098,12.02,159678.44,7.55,91.94,3.884,-0,-1,117.51,119.09,118.78,24.97,Cornering,"Hoosier 43075 16x7.5-10 R20, 7 inch rim",6326
78.28,414.84,0.6,-415.75,-239.3,0.004,13.38,36.86,0.09,-0.0025,1.7374,12.11,44276.57,7.55,91.92,3.928,-0,-0.9998,117.53,119.11,118.76,24.98,Cornering,"Hoosier 43075 16x7.5-10 R20, 7 inch rim",6327
78.3,414.85,0.58,-416.36,-236.25,0.007,12.65,35.84,0.09,-0.0025,1.7624,12.22,44295.08,7.55,91.88,3.964,-0,-0.9998,117.51,119.18,118.78,25,Cornering,"Hoosier 43075 16x7.5-10 R20, 7 inch rim",6328
78.32,414.86,-0.04,-415.72,-234.49,0.01,14.1,35.64,0.09,0.0002,1.7729,12.26,44282.52,7.55,91.85,4.004,-0,-0.9998,117.46,119.22,118.84,24.99,Cornering,"Hoosier 43075 16x7.5-10 R20, 7 inch rim",6329
78.29,414.87,-1.66,-416.47,-233.91,0.006,15.6,35.74,0.03,0.0071,1.7805,12.25,159684.42,7.55,91.81,4.036,-0,-1,117.51,119.31,118.84,24.97,Cornering,"Hoosier 43075 16x7.5-10 R20, 7 inch rim",6330
78.29,414.88,-3.14,-418.03,-234.75,0.013,17.23,36.66,0.03,0.0134,1.7808,12.19,159638.36,7.55,91.84,4.079,-0,-1,117.53,119.42,118.9,24.97,Cornering,"Hoosier 43075 16x7.5-10 R20, 7 inch rim",6331
78.32,414.89,-4.82,-421.45,-237.61,0.016,19.2,37.32,0.09,0.0203,1.7737,12.11,44214.16,7.55,91.85,4.12,-0,-0.9998,117.61,119.42,118.94,24.96,Cornering,"Hoosier 43075 16x7.5-10 R20, 7 inch rim",6332
78.31,414.9,-5.76,-426.11,-239.79,-0,19.11,37.52,0.16,0.024,1.777,12.03,25660.95,7.55,91.87,4.173,-0,-0.9997,117.63,119.44,119,24.96,Cornering,"Hoosier 43075 16x7.5-10 R20, 7 inch rim",6333
78.27,414.91,-5.74,-431.56,-243.43,0.001,20.16,37.7,0.09,0.0236,1.7728,12.02,44209.14,7.54,91.87,4.205,-0,-0.9998,117.66,119.46,119.06,24.96,Cornering,"Hoosier 43075 16x7.5-10 R20, 7 inch rim",6334
78.3,414.92,-4.73,-436.86,-245.64,0.004,19.22,37.65,0.09,0.0193,1.7784,12.05,44227.78,7.54,91.87,4.236,-0,-0.9998,117.68,119.46,119.06,24.97,Cornering,"Hoosier 43075 16x7.5-10 R20, 7 inch rim",6335
78.32,414.93,-3.43,-441.36,-246.21,-0,18.29,37,0.09,0.0139,1.7926,12.11,44193.67,7.54,91.84,4.291,-0,-0.9998,117.72,119.51,119.14,24.95,Cornering,"Hoosier 43075 16x7.5-10 R20, 7 inch rim",6336
78.3,414.94,-1.88,-444.17,-244.68,0.022,16.44,35.99,0.09,0.0077,1.8153,12.14,44201.56,7.54,91.8,4.329,-0,-0.9998,117.72,119.53,119.08,24.96,Cornering,"Hoosier 43075 16x7.5-10 R20, 7 inch rim",6337
78.28,414.95,-0.7,-445.08,-241.38,0.01,15.33,34.93,0.09,0.0029,1.8439,12.14,44178.54,7.54,91.77,4.369,-0,-0.9998,117.72,119.6,119.04,24.94,Cornering,"Hoosier 43075 16x7.5-10 R20, 7 inch rim",6338
78.31,414.96,0.05,-444.9,-238.06,0.009,14.71,34.26,0.16,-0.0002,1.8689,12.11,25652.66,7.54,91.77,4.407,-0,-0.9997,117.78,119.57,119,24.96,Cornering,"Hoosier 43075 16x7.5-10 R20, 7 inch rim",6339
78.31,414.97,-0.47,-443.63,-235.33,0.007,15.86,33.73,0.09,0.002,1.8851,12.06,44204.4,7.54,91.74,4.448,-0,-0.9998,117.83,119.57,118.98,24.96,Cornering,"Hoosier 43075 16x7.5-10 R20, 7 inch rim",6340
78.28,414.98,-1.15,-442.98,-234.04,0.006,17.63,34.55,0.03,0.0049,1.8927,12.03,159435.28,7.54,91.72,4.495,-0,-1,117.87,119.57,118.96,24.95,Cornering,"Hoosier 43075 16x7.5-10 R20, 7 inch rim",6341
78.3,414.99,-2.73,-443.75,-234.66,0.007,20,35.42,0.09,0.0116,1.8911,12.06,44188.64,7.54,91.7,4.534,-0,-0.9998,117.93,119.66,118.94,24.96,Cornering,"Hoosier 43075 16x7.5-10 R20, 7 inch rim",6342
78.33,415,-4.39,-446.7,-236.55,0.003,21.32,36.26,0.09,0.0185,1.8884,12.12,44175.88,7.54,91.66,4.573,-0,-0.9998,118.11,119.71,118.92,24.95,Cornering,"Hoosier 43075 16x7.5-10 R20, 7 inch rim",6343
78.3,415.01,-5.24,-451.21,-238.99,-0.002,21.3,37.16,0.16,0.0219,1.888,12.22,25638.97,7.54,91.64,4.614,-0,-0.9997,118.13,119.68,118.92,24.95,Cornering,"Hoosier 43075 16x7.5-10 R20, 7 inch rim",6344
78.28,415.02,-5.29,-457.3,-241.86,0.001,20.07,37.85,0.09,0.0219,1.8908,12.25,44211.3,7.53,91.6,4.659,-0,-0.9998,118.15,119.71,118.88,24.97,Cornering,"Hoosier 43075 16x7.5-10 R20, 7 inch rim",6345
78.3,415.03,-4.51,-463.07,-245.41,0.009,20.62,38.21,0.09,0.0184,1.8869,12.22,44187.25,7.53,91.58,4.712,-0,-0.9998,118.21,119.71,118.9,24.96,Cornering,"Hoosier 43075 16x7.5-10 R20, 7 inch rim",6346
78.31,415.04,-3.71,-468.06,-246.49,0.013,19.09,37.29,0.09,0.015,1.8989,12.17,44185.43,7.53,91.56,4.739,-0,-0.9998,118.21,119.73,118.9,24.96,Cornering,"Hoosier 43075 16x7.5-10 R20, 7 inch rim",6347
78.29,415.05,-2.13,-471.31,-245.75,0.009,17.49,36.37,0.16,0.0087,1.9179,12.08,25638.39,7.53,91.53,4.783,-0,-0.9997,118.21,119.75,118.9,24.96,Cornering,"Hoosier 43075 16x7.5-10 R20, 7 inch rim",6348
78.29,415.06,-1.01,-471.91,-243.55,0.004,17.21,34.91,0.09,0.0041,1.9377,12,44180.09,7.53,91.5,4.818,-0,-0.9998,118.21,119.77,118.88,24.96,Cornering,"Hoosier 43075 16x7.5-10 R20, 7 inch rim",6349
78.32,415.07,-0.59,-470.79,-239.58,-0.002,16.81,33.4,0.16,0.0025,1.9651,12,25671.22,7.53,91.49,4.856,-0,-0.9997,118.19,119.79,118.82,24.99,Cornering,"Hoosier 43075 16x7.5-10 R20, 7 inch rim",6350
78.3,415.08,-0.59,-468.74,-236.51,-0.005,17.67,32.76,0.09,0.0025,1.9819,12.05,44246.48,7.53,91.5,4.896,-0,-0.9998,118.23,119.82,118.78,25,Cornering,"Hoosier 43075 16x7.5-10 R20, 7 inch rim",6351
78.28,415.09,-1.14,-466.88,-234.5,0.017,19.56,33.28,0.09,0.0049,1.991,12.11,44284.41,7.52,91.48,4.941,-0,-0.9998,118.26,119.84,118.76,25.03,Cornering,"Hoosier 43075 16x7.5-10 R20, 7 inch rim",6352
78.31,415.1,-2.48,-467.01,-233.67,0.01,20.86,34.25,0.23,0.0106,1.9986,12.14,18088.59,7.53,91.5,4.978,-0,-0.9996,118.32,119.88,118.74,25,Cornering,"Hoosier 43075 16x7.5-10 R20, 7 inch rim",6353
78.32,415.11,-4.14,-469.18,-235.43,0.01,22.76,35.11,0.09,0.0176,1.9929,12.14,44227.16,7.52,91.53,5.025,-0,-0.9998,118.45,119.97,118.78,25,Cornering,"Hoosier 43075 16x7.5-10 R20, 7 inch rim",6354
78.28,415.12,-5.22,-474.34,-237.98,0.016,22.09,36.12,0.03,0.0219,1.9932,12.08,159483.59,7.52,91.55,5.055,-0,-1,118.51,120.04,118.8,24.98,Cornering,"Hoosier 43075 16x7.5-10 R20, 7 inch rim",6355
78.29,415.13,-5.61,-480.57,-241.71,0.016,21.9,36.63,0.23,0.0232,1.9882,12.02,18063.99,7.52,91.56,5.103,-0,-0.9996,118.6,120.06,118.82,24.97,Cornering,"Hoosier 43075 16x7.5-10 R20, 7 inch rim",6356
78.32,415.14,-4.86,-486.8,-245.25,0.007,21.49,37.01,0.23,0.0198,1.9849,12.01,18054.63,7.52,91.6,5.135,-0,-0.9996,118.66,120.08,118.82,24.96,Cornering,"Hoosier 43075 16x7.5-10 R20, 7 inch rim",6357
78.3,415.15,-3.69,-492.56,-246.77,0.007,19.68,36.77,0.16,0.0149,1.996,12.06,25610.39,7.52,91.66,5.177,-0,-0.9997,118.73,120.15,118.82,24.94,Cornering,"Hoosier 43075 16x7.5-10 R20, 7 inch rim",6358
78.27,415.16,-2.15,-495.19,-246.89,-0,19.04,35.93,0.23,0.0087,2.0057,12.12,18039.7,7.52,91.72,5.214,-0,-0.9996,118.75,120.19,118.82,24.94,Cornering,"Hoosier 43075 16x7.5-10 R20, 7 inch rim",6359
78.3,415.17,-0.85,-495.34,-244.27,0.009,18.2,34.56,0.03,0.0035,2.0278,12.22,159208.52,7.52,91.75,5.257,-0,-1,118.75,120.3,118.68,24.94,Cornering,"Hoosier 43075 16x7.5-10 R20, 7 inch rim",6360
78.32,415.18,0.46,-493.44,-240.43,0.001,17.95,33.64,0.16,-0.0019,2.0524,12.25,25587.45,7.52,91.78,5.296,-0,-0.9997,118.77,120.3,118.66,24.93,Cornering,"Hoosier 43075 16x7.5-10 R20, 7 inch rim",6361
78.29,415.19,0.62,-490,-236.73,0.007,19,32.85,0.16,-0.0026,2.0699,12.23,25579.69,7.51,91.79,5.337,-0,-0.9997,118.77,120.37,118.66,24.92,Cornering,"Hoosier 43075 16x7.5-10 R20, 7 inch rim",6362
78.29,415.2,-0.13,-487.34,-234.24,0.014,20.71,32.93,0.23,0.0005,2.0806,12.17,18005.43,7.51,91.78,5.376,-0,-0.9996,118.77,120.39,118.59,24.9,Cornering,"Hoosier 43075 16x7.5-10 R20, 7 inch rim",6363
78.32,415.21,-1.21,-486.55,-233.36,0.012,22.44,33.76,0.03,0.0052,2.0849,12.1,158833.7,7.51,91.76,5.412,-0,-1,118.84,120.48,118.59,24.89,Cornering,"Hoosier 43075 16x7.5-10 R20, 7 inch rim",6364
78.31,415.22,-2.76,-488.87,-235.04,0.006,24.27,35.14,0.09,0.0118,2.0799,12.06,44020.47,7.51,91.74,5.463,-0,-0.9998,118.92,120.52,118.55,24.9,Cornering,"Hoosier 43075 16x7.5-10 R20, 7 inch rim",6365
78.27,415.23,-4.49,-493.7,-237.7,0.003,23.95,35.66,0.16,0.0189,2.077,12.06,25549.13,7.51,91.7,5.491,-0,-0.9997,119.07,120.61,118.55,24.9,Cornering,"Hoosier 43075 16x7.5-10 R20, 7 inch rim",6366
78.31,415.24,-4.92,-500.42,-241.68,0.013,23.53,36.63,-0.04,0.0204,2.0706,12.11,-98736.71,7.51,91.68,5.532,-0,-1.0001,119.14,120.63,118.55,24.9,Cornering,"Hoosier 43075 16x7.5-10 R20, 7 inch rim",6367
78.32,415.25,-4.73,-507.43,-244.9,0.006,22,36.91,0.03,0.0193,2.072,12.17,158973.53,7.51,91.7,5.574,-0,-1,119.16,120.65,118.57,24.92,Cornering,"Hoosier 43075 16x7.5-10 R20, 7 inch rim",6368
78.3,415.26,-3.94,-513.19,-247.05,0.004,20.75,36.59,0.09,0.0159,2.0773,12.19,44080.38,7.51,91.72,5.615,-0,-0.9998,119.22,120.74,118.57,24.94,Cornering,"Hoosier 43075 16x7.5-10 R20, 7 inch rim",6369
78.29,415.27,-2.74,-516.29,-248.12,0.004,20.98,35.61,0.03,0.011,2.0809,12.16,159098.17,7.5,91.74,5.655,-0,-1,119.22,120.81,118.55,24.94,Cornering,"Hoosier 43075 16x7.5-10 R20, 7 inch rim",6370
78.32,415.28,-1.31,-516.43,-245.29,0.001,19.69,34.43,0.09,0.0054,2.1054,12.08,44095.3,7.5,91.76,5.685,-0,-0.9998,119.16,120.89,118.55,24.95,Cornering,"Hoosier 43075 16x7.5-10 R20, 7 inch rim",6371
78.32,415.29,-0.53,-514.09,-241.55,0.014,19.45,32.75,0.03,0.0022,2.1283,12.01,159111.98,7.5,91.77,5.735,-0,-1,119.18,120.98,118.49,24.95,Cornering,"Hoosier 43075 16x7.5-10 R20, 7 inch rim",6372
78.29,415.3,0.19,-510.95,-237.65,0.012,19.91,32.02,0.09,-0.0008,2.15,11.98,44067.78,7.5,91.79,5.773,-0,-0.9998,119.14,121.07,118.43,24.94,Cornering,"Hoosier 43075 16x7.5-10 R20, 7 inch rim",6373
78.3,415.31,-0.35,-508.28,-234.58,0.007,21.22,31.47,0.16,0.0015,2.1668,12.01,25581.99,7.5,91.79,5.81,-0,-0.9997,119.14,121.05,118.37,24.94,Cornering,"Hoosier 43075 16x7.5-10 R20, 7 inch rim",6374
78.32,415.32,-1.82,-506.87,-233.66,0.014,23.26,31.95,0.09,0.0078,2.1693,12.08,44091.61,7.5,91.77,5.857,-0,-0.9998,119.24,121.11,118.33,24.96,Cornering,"Hoosier 43075 16x7.5-10 R20, 7 inch rim",6375
78.3,415.33,-3.48,-508.72,-235.54,0.01,25.64,32.78,0.16,0.0148,2.1598,12.17,25607.68,7.5,91.79,5.894,-0,-0.9997,119.39,121.25,118.33,24.97,Cornering,"Hoosier 43075 16x7.5-10 R20, 7 inch rim",6376
78.28,415.34,-4.88,-513.24,-237.95,0.004,25.64,33.78,0.16,0.0205,2.1569,12.24,25599.95,7.5,91.77,5.932,-0,-0.9997,119.5,121.29,118.37,24.97,Cornering,"Hoosier 43075 16x7.5-10 R20, 7 inch rim",6377
78.32,415.35,-5.5,-519.79,-240.96,0.007,24.22,34.67,0.09,0.0228,2.1572,12.24,44112.34,7.5,91.74,5.977,-0,-0.9998,119.56,121.31,118.41,24.97,Cornering,"Hoosier 43075 16x7.5-10 R20, 7 inch rim",6378
78.31,415.36,-5.34,-526.49,-244.39,0.003,23.12,35.05,0.16,0.0219,2.1543,12.18,25584.44,7.5,91.71,6.006,-0,-0.9997,119.65,121.31,118.47,24.96,Cornering,"Hoosier 43075 16x7.5-10 R20, 7 inch rim",6379
78.29,415.37,-4.43,-532.57,-247.3,-0,22.38,34.97,0.09,0.0179,2.1535,12.11,44064.74,7.5,91.72,6.056,-0,-0.9998,119.72,121.4,118.51,24.95,Cornering,"Hoosier 43075 16x7.5-10 R20, 7 inch rim",6380
78.29,415.38,-2.71,-536,-248.33,0.007,21.91,34.86,0.09,0.0109,2.1584,12.06,44041.1,7.49,91.71,6.093,-0,-0.9998,119.78,121.42,118.49,24.94,Cornering,"Hoosier 43075 16x7.5-10 R20, 7 inch rim",6381
78.32,415.39,-1.4,-536.3,-246.42,0.007,20.83,33.46,0.16,0.0057,2.1764,12.08,25554.88,7.49,91.72,6.123,-0,-0.9997,119.87,121.47,118.47,24.93,Cornering,"Hoosier 43075 16x7.5-10 R20, 7 inch rim",6382
78.3,415.4,-0.41,-533.32,-243.3,0.012,21.54,31.98,0.16,0.0017,2.192,12.14,25546.22,7.49,91.73,6.178,-0,-0.9997,119.91,121.53,118.39,24.93,Cornering,"Hoosier 43075 16x7.5-10 R20, 7 inch rim",6383
78.28,415.41,0.06,-529.41,-238.8,0.007,21.01,30.77,0.16,-0.0002,2.2169,12.2,25555.87,7.49,91.74,6.222,-0,-0.9997,119.91,121.6,118.31,24.94,Cornering,"Hoosier 43075 16x7.5-10 R20, 7 inch rim",6384
78.31,415.42,-0.36,-525.97,-236.39,0.013,23.19,30.17,0.09,0.0015,2.225,12.23,44036.46,7.49,91.74,6.265,-0,-0.9998,119.97,121.58,118.23,24.94,Cornering,"Hoosier 43075 16x7.5-10 R20, 7 inch rim",6385
78.31,415.43,-1.36,-524.38,-234.79,-0.002,24.96,30.64,0.09,0.0058,2.2333,12.2,44045.19,7.49,91.71,6.282,-0,-0.9998,119.99,121.64,118.19,24.95,Cornering,"Hoosier 43075 16x7.5-10 R20, 7 inch rim",6386
78.28,415.44,-2.91,-525.79,-234.98,0.012,25.64,31.78,0.09,0.0124,2.2376,12.13,44050.87,7.49,91.69,6.334,-0,-0.9998,120.12,121.78,118.11,24.96,Cornering,"Hoosier 43075 16x7.5-10 R20, 7 inch rim",6387
78.29,415.45,-4.31,-529.98,-237.43,0.001,26.51,32.76,0.09,0.0181,2.2321,12.06,44068.28,7.49,91.67,6.368,-0,-0.9998,120.17,121.93,118.13,24.97,Cornering,"Hoosier 43075 16x7.5-10 R20, 7 inch rim",6388
78.32,415.46,-4.96,-536.68,-240.98,-0.003,25.69,33.72,0.16,0.0206,2.2271,12,25587.59,7.49,91.68,6.414,-0,-0.9997,120.34,121.97,118.11,24.98,Cornering,"Hoosier 43075 16x7.5-10 R20, 7 inch rim",6389
78.3,415.47,-5.15,-543.25,-244.22,0.007,24.37,34,0.03,0.0211,2.2244,12.03,159183.88,7.48,91.68,6.46,-0,-1,120.36,122.04,118.13,25,Cornering,"Hoosier 43075 16x7.5-10 R20, 7 inch rim",6390
78.28,415.48,-4.67,-549.33,-247.24,0.01,23.44,33.75,0.09,0.0189,2.2218,12.08,44118.44,7.48,91.72,6.493,-0,-0.9998,120.4,122.15,118.21,25,Cornering,"Hoosier 43075 16x7.5-10 R20, 7 inch rim",6391
78.31,415.49,-3.26,-552.74,-248.64,0.003,23.29,33.3,0.23,0.0131,2.223,12.16,18024.48,7.48,91.75,6.534,-0,-0.9996,120.42,122.26,118.23,24.98,Cornering,"Hoosier 43075 16x7.5-10 R20, 7 inch rim",6392
78.32,415.5,-1.78,-553.05,-247.46,0.003,22.43,32.24,0.16,0.0072,2.2349,12.19,25585.07,7.48,91.8,6.574,-0,-0.9997,120.53,122.35,118.17,24.98,Cornering,"Hoosier 43075 16x7.5-10 R20, 7 inch rim",6393
78.29,415.51,-0.47,-550.54,-244.31,0.006,21.96,30.72,0.16,0.0019,2.2535,12.19,25588.7,7.48,91.85,6.617,-0,-0.9997,120.59,122.46,118.11,24.99,Cornering,"Hoosier 43075 16x7.5-10 R20, 7 inch rim",6394
78.29,415.52,0.06,-545.86,-240.07,0.009,22.25,29.33,0.09,-0.0003,2.2737,12.14,44083.5,7.48,91.89,6.65,-0,-0.9998,120.66,122.48,118.09,24.99,Cornering,"Hoosier 43075 16x7.5-10 R20, 7 inch rim",6395
78.33,415.53,-0.39,-541.93,-236.52,-0,23.25,28.13,0.16,0.0016,2.2913,12.06,25602.17,7.48,91.93,6.698,-0,-0.9997,120.72,122.5,118.01,25.01,Cornering,"Hoosier 43075 16x7.5-10 R20, 7 inch rim",6396
78.31,415.54,-1.37,-539.91,-234.55,0.012,24.86,28.09,0.09,0.0059,2.3019,12.03,44096.57,7.48,91.92,6.729,-0,-0.9998,120.87,122.55,117.93,25,Cornering,"Hoosier 43075 16x7.5-10 R20, 7 inch rim",6397
78.28,415.55,-2.83,-540.35,-234.54,0.006,26.57,28.83,0.16,0.0121,2.3039,12.08,25591.85,7.48,91.91,6.778,-0,-0.9997,121,122.59,117.87,25,Cornering,"Hoosier 43075 16x7.5-10 R20, 7 inch rim",6398
78.3,415.56,-4.32,-544.25,-236.81,0.009,27.36,29.85,0.03,0.0183,2.2982,12.14,159138.16,7.47,91.89,6.816,-0,-1,121.22,122.79,117.87,25.01,Cornering,"Hoosier 43075 16x7.5-10 R20, 7 inch rim",6399
78.32,415.57,-4.99,-550.17,-240.3,0.007,27.53,31.14,0.09,0.0207,2.2896,12.23,44095.11,7.47,91.93,6.852,-0,-0.9998,121.32,122.9,117.89,25.01,Cornering,"Hoosier 43075 16x7.5-10 R20, 7 inch rim",6400
78.3,415.58,-5.33,-557.34,-243.7,0.001,25.98,31.52,0.16,0.0219,2.287,12.27,25585.42,7.47,91.91,6.894,-0,-0.9997,121.45,122.94,117.93,25,Cornering,"Hoosier 43075 16x7.5-10 R20, 7 inch rim",6401
78.29,415.59,-5.02,-563.73,-246.55,-0.003,24.37,31.41,0.09,0.0204,2.2865,12.25,44036.02,7.47,91.92,6.935,-0,-0.9998,121.56,123.12,117.97,24.98,Cornering,"Hoosier 43075 16x7.5-10 R20, 7 inch rim",6402
78.31,415.6,-3.8,-567.63,-248.45,0.003,23.85,30.99,0.09,0.0153,2.2846,12.19,44012.25,7.47,91.94,6.97,-0,-0.9998,121.65,123.25,118.01,24.97,Cornering,"Hoosier 43075 16x7.5-10 R20, 7 inch rim",6403
78.31,415.61,-2.59,-567.78,-248.45,-0.003,23.61,29.53,0.16,0.0104,2.2853,12.11,25519.01,7.47,91.95,7.02,-0,-0.9997,121.77,123.45,118.01,24.94,Cornering,"Hoosier 43075 16x7.5-10 R20, 7 inch rim",6404
78.28,415.62,-1.1,-564.51,-246.07,0.009,23.43,28.07,0.09,0.0045,2.2941,12.04,43932.05,7.47,91.94,7.058,-0,-0.9998,121.8,123.54,117.95,24.93,Cornering,"Hoosier 43075 16x7.5-10 R20, 7 inch rim",6405
78.3,415.63,-0.18,-559.51,-242.02,0.007,23.13,26.94,0.03,0.0007,2.3119,12.03,158486.3,7.47,91.91,7.099,-0,-1,121.84,123.58,117.97,24.92,Cornering,"Hoosier 43075 16x7.5-10 R20, 7 inch rim",6406
78.32,415.64,-0.17,-554.98,-238.35,0.007,23.96,26.18,0.23,0.0007,2.3284,12.06,17942.66,7.47,91.89,7.133,-0,-0.9996,121.86,123.62,117.91,24.9,Cornering,"Hoosier 43075 16x7.5-10 R20, 7 inch rim",6407
78.3,415.65,-1.2,-552.46,-236.08,-0,25.7,26.14,0.09,0.0051,2.3401,12.14,43879.15,7.47,91.87,7.18,-0,-0.9998,121.93,123.73,117.85,24.9,Cornering,"Hoosier 43075 16x7.5-10 R20, 7 inch rim",6408
78.29,415.66,-2.68,-552.75,-235.98,-0.002,28.02,27.01,0.16,0.0114,2.3423,12.19,25477.84,7.47,91.88,7.22,-0,-0.9997,122.05,123.82,117.85,24.92,Cornering,"Hoosier 43075 16x7.5-10 R20, 7 inch rim",6409
78.31,415.67,-4.4,-556.19,-237.13,0.007,28.43,28.12,0.16,0.0186,2.3455,12.19,25481.43,7.46,91.85,7.26,-0,-0.9997,122.18,124.09,117.77,24.92,Cornering,"Hoosier 43075 16x7.5-10 R20, 7 inch rim",6410
78.32,415.68,-5.65,-562.43,-239.94,0.012,28.14,29.1,0.16,0.0236,2.3441,12.15,25485.09,7.46,91.87,7.299,-0,-0.9997,122.33,124.35,117.71,24.93,Cornering,"Hoosier 43075 16x7.5-10 R20, 7 inch rim",6411
78.29,415.69,-5.79,-569.74,-243.03,-0.009,26.24,29.99,0.09,0.0238,2.3443,12.09,43893.75,7.46,91.86,7.339,-0,-0.9998,122.44,124.55,117.69,24.92,Cornering,"Hoosier 43075 16x7.5-10 R20, 7 inch rim",6412
78.29,415.7,-5.56,-576.61,-246.64,0.001,24.86,29.94,0.16,0.0225,2.3379,12.05,25492.27,7.46,91.84,7.378,-0,-0.9997,122.59,124.72,117.71,24.94,Cornering,"Hoosier 43075 16x7.5-10 R20, 7 inch rim",6413
78.32,415.71,-4.18,-581.14,-248.75,0.003,23.5,29.63,0.23,0.0168,2.3362,12.04,17964.15,7.46,91.83,7.421,-0,-0.9996,122.7,124.92,117.77,24.95,Cornering,"Hoosier 43075 16x7.5-10 R20, 7 inch rim",6414
78.3,415.72,-3.02,-580.98,-250.3,0.004,24.81,28.3,0.09,0.012,2.3212,12.1,43962.59,7.46,91.81,7.464,-0,-0.9998,122.76,125.19,117.75,24.97,Cornering,"Hoosier 43075 16x7.5-10 R20, 7 inch rim",6415
78.29,415.73,-1.35,-577.4,-248.24,0.01,24.15,26.84,0.03,0.0054,2.3259,12.2,158672.61,7.46,91.84,7.495,-0,-1,122.87,125.3,117.71,24.97,Cornering,"Hoosier 43075 16x7.5-10 R20, 7 inch rim",6416
78.31,415.74,-0.64,-571.78,-244.61,0.01,24.34,25.14,0.09,0.0026,2.3375,12.25,43955.57,7.46,91.84,7.531,-0,-0.9998,123,125.36,117.69,24.97,Cornering,"Hoosier 43075 16x7.5-10 R20, 7 inch rim",6417
78.33,415.75,0.08,-566.31,-240.91,0.007,25.3,24.6,0.09,-0.0003,2.3508,12.25,43950.91,7.46,91.86,7.575,-0,-0.9998,123.06,125.45,117.73,24.97,Cornering,"Hoosier 43075 16x7.5-10 R20, 7 inch rim",6418
78.29,415.76,-0.66,-562.86,-238.22,0.001,27.26,24.3,0.03,0.0028,2.3628,12.22,158518.73,7.46,91.84,7.61,-0,-1,123.11,125.45,117.67,24.96,Cornering,"Hoosier 43075 16x7.5-10 R20, 7 inch rim",6419
78.29,415.77,-2.06,-562.69,-236.17,-0,27.64,24.87,0.16,0.0087,2.3825,12.14,25463.6,7.46,91.82,7.656,-0,-0.9997,123.3,125.54,117.6,24.93,Cornering,"Hoosier 43075 16x7.5-10 R20, 7 inch rim",6420
78.31,415.78,-3.86,-565.81,-237.57,0.007,28.87,25.63,0.23,0.0163,2.3816,12.05,17948.11,7.45,91.77,7.697,-0,-0.9996,123.43,125.72,117.56,24.94,Cornering,"Hoosier 43075 16x7.5-10 R20, 7 inch rim",6421
78.32,415.79,-5.31,-571.57,-239.87,0.004,28.27,26.54,0.16,0.0221,2.3828,12,25488.49,7.45,91.76,7.731,-0,-0.9997,123.62,125.91,117.56,24.96,Cornering,"Hoosier 43075 16x7.5-10 R20, 7 inch rim",6422
78.29,415.8,-6.14,-578.59,-243.33,0.004,26.85,27.17,0.16,0.0252,2.3778,12.03,25521.33,7.45,91.75,7.774,-0,-0.9997,123.79,126.11,117.58,24.99,Cornering,"Hoosier 43075 16x7.5-10 R20, 7 inch rim",6423
78.3,415.81,-6.07,-585.3,-246.7,0.006,25.4,27.25,0.23,0.0246,2.3725,12.11,17984.7,7.45,91.72,7.813,-0,-0.9996,123.88,126.29,117.69,25,Cornering,"Hoosier 43075 16x7.5-10 R20, 7 inch rim",6424
78.33,415.82,-5.08,-588.88,-248.93,-0.007,24.53,26.79,0.16,0.0204,2.3656,12.19,25528.38,7.45,91.69,7.85,-0,-0.9997,124.03,126.53,117.75,25,Cornering,"Hoosier 43075 16x7.5-10 R20, 7 inch rim",6425
78.3,415.83,-3.42,-589.21,-250.79,0.007,24.69,26.13,0.09,0.0137,2.3494,12.19,43966.95,7.45,91.68,7.9,-0,-0.9998,124.11,126.73,117.83,25,Cornering,"Hoosier 43075 16x7.5-10 R20, 7 inch rim",6426
78.29,415.84,-1.79,-585.16,-249.9,0.009,25.14,24.74,0.03,0.0072,2.3415,12.17,158573.27,7.45,91.72,7.942,-0,-1,124.18,126.86,117.81,24.98,Cornering,"Hoosier 43075 16x7.5-10 R20, 7 inch rim",6427
78.32,415.85,-0.6,-578.93,-247.13,0.01,25.7,23.35,0.09,0.0024,2.3426,12.13,43908.72,7.44,91.72,7.966,-0,-0.9998,124.26,127.01,117.73,24.97,Cornering,"Hoosier 43075 16x7.5-10 R20, 7 inch rim",6428
78.31,415.86,0.12,-573.3,-243.29,0.001,26.26,22.46,0.09,-0.0005,2.3564,12.07,43903.64,7.45,91.74,8.012,-0,-0.9998,124.39,127.12,117.67,24.97,Cornering,"Hoosier 43075 16x7.5-10 R20, 7 inch rim",6429
78.29,415.87,-0.05,-570.18,-239.94,0.014,26.64,22.37,0.09,0.0002,2.3764,12.07,43858.4,7.44,91.73,8.052,-0,-0.9998,124.48,127.15,117.6,24.94,Cornering,"Hoosier 43075 16x7.5-10 R20, 7 inch rim",6430
78.3,415.88,-1.32,-569.84,-238.22,0.003,27.7,22.81,0.16,0.0055,2.392,12.12,25447.67,7.45,91.76,8.094,-0,-0.9997,124.65,127.3,117.52,24.94,Cornering,"Hoosier 43075 16x7.5-10 R20, 7 inch rim",6431
78.33,415.89,-3,-573.25,-238.34,0.004,28.87,23.8,0.16,0.0126,2.4052,12.2,25451.25,7.45,91.78,8.129,-0,-0.9997,124.84,127.48,117.48,24.94,Cornering,"Hoosier 43075 16x7.5-10 R20, 7 inch rim",6432
78.29,415.9,-4.85,-578.71,-240.53,0.01,29.41,24.77,0.16,0.0202,2.406,12.25,25478.19,7.44,91.75,8.17,-0,-0.9997,125.08,127.72,117.48,24.97,Cornering,"Hoosier 43075 16x7.5-10 R20, 7 inch rim",6433
78.29,415.91,-6.17,-585.72,-242.86,0.006,27.6,25.08,0.03,0.0254,2.4118,12.25,158501.11,7.44,91.74,8.211,-0,-1,125.27,127.94,117.6,24.99,Cornering,"Hoosier 43075 16x7.5-10 R20, 7 inch rim",6434
78.31,415.92,-6.11,-592.42,-245.69,-0.002,25.52,25.43,0.03,0.0249,2.4113,12.22,158524.89,7.44,91.73,8.243,-0,-1,125.38,128.14,117.69,25,Cornering,"Hoosier 43075 16x7.5-10 R20, 7 inch rim",6435
78.31,415.93,-5.71,-596.8,-248.75,0.007,24.71,24.75,0.16,0.0229,2.3992,12.13,25481.85,7.44,91.7,8.293,-0,-0.9997,125.55,128.29,117.77,24.98,Cornering,"Hoosier 43075 16x7.5-10 R20, 7 inch rim",6436
78.28,415.94,-4.3,-597.43,-251.21,0.007,25.56,23.88,0.16,0.0171,2.3782,12.03,25485.08,7.44,91.71,8.333,-0,-0.9997,125.66,128.51,117.85,24.99,Cornering,"Hoosier 43075 16x7.5-10 R20, 7 inch rim",6437
78.28,415.95,-2.51,-593.84,-250.51,-0,26,22.58,0.03,0.01,2.3706,11.98,158546.59,7.44,91.7,8.367,-0,-1,125.72,128.66,117.85,25.01,Cornering,"Hoosier 43075 16x7.5-10 R20, 7 inch rim",6438
78.32,415.96,-1.37,-587.92,-248.45,0.003,26.52,21.08,0.09,0.0055,2.3664,11.98,43959.14,7.44,91.71,8.419,-0,-0.9998,125.85,128.84,117.79,25.03,Cornering,"Hoosier 43075 16x7.5-10 R20, 7 inch rim",6439
78.29,415.97,-0.65,-581.53,-245.43,0.007,27.53,19.92,0.09,0.0027,2.3695,12.03,43964.96,7.44,91.68,8.456,-0,-0.9998,125.96,128.91,117.77,25.03,Cornering,"Hoosier 43075 16x7.5-10 R20, 7 inch rim",6440
78.27,415.98,-0.49,-577.77,-241.38,-0.005,27.03,19.56,0.16,0.002,2.3936,12.14,25509.77,7.44,91.7,8.492,-0,-0.9997,126.02,128.97,117.75,25.03,Cornering,"Hoosier 43075 16x7.5-10 R20, 7 inch rim",6441
78.3,415.99,-1.29,-576.67,-239.3,-0.003,27.82,19.83,0.23,0.0054,2.4098,12.21,17951.42,7.44,91.72,8.53,-0,-0.9996,126.15,129.1,117.65,25,Cornering,"Hoosier 43075 16x7.5-10 R20, 7 inch rim",6442
78.29,416,-2.85,-579.3,-239.06,-0.003,28.67,20.72,0.09,0.0119,2.4233,12.21,43838.96,7.44,91.73,8.575,-0,-0.9998,126.39,129.37,117.6,24.97,Cornering,"Hoosier 43075 16x7.5-10 R20, 7 inch rim",6443
78.27,416.01,-4.2,-584.43,-240.03,-0.003,28.63,21.98,0.09,0.0175,2.4348,12.17,43794.68,7.44,91.74,8.605,-0,-0.9998,126.65,129.63,117.58,24.94,Cornering,"Hoosier 43075 16x7.5-10 R20, 7 inch rim",6444
78.27,416.02,-5.66,-590.83,-242.89,0.006,28.1,22.42,0.09,0.0233,2.4325,12.11,43788.71,7.44,91.73,8.655,-0,-0.9998,126.9,129.85,117.6,24.94,Cornering,"Hoosier 43075 16x7.5-10 R20, 7 inch rim",6445
78.3,416.03,-6.05,-597.07,-245.7,0.003,26.79,22.91,0.09,0.0246,2.4301,12.08,43804.93,7.43,91.71,8.689,-0,-0.9998,127.12,130.1,117.67,24.96,Cornering,"Hoosier 43075 16x7.5-10 R20, 7 inch rim",6446
78.29,416.04,-5.81,-601.42,-248.78,-0.012,26.36,22.62,0.16,0.0234,2.4175,12.1,25451.66,7.44,91.69,8.734,-0,-0.9997,127.25,130.23,117.65,24.98,Cornering,"Hoosier 43075 16x7.5-10 R20, 7 inch rim",6447
78.26,416.05,-4.93,-602.69,-250.22,-0,25.64,21.9,0.16,0.0197,2.4086,12.14,25460.85,7.43,91.61,8.771,-0,-0.9997,127.4,130.45,117.69,25,Cornering,"Hoosier 43075 16x7.5-10 R20, 7 inch rim",6448
78.27,416.06,-3.42,-600.2,-250.68,0.007,26.6,20.95,0.03,0.0137,2.3943,12.19,158396.98,7.43,91.59,8.801,-0,-1,127.55,130.65,117.71,25.01,Cornering,"Hoosier 43075 16x7.5-10 R20, 7 inch rim",6449
78.29,416.07,-1.97,-594.75,-249.82,0.003,27.85,19.7,0.16,0.0079,2.3807,12.19,25461.48,7.43,91.59,8.845,-0,-0.9997,127.63,130.87,117.6,25,Cornering,"Hoosier 43075 16x7.5-10 R20, 7 inch rim",6450
78.26,416.08,-0.94,-588.83,-247.03,0.006,28.23,18.8,0.09,0.0038,2.3837,12.17,43851.93,7.43,91.61,8.888,-0,-0.9998,127.78,131.02,117.54,25,Cornering,"Hoosier 43075 16x7.5-10 R20, 7 inch rim",6451
78.25,416.09,-0.47,-584.62,-243.54,0.006,28.01,18.44,0.16,0.0019,2.4005,12.11,25437.54,7.43,91.66,8.933,-0,-0.9997,127.89,131.13,117.56,24.98,Cornering,"Hoosier 43075 16x7.5-10 R20, 7 inch rim",6452
78.29,416.1,-0.96,-583.21,-241.3,0.01,28.2,18.68,0.09,0.004,2.4169,12.04,43790.49,7.43,91.72,8.974,-0,-0.9998,127.93,131.28,117.5,24.97,Cornering,"Hoosier 43075 16x7.5-10 R20, 7 inch rim",6453
78.28,416.11,-2.39,-585.22,-240.37,0.007,28.35,19.14,0.16,0.0099,2.4346,11.98,25419.97,7.43,91.77,9.013,-0,-0.9997,128.13,131.5,117.48,24.97,Cornering,"Hoosier 43075 16x7.5-10 R20, 7 inch rim",6454
78.24,416.12,-4.03,-589.73,-241.24,0.004,28.35,20.01,0.09,0.0167,2.4446,12,43800.11,7.43,91.81,9.06,-0,-0.9998,128.36,131.86,117.4,24.98,Cornering,"Hoosier 43075 16x7.5-10 R20, 7 inch rim",6455
78.26,416.13,-5.37,-595.17,-242.92,0.001,28.31,20.63,0.23,0.0221,2.45,12.06,17902.87,7.43,91.9,9.087,-0,-0.9996,128.66,132.16,117.44,24.97,Cornering,"Hoosier 43075 16x7.5-10 R20, 7 inch rim",6456
78.28,416.14,-5.95,-601.1,-245.43,0.006,27.26,21.12,0.16,0.0242,2.4492,12.15,25405.42,7.43,91.94,9.132,-0,-0.9997,128.88,132.3,117.56,24.97,Cornering,"Hoosier 43075 16x7.5-10 R20, 7 inch rim",6457
78.25,416.15,-5.84,-605.46,-248.59,0.004,27.02,20.96,0.09,0.0235,2.4356,12.22,43755.92,7.43,92,9.169,-0,-0.9998,129.05,132.45,117.65,24.96,Cornering,"Hoosier 43075 16x7.5-10 R20, 7 inch rim",6458
78.25,416.16,-4.98,-607.5,-250.28,0.004,26.4,20.31,0.09,0.0199,2.4272,12.21,43740.32,7.42,92.02,9.212,-0,-0.9998,129.22,132.58,117.73,24.96,Cornering,"Hoosier 43075 16x7.5-10 R20, 7 inch rim",6459
78.27,416.17,-3.41,-605.79,-251.29,0.007,26.48,19.46,0.03,0.0136,2.4107,12.16,157787.09,7.42,92.03,9.259,-0,-1,129.41,132.74,117.75,24.95,Cornering,"Hoosier 43075 16x7.5-10 R20, 7 inch rim",6460
78.26,416.18,-1.89,-600.65,-250.95,0.004,27.94,18.32,0.09,0.0075,2.3935,12.08,43709.95,7.42,92.02,9.291,-0,-0.9998,129.5,133,117.69,24.94,Cornering,"Hoosier 43075 16x7.5-10 R20, 7 inch rim",6461
78.23,416.19,-0.83,-595.05,-248.26,0.006,27.39,17.32,0.09,0.0033,2.3969,12.06,43714.22,7.42,92.05,9.337,-0,-0.9998,129.63,133.13,117.65,24.95,Cornering,"Hoosier 43075 16x7.5-10 R20, 7 inch rim",6462
78.24,416.2,-0.39,-590.68,-244.94,0.009,27.63,16.76,0.09,0.0016,2.4116,12.06,43719.2,7.42,92.09,9.377,-0,-0.9998,129.76,133.33,117.58,24.96,Cornering,"Hoosier 43075 16x7.5-10 R20, 7 inch rim",6463
78.26,416.21,-0.81,-588.79,-242.78,0.004,28.43,16.75,0.03,0.0033,2.4252,12.14,157827.17,7.42,92.12,9.41,-0,-1,129.93,133.46,117.6,24.97,Cornering,"Hoosier 43075 16x7.5-10 R20, 7 inch rim",6464
78.24,416.22,-1.97,-589.71,-241.6,-0,28.98,17.26,0.09,0.0082,2.4409,12.23,43729.46,7.42,92.15,9.454,-0,-0.9998,130.12,133.73,117.52,24.97,Cornering,"Hoosier 43075 16x7.5-10 R20, 7 inch rim",6465
78.23,416.23,-3.65,-592.83,-241.23,0.013,28.83,17.97,0.03,0.0151,2.4576,12.24,157712.81,7.42,92.17,9.497,-0,-1,130.49,134.06,117.48,24.96,Cornering,"Hoosier 43075 16x7.5-10 R20, 7 inch rim",6466
78.26,416.24,-5.1,-597.81,-243.03,0.012,28.75,18.89,0.23,0.021,2.4598,12.21,17858.87,7.42,92.2,9.53,-0,-0.9996,130.85,134.34,117.52,24.94,Cornering,"Hoosier 43075 16x7.5-10 R20, 7 inch rim",6467
78.26,416.25,-5.81,-602.95,-245.15,-0,27.52,19.37,0.09,0.0237,2.4595,12.15,43663.51,7.42,92.21,9.57,-0,-0.9998,131.13,134.59,117.62,24.94,Cornering,"Hoosier 43075 16x7.5-10 R20, 7 inch rim",6468
78.22,416.26,-5.89,-607.78,-248.29,-0.003,27.03,19.48,0.16,0.0237,2.4478,12.07,25340.08,7.42,92.2,9.61,-0,-0.9997,131.43,134.7,117.75,24.94,Cornering,"Hoosier 43075 16x7.5-10 R20, 7 inch rim",6469
78.23,416.27,-5.45,-610.29,-250.9,-0,26.97,18.87,0.16,0.0217,2.4324,12,25354.55,7.42,92.19,9.652,-0,-0.9997,131.75,134.87,117.85,24.96,Cornering,"Hoosier 43075 16x7.5-10 R20, 7 inch rim",6470
78.26,416.28,-3.9,-610,-253.13,0.017,27.97,18.52,0.16,0.0154,2.4098,11.97,25380.45,7.42,92.18,9.697,-0,-0.9997,131.9,135.03,117.93,24.98,Cornering,"Hoosier 43075 16x7.5-10 R20, 7 inch rim",6471
78.24,416.29,-2.65,-606.4,-252.38,-0.002,28,17.27,0.23,0.0105,2.4028,12.02,17876.96,7.42,92.17,9.732,-0,-0.9996,132.12,135.27,117.93,24.98,Cornering,"Hoosier 43075 16x7.5-10 R20, 7 inch rim",6472
78.23,416.3,-1.33,-601.26,-249.85,-0.005,27.94,16.42,0.09,0.0053,2.4064,12.09,43707.82,7.42,92.17,9.77,-0,-0.9998,132.35,135.47,117.87,24.98,Cornering,"Hoosier 43075 16x7.5-10 R20, 7 inch rim",6473
78.25,416.31,-0.2,-597.21,-247.33,0.004,28.09,16.23,0.16,0.0008,2.4146,12.14,25360.07,7.42,92.16,9.808,-0,-0.9997,132.57,135.71,117.81,24.97,Cornering,"Hoosier 43075 16x7.5-10 R20, 7 inch rim",6474
78.26,416.32,-0.8,-594.69,-243.76,-0.005,27.76,15.21,0.09,0.0033,2.4397,12.14,43666.16,7.42,92.15,9.853,-0,-0.9998,132.78,135.88,117.77,24.96,Cornering,"Hoosier 43075 16x7.5-10 R20, 7 inch rim",6475
78.23,416.33,-1.53,-594.54,-242.12,0.013,28.26,15.68,0.16,0.0063,2.4556,12.1,25317.77,7.41,92.12,9.896,-0,-0.9997,132.97,136.1,117.67,24.94,Cornering,"Hoosier 43075 16x7.5-10 R20, 7 inch rim",6476
78.23,416.34,-3.02,-596.85,-241.85,0.001,28.94,16,0.09,0.0125,2.4679,12.06,43626.59,7.42,92.12,9.921,-0,-0.9998,133.38,136.41,117.65,24.94,Cornering,"Hoosier 43075 16x7.5-10 R20, 7 inch rim",6477
78.26,416.35,-4.22,-600.59,-243.04,0.001,29.32,17.06,0.09,0.0174,2.4711,12.02,43621.11,7.42,92.11,9.961,-0,-0.9998,133.77,136.76,117.65,24.94,Cornering,"Hoosier 43075 16x7.5-10 R20, 7 inch rim",6478
78.25,416.36,-5.29,-605.43,-244.91,0.01,28.78,17.78,-0.04,0.0216,2.4721,11.97,-97837.76,7.41,92.08,10.009,-0,-1.0001,134.05,136.99,117.71,24.94,Cornering,"Hoosier 43075 16x7.5-10 R20, 7 inch rim",6479
78.22,416.37,-5.54,-609.62,-247.29,-0.009,27.82,17.99,0.16,0.0224,2.4653,11.99,25293.81,7.42,92.08,10.05,-0,-0.9997,134.33,137.12,117.77,24.93,Cornering,"Hoosier 43075 16x7.5-10 R20, 7 inch rim",6480
78.25,416.38,-5.56,-612.3,-250.57,0.013,28.24,17.37,-0.04,0.0222,2.4437,12.04,-97767.89,7.41,92.1,10.088,-0,-1.0001,134.5,137.25,117.95,24.93,Cornering,"Hoosier 43075 16x7.5-10 R20, 7 inch rim",6481
78.27,416.39,-4.52,-612.15,-252.61,0.003,28.62,16.89,0.16,0.0179,2.4233,12.07,25292.89,7.41,92.12,10.134,-0,-0.9997,134.63,137.45,118.03,24.93,Cornering,"Hoosier 43075 16x7.5-10 R20, 7 inch rim",6482
78.23,416.4,-3.36,-609.2,-252.62,-0,28,15.7,0.03,0.0133,2.4115,12.08,157457.81,7.41,92.15,10.168,-0,-1,134.73,137.65,118.05,24.97,Cornering,"Hoosier 43075 16x7.5-10 R20, 7 inch rim",6483
78.23,416.41,-1.77,-604.08,-252.4,0.016,28.87,15.3,0.03,0.007,2.3934,12.04,157539.92,7.41,92.22,10.223,-0,-1,134.95,137.78,118.03,24.98,Cornering,"Hoosier 43075 16x7.5-10 R20, 7 inch rim",6484
78.26,416.42,-0.65,-598.77,-249.56,0.004,28.95,14.68,0.09,0.0026,2.3993,11.97,43651.4,7.41,92.25,10.253,-0,-0.9998,135.14,138.04,117.93,24.98,Cornering,"Hoosier 43075 16x7.5-10 R20, 7 inch rim",6485
78.26,416.43,-0.36,-595.8,-246.12,-0.002,27.96,14.27,0.16,0.0014,2.4207,11.92,25326.85,7.41,92.28,10.294,-0,-0.9997,135.33,138.15,117.81,24.98,Cornering,"Hoosier 43075 16x7.5-10 R20, 7 inch rim",6486
78.23,416.44,-1.01,-594.86,-244.23,0.007,29.04,14.18,0.09,0.0042,2.4357,11.92,43651.18,7.41,92.29,10.326,-0,-0.9998,135.66,138.37,117.75,24.99,Cornering,"Hoosier 43075 16x7.5-10 R20, 7 inch rim",6487
78.25,416.45,-2.38,-596.56,-243.67,0.009,29.72,14.47,0.03,0.0098,2.4482,11.97,157573.34,7.41,92.3,10.372,-0,-1,135.96,138.59,117.62,25,Cornering,"Hoosier 43075 16x7.5-10 R20, 7 inch rim",6488
78.27,416.46,-3.72,-599.81,-244.08,-0.002,30.03,15.25,0.09,0.0152,2.4574,12.04,43669.08,7.41,92.33,10.413,-0,-0.9998,136.32,138.97,117.52,25.01,Cornering,"Hoosier 43075 16x7.5-10 R20, 7 inch rim",6489
78.25,416.47,-5.03,-604.35,-245.39,0.013,29.07,15.84,0.16,0.0205,2.4628,12.09,25337.65,7.41,92.35,10.448,-0,-0.9997,136.6,139.19,117.56,25,Cornering,"Hoosier 43075 16x7.5-10 R20, 7 inch rim",6490
78.25,416.48,-5.41,-608.85,-248.19,0.001,28.94,16.17,0.09,0.0218,2.4532,12.08,43608.39,7.41,92.39,10.483,-0,-0.9998,136.84,139.27,117.67,24.98,Cornering,"Hoosier 43075 16x7.5-10 R20, 7 inch rim",6491
78.27,416.49,-5.62,-612.29,-250.78,0.001,28.06,15.73,0.09,0.0224,2.4415,12.03,43551.18,7.41,92.4,10.529,-0,-0.9998,137.03,139.41,117.75,24.95,Cornering,"Hoosier 43075 16x7.5-10 R20, 7 inch rim",6492
78.27,416.5,-4.97,-613.4,-252.84,0.006,27.72,15.04,0.03,0.0196,2.426,11.99,157032.5,7.41,92.42,10.569,-0,-1,137.16,139.6,117.87,24.93,Cornering,"Hoosier 43075 16x7.5-10 R20, 7 inch rim",6493
78.24,416.51,-3.62,-611.38,-254.17,0.003,28.13,14.21,0.16,0.0143,2.4054,11.95,25271.45,7.41,92.43,10.607,-0,-0.9997,137.29,139.78,117.91,24.95,Cornering,"Hoosier 43075 16x7.5-10 R20, 7 inch rim",6494
78.26,416.52,-2.32,-607.02,-253.8,0.003,29,13.16,0.09,0.0091,2.3917,11.96,43594.8,7.41,92.45,10.647,-0,-0.9998,137.42,139.93,117.93,24.98,Cornering,"Hoosier 43075 16x7.5-10 R20, 7 inch rim",6495
78.28,416.53,-0.8,-601.57,-251.78,0.001,29.55,12.88,0.09,0.0032,2.3893,12.02,43647.69,7.41,92.43,10.7,-0,-0.9998,137.65,140.18,117.93,25.02,Cornering,"Hoosier 43075 16x7.5-10 R20, 7 inch rim",6496
78.26,416.54,-0.6,-597.67,-248.38,-0.002,28.6,11.82,0.23,0.0024,2.4063,12.07,17843.77,7.41,92.41,10.738,-0,-0.9996,137.87,140.35,117.93,25.02,Cornering,"Hoosier 43075 16x7.5-10 R20, 7 inch rim",6497
78.25,416.55,-0.8,-595.49,-246.2,0.01,28.77,11.81,0.16,0.0033,2.4187,12.1,25310.6,7.4,92.4,10.767,-0,-0.9997,138.17,140.51,117.95,25,Cornering,"Hoosier 43075 16x7.5-10 R20, 7 inch rim",6498
78.28,416.56,-2.19,-595.17,-244.89,0.009,29.56,11.75,0.09,0.0089,2.4303,12.1,43557.85,7.4,92.4,10.829,-0,-0.9998,138.57,140.79,117.95,24.98,Cornering,"Hoosier 43075 16x7.5-10 R20, 7 inch rim",6499
78.28,416.57,-4.05,-597.34,-244.85,0.006,29.88,12.02,0.16,0.0166,2.4396,12.03,25273.99,7.4,92.39,10.851,-0,-0.9997,138.94,141.1,117.93,24.97,Cornering,"Hoosier 43075 16x7.5-10 R20, 7 inch rim",6500
78.25,416.58,-5.33,-601.09,-246.46,0.014,29.72,13,0.16,0.0216,2.4388,11.95,25258.9,7.4,92.43,10.89,-0,-0.9997,139.26,141.39,117.99,24.96,Cornering,"Hoosier 43075 16x7.5-10 R20, 7 inch rim",6501
78.26,416.59,-6.4,-605.29,-248.98,0.007,29.52,13.32,0.09,0.0257,2.4311,11.89,43541.59,7.4,92.46,10.937,-0,-0.9998,139.54,141.52,118.13,24.98,Cornering,"Hoosier 43075 16x7.5-10 R20, 7 inch rim",6502
78.28,416.6,-6.46,-608.57,-251.34,0.007,28.83,13.33,0.16,0.0257,2.4213,11.92,25262.65,7.4,92.48,10.982,-0,-0.9997,139.8,141.61,118.25,24.97,Cornering,"Hoosier 43075 16x7.5-10 R20, 7 inch rim",6503
78.27,416.61,-5.78,-610.3,-253.57,0.014,28.17,12.88,0.16,0.0228,2.4068,11.99,25271.24,7.4,92.5,11.018,-0,-0.9997,139.9,141.74,118.35,24.98,Cornering,"Hoosier 43075 16x7.5-10 R20, 7 inch rim",6504
78.25,416.62,-4.51,-609.36,-255.12,-0.006,28.32,11.96,0.09,0.0177,2.3886,12.11,43524.3,7.4,92.53,11.052,-0,-0.9998,140.08,141.96,118.45,24.98,Cornering,"Hoosier 43075 16x7.5-10 R20, 7 inch rim",6505
78.28,416.63,-2.63,-605.33,-255.31,0.009,28.91,11.62,0.03,0.0103,2.3709,12.19,156969.48,7.4,92.54,11.095,-0,-1,140.23,142.09,118.47,24.97,Cornering,"Hoosier 43075 16x7.5-10 R20, 7 inch rim",6506
78.29,416.64,-0.76,-600.35,-253.54,0.01,28.93,11.53,0.09,0.003,2.3679,12.19,43490.14,7.4,92.53,11.144,-0,-0.9998,140.46,142.33,118.41,24.97,Cornering,"Hoosier 43075 16x7.5-10 R20, 7 inch rim",6507
78.26,416.65,0.15,-596.3,-250.64,0.009,28.53,11.03,0.16,-0.0006,2.3791,12.15,25227.5,7.4,92.48,11.181,-0,-0.9997,140.68,142.51,118.41,24.96,Cornering,"Hoosier 43075 16x7.5-10 R20, 7 inch rim",6508
78.27,416.66,0.08,-593.33,-248.07,0.007,28.93,10.57,0.09,-0.0003,2.3918,12.08,43458.98,7.4,92.4,11.215,-0,-0.9998,140.96,142.71,118.37,24.96,Cornering,"Hoosier 43075 16x7.5-10 R20, 7 inch rim",6509
78.3,416.67,-1.03,-592.68,-245.9,-0.007,28.84,10.5,0.03,0.0042,2.4102,12.03,156771.52,7.4,92.33,11.255,-0,-1,141.3,142.95,118.29,24.95,Cornering,"Hoosier 43075 16x7.5-10 R20, 7 inch rim",6510
78.28,416.68,-2.5,-594.09,-245.68,0.009,29.09,10.82,0.09,0.0102,2.4181,12.02,43416.12,7.4,92.28,11.297,-0,-0.9998,141.64,143.26,118.23,24.94,Cornering,"Hoosier 43075 16x7.5-10 R20, 7 inch rim",6511
78.26,416.69,-3.93,-597.19,-247,0.001,29.96,11.59,0.16,0.0159,2.4178,12.08,25189.85,7.4,92.25,11.34,-0,-0.9997,141.96,143.52,118.23,24.93,Cornering,"Hoosier 43075 16x7.5-10 R20, 7 inch rim",6512
78.28,416.7,-5.13,-601.1,-248.66,0.004,29.14,12.03,0.09,0.0206,2.4173,12.12,43383.71,7.4,92.24,11.375,-0,-0.9998,142.22,143.76,118.33,24.93,Cornering,"Hoosier 43075 16x7.5-10 R20, 7 inch rim",6513
78.3,416.71,-5.76,-604.85,-251.79,0.013,29.32,12.3,0.16,0.0229,2.4023,12.13,25195.08,7.4,92.26,11.411,-0,-0.9997,142.31,143.79,118.51,24.94,Cornering,"Hoosier 43075 16x7.5-10 R20, 7 inch rim",6514
78.27,416.72,-5.79,-607.33,-253.72,-0.006,28.61,11.8,0.09,0.0228,2.3937,12.09,43400.54,7.4,92.3,11.461,-0,-0.9998,142.39,143.85,118.72,24.94,Cornering,"Hoosier 43075 16x7.5-10 R20, 7 inch rim",6515
78.27,416.73,-5.02,-607.51,-255.6,0.001,28.45,11.03,0.03,0.0196,2.3768,12.03,156602.31,7.4,92.32,11.491,-0,-1,142.54,144.01,118.86,24.94,Cornering,"Hoosier 43075 16x7.5-10 R20, 7 inch rim",6516
78.3,416.74,-3.4,-604.87,-256.24,0.007,28.68,10.61,0.09,0.0133,2.3606,11.97,43368.89,7.4,92.36,11.534,-0,-0.9998,142.72,144.25,118.88,24.93,Cornering,"Hoosier 43075 16x7.5-10 R20, 7 inch rim",6517
78.29,416.75,-2.2,-600.05,-255.59,0.003,29.27,9.51,0.09,0.0086,2.3477,11.98,43383.62,7.4,92.4,11.569,-0,-0.9998,142.89,144.42,118.82,24.94,Cornering,"Hoosier 43075 16x7.5-10 R20, 7 inch rim",6518
78.27,416.76,-0.88,-595.53,-253.18,0.003,29.01,8.67,0.16,0.0035,2.3522,12.03,25194.56,7.4,92.46,11.609,-0,-0.9997,143.25,144.67,118.76,24.96,Cornering,"Hoosier 43075 16x7.5-10 R20, 7 inch rim",6519
78.28,416.77,-1.51,-591.93,-250.62,0.003,29.38,6.83,0.09,0.006,2.3619,12.1,43421.95,7.4,92.52,11.645,-0,-0.9998,143.53,144.8,118.72,24.97,Cornering,"Hoosier 43075 16x7.5-10 R20, 7 inch rim",6520
78.3,416.78,-3.06,-589.89,-248.65,-0.002,30.34,5.12,0.16,0.0123,2.3724,12.19,25206.28,7.4,92.58,11.672,-0,-0.9997,143.87,145,118.7,24.98,Cornering,"Hoosier 43075 16x7.5-10 R20, 7 inch rim",6521
78.28,416.79,-6.38,-590.2,-248.76,0.009,31.67,2.82,0.09,0.0257,2.3726,12.24,43383.48,7.4,92.6,11.696,-0,-0.9998,144.22,145.28,118.74,24.96,Cornering,"Hoosier 43075 16x7.5-10 R20, 7 inch rim",6522
78.27,416.8,-10.15,-593,-248.7,0.006,30.69,0.39,0.16,0.0408,2.3844,12.22,25173.98,7.4,92.59,11.705,-0,-0.9997,144.54,145.61,118.7,24.95,Cornering,"Hoosier 43075 16x7.5-10 R20, 7 inch rim",6523
78.3,416.81,-12.25,-596.9,-249.95,0.001,29.68,-0.12,0.09,0.049,2.3881,12.15,43327.6,7.4,92.63,11.731,-0,-0.9998,144.84,145.94,118.82,24.93,Cornering,"Hoosier 43075 16x7.5-10 R20, 7 inch rim",6524
78.3,416.82,-12.26,-601.13,-252.21,0.014,28.35,0.71,0.03,0.0486,2.3834,12.09,156383.36,7.39,92.64,11.746,-0,-1,144.99,146.05,119.02,24.93,Cornering,"Hoosier 43075 16x7.5-10 R20, 7 inch rim",6525
78.27,416.83,-11.6,-604.24,-253.7,0.004,26.92,0.92,0.03,0.0457,2.3818,12.03,156382.53,7.4,92.64,11.748,-0,-1,145.05,146.14,119.18,24.93,Cornering,"Hoosier 43075 16x7.5-10 R20, 7 inch rim",6526
78.29,416.84,-11.66,-605.35,-255.74,0.014,26.92,-0.62,0.16,0.0456,2.367,12.02,25152.04,7.39,92.62,11.752,-0,-0.9997,145.12,146.25,119.34,24.93,Cornering,"Hoosier 43075 16x7.5-10 R20, 7 inch rim",6527
78.31,416.85,-12.24,-603.62,-256.77,0.001,27.84,-3.77,0.09,0.0477,2.3508,12.08,43342,7.4,92.62,11.766,-0,-0.9998,145.18,146.45,119.46,24.94,Cornering,"Hoosier 43075 16x7.5-10 R20, 7 inch rim",6528
78.28,416.86,-13.29,-599.74,-256.82,0.014,28.84,-7.34,0.09,0.0517,2.3352,12.14,43331.46,7.39,92.59,11.769,-0,-0.9998,145.44,146.67,119.46,24.93,Cornering,"Hoosier 43075 16x7.5-10 R20, 7 inch rim",6529
78.3,416.88,-13.59,-592.1,-252.2,0.007,28.21,-10.67,0.09,0.0539,2.3477,12.12,43361.22,7.39,92.54,12.305,-0,-0.9998,146.08,147.07,119.44,24.95,Cornering,"Hoosier 43075 16x7.5-10 R20, 7 inch rim",6530
78.31,416.89,-12.56,-590.67,-250.16,-0.006,28.4,-9.06,0.03,0.0502,2.3611,12.05,156667.55,7.4,92.55,12.291,-0,-1,146.36,147.29,119.42,24.98,Cornering,"Hoosier 43075 16x7.5-10 R20, 7 inch rim",6531
78.27,416.9,-10.86,-590.98,-249.03,-0.005,28.65,-5.11,0.09,0.0436,2.3731,11.97,43434.04,7.4,92.52,12.291,-0,-0.9998,146.73,147.55,119.36,24.99,Cornering,"Hoosier 43075 16x7.5-10 R20, 7 inch rim",6532
78.28,416.91,-8.98,-592.7,-248.73,-0,29.17,-0.15,0.09,0.0361,2.3829,11.92,43445.27,7.39,92.5,12.284,-0,-0.9998,147.05,147.86,119.34,25,Cornering,"Hoosier 43075 16x7.5-10 R20, 7 inch rim",6533
78.31,416.92,-8.36,-595.35,-250.14,0.006,29.76,3.51,0.09,0.0334,2.3801,11.96,43447.12,7.39,92.5,12.273,-0,-0.9998,147.35,148.19,119.38,25,Cornering,"Hoosier 43075 16x7.5-10 R20, 7 inch rim",6534
78.29,416.93,-8.16,-598.17,-252.17,0.009,30.12,6.02,-0.04,0.0324,2.372,12.04,-97443.47,7.39,92.54,12.263,-0,-1.0001,147.5,148.37,119.42,24.99,Cornering,"Hoosier 43075 16x7.5-10 R20, 7 inch rim",6535
78.27,416.94,-7.22,-600.5,-254.18,-0.002,29.56,8.28,0.09,0.0284,2.3625,12.11,43427.89,7.39,92.58,12.267,-0,-0.9998,147.44,148.45,119.61,24.98,Cornering,"Hoosier 43075 16x7.5-10 R20, 7 inch rim",6536
78.3,416.95,-4.37,-601.61,-256.05,0.001,28.93,11.19,0.16,0.0171,2.3496,12.17,25207.73,7.4,92.62,12.253,-0,-0.9997,147.35,148.5,119.75,24.98,Cornering,"Hoosier 43075 16x7.5-10 R20, 7 inch rim",6537
78.31,416.96,-1.06,-601.31,-257.38,-0,28.6,13.84,0.03,0.0041,2.3363,12.15,156689.98,7.4,92.69,12.253,-0,-1,147.35,148.61,119.87,24.98,Cornering,"Hoosier 43075 16x7.5-10 R20, 7 inch rim",6538
78.28,416.97,1.29,-598.99,-258.18,-0,29.14,14.81,0.09,-0.005,2.32,12.11,43430.88,7.39,92.76,12.248,-0,-0.9998,147.5,148.78,119.85,24.98,Cornering,"Hoosier 43075 16x7.5-10 R20, 7 inch rim",6539
78.29,416.98,3.26,-595.57,-256.58,0.003,28.68,15.39,0.03,-0.0127,2.3212,12.04,156581.73,7.39,92.75,12.251,-0,-1,147.71,148.98,119.75,24.96,Cornering,"Hoosier 43075 16x7.5-10 R20, 7 inch rim",6540
78.31,416.99,3.62,-592.76,-253.88,0.003,27.96,14.8,0.16,-0.0143,2.3348,11.99,25179.69,7.39,92.76,12.24,-0,-0.9997,148.04,149.14,119.71,24.96,Cornering,"Hoosier 43075 16x7.5-10 R20, 7 inch rim",6541
78.3,417,3.55,-590.71,-250.97,-0.005,27.76,14.32,0.03,-0.0142,2.3537,12.01,156661.08,7.4,92.74,12.24,-0,-1,148.34,149.25,119.63,24.97,Cornering,"Hoosier 43075 16x7.5-10 R20, 7 inch rim",6542
78.27,417.01,2.43,-589.93,-249.43,0.001,28.67,13.81,0.09,-0.0097,2.3651,12.06,43432.72,7.39,92.7,12.237,-0,-0.9998,148.7,149.51,119.59,24.98,Cornering,"Hoosier 43075 16x7.5-10 R20, 7 inch rim",6543
78.3,417.02,0.99,-590.24,-248.67,0.009,29.43,13.68,0.09,-0.004,2.3736,12.13,43474.17,7.39,92.68,12.23,-0,-0.9998,149.07,149.84,119.59,25.01,Cornering,"Hoosier 43075 16x7.5-10 R20, 7 inch rim",6544
78.31,417.03,-1.89,-591.79,-249.12,0.009,29.98,12.17,0.09,0.0076,2.3755,12.15,43464.32,7.39,92.68,12.228,-0,-0.9998,149.32,150.17,119.59,25,Cornering,"Hoosier 43075 16x7.5-10 R20, 7 inch rim",6545
78.29,417.04,-5.29,-593.96,-250.33,-0.002,29.83,9.45,0.09,0.0211,2.3727,12.12,43466.62,7.39,92.69,12.214,-0,-0.9998,149.58,150.46,119.71,25,Cornering,"Hoosier 43075 16x7.5-10 R20, 7 inch rim",6546
78.28,417.05,-8.98,-596.77,-252.9,-0.006,29.25,5.54,0.16,0.0355,2.3597,12.05,25224.49,7.4,92.71,12.198,-0,-0.9997,149.71,150.48,119.89,25,Cornering,"Hoosier 43075 16x7.5-10 R20, 7 inch rim",6547
78.32,417.06,-12,-598.33,-255.49,-0.005,29.34,1.46,0.16,0.047,2.3419,12,25197.1,7.4,92.73,12.178,-0,-0.9997,149.65,150.5,120.05,24.97,Cornering,"Hoosier 43075 16x7.5-10 R20, 7 inch rim",6548
78.3,417.07,-12.77,-598.81,-257.91,-0.003,29.65,-1.33,0.16,0.0495,2.3217,11.96,25199.88,7.39,92.75,12.148,-0,-0.9997,149.62,150.57,120.21,24.97,Cornering,"Hoosier 43075 16x7.5-10 R20, 7 inch rim",6549
78.27,417.08,-11.42,-596.64,-258.38,0.001,29.3,-2.44,0.03,0.0442,2.3092,12,156655.11,7.39,92.75,12.124,-0,-1,149.71,150.74,120.25,24.96,Cornering,"Hoosier 43075 16x7.5-10 R20, 7 inch rim",6550
78.3,417.09,-10.75,-593.37,-257.92,-0.002,29.42,-4.57,0.03,0.0417,2.3006,12.1,156812.92,7.39,92.8,12.102,-0,-1,149.95,150.87,120.23,24.98,Cornering,"Hoosier 43075 16x7.5-10 R20, 7 inch rim",6551
78.32,417.1,-11.85,-590.1,-255.3,0.001,28.21,-8.29,0.16,0.0464,2.3114,12.19,25224.03,7.39,92.84,12.076,-0,-0.9997,150.27,151.03,120.17,24.98,Cornering,"Hoosier 43075 16x7.5-10 R20, 7 inch rim",6552
78.3,417.11,-14.13,-587.43,-252.04,-0.009,27.65,-12.09,0.09,0.0561,2.3307,12.25,43465.05,7.4,92.88,12.033,-0,-0.9998,150.55,151.09,120.11,24.98,Cornering,"Hoosier 43075 16x7.5-10 R20, 7 inch rim",6553
78.28,417.12,-16.45,-586.65,-249.93,0.004,28.01,-14.39,0.09,0.0658,2.3472,12.23,43430.8,7.39,92.94,11.995,-0,-0.9998,150.87,151.25,120.11,24.96,Cornering,"Hoosier 43075 16x7.5-10 R20, 7 inch rim",6554
78.31,417.13,-17.74,-587.42,-248.44,0.012,28,-14.07,0.03,0.0714,2.3644,12.17,156750.41,7.39,93,11.956,-0,-1,151.17,151.6,120.09,24.96,Cornering,"Hoosier 43075 16x7.5-10 R20, 7 inch rim",6555
78.31,417.14,-17.03,-589.43,-248.4,0.001,28.12,-10.47,0.23,0.0686,2.373,12.08,17758.88,7.39,93.01,11.907,-0,-0.9996,151.49,151.84,120.09,24.96,Cornering,"Hoosier 43075 16x7.5-10 R20, 7 inch rim",6556
78.28,417.15,-14.41,-592.1,-250.67,0.013,29.43,-4.37,0.16,0.0575,2.3621,12.05,25208.19,7.39,93.03,11.864,-0,-0.9997,151.68,152.08,120.19,24.95,Cornering,"Hoosier 43075 16x7.5-10 R20, 7 inch rim",6557
78.3,417.16,-11.68,-594.91,-253.03,0.009,29.58,1.03,0.23,0.0462,2.3511,12.05,17765.06,7.39,93.02,11.81,-0,-0.9996,151.77,152.15,120.33,24.96,Cornering,"Hoosier 43075 16x7.5-10 R20, 7 inch rim",6558
78.32,417.17,-8.86,-597.41,-254.87,0.001,28.92,5.8,0.16,0.0347,2.344,12.09,25222.78,7.39,93.02,11.767,-0,-0.9997,151.64,152.13,120.53,24.96,Cornering,"Hoosier 43075 16x7.5-10 R20, 7 inch rim",6559
78.3,417.18,-7.41,-598.67,-256.63,-0.003,28.31,7.76,0.16,0.0289,2.3328,12.14,25245.59,7.4,93.04,11.708,-0,-0.9997,151.45,152.11,120.68,24.97,Cornering,"Hoosier 43075 16x7.5-10 R20, 7 inch rim",6560
78.28,417.19,-5.85,-597.59,-257.77,0.003,28.89,9.35,0.23,0.0227,2.3183,12.13,17787.24,7.39,93.07,11.654,-0,-0.9996,151.34,152.22,120.82,24.97,Cornering,"Hoosier 43075 16x7.5-10 R20, 7 inch rim",6561
78.31,417.2,-2.64,-594.79,-257.18,-0.005,28.8,11.61,0.23,0.0103,2.3127,12.08,17794.05,7.4,93.1,11.611,-0,-0.9996,151.51,152.42,120.74,24.98,Cornering,"Hoosier 43075 16x7.5-10 R20, 7 inch rim",6562
78.32,417.21,1.02,-591.21,-254.42,-0,27.6,14.33,0.09,-0.004,2.3237,12.01,43566,7.4,93.11,11.577,-0,-0.9998,151.79,152.57,120.66,25,Cornering,"Hoosier 43075 16x7.5-10 R20, 7 inch rim",6563
78.28,417.22,4.06,-588.73,-252.07,0.013,27.37,16.89,0.16,-0.0161,2.3356,11.95,25302.56,7.39,93.19,11.528,-0,-0.9997,152.05,152.64,120.6,25.01,Cornering,"Hoosier 43075 16x7.5-10 R20, 7 inch rim",6564
78.29,417.23,4.76,-587.47,-249.94,0.016,27.84,17.78,0.09,-0.0191,2.3505,11.97,43619.61,7.39,93.25,11.489,-0,-0.9998,152.35,152.7,120.51,25.03,Cornering,"Hoosier 43075 16x7.5-10 R20, 7 inch rim",6565
78.32,417.24,3.51,-587.61,-248.18,0.007,28.08,17.6,0.23,-0.0142,2.3677,12.02,17845.17,7.39,93.29,11.452,-0,-0.9996,152.65,152.88,120.49,25.04,Cornering,"Hoosier 43075 16x7.5-10 R20, 7 inch rim",6566
78.3,417.25,1.66,-588.69,-247.98,0.004,28.33,17.76,0.09,-0.0067,2.3739,12.11,43631.66,7.4,93.32,11.409,-0,-0.9998,152.91,153.16,120.39,25.03,Cornering,"Hoosier 43075 16x7.5-10 R20, 7 inch rim",6567
78.28,417.26,-0.47,-590.38,-249.11,-0.01,29.44,17.81,0.09,0.0019,2.37,12.19,43636.79,7.4,93.34,11.375,-0,-0.9998,153.19,153.38,120.41,25.03,Cornering,"Hoosier 43075 16x7.5-10 R20, 7 inch rim",6568
78.31,417.27,-1.22,-592.74,-251.03,-0,29.37,18.67,0.09,0.0049,2.3612,12.21,43611.37,7.4,93.34,11.342,-0,-0.9998,153.25,153.43,120.51,25.01,Cornering,"Hoosier 43075 16x7.5-10 R20, 7 inch rim",6569
78.32,417.28,-1.41,-594.61,-253.83,-0.005,30.33,19.26,-0.04,0.0055,2.3426,12.19,-97776.7,7.4,93.34,11.3,-0,-1.0001,153.12,153.32,120.68,24.99,Cornering,"Hoosier 43075 16x7.5-10 R20, 7 inch rim",6570
78.28,417.29,-1.6,-596.34,-256.03,-0,30.38,18.72,0.03,0.0063,2.3291,12.12,157126.56,7.4,93.35,11.27,-0,-1,152.95,153.27,120.84,24.96,Cornering,"Hoosier 43075 16x7.5-10 R20, 7 inch rim",6571
78.29,417.3,-0.92,-596.98,-257.48,0.012,29.33,17.96,0.16,0.0036,2.3185,12.04,25269.66,7.39,93.3,11.23,-0,-0.9997,152.82,153.38,120.98,24.96,Cornering,"Hoosier 43075 16x7.5-10 R20, 7 inch rim",6572
78.32,417.31,-0.71,-595.59,-258.22,0.014,29.45,15.78,0.16,0.0027,2.3065,11.97,25254.61,7.39,93.29,11.2,-0,-0.9997,152.86,153.45,121,24.94,Cornering,"Hoosier 43075 16x7.5-10 R20, 7 inch rim",6573
78.3,417.32,-0.27,-592.78,-256.18,0.003,27.94,13.99,0.16,0.001,2.3139,11.97,25250.69,7.39,93.24,11.177,-0,-0.9997,153.01,153.58,120.94,24.93,Cornering,"Hoosier 43075 16x7.5-10 R20, 7 inch rim",6574
78.28,417.33,-0.04,-589.65,-254.09,-0.005,28,12.28,0.09,0.0002,2.3207,12.04,43499.71,7.4,93.24,11.139,-0,-0.9998,153.23,153.67,120.84,24.93,Cornering,"Hoosier 43075 16x7.5-10 R20, 7 inch rim",6575
78.31,417.34,-0.21,-587.16,-251.03,0.014,27.66,11.58,0.09,0.0008,2.339,12.11,43525.14,7.39,93.25,11.103,-0,-0.9998,153.51,153.76,120.82,24.94,Cornering,"Hoosier 43075 16x7.5-10 R20, 7 inch rim",6576
78.32,417.35,-2.01,-585.89,-249.03,0.004,28.6,10.02,0.16,0.0081,2.3527,12.13,25277.24,7.39,93.25,11.071,-0,-0.9997,153.79,153.87,120.78,24.95,Cornering,"Hoosier 43075 16x7.5-10 R20, 7 inch rim",6577
78.29,417.36,-4.78,-586.05,-248.51,0.017,29.43,8.79,0.16,0.0193,2.3582,12.11,25292.11,7.39,93.29,11.034,-0,-0.9997,154.09,154.02,120.72,24.96,Cornering,"Hoosier 43075 16x7.5-10 R20, 7 inch rim",6578
78.29,417.37,-7.85,-586.81,-248.56,0.001,30.14,7.69,0.09,0.0316,2.3608,12.05,43602.39,7.39,93.31,10.988,-0,-0.9998,154.3,154.26,120.72,24.97,Cornering,"Hoosier 43075 16x7.5-10 R20, 7 inch rim",6579
78.31,417.38,-10.18,-589,-250.1,0.01,30.08,7.27,0.09,0.0407,2.355,11.99,43616.84,7.39,93.29,10.958,-0,-0.9998,154.41,154.4,120.8,24.98,Cornering,"Hoosier 43075 16x7.5-10 R20, 7 inch rim",6580
78.31,417.39,-10.9,-591.66,-253.06,0.006,30.41,7.65,0.03,0.0431,2.338,11.99,157528.69,7.39,93.28,10.921,-0,-1,154.34,154.4,120.92,25,Cornering,"Hoosier 43075 16x7.5-10 R20, 7 inch rim",6581
78.28,417.4,-10.69,-594.31,-255.41,0.003,29.42,7.7,0.09,0.0418,2.3269,12.03,43688.82,7.4,93.29,10.879,-0,-0.9998,154.15,154.33,121.1,25.01,Cornering,"Hoosier 43075 16x7.5-10 R20, 7 inch rim",6582
78.3,417.41,-9.3,-595.73,-257.55,0.001,29.11,8.08,0.09,0.0361,2.3131,12.09,43735.03,7.39,93.32,10.839,-0,-0.9998,153.91,154.35,121.22,25.04,Cornering,"Hoosier 43075 16x7.5-10 R20, 7 inch rim",6583
78.32,417.42,-8.32,-594.96,-257.86,0.007,28.06,7.23,0.09,0.0323,2.3073,12.16,43770.89,7.39,93.37,10.801,-0,-0.9998,153.91,154.4,121.24,25.05,Cornering,"Hoosier 43075 16x7.5-10 R20, 7 inch rim",6584
78.3,417.43,-6.73,-592.16,-257.3,0.007,28.2,6.89,0.16,0.0262,2.3015,12.17,25404.3,7.39,93.42,10.743,-0,-0.9997,154.02,154.53,121.22,25.05,Cornering,"Hoosier 43075 16x7.5-10 R20, 7 inch rim",6585
78.28,417.44,-4.85,-589.03,-254.4,-0,27.48,7.41,0.16,0.0191,2.3154,12.11,25384.64,7.4,93.43,10.696,-0,-0.9997,154.22,154.64,121.16,25.03,Cornering,"Hoosier 43075 16x7.5-10 R20, 7 inch rim",6586
78.31,417.45,-3.35,-586.54,-251.26,0.009,27.05,8.58,0.09,0.0133,2.3344,12.05,43719.33,7.39,93.43,10.663,-0,-0.9998,154.39,154.64,121.06,25.01,Cornering,"Hoosier 43075 16x7.5-10 R20, 7 inch rim",6587
78.32,417.46,-2.55,-584.82,-249.17,0.012,27.63,10.33,0.16,0.0102,2.3471,11.97,25385.26,7.39,93.42,10.616,-0,-0.9997,154.58,154.68,121.08,25.02,Cornering,"Hoosier 43075 16x7.5-10 R20, 7 inch rim",6588
78.28,417.47,-2.37,-584.01,-248.32,-0.002,29.59,12.42,0.23,0.0095,2.3518,11.96,17892.63,7.4,93.37,10.579,-0,-0.9996,154.73,154.81,120.96,25.03,Cornering,"Hoosier 43075 16x7.5-10 R20, 7 inch rim",6589
78.3,417.48,-3.28,-585.11,-248.57,0.009,30.25,14.3,0.16,0.0132,2.3539,11.99,25415.01,7.39,93.37,10.539,-0,-0.9997,154.94,155.08,120.9,25.04,Cornering,"Hoosier 43075 16x7.5-10 R20, 7 inch rim",6590
78.33,417.49,-4.45,-587.29,-250.18,0.004,30.9,15.75,0.16,0.0178,2.3475,12.03,25418.56,7.39,93.31,10.494,-0,-0.9997,155.07,155.23,120.96,25.04,Cornering,"Hoosier 43075 16x7.5-10 R20, 7 inch rim",6591
78.3,417.5,-4.25,-590.26,-252.01,-0.005,29.76,17.88,0.09,0.0169,2.3422,12.1,43789.38,7.4,93.31,10.45,-0,-0.9998,155.07,155.21,121.08,25.04,Cornering,"Hoosier 43075 16x7.5-10 R20, 7 inch rim",6592
78.29,417.51,-3.38,-592.93,-255.06,0.007,29.71,19.6,0.16,0.0133,2.3246,12.09,25401.85,7.39,93.33,10.408,-0,-0.9997,154.9,155.08,121.24,25.02,Cornering,"Hoosier 43075 16x7.5-10 R20, 7 inch rim",6593
78.31,417.52,-2.46,-594.5,-256.67,0.006,28.77,19.89,0.03,0.0096,2.3162,12.07,157807.95,7.39,93.36,10.365,-0,-1,154.62,154.99,121.44,25,Cornering,"Hoosier 43075 16x7.5-10 R20, 7 inch rim",6594
78.32,417.53,-1.24,-594.36,-257.86,0.006,28.16,19.81,0.09,0.0048,2.3049,12,43714.09,7.39,93.38,10.332,-0,-0.9998,154.47,154.95,121.5,24.98,Cornering,"Hoosier 43075 16x7.5-10 R20, 7 inch rim",6595
78.27,417.54,0.07,-592.34,-257.56,0.012,27.69,19.12,0.03,-0.0003,2.2998,11.97,157621.88,7.39,93.38,10.297,-0,-1,154.49,155.01,121.48,24.96,Cornering,"Hoosier 43075 16x7.5-10 R20, 7 inch rim",6596
78.28,417.55,0.82,-588.9,-255.14,-0.002,27.44,17.91,0.09,-0.0032,2.3081,11.99,43684.69,7.4,93.41,10.249,-0,-0.9998,154.62,155.06,121.34,24.96,Cornering,"Hoosier 43075 16x7.5-10 R20, 7 inch rim",6597
78.32,417.56,1.22,-585.93,-252.24,0.003,27.02,16.94,0.09,-0.0048,2.3229,12.08,43658.28,7.4,93.43,10.219,-0,-0.9998,154.82,155.03,121.28,24.94,Cornering,"Hoosier 43075 16x7.5-10 R20, 7 inch rim",6598
78.3,417.57,0.29,-584.05,-249.29,0.004,27.37,15.8,0.16,-0.0011,2.3428,12.17,25331.66,7.4,93.4,10.176,-0,-0.9997,154.9,154.97,121.2,24.93,Cornering,"Hoosier 43075 16x7.5-10 R20, 7 inch rim",6599
78.28,417.58,-1.19,-582.95,-248.03,0.01,28.99,15.43,0.16,0.0048,2.3503,12.22,25339.54,7.39,93.42,10.151,-0,-0.9997,155.14,155.06,121.12,24.94,Cornering,"Hoosier 43075 16x7.5-10 R20, 7 inch rim",6600
78.3,417.59,-3.54,-583.39,-248.4,-0.003,30.42,14.9,0.16,0.0143,2.3486,12.23,25336.61,7.39,93.45,10.112,-0,-0.9997,155.33,155.17,121.06,24.93,Cornering,"Hoosier 43075 16x7.5-10 R20, 7 inch rim",6601
78.32,417.6,-5.83,-584.34,-249.47,0.007,31.06,14.6,0.09,0.0234,2.3423,12.18,43687.95,7.39,93.47,10.072,-0,-0.9998,155.46,155.3,121.1,24.95,Cornering,"Hoosier 43075 16x7.5-10 R20, 7 inch rim",6602
78.28,417.61,-8.01,-586.53,-251.57,-0,30.45,13.93,0.09,0.0318,2.3315,12.08,43702.8,7.4,93.49,10.036,-0,-0.9998,155.46,155.28,121.16,24.96,Cornering,"Hoosier 43075 16x7.5-10 R20, 7 inch rim",6603
78.29,417.62,-9.12,-589.35,-253.6,-0.002,29.06,13.39,0.16,0.0359,2.3239,11.99,25370.3,7.39,93.49,9.979,-0,-0.9997,155.29,155.08,121.34,24.96,Cornering,"Hoosier 43075 16x7.5-10 R20, 7 inch rim",6604
78.31,417.63,-9.03,-591.55,-256.77,0.007,28.8,12.93,0.16,0.0351,2.3038,11.97,25378.04,7.39,93.52,9.954,-0,-0.9997,155.07,155.06,121.5,24.96,Cornering,"Hoosier 43075 16x7.5-10 R20, 7 inch rim",6605
78.31,417.64,-8.26,-592.49,-257.97,0.003,27.77,12.43,0.16,0.032,2.2967,11.99,25381.05,7.39,93.55,9.914,-0,-0.9997,154.92,155.03,121.65,24.96,Cornering,"Hoosier 43075 16x7.5-10 R20, 7 inch rim",6606
78.28,417.65,-7.44,-590.93,-258.26,-0.003,27.8,11.39,0.23,0.0288,2.2881,12.07,17893.99,7.4,93.57,9.871,-0,-0.9996,154.88,155.12,121.63,24.98,Cornering,"Hoosier 43075 16x7.5-10 R20, 7 inch rim",6607
78.3,417.66,-5.67,-587.98,-256.61,0.006,27.43,11.44,0.09,0.0221,2.2913,12.11,43800.99,7.39,93.55,9.827,-0,-0.9998,154.92,155.25,121.57,25,Cornering,"Hoosier 43075 16x7.5-10 R20, 7 inch rim",6608
78.32,417.67,-4.23,-584.23,-253.96,0.003,28.13,11.79,0.09,0.0167,2.3005,12.11,43817.02,7.39,93.53,9.781,-0,-0.9998,155.03,155.28,121.5,25,Cornering,"Hoosier 43075 16x7.5-10 R20, 7 inch rim",6609
78.3,417.68,-3,-582.03,-250.73,0.001,28.01,12.87,0.09,0.012,2.3213,12.07,43822.5,7.4,93.52,9.738,-0,-0.9998,155.12,155.34,121.44,25,Cornering,"Hoosier 43075 16x7.5-10 R20, 7 inch rim",6610
78.29,417.69,-2.78,-580.93,-248.46,0.003,28.81,14.29,0.09,0.0112,2.3381,12,43806.91,7.39,93.56,9.701,-0,-0.9998,155.29,155.32,121.38,24.99,Cornering,"Hoosier 43075 16x7.5-10 R20, 7 inch rim",6611
78.32,417.7,-3.5,-580.91,-248.27,-0.002,30.04,15.51,0.16,0.0141,2.3398,11.99,25430.17,7.4,93.6,9.649,-0,-0.9997,155.46,155.52,121.32,24.99,Cornering,"Hoosier 43075 16x7.5-10 R20, 7 inch rim",6612
78.32,417.71,-4.49,-582.64,-249.23,0.006,30.33,17.04,0.09,0.018,2.3378,12,43838.43,7.39,93.58,9.612,-0,-0.9998,155.57,155.69,121.3,25,Cornering,"Hoosier 43075 16x7.5-10 R20, 7 inch rim",6613
78.28,417.72,-5.61,-584.67,-250.74,0.001,29.94,18.29,0.16,0.0224,2.3318,12.06,25454.02,7.39,93.58,9.565,-0,-0.9997,155.67,155.76,121.4,25.01,Cornering,"Hoosier 43075 16x7.5-10 R20, 7 inch rim",6614
78.3,417.73,-5.83,-587.95,-253.72,-0.003,29.59,19.61,0.16,0.023,2.3173,12.17,25474.42,7.4,93.57,9.528,-0,-0.9997,155.65,155.63,121.52,25.03,Cornering,"Hoosier 43075 16x7.5-10 R20, 7 inch rim",6615
78.32,417.74,-5.1,-591.09,-256.01,0.004,28.04,20.86,0.16,0.0199,2.3089,12.22,25465.2,7.39,93.56,9.492,-0,-0.9997,155.46,155.56,121.69,25.01,Cornering,"Hoosier 43075 16x7.5-10 R20, 7 inch rim",6616
78.3,417.75,-3.66,-592.35,-258.54,0.006,28.66,21.69,0.09,0.0142,2.2911,12.21,43837.53,7.39,93.58,9.456,-0,-0.9998,155.27,155.52,121.83,24.99,Cornering,"Hoosier 43075 16x7.5-10 R20, 7 inch rim",6617
78.29,417.76,-2.01,-591.1,-258.4,0.004,28.06,21.78,0.16,0.0078,2.2876,12.14,25424.24,7.39,93.63,9.405,-0,-0.9997,155.22,155.56,121.87,24.97,Cornering,"Hoosier 43075 16x7.5-10 R20, 7 inch rim",6618
78.31,417.77,-0.52,-587.7,-257.09,0.02,27.74,21.17,0.09,0.002,2.286,12.06,43765.85,7.39,93.69,9.377,-0,-0.9998,155.22,155.65,121.83,24.94,Cornering,"Hoosier 43075 16x7.5-10 R20, 7 inch rim",6619
78.32,417.78,0.71,-583.16,-254.75,0.01,28.37,20.59,0.09,-0.0028,2.2891,11.98,43740.23,7.39,93.78,9.337,-0,-0.9998,155.29,155.76,121.75,24.93,Cornering,"Hoosier 43075 16x7.5-10 R20, 7 inch rim",6620
78.28,417.79,1.13,-579.87,-251.83,-0.003,28.46,20.07,0.16,-0.0045,2.3026,11.94,25396.71,7.39,93.83,9.293,-0,-0.9997,155.4,155.67,121.63,24.93,Cornering,"Hoosier 43075 16x7.5-10 R20, 7 inch rim",6621
78.3,417.8,0.09,-577.85,-249.53,0.014,28.5,19.29,0.09,-0.0004,2.3158,11.97,43739.93,7.39,93.85,9.256,-0,-0.9998,155.46,155.65,121.55,24.92,Cornering,"Hoosier 43075 16x7.5-10 R20, 7 inch rim",6622
78.32,417.81,-1.64,-577.51,-249.54,0.003,30.55,19,0.23,0.0066,2.3143,12.06,17881.13,7.39,93.86,9.226,-0,-0.9996,155.59,155.67,121.52,24.92,Cornering,"Hoosier 43075 16x7.5-10 R20, 7 inch rim",6623
78.3,417.82,-4.09,-578.75,-249.26,-0.003,30.07,18.81,0.16,0.0164,2.3219,12.14,25380.29,7.4,93.86,9.19,-0,-0.9997,155.63,155.83,121.4,24.91,Cornering,"Hoosier 43075 16x7.5-10 R20, 7 inch rim",6624
78.28,417.83,-5.93,-581.43,-251.36,0.013,30.07,19.37,0.03,0.0236,2.3131,12.17,157851.92,7.39,93.84,9.153,-0,-1,155.67,155.87,121.4,24.92,Cornering,"Hoosier 43075 16x7.5-10 R20, 7 inch rim",6625
78.32,417.84,-7.48,-584.55,-253.79,0.003,29.47,19.24,0.23,0.0295,2.3032,12.14,17890.74,7.39,93.86,9.114,-0,-0.9996,155.61,155.8,121.55,24.92,Cornering,"Hoosier 43075 16x7.5-10 R20, 7 inch rim",6626
78.32,417.85,-8.34,-587.37,-255.7,0.004,27.87,18.88,0.16,0.0326,2.2971,12.07,25417.43,7.39,93.86,9.08,-0,-0.9997,155.4,155.58,121.75,24.94,Cornering,"Hoosier 43075 16x7.5-10 R20, 7 inch rim",6627
78.29,417.86,-8.38,-589.09,-258.26,0.006,27.89,18.15,0.09,0.0324,2.281,11.98,43827.07,7.39,93.86,9.037,-0,-0.9998,155.1,155.52,121.89,24.96,Cornering,"Hoosier 43075 16x7.5-10 R20, 7 inch rim",6628
78.29,417.87,-7.33,-588.31,-258.82,0.004,28.08,17.39,0.09,0.0283,2.2731,11.97,43832.11,7.39,93.88,8.994,-0,-0.9998,154.94,155.45,121.99,24.96,Cornering,"Hoosier 43075 16x7.5-10 R20, 7 inch rim",6629
78.32,417.88,-6.54,-585.36,-258.47,0.009,28.6,15.85,0.16,0.0253,2.2647,12.01,25455.56,7.39,93.88,8.954,-0,-0.9997,154.9,155.47,121.97,24.97,Cornering,"Hoosier 43075 16x7.5-10 R20, 7 inch rim",6630
78.3,417.89,-5.22,-580.98,-256.37,0.003,28.97,15,0.09,0.0203,2.2662,12.07,43871.34,7.4,93.88,8.919,-0,-0.9998,154.92,155.45,121.89,24.97,Cornering,"Hoosier 43075 16x7.5-10 R20, 7 inch rim",6631
78.28,417.9,-3.93,-577.09,-253.44,0.004,28.69,15.23,0.16,0.0155,2.277,12.14,25478.88,7.39,93.89,8.871,-0,-0.9997,154.97,155.47,121.83,24.98,Cornering,"Hoosier 43075 16x7.5-10 R20, 7 inch rim",6632
78.32,417.91,-3.07,-574.75,-251.22,0.012,29.04,16.47,0.09,0.0122,2.2878,12.13,43871.42,7.39,93.91,8.83,-0,-0.9998,154.97,155.39,121.79,24.97,Cornering,"Hoosier 43075 16x7.5-10 R20, 7 inch rim",6633
78.32,417.92,-3.6,-573.97,-250.15,0.012,29.21,17.41,0.16,0.0144,2.2945,12.09,25448.57,7.39,93.89,8.793,-0,-0.9997,155.03,155.5,121.75,24.95,Cornering,"Hoosier 43075 16x7.5-10 R20, 7 inch rim",6634
78.29,417.93,-4.38,-575.21,-250.36,0.004,29.18,19.13,0.09,0.0175,2.2975,12.03,43809.29,7.39,93.94,8.75,-0,-0.9998,155.16,155.61,121.67,24.93,Cornering,"Hoosier 43075 16x7.5-10 R20, 7 inch rim",6635
78.29,417.94,-5.9,-577.4,-252.16,0.007,29.33,20.43,0.09,0.0234,2.2898,11.99,43814.81,7.39,93.97,8.702,-0,-0.9998,155.16,155.78,121.69,24.93,Cornering,"Hoosier 43075 16x7.5-10 R20, 7 inch rim",6636
78.32,417.95,-6.91,-580.69,-254.55,0.014,28.7,21.76,0.16,0.0271,2.2813,12.02,25445.33,7.39,93.97,8.663,-0,-0.9997,155.14,155.78,121.83,24.94,Cornering,"Hoosier 43075 16x7.5-10 R20, 7 inch rim",6637
78.31,417.96,-7.11,-583.19,-257.59,0.007,28.73,22.96,0.23,0.0276,2.264,12.08,17947.48,7.39,94,8.617,-0,-0.9996,155.01,155.65,122.01,24.97,Cornering,"Hoosier 43075 16x7.5-10 R20, 7 inch rim",6638
78.28,417.97,-6.45,-584.6,-259.27,0.006,28.51,23.73,0.09,0.0249,2.2548,12.17,43951.57,7.39,94.04,8.573,-0,-0.9998,154.71,155.47,122.21,25,Cornering,"Hoosier 43075 16x7.5-10 R20, 7 inch rim",6639
78.31,417.98,-5.38,-584.61,-260.13,0.009,28.4,23.84,0.16,0.0207,2.2474,12.21,25523.94,7.39,94.06,8.545,-0,-0.9997,154.52,155.45,122.31,25.01,Cornering,"Hoosier 43075 16x7.5-10 R20, 7 inch rim",6640
78.32,417.99,-3.31,-581.81,-259.56,0.01,28.73,24.13,0.03,0.0127,2.2416,12.2,158599.77,7.39,94.06,8.501,-0,-1,154.41,155.41,122.31,24.99,Cornering,"Hoosier 43075 16x7.5-10 R20, 7 inch rim",6641
78.29,418,-1.6,-578.06,-257.78,0.004,28.83,23.68,0.16,0.0062,2.2425,12.15,25482.5,7.4,94.06,8.454,-0,-0.9997,154.41,155.39,122.19,24.96,Cornering,"Hoosier 43075 16x7.5-10 R20, 7 inch rim",6642
78.29,418.01,0.09,-574.16,-254.85,0.004,28.52,23.88,0.09,-0.0004,2.253,12.07,43907.19,7.4,94.13,8.421,-0,-0.9998,154.43,155.32,122.09,24.96,Cornering,"Hoosier 43075 16x7.5-10 R20, 7 inch rim",6643
78.3,418.02,0.39,-572.13,-252.75,0.001,28.51,23.8,0.09,-0.0015,2.2636,12.01,43902.15,7.39,94.13,8.374,-0,-0.9998,154.47,155.23,122.03,24.96,Cornering,"Hoosier 43075 16x7.5-10 R20, 7 inch rim",6644
78.32,418.03,-0.53,-571.66,-251.79,0.004,28.98,23.84,0.09,0.0021,2.2704,12,43906.04,7.39,94.17,8.338,-0,-0.9998,154.49,155.25,121.97,24.96,Cornering,"Hoosier 43075 16x7.5-10 R20, 7 inch rim",6645
78.29,418.04,-2.24,-571.97,-251.79,0.004,29.3,24.14,0.16,0.0089,2.2716,12.04,25474.15,7.4,94.17,8.305,-0,-0.9997,154.67,155.39,121.93,24.94,Cornering,"Hoosier 43075 16x7.5-10 R20, 7 inch rim",6646
78.3,418.05,-4.63,-573.53,-252.64,0.004,28.98,24.4,0.03,0.0183,2.2701,12.11,158471.94,7.4,94.18,8.265,-0,-1,154.62,155.5,121.93,24.96,Cornering,"Hoosier 43075 16x7.5-10 R20, 7 inch rim",6647
78.33,418.06,-6.45,-575.73,-254.9,0.012,29.2,24.82,0.09,0.0253,2.2587,12.16,43917.13,7.39,94.18,8.235,-0,-0.9998,154.58,155.54,122.01,24.96,Cornering,"Hoosier 43075 16x7.5-10 R20, 7 inch rim",6648
78.3,418.07,-7.48,-578.07,-257.28,-0.003,28.56,24.87,0.09,0.0291,2.2469,12.14,43911.66,7.4,94.21,8.19,-0,-0.9998,154.43,155.41,122.15,24.95,Cornering,"Hoosier 43075 16x7.5-10 R20, 7 inch rim",6649
78.28,418.08,-7.72,-579.49,-259.41,0.004,28.49,24.75,0.09,0.0298,2.2339,12.09,43967.08,7.39,94.25,8.149,-0,-0.9998,154.13,155.25,122.31,24.98,Cornering,"Hoosier 43075 16x7.5-10 R20, 7 inch rim",6650
78.32,418.09,-6.78,-579.18,-260.91,0.007,29.21,24.62,0.23,0.026,2.2199,12,17969.89,7.39,94.27,8.113,-0,-0.9996,153.79,155.14,122.43,24.97,Cornering,"Hoosier 43075 16x7.5-10 R20, 7 inch rim",6651
78.32,418.1,-5.88,-578.09,-261.01,0.009,29.2,23.43,0.09,0.0225,2.2148,11.96,43964.57,7.39,94.31,8.076,-0,-0.9998,153.57,155.1,122.43,24.97,Cornering,"Hoosier 43075 16x7.5-10 R20, 7 inch rim",6652
78.29,418.11,-4.63,-574.66,-260,0.012,29.59,22.29,0.16,0.0178,2.2102,11.98,25526.26,7.39,94.31,8.036,-0,-0.9997,153.44,155.01,122.33,24.98,Cornering,"Hoosier 43075 16x7.5-10 R20, 7 inch rim",6653
78.29,418.12,-4.01,-571.38,-257.48,0.001,28.91,20.86,0.16,0.0156,2.2191,12.08,25522.41,7.4,94.33,8.001,-0,-0.9997,153.36,154.97,122.23,24.97,Cornering,"Hoosier 43075 16x7.5-10 R20, 7 inch rim",6654
78.32,418.13,-3.46,-568.89,-254.65,0.001,27.64,20.63,0.16,0.0136,2.234,12.16,25530.75,7.4,94.35,7.961,-0,-0.9997,153.29,154.84,122.17,24.98,Cornering,"Hoosier 43075 16x7.5-10 R20, 7 inch rim",6655
78.3,418.14,-3.62,-567.33,-253.17,0.003,27.93,21.33,0.16,0.0143,2.2409,12.21,25545.68,7.4,94.37,7.91,-0,-0.9997,153.23,154.79,122.13,24.99,Cornering,"Hoosier 43075 16x7.5-10 R20, 7 inch rim",6656
78.28,418.15,-4.81,-566.86,-252.28,0.006,27.98,22.16,0.03,0.0191,2.247,12.18,158952.84,7.4,94.33,7.87,-0,-1,153.27,154.79,122.05,25.01,Cornering,"Hoosier 43075 16x7.5-10 R20, 7 inch rim",6657
78.31,418.16,-6.62,-567.33,-253.61,0.006,29.12,23.06,0.09,0.0261,2.237,12.12,44060.45,7.4,94.24,7.84,-0,-0.9998,153.23,154.84,122.01,25.01,Cornering,"Hoosier 43075 16x7.5-10 R20, 7 inch rim",6658
78.31,418.17,-7.72,-569.05,-255.68,0.003,29.11,24.51,0.16,0.0302,2.2256,12.04,25564.23,7.4,94.22,7.797,-0,-0.9997,153.16,154.84,122.11,25,Cornering,"Hoosier 43075 16x7.5-10 R20, 7 inch rim",6659
78.29,418.18,-8.02,-570.47,-257.67,0.001,29.1,26.03,0.09,0.0311,2.2139,11.98,44039.96,7.4,94.21,7.739,-0,-0.9998,152.91,154.73,122.25,25,Cornering,"Hoosier 43075 16x7.5-10 R20, 7 inch rim",6660
78.29,418.19,-7.23,-572.05,-260.21,0.013,28.96,27.61,0.09,0.0278,2.1984,11.97,44033.05,7.4,94.2,7.706,-0,-0.9998,152.61,154.46,122.41,24.99,Cornering,"Hoosier 43075 16x7.5-10 R20, 7 inch rim",6661
78.32,418.2,-6.47,-572.83,-262.84,0.003,29.91,27.72,0.09,0.0246,2.1793,12,44048.12,7.4,94.21,7.658,-0,-0.9998,152.31,154.35,122.56,25,Cornering,"Hoosier 43075 16x7.5-10 R20, 7 inch rim",6662
78.31,418.21,-5.4,-571.58,-262.99,0.001,29.64,27.17,0.03,0.0206,2.1734,12.04,159082.22,7.4,94.26,7.615,-0,-1,152.09,154.29,122.64,25.01,Cornering,"Hoosier 43075 16x7.5-10 R20, 7 inch rim",6663
78.28,418.22,-3.88,-568.79,-261.76,0.009,28.81,26.74,0.03,0.0148,2.173,12.11,159095.97,7.4,94.27,7.576,-0,-1,152.01,154.26,122.54,25.01,Cornering,"Hoosier 43075 16x7.5-10 R20, 7 inch rim",6664
78.3,418.23,-1.96,-565.2,-259.7,0.004,28.48,26.54,-0.04,0.0075,2.1763,12.08,-98858.59,7.4,94.29,7.545,-0,-1.0001,151.98,154.15,122.47,25,Cornering,"Hoosier 43075 16x7.5-10 R20, 7 inch rim",6665
78.31,418.24,-0.77,-561.61,-256.51,-0.002,27.82,26.72,0.09,0.003,2.1894,12.06,44034.35,7.4,94.32,7.486,-0,-0.9998,151.98,154.07,122.43,24.98,Cornering,"Hoosier 43075 16x7.5-10 R20, 7 inch rim",6666
78.29,418.25,-0.55,-559.13,-254.51,0.009,27.45,27.21,0.09,0.0022,2.1969,11.98,43996.39,7.4,94.36,7.456,-0,-0.9998,151.98,153.96,122.43,24.96,Cornering,"Hoosier 43075 16x7.5-10 R20, 7 inch rim",6667
78.29,418.26,-1.35,-557.88,-253.53,0.004,27.42,28.28,0.09,0.0053,2.2005,11.95,43968.76,7.4,94.41,7.424,-0,-0.9998,152.07,153.87,122.35,24.94,Cornering,"Hoosier 43075 16x7.5-10 R20, 7 inch rim",6668
78.32,418.27,-3.23,-557.58,-254.04,0.01,28.1,29.08,0.23,0.0127,2.1949,11.97,17979,7.4,94.39,7.383,-0,-0.9996,152.16,153.89,122.35,24.94,Cornering,"Hoosier 43075 16x7.5-10 R20, 7 inch rim",6669
78.3,418.28,-4.89,-558.67,-255.84,-0.003,28.48,30.06,0.09,0.0191,2.1836,12.05,44017.57,7.4,94.4,7.341,-0,-0.9998,152.09,153.91,122.39,24.96,Cornering,"Hoosier 43075 16x7.5-10 R20, 7 inch rim",6670
78.28,418.29,-6.97,-559.78,-257.79,0.003,28.39,29.98,0.16,0.027,2.1714,12.14,25568.67,7.4,94.4,7.301,-0,-0.9997,151.9,153.85,122.62,24.98,Cornering,"Hoosier 43075 16x7.5-10 R20, 7 inch rim",6671
78.3,418.3,-7.35,-560.87,-260.62,-0.005,29,30.5,0.16,0.0282,2.152,12.2,25576.88,7.41,94.39,7.26,-0,-0.9997,151.64,153.74,122.8,24.98,Cornering,"Hoosier 43075 16x7.5-10 R20, 7 inch rim",6672
78.33,418.31,-6.82,-561.36,-262.9,0.006,29.4,30.43,0.09,0.0259,2.1353,12.17,44070.2,7.4,94.35,7.217,-0,-0.9998,151.34,153.49,123,24.98,Cornering,"Hoosier 43075 16x7.5-10 R20, 7 inch rim",6673
78.29,418.32,-5.94,-560.89,-264.26,-0.002,29.6,29.83,0.09,0.0225,2.1225,12.11,44062.65,7.41,94.32,7.188,-0,-0.9998,151.1,153.41,123.1,24.98,Cornering,"Hoosier 43075 16x7.5-10 R20, 7 inch rim",6674
78.28,418.33,-4.7,-559.18,-263.55,0.007,29.06,28.83,0.03,0.0178,2.1218,12.02,159129.45,7.4,94.31,7.158,-0,-1,150.91,153.34,123.08,25,Cornering,"Hoosier 43075 16x7.5-10 R20, 7 inch rim",6675
78.31,418.34,-3.1,-556.38,-261.56,0.012,28.06,27.88,0.09,0.0119,2.1272,11.93,44120.27,7.4,94.3,7.118,-0,-0.9998,150.85,153.3,122.96,25.01,Cornering,"Hoosier 43075 16x7.5-10 R20, 7 inch rim",6676
78.31,418.35,-2.05,-553.1,-258.33,0.001,27.01,27.28,0.16,0.0079,2.1411,11.95,25617.03,7.41,94.26,7.065,-0,-0.9997,150.83,153.25,122.94,25.01,Cornering,"Hoosier 43075 16x7.5-10 R20, 7 inch rim",6677
78.28,418.36,-2.02,-549.97,-255.86,-0.005,27.01,27.02,0.16,0.0079,2.1495,11.99,25612.69,7.41,94.22,7.035,-0,-0.9997,150.78,153.19,122.88,25.01,Cornering,"Hoosier 43075 16x7.5-10 R20, 7 inch rim",6678
78.3,418.37,-3.08,-547.8,-254.72,0.001,27.45,27.13,0.16,0.0121,2.1506,12.08,25603,7.41,94.16,6.993,-0,-0.9997,150.8,153.12,122.86,25,Cornering,"Hoosier 43075 16x7.5-10 R20, 7 inch rim",6679
78.32,418.38,-5.31,-546.72,-254.18,0.007,27.48,27.11,0.09,0.0209,2.1509,12.14,44104.71,7.41,94.13,6.952,-0,-0.9998,150.83,153.16,122.78,24.99,Cornering,"Hoosier 43075 16x7.5-10 R20, 7 inch rim",6680
78.3,418.39,-6.67,-546.41,-255.08,-0.003,27.44,28.35,0.16,0.0261,2.1421,12.14,25595.39,7.41,94.11,6.912,-0,-0.9997,150.76,153.19,122.82,24.98,Cornering,"Hoosier 43075 16x7.5-10 R20, 7 inch rim",6681
78.28,418.4,-8.36,-546.89,-257.52,0.001,28.17,28.87,0.09,0.0324,2.1237,12.07,44101.39,7.41,94.1,6.875,-0,-0.9998,150.57,153.19,122.96,24.98,Cornering,"Hoosier 43075 16x7.5-10 R20, 7 inch rim",6682
78.31,418.41,-8.79,-547.84,-260.58,-0.005,28.87,29.8,0.09,0.0337,2.1024,12.01,44105.45,7.41,94.13,6.829,-0,-0.9998,150.29,152.97,123.04,24.98,Cornering,"Hoosier 43075 16x7.5-10 R20, 7 inch rim",6683
78.32,418.42,-7.71,-548.64,-263.85,0.013,29.9,31.15,0.09,0.0292,2.0794,11.95,44119.46,7.41,94.17,6.786,-0,-0.9998,149.97,152.72,123.1,24.99,Cornering,"Hoosier 43075 16x7.5-10 R20, 7 inch rim",6684
78.28,418.43,-6.77,-548.81,-265.17,0.01,29.09,31,0.09,0.0255,2.0696,11.96,44112.23,7.41,94.23,6.751,-0,-0.9998,149.62,152.59,123.06,24.98,Cornering,"Hoosier 43075 16x7.5-10 R20, 7 inch rim",6685
78.3,418.44,-5.24,-547.25,-264.75,-0,28.67,30.82,0.16,0.0198,2.067,12.02,25611.64,7.41,94.29,6.71,-0,-0.9997,149.43,152.48,122.94,24.99,Cornering,"Hoosier 43075 16x7.5-10 R20, 7 inch rim",6686
78.32,418.45,-3.7,-544.61,-263.3,0.007,27.8,30.08,0.16,0.0141,2.0684,12.1,25619.73,7.41,94.33,6.667,-0,-0.9997,149.26,152.37,122.6,25,Cornering,"Hoosier 43075 16x7.5-10 R20, 7 inch rim",6687
78.3,418.46,-2.37,-541.02,-260.48,0.01,26.85,29.58,0.16,0.0091,2.0771,12.14,25632.97,7.41,94.36,6.64,-0,-0.9997,149.17,152.24,122.39,25.01,Cornering,"Hoosier 43075 16x7.5-10 R20, 7 inch rim",6688
78.28,418.47,-1.59,-537.76,-257.39,0.013,25.72,29.83,0.09,0.0062,2.0892,12.11,44167.11,7.41,94.34,6.59,-0,-0.9998,149.09,152.08,122.17,25.01,Cornering,"Hoosier 43075 16x7.5-10 R20, 7 inch rim",6689
78.31,418.48,-2.29,-534.16,-255.37,0.003,26.36,29.92,0.09,0.009,2.0917,12.08,44181.23,7.41,94.3,6.544,-0,-0.9998,149.11,152.02,121.99,25.01,Cornering,"Hoosier 43075 16x7.5-10 R20, 7 inch rim",6690
78.33,418.49,-3.85,-531.98,-255,-0.003,27.12,30.51,0.09,0.0151,2.0862,12,44174.37,7.41,94.25,6.504,-0,-0.9998,149.13,152.02,121.85,25.01,Cornering,"Hoosier 43075 16x7.5-10 R20, 7 inch rim",6691
78.29,418.5,-5.4,-531.22,-255.83,0.01,27.16,31.49,0.09,0.0211,2.0765,11.9,44146.05,7.41,94.22,6.475,-0,-0.9998,149.11,152.02,121.73,24.99,Cornering,"Hoosier 43075 16x7.5-10 R20, 7 inch rim",6692
78.29,418.51,-6.69,-531.07,-258.33,0.001,28.52,32.55,0.09,0.0259,2.0558,11.87,44129.5,7.42,94.23,6.428,-0,-0.9998,149.02,151.93,121.85,24.98,Cornering,"Hoosier 43075 16x7.5-10 R20, 7 inch rim",6693
78.32,418.52,-6.89,-531.72,-261.1,0.004,28.56,33.99,0.09,0.0264,2.0364,11.91,44102.79,7.42,94.26,6.379,-0,-0.9998,148.74,151.75,122.15,24.96,Cornering,"Hoosier 43075 16x7.5-10 R20, 7 inch rim",6694
78.3,418.53,-7.27,-532.51,-264.01,0.007,28.79,33.91,0.09,0.0275,2.017,11.98,44115.5,7.42,94.31,6.349,-0,-0.9998,148.51,151.53,122.43,24.97,Cornering,"Hoosier 43075 16x7.5-10 R20, 7 inch rim",6695
78.28,418.54,-6.33,-532.84,-266.01,0.01,28.53,34.1,0.16,0.0238,2.0031,12.08,25601.38,7.42,94.33,6.31,-0,-0.9997,148.23,151.31,122.74,24.96,Cornering,"Hoosier 43075 16x7.5-10 R20, 7 inch rim",6696
78.3,418.55,-5.01,-532.06,-265.89,-0.006,27.5,33.65,-0.04,0.0188,2.0011,12.12,-98954.45,7.42,94.33,6.263,-0,-1.0001,147.97,151.2,122.9,24.96,Cornering,"Hoosier 43075 16x7.5-10 R20, 7 inch rim",6697
78.32,418.56,-3.79,-529.72,-264.38,-0.005,26.4,32.61,0.09,0.0143,2.0037,12.11,44146.17,7.42,94.32,6.223,-0,-0.9998,147.84,151.07,123,24.98,Cornering,"Hoosier 43075 16x7.5-10 R20, 7 inch rim",6698
78.29,418.57,-2.2,-526.46,-261.94,0.001,25.33,31.98,0.03,0.0084,2.0098,12.07,159246.88,7.42,94.31,6.186,-0,-1,147.71,150.92,123.12,24.97,Cornering,"Hoosier 43075 16x7.5-10 R20, 7 inch rim",6699
78.29,418.58,-1.48,-522.57,-259.24,0.01,25.1,31.81,0.09,0.0057,2.0158,11.98,44131.95,7.42,94.29,6.144,-0,-0.9998,147.65,150.65,123.18,24.97,Cornering,"Hoosier 43075 16x7.5-10 R20, 7 inch rim",6700
78.32,418.59,-2.2,-518.51,-256.66,0.003,25.37,31.38,0.09,0.0086,2.0202,11.95,44155.37,7.42,94.24,6.107,-0,-0.9998,147.56,150.54,123.28,24.98,Cornering,"Hoosier 43075 16x7.5-10 R20, 7 inch rim",6701
78.31,418.6,-3.39,-515.71,-255.89,0.003,26.15,32.06,0.03,0.0132,2.0154,12,159424.11,7.42,94.26,6.083,-0,-1,147.63,150.46,123.38,24.99,Cornering,"Hoosier 43075 16x7.5-10 R20, 7 inch rim",6702
78.29,418.61,-5.2,-514.16,-256.64,0.003,26.6,32.83,0.16,0.0202,2.0034,12.06,25656.06,7.42,94.27,6.027,-0,-0.9997,147.65,150.46,123.49,25,Cornering,"Hoosier 43075 16x7.5-10 R20, 7 inch rim",6703
78.31,418.62,-6.44,-512.93,-258.68,0.007,28.28,34.05,0.03,0.0249,1.9829,12.12,159489.92,7.42,94.3,5.98,-0,-1,147.61,150.39,123.71,25,Cornering,"Hoosier 43075 16x7.5-10 R20, 7 inch rim",6704
78.32,418.63,-7.35,-513.1,-261.09,0.004,28.34,34.89,0.16,0.0282,1.9652,12.12,25653.63,7.42,94.31,5.948,-0,-0.9997,147.39,150.26,124.03,25,Cornering,"Hoosier 43075 16x7.5-10 R20, 7 inch rim",6705
78.3,418.64,-7.28,-513.9,-264.26,0.006,28.31,35.53,0.09,0.0275,1.9447,12.08,44191,7.42,94.33,5.911,-0,-0.9998,147.16,150.08,124.25,24.99,Cornering,"Hoosier 43075 16x7.5-10 R20, 7 inch rim",6706
78.28,418.65,-6.56,-514.38,-266.56,-0.002,27.7,35.73,0.16,0.0246,1.9297,12.01,25645.26,7.43,94.36,5.868,-0,-0.9997,146.94,149.91,124.54,24.98,Cornering,"Hoosier 43075 16x7.5-10 R20, 7 inch rim",6707
78.32,418.66,-5.24,-514.24,-267.7,0.01,26.9,35.4,0.09,0.0196,1.921,11.92,44196.94,7.43,94.37,5.832,-0,-0.9998,146.73,149.82,124.72,24.99,Cornering,"Hoosier 43075 16x7.5-10 R20, 7 inch rim",6708
78.31,418.67,-4.16,-512.69,-266.98,0.013,25.89,34.24,0.09,0.0156,1.9203,11.91,44210.18,7.42,94.38,5.792,-0,-0.9998,146.47,149.73,124.76,25,Cornering,"Hoosier 43075 16x7.5-10 R20, 7 inch rim",6709
78.28,418.68,-3.03,-510.03,-264.28,-0.005,24.34,33.1,0.16,0.0115,1.9299,11.95,25668.25,7.43,94.42,5.749,-0,-0.9997,146.36,149.58,124.8,25,Cornering,"Hoosier 43075 16x7.5-10 R20, 7 inch rim",6710
78.3,418.69,-2.06,-505.98,-261.43,0.006,24.13,32.78,0.09,0.0079,1.9354,12.02,44236.08,7.43,94.42,5.719,-0,-0.9998,146.23,149.29,124.84,25.01,Cornering,"Hoosier 43075 16x7.5-10 R20, 7 inch rim",6711
78.32,418.7,-2.4,-502.08,-258.85,-0,24.41,32.43,0.23,0.0093,1.9397,12.13,18083.81,7.43,94.41,5.675,-0,-0.9996,146.17,149.09,124.88,25,Cornering,"Hoosier 43075 16x7.5-10 R20, 7 inch rim",6712
78.3,418.71,-3.03,-498.18,-257.05,-0.003,25.53,33.52,0.09,0.0118,1.9381,12.15,44201.01,7.43,94.42,5.637,-0,-0.9998,146,148.98,124.9,24.98,Cornering,"Hoosier 43075 16x7.5-10 R20, 7 inch rim",6713
78.28,418.72,-4.91,-495.7,-256.84,-0.003,25.99,34.16,0.16,0.0191,1.93,12.14,25645.14,7.44,94.39,5.592,-0,-0.9997,146.02,148.96,125,24.97,Cornering,"Hoosier 43075 16x7.5-10 R20, 7 inch rim",6714
78.31,418.73,-6.41,-494.16,-258.62,0.004,27.4,35.24,0.09,0.0248,1.9107,12.08,44155.78,7.43,94.39,5.553,-0,-0.9998,146.02,148.87,125.2,24.96,Cornering,"Hoosier 43075 16x7.5-10 R20, 7 inch rim",6715
78.31,418.74,-7.52,-493.72,-261.15,0.017,27.34,36.09,0.09,0.0288,1.8905,12,44148.36,7.43,94.32,5.513,-0,-0.9998,145.87,148.72,125.45,24.95,Cornering,"Hoosier 43075 16x7.5-10 R20, 7 inch rim",6716
78.28,418.75,-7.55,-494.05,-264.79,0.007,27.77,36.97,0.09,0.0285,1.8658,11.94,44120.5,7.43,94.3,5.471,-0,-0.9998,145.63,148.56,125.67,24.93,Cornering,"Hoosier 43075 16x7.5-10 R20, 7 inch rim",6717
78.29,418.76,-6.91,-494.53,-267.17,-0.003,26.72,37.35,0.09,0.0259,1.851,11.96,44103.07,7.44,94.31,5.427,-0,-0.9998,145.38,148.37,125.87,24.92,Cornering,"Hoosier 43075 16x7.5-10 R20, 7 inch rim",6718
78.33,418.77,-5.38,-494.87,-269.1,0.013,25.53,37.61,0.09,0.02,1.839,12,44105.83,7.44,94.31,5.387,-0,-0.9998,145.1,148.21,126.03,24.92,Cornering,"Hoosier 43075 16x7.5-10 R20, 7 inch rim",6719
78.3,418.78,-4.49,-493.48,-268.57,0.019,24.48,36.42,0.03,0.0167,1.8375,12.08,159249.17,7.44,94.27,5.344,-0,-1,144.93,148.03,126.01,24.93,Cornering,"Hoosier 43075 16x7.5-10 R20, 7 inch rim",6720
78.28,418.79,-2.86,-490.67,-266.65,0.009,24.23,35.95,0.09,0.0107,1.8401,12.11,44142.07,7.44,94.29,5.307,-0,-0.9998,144.8,147.92,126.01,24.94,Cornering,"Hoosier 43075 16x7.5-10 R20, 7 inch rim",6721
78.3,418.8,-2.5,-486.76,-262.65,0.001,23.11,35,0.09,0.0095,1.8533,12.07,44186.39,7.44,94.3,5.258,-0,-0.9998,144.67,147.68,126.05,24.96,Cornering,"Hoosier 43075 16x7.5-10 R20, 7 inch rim",6722
78.32,418.81,-2.29,-482.71,-259.67,0.006,23.2,35.13,0.09,0.0088,1.8589,11.99,44188.68,7.44,94.33,5.224,-0,-0.9998,144.67,147.46,126.07,24.96,Cornering,"Hoosier 43075 16x7.5-10 R20, 7 inch rim",6723
78.29,418.82,-3.35,-478.5,-257.75,0.007,24.36,35.42,0.16,0.013,1.8564,11.89,25649.63,7.44,94.37,5.181,-0,-0.9997,144.58,147.35,126.09,24.96,Cornering,"Hoosier 43075 16x7.5-10 R20, 7 inch rim",6724
78.29,418.83,-4.36,-475.7,-257.31,0.003,25.23,36.74,0.23,0.0169,1.8487,11.9,18078,7.44,94.41,5.138,-0,-0.9996,144.58,147.33,126.13,24.97,Cornering,"Hoosier 43075 16x7.5-10 R20, 7 inch rim",6725
78.32,418.84,-5.96,-474.16,-258,0.01,25.44,37.79,0.16,0.0231,1.8378,11.93,25688.15,7.44,94.41,5.108,-0,-0.9997,144.58,147.35,126.21,25,Cornering,"Hoosier 43075 16x7.5-10 R20, 7 inch rim",6726
78.31,418.85,-7.26,-473.08,-260.55,0.001,26.68,38.51,0.16,0.0279,1.8157,12.01,25701.62,7.45,94.39,5.066,-0,-0.9997,144.47,147.24,126.5,25.01,Cornering,"Hoosier 43075 16x7.5-10 R20, 7 inch rim",6727
78.29,418.86,-7.67,-472.78,-263.12,-0.007,26.46,39.31,0.16,0.0292,1.7968,12.08,25697.32,7.45,94.41,5.022,-0,-0.9997,144.37,146.98,126.8,25,Cornering,"Hoosier 43075 16x7.5-10 R20, 7 inch rim",6728
78.3,418.87,-6.94,-473.6,-265.91,0.012,25.31,40.16,0.16,0.0261,1.781,12.11,25698.22,7.45,94.43,4.997,-0,-0.9997,144.11,146.74,126.98,25,Cornering,"Hoosier 43075 16x7.5-10 R20, 7 inch rim",6729
78.32,418.88,-5.85,-473.78,-267.87,0.01,24.3,40.14,0.23,0.0218,1.7687,12.09,18095.55,7.45,94.46,4.949,-0,-0.9996,143.9,146.54,127.12,24.99,Cornering,"Hoosier 43075 16x7.5-10 R20, 7 inch rim",6730
78.3,418.89,-4.36,-473,-268.16,0.001,23.63,39.54,0.09,0.0163,1.7639,12,44219.43,7.45,94.51,4.906,-0,-0.9998,143.77,146.3,127.1,24.97,Cornering,"Hoosier 43075 16x7.5-10 R20, 7 inch rim",6731
78.29,418.9,-3.04,-470.82,-266.42,0.001,22.47,38.52,0.09,0.0114,1.7672,11.93,44201.65,7.45,94.57,4.861,-0,-0.9998,143.66,146.19,127.1,24.96,Cornering,"Hoosier 43075 16x7.5-10 R20, 7 inch rim",6732
78.32,418.91,-2.11,-467.24,-263.66,0.01,22.23,37.77,0.16,0.008,1.7721,11.9,25662.74,7.45,94.61,4.826,-0,-0.9997,143.53,145.99,127.08,24.96,Cornering,"Hoosier 43075 16x7.5-10 R20, 7 inch rim",6733
78.3,418.92,-1.93,-462.54,-260.69,-0.002,23.12,37.3,0.03,0.0074,1.7743,11.95,159676.5,7.45,94.63,4.78,-0,-1,143.42,145.75,127.1,24.98,Cornering,"Hoosier 43075 16x7.5-10 R20, 7 inch rim",6734
78.28,418.93,-2.52,-457.87,-257.6,0.004,23.25,37.69,0.09,0.0098,1.7774,12.03,44291.02,7.45,94.68,4.743,-0,-0.9998,143.4,145.59,127.14,25,Cornering,"Hoosier 43075 16x7.5-10 R20, 7 inch rim",6735
78.3,418.94,-3.82,-453.83,-256.5,0.007,24.18,38.65,0.09,0.0149,1.7693,12.08,44313.79,7.46,94.7,4.705,-0,-0.9998,143.36,145.57,127.14,25.01,Cornering,"Hoosier 43075 16x7.5-10 R20, 7 inch rim",6736
78.32,418.95,-5.51,-451.35,-256.9,0.01,24.69,39.66,0.03,0.0215,1.7569,12.08,159883.16,7.46,94.74,4.681,-0,-1,143.36,145.55,127.24,25.01,Cornering,"Hoosier 43075 16x7.5-10 R20, 7 inch rim",6737
78.29,418.96,-7.08,-449.8,-258.32,-0.003,24.44,40.51,0.03,0.0274,1.7412,12.01,159782.95,7.46,94.74,4.629,-0,-1,143.27,145.46,127.45,24.99,Cornering,"Hoosier 43075 16x7.5-10 R20, 7 inch rim",6738
78.28,418.97,-7.84,-450,-261.44,0.013,23.94,41.24,0.16,0.03,1.7213,11.92,25682.74,7.46,94.71,4.592,-0,-0.9997,143.1,145.26,127.71,24.97,Cornering,"Hoosier 43075 16x7.5-10 R20, 7 inch rim",6739
78.31,418.98,-7.67,-450.18,-264.94,0.007,23.6,41.54,0.09,0.029,1.6992,11.86,44261,7.46,94.66,4.555,-0,-0.9998,142.84,145.09,127.91,24.98,Cornering,"Hoosier 43075 16x7.5-10 R20, 7 inch rim",6740
78.31,418.99,-6.98,-450.82,-267.89,0.004,22.86,41.23,0.09,0.026,1.6829,11.86,44252.61,7.46,94.61,4.522,-0,-0.9998,142.65,144.91,128.07,24.97,Cornering,"Hoosier 43075 16x7.5-10 R20, 7 inch rim",6741
78.28,419,-5.47,-450.37,-269.2,0.009,22.14,40.9,0.03,0.0203,1.673,11.91,159701.56,7.46,94.61,4.486,-0,-1,142.48,144.73,128.13,24.97,Cornering,"Hoosier 43075 16x7.5-10 R20, 7 inch rim",6742
78.3,419.01,-4.46,-448.18,-267.51,-0.002,21.24,39.56,0.09,0.0167,1.6754,12.02,44226.66,7.46,94.59,4.436,-0,-0.9998,142.35,144.56,128.17,24.96,Cornering,"Hoosier 43075 16x7.5-10 R20, 7 inch rim",6743
78.32,419.02,-3.58,-444.45,-264.77,0.013,21.25,38.4,0.09,0.0135,1.6786,12.11,44217.9,7.46,94.55,4.409,-0,-0.9998,142.18,144.47,128.15,24.95,Cornering,"Hoosier 43075 16x7.5-10 R20, 7 inch rim",6744
78.3,419.03,-3.23,-439.91,-260.43,-0,20.34,37.74,0.16,0.0124,1.6892,12.14,25672.51,7.46,94.54,4.359,-0,-0.9997,142.14,144.36,128.19,24.96,Cornering,"Hoosier 43075 16x7.5-10 R20, 7 inch rim",6745
78.29,419.04,-3.76,-434.62,-257.36,0.007,21.16,37.62,0.16,0.0146,1.6888,12.11,25685.97,7.46,94.49,4.31,-0,-0.9997,142.11,144.16,128.27,24.97,Cornering,"Hoosier 43075 16x7.5-10 R20, 7 inch rim",6746
78.31,419.05,-5.06,-429.64,-256.3,0.01,22.69,38.27,-0.04,0.0197,1.6763,12.03,-99229.5,7.47,94.45,4.287,-0,-1.0001,142.07,144.14,128.36,24.96,Cornering,"Hoosier 43075 16x7.5-10 R20, 7 inch rim",6747
78.32,419.06,-6.57,-426.54,-256.01,0.013,22.62,39.3,0.09,0.0257,1.6661,11.96,44237.22,7.47,94.41,4.243,-0,-0.9998,142.05,144.09,128.5,24.96,Cornering,"Hoosier 43075 16x7.5-10 R20, 7 inch rim",6748
78.29,419.07,-8.15,-424.38,-258.12,0.013,22.94,40.2,0.09,0.0316,1.6441,11.95,44228.77,7.47,94.36,4.208,-0,-0.9998,142.01,144.05,128.72,24.95,Cornering,"Hoosier 43075 16x7.5-10 R20, 7 inch rim",6749
78.29,419.08,-8.98,-423.78,-261.01,0.003,22.34,41,0.16,0.0344,1.6236,11.97,25684.53,7.47,94.36,4.164,-0,-0.9997,141.9,143.92,129.02,24.96,Cornering,"Hoosier 43075 16x7.5-10 R20, 7 inch rim",6750
78.31,419.09,-8.52,-423.2,-264.32,0.014,21.65,41.95,0.03,0.0322,1.6011,12.04,159921.83,7.47,94.37,4.118,-0,-1,141.69,143.7,129.26,25,Cornering,"Hoosier 43075 16x7.5-10 R20, 7 inch rim",6751
78.3,419.1,-7.38,-423.06,-267.79,0.003,21.66,42.31,0.03,0.0275,1.5798,12.11,159968.22,7.47,94.36,4.068,-0,-1,141.47,143.59,129.45,25,Cornering,"Hoosier 43075 16x7.5-10 R20, 7 inch rim",6752
78.28,419.11,-6.19,-422.15,-268.79,0.016,20.47,42.06,0.09,0.023,1.5706,12.09,44330.51,7.47,94.38,4.029,-0,-0.9998,141.32,143.41,129.51,25,Cornering,"Hoosier 43075 16x7.5-10 R20, 7 inch rim",6753
78.31,419.12,-4.81,-420.13,-268.36,0.014,20.16,41.15,0.16,0.0179,1.5656,12.04,25713.15,7.47,94.38,4.004,-0,-0.9997,141.17,143.24,129.47,24.98,Cornering,"Hoosier 43075 16x7.5-10 R20, 7 inch rim",6754
78.32,419.13,-3.66,-416.69,-265.37,0.003,19.27,40.24,0.03,0.0138,1.5702,11.94,159840.14,7.47,94.39,3.956,-0,-1,141.11,143.15,129.51,24.98,Cornering,"Hoosier 43075 16x7.5-10 R20, 7 inch rim",6755
78.29,419.14,-3.05,-412.17,-261.63,0.004,18.82,39.49,0.09,0.0117,1.5754,11.91,44275.03,7.47,94.41,3.905,-0,-0.9998,141.02,143.02,129.49,24.97,Cornering,"Hoosier 43075 16x7.5-10 R20, 7 inch rim",6756
78.29,419.15,-3.32,-406.71,-258.29,0.004,19.05,39.17,0.09,0.0129,1.5746,11.92,44296.63,7.48,94.38,3.883,-0,-0.9998,140.96,142.88,129.55,24.98,Cornering,"Hoosier 43075 16x7.5-10 R20, 7 inch rim",6757
78.32,419.16,-4.27,-401.57,-256.59,-0.003,19.95,39.63,0.09,0.0167,1.565,11.97,44319.54,7.48,94.31,3.835,-0,-0.9998,141,142.75,129.59,24.99,Cornering,"Hoosier 43075 16x7.5-10 R20, 7 inch rim",6758
78.3,419.17,-6.04,-397.22,-256.84,0.001,21.26,40.19,0.09,0.0235,1.5466,12.08,44372.98,7.48,94.28,3.792,-0,-0.9998,141,142.8,129.73,25.02,Cornering,"Hoosier 43075 16x7.5-10 R20, 7 inch rim",6759
78.29,419.18,-7.47,-394.29,-257.45,0.001,20.46,41.21,0.03,0.029,1.5315,12.17,160135.64,7.48,94.27,3.75,-0,-1,141,142.75,129.93,25.02,Cornering,"Hoosier 43075 16x7.5-10 R20, 7 inch rim",6760
78.3,419.19,-8.59,-392.93,-260.23,0.013,20.12,41.73,0.09,0.033,1.51,12.17,44386.82,7.48,94.27,3.716,-0,-0.9998,140.93,142.64,130.17,25.03,Cornering,"Hoosier 43075 16x7.5-10 R20, 7 inch rim",6761
78.32,419.2,-8.85,-391.39,-263.88,-0.002,20.44,41.99,0.09,0.0335,1.4832,12.11,44347.8,7.48,94.27,3.67,-0,-0.9998,140.78,142.42,130.42,25,Cornering,"Hoosier 43075 16x7.5-10 R20, 7 inch rim",6762
78.3,419.21,-8.47,-390.64,-267.1,-0,20,41.93,-0.04,0.0317,1.4625,12.02,-99463.65,7.48,94.27,3.633,-0,-1.0001,140.51,142.29,130.62,25,Cornering,"Hoosier 43075 16x7.5-10 R20, 7 inch rim",6763
78.29,419.22,-7.04,-389.88,-269.41,-0.003,19.22,41.75,0.23,0.0261,1.4472,11.92,18112.89,7.48,94.29,3.586,-0,-0.9996,140.31,142.14,130.76,24.97,Cornering,"Hoosier 43075 16x7.5-10 R20, 7 inch rim",6764
78.32,419.23,-5.75,-387.71,-268.49,-0.003,17.93,40.82,0.16,0.0214,1.4441,11.88,25719.63,7.48,94.24,3.548,-0,-0.9997,140.14,142,130.72,24.98,Cornering,"Hoosier 43075 16x7.5-10 R20, 7 inch rim",6765
78.32,419.24,-4.19,-384.76,-266.66,0.009,17.31,40.31,0.16,0.0157,1.4429,11.9,25726.59,7.48,94.2,3.51,-0,-0.9997,140.1,141.89,130.74,24.98,Cornering,"Hoosier 43075 16x7.5-10 R20, 7 inch rim",6766
78.28,419.25,-4.01,-380.23,-263.32,0.001,17.38,38.7,0.03,0.0152,1.444,11.97,159922.94,7.49,94.18,3.46,-0,-1,139.99,141.74,130.78,24.98,Cornering,"Hoosier 43075 16x7.5-10 R20, 7 inch rim",6767
78.29,419.26,-4.24,-374.77,-259.8,0.001,17.58,37.98,0.16,0.0163,1.4426,12.04,25722.65,7.49,94.19,3.428,-0,-0.9997,139.93,141.59,130.84,24.98,Cornering,"Hoosier 43075 16x7.5-10 R20, 7 inch rim",6768
78.33,419.27,-4.69,-369.02,-257.98,0.017,18.57,38.53,0.09,0.0182,1.4304,12.06,44329.49,7.49,94.16,3.384,-0,-0.9998,139.93,141.43,130.94,24.98,Cornering,"Hoosier 43075 16x7.5-10 R20, 7 inch rim",6769
78.29,419.28,-6.36,-364.35,-256.57,0.001,18.43,38.69,0.16,0.0248,1.4201,12.04,25742.92,7.49,94.12,3.331,-0,-0.9997,139.95,141.39,131.04,25,Cornering,"Hoosier 43075 16x7.5-10 R20, 7 inch rim",6770
78.29,419.29,-7.7,-360.8,-256.94,0.01,17.77,39.76,0.03,0.03,1.4042,11.97,160021.09,7.49,94.12,3.301,-0,-1,139.97,141.39,131.18,24.99,Cornering,"Hoosier 43075 16x7.5-10 R20, 7 inch rim",6771
78.31,419.3,-8.96,-358.18,-259.87,0.009,18.42,40.29,0.03,0.0345,1.3783,11.9,160100.14,7.49,94.08,3.268,-0,-1,139.93,141.28,131.41,25,Cornering,"Hoosier 43075 16x7.5-10 R20, 7 inch rim",6772
78.31,419.31,-9.33,-356.5,-263.31,0.006,18.5,40.89,0.09,0.0354,1.3539,11.89,44336.19,7.49,94.04,3.219,-0,-0.9998,139.75,141.08,131.63,24.98,Cornering,"Hoosier 43075 16x7.5-10 R20, 7 inch rim",6773
78.28,419.32,-9.04,-355.6,-266.36,0.01,17.35,40.82,0.09,0.0339,1.335,11.93,44368.29,7.49,94.01,3.188,-0,-0.9998,139.52,140.88,131.85,25,Cornering,"Hoosier 43075 16x7.5-10 R20, 7 inch rim",6774
78.3,419.33,-7.93,-354.53,-269.64,0.009,17.73,40.69,0.09,0.0294,1.3148,12.01,44369.35,7.49,93.95,3.16,-0,-0.9998,139.35,140.79,131.95,25,Cornering,"Hoosier 43075 16x7.5-10 R20, 7 inch rim",6775
78.31,419.34,-6.52,-352.51,-269.35,0.003,16.71,39.97,-0.04,0.0242,1.3087,12.08,-99535.2,7.5,93.93,3.114,-0,-1.0001,139.18,140.71,132.05,25,Cornering,"Hoosier 43075 16x7.5-10 R20, 7 inch rim",6776
78.3,419.35,-5.27,-349.55,-267.69,-0.007,15.71,38.77,0.16,0.0197,1.3058,12.08,25754.75,7.5,93.92,3.074,-0,-0.9997,139.07,140.55,132.05,25,Cornering,"Hoosier 43075 16x7.5-10 R20, 7 inch rim",6777
78.28,419.36,-4.28,-345.03,-264.06,-0.003,14.92,37.79,0.16,0.0162,1.3066,12.04,25731.67,7.5,93.94,3.037,-0,-0.9997,139.02,140.46,132.07,24.98,Cornering,"Hoosier 43075 16x7.5-10 R20, 7 inch rim",6778
78.31,419.37,-4.41,-339.27,-260.15,0.009,14.85,36.82,0.09,0.017,1.3041,11.95,44313.83,7.5,93.97,2.996,-0,-0.9998,138.92,140.35,132.13,24.97,Cornering,"Hoosier 43075 16x7.5-10 R20, 7 inch rim",6779
78.32,419.38,-5.19,-333.66,-257.4,0.003,15.06,36.47,0.03,0.0202,1.2963,11.87,159845.38,7.5,94.01,2.961,-0,-1,138.9,140.22,132.28,24.96,Cornering,"Hoosier 43075 16x7.5-10 R20, 7 inch rim",6780
78.29,419.39,-6.55,-328.22,-256.62,0.01,16,36.69,0.03,0.0255,1.279,11.87,159961.2,7.5,94.03,2.927,-0,-1,138.92,140.2,132.38,24.97,Cornering,"Hoosier 43075 16x7.5-10 R20, 7 inch rim",6781
78.3,419.4,-8.88,-323.88,-256.89,0.009,16.22,36.46,0.16,0.0346,1.2608,11.92,25740.59,7.51,94.06,2.897,-0,-0.9997,138.94,140.2,132.5,24.98,Cornering,"Hoosier 43075 16x7.5-10 R20, 7 inch rim",6782
78.32,419.41,-10.05,-320.63,-259.03,-0,16.58,36.97,0.09,0.0388,1.2378,12,44401.29,7.51,94.08,2.851,-0,-0.9998,138.92,140.09,132.68,25.01,Cornering,"Hoosier 43075 16x7.5-10 R20, 7 inch rim",6783
78.3,419.42,-10.98,-318.18,-262.51,0.009,16.59,36.87,0.09,0.0418,1.2121,12.08,44423.14,7.51,94.11,2.814,-0,-0.9998,138.79,139.87,132.92,25.03,Cornering,"Hoosier 43075 16x7.5-10 R20, 7 inch rim",6784
78.28,419.43,-10.3,-316.34,-266.19,0.006,16.81,37.36,0.09,0.0387,1.1884,12.11,44383.49,7.51,94.13,2.769,-0,-0.9998,138.68,139.71,133.04,25,Cornering,"Hoosier 43075 16x7.5-10 R20, 7 inch rim",6785
78.31,419.44,-9.79,-314.66,-268.12,0.001,15.15,36.55,0.09,0.0365,1.1736,12.07,44374.62,7.51,94.19,2.726,-0,-0.9998,138.47,139.52,133.12,25,Cornering,"Hoosier 43075 16x7.5-10 R20, 7 inch rim",6786
78.32,419.45,-8.11,-312.97,-269.2,0.007,14.12,36.25,0.23,0.0301,1.1626,12,18127.03,7.51,94.28,2.686,-0,-0.9996,138.34,139.45,133.19,24.97,Cornering,"Hoosier 43075 16x7.5-10 R20, 7 inch rim",6787
78.29,419.46,-7.13,-310,-268.2,-0,13.71,34.7,0.03,0.0266,1.1559,11.92,159885.09,7.51,94.34,2.636,-0,-1,138.25,139.41,133.14,24.96,Cornering,"Hoosier 43075 16x7.5-10 R20, 7 inch rim",6788
78.29,419.47,-6.42,-305.8,-265.37,0.009,13.45,33.36,0.09,0.0242,1.1524,11.89,44306.72,7.51,94.37,2.598,-0,-0.9998,138.15,139.3,133.21,24.96,Cornering,"Hoosier 43075 16x7.5-10 R20, 7 inch rim",6789
78.32,419.48,-6.07,-300.19,-260.86,0.009,12.25,32.43,0.09,0.0233,1.1508,11.94,44297.98,7.51,94.4,2.547,-0,-0.9998,138.04,139.21,133.31,24.95,Cornering,"Hoosier 43075 16x7.5-10 R20, 7 inch rim",6790
78.31,419.49,-6.42,-293.65,-258.35,0.007,13.25,32.29,0.23,0.0249,1.1366,12,18116.72,7.51,94.44,2.505,-0,-0.9996,138,139.19,133.35,24.96,Cornering,"Hoosier 43075 16x7.5-10 R20, 7 inch rim",6791
78.28,419.5,-7.08,-287.74,-256.26,0.004,13.42,33.03,0.03,0.0276,1.1228,12.05,159866.73,7.52,94.44,2.466,-0,-1,138.02,139.16,133.45,24.95,Cornering,"Hoosier 43075 16x7.5-10 R20, 7 inch rim",6792
78.3,419.51,-8.8,-281.99,-256.15,0.001,14.13,33.33,0.09,0.0343,1.1009,12.04,44281.05,7.52,94.42,2.424,-0,-0.9998,138.02,139.1,133.55,24.94,Cornering,"Hoosier 43075 16x7.5-10 R20, 7 inch rim",6793
78.32,419.52,-9.61,-277.82,-257.1,0.003,13.89,34.57,0.03,0.0374,1.0806,11.98,159801.09,7.52,94.39,2.383,-0,-1,138,139.05,133.73,24.94,Cornering,"Hoosier 43075 16x7.5-10 R20, 7 inch rim",6794
78.3,419.53,-10.52,-274.9,-260.44,0.013,14.18,35,0.09,0.0404,1.0555,11.91,44283.47,7.52,94.39,2.338,-0,-0.9998,137.89,138.86,133.89,24.94,Cornering,"Hoosier 43075 16x7.5-10 R20, 7 inch rim",6795
78.28,419.54,-10.66,-272.43,-263.71,-0.002,13.94,34.85,0.09,0.0404,1.0331,11.88,44285.07,7.52,94.37,2.28,-0,-0.9998,137.72,138.61,134.01,24.94,Cornering,"Hoosier 43075 16x7.5-10 R20, 7 inch rim",6796
78.31,419.55,-9.85,-270.61,-266.45,0.006,12.53,34.67,0.09,0.037,1.0156,11.88,44296.31,7.52,94.35,2.244,-0,-0.9998,137.57,138.37,134.16,24.94,Cornering,"Hoosier 43075 16x7.5-10 R20, 7 inch rim",6797
78.31,419.56,-8.18,-268.44,-267.84,-0.002,12.03,34.31,0.03,0.0305,1.0022,11.96,159928.89,7.52,94.3,2.215,-0,-1,137.39,138.17,134.2,24.96,Cornering,"Hoosier 43075 16x7.5-10 R20, 7 inch rim",6798
78.28,419.57,-6.31,-265.03,-266.8,0.016,10.98,33.77,0.09,0.0236,0.9934,12.06,44349.34,7.52,94.31,2.184,-0,-0.9998,137.31,138.06,134.26,24.97,Cornering,"Hoosier 43075 16x7.5-10 R20, 7 inch rim",6799
78.3,419.58,-4.79,-260.51,-263.53,0.004,10.11,32.92,0.09,0.0182,0.9885,12.13,44402,7.52,94.28,2.137,-0,-0.9998,137.29,137.93,134.3,25,Cornering,"Hoosier 43075 16x7.5-10 R20, 7 inch rim",6800
78.32,419.59,-4.42,-254.74,-260.09,0.001,10.29,31.88,0.09,0.017,0.9794,12.11,44413.04,7.53,94.27,2.106,-0,-0.9998,137.18,137.78,134.4,25.01,Cornering,"Hoosier 43075 16x7.5-10 R20, 7 inch rim",6801
78.29,419.6,-4.63,-248.03,-257.01,-0.003,11.43,31.34,-0.04,0.018,0.9651,12.05,-99608.66,7.53,94.27,2.061,-0,-1.0001,137.14,137.69,134.52,25,Cornering,"Hoosier 43075 16x7.5-10 R20, 7 inch rim",6802
78.28,419.61,-5.9,-241.5,-255,0.007,12.11,30.95,0.03,0.0231,0.9471,11.95,160131.14,7.53,94.22,2.031,-0,-1,137.14,137.67,134.66,24.98,Cornering,"Hoosier 43075 16x7.5-10 R20, 7 inch rim",6803
78.3,419.62,-7.89,-235.76,-253.96,0.01,11.91,30.59,-0.04,0.031,0.9284,11.86,-99450.33,7.53,94.16,1.998,-0,-1.0001,137.24,137.69,134.8,24.96,Cornering,"Hoosier 43075 16x7.5-10 R20, 7 inch rim",6804
78.3,419.63,-9.65,-231.58,-255.48,0.001,12.45,30.44,0.09,0.0378,0.9064,11.84,44334.03,7.53,94.15,1.965,-0,-0.9998,137.29,137.67,134.92,24.96,Cornering,"Hoosier 43075 16x7.5-10 R20, 7 inch rim",6805
78.27,419.64,-11.02,-228.66,-257.87,0.007,11.75,30.12,0.09,0.0427,0.8867,11.89,44335.02,7.53,94.11,1.92,-0,-0.9998,137.16,137.47,135.04,24.96,Cornering,"Hoosier 43075 16x7.5-10 R20, 7 inch rim",6806
78.29,419.65,-11.6,-226.2,-261.1,-0,11.01,29.49,0.09,0.0444,0.8663,11.95,44387.52,7.53,94.12,1.873,-0,-0.9998,137.03,137.32,135.1,24.99,Cornering,"Hoosier 43075 16x7.5-10 R20, 7 inch rim",6807
78.31,419.66,-11.21,-224.21,-263.67,0.006,9.61,28.8,0.09,0.0425,0.8504,12.04,44408.51,7.53,94.14,1.854,-0,-0.9998,136.88,137.14,135.21,25,Cornering,"Hoosier 43075 16x7.5-10 R20, 7 inch rim",6808
78.29,419.67,-10.65,-222.37,-266.11,0.012,9.53,27.32,0.09,0.04,0.8356,12.08,44419.61,7.53,94.2,1.816,-0,-0.9998,136.75,136.99,135.21,25.01,Cornering,"Hoosier 43075 16x7.5-10 R20, 7 inch rim",6809
78.27,419.68,-9.64,-219.41,-264.95,0.006,8.25,25.67,0.03,0.0364,0.8281,12.03,160077.5,7.53,94.22,1.767,-0,-1,136.62,136.9,135.21,24.97,Cornering,"Hoosier 43075 16x7.5-10 R20, 7 inch rim",6810
78.3,419.69,-8.92,-215.21,-262.95,0.01,8.49,24,0.03,0.0339,0.8184,11.95,160043,7.53,94.22,1.73,-0,-1,136.54,136.85,135.19,24.97,Cornering,"Hoosier 43075 16x7.5-10 R20, 7 inch rim",6811
78.3,419.7,-8.75,-210.05,-258.65,-0.005,7.55,22.34,0.09,0.0338,0.8121,11.89,44298.66,7.54,94.27,1.684,-0,-0.9998,136.49,136.7,135.27,24.94,Cornering,"Hoosier 43075 16x7.5-10 R20, 7 inch rim",6812
78.27,419.71,-8.46,-203.51,-255.18,0.003,8.71,22.17,0.09,0.0332,0.7975,11.89,44289.11,7.54,94.3,1.644,-0,-0.9998,136.36,136.65,135.29,24.93,Cornering,"Hoosier 43075 16x7.5-10 R20, 7 inch rim",6813
78.27,419.72,-9.38,-196.82,-252.9,0.007,9.78,21.93,0.09,0.0371,0.7782,11.93,44310.32,7.54,94.31,1.61,-0,-0.9998,136.34,136.7,135.37,24.94,Cornering,"Hoosier 43075 16x7.5-10 R20, 7 inch rim",6814
78.3,419.73,-10.87,-191.54,-252.1,0.012,9.81,22.21,0.03,0.0431,0.7598,12.01,159905.27,7.54,94.32,1.565,-0,-1,136.41,136.76,135.43,24.94,Cornering,"Hoosier 43075 16x7.5-10 R20, 7 inch rim",6815
78.28,419.74,-11.78,-186.74,-252.71,0.004,9.83,23.08,0.09,0.0466,0.7389,12.09,44311.89,7.54,94.3,1.518,-0,-0.9998,136.45,136.72,135.51,24.94,Cornering,"Hoosier 43075 16x7.5-10 R20, 7 inch rim",6816
78.25,419.75,-12.82,-183.36,-255.05,0.017,8.93,23.59,0.09,0.0503,0.7189,12.13,44302.21,7.54,94.29,1.481,-0,-0.9998,136.36,136.61,135.63,24.94,Cornering,"Hoosier 43075 16x7.5-10 R20, 7 inch rim",6817
78.28,419.76,-13.26,-180.27,-258,0.004,8.31,23.69,0.03,0.0514,0.6987,12.08,159912.45,7.54,94.29,1.444,-0,-1,136.32,136.43,135.69,24.94,Cornering,"Hoosier 43075 16x7.5-10 R20, 7 inch rim",6818
78.29,419.77,-12.22,-177.35,-261.16,0.004,7.63,24.26,0.09,0.0468,0.6791,11.98,44334.41,7.54,94.3,1.396,-0,-0.9998,136.15,136.26,135.77,24.96,Cornering,"Hoosier 43075 16x7.5-10 R20, 7 inch rim",6819
78.26,419.78,-11.03,-175.05,-263.35,-0,6.43,23.79,0.09,0.0419,0.6647,11.89,44365.95,7.54,94.31,1.352,-0,-0.9998,136.02,136.13,135.77,24.97,Cornering,"Hoosier 43075 16x7.5-10 R20, 7 inch rim",6820
78.26,419.79,-9.34,-171.18,-263.13,0.012,5.46,23.39,0.09,0.0355,0.6505,11.86,44376.85,7.54,94.34,1.309,-0,-0.9998,135.89,135.99,135.79,24.98,Cornering,"Hoosier 43075 16x7.5-10 R20, 7 inch rim",6821
78.28,419.8,-8.03,-167.13,-261.43,0.003,5.07,22.3,0.09,0.0307,0.6393,11.89,44377.41,7.55,94.38,1.267,-0,-0.9998,135.81,135.93,135.77,24.98,Cornering,"Hoosier 43075 16x7.5-10 R20, 7 inch rim",6822
78.27,419.81,-7.62,-161.03,-258.11,-0.007,5.9,20.82,0.03,0.0295,0.6239,11.95,160072.23,7.55,94.43,1.224,-0,-1,135.68,135.91,135.79,24.97,Cornering,"Hoosier 43075 16x7.5-10 R20, 7 inch rim",6823
78.24,419.82,-7.45,-154.03,-254.99,0.01,6.89,20.12,0.16,0.0292,0.6041,12.05,25740.2,7.55,94.45,1.184,-0,-0.9997,135.59,135.84,135.79,24.96,Cornering,"Hoosier 43075 16x7.5-10 R20, 7 inch rim",6824
78.26,419.83,-8.27,-147.5,-252.09,0.012,7.13,19.58,0.09,0.0328,0.5851,12.11,44337.77,7.55,94.48,1.141,-0,-0.9998,135.55,135.86,135.85,24.96,Cornering,"Hoosier 43075 16x7.5-10 R20, 7 inch rim",6825
78.28,419.84,-9.11,-141.29,-250.75,0.013,7.04,19.97,0.09,0.0363,0.5635,12.11,44358.88,7.55,94.5,1.096,-0,-0.9998,135.55,135.88,135.91,24.97,Cornering,"Hoosier 43075 16x7.5-10 R20, 7 inch rim",6826
78.25,419.85,-10.72,-136.47,-250.79,-0.003,6.22,19.92,0.03,0.0428,0.5442,12.06,160079.19,7.55,94.52,1.057,-0,-1,135.55,135.91,135.97,24.97,Cornering,"Hoosier 43075 16x7.5-10 R20, 7 inch rim",6827
78.24,419.86,-12.18,-132.32,-252.31,0.012,5.34,19.82,0.03,0.0483,0.5244,11.95,160043.47,7.55,94.52,1.017,-0,-1,135.53,135.84,135.99,24.96,Cornering,"Hoosier 43075 16x7.5-10 R20, 7 inch rim",6828
78.26,419.87,-13.38,-129.24,-255.15,0.004,4.45,18.95,0.03,0.0525,0.5065,11.89,160044.81,7.55,94.52,0.978,-0,-1,135.42,135.64,136.01,24.96,Cornering,"Hoosier 43075 16x7.5-10 R20, 7 inch rim",6829
78.26,419.88,-13.46,-125.86,-258.22,0.013,3.81,18.37,0.03,0.0521,0.4874,11.87,160082.69,7.55,94.5,0.957,-0,-1,135.33,135.47,136.03,24.97,Cornering,"Hoosier 43075 16x7.5-10 R20, 7 inch rim",6830
78.23,419.89,-12.47,-122.46,-260.38,0.004,2.92,17.83,0.09,0.0479,0.4703,11.9,44381.43,7.55,94.47,0.889,-0,-0.9998,135.33,135.31,136.05,24.98,Cornering,"Hoosier 43075 16x7.5-10 R20, 7 inch rim",6831
78.25,419.9,-11.27,-118.44,-260.99,0.014,2.72,16.8,0.09,0.0432,0.4538,11.97,44391.93,7.55,94.47,0.865,-0,-0.9998,135.23,135.18,136.03,24.98,Cornering,"Hoosier 43075 16x7.5-10 R20, 7 inch rim",6832
78.27,419.91,-9.79,-113.29,-259.39,0.003,2.92,15.73,0.03,0.0377,0.4367,12.02,160272.34,7.55,94.48,0.825,-0,-1,135.1,135.16,136.01,25,Cornering,"Hoosier 43075 16x7.5-10 R20, 7 inch rim",6833
78.24,419.92,-8.93,-107.69,-255.92,0.012,2.49,14.2,0.03,0.0349,0.4208,12.03,160199,7.55,94.46,0.786,-0,-1,135.03,135.07,136.03,24.98,Cornering,"Hoosier 43075 16x7.5-10 R20, 7 inch rim",6834
78.23,419.93,-8.81,-101.13,-252.31,0.001,3.36,12.96,0.09,0.0349,0.4008,11.98,44413.32,7.56,94.4,0.751,-0,-0.9998,135.03,135.03,136.07,25,Cornering,"Hoosier 43075 16x7.5-10 R20, 7 inch rim",6835
78.26,419.94,-9.7,-94.58,-249.32,-0.003,4.03,11.75,0.03,0.0389,0.3793,11.87,160200.75,7.56,94.38,0.708,-0,-1,135.01,135.03,136.05,24.98,Cornering,"Hoosier 43075 16x7.5-10 R20, 7 inch rim",6836
78.26,419.95,-10.87,-88.68,-247.87,-0,4.11,11.35,0.03,0.0438,0.3578,11.84,160238.64,7.56,94.32,0.67,-0,-1,134.97,135.11,136.14,24.99,Cornering,"Hoosier 43075 16x7.5-10 R20, 7 inch rim",6837
78.22,419.96,-12.81,-83.56,-248.01,0.004,4.14,10.59,0.03,0.0517,0.3369,11.87,160165.06,7.56,94.28,0.627,-0,-1,134.97,135.16,136.2,24.98,Cornering,"Hoosier 43075 16x7.5-10 R20, 7 inch rim",6838
78.23,419.97,-14.5,-79.4,-248.49,0.012,2.66,9.99,0.09,0.0584,0.3195,11.9,44383.25,7.56,94.19,0.59,-0,-0.9998,134.95,135.09,136.18,24.98,Cornering,"Hoosier 43075 16x7.5-10 R20, 7 inch rim",6839
78.27,419.98,-15.19,-75.86,-251.01,0.009,1.89,9.66,0.09,0.0605,0.3022,11.97,44383.38,7.56,94.11,0.557,-0,-0.9998,134.84,134.92,136.1,24.98,Cornering,"Hoosier 43075 16x7.5-10 R20, 7 inch rim",6840
78.24,419.99,-15.43,-72.15,-253.5,0.001,0.72,8.87,0.03,0.0609,0.2846,12.06,160240.94,7.56,94.07,0.514,-0,-1,134.76,134.74,136.03,24.99,Cornering,"Hoosier 43075 16x7.5-10 R20, 7 inch rim",6841
78.22,420,-14.47,-68.29,-255.96,0.003,0.64,8.48,0.03,0.0565,0.2668,12.05,160129.78,7.56,94.04,0.48,-0,-1,134.71,134.59,135.89,24.97,Cornering,"Hoosier 43075 16x7.5-10 R20, 7 inch rim",6842
78.25,420.01,-13,-63.95,-256.47,-0,0.31,7.75,0.09,0.0507,0.2493,11.99,44383.71,7.56,94.01,0.437,-0,-0.9998,134.65,134.45,135.79,24.98,Cornering,"Hoosier 43075 16x7.5-10 R20, 7 inch rim",6843
78.26,420.02,-11.4,-58.97,-254.36,-0,-0.74,6.96,0.09,0.0448,0.2318,11.89,44383.77,7.56,93.99,0.404,-0,-0.9998,134.58,134.32,135.77,24.98,Cornering,"Hoosier 43075 16x7.5-10 R20, 7 inch rim",6844
78.23,420.03,-10.63,-53.22,-251.85,0.016,-0.22,5.44,0.09,0.0422,0.2113,11.84,44404.41,7.56,93.97,0.371,-0,-0.9998,134.56,134.3,135.69,24.99,Cornering,"Hoosier 43075 16x7.5-10 R20, 7 inch rim",6845
78.23,420.04,-10.66,-46.66,-248.47,0.006,0.59,3.75,0.03,0.0429,0.1878,11.84,160316.47,7.56,93.94,0.32,-0,-1,134.5,134.17,135.71,25,Cornering,"Hoosier 43075 16x7.5-10 R20, 7 inch rim",6846
78.26,420.05,-11.15,-40.43,-246.16,0.006,1.39,2.85,0.09,0.0453,0.1642,11.89,44435.35,7.56,93.92,0.288,-0,-0.9998,134.43,134.21,135.71,25.01,Cornering,"Hoosier 43075 16x7.5-10 R20, 7 inch rim",6847
78.25,420.06,-11.76,-33.9,-244.77,0.003,1.88,2.85,0.16,0.0481,0.1385,11.98,25809.08,7.56,93.92,0.262,-0,-0.9997,134.37,134.28,135.67,25.03,Cornering,"Hoosier 43075 16x7.5-10 R20, 7 inch rim",6848
78.22,420.07,-13,-28.63,-244.69,0.001,1.33,2.62,0.09,0.0531,0.117,12.06,44486.79,7.56,93.91,0.204,-0,-0.9998,134.33,134.37,135.67,25.04,Cornering,"Hoosier 43075 16x7.5-10 R20, 7 inch rim",6849
78.26,420.08,-14.39,-23.68,-245.43,0.001,0.32,2.26,0.09,0.0586,0.0965,12.04,44517.63,7.56,93.88,0.165,-0,-0.9998,134.26,134.37,135.63,25.05,Cornering,"Hoosier 43075 16x7.5-10 R20, 7 inch rim",6850
78.27,420.09,-15.57,-19.21,-247.77,0.001,-0.43,1.31,0.09,0.0629,0.0775,12,44527.84,7.56,93.88,0.119,-0,-0.9998,134.24,134.28,135.53,25.06,Cornering,"Hoosier 43075 16x7.5-10 R20, 7 inch rim",6851
78.24,420.1,-15.67,-14.58,-249.91,0.006,-1.79,0.69,0.16,0.0627,0.0584,11.9,25832.82,7.56,93.91,0.085,-0,-0.9997,134.13,134.06,135.37,25.05,Cornering,"Hoosier 43075 16x7.5-10 R20, 7 inch rim",6852
78.23,420.11,-14.94,-10.11,-252.5,0.009,-2.61,0.02,0.16,0.0592,0.04,11.84,25826.79,7.56,93.91,0.053,-0,-0.9997,134,133.9,135.19,25.04,Cornering,"Hoosier 43075 16x7.5-10 R20, 7 inch rim",6853
78.27,420.12,-13.36,-4.83,-253.44,-0.002,-3.04,-0.52,0.09,0.0527,0.0191,11.84,44475.96,7.56,93.93,-0.004,-0,-0.9998,133.9,133.75,135.06,25.03,Cornering,"Hoosier 43075 16x7.5-10 R20, 7 inch rim",6854
78.27,420.13,-12.17,0.76,-251.69,-0,-4.18,-1.92,0.09,0.0483,-0.003,11.87,44496.38,7.56,93.95,-0.044,-0,-0.9998,133.79,133.68,134.94,25.04,Cornering,"Hoosier 43075 16x7.5-10 R20, 7 inch rim",6855
78.23,420.14,-10.76,7.3,-249.12,0.003,-3.45,-3.06,0.03,0.0432,-0.0293,11.97,160573.05,7.56,93.99,-0.093,-0,-1,133.77,133.64,134.86,25.04,Cornering,"Hoosier 43075 16x7.5-10 R20, 7 inch rim",6856
78.25,420.15,-9.83,14.01,-245.67,-0.002,-3.01,-4.01,-0.04,0.04,-0.057,12.06,-99838.23,7.56,94.01,-0.137,-0,-1.0001,133.66,133.57,134.76,25.05,Cornering,"Hoosier 43075 16x7.5-10 R20, 7 inch rim",6857
78.27,420.16,-9.79,20.86,-243.75,0.001,-1.56,-4.69,0.09,0.0402,-0.0856,12.06,44485.36,7.56,93.99,-0.177,-0,-0.9998,133.62,133.57,134.74,25.04,Cornering,"Hoosier 43075 16x7.5-10 R20, 7 inch rim",6858
78.24,420.17,-10.39,27.07,-241.71,0.003,-1.96,-4.98,0.03,0.043,-0.112,12,160421.31,7.56,93.94,-0.232,-0,-1,133.53,133.66,134.7,25.02,Cornering,"Hoosier 43075 16x7.5-10 R20, 7 inch rim",6859
78.23,420.18,-11.69,33.29,-242.28,-0.003,-1.01,-5.35,0.03,0.0483,-0.1374,11.91,160308.52,7.57,93.91,-0.28,-0,-1,133.53,133.82,134.68,25,Cornering,"Hoosier 43075 16x7.5-10 R20, 7 inch rim",6860
78.27,420.19,-12.81,38.53,-242.51,0.003,-2.92,-5.64,0.03,0.0528,-0.1589,11.84,160233.38,7.56,93.89,-0.309,-0,-1,133.51,133.82,134.62,24.99,Cornering,"Hoosier 43075 16x7.5-10 R20, 7 inch rim",6861
78.26,420.2,-13.48,43.32,-244.91,0.003,-3.61,-5.76,0.09,0.055,-0.1769,11.84,44391.3,7.56,93.89,-0.359,-0,-0.9998,133.53,133.68,134.46,24.98,Cornering,"Hoosier 43075 16x7.5-10 R20, 7 inch rim",6862
78.24,420.21,-13.64,48.09,-247.12,0.01,-5.21,-6.18,-0.04,0.0552,-0.1946,11.89,-99579.64,7.56,93.89,-0.401,-0,-1.0001,133.4,133.62,134.38,24.98,Cornering,"Hoosier 43075 16x7.5-10 R20, 7 inch rim",6863
78.26,420.22,-13.07,53.02,-248.81,0.02,-6.86,-6.95,-0.04,0.0525,-0.2131,11.97,-99579.02,7.56,93.89,-0.429,-0,-1.0001,133.45,133.38,134.22,24.98,Cornering,"Hoosier 43075 16x7.5-10 R20, 7 inch rim",6864
78.29,420.23,-11.56,58.14,-250.26,0.012,-7.13,-7.29,0.03,0.0462,-0.2323,12.04,160153.67,7.56,93.85,-0.471,-0,-1,133.32,133.29,134.03,24.98,Cornering,"Hoosier 43075 16x7.5-10 R20, 7 inch rim",6865
78.27,420.24,-10.18,64.06,-249.59,0.006,-6.7,-8.37,0.09,0.0408,-0.2566,12.04,44369.34,7.56,93.82,-0.499,-0,-0.9998,133.25,133.2,133.95,24.97,Cornering,"Hoosier 43075 16x7.5-10 R20, 7 inch rim",6866
78.25,420.25,-8.56,70.44,-246.75,0.007,-6.63,-9.26,0.03,0.0347,-0.2855,12,160039.64,7.56,93.77,-0.537,-0,-1,133.21,133.18,133.85,24.96,Cornering,"Hoosier 43075 16x7.5-10 R20, 7 inch rim",6867
78.28,420.26,-7.81,76.99,-243.44,0.007,-6.09,-10.54,0.09,0.0321,-0.3162,11.93,44358.3,7.56,93.77,-0.565,-0,-0.9998,133.19,133.18,133.81,24.97,Cornering,"Hoosier 43075 16x7.5-10 R20, 7 inch rim",6868
78.28,420.27,-8.25,83.55,-240.49,-0.005,-5.33,-12.22,-0.04,0.0343,-0.3474,11.89,-99551.77,7.56,93.77,-0.6,-0,-1.0001,133.15,133.16,133.71,24.98,Cornering,"Hoosier 43075 16x7.5-10 R20, 7 inch rim",6869
78.25,420.28,-9.03,89.6,-239.3,0.003,-4.58,-13.15,0.03,0.0377,-0.3744,11.91,160184.19,7.56,93.81,-0.633,-0,-1,133.06,133.22,133.65,24.98,Cornering,"Hoosier 43075 16x7.5-10 R20, 7 inch rim",6870
78.27,420.29,-10.82,95.03,-238.82,0.004,-4.93,-14.11,-0.04,0.0453,-0.3979,11.99,-99526.57,7.56,93.83,-0.674,-0,-1.0001,133.04,133.31,133.65,24.97,Cornering,"Hoosier 43075 16x7.5-10 R20, 7 inch rim",6871
78.29,420.3,-13.09,99.83,-239.16,0.004,-6.02,-15.7,-0.04,0.0547,-0.4174,12.08,-99502.74,7.56,93.82,-0.699,-0,-1.0001,132.97,133.4,133.53,24.97,Cornering,"Hoosier 43075 16x7.5-10 R20, 7 inch rim",6872
78.27,420.31,-14.78,104.3,-240.76,0.012,-7.03,-16.94,-0.04,0.0614,-0.4332,12.15,-99524.8,7.56,93.82,-0.733,-0,-1.0001,132.89,133.38,133.43,24.97,Cornering,"Hoosier 43075 16x7.5-10 R20, 7 inch rim",6873
78.25,420.32,-16.23,108.62,-242.5,0.007,-8.57,-18.91,0.03,0.0669,-0.4479,12.13,160103.88,7.56,93.82,-0.757,-0,-1,132.78,133.24,133.25,24.97,Cornering,"Hoosier 43075 16x7.5-10 R20, 7 inch rim",6874
78.28,420.33,-16.61,113.09,-244.75,0.013,-9.71,-20.42,0.03,0.0679,-0.4621,12.05,160212.8,7.56,93.88,-0.806,-0,-1,132.65,133.13,133.04,24.99,Cornering,"Hoosier 43075 16x7.5-10 R20, 7 inch rim",6875
78.29,420.34,-15.56,117.91,-245.88,-0.003,-10.37,-21.51,-0.04,0.0633,-0.4795,11.94,-99636.92,7.56,93.93,-0.836,-0,-1.0001,132.63,133.02,132.84,25,Cornering,"Hoosier 43075 16x7.5-10 R20, 7 inch rim",6876
78.26,420.35,-14.89,123.03,-245.88,0.001,-10.31,-23.43,0.03,0.0605,-0.5004,11.87,160245.83,7.56,93.97,-0.88,-0,-1,132.57,132.96,132.7,25,Cornering,"Hoosier 43075 16x7.5-10 R20, 7 inch rim",6877
78.27,420.36,-13.1,128.79,-243.96,0.003,-9.74,-24.49,-0.04,0.0537,-0.5279,11.84,-99586.88,7.56,94,-0.943,-0,-1.0001,132.57,132.93,132.62,24.99,Cornering,"Hoosier 43075 16x7.5-10 R20, 7 inch rim",6878
78.3,420.37,-12.45,134.71,-241.37,0.007,-8.76,-26.29,-0.04,0.0516,-0.5581,11.89,-99678.35,7.56,94.02,-0.968,-0,-1.0001,132.46,132.93,132.56,25.01,Cornering,"Hoosier 43075 16x7.5-10 R20, 7 inch rim",6879
78.29,420.38,-11.62,140.94,-237.75,0.01,-8.99,-26.91,0.09,0.0489,-0.5928,11.96,44444.53,7.56,94.02,-1.008,-0,-0.9998,132.44,132.89,132.48,25.02,Cornering,"Hoosier 43075 16x7.5-10 R20, 7 inch rim",6880
78.27,420.39,-11.56,146.86,-236.29,0.004,-7.83,-26.78,0.03,0.0489,-0.6215,12.03,160420.33,7.56,94.01,-1.064,-0,-1,132.33,132.87,132.5,25.03,Cornering,"Hoosier 43075 16x7.5-10 R20, 7 inch rim",6881
78.28,420.4,-12.24,152.13,-234.78,0.007,-8.95,-26.55,-0.04,0.0521,-0.648,12.05,-99695.66,7.56,94,-1.111,-0,-1.0001,132.35,133,132.4,25.02,Cornering,"Hoosier 43075 16x7.5-10 R20, 7 inch rim",6882
78.3,420.41,-13.26,157.1,-235.56,-0,-9.16,-26.23,0.09,0.0563,-0.6669,12,44410.82,7.56,93.98,-1.16,-0,-0.9998,132.29,133.05,132.36,25,Cornering,"Hoosier 43075 16x7.5-10 R20, 7 inch rim",6883
78.27,420.42,-13.85,161.55,-235.86,0.013,-11.54,-25.65,0.09,0.0587,-0.6849,11.91,44378.82,7.56,93.94,-1.215,-0,-0.9998,132.25,133.09,132.26,24.98,Cornering,"Hoosier 43075 16x7.5-10 R20, 7 inch rim",6884
78.28,420.43,-13.84,166.19,-238.25,0.004,-12.15,-25.13,-0.04,0.0581,-0.6976,11.86,-99435.41,7.56,93.96,-1.25,-0,-1.0001,132.16,132.98,132.07,24.96,Cornering,"Hoosier 43075 16x7.5-10 R20, 7 inch rim",6885
78.3,420.44,-12.7,171.29,-240.2,0.006,-13.08,-24.36,0.03,0.0529,-0.7131,11.86,159956.83,7.56,93.95,-1.308,-0,-1,132.03,132.93,131.85,24.96,Cornering,"Hoosier 43075 16x7.5-10 R20, 7 inch rim",6886
78.3,420.45,-10.96,176.7,-242.03,0.012,-13.27,-23.54,-0.04,0.0453,-0.7301,11.93,-99430.95,7.56,93.93,-1.343,-0,-1.0001,131.94,132.89,131.61,24.96,Cornering,"Hoosier 43075 16x7.5-10 R20, 7 inch rim",6887
78.26,420.46,-8.34,182.61,-241.71,-0.002,-13.33,-22.72,-0.04,0.0345,-0.7555,12,-99381.65,7.56,93.92,-1.404,-0,-1.0001,131.97,132.87,131.41,24.94,Cornering,"Hoosier 43075 16x7.5-10 R20, 7 inch rim",6888
78.29,420.47,-6.11,188.99,-239.87,0.003,-12.7,-22.43,0.09,0.0255,-0.7879,12.06,44301.84,7.56,93.97,-1.44,-0,-0.9998,131.88,132.82,131.31,24.94,Cornering,"Hoosier 43075 16x7.5-10 R20, 7 inch rim",6889
78.31,420.48,-4.22,195.23,-237.69,-0.003,-11.28,-22.34,0.09,0.0178,-0.8214,12.04,44311.21,7.56,93.96,-1.479,-0,-0.9998,131.88,132.82,131.22,24.95,Cornering,"Hoosier 43075 16x7.5-10 R20, 7 inch rim",6890
78.28,420.49,-3.24,201.3,-234.75,0.009,-10.69,-22.47,-0.04,0.0138,-0.8575,11.99,-99398.59,7.56,93.95,-1.52,-0,-1.0001,131.75,132.85,131.14,24.95,Cornering,"Hoosier 43075 16x7.5-10 R20, 7 inch rim",6891
78.27,420.5,-3.21,207.21,-231.86,0.009,-10.98,-22.53,0.09,0.0138,-0.8937,11.91,44319.87,7.56,93.92,-1.546,-0,-0.9998,131.67,132.85,131.16,24.96,Cornering,"Hoosier 43075 16x7.5-10 R20, 7 inch rim",6892
78.3,420.51,-4.21,212.19,-231.38,0.001,-10.73,-22.82,0.03,0.0182,-0.9171,11.84,160043.42,7.56,93.89,-1.601,-0,-1,131.62,132.93,131.14,24.97,Cornering,"Hoosier 43075 16x7.5-10 R20, 7 inch rim",6893
78.3,420.52,-5.75,216.99,-230.24,-0,-12.96,-23.33,0.03,0.025,-0.9424,11.85,160151.66,7.56,93.91,-1.635,-0,-1,131.71,133.02,131.16,24.99,Cornering,"Hoosier 43075 16x7.5-10 R20, 7 inch rim",6894
78.26,420.53,-7.74,220.69,-231.65,-0,-13.88,-24.54,-0.04,0.0334,-0.9527,11.88,-99690.42,7.56,93.88,-1.666,-0,-1.0001,131.73,133.07,131.12,25.03,Cornering,"Hoosier 43075 16x7.5-10 R20, 7 inch rim",6895
78.29,420.54,-9.48,224.69,-233.28,0.01,-14.78,-26.18,0.03,0.0406,-0.9632,11.96,160406.34,7.56,93.88,-1.691,-0,-1,131.71,133.09,131.1,25.03,Cornering,"Hoosier 43075 16x7.5-10 R20, 7 inch rim",6896
78.3,420.55,-10.49,228.87,-235.18,0.004,-15.38,-27.96,0.09,0.0446,-0.9732,12.05,44459.5,7.56,93.89,-1.718,-0,-0.9998,131.67,132.98,131,25.04,Cornering,"Hoosier 43075 16x7.5-10 R20, 7 inch rim",6897
78.28,420.56,-10.82,233.51,-237.92,0.016,-13.75,-29.84,-0.04,0.0455,-0.9815,12.08,-99684.58,7.55,93.9,-1.762,-0,-1.0001,131.58,132.93,130.9,25.03,Cornering,"Hoosier 43075 16x7.5-10 R20, 7 inch rim",6898
78.28,420.57,-10.37,238.18,-239.06,0.004,-12.88,-31.76,0.03,0.0434,-0.9963,12.06,160283.8,7.55,93.92,-1.802,-0,-1,131.58,132.91,130.78,25.01,Cornering,"Hoosier 43075 16x7.5-10 R20, 7 inch rim",6899
78.3,420.58,-9.84,242.55,-239.23,0.001,-11.66,-33.82,0.03,0.0411,-1.0139,11.99,160317.53,7.55,93.94,-1.835,-0,-1,131.58,132.93,130.7,25.02,Cornering,"Hoosier 43075 16x7.5-10 R20, 7 inch rim",6900
78.31,420.59,-8.91,246.43,-236.95,0.007,-12.43,-35.23,-0.04,0.0376,-1.04,11.9,-99700.79,7.55,93.94,-1.87,-0,-1.0001,131.47,132.98,130.7,25.03,Cornering,"Hoosier 43075 16x7.5-10 R20, 7 inch rim",6901
78.28,420.6,-8.29,249.69,-234.28,0.01,-14.52,-36.3,0.03,0.0354,-1.0658,11.88,160346.34,7.55,93.94,-1.914,-0,-1,131.41,133.02,130.7,25.03,Cornering,"Hoosier 43075 16x7.5-10 R20, 7 inch rim",6902
78.29,420.61,-7.96,253.12,-231.97,0.001,-16.07,-36.31,0.03,0.0343,-1.0912,11.91,160378.66,7.55,93.93,-1.959,-0,-1,131.3,133.09,130.8,25.03,Cornering,"Hoosier 43075 16x7.5-10 R20, 7 inch rim",6903
78.31,420.62,-8.74,256.99,-229.85,0.001,-18.35,-36.32,0.03,0.038,-1.1181,11.98,160300.41,7.55,93.94,-1.994,-0,-1,131.24,133.16,130.82,25.02,Cornering,"Hoosier 43075 16x7.5-10 R20, 7 inch rim",6904
78.29,420.63,-10.31,261.47,-229.65,0.01,-18.6,-36.35,0.03,0.0449,-1.1386,12.06,160185.14,7.54,93.99,-2.029,-0,-1,131.28,133.29,130.9,25,Cornering,"Hoosier 43075 16x7.5-10 R20, 7 inch rim",6905
78.27,420.64,-11.21,266.13,-230.52,0.007,-17.93,-35.77,-0.04,0.0486,-1.1545,12.08,-99502.35,7.54,94.03,-2.07,-0,-1.0001,131.3,133.42,130.82,24.98,Cornering,"Hoosier 43075 16x7.5-10 R20, 7 inch rim",6906
78.3,420.65,-12.62,270.46,-232.77,0.012,-16.94,-36.32,0.09,0.0542,-1.1619,12.06,44334.5,7.54,94.05,-2.113,-0,-0.9998,131.22,133.4,130.82,24.97,Cornering,"Hoosier 43075 16x7.5-10 R20, 7 inch rim",6907
78.32,420.66,-12.86,274.64,-235.7,0.006,-16.22,-36.46,-0.04,0.0546,-1.1652,12,-99403.97,7.54,94.05,-2.153,-0,-1.0001,131.19,133.35,130.7,24.96,Cornering,"Hoosier 43075 16x7.5-10 R20, 7 inch rim",6908
78.28,420.67,-12.47,278.04,-238.83,0.001,-16.15,-36.99,0.09,0.0522,-1.1642,11.92,44331.91,7.54,93.98,-2.192,-0,-0.9998,131.15,133.38,130.6,24.97,Cornering,"Hoosier 43075 16x7.5-10 R20, 7 inch rim",6909
78.29,420.68,-11,280.97,-240.53,-0,-17.16,-37.08,0.03,0.0457,-1.1682,11.91,159863.53,7.54,93.93,-2.236,-0,-1,131.11,133.35,130.52,24.96,Cornering,"Hoosier 43075 16x7.5-10 R20, 7 inch rim",6910
78.31,420.69,-9.55,284.22,-241.18,0.007,-16.91,-37.64,0.09,0.0396,-1.1785,11.95,44267.44,7.54,93.91,-2.272,-0,-0.9998,131.07,133.42,130.44,24.94,Cornering,"Hoosier 43075 16x7.5-10 R20, 7 inch rim",6911
78.3,420.7,-7.82,287.49,-239.64,0.006,-17.83,-37.87,-0.04,0.0326,-1.1997,12.03,-99344.75,7.54,93.89,-2.324,-0,-1.0001,131.09,133.49,130.4,24.95,Cornering,"Hoosier 43075 16x7.5-10 R20, 7 inch rim",6912
78.28,420.71,-6.55,290.74,-236.71,0.019,-19.22,-37.8,0.03,0.0277,-1.2283,12.13,159923.38,7.53,93.86,-2.351,-0,-1,131.04,133.49,130.4,24.97,Cornering,"Hoosier 43075 16x7.5-10 R20, 7 inch rim",6913
78.3,420.72,-5.42,295.27,-234.11,0.007,-19.27,-36.93,0.09,0.0232,-1.2612,12.16,44334.52,7.54,93.83,-2.411,-0,-0.9998,130.98,133.55,130.44,24.98,Cornering,"Hoosier 43075 16x7.5-10 R20, 7 inch rim",6914
78.31,420.73,-5.71,300.09,-231.75,0.01,-19.76,-36.29,0.03,0.0247,-1.2949,12.14,160021.59,7.53,93.8,-2.451,-0,-1,130.98,133.6,130.48,24.98,Cornering,"Hoosier 43075 16x7.5-10 R20, 7 inch rim",6915
78.28,420.74,-6.53,305.69,-230.23,0.007,-19.62,-35.38,0.03,0.0284,-1.3278,12.06,159905.41,7.53,93.78,-2.487,-0,-1,130.96,133.68,130.54,24.97,Cornering,"Hoosier 43075 16x7.5-10 R20, 7 inch rim",6916
78.29,420.75,-7.96,310.49,-230.51,0.007,-18.92,-35,-0.04,0.0345,-1.347,11.95,-99443.16,7.53,93.76,-2.53,-0,-1.0001,130.98,133.75,130.5,24.98,Cornering,"Hoosier 43075 16x7.5-10 R20, 7 inch rim",6917
78.32,420.76,-8.94,315.14,-231.74,0.009,-18.25,-34.73,0.03,0.0386,-1.3599,11.9,159967.83,7.53,93.76,-2.573,-0,-1,131.04,133.82,130.54,24.98,Cornering,"Hoosier 43075 16x7.5-10 R20, 7 inch rim",6918
78.31,420.77,-9.46,318.71,-234.75,-0.002,-17.43,-34.95,-0.04,0.0403,-1.3576,11.92,-99529.01,7.53,93.72,-2.604,-0,-1.0001,131.02,133.73,130.5,25,Cornering,"Hoosier 43075 16x7.5-10 R20, 7 inch rim",6919
78.28,420.78,-9.01,321.46,-237.63,0.01,-18.3,-34.98,0.03,0.0379,-1.3527,11.97,160181.02,7.53,93.71,-2.64,-0,-1,131.02,133.64,130.4,25.01,Cornering,"Hoosier 43075 16x7.5-10 R20, 7 inch rim",6920
78.3,420.79,-8.16,323.77,-239.11,0.009,-19.78,-35.6,0.03,0.0341,-1.354,12.06,160174.62,7.53,93.69,-2.684,-0,-1,130.96,133.66,130.36,25.01,Cornering,"Hoosier 43075 16x7.5-10 R20, 7 inch rim",6921
78.32,420.8,-6.7,326.25,-240.63,0.004,-19.5,-36.21,0.03,0.0278,-1.3558,12.11,160020.08,7.53,93.68,-2.726,-0,-1,130.94,133.75,130.23,24.99,Cornering,"Hoosier 43075 16x7.5-10 R20, 7 inch rim",6922
78.29,420.81,-5.51,329.06,-239.36,-0.002,-20.18,-37.18,0.03,0.023,-1.3748,12.09,159829.64,7.53,93.64,-2.759,-0,-1,130.91,133.82,130.19,24.96,Cornering,"Hoosier 43075 16x7.5-10 R20, 7 inch rim",6923
78.29,420.82,-4.58,331.71,-236.86,-0.002,-21.02,-37.97,0.03,0.0193,-1.4005,12,159749.64,7.53,93.58,-2.798,-0,-1,130.83,133.82,130.17,24.95,Cornering,"Hoosier 43075 16x7.5-10 R20, 7 inch rim",6924
78.31,420.83,-4.5,335.45,-233.55,0.004,-21.8,-38.6,0.03,0.0193,-1.4363,11.95,159779.59,7.52,93.54,-2.845,-0,-1,130.79,133.86,130.21,24.96,Cornering,"Hoosier 43075 16x7.5-10 R20, 7 inch rim",6925
78.31,420.84,-5.27,339.79,-230.8,0.014,-22.19,-38.86,0.09,0.0228,-1.4722,11.92,44326.41,7.52,93.5,-2.875,-0,-0.9998,130.7,133.93,130.19,24.98,Cornering,"Hoosier 43075 16x7.5-10 R20, 7 inch rim",6926
78.28,420.85,-6.5,345.1,-229.48,-0,-21.07,-38.81,0.03,0.0283,-1.5039,11.94,160028.5,7.52,93.47,-2.915,-0,-1,130.72,133.99,130.28,25,Cornering,"Hoosier 43075 16x7.5-10 R20, 7 inch rim",6927
78.3,420.86,-8.26,349.76,-229.12,-0,-20.22,-38.91,0.03,0.0361,-1.5266,12,160057.48,7.52,93.45,-2.967,-0,-1,130.76,134.1,130.32,25,Cornering,"Hoosier 43075 16x7.5-10 R20, 7 inch rim",6928
78.32,420.87,-9.49,353.95,-230.24,0.001,-19.58,-38.79,0.09,0.0412,-1.5373,12.05,44341.47,7.52,93.47,-3.001,-0,-0.9998,130.76,134.1,130.32,25,Cornering,"Hoosier 43075 16x7.5-10 R20, 7 inch rim",6929
78.29,420.88,-10.48,356.87,-232.56,0.007,-19.52,-39.03,0.03,0.0451,-1.5345,12.06,159898.03,7.52,93.49,-3.035,-0,-1,130.72,134.06,130.28,24.98,Cornering,"Hoosier 43075 16x7.5-10 R20, 7 inch rim",6930
78.28,420.89,-10.83,359.03,-235.38,-0,-20.06,-39.71,0.03,0.046,-1.5253,12.03,159817.52,7.52,93.51,-3.074,-0,-1,130.7,133.97,130.19,24.97,Cornering,"Hoosier 43075 16x7.5-10 R20, 7 inch rim",6931
78.32,420.9,-10.22,360.39,-237.96,0.007,-21.67,-40.13,0.09,0.043,-1.5145,11.97,44264.65,7.51,93.51,-3.108,-0,-0.9998,130.7,133.95,130.17,24.96,Cornering,"Hoosier 43075 16x7.5-10 R20, 7 inch rim",6932
78.31,420.91,-8.88,361.93,-239.85,0.004,-22.27,-40.64,0.03,0.037,-1.509,11.94,159617.77,7.51,93.49,-3.16,-0,-1,130.66,133.9,130.11,24.94,Cornering,"Hoosier 43075 16x7.5-10 R20, 7 inch rim",6933
78.29,420.92,-7.29,363.78,-239.64,0.009,-23.01,-40.96,-0.04,0.0304,-1.518,11.95,-99241.45,7.51,93.5,-3.193,-0,-1.0001,130.61,133.99,130.09,24.94,Cornering,"Hoosier 43075 16x7.5-10 R20, 7 inch rim",6934
78.29,420.93,-6.04,366.12,-237.31,0.012,-24.14,-41.46,0.03,0.0255,-1.5428,12,159679.55,7.51,93.52,-3.233,-0,-1,130.49,133.99,130.13,24.95,Cornering,"Hoosier 43075 16x7.5-10 R20, 7 inch rim",6935
78.32,420.94,-5.29,369.72,-234.12,0.003,-24.22,-41.48,0.09,0.0226,-1.5792,12.08,44245.53,7.51,93.53,-3.296,-0,-0.9998,130.46,134.01,130.13,24.95,Cornering,"Hoosier 43075 16x7.5-10 R20, 7 inch rim",6936
78.3,420.95,-5.13,374.55,-230.57,0.003,-24.45,-40.97,0.03,0.0222,-1.6244,12.17,159589.19,7.51,93.56,-3.326,-0,-1,130.4,134.06,130.15,24.94,Cornering,"Hoosier 43075 16x7.5-10 R20, 7 inch rim",6937
78.27,420.96,-5.92,379.99,-229.1,0.01,-22.61,-40.31,-0.04,0.0259,-1.6586,12.18,-99176.78,7.51,93.55,-3.365,-0,-1.0001,130.38,134.17,130.23,24.93,Cornering,"Hoosier 43075 16x7.5-10 R20, 7 inch rim",6938
78.31,420.97,-7.07,385.12,-228.63,0.013,-21.05,-39.53,-0.04,0.0309,-1.6844,12.11,-99172.8,7.51,93.57,-3.4,-0,-1.0001,130.4,134.26,130.3,24.93,Cornering,"Hoosier 43075 16x7.5-10 R20, 7 inch rim",6939
78.32,420.98,-8.18,389.31,-228.75,0.01,-20.87,-38.88,-0.11,0.0358,-1.7019,12.04,-37826.9,7.51,93.56,-3.445,-0,-1.0002,130.42,134.3,130.32,24.93,Cornering,"Hoosier 43075 16x7.5-10 R20, 7 inch rim",6940
78.29,420.99,-9.39,391.94,-231.25,0.004,-20.7,-39.1,-0.11,0.0406,-1.6949,11.96,-37842.5,7.5,93.55,-3.491,-0,-1.0002,130.42,134.3,130.3,24.94,Cornering,"Hoosier 43075 16x7.5-10 R20, 7 inch rim",6941
78.29,421,-9.44,393.46,-234.27,-0,-21.97,-38.86,-0.04,0.0403,-1.6795,11.93,-99204.76,7.5,93.53,-3.525,-0,-1.0001,130.36,134.23,130.25,24.94,Cornering,"Hoosier 43075 16x7.5-10 R20, 7 inch rim",6942
78.32,421.01,-9.17,393.89,-237.23,0.003,-24.25,-39.47,0.09,0.0387,-1.6604,11.96,44242.29,7.5,93.51,-3.565,-0,-0.9998,130.36,134.15,130.21,24.96,Cornering,"Hoosier 43075 16x7.5-10 R20, 7 inch rim",6943
78.31,421.02,-7.43,394.78,-240.04,0.014,-25.04,-39.32,0.09,0.0309,-1.6446,12.04,44291.57,7.5,93.5,-3.605,-0,-0.9998,130.27,134.15,130.19,24.98,Cornering,"Hoosier 43075 16x7.5-10 R20, 7 inch rim",6944
78.28,421.03,-6.38,396.02,-239.73,0.012,-26.43,-40.41,0.03,0.0266,-1.652,12.12,159865.84,7.5,93.51,-3.637,-0,-1,130.31,134.17,130.17,24.99,Cornering,"Hoosier 43075 16x7.5-10 R20, 7 inch rim",6945
78.31,421.04,-5.07,398.38,-238.65,-0,-25.65,-40.84,-0.04,0.0213,-1.6693,12.15,-99301.09,7.5,93.49,-3.685,-0,-1.0001,130.29,134.21,130.19,24.97,Cornering,"Hoosier 43075 16x7.5-10 R20, 7 inch rim",6946
78.32,421.05,-4.65,402.12,-234.8,0.006,-25.79,-41.6,0.03,0.0198,-1.7127,12.13,159702.86,7.5,93.46,-3.713,-0,-1,130.29,134.3,130.21,24.97,Cornering,"Hoosier 43075 16x7.5-10 R20, 7 inch rim",6947
78.29,421.06,-4.72,406.5,-231.8,0.006,-24.76,-41.55,-0.04,0.0204,-1.7536,12.08,-99153.07,7.49,93.44,-3.766,-0,-1.0001,130.25,134.34,130.28,24.94,Cornering,"Hoosier 43075 16x7.5-10 R20, 7 inch rim",6948
78.29,421.07,-5.36,412.11,-228.9,0.007,-23.84,-41.09,-0.04,0.0234,-1.8004,12.01,-99171.34,7.49,93.42,-3.804,-0,-1.0001,130.27,134.39,130.34,24.94,Cornering,"Hoosier 43075 16x7.5-10 R20, 7 inch rim",6949
78.31,421.08,-6.29,417.08,-227.78,0.007,-22.8,-40.07,-0.04,0.0276,-1.8311,12,-99212.26,7.49,93.42,-3.846,-0,-1.0001,130.31,134.45,130.4,24.96,Cornering,"Hoosier 43075 16x7.5-10 R20, 7 inch rim",6950
78.31,421.09,-7.74,420.64,-228.4,0.013,-22.52,-39.55,0.03,0.0339,-1.8417,12.05,159743.34,7.49,93.43,-3.881,-0,-1,130.38,134.45,130.5,24.98,Cornering,"Hoosier 43075 16x7.5-10 R20, 7 inch rim",6951
78.28,421.1,-9.35,422.65,-230.88,0.001,-22.53,-39.76,-0.04,0.0405,-1.8306,12.11,-99363.58,7.49,93.44,-3.924,-0,-1.0001,130.42,134.45,130.48,25,Cornering,"Hoosier 43075 16x7.5-10 R20, 7 inch rim",6952
78.3,421.11,-9.61,423.23,-233.9,0.007,-24.37,-39.41,-0.04,0.0411,-1.8094,12.17,-99336.68,7.49,93.46,-3.955,-0,-1.0001,130.42,134.34,130.42,24.99,Cornering,"Hoosier 43075 16x7.5-10 R20, 7 inch rim",6953
78.33,421.12,-9.43,423.2,-237.47,-0.002,-25.99,-39.76,0.03,0.0397,-1.7821,12.15,159718.53,7.49,93.46,-4.002,-0,-1,130.4,134.28,130.38,24.98,Cornering,"Hoosier 43075 16x7.5-10 R20, 7 inch rim",6954
78.29,421.13,-8.72,423.63,-239.77,0.01,-27.49,-40.45,0.09,0.0363,-1.7668,12.11,44236.39,7.48,93.44,-4.043,-0,-0.9998,130.4,134.3,130.32,24.97,Cornering,"Hoosier 43075 16x7.5-10 R20, 7 inch rim",6955
78.29,421.14,-7.36,424.56,-240.77,0.004,-28,-41.27,0.03,0.0306,-1.7633,12.02,159627.17,7.48,93.44,-4.083,-0,-1,130.36,134.3,130.28,24.97,Cornering,"Hoosier 43075 16x7.5-10 R20, 7 inch rim",6956
78.31,421.15,-5.67,426.89,-239.33,0.01,-28.09,-41.56,-0.04,0.0237,-1.7837,11.96,-99221.23,7.48,93.46,-4.132,-0,-1.0001,130.4,134.34,130.32,24.97,Cornering,"Hoosier 43075 16x7.5-10 R20, 7 inch rim",6957
78.31,421.16,-4.65,430.19,-236.54,-0,-27.55,-42.05,0.03,0.0196,-1.8187,11.94,159721.41,7.48,93.46,-4.162,-0,-1,130.44,134.39,130.34,24.98,Cornering,"Hoosier 43075 16x7.5-10 R20, 7 inch rim",6958
78.28,421.17,-4.35,435.04,-232.79,-0.006,-26.68,-41.94,-0.04,0.0187,-1.8688,11.97,-99257.62,7.48,93.51,-4.204,-0,-1.0001,130.34,134.41,130.36,24.98,Cornering,"Hoosier 43075 16x7.5-10 R20, 7 inch rim",6959
78.3,421.18,-4.75,440.02,-230.01,0.004,-25.6,-41.5,0.03,0.0207,-1.913,12.05,159631.02,7.48,93.55,-4.237,-0,-1,130.38,134.56,130.42,24.97,Cornering,"Hoosier 43075 16x7.5-10 R20, 7 inch rim",6960
78.33,421.19,-5.76,444.55,-228.86,-0.006,-24.39,-40.84,-0.04,0.0252,-1.9424,12.11,-99177.71,7.48,93.55,-4.282,-0,-1.0001,130.38,134.61,130.52,24.96,Cornering,"Hoosier 43075 16x7.5-10 R20, 7 inch rim",6961
78.3,421.2,-6.93,447.78,-229.15,0.007,-24.12,-39.92,0.09,0.0303,-1.9541,12.12,44199.8,7.48,93.53,-4.31,-0,-0.9998,130.51,134.63,130.58,24.96,Cornering,"Hoosier 43075 16x7.5-10 R20, 7 inch rim",6962
78.28,421.21,-8.26,449.33,-230.21,-0.002,-25.29,-39.74,-0.04,0.0359,-1.9518,12.09,-99189.74,7.48,93.56,-4.361,-0,-1.0001,130.51,134.63,130.68,24.97,Cornering,"Hoosier 43075 16x7.5-10 R20, 7 inch rim",6963
78.31,421.22,-8.99,449.28,-233.64,0.01,-26.42,-39.45,0.03,0.0385,-1.923,12.03,159632.05,7.48,93.59,-4.397,-0,-1,130.49,134.63,130.66,24.98,Cornering,"Hoosier 43075 16x7.5-10 R20, 7 inch rim",6964
78.32,421.23,-9.03,449.09,-237.13,0.007,-28.12,-39.71,0.09,0.0381,-1.8938,11.95,44233.66,7.47,93.59,-4.424,-0,-0.9998,130.46,134.54,130.62,24.98,Cornering,"Hoosier 43075 16x7.5-10 R20, 7 inch rim",6965
78.29,421.24,-8.1,449.22,-240.22,0.003,-29.36,-39.89,0.09,0.0337,-1.87,11.95,44220.28,7.47,93.58,-4.473,-0,-0.9998,130.49,134.54,130.56,24.97,Cornering,"Hoosier 43075 16x7.5-10 R20, 7 inch rim",6966
78.3,421.25,-7.09,450.13,-241.9,0.013,-29.28,-40.51,-0.04,0.0293,-1.8608,12.01,-99144.37,7.47,93.59,-4.517,-0,-1.0001,130.49,134.59,130.54,24.96,Cornering,"Hoosier 43075 16x7.5-10 R20, 7 inch rim",6967
78.32,421.26,-5.71,452.18,-240.76,-0.003,-29.16,-41.16,0.09,0.0237,-1.8781,12.08,44184.01,7.47,93.57,-4.557,-0,-0.9998,130.49,134.67,130.52,24.96,Cornering,"Hoosier 43075 16x7.5-10 R20, 7 inch rim",6968
78.3,421.27,-4.87,455,-238.1,-0.002,-28.4,-41.63,0.03,0.0205,-1.911,12.15,159436.47,7.47,93.56,-4.6,-0,-1,130.51,134.78,130.6,24.96,Cornering,"Hoosier 43075 16x7.5-10 R20, 7 inch rim",6969
78.28,421.28,-4.5,459.05,-234.15,0.007,-28.14,-41.65,0.03,0.0192,-1.9605,12.14,159463.56,7.47,93.57,-4.642,-0,-1,130.44,134.83,130.68,24.96,Cornering,"Hoosier 43075 16x7.5-10 R20, 7 inch rim",6970
78.31,421.29,-4.68,463.43,-231.24,0.003,-27.27,-41,0.09,0.0202,-2.0041,12.11,44176.43,7.47,93.53,-4.672,-0,-0.9998,130.46,134.96,130.72,24.96,Cornering,"Hoosier 43075 16x7.5-10 R20, 7 inch rim",6971
78.31,421.3,-5.47,467.31,-229.2,0.013,-27.18,-40,0.16,0.0239,-2.0388,12.01,25639.25,7.46,93.51,-4.713,-0,-0.9997,130.51,135.07,130.92,24.96,Cornering,"Hoosier 43075 16x7.5-10 R20, 7 inch rim",6972
78.28,421.31,-7.25,470.43,-230.06,0.001,-25.86,-39.71,-0.04,0.0315,-2.0448,11.97,-99063.11,7.47,93.49,-4.753,-0,-1.0001,130.61,135.16,131.06,24.95,Cornering,"Hoosier 43075 16x7.5-10 R20, 7 inch rim",6973
78.29,421.32,-8.31,471.95,-231.24,0.01,-26.73,-38.78,0.09,0.0359,-2.0409,11.95,44178.84,7.46,93.5,-4.788,-0,-0.9998,130.66,135.14,131.14,24.96,Cornering,"Hoosier 43075 16x7.5-10 R20, 7 inch rim",6974
78.32,421.33,-9.34,472.39,-234.03,0.009,-27.45,-38.81,0.03,0.0399,-2.0184,12.03,159525.86,7.46,93.49,-4.841,-0,-1,130.74,134.98,131.16,24.98,Cornering,"Hoosier 43075 16x7.5-10 R20, 7 inch rim",6975
78.31,421.34,-9.37,472.35,-237.24,0.006,-29.42,-38.87,0.03,0.0395,-1.991,12.14,159663.48,7.46,93.48,-4.882,-0,-1,130.74,134.92,131.18,25,Cornering,"Hoosier 43075 16x7.5-10 R20, 7 inch rim",6976
78.28,421.35,-8.31,472.34,-240.13,-0.005,-30.39,-38.83,-0.04,0.0346,-1.967,12.21,-99267.65,7.46,93.51,-4.918,-0,-1.0001,130.74,134.85,131.16,25.01,Cornering,"Hoosier 43075 16x7.5-10 R20, 7 inch rim",6977
78.3,421.36,-7.58,473.24,-241.52,0.012,-31.18,-39.8,0.03,0.0314,-1.9594,12.21,159647.48,7.46,93.54,-4.945,-0,-1,130.72,134.87,131.08,25,Cornering,"Hoosier 43075 16x7.5-10 R20, 7 inch rim",6978
78.32,421.37,-6.02,474.82,-241.25,-0.002,-30.29,-40.07,0.03,0.0249,-1.9682,12.18,159561.34,7.46,93.59,-4.993,-0,-1,130.72,134.96,131.04,24.99,Cornering,"Hoosier 43075 16x7.5-10 R20, 7 inch rim",6979
78.29,421.38,-4.92,476.84,-238.63,0.012,-30.17,-40.34,-0.04,0.0206,-1.9983,12.12,-99110.65,7.46,93.64,-5.037,-0,-1.0001,130.76,135.14,131.1,24.97,Cornering,"Hoosier 43075 16x7.5-10 R20, 7 inch rim",6980
78.29,421.39,-4.1,480.14,-234.52,0.007,-30.1,-40.21,-0.04,0.0175,-2.0473,12.03,-99034.22,7.46,93.69,-5.083,-0,-1.0001,130.72,135.2,131.12,24.96,Cornering,"Hoosier 43075 16x7.5-10 R20, 7 inch rim",6981
78.32,421.4,-4.07,483.9,-231.91,0.003,-28.59,-39.82,0.03,0.0176,-2.0866,11.97,159196.66,7.45,93.72,-5.114,-0,-1,130.72,135.36,131.16,24.94,Cornering,"Hoosier 43075 16x7.5-10 R20, 7 inch rim",6982
78.31,421.41,-4.85,487.63,-230.33,0.006,-27.77,-39.16,0.03,0.0211,-2.1171,11.99,159186.08,7.45,93.74,-5.154,-0,-1,130.74,135.51,131.27,24.94,Cornering,"Hoosier 43075 16x7.5-10 R20, 7 inch rim",6983
78.29,421.42,-6.5,490.58,-230.16,0.01,-27.12,-38.88,-0.04,0.0283,-2.1314,12.07,-98923.65,7.45,93.75,-5.196,-0,-1.0001,130.79,135.62,131.35,24.93,Cornering,"Hoosier 43075 16x7.5-10 R20, 7 inch rim",6984
78.3,421.43,-7.63,492.43,-231.68,0.007,-26.92,-38.1,-0.04,0.0329,-2.1254,12.17,-98870.27,7.45,93.77,-5.24,-0,-1.0001,130.87,135.66,131.49,24.92,Cornering,"Hoosier 43075 16x7.5-10 R20, 7 inch rim",6985
78.32,421.44,-8.42,492.56,-233.68,0.004,-28.67,-37.36,-0.04,0.036,-2.1078,12.22,-98795.04,7.45,93.79,-5.278,-0,-1.0001,130.87,135.64,131.55,24.9,Cornering,"Hoosier 43075 16x7.5-10 R20, 7 inch rim",6986
78.3,421.45,-9.01,492.69,-237.02,-0,-29.3,-37.53,0.03,0.038,-2.0787,12.21,158843.56,7.45,93.78,-5.328,-0,-1,130.83,135.47,131.55,24.89,Cornering,"Hoosier 43075 16x7.5-10 R20, 7 inch rim",6987
78.28,421.46,-8.83,492.8,-239.51,0.009,-31.05,-37.8,-0.04,0.0369,-2.0576,12.15,-98736.22,7.45,93.76,-5.353,-0,-1.0001,130.81,135.49,131.59,24.89,Cornering,"Hoosier 43075 16x7.5-10 R20, 7 inch rim",6988
78.31,421.47,-8.02,493.41,-241.67,0.001,-31.91,-38.22,0.09,0.0332,-2.0417,12.07,44021.36,7.45,93.79,-5.404,-0,-0.9998,130.85,135.51,131.57,24.9,Cornering,"Hoosier 43075 16x7.5-10 R20, 7 inch rim",6989
78.32,421.48,-6.49,494.5,-241.74,0.003,-31.97,-38.34,0.09,0.0268,-2.0455,11.99,44048.8,7.45,93.79,-5.446,-0,-0.9998,130.83,135.62,131.55,24.92,Cornering,"Hoosier 43075 16x7.5-10 R20, 7 inch rim",6990
78.28,421.49,-5.67,497,-240.43,0.007,-30.84,-39.02,0.03,0.0236,-2.0671,11.97,159021.88,7.44,93.76,-5.485,-0,-1,130.94,135.71,131.59,24.93,Cornering,"Hoosier 43075 16x7.5-10 R20, 7 inch rim",6991
78.3,421.5,-4.91,499.98,-236.58,0.004,-30.56,-39,-0.04,0.0207,-2.1133,12.03,-98959.08,7.44,93.76,-5.527,-0,-1.0001,130.91,135.82,131.65,24.96,Cornering,"Hoosier 43075 16x7.5-10 R20, 7 inch rim",6992
78.32,421.51,-4.46,502.96,-233.72,0.004,-29.73,-38.61,-0.11,0.0191,-2.1519,12.09,-37762.21,7.44,93.76,-5.565,-0,-1.0002,130.91,135.97,131.71,24.97,Cornering,"Hoosier 43075 16x7.5-10 R20, 7 inch rim",6993
78.3,421.52,-4.67,506.55,-231.61,0.001,-28.85,-37.85,-0.04,0.0202,-2.1871,12.15,-99015.35,7.44,93.74,-5.598,-0,-1.0001,130.87,136.1,131.85,24.97,Cornering,"Hoosier 43075 16x7.5-10 R20, 7 inch rim",6994
78.29,421.53,-5.61,509.34,-230.49,0.007,-28.55,-36.99,-0.04,0.0243,-2.2098,12.16,-99008.44,7.44,93.7,-5.637,-0,-1.0001,131,136.21,131.95,24.97,Cornering,"Hoosier 43075 16x7.5-10 R20, 7 inch rim",6995
78.32,421.54,-7.19,510.73,-231.43,0.003,-28.69,-36.62,0.03,0.0311,-2.2069,12.1,159224.2,7.44,93.69,-5.683,-0,-1,131.09,136.26,132.07,24.97,Cornering,"Hoosier 43075 16x7.5-10 R20, 7 inch rim",6996
78.32,421.55,-8.35,511.15,-233.03,0.016,-30.15,-36.2,0.16,0.0358,-2.1935,12.05,25596.32,7.44,93.67,-5.71,-0,-0.9997,131.15,136.17,132.15,24.96,Cornering,"Hoosier 43075 16x7.5-10 R20, 7 inch rim",6997
78.29,421.56,-8.94,510.98,-236.65,0.01,-30.57,-36.06,0.09,0.0378,-2.1592,12.02,44075.01,7.44,93.68,-5.762,-0,-0.9998,131.15,136.02,132.15,24.94,Cornering,"Hoosier 43075 16x7.5-10 R20, 7 inch rim",6998
78.29,421.57,-8.71,510.95,-239.05,0.001,-32.89,-35.98,-0.04,0.0364,-2.1374,12.03,-98863.09,7.44,93.69,-5.804,-0,-1.0001,131.19,135.93,132.13,24.94,Cornering,"Hoosier 43075 16x7.5-10 R20, 7 inch rim",6999
78.32,421.58,-8.24,510.93,-241.35,0.003,-33.65,-36.53,0.03,0.0341,-2.1169,12.11,159068.22,7.44,93.66,-5.836,-0,-1,131.19,135.88,132.09,24.95,Cornering,"Hoosier 43075 16x7.5-10 R20, 7 inch rim",7000
78.3,421.59,-6.58,512.01,-242.36,0.01,-33.1,-36.39,0.03,0.0272,-2.1126,12.18,159165.8,7.43,93.64,-5.88,-0,-1,131.22,135.93,132.05,24.97,Cornering,"Hoosier 43075 16x7.5-10 R20, 7 inch rim",7001
78.28,421.6,-5.86,514.05,-240.67,0.009,-32.08,-37.1,0.03,0.0243,-2.1359,12.19,159078.95,7.43,93.63,-5.923,-0,-1,131.26,135.99,132.07,24.96,Cornering,"Hoosier 43075 16x7.5-10 R20, 7 inch rim",7002
78.3,421.61,-4.92,515.95,-238.04,0.007,-30.59,-36.92,-0.04,0.0207,-2.1674,12.18,-98812.62,7.43,93.6,-5.952,-0,-1.0001,131.3,136.08,132.09,24.94,Cornering,"Hoosier 43075 16x7.5-10 R20, 7 inch rim",7003
78.32,421.62,-4.82,518.46,-234.94,0.007,-30.06,-36.69,-0.04,0.0205,-2.2068,12.12,-98802.32,7.43,93.55,-6.006,-0,-1.0001,131.39,136.26,132.17,24.94,Cornering,"Hoosier 43075 16x7.5-10 R20, 7 inch rim",7004
78.29,421.63,-5.33,521.26,-232.11,0.014,-29.95,-36.16,-0.04,0.023,-2.2457,12.04,-98795.77,7.43,93.51,-6.041,-0,-1.0001,131.52,136.43,132.26,24.94,Cornering,"Hoosier 43075 16x7.5-10 R20, 7 inch rim",7005
78.29,421.64,-6.11,523.9,-231.13,0.014,-30.03,-35.19,0.09,0.0264,-2.2667,11.97,44028.43,7.43,93.44,-6.074,-0,-0.9998,131.6,136.59,132.38,24.93,Cornering,"Hoosier 43075 16x7.5-10 R20, 7 inch rim",7006
78.32,421.65,-7.35,525.6,-231.47,0.013,-30.03,-34.63,0.09,0.0317,-2.2707,11.97,44034.73,7.43,93.42,-6.119,-0,-0.9998,131.71,136.68,132.5,24.94,Cornering,"Hoosier 43075 16x7.5-10 R20, 7 inch rim",7007
78.3,421.66,-8.39,526.04,-232.81,0.017,-31.49,-34.01,-0.04,0.036,-2.2595,12.02,-98818.72,7.43,93.36,-6.16,-0,-1.0001,131.79,136.68,132.56,24.95,Cornering,"Hoosier 43075 16x7.5-10 R20, 7 inch rim",7008
78.28,421.67,-9.16,525.71,-235.96,0.006,-32.32,-33.92,-0.04,0.0388,-2.2279,12.11,-98832.43,7.43,93.35,-6.207,-0,-1.0001,131.84,136.68,132.6,24.96,Cornering,"Hoosier 43075 16x7.5-10 R20, 7 inch rim",7009
78.3,421.68,-9.37,525.68,-238.26,0.007,-33.95,-33.99,0.03,0.0393,-2.2063,12.19,158946.66,7.42,93.36,-6.231,-0,-1,131.92,136.59,132.62,24.95,Cornering,"Hoosier 43075 16x7.5-10 R20, 7 inch rim",7010
78.33,421.69,-8.78,526.12,-240.68,0.016,-34.31,-34.28,0.03,0.0365,-2.1859,12.2,158858.25,7.42,93.33,-6.277,-0,-1,131.88,136.7,132.66,24.94,Cornering,"Hoosier 43075 16x7.5-10 R20, 7 inch rim",7011
78.3,421.7,-7.75,527.06,-241.67,-0,-34.15,-34.79,0.03,0.032,-2.1809,12.18,158881.39,7.42,93.35,-6.32,-0,-1,131.88,136.74,132.66,24.94,Cornering,"Hoosier 43075 16x7.5-10 R20, 7 inch rim",7012
78.28,421.71,-6.57,528.46,-241.28,0.014,-32.74,-35.23,0.09,0.0272,-2.1902,12.11,44064.33,7.42,93.34,-6.364,-0,-0.9998,131.99,136.83,132.66,24.97,Cornering,"Hoosier 43075 16x7.5-10 R20, 7 inch rim",7013
78.32,421.72,-5.54,530.05,-239.13,0.006,-31.58,-35.37,0.16,0.0232,-2.2166,12.03,25568.14,7.42,93.36,-6.397,-0,-0.9997,132.07,137.01,132.72,24.96,Cornering,"Hoosier 43075 16x7.5-10 R20, 7 inch rim",7014
78.32,421.73,-4.75,532.56,-236.07,0.01,-30.5,-34.78,-0.04,0.0201,-2.2559,11.99,-98786.05,7.42,93.34,-6.439,-0,-1.0001,132.05,137.16,132.82,24.96,Cornering,"Hoosier 43075 16x7.5-10 R20, 7 inch rim",7015
78.29,421.74,-4.94,535.07,-233.32,0.007,-30.44,-34.32,-0.04,0.0212,-2.2933,12,-98778.45,7.42,93.28,-6.476,-0,-1.0001,132.14,137.32,132.98,24.96,Cornering,"Hoosier 43075 16x7.5-10 R20, 7 inch rim",7016
78.3,421.75,-5.74,537.56,-232.03,0.004,-30.13,-33.57,0.03,0.0247,-2.3168,12.07,158853.38,7.42,93.23,-6.519,-0,-1,132.25,137.47,133.1,24.95,Cornering,"Hoosier 43075 16x7.5-10 R20, 7 inch rim",7017
78.33,421.76,-6.94,538.94,-231.4,0.007,-31.44,-32.78,0.03,0.03,-2.3291,12.14,158801.73,7.42,93.21,-6.563,-0,-1,132.37,137.6,133.27,24.94,Cornering,"Hoosier 43075 16x7.5-10 R20, 7 inch rim",7018
78.3,421.77,-8.03,539.55,-232.8,0.006,-31.9,-31.76,-0.04,0.0345,-2.3176,12.16,-98752.14,7.42,93.17,-6.603,-0,-1.0001,132.5,137.62,133.39,24.96,Cornering,"Hoosier 43075 16x7.5-10 R20, 7 inch rim",7019
78.28,421.78,-9.18,539.52,-234.9,0.009,-32.9,-31.69,0.03,0.0391,-2.2968,12.14,158887,7.41,93.15,-6.639,-0,-1,132.55,137.54,133.49,24.96,Cornering,"Hoosier 43075 16x7.5-10 R20, 7 inch rim",7020
78.31,421.79,-9.76,539.51,-237.58,-0.003,-33.75,-31.88,0.03,0.0411,-2.2708,12.06,158908.89,7.42,93.15,-6.684,-0,-1,132.57,137.49,133.49,24.97,Cornering,"Hoosier 43075 16x7.5-10 R20, 7 inch rim",7021
78.32,421.8,-9.43,539.94,-239.69,0.007,-34.66,-32.01,0.09,0.0393,-2.2527,12,44041.84,7.41,93.16,-6.719,-0,-0.9998,132.57,137.56,133.51,24.97,Cornering,"Hoosier 43075 16x7.5-10 R20, 7 inch rim",7022
78.29,421.81,-8.24,540.71,-241.68,0.007,-34.04,-32,-0.04,0.0341,-2.2373,12,-98788.34,7.41,93.15,-6.758,-0,-1.0001,132.57,137.58,133.55,24.97,Cornering,"Hoosier 43075 16x7.5-10 R20, 7 inch rim",7023
78.29,421.82,-6.89,542.11,-241.66,0.014,-32.94,-32.13,0.03,0.0285,-2.2433,12.06,158940.5,7.41,93.13,-6.807,-0,-1,132.7,137.71,133.53,24.98,Cornering,"Hoosier 43075 16x7.5-10 R20, 7 inch rim",7024
78.32,421.83,-5.69,543.38,-239.66,0.013,-32.28,-32.42,0.03,0.0238,-2.2673,12.14,159040.72,7.41,93.03,-6.837,-0,-1,132.82,137.84,133.57,25,Cornering,"Hoosier 43075 16x7.5-10 R20, 7 inch rim",7025
78.3,421.84,-5.01,545.28,-236.83,0.004,-31.25,-32.42,0.03,0.0211,-2.3024,12.22,159060.64,7.41,93,-6.885,-0,-1,132.89,137.95,133.71,25,Cornering,"Hoosier 43075 16x7.5-10 R20, 7 inch rim",7026
78.28,421.85,-5.06,547.01,-234.36,-0.005,-31,-32.05,-0.04,0.0216,-2.3341,12.21,-98867.12,7.41,92.98,-6.924,-0,-1.0001,132.93,138.09,133.85,25,Cornering,"Hoosier 43075 16x7.5-10 R20, 7 inch rim",7027
78.3,421.86,-6.1,549.02,-232.56,0.007,-31.4,-31.71,0.03,0.0262,-2.3608,12.19,158997.11,7.41,92.97,-6.961,-0,-1,133.06,138.26,133.95,25,Cornering,"Hoosier 43075 16x7.5-10 R20, 7 inch rim",7028
78.31,421.87,-6.48,550.57,-231.93,0.004,-32.16,-30.14,-0.04,0.0279,-2.3739,12.12,-98781.39,7.41,92.98,-7.001,-0,-1.0001,133.23,138.37,134.18,24.98,Cornering,"Hoosier 43075 16x7.5-10 R20, 7 inch rim",7029
78.28,421.88,-8.11,551.48,-232.55,0.01,-32.89,-29.84,0.03,0.0349,-2.3714,12.04,158821.7,7.41,93,-7.04,-0,-1,133.4,138.35,134.36,24.97,Cornering,"Hoosier 43075 16x7.5-10 R20, 7 inch rim",7030
78.29,421.89,-9.02,551.62,-234.49,0.007,-33.49,-29.32,-0.04,0.0385,-2.3524,11.98,-98718.1,7.4,93.01,-7.08,-0,-1.0001,133.47,138.44,134.48,24.97,Cornering,"Hoosier 43075 16x7.5-10 R20, 7 inch rim",7031
78.31,421.9,-9.42,552.07,-237.34,0.003,-33.4,-29.13,0.03,0.0397,-2.3261,11.98,158792.44,7.4,93.02,-7.122,-0,-1,133.47,138.31,134.6,24.97,Cornering,"Hoosier 43075 16x7.5-10 R20, 7 inch rim",7032
78.3,421.91,-9.55,552.21,-239.44,-0,-34.74,-29.72,0.03,0.0399,-2.3062,12.06,158740.58,7.4,93.02,-7.163,-0,-1,133.49,138.37,134.62,24.97,Cornering,"Hoosier 43075 16x7.5-10 R20, 7 inch rim",7033
78.28,421.92,-8.34,552.49,-241.33,0.01,-34.62,-29.45,0.03,0.0345,-2.2893,12.11,158727.05,7.4,93.03,-7.201,-0,-1,133.49,138.39,134.62,24.97,Cornering,"Hoosier 43075 16x7.5-10 R20, 7 inch rim",7034
78.3,421.93,-7.16,552.83,-241.59,-0.009,-34.35,-30.02,-0.11,0.0296,-2.2883,12.14,-37597.89,7.4,93.03,-7.241,-0,-1.0002,133.51,138.5,134.66,24.94,Cornering,"Hoosier 43075 16x7.5-10 R20, 7 inch rim",7035
78.32,421.94,-5.68,553.62,-240.58,-0,-33.01,-29.9,0.03,0.0236,-2.3012,12.13,158438.73,7.4,93.06,-7.284,-0,-1,133.66,138.66,134.74,24.93,Cornering,"Hoosier 43075 16x7.5-10 R20, 7 inch rim",7036
78.29,421.95,-5.08,554.87,-237.87,0.01,-32.45,-30.15,0.03,0.0213,-2.3327,12.08,158426.08,7.4,93.08,-7.318,-0,-1,133.75,138.81,134.88,24.93,Cornering,"Hoosier 43075 16x7.5-10 R20, 7 inch rim",7037
78.28,421.96,-4.94,556.13,-235.9,0.01,-32.05,-29.7,-0.04,0.0209,-2.3575,12.05,-98516.98,7.4,93.06,-7.361,-0,-1.0001,133.83,139.01,135.04,24.94,Cornering,"Hoosier 43075 16x7.5-10 R20, 7 inch rim",7038
78.33,421.97,-5.2,557.7,-233.49,-0.002,-33.05,-28.76,-0.04,0.0223,-2.3885,12.03,-98553.81,7.4,93.07,-7.4,-0,-1.0001,134,139.23,135.21,24.95,Cornering,"Hoosier 43075 16x7.5-10 R20, 7 inch rim",7039
78.31,421.98,-6.21,559.25,-233.87,0.004,-32.05,-27.91,0.09,0.0266,-2.3913,12.08,43970.59,7.4,93.08,-7.437,-0,-0.9998,134.28,139.45,135.37,24.97,Cornering,"Hoosier 43075 16x7.5-10 R20, 7 inch rim",7040
78.28,421.99,-7.73,561.09,-233.79,0.009,-32.83,-27.39,-0.04,0.0331,-2.4,12.15,-98537.78,7.4,93.07,-7.468,-0,-1.0001,134.48,139.47,135.63,24.95,Cornering,"Hoosier 43075 16x7.5-10 R20, 7 inch rim",7041
78.3,422,-8.59,561.55,-234.47,0.001,-34.22,-26.46,0.03,0.0366,-2.395,12.22,158456.62,7.4,93.1,-7.531,-0,-1,134.56,139.52,135.73,24.94,Cornering,"Hoosier 43075 16x7.5-10 R20, 7 inch rim",7042
78.32,422.01,-9.7,561.68,-236.7,0.004,-34.81,-26.8,0.03,0.041,-2.3729,12.24,158369.92,7.39,93.06,-7.566,-0,-1,134.63,139.49,135.83,24.93,Cornering,"Hoosier 43075 16x7.5-10 R20, 7 inch rim",7043
78.29,422.02,-9.66,561.81,-239.04,0.012,-35.15,-26.68,-0.11,0.0404,-2.3502,12.2,-37548.52,7.39,93.07,-7.6,-0,-1.0002,134.65,139.45,135.91,24.93,Cornering,"Hoosier 43075 16x7.5-10 R20, 7 inch rim",7044
78.28,422.03,-9.1,562.12,-241.17,-0,-34.97,-26.94,-0.04,0.0377,-2.3308,12.12,-98426.38,7.39,93.05,-7.649,-0,-1.0001,134.71,139.52,135.87,24.93,Cornering,"Hoosier 43075 16x7.5-10 R20, 7 inch rim",7045
78.31,422.04,-7.8,562.42,-241.65,0.012,-34.75,-27.17,0.09,0.0323,-2.3274,12.03,43882.72,7.39,93.06,-7.689,-0,-0.9998,134.82,139.63,135.87,24.94,Cornering,"Hoosier 43075 16x7.5-10 R20, 7 inch rim",7046
78.31,422.05,-6.34,562.44,-241.59,0.003,-34.01,-27.32,-0.04,0.0263,-2.3281,12,-98499.61,7.39,93.04,-7.725,-0,-1.0001,134.95,139.78,135.95,24.96,Cornering,"Hoosier 43075 16x7.5-10 R20, 7 inch rim",7047
78.29,422.06,-5.39,562.62,-239.55,0.003,-33.32,-27.43,0.09,0.0225,-2.3486,12.01,43935.88,7.39,93.05,-7.763,-0,-0.9998,135.06,139.93,136.07,24.97,Cornering,"Hoosier 43075 16x7.5-10 R20, 7 inch rim",7048
78.3,422.07,-4.92,563.24,-237.25,0.012,-33.46,-26.98,-0.04,0.0207,-2.374,12.11,-98548.38,7.38,93.04,-7.806,-0,-1.0001,135.21,140.11,136.24,24.97,Cornering,"Hoosier 43075 16x7.5-10 R20, 7 inch rim",7049
78.32,422.08,-5.63,564.35,-235.83,0.001,-33.37,-26.75,-0.04,0.0239,-2.393,12.17,-98540.66,7.39,93.05,-7.838,-0,-1.0001,135.33,140.33,136.38,24.97,Cornering,"Hoosier 43075 16x7.5-10 R20, 7 inch rim",7050
78.29,422.09,-6.65,566.21,-234.87,0.004,-33.6,-25.91,0.03,0.0283,-2.4108,12.2,158358.88,7.39,93.06,-7.878,-0,-1,135.4,140.55,136.58,24.95,Cornering,"Hoosier 43075 16x7.5-10 R20, 7 inch rim",7051
78.28,422.1,-7.79,567.76,-234.59,-0.003,-34.16,-25.04,-0.04,0.0332,-2.4202,12.19,-98335.09,7.38,93.07,-7.929,-0,-1.0001,135.7,140.59,136.8,24.93,Cornering,"Hoosier 43075 16x7.5-10 R20, 7 inch rim",7052
78.3,422.11,-8.59,569.3,-235.78,0.001,-33.89,-24.26,-0.04,0.0365,-2.4145,12.12,-98373.35,7.39,93.1,-7.959,-0,-1.0001,135.85,140.57,136.98,24.94,Cornering,"Hoosier 43075 16x7.5-10 R20, 7 inch rim",7053
78.31,422.12,-9.59,569.74,-237.16,0.007,-34.83,-24.36,0.09,0.0404,-2.4024,12.05,43849.36,7.38,93.14,-7.994,-0,-0.9998,135.91,140.57,137.11,24.94,Cornering,"Hoosier 43075 16x7.5-10 R20, 7 inch rim",7054
78.28,422.13,-9.95,570.03,-239.4,0.01,-35.19,-24.55,-0.04,0.0415,-2.3811,12,-98374.7,7.38,93.17,-8.045,-0,-1.0001,135.89,140.62,137.11,24.94,Cornering,"Hoosier 43075 16x7.5-10 R20, 7 inch rim",7055
78.3,422.14,-9.57,570.18,-241.37,0.001,-35.42,-24.84,-0.11,0.0397,-2.3623,12.05,-37529.51,7.38,93.2,-8.083,-0,-1.0002,135.94,140.73,137.11,24.95,Cornering,"Hoosier 43075 16x7.5-10 R20, 7 inch rim",7056
78.32,422.15,-8.31,569.85,-242.51,0.016,-35.58,-24.95,-0.04,0.0343,-2.3498,12.1,-98354.44,7.38,93.21,-8.125,-0,-1.0001,135.96,140.75,137.11,24.94,Cornering,"Hoosier 43075 16x7.5-10 R20, 7 inch rim",7057
78.31,422.16,-6.9,569.41,-242.97,0.001,-34.58,-25.24,0.03,0.0284,-2.3436,12.11,158351.81,7.38,93.17,-8.168,-0,-1,136.02,140.88,137.15,24.97,Cornering,"Hoosier 43075 16x7.5-10 R20, 7 inch rim",7058
78.29,422.17,-6.22,568.94,-241.67,0.013,-34.3,-25.67,0.03,0.0257,-2.3542,12.11,158412.36,7.37,93.13,-8.2,-0,-1,136.11,141.01,137.31,24.98,Cornering,"Hoosier 43075 16x7.5-10 R20, 7 inch rim",7059
78.3,422.18,-5.84,569.43,-239.43,0.009,-33.95,-25.6,0.03,0.0244,-2.3783,12.07,158430.16,7.38,93.13,-8.246,-0,-1,136.28,141.15,137.47,24.98,Cornering,"Hoosier 43075 16x7.5-10 R20, 7 inch rim",7060
78.32,422.19,-6.01,570.36,-237.88,0.019,-33.86,-25.07,0.03,0.0253,-2.3977,12,158376.12,7.37,93.09,-8.287,-0,-1,136.47,141.26,137.69,24.98,Cornering,"Hoosier 43075 16x7.5-10 R20, 7 inch rim",7061
78.29,422.2,-6.87,572.55,-236.27,0.007,-34.26,-24.48,0.03,0.0291,-2.4234,11.97,158473.8,7.38,93.08,-8.317,-0,-1,136.77,141.48,137.93,25,Cornering,"Hoosier 43075 16x7.5-10 R20, 7 inch rim",7062
78.3,422.21,-8.05,574.87,-235.35,0.013,-34.48,-23.77,0.03,0.0342,-2.4426,12.01,158602.14,7.37,93.09,-8.362,-0,-1,137.01,141.56,138.18,25.02,Cornering,"Hoosier 43075 16x7.5-10 R20, 7 inch rim",7063
78.32,422.22,-9,576.13,-236.12,-0.003,-34.22,-23.21,-0.04,0.0381,-2.44,12.08,-98667.95,7.37,93.09,-8.415,-0,-1.0001,137.31,141.61,138.38,25.04,Cornering,"Hoosier 43075 16x7.5-10 R20, 7 inch rim",7064
78.3,422.23,-9.14,577.2,-236.33,0.003,-35.38,-22.29,-0.04,0.0387,-2.4423,12.16,-98752.11,7.37,93.1,-8.442,-0,-1.0001,137.42,141.59,138.52,25.07,Cornering,"Hoosier 43075 16x7.5-10 R20, 7 inch rim",7065
78.28,422.24,-9.41,577.34,-238.83,0.001,-35.02,-22.16,0.03,0.0394,-2.4174,12.19,158656.41,7.37,93.12,-8.493,-0,-1,137.5,141.56,138.58,25.04,Cornering,"Hoosier 43075 16x7.5-10 R20, 7 inch rim",7066
78.31,422.25,-9.03,577.01,-240.5,0.003,-35.85,-22.09,-0.04,0.0376,-2.3992,12.19,-98546.62,7.37,93.1,-8.528,-0,-1.0001,137.54,141.63,138.62,25.02,Cornering,"Hoosier 43075 16x7.5-10 R20, 7 inch rim",7067
78.32,422.26,-8.3,576.06,-241.79,0.006,-36.54,-22.46,0.03,0.0343,-2.3825,12.11,158260.91,7.37,93.13,-8.559,-0,-1,137.67,141.65,138.58,24.98,Cornering,"Hoosier 43075 16x7.5-10 R20, 7 inch rim",7068
78.29,422.27,-6.98,574.98,-242.57,-0,-36.37,-22.73,0.03,0.0288,-2.3704,12.08,158241.77,7.37,93.15,-8.604,-0,-1,137.76,141.81,138.64,24.98,Cornering,"Hoosier 43075 16x7.5-10 R20, 7 inch rim",7069
78.29,422.28,-5.72,573.59,-242.48,0.004,-35.78,-23.06,0.03,0.0236,-2.3655,12,158184.58,7.37,93.16,-8.651,-0,-1,138.02,142,138.78,24.97,Cornering,"Hoosier 43075 16x7.5-10 R20, 7 inch rim",7070
78.32,422.29,-4.89,573.61,-241.4,0.007,-34.6,-23.08,0.09,0.0203,-2.3762,12.02,43851.18,7.37,93.14,-8.68,-0,-0.9998,138.19,142.22,138.96,24.98,Cornering,"Hoosier 43075 16x7.5-10 R20, 7 inch rim",7071
78.3,422.3,-4.78,575.33,-239.41,0.009,-33.85,-22.84,0.03,0.02,-2.4031,12.03,158335,7.37,93.13,-8.727,-0,-1,138.38,142.42,139.15,25,Cornering,"Hoosier 43075 16x7.5-10 R20, 7 inch rim",7072
78.29,422.31,-5.51,576.89,-238.45,0.004,-33.92,-22.29,0.03,0.0231,-2.4193,12.11,158281.3,7.37,93.09,-8.766,-0,-1,138.64,142.66,139.39,25,Cornering,"Hoosier 43075 16x7.5-10 R20, 7 inch rim",7073
78.3,422.32,-6.69,579.38,-237.4,-0.003,-34.28,-21.64,-0.11,0.0282,-2.4405,12.14,-37518.47,7.37,93.06,-8.798,-0,-1.0002,138.96,142.86,139.67,24.99,Cornering,"Hoosier 43075 16x7.5-10 R20, 7 inch rim",7074
78.32,422.33,-8.24,581.38,-236.87,0.006,-34.95,-21.32,0.09,0.0348,-2.4545,12.15,43801.65,7.37,93.02,-8.836,-0,-0.9998,139.18,142.91,139.91,24.97,Cornering,"Hoosier 43075 16x7.5-10 R20, 7 inch rim",7075
78.3,422.34,-9.18,582.61,-237.55,0.007,-35.16,-21,-0.04,0.0387,-2.4526,12.12,-98179.45,7.37,93.02,-8.871,-0,-1.0001,139.43,142.84,140.06,24.95,Cornering,"Hoosier 43075 16x7.5-10 R20, 7 inch rim",7076
78.29,422.35,-10.02,582.91,-238.58,0.006,-36.11,-20.98,0.03,0.042,-2.4432,12.05,157843.22,7.36,93.01,-8.926,-0,-1,139.5,142.82,140.12,24.94,Cornering,"Hoosier 43075 16x7.5-10 R20, 7 inch rim",7077
78.32,422.36,-9.9,582.57,-240.92,0.017,-36.27,-20.72,-0.04,0.0411,-2.4181,12.01,-98109.2,7.36,93.02,-8.96,-0,-1.0001,139.52,142.82,140.12,24.94,Cornering,"Hoosier 43075 16x7.5-10 R20, 7 inch rim",7078
78.32,422.37,-9.73,581.49,-242.89,0.003,-36.5,-21.27,0.03,0.0401,-2.394,11.99,157813.67,7.36,93.02,-8.992,-0,-1,139.65,142.91,140.12,24.94,Cornering,"Hoosier 43075 16x7.5-10 R20, 7 inch rim",7079
78.29,422.38,-8.05,580.39,-243.96,0.006,-36.38,-21.11,-0.04,0.033,-2.379,12.01,-98110.33,7.36,93.01,-9.038,-0,-1.0001,139.8,142.99,140.1,24.94,Cornering,"Hoosier 43075 16x7.5-10 R20, 7 inch rim",7080
78.3,422.39,-6.81,578.69,-244.32,0.004,-35.98,-21.69,-0.11,0.0279,-2.3686,12.09,-37409.6,7.36,92.98,-9.086,-0,-1.0002,139.84,143.17,140.14,24.94,Cornering,"Hoosier 43075 16x7.5-10 R20, 7 inch rim",7081
78.32,422.4,-5.63,578.4,-242.72,0.006,-35.25,-21.84,0.03,0.0232,-2.383,12.14,157757.22,7.36,92.93,-9.116,-0,-1,140.01,143.41,140.22,24.94,Cornering,"Hoosier 43075 16x7.5-10 R20, 7 inch rim",7082
78.3,422.41,-5.35,579.21,-241.34,-0.002,-34.08,-21.81,-0.04,0.0221,-2.4,12.11,-98074.65,7.36,92.86,-9.164,-0,-1.0001,140.23,143.68,140.26,24.94,Cornering,"Hoosier 43075 16x7.5-10 R20, 7 inch rim",7083
78.28,422.42,-5.6,581.07,-239.39,0.003,-34.31,-21.12,0.03,0.0234,-2.4273,12.08,157714.56,7.36,92.82,-9.209,-0,-1,140.4,143.85,140.3,24.94,Cornering,"Hoosier 43075 16x7.5-10 R20, 7 inch rim",7084
78.31,422.43,-6.43,583.26,-238.23,-0.003,-34.54,-20.28,0.03,0.027,-2.4483,12,157660.06,7.36,92.79,-9.248,-0,-1,140.68,144.07,140.4,24.93,Cornering,"Hoosier 43075 16x7.5-10 R20, 7 inch rim",7085
78.32,422.44,-7.49,585.25,-237.75,0.01,-34.91,-19.32,0.09,0.0315,-2.4616,11.93,43674.37,7.36,92.76,-9.282,-0,-0.9998,140.96,144.18,140.52,24.93,Cornering,"Hoosier 43075 16x7.5-10 R20, 7 inch rim",7086
78.28,422.45,-8.6,586.49,-237.81,0.009,-35.76,-18.84,0.03,0.0361,-2.4662,11.92,157625.5,7.36,92.79,-9.322,-0,-1,141.17,144.16,140.52,24.93,Cornering,"Hoosier 43075 16x7.5-10 R20, 7 inch rim",7087
78.29,422.46,-9.19,586.78,-238.98,0.007,-36.25,-18.35,0.03,0.0384,-2.4553,11.97,157644.09,7.36,92.79,-9.361,-0,-1,141.26,144.12,140.46,24.94,Cornering,"Hoosier 43075 16x7.5-10 R20, 7 inch rim",7088
78.32,422.47,-9.82,586.61,-240.89,0.01,-36.5,-18.58,-0.11,0.0408,-2.4352,12.06,-37391.8,7.36,92.76,-9.407,-0,-1.0002,141.34,144.12,140.36,24.95,Cornering,"Hoosier 43075 16x7.5-10 R20, 7 inch rim",7089
78.3,422.48,-9.4,585.2,-242.89,0.006,-36.88,-18.62,-0.04,0.0387,-2.4093,12.12,-98017.52,7.36,92.75,-9.44,-0,-1.0001,141.32,144.23,140.28,24.95,Cornering,"Hoosier 43075 16x7.5-10 R20, 7 inch rim",7090
78.29,422.49,-8.37,583.8,-243.94,0.007,-36.88,-18.92,-0.04,0.0343,-2.3932,12.14,-97958.09,7.36,92.74,-9.487,-0,-1.0001,141.49,144.29,140.16,24.94,Cornering,"Hoosier 43075 16x7.5-10 R20, 7 inch rim",7091
78.31,422.5,-7.01,581.94,-244.53,0.004,-36.82,-19.26,0.03,0.0287,-2.3799,12.09,157457.2,7.35,92.72,-9.524,-0,-1,141.64,144.45,140.28,24.92,Cornering,"Hoosier 43075 16x7.5-10 R20, 7 inch rim",7092
78.32,422.51,-5.54,581.33,-243.54,0.013,-36.03,-19.33,0.03,0.0228,-2.387,12.04,157437.42,7.35,92.7,-9.566,-0,-1,141.81,144.67,140.62,24.92,Cornering,"Hoosier 43075 16x7.5-10 R20, 7 inch rim",7093
78.29,422.52,-5,581.82,-242.58,0.009,-34.54,-19.43,0.03,0.0206,-2.3984,11.97,157532.2,7.35,92.69,-9.597,-0,-1,141.94,144.91,140.9,24.94,Cornering,"Hoosier 43075 16x7.5-10 R20, 7 inch rim",7094
78.29,422.53,-5.73,583.08,-241.02,-0,-34.62,-19.73,-0.04,0.0238,-2.4192,11.95,-97977.86,7.35,92.69,-9.65,-0,-1.0001,142.18,145.15,141.23,24.96,Cornering,"Hoosier 43075 16x7.5-10 R20, 7 inch rim",7095
78.32,422.54,-6.53,584.94,-239.83,0.004,-34.77,-18.95,0.16,0.0272,-2.439,11.97,25359.35,7.35,92.7,-9.693,-0,-0.9997,142.39,145.31,141.67,24.97,Cornering,"Hoosier 43075 16x7.5-10 R20, 7 inch rim",7096
78.3,422.55,-7.68,587.13,-239.24,-0.006,-34.78,-18.09,0.03,0.0321,-2.4541,12.05,157617.12,7.35,92.71,-9.725,-0,-1,142.67,145.46,142.08,24.96,Cornering,"Hoosier 43075 16x7.5-10 R20, 7 inch rim",7097
78.28,422.56,-8.42,588.19,-239.26,0.004,-35.44,-16.85,-0.04,0.0352,-2.4584,12.12,-97988.4,7.35,92.71,-9.766,-0,-1.0001,142.87,145.57,142.42,24.97,Cornering,"Hoosier 43075 16x7.5-10 R20, 7 inch rim",7098
78.31,422.57,-9.98,588.96,-239.38,0.004,-36.18,-17.08,0.03,0.0417,-2.4603,12.12,157471.73,7.35,92.7,-9.798,-0,-1,143.02,145.55,142.74,24.94,Cornering,"Hoosier 43075 16x7.5-10 R20, 7 inch rim",7099
78.33,422.58,-10.55,588.64,-241.13,-0.006,-36.76,-17.25,0.03,0.0437,-2.4411,12.11,157370.5,7.35,92.69,-9.855,-0,-1,143.08,145.57,142.88,24.93,Cornering,"Hoosier 43075 16x7.5-10 R20, 7 inch rim",7100
78.29,422.59,-10.21,588.47,-242.75,-0.003,-36.57,-17.07,-0.04,0.042,-2.4242,12.05,-97816.58,7.35,92.67,-9.882,-0,-1.0001,143.08,145.64,142.97,24.93,Cornering,"Hoosier 43075 16x7.5-10 R20, 7 inch rim",7101
78.29,422.6,-9.24,586.74,-243.52,0.001,-38.21,-17.49,0.03,0.0379,-2.4094,12,157446.33,7.35,92.66,-9.924,-0,-1,143.1,145.7,143.05,24.95,Cornering,"Hoosier 43075 16x7.5-10 R20, 7 inch rim",7102
78.31,422.61,-7.29,585.35,-245.2,0.004,-36.76,-17.48,0.03,0.0297,-2.3872,12.01,157460.88,7.35,92.65,-9.968,-0,-1,143.25,145.83,143.17,24.96,Cornering,"Hoosier 43075 16x7.5-10 R20, 7 inch rim",7103
78.31,422.62,-5.84,583.8,-245.05,0.01,-36.21,-17.77,0.03,0.0238,-2.3824,12.05,157523.31,7.35,92.66,-9.99,-0,-1,143.42,146.01,143.41,24.97,Cornering,"Hoosier 43075 16x7.5-10 R20, 7 inch rim",7104
78.29,422.63,-5.56,583.35,-243.28,0.007,-36.32,-18.55,0.03,0.0229,-2.3978,12.11,157457.39,7.35,92.66,-10.048,-0,-1,143.57,146.21,143.67,24.96,Cornering,"Hoosier 43075 16x7.5-10 R20, 7 inch rim",7105
78.3,422.64,-5.2,584.31,-242.47,0.006,-34.43,-17.84,0.09,0.0214,-2.4098,12.14,43638.12,7.35,92.66,-10.083,-0,-0.9998,143.81,146.41,143.98,24.97,Cornering,"Hoosier 43075 16x7.5-10 R20, 7 inch rim",7106
78.32,422.65,-6.38,585.09,-241.08,0.001,-35.05,-17.69,-0.04,0.0265,-2.427,12.12,-97880.16,7.35,92.67,-10.117,-0,-1.0001,144.13,146.6,144.24,24.97,Cornering,"Hoosier 43075 16x7.5-10 R20, 7 inch rim",7107
78.29,422.66,-7.13,587.1,-239.7,0.006,-36.01,-16.48,0.03,0.0297,-2.4493,12.06,157398.2,7.35,92.65,-10.166,-0,-1,144.37,146.74,144.56,24.96,Cornering,"Hoosier 43075 16x7.5-10 R20, 7 inch rim",7108
78.29,422.67,-8.59,588.65,-240.02,0.001,-35.9,-15.87,-0.04,0.0358,-2.4525,11.98,-97830.38,7.34,92.61,-10.203,-0,-1.0001,144.67,146.8,144.87,24.96,Cornering,"Hoosier 43075 16x7.5-10 R20, 7 inch rim",7109
78.32,422.68,-9.22,589.72,-240.26,0.006,-36.2,-14.95,0.03,0.0384,-2.4545,11.91,157317.19,7.35,92.62,-10.253,-0,-1,144.8,146.85,145.05,24.96,Cornering,"Hoosier 43075 16x7.5-10 R20, 7 inch rim",7110
78.32,422.69,-10.08,590.17,-241.8,0.013,-36.29,-15.11,0.09,0.0417,-2.4408,11.92,43588.23,7.34,92.63,-10.293,-0,-0.9998,144.84,146.87,145.15,24.96,Cornering,"Hoosier 43075 16x7.5-10 R20, 7 inch rim",7111
78.28,422.7,-10.09,590.32,-243.02,0.007,-36.8,-15.15,-0.04,0.0415,-2.429,11.97,-97837.53,7.34,92.66,-10.323,-0,-1.0001,144.82,146.91,145.17,24.97,Cornering,"Hoosier 43075 16x7.5-10 R20, 7 inch rim",7112
78.3,422.71,-9.48,589.84,-244.58,0.012,-36.68,-15.43,-0.04,0.0388,-2.4116,12.06,-97892.33,7.34,92.62,-10.365,-0,-1.0001,144.88,147.07,145.23,24.99,Cornering,"Hoosier 43075 16x7.5-10 R20, 7 inch rim",7113
78.32,422.72,-7.98,588.45,-245.4,0.003,-36.68,-15.67,0.09,0.0325,-2.398,12.16,43633.61,7.34,92.56,-10.401,-0,-0.9998,144.99,147.15,145.27,24.99,Cornering,"Hoosier 43075 16x7.5-10 R20, 7 inch rim",7114
78.29,422.73,-6.37,586.13,-245.48,-0.002,-36.36,-15.86,0.03,0.0259,-2.3877,12.21,157403.08,7.34,92.47,-10.441,-0,-1,145.16,147.33,145.41,24.98,Cornering,"Hoosier 43075 16x7.5-10 R20, 7 inch rim",7115
78.29,422.74,-5.2,584.59,-244.96,0.003,-35.7,-15.89,-0.04,0.0212,-2.3865,12.19,-97741.37,7.34,92.43,-10.481,-0,-1.0001,145.35,147.59,145.63,24.96,Cornering,"Hoosier 43075 16x7.5-10 R20, 7 inch rim",7116
78.31,422.75,-4.75,584.13,-243.69,0.01,-35.3,-15.65,0.03,0.0195,-2.397,12.14,157107.12,7.34,92.39,-10.518,-0,-1,145.48,147.81,145.79,24.94,Cornering,"Hoosier 43075 16x7.5-10 R20, 7 inch rim",7117
78.32,422.76,-5.99,585.07,-242.2,0.01,-35.72,-15.9,-0.04,0.0247,-2.4156,12.07,-97692.09,7.34,92.39,-10.562,-0,-1.0001,145.8,148.03,146.02,24.96,Cornering,"Hoosier 43075 16x7.5-10 R20, 7 inch rim",7118
78.29,422.77,-6.79,586.46,-241.86,0.01,-35.61,-14.82,0.16,0.0281,-2.4248,12.03,25285.2,7.34,92.38,-10.604,-0,-0.9997,146.11,148.25,146.26,24.97,Cornering,"Hoosier 43075 16x7.5-10 R20, 7 inch rim",7119
78.3,422.78,-7.96,588.33,-241.54,0.006,-35.69,-14.15,-0.04,0.033,-2.4358,12.06,-97849.62,7.34,92.42,-10.635,-0,-1.0001,146.38,148.43,146.54,25,Cornering,"Hoosier 43075 16x7.5-10 R20, 7 inch rim",7120
78.32,422.79,-8.91,589.71,-241.3,0.012,-36.3,-13.51,0.03,0.0369,-2.4439,12.11,157427.72,7.34,92.46,-10.671,-0,-1,146.51,148.5,146.76,25.01,Cornering,"Hoosier 43075 16x7.5-10 R20, 7 inch rim",7121
78.3,422.8,-9.77,590.32,-242.66,0.013,-35.79,-13.69,-0.04,0.0403,-2.4328,12.16,-97825.94,7.34,92.52,-10.707,-0,-1.0001,146.53,148.52,146.87,25,Cornering,"Hoosier 43075 16x7.5-10 R20, 7 inch rim",7122
78.29,422.81,-9.88,590,-243.89,0.004,-36.77,-13.76,-0.04,0.0405,-2.4192,12.14,-97765.83,7.34,92.54,-10.751,-0,-1.0001,146.53,148.54,146.87,24.99,Cornering,"Hoosier 43075 16x7.5-10 R20, 7 inch rim",7123
78.32,422.82,-9.55,589.21,-245.44,0.009,-36.83,-14.09,-0.04,0.0389,-2.4006,12.08,-97658.9,7.34,92.58,-10.8,-0,-1.0001,146.58,148.59,146.93,24.97,Cornering,"Hoosier 43075 16x7.5-10 R20, 7 inch rim",7124
78.32,422.83,-8.73,587.66,-246.66,-0,-37.01,-14.69,-0.04,0.0354,-2.3825,12.02,-97557.2,7.34,92.6,-10.833,-0,-1.0001,146.68,148.7,146.91,24.94,Cornering,"Hoosier 43075 16x7.5-10 R20, 7 inch rim",7125
78.29,422.84,-6.91,586.12,-246.96,-0.002,-37.12,-14.62,0.09,0.028,-2.3733,11.95,43483.57,7.34,92.61,-10.872,-0,-0.9998,146.79,148.78,146.99,24.94,Cornering,"Hoosier 43075 16x7.5-10 R20, 7 inch rim",7126
78.29,422.85,-6.02,584.26,-246.61,0.004,-36.82,-15.02,0.03,0.0244,-2.3691,11.92,156855.39,7.34,92.59,-10.922,-0,-1,147.01,149,147.25,24.94,Cornering,"Hoosier 43075 16x7.5-10 R20, 7 inch rim",7127
78.32,422.86,-5.91,583.8,-245.52,0.009,-36.07,-15.27,-0.04,0.0241,-2.3779,11.97,-97538.89,7.34,92.58,-10.955,-0,-1.0001,147.18,149.22,147.51,24.95,Cornering,"Hoosier 43075 16x7.5-10 R20, 7 inch rim",7128
78.31,422.87,-6.17,584.28,-244.38,0.004,-35.61,-14.81,0.03,0.0253,-2.3908,12.06,157034.31,7.34,92.58,-10.995,-0,-1,147.33,149.51,147.69,24.97,Cornering,"Hoosier 43075 16x7.5-10 R20, 7 inch rim",7129
78.28,422.88,-7.27,585.52,-243.17,0.013,-35.79,-14.28,0.03,0.0299,-2.4078,12.15,157046.44,7.34,92.56,-11.039,-0,-1,147.65,149.69,147.96,24.98,Cornering,"Hoosier 43075 16x7.5-10 R20, 7 inch rim",7130
78.3,422.89,-7.92,587.07,-242.56,0.01,-35.89,-13.07,-0.04,0.0326,-2.4203,12.17,-97565.92,7.33,92.53,-11.075,-0,-1.0001,147.89,149.86,148.26,24.97,Cornering,"Hoosier 43075 16x7.5-10 R20, 7 inch rim",7131
78.33,422.9,-8.99,588.32,-242.6,0.006,-35.49,-12.69,-0.04,0.037,-2.4251,12.16,-97505.4,7.34,92.54,-11.119,-0,-1.0001,148.04,150.02,148.56,24.96,Cornering,"Hoosier 43075 16x7.5-10 R20, 7 inch rim",7132
78.3,422.91,-9.05,588.63,-242.67,-0.005,-36.64,-11.7,0.09,0.0373,-2.4256,12.09,43470.43,7.34,92.55,-11.158,-0,-0.9998,148.14,150.02,148.66,24.96,Cornering,"Hoosier 43075 16x7.5-10 R20, 7 inch rim",7133
78.28,422.92,-9.49,588.76,-244.29,0.003,-36.48,-11.88,0.03,0.0389,-2.4101,12.02,156815.23,7.34,92.56,-11.194,-0,-1,148.12,150.04,148.73,24.96,Cornering,"Hoosier 43075 16x7.5-10 R20, 7 inch rim",7134
78.32,422.93,-9.49,588.26,-245.42,0.02,-37.76,-12.14,-0.11,0.0387,-2.3969,11.97,-37176.38,7.33,92.58,-11.244,-0,-1.0002,148.12,150.13,148.77,24.96,Cornering,"Hoosier 43075 16x7.5-10 R20, 7 inch rim",7135
78.31,422.94,-8.87,587.18,-247.18,0.006,-37.76,-12.81,-0.11,0.0359,-2.3755,12,-37180.26,7.34,92.62,-11.28,-0,-1.0002,148.23,150.32,148.79,24.96,Cornering,"Hoosier 43075 16x7.5-10 R20, 7 inch rim",7136
78.28,422.95,-7.15,585.31,-248.55,0.006,-37.84,-12.76,0.03,0.0288,-2.3549,12.08,156743.98,7.33,92.64,-11.321,-0,-1,148.42,150.46,148.81,24.96,Cornering,"Hoosier 43075 16x7.5-10 R20, 7 inch rim",7137
78.3,422.96,-5.78,583.29,-248.21,0.013,-37.76,-13.05,0.03,0.0233,-2.35,12.17,156759.44,7.33,92.65,-11.359,-0,-1,148.64,150.7,149.03,24.96,Cornering,"Hoosier 43075 16x7.5-10 R20, 7 inch rim",7138
78.33,422.97,-5.13,582.23,-246.82,0.004,-37.27,-13.13,0.03,0.0208,-2.3589,12.14,156737.59,7.33,92.62,-11.397,-0,-1,148.81,150.9,149.23,24.96,Cornering,"Hoosier 43075 16x7.5-10 R20, 7 inch rim",7139
78.29,422.98,-5.6,582.41,-245.79,0.001,-35.83,-13.22,0.03,0.0228,-2.3696,12.09,156784.39,7.34,92.59,-11.443,-0,-1,149.02,151.14,149.45,24.97,Cornering,"Hoosier 43075 16x7.5-10 R20, 7 inch rim",7140
78.29,422.99,-6.35,583.66,-245.13,0.006,-34.71,-12.52,-0.04,0.0259,-2.381,12.03,-97424.77,7.33,92.57,-11.48,-0,-1.0001,149.28,151.36,149.67,24.97,Cornering,"Hoosier 43075 16x7.5-10 R20, 7 inch rim",7141
78.32,423,-7.22,585.51,-243.73,0.016,-35.34,-11.21,0.03,0.0296,-2.4023,11.96,156663.44,7.33,92.56,-11.528,-0,-1,149.58,151.47,149.94,24.96,Cornering,"Hoosier 43075 16x7.5-10 R20, 7 inch rim",7142
78.32,423.01,-7.78,587.07,-244.06,0.003,-34.66,-9.71,-0.04,0.0319,-2.4054,11.95,-97418.88,7.33,92.56,-11.56,-0,-1.0001,149.77,151.62,150.26,24.97,Cornering,"Hoosier 43075 16x7.5-10 R20, 7 inch rim",7143
78.28,423.02,-7.92,588.15,-244.48,0.006,-34.91,-8.17,0.03,0.0324,-2.4057,12,156668.61,7.33,92.55,-11.582,-0,-1,149.8,151.71,150.44,24.97,Cornering,"Hoosier 43075 16x7.5-10 R20, 7 inch rim",7144
78.3,423.03,-6.97,588.75,-245.38,0.009,-35.13,-5.98,0.03,0.0284,-2.3994,12.09,156760.41,7.33,92.53,-11.612,-0,-1,149.84,151.73,150.5,24.98,Cornering,"Hoosier 43075 16x7.5-10 R20, 7 inch rim",7145
78.33,423.04,-4.85,588.28,-247.3,0.001,-35.15,-3.05,0.03,0.0196,-2.3788,12.17,156665.36,7.33,92.54,-11.651,-0,-1,149.77,151.82,150.58,24.97,Cornering,"Hoosier 43075 16x7.5-10 R20, 7 inch rim",7146
78.3,423.05,-2.09,587.02,-248.69,-0.002,-36.34,-0.5,-0.04,0.0084,-2.3604,12.19,-97358.82,7.33,92.54,-11.665,-0,-1.0001,149.84,152.02,150.6,24.97,Cornering,"Hoosier 43075 16x7.5-10 R20, 7 inch rim",7147
78.29,423.06,-0.01,585.13,-249.54,0.012,-37.39,0.61,-0.04,0,-2.3448,12.17,-97311.04,7.33,92.57,-11.672,-0,-1.0001,149.99,152.22,150.69,24.96,Cornering,"Hoosier 43075 16x7.5-10 R20, 7 inch rim",7148
78.3,423.07,0.66,583.44,-248.89,-0.002,-38.7,-0.44,-0.04,-0.0027,-2.3442,12.11,-97303.3,7.33,92.58,-11.694,-0,-1.0001,150.22,152.39,150.81,24.96,Cornering,"Hoosier 43075 16x7.5-10 R20, 7 inch rim",7149
78.32,423.08,1.19,582.97,-246.9,0.01,-39.46,-1.01,0.03,-0.0048,-2.3612,12.05,156569.42,7.33,92.58,-11.691,-0,-1,150.42,152.61,151.07,24.96,Cornering,"Hoosier 43075 16x7.5-10 R20, 7 inch rim",7150
78.29,423.09,1.81,583.93,-245.69,0.003,-38.02,-0.49,-0.04,-0.0074,-2.3767,12.03,-97321.77,7.33,92.57,-11.705,-0,-1.0001,150.59,152.88,151.31,24.96,Cornering,"Hoosier 43075 16x7.5-10 R20, 7 inch rim",7151
78.29,423.1,2.91,585.97,-244.62,-0.005,-36.23,1.81,0.03,-0.0119,-2.3955,12.05,156592.47,7.33,92.54,-11.714,-0,-1,150.8,153.12,151.51,24.97,Cornering,"Hoosier 43075 16x7.5-10 R20, 7 inch rim",7152
78.31,423.11,4.4,587.99,-244.27,-0,-34.96,5.37,0.03,-0.018,-2.4071,12.12,156584.16,7.33,92.52,-11.728,-0,-1,151.08,153.27,151.72,24.97,Cornering,"Hoosier 43075 16x7.5-10 R20, 7 inch rim",7153
78.29,423.13,3.69,589.06,-245.01,0.001,-34.81,7.95,-0.04,-0.0151,-2.4043,12.15,-97248.81,7.33,92.58,-12.269,-0,-1.0001,151.53,153.41,152.14,24.94,Cornering,"Hoosier 43075 16x7.5-10 R20, 7 inch rim",7154
78.31,423.14,1.06,588.11,-246.24,0.01,-35.71,5.66,-0.04,-0.0043,-2.3884,12.08,-97317.64,7.33,92.58,-12.266,-0,-1.0001,151.55,153.47,152.2,24.96,Cornering,"Hoosier 43075 16x7.5-10 R20, 7 inch rim",7155
78.32,423.15,-2.14,586.86,-247.58,0.003,-37.09,1.71,-0.04,0.0086,-2.3704,12.02,-97297.11,7.33,92.58,-12.261,-0,-1.0001,151.62,153.54,152.2,24.96,Cornering,"Hoosier 43075 16x7.5-10 R20, 7 inch rim",7156
78.29,423.16,-4.71,585.75,-249.04,0.004,-38.53,-2.28,0.03,0.0189,-2.352,11.96,156595.8,7.33,92.55,-12.258,-0,-1,151.51,153.63,152.22,24.97,Cornering,"Hoosier 43075 16x7.5-10 R20, 7 inch rim",7157
78.29,423.17,-6.14,585.44,-249.8,0.004,-38.65,-6.05,0.03,0.0246,-2.3436,11.95,156571.91,7.33,92.53,-12.236,-0,-1,151.62,153.78,152.24,24.96,Cornering,"Hoosier 43075 16x7.5-10 R20, 7 inch rim",7158
78.32,423.18,-6.32,584.67,-250.26,0.007,-37.93,-9.01,-0.04,0.0252,-2.3362,12.05,-97311.55,7.33,92.54,-12.22,-0,-1.0001,151.79,153.93,152.3,24.96,Cornering,"Hoosier 43075 16x7.5-10 R20, 7 inch rim",7159
78.31,423.19,-6.9,584.54,-249.17,0.013,-36.87,-12.24,0.09,0.0277,-2.3459,12.14,43412.61,7.33,92.49,-12.205,-0,-0.9998,152.01,154.15,152.5,24.97,Cornering,"Hoosier 43075 16x7.5-10 R20, 7 inch rim",7160
78.28,423.2,-7.37,584.57,-247.92,0.004,-35.04,-14.66,-0.04,0.0297,-2.3579,12.22,-97433.33,7.33,92.44,-12.196,-0,-1.0001,152.26,154.37,152.77,24.98,Cornering,"Hoosier 43075 16x7.5-10 R20, 7 inch rim",7161
78.31,423.21,-9.36,585.22,-246.94,0.003,-33.48,-17.38,0.09,0.0379,-2.3699,12.25,43473.06,7.33,92.42,-12.205,-0,-0.9998,152.39,154.62,152.95,25.01,Cornering,"Hoosier 43075 16x7.5-10 R20, 7 inch rim",7162
78.32,423.22,-11.23,585.54,-246.34,0.003,-33.15,-18.71,0.03,0.0456,-2.377,12.22,156924.86,7.33,92.4,-12.192,-0,-1,152.63,154.79,153.15,25.01,Cornering,"Hoosier 43075 16x7.5-10 R20, 7 inch rim",7163
78.29,423.23,-14.01,585.52,-245.32,0.007,-35.03,-20.32,-0.04,0.0571,-2.3868,12.14,-97456.44,7.33,92.32,-12.195,-0,-1.0001,152.82,154.84,153.39,24.99,Cornering,"Hoosier 43075 16x7.5-10 R20, 7 inch rim",7164
78.29,423.24,-15.57,585.51,-245.96,0.004,-36.03,-20.55,0.09,0.0633,-2.3805,12.08,43425.43,7.33,92.25,-12.188,-0,-0.9998,153.04,154.9,153.64,24.98,Cornering,"Hoosier 43075 16x7.5-10 R20, 7 inch rim",7165
78.31,423.25,-16.09,585.18,-246.44,0.004,-37.51,-19.93,-0.04,0.0653,-2.3745,12.07,-97388.63,7.33,92.21,-12.195,-0,-1.0001,153.06,154.95,153.76,24.97,Cornering,"Hoosier 43075 16x7.5-10 R20, 7 inch rim",7166
78.32,423.26,-15.5,585.48,-248.2,0.003,-37.31,-18.46,-0.11,0.0624,-2.3589,12.08,-37148.24,7.33,92.21,-12.195,-0,-1.0002,153.01,154.97,153.78,24.97,Cornering,"Hoosier 43075 16x7.5-10 R20, 7 inch rim",7167
78.28,423.27,-14.03,585.77,-248.73,0.012,-38.15,-16.56,-0.04,0.0564,-2.355,12.11,-97409.18,7.33,92.17,-12.2,-0,-1.0001,152.97,154.97,153.78,24.98,Cornering,"Hoosier 43075 16x7.5-10 R20, 7 inch rim",7168
78.3,423.28,-11.99,585.92,-249.25,0.009,-38.46,-14.59,-0.04,0.0481,-2.3507,12.14,-97454.9,7.33,92.13,-12.199,-0,-1.0001,152.91,155.19,153.74,24.99,Cornering,"Hoosier 43075 16x7.5-10 R20, 7 inch rim",7169
78.33,423.29,-9.62,585.78,-249.11,0.004,-37.65,-12.96,-0.04,0.0386,-2.3515,12.1,-97412.78,7.33,92.13,-12.19,-0,-1.0001,153.06,155.39,153.78,24.98,Cornering,"Hoosier 43075 16x7.5-10 R20, 7 inch rim",7170
78.3,423.3,-5.48,584.86,-249.17,0.003,-36.21,-9.36,-0.04,0.022,-2.3472,12.05,-97390.69,7.33,92.11,-12.189,-0,-1.0001,153.27,155.5,153.9,24.97,Cornering,"Hoosier 43075 16x7.5-10 R20, 7 inch rim",7171
78.28,423.31,-0.42,583.94,-248.98,0.009,-34.11,-3.96,0.03,0.0017,-2.3453,11.98,156495.11,7.33,92.11,-12.18,-0,-1,153.46,155.69,154.14,24.94,Cornering,"Hoosier 43075 16x7.5-10 R20, 7 inch rim",7172
78.32,423.32,4.39,583.01,-247.14,0.007,-34.62,2.4,-0.04,-0.0178,-2.3591,11.96,-97242.72,7.33,92.09,-12.16,-0,-1.0001,153.59,155.91,154.36,24.93,Cornering,"Hoosier 43075 16x7.5-10 R20, 7 inch rim",7173
78.31,423.33,7.31,583.02,-247.48,-0.005,-33.12,8.01,-0.04,-0.0295,-2.3559,12.02,-97250.91,7.33,92.09,-12.137,-0,-1.0001,153.76,156.11,154.59,24.93,Cornering,"Hoosier 43075 16x7.5-10 R20, 7 inch rim",7174
78.28,423.34,9.19,582.83,-246.24,0.013,-35.11,13.19,-0.04,-0.0373,-2.3669,12.09,-97193.28,7.33,92.1,-12.109,-0,-1.0001,154.07,156.29,154.79,24.92,Cornering,"Hoosier 43075 16x7.5-10 R20, 7 inch rim",7175
78.3,423.35,10.94,583.3,-246.38,0.001,-35.71,18.02,-0.04,-0.0444,-2.3675,12.16,-97272.84,7.33,92.1,-12.076,-0,-1.0001,154.26,156.33,155.05,24.93,Cornering,"Hoosier 43075 16x7.5-10 R20, 7 inch rim",7176
78.32,423.36,11.61,583.42,-246.13,0.013,-36.95,20.51,0.03,-0.0472,-2.3704,12.16,156510.14,7.33,92.1,-12.027,-0,-1,154.3,156.38,155.21,24.93,Cornering,"Hoosier 43075 16x7.5-10 R20, 7 inch rim",7177
78.3,423.37,10.19,584.66,-246.43,0.013,-37.01,19.57,0.03,-0.0413,-2.3725,12.14,156532.11,7.33,92.08,-11.988,-0,-1,154.28,156.4,155.21,24.93,Cornering,"Hoosier 43075 16x7.5-10 R20, 7 inch rim",7178
78.28,423.38,7.02,584.97,-247.87,0.009,-36.74,15.21,-0.04,-0.0283,-2.36,12.08,-97279.14,7.33,92.09,-11.93,-0,-1.0001,154.26,156.44,155.19,24.92,Cornering,"Hoosier 43075 16x7.5-10 R20, 7 inch rim",7179
78.31,423.39,3.23,585.6,-248.67,0.006,-36.7,8.83,0.03,-0.013,-2.355,11.98,156556.34,7.33,92.08,-11.881,-0,-1,154.15,156.53,155.15,24.93,Cornering,"Hoosier 43075 16x7.5-10 R20, 7 inch rim",7180
78.31,423.4,-1.05,585.3,-249.55,0.003,-36.16,0.69,-0.04,0.0042,-2.3454,11.94,-97380.55,7.33,92.07,-11.834,-0,-1.0001,154.26,156.62,155.13,24.94,Cornering,"Hoosier 43075 16x7.5-10 R20, 7 inch rim",7181
78.28,423.41,-3.77,584.7,-249.43,0.009,-35.43,-6.03,0.03,0.0151,-2.3441,11.95,156800.89,7.33,92.03,-11.769,-0,-1,154.45,156.82,155.19,24.96,Cornering,"Hoosier 43075 16x7.5-10 R20, 7 inch rim",7182
78.3,423.42,-5.35,583.33,-248.99,-0,-34.94,-11.1,-0.04,0.0215,-2.3427,12,-97492.1,7.33,92,-11.708,-0,-1.0001,154.67,156.95,155.33,24.96,Cornering,"Hoosier 43075 16x7.5-10 R20, 7 inch rim",7183
78.33,423.43,-5.93,582.56,-247.48,0.007,-34.47,-13.69,-0.04,0.024,-2.354,12.06,-97509.34,7.33,91.96,-11.658,-0,-1.0001,154.86,157.08,155.58,24.96,Cornering,"Hoosier 43075 16x7.5-10 R20, 7 inch rim",7184
78.31,423.44,-8.6,581.81,-246.42,-0,-34.33,-17.08,0.09,0.0349,-2.361,12.1,43474.79,7.33,91.94,-11.613,-0,-0.9998,155.03,157.24,155.72,24.96,Cornering,"Hoosier 43075 16x7.5-10 R20, 7 inch rim",7185
78.29,423.45,-12.56,581.34,-245.73,-0.002,-35.13,-20.52,0.09,0.0511,-2.3658,12.08,43481.54,7.33,91.92,-11.569,-0,-0.9998,155.29,157.37,155.9,24.96,Cornering,"Hoosier 43075 16x7.5-10 R20, 7 inch rim",7186
78.3,423.46,-16.98,581.48,-245.56,0.012,-35.91,-23.8,-0.11,0.0692,-2.368,12.03,-37220.99,7.33,91.93,-11.519,-0,-1.0002,155.52,157.43,156.06,24.96,Cornering,"Hoosier 43075 16x7.5-10 R20, 7 inch rim",7187
78.32,423.47,-18.78,581.78,-245.67,0.007,-36.82,-24.51,-0.04,0.0764,-2.3681,11.95,-97704.78,7.33,91.97,-11.483,-0,-1.0001,155.65,157.48,156.22,24.99,Cornering,"Hoosier 43075 16x7.5-10 R20, 7 inch rim",7188
78.29,423.48,-17.9,582.23,-246.07,0.01,-37.49,-22.96,0.09,0.0727,-2.3661,11.95,43589.98,7.33,92.01,-11.453,-0,-0.9998,155.65,157.54,156.26,25.01,Cornering,"Hoosier 43075 16x7.5-10 R20, 7 inch rim",7189
78.29,423.49,-16.49,583,-247.84,0.012,-36.96,-21.53,0.09,0.0665,-2.3523,12.03,43606.54,7.33,92.06,-11.41,-0,-0.9998,155.57,157.59,156.16,25.01,Cornering,"Hoosier 43075 16x7.5-10 R20, 7 inch rim",7190
78.32,423.5,-15.66,584.08,-247.71,0.01,-37.67,-21.39,0.03,0.0632,-2.3579,12.13,157453.48,7.33,92.11,-11.377,-0,-1,155.4,157.68,156.06,25.03,Cornering,"Hoosier 43075 16x7.5-10 R20, 7 inch rim",7191
78.31,423.51,-15.08,584.39,-248.78,0.013,-36.98,-22.21,0.03,0.0606,-2.3491,12.19,157469.7,7.33,92.12,-11.347,-0,-1,155.44,157.79,156.04,25.03,Cornering,"Hoosier 43075 16x7.5-10 R20, 7 inch rim",7192
78.29,423.52,-13.36,584.26,-248.85,0.004,-36.06,-22.51,0.03,0.0537,-2.3478,12.19,157419.84,7.33,92.13,-11.304,-0,-1,155.55,157.92,156.02,25.01,Cornering,"Hoosier 43075 16x7.5-10 R20, 7 inch rim",7193
78.3,423.53,-11.32,583.02,-248.59,0.007,-35.25,-22.17,-0.04,0.0455,-2.3453,12.15,-97794.22,7.33,92.1,-11.284,-0,-1.0001,155.74,158.03,156.12,25,Cornering,"Hoosier 43075 16x7.5-10 R20, 7 inch rim",7194
78.31,423.54,-9.34,581.96,-247.55,-0.002,-34.63,-20.82,0.03,0.0377,-2.3509,12.06,157230.05,7.33,92.11,-11.25,-0,-1,155.91,158.16,156.26,24.98,Cornering,"Hoosier 43075 16x7.5-10 R20, 7 inch rim",7195
78.3,423.55,-8.13,581.02,-246.27,0.009,-34.86,-18.94,0.03,0.033,-2.3593,11.97,157174.59,7.33,92.09,-11.217,-0,-1,156.04,158.29,156.46,24.97,Cornering,"Hoosier 43075 16x7.5-10 R20, 7 inch rim",7196
78.29,423.56,-7.79,580.72,-245.79,-0.003,-35.07,-16.7,-0.04,0.0317,-2.3626,11.94,-97667.2,7.33,92.05,-11.188,-0,-1.0001,156.19,158.4,156.61,24.96,Cornering,"Hoosier 43075 16x7.5-10 R20, 7 inch rim",7197
78.32,423.57,-8.52,580.55,-245.45,0.004,-35.95,-15.14,0.03,0.0347,-2.3652,11.97,157166.92,7.33,92.01,-11.162,-0,-1,156.4,158.34,156.73,24.96,Cornering,"Hoosier 43075 16x7.5-10 R20, 7 inch rim",7198
78.31,423.58,-8.98,581.16,-245.91,0.007,-36.07,-13.23,0.03,0.0365,-2.3633,12.03,157154.58,7.33,91.96,-11.116,-0,-1,156.49,158.31,156.93,24.96,Cornering,"Hoosier 43075 16x7.5-10 R20, 7 inch rim",7199
78.28,423.59,-8.35,582.07,-245.85,0.009,-36.8,-11.01,-0.11,0.034,-2.3676,12.09,-37293.88,7.33,91.94,-11.081,-0,-1.0002,156.49,158.25,156.97,24.97,Cornering,"Hoosier 43075 16x7.5-10 R20, 7 inch rim",7200
78.3,423.6,-7.21,582.84,-247.17,0.01,-36.14,-8.79,-0.04,0.0292,-2.3581,12.11,-97842.73,7.33,91.91,-11.068,-0,-1.0001,156.34,158.25,156.93,24.99,Cornering,"Hoosier 43075 16x7.5-10 R20, 7 inch rim",7201
78.33,423.61,-5.46,583.93,-247.92,0.007,-35.72,-6.88,0.09,0.022,-2.3553,12.08,43602.22,7.33,91.93,-11.028,-0,-0.9998,156.23,158.25,156.83,24.98,Cornering,"Hoosier 43075 16x7.5-10 R20, 7 inch rim",7202
78.29,423.62,-3.75,584.08,-248.13,0.004,-36.11,-5.71,0.09,0.0151,-2.354,12.05,43586.54,7.33,92.01,-10.996,-0,-0.9998,156.1,158.25,156.77,24.97,Cornering,"Hoosier 43075 16x7.5-10 R20, 7 inch rim",7203
78.28,423.63,-1.55,583.62,-248.65,-0.003,-35.82,-5.07,-0.04,0.0062,-2.3472,12.03,-97769.14,7.33,92.09,-10.945,-0,-1.0001,156.12,158.31,156.73,24.96,Cornering,"Hoosier 43075 16x7.5-10 R20, 7 inch rim",7204
78.31,423.64,0.52,582.22,-248.25,0.006,-35.86,-4.8,0.03,-0.0021,-2.3453,12.06,157305.22,7.33,92.15,-10.897,-0,-1,156.23,158.47,156.79,24.96,Cornering,"Hoosier 43075 16x7.5-10 R20, 7 inch rim",7205
78.31,423.65,0.73,580.68,-247.76,0.01,-35.26,-6.19,0.03,-0.0029,-2.3437,12.14,157474.19,7.33,92.22,-10.853,-0,-1,156.4,158.58,156.91,24.98,Cornering,"Hoosier 43075 16x7.5-10 R20, 7 inch rim",7206
78.29,423.66,-0.35,579.28,-247.11,0.019,-35.07,-7.93,0.03,0.0014,-2.3443,12.19,157572.95,7.33,92.25,-10.803,-0,-1,156.53,158.73,157.05,25,Cornering,"Hoosier 43075 16x7.5-10 R20, 7 inch rim",7207
78.3,423.67,-2.51,579.31,-245.98,0.001,-35.13,-9.9,-0.11,0.0102,-2.3551,12.22,-37366.82,7.33,92.28,-10.769,-0,-1.0002,156.64,158.93,157.21,25,Cornering,"Hoosier 43075 16x7.5-10 R20, 7 inch rim",7208
78.32,423.68,-4.58,579.3,-245.77,0.01,-35.63,-10.92,-0.04,0.0186,-2.357,12.19,-97932.1,7.33,92.31,-10.718,-0,-1.0001,156.85,159,157.37,24.98,Cornering,"Hoosier 43075 16x7.5-10 R20, 7 inch rim",7209
78.3,423.69,-6.65,580.39,-245.21,0.004,-36.07,-12.01,-0.04,0.0271,-2.3669,12.11,-97902.43,7.33,92.32,-10.668,-0,-1.0001,157.09,158.95,157.5,24.97,Cornering,"Hoosier 43075 16x7.5-10 R20, 7 inch rim",7210
78.28,423.7,-8.23,581.78,-245.47,0.004,-35.99,-13.09,-0.04,0.0335,-2.37,12.04,-97919.91,7.33,92.31,-10.612,-0,-1.0001,157.11,158.97,157.62,24.97,Cornering,"Hoosier 43075 16x7.5-10 R20, 7 inch rim",7211
78.31,423.71,-9.98,582.87,-245.8,0.001,-36.23,-14.84,0.03,0.0406,-2.3713,11.94,157470.3,7.33,92.29,-10.572,-0,-1,156.98,158.97,157.56,24.96,Cornering,"Hoosier 43075 16x7.5-10 R20, 7 inch rim",7212
78.32,423.72,-11.46,583.8,-246.81,-0,-36.17,-17.06,-0.11,0.0464,-2.3654,11.93,-37369.25,7.33,92.27,-10.531,-0,-1.0002,156.77,158.97,157.43,24.98,Cornering,"Hoosier 43075 16x7.5-10 R20, 7 inch rim",7213
78.29,423.73,-11.87,584.09,-247.87,0.012,-35.97,-18.8,-0.04,0.0479,-2.3565,11.97,-97941.58,7.33,92.24,-10.469,-0,-1.0001,156.64,158.97,157.29,24.97,Cornering,"Hoosier 43075 16x7.5-10 R20, 7 inch rim",7214
78.29,423.74,-11.1,583.02,-248.48,-0.002,-36.25,-20.15,-0.04,0.0447,-2.3463,12.04,-97976.64,7.33,92.19,-10.429,-0,-1.0001,156.64,159.04,157.25,24.97,Cornering,"Hoosier 43075 16x7.5-10 R20, 7 inch rim",7215
78.33,423.75,-10.39,581.77,-248.16,0.012,-36.63,-21.84,0.09,0.0419,-2.3443,12.09,43672.84,7.33,92.17,-10.381,-0,-0.9998,156.73,159.11,157.19,24.97,Cornering,"Hoosier 43075 16x7.5-10 R20, 7 inch rim",7216
78.3,423.76,-10.07,579.93,-248.3,-0.002,-35.62,-23.57,0.03,0.0405,-2.3356,12.11,157544.22,7.33,92.19,-10.349,-0,-1,156.9,159.19,157.27,24.96,Cornering,"Hoosier 43075 16x7.5-10 R20, 7 inch rim",7217
78.28,423.77,-10.61,578.54,-247.28,0.007,-35.46,-25.1,0.03,0.0429,-2.3396,12.04,157452.62,7.33,92.17,-10.312,-0,-1,157.09,159.26,157.39,24.94,Cornering,"Hoosier 43075 16x7.5-10 R20, 7 inch rim",7218
78.31,423.78,-11.93,578.08,-246.51,0.004,-34.92,-26.21,0.03,0.0484,-2.3451,11.99,157431.36,7.33,92.18,-10.28,-0,-1,157.22,159.39,157.52,24.93,Cornering,"Hoosier 43075 16x7.5-10 R20, 7 inch rim",7219
78.32,423.79,-12.21,578.39,-245.82,0.007,-35.27,-25.09,0.09,0.0497,-2.3529,11.94,43640.89,7.33,92.15,-10.242,-0,-0.9998,157.43,159.5,157.64,24.94,Cornering,"Hoosier 43075 16x7.5-10 R20, 7 inch rim",7220
78.29,423.8,-12.04,578.69,-245.94,0.006,-35.59,-22.97,0.03,0.049,-2.353,11.95,157465.3,7.33,92.15,-10.21,-0,-1,157.63,159.46,157.74,24.93,Cornering,"Hoosier 43075 16x7.5-10 R20, 7 inch rim",7221
78.29,423.81,-11.97,579.77,-246.47,0.016,-35.04,-21.14,0.03,0.0486,-2.3523,12,157450.73,7.33,92.08,-10.164,-0,-1,157.71,159.41,157.86,24.93,Cornering,"Hoosier 43075 16x7.5-10 R20, 7 inch rim",7222
78.32,423.82,-11.82,580.39,-246.45,0.009,-35.75,-19.88,0.16,0.048,-2.355,12.07,25326.89,7.33,92.05,-10.13,-0,-0.9997,157.58,159.39,157.8,24.93,Cornering,"Hoosier 43075 16x7.5-10 R20, 7 inch rim",7223
78.31,423.83,-12,581.31,-247.55,0.009,-35.48,-19.41,-0.04,0.0485,-2.3483,12.1,-97890.54,7.33,92.05,-10.111,-0,-1.0001,157.39,159.37,157.66,24.93,Cornering,"Hoosier 43075 16x7.5-10 R20, 7 inch rim",7224
78.29,423.84,-11.42,581.46,-248.17,0.004,-36.05,-18.8,0.03,0.046,-2.343,12.08,157457.88,7.33,92.06,-10.073,-0,-1,157.18,159.35,157.5,24.92,Cornering,"Hoosier 43075 16x7.5-10 R20, 7 inch rim",7225
78.31,423.85,-9.3,581.28,-248.52,0.017,-36.83,-17.26,-0.04,0.0374,-2.339,12.01,-97891.05,7.32,92.04,-10.033,-0,-1.0001,157.09,159.28,157.35,24.92,Cornering,"Hoosier 43075 16x7.5-10 R20, 7 inch rim",7226
78.31,423.86,-6.64,580.67,-249.16,0.009,-36.24,-15.9,0.03,0.0266,-2.3305,11.95,157486.38,7.33,92.01,-10.013,-0,-1,157.13,159.37,157.31,24.92,Cornering,"Hoosier 43075 16x7.5-10 R20, 7 inch rim",7227
78.29,423.87,-4.24,579.75,-247.89,0.007,-36.5,-14.88,0.03,0.0171,-2.3387,11.89,157580.58,7.33,92.02,-9.968,-0,-1,157.2,159.46,157.39,24.93,Cornering,"Hoosier 43075 16x7.5-10 R20, 7 inch rim",7228
78.28,423.88,-1.92,578.84,-247.16,0.003,-35.49,-13.34,0.03,0.0078,-2.342,11.93,157743.94,7.33,92.06,-9.932,-0,-1,157.3,159.55,157.5,24.96,Cornering,"Hoosier 43075 16x7.5-10 R20, 7 inch rim",7229
78.32,423.89,-0.79,577.9,-245.84,0.014,-35.68,-12.1,0.03,0.0032,-2.3507,12,157869.95,7.32,92.08,-9.898,-0,-1,157.35,159.61,157.64,24.97,Cornering,"Hoosier 43075 16x7.5-10 R20, 7 inch rim",7230
78.31,423.9,-0.97,577.92,-245.62,0.003,-34.88,-11.02,-0.04,0.0039,-2.3529,12.09,-98145.77,7.33,92.08,-9.862,-0,-1.0001,157.46,159.77,157.74,24.97,Cornering,"Hoosier 43075 16x7.5-10 R20, 7 inch rim",7231
78.28,423.91,-1.59,578.37,-245.53,0.019,-34.39,-10.03,0.03,0.0065,-2.3556,12.14,158057.25,7.32,92.07,-9.811,-0,-1,157.65,159.74,157.86,25,Cornering,"Hoosier 43075 16x7.5-10 R20, 7 inch rim",7232
78.3,423.92,-3.23,578.68,-245.23,0.006,-35.47,-10.32,-0.04,0.0132,-2.3598,12.12,-98263.76,7.33,92.08,-9.769,-0,-1.0001,157.73,159.74,157.98,25,Cornering,"Hoosier 43075 16x7.5-10 R20, 7 inch rim",7233
78.32,423.93,-5.39,579.14,-245.48,0.012,-35.67,-11.69,0.03,0.022,-2.3592,12.06,158060.94,7.33,92.11,-9.723,-0,-1,157.69,159.7,157.98,24.99,Cornering,"Hoosier 43075 16x7.5-10 R20, 7 inch rim",7234
78.29,423.94,-7.07,579.59,-246.25,0.016,-36.34,-13.3,-0.11,0.0287,-2.3536,12,-37474.51,7.32,92.11,-9.679,-0,-1.0002,157.48,159.66,157.8,24.98,Cornering,"Hoosier 43075 16x7.5-10 R20, 7 inch rim",7235
78.28,423.95,-8.46,580.06,-247.87,0.001,-36.05,-15.54,0.09,0.0341,-2.3402,11.94,43791.32,7.33,92.11,-9.632,-0,-0.9998,157.28,159.63,157.58,24.98,Cornering,"Hoosier 43075 16x7.5-10 R20, 7 inch rim",7236
78.31,423.96,-8.83,580.06,-248.69,-0.005,-36.6,-17.75,-0.04,0.0355,-2.3325,11.97,-98313.49,7.33,92.11,-9.594,-0,-1.0001,157.15,159.66,157.45,25,Cornering,"Hoosier 43075 16x7.5-10 R20, 7 inch rim",7237
78.32,423.97,-8.15,579.28,-249.21,0.006,-36.63,-19.67,0.03,0.0327,-2.3245,12.03,158252.52,7.33,92.08,-9.544,-0,-1,157.09,159.61,157.35,25.01,Cornering,"Hoosier 43075 16x7.5-10 R20, 7 inch rim",7238
78.29,423.98,-7.2,578.06,-248.88,-0.002,-36.52,-21.49,-0.04,0.0289,-2.3226,12.12,-98477.23,7.33,92.09,-9.499,-0,-1.0001,157.13,159.7,157.35,25.03,Cornering,"Hoosier 43075 16x7.5-10 R20, 7 inch rim",7239
78.3,423.99,-6.95,576.67,-248.06,0.001,-36.07,-23.29,-0.11,0.028,-2.3247,12.12,-37543.32,7.33,92.08,-9.443,-0,-1.0002,157.24,159.77,157.45,25.01,Cornering,"Hoosier 43075 16x7.5-10 R20, 7 inch rim",7240
78.32,424,-7.41,575.91,-247.1,0.003,-35.26,-24.51,-0.04,0.03,-2.3307,12.13,-98363.5,7.33,92.08,-9.415,-0,-1.0001,157.37,159.79,157.58,25,Cornering,"Hoosier 43075 16x7.5-10 R20, 7 inch rim",7241
78.3,424.01,-8.4,575.61,-246.55,0.003,-34.86,-25.12,-0.04,0.0341,-2.3347,12.06,-98284.9,7.33,92.08,-9.37,-0,-1.0001,157.43,159.81,157.74,24.97,Cornering,"Hoosier 43075 16x7.5-10 R20, 7 inch rim",7242
78.28,424.02,-10.01,575.6,-246.13,0.01,-35.29,-25.42,0.03,0.0407,-2.3386,11.98,158059.83,7.33,92.06,-9.318,-0,-1,157.58,159.88,157.82,24.96,Cornering,"Hoosier 43075 16x7.5-10 R20, 7 inch rim",7243
78.31,424.03,-11.34,576.07,-246.21,-0.005,-35.23,-25.44,0.09,0.0461,-2.3398,11.95,43773.73,7.33,92.04,-9.281,-0,-0.9998,157.71,159.79,157.88,24.94,Cornering,"Hoosier 43075 16x7.5-10 R20, 7 inch rim",7244
78.32,424.04,-12.8,576.51,-246.59,0.01,-35.71,-25.59,0.09,0.0519,-2.338,11.98,43769.1,7.33,92.02,-9.235,-0,-0.9998,157.76,159.7,157.96,24.94,Cornering,"Hoosier 43075 16x7.5-10 R20, 7 inch rim",7245
78.29,424.05,-13.75,576.67,-247.7,0.003,-35.87,-25.82,0.03,0.0555,-2.328,12.06,158035.84,7.33,91.98,-9.205,-0,-1,157.61,159.57,157.9,24.95,Cornering,"Hoosier 43075 16x7.5-10 R20, 7 inch rim",7246
78.3,424.06,-13.73,577.11,-248.25,0.013,-36.73,-25.58,-0.04,0.0553,-2.3247,12.16,-98272.12,7.32,91.98,-9.165,-0,-1.0001,157.28,159.57,157.7,24.96,Cornering,"Hoosier 43075 16x7.5-10 R20, 7 inch rim",7247
78.32,424.07,-13.4,576.65,-249.88,-0,-36.61,-25.99,0.03,0.0536,-2.3077,12.19,158140.88,7.33,92,-9.132,-0,-1,157.07,159.55,157.52,24.96,Cornering,"Hoosier 43075 16x7.5-10 R20, 7 inch rim",7248
78.3,424.08,-11.54,576.18,-249.78,0.001,-37.46,-25.81,-0.04,0.0462,-2.3068,12.18,-98332.36,7.33,91.97,-9.11,-0,-1.0001,156.94,159.57,157.39,24.97,Cornering,"Hoosier 43075 16x7.5-10 R20, 7 inch rim",7249
78.29,424.09,-9.17,575.24,-249.91,0.017,-37.13,-25.25,-0.04,0.0367,-2.3018,12.11,-98365.5,7.32,91.97,-9.072,-0,-1.0001,156.88,159.63,157.37,24.97,Cornering,"Hoosier 43075 16x7.5-10 R20, 7 inch rim",7250
78.31,424.1,-7.14,574.49,-248.98,0.006,-36.45,-24.65,0.09,0.0287,-2.3074,12.05,43885.13,7.33,91.98,-9.03,-0,-0.9998,156.94,159.74,157.48,24.99,Cornering,"Hoosier 43075 16x7.5-10 R20, 7 inch rim",7251
78.32,424.11,-5.56,573.42,-248.27,-0.005,-35.45,-23.61,0.03,0.0224,-2.3097,12,158416.39,7.33,92,-9.003,-0,-1,156.94,159.77,157.62,25,Cornering,"Hoosier 43075 16x7.5-10 R20, 7 inch rim",7252
78.29,424.12,-4.49,573.42,-247.23,0.009,-35.14,-21.64,0.09,0.0182,-2.3194,12.01,43882.71,7.33,92,-8.964,-0,-0.9998,156.98,159.88,157.68,24.98,Cornering,"Hoosier 43075 16x7.5-10 R20, 7 inch rim",7253
78.3,424.13,-4.53,573.58,-246.87,0.004,-35.09,-19.77,-0.04,0.0184,-2.3234,12.08,-98493.53,7.33,92.02,-8.933,-0,-1.0001,157.07,159.92,157.8,25,Cornering,"Hoosier 43075 16x7.5-10 R20, 7 inch rim",7254
78.32,424.14,-4.76,573.72,-246.94,0.01,-34.89,-17.91,0.03,0.0193,-2.3233,12.11,158459.38,7.33,92.04,-8.901,-0,-1,157.2,159.88,157.9,25,Cornering,"Hoosier 43075 16x7.5-10 R20, 7 inch rim",7255
78.32,424.15,-5.02,573.87,-247.16,0.003,-35.42,-16.31,0.03,0.0203,-2.3219,12.1,158480.98,7.33,92.04,-8.85,-0,-1,157.24,159.81,157.9,25,Cornering,"Hoosier 43075 16x7.5-10 R20, 7 inch rim",7256
78.29,424.16,-5.7,574.16,-247.86,0.014,-35.6,-15.78,-0.11,0.023,-2.3165,12.04,-37573.36,7.32,92.04,-8.808,-0,-1.0002,157.05,159.7,157.84,24.99,Cornering,"Hoosier 43075 16x7.5-10 R20, 7 inch rim",7257
78.3,424.17,-5.9,574,-249.23,0.004,-36.01,-15.87,0.03,0.0237,-2.3031,11.97,158481.12,7.33,91.99,-8.761,-0,-1,156.79,159.63,157.68,24.99,Cornering,"Hoosier 43075 16x7.5-10 R20, 7 inch rim",7258
78.32,424.18,-6.2,573.83,-250.01,0.006,-37.08,-16.77,-0.04,0.0248,-2.2952,11.91,-98453,7.33,91.98,-8.737,-0,-1.0001,156.62,159.59,157.48,24.97,Cornering,"Hoosier 43075 16x7.5-10 R20, 7 inch rim",7259
78.3,424.19,-5.72,573.22,-250.77,-0.003,-37.71,-18.18,-0.04,0.0228,-2.2858,11.89,-98510.78,7.33,91.94,-8.69,-0,-1.0001,156.51,159.5,157.29,24.98,Cornering,"Hoosier 43075 16x7.5-10 R20, 7 inch rim",7260
78.29,424.2,-4.88,572.29,-251.41,-0.002,-37.02,-19.99,0.03,0.0194,-2.2764,11.95,158564.95,7.33,91.87,-8.647,-0,-1,156.49,159.52,157.25,25,Cornering,"Hoosier 43075 16x7.5-10 R20, 7 inch rim",7261
78.32,424.21,-4.16,571.21,-250.33,0.006,-37.02,-21.69,-0.04,0.0166,-2.2818,12.05,-98697.98,7.33,91.83,-8.582,-0,-1.0001,156.53,159.57,157.19,25.03,Cornering,"Hoosier 43075 16x7.5-10 R20, 7 inch rim",7262
78.31,424.22,-3.95,570.45,-249.49,0.007,-35.77,-23.09,-0.04,0.0158,-2.2865,12.14,-98754.5,7.33,91.81,-8.539,-0,-1.0001,156.58,159.68,157.25,25.04,Cornering,"Hoosier 43075 16x7.5-10 R20, 7 inch rim",7263
78.28,424.23,-4.73,570.02,-248.68,-0.007,-34.39,-24.33,-0.11,0.019,-2.2922,12.19,-37673.07,7.33,91.8,-8.499,-0,-1.0002,156.64,159.7,157.29,25.04,Cornering,"Hoosier 43075 16x7.5-10 R20, 7 inch rim",7264
78.3,424.24,-6.53,569.54,-247.66,0.01,-34.86,-25.46,0.09,0.0264,-2.2997,12.17,44031.7,7.33,91.77,-8.462,-0,-0.9998,156.75,159.72,157.37,25.04,Cornering,"Hoosier 43075 16x7.5-10 R20, 7 inch rim",7265
78.32,424.25,-8.6,569.87,-248.05,-0.002,-34.01,-26.25,-0.04,0.0347,-2.2973,12.11,-98741.55,7.33,91.71,-8.407,-0,-1.0001,156.83,159.77,157.45,25.03,Cornering,"Hoosier 43075 16x7.5-10 R20, 7 inch rim",7266
78.3,424.26,-10.91,569.85,-248.17,0.001,-34.84,-27.45,0.03,0.044,-2.2962,12.06,158785.69,7.33,91.69,-8.372,-0,-1,156.88,159.66,157.52,25.01,Cornering,"Hoosier 43075 16x7.5-10 R20, 7 inch rim",7267
78.29,424.27,-12.1,569.69,-249.39,-0.005,-34.88,-28.14,0.03,0.0485,-2.2844,12.02,158692.22,7.33,91.66,-8.329,-0,-1,156.83,159.57,157.48,25,Cornering,"Hoosier 43075 16x7.5-10 R20, 7 inch rim",7268
78.32,424.28,-12.38,568.74,-250.3,-0,-36.56,-28.5,-0.04,0.0495,-2.2722,12.04,-98610.88,7.33,91.67,-8.287,-0,-1.0001,156.62,159.46,157.35,24.98,Cornering,"Hoosier 43075 16x7.5-10 R20, 7 inch rim",7269
78.32,424.29,-12.74,568.25,-252.05,0.012,-36.77,-29.48,-0.04,0.0505,-2.2545,12.08,-98574.83,7.33,91.66,-8.247,-0,-1.0001,156.4,159.39,157.19,24.97,Cornering,"Hoosier 43075 16x7.5-10 R20, 7 inch rim",7270
78.29,424.3,-12.27,567.32,-253.19,-0,-37.56,-30.59,-0.04,0.0485,-2.2407,12.12,-98540.09,7.33,91.67,-8.201,-0,-1.0001,156.23,159.35,156.99,24.96,Cornering,"Hoosier 43075 16x7.5-10 R20, 7 inch rim",7271
78.3,424.31,-10.88,566.54,-253.3,-0,-37.79,-31.35,-0.04,0.043,-2.2367,12.09,-98569.84,7.33,91.67,-8.173,-0,-1.0001,156.23,159.37,156.87,24.97,Cornering,"Hoosier 43075 16x7.5-10 R20, 7 inch rim",7272
78.32,424.32,-9.49,566.1,-252.61,-0,-36.78,-32.1,0.03,0.0376,-2.241,12.03,158472.7,7.33,91.65,-8.135,-0,-1,156.3,159.35,156.85,24.95,Cornering,"Hoosier 43075 16x7.5-10 R20, 7 inch rim",7273
78.3,424.33,-8.34,565.48,-251.43,0.016,-35.68,-32.09,-0.04,0.0332,-2.2491,11.97,-98496.68,7.33,91.62,-8.095,-0,-1.0001,156.3,159.44,156.93,24.94,Cornering,"Hoosier 43075 16x7.5-10 R20, 7 inch rim",7274
78.29,424.34,-7.7,565.21,-250.58,-0.006,-34.39,-31.6,-0.04,0.0307,-2.2556,11.95,-98456.66,7.33,91.63,-8.071,-0,-1.0001,156.3,159.52,156.85,24.93,Cornering,"Hoosier 43075 16x7.5-10 R20, 7 inch rim",7275
78.32,424.35,-8.28,565.36,-249.2,0.001,-34.74,-31.06,-0.04,0.0332,-2.2687,11.97,-98444.88,7.33,91.67,-8.024,-0,-1.0001,156.25,159.5,156.95,24.93,Cornering,"Hoosier 43075 16x7.5-10 R20, 7 inch rim",7276
78.32,424.36,-8.94,565.2,-249.47,0.003,-34.64,-29.71,-0.11,0.0358,-2.2655,12.05,-37563.06,7.33,91.66,-7.988,-0,-1.0002,156.23,159.5,157.05,24.93,Cornering,"Hoosier 43075 16x7.5-10 R20, 7 inch rim",7277
78.29,424.37,-9.42,564.88,-249.66,-0.005,-35.45,-28.05,0.09,0.0377,-2.2626,12.14,43902.12,7.33,91.63,-7.958,-0,-0.9998,156.23,159.5,157.11,24.93,Cornering,"Hoosier 43075 16x7.5-10 R20, 7 inch rim",7278
78.29,424.38,-9.35,564.39,-250.68,0.01,-35.39,-26.4,-0.04,0.0373,-2.2514,12.19,-98583.02,7.33,91.58,-7.922,-0,-1.0001,156.17,159.41,157.03,24.96,Cornering,"Hoosier 43075 16x7.5-10 R20, 7 inch rim",7279
78.32,424.39,-9.09,563.91,-251.45,0.009,-36.62,-25.41,0.09,0.0361,-2.2427,12.19,43971.34,7.33,91.58,-7.881,-0,-0.9998,155.97,159.28,156.85,24.97,Cornering,"Hoosier 43075 16x7.5-10 R20, 7 inch rim",7280
78.31,424.4,-8.07,563.27,-252.69,0.009,-37.55,-24.26,0.03,0.0319,-2.2291,12.13,158837.64,7.33,91.58,-7.85,-0,-1,155.67,159.22,156.61,24.99,Cornering,"Hoosier 43075 16x7.5-10 R20, 7 inch rim",7281
78.28,424.41,-6.81,562.8,-253.82,0.007,-37.58,-23.8,-0.04,0.0268,-2.2173,12.06,-98769.01,7.33,91.57,-7.81,-0,-1.0001,155.4,159.19,156.32,25,Cornering,"Hoosier 43075 16x7.5-10 R20, 7 inch rim",7282
78.31,424.42,-5.32,562.8,-254.21,0.007,-37.54,-24.02,0.03,0.0209,-2.2139,12,158830.8,7.33,91.55,-7.769,-0,-1,155.35,159.17,156.12,24.98,Cornering,"Hoosier 43075 16x7.5-10 R20, 7 inch rim",7283
78.32,424.43,-3.27,562.34,-254.22,0.006,-36.95,-23.81,0.03,0.0128,-2.212,12,158806.48,7.33,91.49,-7.734,-0,-1,155.31,159.11,155.94,24.98,Cornering,"Hoosier 43075 16x7.5-10 R20, 7 inch rim",7284
78.3,424.44,-1.79,562.06,-253.37,-0.003,-35.49,-23.94,0.16,0.0071,-2.2184,12.04,25556.74,7.33,91.49,-7.69,-0,-0.9997,155.25,159.24,155.92,24.99,Cornering,"Hoosier 43075 16x7.5-10 R20, 7 inch rim",7285
78.29,424.45,-2.08,561.76,-251.94,0.01,-34.55,-24.77,0.03,0.0082,-2.2297,12.13,158986,7.33,91.5,-7.646,-0,-1,155.18,159.24,155.88,25,Cornering,"Hoosier 43075 16x7.5-10 R20, 7 inch rim",7286
78.32,424.46,-2.69,560.37,-250.86,0.007,-35.27,-24.99,0.09,0.0107,-2.2338,12.16,44101.07,7.33,91.56,-7.607,-0,-0.9998,155.16,159.26,155.88,25.03,Cornering,"Hoosier 43075 16x7.5-10 R20, 7 inch rim",7287
78.31,424.47,-4.46,559.59,-251.23,0.003,-34.91,-25.67,-0.11,0.0178,-2.2274,12.12,-37766.79,7.33,91.64,-7.553,-0,-1.0002,155.16,159.26,155.92,25.04,Cornering,"Hoosier 43075 16x7.5-10 R20, 7 inch rim",7288
78.28,424.48,-6.18,558.33,-251.06,0.016,-36.19,-26.17,-0.04,0.0246,-2.2239,12.06,-98995.84,7.33,91.69,-7.514,-0,-1.0001,155.18,159.26,155.96,25.04,Cornering,"Hoosier 43075 16x7.5-10 R20, 7 inch rim",7289
78.3,424.49,-8.13,557.09,-252.18,0.003,-36.47,-27.56,-0.04,0.0322,-2.2091,11.97,-98983.28,7.33,91.69,-7.467,-0,-1.0001,155.1,159.15,155.96,25.03,Cornering,"Hoosier 43075 16x7.5-10 R20, 7 inch rim",7290
78.32,424.5,-9.61,556.45,-253.73,0.013,-36.7,-29.09,-0.04,0.0379,-2.1931,11.91,-98875.85,7.33,91.71,-7.434,-0,-1.0001,154.88,159.04,155.86,25,Cornering,"Hoosier 43075 16x7.5-10 R20, 7 inch rim",7291
78.29,424.51,-10.76,555.66,-255.01,0.007,-37.54,-31.03,-0.04,0.0422,-2.179,11.92,-98843.62,7.33,91.76,-7.371,-0,-1.0001,154.64,159,155.68,24.99,Cornering,"Hoosier 43075 16x7.5-10 R20, 7 inch rim",7292
78.29,424.52,-10.64,555.04,-256.9,-0,-37.36,-32.3,0.03,0.0414,-2.1605,11.98,158983.81,7.33,91.78,-7.338,-0,-1,154.37,158.95,155.45,24.98,Cornering,"Hoosier 43075 16x7.5-10 R20, 7 inch rim",7293
78.31,424.53,-10.68,554.88,-257.22,0.006,-37.39,-34.49,-0.04,0.0415,-2.1572,12.08,-98814.93,7.33,91.84,-7.291,-0,-1.0001,154.22,158.91,155.29,24.98,Cornering,"Hoosier 43075 16x7.5-10 R20, 7 inch rim",7294
78.31,424.54,-9.23,553.96,-256.97,0.004,-36.86,-35.45,0.03,0.0359,-2.1558,12.11,158938.47,7.33,91.87,-7.255,-0,-1,154.15,158.82,155.21,24.97,Cornering,"Hoosier 43075 16x7.5-10 R20, 7 inch rim",7295
78.28,424.55,-8.06,553.21,-255.68,0.004,-36.13,-36.13,-0.04,0.0315,-2.1636,12.11,-98785.42,7.33,91.88,-7.213,-0,-1.0001,154.13,158.84,155.27,24.97,Cornering,"Hoosier 43075 16x7.5-10 R20, 7 inch rim",7296
78.3,424.56,-7.49,552.14,-254.29,0.006,-35.35,-36.5,0.09,0.0294,-2.1713,12.08,44019.64,7.33,91.9,-7.179,-0,-0.9998,154.13,158.93,155.33,24.96,Cornering,"Hoosier 43075 16x7.5-10 R20, 7 inch rim",7297
78.33,424.57,-7.94,550.91,-253.51,0.004,-34.75,-36.57,-0.04,0.0313,-2.1731,11.99,-98732.48,7.33,91.87,-7.137,-0,-1.0001,154.11,158.95,155.39,24.95,Cornering,"Hoosier 43075 16x7.5-10 R20, 7 inch rim",7298
78.3,424.58,-9.09,549.66,-252.77,0.009,-35.61,-36.36,0.03,0.036,-2.1745,11.93,158882.2,7.33,91.88,-7.093,-0,-1,154.15,158.93,155.45,24.96,Cornering,"Hoosier 43075 16x7.5-10 R20, 7 inch rim",7299
78.29,424.59,-10.23,548.25,-253.66,0.009,-35.81,-35.63,0.03,0.0403,-2.1613,11.93,158890.77,7.33,91.86,-7.067,-0,-1,154.19,158.93,155.51,24.96,Cornering,"Hoosier 43075 16x7.5-10 R20, 7 inch rim",7300
78.31,424.6,-10.97,546.99,-253.95,0.013,-36.99,-34.6,-0.04,0.0432,-2.1539,11.98,-98847.58,7.33,91.85,-7.024,-0,-1.0001,154.17,158.89,155.6,24.97,Cornering,"Hoosier 43075 16x7.5-10 R20, 7 inch rim",7301
78.31,424.61,-10.88,545.74,-255.39,0.001,-36.9,-33.66,-0.04,0.0426,-2.1369,12.03,-98854.59,7.34,91.8,-6.99,-0,-1.0001,153.98,158.73,155.45,24.97,Cornering,"Hoosier 43075 16x7.5-10 R20, 7 inch rim",7302
78.29,424.62,-10.67,544.47,-256.6,0.01,-37.93,-33.06,-0.04,0.0416,-2.1219,12.05,-98837.76,7.34,91.77,-6.96,-0,-1.0001,153.74,158.6,155.33,24.97,Cornering,"Hoosier 43075 16x7.5-10 R20, 7 inch rim",7303
78.29,424.63,-10.13,543.85,-258.93,0.006,-36.64,-32.85,0.03,0.0391,-2.1004,12.03,159084.41,7.33,91.75,-6.927,-0,-1,153.49,158.56,155.13,24.98,Cornering,"Hoosier 43075 16x7.5-10 R20, 7 inch rim",7304
78.32,424.64,-8.98,543.38,-259.86,0.009,-36.02,-32.92,0.03,0.0346,-2.0911,11.98,159063.69,7.34,91.73,-6.877,-0,-1,153.27,158.47,154.95,24.97,Cornering,"Hoosier 43075 16x7.5-10 R20, 7 inch rim",7305
78.31,424.65,-6.34,542.94,-259.64,-0.003,-35.56,-32.1,0.03,0.0244,-2.0911,11.94,159184.56,7.34,91.72,-6.845,-0,-1,153.16,158.47,154.79,24.99,Cornering,"Hoosier 43075 16x7.5-10 R20, 7 inch rim",7306
78.28,424.66,-4.42,541.55,-257.87,0.003,-36.22,-31.98,-0.04,0.0171,-2.1001,11.92,-99073.88,7.34,91.73,-6.812,-0,-1.0001,153.08,158.42,154.75,25.02,Cornering,"Hoosier 43075 16x7.5-10 R20, 7 inch rim",7307
78.31,424.67,-2.74,540.63,-256.81,0.003,-34.91,-31.18,-0.11,0.0107,-2.1052,11.97,-37777.55,7.34,91.75,-6.759,-0,-1.0002,152.97,158.47,154.81,25.01,Cornering,"Hoosier 43075 16x7.5-10 R20, 7 inch rim",7308
78.32,424.68,-2.93,538.92,-255.37,0.017,-35.22,-31.35,0.03,0.0115,-2.1103,12.07,159372.33,7.34,91.77,-6.719,-0,-1,152.91,158.53,154.79,25.01,Cornering,"Hoosier 43075 16x7.5-10 R20, 7 inch rim",7309
78.29,424.69,-3.71,537.53,-254.12,0.014,-36.06,-31.07,0.03,0.0146,-2.1153,12.17,159344.84,7.34,91.83,-6.689,-0,-1,152.91,158.56,154.79,25.01,Cornering,"Hoosier 43075 16x7.5-10 R20, 7 inch rim",7310
78.29,424.7,-4.96,536.13,-254.56,0.01,-35.76,-30.9,-0.04,0.0195,-2.1061,12.19,-99083.78,7.34,91.87,-6.645,-0,-1.0001,152.89,158.47,154.87,25.01,Cornering,"Hoosier 43075 16x7.5-10 R20, 7 inch rim",7311
78.32,424.71,-6.33,534.89,-254.87,-0.002,-36.1,-31,-0.04,0.0248,-2.0987,12.2,-99090.96,7.34,91.88,-6.608,-0,-1.0001,152.86,158.42,154.93,25.01,Cornering,"Hoosier 43075 16x7.5-10 R20, 7 inch rim",7312
78.3,424.72,-7.57,533.31,-255.72,0.019,-36.43,-31.38,0.03,0.0296,-2.0855,12.11,159386.16,7.34,91.9,-6.556,-0,-1,152.73,158.29,154.87,25.01,Cornering,"Hoosier 43075 16x7.5-10 R20, 7 inch rim",7313
78.28,424.73,-8.82,531.92,-257.92,0.004,-35.47,-32.72,0.03,0.0342,-2.0623,12.02,159397.98,7.35,91.9,-6.517,-0,-1,152.46,158.16,154.71,25.01,Cornering,"Hoosier 43075 16x7.5-10 R20, 7 inch rim",7314
78.3,424.74,-9.35,530.67,-259.5,0.004,-35.89,-34.09,0.03,0.036,-2.045,11.95,159338.02,7.34,91.91,-6.472,-0,-1,152.22,158.07,154.48,25,Cornering,"Hoosier 43075 16x7.5-10 R20, 7 inch rim",7315
78.33,424.75,-9.31,529.58,-261.02,-0.002,-35.46,-35.67,-0.04,0.0357,-2.0289,11.95,-98961.73,7.35,91.93,-6.442,-0,-1.0001,152.01,158.03,154.22,24.97,Cornering,"Hoosier 43075 16x7.5-10 R20, 7 inch rim",7316
78.29,424.76,-7.7,528.32,-260.85,0.02,-36.02,-36.09,-0.04,0.0295,-2.0254,12.01,-98879.98,7.34,91.98,-6.387,-0,-1.0001,151.86,158.01,154.04,24.95,Cornering,"Hoosier 43075 16x7.5-10 R20, 7 inch rim",7317
78.29,424.77,-6.36,526.64,-260.34,0.007,-35.38,-36.99,-0.04,0.0244,-2.0229,12.08,-98887.65,7.35,92.01,-6.346,-0,-1.0001,151.81,157.92,153.96,24.95,Cornering,"Hoosier 43075 16x7.5-10 R20, 7 inch rim",7318
78.32,424.78,-5.31,524.94,-258.53,0.013,-35.26,-37.24,-0.11,0.0205,-2.0305,12.09,-37713.77,7.35,92.02,-6.31,-0,-1.0002,151.71,157.92,153.94,24.94,Cornering,"Hoosier 43075 16x7.5-10 R20, 7 inch rim",7319
78.31,424.79,-5.68,523.1,-257.05,0.003,-35.11,-37.85,-0.04,0.0221,-2.035,12.07,-98879.59,7.35,92.03,-6.264,-0,-1.0001,151.62,157.94,153.92,24.94,Cornering,"Hoosier 43075 16x7.5-10 R20, 7 inch rim",7320
78.29,424.8,-6.94,521.55,-256.49,0.009,-34.52,-38.16,0.03,0.0271,-2.0334,12.01,159114.97,7.35,92.03,-6.227,-0,-1,151.64,157.92,153.9,24.95,Cornering,"Hoosier 43075 16x7.5-10 R20, 7 inch rim",7321
78.3,424.81,-8.62,520.31,-255.82,0.009,-35.34,-38.48,0.03,0.0337,-2.0339,11.96,159276.5,7.35,92.03,-6.179,-0,-1,151.64,157.81,153.9,24.97,Cornering,"Hoosier 43075 16x7.5-10 R20, 7 inch rim",7322
78.32,424.82,-9.61,519.06,-256.05,0.004,-35.73,-37.63,0.03,0.0375,-2.0272,11.95,159248.59,7.35,92.03,-6.148,-0,-1,151.62,157.65,153.94,24.97,Cornering,"Hoosier 43075 16x7.5-10 R20, 7 inch rim",7323
78.29,424.83,-10.18,517.96,-257.41,0.01,-35.4,-37.09,-0.04,0.0395,-2.0122,12,-98998.22,7.35,91.99,-6.115,-0,-1.0001,151.43,157.5,153.9,24.97,Cornering,"Hoosier 43075 16x7.5-10 R20, 7 inch rim",7324
78.29,424.84,-10.39,516.71,-259.83,0.009,-34.37,-37.02,-0.04,0.04,-1.9886,12.1,-99052.53,7.35,91.98,-6.068,-0,-1.0001,151.19,157.37,153.74,24.98,Cornering,"Hoosier 43075 16x7.5-10 R20, 7 inch rim",7325
78.32,424.85,-10.12,514.99,-260.85,0.001,-35.75,-37.19,0.09,0.0388,-1.9743,12.16,44189.93,7.36,91.98,-6.026,-0,-0.9998,150.91,157.26,153.49,25,Cornering,"Hoosier 43075 16x7.5-10 R20, 7 inch rim",7326
78.32,424.86,-9.55,513.43,-262.93,0.006,-35.37,-37.9,0.03,0.0363,-1.9527,12.17,159588.58,7.36,92.02,-5.992,-0,-1,150.63,157.21,153.31,25.01,Cornering,"Hoosier 43075 16x7.5-10 R20, 7 inch rim",7327
78.29,424.87,-8.13,511.41,-263.61,0.001,-35.6,-38.44,-0.04,0.0308,-1.94,12.14,-99255.16,7.36,92,-5.96,-0,-1.0001,150.48,157.21,153.09,25.03,Cornering,"Hoosier 43075 16x7.5-10 R20, 7 inch rim",7328
78.3,424.88,-6.54,509.55,-262.63,0.007,-35.76,-38.8,-0.04,0.0249,-1.9402,12.07,-99240.3,7.36,91.97,-5.913,-0,-1.0001,150.37,157.15,152.93,25.02,Cornering,"Hoosier 43075 16x7.5-10 R20, 7 inch rim",7329
78.33,424.89,-4.62,507.56,-261.15,0.004,-35.16,-38.38,-0.04,0.0177,-1.9435,12,-99225.13,7.36,91.97,-5.867,-0,-1.0001,150.29,157.13,152.87,25.01,Cornering,"Hoosier 43075 16x7.5-10 R20, 7 inch rim",7330
78.3,424.9,-4.09,505.86,-259.44,0.014,-34.85,-38.3,0.09,0.0157,-1.9498,11.95,44214.45,7.36,91.95,-5.84,-0,-0.9998,150.18,157.13,152.81,25,Cornering,"Hoosier 43075 16x7.5-10 R20, 7 inch rim",7331
78.27,424.91,-4.82,504.63,-258.16,0.007,-34.3,-38.45,0.03,0.0187,-1.9548,11.98,159531.52,7.36,91.92,-5.796,-0,-1,150.07,157.1,152.77,25,Cornering,"Hoosier 43075 16x7.5-10 R20, 7 inch rim",7332
78.32,424.92,-6.04,503.39,-256.7,0.01,-35.34,-38.03,0.09,0.0235,-1.961,12.06,44200.27,7.36,91.88,-5.756,-0,-0.9998,150.1,157.08,152.73,24.99,Cornering,"Hoosier 43075 16x7.5-10 R20, 7 inch rim",7333
78.31,424.93,-6.87,502.62,-257.48,0.004,-34.22,-37.05,0.03,0.0267,-1.9521,12.11,159516.39,7.36,91.84,-5.714,-0,-1,150.05,156.91,152.71,24.99,Cornering,"Hoosier 43075 16x7.5-10 R20, 7 inch rim",7334
78.29,424.94,-7.66,501.37,-258.01,0.003,-34.33,-36.47,0.09,0.0297,-1.9432,12.12,44215.8,7.37,91.84,-5.684,-0,-0.9998,149.92,156.82,152.75,25,Cornering,"Hoosier 43075 16x7.5-10 R20, 7 inch rim",7335
78.29,424.95,-8.49,499.66,-259.11,-0.005,-34.45,-36.64,0.03,0.0328,-1.9284,12.08,159610.42,7.37,91.82,-5.638,-0,-1,149.69,156.62,152.63,25,Cornering,"Hoosier 43075 16x7.5-10 R20, 7 inch rim",7336
78.32,424.96,-8.6,497.93,-261.85,0.003,-33.89,-36.84,-0.04,0.0328,-1.9016,11.99,-99223.12,7.37,91.83,-5.602,-0,-1.0001,149.5,156.44,152.42,25,Cornering,"Hoosier 43075 16x7.5-10 R20, 7 inch rim",7337
78.31,424.97,-8,495.74,-263.65,0.004,-34.5,-37.33,0.03,0.0303,-1.8803,11.93,159482.55,7.37,91.81,-5.561,-0,-1,149.24,156.36,152.22,24.98,Cornering,"Hoosier 43075 16x7.5-10 R20, 7 inch rim",7338
78.28,424.98,-7.65,493.25,-264.59,-0.005,-35.15,-38.85,-0.04,0.0289,-1.8643,11.93,-99099.57,7.37,91.79,-5.512,-0,-1.0001,149.09,156.29,152.04,24.97,Cornering,"Hoosier 43075 16x7.5-10 R20, 7 inch rim",7339
78.31,424.99,-6.07,491.4,-264.19,0.006,-34.75,-39.19,0.03,0.023,-1.86,11.99,159393.88,7.37,91.79,-5.474,-0,-1,149,156.25,151.86,24.96,Cornering,"Hoosier 43075 16x7.5-10 R20, 7 inch rim",7340
78.33,425,-4.82,489.08,-263.09,0.009,-33.89,-39.72,0.03,0.0183,-1.859,12.08,159403.66,7.37,91.73,-5.435,-0,-1,148.92,156.22,151.76,24.96,Cornering,"Hoosier 43075 16x7.5-10 R20, 7 inch rim",7341
78.29,425.01,-4,487.24,-260.47,0.006,-34.13,-39.63,0.03,0.0153,-1.8706,12.13,159451.09,7.37,91.69,-5.393,-0,-1,148.81,156.22,151.68,24.97,Cornering,"Hoosier 43075 16x7.5-10 R20, 7 inch rim",7342
78.29,425.02,-4.29,486.01,-258.35,0.009,-33.85,-39.54,0.03,0.0166,-1.8812,12.11,159421.58,7.38,91.67,-5.363,-0,-1,148.79,156.22,151.64,24.96,Cornering,"Hoosier 43075 16x7.5-10 R20, 7 inch rim",7343
78.32,425.03,-5.74,484.94,-257.45,-0,-33.2,-39.94,0.03,0.0223,-1.8836,12.07,159433.27,7.38,91.68,-5.316,-0,-1,148.77,156.25,151.61,24.96,Cornering,"Hoosier 43075 16x7.5-10 R20, 7 inch rim",7344
78.3,425.04,-7.28,483.84,-256.87,0.017,-33.53,-39.75,0.03,0.0283,-1.8836,11.98,159555.22,7.38,91.7,-5.272,-0,-1,148.81,156.2,151.61,24.98,Cornering,"Hoosier 43075 16x7.5-10 R20, 7 inch rim",7345
78.28,425.05,-8.28,482.91,-257.59,0.009,-32.98,-39.45,-0.11,0.0321,-1.8747,11.92,-37835.16,7.38,91.7,-5.229,-0,-1.0002,148.7,156.03,151.66,24.98,Cornering,"Hoosier 43075 16x7.5-10 R20, 7 inch rim",7346
78.3,425.06,-9.06,481.66,-259.19,0.013,-32.84,-39.48,-0.04,0.0349,-1.8583,11.92,-99240.23,7.38,91.69,-5.197,-0,-1.0001,148.47,155.89,151.57,24.99,Cornering,"Hoosier 43075 16x7.5-10 R20, 7 inch rim",7347
78.32,425.07,-9.16,479.16,-261.56,0.007,-33.33,-39.71,-0.04,0.035,-1.832,11.95,-99225.31,7.38,91.71,-5.143,-0,-1.0001,148.23,155.76,151.41,24.98,Cornering,"Hoosier 43075 16x7.5-10 R20, 7 inch rim",7348
78.3,425.08,-8.81,476.81,-263.56,0.012,-34.19,-40.35,0.03,0.0334,-1.8091,12.01,159705.53,7.38,91.72,-5.108,-0,-1,147.95,155.63,151.19,25,Cornering,"Hoosier 43075 16x7.5-10 R20, 7 inch rim",7349
78.29,425.09,-8,474.01,-265.09,0.004,-34.57,-41.45,0.03,0.0302,-1.7881,12.05,159787.03,7.38,91.72,-5.077,-0,-1,147.76,155.58,151.05,25.01,Cornering,"Hoosier 43075 16x7.5-10 R20, 7 inch rim",7350
78.32,425.1,-6.68,471.7,-265.2,-0.005,-34.09,-42.23,0.03,0.0252,-1.7786,12.06,159834.12,7.39,91.7,-5.034,-0,-1,147.61,155.54,150.83,25.01,Cornering,"Hoosier 43075 16x7.5-10 R20, 7 inch rim",7351
78.31,425.11,-4.79,469.38,-263.38,0.009,-33.92,-41.96,0.03,0.0182,-1.7822,12.01,159879.81,7.39,91.67,-4.997,-0,-1,147.56,155.5,150.71,25.02,Cornering,"Hoosier 43075 16x7.5-10 R20, 7 inch rim",7352
78.28,425.12,-3.93,467.71,-261.26,-0,-32.62,-41.98,-0.04,0.015,-1.7902,11.95,-99342.59,7.39,91.68,-4.97,-0,-1.0001,147.46,155.41,150.6,25.01,Cornering,"Hoosier 43075 16x7.5-10 R20, 7 inch rim",7353
78.3,425.13,-4.4,466.32,-258.97,0.006,-31.85,-42.22,-0.04,0.017,-1.8007,11.9,-99257.41,7.39,91.66,-4.921,-0,-1.0001,147.39,155.41,150.54,24.98,Cornering,"Hoosier 43075 16x7.5-10 R20, 7 inch rim",7354
78.32,425.14,-5.01,464.94,-257.15,0.001,-31.88,-41.81,0.03,0.0195,-1.8081,11.93,159646.98,7.39,91.68,-4.881,-0,-1,147.37,155.43,150.52,24.98,Cornering,"Hoosier 43075 16x7.5-10 R20, 7 inch rim",7355
78.3,425.15,-6.18,464.01,-256.08,-0,-32.34,-41.29,-0.04,0.0241,-1.812,12.01,-99200.55,7.39,91.66,-4.834,-0,-1.0001,147.37,155.43,150.52,24.97,Cornering,"Hoosier 43075 16x7.5-10 R20, 7 inch rim",7356
78.28,425.16,-7.3,462.6,-256.39,0.009,-32.16,-40.84,0.03,0.0285,-1.8043,12.1,159626.89,7.39,91.63,-4.805,-0,-1,147.33,155.28,150.5,24.97,Cornering,"Hoosier 43075 16x7.5-10 R20, 7 inch rim",7357
78.31,425.17,-8.32,460.57,-258.21,0.007,-31.89,-41.03,0.03,0.0322,-1.7837,12.17,159673.42,7.39,91.61,-4.762,-0,-1,147.24,155.12,150.46,24.98,Cornering,"Hoosier 43075 16x7.5-10 R20, 7 inch rim",7358
78.31,425.18,-8.95,458.23,-260.61,0.01,-32.01,-41.45,0.03,0.0344,-1.7583,12.18,159793.64,7.39,91.59,-4.72,-0,-1,146.96,154.99,150.36,25,Cornering,"Hoosier 43075 16x7.5-10 R20, 7 inch rim",7359
78.28,425.19,-8.69,455.43,-263.3,-0.005,-32.02,-42.16,0.03,0.033,-1.7297,12.12,159875.83,7.4,91.59,-4.683,-0,-1,146.77,154.86,150.18,25.01,Cornering,"Hoosier 43075 16x7.5-10 R20, 7 inch rim",7360
78.29,425.2,-8.14,452.77,-265.46,-0,-32.16,-43.07,-0.04,0.0307,-1.7056,12.01,-99342.31,7.4,91.6,-4.637,-0,-1.0001,146.6,154.77,150.02,25,Cornering,"Hoosier 43075 16x7.5-10 R20, 7 inch rim",7361
78.33,425.21,-7.01,449.82,-265.53,0.006,-32.86,-43.83,-0.04,0.0264,-1.694,11.92,-99347.99,7.4,91.66,-4.594,-0,-1.0001,146.51,154.68,149.84,25,Cornering,"Hoosier 43075 16x7.5-10 R20, 7 inch rim",7362
78.29,425.22,-5.52,447.66,-264.22,0.007,-32.45,-43.9,-0.11,0.0209,-1.6943,11.89,-37871.19,7.4,91.7,-4.556,-0,-1.0002,146.47,154.66,149.63,24.98,Cornering,"Hoosier 43075 16x7.5-10 R20, 7 inch rim",7363
78.28,425.23,-4.78,445.19,-261.59,0.017,-32.3,-44.08,0.09,0.0183,-1.7019,11.9,44251.15,7.4,91.72,-4.516,-0,-0.9998,146.32,154.55,149.57,24.97,Cornering,"Hoosier 43075 16x7.5-10 R20, 7 inch rim",7364
78.31,425.24,-4.19,443.52,-259.16,0.009,-31.43,-43.31,-0.04,0.0162,-1.7114,11.97,-99293,7.4,91.72,-4.486,-0,-1.0001,146.23,154.51,149.49,24.98,Cornering,"Hoosier 43075 16x7.5-10 R20, 7 inch rim",7365
78.31,425.25,-5.36,442.13,-256.77,0.013,-31.07,-43.29,0.03,0.0209,-1.7219,12.08,159633.02,7.4,91.72,-4.427,-0,-1,146.15,154.44,149.51,24.96,Cornering,"Hoosier 43075 16x7.5-10 R20, 7 inch rim",7366
78.28,425.26,-6.33,440.59,-256.25,0.013,-30.39,-42.72,-0.04,0.0247,-1.7193,12.13,-99236.55,7.4,91.7,-4.385,-0,-1.0001,146.08,154.4,149.43,24.96,Cornering,"Hoosier 43075 16x7.5-10 R20, 7 inch rim",7367
78.29,425.27,-7.48,438.72,-255.99,0.009,-30.93,-42.21,0.09,0.0292,-1.7138,12.1,44270.31,7.41,91.7,-4.358,-0,-0.9998,146.04,154.29,149.47,24.98,Cornering,"Hoosier 43075 16x7.5-10 R20, 7 inch rim",7368
78.32,425.28,-8.63,436.85,-257.42,0.006,-30.37,-42.32,0.03,0.0335,-1.6971,12.03,159693.31,7.41,91.71,-4.311,-0,-1,145.96,154.13,149.45,24.97,Cornering,"Hoosier 43075 16x7.5-10 R20, 7 inch rim",7369
78.3,425.29,-9.35,433.89,-259.95,0.001,-30.41,-42.77,0.03,0.036,-1.6691,11.96,159700.62,7.41,91.71,-4.274,-0,-1,145.72,154.04,149.33,24.97,Cornering,"Hoosier 43075 16x7.5-10 R20, 7 inch rim",7370
78.28,425.3,-9.12,430.6,-262.84,0.013,-31.3,-42.98,0.03,0.0347,-1.6383,11.95,159671.08,7.41,91.74,-4.235,-0,-1,145.5,153.93,149.13,24.96,Cornering,"Hoosier 43075 16x7.5-10 R20, 7 inch rim",7371
78.31,425.31,-8.54,427.64,-265.24,0.003,-31.34,-43.72,-0.04,0.0322,-1.6123,11.98,-99214.21,7.41,91.75,-4.191,-0,-1.0001,145.33,153.82,148.95,24.95,Cornering,"Hoosier 43075 16x7.5-10 R20, 7 inch rim",7372
78.32,425.32,-7.32,424.21,-266.37,0.016,-31.47,-44.12,0.03,0.0275,-1.5926,12.03,159612.02,7.41,91.76,-4.156,-0,-1,145.2,153.74,148.75,24.95,Cornering,"Hoosier 43075 16x7.5-10 R20, 7 inch rim",7373
78.29,425.33,-6.13,421.75,-264.65,0.006,-31.7,-44.82,-0.11,0.0232,-1.5936,12.11,-37865.98,7.41,91.8,-4.106,-0,-1.0002,145.12,153.67,148.6,24.96,Cornering,"Hoosier 43075 16x7.5-10 R20, 7 inch rim",7374
78.28,425.34,-4.86,419.29,-262.59,0.006,-30.92,-44.51,0.03,0.0185,-1.5967,12.11,159777.02,7.41,91.83,-4.068,-0,-1,145.03,153.6,148.46,24.97,Cornering,"Hoosier 43075 16x7.5-10 R20, 7 inch rim",7375
78.32,425.35,-4.54,417.14,-259.94,0.012,-30.19,-44.36,-0.04,0.0175,-1.6048,12.06,-99438.58,7.41,91.86,-4.046,-0,-1.0001,144.93,153.49,148.36,25,Cornering,"Hoosier 43075 16x7.5-10 R20, 7 inch rim",7376
78.3,425.36,-5.06,415.76,-257.23,0.01,-29.82,-43.91,-0.04,0.0197,-1.6163,11.97,-99445.11,7.42,91.85,-3.989,-0,-1.0001,144.82,153.36,148.3,25,Cornering,"Hoosier 43075 16x7.5-10 R20, 7 inch rim",7377
78.28,425.37,-6.21,414.08,-255.74,-0.002,-29.59,-43.41,-0.04,0.0243,-1.6191,11.89,-99403.51,7.42,91.87,-3.949,-0,-1.0001,144.84,153.38,148.3,24.99,Cornering,"Hoosier 43075 16x7.5-10 R20, 7 inch rim",7378
78.3,425.38,-7.49,412.2,-255.99,0.014,-29.07,-42.74,0.09,0.0292,-1.6102,11.89,44283.07,7.42,91.88,-3.919,-0,-0.9998,144.8,153.23,148.3,24.97,Cornering,"Hoosier 43075 16x7.5-10 R20, 7 inch rim",7379
78.32,425.39,-8.82,410.03,-257.19,0.004,-28.46,-42.6,0.09,0.0343,-1.5942,11.94,44264.97,7.42,91.91,-3.868,-0,-0.9998,144.75,153.05,148.26,24.96,Cornering,"Hoosier 43075 16x7.5-10 R20, 7 inch rim",7380
78.3,425.4,-9.43,407.05,-259.68,0.016,-28.25,-42.44,0.03,0.0363,-1.5675,12.02,159855.61,7.42,91.91,-3.837,-0,-1,144.67,152.81,148.2,24.98,Cornering,"Hoosier 43075 16x7.5-10 R20, 7 inch rim",7381
78.29,425.41,-9.32,403.46,-262.7,0.013,-28.54,-42.62,-0.11,0.0355,-1.5359,12.12,-37905.85,7.42,91.94,-3.79,-0,-1.0002,144.47,152.72,148.1,24.98,Cornering,"Hoosier 43075 16x7.5-10 R20, 7 inch rim",7382
78.31,425.42,-9.2,399.43,-265.27,-0.01,-28.93,-43.48,0.09,0.0347,-1.5058,12.14,44321.53,7.43,91.95,-3.761,-0,-0.9998,144.35,152.57,147.94,24.99,Cornering,"Hoosier 43075 16x7.5-10 R20, 7 inch rim",7383
78.31,425.43,-8.29,395.22,-266.1,0.004,-30.25,-44.15,-0.11,0.0312,-1.4852,12.13,-37952.44,7.43,91.97,-3.725,-0,-1.0002,144.24,152.39,147.76,25.01,Cornering,"Hoosier 43075 16x7.5-10 R20, 7 inch rim",7384
78.28,425.44,-6.44,391.51,-265.79,-0.009,-30.06,-44.08,-0.04,0.0242,-1.473,12.04,-99432.23,7.43,91.97,-3.682,-0,-1.0001,144.17,152.44,147.57,24.99,Cornering,"Hoosier 43075 16x7.5-10 R20, 7 inch rim",7385
78.3,425.45,-5.69,388.57,-263.5,0.003,-30.03,-44.57,-0.04,0.0216,-1.4747,11.95,-99391.42,7.43,91.95,-3.631,-0,-1.0001,144.05,152.33,147.51,24.98,Cornering,"Hoosier 43075 16x7.5-10 R20, 7 inch rim",7386
78.31,425.46,-4.86,386.58,-261.63,0.009,-28.34,-44.11,0.03,0.0186,-1.4776,11.9,159784.39,7.43,91.95,-3.599,-0,-1,143.94,152.28,147.39,24.96,Cornering,"Hoosier 43075 16x7.5-10 R20, 7 inch rim",7387
78.3,425.47,-5.25,384.89,-259.02,0.004,-27.74,-43.74,-0.04,0.0203,-1.486,11.92,-99305.97,7.43,91.92,-3.564,-0,-1.0001,143.85,152.15,147.35,24.96,Cornering,"Hoosier 43075 16x7.5-10 R20, 7 inch rim",7388
78.27,425.48,-6.34,383.35,-257.25,0.009,-26.89,-43.06,-0.04,0.0246,-1.4902,11.97,-99264.39,7.43,91.89,-3.518,-0,-1.0001,143.79,152.06,147.33,24.94,Cornering,"Hoosier 43075 16x7.5-10 R20, 7 inch rim",7389
78.32,425.49,-7.59,381.49,-256.43,0.009,-26.93,-42.23,0.09,0.0296,-1.4877,12.05,44252.14,7.43,91.88,-3.478,-0,-0.9998,143.75,151.95,147.29,24.94,Cornering,"Hoosier 43075 16x7.5-10 R20, 7 inch rim",7390
78.31,425.5,-8.77,378.85,-257.02,0.004,-26.84,-41.61,-0.11,0.0341,-1.474,12.09,-37866.61,7.44,91.87,-3.44,-0,-1.0002,143.7,151.82,147.27,24.94,Cornering,"Hoosier 43075 16x7.5-10 R20, 7 inch rim",7391
78.28,425.51,-9.53,375.26,-259.09,0.01,-26.88,-41.29,-0.04,0.0368,-1.4484,12.05,-99276.04,7.44,91.86,-3.397,-0,-1.0001,143.62,151.56,147.21,24.94,Cornering,"Hoosier 43075 16x7.5-10 R20, 7 inch rim",7392
78.29,425.52,-10.14,370.9,-261.73,0.001,-27.73,-41.72,0.03,0.0387,-1.4171,11.97,159784.81,7.44,91.83,-3.36,-0,-1,143.44,151.36,147.09,24.96,Cornering,"Hoosier 43075 16x7.5-10 R20, 7 inch rim",7393
78.32,425.53,-9.71,366.22,-265.02,0.006,-28.02,-41.9,0.09,0.0366,-1.3819,11.93,44299.84,7.44,91.84,-3.323,-0,-0.9998,143.25,151.16,146.93,24.97,Cornering,"Hoosier 43075 16x7.5-10 R20, 7 inch rim",7394
78.3,425.54,-9.18,362.33,-266.56,0.006,-28.16,-42.69,0.03,0.0344,-1.3593,11.92,159908.33,7.44,91.85,-3.279,-0,-1,143.14,151.01,146.79,24.97,Cornering,"Hoosier 43075 16x7.5-10 R20, 7 inch rim",7395
78.28,425.55,-7.79,358.16,-267.08,-0.012,-27.66,-43.05,0.03,0.0292,-1.341,11.97,159951.72,7.45,91.84,-3.236,-0,-1,143.08,150.87,146.6,24.98,Cornering,"Hoosier 43075 16x7.5-10 R20, 7 inch rim",7396
78.31,425.56,-6.19,354.75,-265.05,0.001,-27.61,-42.72,0.03,0.0234,-1.3384,12.04,159956.69,7.44,91.85,-3.201,-0,-1,142.97,150.7,146.44,24.98,Cornering,"Hoosier 43075 16x7.5-10 R20, 7 inch rim",7397
78.31,425.57,-5.14,352.45,-261.51,0.006,-27.22,-42.32,-0.04,0.0197,-1.3478,12.13,-99505.55,7.45,91.85,-3.158,-0,-1.0001,142.87,150.61,146.3,25,Cornering,"Hoosier 43075 16x7.5-10 R20, 7 inch rim",7398
78.29,425.58,-5.39,350.16,-259.49,-0.005,-25.4,-42.03,0.03,0.0208,-1.3494,12.14,160189.34,7.45,91.84,-3.131,-0,-1,142.76,150.57,146.18,25.01,Cornering,"Hoosier 43075 16x7.5-10 R20, 7 inch rim",7399
78.29,425.59,-6.43,348,-257.04,-0.007,-25.29,-41.47,0.03,0.025,-1.3539,12.1,160270.16,7.45,91.83,-3.084,-0,-1,142.74,150.41,146.12,25.03,Cornering,"Hoosier 43075 16x7.5-10 R20, 7 inch rim",7400
78.32,425.6,-7.69,346.14,-256.49,-0,-24.24,-40.61,-0.04,0.03,-1.3495,12.01,-99608.22,7.45,91.8,-3.038,-0,-1.0001,142.82,150.37,146.08,25.02,Cornering,"Hoosier 43075 16x7.5-10 R20, 7 inch rim",7401
78.3,425.61,-8.84,343.01,-257.09,0.016,-24.66,-39.7,0.03,0.0344,-1.3342,11.91,160059.08,7.45,91.77,-2.998,-0,-1,142.84,150.19,146.08,24.99,Cornering,"Hoosier 43075 16x7.5-10 R20, 7 inch rim",7402
78.28,425.62,-9.81,339.44,-259.2,0.001,-24.07,-39.38,-0.04,0.0379,-1.3096,11.89,-99360.91,7.46,91.79,-2.959,-0,-1.0001,142.78,149.99,146.04,24.96,Cornering,"Hoosier 43075 16x7.5-10 R20, 7 inch rim",7403
78.3,425.63,-10.65,334.91,-262.49,0.007,-24.32,-39.7,-0.04,0.0406,-1.2759,11.92,-99318.24,7.46,91.84,-2.916,-0,-1.0001,142.69,149.84,145.98,24.94,Cornering,"Hoosier 43075 16x7.5-10 R20, 7 inch rim",7404
78.31,425.64,-10.71,329.6,-265.44,0.014,-25.54,-40.17,0.03,0.0403,-1.2417,11.97,159889.72,7.45,91.89,-2.873,-0,-1,142.65,149.71,145.88,24.96,Cornering,"Hoosier 43075 16x7.5-10 R20, 7 inch rim",7405
78.29,425.65,-9.92,324.32,-268.31,-0,-25.47,-40.53,0.03,0.037,-1.2087,12.05,160078.81,7.46,91.92,-2.846,-0,-1,142.57,149.64,145.73,24.99,Cornering,"Hoosier 43075 16x7.5-10 R20, 7 inch rim",7406
78.29,425.66,-8.84,319.66,-268.35,0.007,-26.03,-40.75,0.03,0.033,-1.1912,12.09,160159.33,7.46,91.96,-2.796,-0,-1,142.46,149.55,145.53,25,Cornering,"Hoosier 43075 16x7.5-10 R20, 7 inch rim",7407
78.32,425.67,-7.15,315.49,-267.15,0.006,-25.47,-40.45,-0.04,0.0268,-1.181,12.07,-99653.24,7.46,92,-2.765,-0,-1.0001,142.37,149.44,145.45,25.03,Cornering,"Hoosier 43075 16x7.5-10 R20, 7 inch rim",7408
78.31,425.68,-6.19,312.56,-264.46,0.014,-24.5,-40.05,0.03,0.0234,-1.1819,12,160317.47,7.46,92.02,-2.717,-0,-1,142.29,149.38,145.33,25.03,Cornering,"Hoosier 43075 16x7.5-10 R20, 7 inch rim",7409
78.28,425.69,-6.15,310.9,-260.9,-0,-23.69,-39.73,0.03,0.0236,-1.1916,11.92,160320.2,7.46,92.07,-2.694,-0,-1,142.16,149.27,145.23,25.03,Cornering,"Hoosier 43075 16x7.5-10 R20, 7 inch rim",7410
78.3,425.7,-7.07,308.74,-258.39,-0,-23.38,-39.23,0.09,0.0274,-1.1949,11.9,44406.86,7.47,92.08,-2.653,-0,-0.9998,142.05,149.18,145.13,25.01,Cornering,"Hoosier 43075 16x7.5-10 R20, 7 inch rim",7411
78.32,425.71,-8.51,306.89,-257.15,-0,-22.49,-38.43,-0.04,0.0331,-1.1934,11.91,-99595.8,7.47,92.08,-2.604,-0,-1.0001,142.03,149.09,145.09,25.01,Cornering,"Hoosier 43075 16x7.5-10 R20, 7 inch rim",7412
78.29,425.72,-9.32,303.79,-257.09,-0.005,-22.61,-37.1,0.16,0.0363,-1.1817,12,25764.3,7.47,92.07,-2.564,-0,-0.9997,141.96,148.98,145.07,25,Cornering,"Hoosier 43075 16x7.5-10 R20, 7 inch rim",7413
78.29,425.73,-10.54,299.58,-259.24,0.004,-22.02,-36.84,0.09,0.0407,-1.1556,12.09,44421.43,7.47,92.08,-2.517,-0,-0.9998,141.9,148.87,145.03,25.02,Cornering,"Hoosier 43075 16x7.5-10 R20, 7 inch rim",7414
78.31,425.74,-10.97,294.6,-262.22,-0.002,-21.79,-36.58,-0.04,0.0418,-1.1235,12.14,-99627.43,7.47,92.06,-2.481,-0,-1.0001,141.92,148.67,144.97,25.01,Cornering,"Hoosier 43075 16x7.5-10 R20, 7 inch rim",7415
78.31,425.75,-10.88,288.98,-266,0.006,-21.81,-36.59,0.03,0.0409,-1.0864,12.12,160273.3,7.47,92.04,-2.452,-0,-1,141.81,148.52,144.87,25.01,Cornering,"Hoosier 43075 16x7.5-10 R20, 7 inch rim",7416
78.29,425.76,-10.36,282.91,-268.47,-0.002,-22.82,-36.98,0.03,0.0386,-1.0538,12.05,160278.61,7.48,92,-2.402,-0,-1,141.73,148.39,144.72,25.01,Cornering,"Hoosier 43075 16x7.5-10 R20, 7 inch rim",7417
78.3,425.77,-9.03,277.63,-269.46,0.006,-22.99,-37.04,0.03,0.0335,-1.0303,11.94,160170.16,7.48,91.98,-2.374,-0,-1,141.64,148.28,144.52,25,Cornering,"Hoosier 43075 16x7.5-10 R20, 7 inch rim",7418
