AmbientRoomTemperature,ElapsedTime,LongitudinalForce,LateralForce,NormalForce,InclinationAngle,OverturningMoment,AligningTorque,WheelRotationalSpeed,NormalizedLongitudinalForce(FX/FZ),NormalizedLateralForce(FY/FZ),TirePressure,EffectiveRadius,LoadedRadius,RoadSurfaceTemperature,SlipAngle,SlipRatioTextbook,SlipRatioBasedOnRL,TireSurfaceTemperature-Center,TireSurfaceTemperature-Inboard,TireSurfaceTemperature-Outboard,RoadSpeed,testid,tireid,Index
78.51,346.41,-6.8,-76.28,-157.36,0.006,-2.18,4.1,0.09,0.0432,0.4848,11.97,44409.59,7.75,91.29,0.658,-0,-0.9998,122.74,124.86,125.12,25,Cornering,"Hoosier 43075 16x7.5-10 R20, 7 inch rim",3754
78.48,346.42,-5.93,-80.6,-154.88,0.001,-2.29,3.28,0.09,0.0383,0.5204,12.01,44398.8,7.75,91.29,0.698,-0,-0.9998,122.59,124.75,125.12,24.99,Cornering,"Hoosier 43075 16x7.5-10 R20, 7 inch rim",3755
78.49,346.43,-5.51,-84.46,-152.52,0.006,-1.77,2.94,-0.04,0.0361,0.5538,12.11,-99572.88,7.75,91.28,0.745,-0,-1.0001,122.5,124.72,125.04,24.98,Cornering,"Hoosier 43075 16x7.5-10 R20, 7 inch rim",3756
78.52,346.44,-5.8,-88.31,-150.54,0.001,-1.29,3.14,0.03,0.0385,0.5866,12.17,160218.11,7.75,91.22,0.777,-0,-1,122.31,124.66,125.04,24.99,Cornering,"Hoosier 43075 16x7.5-10 R20, 7 inch rim",3757
78.49,346.45,-7.07,-92.53,-150.32,0.013,-0.4,3.63,0.03,0.0471,0.6155,12.15,160178.19,7.75,91.18,0.833,-0,-1,122.29,124.68,125.02,24.98,Cornering,"Hoosier 43075 16x7.5-10 R20, 7 inch rim",3758
78.48,346.46,-8.49,-97.34,-149.87,0.01,-1.68,4.76,0.03,0.0567,0.6495,12.1,160250.7,7.75,91.13,0.867,-0,-1,122.25,124.61,125.06,25,Cornering,"Hoosier 43075 16x7.5-10 R20, 7 inch rim",3759
78.5,346.47,-9.11,-102.15,-151.56,0.007,-1.31,6.79,0.03,0.0601,0.674,12.01,160286.64,7.75,91.1,0.89,-0,-1,122.25,124.61,125.2,25,Cornering,"Hoosier 43075 16x7.5-10 R20, 7 inch rim",3760
78.52,346.48,-9.13,-107.11,-153.72,-0.002,-1.4,8.8,0.03,0.0594,0.6968,11.92,160209.64,7.75,91.11,0.939,-0,-1,122.27,124.66,125.24,24.99,Cornering,"Hoosier 43075 16x7.5-10 R20, 7 inch rim",3761
78.48,346.49,-8.75,-112.29,-156.77,0.01,-1.1,10.03,-0.04,0.0558,0.7163,11.92,-99588.97,7.75,91.13,0.961,-0,-1.0001,122.35,124.68,125.24,24.99,Cornering,"Hoosier 43075 16x7.5-10 R20, 7 inch rim",3762
78.49,346.5,-7.37,-116.78,-158.52,0.003,-1.34,11.18,0.09,0.0465,0.7367,11.94,44373.7,7.75,91.11,1.01,-0,-0.9998,122.35,124.59,125.3,24.98,Cornering,"Hoosier 43075 16x7.5-10 R20, 7 inch rim",3763
78.51,346.51,-5.5,-121.29,-159.66,0.004,-1.32,11.83,0.09,0.0344,0.7596,12,44332.11,7.75,91.13,1.035,-0,-0.9998,122.35,124.59,125.3,24.96,Cornering,"Hoosier 43075 16x7.5-10 R20, 7 inch rim",3764
78.5,346.52,-3.37,-124.7,-159.06,0.01,-1.07,12.34,0.09,0.0212,0.784,12.08,44372.65,7.75,91.16,1.072,-0,-0.9998,122.29,124.55,125.34,24.98,Cornering,"Hoosier 43075 16x7.5-10 R20, 7 inch rim",3765
78.47,346.53,-0.82,-127.47,-157.36,0.009,-0.58,13.33,0.16,0.0052,0.8101,12.08,25748.25,7.75,91.18,1.123,-0,-0.9997,122.29,124.5,125.32,24.97,Cornering,"Hoosier 43075 16x7.5-10 R20, 7 inch rim",3766
78.49,346.54,0.66,-129.78,-154.71,0.007,-0.61,13.89,0.09,-0.0043,0.8389,12.03,44371.45,7.75,91.14,1.139,-0,-0.9998,122.2,124.42,125.38,24.98,Cornering,"Hoosier 43075 16x7.5-10 R20, 7 inch rim",3767
78.51,346.55,1.35,-131.92,-152.09,0.001,-0.74,14.68,0.09,-0.0089,0.8674,11.95,44370.49,7.75,91.12,1.191,-0,-0.9998,122.16,124.35,125.36,24.98,Cornering,"Hoosier 43075 16x7.5-10 R20, 7 inch rim",3768
78.49,346.56,0.53,-134.28,-151.36,0.019,0.06,15.26,0.03,-0.0035,0.8872,11.88,160117.31,7.75,91.12,1.224,-0,-1,122.12,124.37,125.4,24.98,Cornering,"Hoosier 43075 16x7.5-10 R20, 7 inch rim",3769
78.48,346.57,-1.37,-136.92,-150.91,0.017,0.06,15.65,0.16,0.0091,0.9073,11.89,25740.54,7.75,91.13,1.279,-0,-0.9997,122.12,124.31,125.43,24.97,Cornering,"Hoosier 43075 16x7.5-10 R20, 7 inch rim",3770
78.51,346.58,-3.14,-140.64,-151.83,0.013,-0.22,16.26,-0.04,0.0207,0.9263,11.95,-99389.81,7.76,91.16,1.312,-0,-1.0001,122.12,124.35,125.49,24.94,Cornering,"Hoosier 43075 16x7.5-10 R20, 7 inch rim",3771
78.51,346.59,-4.44,-144.96,-154.27,-0.005,-0.09,16.92,0.09,0.0288,0.9397,12.02,44295.11,7.76,91.18,1.355,-0,-0.9998,122.16,124.37,125.57,24.94,Cornering,"Hoosier 43075 16x7.5-10 R20, 7 inch rim",3772
78.48,346.6,-5.4,-149.51,-156.54,0.01,-0.05,16.73,0.09,0.0345,0.9551,12.09,44273.57,7.76,91.2,1.4,-0,-0.9998,122.1,124.39,125.63,24.93,Cornering,"Hoosier 43075 16x7.5-10 R20, 7 inch rim",3773
78.49,346.61,-5.09,-154.01,-159.11,0.004,0.43,16.61,0.03,0.032,0.9679,12.13,159692.8,7.76,91.21,1.434,-0,-1,122.03,124.44,125.61,24.92,Cornering,"Hoosier 43075 16x7.5-10 R20, 7 inch rim",3774
78.51,346.62,-5,-158.68,-160.75,0.012,0.7,15.13,0.09,0.0311,0.9871,12.08,44281.91,7.76,91.19,1.487,-0,-0.9998,121.99,124.39,125.61,24.93,Cornering,"Hoosier 43075 16x7.5-10 R20, 7 inch rim",3775
78.5,346.63,-3.91,-162.55,-160.82,0.012,0.99,13.94,0.09,0.0243,1.0108,12.01,44270.88,7.76,91.18,1.518,-0,-0.9998,121.93,124.35,125.63,24.93,Cornering,"Hoosier 43075 16x7.5-10 R20, 7 inch rim",3776
78.47,346.64,-2.58,-165.65,-158.29,0.014,-0.17,12.9,0.03,0.0163,1.0465,11.97,159757.08,7.76,91.2,1.554,-0,-1,121.9,124.35,125.61,24.93,Cornering,"Hoosier 43075 16x7.5-10 R20, 7 inch rim",3777
78.5,346.65,-1.68,-167.31,-155.7,0.006,0.1,12.15,0.09,0.0108,1.0745,12,44248.55,7.76,91.2,1.591,-0,-0.9998,121.84,124.28,125.57,24.92,Cornering,"Hoosier 43075 16x7.5-10 R20, 7 inch rim",3778
78.52,346.66,-1.19,-168.69,-152.63,0.009,0.26,11.78,0.09,0.0078,1.1052,12.08,44278.23,7.76,91.18,1.64,-0,-0.9998,121.82,124.24,125.57,24.93,Cornering,"Hoosier 43075 16x7.5-10 R20, 7 inch rim",3779
78.49,346.67,-1.86,-169.58,-150.23,0.001,1.13,11.75,0.03,0.0124,1.1288,12.17,159857.27,7.76,91.19,1.68,-0,-1,121.71,124.17,125.55,24.94,Cornering,"Hoosier 43075 16x7.5-10 R20, 7 inch rim",3780
78.49,346.68,-2.95,-171.13,-148.85,0.003,1.21,12.41,0.09,0.0198,1.1496,12.25,44328.05,7.76,91.2,1.705,-0,-0.9998,121.71,124.2,125.63,24.96,Cornering,"Hoosier 43075 16x7.5-10 R20, 7 inch rim",3781
78.52,346.69,-4.48,-173.63,-149,0.01,1.38,13.22,0.03,0.0301,1.1653,12.21,160036.27,7.76,91.22,1.752,-0,-1,121.77,124.22,125.77,24.97,Cornering,"Hoosier 43075 16x7.5-10 R20, 7 inch rim",3782
78.5,346.7,-5.91,-177.23,-150.92,0.017,2.06,14.05,-0.04,0.0392,1.1744,12.16,-99432.71,7.76,91.22,1.803,-0,-1.0001,121.84,124.2,125.81,24.96,Cornering,"Hoosier 43075 16x7.5-10 R20, 7 inch rim",3783
78.48,346.71,-6.67,-181.39,-153.27,0.003,2.69,14.63,0.16,0.0435,1.1835,12.07,25726.87,7.76,91.23,1.833,-0,-0.9997,121.82,124.24,125.85,24.96,Cornering,"Hoosier 43075 16x7.5-10 R20, 7 inch rim",3784
78.5,346.72,-6.38,-186.24,-155.81,0.007,2.18,15.17,0.03,0.0409,1.1953,12,159988.09,7.76,91.27,1.864,-0,-1,121.82,124.24,125.83,24.97,Cornering,"Hoosier 43075 16x7.5-10 R20, 7 inch rim",3785
78.51,346.73,-4.86,-190.41,-157.72,-0.002,2.4,15.6,0.09,0.0308,1.2072,12,44363.5,7.77,91.26,1.914,-0,-0.9998,121.82,124.24,125.77,24.98,Cornering,"Hoosier 43075 16x7.5-10 R20, 7 inch rim",3786
78.49,346.74,-3.32,-194.32,-157.71,0.007,1.37,15.47,0.09,0.021,1.2321,12.08,44372.54,7.77,91.28,1.957,-0,-0.9998,121.82,124.17,125.71,24.99,Cornering,"Hoosier 43075 16x7.5-10 R20, 7 inch rim",3787
78.48,346.75,-0.79,-196.63,-156.76,0.009,1.68,15.92,0.03,0.0051,1.2544,12.15,160011.92,7.77,91.31,1.991,-0,-1,121.8,124.2,125.59,24.97,Cornering,"Hoosier 43075 16x7.5-10 R20, 7 inch rim",3788
78.51,346.76,0.44,-197.37,-153.27,0.003,0.92,15.34,0.09,-0.0029,1.2877,12.19,44349.39,7.77,91.32,2.043,-0,-0.9998,121.75,124.13,125.57,24.98,Cornering,"Hoosier 43075 16x7.5-10 R20, 7 inch rim",3789
78.5,346.77,0.94,-197.18,-149.72,-0,1.23,14.82,0.03,-0.0063,1.3169,12.18,160076.61,7.77,91.29,2.078,-0,-1,121.65,124.04,125.47,24.98,Cornering,"Hoosier 43075 16x7.5-10 R20, 7 inch rim",3790
78.48,346.78,1.08,-196.99,-147.54,-0.003,2.36,15.07,0.03,-0.0073,1.3352,12.1,160108.72,7.77,91.27,2.123,-0,-1,121.58,124,125.47,24.99,Cornering,"Hoosier 43075 16x7.5-10 R20, 7 inch rim",3791
78.5,346.79,-0.34,-196.86,-145.99,0.01,3.32,15.17,0.16,0.0023,1.3484,12,25774.61,7.77,91.26,2.179,-0,-0.9997,121.56,124.04,125.47,25.01,Cornering,"Hoosier 43075 16x7.5-10 R20, 7 inch rim",3792
78.51,346.8,-2.09,-198.53,-146.15,-0.002,3.96,15.32,0.09,0.0143,1.3584,11.95,44405.78,7.77,91.27,2.211,-0,-0.9998,121.56,124.02,125.51,25.01,Cornering,"Hoosier 43075 16x7.5-10 R20, 7 inch rim",3793
78.49,346.81,-3.93,-201.67,-147.06,0.007,3.66,15.86,0.16,0.0267,1.3713,11.96,25773.16,7.77,91.29,2.254,-0,-0.9997,121.6,124.11,125.57,25.01,Cornering,"Hoosier 43075 16x7.5-10 R20, 7 inch rim",3794
78.48,346.82,-5.4,-206.2,-149.1,0.012,2.96,15.94,0.09,0.0362,1.383,12,44392.57,7.77,91.33,2.299,-0,-0.9998,121.65,124.09,125.67,25.01,Cornering,"Hoosier 43075 16x7.5-10 R20, 7 inch rim",3795
78.51,346.83,-5.91,-210.85,-151.77,0.001,2.69,15.84,0.03,0.039,1.3892,12.08,160157.89,7.77,91.33,2.333,-0,-1,121.58,124.13,125.69,25,Cornering,"Hoosier 43075 16x7.5-10 R20, 7 inch rim",3796
78.51,346.84,-5.35,-215.72,-153.99,0.016,2.1,15.64,0.09,0.0348,1.4008,12.1,44369.67,7.77,91.35,2.366,-0,-0.9998,121.58,124.13,125.83,25,Cornering,"Hoosier 43075 16x7.5-10 R20, 7 inch rim",3797
78.48,346.85,-4.93,-219.43,-154.41,0.01,1.73,14.28,0.09,0.0319,1.421,12.08,44388.68,7.77,91.32,2.411,-0,-0.9998,121.62,124.15,125.91,25.01,Cornering,"Hoosier 43075 16x7.5-10 R20, 7 inch rim",3798
78.5,346.86,-2.81,-221.56,-153.29,-0,1.13,14.07,0.09,0.0183,1.4454,12.01,44408.08,7.77,91.34,2.443,-0,-0.9998,121.65,124.2,126.01,25.02,Cornering,"Hoosier 43075 16x7.5-10 R20, 7 inch rim",3799
78.52,346.87,-1.48,-222.15,-151,-0.003,1.28,13.2,0.16,0.0098,1.4712,11.95,25786.54,7.77,91.34,2.478,-0,-0.9997,121.65,124.22,126.05,25.03,Cornering,"Hoosier 43075 16x7.5-10 R20, 7 inch rim",3800
78.5,346.88,-0.39,-221.07,-147.6,0.009,1.24,12.74,0.16,0.0026,1.4977,11.95,25785.69,7.77,91.33,2.518,-0,-0.9997,121.6,124.2,126.09,25.03,Cornering,"Hoosier 43075 16x7.5-10 R20, 7 inch rim",3801
78.48,346.89,-0.19,-219.67,-145.41,0.016,2.95,12.5,-0.04,0.0013,1.5107,11.97,-99632.36,7.77,91.33,2.551,-0,-1.0001,121.65,124.15,126.13,25.03,Cornering,"Hoosier 43075 16x7.5-10 R20, 7 inch rim",3802
78.51,346.9,-1.09,-218.7,-143.8,0.01,3.9,12.72,0.16,0.0076,1.5208,12.07,25760.43,7.77,91.31,2.581,-0,-0.9997,121.6,124.17,126.15,25.01,Cornering,"Hoosier 43075 16x7.5-10 R20, 7 inch rim",3803
78.5,346.91,-2.51,-219.61,-143.75,0.004,4.67,13.38,-0.04,0.0174,1.5278,12.13,-99626.02,7.77,91.29,2.625,-0,-1.0001,121.69,124.15,126.25,25.03,Cornering,"Hoosier 43075 16x7.5-10 R20, 7 inch rim",3804
78.49,346.92,-3.37,-222.11,-144.55,0.006,4.49,15.13,0.03,0.0233,1.5366,12.15,160337.58,7.77,91.29,2.658,-0,-1,121.8,124.22,126.35,25.04,Cornering,"Hoosier 43075 16x7.5-10 R20, 7 inch rim",3805
78.5,346.93,-3.37,-226.17,-146.62,0.007,4,17.38,0.16,0.023,1.5426,12.1,25799.56,7.77,91.29,2.7,-0,-0.9997,121.84,124.22,126.4,25.05,Cornering,"Hoosier 43075 16x7.5-10 R20, 7 inch rim",3806
78.52,346.94,-3.2,-231.19,-149.03,0.014,3.04,18.87,0.03,0.0214,1.5513,12.04,160473.38,7.77,91.3,2.747,-0,-1,121.86,124.2,126.44,25.06,Cornering,"Hoosier 43075 16x7.5-10 R20, 7 inch rim",3807
78.5,346.95,-2.33,-236.28,-151.11,-0.003,2.29,19.44,0.16,0.0155,1.5636,12,25798,7.77,91.34,2.767,-0,-0.9997,121.9,124.33,126.48,25.05,Cornering,"Hoosier 43075 16x7.5-10 R20, 7 inch rim",3808
78.48,346.96,-0.78,-240.19,-152.51,0.007,1.92,19.84,0.16,0.0051,1.575,12,25766.83,7.77,91.36,2.823,-0,-0.9997,121.9,124.37,126.54,25.02,Cornering,"Hoosier 43075 16x7.5-10 R20, 7 inch rim",3809
78.51,346.97,0.59,-242.53,-151.98,0.013,1.3,19.23,0.09,-0.0039,1.5958,12.04,44350.41,7.77,91.38,2.869,-0,-0.9998,121.88,124.33,126.58,25,Cornering,"Hoosier 43075 16x7.5-10 R20, 7 inch rim",3810
78.51,346.98,2.17,-242.79,-149.9,-0,1.55,18.47,0.03,-0.0145,1.6197,12.14,160004.83,7.77,91.42,2.903,-0,-1,121.84,124.39,126.6,24.99,Cornering,"Hoosier 43075 16x7.5-10 R20, 7 inch rim",3811
78.49,346.99,3.1,-241.23,-146.74,0.009,1.83,17.54,0.03,-0.0211,1.644,12.17,159997.81,7.77,91.44,2.949,-0,-1,121.84,124.33,126.6,24.99,Cornering,"Hoosier 43075 16x7.5-10 R20, 7 inch rim",3812
78.49,347,3.23,-238.7,-143.54,0.003,2.94,16.8,0.09,-0.0225,1.663,12.17,44345.86,7.77,91.48,2.976,-0,-0.9998,121.8,124.26,126.56,25,Cornering,"Hoosier 43075 16x7.5-10 R20, 7 inch rim",3813
78.51,347.01,2.32,-237.31,-142.15,0.012,4.44,16.23,0.09,-0.0163,1.6694,12.09,44384.3,7.77,91.49,3.038,-0,-0.9998,121.77,124.22,126.58,25.02,Cornering,"Hoosier 43075 16x7.5-10 R20, 7 inch rim",3814
78.5,347.02,0.48,-237.58,-140.57,-0,3.96,15.72,0.09,-0.0034,1.69,12.01,44413.63,7.77,91.46,3.072,-0,-0.9998,121.75,124.22,126.66,25.04,Cornering,"Hoosier 43075 16x7.5-10 R20, 7 inch rim",3815
78.47,347.03,-1.92,-240.23,-141.89,0.001,4.76,15.48,0.23,0.0135,1.693,11.92,18145.76,7.77,91.41,3.121,-0,-0.9996,121.88,124.26,126.78,25.02,Cornering,"Hoosier 43075 16x7.5-10 R20, 7 inch rim",3816
78.5,347.04,-4.07,-244.9,-144.02,0.003,4.33,15.2,0.09,0.0283,1.7005,11.89,44336.93,7.77,91.37,3.177,-0,-0.9998,121.95,124.28,126.84,25,Cornering,"Hoosier 43075 16x7.5-10 R20, 7 inch rim",3817
78.52,347.05,-5.25,-250.07,-146.65,0.012,3.98,15.36,-0.04,0.0358,1.7052,11.95,-99385.35,7.77,91.35,3.215,-0,-1.0001,121.99,124.31,126.92,24.98,Cornering,"Hoosier 43075 16x7.5-10 R20, 7 inch rim",3818
78.48,347.06,-5.26,-255.36,-148.81,0.009,2.85,15.3,0.03,0.0354,1.716,12.02,159801.77,7.77,91.33,3.244,-0,-1,122.05,124.35,126.98,24.97,Cornering,"Hoosier 43075 16x7.5-10 R20, 7 inch rim",3819
78.48,347.07,-4.35,-259.55,-150.31,0.004,2.4,14.88,0.09,0.029,1.7267,12.07,44249.02,7.77,91.33,3.298,-0,-0.9998,122.12,124.37,127.02,24.95,Cornering,"Hoosier 43075 16x7.5-10 R20, 7 inch rim",3820
78.51,347.08,-3.26,-262.06,-150.35,0.014,1.81,13.91,0.09,0.0217,1.743,12.08,44247.04,7.77,91.42,3.34,-0,-0.9998,122.12,124.39,127.04,24.95,Cornering,"Hoosier 43075 16x7.5-10 R20, 7 inch rim",3821
78.5,347.09,-1.96,-262.19,-149.07,0.013,2.29,12.82,0.03,0.0131,1.7588,12.03,159594.67,7.77,91.41,3.37,-0,-1,122.05,124.42,127.04,24.94,Cornering,"Hoosier 43075 16x7.5-10 R20, 7 inch rim",3822
78.48,347.1,-1,-259.97,-145.66,0.006,2.32,11.71,0.09,0.0069,1.7848,11.93,44233.36,7.77,91.41,3.41,-0,-0.9998,122.1,124.42,127.06,24.94,Cornering,"Hoosier 43075 16x7.5-10 R20, 7 inch rim",3823
78.5,347.11,-0.21,-257.28,-143.51,-0.002,4.08,11.1,0.16,0.0015,1.7928,11.86,25678.73,7.77,91.4,3.45,-0,-0.9997,122.1,124.42,127.02,24.95,Cornering,"Hoosier 43075 16x7.5-10 R20, 7 inch rim",3824
78.51,347.12,-0.32,-254.79,-140.9,0.003,5.17,11.09,0.09,0.0023,1.8083,11.89,44239.45,7.77,91.42,3.494,-0,-0.9998,122.08,124.37,126.98,24.95,Cornering,"Hoosier 43075 16x7.5-10 R20, 7 inch rim",3825
78.49,347.13,-1.53,-254.48,-139.92,0.006,5.44,11.38,0.03,0.0109,1.8187,11.95,159604.7,7.77,91.43,3.522,-0,-1,122.05,124.39,127,24.94,Cornering,"Hoosier 43075 16x7.5-10 R20, 7 inch rim",3826
78.47,347.14,-2.2,-256.83,-140.72,0.012,5.56,13.19,0.03,0.0157,1.8252,12.03,159520.56,7.77,91.44,3.576,-0,-1,122.12,124.48,127.04,24.93,Cornering,"Hoosier 43075 16x7.5-10 R20, 7 inch rim",3827
78.51,347.15,-3.99,-260.56,-142.19,0.006,5.34,14.11,0.09,0.028,1.8325,12.11,44203.32,7.77,91.43,3.599,-0,-0.9998,122.25,124.57,127.14,24.93,Cornering,"Hoosier 43075 16x7.5-10 R20, 7 inch rim",3828
78.51,347.16,-4.16,-265.55,-144.21,0.007,4.22,16.02,0.09,0.0289,1.8415,12.14,44221.95,7.77,91.39,3.636,-0,-0.9998,122.27,124.61,127.18,24.94,Cornering,"Hoosier 43075 16x7.5-10 R20, 7 inch rim",3829
78.48,347.17,-3.45,-271.01,-146.39,0.006,2.8,17.69,0.09,0.0235,1.8512,12.09,44250.9,7.77,91.36,3.672,-0,-0.9998,122.27,124.64,127.2,24.96,Cornering,"Hoosier 43075 16x7.5-10 R20, 7 inch rim",3830
78.5,347.18,-1.69,-275.22,-148.72,0.009,2.99,18.95,0.16,0.0114,1.8506,12.03,25700.58,7.77,91.37,3.718,-0,-0.9997,122.31,124.66,127.26,24.98,Cornering,"Hoosier 43075 16x7.5-10 R20, 7 inch rim",3831
78.52,347.19,0.04,-277.85,-149.24,0.007,2.48,19.32,0.16,-0.0003,1.8618,11.99,25694,7.77,91.36,3.738,-0,-0.9997,122.31,124.66,127.3,24.97,Cornering,"Hoosier 43075 16x7.5-10 R20, 7 inch rim",3832
78.49,347.2,1.61,-277.67,-148.11,0.003,2.55,18.58,0.03,-0.0109,1.8748,12,159627.83,7.77,91.37,3.792,-0,-1,122.25,124.7,127.34,24.96,Cornering,"Hoosier 43075 16x7.5-10 R20, 7 inch rim",3833
78.48,347.21,2.87,-275.22,-146.22,0.02,3.52,17.84,0.03,-0.0196,1.8822,12.06,159359.33,7.76,91.34,3.838,-0,-1,122.25,124.72,127.3,24.92,Cornering,"Hoosier 43075 16x7.5-10 R20, 7 inch rim",3834
78.51,347.22,3.89,-271.74,-143.46,0.009,4.37,17.35,0.03,-0.0271,1.8943,12.14,159390.17,7.77,91.36,3.87,-0,-1,122.18,124.7,127.3,24.92,Cornering,"Hoosier 43075 16x7.5-10 R20, 7 inch rim",3835
78.51,347.23,3.45,-268.77,-140.86,0.007,4.98,16.18,0.09,-0.0245,1.908,12.19,44176.57,7.77,91.34,3.907,-0,-0.9998,122.14,124.61,127.26,24.93,Cornering,"Hoosier 43075 16x7.5-10 R20, 7 inch rim",3836
78.48,347.24,2.62,-267.66,-139.73,0.004,5.79,16.21,0.16,-0.0188,1.9155,12.19,25657.39,7.77,91.31,3.951,-0,-0.9997,122.16,124.64,127.28,24.94,Cornering,"Hoosier 43075 16x7.5-10 R20, 7 inch rim",3837
78.49,347.25,0.77,-268.92,-139.13,0.009,5.44,16.4,0.03,-0.0056,1.9329,12.14,159662.16,7.77,91.3,3.991,-0,-1,122.18,124.68,127.32,24.97,Cornering,"Hoosier 43075 16x7.5-10 R20, 7 inch rim",3838
78.52,347.26,-1.33,-272.63,-140.71,0.003,5.62,16.51,0.03,0.0095,1.9376,12.06,159764.5,7.77,91.3,4.034,-0,-1,122.31,124.75,127.45,24.98,Cornering,"Hoosier 43075 16x7.5-10 R20, 7 inch rim",3839
78.5,347.27,-3.33,-278.12,-142.66,0.013,4.51,16.42,0.03,0.0233,1.9495,12,159869.72,7.77,91.28,4.063,-0,-1,122.42,124.79,127.45,25,Cornering,"Hoosier 43075 16x7.5-10 R20, 7 inch rim",3840
78.48,347.28,-4.43,-283.23,-145.21,0.003,4.21,15.99,0.09,0.0305,1.9505,12.02,44288.48,7.77,91.29,4.106,-0,-0.9998,122.48,124.81,127.51,25,Cornering,"Hoosier 43075 16x7.5-10 R20, 7 inch rim",3841
78.5,347.29,-4.15,-288.39,-147.38,0.01,3.53,15.71,0.09,0.0282,1.9568,12.08,44275.44,7.76,91.31,4.153,-0,-0.9998,122.55,124.9,127.57,24.99,Cornering,"Hoosier 43075 16x7.5-10 R20, 7 inch rim",3842
78.51,347.3,-3.71,-291.49,-149.16,0.009,3.76,14.56,0.09,0.0249,1.9542,12.15,44262.45,7.77,91.29,4.199,-0,-0.9998,122.61,124.9,127.59,24.98,Cornering,"Hoosier 43075 16x7.5-10 R20, 7 inch rim",3843
78.48,347.31,-2.31,-292.27,-148.99,0.013,4.02,13.51,0.09,0.0155,1.9617,12.17,44249.95,7.76,91.28,4.236,-0,-0.9998,122.68,124.9,127.61,24.98,Cornering,"Hoosier 43075 16x7.5-10 R20, 7 inch rim",3844
78.48,347.32,-0.79,-290.38,-147.51,0.009,4.74,12.53,0.09,0.0054,1.9685,12.14,44216.73,7.76,91.29,4.276,-0,-0.9998,122.68,124.92,127.59,24.96,Cornering,"Hoosier 43075 16x7.5-10 R20, 7 inch rim",3845
78.51,347.33,0.39,-287.25,-144.27,0.007,4.28,11.9,0.03,-0.0027,1.991,12.06,159517.59,7.76,91.3,4.322,-0,-1,122.72,124.94,127.57,24.96,Cornering,"Hoosier 43075 16x7.5-10 R20, 7 inch rim",3846
78.5,347.34,0.88,-283.98,-141.35,0.009,4.15,11.56,0.03,-0.0062,2.009,11.99,159547.66,7.76,91.29,4.354,-0,-1,122.72,124.92,127.53,24.96,Cornering,"Hoosier 43075 16x7.5-10 R20, 7 inch rim",3847
78.48,347.35,0.51,-282.28,-139.39,0.017,4.35,11.72,0.09,-0.0037,2.0251,11.92,44198.9,7.76,91.29,4.399,-0,-0.9998,122.72,124.97,127.49,24.96,Cornering,"Hoosier 43075 16x7.5-10 R20, 7 inch rim",3848
78.5,347.36,-0.56,-283.37,-139.09,0.017,4.45,12.57,0.09,0.004,2.0373,11.95,44217.28,7.76,91.28,4.434,-0,-0.9998,122.76,124.99,127.51,24.97,Cornering,"Hoosier 43075 16x7.5-10 R20, 7 inch rim",3849
78.51,347.37,-1.6,-286.73,-140.05,-0.003,4.76,14.21,0.23,0.0114,2.0473,11.98,18078.29,7.77,91.25,4.461,-0,-0.9996,122.89,125.05,127.55,24.97,Cornering,"Hoosier 43075 16x7.5-10 R20, 7 inch rim",3850
78.49,347.38,-2.72,-291.27,-142.22,0.004,5.22,15.65,0.23,0.0191,2.048,12.08,18076.61,7.76,91.21,4.525,-0,-0.9996,123,125.1,127.53,24.97,Cornering,"Hoosier 43075 16x7.5-10 R20, 7 inch rim",3851
78.49,347.39,-2.63,-296.86,-144.05,-0,4.21,17.4,0.09,0.0182,2.0608,12.13,44219.62,7.76,91.15,4.558,-0,-0.9998,123.13,125.12,127.59,24.97,Cornering,"Hoosier 43075 16x7.5-10 R20, 7 inch rim",3852
78.52,347.4,-2.67,-302.02,-146.99,0.007,4.36,17.47,0.09,0.0182,2.0547,12.11,44236.9,7.76,91.14,4.608,-0,-0.9998,123.17,125.12,127.63,24.98,Cornering,"Hoosier 43075 16x7.5-10 R20, 7 inch rim",3853
78.51,347.41,-1.68,-306.09,-148.76,0.014,3.9,17.43,0.09,0.0113,2.0576,12.04,44254.7,7.76,91.14,4.65,-0,-0.9998,123.19,125.12,127.65,25,Cornering,"Hoosier 43075 16x7.5-10 R20, 7 inch rim",3854
78.47,347.42,-0.75,-307.62,-149.85,0.007,4.44,16.24,0.09,0.005,2.0529,11.97,44283.98,7.76,91.13,4.673,-0,-0.9998,123.17,125.16,127.71,25.01,Cornering,"Hoosier 43075 16x7.5-10 R20, 7 inch rim",3855
78.5,347.43,0.48,-306.83,-148.58,0.007,4.11,15.01,0.09,-0.0032,2.0651,11.93,44260.22,7.76,91.13,4.722,-0,-0.9998,123.23,125.19,127.69,25,Cornering,"Hoosier 43075 16x7.5-10 R20, 7 inch rim",3856
78.52,347.44,1.76,-303.99,-146.63,-0.006,4.28,14.04,0.16,-0.012,2.0731,11.96,25669.69,7.76,91.13,4.772,-0,-0.9997,123.26,125.21,127.65,24.98,Cornering,"Hoosier 43075 16x7.5-10 R20, 7 inch rim",3857
78.49,347.45,1.82,-300.27,-143.8,0.006,4.49,12.59,0.23,-0.0127,2.0881,12.04,18060.46,7.76,91.14,4.813,-0,-0.9996,123.26,125.16,127.65,24.96,Cornering,"Hoosier 43075 16x7.5-10 R20, 7 inch rim",3858
78.48,347.46,1.56,-297.61,-141.24,0.006,4.72,12.1,0.03,-0.011,2.1071,12.14,159321.44,7.76,91.09,4.845,-0,-1,123.28,125.21,127.59,24.94,Cornering,"Hoosier 43075 16x7.5-10 R20, 7 inch rim",3859
78.52,347.47,0.3,-296.8,-139.86,-0.003,5.31,11.91,0.16,-0.0021,2.1221,12.2,25629.32,7.76,91.06,4.889,-0,-0.9997,123.26,125.23,127.55,24.95,Cornering,"Hoosier 43075 16x7.5-10 R20, 7 inch rim",3860
78.51,347.48,-1.42,-299.01,-139.97,0.01,5.32,12.38,0.23,0.0102,2.1362,12.19,18061.4,7.76,91.06,4.929,-0,-0.9996,123.3,125.3,127.57,24.96,Cornering,"Hoosier 43075 16x7.5-10 R20, 7 inch rim",3861
78.48,347.49,-2.6,-303.53,-141.36,0.01,4.82,13.67,0.09,0.0184,2.1472,12.15,44202.66,7.76,91.07,4.963,-0,-0.9998,123.45,125.36,127.55,24.98,Cornering,"Hoosier 43075 16x7.5-10 R20, 7 inch rim",3862
78.5,347.5,-3.79,-308.8,-143.73,0.003,5.07,14.41,0.09,0.0264,2.1485,12.08,44210.1,7.76,91.1,5.004,-0,-0.9998,123.53,125.41,127.63,24.98,Cornering,"Hoosier 43075 16x7.5-10 R20, 7 inch rim",3863
78.51,347.51,-4.54,-314.41,-146.9,0.004,5.27,14.21,0.16,0.0309,2.1403,12.02,25658.7,7.76,91.16,5.045,-0,-0.9997,123.64,125.5,127.69,24.98,Cornering,"Hoosier 43075 16x7.5-10 R20, 7 inch rim",3864
78.49,347.52,-3.75,-318.46,-149.28,0.006,5.39,14.42,0.23,0.0251,2.1333,12.03,18061.56,7.76,91.18,5.069,-0,-0.9996,123.6,125.5,127.75,24.97,Cornering,"Hoosier 43075 16x7.5-10 R20, 7 inch rim",3865
78.48,347.53,-2.69,-321.26,-150.36,0.003,4.82,13.81,0.09,0.0179,2.1366,12.11,44098.98,7.75,91.23,5.124,-0,-0.9998,123.64,125.5,127.81,24.93,Cornering,"Hoosier 43075 16x7.5-10 R20, 7 inch rim",3866
78.5,347.54,-1.07,-320.66,-150.52,0.013,5.05,13.23,0.09,0.0071,2.1303,12.18,44075.06,7.75,91.24,5.171,-0,-0.9998,123.71,125.56,127.81,24.92,Cornering,"Hoosier 43075 16x7.5-10 R20, 7 inch rim",3867
78.52,347.55,0.59,-317.97,-148.45,-0.002,4.67,12.64,0.03,-0.004,2.1419,12.23,159119.95,7.76,91.21,5.2,-0,-1,123.68,125.63,127.77,24.93,Cornering,"Hoosier 43075 16x7.5-10 R20, 7 inch rim",3868
78.48,347.56,1.91,-313.61,-145.74,0.001,4.88,12.46,0.09,-0.0131,2.1518,12.21,44080.82,7.75,91.22,5.233,-0,-0.9998,123.68,125.67,127.69,24.92,Cornering,"Hoosier 43075 16x7.5-10 R20, 7 inch rim",3869
78.5,347.57,2.26,-310.03,-142.75,0.003,4.58,12.19,0.09,-0.0158,2.1719,12.14,44057.68,7.75,91.21,5.268,-0,-0.9998,123.64,125.63,127.65,24.91,Cornering,"Hoosier 43075 16x7.5-10 R20, 7 inch rim",3870
78.51,347.58,1.39,-308.33,-140.81,0.012,4.62,12.35,-0.04,-0.0099,2.1897,12.07,-98892.74,7.75,91.23,5.319,-0,-1.0001,123.71,125.65,127.59,24.93,Cornering,"Hoosier 43075 16x7.5-10 R20, 7 inch rim",3871
78.5,347.59,0.43,-309.55,-140.49,0.003,5.33,13.41,0.09,-0.0031,2.2034,12,44081.72,7.75,91.29,5.359,-0,-0.9998,123.79,125.67,127.61,24.93,Cornering,"Hoosier 43075 16x7.5-10 R20, 7 inch rim",3872
78.48,347.6,-0.94,-313.15,-141.86,0.012,5.98,14.69,0.16,0.0066,2.2074,12,25608.06,7.75,91.35,5.396,-0,-0.9997,123.92,125.78,127.61,24.95,Cornering,"Hoosier 43075 16x7.5-10 R20, 7 inch rim",3873
78.5,347.61,-2.13,-318.26,-144.17,0.004,6.58,15.74,0.03,0.0148,2.2075,12.07,159277.12,7.75,91.37,5.44,-0,-1,124.07,125.85,127.63,24.96,Cornering,"Hoosier 43075 16x7.5-10 R20, 7 inch rim",3874
78.52,347.62,-2.53,-323.73,-146.44,0.01,5.82,16.58,0.03,0.0173,2.2106,12.13,159339.62,7.75,91.42,5.482,-0,-1,124.16,125.89,127.67,24.97,Cornering,"Hoosier 43075 16x7.5-10 R20, 7 inch rim",3875
78.49,347.63,-2.73,-328.37,-148.89,-0,5.65,16.13,0.09,0.0183,2.2055,12.12,44151.81,7.75,91.45,5.515,-0,-0.9998,124.22,125.94,127.73,24.97,Cornering,"Hoosier 43075 16x7.5-10 R20, 7 inch rim",3876
78.49,347.64,-1.89,-332.13,-150.79,0.006,4.91,15.62,0.16,0.0125,2.2025,12.09,25618.7,7.75,91.49,5.558,-0,-0.9997,124.29,125.98,127.79,24.97,Cornering,"Hoosier 43075 16x7.5-10 R20, 7 inch rim",3877
78.51,347.65,-1.02,-332.9,-151.21,0.004,5,14.01,-0.04,0.0067,2.2015,12.02,-99075.48,7.75,91.51,5.593,-0,-1.0001,124.29,126.09,127.81,24.98,Cornering,"Hoosier 43075 16x7.5-10 R20, 7 inch rim",3878
78.5,347.66,0.19,-330.88,-149.73,0.007,4.39,12.77,0.16,-0.0013,2.2098,11.92,25650.33,7.75,91.51,5.646,-0,-0.9997,124.31,126.02,127.79,25,Cornering,"Hoosier 43075 16x7.5-10 R20, 7 inch rim",3879
78.47,347.67,1.21,-326.51,-147.36,0.006,4.75,11.67,0.03,-0.0082,2.2158,11.89,159616.16,7.75,91.55,5.681,-0,-1,124.22,126.07,127.77,25.03,Cornering,"Hoosier 43075 16x7.5-10 R20, 7 inch rim",3880
78.5,347.68,1.78,-322.13,-144.72,0.003,5.26,11,0.03,-0.0123,2.2259,11.93,159530.23,7.75,91.56,5.722,-0,-1,124.2,126.09,127.71,25.01,Cornering,"Hoosier 43075 16x7.5-10 R20, 7 inch rim",3881
78.52,347.69,1.25,-319.35,-142.54,0.013,5.88,10.7,0.03,-0.0088,2.2404,11.97,159407.28,7.75,91.55,5.764,-0,-1,124.2,126.13,127.69,25,Cornering,"Hoosier 43075 16x7.5-10 R20, 7 inch rim",3882
78.48,347.7,0.24,-319.17,-141.27,0.007,6.21,11.01,0.09,-0.0017,2.2593,12.06,44138.89,7.75,91.55,5.807,-0,-0.9998,124.26,126.16,127.67,24.98,Cornering,"Hoosier 43075 16x7.5-10 R20, 7 inch rim",3883
78.49,347.71,-1.36,-321.17,-141.72,0.003,7.11,11.64,0.09,0.0096,2.2663,12.08,44106.07,7.75,91.52,5.833,-0,-0.9998,124.35,126.22,127.69,24.96,Cornering,"Hoosier 43075 16x7.5-10 R20, 7 inch rim",3884
78.51,347.72,-2.44,-325.71,-143.6,0.01,7.13,12.98,0.09,0.017,2.2681,12.06,44142.46,7.75,91.48,5.888,-0,-0.9998,124.52,126.31,127.69,24.98,Cornering,"Hoosier 43075 16x7.5-10 R20, 7 inch rim",3885
78.5,347.73,-3.41,-330.69,-145.66,0.009,6.66,13.67,0.09,0.0234,2.2702,11.98,44180.22,7.75,91.44,5.927,-0,-0.9998,124.65,126.38,127.69,25.01,Cornering,"Hoosier 43075 16x7.5-10 R20, 7 inch rim",3886
78.48,347.74,-3.36,-335.99,-148.13,0.009,5.95,14.05,0.16,0.0227,2.2682,11.91,25653.43,7.75,91.41,5.959,-0,-0.9997,124.78,126.42,127.73,25.02,Cornering,"Hoosier 43075 16x7.5-10 R20, 7 inch rim",3887
78.5,347.75,-2.7,-340.48,-150.36,-0.002,5.16,13.76,0.09,0.018,2.2644,11.87,44185.2,7.75,91.43,5.99,-0,-0.9998,124.78,126.49,127.77,25.01,Cornering,"Hoosier 43075 16x7.5-10 R20, 7 inch rim",3888
78.52,347.76,-1.47,-342.5,-151.28,-0.002,4.5,13.19,0.09,0.0097,2.264,11.9,44160.99,7.75,91.44,6.035,-0,-0.9998,124.78,126.55,127.79,25,Cornering,"Hoosier 43075 16x7.5-10 R20, 7 inch rim",3889
78.48,347.77,-0.23,-341.26,-150.99,-0,4.61,12.17,0.16,0.0015,2.2601,11.97,25623.71,7.75,91.41,6.08,-0,-0.9997,124.86,126.55,127.79,25,Cornering,"Hoosier 43075 16x7.5-10 R20, 7 inch rim",3890
78.48,347.78,1.2,-337.37,-148.93,0.001,4.91,11.38,0.16,-0.0081,2.2652,12.08,25586.37,7.75,91.42,6.115,-0,-0.9997,124.86,126.68,127.73,24.96,Cornering,"Hoosier 43075 16x7.5-10 R20, 7 inch rim",3891
78.52,347.79,1.73,-332.06,-146.06,-0,5.72,10.48,0.09,-0.0119,2.2734,12.13,44068.25,7.75,91.38,6.162,-0,-0.9998,124.86,126.73,127.67,24.96,Cornering,"Hoosier 43075 16x7.5-10 R20, 7 inch rim",3892
78.51,347.8,1.79,-328.18,-143.52,0.007,6.4,10.49,0.16,-0.0125,2.2866,12.12,25576.36,7.74,91.38,6.196,-0,-0.9997,124.82,126.75,127.61,24.96,Cornering,"Hoosier 43075 16x7.5-10 R20, 7 inch rim",3893
78.47,347.81,0.98,-326.47,-142.1,0.012,7.49,10.76,0.03,-0.0069,2.2975,12.06,159040.78,7.74,91.36,6.242,-0,-1,124.93,126.77,127.53,24.96,Cornering,"Hoosier 43075 16x7.5-10 R20, 7 inch rim",3894
78.49,347.82,-0.06,-328.02,-141.4,0.013,7.16,11.84,0.03,0.0004,2.3198,12.01,159138.48,7.74,91.38,6.284,-0,-1,125.04,126.82,127.53,24.98,Cornering,"Hoosier 43075 16x7.5-10 R20, 7 inch rim",3895
78.51,347.83,-1.55,-331.9,-142.24,0.007,7,12.83,0.09,0.0109,2.3334,12,44096.1,7.74,91.41,6.312,-0,-0.9998,125.23,126.88,127.51,24.98,Cornering,"Hoosier 43075 16x7.5-10 R20, 7 inch rim",3896
78.49,347.84,-2.49,-337.21,-144.78,0.014,6.86,13.77,0.03,0.0172,2.3291,12.04,159113.41,7.74,91.45,6.362,-0,-1,125.42,127.04,127.55,24.98,Cornering,"Hoosier 43075 16x7.5-10 R20, 7 inch rim",3897
78.48,347.85,-3.01,-342.62,-146.79,-0.002,5.87,13.98,0.09,0.0205,2.334,12.11,44088.61,7.74,91.44,6.397,-0,-0.9998,125.59,126.97,127.59,24.98,Cornering,"Hoosier 43075 16x7.5-10 R20, 7 inch rim",3898
78.5,347.86,-2.67,-347.47,-149.39,0.004,5.31,13.8,0.16,0.0179,2.3259,12.17,25588.11,7.74,91.44,6.431,-0,-0.9997,125.68,127.06,127.59,24.98,Cornering,"Hoosier 43075 16x7.5-10 R20, 7 inch rim",3899
78.51,347.87,-2.05,-350.3,-150.92,0.013,4.71,12.72,0.16,0.0136,2.3211,12.19,25597.89,7.74,91.43,6.471,-0,-0.9997,125.7,127.08,127.67,24.99,Cornering,"Hoosier 43075 16x7.5-10 R20, 7 inch rim",3900
78.48,347.88,-0.43,-349.79,-150.8,-0.002,4.63,12.04,0.16,0.0028,2.3195,12.14,25601.65,7.74,91.39,6.513,-0,-0.9997,125.79,127.12,127.67,25,Cornering,"Hoosier 43075 16x7.5-10 R20, 7 inch rim",3901
78.49,347.89,0.82,-346.4,-149.33,0.012,4.75,10.94,0.16,-0.0055,2.3196,12.06,25593.29,7.74,91.37,6.559,-0,-0.9997,125.81,127.08,127.65,24.99,Cornering,"Hoosier 43075 16x7.5-10 R20, 7 inch rim",3902
78.52,347.9,2.2,-341.57,-147.03,0.014,5.31,10.56,0.16,-0.015,2.3231,11.99,25585.07,7.74,91.35,6.602,-0,-0.9997,125.79,127.17,127.61,24.98,Cornering,"Hoosier 43075 16x7.5-10 R20, 7 inch rim",3903
78.5,347.91,2.14,-336.7,-144.16,0.004,6.28,9.62,0.16,-0.0149,2.3357,11.96,25576.83,7.74,91.34,6.644,-0,-0.9997,125.79,127.15,127.57,24.98,Cornering,"Hoosier 43075 16x7.5-10 R20, 7 inch rim",3904
78.48,347.92,1.71,-334.5,-142.17,-0.002,6.7,9.6,0.03,-0.0121,2.3527,12.01,158971.8,7.74,91.36,6.682,-0,-1,125.77,127.26,127.49,24.97,Cornering,"Hoosier 43075 16x7.5-10 R20, 7 inch rim",3905
78.5,347.93,0.3,-335.14,-141.77,0.009,7.95,10.01,0.03,-0.0021,2.364,12.07,158959.27,7.74,91.37,6.719,-0,-1,125.85,127.32,127.47,24.97,Cornering,"Hoosier 43075 16x7.5-10 R20, 7 inch rim",3906
78.51,347.94,-1.1,-338.25,-142.16,0.009,8.07,11.03,0.03,0.0078,2.3794,12.11,158873.86,7.74,91.39,6.753,-0,-1,126.02,127.45,127.43,24.96,Cornering,"Hoosier 43075 16x7.5-10 R20, 7 inch rim",3907
78.48,347.95,-2.58,-343.53,-143.63,0.006,7.23,11.72,0.09,0.0179,2.3917,12.08,44009.66,7.74,91.39,6.811,-0,-0.9998,126.19,127.56,127.47,24.96,Cornering,"Hoosier 43075 16x7.5-10 R20, 7 inch rim",3908
78.48,347.96,-3.31,-349.51,-146.41,0.023,6.65,12.44,0.16,0.0226,2.3872,12.06,25542.49,7.74,91.38,6.839,-0,-0.9997,126.34,127.61,127.51,24.96,Cornering,"Hoosier 43075 16x7.5-10 R20, 7 inch rim",3909
78.51,347.97,-3.51,-354.92,-148.74,0.009,5.22,12.29,0.03,0.0236,2.3862,11.97,158831.75,7.74,91.43,6.876,-0,-1,126.47,127.63,127.55,24.96,Cornering,"Hoosier 43075 16x7.5-10 R20, 7 inch rim",3910
78.5,347.98,-2.73,-358.81,-151.18,0.006,5.17,11.94,0.03,0.0181,2.3734,11.89,158854.77,7.74,91.47,6.917,-0,-1,126.56,127.72,127.57,24.97,Cornering,"Hoosier 43075 16x7.5-10 R20, 7 inch rim",3911
78.48,347.99,-1.75,-359.92,-151.9,0.014,4.7,10.93,0.03,0.0115,2.3694,11.88,158876.7,7.74,91.48,6.959,-0,-1,126.56,127.76,127.59,24.97,Cornering,"Hoosier 43075 16x7.5-10 R20, 7 inch rim",3912
78.5,348,-0.12,-356.92,-151.32,0.001,5.76,10.12,0.09,0.0008,2.3587,11.91,44000.91,7.74,91.45,7.008,-0,-0.9998,126.58,127.83,127.65,24.96,Cornering,"Hoosier 43075 16x7.5-10 R20, 7 inch rim",3913
78.51,348.01,1.4,-351.62,-148.93,0.001,6.3,9.85,0.09,-0.0094,2.3611,12,43988.04,7.74,91.44,7.035,-0,-0.9998,126.6,127.89,127.53,24.96,Cornering,"Hoosier 43075 16x7.5-10 R20, 7 inch rim",3914
78.48,348.02,1.59,-346.17,-146.16,0.004,6.93,8.8,0.03,-0.0109,2.3685,12.1,158576.31,7.74,91.44,7.08,-0,-1,126.65,127.96,127.51,24.93,Cornering,"Hoosier 43075 16x7.5-10 R20, 7 inch rim",3915
78.49,348.03,1.46,-342.27,-143.07,0.004,7.25,8.74,0.16,-0.0102,2.3924,12.14,25496.57,7.74,91.44,7.128,-0,-0.9997,126.67,127.98,127.41,24.93,Cornering,"Hoosier 43075 16x7.5-10 R20, 7 inch rim",3916
78.5,348.04,1.15,-341.8,-141.45,0.003,7.04,9.62,0.16,-0.0082,2.4163,12.09,25495.25,7.74,91.48,7.151,-0,-0.9997,126.75,128.03,127.34,24.93,Cornering,"Hoosier 43075 16x7.5-10 R20, 7 inch rim",3917
78.51,348.05,-0.25,-344.45,-142.03,0.007,7.77,10.34,0.09,0.0017,2.4252,12.03,43941.71,7.74,91.51,7.194,-0,-0.9998,126.92,128.16,127.34,24.94,Cornering,"Hoosier 43075 16x7.5-10 R20, 7 inch rim",3918
78.48,348.06,-1.66,-349.29,-143.37,0.013,7.28,11.18,0.23,0.0116,2.4363,12,17951.56,7.74,91.5,7.249,-0,-0.9996,127.16,128.36,127.41,24.92,Cornering,"Hoosier 43075 16x7.5-10 R20, 7 inch rim",3919
78.5,348.07,-2.97,-354.86,-145.77,0.001,7.03,11.67,0.16,0.0203,2.4345,12,25482.02,7.74,91.5,7.277,-0,-0.9997,127.37,128.42,127.43,24.92,Cornering,"Hoosier 43075 16x7.5-10 R20, 7 inch rim",3920
78.52,348.08,-3.14,-360.32,-148.26,0.001,6.05,12.11,0.03,0.0212,2.4303,12.07,158449.17,7.74,91.53,7.33,-0,-1,127.48,128.49,127.49,24.93,Cornering,"Hoosier 43075 16x7.5-10 R20, 7 inch rim",3921
78.49,348.09,-2.9,-364.56,-150.7,0.012,5.2,11.6,0.03,0.0192,2.4191,12.17,158436.55,7.73,91.54,7.365,-0,-1,127.57,128.53,127.55,24.93,Cornering,"Hoosier 43075 16x7.5-10 R20, 7 inch rim",3922
78.48,348.1,-1.88,-365.94,-152.1,0.003,5.31,10.73,0.16,0.0124,2.406,12.23,25498.11,7.73,91.55,7.406,-0,-0.9997,127.68,128.55,127.63,24.94,Cornering,"Hoosier 43075 16x7.5-10 R20, 7 inch rim",3923
78.51,348.11,-0.54,-363.62,-151.65,0.009,5.58,9.95,0.09,0.0035,2.3977,12.24,43926.8,7.73,91.53,7.442,-0,-0.9998,127.76,128.64,127.65,24.94,Cornering,"Hoosier 43075 16x7.5-10 R20, 7 inch rim",3924
78.51,348.12,0.78,-358.3,-149.96,-0,6.24,9.07,0.03,-0.0052,2.3892,12.19,158688.72,7.73,91.55,7.479,-0,-1,127.8,128.69,127.55,24.97,Cornering,"Hoosier 43075 16x7.5-10 R20, 7 inch rim",3925
78.48,348.13,1.59,-352.39,-147.44,0.006,7.17,8.26,0.16,-0.0108,2.39,12.1,25508.32,7.73,91.55,7.532,-0,-0.9997,127.87,128.75,127.49,24.96,Cornering,"Hoosier 43075 16x7.5-10 R20, 7 inch rim",3926
78.49,348.14,1.71,-348.02,-144.65,0.006,7.56,8.03,0.16,-0.0118,2.406,12.04,25506.93,7.73,91.57,7.555,-0,-0.9997,127.91,128.82,127.47,24.96,Cornering,"Hoosier 43075 16x7.5-10 R20, 7 inch rim",3927
78.52,348.15,0.85,-346.92,-142.53,0.006,7.65,7.85,0.09,-0.006,2.434,12.03,43941.16,7.73,91.56,7.598,-0,-0.9998,128,128.86,127.43,24.96,Cornering,"Hoosier 43075 16x7.5-10 R20, 7 inch rim",3928
78.49,348.16,-0.3,-348.93,-142.6,0.004,8.54,8.7,0.16,0.0021,2.447,12.1,25507.51,7.73,91.57,7.642,-0,-0.9997,128.17,129.02,127.3,24.97,Cornering,"Hoosier 43075 16x7.5-10 R20, 7 inch rim",3929
78.47,348.17,-1.51,-353.59,-142.93,-0.002,7.34,9.75,0.09,0.0105,2.4739,12.16,43963.13,7.73,91.56,7.68,-0,-0.9998,128.38,129.19,127.26,24.98,Cornering,"Hoosier 43075 16x7.5-10 R20, 7 inch rim",3930
78.51,348.18,-2.62,-359.24,-145.52,0.016,7.68,10.71,0.23,0.018,2.4687,12.2,17968.84,7.73,91.55,7.727,-0,-0.9996,128.58,129.37,127.28,24.97,Cornering,"Hoosier 43075 16x7.5-10 R20, 7 inch rim",3931
78.51,348.19,-3.37,-364.5,-147.73,0.003,6.91,10.98,0.03,0.0228,2.4673,12.17,158580.69,7.73,91.53,7.763,-0,-1,128.75,129.46,127.28,24.97,Cornering,"Hoosier 43075 16x7.5-10 R20, 7 inch rim",3932
78.48,348.2,-3.38,-369.21,-149.93,0.013,5.77,10.96,0.23,0.0225,2.4626,12.09,17965.95,7.73,91.5,7.793,-0,-0.9996,128.86,129.44,127.37,24.97,Cornering,"Hoosier 43075 16x7.5-10 R20, 7 inch rim",3933
78.49,348.21,-2.8,-371.86,-151.48,0.013,4.99,10.26,0.03,0.0185,2.4549,12,158589.59,7.73,91.51,7.834,-0,-1,128.86,129.55,127.45,24.98,Cornering,"Hoosier 43075 16x7.5-10 R20, 7 inch rim",3934
78.51,348.22,-1.63,-370.72,-152.05,-0.003,5.87,9.37,0.09,0.0107,2.4382,11.95,43972.43,7.73,91.51,7.877,-0,-0.9998,128.92,129.66,127.47,25,Cornering,"Hoosier 43075 16x7.5-10 R20, 7 inch rim",3935
78.5,348.23,-0.2,-366.24,-151.37,0.009,6.88,8.6,0.03,0.0013,2.4195,11.96,158779.38,7.73,91.48,7.913,-0,-1,128.98,129.72,127.47,25.01,Cornering,"Hoosier 43075 16x7.5-10 R20, 7 inch rim",3936
78.48,348.24,1.04,-360.31,-148.97,0.006,7.16,7.94,0.09,-0.007,2.4188,12,44014.93,7.73,91.46,7.955,-0,-0.9998,129.03,129.83,127.41,25.03,Cornering,"Hoosier 43075 16x7.5-10 R20, 7 inch rim",3937
78.5,348.25,1.75,-355.17,-146.05,0.006,7.18,7.71,0.03,-0.0119,2.4318,12.08,158781.97,7.73,91.41,7.999,-0,-1,129.07,129.88,127.3,25.02,Cornering,"Hoosier 43075 16x7.5-10 R20, 7 inch rim",3938
78.51,348.26,1.63,-352.68,-143.85,0.01,7.5,7.68,0.09,-0.0113,2.4518,12.13,43985.65,7.73,91.38,8.035,-0,-0.9998,129.13,129.9,127.22,25.01,Cornering,"Hoosier 43075 16x7.5-10 R20, 7 inch rim",3939
78.48,348.27,0.94,-353.45,-142.86,0.009,8.3,8.3,0.09,-0.0065,2.474,12.09,43960.96,7.73,91.32,8.073,-0,-0.9998,129.26,129.99,127.22,25,Cornering,"Hoosier 43075 16x7.5-10 R20, 7 inch rim",3940
78.49,348.28,-0.58,-356.83,-142.5,-0.005,7.74,8.72,0.09,0.0041,2.504,12.04,43925.25,7.73,91.29,8.119,-0,-0.9998,129.48,130.14,127.16,24.98,Cornering,"Hoosier 43075 16x7.5-10 R20, 7 inch rim",3941
78.51,348.29,-1.86,-362.29,-144.11,-0,7.19,9.49,0.16,0.0129,2.514,11.96,25498.18,7.73,91.28,8.162,-0,-0.9997,129.73,130.29,127.2,24.99,Cornering,"Hoosier 43075 16x7.5-10 R20, 7 inch rim",3942
78.5,348.3,-2.67,-367.44,-146.49,0.003,6.96,10.34,0.09,0.0182,2.5083,11.95,43906.34,7.73,91.22,8.197,-0,-0.9998,129.88,130.38,127.22,24.98,Cornering,"Hoosier 43075 16x7.5-10 R20, 7 inch rim",3943
78.47,348.31,-2.94,-371.99,-149.01,0.014,6.32,10.48,0.23,0.0198,2.4964,11.99,17949.39,7.73,91.22,8.25,-0,-0.9996,130.04,130.4,127.28,24.98,Cornering,"Hoosier 43075 16x7.5-10 R20, 7 inch rim",3944
78.5,348.32,-2.46,-374.77,-151.12,0.006,6.05,10.04,0.16,0.0163,2.4801,12.07,25473.17,7.73,91.2,8.272,-0,-0.9997,130.08,130.45,127.39,24.97,Cornering,"Hoosier 43075 16x7.5-10 R20, 7 inch rim",3945
78.51,348.33,-1.37,-375.08,-151.92,0.001,5.7,9.18,0.16,0.009,2.4688,12.14,25452.39,7.73,91.21,8.318,-0,-0.9997,130.06,130.49,127.47,24.96,Cornering,"Hoosier 43075 16x7.5-10 R20, 7 inch rim",3946
78.49,348.34,-0.16,-371.82,-152.12,0.006,6.62,8.15,0.09,0.001,2.4442,12.18,43825.9,7.73,91.26,8.366,-0,-0.9998,130.14,130.56,127.55,24.94,Cornering,"Hoosier 43075 16x7.5-10 R20, 7 inch rim",3947
78.48,348.35,1.18,-366.07,-150.56,0.009,7.45,7.53,-0.04,-0.0079,2.4314,12.16,-98281.14,7.73,91.29,8.397,-0,-1.0001,130.19,130.62,127.45,24.94,Cornering,"Hoosier 43075 16x7.5-10 R20, 7 inch rim",3948
78.52,348.36,1.89,-360.18,-147.83,0.019,7.78,7.01,0.09,-0.0128,2.4365,12.08,43797.24,7.72,91.31,8.437,-0,-0.9998,130.31,130.69,127.41,24.93,Cornering,"Hoosier 43075 16x7.5-10 R20, 7 inch rim",3949
78.5,348.37,1.37,-356.57,-145.09,0.012,7.75,6.01,0.09,-0.0094,2.4576,12.01,43813.59,7.73,91.32,8.472,-0,-0.9998,130.4,130.67,127.28,24.94,Cornering,"Hoosier 43075 16x7.5-10 R20, 7 inch rim",3950
78.47,348.38,0.88,-356.05,-143.56,-0.002,8.49,6.49,0.16,-0.0062,2.4801,12,25444.29,7.73,91.32,8.526,-0,-0.9997,130.49,130.76,127.16,24.96,Cornering,"Hoosier 43075 16x7.5-10 R20, 7 inch rim",3951
78.5,348.39,-0.01,-359.34,-143.31,0.007,8.19,7.55,0.09,0.0001,2.5074,12.03,43833.54,7.73,91.33,8.562,-0,-0.9998,130.61,130.89,127.06,24.96,Cornering,"Hoosier 43075 16x7.5-10 R20, 7 inch rim",3952
78.51,348.4,-1.61,-363.84,-144.46,0.004,8.68,8.32,0.09,0.0112,2.5187,12.11,43809.11,7.73,91.32,8.596,-0,-0.9998,130.83,131.11,127.04,24.95,Cornering,"Hoosier 43075 16x7.5-10 R20, 7 inch rim",3953
78.49,348.41,-2.8,-368.96,-145.95,-0.005,7.71,9.05,0.09,0.0192,2.528,12.15,43784.17,7.73,91.32,8.635,-0,-0.9998,130.98,131.31,127.04,24.94,Cornering,"Hoosier 43075 16x7.5-10 R20, 7 inch rim",3954
78.48,348.42,-3.4,-373.36,-147.95,0.007,6.82,9.55,0.03,0.023,2.5236,12.14,157942.36,7.73,91.33,8.692,-0,-1,131.09,131.31,127.08,24.93,Cornering,"Hoosier 43075 16x7.5-10 R20, 7 inch rim",3955
78.51,348.43,-3.15,-376.65,-150.76,0.013,6.85,9.54,0.09,0.0209,2.4983,12.11,43774.24,7.72,91.33,8.718,-0,-0.9998,131.15,131.37,127.14,24.94,Cornering,"Hoosier 43075 16x7.5-10 R20, 7 inch rim",3956
78.51,348.44,-2.5,-377.58,-151.91,0.007,6.02,8.81,0.09,0.0164,2.4856,12,43800.11,7.72,91.34,8.756,-0,-0.9998,131.17,131.46,127.18,24.96,Cornering,"Hoosier 43075 16x7.5-10 R20, 7 inch rim",3957
78.48,348.45,-0.95,-375.89,-152.53,0.014,6.2,8.08,0.03,0.0062,2.4644,11.92,158080.45,7.72,91.35,8.797,-0,-1,131.17,131.59,127.26,24.96,Cornering,"Hoosier 43075 16x7.5-10 R20, 7 inch rim",3958
78.49,348.46,0.37,-371.21,-151.84,0.01,7.05,7.22,0.09,-0.0024,2.4448,11.92,43831.59,7.72,91.35,8.832,-0,-0.9998,131.19,131.68,127.22,24.98,Cornering,"Hoosier 43075 16x7.5-10 R20, 7 inch rim",3959
78.51,348.47,1.43,-366.07,-149.93,0.009,7.02,6.52,0.09,-0.0095,2.4416,11.95,43815.83,7.72,91.33,8.878,-0,-0.9998,131.34,131.81,127.16,24.97,Cornering,"Hoosier 43075 16x7.5-10 R20, 7 inch rim",3960
78.49,348.48,1.99,-361.19,-147.41,-0.005,8.06,6.12,0.03,-0.0135,2.4503,12.02,157992.69,7.72,91.37,8.913,-0,-1,131.49,131.88,127.08,24.96,Cornering,"Hoosier 43075 16x7.5-10 R20, 7 inch rim",3961
78.48,348.49,1.69,-359.66,-144.68,0.007,7.31,6.1,0.09,-0.0117,2.4859,12.07,43764.59,7.72,91.37,8.964,-0,-0.9998,131.6,131.97,127.02,24.95,Cornering,"Hoosier 43075 16x7.5-10 R20, 7 inch rim",3962
78.5,348.5,0.66,-361.01,-143.89,-0.006,8.11,6.49,0.09,-0.0046,2.509,12.06,43709.87,7.72,91.38,8.996,-0,-0.9998,131.86,132.12,126.9,24.92,Cornering,"Hoosier 43075 16x7.5-10 R20, 7 inch rim",3963
78.51,348.51,-0.98,-364,-144.08,0.007,8.64,7.11,0.03,0.0068,2.5263,12.02,157720.89,7.72,91.39,9.028,-0,-1,132.07,132.36,126.84,24.92,Cornering,"Hoosier 43075 16x7.5-10 R20, 7 inch rim",3964
78.48,348.52,-2.33,-368.99,-145.27,0.009,7.82,8.05,0.03,0.0161,2.5401,11.94,157659.11,7.72,91.39,9.084,-0,-1,132.37,132.54,126.88,24.92,Cornering,"Hoosier 43075 16x7.5-10 R20, 7 inch rim",3965
78.49,348.53,-3.46,-373.5,-147.21,0.006,7.47,8.6,0.03,0.0235,2.5372,11.87,157752.97,7.72,91.39,9.12,-0,-1,132.57,132.71,126.92,24.93,Cornering,"Hoosier 43075 16x7.5-10 R20, 7 inch rim",3966
78.52,348.54,-3.62,-377.39,-149.6,0.001,6.66,8.89,0.03,0.0242,2.5227,11.9,157773.41,7.72,91.39,9.156,-0,-1,132.67,132.76,127.02,24.94,Cornering,"Hoosier 43075 16x7.5-10 R20, 7 inch rim",3967
78.5,348.55,-3.3,-379.59,-151.9,0.006,6.52,8.36,0.09,0.0218,2.4989,11.97,43765.54,7.72,91.4,9.2,-0,-0.9998,132.67,132.8,127.1,24.97,Cornering,"Hoosier 43075 16x7.5-10 R20, 7 inch rim",3968
78.48,348.56,-2.28,-379.45,-152.84,0.013,6.35,7.43,0.03,0.0149,2.4827,12.04,158064.12,7.72,91.43,9.242,-0,-1,132.72,132.87,127.24,24.99,Cornering,"Hoosier 43075 16x7.5-10 R20, 7 inch rim",3969
78.5,348.57,-0.81,-376.32,-153.16,0.003,7.04,6.49,0.09,0.0053,2.457,12.13,43816.29,7.72,91.47,9.28,-0,-0.9998,132.7,132.98,127.26,25,Cornering,"Hoosier 43075 16x7.5-10 R20, 7 inch rim",3970
78.51,348.58,0.87,-371.03,-151.6,0.004,7.46,6.04,0.23,-0.0057,2.4474,12.12,17917.09,7.72,91.47,9.321,-0,-0.9996,132.87,133.07,127.24,25.01,Cornering,"Hoosier 43075 16x7.5-10 R20, 7 inch rim",3971
78.49,348.59,1.77,-365.57,-148.92,0.003,7.57,5.52,0.09,-0.0119,2.4547,12.08,43794.72,7.72,91.47,9.369,-0,-0.9998,132.93,133.22,127.18,25,Cornering,"Hoosier 43075 16x7.5-10 R20, 7 inch rim",3972
78.49,348.6,1.59,-362.11,-146.39,-0.007,8.13,4.99,0.16,-0.0108,2.4736,12.04,25416.84,7.72,91.5,9.402,-0,-0.9997,133.12,133.33,127.14,25,Cornering,"Hoosier 43075 16x7.5-10 R20, 7 inch rim",3973
78.51,348.61,1.14,-362.15,-144.56,0.013,8.13,5.53,0.03,-0.0079,2.5052,12,158114.23,7.72,91.47,9.449,-0,-1,133.38,133.42,127.12,25.01,Cornering,"Hoosier 43075 16x7.5-10 R20, 7 inch rim",3974
78.5,348.62,-0.19,-365.1,-144.19,0.012,8.3,6.04,0.09,0.0013,2.5321,12.02,43819.71,7.72,91.48,9.49,-0,-0.9998,133.66,133.66,127.02,25.02,Cornering,"Hoosier 43075 16x7.5-10 R20, 7 inch rim",3975
78.48,348.63,-1.38,-369.61,-145.04,0.013,8.5,7.12,0.03,0.0095,2.5483,12.09,158151.7,7.72,91.47,9.525,-0,-1,133.85,133.95,127.06,25.03,Cornering,"Hoosier 43075 16x7.5-10 R20, 7 inch rim",3976
78.5,348.64,-2.48,-374.26,-146.88,0.004,8.21,7.86,0.03,0.0169,2.548,12.18,158056.69,7.72,91.49,9.571,-0,-1,134.09,134.06,127.08,25.01,Cornering,"Hoosier 43075 16x7.5-10 R20, 7 inch rim",3977
78.52,348.65,-2.86,-378.46,-148.76,-0,6.81,8.22,0.09,0.0192,2.5441,12.21,43753.33,7.72,91.47,9.608,-0,-0.9998,134.2,134.08,127.16,24.99,Cornering,"Hoosier 43075 16x7.5-10 R20, 7 inch rim",3978
78.49,348.66,-2.83,-381.14,-151.34,0.01,6.82,7.98,0.03,0.0187,2.5185,12.18,157728.88,7.72,91.49,9.644,-0,-1,134.28,134.1,127.28,24.97,Cornering,"Hoosier 43075 16x7.5-10 R20, 7 inch rim",3979
78.48,348.67,-1.62,-381.62,-152.88,0.012,6.6,7.7,0.16,0.0106,2.4962,12.11,25361.22,7.72,91.49,9.669,-0,-0.9997,134.3,134.19,127.43,24.96,Cornering,"Hoosier 43075 16x7.5-10 R20, 7 inch rim",3980
78.52,348.68,-0.74,-379.3,-153.1,0.014,6.53,6.49,0.09,0.0049,2.4775,12.04,43708.43,7.72,91.46,9.717,-0,-0.9998,134.33,134.3,127.53,24.97,Cornering,"Hoosier 43075 16x7.5-10 R20, 7 inch rim",3981
78.51,348.69,0.54,-374.15,-152.47,0.012,7.56,5.73,0.16,-0.0035,2.454,11.99,25372.11,7.72,91.47,9.756,-0,-0.9997,134.39,134.3,127.51,24.98,Cornering,"Hoosier 43075 16x7.5-10 R20, 7 inch rim",3982
78.48,348.7,1.56,-368.22,-149.88,0.006,7.67,5.11,0.03,-0.0104,2.4568,12.01,157683.95,7.72,91.45,9.813,-0,-1,134.56,134.39,127.41,24.97,Cornering,"Hoosier 43075 16x7.5-10 R20, 7 inch rim",3983
78.49,348.71,1.93,-363.85,-147.51,0.003,7.88,4.7,0.23,-0.0131,2.4667,12.08,17859.94,7.72,91.44,9.842,-0,-0.9996,134.76,134.54,127.28,24.97,Cornering,"Hoosier 43075 16x7.5-10 R20, 7 inch rim",3984
78.52,348.72,1.51,-362.44,-145.69,0.003,8.64,4.72,0.09,-0.0104,2.4877,12.15,43647.05,7.72,91.4,9.872,-0,-0.9998,134.95,134.67,127.12,24.95,Cornering,"Hoosier 43075 16x7.5-10 R20, 7 inch rim",3985
78.49,348.73,0.17,-363.86,-144.42,0.016,8.79,4.96,0.09,-0.0012,2.5194,12.13,43630.3,7.72,91.38,9.921,-0,-0.9998,135.12,134.85,126.94,24.94,Cornering,"Hoosier 43075 16x7.5-10 R20, 7 inch rim",3986
78.47,348.74,-1.18,-368.21,-144.64,0.014,8.44,5.89,0.09,0.0082,2.5458,12.1,43604.75,7.72,91.37,9.959,-0,-0.9998,135.38,135.09,126.88,24.93,Cornering,"Hoosier 43075 16x7.5-10 R20, 7 inch rim",3987
78.51,348.75,-2.66,-372.7,-146.21,0.006,8.63,6.56,0.09,0.0182,2.5491,12.02,43629.08,7.72,91.36,10.004,-0,-0.9998,135.51,135.27,126.9,24.95,Cornering,"Hoosier 43075 16x7.5-10 R20, 7 inch rim",3988
78.51,348.76,-3.57,-376.88,-147.95,-0.005,7.55,7,0.16,0.0241,2.5474,11.93,25320.78,7.72,91.37,10.034,-0,-0.9997,135.72,135.42,126.88,24.95,Cornering,"Hoosier 43075 16x7.5-10 R20, 7 inch rim",3989
78.48,348.77,-3.45,-380.18,-149.82,0.001,6.52,7.39,0.09,0.0231,2.5377,11.89,43650.81,7.72,91.39,10.067,-0,-0.9998,135.81,135.4,126.94,24.97,Cornering,"Hoosier 43075 16x7.5-10 R20, 7 inch rim",3990
78.49,348.78,-3.02,-381.89,-152.2,-0.003,6.33,6.73,0.09,0.0198,2.5091,11.92,43624.4,7.72,91.4,10.111,-0,-0.9998,135.83,135.53,127.02,24.96,Cornering,"Hoosier 43075 16x7.5-10 R20, 7 inch rim",3991
78.52,348.79,-1.45,-380.96,-153.82,-0.003,7.08,6.51,0.09,0.0094,2.4766,11.98,43616.83,7.72,91.4,10.165,-0,-0.9998,135.81,135.64,127.1,24.96,Cornering,"Hoosier 43075 16x7.5-10 R20, 7 inch rim",3992
78.49,348.8,0.08,-378.06,-153.53,0.016,6.91,5.8,-0.04,-0.0005,2.4625,12.08,-97832.84,7.72,91.38,10.198,-0,-1.0001,135.87,135.75,127.1,24.96,Cornering,"Hoosier 43075 16x7.5-10 R20, 7 inch rim",3993
78.47,348.81,1.45,-372.9,-151.97,0.007,7.62,5.36,0.09,-0.0096,2.4538,12.11,43596.48,7.72,91.42,10.238,-0,-0.9998,135.98,135.88,127.02,24.95,Cornering,"Hoosier 43075 16x7.5-10 R20, 7 inch rim",3994
78.5,348.82,1.95,-367.93,-149.53,0.014,8.12,4.6,0.03,-0.0131,2.4605,12.09,157191.36,7.72,91.46,10.289,-0,-1,136.19,136.06,126.92,24.93,Cornering,"Hoosier 43075 16x7.5-10 R20, 7 inch rim",3995
78.51,348.83,2.43,-365.27,-147.05,0.013,7.97,4.87,0.16,-0.0165,2.484,12.03,25274.42,7.72,91.48,10.316,-0,-0.9997,136.43,136.08,126.92,24.93,Cornering,"Hoosier 43075 16x7.5-10 R20, 7 inch rim",3996
78.48,348.84,1.61,-364.77,-145.22,0.004,8.42,4.89,0.16,-0.0111,2.5118,11.98,25265.37,7.72,91.47,10.354,-0,-0.9997,136.69,136.24,126.8,24.92,Cornering,"Hoosier 43075 16x7.5-10 R20, 7 inch rim",3997
78.5,348.85,0.37,-367.37,-144.56,-0.006,8.36,5.37,0.09,-0.0025,2.5413,11.99,43524,7.72,91.46,10.393,-0,-0.9998,136.92,136.46,126.72,24.92,Cornering,"Hoosier 43075 16x7.5-10 R20, 7 inch rim",3998
78.51,348.86,-0.99,-371.45,-145.48,0.004,8.11,6.03,-0.04,0.0068,2.5533,12.03,-97688.84,7.72,91.43,10.437,-0,-1.0001,137.24,136.7,126.76,24.94,Cornering,"Hoosier 43075 16x7.5-10 R20, 7 inch rim",3999
78.5,348.87,-2.16,-375.65,-146.85,0.001,7.09,6.67,0.16,0.0147,2.558,12.12,25272.56,7.72,91.41,10.48,-0,-0.9997,137.48,136.85,126.84,24.94,Cornering,"Hoosier 43075 16x7.5-10 R20, 7 inch rim",4000
78.48,348.88,-3.1,-378.95,-149.42,0.01,7.29,6.65,0.23,0.0207,2.5361,12.2,17796.85,7.72,91.36,10.512,-0,-0.9996,137.61,136.94,126.92,24.93,Cornering,"Hoosier 43075 16x7.5-10 R20, 7 inch rim",4001
78.5,348.89,-2.95,-381.43,-151.5,0.001,6.59,6.55,0.03,0.0195,2.5177,12.2,156947.64,7.72,91.36,10.549,-0,-1,137.65,136.94,127.1,24.92,Cornering,"Hoosier 43075 16x7.5-10 R20, 7 inch rim",4002
78.51,348.9,-2.46,-382.08,-153.82,0.012,7.23,5.75,0.09,0.016,2.4839,12.17,43454.12,7.72,91.39,10.598,-0,-0.9998,137.61,137.03,127.22,24.9,Cornering,"Hoosier 43075 16x7.5-10 R20, 7 inch rim",4003
78.49,348.91,-1.36,-379.88,-153.92,0.001,7.14,5.05,0.09,0.0089,2.468,12.08,43439.03,7.72,91.4,10.632,-0,-0.9998,137.72,137.14,127.32,24.89,Cornering,"Hoosier 43075 16x7.5-10 R20, 7 inch rim",4004
78.49,348.92,-0.32,-375.53,-153.23,0.001,7.8,4.16,0.03,0.0021,2.4507,12.03,156881.64,7.72,91.42,10.675,-0,-1,137.84,137.29,127.34,24.92,Cornering,"Hoosier 43075 16x7.5-10 R20, 7 inch rim",4005
78.51,348.93,0.73,-370.4,-150.94,0.004,7.78,3.8,0.16,-0.0049,2.454,12.02,25269.66,7.72,91.41,10.724,-0,-0.9997,138,137.45,127.34,24.96,Cornering,"Hoosier 43075 16x7.5-10 R20, 7 inch rim",4006
78.51,348.94,0.83,-366.35,-148.39,0.007,7.74,3.06,0.16,-0.0056,2.4689,12.08,25290.32,7.72,91.41,10.757,-0,-0.9997,138.3,137.56,127.32,24.98,Cornering,"Hoosier 43075 16x7.5-10 R20, 7 inch rim",4007
78.48,348.95,1,-364.8,-146.4,0.013,7.9,3.42,0.09,-0.0068,2.4917,12.17,43585.08,7.71,91.4,10.808,-0,-0.9998,138.51,137.76,127.26,24.99,Cornering,"Hoosier 43075 16x7.5-10 R20, 7 inch rim",4008
78.5,348.96,0.04,-365.73,-146.21,0.017,9.52,3.7,0.09,-0.0003,2.5014,12.19,43570.3,7.71,91.38,10.84,-0,-0.9998,138.81,137.93,127.22,24.98,Cornering,"Hoosier 43075 16x7.5-10 R20, 7 inch rim",4009
78.52,348.97,-1.1,-369.45,-145.76,0.01,8.37,4.22,0.16,0.0075,2.5347,12.17,25273.86,7.71,91.33,10.88,-0,-0.9997,139.05,138.17,127.3,24.97,Cornering,"Hoosier 43075 16x7.5-10 R20, 7 inch rim",4010
78.49,348.98,-2.18,-373.3,-146.88,-0.002,8.52,5.15,-0.04,0.0148,2.5415,12.12,-97574.52,7.72,91.29,10.924,-0,-1.0001,139.26,138.46,127.34,24.95,Cornering,"Hoosier 43075 16x7.5-10 R20, 7 inch rim",4011
78.48,348.99,-3.07,-376.76,-148.78,0.009,7.98,5.58,0.16,0.0206,2.5323,12.03,25242.94,7.72,91.27,10.966,-0,-0.9997,139.43,138.5,127.45,24.95,Cornering,"Hoosier 43075 16x7.5-10 R20, 7 inch rim",4012
78.51,349,-3.2,-379.71,-151.16,0.001,7.27,5.75,0.03,0.0212,2.512,11.96,156928.17,7.72,91.29,10.997,-0,-1,139.43,138.48,127.61,24.95,Cornering,"Hoosier 43075 16x7.5-10 R20, 7 inch rim",4013
78.5,349.01,-2.83,-381.44,-153.03,0.001,6.82,5.31,0.03,0.0185,2.4926,11.97,156863.67,7.72,91.29,11.049,-0,-1,139.41,138.53,127.75,24.94,Cornering,"Hoosier 43075 16x7.5-10 R20, 7 inch rim",4014
78.48,349.02,-1.54,-380.82,-153.98,0.003,6.89,5.04,0.09,0.01,2.4732,12.01,43443.93,7.71,91.29,11.076,-0,-0.9998,139.33,138.64,127.89,24.93,Cornering,"Hoosier 43075 16x7.5-10 R20, 7 inch rim",4015
78.49,349.03,-0.33,-378.03,-153.97,0.004,7.36,4.31,0.03,0.0021,2.4552,12.08,156754.78,7.71,91.29,11.115,-0,-1,139.39,138.7,127.95,24.93,Cornering,"Hoosier 43075 16x7.5-10 R20, 7 inch rim",4016
78.51,349.04,0.34,-373.35,-153.2,0.001,8.55,3.32,0.09,-0.0022,2.437,12.11,43421,7.71,91.3,11.161,-0,-0.9998,139.56,138.88,127.85,24.93,Cornering,"Hoosier 43075 16x7.5-10 R20, 7 inch rim",4017
78.49,349.05,1.39,-368.38,-150.42,0.009,8,3.3,0.09,-0.0092,2.4491,12.1,43433.75,7.71,91.32,11.209,-0,-0.9998,139.78,138.97,127.83,24.94,Cornering,"Hoosier 43075 16x7.5-10 R20, 7 inch rim",4018
78.48,349.06,1.45,-364.98,-147.92,0.02,8.23,3.02,0.03,-0.0098,2.4675,12.05,156791.41,7.71,91.34,11.246,-0,-1,140.01,139.1,127.75,24.95,Cornering,"Hoosier 43075 16x7.5-10 R20, 7 inch rim",4019
78.52,349.07,0.91,-364.31,-146.22,0.006,8.18,3.06,-0.04,-0.0062,2.4915,11.96,-97471.74,7.71,91.36,11.292,-0,-1.0001,140.25,139.23,127.63,24.96,Cornering,"Hoosier 43075 16x7.5-10 R20, 7 inch rim",4020
78.52,349.08,-0.15,-365.85,-145.5,0.003,8.69,3.6,0.09,0.001,2.5145,11.92,43446.39,7.72,91.4,11.324,-0,-0.9998,140.51,139.52,127.59,24.96,Cornering,"Hoosier 43075 16x7.5-10 R20, 7 inch rim",4021
78.47,349.09,-1.35,-369.59,-146.8,0.007,9.47,4.37,0.03,0.0092,2.5176,11.95,156833.56,7.71,91.42,11.367,-0,-1,140.74,139.71,127.59,24.97,Cornering,"Hoosier 43075 16x7.5-10 R20, 7 inch rim",4022
78.49,349.1,-2.3,-373.63,-148.02,0.001,8.34,5.25,0.16,0.0156,2.5241,12.03,25233.59,7.72,91.44,11.401,-0,-0.9997,140.96,139.85,127.63,24.98,Cornering,"Hoosier 43075 16x7.5-10 R20, 7 inch rim",4023
78.51,349.11,-3.04,-376.76,-149.83,0.003,7.61,5.45,0.03,0.0203,2.5146,12.1,156965.56,7.71,91.46,11.455,-0,-1,141.08,139.8,127.73,25,Cornering,"Hoosier 43075 16x7.5-10 R20, 7 inch rim",4024
78.49,349.12,-2.83,-379.29,-152.49,0.013,7.44,5.55,0.09,0.0185,2.4874,12.15,43471.59,7.71,91.48,11.486,-0,-0.9998,141.06,139.71,127.85,24.98,Cornering,"Hoosier 43075 16x7.5-10 R20, 7 inch rim",4025
78.48,349.13,-2.15,-379.76,-153.88,0.013,6.98,5.05,0.09,0.014,2.4679,12.13,43434.35,7.71,91.49,11.53,-0,-0.9998,141.02,139.74,127.91,24.97,Cornering,"Hoosier 43075 16x7.5-10 R20, 7 inch rim",4026
78.5,349.14,-0.98,-378.51,-154.24,0.006,6.53,4.18,0.09,0.0064,2.454,12.06,43348.5,7.71,91.54,11.563,-0,-0.9998,141.06,139.85,127.93,24.92,Cornering,"Hoosier 43075 16x7.5-10 R20, 7 inch rim",4027
78.51,349.15,0.5,-374.76,-153.75,0.003,7.37,3.48,0.16,-0.0033,2.4375,12.01,25168.61,7.71,91.58,11.6,-0,-0.9997,141.17,139.91,127.91,24.93,Cornering,"Hoosier 43075 16x7.5-10 R20, 7 inch rim",4028
78.49,349.16,1.17,-370.27,-151.92,0.014,7.55,2.24,0.16,-0.0077,2.4373,12,25176.88,7.71,91.59,11.637,-0,-0.9997,141.34,140.13,127.87,24.94,Cornering,"Hoosier 43075 16x7.5-10 R20, 7 inch rim",4029
78.49,349.17,0.67,-366.04,-149.7,0.006,8.47,0.28,0.09,-0.0045,2.4451,12.06,43413.25,7.71,91.59,11.663,-0,-0.9998,141.58,140.24,127.81,24.97,Cornering,"Hoosier 43075 16x7.5-10 R20, 7 inch rim",4030
78.52,349.18,-0.92,-363.7,-148.02,0.012,9.82,-1.61,0.09,0.0062,2.4571,12.16,43427.92,7.71,91.6,11.697,-0,-0.9998,141.9,140.33,127.77,24.98,Cornering,"Hoosier 43075 16x7.5-10 R20, 7 inch rim",4031
78.5,349.19,-3.65,-364,-146.92,0.01,10.01,-3.95,-0.11,0.0248,2.4775,12.24,-37139.39,7.71,91.63,11.722,-0,-1.0002,142.18,140.57,127.73,24.97,Cornering,"Hoosier 43075 16x7.5-10 R20, 7 inch rim",4032
78.48,349.2,-6.82,-367.11,-147.15,0.013,10.12,-5.7,0.03,0.0464,2.4948,12.26,156577.58,7.71,91.61,11.752,-0,-1,142.39,140.82,127.65,24.96,Cornering,"Hoosier 43075 16x7.5-10 R20, 7 inch rim",4033
78.5,349.21,-10.05,-371.59,-148.04,0.001,9.02,-7.3,0.03,0.0679,2.5101,12.22,156537.91,7.71,91.6,11.758,-0,-1,142.61,141.01,127.63,24.96,Cornering,"Hoosier 43075 16x7.5-10 R20, 7 inch rim",4034
78.52,349.22,-10.47,-376.59,-149.36,-0,6.8,-6.19,0.03,0.0701,2.5214,12.14,156459.39,7.71,91.58,11.768,-0,-1,142.76,141.15,127.69,24.94,Cornering,"Hoosier 43075 16x7.5-10 R20, 7 inch rim",4035
78.48,349.23,-9.49,-379.72,-151.06,0.003,5.66,-4.79,0.09,0.0628,2.5136,12.06,43354.14,7.71,91.54,11.78,-0,-0.9998,142.74,141.06,127.85,24.94,Cornering,"Hoosier 43075 16x7.5-10 R20, 7 inch rim",4036
78.49,349.24,-9.05,-381.75,-153.83,0.004,6.12,-5.11,0.09,0.0588,2.4816,12.02,43354.61,7.71,91.57,11.778,-0,-0.9998,142.63,140.97,127.97,24.94,Cornering,"Hoosier 43075 16x7.5-10 R20, 7 inch rim",4037
78.51,349.25,-9.73,-381.13,-154.43,0.004,5.96,-7.89,0.23,0.063,2.468,12.07,17729.35,7.71,91.59,11.793,-0,-0.9996,142.63,141.08,128.07,24.95,Cornering,"Hoosier 43075 16x7.5-10 R20, 7 inch rim",4038
78.5,349.26,-10.76,-378.49,-155,0.007,7.21,-11.49,0.03,0.0694,2.4418,12.11,156517.14,7.71,91.65,11.793,-0,-1,142.69,141.17,128.13,24.96,Cornering,"Hoosier 43075 16x7.5-10 R20, 7 inch rim",4039
78.48,349.27,-11.19,-374.14,-153.67,0.012,7.42,-14.24,0.09,0.0728,2.4346,12.18,43352.3,7.71,91.68,11.792,-0,-0.9998,142.89,141.34,128.15,24.94,Cornering,"Hoosier 43075 16x7.5-10 R20, 7 inch rim",4040
78.52,349.29,-9.36,-366.65,-149.61,0.007,7.87,-13.75,0.09,0.0626,2.4508,12.11,43341.77,7.71,91.71,12.277,-0,-0.9998,143.4,141.67,128.01,24.94,Cornering,"Hoosier 43075 16x7.5-10 R20, 7 inch rim",4041
78.5,349.3,-7.2,-366.03,-148.02,0.007,7.64,-10.05,0.09,0.0486,2.4728,12.02,43332.85,7.71,91.7,12.27,-0,-0.9998,143.7,141.85,127.93,24.93,Cornering,"Hoosier 43075 16x7.5-10 R20, 7 inch rim",4042
78.48,349.31,-5.65,-367.87,-147.32,0.001,7.68,-5.94,0.16,0.0383,2.4971,11.92,25157.48,7.71,91.71,12.266,-0,-0.9997,144,142.09,127.83,24.94,Cornering,"Hoosier 43075 16x7.5-10 R20, 7 inch rim",4043
78.51,349.32,-5.21,-370.82,-148.19,-0.002,8.27,-2.35,0.09,0.0352,2.5023,11.88,43355.98,7.71,91.72,12.251,-0,-0.9998,144.26,142.38,127.81,24.94,Cornering,"Hoosier 43075 16x7.5-10 R20, 7 inch rim",4044
78.51,349.33,-5.6,-374.12,-149.92,0.007,8.5,0.18,0.09,0.0374,2.4955,11.91,43387.36,7.71,91.74,12.244,-0,-0.9998,144.37,142.51,127.85,24.96,Cornering,"Hoosier 43075 16x7.5-10 R20, 7 inch rim",4045
78.48,349.34,-4.82,-376.61,-151.58,0.001,7.84,2.96,0.16,0.0318,2.4846,11.96,25206.93,7.71,91.74,12.237,-0,-0.9997,144.35,142.49,127.93,24.98,Cornering,"Hoosier 43075 16x7.5-10 R20, 7 inch rim",4046
78.5,349.35,-2.38,-378.02,-154.21,0.001,8.53,6.2,0.03,0.0154,2.4514,12.03,156836.23,7.71,91.73,12.227,-0,-1,144.24,142.47,128.09,25,Cornering,"Hoosier 43075 16x7.5-10 R20, 7 inch rim",4047
78.51,349.36,0.35,-378.99,-155.4,0.009,7.74,8.58,0.16,-0.0023,2.4388,12.03,25219.29,7.71,91.74,12.23,-0,-0.9997,144.13,142.49,128.21,25,Cornering,"Hoosier 43075 16x7.5-10 R20, 7 inch rim",4048
78.49,349.37,2.84,-378.05,-156.32,0.006,8.07,9.79,0.16,-0.0182,2.4185,12,25213.85,7.71,91.73,12.226,-0,-0.9997,144.07,142.6,128.29,24.99,Cornering,"Hoosier 43075 16x7.5-10 R20, 7 inch rim",4049
78.48,349.38,4.45,-375.26,-155.67,0.009,7.96,9.67,0.09,-0.0286,2.4106,11.92,43411.19,7.71,91.74,12.221,-0,-0.9998,144.24,142.71,128.31,24.97,Cornering,"Hoosier 43075 16x7.5-10 R20, 7 inch rim",4050
78.5,349.39,5.77,-371.97,-153.63,0.001,7.29,9.45,0.09,-0.0376,2.4212,11.88,43392.87,7.71,91.76,12.21,-0,-0.9998,144.52,142.93,128.23,24.96,Cornering,"Hoosier 43075 16x7.5-10 R20, 7 inch rim",4051
78.51,349.4,5.75,-368.29,-151.29,0.023,7.39,8.56,0.09,-0.038,2.4344,11.87,43392.18,7.71,91.72,12.214,-0,-0.9998,144.84,143.08,128.19,24.96,Cornering,"Hoosier 43075 16x7.5-10 R20, 7 inch rim",4052
78.48,349.41,5.49,-366.19,-149.05,0.001,7.54,7.98,0.09,-0.0369,2.4569,11.95,43402.72,7.71,91.72,12.211,-0,-0.9998,145.12,143.19,128.09,24.97,Cornering,"Hoosier 43075 16x7.5-10 R20, 7 inch rim",4053
78.5,349.42,4.53,-365.87,-147.97,-0,8.21,7.57,0.09,-0.0306,2.4725,12.04,43441.64,7.71,91.72,12.22,-0,-0.9998,145.46,143.39,128.03,24.99,Cornering,"Hoosier 43075 16x7.5-10 R20, 7 inch rim",4054
78.52,349.43,1.81,-367.28,-147.74,0.01,8.84,5.93,0.09,-0.0122,2.486,12.14,43463.86,7.71,91.74,12.207,-0,-0.9998,145.65,143.68,127.97,25,Cornering,"Hoosier 43075 16x7.5-10 R20, 7 inch rim",4055
78.49,349.44,-2.17,-370.22,-148.45,0.001,8.44,2.91,0.09,0.0146,2.4939,12.12,43465.7,7.71,91.74,12.196,-0,-0.9998,145.87,143.87,127.99,25,Cornering,"Hoosier 43075 16x7.5-10 R20, 7 inch rim",4056
78.48,349.45,-6.74,-372.7,-150.12,-0,8.78,-1.05,0.09,0.0449,2.4827,12.09,43429.75,7.71,91.71,12.168,-0,-0.9998,145.93,144.01,128.07,24.98,Cornering,"Hoosier 43075 16x7.5-10 R20, 7 inch rim",4057
78.5,349.46,-9.98,-375.38,-152.3,0.01,8.08,-4.71,0.03,0.0656,2.4648,12.03,156656.12,7.71,91.7,12.161,-0,-1,145.85,143.9,128.23,24.97,Cornering,"Hoosier 43075 16x7.5-10 R20, 7 inch rim",4058
78.51,349.47,-11.27,-376.58,-154.18,-0.01,8.34,-7.47,0.09,0.0731,2.4425,11.98,43394.46,7.71,91.69,12.137,-0,-0.9998,145.68,143.81,128.4,24.96,Cornering,"Hoosier 43075 16x7.5-10 R20, 7 inch rim",4059
78.48,349.48,-10.67,-376.94,-155.78,0.007,8.52,-9.17,0.09,0.0685,2.4196,12,43388.93,7.71,91.69,12.108,-0,-0.9998,145.5,143.83,128.56,24.95,Cornering,"Hoosier 43075 16x7.5-10 R20, 7 inch rim",4060
78.49,349.49,-10.84,-375.54,-156.12,0.007,8.63,-12.28,0.03,0.0694,2.4054,12.08,156628.58,7.71,91.69,12.082,-0,-1,145.55,143.94,128.64,24.96,Cornering,"Hoosier 43075 16x7.5-10 R20, 7 inch rim",4061
78.51,349.5,-12.21,-372.91,-154.55,0.014,7.51,-16.35,0.09,0.079,2.4129,12.17,43408.76,7.71,91.68,12.047,-0,-0.9998,145.72,144.05,128.6,24.96,Cornering,"Hoosier 43075 16x7.5-10 R20, 7 inch rim",4062
78.5,349.51,-14.13,-369.31,-152,0.01,6.93,-20.06,-0.04,0.093,2.4298,12.2,-97341.31,7.71,91.65,12.018,-0,-1.0001,146,144.23,128.56,24.94,Cornering,"Hoosier 43075 16x7.5-10 R20, 7 inch rim",4063
78.47,349.52,-14.98,-366.65,-149.44,0.004,6.17,-21.55,0.09,0.1003,2.4534,12.19,43410.41,7.71,91.66,11.972,-0,-0.9998,146.32,144.34,128.46,24.95,Cornering,"Hoosier 43075 16x7.5-10 R20, 7 inch rim",4064
78.5,349.53,-13.99,-365.4,-147.89,0.004,6.45,-19.46,0.16,0.0946,2.4707,12.12,25178.17,7.71,91.65,11.913,-0,-0.9997,146.62,144.47,128.38,24.93,Cornering,"Hoosier 43075 16x7.5-10 R20, 7 inch rim",4065
78.52,349.54,-11.68,-365.74,-147.25,0.017,7.33,-14.6,0.09,0.0793,2.4837,12.05,43413.98,7.71,91.67,11.885,-0,-0.9998,146.94,144.8,128.31,24.94,Cornering,"Hoosier 43075 16x7.5-10 R20, 7 inch rim",4066
78.49,349.55,-8.39,-367.59,-147.7,0.012,8.18,-7.93,0.09,0.0568,2.4888,12,43433.41,7.71,91.7,11.825,-0,-0.9998,147.14,145.09,128.23,24.95,Cornering,"Hoosier 43075 16x7.5-10 R20, 7 inch rim",4067
78.49,349.56,-6.36,-369.61,-148.51,0.007,8.19,-2.56,0.03,0.0428,2.4888,12.01,156836.39,7.71,91.72,11.779,-0,-1,147.35,145.24,128.31,24.96,Cornering,"Hoosier 43075 16x7.5-10 R20, 7 inch rim",4068
78.52,349.57,-5.34,-371.94,-150.57,0.003,8.48,1.02,-0.04,0.0355,2.4702,12.06,-97484.62,7.71,91.7,11.737,-0,-1.0001,147.29,145.15,128.42,24.96,Cornering,"Hoosier 43075 16x7.5-10 R20, 7 inch rim",4069
78.5,349.58,-4.7,-374.01,-152.87,0.014,8.56,3.1,0.03,0.0308,2.4467,12.12,156819.16,7.71,91.7,11.679,-0,-1,147.11,145.06,128.58,24.95,Cornering,"Hoosier 43075 16x7.5-10 R20, 7 inch rim",4070
78.48,349.59,-3.09,-375.38,-154.49,-0,8.18,4.85,0.09,0.02,2.4298,12.14,43474.76,7.71,91.7,11.621,-0,-0.9998,146.88,144.98,128.7,24.96,Cornering,"Hoosier 43075 16x7.5-10 R20, 7 inch rim",4071
78.5,349.6,0.19,-375.26,-155.33,0.006,7.46,7.64,0.09,-0.0013,2.4159,12.1,43500.18,7.71,91.7,11.587,-0,-0.9998,146.73,145.02,128.78,24.97,Cornering,"Hoosier 43075 16x7.5-10 R20, 7 inch rim",4072
78.51,349.61,4,-373.87,-155.57,0.01,7.14,10.3,0.09,-0.0257,2.4033,12.03,43535.27,7.71,91.72,11.556,-0,-0.9998,146.77,145.09,128.78,24.98,Cornering,"Hoosier 43075 16x7.5-10 R20, 7 inch rim",4073
78.49,349.62,6.22,-371.36,-153.92,0.001,6.47,11.32,0.09,-0.0404,2.4127,11.95,43533.18,7.71,91.76,11.503,-0,-0.9998,146.94,145.26,128.72,24.98,Cornering,"Hoosier 43075 16x7.5-10 R20, 7 inch rim",4074
78.48,349.63,6.86,-368.56,-151.53,0.004,6.25,11.12,0.03,-0.0453,2.4323,11.92,157084.11,7.71,91.79,11.461,-0,-1,147.26,145.42,128.64,24.97,Cornering,"Hoosier 43075 16x7.5-10 R20, 7 inch rim",4075
78.52,349.64,6.32,-366.82,-149.78,-0,6.98,10.55,0.16,-0.0422,2.4491,11.95,25279.38,7.71,91.79,11.434,-0,-0.9997,147.59,145.53,128.52,24.98,Cornering,"Hoosier 43075 16x7.5-10 R20, 7 inch rim",4076
78.5,349.65,5.01,-365.89,-148.02,0.006,8.01,10,-0.04,-0.0338,2.4719,12.03,-97761.14,7.71,91.8,11.391,-0,-1.0001,147.86,145.68,128.44,25,Cornering,"Hoosier 43075 16x7.5-10 R20, 7 inch rim",4077
78.48,349.66,4.09,-366.68,-147.44,0.013,8.94,10.71,0.09,-0.0278,2.487,12.11,43605.61,7.71,91.83,11.356,-0,-0.9998,148.12,145.9,128.38,25.01,Cornering,"Hoosier 43075 16x7.5-10 R20, 7 inch rim",4078
78.5,349.67,3.06,-368.2,-147.65,0.004,9.5,11.44,0.09,-0.0207,2.4938,12.14,43601.9,7.71,91.85,11.314,-0,-0.9998,148.34,146.1,128.34,25,Cornering,"Hoosier 43075 16x7.5-10 R20, 7 inch rim",4079
78.52,349.68,1.59,-370.22,-149.48,0.001,10.32,11.68,0.09,-0.0106,2.4767,12.1,43595.83,7.71,91.87,11.286,-0,-0.9998,148.42,146.12,128.36,25,Cornering,"Hoosier 43075 16x7.5-10 R20, 7 inch rim",4080
78.49,349.69,0.49,-373.03,-151.32,-0.002,8.77,11.14,0.03,-0.0032,2.4652,12.03,157308.22,7.71,91.86,11.248,-0,-1,148.29,146.01,128.48,24.99,Cornering,"Hoosier 43075 16x7.5-10 R20, 7 inch rim",4081
78.48,349.7,-0.1,-375.39,-153.88,0.001,8.17,9.99,0.03,0.0007,2.4394,11.97,157283.94,7.71,91.85,11.225,-0,-1,148.08,145.88,128.64,24.98,Cornering,"Hoosier 43075 16x7.5-10 R20, 7 inch rim",4082
78.51,349.71,-0.55,-376.95,-155.67,-0.002,7.38,7.79,0.03,0.0035,2.4214,11.98,157125,7.71,91.87,11.18,-0,-1,147.91,145.83,128.76,24.96,Cornering,"Hoosier 43075 16x7.5-10 R20, 7 inch rim",4083
78.51,349.72,0.11,-376.81,-156.82,0.003,7.18,6.14,0.16,-0.0007,2.4029,12.02,25256.56,7.71,91.87,11.153,-0,-0.9997,147.91,145.88,128.8,24.94,Cornering,"Hoosier 43075 16x7.5-10 R20, 7 inch rim",4084
78.48,349.73,0.4,-374.47,-155.45,0.001,6.25,4.26,0.16,-0.0026,2.409,12.09,25253.72,7.71,91.89,11.117,-0,-0.9997,148.04,145.9,128.8,24.93,Cornering,"Hoosier 43075 16x7.5-10 R20, 7 inch rim",4085
78.49,349.74,0.25,-370.9,-153.04,0.007,6.18,2.22,0.09,-0.0016,2.4235,12.16,43514.41,7.71,91.87,11.083,-0,-0.9998,148.25,146.03,128.7,24.93,Cornering,"Hoosier 43075 16x7.5-10 R20, 7 inch rim",4086
78.52,349.75,-0.63,-367.01,-150.08,0.014,7.04,0.26,0.09,0.0042,2.4454,12.17,43519.39,7.71,91.84,11.049,-0,-0.9998,148.53,146.14,128.64,24.93,Cornering,"Hoosier 43075 16x7.5-10 R20, 7 inch rim",4087
78.49,349.76,-1.91,-364.45,-147.56,-0.005,8.07,-1.15,0.09,0.013,2.4699,12.12,43546.85,7.71,91.84,10.999,-0,-0.9998,148.81,146.25,128.52,24.94,Cornering,"Hoosier 43075 16x7.5-10 R20, 7 inch rim",4088
78.48,349.77,-3.51,-363.99,-146.47,0.006,9.2,-1.74,0.09,0.024,2.4851,12.04,43539.83,7.71,91.81,10.977,-0,-0.9998,149.04,146.43,128.4,24.94,Cornering,"Hoosier 43075 16x7.5-10 R20, 7 inch rim",4089
78.51,349.78,-5.01,-365.26,-146.97,0.014,10.07,-1.35,0.16,0.0341,2.4852,11.99,25274.95,7.71,91.8,10.934,-0,-0.9997,149.22,146.69,128.34,24.94,Cornering,"Hoosier 43075 16x7.5-10 R20, 7 inch rim",4090
78.51,349.79,-6.54,-368,-148.44,-0.007,10.31,-0.98,0.09,0.044,2.4791,12,43532.29,7.71,91.81,10.888,-0,-0.9998,149.28,146.89,128.31,24.93,Cornering,"Hoosier 43075 16x7.5-10 R20, 7 inch rim",4091
78.48,349.8,-7.43,-371.77,-150.75,-0.002,9.39,-0.27,0.03,0.0493,2.4661,12.05,157153.36,7.71,91.81,10.845,-0,-1,149.19,146.85,128.4,24.93,Cornering,"Hoosier 43075 16x7.5-10 R20, 7 inch rim",4092
78.49,349.81,-8,-375.85,-152.73,0.004,7.14,-0.23,0.09,0.0524,2.461,12.11,43584.17,7.71,91.8,10.808,-0,-0.9998,149.02,146.67,128.52,24.95,Cornering,"Hoosier 43075 16x7.5-10 R20, 7 inch rim",4093
78.51,349.82,-7.01,-378.53,-154.78,0.012,6.05,0.23,0.03,0.0453,2.4456,12.11,157379.91,7.71,91.8,10.759,-0,-1,148.77,146.54,128.68,24.96,Cornering,"Hoosier 43075 16x7.5-10 R20, 7 inch rim",4094
78.5,349.83,-6.2,-379.14,-155.64,0.003,4.98,-0.39,0.03,0.0399,2.4361,12.11,157433.91,7.71,91.79,10.725,-0,-1,148.62,146.47,128.8,24.97,Cornering,"Hoosier 43075 16x7.5-10 R20, 7 inch rim",4095
78.48,349.84,-3.88,-376.82,-156.08,0.007,5.6,0.39,0.09,0.0249,2.4143,12.06,43633.29,7.71,91.8,10.675,-0,-0.9998,148.7,146.52,128.84,24.97,Cornering,"Hoosier 43075 16x7.5-10 R20, 7 inch rim",4096
78.5,349.85,-1.43,-372.59,-154.12,0.001,6.33,1.56,0.09,0.0092,2.4176,11.97,43639.89,7.71,91.79,10.628,-0,-0.9998,148.89,146.58,128.78,24.97,Cornering,"Hoosier 43075 16x7.5-10 R20, 7 inch rim",4097
78.52,349.86,0.83,-368.2,-151.2,-0.009,6.94,3.3,0.09,-0.0055,2.4351,11.94,43645.46,7.71,91.78,10.588,-0,-0.9998,149.17,146.65,128.7,24.97,Cornering,"Hoosier 43075 16x7.5-10 R20, 7 inch rim",4098
78.49,349.87,1.85,-364.51,-148.68,0.014,8.62,4.75,0.09,-0.0124,2.4517,11.97,43660.95,7.71,91.76,10.549,-0,-0.9998,149.37,146.65,128.64,24.97,Cornering,"Hoosier 43075 16x7.5-10 R20, 7 inch rim",4099
78.49,349.88,1.93,-363.2,-147.03,-0.003,9.64,6.16,0.09,-0.0132,2.4703,12.04,43688.32,7.71,91.76,10.497,-0,-0.9998,149.6,146.76,128.54,24.98,Cornering,"Hoosier 43075 16x7.5-10 R20, 7 inch rim",4100
78.51,349.89,1.41,-364.47,-146.86,0.006,10.04,7.8,0.16,-0.0096,2.4817,12.13,25371.95,7.71,91.73,10.464,-0,-0.9997,149.86,146.93,128.44,25,Cornering,"Hoosier 43075 16x7.5-10 R20, 7 inch rim",4101
78.5,349.9,0.87,-367.73,-148.23,0.003,9.93,9.82,0.09,-0.0059,2.4808,12.18,43758.77,7.71,91.71,10.427,-0,-0.9998,149.99,147.13,128.5,25.02,Cornering,"Hoosier 43075 16x7.5-10 R20, 7 inch rim",4102
78.47,349.91,0.3,-371.34,-149.66,0.007,8.61,11.33,0.03,-0.002,2.4813,12.17,157937.47,7.71,91.7,10.376,-0,-1,150.03,147.15,128.56,25.02,Cornering,"Hoosier 43075 16x7.5-10 R20, 7 inch rim",4103
78.5,349.92,-0.14,-375.38,-152.45,-0,7.5,11.87,0.09,0.0009,2.4623,12.12,43781.2,7.71,91.69,10.337,-0,-0.9998,149.88,147.04,128.64,25.03,Cornering,"Hoosier 43075 16x7.5-10 R20, 7 inch rim",4104
78.52,349.93,0.25,-378.04,-154.35,-0.005,5.89,11.95,0.09,-0.0016,2.4492,12.04,43774.75,7.71,91.69,10.31,-0,-0.9998,149.65,146.8,128.84,25.02,Cornering,"Hoosier 43075 16x7.5-10 R20, 7 inch rim",4105
78.49,349.94,0.66,-379.16,-155.84,0.006,5.49,10.81,0.09,-0.0043,2.433,11.99,43740.17,7.71,91.7,10.265,-0,-0.9998,149.45,146.71,129,25,Cornering,"Hoosier 43075 16x7.5-10 R20, 7 inch rim",4106
78.47,349.95,1.12,-377.61,-156.36,0.01,5.91,9.11,0.09,-0.0072,2.415,12.01,43744.59,7.71,91.72,10.232,-0,-0.9998,149.43,146.69,129.04,25,Cornering,"Hoosier 43075 16x7.5-10 R20, 7 inch rim",4107
78.51,349.96,1.49,-373.38,-155.24,0.001,7.26,7.21,0.09,-0.0096,2.4052,12.06,43738.67,7.71,91.74,10.201,-0,-0.9998,149.56,146.71,129.04,24.99,Cornering,"Hoosier 43075 16x7.5-10 R20, 7 inch rim",4108
78.51,349.97,1.7,-368.55,-152.39,0.006,7.72,5.54,0.03,-0.0112,2.4185,12.14,157784.94,7.71,91.77,10.162,-0,-1,149.73,146.89,128.92,24.98,Cornering,"Hoosier 43075 16x7.5-10 R20, 7 inch rim",4109
78.48,349.98,1.66,-364.63,-149.74,0.001,8.64,4.33,0.16,-0.0111,2.4352,12.16,25362.98,7.71,91.79,10.128,-0,-0.9997,149.92,146.98,128.84,24.96,Cornering,"Hoosier 43075 16x7.5-10 R20, 7 inch rim",4110
78.49,349.99,0.9,-362.59,-147.46,-0,9.5,3.53,-0.04,-0.0061,2.4589,12.14,-98035.54,7.71,91.79,10.091,-0,-1.0001,150.22,147.09,128.76,24.96,Cornering,"Hoosier 43075 16x7.5-10 R20, 7 inch rim",4111
78.52,350,-1.45,-363.54,-147.01,0.009,9.77,2.26,0.16,0.0099,2.4729,12.08,25374.47,7.71,91.77,10.055,-0,-0.9997,150.46,147.15,128.66,24.97,Cornering,"Hoosier 43075 16x7.5-10 R20, 7 inch rim",4112
78.49,350.01,-3.38,-366.32,-147.47,0.001,9.84,2.09,0.16,0.0229,2.484,11.98,25378.07,7.71,91.8,10.008,-0,-0.9997,150.63,147.35,128.62,24.97,Cornering,"Hoosier 43075 16x7.5-10 R20, 7 inch rim",4113
78.47,350.02,-5.64,-370.25,-149.05,0.012,8.63,1.81,0.09,0.0378,2.4841,11.94,43716.51,7.71,91.83,9.985,-0,-0.9998,150.74,147.46,128.64,24.96,Cornering,"Hoosier 43075 16x7.5-10 R20, 7 inch rim",4114
78.5,350.03,-6.97,-373.71,-151.39,0.019,7.82,2.02,-0.04,0.046,2.4685,11.97,-98058.64,7.71,91.87,9.935,-0,-1.0001,150.7,147.46,128.68,24.96,Cornering,"Hoosier 43075 16x7.5-10 R20, 7 inch rim",4115
78.51,350.04,-7.39,-376.65,-153.44,0.007,6.65,2.12,0.16,0.0481,2.4547,12.04,25381.16,7.71,91.88,9.889,-0,-0.9997,150.5,147.33,128.86,24.96,Cornering,"Hoosier 43075 16x7.5-10 R20, 7 inch rim",4116
78.49,350.05,-6.65,-378.53,-155.46,0.01,6.31,2.39,0.16,0.0428,2.4349,12.15,25395.53,7.71,91.94,9.854,-0,-0.9997,150.25,147.22,128.94,24.97,Cornering,"Hoosier 43075 16x7.5-10 R20, 7 inch rim",4117
78.49,350.06,-5.33,-377.91,-156,0.007,6.31,2.32,0.09,0.0342,2.4224,12.22,43790.28,7.71,91.96,9.807,-0,-0.9998,150.05,147.18,129.06,24.99,Cornering,"Hoosier 43075 16x7.5-10 R20, 7 inch rim",4118
78.52,350.07,-3.07,-375.09,-155.51,0.003,6.89,2.94,-0.04,0.0197,2.412,12.22,-98361.41,7.71,91.97,9.754,-0,-1.0001,150.1,147.26,129.04,25.02,Cornering,"Hoosier 43075 16x7.5-10 R20, 7 inch rim",4119
78.5,350.08,-1.11,-370.71,-154.01,-0.003,8.35,3.49,0.09,0.0072,2.407,12.17,43832.29,7.71,92,9.717,-0,-0.9998,150.12,147.33,128.94,25.01,Cornering,"Hoosier 43075 16x7.5-10 R20, 7 inch rim",4120
78.48,350.09,0.35,-366.51,-150.99,0.001,8.04,4.07,0.09,-0.0023,2.4273,12.08,43818.34,7.71,92.04,9.667,-0,-0.9998,150.22,147.37,128.86,25,Cornering,"Hoosier 43075 16x7.5-10 R20, 7 inch rim",4121
78.5,350.1,1.04,-363.73,-148.95,0.012,8.88,4.97,0.03,-0.0069,2.4419,12.03,158104.08,7.71,92.09,9.637,-0,-1,150.35,147.44,128.72,24.99,Cornering,"Hoosier 43075 16x7.5-10 R20, 7 inch rim",4122
78.51,350.11,0.98,-362.92,-147.28,0.006,9.08,5.99,0.03,-0.0066,2.4641,12.06,157980.14,7.71,92.13,9.587,-0,-1,150.61,147.55,128.64,24.97,Cornering,"Hoosier 43075 16x7.5-10 R20, 7 inch rim",4123
78.49,350.12,0.34,-364.81,-146.85,0.01,8.28,7.37,0.16,-0.0023,2.4842,12.09,25423.9,7.71,92.16,9.549,-0,-0.9997,150.8,147.75,128.54,24.98,Cornering,"Hoosier 43075 16x7.5-10 R20, 7 inch rim",4124
78.49,350.13,-0.33,-367.91,-148.53,0.006,8.57,9.15,0.09,0.0022,2.477,12.19,43848.81,7.71,92.17,9.505,-0,-0.9998,150.91,147.97,128.56,25,Cornering,"Hoosier 43075 16x7.5-10 R20, 7 inch rim",4125
78.51,350.14,-1.09,-371.35,-149.83,0.007,7.1,10.61,0.16,0.0072,2.4784,12.23,25476.48,7.71,92.19,9.475,-0,-0.9997,150.91,148.03,128.68,25.03,Cornering,"Hoosier 43075 16x7.5-10 R20, 7 inch rim",4126
78.5,350.15,-1.11,-374.33,-152.62,0.012,7.32,11.7,0.03,0.0073,2.4527,12.22,158529.72,7.71,92.2,9.425,-0,-1,150.76,147.95,128.76,25.04,Cornering,"Hoosier 43075 16x7.5-10 R20, 7 inch rim",4127
78.48,350.16,-1.12,-376.66,-154.24,0.003,6.25,11.47,0.09,0.0072,2.442,12.17,43945.74,7.71,92.18,9.379,-0,-0.9998,150.46,147.79,128.96,25.05,Cornering,"Hoosier 43075 16x7.5-10 R20, 7 inch rim",4128
78.5,350.17,-0.47,-376.84,-156.54,0.013,7.47,10.79,0.16,0.003,2.4074,12.06,25485.5,7.71,92.16,9.349,-0,-0.9997,150.22,147.77,129.04,25.03,Cornering,"Hoosier 43075 16x7.5-10 R20, 7 inch rim",4129
78.5,350.18,0.04,-375.42,-156.77,0.004,7.74,9.48,0.09,-0.0003,2.3946,11.96,43904.01,7.71,92.15,9.305,-0,-0.9998,150.16,147.73,129.08,25.02,Cornering,"Hoosier 43075 16x7.5-10 R20, 7 inch rim",4130
78.48,350.19,0.88,-371.69,-155.21,0.01,7.55,8.05,0.23,-0.0057,2.3948,11.93,17943.94,7.71,92.15,9.277,-0,-0.9996,150.2,147.73,129,25.01,Cornering,"Hoosier 43075 16x7.5-10 R20, 7 inch rim",4131
78.48,350.2,1.18,-367,-153.38,0.007,9.07,6.69,0.09,-0.0077,2.3927,11.95,43891.14,7.71,92.16,9.243,-0,-0.9998,150.29,147.79,128.9,25.01,Cornering,"Hoosier 43075 16x7.5-10 R20, 7 inch rim",4132
78.51,350.21,1.32,-363.57,-150.21,0.009,8.58,5.85,0.09,-0.0088,2.4205,12.03,43895.29,7.71,92.16,9.209,-0,-0.9998,150.37,147.84,128.84,25.01,Cornering,"Hoosier 43075 16x7.5-10 R20, 7 inch rim",4133
78.51,350.22,1,-361.84,-148.21,0.004,8.66,5.54,0.03,-0.0067,2.4414,12.09,158420.3,7.71,92.15,9.173,-0,-1,150.48,147.84,128.72,25.01,Cornering,"Hoosier 43075 16x7.5-10 R20, 7 inch rim",4134
78.48,350.23,-0.28,-362.91,-147.7,-0.002,8.8,5.48,0.23,0.0019,2.4571,12.08,17947.81,7.71,92.13,9.114,-0,-0.9996,150.74,148.03,128.64,25,Cornering,"Hoosier 43075 16x7.5-10 R20, 7 inch rim",4135
78.5,350.24,-2.58,-365.28,-147.83,0.012,7.8,4.99,0.16,0.0175,2.4709,12.06,25491.36,7.71,92.15,9.097,-0,-0.9997,150.8,148.23,128.58,25.01,Cornering,"Hoosier 43075 16x7.5-10 R20, 7 inch rim",4136
78.52,350.25,-4.29,-368.38,-149.91,0.004,8.06,5.07,0.03,0.0286,2.4573,11.99,158402.88,7.71,92.17,9.043,-0,-1,150.91,148.3,128.62,25,Cornering,"Hoosier 43075 16x7.5-10 R20, 7 inch rim",4137
78.49,350.26,-5.85,-371.03,-152.03,0.001,7.91,4.97,0.16,0.0385,2.4404,11.95,25462.12,7.71,92.2,9.007,-0,-0.9997,150.83,148.21,128.68,24.98,Cornering,"Hoosier 43075 16x7.5-10 R20, 7 inch rim",4138
78.48,350.27,-6.32,-373.24,-154.38,0.007,7.55,4.7,0.03,0.041,2.4176,11.95,158247.2,7.71,92.21,8.977,-0,-1,150.59,147.95,128.82,24.97,Cornering,"Hoosier 43075 16x7.5-10 R20, 7 inch rim",4139
78.51,350.28,-5.9,-374.48,-156.21,0.004,7.69,4.36,0.03,0.0378,2.3973,12.03,158230.41,7.71,92.22,8.93,-0,-1,150.31,147.77,128.94,24.96,Cornering,"Hoosier 43075 16x7.5-10 R20, 7 inch rim",4140
78.51,350.29,-4.51,-374.04,-156.82,0.012,7.48,4.13,0.03,0.0288,2.3851,12.11,158246.03,7.71,92.24,8.892,-0,-1,150.12,147.73,129,24.96,Cornering,"Hoosier 43075 16x7.5-10 R20, 7 inch rim",4141
78.48,350.3,-2.68,-371.35,-156.41,-0.002,8.23,4.21,0.16,0.0171,2.3742,12.2,25472.68,7.71,92.22,8.851,-0,-0.9997,150.05,147.68,128.96,24.98,Cornering,"Hoosier 43075 16x7.5-10 R20, 7 inch rim",4142
78.49,350.31,-0.62,-367.64,-154.13,0.007,7.77,4.83,-0.04,0.004,2.3853,12.22,-98459.96,7.71,92.2,8.806,-0,-1.0001,150.12,147.73,128.92,24.98,Cornering,"Hoosier 43075 16x7.5-10 R20, 7 inch rim",4143
78.52,350.32,0.53,-363.57,-151.63,0.001,8.22,5.11,0.16,-0.0035,2.3977,12.18,25466.5,7.71,92.18,8.766,-0,-0.9997,150.29,147.79,128.76,24.97,Cornering,"Hoosier 43075 16x7.5-10 R20, 7 inch rim",4144
78.5,350.33,0.73,-361.24,-148.95,0.007,7.92,5.37,0.09,-0.0049,2.4253,12.11,43861.2,7.71,92.19,8.718,-0,-0.9998,150.4,147.81,128.64,24.96,Cornering,"Hoosier 43075 16x7.5-10 R20, 7 inch rim",4145
78.47,350.34,0.58,-361.07,-147.59,0.004,7.82,6.38,0.09,-0.0039,2.4464,12.08,43824.84,7.71,92.2,8.679,-0,-0.9998,150.61,147.86,128.52,24.93,Cornering,"Hoosier 43075 16x7.5-10 R20, 7 inch rim",4146
78.5,350.35,-0.47,-362.18,-147.64,0.013,8.32,7.49,0.09,0.0032,2.4532,12.08,43838.58,7.71,92.23,8.647,-0,-0.9998,150.78,147.99,128.48,24.94,Cornering,"Hoosier 43075 16x7.5-10 R20, 7 inch rim",4147
78.51,350.36,-1.51,-364.66,-149.07,0.007,8.65,8.86,0.09,0.0101,2.4462,12.14,43824.79,7.71,92.3,8.589,-0,-0.9998,150.85,148.1,128.48,24.93,Cornering,"Hoosier 43075 16x7.5-10 R20, 7 inch rim",4148
78.48,350.37,-2.8,-367.32,-150.91,0.009,8.02,9.78,0.16,0.0186,2.4341,12.22,25468.94,7.71,92.4,8.549,-0,-0.9997,150.78,148.06,128.58,24.96,Cornering,"Hoosier 43075 16x7.5-10 R20, 7 inch rim",4149
78.49,350.38,-2.75,-369.66,-152.98,0.006,7.6,11.16,0.03,0.018,2.4165,12.25,158328.53,7.71,92.45,8.511,-0,-1,150.55,147.81,128.72,24.95,Cornering,"Hoosier 43075 16x7.5-10 R20, 7 inch rim",4150
78.51,350.39,-2.55,-371.25,-154.73,0.013,7.17,11.24,0.09,0.0165,2.3994,12.21,43888.33,7.71,92.47,8.476,-0,-0.9998,150.29,147.59,128.88,24.96,Cornering,"Hoosier 43075 16x7.5-10 R20, 7 inch rim",4151
78.5,350.4,-1.59,-372.18,-156.53,0.01,7.73,11.12,0.09,0.0102,2.3777,12.17,43893.06,7.71,92.51,8.433,-0,-0.9998,150.01,147.46,129.04,24.96,Cornering,"Hoosier 43075 16x7.5-10 R20, 7 inch rim",4152
78.48,350.41,-0.21,-370.61,-156.79,0.004,8.07,10.51,0.16,0.0013,2.3637,12.08,25479.49,7.71,92.52,8.384,-0,-0.9997,149.77,147.46,129.12,24.96,Cornering,"Hoosier 43075 16x7.5-10 R20, 7 inch rim",4153
78.5,350.42,0.88,-367.49,-155.71,0.003,8.34,9.53,0.16,-0.0057,2.3601,12.03,25475.48,7.71,92.5,8.354,-0,-0.9997,149.69,147.42,129.08,24.95,Cornering,"Hoosier 43075 16x7.5-10 R20, 7 inch rim",4154
78.51,350.43,1.8,-363.6,-153.75,0.007,8.25,8.75,0.09,-0.0117,2.3649,12.04,43883.93,7.71,92.49,8.33,-0,-0.9998,149.77,147.44,129.04,24.94,Cornering,"Hoosier 43075 16x7.5-10 R20, 7 inch rim",4155
78.48,350.44,1.69,-360.01,-151.03,0.006,8.36,7.74,0.16,-0.0112,2.3836,12.1,25450.56,7.71,92.46,8.279,-0,-0.9997,149.82,147.42,128.98,24.92,Cornering,"Hoosier 43075 16x7.5-10 R20, 7 inch rim",4156
78.49,350.45,1.24,-358.45,-148.97,0.007,7.93,7.53,0.09,-0.0083,2.4062,12.18,43872.81,7.71,92.45,8.244,-0,-0.9998,149.9,147.46,128.84,24.93,Cornering,"Hoosier 43075 16x7.5-10 R20, 7 inch rim",4157
78.51,350.46,0.25,-358.31,-148.47,0.013,8.56,8.1,0.03,-0.0017,2.4133,12.2,158265.47,7.71,92.45,8.204,-0,-1,150.05,147.64,128.72,24.92,Cornering,"Hoosier 43075 16x7.5-10 R20, 7 inch rim",4158
78.5,350.47,-1.84,-360.47,-148.97,0.007,8.21,8.1,0.16,0.0124,2.4198,12.17,25462.98,7.71,92.44,8.175,-0,-0.9997,150.18,147.77,128.68,24.93,Cornering,"Hoosier 43075 16x7.5-10 R20, 7 inch rim",4159
78.48,350.48,-3.31,-363.27,-150.6,0.003,8.17,8.65,0.03,0.022,2.4121,12.08,158369.28,7.71,92.43,8.125,-0,-1,150.27,147.84,128.72,24.93,Cornering,"Hoosier 43075 16x7.5-10 R20, 7 inch rim",4160
78.5,350.49,-4.64,-366.07,-153.04,-0,8.22,8.81,0.09,0.0303,2.3919,12,43899.45,7.71,92.42,8.089,-0,-0.9998,150.16,147.64,128.88,24.94,Cornering,"Hoosier 43075 16x7.5-10 R20, 7 inch rim",4161
78.52,350.5,-5.27,-368.78,-154.76,0.019,7.11,8.46,0.16,0.0341,2.383,11.95,25500.39,7.71,92.39,8.047,-0,-0.9997,150.01,147.37,129.04,24.96,Cornering,"Hoosier 43075 16x7.5-10 R20, 7 inch rim",4162
78.49,350.51,-5.28,-370.29,-156.64,-0,7.11,7.55,0.16,0.0337,2.3639,11.95,25496.99,7.72,92.36,8.006,-0,-0.9997,149.71,147.18,129.18,24.95,Cornering,"Hoosier 43075 16x7.5-10 R20, 7 inch rim",4163
78.48,350.52,-4.13,-369.69,-157.86,0.009,7.89,6.86,0.03,0.0262,2.342,12,158647.61,7.71,92.36,7.973,-0,-1,149.56,147.13,129.22,24.97,Cornering,"Hoosier 43075 16x7.5-10 R20, 7 inch rim",4164
78.51,350.53,-2.57,-367.36,-156.99,0.007,7.33,6.3,0.03,0.0164,2.3399,12.07,158774.69,7.71,92.36,7.929,-0,-1,149.47,147.02,129.24,24.98,Cornering,"Hoosier 43075 16x7.5-10 R20, 7 inch rim",4165
78.51,350.54,-1.31,-362.97,-155.13,-0.003,7.67,5.62,0.03,0.0085,2.3397,12.09,158863.8,7.72,92.39,7.887,-0,-1,149.47,147,129.14,25,Cornering,"Hoosier 43075 16x7.5-10 R20, 7 inch rim",4166
78.48,350.55,-0.1,-358.46,-153.1,0.004,8.54,5.75,0.09,0.0006,2.3414,12.06,44036.53,7.71,92.39,7.85,-0,-0.9998,149.54,147.07,129.1,25,Cornering,"Hoosier 43075 16x7.5-10 R20, 7 inch rim",4167
78.5,350.56,0.11,-355.33,-149.69,-0.003,7.62,6.15,0.09,-0.0008,2.3738,12,44041.64,7.72,92.44,7.8,-0,-0.9998,149.71,147.04,128.96,25,Cornering,"Hoosier 43075 16x7.5-10 R20, 7 inch rim",4168
78.53,350.57,-0.29,-354.56,-149.12,0.003,8.4,7.04,0.09,0.002,2.3777,11.92,44004.28,7.71,92.47,7.765,-0,-0.9998,149.77,147.2,128.88,24.98,Cornering,"Hoosier 43075 16x7.5-10 R20, 7 inch rim",4169
78.49,350.58,-1.22,-355.51,-149.25,0.009,8.52,8.36,0.16,0.0082,2.382,11.9,25513.57,7.71,92.45,7.727,-0,-0.9997,149.92,147.37,128.78,24.95,Cornering,"Hoosier 43075 16x7.5-10 R20, 7 inch rim",4170
78.48,350.59,-2.71,-357.81,-150.34,-0.005,8.61,9.5,0.09,0.018,2.38,11.92,43931.79,7.72,92.43,7.674,-0,-0.9998,150.03,147.55,128.82,24.93,Cornering,"Hoosier 43075 16x7.5-10 R20, 7 inch rim",4171
78.51,350.6,-3.74,-360.33,-152.46,-0,8.67,10.6,0.16,0.0246,2.3634,12,25530.41,7.72,92.41,7.641,-0,-0.9997,149.99,147.51,128.9,24.96,Cornering,"Hoosier 43075 16x7.5-10 R20, 7 inch rim",4172
78.5,350.61,-4.3,-363,-154.28,0.003,7.49,11.15,0.16,0.0279,2.3529,12.08,25568.37,7.72,92.43,7.599,-0,-0.9997,149.82,147.26,129,25,Cornering,"Hoosier 43075 16x7.5-10 R20, 7 inch rim",4173
78.48,350.62,-4.01,-364.57,-156.48,0.004,7.53,11.22,0.16,0.0256,2.3298,12.11,25612.74,7.71,92.39,7.549,-0,-0.9997,149.58,147.02,129.18,25.04,Cornering,"Hoosier 43075 16x7.5-10 R20, 7 inch rim",4174
78.49,350.63,-2.53,-364.89,-158.03,0.009,8.27,11.33,0.09,0.016,2.309,12.08,44141.15,7.71,92.35,7.519,-0,-0.9998,149.34,146.87,129.33,25.04,Cornering,"Hoosier 43075 16x7.5-10 R20, 7 inch rim",4175
78.52,350.64,-0.83,-363.49,-157.85,0.009,8.04,11.02,0.03,0.0053,2.3028,12.01,159272.77,7.72,92.36,7.469,-0,-1,149.17,146.78,129.35,25.04,Cornering,"Hoosier 43075 16x7.5-10 R20, 7 inch rim",4176
78.5,350.65,0.94,-360.39,-156.41,0.013,7.5,10.73,0.09,-0.006,2.3042,11.95,44119.01,7.71,92.36,7.432,-0,-0.9998,149.11,146.71,129.26,25.03,Cornering,"Hoosier 43075 16x7.5-10 R20, 7 inch rim",4177
78.47,350.66,1.95,-356.31,-153.83,0.001,7.24,10.21,0.16,-0.0127,2.3163,11.94,25585.98,7.72,92.35,7.393,-0,-0.9997,149.17,146.67,129.2,25,Cornering,"Hoosier 43075 16x7.5-10 R20, 7 inch rim",4178
78.5,350.67,2.26,-352.57,-151.07,0.001,6.88,10.02,0.09,-0.0149,2.3338,11.99,44064.72,7.72,92.31,7.359,-0,-0.9998,149.28,146.6,129.12,24.99,Cornering,"Hoosier 43075 16x7.5-10 R20, 7 inch rim",4179
78.52,350.68,2.1,-350.26,-149.68,0.013,7.9,10.44,-0.04,-0.014,2.3401,12.07,-98858.91,7.71,92.28,7.307,-0,-1.0001,149.34,146.63,129.04,24.99,Cornering,"Hoosier 43075 16x7.5-10 R20, 7 inch rim",4180
78.48,350.69,0.58,-350.11,-149.08,0.016,8.03,10.78,0.09,-0.0039,2.3485,12.16,44062.26,7.71,92.27,7.277,-0,-0.9998,149.43,146.71,129,24.98,Cornering,"Hoosier 43075 16x7.5-10 R20, 7 inch rim",4181
78.49,350.7,-1.21,-351.31,-149.58,0.001,8.3,11,0.16,0.0081,2.3487,12.19,25570.79,7.72,92.24,7.239,-0,-0.9997,149.52,146.85,128.9,24.98,Cornering,"Hoosier 43075 16x7.5-10 R20, 7 inch rim",4182
78.52,350.71,-2.78,-353.66,-151.76,0.003,9.02,11.56,0.16,0.0183,2.3303,12.17,25578.98,7.72,92.18,7.197,-0,-0.9997,149.45,146.89,128.94,24.98,Cornering,"Hoosier 43075 16x7.5-10 R20, 7 inch rim",4183
78.5,350.72,-4.06,-356,-153.99,0.003,8.88,11.52,0.16,0.0263,2.3119,12.12,25574.67,7.72,92.14,7.167,-0,-0.9997,149.39,146.67,129.02,24.98,Cornering,"Hoosier 43075 16x7.5-10 R20, 7 inch rim",4184
78.48,350.73,-4.14,-358.03,-155.8,-0,8.24,11.51,0.16,0.0265,2.298,12.04,25565.04,7.72,92.08,7.125,-0,-0.9997,149.09,146.36,129.14,24.97,Cornering,"Hoosier 43075 16x7.5-10 R20, 7 inch rim",4185
78.5,350.74,-3.32,-360.23,-157.7,0.003,7.33,11.27,0.16,0.0211,2.2843,12,25566.65,7.72,92.05,7.095,-0,-0.9997,148.81,146.23,129.22,24.97,Cornering,"Hoosier 43075 16x7.5-10 R20, 7 inch rim",4186
78.52,350.75,-2.52,-359.61,-158.14,0.004,7.09,10.06,0.09,0.0159,2.274,12.04,44053.55,7.72,92.04,7.041,-0,-0.9998,148.55,146.1,129.26,24.97,Cornering,"Hoosier 43075 16x7.5-10 R20, 7 inch rim",4187
78.48,350.76,-1.39,-356.8,-157.84,0.001,7.83,8.98,0.03,0.0088,2.2606,12.12,158843.72,7.72,92.07,6.994,-0,-1,148.42,146.03,129.2,24.94,Cornering,"Hoosier 43075 16x7.5-10 R20, 7 inch rim",4188
78.49,350.77,-0.91,-352.45,-155.63,0.004,7.53,7.68,0.09,0.0058,2.2647,12.21,44019.14,7.72,92.07,6.969,-0,-0.9998,148.4,146.03,129.12,24.94,Cornering,"Hoosier 43075 16x7.5-10 R20, 7 inch rim",4189
78.52,350.78,-0.5,-348.23,-152.3,0.003,6.73,7.18,0.03,0.0033,2.2865,12.24,158939.92,7.72,92.08,6.925,-0,-1,148.38,145.97,129.04,24.96,Cornering,"Hoosier 43075 16x7.5-10 R20, 7 inch rim",4190
78.5,350.79,-0.82,-344.64,-150.17,0.003,7.61,7.09,-0.04,0.0054,2.2951,12.21,-98898.62,7.72,92.11,6.893,-0,-1.0001,148.42,145.97,128.98,24.98,Cornering,"Hoosier 43075 16x7.5-10 R20, 7 inch rim",4191
78.48,350.8,-1.78,-343.4,-149.14,0.006,8.17,7.53,0.03,0.012,2.3025,12.14,159257.42,7.72,92.11,6.856,-0,-1,148.51,146.08,128.92,25,Cornering,"Hoosier 43075 16x7.5-10 R20, 7 inch rim",4192
78.5,350.81,-2.69,-343.86,-149.25,0.003,8.65,9.02,0.16,0.0181,2.3039,12.02,25605.02,7.72,92.11,6.816,-0,-0.9997,148.59,146.19,128.88,24.99,Cornering,"Hoosier 43075 16x7.5-10 R20, 7 inch rim",4193
78.52,350.82,-4.02,-345.73,-150.8,0.001,9.18,10.03,0.16,0.0267,2.2927,11.97,25596.07,7.72,92.13,6.759,-0,-0.9997,148.72,146.23,128.94,24.98,Cornering,"Hoosier 43075 16x7.5-10 R20, 7 inch rim",4194
78.49,350.83,-4.94,-348.26,-152.73,0.009,8.55,11.05,0.09,0.0323,2.2802,11.96,44061.06,7.72,92.15,6.727,-0,-0.9998,148.59,146.05,129.08,24.96,Cornering,"Hoosier 43075 16x7.5-10 R20, 7 inch rim",4195
78.48,350.84,-4.66,-350.61,-155.49,0.012,8.64,12.08,0.09,0.0299,2.2549,12,44064.54,7.72,92.19,6.687,-0,-0.9998,148.36,145.83,129.28,24.96,Cornering,"Hoosier 43075 16x7.5-10 R20, 7 inch rim",4196
78.51,350.85,-3.77,-352.46,-157.18,-0,7.68,12.43,0.09,0.024,2.2423,12.08,44099.94,7.72,92.22,6.633,-0,-0.9998,148.19,145.57,129.45,24.97,Cornering,"Hoosier 43075 16x7.5-10 R20, 7 inch rim",4197
78.5,350.86,-2.47,-353.12,-158.25,0.012,7.09,12.22,0.03,0.0156,2.2314,12.11,159227.31,7.72,92.2,6.6,-0,-1,147.91,145.48,129.61,24.98,Cornering,"Hoosier 43075 16x7.5-10 R20, 7 inch rim",4198
78.47,350.87,-1.08,-351.69,-158.08,-0,6.57,11.58,0.09,0.0069,2.2248,12.09,44188.31,7.72,92.21,6.557,-0,-0.9998,147.74,145.39,129.67,25.02,Cornering,"Hoosier 43075 16x7.5-10 R20, 7 inch rim",4199
78.5,350.88,0.58,-347.65,-156.15,0.004,6.49,11.26,0.09,-0.0037,2.2264,12.02,44151.12,7.72,92.21,6.513,-0,-0.9998,147.67,145.33,129.63,25,Cornering,"Hoosier 43075 16x7.5-10 R20, 7 inch rim",4200
78.52,350.89,1.3,-342.84,-153.84,0.01,7.13,10.75,0.09,-0.0085,2.2286,11.95,44122.57,7.72,92.21,6.487,-0,-0.9998,147.67,145.33,129.61,24.98,Cornering,"Hoosier 43075 16x7.5-10 R20, 7 inch rim",4201
78.49,350.9,1.7,-338.62,-150.88,0.006,7.06,10.88,0.09,-0.0112,2.2443,11.91,44085.09,7.72,92.2,6.445,-0,-0.9998,147.69,145.28,129.61,24.96,Cornering,"Hoosier 43075 16x7.5-10 R20, 7 inch rim",4202
78.48,350.91,1.25,-335.97,-149.76,0.01,8.6,11.52,0.16,-0.0083,2.2434,11.92,25566.15,7.72,92.17,6.402,-0,-0.9997,147.69,145.31,129.51,24.93,Cornering,"Hoosier 43075 16x7.5-10 R20, 7 inch rim",4203
78.5,350.92,0.21,-335.2,-148.78,0.013,8.48,12.48,-0.04,-0.0014,2.253,11.98,-98839.55,7.72,92.17,6.365,-0,-1.0001,147.82,145.31,129.45,24.94,Cornering,"Hoosier 43075 16x7.5-10 R20, 7 inch rim",4204
78.5,350.93,-1.16,-336.42,-149.53,0.003,8.64,13.54,0.03,0.0078,2.25,12.08,158942.38,7.72,92.22,6.319,-0,-1,147.89,145.44,129.49,24.93,Cornering,"Hoosier 43075 16x7.5-10 R20, 7 inch rim",4205
78.48,350.94,-2.82,-338.61,-151.49,0.003,8.79,14.06,-0.04,0.0186,2.2352,12.13,-98807.76,7.72,92.21,6.288,-0,-1.0001,147.86,145.42,129.63,24.93,Cornering,"Hoosier 43075 16x7.5-10 R20, 7 inch rim",4206
78.49,350.95,-3.7,-341.29,-153.82,0.007,7.95,14.34,0.03,0.024,2.2187,12.11,158966.22,7.72,92.22,6.238,-0,-1,147.67,145.35,129.71,24.93,Cornering,"Hoosier 43075 16x7.5-10 R20, 7 inch rim",4207
78.51,350.96,-3.95,-343.64,-156.04,0.007,7.05,13.98,0.09,0.0253,2.2023,12.06,44053.18,7.72,92.25,6.209,-0,-0.9998,147.39,145.09,129.81,24.93,Cornering,"Hoosier 43075 16x7.5-10 R20, 7 inch rim",4208
78.5,350.97,-3.58,-344.87,-157.79,-0.002,6.61,13.18,0.09,0.0227,2.1857,11.97,44066.62,7.72,92.3,6.169,-0,-0.9998,147.16,144.95,129.93,24.93,Cornering,"Hoosier 43075 16x7.5-10 R20, 7 inch rim",4209
78.47,350.98,-2.19,-344.72,-159.15,0.001,6.92,12.62,0.09,0.0137,2.166,11.94,44110.89,7.72,92.34,6.127,-0,-0.9998,146.98,144.89,129.99,24.96,Cornering,"Hoosier 43075 16x7.5-10 R20, 7 inch rim",4210
78.51,350.99,-0.57,-341.78,-157.64,0.009,6.58,12.21,0.09,0.0036,2.1681,11.98,44144.67,7.72,92.36,6.089,-0,-0.9998,146.81,144.82,129.97,24.97,Cornering,"Hoosier 43075 16x7.5-10 R20, 7 inch rim",4211
78.51,351,0.38,-337.23,-155.2,-0.003,7.1,11.26,0.03,-0.0025,2.1728,12.04,159464.31,7.72,92.37,6.047,-0,-1,146.83,144.8,129.97,25,Cornering,"Hoosier 43075 16x7.5-10 R20, 7 inch rim",4212
78.49,351.01,0.41,-332.43,-152.24,0.012,7.36,10.44,0.16,-0.0027,2.1837,12.14,25656.19,7.72,92.37,6,-0,-0.9997,146.79,144.76,129.93,25,Cornering,"Hoosier 43075 16x7.5-10 R20, 7 inch rim",4213
78.49,351.02,-0.02,-328.84,-149.75,0.01,8.09,10.11,0.09,0.0001,2.196,12.2,44204.93,7.72,92.33,5.973,-0,-0.9998,146.83,144.76,129.91,25,Cornering,"Hoosier 43075 16x7.5-10 R20, 7 inch rim",4214
78.51,351.03,-1.4,-327.25,-148.27,-0.002,8.05,10.18,0.03,0.0095,2.2072,12.19,159460.47,7.73,92.33,5.928,-0,-1,146.88,144.84,129.85,24.99,Cornering,"Hoosier 43075 16x7.5-10 R20, 7 inch rim",4215
78.5,351.04,-2.59,-327.43,-149.15,0.007,9.21,11.35,-0.04,0.0174,2.1954,12.14,-99201.12,7.72,92.31,5.881,-0,-1.0001,146.92,144.87,129.81,25.01,Cornering,"Hoosier 43075 16x7.5-10 R20, 7 inch rim",4216
78.48,351.05,-4.2,-329.77,-150.56,0.004,8.08,11.97,0.03,0.0279,2.1903,12.04,159594.58,7.73,92.34,5.844,-0,-1,146.9,144.91,129.93,25.01,Cornering,"Hoosier 43075 16x7.5-10 R20, 7 inch rim",4217
78.51,351.06,-5.08,-332.28,-152.49,0.006,7.39,12.87,0.16,0.0333,2.1791,12,25676.88,7.72,92.36,5.801,-0,-0.9997,146.77,144.76,130.05,25.01,Cornering,"Hoosier 43075 16x7.5-10 R20, 7 inch rim",4218
78.51,351.07,-5.19,-335.29,-156.04,0.02,7.07,13.34,0.09,0.0333,2.1487,12.03,44210.29,7.72,92.36,5.767,-0,-0.9998,146.51,144.56,130.19,25,Cornering,"Hoosier 43075 16x7.5-10 R20, 7 inch rim",4219
78.48,351.08,-4.37,-336.99,-158.28,0.009,6.45,13.57,0.16,0.0276,2.1291,12.11,25662.55,7.73,92.34,5.719,-0,-0.9997,146.3,144.25,130.36,25,Cornering,"Hoosier 43075 16x7.5-10 R20, 7 inch rim",4220
78.49,351.09,-3.17,-336.5,-159.09,-0,6.7,13.24,0.16,0.0199,2.1152,12.19,25664.07,7.73,92.3,5.684,-0,-0.9997,146.06,144.16,130.48,25,Cornering,"Hoosier 43075 16x7.5-10 R20, 7 inch rim",4221
78.51,351.1,-1.18,-334.18,-158.35,0.006,6.57,13.22,0.09,0.0074,2.1104,12.26,44240.26,7.73,92.29,5.638,-0,-0.9998,145.91,144.14,130.5,25.01,Cornering,"Hoosier 43075 16x7.5-10 R20, 7 inch rim",4222
78.5,351.11,0.46,-330.14,-156.17,0.01,6.7,13.01,0.09,-0.003,2.114,12.27,44264.08,7.73,92.31,5.592,-0,-0.9998,145.85,144.09,130.46,25.02,Cornering,"Hoosier 43075 16x7.5-10 R20, 7 inch rim",4223
78.48,351.12,0.84,-325.14,-153.41,0.006,7.48,12.28,0.03,-0.0055,2.1194,12.19,159743.75,7.73,92.34,5.56,-0,-1,145.85,144.03,130.38,25.02,Cornering,"Hoosier 43075 16x7.5-10 R20, 7 inch rim",4224
78.5,351.13,0.89,-321.09,-151.2,0.01,8.43,12.27,-0.04,-0.0059,2.1236,12.08,-99306.36,7.73,92.34,5.522,-0,-1.0001,145.85,143.98,130.36,25.02,Cornering,"Hoosier 43075 16x7.5-10 R20, 7 inch rim",4225
78.52,351.14,0.26,-318.89,-148.53,0.001,7.53,12.82,0.03,-0.0017,2.1469,12.03,159654.36,7.73,92.35,5.476,-0,-1,145.8,144.05,130.23,25,Cornering,"Hoosier 43075 16x7.5-10 R20, 7 inch rim",4226
78.48,351.15,-0.81,-318.58,-149.1,0.003,8.58,13.87,-0.04,0.0054,2.1366,11.97,-99205.12,7.73,92.33,5.434,-0,-1.0001,145.85,144.18,130.11,24.99,Cornering,"Hoosier 43075 16x7.5-10 R20, 7 inch rim",4227
78.48,351.16,-2.18,-319.85,-150.2,0.007,8.42,14.99,0.09,0.0145,2.1294,12.02,44226.26,7.73,92.3,5.401,-0,-0.9998,145.89,144.23,130.15,24.99,Cornering,"Hoosier 43075 16x7.5-10 R20, 7 inch rim",4228
78.52,351.17,-3.23,-322.19,-152.31,0.003,7.73,16.04,0.09,0.0212,2.1154,12.1,44208.61,7.73,92.28,5.36,-0,-0.9998,145.8,144.14,130.25,24.98,Cornering,"Hoosier 43075 16x7.5-10 R20, 7 inch rim",4229
78.51,351.18,-3.73,-324.39,-154.5,0.006,7.1,16.38,0.03,0.0241,2.0996,12.14,159507.97,7.73,92.3,5.321,-0,-1,145.68,144.01,130.42,24.97,Cornering,"Hoosier 43075 16x7.5-10 R20, 7 inch rim",4230
78.49,351.19,-3.65,-326.14,-157.17,0.013,6.76,16.21,0.09,0.0232,2.075,12.14,44193.08,7.73,92.32,5.287,-0,-0.9998,145.5,143.76,130.54,24.97,Cornering,"Hoosier 43075 16x7.5-10 R20, 7 inch rim",4231
78.5,351.2,-2.66,-326.6,-158.61,0.012,6.82,15.67,0.03,0.0168,2.0591,12.08,159489.48,7.73,92.31,5.245,-0,-1,145.2,143.61,130.66,24.97,Cornering,"Hoosier 43075 16x7.5-10 R20, 7 inch rim",4232
78.52,351.21,-1.44,-324.89,-158.32,0.01,6.54,14.94,0.03,0.0091,2.0522,11.99,159426.83,7.73,92.34,5.198,-0,-1,145.08,143.46,130.72,24.96,Cornering,"Hoosier 43075 16x7.5-10 R20, 7 inch rim",4233
78.5,351.22,-0.25,-321.59,-156.46,0.001,6.72,13.96,-0.04,0.0016,2.0554,11.9,-99131.72,7.73,92.35,5.161,-0,-1.0001,144.97,143.41,130.68,24.96,Cornering,"Hoosier 43075 16x7.5-10 R20, 7 inch rim",4234
78.48,351.23,0.54,-316.77,-153.32,0.007,6.77,13.25,0.03,-0.0035,2.0661,11.89,159406.86,7.73,92.37,5.127,-0,-1,144.97,143.3,130.62,24.95,Cornering,"Hoosier 43075 16x7.5-10 R20, 7 inch rim",4235
78.52,351.24,0.85,-312.73,-151.28,0.013,7.89,13.1,0.3,-0.0056,2.0672,11.93,13947.83,7.73,92.38,5.086,-0,-0.9994,144.9,143.3,130.58,24.96,Cornering,"Hoosier 43075 16x7.5-10 R20, 7 inch rim",4236
78.51,351.25,0.4,-309.75,-149.3,0.006,8.21,13.37,0.16,-0.0027,2.0747,12.03,25641.68,7.73,92.41,5.052,-0,-0.9997,144.97,143.28,130.48,24.95,Cornering,"Hoosier 43075 16x7.5-10 R20, 7 inch rim",4237
78.48,351.26,-1.2,-308.69,-148.35,0.013,7.52,13.59,0.09,0.0081,2.0808,12.08,44211.38,7.73,92.42,5.009,-0,-0.9998,144.97,143.32,130.44,24.97,Cornering,"Hoosier 43075 16x7.5-10 R20, 7 inch rim",4238
78.49,351.27,-2.73,-308.82,-148.8,0.001,7.52,14.48,0.09,0.0184,2.0754,12.1,44214.75,7.73,92.42,4.956,-0,-0.9998,145.03,143.35,130.42,24.97,Cornering,"Hoosier 43075 16x7.5-10 R20, 7 inch rim",4239
78.51,351.28,-4.5,-310.56,-151.09,0.007,7.65,15,-0.04,0.0298,2.0554,12.06,-99214.15,7.73,92.45,4.909,-0,-1.0001,145.08,143.28,130.54,24.97,Cornering,"Hoosier 43075 16x7.5-10 R20, 7 inch rim",4240
78.49,351.29,-5.29,-312.62,-153.41,0.013,6.68,15.61,0.03,0.0345,2.0379,12,159722.31,7.73,92.48,4.883,-0,-1,144.97,143.13,130.6,24.99,Cornering,"Hoosier 43075 16x7.5-10 R20, 7 inch rim",4241
78.47,351.3,-5.41,-314.64,-156.05,0.009,6.62,15.68,0.16,0.0346,2.0163,11.96,25690.79,7.73,92.51,4.85,-0,-0.9997,144.73,142.93,130.74,24.99,Cornering,"Hoosier 43075 16x7.5-10 R20, 7 inch rim",4242
78.5,351.31,-4.45,-315.71,-158.13,-0.005,6.48,15.5,0.03,0.0282,1.9965,12.01,159665.48,7.73,92.52,4.806,-0,-1,144.54,142.8,130.86,24.98,Cornering,"Hoosier 43075 16x7.5-10 R20, 7 inch rim",4243
78.51,351.32,-3.19,-314.96,-158.26,0.009,6.26,15.06,0.09,0.0202,1.9902,12.06,44247.18,7.73,92.55,4.764,-0,-0.9998,144.28,142.6,130.94,24.98,Cornering,"Hoosier 43075 16x7.5-10 R20, 7 inch rim",4244
78.49,351.33,-1.38,-312.46,-157.38,0.006,6.68,14.65,0.03,0.0087,1.9853,12.17,159682.44,7.73,92.56,4.728,-0,-1,144.13,142.58,130.88,24.98,Cornering,"Hoosier 43075 16x7.5-10 R20, 7 inch rim",4245
78.49,351.34,0.23,-308.72,-154.77,0.006,6.59,14.52,0.03,-0.0015,1.9947,12.21,159803.2,7.73,92.54,4.684,-0,-1,144.02,142.51,130.86,25,Cornering,"Hoosier 43075 16x7.5-10 R20, 7 inch rim",4246
78.51,351.35,0.37,-304.51,-151.99,0.007,6.82,13.68,0.09,-0.0024,2.0035,12.21,44285.11,7.73,92.52,4.645,-0,-0.9998,143.98,142.44,130.82,25,Cornering,"Hoosier 43075 16x7.5-10 R20, 7 inch rim",4247
78.5,351.36,0.35,-300.61,-149.16,0.006,6.81,13.84,0.09,-0.0024,2.0154,12.13,44297.75,7.73,92.48,4.605,-0,-0.9998,143.9,142.4,130.76,25,Cornering,"Hoosier 43075 16x7.5-10 R20, 7 inch rim",4248
78.47,351.37,-0.72,-298.26,-148.5,0.001,7.56,14.21,0.09,0.0049,2.0085,12.02,44290.15,7.73,92.41,4.56,-0,-0.9998,143.9,142.53,130.68,25,Cornering,"Hoosier 43075 16x7.5-10 R20, 7 inch rim",4249
78.5,351.38,-1.96,-297.62,-148.29,-0.009,7.02,15.06,0.09,0.0132,2.0069,11.94,44261.32,7.74,92.35,4.525,-0,-0.9998,143.96,142.6,130.7,24.98,Cornering,"Hoosier 43075 16x7.5-10 R20, 7 inch rim",4250
78.51,351.39,-3.52,-298.14,-150.47,0.006,7.34,15.86,0.16,0.0234,1.9814,11.9,25673.3,7.73,92.36,4.494,-0,-0.9997,143.96,142.71,130.76,24.96,Cornering,"Hoosier 43075 16x7.5-10 R20, 7 inch rim",4251
78.49,351.4,-4.42,-299.09,-152.5,0.004,6.76,16.71,0.03,0.029,1.9613,11.95,159555.05,7.73,92.37,4.454,-0,-1,143.87,142.58,130.94,24.95,Cornering,"Hoosier 43075 16x7.5-10 R20, 7 inch rim",4252
78.48,351.41,-5.05,-300.21,-155.19,0.009,6.75,16.81,0.09,0.0326,1.9345,12.03,44205.95,7.73,92.38,4.415,-0,-0.9998,143.75,142.4,131.08,24.94,Cornering,"Hoosier 43075 16x7.5-10 R20, 7 inch rim",4253
78.52,351.42,-4.76,-301.15,-157.68,0.009,6.88,16.55,0.09,0.0302,1.9099,12.11,44187.8,7.73,92.4,4.372,-0,-0.9998,143.53,142.2,131.22,24.93,Cornering,"Hoosier 43075 16x7.5-10 R20, 7 inch rim",4254
78.5,351.43,-3.62,-301.14,-158.54,0.003,6.57,16.12,0.09,0.0228,1.8995,12.12,44220.75,7.74,92.42,4.333,-0,-0.9998,143.36,142.07,131.29,24.95,Cornering,"Hoosier 43075 16x7.5-10 R20, 7 inch rim",4255
78.47,351.44,-2.14,-299.75,-157.86,0.006,6.05,15.57,0.09,0.0136,1.8989,12.08,44223.01,7.73,92.4,4.292,-0,-0.9998,143.23,142,131.31,24.95,Cornering,"Hoosier 43075 16x7.5-10 R20, 7 inch rim",4256
78.5,351.45,-0.77,-296.48,-155.55,0.007,5.91,14.98,0.09,0.005,1.906,12.01,44214.98,7.74,92.4,4.25,-0,-0.9998,143.14,141.92,131.22,24.94,Cornering,"Hoosier 43075 16x7.5-10 R20, 7 inch rim",4257
78.52,351.46,-0.57,-292.26,-152.9,0.006,6.36,13.92,0.03,0.0037,1.9115,11.92,159564.22,7.74,92.38,4.22,-0,-1,143.14,141.89,131.16,24.94,Cornering,"Hoosier 43075 16x7.5-10 R20, 7 inch rim",4258
78.49,351.47,-0.7,-288.35,-150.19,0.003,6.7,13.54,0.16,0.0046,1.9199,11.9,25677.47,7.74,92.37,4.176,-0,-0.9997,143.08,141.78,131.14,24.96,Cornering,"Hoosier 43075 16x7.5-10 R20, 7 inch rim",4259
78.48,351.48,-1.37,-285.42,-148.76,0.009,6.5,13.92,0.09,0.0092,1.9186,11.95,44262.38,7.74,92.34,4.131,-0,-0.9998,143.02,141.81,131.1,24.97,Cornering,"Hoosier 43075 16x7.5-10 R20, 7 inch rim",4260
78.51,351.49,-2.7,-283.38,-148.29,0.004,6.95,14.45,0.03,0.0182,1.911,12.04,159847.67,7.74,92.32,4.094,-0,-1,143.04,141.89,131.04,24.98,Cornering,"Hoosier 43075 16x7.5-10 R20, 7 inch rim",4261
78.51,351.5,-4.22,-282.78,-149.21,0.006,6.76,15.29,-0.04,0.0282,1.8952,12.14,-99462.76,7.74,92.31,4.044,-0,-1.0001,143.08,141.87,131.1,25.01,Cornering,"Hoosier 43075 16x7.5-10 R20, 7 inch rim",4262
78.47,351.51,-5.32,-283.13,-151.33,0.012,6.54,16.13,0.03,0.0351,1.8709,12.19,160011.61,7.74,92.28,4.01,-0,-1,143.04,141.76,131.29,25.01,Cornering,"Hoosier 43075 16x7.5-10 R20, 7 inch rim",4263
78.49,351.52,-5.68,-283.93,-154.22,0.014,6.73,16.9,0.03,0.0368,1.841,12.18,160018.64,7.74,92.26,3.971,-0,-1,142.91,141.61,131.51,25.01,Cornering,"Hoosier 43075 16x7.5-10 R20, 7 inch rim",4264
78.52,351.53,-5.09,-284.69,-155.85,0.001,5.49,17.16,0.16,0.0327,1.8268,12.13,25744.31,7.74,92.28,3.934,-0,-0.9997,142.69,141.41,131.65,25.01,Cornering,"Hoosier 43075 16x7.5-10 R20, 7 inch rim",4265
78.5,351.54,-4.33,-284.89,-158.25,0.014,6.24,16.73,0.09,0.0273,1.8003,12.05,44356.98,7.74,92.29,3.887,-0,-0.9998,142.57,141.28,131.77,25.01,Cornering,"Hoosier 43075 16x7.5-10 R20, 7 inch rim",4266
78.48,351.55,-2.85,-284.07,-158.41,-0.002,6.15,16.43,0.09,0.018,1.7932,12.01,44348.79,7.74,92.34,3.844,-0,-0.9998,142.33,141.12,131.83,25.01,Cornering,"Hoosier 43075 16x7.5-10 R20, 7 inch rim",4267
78.52,351.56,-1.16,-281.88,-156.53,-0.003,5.6,16.11,-0.04,0.0074,1.8009,12.03,-99488.99,7.74,92.34,3.808,-0,-1.0001,142.24,141.15,131.81,25.01,Cornering,"Hoosier 43075 16x7.5-10 R20, 7 inch rim",4268
78.51,351.57,-0.39,-278.18,-153.93,0.012,5.74,15.24,0.16,0.0025,1.8072,12.08,25737.17,7.74,92.34,3.763,-0,-0.9997,142.22,141.12,131.73,25,Cornering,"Hoosier 43075 16x7.5-10 R20, 7 inch rim",4269
78.48,351.58,0.05,-273.65,-151.3,0.012,6.39,14.98,0.09,-0.0003,1.8087,12.17,44343.89,7.74,92.35,3.73,-0,-0.9998,142.16,141.04,131.71,25,Cornering,"Hoosier 43075 16x7.5-10 R20, 7 inch rim",4270
78.49,351.59,-0.62,-269.91,-148.89,0.009,6.06,14.68,-0.04,0.0042,1.8128,12.21,-99523.87,7.74,92.34,3.696,-0,-1.0001,142.11,141.04,131.65,25.01,Cornering,"Hoosier 43075 16x7.5-10 R20, 7 inch rim",4271
78.52,351.6,-1.62,-266.78,-147.9,0.003,6.38,15.36,0.09,0.0109,1.8038,12.19,44368.82,7.74,92.33,3.636,-0,-0.9998,142.16,141.1,131.59,25.01,Cornering,"Hoosier 43075 16x7.5-10 R20, 7 inch rim",4272
78.5,351.61,-2.86,-265.27,-148.87,0.013,7.09,16.29,0.16,0.0192,1.7819,12.12,25747.44,7.74,92.33,3.603,-0,-0.9997,142.29,141.12,131.61,25.01,Cornering,"Hoosier 43075 16x7.5-10 R20, 7 inch rim",4273
78.48,351.62,-4.62,-264.63,-150.68,0.001,7.09,16.6,0.03,0.0307,1.7562,12.02,160052.17,7.74,92.32,3.557,-0,-1,142.29,141.04,131.73,25,Cornering,"Hoosier 43075 16x7.5-10 R20, 7 inch rim",4274
78.5,351.63,-5.53,-264.83,-153.09,0.01,6.63,17.17,0.09,0.0361,1.7299,11.97,44342.61,7.74,92.34,3.533,-0,-0.9998,142.18,140.84,131.89,25,Cornering,"Hoosier 43075 16x7.5-10 R20, 7 inch rim",4275
78.51,351.64,-6.06,-265.8,-155.78,0.013,5.99,16.96,0.09,0.0389,1.7062,11.97,44303.73,7.74,92.33,3.481,-0,-0.9998,142.03,140.71,132.07,24.97,Cornering,"Hoosier 43075 16x7.5-10 R20, 7 inch rim",4276
78.48,351.65,-5.31,-265.95,-157.72,0.007,5.88,16.76,0.09,0.0337,1.6862,12.02,44316.05,7.74,92.31,3.434,-0,-0.9998,141.88,140.57,132.24,24.98,Cornering,"Hoosier 43075 16x7.5-10 R20, 7 inch rim",4277
78.49,351.66,-4.08,-265.47,-158.17,-0.002,5.21,16.32,0.03,0.0258,1.6784,12.08,159965.33,7.74,92.25,3.401,-0,-1,141.71,140.4,132.28,24.98,Cornering,"Hoosier 43075 16x7.5-10 R20, 7 inch rim",4278
78.52,351.67,-2.51,-263.31,-157.66,0.01,5.66,15.82,0.03,0.0159,1.6701,12.1,159934.31,7.74,92.18,3.361,-0,-1,141.54,140.33,132.24,24.98,Cornering,"Hoosier 43075 16x7.5-10 R20, 7 inch rim",4279
78.5,351.68,-1.2,-259.99,-154.65,-0.006,4.9,15.04,0.03,0.0078,1.6811,12.06,159976.8,7.74,92.16,3.325,-0,-1,141.47,140.24,132.15,24.98,Cornering,"Hoosier 43075 16x7.5-10 R20, 7 inch rim",4280
78.47,351.69,-0.51,-255.66,-151.9,0.007,5.36,14.68,0.09,0.0034,1.6831,11.99,44332.68,7.74,92.12,3.282,-0,-0.9998,141.47,140.15,132.13,24.98,Cornering,"Hoosier 43075 16x7.5-10 R20, 7 inch rim",4281
78.5,351.7,-0.77,-251.3,-149.45,0.007,5.86,14.37,0.09,0.0052,1.6814,11.9,44303.51,7.74,92.11,3.241,-0,-0.9998,141.39,140.09,132.07,24.97,Cornering,"Hoosier 43075 16x7.5-10 R20, 7 inch rim",4282
78.52,351.71,-1.39,-247.73,-147.93,0.01,5.86,14.85,0.09,0.0094,1.6746,11.89,44304.71,7.74,92.08,3.211,-0,-0.9998,141.39,140.11,132.03,24.97,Cornering,"Hoosier 43075 16x7.5-10 R20, 7 inch rim",4283
78.49,351.72,-3.07,-245.21,-148.41,-0.005,6.66,15.15,0.03,0.0207,1.6523,11.92,159927.27,7.74,92.06,3.155,-0,-1,141.41,140.2,132.07,24.97,Cornering,"Hoosier 43075 16x7.5-10 R20, 7 inch rim",4284
78.49,351.73,-4.63,-243.87,-149.81,0.012,6.23,15.82,0.09,0.0309,1.6279,11.98,44328.15,7.74,92.04,3.138,-0,-0.9998,141.47,140.18,132.17,24.98,Cornering,"Hoosier 43075 16x7.5-10 R20, 7 inch rim",4285
78.51,351.74,-5.73,-243.27,-151.84,0.009,5.52,16.29,0.09,0.0378,1.6021,12.06,44350.38,7.74,91.99,3.095,-0,-0.9998,141.39,140.02,132.36,24.99,Cornering,"Hoosier 43075 16x7.5-10 R20, 7 inch rim",4286
78.5,351.75,-6.11,-243.29,-154.48,0.007,4.98,16.71,0.03,0.0395,1.5748,12.11,160127.33,7.74,91.98,3.05,-0,-1,141.19,139.78,132.52,25,Cornering,"Hoosier 43075 16x7.5-10 R20, 7 inch rim",4287
78.48,351.76,-5.58,-243.33,-157.2,0.016,5.18,16.63,0.16,0.0355,1.5479,12.08,25749.37,7.74,92.02,3.023,-0,-0.9997,141.02,139.6,132.64,25,Cornering,"Hoosier 43075 16x7.5-10 R20, 7 inch rim",4288
78.5,351.77,-4.75,-242.86,-158.05,0.012,4.54,15.91,0.16,0.0301,1.5366,12.01,25732.35,7.74,92.11,2.982,-0,-0.9997,140.85,139.47,132.74,24.98,Cornering,"Hoosier 43075 16x7.5-10 R20, 7 inch rim",4289
78.51,351.78,-3.06,-241.29,-157.66,0.007,4.48,15.59,0.09,0.0194,1.5304,11.95,44335.03,7.74,92.17,2.954,-0,-0.9998,140.68,139.38,132.74,24.98,Cornering,"Hoosier 43075 16x7.5-10 R20, 7 inch rim",4290
78.49,351.79,-2.24,-238.17,-155.44,0.009,4.73,14.26,0.16,0.0144,1.5323,11.93,25722.09,7.74,92.23,2.901,-0,-0.9997,140.55,139.27,132.72,24.97,Cornering,"Hoosier 43075 16x7.5-10 R20, 7 inch rim",4291
78.48,351.8,-1.72,-233.95,-152.97,0.007,5.23,13.16,0.03,0.0112,1.5294,12,160075.52,7.74,92.27,2.88,-0,-1,140.46,139.3,132.66,24.99,Cornering,"Hoosier 43075 16x7.5-10 R20, 7 inch rim",4292
78.52,351.81,-1.91,-229.75,-150.06,0.01,5.19,12.36,0.03,0.0127,1.5311,12.07,160193.59,7.74,92.25,2.827,-0,-1,140.42,139.19,132.66,25.01,Cornering,"Hoosier 43075 16x7.5-10 R20, 7 inch rim",4293
78.51,351.82,-3.17,-225.69,-148.04,0.004,5.1,11.72,0.09,0.0214,1.5245,12.17,44391.98,7.75,92.24,2.798,-0,-0.9998,140.42,139.19,132.62,25.01,Cornering,"Hoosier 43075 16x7.5-10 R20, 7 inch rim",4294
78.48,351.83,-4.45,-222.92,-147.74,0.012,4.9,12.08,0.16,0.0301,1.5089,12.19,25761.05,7.75,92.24,2.745,-0,-0.9997,140.44,139.25,132.62,25,Cornering,"Hoosier 43075 16x7.5-10 R20, 7 inch rim",4295
78.49,351.84,-6.01,-220.9,-149.05,0.007,5.18,12.66,0.23,0.0403,1.4821,12.17,18134.75,7.75,92.25,2.714,-0,-0.9996,140.42,139.21,132.66,24.98,Cornering,"Hoosier 43075 16x7.5-10 R20, 7 inch rim",4296
78.51,351.85,-7.18,-219.83,-151.54,0.006,5.42,13.33,0.09,0.0474,1.4506,12.08,44314.2,7.75,92.27,2.662,-0,-0.9998,140.46,139.12,132.76,24.96,Cornering,"Hoosier 43075 16x7.5-10 R20, 7 inch rim",4297
78.49,351.86,-7.85,-219.24,-153.71,0.007,4.24,13.69,0.03,0.0511,1.4263,11.99,159848.3,7.75,92.29,2.609,-0,-1,140.31,138.94,132.94,24.95,Cornering,"Hoosier 43075 16x7.5-10 R20, 7 inch rim",4298
78.48,351.87,-7.71,-218.48,-156.55,0.007,4.49,13.8,0.16,0.0493,1.3956,11.98,25710.72,7.75,92.27,2.562,-0,-0.9997,140.14,138.79,133.1,24.95,Cornering,"Hoosier 43075 16x7.5-10 R20, 7 inch rim",4299
78.5,351.88,-6.47,-217.57,-158.32,0.012,4.66,13.94,0.03,0.0409,1.3743,11.99,159931.41,7.75,92.25,2.531,-0,-1,139.9,138.59,133.16,24.96,Cornering,"Hoosier 43075 16x7.5-10 R20, 7 inch rim",4300
78.51,351.89,-4.36,-216.01,-158.43,0.004,4.03,14.41,0.09,0.0275,1.3634,12.08,44319.9,7.75,92.25,2.479,-0,-0.9998,139.82,138.46,133.21,24.96,Cornering,"Hoosier 43075 16x7.5-10 R20, 7 inch rim",4301
78.48,351.9,-2.68,-212.73,-156.79,0.004,4.36,14.09,0.03,0.0171,1.3568,12.14,159904.62,7.75,92.22,2.435,-0,-1,139.73,138.42,133.14,24.96,Cornering,"Hoosier 43075 16x7.5-10 R20, 7 inch rim",4302
78.49,351.91,-1.72,-209.15,-153.91,0.004,3.63,13.51,0.03,0.0112,1.3589,12.16,159908.97,7.75,92.2,2.393,-0,-1,139.65,138.44,133.16,24.96,Cornering,"Hoosier 43075 16x7.5-10 R20, 7 inch rim",4303
78.51,351.92,-1.44,-204.47,-151.15,0.004,4.18,12.79,0.09,0.0095,1.3528,12.15,44323.76,7.75,92.21,2.346,-0,-0.9998,139.63,138.37,133.12,24.96,Cornering,"Hoosier 43075 16x7.5-10 R20, 7 inch rim",4304
78.5,351.93,-1.65,-200.28,-149.18,0.01,4.23,12.94,0.09,0.011,1.3426,12.06,44355.87,7.75,92.2,2.302,-0,-0.9998,139.63,138.35,133.08,24.98,Cornering,"Hoosier 43075 16x7.5-10 R20, 7 inch rim",4305
78.48,351.94,-2.62,-196.23,-148.23,0.004,4.48,13.51,0.16,0.0177,1.3238,11.95,25745.56,7.75,92.21,2.267,-0,-0.9997,139.67,138.37,133.08,24.98,Cornering,"Hoosier 43075 16x7.5-10 R20, 7 inch rim",4306
78.51,351.95,-3.6,-193.77,-148.66,0.007,4.13,14.75,0.09,0.0242,1.3034,11.91,44357.58,7.75,92.16,2.239,-0,-0.9998,139.71,138.42,133.12,24.98,Cornering,"Hoosier 43075 16x7.5-10 R20, 7 inch rim",4307
78.52,351.96,-4.61,-191.74,-150.91,-0.002,4.55,15.73,0.03,0.0305,1.2706,11.89,159965.38,7.75,92.16,2.198,-0,-1,139.73,138.35,133.16,24.96,Cornering,"Hoosier 43075 16x7.5-10 R20, 7 inch rim",4308
78.48,351.97,-5.22,-190.56,-153.44,0.013,4.16,16.58,0.03,0.034,1.242,11.95,159931.7,7.75,92.16,2.161,-0,-1,139.65,138.22,133.31,24.96,Cornering,"Hoosier 43075 16x7.5-10 R20, 7 inch rim",4309
78.49,351.98,-5.17,-189.18,-155.92,0.01,4.02,16.86,0.09,0.0331,1.2133,12.02,44370.8,7.75,92.2,2.125,-0,-0.9998,139.45,137.98,133.51,24.98,Cornering,"Hoosier 43075 16x7.5-10 R20, 7 inch rim",4310
78.52,351.99,-4.52,-187.95,-158.02,0.01,3.81,16.64,-0.04,0.0286,1.1894,12.03,-99629.25,7.75,92.23,2.082,-0,-1.0001,139.26,137.78,133.57,25.01,Cornering,"Hoosier 43075 16x7.5-10 R20, 7 inch rim",4311
78.5,352,-3.77,-186.23,-158.12,0.004,3.47,15.47,0.03,0.0238,1.1778,12,160238.89,7.75,92.33,2.05,-0,-1,139.11,137.69,133.59,25,Cornering,"Hoosier 43075 16x7.5-10 R20, 7 inch rim",4312
78.47,352.01,-3,-184.04,-156.85,0.001,2.81,14.01,0.09,0.0191,1.1733,11.91,44394.14,7.75,92.41,2.012,-0,-0.9998,139.02,137.56,133.59,25,Cornering,"Hoosier 43075 16x7.5-10 R20, 7 inch rim",4313
78.5,352.02,-1.91,-180.78,-154.51,0.007,2.91,13.07,0.09,0.0124,1.1701,11.84,44354,7.75,92.47,1.968,-0,-0.9998,138.96,137.54,133.53,24.97,Cornering,"Hoosier 43075 16x7.5-10 R20, 7 inch rim",4314
78.52,352.03,-1.69,-177.04,-151.33,0.01,2.75,11.73,0.09,0.0112,1.1699,11.81,44323.61,7.75,92.51,1.946,-0,-0.9998,138.85,137.47,133.49,24.96,Cornering,"Hoosier 43075 16x7.5-10 R20, 7 inch rim",4315
78.49,352.04,-2.47,-172.81,-149.18,0.001,3.43,10.55,0.09,0.0166,1.1584,11.86,44345.22,7.75,92.52,1.901,-0,-0.9998,138.85,137.43,133.47,24.97,Cornering,"Hoosier 43075 16x7.5-10 R20, 7 inch rim",4316
78.48,352.05,-4.51,-168.58,-147.16,-0.006,3.51,9.21,0.03,0.0307,1.1455,11.92,160217.09,7.76,92.55,1.863,-0,-1,138.87,137.47,133.47,25,Cornering,"Hoosier 43075 16x7.5-10 R20, 7 inch rim",4317
78.52,352.06,-6.88,-165.36,-146.78,0.006,3.27,8.63,0.03,0.0469,1.1266,12.02,160368.58,7.75,92.5,1.826,-0,-1,138.9,137.58,133.53,25.02,Cornering,"Hoosier 43075 16x7.5-10 R20, 7 inch rim",4318
78.5,352.07,-8.69,-163.05,-148.15,0.006,2.87,8.74,0.03,0.0586,1.1006,12.06,160482.5,7.75,92.5,1.793,-0,-1,138.94,137.6,133.63,25.04,Cornering,"Hoosier 43075 16x7.5-10 R20, 7 inch rim",4319
78.48,352.08,-9.87,-161.21,-150.31,0.007,2.86,9.1,0.09,0.0657,1.0725,12.04,44472.13,7.75,92.48,1.74,-0,-0.9998,138.9,137.51,133.77,25.04,Cornering,"Hoosier 43075 16x7.5-10 R20, 7 inch rim",4320
78.5,352.09,-10.31,-159.54,-153.24,0.01,2.78,9.08,0.09,0.0673,1.0411,11.97,44483.36,7.75,92.49,1.693,-0,-0.9998,138.75,137.32,133.85,25.04,Cornering,"Hoosier 43075 16x7.5-10 R20, 7 inch rim",4321
78.52,352.1,-9.59,-157.83,-155.73,0.006,2.99,9.17,0.09,0.0616,1.0135,11.91,44453.05,7.75,92.49,1.663,-0,-0.9998,138.62,137.07,133.99,25.03,Cornering,"Hoosier 43075 16x7.5-10 R20, 7 inch rim",4322
78.5,352.11,-8.04,-156.31,-157.18,0.012,2.62,9.26,0.03,0.0512,0.9944,11.92,160383.81,7.75,92.52,1.611,-0,-1,138.45,136.94,134.05,25.02,Cornering,"Hoosier 43075 16x7.5-10 R20, 7 inch rim",4323
78.48,352.12,-6.14,-154.27,-157.12,0.006,2.46,9.17,0.03,0.0391,0.9818,11.96,160312.45,7.75,92.57,1.566,-0,-1,138.36,136.81,134.01,25.01,Cornering,"Hoosier 43075 16x7.5-10 R20, 7 inch rim",4324
78.51,352.13,-4.55,-151.14,-154.36,-0,1.54,8.81,0.09,0.0295,0.9791,12.06,44403.81,7.76,92.58,1.538,-0,-0.9998,138.23,136.65,133.97,25,Cornering,"Hoosier 43075 16x7.5-10 R20, 7 inch rim",4325
78.51,352.14,-3.17,-147.1,-151.57,0.006,1.74,8.76,0.09,0.0209,0.9705,12.14,44414.88,7.75,92.6,1.493,-0,-0.9998,138.15,136.65,133.95,25,Cornering,"Hoosier 43075 16x7.5-10 R20, 7 inch rim",4326
78.48,352.15,-2.43,-142.57,-148.96,0.003,2.28,9.07,0.09,0.0163,0.9571,12.15,44395.01,7.76,92.62,1.448,-0,-0.9998,138.06,136.57,133.95,24.99,Cornering,"Hoosier 43075 16x7.5-10 R20, 7 inch rim",4327
78.49,352.16,-3.06,-137.91,-146.48,0.006,2.36,9.22,0.09,0.0209,0.9414,12.11,44385.5,7.76,92.64,1.398,-0,-0.9998,138.06,136.59,133.91,24.98,Cornering,"Hoosier 43075 16x7.5-10 R20, 7 inch rim",4328
78.52,352.17,-4.04,-133.87,-145.83,0.006,2.29,10.12,0.09,0.0277,0.918,12.03,44386.02,7.76,92.66,1.364,-0,-0.9998,138.08,136.63,133.89,24.98,Cornering,"Hoosier 43075 16x7.5-10 R20, 7 inch rim",4329
78.5,352.18,-5.93,-130.17,-146.84,0.009,3.07,10.44,0.03,0.0404,0.8864,11.95,160103.42,7.76,92.63,1.324,-0,-1,138.04,136.72,133.99,24.97,Cornering,"Hoosier 43075 16x7.5-10 R20, 7 inch rim",4330
78.48,352.19,-7.37,-127.85,-148.63,0.006,2.5,10.92,0.16,0.0496,0.8602,11.93,25745.36,7.76,92.61,1.269,-0,-0.9997,138.04,136.7,134.09,24.97,Cornering,"Hoosier 43075 16x7.5-10 R20, 7 inch rim",4331
78.5,352.2,-8.06,-125.22,-150.39,0.001,1.65,11.23,0.09,0.0536,0.8327,11.97,44356.91,7.76,92.6,1.236,-0,-0.9998,137.97,136.52,134.22,24.97,Cornering,"Hoosier 43075 16x7.5-10 R20, 7 inch rim",4332
78.51,352.21,-7.56,-123.42,-152.73,0.013,1.02,11.45,0.03,0.0495,0.8081,12.06,160109.33,7.76,92.56,1.202,-0,-1,137.87,136.35,134.34,24.97,Cornering,"Hoosier 43075 16x7.5-10 R20, 7 inch rim",4333
78.48,352.22,-6.74,-120.77,-153.56,0.006,0.13,10.9,0.03,0.0439,0.7865,12.12,160148.59,7.76,92.55,1.155,-0,-1,137.69,136.19,134.36,24.98,Cornering,"Hoosier 43075 16x7.5-10 R20, 7 inch rim",4334
78.48,352.23,-5.03,-117.83,-153.53,0.01,-0.03,10.48,0.09,0.0328,0.7675,12.15,44420.02,7.76,92.59,1.129,-0,-0.9998,137.57,136.08,134.36,25,Cornering,"Hoosier 43075 16x7.5-10 R20, 7 inch rim",4335
78.52,352.24,-3.35,-114.24,-151.62,0.007,0.11,9.83,0.09,0.0221,0.7534,12.11,44430.95,7.76,92.61,1.073,-0,-0.9998,137.48,136.02,134.34,25.01,Cornering,"Hoosier 43075 16x7.5-10 R20, 7 inch rim",4336
78.5,352.25,-2.45,-110,-148.93,-0.002,0.8,8.78,-0.04,0.0165,0.7386,12.03,-99624.19,7.76,92.62,1.033,-0,-1.0001,137.39,135.97,134.34,25,Cornering,"Hoosier 43075 16x7.5-10 R20, 7 inch rim",4337
78.48,352.26,-2.39,-105.01,-145.67,0.001,1.34,7.82,0.03,0.0164,0.7209,11.93,160154.66,7.76,92.61,1.001,-0,-1,137.33,135.97,134.28,24.98,Cornering,"Hoosier 43075 16x7.5-10 R20, 7 inch rim",4338
78.51,352.27,-3.24,-100.37,-142.78,0.012,1.56,7.22,0.03,0.0227,0.7029,11.89,160044.81,7.76,92.6,0.954,-0,-1,137.31,136.04,134.24,24.96,Cornering,"Hoosier 43075 16x7.5-10 R20, 7 inch rim",4339
78.52,352.28,-4.59,-96.03,-142.03,0.019,2.26,7.14,0.09,0.0323,0.6762,11.9,44339.77,7.75,92.62,0.921,-0,-0.9998,137.27,136.13,134.2,24.96,Cornering,"Hoosier 43075 16x7.5-10 R20, 7 inch rim",4340
78.49,352.29,-6.59,-92.43,-142.08,0.006,2,6.83,0.03,0.0464,0.6506,11.96,160084.3,7.76,92.6,0.881,-0,-1,137.24,136.15,134.3,24.97,Cornering,"Hoosier 43075 16x7.5-10 R20, 7 inch rim",4341
78.49,352.3,-7.95,-89.06,-142.9,0.012,0.87,7.36,0.09,0.0556,0.6232,12.06,44391.9,7.76,92.58,0.844,-0,-0.9998,137.24,136.17,134.42,24.98,Cornering,"Hoosier 43075 16x7.5-10 R20, 7 inch rim",4342
78.52,352.31,-9.07,-86.25,-145.34,-0,0.55,7.13,0.03,0.0624,0.5935,12.08,160346.5,7.76,92.57,0.808,-0,-1,137.12,136.04,134.54,25.01,Cornering,"Hoosier 43075 16x7.5-10 R20, 7 inch rim",4343
78.51,352.32,-9.86,-83.67,-147.46,0.007,-0.91,6.3,-0.04,0.0669,0.5674,12.03,-99629.34,7.76,92.55,0.764,-0,-1.0001,137.03,135.77,134.6,25,Cornering,"Hoosier 43075 16x7.5-10 R20, 7 inch rim",4344
78.49,352.33,-9.51,-80.7,-149.82,-0.005,-0.55,5.32,0.09,0.0635,0.5386,11.97,44372.09,7.76,92.51,0.732,-0,-0.9998,136.94,135.62,134.68,24.97,Cornering,"Hoosier 43075 16x7.5-10 R20, 7 inch rim",4345
78.51,352.34,-8.61,-77.79,-150.05,0.006,-1.8,4.34,0.16,0.0574,0.5184,11.88,25736.64,7.76,92.5,0.692,-0,-0.9997,136.82,135.47,134.68,24.96,Cornering,"Hoosier 43075 16x7.5-10 R20, 7 inch rim",4346
78.53,352.35,-7.19,-73.73,-148.95,0.004,-1.35,3.52,0.03,0.0483,0.495,11.86,160015.55,7.76,92.49,0.652,-0,-1,136.73,135.38,134.6,24.96,Cornering,"Hoosier 43075 16x7.5-10 R20, 7 inch rim",4347
78.5,352.36,-5.74,-69.2,-146.07,0.001,-1.16,2.92,0.09,0.0393,0.4738,11.89,44341.85,7.76,92.48,0.613,-0,-0.9998,136.66,135.29,134.54,24.96,Cornering,"Hoosier 43075 16x7.5-10 R20, 7 inch rim",4348
78.5,352.37,-5.14,-64.2,-143.09,0.001,-0.18,2.16,0.03,0.0359,0.4487,11.96,160054.03,7.76,92.46,0.573,-0,-1,136.62,135.22,134.52,24.96,Cornering,"Hoosier 43075 16x7.5-10 R20, 7 inch rim",4349
78.53,352.38,-5.27,-59.36,-140.51,-0.002,0.57,1.76,-0.04,0.0375,0.4225,12.05,-99516.47,7.76,92.43,0.537,-0,-1.0001,136.51,135.27,134.48,24.97,Cornering,"Hoosier 43075 16x7.5-10 R20, 7 inch rim",4350
78.53,352.39,-5.93,-54.85,-139.67,-0.003,1.82,1.99,0.09,0.0424,0.3927,12.08,44352.62,7.76,92.38,0.49,-0,-0.9998,136.51,135.36,134.46,24.96,Cornering,"Hoosier 43075 16x7.5-10 R20, 7 inch rim",4351
78.5,352.4,-7.04,-51.02,-138.87,0.013,0.5,2.72,-0.04,0.0507,0.3674,12.06,-99447.76,7.76,92.31,0.45,-0,-1.0001,136.54,135.42,134.54,24.95,Cornering,"Hoosier 43075 16x7.5-10 R20, 7 inch rim",4352
78.52,352.41,-8.42,-47.28,-140.1,0.003,0.43,2.97,0.09,0.0601,0.3375,12,44332.19,7.76,92.26,0.424,-0,-0.9998,136.49,135.49,134.66,24.95,Cornering,"Hoosier 43075 16x7.5-10 R20, 7 inch rim",4353
78.54,352.42,-9.4,-44.36,-142.02,0.003,-0.86,3.23,0.03,0.0662,0.3124,11.95,160018.86,7.76,92.28,0.377,-0,-1,136.43,135.44,134.76,24.96,Cornering,"Hoosier 43075 16x7.5-10 R20, 7 inch rim",4354
78.52,352.43,-9.65,-40.8,-143.88,-0.003,-1.98,3.08,0.09,0.067,0.2836,11.92,44363.21,7.76,92.28,0.348,-0,-0.9998,136.3,135.2,134.84,24.97,Cornering,"Hoosier 43075 16x7.5-10 R20, 7 inch rim",4355
78.51,352.44,-9.38,-37.48,-145.95,0.019,-3.37,2.73,0.03,0.0643,0.2568,11.97,160167.8,7.75,92.28,0.298,-0,-1,136.21,135,134.92,24.98,Cornering,"Hoosier 43075 16x7.5-10 R20, 7 inch rim",4356
78.54,352.45,-8.41,-33.1,-146.58,0.006,-3.32,1.97,0.03,0.0574,0.2258,12.06,160167.83,7.76,92.26,0.271,-0,-1,136.13,134.89,134.88,24.98,Cornering,"Hoosier 43075 16x7.5-10 R20, 7 inch rim",4357
78.54,352.46,-6.82,-28.45,-145.52,0.01,-3.27,1.51,0.03,0.0469,0.1955,12.17,160130.62,7.76,92.25,0.232,-0,-1,136.06,134.83,134.78,24.97,Cornering,"Hoosier 43075 16x7.5-10 R20, 7 inch rim",4358
78.52,352.47,-5.71,-23.28,-143.75,0.004,-2.18,0.4,-0.04,0.0397,0.162,12.21,-99609.88,7.76,92.27,0.18,-0,-1.0001,136.09,134.74,134.74,24.99,Cornering,"Hoosier 43075 16x7.5-10 R20, 7 inch rim",4359
78.53,352.48,-5.17,-18.14,-140.51,0.006,-1.57,-0.79,0.03,0.0368,0.1291,12.17,160278.94,7.76,92.31,0.142,-0,-1,136.09,134.7,134.68,25,Cornering,"Hoosier 43075 16x7.5-10 R20, 7 inch rim",4360
78.55,352.49,-5.23,-13.03,-138.02,0.019,-0.97,-1.64,0.03,0.0379,0.0944,12.11,160427.36,7.75,92.32,0.106,-0,-1,135.98,134.7,134.68,25.02,Cornering,"Hoosier 43075 16x7.5-10 R20, 7 inch rim",4361
78.54,352.5,-6.65,-8.32,-136.51,0.003,-0.78,-2.79,0.03,0.0487,0.061,12,160426.97,7.76,92.31,0.064,-0,-1,135.98,134.74,134.64,25.02,Cornering,"Hoosier 43075 16x7.5-10 R20, 7 inch rim",4362
78.51,352.51,-7.63,-3.87,-136.16,0.019,-0.93,-2.45,-0.04,0.0561,0.0284,11.96,-99678.37,7.76,92.31,0.019,-0,-1.0001,136.06,134.85,134.68,25.01,Cornering,"Hoosier 43075 16x7.5-10 R20, 7 inch rim",4363
78.55,352.52,-8.96,0.01,-136.87,0.01,-1.89,-2.41,0.16,0.0654,-0.0001,11.99,25796.8,7.76,92.31,-0.02,-0,-0.9997,136.09,134.96,134.76,25.01,Cornering,"Hoosier 43075 16x7.5-10 R20, 7 inch rim",4364
78.56,352.53,-10.22,3.92,-139.04,-0.006,-2.37,-2.59,0.03,0.0735,-0.0282,12.06,160425.11,7.76,92.28,-0.077,-0,-1,136.04,134.96,134.82,25.02,Cornering,"Hoosier 43075 16x7.5-10 R20, 7 inch rim",4365
78.53,352.54,-10.85,8.05,-140.9,0.004,-3.84,-2.77,0.09,0.077,-0.0571,12.11,44475.59,7.76,92.28,-0.108,-0,-0.9998,135.98,134.85,134.84,25.03,Cornering,"Hoosier 43075 16x7.5-10 R20, 7 inch rim",4366
78.54,352.55,-10.48,12.84,-143.36,0.004,-3.81,-2.98,0.03,0.0731,-0.0896,12.13,160572.12,7.76,92.25,-0.163,-0,-1,135.94,134.7,134.84,25.04,Cornering,"Hoosier 43075 16x7.5-10 R20, 7 inch rim",4367
78.57,352.56,-9.19,17.96,-144.94,0.001,-3.79,-3.24,0.03,0.0634,-0.1239,12.1,160608.16,7.76,92.25,-0.214,-0,-1,135.87,134.48,134.84,25.05,Cornering,"Hoosier 43075 16x7.5-10 R20, 7 inch rim",4368
78.55,352.57,-7.54,23.07,-145.55,0.006,-2.96,-3.58,0.03,0.0518,-0.1585,12.01,160495.58,7.76,92.24,-0.259,-0,-1,135.83,134.43,134.82,25.03,Cornering,"Hoosier 43075 16x7.5-10 R20, 7 inch rim",4369
78.53,352.58,-5.91,28.35,-144.16,0.01,-2.6,-4.14,-0.04,0.041,-0.1967,11.93,-99743.68,7.75,92.23,-0.303,-0,-1.0001,135.79,134.41,134.76,25.03,Cornering,"Hoosier 43075 16x7.5-10 R20, 7 inch rim",4370
78.55,352.59,-4.54,33.19,-141.93,0.007,-2.38,-4.55,0.09,0.032,-0.2339,11.88,44432.79,7.75,92.23,-0.349,-0,-0.9998,135.74,134.41,134.76,25.01,Cornering,"Hoosier 43075 16x7.5-10 R20, 7 inch rim",4371
78.57,352.6,-4.2,38.33,-139.2,0.006,-2.32,-5.18,0.09,0.0302,-0.2754,11.9,44401.63,7.75,92.24,-0.379,-0,-0.9998,135.7,134.41,134.7,24.99,Cornering,"Hoosier 43075 16x7.5-10 R20, 7 inch rim",4372
78.54,352.61,-4.35,43,-137.6,0.006,-2.6,-5.26,0.03,0.0316,-0.3125,11.95,160193.61,7.75,92.28,-0.416,-0,-1,135.72,134.45,134.7,24.98,Cornering,"Hoosier 43075 16x7.5-10 R20, 7 inch rim",4373
78.54,352.62,-5.24,47.94,-136.68,0.012,-3.16,-4.96,0.09,0.0383,-0.3508,12.03,44400.95,7.75,92.3,-0.453,-0,-0.9998,135.68,134.54,134.68,24.99,Cornering,"Hoosier 43075 16x7.5-10 R20, 7 inch rim",4374
78.58,352.63,-5.86,52.57,-136.82,0.014,-4.38,-4,0.03,0.0429,-0.3842,12.02,160153.36,7.75,92.34,-0.503,-0,-1,135.74,134.61,134.68,24.98,Cornering,"Hoosier 43075 16x7.5-10 R20, 7 inch rim",4375
78.57,352.64,-7.1,57.22,-138.53,0.009,-4.71,-3.93,0.03,0.0513,-0.4131,11.99,160115.05,7.75,92.39,-0.534,-0,-1,135.72,134.63,134.78,24.97,Cornering,"Hoosier 43075 16x7.5-10 R20, 7 inch rim",4376
78.54,352.65,-7.59,61.86,-140.71,0.007,-5.38,-3.7,-0.04,0.054,-0.4396,11.91,-99507.05,7.75,92.4,-0.566,-0,-1.0001,135.64,134.48,134.82,24.97,Cornering,"Hoosier 43075 16x7.5-10 R20, 7 inch rim",4377
78.55,352.66,-8.13,66.99,-143.12,-0.002,-5.6,-4.57,0.03,0.0568,-0.468,11.86,159963.83,7.75,92.41,-0.597,-0,-1,135.51,134.37,134.78,24.95,Cornering,"Hoosier 43075 16x7.5-10 R20, 7 inch rim",4378
78.58,352.67,-8.1,71.58,-145.55,0.013,-5.7,-6.06,0.03,0.0557,-0.4918,11.86,159888.48,7.75,92.41,-0.621,-0,-1,135.42,134.23,134.74,24.94,Cornering,"Hoosier 43075 16x7.5-10 R20, 7 inch rim",4379
78.55,352.68,-7.04,76.56,-146.95,0.007,-4.98,-7.1,0.03,0.0479,-0.521,11.94,159961.41,7.75,92.4,-0.652,-0,-1,135.33,134.1,134.66,24.95,Cornering,"Hoosier 43075 16x7.5-10 R20, 7 inch rim",4380
78.54,352.69,-6.14,80.93,-146.44,0.003,-4.99,-8.78,0.16,0.0419,-0.5526,12.02,25721.78,7.75,92.38,-0.694,-0,-0.9997,135.21,134.1,134.56,24.94,Cornering,"Hoosier 43075 16x7.5-10 R20, 7 inch rim",4381
78.57,352.7,-5.09,85.27,-144.82,0.012,-4.62,-9.95,0.03,0.0352,-0.5888,12.11,159995.38,7.75,92.39,-0.721,-0,-1,135.23,134.12,134.46,24.96,Cornering,"Hoosier 43075 16x7.5-10 R20, 7 inch rim",4382
78.57,352.71,-5.1,89.48,-142.35,0.009,-4.81,-11.59,0.09,0.0359,-0.6286,12.15,44335.54,7.75,92.38,-0.76,-0,-0.9998,135.21,134.04,134.4,24.96,Cornering,"Hoosier 43075 16x7.5-10 R20, 7 inch rim",4383
78.54,352.72,-6.04,93.67,-140.32,0.013,-5.38,-13.18,-0.04,0.043,-0.6675,12.11,-99500.43,7.75,92.34,-0.797,-0,-1.0001,135.16,134.1,134.3,24.97,Cornering,"Hoosier 43075 16x7.5-10 R20, 7 inch rim",4384
78.55,352.73,-7.58,97.55,-139.09,0.012,-6.39,-14.18,0.09,0.0545,-0.7014,12.07,44365.36,7.75,92.31,-0.834,-0,-0.9998,135.16,134.19,134.24,24.97,Cornering,"Hoosier 43075 16x7.5-10 R20, 7 inch rim",4385
78.58,352.74,-9.03,101.73,-138.99,0.01,-6.95,-14.33,0.03,0.0649,-0.732,12,160062.3,7.75,92.32,-0.864,-0,-1,135.18,134.32,134.26,24.97,Cornering,"Hoosier 43075 16x7.5-10 R20, 7 inch rim",4386
78.55,352.75,-10.75,106.08,-140.5,0.007,-6.78,-14.87,-0.04,0.0765,-0.755,11.99,-99473.59,7.75,92.28,-0.907,-0,-1.0001,135.21,134.43,134.34,24.96,Cornering,"Hoosier 43075 16x7.5-10 R20, 7 inch rim",4387
78.54,352.76,-11.3,110.69,-142.63,0.014,-6.54,-14.4,0.03,0.0793,-0.7761,12.04,159983.16,7.75,92.29,-0.949,-0,-1,135.18,134.34,134.28,24.96,Cornering,"Hoosier 43075 16x7.5-10 R20, 7 inch rim",4388
78.57,352.77,-11.95,114.72,-145.07,0.009,-7.12,-15.16,0.09,0.0824,-0.7908,12.11,44332.04,7.75,92.31,-0.987,-0,-0.9998,135.03,134.26,134.3,24.96,Cornering,"Hoosier 43075 16x7.5-10 R20, 7 inch rim",4389
78.57,352.78,-11.69,119.21,-147.35,0.006,-7.41,-15.94,0.16,0.0793,-0.809,12.2,25724.62,7.74,92.31,-1.046,-0,-0.9997,134.84,134.12,134.24,24.95,Cornering,"Hoosier 43075 16x7.5-10 R20, 7 inch rim",4390
78.54,352.79,-10.69,123.09,-149.24,0.003,-7.33,-16.76,0.03,0.0716,-0.8248,12.22,160048.77,7.75,92.31,-1.088,-0,-1,134.84,133.99,134.16,24.97,Cornering,"Hoosier 43075 16x7.5-10 R20, 7 inch rim",4391
78.54,352.8,-9.21,126.54,-149.23,-0.01,-7.75,-17.52,0.09,0.0617,-0.8479,12.2,44370.52,7.75,92.34,-1.138,-0,-0.9998,134.78,133.95,134.09,24.98,Cornering,"Hoosier 43075 16x7.5-10 R20, 7 inch rim",4392
78.57,352.81,-7.41,130.07,-148.07,0.007,-7.81,-17.54,0.03,0.0501,-0.8784,12.11,160078.95,7.74,92.35,-1.189,-0,-1,134.78,133.97,134.01,24.97,Cornering,"Hoosier 43075 16x7.5-10 R20, 7 inch rim",4393
78.55,352.82,-6.28,133.83,-146.01,-0,-7.64,-17.8,0.09,0.043,-0.9166,12,44337.75,7.74,92.35,-1.234,-0,-0.9998,134.67,133.95,133.97,24.96,Cornering,"Hoosier 43075 16x7.5-10 R20, 7 inch rim",4394
78.53,352.83,-5.14,137.71,-143.15,0.004,-8.37,-16.86,-0.04,0.0359,-0.962,11.99,-99412.32,7.75,92.32,-1.274,-0,-1.0001,134.63,133.95,134.01,24.95,Cornering,"Hoosier 43075 16x7.5-10 R20, 7 inch rim",4395
78.55,352.84,-4.88,142.67,-141.87,0.01,-7.41,-15.47,0.09,0.0344,-1.0056,12,44284.36,7.74,92.34,-1.325,-0,-0.9998,134.52,134.12,134.01,24.93,Cornering,"Hoosier 43075 16x7.5-10 R20, 7 inch rim",4396
78.56,352.85,-5.31,147.5,-140.92,0.006,-7.08,-14.15,-0.04,0.0377,-1.0467,12.07,-99338.92,7.74,92.35,-1.36,-0,-1.0001,134.56,134.23,134.07,24.93,Cornering,"Hoosier 43075 16x7.5-10 R20, 7 inch rim",4397
78.53,352.86,-5.79,151.81,-141.11,0.012,-7.3,-12.4,0.03,0.041,-1.0758,12.12,159801.95,7.74,92.36,-1.411,-0,-1,134.56,134.26,134.16,24.93,Cornering,"Hoosier 43075 16x7.5-10 R20, 7 inch rim",4398
78.53,352.87,-6.59,156.03,-142.93,-0.003,-6.68,-11.53,0.09,0.0461,-1.0917,12.11,44322.76,7.74,92.35,-1.45,-0,-0.9998,134.54,134.28,134.18,24.96,Cornering,"Hoosier 43075 16x7.5-10 R20, 7 inch rim",4399
78.56,352.88,-6.05,159.75,-144.73,-0.007,-7.4,-10.14,0.03,0.0418,-1.1037,12.05,159942.59,7.75,92.36,-1.506,-0,-1,134.41,134.21,134.24,24.96,Cornering,"Hoosier 43075 16x7.5-10 R20, 7 inch rim",4400
78.54,352.89,-5.39,162.94,-147.47,0.007,-7.9,-9.91,0.09,0.0365,-1.1049,11.97,44341.3,7.74,92.35,-1.536,-0,-0.9998,134.28,134.04,134.13,24.97,Cornering,"Hoosier 43075 16x7.5-10 R20, 7 inch rim",4401
78.51,352.9,-3.9,166.35,-148.75,0.003,-8.97,-9.8,0.03,0.0262,-1.1183,11.92,160046.95,7.74,92.36,-1.586,-0,-1,134.24,133.88,134.07,24.97,Cornering,"Hoosier 43075 16x7.5-10 R20, 7 inch rim",4402
78.55,352.91,-2.41,168.97,-149.41,0.006,-9.95,-10.48,0.03,0.0161,-1.1309,11.91,160044.88,7.74,92.38,-1.609,-0,-1,134.13,133.86,134.03,24.97,Cornering,"Hoosier 43075 16x7.5-10 R20, 7 inch rim",4403
78.56,352.92,-0.91,171.58,-148.92,0.019,-9.58,-11.1,-0.04,0.0061,-1.1522,11.97,-99577.24,7.74,92.39,-1.652,-0,-1.0001,134.09,133.88,133.95,25,Cornering,"Hoosier 43075 16x7.5-10 R20, 7 inch rim",4404
78.52,352.93,-0.27,174.43,-146.54,0.004,-9.54,-12.53,0.03,0.0019,-1.1904,12.08,160297.25,7.74,92.4,-1.69,-0,-1,134.09,133.86,133.89,25.01,Cornering,"Hoosier 43075 16x7.5-10 R20, 7 inch rim",4405
78.52,352.94,-0.9,177.71,-143.82,0.007,-8.91,-14.04,-0.04,0.0063,-1.2356,12.16,-99642,7.74,92.42,-1.728,-0,-1.0001,133.98,133.82,133.81,25.01,Cornering,"Hoosier 43075 16x7.5-10 R20, 7 inch rim",4406
78.55,352.95,-2.08,181.01,-141.69,-0,-8.11,-15.17,-0.04,0.0147,-1.2776,12.19,-99617.7,7.74,92.46,-1.748,-0,-1.0001,133.96,133.95,133.79,25.01,Cornering,"Hoosier 43075 16x7.5-10 R20, 7 inch rim",4407
78.54,352.96,-3.87,184.4,-140.87,0.01,-7.42,-15.95,-0.04,0.0275,-1.3091,12.16,-99637.68,7.74,92.47,-1.798,-0,-1.0001,133.88,134.12,133.77,25.01,Cornering,"Hoosier 43075 16x7.5-10 R20, 7 inch rim",4408
78.51,352.97,-5.86,187.5,-141.2,0.012,-6.82,-16.5,0.03,0.0415,-1.3279,12.1,160247.81,7.74,92.48,-1.815,-0,-1,133.92,134.32,133.81,25.01,Cornering,"Hoosier 43075 16x7.5-10 R20, 7 inch rim",4409
78.53,352.98,-8.3,189.84,-142.28,0.004,-7.42,-17.81,-0.04,0.0583,-1.3342,12.01,-99656.57,7.74,92.52,-1.864,-0,-1.0001,133.94,134.37,133.85,25.02,Cornering,"Hoosier 43075 16x7.5-10 R20, 7 inch rim",4410
78.56,352.99,-9.78,191.99,-143.83,0.003,-8.64,-18.69,0.03,0.068,-1.3348,12,160314.09,7.74,92.56,-1.892,-0,-1,133.85,134.3,133.83,25.02,Cornering,"Hoosier 43075 16x7.5-10 R20, 7 inch rim",4411
78.52,353,-10.24,194.11,-146.1,0.012,-9.71,-19.54,-0.04,0.0701,-1.3287,12.06,-99629.63,7.74,92.58,-1.922,-0,-1.0001,133.83,134.17,133.77,25.01,Cornering,"Hoosier 43075 16x7.5-10 R20, 7 inch rim",4412
78.51,353.01,-9.63,195.96,-148.4,0.012,-10.16,-20.3,0.03,0.0649,-1.3205,12.13,160268.5,7.74,92.58,-1.971,-0,-1,133.77,134.06,133.63,25.01,Cornering,"Hoosier 43075 16x7.5-10 R20, 7 inch rim",4413
78.54,353.02,-8.73,198.16,-149.27,-0.002,-10.44,-21.37,-0.04,0.0585,-1.3276,12.21,-99623.62,7.74,92.56,-2.011,-0,-1.0001,133.7,133.99,133.55,25.01,Cornering,"Hoosier 43075 16x7.5-10 R20, 7 inch rim",4414
78.54,353.03,-7.53,200.03,-148.41,-0,-10.67,-22.3,0.03,0.0507,-1.3478,12.21,160259.89,7.74,92.56,-2.048,-0,-1,133.62,133.95,133.49,25.01,Cornering,"Hoosier 43075 16x7.5-10 R20, 7 inch rim",4415
78.5,353.04,-6,202.18,-146.82,0.013,-10.29,-22.38,-0.04,0.0409,-1.377,12.15,-99618.18,7.74,92.56,-2.089,-0,-1.0001,133.6,133.95,133.41,25.01,Cornering,"Hoosier 43075 16x7.5-10 R20, 7 inch rim",4416
78.52,353.05,-4.89,204.55,-144.32,0.006,-9.57,-22.19,0.09,0.0339,-1.4173,12.06,44406.54,7.74,92.56,-2.137,-0,-0.9998,133.55,133.93,133.35,25.01,Cornering,"Hoosier 43075 16x7.5-10 R20, 7 inch rim",4417
78.54,353.06,-4.82,207.35,-141.93,0.012,-9.29,-21.86,-0.04,0.034,-1.4609,11.97,-99542.78,7.74,92.57,-2.173,-0,-1.0001,133.49,133.95,133.31,25,Cornering,"Hoosier 43075 16x7.5-10 R20, 7 inch rim",4418
78.51,353.07,-5.56,210.34,-140.52,0.001,-8.6,-21.34,0.03,0.0396,-1.4968,11.95,160017.31,7.74,92.55,-2.217,-0,-1,133.47,134.15,133.35,24.98,Cornering,"Hoosier 43075 16x7.5-10 R20, 7 inch rim",4419
78.5,353.08,-6.63,212.95,-140,0.007,-9.11,-20.42,-0.04,0.0473,-1.5211,11.97,-99420.47,7.74,92.51,-2.265,-0,-1.0001,133.49,134.26,133.35,24.97,Cornering,"Hoosier 43075 16x7.5-10 R20, 7 inch rim",4420
78.53,353.09,-7.14,215.41,-140.7,0.01,-9.08,-18.76,0.16,0.0507,-1.531,12.03,25711.58,7.74,92.49,-2.298,-0,-0.9997,133.53,134.34,133.35,24.96,Cornering,"Hoosier 43075 16x7.5-10 R20, 7 inch rim",4421
78.53,353.1,-7.85,217.29,-142.95,-0.002,-9.2,-18.05,0.03,0.0549,-1.52,12.11,159776.88,7.74,92.47,-2.359,-0,-1,133.47,134.37,133.35,24.94,Cornering,"Hoosier 43075 16x7.5-10 R20, 7 inch rim",4422
78.5,353.11,-7.48,219.69,-144.62,0.017,-10.34,-16.89,0.03,0.0517,-1.5191,12.13,159735.16,7.74,92.45,-2.395,-0,-1,133.34,134.3,133.29,24.94,Cornering,"Hoosier 43075 16x7.5-10 R20, 7 inch rim",4423
78.51,353.12,-6.4,221.59,-146.55,-0.002,-11.21,-16.17,-0.04,0.0436,-1.512,12.08,-99291.57,7.74,92.46,-2.435,-0,-1.0001,133.25,134.23,133.21,24.94,Cornering,"Hoosier 43075 16x7.5-10 R20, 7 inch rim",4424
78.54,353.13,-4.83,224.05,-148.1,0.003,-11.33,-15.88,0.09,0.0326,-1.5128,12,44271.21,7.74,92.45,-2.478,-0,-0.9998,133.23,134.15,133.14,24.94,Cornering,"Hoosier 43075 16x7.5-10 R20, 7 inch rim",4425
78.52,353.14,-3.03,226.21,-147.97,0.009,-11.2,-15.62,0.09,0.0205,-1.5287,11.92,44269.88,7.74,92.44,-2.514,-0,-0.9998,133.15,134.12,133.02,24.94,Cornering,"Hoosier 43075 16x7.5-10 R20, 7 inch rim",4426
78.5,353.15,-1.69,228.57,-145.99,0.003,-11.03,-15.81,0.16,0.0116,-1.5656,11.89,25693.97,7.74,92.41,-2.565,-0,-0.9997,133.12,134.1,132.98,24.94,Cornering,"Hoosier 43075 16x7.5-10 R20, 7 inch rim",4427
78.53,353.16,-0.38,230.76,-143.9,0.004,-9.91,-15.55,0.09,0.0027,-1.6037,11.95,44277.06,7.74,92.41,-2.595,-0,-0.9998,133.1,134.08,132.96,24.95,Cornering,"Hoosier 43075 16x7.5-10 R20, 7 inch rim",4428
78.54,353.17,-0.12,233.57,-141.22,0.007,-9.11,-15.5,0.03,0.0009,-1.654,12.04,159925.28,7.74,92.38,-2.635,-0,-1,133.15,134.08,132.94,24.97,Cornering,"Hoosier 43075 16x7.5-10 R20, 7 inch rim",4429
78.5,353.18,-0.87,235.78,-139.81,-0,-8.34,-15.49,0.03,0.0062,-1.6865,12.13,160142.88,7.74,92.36,-2.671,-0,-1,133.19,134.19,132.96,25.01,Cornering,"Hoosier 43075 16x7.5-10 R20, 7 inch rim",4430
78.5,353.19,-2.38,237.92,-138.78,0.012,-8.93,-15.57,0.03,0.0171,-1.7144,12.17,160358.52,7.74,92.36,-2.72,-0,-1,133.15,134.26,133,25.04,Cornering,"Hoosier 43075 16x7.5-10 R20, 7 inch rim",4431
78.53,353.2,-4.18,239.92,-139.73,0.013,-8.72,-15.75,0.16,0.0299,-1.717,12.17,25785.35,7.74,92.38,-2.746,-0,-0.9997,133.27,134.41,133.06,25.04,Cornering,"Hoosier 43075 16x7.5-10 R20, 7 inch rim",4432
78.51,353.21,-5.59,241.32,-140.9,0.006,-9.72,-15.89,0.03,0.0397,-1.7127,12.08,160236.83,7.74,92.39,-2.79,-0,-1,133.27,134.43,133.1,25.03,Cornering,"Hoosier 43075 16x7.5-10 R20, 7 inch rim",4433
78.5,353.22,-6.09,242.7,-142.65,0.004,-10.79,-16.04,0.09,0.0427,-1.7014,12.02,44360.53,7.74,92.38,-2.822,-0,-0.9998,133.21,134.37,133.04,25,Cornering,"Hoosier 43075 16x7.5-10 R20, 7 inch rim",4434
78.52,353.23,-6.95,244.54,-144.86,0.003,-11.77,-17.53,-0.04,0.048,-1.6881,12,-99438.75,7.74,92.37,-2.859,-0,-1.0001,133.17,134.28,133.02,24.98,Cornering,"Hoosier 43075 16x7.5-10 R20, 7 inch rim",4435
78.53,353.24,-6.59,246.53,-146.77,0.007,-12.13,-18.75,-0.11,0.0449,-1.6797,12.03,-37902.34,7.74,92.38,-2.9,-0,-1.0002,133.15,134.23,132.9,24.97,Cornering,"Hoosier 43075 16x7.5-10 R20, 7 inch rim",4436
78.5,353.25,-5.92,248.54,-147.07,0.014,-11.49,-20.19,0.03,0.0402,-1.6899,12.1,159880.75,7.73,92.35,-2.935,-0,-1,133.1,134.19,132.82,24.97,Cornering,"Hoosier 43075 16x7.5-10 R20, 7 inch rim",4437
78.49,353.26,-5.18,250.92,-146.55,0.004,-9.9,-21.57,0.03,0.0354,-1.7122,12.17,160135.78,7.73,92.3,-2.965,-0,-1,133.1,134.19,132.72,25.01,Cornering,"Hoosier 43075 16x7.5-10 R20, 7 inch rim",4438
78.53,353.27,-3.98,252.51,-143.66,-0.003,-9.87,-21.89,-0.04,0.0277,-1.7578,12.16,-99561.98,7.74,92.27,-3.015,-0,-1.0001,133.06,134.26,132.68,25.02,Cornering,"Hoosier 43075 16x7.5-10 R20, 7 inch rim",4439
78.51,353.28,-3.7,253.75,-141.31,0.004,-9.62,-22.12,0.09,0.0262,-1.7957,12.13,44381.13,7.73,92.23,-3.058,-0,-0.9998,132.97,134.28,132.66,25.02,Cornering,"Hoosier 43075 16x7.5-10 R20, 7 inch rim",4440
78.49,353.29,-3.69,255.31,-139.16,0.007,-9.86,-21.59,0.03,0.0265,-1.8346,12.04,160003.02,7.73,92.17,-3.098,-0,-1,132.95,134.34,132.72,25,Cornering,"Hoosier 43075 16x7.5-10 R20, 7 inch rim",4441
78.5,353.3,-4.7,256.72,-138.1,0.001,-10.58,-21.1,0.09,0.034,-1.859,11.97,44315.73,7.73,92.17,-3.139,-0,-0.9998,132.93,134.5,132.76,24.98,Cornering,"Hoosier 43075 16x7.5-10 R20, 7 inch rim",4442
78.53,353.31,-5.79,258.4,-138.14,0.006,-11.06,-20.07,0.23,0.0419,-1.8705,11.94,18101.56,7.73,92.17,-3.185,-0,-0.9996,132.95,134.61,132.82,24.96,Cornering,"Hoosier 43075 16x7.5-10 R20, 7 inch rim",4443
78.5,353.32,-6.55,260.42,-139.45,0.001,-11.36,-18.91,0.03,0.0469,-1.8675,11.97,159722.77,7.73,92.17,-3.221,-0,-1,133,134.72,132.86,24.96,Cornering,"Hoosier 43075 16x7.5-10 R20, 7 inch rim",4444
78.5,353.33,-7.41,262.4,-141.61,0.006,-11.39,-18.59,0.09,0.0523,-1.853,12.03,44237.86,7.73,92.17,-3.266,-0,-0.9998,133.02,134.7,132.86,24.94,Cornering,"Hoosier 43075 16x7.5-10 R20, 7 inch rim",4445
78.52,353.34,-6.99,264.4,-144.05,0.006,-11.56,-17.92,-0.04,0.0485,-1.8355,12.09,-99209.23,7.73,92.14,-3.303,-0,-1.0001,133.02,134.65,132.86,24.94,Cornering,"Hoosier 43075 16x7.5-10 R20, 7 inch rim",4446
78.51,353.35,-6.57,266.86,-145.81,0.01,-11.76,-18.39,-0.04,0.0451,-1.8301,12.08,-99181.04,7.73,92.12,-3.35,-0,-1.0001,132.95,134.54,132.78,24.93,Cornering,"Hoosier 43075 16x7.5-10 R20, 7 inch rim",4447
78.48,353.36,-4.77,268.75,-146.19,-0.002,-11.97,-18.21,0.09,0.0326,-1.8383,12.04,44201.2,7.73,92.1,-3.386,-0,-0.9998,132.95,134.54,132.74,24.93,Cornering,"Hoosier 43075 16x7.5-10 R20, 7 inch rim",4448
78.5,353.37,-2.71,270.31,-145.38,-0.002,-11.88,-17.8,-0.04,0.0187,-1.8593,11.95,-99241.48,7.73,92.05,-3.429,-0,-1.0001,132.93,134.52,132.7,24.95,Cornering,"Hoosier 43075 16x7.5-10 R20, 7 inch rim",4449
78.52,353.38,-1.42,271.25,-144.36,0.001,-10.73,-18.05,0.03,0.0098,-1.879,11.89,159679.95,7.73,92.03,-3.465,-0,-1,132.97,134.56,132.68,24.96,Cornering,"Hoosier 43075 16x7.5-10 R20, 7 inch rim",4450
78.51,353.39,-0.82,271.87,-141.96,0.007,-10.84,-18.01,-0.04,0.0058,-1.9151,11.92,-99255.47,7.73,92.07,-3.509,-0,-1.0001,132.91,134.59,132.68,24.96,Cornering,"Hoosier 43075 16x7.5-10 R20, 7 inch rim",4451
78.49,353.4,-0.93,273,-140.09,-0.003,-10.64,-17.76,0.03,0.0066,-1.9487,11.97,159590.53,7.73,92.08,-3.548,-0,-1,132.85,134.63,132.64,24.94,Cornering,"Hoosier 43075 16x7.5-10 R20, 7 inch rim",4452
78.52,353.41,-1.93,274.68,-138.35,0.01,-11.22,-17.5,0.03,0.0139,-1.9854,12.06,159584.11,7.73,92.11,-3.582,-0,-1,132.85,134.72,132.7,24.94,Cornering,"Hoosier 43075 16x7.5-10 R20, 7 inch rim",4453
78.51,353.42,-3.26,276.39,-138.18,0.007,-11.39,-16.97,0.03,0.0236,-2.0002,12.14,159724.62,7.73,92.11,-3.623,-0,-1,132.85,134.94,132.82,24.97,Cornering,"Hoosier 43075 16x7.5-10 R20, 7 inch rim",4454
78.48,353.43,-4.81,278.26,-139.49,0.001,-10.98,-16.71,-0.11,0.0345,-1.9948,12.15,-37914.67,7.73,92.16,-3.671,-0,-1.0002,132.91,135.03,132.88,25,Cornering,"Hoosier 43075 16x7.5-10 R20, 7 inch rim",4455
78.49,353.44,-5.86,279.92,-140.88,0.009,-11.45,-16.4,0.03,0.0416,-1.9869,12.11,159894.36,7.73,92.19,-3.705,-0,-1,132.93,135,132.92,25,Cornering,"Hoosier 43075 16x7.5-10 R20, 7 inch rim",4456
78.52,353.45,-6.64,281.95,-143.04,-0,-11.78,-16.96,-0.04,0.0464,-1.971,12.06,-99388.95,7.73,92.21,-3.745,-0,-1.0001,132.93,134.89,132.86,25,Cornering,"Hoosier 43075 16x7.5-10 R20, 7 inch rim",4457
78.5,353.46,-6.57,284.07,-145.11,0.012,-12.2,-17.58,0.03,0.0453,-1.9575,12.02,159731.23,7.73,92.21,-3.781,-0,-1,132.85,134.83,132.8,24.97,Cornering,"Hoosier 43075 16x7.5-10 R20, 7 inch rim",4458
78.49,353.47,-5.85,285.64,-146.6,0.003,-12.48,-18.66,-0.04,0.0399,-1.9484,12.06,-99241.89,7.73,92.23,-3.817,-0,-1.0001,132.8,134.76,132.74,24.96,Cornering,"Hoosier 43075 16x7.5-10 R20, 7 inch rim",4459
78.51,353.48,-4.68,286.88,-146.39,0.003,-12.74,-19.49,0.03,0.032,-1.9598,12.11,159603.47,7.73,92.27,-3.864,-0,-1,132.76,134.76,132.72,24.96,Cornering,"Hoosier 43075 16x7.5-10 R20, 7 inch rim",4460
78.52,353.49,-3.37,287.22,-145.59,-0,-12.14,-20.07,0.03,0.0231,-1.9728,12.19,159595.36,7.72,92.25,-3.904,-0,-1,132.78,134.78,132.66,24.96,Cornering,"Hoosier 43075 16x7.5-10 R20, 7 inch rim",4461
78.5,353.5,-2.57,287.82,-143.4,0.013,-11.68,-20.27,-0.04,0.0179,-2.0072,12.22,-99273.06,7.72,92.23,-3.936,-0,-1.0001,132.7,134.85,132.7,24.97,Cornering,"Hoosier 43075 16x7.5-10 R20, 7 inch rim",4462
78.49,353.51,-2.11,288.44,-141.22,0.016,-11.86,-19.84,0.09,0.0149,-2.0425,12.2,44282.95,7.72,92.21,-3.973,-0,-0.9998,132.7,134.83,132.7,24.99,Cornering,"Hoosier 43075 16x7.5-10 R20, 7 inch rim",4463
78.52,353.52,-2.76,290.19,-139.74,0.007,-11.22,-19.5,0.09,0.0198,-2.0766,12.11,44290.41,7.72,92.17,-4.022,-0,-0.9998,132.67,134.92,132.78,25,Cornering,"Hoosier 43075 16x7.5-10 R20, 7 inch rim",4464
78.5,353.53,-3.65,291.76,-138.66,-0,-11.56,-18.78,0.03,0.0263,-2.1041,12.05,159784.52,7.72,92.15,-4.064,-0,-1,132.78,135.05,132.88,24.99,Cornering,"Hoosier 43075 16x7.5-10 R20, 7 inch rim",4465
78.48,353.54,-5.11,293.6,-139.37,0.006,-11.5,-18.14,-0.04,0.0367,-2.1066,12.01,-99251.31,7.72,92.16,-4.103,-0,-1.0001,132.85,135.16,132.94,24.97,Cornering,"Hoosier 43075 16x7.5-10 R20, 7 inch rim",4466
78.5,353.55,-5.95,295.33,-140.02,-0.006,-12.33,-17.34,-0.04,0.0425,-2.1092,12.02,-99223.52,7.72,92.15,-4.139,-0,-1.0001,132.95,135.25,133,24.97,Cornering,"Hoosier 43075 16x7.5-10 R20, 7 inch rim",4467
78.51,353.56,-6.68,296.83,-142.42,0.004,-12.35,-17.06,0.03,0.0469,-2.0842,12.06,159460.78,7.72,92.13,-4.192,-0,-1,132.93,135.18,132.92,24.94,Cornering,"Hoosier 43075 16x7.5-10 R20, 7 inch rim",4468
78.49,353.57,-6.9,298.35,-145.11,0.009,-12.48,-17.44,-0.04,0.0475,-2.056,12.14,-99164.71,7.72,92.15,-4.233,-0,-1.0001,133.04,135.14,132.92,24.96,Cornering,"Hoosier 43075 16x7.5-10 R20, 7 inch rim",4469
78.48,353.58,-5.88,300.05,-146.84,0.004,-13.02,-17.61,0.03,0.0401,-2.0434,12.14,159519.55,7.72,92.18,-4.262,-0,-1,133.02,135.11,132.88,24.96,Cornering,"Hoosier 43075 16x7.5-10 R20, 7 inch rim",4470
78.51,353.59,-4.5,300.8,-147.44,0.013,-13.37,-17.84,0.03,0.0305,-2.0401,12.09,159475.2,7.72,92.22,-4.295,-0,-1,133.08,135.09,132.78,24.95,Cornering,"Hoosier 43075 16x7.5-10 R20, 7 inch rim",4471
78.51,353.6,-2.67,301.13,-147.06,0.009,-12.8,-17.9,0.03,0.0181,-2.0477,12.03,159463.69,7.72,92.24,-4.347,-0,-1,133.08,135.18,132.74,24.95,Cornering,"Hoosier 43075 16x7.5-10 R20, 7 inch rim",4472
78.48,353.61,-1.95,301,-145.1,0.007,-12.77,-18.48,-0.11,0.0134,-2.0744,11.95,-37791.43,7.72,92.27,-4.384,-0,-1.0002,133.06,135.22,132.8,24.94,Cornering,"Hoosier 43075 16x7.5-10 R20, 7 inch rim",4473
78.5,353.62,-1.47,301.81,-142.45,0.004,-12.21,-18.39,0.03,0.0104,-2.1187,11.9,159409.47,7.72,92.24,-4.422,-0,-1,132.97,135.25,132.8,24.94,Cornering,"Hoosier 43075 16x7.5-10 R20, 7 inch rim",4474
78.52,353.63,-1.86,302.74,-140.91,0.007,-11.55,-18.14,-0.11,0.0132,-2.1485,11.93,-37796.18,7.72,92.22,-4.458,-0,-1.0002,132.89,135.33,132.88,24.94,Cornering,"Hoosier 43075 16x7.5-10 R20, 7 inch rim",4475
78.49,353.64,-2.75,304.16,-139.84,0.001,-11.39,-17.41,-0.04,0.0196,-2.175,12.02,-99103.92,7.72,92.2,-4.503,-0,-1.0001,132.91,135.42,132.96,24.95,Cornering,"Hoosier 43075 16x7.5-10 R20, 7 inch rim",4476
78.48,353.65,-4.14,306,-139.65,0.009,-11.66,-16.95,-0.04,0.0296,-2.1911,12.09,-99121.34,7.72,92.18,-4.541,-0,-1.0001,133,135.58,133.06,24.96,Cornering,"Hoosier 43075 16x7.5-10 R20, 7 inch rim",4477
78.51,353.66,-5.57,307.54,-140.61,0.009,-11.91,-16.43,0.03,0.0396,-2.1872,12.14,159519.7,7.72,92.2,-4.586,-0,-1,133.1,135.71,133.16,24.97,Cornering,"Hoosier 43075 16x7.5-10 R20, 7 inch rim",4478
78.52,353.67,-6.51,308.93,-142.13,0.003,-12.74,-16.47,0.09,0.0458,-2.1736,12.14,44232.97,7.72,92.19,-4.617,-0,-0.9998,133.12,135.71,133.21,24.98,Cornering,"Hoosier 43075 16x7.5-10 R20, 7 inch rim",4479
78.48,353.68,-7.17,310.31,-144.46,0.001,-13.03,-16.75,-0.04,0.0496,-2.148,12.07,-99240.45,7.72,92.24,-4.67,-0,-1.0001,133.12,135.73,133.21,24.99,Cornering,"Hoosier 43075 16x7.5-10 R20, 7 inch rim",4480
78.5,353.69,-6.8,311.51,-146.28,0.01,-13.98,-17.31,-0.04,0.0465,-2.1295,12.03,-99212.49,7.72,92.28,-4.703,-0,-1.0001,133.12,135.64,133.1,24.98,Cornering,"Hoosier 43075 16x7.5-10 R20, 7 inch rim",4481
78.52,353.7,-5.37,312.26,-146.99,0.016,-14.65,-17.44,0.03,0.0365,-2.1244,12.06,159556.28,7.71,92.36,-4.742,-0,-1,133.17,135.64,133.08,24.98,Cornering,"Hoosier 43075 16x7.5-10 R20, 7 inch rim",4482
78.5,353.71,-3.38,312.45,-147.14,0.006,-13.86,-17.39,-0.04,0.0229,-2.1235,12.12,-99084.59,7.72,92.38,-4.788,-0,-1.0001,133.15,135.69,133.02,24.96,Cornering,"Hoosier 43075 16x7.5-10 R20, 7 inch rim",4483
78.48,353.72,-2.26,312.63,-145.91,0.006,-12.5,-17.67,0.03,0.0155,-2.1426,12.18,159388.11,7.72,92.38,-4.823,-0,-1,133.19,135.66,133,24.96,Cornering,"Hoosier 43075 16x7.5-10 R20, 7 inch rim",4484
78.51,353.73,-1.88,312.34,-143.49,0.006,-12.36,-18.1,-0.11,0.0131,-2.1768,12.25,-37808.67,7.72,92.39,-4.856,-0,-1.0002,133.25,135.75,133.04,24.97,Cornering,"Hoosier 43075 16x7.5-10 R20, 7 inch rim",4485
78.51,353.74,-1.89,313.14,-141.67,0.006,-11.36,-17.78,-0.11,0.0133,-2.2104,12.25,-37832.11,7.72,92.37,-4.905,-0,-1.0002,133.23,135.82,133.08,24.98,Cornering,"Hoosier 43075 16x7.5-10 R20, 7 inch rim",4486
78.48,353.75,-2.33,314.36,-139.99,0.014,-11.68,-17.11,0.03,0.0166,-2.2456,12.19,159618.5,7.71,92.38,-4.938,-0,-1,133.25,135.95,133.14,25,Cornering,"Hoosier 43075 16x7.5-10 R20, 7 inch rim",4487
78.49,353.76,-3.34,315.79,-139.82,0.003,-11.87,-16.33,0.16,0.0239,-2.2585,12.1,25676.98,7.71,92.37,-4.984,-0,-0.9997,133.32,136.13,133.29,25,Cornering,"Hoosier 43075 16x7.5-10 R20, 7 inch rim",4488
78.52,353.77,-4.55,317.19,-140.27,-0.003,-12.37,-15.58,-0.04,0.0325,-2.2612,12.03,-99141.02,7.72,92.37,-5.015,-0,-1.0001,133.47,136.24,133.39,24.98,Cornering,"Hoosier 43075 16x7.5-10 R20, 7 inch rim",4489
78.5,353.78,-5.85,318.39,-142.33,0.004,-12.86,-15.42,0.09,0.0411,-2.2369,12.03,44150.37,7.71,92.38,-5.071,-0,-0.9998,133.58,136.28,133.47,24.96,Cornering,"Hoosier 43075 16x7.5-10 R20, 7 inch rim",4490
78.48,353.79,-6.73,319.92,-144.2,0.004,-13.6,-15.64,0.03,0.0466,-2.2186,12.06,159315.53,7.71,92.38,-5.108,-0,-1,133.75,136.21,133.49,24.96,Cornering,"Hoosier 43075 16x7.5-10 R20, 7 inch rim",4491
78.5,353.8,-6.5,321.74,-146.84,0.013,-13.39,-15.81,0.03,0.0443,-2.1911,12.12,159196.28,7.71,92.41,-5.14,-0,-1,133.7,136.15,133.45,24.94,Cornering,"Hoosier 43075 16x7.5-10 R20, 7 inch rim",4492
78.52,353.81,-5.3,323.33,-147.54,-0.006,-14.11,-15.99,0.03,0.0359,-2.1914,12.16,159148.31,7.71,92.4,-5.181,-0,-1,133.79,136.13,133.39,24.93,Cornering,"Hoosier 43075 16x7.5-10 R20, 7 inch rim",4493
78.49,353.82,-3.75,323.91,-147.85,0.012,-13.63,-16.04,0.03,0.0254,-2.1909,12.14,159135.75,7.71,92.41,-5.229,-0,-1,133.83,136.08,133.27,24.93,Cornering,"Hoosier 43075 16x7.5-10 R20, 7 inch rim",4494
78.49,353.83,-2.44,323.3,-146.63,0.01,-13.87,-16.29,-0.04,0.0166,-2.2049,12.06,-98961.05,7.71,92.38,-5.272,-0,-1.0001,133.81,136.13,133.21,24.94,Cornering,"Hoosier 43075 16x7.5-10 R20, 7 inch rim",4495
78.52,353.84,-1.94,322.55,-144.58,0.01,-13.26,-16.79,0.03,0.0134,-2.2309,11.97,159152.7,7.71,92.37,-5.303,-0,-1,133.83,136.13,133.21,24.94,Cornering,"Hoosier 43075 16x7.5-10 R20, 7 inch rim",4496
78.5,353.85,-1.52,322.58,-142.82,0.006,-12.21,-16.49,-0.04,0.0106,-2.2587,11.92,-98948.49,7.71,92.35,-5.346,-0,-1.0001,133.75,136.21,133.23,24.94,Cornering,"Hoosier 43075 16x7.5-10 R20, 7 inch rim",4497
78.49,353.86,-2.28,323.06,-141.51,0.006,-12.08,-16.33,-0.04,0.0161,-2.283,11.92,-99011.38,7.71,92.33,-5.382,-0,-1.0001,133.73,136.26,133.29,24.96,Cornering,"Hoosier 43075 16x7.5-10 R20, 7 inch rim",4498
78.51,353.87,-2.95,324.14,-140.17,0.006,-12.95,-15.32,0.09,0.021,-2.3125,11.98,44153.6,7.71,92.32,-5.44,-0,-0.9998,133.85,136.37,133.39,24.97,Cornering,"Hoosier 43075 16x7.5-10 R20, 7 inch rim",4499
78.51,353.88,-4.31,325.4,-141.28,-0.003,-12.1,-14.71,-0.04,0.0305,-2.3032,12.08,-99019.56,7.71,92.29,-5.468,-0,-1.0001,133.92,136.54,133.55,24.97,Cornering,"Hoosier 43075 16x7.5-10 R20, 7 inch rim",4500
78.49,353.89,-5.79,326.76,-141.77,0.004,-13.27,-14.59,0.03,0.0408,-2.3049,12.11,159282.31,7.71,92.29,-5.503,-0,-1,134.05,136.59,133.67,24.97,Cornering,"Hoosier 43075 16x7.5-10 R20, 7 inch rim",4501
78.48,353.9,-6.68,328.46,-143.73,0.001,-13.3,-14.5,-0.04,0.0464,-2.2853,12.12,-99005.05,7.71,92.29,-5.551,-0,-1.0001,134.11,136.61,133.73,24.97,Cornering,"Hoosier 43075 16x7.5-10 R20, 7 inch rim",4502
78.52,353.91,-6.89,329.67,-146.01,0.006,-13.7,-14.56,0.09,0.0472,-2.2578,12.06,44151.89,7.71,92.28,-5.594,-0,-0.9998,134.13,136.52,133.69,24.98,Cornering,"Hoosier 43075 16x7.5-10 R20, 7 inch rim",4503
78.51,353.92,-5.88,330.87,-147.36,0.014,-14.37,-14.35,0.09,0.0399,-2.2453,11.99,44190.71,7.71,92.26,-5.621,-0,-0.9998,134.2,136.52,133.65,25,Cornering,"Hoosier 43075 16x7.5-10 R20, 7 inch rim",4504
78.48,353.93,-4.65,331.36,-147.65,0.006,-14.71,-14.78,0.03,0.0315,-2.2442,11.94,159458.03,7.71,92.24,-5.665,-0,-1,134.15,136.52,133.61,25,Cornering,"Hoosier 43075 16x7.5-10 R20, 7 inch rim",4505
78.5,353.94,-2.99,330.64,-147.89,-0.01,-13.24,-14.91,-0.04,0.0202,-2.2357,11.95,-99114.55,7.71,92.25,-5.71,-0,-1.0001,134.15,136.52,133.57,25,Cornering,"Hoosier 43075 16x7.5-10 R20, 7 inch rim",4506
78.52,353.95,-2.01,329.36,-145.95,0.01,-13.46,-15.23,0.16,0.0138,-2.2566,12.02,25613.55,7.71,92.27,-5.747,-0,-0.9997,134.2,136.54,133.57,24.97,Cornering,"Hoosier 43075 16x7.5-10 R20, 7 inch rim",4507
78.5,353.96,-1.51,328.6,-143.67,0.012,-12.82,-15.41,0.09,0.0105,-2.2872,12.11,44105.74,7.71,92.3,-5.786,-0,-0.9998,134.11,136.59,133.59,24.96,Cornering,"Hoosier 43075 16x7.5-10 R20, 7 inch rim",4508
78.48,353.97,-1.39,328.97,-142.12,-0.002,-12.05,-14.9,-0.11,0.0098,-2.3147,12.15,-37754.18,7.71,92.3,-5.833,-0,-1.0002,134.09,136.65,133.63,24.97,Cornering,"Hoosier 43075 16x7.5-10 R20, 7 inch rim",4509
78.51,353.98,-2.39,329.68,-140.79,0.02,-12.4,-14.28,0.09,0.017,-2.3417,12.17,44160.71,7.7,92.3,-5.864,-0,-0.9998,134.18,136.76,133.77,25,Cornering,"Hoosier 43075 16x7.5-10 R20, 7 inch rim",4510
78.51,353.99,-3.46,330.97,-140.82,0.003,-12.48,-13.65,-0.11,0.0246,-2.3503,12.11,-37810.03,7.71,92.28,-5.91,-0,-1.0002,134.33,136.94,133.93,25.01,Cornering,"Hoosier 43075 16x7.5-10 R20, 7 inch rim",4511
78.48,354,-4.89,332.52,-141.92,0.001,-12.45,-13.13,0.03,0.0345,-2.343,12.03,159484.94,7.71,92.26,-5.949,-0,-1,134.41,137.1,134.03,25.02,Cornering,"Hoosier 43075 16x7.5-10 R20, 7 inch rim",4512
78.49,354.01,-6.21,333.72,-142.84,0.006,-13.74,-13.2,0.03,0.0435,-2.3364,12.01,159435.8,7.71,92.26,-5.989,-0,-1,134.56,137.12,134.16,25.01,Cornering,"Hoosier 43075 16x7.5-10 R20, 7 inch rim",4513
78.52,354.02,-7.24,335.27,-145.19,0.001,-13.86,-13.89,0.03,0.0498,-2.3092,12.06,159238.39,7.71,92.29,-6.03,-0,-1,134.63,137.1,134.09,24.98,Cornering,"Hoosier 43075 16x7.5-10 R20, 7 inch rim",4514
78.49,354.03,-6.73,336.61,-147.3,0.014,-14.42,-13.98,-0.04,0.0457,-2.2852,12.13,-98932.98,7.71,92.27,-6.068,-0,-1.0001,134.63,137.12,134.11,24.97,Cornering,"Hoosier 43075 16x7.5-10 R20, 7 inch rim",4515
78.48,354.04,-5.51,337.42,-147.91,0.001,-14.9,-14.12,0.03,0.0372,-2.2812,12.22,159029.41,7.71,92.29,-6.109,-0,-1,134.63,137.1,134.07,24.96,Cornering,"Hoosier 43075 16x7.5-10 R20, 7 inch rim",4516
78.51,354.05,-4.2,337.11,-147.75,0.004,-14.53,-14.36,0.03,0.0284,-2.2816,12.25,159054.75,7.71,92.3,-6.146,-0,-1,134.65,137.1,134.01,24.96,Cornering,"Hoosier 43075 16x7.5-10 R20, 7 inch rim",4517
78.51,354.06,-2.97,336.18,-146.99,0.01,-13.11,-14.59,0.03,0.0202,-2.2871,12.22,159081.83,7.7,92.31,-6.178,-0,-1,134.65,137.12,133.99,24.97,Cornering,"Hoosier 43075 16x7.5-10 R20, 7 inch rim",4518
78.48,354.07,-1.94,335.11,-144.72,0.012,-12.75,-14.55,0.09,0.0134,-2.3156,12.14,44089.28,7.7,92.31,-6.222,-0,-0.9998,134.63,137.23,133.99,24.97,Cornering,"Hoosier 43075 16x7.5-10 R20, 7 inch rim",4519
78.49,354.08,-1.86,334.83,-142.95,0.007,-11.98,-14.42,0.03,0.013,-2.3423,12.07,159126.28,7.71,92.27,-6.271,-0,-1,134.56,137.27,134.09,24.98,Cornering,"Hoosier 43075 16x7.5-10 R20, 7 inch rim",4520
78.51,354.09,-2.35,335.31,-141.37,0.004,-12.26,-13.9,0.03,0.0166,-2.372,11.99,159152.25,7.7,92.22,-6.305,-0,-1,134.58,137.43,134.2,24.98,Cornering,"Hoosier 43075 16x7.5-10 R20, 7 inch rim",4521
78.5,354.1,-3.39,336.7,-140.74,0.007,-12.63,-13.28,0.03,0.0241,-2.3923,11.98,159026.31,7.7,92.19,-6.353,-0,-1,134.73,137.58,134.34,24.97,Cornering,"Hoosier 43075 16x7.5-10 R20, 7 inch rim",4522
78.48,354.11,-4.66,337.95,-141.66,-0,-12.72,-12.64,-0.04,0.0329,-2.3857,12.03,-98868.52,7.71,92.16,-6.396,-0,-1.0001,134.84,137.69,134.54,24.97,Cornering,"Hoosier 43075 16x7.5-10 R20, 7 inch rim",4523
78.5,354.12,-5.99,339.12,-142.59,0.019,-13.81,-12.34,-0.04,0.042,-2.3782,12.09,-98885.97,7.7,92.13,-6.423,-0,-1.0001,134.95,137.76,134.66,24.98,Cornering,"Hoosier 43075 16x7.5-10 R20, 7 inch rim",4524
78.52,354.13,-6.59,341.02,-144.19,-0,-14.05,-12.27,0.03,0.0457,-2.365,12.1,159027.42,7.71,92.12,-6.463,-0,-1,134.97,137.78,134.68,24.97,Cornering,"Hoosier 43075 16x7.5-10 R20, 7 inch rim",4525
78.49,354.14,-6.65,342.66,-146.26,0.017,-14.39,-12.46,0.03,0.0455,-2.3427,12.07,158941.84,7.7,92.08,-6.499,-0,-1,135.08,137.71,134.7,24.96,Cornering,"Hoosier 43075 16x7.5-10 R20, 7 inch rim",4526
78.49,354.15,-5.63,343.61,-147.31,0.006,-14.93,-12.64,-0.04,0.0382,-2.3326,12,-98838.46,7.7,92.07,-6.543,-0,-1.0001,135.06,137.71,134.66,24.97,Cornering,"Hoosier 43075 16x7.5-10 R20, 7 inch rim",4527
78.52,354.16,-4.11,343.44,-147.91,0.012,-14.43,-12.62,-0.04,0.0278,-2.322,11.93,-98854.6,7.7,92.05,-6.576,-0,-1.0001,135.03,137.78,134.62,24.98,Cornering,"Hoosier 43075 16x7.5-10 R20, 7 inch rim",4528
78.5,354.17,-2.75,342.36,-146.85,0.014,-14.3,-12.94,0.03,0.0187,-2.3313,11.88,158939.77,7.7,92.03,-6.616,-0,-1,134.97,137.8,134.64,24.97,Cornering,"Hoosier 43075 16x7.5-10 R20, 7 inch rim",4529
78.47,354.18,-1.53,341.16,-145.2,0.007,-13.05,-12.89,-0.04,0.0105,-2.3497,11.88,-98769.09,7.7,92.03,-6.656,-0,-1.0001,134.97,137.84,134.64,24.96,Cornering,"Hoosier 43075 16x7.5-10 R20, 7 inch rim",4530
78.5,354.19,-1.62,340.13,-143.36,-0.003,-12.53,-13.45,-0.04,0.0113,-2.3725,11.96,-98735.63,7.7,92,-6.706,-0,-1.0001,134.91,137.84,134.72,24.96,Cornering,"Hoosier 43075 16x7.5-10 R20, 7 inch rim",4531
78.52,354.2,-1.81,340.12,-141.85,0.004,-12.17,-12.81,0.09,0.0128,-2.3978,12.05,43991.68,7.7,91.97,-6.733,-0,-0.9998,134.93,137.89,134.8,24.94,Cornering,"Hoosier 43075 16x7.5-10 R20, 7 inch rim",4532
78.49,354.21,-3.16,341.02,-140.96,0.014,-12.19,-12.42,-0.04,0.0224,-2.4194,12.07,-98673.7,7.7,91.96,-6.782,-0,-1.0001,135.06,138.02,134.94,24.94,Cornering,"Hoosier 43075 16x7.5-10 R20, 7 inch rim",4533
78.49,354.22,-4.3,342.29,-141.18,0.001,-12.45,-11.57,0.03,0.0305,-2.4246,12.06,158718.22,7.7,91.94,-6.834,-0,-1,135.27,138.17,135.08,24.94,Cornering,"Hoosier 43075 16x7.5-10 R20, 7 inch rim",4534
78.52,354.23,-5.94,343.64,-141.48,0.012,-13.72,-11.27,0.09,0.042,-2.4288,12,44030.79,7.7,91.94,-6.859,-0,-0.9998,135.42,138.24,135.25,24.97,Cornering,"Hoosier 43075 16x7.5-10 R20, 7 inch rim",4535
78.5,354.24,-7.02,345.03,-142.99,0.009,-14.57,-11.22,-0.11,0.0491,-2.413,11.96,-37697.8,7.7,91.96,-6.911,-0,-1.0002,135.48,138.26,135.31,24.99,Cornering,"Hoosier 43075 16x7.5-10 R20, 7 inch rim",4536
78.48,354.25,-7.24,346.57,-145.36,0.006,-14.85,-11.31,-0.04,0.0498,-2.3842,11.97,-98823.77,7.7,91.93,-6.937,-0,-1.0001,135.51,138.22,135.35,24.99,Cornering,"Hoosier 43075 16x7.5-10 R20, 7 inch rim",4537
78.5,354.26,-6.13,348.12,-147.27,0.001,-14.64,-11.14,0.03,0.0416,-2.3638,12,158847.62,7.7,91.95,-6.991,-0,-1,135.57,138.22,135.33,24.97,Cornering,"Hoosier 43075 16x7.5-10 R20, 7 inch rim",4538
78.52,354.27,-4.93,348.1,-147.77,0.009,-15.21,-11.4,0.03,0.0334,-2.3556,12.08,158798.59,7.7,91.98,-7.026,-0,-1,135.66,138.24,135.37,24.97,Cornering,"Hoosier 43075 16x7.5-10 R20, 7 inch rim",4539
78.5,354.28,-3.61,347.53,-147.97,-0.005,-13.53,-12.01,-0.04,0.0244,-2.3486,12.17,-98634.4,7.7,92.03,-7.068,-0,-1.0001,135.64,138.31,135.41,24.95,Cornering,"Hoosier 43075 16x7.5-10 R20, 7 inch rim",4540
78.48,354.29,-1.84,345.65,-146.41,0.009,-13.27,-11.66,0.09,0.0126,-2.3607,12.24,43976.64,7.7,92.09,-7.1,-0,-0.9998,135.74,138.37,135.45,24.96,Cornering,"Hoosier 43075 16x7.5-10 R20, 7 inch rim",4541
78.5,354.3,-1.34,344.59,-143.67,0.007,-13.32,-11.85,-0.04,0.0093,-2.3985,12.22,-98594.59,7.7,92.15,-7.144,-0,-1.0001,135.74,138.39,135.57,24.94,Cornering,"Hoosier 43075 16x7.5-10 R20, 7 inch rim",4542
78.51,354.31,-1.73,344.3,-142.27,0.004,-12.55,-12.13,0.03,0.0122,-2.42,12.15,158632.61,7.7,92.16,-7.18,-0,-1,135.74,138.44,135.69,24.95,Cornering,"Hoosier 43075 16x7.5-10 R20, 7 inch rim",4543
78.48,354.32,-2.29,345.05,-140.61,0.014,-13.46,-11.37,0.09,0.0163,-2.454,12.09,43933.12,7.7,92.19,-7.229,-0,-0.9998,135.85,138.53,135.85,24.94,Cornering,"Hoosier 43075 16x7.5-10 R20, 7 inch rim",4544
78.49,354.33,-3.43,346.3,-140.84,0.01,-13.2,-10.8,0.03,0.0244,-2.4589,12.05,158381.31,7.7,92.22,-7.263,-0,-1,136.09,138.61,136.01,24.92,Cornering,"Hoosier 43075 16x7.5-10 R20, 7 inch rim",4545
78.53,354.34,-4.95,347.85,-141.53,0.004,-13.77,-10.32,0.09,0.035,-2.4578,12.08,43884.58,7.7,92.21,-7.305,-0,-0.9998,136.3,138.75,136.18,24.92,Cornering,"Hoosier 43075 16x7.5-10 R20, 7 inch rim",4546
78.5,354.35,-6.03,349.21,-143.33,0.013,-13.94,-9.9,-0.04,0.0421,-2.4364,12.1,-98481.73,7.7,92.21,-7.339,-0,-1.0001,136.41,138.75,136.3,24.93,Cornering,"Hoosier 43075 16x7.5-10 R20, 7 inch rim",4547
78.48,354.36,-6.97,350.93,-144.65,0.001,-15.01,-10.29,0.03,0.0482,-2.426,12.13,158518.53,7.7,92.21,-7.391,-0,-1,136.49,138.75,136.38,24.94,Cornering,"Hoosier 43075 16x7.5-10 R20, 7 inch rim",4548
78.51,354.37,-6.35,352.44,-146.34,0.01,-15.26,-9.85,-0.11,0.0434,-2.4084,12.11,-37583.45,7.7,92.18,-7.429,-0,-1.0002,136.54,138.7,136.36,24.94,Cornering,"Hoosier 43075 16x7.5-10 R20, 7 inch rim",4549
78.52,354.38,-5.53,353.39,-147.45,0.004,-14.59,-10.24,0.03,0.0375,-2.3967,12.03,158526.98,7.7,92.14,-7.467,-0,-1,136.51,138.7,136.4,24.95,Cornering,"Hoosier 43075 16x7.5-10 R20, 7 inch rim",4550
78.48,354.39,-4.19,352.27,-147.07,0.014,-15.22,-10.23,-0.04,0.0285,-2.3952,11.96,-98511.87,7.69,92.12,-7.505,-0,-1.0001,136.47,138.75,136.38,24.94,Cornering,"Hoosier 43075 16x7.5-10 R20, 7 inch rim",4551
78.5,354.4,-3.2,350.6,-146.83,0.007,-13.75,-10.66,-0.04,0.0218,-2.3879,11.94,-98570.42,7.7,92.13,-7.548,-0,-1.0001,136.41,138.79,136.38,24.96,Cornering,"Hoosier 43075 16x7.5-10 R20, 7 inch rim",4552
78.53,354.41,-2.47,348.79,-145.71,-0.005,-12.75,-10.94,0.09,0.0169,-2.3938,11.96,43987.66,7.7,92.15,-7.59,-0,-0.9998,136.41,138.79,136.46,24.99,Cornering,"Hoosier 43075 16x7.5-10 R20, 7 inch rim",4553
78.5,354.42,-2.29,347.98,-143.35,0.014,-13.31,-11.01,-0.04,0.016,-2.4275,12.04,-98735.84,7.69,92.18,-7.623,-0,-1.0001,136.36,138.86,136.48,25.01,Cornering,"Hoosier 43075 16x7.5-10 R20, 7 inch rim",4554
78.48,354.43,-2.52,348.5,-142.17,-0.002,-13.07,-10.7,0.03,0.0177,-2.4512,12.14,158927.58,7.7,92.21,-7.671,-0,-1,136.39,138.97,136.62,25.03,Cornering,"Hoosier 43075 16x7.5-10 R20, 7 inch rim",4555
78.5,354.44,-3.64,349.22,-141.71,0.014,-13.51,-10.35,-0.11,0.0257,-2.4643,12.17,-37671.32,7.69,92.24,-7.713,-0,-1.0002,136.51,139.08,136.8,25.02,Cornering,"Hoosier 43075 16x7.5-10 R20, 7 inch rim",4556
78.52,354.45,-4.75,350.63,-141.99,0.007,-14.04,-9.89,0.03,0.0335,-2.4695,12.17,158786.56,7.7,92.27,-7.75,-0,-1,136.75,139.25,136.96,25.01,Cornering,"Hoosier 43075 16x7.5-10 R20, 7 inch rim",4557
78.48,354.46,-6.18,352.63,-142.37,0.01,-14.79,-9.68,-0.11,0.0434,-2.4768,12.13,-37628.98,7.69,92.23,-7.793,-0,-1.0002,136.9,139.25,137.11,25,Cornering,"Hoosier 43075 16x7.5-10 R20, 7 inch rim",4558
78.49,354.47,-6.81,354.32,-144.25,0.012,-14.63,-9.42,0.03,0.0472,-2.4563,12.06,158757.92,7.69,92.21,-7.823,-0,-1,137.01,139.34,137.19,25.01,Cornering,"Hoosier 43075 16x7.5-10 R20, 7 inch rim",4559
78.51,354.48,-6.26,356.06,-145.88,-0.006,-15.14,-8.89,0.03,0.0429,-2.4407,12.05,158811.72,7.7,92.18,-7.873,-0,-1,137.07,139.32,137.19,25.02,Cornering,"Hoosier 43075 16x7.5-10 R20, 7 inch rim",4560
78.5,354.49,-6.3,357.4,-147.72,0.009,-14.68,-9.71,-0.04,0.0426,-2.4194,12.07,-98690.15,7.69,92.16,-7.905,-0,-1.0001,137.18,139.27,137.13,25.01,Cornering,"Hoosier 43075 16x7.5-10 R20, 7 inch rim",4561
78.48,354.5,-4.4,357.1,-148.25,0.006,-14.49,-9.33,0.03,0.0297,-2.4089,12.14,158707.34,7.69,92.17,-7.95,-0,-1,137.22,139.32,137.13,25.01,Cornering,"Hoosier 43075 16x7.5-10 R20, 7 inch rim",4562
78.5,354.51,-3.1,355.06,-147.92,0.017,-14.52,-9.73,-0.04,0.021,-2.4003,12.22,-98553.05,7.69,92.2,-7.996,-0,-1.0001,137.22,139.41,137.13,24.98,Cornering,"Hoosier 43075 16x7.5-10 R20, 7 inch rim",4563
78.52,354.52,-2.17,352.77,-146.12,0.009,-14.47,-10.27,-0.04,0.0149,-2.4143,12.22,-98499.44,7.69,92.21,-8.028,-0,-1.0001,137.27,139.52,137.19,24.97,Cornering,"Hoosier 43075 16x7.5-10 R20, 7 inch rim",4564
78.49,354.53,-1.94,350.94,-144.6,0.004,-13.73,-10.51,0.03,0.0134,-2.427,12.19,158365.28,7.69,92.24,-8.069,-0,-1,137.29,139.52,137.31,24.96,Cornering,"Hoosier 43075 16x7.5-10 R20, 7 inch rim",4565
78.49,354.54,-2.12,350.34,-142.41,0.003,-14.12,-10.22,-0.04,0.0149,-2.4601,12.11,-98363.51,7.69,92.25,-8.114,-0,-1.0001,137.33,139.63,137.45,24.94,Cornering,"Hoosier 43075 16x7.5-10 R20, 7 inch rim",4566
78.51,354.55,-2.44,351.38,-141.33,0.017,-14.11,-9.28,0.03,0.0172,-2.4862,12.03,158262.05,7.69,92.23,-8.142,-0,-1,137.52,139.76,137.61,24.95,Cornering,"Hoosier 43075 16x7.5-10 R20, 7 inch rim",4567
78.51,354.56,-3.76,352.8,-141.5,0.01,-14.15,-8.76,0.03,0.0266,-2.4933,12.02,158206.52,7.69,92.22,-8.188,-0,-1,137.72,139.91,137.85,24.94,Cornering,"Hoosier 43075 16x7.5-10 R20, 7 inch rim",4568
78.48,354.57,-5.32,354.97,-142.19,0.006,-14.12,-8.5,0.03,0.0374,-2.4965,12.06,158227.38,7.69,92.22,-8.227,-0,-1,137.95,140,138.01,24.95,Cornering,"Hoosier 43075 16x7.5-10 R20, 7 inch rim",4569
78.5,354.58,-6.65,357.28,-143.47,0.007,-14.22,-8.6,-0.04,0.0463,-2.4903,12.12,-98325.52,7.69,92.18,-8.263,-0,-1.0001,138.1,140.02,138.14,24.94,Cornering,"Hoosier 43075 16x7.5-10 R20, 7 inch rim",4570
78.51,354.59,-7.22,358.98,-145.17,0.004,-14.76,-8.56,0.09,0.0497,-2.4729,12.17,43826.25,7.69,92.17,-8.311,-0,-0.9998,138.15,140.07,138.16,24.94,Cornering,"Hoosier 43075 16x7.5-10 R20, 7 inch rim",4571
78.49,354.6,-6.59,360.2,-147.13,0.007,-14.53,-8.13,0.03,0.0448,-2.4482,12.15,158138.88,7.69,92.15,-8.351,-0,-1,138.21,140.04,138.22,24.94,Cornering,"Hoosier 43075 16x7.5-10 R20, 7 inch rim",4572
78.48,354.61,-5.67,359.88,-148.14,0.009,-14.96,-8.47,0.09,0.0383,-2.4293,12.11,43838.99,7.69,92.14,-8.377,-0,-0.9998,138.21,139.98,138.26,24.96,Cornering,"Hoosier 43075 16x7.5-10 R20, 7 inch rim",4573
78.51,354.62,-4.21,358.03,-148.16,0.004,-14.88,-8.79,0.03,0.0284,-2.4166,12.03,158328.05,7.69,92.14,-8.426,-0,-1,138.3,140.04,138.26,24.98,Cornering,"Hoosier 43075 16x7.5-10 R20, 7 inch rim",4574
78.51,354.63,-2.63,355.56,-147.37,0.007,-14.71,-8.84,0.09,0.0178,-2.4127,11.95,43878.5,7.69,92.1,-8.475,-0,-0.9998,138.3,140.04,138.34,24.98,Cornering,"Hoosier 43075 16x7.5-10 R20, 7 inch rim",4575
78.48,354.64,-2.07,353.38,-145.39,0.013,-15.18,-9.4,0.03,0.0143,-2.4305,11.91,158442.77,7.69,92.12,-8.502,-0,-1,138.3,140.11,138.38,25,Cornering,"Hoosier 43075 16x7.5-10 R20, 7 inch rim",4576
78.49,354.65,-1.75,352.93,-144.12,0.012,-14.36,-9.11,0.03,0.0121,-2.4489,11.93,158349.72,7.69,92.12,-8.548,-0,-1,138.3,140.18,138.48,24.99,Cornering,"Hoosier 43075 16x7.5-10 R20, 7 inch rim",4577
78.52,354.66,-2.29,353.55,-143.01,0.014,-14.19,-8.99,0.09,0.016,-2.4722,12,43855.09,7.69,92.13,-8.586,-0,-0.9998,138.32,140.35,138.62,24.98,Cornering,"Hoosier 43075 16x7.5-10 R20, 7 inch rim",4578
78.5,354.67,-3.28,355.74,-142.27,0.01,-13.84,-8.29,0.09,0.0231,-2.5004,12.06,43840.47,7.69,92.14,-8.623,-0,-0.9998,138.57,140.44,138.8,24.97,Cornering,"Hoosier 43075 16x7.5-10 R20, 7 inch rim",4579
78.48,354.68,-4.52,357.29,-142.79,0.01,-13.86,-7.73,0.09,0.0316,-2.5021,12.11,43816.34,7.69,92.15,-8.655,-0,-0.9998,138.85,140.64,138.92,24.96,Cornering,"Hoosier 43075 16x7.5-10 R20, 7 inch rim",4580
78.51,354.69,-5.91,359.93,-143.52,0.006,-13.5,-7.65,-0.04,0.0412,-2.508,12.08,-98255.52,7.69,92.13,-8.701,-0,-1.0001,139.05,140.68,138.96,24.96,Cornering,"Hoosier 43075 16x7.5-10 R20, 7 inch rim",4581
78.52,354.7,-7.01,361.48,-144.95,-0,-13.85,-7.82,0.03,0.0484,-2.4938,12.01,158043.22,7.69,92.13,-8.747,-0,-1,139.09,140.73,138.84,24.96,Cornering,"Hoosier 43075 16x7.5-10 R20, 7 inch rim",4582
78.49,354.71,-6.94,362.51,-146.35,0.013,-15.06,-7.79,-0.04,0.0474,-2.4771,11.94,-98280.14,7.69,92.12,-8.778,-0,-1.0001,139.22,140.73,138.74,24.97,Cornering,"Hoosier 43075 16x7.5-10 R20, 7 inch rim",4583
78.49,354.72,-5.92,362.64,-148.12,0.017,-15.09,-7.58,0.03,0.0399,-2.4484,11.92,158086.44,7.69,92.08,-8.815,-0,-1,139.37,140.73,138.62,24.97,Cornering,"Hoosier 43075 16x7.5-10 R20, 7 inch rim",4584
78.52,354.73,-4.69,361.12,-148.46,0.004,-15.79,-7.9,0.03,0.0316,-2.4324,11.95,158061.73,7.69,92.05,-8.871,-0,-1,139.39,140.75,138.46,24.97,Cornering,"Hoosier 43075 16x7.5-10 R20, 7 inch rim",4585
78.5,354.74,-3.75,358.32,-148.34,0.012,-15.68,-8.68,-0.04,0.0253,-2.4155,12.06,-98153.47,7.69,92.04,-8.907,-0,-1.0001,139.39,140.75,138.34,24.94,Cornering,"Hoosier 43075 16x7.5-10 R20, 7 inch rim",4586
78.47,354.75,-2.82,355.72,-147.13,0.003,-15.12,-8.9,0.03,0.0192,-2.4178,12.14,157845.14,7.69,92.08,-8.946,-0,-1,139.45,140.82,138.28,24.94,Cornering,"Hoosier 43075 16x7.5-10 R20, 7 inch rim",4587
78.5,354.76,-2.2,354.68,-145.69,-0.006,-13.76,-8.88,0.03,0.0151,-2.4345,12.17,157826.55,7.69,92.13,-8.987,-0,-1,139.45,140.88,138.32,24.94,Cornering,"Hoosier 43075 16x7.5-10 R20, 7 inch rim",4588
78.51,354.77,-2.38,354.67,-143.79,0.003,-13.53,-8.55,0.03,0.0166,-2.4666,12.14,157846.47,7.69,92.14,-9.024,-0,-1,139.45,140.99,138.48,24.94,Cornering,"Hoosier 43075 16x7.5-10 R20, 7 inch rim",4589
78.49,354.78,-3.32,355.78,-142.37,-0.002,-13.86,-8.24,0.03,0.0233,-2.4989,12.07,157791.05,7.69,92.14,-9.066,-0,-1,139.69,141.21,138.7,24.94,Cornering,"Hoosier 43075 16x7.5-10 R20, 7 inch rim",4590
78.49,354.79,-4.09,357.77,-142.72,0.006,-12.94,-7.24,0.03,0.0287,-2.5069,12.02,157768.95,7.69,92.17,-9.115,-0,-1,139.99,141.41,138.98,24.94,Cornering,"Hoosier 43075 16x7.5-10 R20, 7 inch rim",4591
78.52,354.8,-5.92,359.62,-142.94,0.007,-13.93,-7.32,-0.04,0.0414,-2.5159,12.03,-98111.29,7.69,92.15,-9.139,-0,-1.0001,140.23,141.48,139.25,24.95,Cornering,"Hoosier 43075 16x7.5-10 R20, 7 inch rim",4592
78.5,354.81,-6.66,361.3,-144.19,0.01,-14.51,-6.77,0.09,0.0462,-2.5057,12.08,43750.87,7.69,92.13,-9.185,-0,-0.9998,140.38,141.52,139.45,24.96,Cornering,"Hoosier 43075 16x7.5-10 R20, 7 inch rim",4593
78.48,354.82,-7.06,362.7,-145.74,0.001,-15.28,-6.92,-0.04,0.0485,-2.4887,12.18,-98152.71,7.69,92.08,-9.233,-0,-1.0001,140.44,141.52,139.53,24.97,Cornering,"Hoosier 43075 16x7.5-10 R20, 7 inch rim",4594
78.5,354.83,-6.58,363.14,-147.67,0.006,-15.71,-6.93,0.09,0.0445,-2.459,12.22,43721.23,7.69,92,-9.258,-0,-0.9998,140.51,141.43,139.61,24.95,Cornering,"Hoosier 43075 16x7.5-10 R20, 7 inch rim",4595
78.51,354.84,-5.33,362.21,-149.28,0.001,-15.76,-7.01,0.03,0.0357,-2.4264,12.21,157642.14,7.69,91.94,-9.311,-0,-1,140.68,141.37,139.71,24.93,Cornering,"Hoosier 43075 16x7.5-10 R20, 7 inch rim",4596
78.5,354.85,-3.72,360.03,-148.86,0.007,-16.13,-7.15,0.16,0.025,-2.4186,12.16,25358.14,7.69,91.93,-9.348,-0,-0.9997,140.66,141.39,139.83,24.94,Cornering,"Hoosier 43075 16x7.5-10 R20, 7 inch rim",4597
78.48,354.86,-2.44,357.58,-147.86,-0.002,-15.54,-7.52,0.03,0.0165,-2.4183,12.08,157791.31,7.69,91.94,-9.384,-0,-1,140.68,141.41,139.95,24.96,Cornering,"Hoosier 43075 16x7.5-10 R20, 7 inch rim",4598
78.51,354.87,-2.23,355.9,-146.58,-0,-14.21,-8.26,0.09,0.0152,-2.428,12.02,43749.05,7.69,91.91,-9.435,-0,-0.9998,140.68,141.48,140.1,24.98,Cornering,"Hoosier 43075 16x7.5-10 R20, 7 inch rim",4599
78.51,354.88,-1.79,355.73,-144.29,0.01,-14.14,-7.69,-0.04,0.0124,-2.4653,12.01,-98130.53,7.69,91.86,-9.467,-0,-1.0001,140.66,141.48,140.3,24.98,Cornering,"Hoosier 43075 16x7.5-10 R20, 7 inch rim",4600
78.48,354.89,-2.16,356.68,-143.07,0.006,-13.69,-6.95,-0.04,0.0151,-2.4931,12.04,-98115.77,7.69,91.83,-9.517,-0,-1.0001,140.81,141.61,140.56,24.98,Cornering,"Hoosier 43075 16x7.5-10 R20, 7 inch rim",4601
78.49,354.9,-3.45,358.21,-142.97,0.013,-13.08,-6.46,-0.11,0.0241,-2.5055,12.09,-37414.66,7.68,91.82,-9.537,-0,-1.0002,141.13,141.81,140.78,24.97,Cornering,"Hoosier 43075 16x7.5-10 R20, 7 inch rim",4602
78.52,354.91,-4.76,359.92,-142.8,0.009,-13.96,-5.72,0.09,0.0333,-2.5205,12.08,43707.84,7.69,91.79,-9.594,-0,-0.9998,141.41,141.92,141.01,24.97,Cornering,"Hoosier 43075 16x7.5-10 R20, 7 inch rim",4603
78.5,354.92,-6.52,361.3,-143.93,0.012,-14.35,-5.99,-0.11,0.0453,-2.5102,12.06,-37413.28,7.69,91.78,-9.626,-0,-1.0002,141.62,142,141.21,24.98,Cornering,"Hoosier 43075 16x7.5-10 R20, 7 inch rim",4604
78.48,354.93,-7.06,362.54,-145.21,0.006,-15.11,-5.74,0.03,0.0486,-2.4966,11.96,157840.34,7.69,91.79,-9.666,-0,-1,141.73,142.03,141.33,24.99,Cornering,"Hoosier 43075 16x7.5-10 R20, 7 inch rim",4605
78.5,354.94,-6.95,363.47,-146.72,-0.003,-16.15,-5.89,-0.04,0.0474,-2.4774,11.91,-98195.09,7.69,91.82,-9.709,-0,-1.0001,141.75,142.05,141.41,25.01,Cornering,"Hoosier 43075 16x7.5-10 R20, 7 inch rim",4606
78.51,354.95,-5.79,363.46,-149.06,-0,-15.36,-5.76,0.03,0.0388,-2.4383,11.86,157945.83,7.69,91.86,-9.75,-0,-1,141.84,142.05,141.45,25.01,Cornering,"Hoosier 43075 16x7.5-10 R20, 7 inch rim",4607
78.48,354.96,-4.62,362.09,-149.64,-0.012,-15.3,-6.5,0.09,0.0309,-2.4198,11.9,43762.89,7.69,91.86,-9.789,-0,-0.9998,141.84,142.07,141.49,25.01,Cornering,"Hoosier 43075 16x7.5-10 R20, 7 inch rim",4608
78.49,354.97,-3.34,360.05,-148.63,0.004,-15.11,-7.08,-0.18,0.0225,-2.4224,11.96,-23127.04,7.68,91.84,-9.836,-0,-1.0003,141.88,142.14,141.51,25.01,Cornering,"Hoosier 43075 16x7.5-10 R20, 7 inch rim",4609
78.52,354.98,-2.13,357.76,-147.41,-0.003,-14.22,-7.24,0.09,0.0145,-2.4269,12.04,43701.69,7.69,91.81,-9.866,-0,-0.9998,141.9,142.2,141.59,24.98,Cornering,"Hoosier 43075 16x7.5-10 R20, 7 inch rim",4610
78.5,354.99,-1.6,356.5,-145.38,0.01,-13.9,-7.15,-0.04,0.011,-2.4522,12.06,-97998.94,7.68,91.85,-9.905,-0,-1.0001,141.99,142.29,141.75,24.98,Cornering,"Hoosier 43075 16x7.5-10 R20, 7 inch rim",4611
78.48,355,-2.04,356.86,-143.79,-0.002,-13.06,-7.06,0.03,0.0142,-2.4818,12.02,157557.47,7.69,91.84,-9.945,-0,-1,142.14,142.36,141.91,24.97,Cornering,"Hoosier 43075 16x7.5-10 R20, 7 inch rim",4612
78.51,355.01,-2.75,357.45,-142.99,0.009,-13.68,-6.44,-0.04,0.0193,-2.4999,11.96,-97883.3,7.68,91.84,-9.985,-0,-1.0001,142.44,142.64,142.16,24.96,Cornering,"Hoosier 43075 16x7.5-10 R20, 7 inch rim",4613
78.51,355.02,-3.96,358.99,-142.81,0.009,-14.06,-5.65,-0.04,0.0277,-2.5138,11.9,-97893.17,7.68,91.81,-10.027,-0,-1.0001,142.78,142.77,142.36,24.96,Cornering,"Hoosier 43075 16x7.5-10 R20, 7 inch rim",4614
78.49,355.03,-5.41,360.25,-143.64,-0.002,-14.48,-5.39,0.03,0.0377,-2.5079,11.88,157423.7,7.69,91.78,-10.067,-0,-1,143.02,142.93,142.52,24.96,Cornering,"Hoosier 43075 16x7.5-10 R20, 7 inch rim",4615
78.49,355.04,-6.58,362.07,-144.21,0.007,-15.56,-5.31,0.03,0.0457,-2.5108,11.93,157439.42,7.68,91.77,-10.108,-0,-1,143.17,143.04,142.64,24.96,Cornering,"Hoosier 43075 16x7.5-10 R20, 7 inch rim",4616
78.52,355.05,-7.23,363.16,-145.85,-0,-16.29,-5.61,-0.04,0.0496,-2.4899,12.03,-97854.73,7.68,91.74,-10.15,-0,-1.0001,143.21,143.1,142.74,24.96,Cornering,"Hoosier 43075 16x7.5-10 R20, 7 inch rim",4617
78.5,355.06,-6.53,363.9,-148.04,0.007,-15.94,-5.36,0.03,0.0441,-2.4582,12.11,157435.47,7.68,91.75,-10.188,-0,-1,143.23,143.13,142.74,24.97,Cornering,"Hoosier 43075 16x7.5-10 R20, 7 inch rim",4618
78.48,355.07,-5.32,363.46,-148.97,-0.002,-15.78,-5.67,-0.04,0.0357,-2.4398,12.17,-97807.66,7.69,91.76,-10.227,-0,-1.0001,143.29,143.13,142.74,24.96,Cornering,"Hoosier 43075 16x7.5-10 R20, 7 inch rim",4619
78.5,355.08,-3.92,361.44,-149.21,0.001,-15.4,-6.08,-0.04,0.0263,-2.4224,12.12,-97815.4,7.68,91.74,-10.274,-0,-1.0001,143.27,143.06,142.74,24.96,Cornering,"Hoosier 43075 16x7.5-10 R20, 7 inch rim",4620
78.52,355.09,-2.96,359.26,-148.42,0.012,-14.38,-6.64,0.03,0.0199,-2.4205,12.06,157335.41,7.68,91.73,-10.313,-0,-1,143.36,143.21,142.78,24.96,Cornering,"Hoosier 43075 16x7.5-10 R20, 7 inch rim",4621
78.49,355.1,-2.22,357.45,-146.25,-0,-13.9,-6.92,-0.04,0.0152,-2.4441,11.98,-97835.24,7.68,91.75,-10.355,-0,-1.0001,143.4,143.3,142.93,24.97,Cornering,"Hoosier 43075 16x7.5-10 R20, 7 inch rim",4622
78.48,355.11,-1.93,356.52,-144.4,0.004,-13.75,-6.5,0.03,0.0133,-2.4689,11.97,157443.19,7.68,91.79,-10.387,-0,-1,143.47,143.41,143.05,24.98,Cornering,"Hoosier 43075 16x7.5-10 R20, 7 inch rim",4623
78.52,355.12,-2.63,356.68,-143.28,0.006,-13.92,-6.21,0.03,0.0183,-2.4894,12.01,157609.48,7.68,91.83,-10.419,-0,-1,143.62,143.5,143.27,25.01,Cornering,"Hoosier 43075 16x7.5-10 R20, 7 inch rim",4624
78.51,355.13,-2.99,357.61,-143.2,0.003,-14.33,-4.94,0.03,0.0209,-2.4972,12.09,157513.36,7.68,91.85,-10.463,-0,-1,143.9,143.68,143.51,25,Cornering,"Hoosier 43075 16x7.5-10 R20, 7 inch rim",4625
78.47,355.14,-5.02,359.01,-143.55,-0,-14.59,-5.28,0.09,0.035,-2.5009,12.18,43620.17,7.68,91.89,-10.518,-0,-0.9998,144.24,143.83,143.71,24.99,Cornering,"Hoosier 43075 16x7.5-10 R20, 7 inch rim",4626
78.5,355.15,-5.77,361.14,-144.22,0.009,-14.96,-4.39,-0.04,0.04,-2.5041,12.2,-97708.44,7.68,91.89,-10.536,-0,-1.0001,144.43,143.9,143.92,24.96,Cornering,"Hoosier 43075 16x7.5-10 R20, 7 inch rim",4627
78.51,355.16,-6.13,363.17,-145.61,-0,-15.22,-4.12,0.03,0.0421,-2.4942,12.17,157162.11,7.68,91.87,-10.576,-0,-1,144.5,143.92,144.04,24.96,Cornering,"Hoosier 43075 16x7.5-10 R20, 7 inch rim",4628
78.49,355.17,-6.4,364.55,-147.41,-0,-15.72,-4.63,-0.04,0.0434,-2.4731,12.1,-97677.09,7.68,91.82,-10.632,-0,-1.0001,144.5,143.94,144.08,24.96,Cornering,"Hoosier 43075 16x7.5-10 R20, 7 inch rim",4629
78.49,355.18,-6.23,364.56,-148.73,-0.006,-16.13,-5.47,0.03,0.0419,-2.4512,12.01,157191.3,7.68,91.77,-10.66,-0,-1,144.69,143.92,144.12,24.97,Cornering,"Hoosier 43075 16x7.5-10 R20, 7 inch rim",4630
78.5,355.19,-4.45,363.76,-149.69,0.003,-15.3,-5.27,0.03,0.0297,-2.4302,11.93,157236.91,7.68,91.72,-10.711,-0,-1,144.73,143.87,144.12,24.98,Cornering,"Hoosier 43075 16x7.5-10 R20, 7 inch rim",4631
78.52,355.2,-3.45,361.14,-148.66,-0,-15.76,-5.99,0.09,0.0232,-2.4292,11.95,43587.02,7.68,91.69,-10.744,-0,-0.9998,144.75,143.96,144.12,24.99,Cornering,"Hoosier 43075 16x7.5-10 R20, 7 inch rim",4632
78.48,355.21,-2.79,358.33,-147.92,0.01,-14.82,-6.5,-0.11,0.0189,-2.4225,12,-37272.82,7.68,91.72,-10.791,-0,-1.0002,144.86,144.07,144.14,24.98,Cornering,"Hoosier 43075 16x7.5-10 R20, 7 inch rim",4633
78.49,355.22,-2.59,356.34,-145.85,0.007,-14.37,-6.63,-0.04,0.0178,-2.4433,12.08,-97660.81,7.68,91.72,-10.818,-0,-1.0001,144.9,144.16,144.22,24.97,Cornering,"Hoosier 43075 16x7.5-10 R20, 7 inch rim",4634
78.52,355.23,-2.87,355.45,-144.51,-0.002,-14.3,-6.39,-0.04,0.0199,-2.4596,12.1,-97669.59,7.68,91.71,-10.86,-0,-1.0001,144.95,144.36,144.38,24.97,Cornering,"Hoosier 43075 16x7.5-10 R20, 7 inch rim",4635
78.5,355.24,-3.27,356.04,-143.69,0.01,-14.06,-5.47,0.16,0.0228,-2.4778,12.08,25267.92,7.68,91.72,-10.897,-0,-0.9997,145.2,144.58,144.58,24.97,Cornering,"Hoosier 43075 16x7.5-10 R20, 7 inch rim",4636
78.48,355.25,-4.51,357.75,-143.56,0.007,-14.38,-4.92,0.03,0.0314,-2.4919,12.02,157078.02,7.68,91.71,-10.939,-0,-1,145.5,144.76,144.8,24.97,Cornering,"Hoosier 43075 16x7.5-10 R20, 7 inch rim",4637
78.51,355.26,-6.12,359.75,-144.26,0.007,-14.72,-5.07,-0.04,0.0424,-2.4938,11.94,-97653.65,7.68,91.7,-10.975,-0,-1.0001,145.78,144.91,144.99,24.98,Cornering,"Hoosier 43075 16x7.5-10 R20, 7 inch rim",4638
78.51,355.27,-6.73,361.88,-145.18,0.019,-15.43,-4.56,0.03,0.0464,-2.4926,11.88,157036.66,7.68,91.69,-11.015,-0,-1,145.96,145.04,145.15,24.97,Cornering,"Hoosier 43075 16x7.5-10 R20, 7 inch rim",4639
78.48,355.28,-7.02,363.9,-146.88,0.013,-15.51,-4.48,0.16,0.0478,-2.4776,11.92,25253.99,7.68,91.64,-11.056,-0,-0.9997,146.02,145.13,145.27,24.97,Cornering,"Hoosier 43075 16x7.5-10 R20, 7 inch rim",4640
78.48,355.29,-6.32,364.68,-148.73,0.004,-15.6,-4.29,0.03,0.0425,-2.452,11.99,156917.42,7.68,91.59,-11.099,-0,-1,146.17,145.13,145.31,24.96,Cornering,"Hoosier 43075 16x7.5-10 R20, 7 inch rim",4641
78.52,355.3,-5.36,364.05,-149.65,0.007,-16.03,-4.71,0.03,0.0358,-2.4327,12.09,156974.52,7.68,91.52,-11.128,-0,-1,146.26,145.17,145.29,24.97,Cornering,"Hoosier 43075 16x7.5-10 R20, 7 inch rim",4642
78.5,355.31,-4.02,362.07,-149.77,-0.003,-15.46,-5.29,0.09,0.0268,-2.4174,12.15,43480.3,7.68,91.46,-11.184,-0,-0.9998,146.26,145.26,145.31,24.97,Cornering,"Hoosier 43075 16x7.5-10 R20, 7 inch rim",4643
78.48,355.32,-2.83,358.94,-149.11,0.009,-15.11,-5.58,-0.11,0.019,-2.4072,12.17,-37225.42,7.68,91.44,-11.224,-0,-1.0002,146.3,145.31,145.35,24.98,Cornering,"Hoosier 43075 16x7.5-10 R20, 7 inch rim",4644
78.5,355.33,-2.46,356.62,-147.26,0.014,-14.61,-6.17,0.03,0.0167,-2.4217,12.11,157009,7.68,91.44,-11.262,-0,-1,146.3,145.46,145.43,24.99,Cornering,"Hoosier 43075 16x7.5-10 R20, 7 inch rim",4645
78.52,355.34,-1.91,355.44,-146.13,-0,-13.76,-5.67,0.03,0.0131,-2.4324,12.06,156980.12,7.68,91.38,-11.314,-0,-1,146.34,145.53,145.57,24.99,Cornering,"Hoosier 43075 16x7.5-10 R20, 7 inch rim",4646
78.49,355.35,-2.4,355.74,-143.8,0.004,-14.5,-5.11,0.03,0.0167,-2.4739,12.01,157037.66,7.68,91.39,-11.341,-0,-1,146.53,145.75,145.77,25,Cornering,"Hoosier 43075 16x7.5-10 R20, 7 inch rim",4647
78.49,355.36,-3.5,357.12,-143.22,0.012,-14.48,-4.58,-0.04,0.0244,-2.4935,12.04,-97603.95,7.68,91.41,-11.381,-0,-1.0001,146.79,145.94,146.02,25,Cornering,"Hoosier 43075 16x7.5-10 R20, 7 inch rim",4648
78.52,355.37,-4.86,359,-143.79,0.004,-14.12,-4.29,-0.04,0.0338,-2.4967,12.09,-97587.82,7.68,91.43,-11.427,-0,-1.0001,147.2,146.1,146.24,25,Cornering,"Hoosier 43075 16x7.5-10 R20, 7 inch rim",4649
78.5,355.38,-5.75,360.68,-144.94,0.009,-14.35,-3.54,0.09,0.0397,-2.4884,12.19,43476.98,7.68,91.45,-11.464,-0,-0.9998,147.46,146.27,146.38,24.99,Cornering,"Hoosier 43075 16x7.5-10 R20, 7 inch rim",4650
78.47,355.39,-6.61,362.06,-145.91,0.006,-15.49,-3.23,0.09,0.0453,-2.4815,12.21,43408.8,7.68,91.49,-11.513,-0,-0.9998,147.59,146.32,146.54,24.96,Cornering,"Hoosier 43075 16x7.5-10 R20, 7 inch rim",4651
78.5,355.4,-6.82,363.29,-147.8,0.006,-15.7,-3.31,0.03,0.0462,-2.4579,12.21,156592.33,7.68,91.51,-11.549,-0,-1,147.65,146.38,146.6,24.95,Cornering,"Hoosier 43075 16x7.5-10 R20, 7 inch rim",4652
78.52,355.41,-5.92,363.29,-149.47,-0,-15.9,-3.06,0.09,0.0396,-2.4305,12.14,43427.7,7.68,91.53,-11.585,-0,-0.9998,147.69,146.38,146.62,24.97,Cornering,"Hoosier 43075 16x7.5-10 R20, 7 inch rim",4653
78.5,355.42,-4.12,362.33,-150.08,0.012,-15.7,-2.32,0.03,0.0275,-2.4142,12.06,156879.42,7.68,91.54,-11.619,-0,-1,147.74,146.41,146.66,25,Cornering,"Hoosier 43075 16x7.5-10 R20, 7 inch rim",4654
78.48,355.43,-0.94,359.88,-150.65,0.001,-14.22,-0.3,0.09,0.0062,-2.3888,12.02,43506.73,7.68,91.55,-11.658,-0,-0.9998,147.74,146.47,146.66,25.03,Cornering,"Hoosier 43075 16x7.5-10 R20, 7 inch rim",4655
78.51,355.44,2.33,357.88,-150.39,0.006,-11.89,2.44,-0.04,-0.0155,-2.3797,12.06,-97636.23,7.68,91.55,-11.672,-0,-1.0001,147.74,146.6,146.79,25.04,Cornering,"Hoosier 43075 16x7.5-10 R20, 7 inch rim",4656
78.51,355.45,5.09,355.7,-148.91,0.012,-12.06,5.16,-0.18,-0.0342,-2.3886,12.12,-23007.74,7.68,91.57,-11.696,-0,-1.0003,147.78,146.76,146.95,25.04,Cornering,"Hoosier 43075 16x7.5-10 R20, 7 inch rim",4657
78.48,355.46,6.1,355.26,-146.62,0.001,-13.18,6.92,0.03,-0.0416,-2.423,12.19,156945.45,7.68,91.59,-11.693,-0,-1,147.82,146.91,147.11,25.02,Cornering,"Hoosier 43075 16x7.5-10 R20, 7 inch rim",4658
78.5,355.47,4.32,355.72,-145.38,-0,-15.01,6.75,0.03,-0.0297,-2.4468,12.21,156894.95,7.68,91.64,-11.718,-0,-1,148.08,147.15,147.35,25.01,Cornering,"Hoosier 43075 16x7.5-10 R20, 7 inch rim",4659
78.52,355.48,2.24,357.71,-144.46,0.004,-16.89,6.83,-0.04,-0.0155,-2.4763,12.15,-97460.47,7.68,91.67,-11.721,-0,-1.0001,148.4,147.4,147.49,25,Cornering,"Hoosier 43075 16x7.5-10 R20, 7 inch rim",4660
78.5,355.49,1.44,360.97,-144.75,0.003,-16.78,8.09,0.09,-0.0099,-2.4938,12.08,43453.07,7.68,91.71,-11.741,-0,-0.9998,148.68,147.53,147.67,25,Cornering,"Hoosier 43075 16x7.5-10 R20, 7 inch rim",4661
78.48,355.5,2.34,364.37,-145.74,0.006,-16.33,10.86,-0.04,-0.0161,-2.5001,12,-97432.17,7.68,91.74,-11.736,-0,-1.0001,148.85,147.62,147.82,24.99,Cornering,"Hoosier 43075 16x7.5-10 R20, 7 inch rim",4662
78.52,355.52,6.5,368.66,-149.88,0.014,-15.23,15.56,-0.04,-0.0434,-2.4597,11.99,-97451.66,7.68,91.75,-12.224,-0,-1.0001,149.02,147.7,147.88,25,Cornering,"Hoosier 43075 16x7.5-10 R20, 7 inch rim",4663
78.48,355.53,7.1,367.58,-151.46,0.012,-15.29,14.41,0.03,-0.0469,-2.4269,12.05,156734.55,7.68,91.76,-12.223,-0,-1,149.11,147.75,147.86,24.99,Cornering,"Hoosier 43075 16x7.5-10 R20, 7 inch rim",4664
78.5,355.54,6.66,364.96,-151.83,0.004,-15.58,11.38,0.03,-0.0439,-2.4037,12.11,156700.7,7.68,91.74,-12.218,-0,-1,149.17,147.77,147.8,24.98,Cornering,"Hoosier 43075 16x7.5-10 R20, 7 inch rim",4665
78.52,355.55,5.01,361.09,-151.48,0.007,-15.26,7.01,-0.04,-0.0331,-2.3838,12.14,-97365.94,7.68,91.69,-12.211,-0,-1.0001,149.22,147.9,147.84,24.97,Cornering,"Hoosier 43075 16x7.5-10 R20, 7 inch rim",4666
78.5,355.56,3.28,358,-149.66,0.007,-15.3,3.13,0.03,-0.0219,-2.3922,12.11,156604.95,7.68,91.67,-12.195,-0,-1,149.32,148.01,147.9,24.97,Cornering,"Hoosier 43075 16x7.5-10 R20, 7 inch rim",4667
78.49,355.57,1.23,356.79,-148.24,0.006,-14.45,-0.2,0.03,-0.0083,-2.4069,12.03,156463.67,7.68,91.68,-12.188,-0,-1,149.43,148.1,148.1,24.94,Cornering,"Hoosier 43075 16x7.5-10 R20, 7 inch rim",4668
78.51,355.58,-0.97,357.26,-146.93,0.012,-13.66,-2.3,0.09,0.0066,-2.4315,11.97,43370.69,7.67,91.67,-12.168,-0,-0.9998,149.62,148.32,148.38,24.95,Cornering,"Hoosier 43075 16x7.5-10 R20, 7 inch rim",4669
78.51,355.59,-3.93,358.51,-146.07,0.009,-13.72,-4.61,-0.04,0.0269,-2.4543,11.97,-97312.59,7.68,91.69,-12.171,-0,-1.0001,149.97,148.56,148.6,24.96,Cornering,"Hoosier 43075 16x7.5-10 R20, 7 inch rim",4670
78.48,355.6,-6.92,360.67,-145.51,0.013,-14.45,-6.61,0.09,0.0476,-2.4786,12.02,43422.22,7.67,91.68,-12.161,-0,-0.9998,150.25,148.72,148.87,24.98,Cornering,"Hoosier 43075 16x7.5-10 R20, 7 inch rim",4671
78.49,355.61,-9.57,363.17,-146.54,0.004,-13.6,-8.48,0.09,0.0653,-2.4784,12.11,43452.68,7.68,91.69,-12.16,-0,-0.9998,150.53,148.89,149.09,25,Cornering,"Hoosier 43075 16x7.5-10 R20, 7 inch rim",4672
78.51,355.62,-12.35,364.03,-147.54,0.022,-15.2,-11.01,-0.11,0.0837,-2.4673,12.18,-37183.12,7.68,91.67,-12.145,-0,-1.0002,150.59,148.92,149.15,25,Cornering,"Hoosier 43075 16x7.5-10 R20, 7 inch rim",4673
78.5,355.63,-13.48,365.15,-149.49,0.007,-15.25,-12.59,0.03,0.0902,-2.4427,12.19,156674.45,7.68,91.65,-12.138,-0,-1,150.63,148.98,149.21,24.97,Cornering,"Hoosier 43075 16x7.5-10 R20, 7 inch rim",4674
78.49,355.64,-13.39,364.53,-151.62,0.001,-15.47,-13.76,0.03,0.0883,-2.4042,12.17,156595.94,7.68,91.61,-12.148,-0,-1,150.7,148.94,149.15,24.96,Cornering,"Hoosier 43075 16x7.5-10 R20, 7 inch rim",4675
78.5,355.65,-11.58,363.26,-152.5,0.01,-15.66,-13.66,-0.04,0.0759,-2.382,12.07,-97274.59,7.68,91.6,-12.151,-0,-1.0001,150.74,148.94,149.13,24.94,Cornering,"Hoosier 43075 16x7.5-10 R20, 7 inch rim",4676
78.52,355.66,-8.98,360.8,-152.52,0.004,-15.3,-12.59,0.09,0.0589,-2.3656,12.02,43383.52,7.68,91.6,-12.151,-0,-0.9998,150.8,148.98,149.13,24.96,Cornering,"Hoosier 43075 16x7.5-10 R20, 7 inch rim",4677
78.48,355.67,-6.6,358.35,-150.53,-0.002,-15.54,-11.14,-0.04,0.0439,-2.3805,12.03,-97365.52,7.68,91.61,-12.15,-0,-1.0001,150.83,149.09,149.19,24.97,Cornering,"Hoosier 43075 16x7.5-10 R20, 7 inch rim",4678
78.48,355.68,-4.81,356.48,-149.42,0.006,-14.55,-9.12,0.09,0.0322,-2.3858,12.09,43443.98,7.68,91.62,-12.151,-0,-0.9998,150.83,149.22,149.29,24.99,Cornering,"Hoosier 43075 16x7.5-10 R20, 7 inch rim",4679
78.51,355.69,-3.71,355.87,-146.77,0.006,-14.78,-6.66,0.03,0.0252,-2.4247,12.17,156700.89,7.68,91.53,-12.155,-0,-1,150.89,149.38,149.49,24.98,Cornering,"Hoosier 43075 16x7.5-10 R20, 7 inch rim",4680
78.5,355.7,-1.75,356.65,-146.07,0.007,-13.81,-2.05,0.03,0.012,-2.4416,12.22,156567.84,7.68,91.51,-12.134,-0,-1,151.13,149.6,149.67,24.96,Cornering,"Hoosier 43075 16x7.5-10 R20, 7 inch rim",4681
78.47,355.71,0.85,358.04,-145.87,0.007,-13.49,3.83,0.03,-0.0058,-2.4544,12.22,156467.02,7.68,91.49,-12.119,-0,-1,151.43,149.84,149.88,24.94,Cornering,"Hoosier 43075 16x7.5-10 R20, 7 inch rim",4682
78.5,355.72,3.26,359.89,-146.08,0.006,-13.68,9.66,0.03,-0.0223,-2.4636,12.17,156332.23,7.68,91.5,-12.101,-0,-1,151.73,150.02,150,24.92,Cornering,"Hoosier 43075 16x7.5-10 R20, 7 inch rim",4683
78.52,355.73,5.59,361.74,-147.41,0.004,-13.56,14.83,-0.11,-0.0379,-2.4539,12.07,-37061.6,7.68,91.48,-12.088,-0,-1.0002,151.86,150.1,150.18,24.91,Cornering,"Hoosier 43075 16x7.5-10 R20, 7 inch rim",4684
78.49,355.74,7.86,363.26,-149.26,0.009,-13.59,19.28,-0.04,-0.0527,-2.4338,12,-97262.14,7.68,91.47,-12.059,-0,-1.0001,151.9,150.15,150.22,24.93,Cornering,"Hoosier 43075 16x7.5-10 R20, 7 inch rim",4685
78.48,355.75,11.39,363.7,-151.07,0.009,-14.26,23.65,-0.04,-0.0754,-2.4076,11.97,-97295.95,7.68,91.45,-12.028,-0,-1.0001,151.96,150.19,150.2,24.94,Cornering,"Hoosier 43075 16x7.5-10 R20, 7 inch rim",4686
78.51,355.76,14.53,363.08,-151.52,0.003,-15.73,25.95,0.09,-0.0959,-2.3962,12.03,43369.83,7.68,91.46,-11.983,-0,-0.9998,152.01,150.17,150.2,24.93,Cornering,"Hoosier 43075 16x7.5-10 R20, 7 inch rim",4687
78.5,355.77,16.36,360.89,-151.84,0.01,-16,26.06,0.03,-0.1077,-2.3767,12.08,156493.28,7.68,91.44,-11.946,-0,-1,152.07,150.13,150.16,24.93,Cornering,"Hoosier 43075 16x7.5-10 R20, 7 inch rim",4688
78.48,355.78,15.18,358.27,-151.17,0.009,-15.42,22.28,0.03,-0.1004,-2.37,12.11,156418.11,7.68,91.43,-11.886,-0,-1,152.09,150.08,150.2,24.91,Cornering,"Hoosier 43075 16x7.5-10 R20, 7 inch rim",4689
78.5,355.79,11.79,355.5,-149.48,0.01,-14.95,16.18,0.03,-0.0789,-2.3783,12.08,156626.73,7.68,91.42,-11.839,-0,-1,152.09,150.19,150.3,24.94,Cornering,"Hoosier 43075 16x7.5-10 R20, 7 inch rim",4690
78.52,355.8,6.57,354.15,-148.03,0.003,-13.79,8.81,-0.18,-0.0444,-2.3925,12.02,-22976.22,7.68,91.39,-11.787,-0,-1.0003,152.09,150.3,150.42,24.97,Cornering,"Hoosier 43075 16x7.5-10 R20, 7 inch rim",4691
78.49,355.81,1.65,354.14,-146.41,0.016,-13.19,2.93,0.09,-0.0113,-2.4188,11.96,43470.15,7.67,91.39,-11.729,-0,-0.9998,152.16,150.37,150.69,24.97,Cornering,"Hoosier 43075 16x7.5-10 R20, 7 inch rim",4692
78.48,355.82,-2.5,355.61,-146.12,-0.006,-12.18,-1.59,0.09,0.0171,-2.4337,11.89,43478.32,7.68,91.36,-11.676,-0,-0.9998,152.46,150.52,150.79,24.97,Cornering,"Hoosier 43075 16x7.5-10 R20, 7 inch rim",4693
78.51,355.83,-5.56,358.04,-145.48,0.012,-12.73,-4.49,-0.04,0.0383,-2.4611,11.92,-97531,7.68,91.39,-11.614,-0,-1.0001,152.8,150.7,150.99,24.96,Cornering,"Hoosier 43075 16x7.5-10 R20, 7 inch rim",4694
78.51,355.84,-7.92,359.76,-145.97,0.006,-13.68,-6.61,-0.04,0.0543,-2.4646,11.97,-97522.09,7.68,91.36,-11.574,-0,-1.0001,153.01,150.76,151.15,24.96,Cornering,"Hoosier 43075 16x7.5-10 R20, 7 inch rim",4695
78.48,355.85,-11.44,361.63,-147.11,-0.002,-13.98,-10.34,0.09,0.0778,-2.4583,12.05,43501.52,7.68,91.38,-11.524,-0,-0.9998,153.08,150.81,151.19,24.97,Cornering,"Hoosier 43075 16x7.5-10 R20, 7 inch rim",4696
78.49,355.86,-14.14,362.2,-148.11,0.007,-16.24,-13.73,0.09,0.0955,-2.4455,12.12,43508.47,7.68,91.34,-11.478,-0,-0.9998,153.06,150.83,151.19,24.97,Cornering,"Hoosier 43075 16x7.5-10 R20, 7 inch rim",4697
78.52,355.87,-14.82,361.88,-150.18,0.007,-16.14,-15.88,0.03,0.0987,-2.4097,12.11,157030.66,7.68,91.34,-11.438,-0,-1,153.08,150.76,151.15,24.97,Cornering,"Hoosier 43075 16x7.5-10 R20, 7 inch rim",4698
78.5,355.88,-12.85,360.03,-151.61,0.001,-16.21,-15.69,-0.11,0.0848,-2.3747,12.07,-37230.78,7.68,91.34,-11.396,-0,-1.0002,153.1,150.7,151.11,24.96,Cornering,"Hoosier 43075 16x7.5-10 R20, 7 inch rim",4699
78.48,355.89,-10.33,357.2,-151.12,0.016,-16.44,-14.87,0.03,0.0684,-2.3637,11.99,156956.22,7.68,91.32,-11.373,-0,-1,153.06,150.68,151.03,24.95,Cornering,"Hoosier 43075 16x7.5-10 R20, 7 inch rim",4700
78.51,355.9,-8.87,355.09,-150.09,0.003,-15.22,-14.89,0.09,0.0591,-2.3658,11.96,43530.42,7.68,91.29,-11.332,-0,-0.9998,153.04,150.72,151.09,24.97,Cornering,"Hoosier 43075 16x7.5-10 R20, 7 inch rim",4701
78.51,355.91,-8.48,353.86,-148.34,0.006,-14.01,-15.29,0.03,0.0572,-2.3855,12,157108.83,7.68,91.29,-11.293,-0,-1,153.06,150.83,151.17,24.97,Cornering,"Hoosier 43075 16x7.5-10 R20, 7 inch rim",4702
78.48,355.92,-9.03,353.88,-146.73,0.007,-12.96,-15.69,-0.04,0.0616,-2.4118,12.07,-97739.82,7.68,91.26,-11.265,-0,-1.0001,153.04,150.87,151.27,24.98,Cornering,"Hoosier 43075 16x7.5-10 R20, 7 inch rim",4703
78.49,355.93,-9.31,354.81,-145.53,0.01,-12.17,-14.58,-0.04,0.064,-2.4381,12.14,-97777.25,7.68,91.25,-11.22,-0,-1.0001,153.23,151.03,151.41,24.99,Cornering,"Hoosier 43075 16x7.5-10 R20, 7 inch rim",4704
78.52,355.94,-9.25,356.68,-145.24,0.009,-11.73,-12.49,-0.04,0.0637,-2.4557,12.18,-97784.85,7.68,91.26,-11.197,-0,-1.0001,153.51,151.2,151.57,24.99,Cornering,"Hoosier 43075 16x7.5-10 R20, 7 inch rim",4705
78.5,355.95,-8.83,357.75,-144.93,0.006,-13.54,-9.71,-0.04,0.0609,-2.4685,12.14,-97774.01,7.68,91.25,-11.162,-0,-1.0001,153.72,151.31,151.78,24.98,Cornering,"Hoosier 43075 16x7.5-10 R20, 7 inch rim",4706
78.48,355.96,-8.95,359.13,-146.09,0.007,-14.05,-7.96,-0.11,0.0613,-2.4583,12.08,-37273.24,7.68,91.27,-11.13,-0,-1.0002,153.87,151.38,151.84,24.97,Cornering,"Hoosier 43075 16x7.5-10 R20, 7 inch rim",4707
78.5,355.97,-8.48,360.05,-147.6,0.003,-15.43,-6.24,-0.11,0.0575,-2.4393,11.98,-37268,7.68,91.29,-11.103,-0,-1.0002,153.81,151.42,151.9,24.96,Cornering,"Hoosier 43075 16x7.5-10 R20, 7 inch rim",4708
78.51,355.98,-7.95,360.68,-149.41,-0.009,-16.23,-5.57,0.09,0.0532,-2.414,11.93,43526.96,7.68,91.34,-11.081,-0,-0.9998,153.79,151.42,151.84,24.94,Cornering,"Hoosier 43075 16x7.5-10 R20, 7 inch rim",4709
78.48,355.99,-5.93,360.17,-151.11,0.001,-16.84,-4.08,0.09,0.0392,-2.3834,11.96,43543.12,7.68,91.36,-11.04,-0,-0.9998,153.79,151.36,151.8,24.95,Cornering,"Hoosier 43075 16x7.5-10 R20, 7 inch rim",4710
78.48,356,-2.77,359.38,-151.81,0.007,-15.73,-2.03,0.03,0.0182,-2.3673,12,157257.66,7.68,91.35,-11.013,-0,-1,153.72,151.31,151.74,24.97,Cornering,"Hoosier 43075 16x7.5-10 R20, 7 inch rim",4711
78.51,356.01,0.11,357.85,-150.25,0.007,-15.43,-0.56,0.09,-0.0007,-2.3817,12.09,43592.93,7.68,91.34,-10.975,-0,-0.9998,153.68,151.29,151.7,24.97,Cornering,"Hoosier 43075 16x7.5-10 R20, 7 inch rim",4712
78.5,356.02,2.6,356.47,-148.61,0.009,-13.97,1.15,0.03,-0.0175,-2.3987,12.09,157297.98,7.68,91.31,-10.935,-0,-1,153.64,151.38,151.74,24.97,Cornering,"Hoosier 43075 16x7.5-10 R20, 7 inch rim",4713
78.47,356.03,4.26,355.54,-146.58,0.016,-13.15,2.92,-0.04,-0.0291,-2.4256,12.07,-97745.05,7.68,91.32,-10.902,-0,-1.0001,153.51,151.47,151.86,24.96,Cornering,"Hoosier 43075 16x7.5-10 R20, 7 inch rim",4714
78.5,356.04,4.44,355.29,-145.78,-0.002,-11.85,3.85,0.03,-0.0305,-2.4372,11.99,157264.25,7.68,91.37,-10.859,-0,-1,153.57,151.6,152.02,24.96,Cornering,"Hoosier 43075 16x7.5-10 R20, 7 inch rim",4715
78.52,356.05,3.48,355.59,-144.4,0.004,-12.72,4.31,-0.04,-0.0241,-2.4624,11.92,-97772.61,7.68,91.38,-10.816,-0,-1.0001,153.81,151.78,152.18,24.96,Cornering,"Hoosier 43075 16x7.5-10 R20, 7 inch rim",4716
78.49,356.06,1.02,356.19,-145.26,0.007,-12.63,3.49,0.09,-0.0071,-2.4521,11.89,43592.09,7.68,91.38,-10.769,-0,-0.9998,154.09,151.91,152.32,24.96,Cornering,"Hoosier 43075 16x7.5-10 R20, 7 inch rim",4717
78.48,356.07,-1.65,356.95,-146.46,0.004,-13.67,2.07,-0.04,0.0113,-2.4372,11.92,-97869.46,7.68,91.37,-10.726,-0,-1.0001,154.22,151.93,152.42,24.97,Cornering,"Hoosier 43075 16x7.5-10 R20, 7 inch rim",4718
78.51,356.08,-3.8,358.33,-147.67,0.003,-14.96,0.53,-0.04,0.0257,-2.4266,12,-97908.03,7.68,91.39,-10.676,-0,-1.0001,154.24,151.95,152.42,24.98,Cornering,"Hoosier 43075 16x7.5-10 R20, 7 inch rim",4719
78.51,356.09,-4.56,359.53,-149.31,0.012,-16.1,-0.57,-0.04,0.0305,-2.408,12.1,-97900.18,7.68,91.43,-10.629,-0,-1.0001,154.15,151.91,152.38,24.97,Cornering,"Hoosier 43075 16x7.5-10 R20, 7 inch rim",4720
78.48,356.1,-5.23,360.28,-151.02,0.017,-16.16,-2.5,0.03,0.0346,-2.3857,12.13,157559.89,7.68,91.46,-10.566,-0,-1,154.13,151.91,152.3,24.98,Cornering,"Hoosier 43075 16x7.5-10 R20, 7 inch rim",4721
78.49,356.11,-5.46,360.33,-151.72,0.001,-15.81,-5.13,0.03,0.036,-2.375,12.12,157650.97,7.68,91.51,-10.53,-0,-1,154.17,151.8,152.22,24.99,Cornering,"Hoosier 43075 16x7.5-10 R20, 7 inch rim",4722
78.52,356.12,-4.71,359.56,-151.08,0.007,-14.74,-6.93,0.03,0.0312,-2.3799,12.06,157675.3,7.68,91.53,-10.481,-0,-1,154.13,151.75,152.16,24.99,Cornering,"Hoosier 43075 16x7.5-10 R20, 7 inch rim",4723
78.5,356.13,-4.63,358.03,-149.55,0.007,-13.7,-9.09,0.03,0.0309,-2.394,11.98,157662.23,7.68,91.55,-10.434,-0,-1,154.07,151.73,152.18,24.98,Cornering,"Hoosier 43075 16x7.5-10 R20, 7 inch rim",4724
78.47,356.14,-3.86,356.66,-147.54,0.007,-12.96,-9.74,-0.04,0.0262,-2.4174,11.95,-98062.75,7.68,91.5,-10.398,-0,-1.0001,154.02,151.8,152.24,25,Cornering,"Hoosier 43075 16x7.5-10 R20, 7 inch rim",4725
78.51,356.15,-4.54,355.77,-146.68,-0.002,-11.56,-10.61,0.03,0.031,-2.4254,11.98,157814.44,7.68,91.46,-10.348,-0,-1,154.09,151.89,152.36,25,Cornering,"Hoosier 43075 16x7.5-10 R20, 7 inch rim",4726
78.51,356.16,-6.22,355.26,-145.2,0.014,-13.03,-11.52,0.09,0.0429,-2.4466,12.06,43737.95,7.68,91.44,-10.302,-0,-0.9998,154.24,151.95,152.52,25,Cornering,"Hoosier 43075 16x7.5-10 R20, 7 inch rim",4727
78.48,356.17,-8.45,355.41,-144.95,0.01,-14.21,-12.42,0.03,0.0583,-2.4519,12.14,157857.27,7.68,91.46,-10.261,-0,-1,154.45,152.06,152.69,25,Cornering,"Hoosier 43075 16x7.5-10 R20, 7 inch rim",4728
78.5,356.18,-10.7,356.33,-145.63,0.012,-14.77,-13,-0.04,0.0735,-2.4468,12.17,-98141.37,7.68,91.47,-10.215,-0,-1.0001,154.69,152.13,152.81,25,Cornering,"Hoosier 43075 16x7.5-10 R20, 7 inch rim",4729
78.52,356.19,-12.52,357.58,-146.89,0.003,-15.39,-13.43,0.09,0.0852,-2.4343,12.15,43754,7.68,91.49,-10.184,-0,-0.9998,154.69,152.13,152.81,25,Cornering,"Hoosier 43075 16x7.5-10 R20, 7 inch rim",4730
78.49,356.2,-11.88,359.25,-148.15,0.01,-16.12,-12.16,0.03,0.0802,-2.4249,12.06,157874.88,7.68,91.45,-10.149,-0,-1,154.69,152.13,152.81,25,Cornering,"Hoosier 43075 16x7.5-10 R20, 7 inch rim",4731
78.48,356.21,-10.58,361.13,-149.44,-0,-16.05,-11.12,0.03,0.0708,-2.4165,11.99,157854.14,7.68,91.44,-10.116,-0,-1,154.6,152.04,152.75,24.99,Cornering,"Hoosier 43075 16x7.5-10 R20, 7 inch rim",4732
78.5,356.22,-9.23,361.7,-150.6,0.016,-15.96,-10.91,-0.11,0.0613,-2.4018,11.98,-37424.08,7.68,91.43,-10.086,-0,-1.0002,154.56,151.89,152.65,24.98,Cornering,"Hoosier 43075 16x7.5-10 R20, 7 inch rim",4733
78.51,356.23,-7.12,361.43,-150.72,0.007,-14.68,-10.29,-0.04,0.0472,-2.398,12.02,-98119.02,7.68,91.44,-10.062,-0,-1.0001,154.49,151.8,152.54,24.98,Cornering,"Hoosier 43075 16x7.5-10 R20, 7 inch rim",4734
78.48,356.24,-5.05,359.59,-149.41,0.003,-14.72,-9.74,-0.04,0.0338,-2.4068,12.08,-98153.67,7.68,91.47,-10.022,-0,-1.0001,154.39,151.78,152.46,24.99,Cornering,"Hoosier 43075 16x7.5-10 R20, 7 inch rim",4735
78.5,356.25,-3.32,357.61,-148.71,-0.002,-12.71,-8.73,-0.04,0.0223,-2.4047,12.14,-98230.02,7.68,91.54,-9.995,-0,-1.0001,154.26,151.8,152.44,25.01,Cornering,"Hoosier 43075 16x7.5-10 R20, 7 inch rim",4736
78.52,356.26,-1.53,355.43,-146.74,0.001,-13.13,-6.73,-0.11,0.0104,-2.4222,12.11,-37473.38,7.68,91.58,-9.957,-0,-1.0002,154.19,151.78,152.48,25.01,Cornering,"Hoosier 43075 16x7.5-10 R20, 7 inch rim",4737
78.5,356.27,-0.54,354.03,-145.99,0.006,-13.19,-4.49,-0.04,0.0037,-2.4251,12.05,-98205.98,7.68,91.66,-9.922,-0,-1.0001,154.32,151.8,152.61,25,Cornering,"Hoosier 43075 16x7.5-10 R20, 7 inch rim",4738
78.48,356.28,-0.46,354.01,-145.31,0.01,-14.02,-2.35,0.09,0.0032,-2.4361,11.97,43763.68,7.68,91.72,-9.88,-0,-0.9998,154.49,151.91,152.77,24.98,Cornering,"Hoosier 43075 16x7.5-10 R20, 7 inch rim",4739
78.5,356.29,-0.84,354.94,-145.87,0.007,-13.86,-0.46,0.03,0.0057,-2.4332,11.89,157945.25,7.68,91.74,-9.847,-0,-1,154.67,151.97,152.91,24.98,Cornering,"Hoosier 43075 16x7.5-10 R20, 7 inch rim",4740
78.52,356.3,-1.06,356.63,-146.59,0.009,-14.62,1.26,-0.04,0.0072,-2.4329,11.92,-98284.94,7.68,91.77,-9.807,-0,-1.0001,154.79,152.04,153.01,25.01,Cornering,"Hoosier 43075 16x7.5-10 R20, 7 inch rim",4741
78.49,356.31,-0.93,358.79,-147.64,0.004,-15.28,2.49,0.09,0.0063,-2.4302,11.95,43818.39,7.68,91.77,-9.771,-0,-0.9998,154.82,152.02,152.97,25.01,Cornering,"Hoosier 43075 16x7.5-10 R20, 7 inch rim",4742
78.49,356.32,-1.06,360.93,-149.25,0.012,-15.34,2.45,-0.04,0.0071,-2.4183,12.03,-98333.35,7.68,91.72,-9.718,-0,-1.0001,154.71,151.95,152.91,25.01,Cornering,"Hoosier 43075 16x7.5-10 R20, 7 inch rim",4743
78.51,356.33,-1.21,362.47,-150.51,0.016,-15.17,1.04,-0.11,0.0081,-2.4083,12.08,-37505.38,7.68,91.73,-9.668,-0,-1.0002,154.67,151.8,152.87,25.01,Cornering,"Hoosier 43075 16x7.5-10 R20, 7 inch rim",4744
78.5,356.34,-1.14,362.35,-151.29,0.004,-14.68,-0.99,0.03,0.0075,-2.3951,12.08,158078.03,7.68,91.73,-9.639,-0,-1,154.6,151.64,152.73,24.99,Cornering,"Hoosier 43075 16x7.5-10 R20, 7 inch rim",4745
78.48,356.35,-1.25,360.52,-151.02,-0.002,-14.12,-3.53,-0.04,0.0082,-2.3872,12.03,-98212.2,7.68,91.71,-9.584,-0,-1.0001,154.43,151.58,152.61,24.97,Cornering,"Hoosier 43075 16x7.5-10 R20, 7 inch rim",4746
78.5,356.36,-0.91,357.89,-149.93,0.001,-13.65,-5.19,-0.04,0.0061,-2.387,11.96,-98226.34,7.68,91.69,-9.534,-0,-1.0001,154.28,151.53,152.56,24.97,Cornering,"Hoosier 43075 16x7.5-10 R20, 7 inch rim",4747
78.52,356.37,-0.91,355.26,-147.87,0.003,-14.01,-6.51,-0.04,0.0061,-2.4025,11.92,-98234.78,7.68,91.65,-9.503,-0,-1.0001,154.13,151.6,152.58,24.97,Cornering,"Hoosier 43075 16x7.5-10 R20, 7 inch rim",4748
78.49,356.38,-2.08,353.71,-146.84,0.007,-13.79,-7.96,-0.04,0.0142,-2.4088,11.94,-98227.2,7.68,91.62,-9.449,-0,-1.0001,154.09,151.58,152.69,24.97,Cornering,"Hoosier 43075 16x7.5-10 R20, 7 inch rim",4749
78.49,356.39,-3.7,353.58,-145.74,-0,-13.99,-8.83,0.03,0.0254,-2.4261,12.03,158184.27,7.68,91.62,-9.405,-0,-1,154.22,151.64,152.85,24.99,Cornering,"Hoosier 43075 16x7.5-10 R20, 7 inch rim",4750
78.51,356.4,-5.91,354.48,-145.72,0.01,-14.32,-9.78,0.03,0.0405,-2.4326,12.12,158241.39,7.68,91.65,-9.359,-0,-1,154.41,151.73,152.95,25,Cornering,"Hoosier 43075 16x7.5-10 R20, 7 inch rim",4751
78.51,356.41,-7.88,356.18,-146.28,0.01,-14.32,-10.32,0.03,0.0539,-2.4349,12.18,158295.23,7.68,91.62,-9.32,-0,-1,154.58,151.8,153.07,25,Cornering,"Hoosier 43075 16x7.5-10 R20, 7 inch rim",4752
78.48,356.42,-9.5,358.19,-147.77,0.007,-13.72,-11.01,-0.04,0.0643,-2.4239,12.19,-98364.34,7.68,91.59,-9.283,-0,-1.0001,154.6,151.73,153.05,24.99,Cornering,"Hoosier 43075 16x7.5-10 R20, 7 inch rim",4753
78.5,356.43,-9.6,360.03,-148.76,0.012,-14.67,-10.84,-0.04,0.0646,-2.4202,12.14,-98332.8,7.68,91.55,-9.231,-0,-1.0001,154.49,151.78,152.99,24.98,Cornering,"Hoosier 43075 16x7.5-10 R20, 7 inch rim",4754
78.51,356.44,-9.61,361.39,-150.24,0.019,-14.84,-11.48,-0.04,0.064,-2.4055,12.07,-98297.28,7.68,91.47,-9.194,-0,-1.0001,154.41,151.64,152.87,24.97,Cornering,"Hoosier 43075 16x7.5-10 R20, 7 inch rim",4755
78.5,356.45,-9.13,361.58,-151.27,0.004,-15.14,-12.39,0.03,0.0603,-2.3903,12.03,158111.77,7.68,91.44,-9.153,-0,-1,154.37,151.49,152.73,24.96,Cornering,"Hoosier 43075 16x7.5-10 R20, 7 inch rim",4756
78.48,356.46,-7.68,360.02,-151.63,0.01,-14.91,-12.69,-0.04,0.0506,-2.3743,12.04,-98295.72,7.68,91.42,-9.115,-0,-1.0001,154.34,151.38,152.61,24.96,Cornering,"Hoosier 43075 16x7.5-10 R20, 7 inch rim",4757
78.5,356.47,-6.68,357.39,-150.69,0.01,-15.05,-13.39,-0.04,0.0443,-2.3717,12.1,-98282.88,7.68,91.41,-9.078,-0,-1.0001,154.24,151.36,152.56,24.96,Cornering,"Hoosier 43075 16x7.5-10 R20, 7 inch rim",4758
78.51,356.48,-5.1,354.61,-148.92,0.009,-15.01,-12.81,-0.04,0.0342,-2.3813,12.19,-98242.2,7.68,91.4,-9.06,-0,-1.0001,154.11,151.38,152.5,24.94,Cornering,"Hoosier 43075 16x7.5-10 R20, 7 inch rim",4759
78.48,356.49,-4.67,353.09,-147.54,0.003,-14.57,-12.5,0.09,0.0316,-2.3932,12.25,43818.81,7.68,91.39,-9.028,-0,-0.9998,154.07,151.34,152.56,24.96,Cornering,"Hoosier 43075 16x7.5-10 R20, 7 inch rim",4760
78.5,356.5,-4.55,352.64,-146.52,0.003,-14.05,-11.3,0.03,0.0311,-2.4068,12.24,158219.33,7.68,91.37,-8.988,-0,-1,154.13,151.4,152.67,24.97,Cornering,"Hoosier 43075 16x7.5-10 R20, 7 inch rim",4761
78.52,356.51,-4.35,353.25,-145.73,0.004,-14.45,-9.26,-0.04,0.0299,-2.4239,12.17,-98385.23,7.68,91.36,-8.951,-0,-1.0001,154.37,151.47,152.81,24.97,Cornering,"Hoosier 43075 16x7.5-10 R20, 7 inch rim",4762
78.5,356.52,-4.79,354.61,-146.14,0.013,-14.55,-7.44,-0.04,0.0328,-2.4265,12.08,-98323.89,7.68,91.37,-8.924,-0,-1.0001,154.62,151.47,152.89,24.96,Cornering,"Hoosier 43075 16x7.5-10 R20, 7 inch rim",4763
78.48,356.53,-4.8,356.65,-147.16,0.003,-14.2,-5.52,-0.04,0.0326,-2.4235,12.03,-98312.32,7.68,91.37,-8.881,-0,-1.0001,154.75,151.51,152.95,24.95,Cornering,"Hoosier 43075 16x7.5-10 R20, 7 inch rim",4764
78.51,356.54,-4.66,358.66,-148.57,-0,-14.13,-4.28,-0.04,0.0314,-2.414,12.02,-98368.09,7.68,91.35,-8.842,-0,-1.0001,154.69,151.47,152.91,24.96,Cornering,"Hoosier 43075 16x7.5-10 R20, 7 inch rim",4765
78.52,356.55,-3.68,360.36,-150.09,-0.003,-14.68,-2.87,0.16,0.0246,-2.401,12.06,25459.53,7.68,91.33,-8.816,-0,-0.9997,154.56,151.4,152.83,24.97,Cornering,"Hoosier 43075 16x7.5-10 R20, 7 inch rim",4766
78.48,356.56,-2.45,361.28,-151.63,-0.002,-14.54,-2.42,0.03,0.0161,-2.3826,12.14,158455.58,7.68,91.31,-8.776,-0,-1,154.43,151.27,152.67,24.99,Cornering,"Hoosier 43075 16x7.5-10 R20, 7 inch rim",4767
78.5,356.57,-0.95,360.02,-152.31,0.001,-15.35,-2.31,-0.11,0.0063,-2.3637,12.16,-37586.16,7.68,91.3,-8.72,-0,-1.0002,154.37,151.14,152.54,25,Cornering,"Hoosier 43075 16x7.5-10 R20, 7 inch rim",4768
78.52,356.58,0.7,357.69,-151.44,0.004,-15.53,-2.55,0.03,-0.0046,-2.362,12.13,158418.84,7.68,91.26,-8.687,-0,-1,154.19,151.03,152.44,24.98,Cornering,"Hoosier 43075 16x7.5-10 R20, 7 inch rim",4769
78.5,356.59,1.55,354.9,-150.17,0.01,-15.35,-3.36,0.03,-0.0103,-2.3634,12.06,158440.03,7.68,91.24,-8.636,-0,-1,154.07,151.03,152.4,24.98,Cornering,"Hoosier 43075 16x7.5-10 R20, 7 inch rim",4770
78.48,356.6,1.7,352.9,-149.14,0.013,-13.8,-4.21,0.09,-0.0114,-2.3662,11.97,43868.69,7.68,91.25,-8.597,-0,-0.9998,153.94,151.07,152.42,24.96,Cornering,"Hoosier 43075 16x7.5-10 R20, 7 inch rim",4771
78.5,356.61,0.82,352.15,-147.2,0.007,-13.51,-5.13,-0.04,-0.0056,-2.3923,11.95,-98445.8,7.68,91.28,-8.538,-0,-1.0001,153.87,151.12,152.48,24.96,Cornering,"Hoosier 43075 16x7.5-10 R20, 7 inch rim",4772
78.52,356.62,-0.8,352.48,-146.59,0.003,-13.01,-6,-0.11,0.0055,-2.4045,11.97,-37571.68,7.68,91.33,-8.51,-0,-1.0002,154.02,151.18,152.61,24.97,Cornering,"Hoosier 43075 16x7.5-10 R20, 7 inch rim",4773
78.48,356.63,-2.89,353.57,-146.19,0.001,-13.59,-6.76,0.03,0.0197,-2.4186,12.03,158438.98,7.68,91.33,-8.457,-0,-1,154.19,151.23,152.69,24.97,Cornering,"Hoosier 43075 16x7.5-10 R20, 7 inch rim",4774
78.48,356.64,-4.94,354.8,-146.98,0.003,-13.4,-7.62,0.09,0.0336,-2.4139,12.11,43940.59,7.68,91.38,-8.41,-0,-0.9998,154.32,151.2,152.77,24.98,Cornering,"Hoosier 43075 16x7.5-10 R20, 7 inch rim",4775
78.52,356.65,-7.02,356.31,-147.55,0.012,-14.77,-8.99,0.03,0.0476,-2.4148,12.15,158548.5,7.68,91.37,-8.367,-0,-1,154.37,151.2,152.77,24.98,Cornering,"Hoosier 43075 16x7.5-10 R20, 7 inch rim",4776
78.51,356.66,-7.94,357.56,-150.14,0.004,-14.37,-9.97,0.09,0.0529,-2.3815,12.13,43919.91,7.68,91.38,-8.319,-0,-0.9998,154.3,151.09,152.65,24.97,Cornering,"Hoosier 43075 16x7.5-10 R20, 7 inch rim",4777
78.48,356.67,-8.57,358.64,-151.27,0.001,-15.48,-11.51,0.16,0.0566,-2.3709,12.08,25464.56,7.68,91.38,-8.285,-0,-0.9997,154.19,151.07,152.48,24.94,Cornering,"Hoosier 43075 16x7.5-10 R20, 7 inch rim",4778
78.5,356.68,-8.44,358.3,-152.6,0.007,-15.71,-13.05,0.09,0.0553,-2.348,12.01,43867.28,7.68,91.38,-8.241,-0,-0.9998,154.07,150.96,152.3,24.93,Cornering,"Hoosier 43075 16x7.5-10 R20, 7 inch rim",4779
78.52,356.69,-7.42,357.04,-152.33,0.016,-15.94,-14.15,0.03,0.0487,-2.3439,12,158319.81,7.68,91.4,-8.199,-0,-1,154,150.85,152.16,24.93,Cornering,"Hoosier 43075 16x7.5-10 R20, 7 inch rim",4780
78.49,356.7,-5.82,354.61,-151.64,0.006,-14.87,-14.56,-0.04,0.0384,-2.3385,12.04,-98471.1,7.68,91.41,-8.156,-0,-1.0001,153.81,150.74,152,24.94,Cornering,"Hoosier 43075 16x7.5-10 R20, 7 inch rim",4781
78.49,356.71,-5.11,352.47,-149.88,0.001,-14.23,-15.01,-0.04,0.0341,-2.3516,12.1,-98478.98,7.68,91.43,-8.123,-0,-1.0001,153.72,150.74,151.96,24.94,Cornering,"Hoosier 43075 16x7.5-10 R20, 7 inch rim",4782
78.51,356.72,-4.86,351.1,-148.21,-0,-13.32,-15.04,-0.04,0.0328,-2.3689,12.16,-98486.49,7.68,91.41,-8.092,-0,-1.0001,153.61,150.65,151.94,24.94,Cornering,"Hoosier 43075 16x7.5-10 R20, 7 inch rim",4783
78.51,356.73,-5.3,350.77,-147.13,0.009,-12.83,-14.55,-0.04,0.036,-2.384,12.19,-98495.33,7.68,91.34,-8.054,-0,-1.0001,153.64,150.74,152.04,24.94,Cornering,"Hoosier 43075 16x7.5-10 R20, 7 inch rim",4784
78.48,356.74,-6.29,350.93,-146.67,0.007,-13.14,-14.02,0.16,0.0429,-2.3926,12.15,25493.18,7.68,91.31,-8.014,-0,-0.9997,153.76,150.76,152.08,24.95,Cornering,"Hoosier 43075 16x7.5-10 R20, 7 inch rim",4785
78.49,356.75,-7.56,352,-147.27,0.007,-13.19,-13.35,0.16,0.0513,-2.3902,12.07,25507.03,7.68,91.26,-7.981,-0,-0.9997,153.89,150.83,152.12,24.96,Cornering,"Hoosier 43075 16x7.5-10 R20, 7 inch rim",4786
78.52,356.76,-8.23,353.04,-147.93,0.017,-14.63,-12.32,0.03,0.0557,-2.3866,12,158603.88,7.68,91.28,-7.937,-0,-1,153.91,150.85,152.06,24.96,Cornering,"Hoosier 43075 16x7.5-10 R20, 7 inch rim",4787
78.49,356.77,-7.78,353.96,-149.7,0.014,-15.42,-10.8,-0.04,0.052,-2.3645,11.97,-98550.82,7.68,91.36,-7.916,-0,-1.0001,153.85,150.79,152.02,24.95,Cornering,"Hoosier 43075 16x7.5-10 R20, 7 inch rim",4788
78.48,356.78,-6.85,355.05,-151.53,0.004,-15.97,-9.84,-0.11,0.0452,-2.3432,11.98,-37586.49,7.68,91.42,-7.874,-0,-1.0002,153.74,150.68,151.9,24.94,Cornering,"Hoosier 43075 16x7.5-10 R20, 7 inch rim",4789
78.51,356.79,-4.87,355.65,-152.54,0.01,-16.53,-8.59,-0.04,0.0319,-2.3316,12.06,-98615.84,7.68,91.46,-7.833,-0,-1.0001,153.61,150.52,151.82,24.96,Cornering,"Hoosier 43075 16x7.5-10 R20, 7 inch rim",4790
78.51,356.8,-3.16,355.19,-153.39,0.009,-15.5,-8.24,-0.04,0.0206,-2.3156,12.1,-98648.93,7.68,91.47,-7.788,-0,-1.0001,153.57,150.39,151.7,24.97,Cornering,"Hoosier 43075 16x7.5-10 R20, 7 inch rim",4791
78.49,356.81,-1.06,353.52,-152.85,-0,-14.39,-7.49,-0.04,0.0069,-2.3129,12.1,-98698.01,7.68,91.51,-7.774,-0,-1.0001,153.38,150.32,151.59,24.98,Cornering,"Hoosier 43075 16x7.5-10 R20, 7 inch rim",4792
78.49,356.82,0.77,351.2,-150.51,0.007,-14.34,-6.73,0.03,-0.0051,-2.3334,12.04,158721.3,7.68,91.58,-7.719,-0,-1,153.25,150.32,151.61,24.97,Cornering,"Hoosier 43075 16x7.5-10 R20, 7 inch rim",4793
78.51,356.83,1.82,349.34,-149.35,0.013,-13.09,-5.81,0.09,-0.0122,-2.3391,11.95,43935.43,7.68,91.62,-7.685,-0,-0.9998,153.08,150.3,151.59,24.94,Cornering,"Hoosier 43075 16x7.5-10 R20, 7 inch rim",4794
78.5,356.84,1.65,348.11,-147.76,0.01,-13.18,-5.52,0.03,-0.0112,-2.3559,11.89,158493.47,7.68,91.66,-7.636,-0,-1,153.04,150.39,151.72,24.93,Cornering,"Hoosier 43075 16x7.5-10 R20, 7 inch rim",4795
78.47,356.85,0.58,347.96,-147.31,0.01,-13.24,-5.31,0.09,-0.0039,-2.3621,11.87,43943.3,7.68,91.64,-7.606,-0,-0.9998,153.12,150.43,151.8,24.94,Cornering,"Hoosier 43075 16x7.5-10 R20, 7 inch rim",4796
78.5,356.86,-0.98,347.96,-147.77,0.007,-13.5,-5.22,-0.04,0.0066,-2.3548,11.92,-98701.88,7.68,91.64,-7.553,-0,-1.0001,153.34,150.54,151.92,24.97,Cornering,"Hoosier 43075 16x7.5-10 R20, 7 inch rim",4797
78.51,356.87,-2.78,348.56,-148.35,0.007,-14.71,-5.61,0.03,0.0188,-2.3496,12,158976.3,7.68,91.61,-7.523,-0,-1,153.42,150.59,151.96,25,Cornering,"Hoosier 43075 16x7.5-10 R20, 7 inch rim",4798
78.48,356.88,-3.78,349.8,-149.54,0.003,-15.12,-6.07,0.09,0.0253,-2.3391,12.07,44089.95,7.68,91.59,-7.466,-0,-0.9998,153.51,150.59,151.88,25.01,Cornering,"Hoosier 43075 16x7.5-10 R20, 7 inch rim",4799
78.48,356.89,-4.84,351.03,-151.66,0.003,-14.62,-7.47,-0.04,0.0319,-2.3147,12.06,-98937.76,7.68,91.52,-7.419,-0,-1.0001,153.4,150.54,151.82,25.02,Cornering,"Hoosier 43075 16x7.5-10 R20, 7 inch rim",4800
78.52,356.9,-5.52,351.79,-152.75,0.006,-15.2,-9.41,-0.04,0.0361,-2.3031,12,-98876.78,7.68,91.47,-7.383,-0,-1.0001,153.27,150.39,151.66,25,Cornering,"Hoosier 43075 16x7.5-10 R20, 7 inch rim",4801
78.5,356.91,-5.23,351.79,-153.5,0.006,-14.92,-11.14,0.03,0.0341,-2.2918,11.95,158891.72,7.68,91.41,-7.344,-0,-1,153.16,150.28,151.53,24.97,Cornering,"Hoosier 43075 16x7.5-10 R20, 7 inch rim",4802
78.48,356.92,-4.45,350.27,-153.09,-0.002,-15.03,-12.78,0.03,0.029,-2.288,11.89,158832.81,7.68,91.42,-7.301,-0,-1,152.97,150.19,151.39,24.96,Cornering,"Hoosier 43075 16x7.5-10 R20, 7 inch rim",4803
78.51,356.93,-3.75,347.9,-151.57,0.019,-14.71,-13.98,-0.04,0.0247,-2.2954,11.92,-98720.77,7.68,91.4,-7.255,-0,-1.0001,152.84,150.13,151.31,24.96,Cornering,"Hoosier 43075 16x7.5-10 R20, 7 inch rim",4804
78.52,356.94,-3.55,345.32,-150.8,0.006,-13.45,-14.99,0.03,0.0236,-2.2899,12,158828.3,7.68,91.4,-7.207,-0,-1,152.65,150.1,151.31,24.96,Cornering,"Hoosier 43075 16x7.5-10 R20, 7 inch rim",4805
78.49,356.95,-3.61,343.45,-149,0.013,-13.59,-15.25,0.03,0.0242,-2.305,12.1,158805.48,7.68,91.43,-7.165,-0,-1,152.52,150.13,151.31,24.95,Cornering,"Hoosier 43075 16x7.5-10 R20, 7 inch rim",4806
78.47,356.96,-4.73,342.56,-148.5,0.003,-12.91,-15.5,0.03,0.0318,-2.3068,12.16,158894.23,7.68,91.47,-7.121,-0,-1,152.54,150.17,151.39,24.96,Cornering,"Hoosier 43075 16x7.5-10 R20, 7 inch rim",4807
78.52,356.97,-6.28,342.4,-147.74,0.001,-13.99,-15.4,0.03,0.0425,-2.3176,12.17,158828.59,7.68,91.45,-7.097,-0,-1,152.78,150.21,151.45,24.95,Cornering,"Hoosier 43075 16x7.5-10 R20, 7 inch rim",4808
78.5,356.98,-7.72,342.81,-148.19,0.017,-14.58,-15.01,-0.11,0.0521,-2.3134,12.14,-37672.99,7.68,91.45,-7.048,-0,-1.0002,152.91,150.15,151.47,24.96,Cornering,"Hoosier 43075 16x7.5-10 R20, 7 inch rim",4809
78.48,356.99,-8.66,343.76,-149.63,0.004,-14.43,-14.75,0.03,0.0578,-2.2974,12.06,158894.08,7.68,91.43,-7.011,-0,-1,152.97,150.24,151.43,24.96,Cornering,"Hoosier 43075 16x7.5-10 R20, 7 inch rim",4810
78.5,357,-8.63,344.82,-150.89,0.007,-15.59,-14.03,0.03,0.0572,-2.2853,12.02,158940.91,7.68,91.43,-6.981,-0,-1,152.82,150.15,151.33,24.96,Cornering,"Hoosier 43075 16x7.5-10 R20, 7 inch rim",4811
78.51,357.01,-7.44,346.23,-152.66,-0.003,-15.55,-13.23,-0.04,0.0488,-2.268,12.02,-98763.4,7.69,91.42,-6.94,-0,-1.0001,152.69,150.08,151.19,24.95,Cornering,"Hoosier 43075 16x7.5-10 R20, 7 inch rim",4812
78.49,357.02,-6.16,346.81,-153.97,0.01,-15.16,-13.14,-0.04,0.04,-2.2524,12.08,-98769.2,7.68,91.46,-6.912,-0,-1.0001,152.56,149.91,151.01,24.95,Cornering,"Hoosier 43075 16x7.5-10 R20, 7 inch rim",4813
78.48,357.03,-4.44,346.06,-154.62,0.003,-14.15,-13.12,0.03,0.0287,-2.2381,12.17,158975.52,7.68,91.48,-6.875,-0,-1,152.37,149.82,150.85,24.96,Cornering,"Hoosier 43075 16x7.5-10 R20, 7 inch rim",4814
78.51,357.04,-2.58,343.61,-152.73,-0.003,-14.74,-12.83,0.09,0.0169,-2.2498,12.22,44056.28,7.69,91.53,-6.843,-0,-0.9998,152.16,149.77,150.69,24.96,Cornering,"Hoosier 43075 16x7.5-10 R20, 7 inch rim",4815
78.5,357.05,-1.02,340.48,-151.22,0.013,-14.31,-12.07,-0.04,0.0068,-2.2516,12.2,-98908.1,7.68,91.6,-6.792,-0,-1.0001,151.98,149.82,150.62,24.98,Cornering,"Hoosier 43075 16x7.5-10 R20, 7 inch rim",4816
78.47,357.06,0.37,338.34,-149.16,0.007,-14.06,-10.71,0.03,-0.0025,-2.2683,12.14,159048.33,7.69,91.66,-6.763,-0,-1,151.75,149.88,150.62,24.97,Cornering,"Hoosier 43075 16x7.5-10 R20, 7 inch rim",4817
78.49,357.07,0.38,336.92,-147.78,0.017,-14.14,-9.69,0.03,-0.0025,-2.2798,12.06,159027.77,7.68,91.67,-6.711,-0,-1,151.58,149.86,150.67,24.96,Cornering,"Hoosier 43075 16x7.5-10 R20, 7 inch rim",4818
78.52,357.08,-0.39,336.83,-147.74,-0.003,-13.47,-8.97,0.03,0.0027,-2.2798,11.97,158853.52,7.69,91.72,-6.678,-0,-1,151.66,149.93,150.75,24.93,Cornering,"Hoosier 43075 16x7.5-10 R20, 7 inch rim",4819
78.49,357.09,-1.71,337.39,-147.84,0.014,-14.08,-8.34,-0.04,0.0116,-2.2822,11.95,-98708.67,7.68,91.69,-6.638,-0,-1.0001,151.79,150.02,150.79,24.92,Cornering,"Hoosier 43075 16x7.5-10 R20, 7 inch rim",4820
78.48,357.1,-2.99,338.32,-149.2,0.009,-13.97,-8.23,-0.04,0.0201,-2.2676,12,-98715.32,7.68,91.71,-6.604,-0,-1.0001,151.88,149.99,150.73,24.92,Cornering,"Hoosier 43075 16x7.5-10 R20, 7 inch rim",4821
78.5,357.11,-4.02,339.39,-150.52,0.01,-14.44,-8.56,0.03,0.0267,-2.2548,12.08,159039.59,7.69,91.72,-6.555,-0,-1,151.9,149.88,150.64,24.96,Cornering,"Hoosier 43075 16x7.5-10 R20, 7 inch rim",4822
78.51,357.12,-4.59,340.46,-151.77,0.01,-15.42,-9.34,-0.04,0.0303,-2.2432,12.12,-99010.08,7.69,91.76,-6.504,-0,-1.0001,151.81,149.8,150.54,24.99,Cornering,"Hoosier 43075 16x7.5-10 R20, 7 inch rim",4823
78.47,357.13,-4.76,340.93,-154.06,0.006,-14.44,-10.98,0.03,0.0309,-2.213,12.11,159359.28,7.69,91.76,-6.477,-0,-1,151.71,149.66,150.38,25,Cornering,"Hoosier 43075 16x7.5-10 R20, 7 inch rim",4824
78.49,357.14,-4.18,339.68,-154.42,0.009,-15.52,-12.32,0.03,0.0271,-2.1997,12.07,159336.28,7.69,91.75,-6.431,-0,-1,151.62,149.53,150.2,25,Cornering,"Hoosier 43075 16x7.5-10 R20, 7 inch rim",4825
78.52,357.15,-3.52,337.84,-154.21,0.006,-14.46,-13.85,-0.04,0.0228,-2.1908,11.97,-99008.74,7.69,91.73,-6.389,-0,-1.0001,151.45,149.4,150.08,24.98,Cornering,"Hoosier 43075 16x7.5-10 R20, 7 inch rim",4826
78.5,357.16,-2.82,335.23,-152.66,-0,-14.2,-14.84,-0.04,0.0185,-2.196,11.9,-98968.67,7.69,91.7,-6.358,-0,-1.0001,151.25,149.38,149.96,24.97,Cornering,"Hoosier 43075 16x7.5-10 R20, 7 inch rim",4827
78.48,357.17,-2.05,332.73,-150.63,0.013,-14.19,-15.1,0.03,0.0136,-2.2089,11.92,159264.91,7.69,91.66,-6.299,-0,-1,151.04,149.33,149.88,24.98,Cornering,"Hoosier 43075 16x7.5-10 R20, 7 inch rim",4828
78.5,357.18,-2.27,331.07,-149.39,0.001,-13.45,-15.26,0.09,0.0152,-2.2162,11.97,44115.98,7.69,91.64,-6.265,-0,-0.9998,150.89,149.31,149.86,24.97,Cornering,"Hoosier 43075 16x7.5-10 R20, 7 inch rim",4829
78.51,357.19,-3.21,330.75,-148.42,0.007,-13.2,-15.1,0.09,0.0216,-2.2285,12.05,44150.32,7.69,91.6,-6.22,-0,-0.9998,150.87,149.44,149.96,24.98,Cornering,"Hoosier 43075 16x7.5-10 R20, 7 inch rim",4830
78.48,357.2,-5.01,331.18,-148.39,0.019,-13.13,-15.43,0.03,0.0338,-2.2319,12.1,159374.95,7.69,91.54,-6.176,-0,-1,150.95,149.53,149.98,24.99,Cornering,"Hoosier 43075 16x7.5-10 R20, 7 inch rim",4831
78.48,357.21,-6.65,331.66,-148.79,0.012,-13.45,-15.7,0.03,0.0447,-2.229,12.1,159311.41,7.69,91.47,-6.14,-0,-1,151.1,149.53,149.98,24.98,Cornering,"Hoosier 43075 16x7.5-10 R20, 7 inch rim",4832
78.52,357.22,-7.58,332.15,-149.81,-0.002,-14.41,-15.75,0.03,0.0506,-2.2171,12.05,159323.36,7.69,91.45,-6.099,-0,-1,151.08,149.51,149.94,24.98,Cornering,"Hoosier 43075 16x7.5-10 R20, 7 inch rim",4833
78.5,357.23,-7.61,333.03,-151.4,0.01,-14.88,-15.42,-0.04,0.0503,-2.1997,11.97,-99023.23,7.69,91.45,-6.057,-0,-1.0001,150.95,149.44,149.82,24.97,Cornering,"Hoosier 43075 16x7.5-10 R20, 7 inch rim",4834
78.48,357.24,-6.93,333.34,-153.69,0.003,-14.99,-15.43,0.03,0.0451,-2.1689,11.93,159381.94,7.69,91.44,-6.023,-0,-1,150.83,149.31,149.7,24.98,Cornering,"Hoosier 43075 16x7.5-10 R20, 7 inch rim",4835
78.5,357.25,-5.88,333.3,-154.75,0.019,-14.99,-15.79,0.03,0.038,-2.1537,11.95,159542.36,7.69,91.41,-5.978,-0,-1,150.65,149.2,149.51,25.01,Cornering,"Hoosier 43075 16x7.5-10 R20, 7 inch rim",4836
78.52,357.26,-4.24,331.32,-154.66,0.004,-15.02,-15.81,-0.04,0.0274,-2.1422,12.01,-99226.95,7.69,91.39,-5.944,-0,-1.0001,150.48,149.03,149.35,25.02,Cornering,"Hoosier 43075 16x7.5-10 R20, 7 inch rim",4837
78.49,357.27,-2.78,328.85,-153.35,0.007,-14.32,-15.76,0.03,0.0181,-2.1445,12.1,159524.59,7.69,91.39,-5.91,-0,-1,150.31,149,149.23,25,Cornering,"Hoosier 43075 16x7.5-10 R20, 7 inch rim",4838
78.48,357.28,-1.79,326.21,-151.57,0.014,-13.62,-15.48,0.03,0.0118,-2.1522,12.17,159612.03,7.69,91.4,-5.861,-0,-1,150.12,148.98,149.17,25.01,Cornering,"Hoosier 43075 16x7.5-10 R20, 7 inch rim",4839
78.51,357.29,-1.54,324.24,-149.54,0.003,-13.15,-15.22,0.03,0.0103,-2.1682,12.15,159694.66,7.69,91.37,-5.829,-0,-1,149.9,148.94,149.15,25.03,Cornering,"Hoosier 43075 16x7.5-10 R20, 7 inch rim",4840
78.5,357.3,-1.86,323.62,-148.22,0.009,-12.57,-14.5,0.09,0.0125,-2.1834,12.08,44255.66,7.69,91.3,-5.791,-0,-0.9998,149.86,149.03,149.17,25.03,Cornering,"Hoosier 43075 16x7.5-10 R20, 7 inch rim",4841
78.48,357.31,-2.41,323.34,-147.69,-0.002,-12.81,-13.49,0.03,0.0163,-2.1893,12,159862.52,7.69,91.28,-5.756,-0,-1,149.97,149.11,149.21,25.05,Cornering,"Hoosier 43075 16x7.5-10 R20, 7 inch rim",4842
78.5,357.32,-3.13,323.44,-148.29,0.013,-13.41,-12.53,0.03,0.0211,-2.1812,11.97,159874.88,7.69,91.25,-5.711,-0,-1,150.07,149.14,149.25,25.05,Cornering,"Hoosier 43075 16x7.5-10 R20, 7 inch rim",4843
78.51,357.33,-4.1,324.21,-148.77,0.007,-14.59,-12.15,0.09,0.0276,-2.1792,11.98,44295.71,7.69,91.25,-5.666,-0,-0.9998,150.03,149.14,149.21,25.04,Cornering,"Hoosier 43075 16x7.5-10 R20, 7 inch rim",4844
78.49,357.34,-4.16,324.82,-150.72,0.006,-14.88,-11.76,0.03,0.0276,-2.1551,12.05,159746.73,7.69,91.25,-5.636,-0,-1,149.95,149.05,149.13,25.03,Cornering,"Hoosier 43075 16x7.5-10 R20, 7 inch rim",4845
78.48,357.35,-4.38,325.39,-152.8,0.019,-15.2,-12.62,0.03,0.0287,-2.1296,12.13,159797.33,7.69,91.22,-5.585,-0,-1,149.82,148.96,148.93,25.03,Cornering,"Hoosier 43075 16x7.5-10 R20, 7 inch rim",4846
78.51,357.36,-3.98,325.29,-154.45,-0.003,-14.86,-13.58,-0.04,0.0258,-2.1061,12.15,-99361.82,7.69,91.19,-5.552,-0,-1.0001,149.73,148.85,148.75,25.04,Cornering,"Hoosier 43075 16x7.5-10 R20, 7 inch rim",4847
78.51,357.37,-3.22,324.34,-154.36,0.007,-14.75,-14.84,-0.04,0.0208,-2.1012,12.12,-99391.53,7.69,91.15,-5.51,-0,-1.0001,149.62,148.67,148.56,25.04,Cornering,"Hoosier 43075 16x7.5-10 R20, 7 inch rim",4848
78.48,357.38,-1.99,322.2,-153.41,0.001,-14.08,-15.63,-0.04,0.013,-2.1003,12.05,-99352.87,7.69,91.15,-5.464,-0,-1.0001,149.47,148.52,148.44,25.03,Cornering,"Hoosier 43075 16x7.5-10 R20, 7 inch rim",4849
78.5,357.39,-1.79,319.23,-151.37,0.013,-14.35,-16.86,0.03,0.0118,-2.1089,11.96,159689.97,7.69,91.15,-5.427,-0,-1,149.26,148.48,148.3,25.01,Cornering,"Hoosier 43075 16x7.5-10 R20, 7 inch rim",4850
78.52,357.4,-1.09,316.96,-149.53,0.001,-13.31,-16.71,0.03,0.0073,-2.1196,11.92,159589.09,7.69,91.13,-5.387,-0,-1,149.09,148.39,148.2,24.99,Cornering,"Hoosier 43075 16x7.5-10 R20, 7 inch rim",4851
78.5,357.41,-1.36,315.72,-148.44,0.006,-12.5,-16.4,0.03,0.0092,-2.1269,11.92,159561.8,7.69,91.13,-5.348,-0,-1,149,148.37,148.22,24.98,Cornering,"Hoosier 43075 16x7.5-10 R20, 7 inch rim",4852
78.48,357.42,-2.92,314.95,-147.73,0.003,-12.71,-16.5,-0.04,0.0198,-2.1319,11.99,-99125.34,7.7,91.11,-5.301,-0,-1.0001,149.02,148.43,148.2,24.97,Cornering,"Hoosier 43075 16x7.5-10 R20, 7 inch rim",4853
78.5,357.43,-4.2,314.79,-147.09,0.003,-13.59,-16.03,0.03,0.0285,-2.1401,12.06,159398.36,7.7,91.1,-5.261,-0,-1,149.13,148.5,148.24,24.96,Cornering,"Hoosier 43075 16x7.5-10 R20, 7 inch rim",4854
78.51,357.44,-5.62,314.93,-148.43,0.006,-13.58,-15.99,0.09,0.0379,-2.1217,12.09,44192.8,7.7,91.1,-5.237,-0,-0.9998,149.19,148.5,148.22,24.97,Cornering,"Hoosier 43075 16x7.5-10 R20, 7 inch rim",4855
78.48,357.45,-6.08,314.92,-149.96,0.001,-14.21,-15.6,0.03,0.0406,-2.1,12.06,159525.52,7.7,91.09,-5.195,-0,-1,149.17,148.41,148.12,24.97,Cornering,"Hoosier 43075 16x7.5-10 R20, 7 inch rim",4856
78.49,357.46,-6.41,315.83,-151.95,0.004,-14.39,-15.89,-0.04,0.0422,-2.0785,12,-99172.68,7.7,91.1,-5.141,-0,-1.0001,149.07,148.25,148.04,24.97,Cornering,"Hoosier 43075 16x7.5-10 R20, 7 inch rim",4857
78.51,357.47,-6.25,315.94,-153.27,0.013,-15.15,-16.68,0.03,0.0408,-2.0614,11.95,159585.28,7.69,91.09,-5.101,-0,-1,148.98,148.17,147.94,24.98,Cornering,"Hoosier 43075 16x7.5-10 R20, 7 inch rim",4858
78.5,357.48,-5.03,315.65,-154.29,0.007,-14.5,-17.29,-0.04,0.0326,-2.0458,11.96,-99206.52,7.7,91.1,-5.068,-0,-1.0001,148.92,147.99,147.78,24.98,Cornering,"Hoosier 43075 16x7.5-10 R20, 7 inch rim",4859
78.47,357.49,-3.85,313.97,-154.16,0.004,-13.67,-17.98,0.09,0.025,-2.0367,12.02,44237.75,7.7,91.09,-5.023,-0,-0.9998,148.7,147.9,147.65,24.98,Cornering,"Hoosier 43075 16x7.5-10 R20, 7 inch rim",4860
78.5,357.5,-2.11,311.48,-151.95,0.01,-14.18,-17.87,0.03,0.0139,-2.0499,12.1,159723.67,7.7,91.07,-4.985,-0,-1,148.51,147.86,147.55,25,Cornering,"Hoosier 43075 16x7.5-10 R20, 7 inch rim",4861
78.51,357.51,-1.49,308.73,-150.35,0.004,-13.13,-18.02,-0.04,0.0099,-2.0534,12.19,-99315.26,7.7,91.08,-4.953,-0,-1.0001,148.29,147.81,147.47,25,Cornering,"Hoosier 43075 16x7.5-10 R20, 7 inch rim",4862
78.49,357.52,-1.31,307.02,-148.59,0.012,-12.54,-17.5,0.09,0.0088,-2.0662,12.22,44276.08,7.7,91.08,-4.906,-0,-0.9998,148.16,147.79,147.47,25,Cornering,"Hoosier 43075 16x7.5-10 R20, 7 inch rim",4863
78.49,357.53,-1.31,305.8,-147.07,0.004,-12.9,-16.24,0.03,0.0089,-2.0793,12.17,159859.2,7.7,91.07,-4.879,-0,-1,148.16,147.86,147.49,25.01,Cornering,"Hoosier 43075 16x7.5-10 R20, 7 inch rim",4864
78.52,357.54,-2.89,304.85,-146.9,0.01,-13.41,-16,0.09,0.0196,-2.0752,12.08,44291.12,7.7,91.05,-4.83,-0,-0.9998,148.21,147.99,147.53,25.01,Cornering,"Hoosier 43075 16x7.5-10 R20, 7 inch rim",4865
78.5,357.55,-4.07,304.53,-147.65,0.007,-13.62,-15.51,-0.04,0.0275,-2.0625,12.04,-99338.12,7.7,91.01,-4.791,-0,-1.0001,148.25,148.06,147.53,25,Cornering,"Hoosier 43075 16x7.5-10 R20, 7 inch rim",4866
78.47,357.56,-4.9,304.71,-149.32,-0.005,-13.64,-15.22,0.03,0.0328,-2.0406,12.03,159738.98,7.7,90.99,-4.754,-0,-1,148.23,147.99,147.49,24.99,Cornering,"Hoosier 43075 16x7.5-10 R20, 7 inch rim",4867
78.5,357.57,-5.1,305.14,-151.18,0.001,-13.86,-15.26,-0.04,0.0338,-2.0183,12.07,-99257.62,7.7,90.98,-4.707,-0,-1.0001,148.08,147.92,147.41,24.98,Cornering,"Hoosier 43075 16x7.5-10 R20, 7 inch rim",4868
78.52,357.58,-5.1,305.7,-152.67,0.019,-14.38,-16.15,0.03,0.0334,-2.0023,12.14,159647.92,7.7,90.98,-4.662,-0,-1,148.01,147.81,147.33,24.97,Cornering,"Hoosier 43075 16x7.5-10 R20, 7 inch rim",4869
78.48,357.59,-4.45,305.59,-154.15,-0,-14.21,-17.26,0.03,0.0288,-1.9825,12.17,159580.31,7.7,91.01,-4.632,-0,-1,147.89,147.64,147.19,24.96,Cornering,"Hoosier 43075 16x7.5-10 R20, 7 inch rim",4870
78.49,357.6,-3.55,304.34,-154.32,0.007,-13.73,-18.29,-0.04,0.023,-1.9722,12.17,-99273.78,7.7,91.03,-4.587,-0,-1.0001,147.74,147.51,147.07,24.98,Cornering,"Hoosier 43075 16x7.5-10 R20, 7 inch rim",4871
78.51,357.61,-2.09,302.04,-152.71,0.001,-13.75,-18.61,-0.04,0.0137,-1.9778,12.09,-99253.77,7.7,91.07,-4.564,-0,-1.0001,147.54,147.44,146.99,24.97,Cornering,"Hoosier 43075 16x7.5-10 R20, 7 inch rim",4872
78.5,357.62,-1.18,299.12,-150.63,-0,-13.44,-18.69,0.03,0.0079,-1.9857,12,159642.91,7.7,91.14,-4.512,-0,-1,147.35,147.42,146.93,24.97,Cornering,"Hoosier 43075 16x7.5-10 R20, 7 inch rim",4873
78.48,357.63,-1.33,296.35,-149.05,-0.002,-12.71,-18.66,-0.04,0.0089,-1.9882,11.93,-99150.34,7.7,91.21,-4.473,-0,-1.0001,147.2,147.4,146.93,24.94,Cornering,"Hoosier 43075 16x7.5-10 R20, 7 inch rim",4874
78.5,357.64,-2,294.33,-147.94,-0,-12.51,-18.34,-0.04,0.0135,-1.9895,11.92,-99155.66,7.7,91.25,-4.432,-0,-1.0001,147.09,147.4,146.93,24.94,Cornering,"Hoosier 43075 16x7.5-10 R20, 7 inch rim",4875
78.52,357.65,-3.53,293.36,-147.24,0.016,-12.76,-18.15,-0.04,0.024,-1.9924,11.96,-99091.64,7.7,91.25,-4.392,-0,-1.0001,147.18,147.46,146.95,24.93,Cornering,"Hoosier 43075 16x7.5-10 R20, 7 inch rim",4876
78.49,357.66,-4.59,293.09,-147.73,-0.002,-12.19,-17.48,0.03,0.0311,-1.9839,12.04,159343.12,7.7,91.23,-4.347,-0,-1,147.2,147.53,147.01,24.92,Cornering,"Hoosier 43075 16x7.5-10 R20, 7 inch rim",4877
78.48,357.67,-6.01,292.75,-148.58,0.004,-13.06,-17.43,-0.04,0.0405,-1.9704,12.09,-99055.95,7.7,91.25,-4.309,-0,-1.0001,147.24,147.48,146.99,24.92,Cornering,"Hoosier 43075 16x7.5-10 R20, 7 inch rim",4878
78.51,357.68,-6.56,292.87,-150.37,0.012,-13.46,-17.32,-0.04,0.0436,-1.9476,12.08,-99131.6,7.7,91.25,-4.256,-0,-1.0001,147.18,147.42,146.97,24.93,Cornering,"Hoosier 43075 16x7.5-10 R20, 7 inch rim",4879
78.51,357.69,-6.66,292.86,-152.26,0.007,-13.85,-17.69,-0.04,0.0437,-1.9234,12.02,-99180.83,7.7,91.23,-4.23,-0,-1.0001,147.09,147.33,146.85,24.94,Cornering,"Hoosier 43075 16x7.5-10 R20, 7 inch rim",4880
78.48,357.7,-6.17,292.85,-153.65,0.009,-13.93,-18.54,0.03,0.0401,-1.906,11.93,159559.3,7.7,91.24,-4.191,-0,-1,147.01,147.2,146.68,24.94,Cornering,"Hoosier 43075 16x7.5-10 R20, 7 inch rim",4881
78.5,357.71,-4.91,291.46,-154.69,0.006,-13.61,-19.23,-0.04,0.0317,-1.8842,11.87,-99259.8,7.7,91.23,-4.148,-0,-1.0001,146.96,147.04,146.54,24.96,Cornering,"Hoosier 43075 16x7.5-10 R20, 7 inch rim",4882
78.51,357.72,-3.29,289.18,-153.64,-0.005,-13.43,-19.42,0.03,0.0214,-1.8821,11.89,159797.97,7.7,91.23,-4.107,-0,-1,146.79,146.93,146.42,24.98,Cornering,"Hoosier 43075 16x7.5-10 R20, 7 inch rim",4883
78.49,357.73,-2.07,286.51,-151.71,0.014,-13.25,-19.47,-0.04,0.0136,-1.8885,11.93,-99382.84,7.7,91.24,-4.083,-0,-1.0001,146.64,146.96,146.32,24.99,Cornering,"Hoosier 43075 16x7.5-10 R20, 7 inch rim",4884
78.48,357.74,-1.49,283.44,-149.79,0.007,-12.73,-19.22,0.03,0.01,-1.8922,12.03,159997.92,7.7,91.25,-4.03,-0,-1,146.45,146.87,146.2,25.01,Cornering,"Hoosier 43075 16x7.5-10 R20, 7 inch rim",4885
78.51,357.75,-1.53,281.57,-148.01,0.017,-12.38,-18.61,-0.04,0.0103,-1.9023,12.13,-99485.18,7.7,91.24,-3.995,-0,-1.0001,146.34,146.89,146.1,25.01,Cornering,"Hoosier 43075 16x7.5-10 R20, 7 inch rim",4886
78.51,357.76,-2.38,279.89,-147.57,0.009,-11.93,-17.85,-0.04,0.0161,-1.8966,12.17,-99468.33,7.7,91.28,-3.941,-0,-1.0001,146.3,146.93,146.14,25.01,Cornering,"Hoosier 43075 16x7.5-10 R20, 7 inch rim",4887
78.48,357.77,-4.26,278.84,-147.27,-0.007,-12.17,-17.96,0.09,0.0289,-1.8934,12.14,44332.25,7.7,91.29,-3.916,-0,-0.9998,146.38,146.96,146.16,25,Cornering,"Hoosier 43075 16x7.5-10 R20, 7 inch rim",4888
78.49,357.78,-5.12,278.35,-148.43,-0.002,-12.07,-17.16,0.09,0.0345,-1.8753,12.08,44334.25,7.7,91.29,-3.876,-0,-0.9998,146.45,146.98,146.18,25,Cornering,"Hoosier 43075 16x7.5-10 R20, 7 inch rim",4889
78.52,357.79,-6.13,277.67,-149.76,0.012,-12.98,-17.11,0.03,0.0409,-1.8541,12,159996.17,7.7,91.32,-3.835,-0,-1,146.43,146.89,146.14,25,Cornering,"Hoosier 43075 16x7.5-10 R20, 7 inch rim",4890
78.5,357.8,-6.25,276.73,-151.94,0.009,-13.98,-17.37,0.09,0.0412,-1.8213,11.97,44328.38,7.7,91.29,-3.786,-0,-0.9998,146.34,146.74,146.02,25,Cornering,"Hoosier 43075 16x7.5-10 R20, 7 inch rim",4891
78.48,357.81,-5.92,276.1,-154.5,0.007,-13.75,-18.05,0.09,0.0383,-1.787,12.02,44319.82,7.7,91.28,-3.75,-0,-0.9998,146.23,146.6,145.9,24.99,Cornering,"Hoosier 43075 16x7.5-10 R20, 7 inch rim",4892
78.5,357.82,-5.23,275.02,-154.74,0.001,-14.68,-19.19,0.03,0.0338,-1.7773,12.08,159907.28,7.7,91.28,-3.706,-0,-1,146.19,146.47,145.73,24.98,Cornering,"Hoosier 43075 16x7.5-10 R20, 7 inch rim",4893
78.52,357.83,-3.74,272.98,-154.35,0.013,-14.3,-19.54,-0.04,0.0242,-1.7686,12.19,-99429.55,7.7,91.32,-3.662,-0,-1.0001,146.02,146.32,145.63,24.99,Cornering,"Hoosier 43075 16x7.5-10 R20, 7 inch rim",4894
78.48,357.84,-2.58,270.54,-152.89,0.007,-13.55,-19.8,-0.11,0.0169,-1.7695,12.23,-37937.12,7.7,91.33,-3.621,-0,-1.0002,145.8,146.25,145.53,25,Cornering,"Hoosier 43075 16x7.5-10 R20, 7 inch rim",4895
78.49,357.85,-1.88,268.24,-150.94,0.007,-12.38,-19.61,-0.04,0.0125,-1.7771,12.19,-99505.56,7.71,91.36,-3.596,-0,-1.0001,145.63,146.16,145.39,25.01,Cornering,"Hoosier 43075 16x7.5-10 R20, 7 inch rim",4896
78.52,357.86,-1.94,265.75,-148.7,0.013,-12.09,-19.22,0.03,0.013,-1.7872,12.13,160118.08,7.71,91.38,-3.554,-0,-1,145.46,146.1,145.35,25.01,Cornering,"Hoosier 43075 16x7.5-10 R20, 7 inch rim",4897
78.5,357.87,-2.96,263.91,-146.99,0.009,-12.43,-18.78,-0.04,0.0201,-1.7954,12.03,-99536.62,7.7,91.38,-3.517,-0,-1.0001,145.46,146.14,145.37,25.01,Cornering,"Hoosier 43075 16x7.5-10 R20, 7 inch rim",4898
78.47,357.88,-3.97,262.52,-146.81,0.006,-12.23,-17.82,-0.11,0.0271,-1.7882,11.97,-37943.08,7.7,91.35,-3.467,-0,-1.0002,145.48,146.23,145.37,25,Cornering,"Hoosier 43075 16x7.5-10 R20, 7 inch rim",4899
78.5,357.89,-5.6,260.95,-147.63,0.009,-12.43,-17.7,0.03,0.0379,-1.7676,11.97,160062.23,7.71,91.36,-3.44,-0,-1,145.5,146.23,145.37,25,Cornering,"Hoosier 43075 16x7.5-10 R20, 7 inch rim",4900
78.52,357.9,-6.08,259.56,-149.73,-0,-12.62,-16.88,0.16,0.0406,-1.7335,12.02,25739.6,7.71,91.36,-3.388,-0,-0.9997,145.57,146.23,145.37,25,Cornering,"Hoosier 43075 16x7.5-10 R20, 7 inch rim",4901
78.49,357.91,-6.77,258.62,-151.41,-0.002,-13.2,-17.24,0.03,0.0447,-1.708,12.08,160037.38,7.71,91.36,-3.361,-0,-1,145.46,146.12,145.27,25,Cornering,"Hoosier 43075 16x7.5-10 R20, 7 inch rim",4902
78.48,357.92,-6.25,257.33,-153.89,0.007,-13.57,-17.52,-0.04,0.0406,-1.6722,12.08,-99487.98,7.71,91.37,-3.305,-0,-1.0001,145.31,146.03,145.23,25,Cornering,"Hoosier 43075 16x7.5-10 R20, 7 inch rim",4903
78.51,357.93,-5.71,256.24,-155.66,0.007,-12.89,-18.46,-0.04,0.0367,-1.6462,12.06,-99467.45,7.71,91.37,-3.278,-0,-1.0001,145.27,145.92,145.11,24.99,Cornering,"Hoosier 43075 16x7.5-10 R20, 7 inch rim",4904
78.5,357.94,-4.59,254.06,-154.98,0.013,-13.77,-19.23,0.09,0.0296,-1.6393,11.98,44332.81,7.71,91.36,-3.225,-0,-0.9998,145.14,145.81,145.03,24.98,Cornering,"Hoosier 43075 16x7.5-10 R20, 7 inch rim",4905
78.48,357.95,-3.16,251.77,-153.8,0.006,-13.14,-19.45,0.03,0.0205,-1.6369,11.9,159952.14,7.71,91.37,-3.186,-0,-1,145.03,145.77,144.95,24.98,Cornering,"Hoosier 43075 16x7.5-10 R20, 7 inch rim",4906
78.5,357.96,-1.89,249.29,-151.85,0.012,-12.33,-19.11,-0.11,0.0124,-1.6417,11.85,-37927.97,7.71,91.41,-3.152,-0,-1.0002,144.8,145.75,144.87,24.98,Cornering,"Hoosier 43075 16x7.5-10 R20, 7 inch rim",4907
78.52,357.97,-1.72,246.84,-150.23,0.007,-10.99,-18.83,0.03,0.0115,-1.6431,11.87,159963.41,7.71,91.45,-3.107,-0,-1,144.65,145.75,144.76,24.98,Cornering,"Hoosier 43075 16x7.5-10 R20, 7 inch rim",4908
78.49,357.98,-2.36,244.68,-148.42,0.007,-11.29,-18.29,0.03,0.0159,-1.6485,11.96,160079.58,7.71,91.48,-3.073,-0,-1,144.6,145.75,144.76,25,Cornering,"Hoosier 43075 16x7.5-10 R20, 7 inch rim",4909
78.47,357.99,-3.7,242.64,-148.21,0.016,-11.06,-17.75,0.03,0.025,-1.6371,12.04,160159.19,7.71,91.5,-3.034,-0,-1,144.6,145.77,144.78,25.01,Cornering,"Hoosier 43075 16x7.5-10 R20, 7 inch rim",4910
78.5,358,-4.87,241.12,-148.39,-0,-11.34,-16.99,0.03,0.0328,-1.625,12.06,160127.16,7.71,91.53,-2.997,-0,-1,144.65,145.81,144.78,25,Cornering,"Hoosier 43075 16x7.5-10 R20, 7 inch rim",4911
78.51,358.01,-6.07,239.22,-149.46,0.01,-12.3,-16.65,-0.04,0.0406,-1.6005,12.05,-99611.34,7.71,91.55,-2.954,-0,-1.0001,144.71,145.77,144.76,25.02,Cornering,"Hoosier 43075 16x7.5-10 R20, 7 inch rim",4912
78.48,358.02,-6.72,237.82,-151.74,0.004,-12.47,-16.49,-0.04,0.0443,-1.5673,11.97,-99545.54,7.71,91.55,-2.913,-0,-1.0001,144.65,145.68,144.72,25,Cornering,"Hoosier 43075 16x7.5-10 R20, 7 inch rim",4913
78.49,358.03,-6.86,236.09,-153.88,0.003,-13.22,-16.94,-0.04,0.0446,-1.5342,11.91,-99502.52,7.71,91.51,-2.874,-0,-1.0001,144.58,145.55,144.66,24.99,Cornering,"Hoosier 43075 16x7.5-10 R20, 7 inch rim",4914
78.52,358.04,-5.86,234.37,-155.86,0.006,-13.32,-17.13,0.09,0.0376,-1.5037,11.93,44347.95,7.71,91.49,-2.827,-0,-0.9998,144.47,145.48,144.54,24.98,Cornering,"Hoosier 43075 16x7.5-10 R20, 7 inch rim",4915
78.49,358.05,-5.15,232.5,-156.31,0.009,-12.85,-18.21,0.09,0.0329,-1.4874,11.97,44348.85,7.71,91.47,-2.801,-0,-0.9998,144.41,145.28,144.38,24.98,Cornering,"Hoosier 43075 16x7.5-10 R20, 7 inch rim",4916
78.48,358.06,-3.62,230.04,-155.98,0.007,-11.99,-18.39,0.03,0.0232,-1.4748,12.08,160157.73,7.71,91.45,-2.762,-0,-1,144.32,145.09,144.26,25,Cornering,"Hoosier 43075 16x7.5-10 R20, 7 inch rim",4917
78.51,358.07,-2.66,227.59,-153.29,0.004,-11.86,-18.68,0.09,0.0173,-1.4847,12.14,44382.68,7.71,91.43,-2.715,-0,-0.9998,144.17,145.02,144.18,25,Cornering,"Hoosier 43075 16x7.5-10 R20, 7 inch rim",4918
78.51,358.08,-2.02,224.96,-151.42,0.009,-10.68,-18.26,0.03,0.0133,-1.4857,12.18,160168.25,7.71,91.44,-2.676,-0,-1,143.98,144.98,144.1,25,Cornering,"Hoosier 43075 16x7.5-10 R20, 7 inch rim",4919
78.48,358.09,-2.27,222.02,-149.44,0.01,-11.03,-17.62,0.03,0.0152,-1.4856,12.16,160099.27,7.71,91.44,-2.632,-0,-1,143.81,144.98,144,24.99,Cornering,"Hoosier 43075 16x7.5-10 R20, 7 inch rim",4920
78.49,358.1,-3.53,219.4,-148.19,0.004,-11.55,-17.33,0.03,0.0238,-1.4805,12.08,159953.78,7.71,91.42,-2.606,-0,-1,143.81,144.98,144,24.97,Cornering,"Hoosier 43075 16x7.5-10 R20, 7 inch rim",4921
78.52,358.11,-5.04,217.2,-148.74,0.013,-11.38,-16.63,-0.04,0.0339,-1.4602,12,-99388.26,7.71,91.38,-2.555,-0,-1.0001,143.85,145,144.02,24.96,Cornering,"Hoosier 43075 16x7.5-10 R20, 7 inch rim",4922
78.5,358.12,-6.29,214.9,-150.17,-0.002,-11.15,-16.18,-0.04,0.0419,-1.431,12.01,-99391.18,7.72,91.37,-2.513,-0,-1.0001,143.87,145.02,144.04,24.96,Cornering,"Hoosier 43075 16x7.5-10 R20, 7 inch rim",4923
78.48,358.13,-7.04,212.99,-151.76,0.009,-11.82,-15.65,0.03,0.0464,-1.4035,12.05,159857.47,7.71,91.37,-2.473,-0,-1,143.83,145,144.02,24.95,Cornering,"Hoosier 43075 16x7.5-10 R20, 7 inch rim",4924
78.5,358.14,-7.06,211.12,-153.96,0.006,-12.11,-15.55,0.09,0.0459,-1.3713,12.13,44288.77,7.71,91.42,-2.433,-0,-0.9998,143.7,144.84,143.98,24.94,Cornering,"Hoosier 43075 16x7.5-10 R20, 7 inch rim",4925
78.52,358.15,-6.53,209.38,-156.2,0.013,-11.8,-15.82,0.03,0.0418,-1.3404,12.18,159790.81,7.72,91.41,-2.403,-0,-1,143.64,144.71,143.9,24.94,Cornering,"Hoosier 43075 16x7.5-10 R20, 7 inch rim",4926
78.48,358.16,-5.82,207.22,-157.39,0.009,-11.27,-16.61,0.03,0.037,-1.3166,12.17,159794.75,7.72,91.41,-2.366,-0,-1,143.53,144.6,143.77,24.94,Cornering,"Hoosier 43075 16x7.5-10 R20, 7 inch rim",4927
78.48,358.17,-4.57,204.74,-156.61,0.01,-11.08,-17.15,0.03,0.0292,-1.3074,12.11,159837.36,7.72,91.41,-2.313,-0,-1,143.51,144.47,143.65,24.94,Cornering,"Hoosier 43075 16x7.5-10 R20, 7 inch rim",4928
78.52,358.18,-3.17,201.68,-154.78,0.003,-10.94,-17.26,0.09,0.0204,-1.303,12.02,44303.7,7.72,91.42,-2.273,-0,-0.9998,143.4,144.34,143.59,24.95,Cornering,"Hoosier 43075 16x7.5-10 R20, 7 inch rim",4929
78.5,358.19,-2.39,198.44,-152.58,0.003,-10.49,-16.93,-0.04,0.0157,-1.3006,11.94,-99385.84,7.72,91.42,-2.243,-0,-1.0001,143.21,144.29,143.47,24.95,Cornering,"Hoosier 43075 16x7.5-10 R20, 7 inch rim",4930
78.48,358.2,-2.69,195.34,-150.19,0.007,-10.94,-16.71,0.09,0.0179,-1.3006,11.93,44306.12,7.72,91.39,-2.184,-0,-0.9998,143.08,144.25,143.45,24.95,Cornering,"Hoosier 43075 16x7.5-10 R20, 7 inch rim",4931
78.5,358.21,-3.18,192.39,-149.23,0.01,-10.7,-15.7,0.03,0.0213,-1.2892,11.97,159853.83,7.72,91.38,-2.145,-0,-1,143.08,144.29,143.37,24.94,Cornering,"Hoosier 43075 16x7.5-10 R20, 7 inch rim",4932
78.51,358.22,-4.8,189.91,-149.17,0.009,-10.45,-15.25,0.03,0.0322,-1.2731,12.05,159855.7,7.72,91.32,-2.125,-0,-1,143.14,144.4,143.37,24.94,Cornering,"Hoosier 43075 16x7.5-10 R20, 7 inch rim",4933
78.49,358.23,-6.2,187.45,-149.92,-0.003,-10.14,-14.61,-0.04,0.0414,-1.2503,12.1,-99465.07,7.72,91.28,-2.074,-0,-1.0001,143.1,144.4,143.35,24.97,Cornering,"Hoosier 43075 16x7.5-10 R20, 7 inch rim",4934
78.48,358.24,-7.45,185.25,-151.07,0.003,-10.72,-14.4,0.03,0.0493,-1.2263,12.09,160049.14,7.72,91.21,-2.041,-0,-1,143.14,144.38,143.35,24.97,Cornering,"Hoosier 43075 16x7.5-10 R20, 7 inch rim",4935
78.5,358.25,-7.5,182.9,-153.59,0.004,-10.5,-13.86,0.09,0.0488,-1.1908,12.03,44341.79,7.72,91.14,-1.995,-0,-0.9998,143.06,144.29,143.27,24.97,Cornering,"Hoosier 43075 16x7.5-10 R20, 7 inch rim",4936
78.5,358.26,-7.69,180.85,-155.48,0.013,-10.7,-14.37,0.09,0.0495,-1.1632,11.95,44353.21,7.72,91.1,-1.948,-0,-0.9998,143.02,144.12,143.19,24.97,Cornering,"Hoosier 43075 16x7.5-10 R20, 7 inch rim",4937
